case_id,scenario_id,node_id,node_name,level,device_class,epoch,cpu_util,ram_util,queue_depth,uplink_latency,jitter_pktloss,handover_rate,residual_energy,temperature,reliability_prior,ground_truth_fail,failure_time
1,5,3,cloud,0,cloud,0.0,0.0000,0.0025,0,0.000,,0,1.0000,,0.990,0,
2,5,3,cloud,0,cloud,100.0,0.0000,0.0025,0,0.000,,0,0.9959,,0.990,0,
3,5,3,cloud,0,cloud,200.0,0.0000,0.0025,145,725.000,1.0000,0,0.9918,,0.990,0,
4,5,3,cloud,0,cloud,300.0,0.0031,0.0025,746,2510.000,1.0000,0,0.9877,,0.990,0,
5,5,3,cloud,0,cloud,400.0,0.0042,0.0025,687,2395.000,1.0000,0,0.9835,,0.990,0,
6,5,3,cloud,0,cloud,500.0,0.0051,0.0025,699,2450.000,1.0000,0,0.9794,,0.990,0,
7,5,3,cloud,0,cloud,600.0,0.0063,0.0025,814,2765.000,1.0000,0,0.9753,,0.990,0,
8,5,3,cloud,0,cloud,700.0,0.0074,0.0025,682,2470.000,1.0000,0,0.9711,,0.990,0,
9,5,3,cloud,0,cloud,800.0,0.0089,0.0025,912,3080.000,1.0000,0,0.9669,,0.990,0,
10,5,3,cloud,0,cloud,900.0,0.0096,0.0025,970,3240.000,1.0000,0,0.9628,,0.990,0,
11,5,3,cloud,0,cloud,1000.0,0.0103,0.0025,893,3070.000,1.0000,0,0.9586,,0.990,0,
12,5,3,cloud,0,cloud,1100.0,0.0109,0.0025,804,2870.000,1.0000,0,0.9545,,0.990,0,
13,5,3,cloud,0,cloud,1200.0,0.0121,0.0025,861,3040.000,1.0000,0,0.9503,,0.990,0,
14,5,3,cloud,0,cloud,1300.0,0.0127,0.0025,913,3185.000,1.0000,0,0.9462,,0.990,0,
15,5,3,cloud,0,cloud,1400.0,0.0136,0.0025,784,2895.000,1.0000,0,0.9420,,0.990,0,
16,5,3,cloud,0,cloud,1500.0,0.0152,0.0025,813,3010.000,1.0000,0,0.9379,,0.990,0,
17,5,3,cloud,0,cloud,1600.0,0.0161,0.0025,755,2895.000,1.0000,0,0.9337,,0.990,0,
18,5,3,cloud,0,cloud,1700.0,0.0179,0.0025,989,3510.000,1.0000,0,0.9295,,0.990,0,
19,5,3,cloud,0,cloud,1800.0,0.0181,0.0025,785,3025.000,1.0000,0,0.9254,,0.990,0,
20,5,3,cloud,0,cloud,1900.0,0.0196,0.0025,965,3500.000,1.0000,0,0.9212,,0.990,0,
21,5,3,cloud,0,cloud,2000.0,0.0201,0.0025,949,3475.000,1.0000,0,0.9170,,0.990,0,
22,5,3,cloud,0,cloud,2100.0,0.0205,0.0025,985,3575.000,1.0000,0,0.9129,,0.990,0,
23,5,3,cloud,0,cloud,2200.0,0.0208,0.0025,1024,3675.000,1.0000,0,0.9087,,0.990,0,
24,5,3,cloud,0,cloud,2300.0,0.0219,0.0025,1059,3790.000,1.0000,0,0.9045,,0.990,0,
25,5,3,cloud,0,cloud,2400.0,0.0225,0.0025,1014,3700.000,1.0000,0,0.9004,,0.990,0,
26,5,3,cloud,0,cloud,2500.0,0.0228,0.0025,970,3600.000,1.0000,0,0.8962,,0.990,0,
27,5,3,cloud,0,cloud,2600.0,0.0237,0.0025,866,3375.000,1.0000,0,0.8920,,0.990,0,
28,5,3,cloud,0,cloud,2700.0,0.0248,0.0025,821,3300.000,1.0000,0,0.8879,,0.990,0,
29,5,3,cloud,0,cloud,2800.0,0.0261,0.0025,718,3100.000,1.0000,0,0.8837,,0.990,0,
30,5,3,cloud,0,cloud,2900.0,0.0277,0.0025,926,3630.000,1.0000,0,0.8795,,0.990,0,
31,5,3,cloud,0,cloud,3000.0,0.0286,0.0025,769,3290.000,1.0000,0,0.8753,,0.990,0,
32,5,3,cloud,0,cloud,3100.0,0.0304,0.0025,944,3750.000,1.0000,0,0.8711,,0.990,0,
33,5,3,cloud,0,cloud,3200.0,0.0310,0.0025,874,3605.000,1.0000,0,0.8670,,0.990,0,
34,5,3,cloud,0,cloud,3300.0,0.0319,0.0025,1088,4135.000,1.0000,0,0.8628,,0.990,0,
35,5,3,cloud,0,cloud,3400.0,0.0326,0.0025,943,3810.000,1.0000,0,0.8586,,0.990,0,
36,5,3,cloud,0,cloud,3500.0,0.0339,0.0025,1010,4005.000,1.0000,0,0.8544,,0.990,0,
37,5,3,cloud,0,cloud,3600.0,0.0344,0.0025,908,3780.000,1.0000,0,0.8502,,0.990,0,
38,5,3,cloud,0,cloud,3700.0,0.0353,0.0025,1051,4140.000,1.0000,0,0.8460,,0.990,0,
39,5,3,cloud,0,cloud,3800.0,0.0357,0.0025,950,3915.000,1.0000,0,0.8418,,0.990,0,
40,5,3,cloud,0,cloud,3900.0,0.0371,0.0025,1092,4285.000,1.0000,0,0.8377,,0.990,0,
41,5,3,cloud,0,cloud,4000.0,0.0375,0.0025,969,4010.000,1.0000,0,0.8335,,0.990,0,
42,5,3,cloud,0,cloud,4100.0,0.0386,0.0025,1047,4225.000,1.0000,0,0.8293,,0.990,0,
43,5,3,cloud,0,cloud,4200.0,0.0393,0.0025,970,4065.000,1.0000,0,0.8251,,0.990,0,
44,5,3,cloud,0,cloud,4300.0,0.0402,0.0025,813,3735.000,1.0000,0,0.8209,,0.990,0,
45,5,3,cloud,0,cloud,4400.0,0.0417,0.0025,824,3805.000,1.0000,0,0.8167,,0.990,0,
46,5,3,cloud,0,cloud,4500.0,0.0426,0.0025,921,4050.000,1.0000,0,0.8125,,0.990,0,
47,5,3,cloud,0,cloud,4600.0,0.0440,0.0025,728,3665.000,1.0000,0,0.8083,,0.990,0,
48,5,3,cloud,0,cloud,4700.0,0.0453,0.0025,859,3990.000,1.0000,0,0.8041,,0.990,0,
49,5,3,cloud,0,cloud,4800.0,0.0460,0.0025,973,4265.000,1.0000,0,0.7999,,0.990,0,
50,5,3,cloud,0,cloud,4900.0,0.0469,0.0025,983,4315.000,1.0000,0,0.7957,,0.990,0,
51,5,3,cloud,0,cloud,5000.0,0.0482,0.0025,1109,4640.000,1.0000,0,0.7915,,0.990,0,
52,5,4,fog-13,1,fog,0.0,0.0000,0.3000,0,100.000,,0,1.0000,,0.850,0,
53,5,4,fog-13,1,fog,100.0,0.0000,0.3000,0,100.000,,0,0.9950,,0.850,0,
54,5,4,fog-13,1,fog,200.0,0.0000,0.3000,0,100.000,,0,0.9900,,0.850,0,
55,5,4,fog-13,1,fog,300.0,0.0000,0.3000,0,100.000,,0,0.9850,,0.850,0,
56,5,4,fog-13,1,fog,400.0,0.0000,0.3000,0,100.000,,0,0.9800,,0.850,0,
57,5,4,fog-13,1,fog,500.0,0.6786,0.3000,39,101.900,1.0000,0,0.9750,,0.850,0,
58,5,4,fog-13,1,fog,600.0,0.6786,0.3000,41,101.900,1.0000,0,0.9704,,0.850,0,
59,5,4,fog-13,1,fog,700.0,0.6429,0.3000,37,101.900,1.0000,0,0.9654,,0.850,0,
60,5,4,fog-13,1,fog,800.0,0.5714,0.3000,33,101.700,1.0000,0,0.9608,,0.850,0,
61,5,4,fog-13,1,fog,900.0,0.7857,0.3000,51,102.200,1.0000,0,0.9558,,0.850,0,
62,5,4,fog-13,1,fog,1000.0,0.6786,0.3000,47,102.000,1.0000,0,0.9509,,0.850,0,
63,5,4,fog-13,1,fog,1100.0,0.5000,0.3000,33,101.700,1.0000,0,0.9464,,0.850,0,
64,5,4,fog-13,1,fog,1200.0,0.7143,0.3000,45,101.900,1.0000,0,0.9416,,0.850,0,
65,5,4,fog-13,1,fog,1300.0,0.6071,0.3000,40,101.950,1.0000,0,0.9367,,0.850,0,
66,5,4,fog-13,1,fog,1400.0,0.5000,0.3000,28,101.450,1.0000,0,0.9321,,0.850,0,
67,5,4,fog-13,1,fog,1500.0,0.7143,0.3000,45,102.100,1.0000,0,0.9273,,0.850,0,
68,5,4,fog-13,1,fog,1600.0,0.6071,0.3000,40,101.750,1.0000,0,0.9225,,0.850,0,
69,5,4,fog-13,1,fog,1700.0,0.5714,0.3000,36,101.850,1.0000,0,0.9177,,0.850,0,
70,5,4,fog-13,1,fog,1800.0,0.6786,0.3000,40,102.000,1.0000,0,0.9127,,0.850,0,
71,5,4,fog-13,1,fog,1900.0,0.7500,0.3000,45,102.100,1.0000,0,0.9078,,0.850,0,
72,5,4,fog-13,1,fog,2000.0,0.6429,0.3000,43,101.800,1.0000,0,0.9029,,0.850,0,
73,5,4,fog-13,1,fog,2100.0,0.7143,0.3000,47,102.200,1.0000,0,0.8979,,0.850,0,
74,5,4,fog-13,1,fog,2200.0,0.6071,0.3000,37,101.900,1.0000,0,0.8929,,0.850,0,
75,5,4,fog-13,1,fog,2300.0,0.7143,0.3000,43,102.000,1.0000,0,0.8880,,0.850,0,
76,5,4,fog-13,1,fog,2400.0,0.6071,0.3000,38,101.850,1.0000,0,0.8832,,0.850,0,
77,5,4,fog-13,1,fog,2500.0,0.6071,0.3000,38,101.750,1.0000,0,0.8786,,0.850,0,
78,5,4,fog-13,1,fog,2600.0,0.6786,0.3000,45,101.900,1.0000,0,0.8738,,0.850,0,
79,5,4,fog-13,1,fog,2700.0,0.5357,0.3000,37,101.750,1.0000,0,0.8693,,0.850,0,
80,5,4,fog-13,1,fog,2800.0,0.6071,0.3000,41,101.950,1.0000,0,0.8646,,0.850,0,
81,5,4,fog-13,1,fog,2900.0,0.6786,0.3000,46,102.000,1.0000,0,0.8597,,0.850,0,
82,5,4,fog-13,1,fog,3000.0,0.5714,0.3000,36,101.900,1.0000,0,0.8549,,0.850,0,
83,5,4,fog-13,1,fog,3100.0,0.7857,0.3000,52,102.300,1.0000,0,0.8499,,0.850,0,
84,5,4,fog-13,1,fog,3200.0,0.6786,0.3000,48,102.100,1.0000,0,0.8450,,0.850,0,
85,5,4,fog-13,1,fog,3300.0,0.6786,0.3000,48,102.100,1.0000,0,0.8401,,0.850,0,
86,5,4,fog-13,1,fog,3400.0,0.6071,0.3000,41,102.050,1.0000,0,0.8354,,0.850,0,
87,5,4,fog-13,1,fog,3500.0,0.6786,0.3000,45,101.950,1.0000,0,0.8306,,0.850,0,
88,5,4,fog-13,1,fog,3600.0,0.5714,0.3000,38,102.000,1.0000,0,0.8256,,0.850,0,
89,5,4,fog-13,1,fog,3700.0,0.7143,0.3000,43,102.150,1.0000,0,0.8207,,0.850,0,
90,5,4,fog-13,1,fog,3800.0,0.5714,0.3000,33,101.750,1.0000,0,0.8160,,0.850,0,
91,5,4,fog-13,1,fog,3900.0,0.7857,0.3000,52,102.300,1.0000,0,0.8110,,0.850,0,
92,5,4,fog-13,1,fog,4000.0,0.6786,0.3000,48,102.100,1.0000,0,0.8061,,0.850,0,
93,5,4,fog-13,1,fog,4100.0,1.0000,0.3000,103,102.650,1.0000,0,0.8011,,0.850,0,
94,5,4,fog-13,1,fog,4200.0,1.0000,0.3000,233,103.950,1.0000,0,0.7961,,0.850,0,
95,5,4,fog-13,1,fog,4300.0,1.0000,0.3000,293,103.450,1.0000,0,0.7911,,0.850,0,
96,5,4,fog-13,1,fog,4400.0,1.0000,0.3000,384,103.700,1.0000,0,0.7861,,0.850,0,
97,5,4,fog-13,1,fog,4500.0,1.0000,0.3000,469,103.800,1.0000,0,0.7811,,0.850,0,
98,5,4,fog-13,1,fog,4600.0,1.0000,0.3000,525,103.400,1.0000,0,0.7761,,0.850,0,
99,5,4,fog-13,1,fog,4700.0,1.0000,0.3000,539,102.800,1.0000,0,0.7711,,0.850,0,
100,5,4,fog-13,1,fog,4800.0,1.0000,0.3000,598,103.100,1.0000,0,0.7661,,0.850,0,
101,5,4,fog-13,1,fog,4900.0,1.0000,0.3000,641,102.950,1.0000,0,0.7611,,0.850,0,
102,5,4,fog-13,1,fog,5000.0,1.0000,0.3000,748,103.950,1.0000,0,0.7561,,0.850,0,
103,5,5,fog-14,1,fog,0.0,0.0000,0.3000,0,100.000,,0,1.0000,,0.850,0,
104,5,5,fog-14,1,fog,100.0,0.2143,0.3000,10,100.500,1.0000,0,0.9950,,0.850,0,
105,5,5,fog-14,1,fog,200.0,0.6786,0.3000,41,102.000,1.0000,0,0.9901,,0.850,0,
106,5,5,fog-14,1,fog,300.0,0.7143,0.3000,47,102.000,1.0000,0,0.9852,,0.850,0,
107,5,5,fog-14,1,fog,400.0,1.0000,0.3000,117,102.750,1.0000,0,0.9802,,0.850,0,
108,5,5,fog-14,1,fog,500.0,0.6786,0.3000,76,102.600,1.0000,0,0.9752,,0.850,0,
109,5,5,fog-14,1,fog,600.0,0.6429,0.3000,53,102.550,1.0000,0,0.9702,,0.850,0,
110,5,5,fog-14,1,fog,700.0,0.6429,0.3000,44,102.100,1.0000,0,0.9653,,0.850,0,
111,5,5,fog-14,1,fog,800.0,0.0000,0.3000,4,100.300,1.0000,0,0.9633,,0.850,0,
112,5,5,fog-14,1,fog,900.0,0.0000,0.3000,2,100.200,,0,0.9583,,0.850,0,
113,5,5,fog-14,1,fog,1000.0,0.0000,0.3000,2,100.200,,0,0.9533,,0.850,0,
114,5,5,fog-14,1,fog,1100.0,0.0000,0.3000,2,100.200,,0,0.9483,,0.850,0,
115,5,5,fog-14,1,fog,1200.0,0.6786,0.3000,44,101.900,1.0000,0,0.9436,,0.850,0,
116,5,5,fog-14,1,fog,1300.0,0.5714,0.3000,37,102.000,1.0000,0,0.9388,,0.850,0,
117,5,5,fog-14,1,fog,1400.0,0.7857,0.3000,53,102.400,1.0000,0,0.9338,,0.850,0,
118,5,5,fog-14,1,fog,1500.0,0.5714,0.3000,37,102.000,1.0000,0,0.9290,,0.850,0,
119,5,5,fog-14,1,fog,1600.0,0.0000,0.3000,5,100.400,1.0000,0,0.9271,,0.850,0,
120,5,5,fog-14,1,fog,1700.0,0.0000,0.3000,3,100.300,0.0000,0,0.9221,,0.850,0,
121,5,5,fog-14,1,fog,1800.0,0.0000,0.3000,3,100.300,0.0000,0,0.9171,,0.850,0,
122,5,5,fog-14,1,fog,1900.0,0.0000,0.3000,3,100.300,0.0000,0,0.9121,,0.850,0,
123,5,5,fog-14,1,fog,2000.0,0.0000,0.3000,3,100.300,0.0000,0,0.9071,,0.850,0,
124,5,5,fog-14,1,fog,2100.0,0.0000,0.3000,3,100.300,0.0000,0,0.9021,,0.850,0,
125,5,5,fog-14,1,fog,2200.0,0.0000,0.3000,3,100.300,0.0000,0,0.8971,,0.850,0,
126,5,5,fog-14,1,fog,2300.0,0.0000,0.3000,3,100.300,0.0000,0,0.8921,,0.850,0,
127,5,5,fog-14,1,fog,2400.0,0.0000,0.3000,3,100.300,0.0000,0,0.8871,,0.850,0,
128,5,5,fog-14,1,fog,2500.0,0.0000,0.3000,3,100.300,0.0000,0,0.8821,,0.850,0,
129,5,5,fog-14,1,fog,2600.0,0.0000,0.3000,3,100.300,0.0000,0,0.8771,,0.850,0,
130,5,5,fog-14,1,fog,2700.0,0.0000,0.3000,3,100.300,0.0000,0,0.8721,,0.850,0,
131,5,5,fog-14,1,fog,2800.0,0.0000,0.3000,3,100.300,0.0000,0,0.8671,,0.850,0,
132,5,5,fog-14,1,fog,2900.0,0.0000,0.3000,3,100.300,0.0000,0,0.8621,,0.850,0,
133,5,5,fog-14,1,fog,3000.0,0.0000,0.3000,3,100.300,0.0000,0,0.8571,,0.850,0,
134,5,5,fog-14,1,fog,3100.0,0.0000,0.3000,3,100.300,0.0000,0,0.8521,,0.850,0,
135,5,5,fog-14,1,fog,3200.0,0.0000,0.3000,3,100.300,0.0000,0,0.8471,,0.850,0,
136,5,5,fog-14,1,fog,3300.0,0.0000,0.3000,3,100.300,0.0000,0,0.8421,,0.850,0,
137,5,5,fog-14,1,fog,3400.0,0.6429,0.3000,37,102.000,1.0000,0,0.8371,,0.850,0,
138,5,5,fog-14,1,fog,3500.0,0.6429,0.3000,45,102.150,1.0000,0,0.8325,,0.850,0,
139,5,5,fog-14,1,fog,3600.0,0.7143,0.3000,51,102.350,1.0000,0,0.8276,,0.850,0,
140,5,5,fog-14,1,fog,3700.0,0.5357,0.3000,36,102.000,1.0000,0,0.8227,,0.850,0,
141,5,5,fog-14,1,fog,3800.0,0.0714,0.3000,10,100.700,1.0000,0,0.8204,,0.850,0,
142,5,5,fog-14,1,fog,3900.0,0.5357,0.3000,32,101.800,1.0000,0,0.8158,,0.850,0,
143,5,5,fog-14,1,fog,4000.0,0.6429,0.3000,44,102.350,1.0000,0,0.8112,,0.850,0,
144,5,5,fog-14,1,fog,4100.0,0.7143,0.3000,50,102.350,1.0000,0,0.8065,,0.850,0,
145,5,5,fog-14,1,fog,4200.0,0.6429,0.3000,47,102.400,1.0000,0,0.8015,,0.850,0,
146,5,5,fog-14,1,fog,4300.0,1.0000,0.3000,113,102.950,1.0000,0,0.7965,,0.850,0,
147,5,5,fog-14,1,fog,4400.0,1.0000,0.3000,155,103.500,1.0000,0,0.7915,,0.850,0,
148,5,5,fog-14,1,fog,4500.0,1.0000,0.3000,217,103.850,1.0000,0,0.7865,,0.850,0,
149,5,5,fog-14,1,fog,4600.0,1.0000,0.3000,219,103.400,1.0000,0,0.7815,,0.850,0,
150,5,5,fog-14,1,fog,4700.0,0.0000,0.3000,128,102.050,1.0000,0,0.7765,,0.850,0,
151,5,5,fog-14,1,fog,4800.0,0.0000,0.3000,54,103.050,1.0000,0,0.7729,,0.850,0,
152,5,5,fog-14,1,fog,4900.0,0.0000,0.3000,7,100.700,0.0000,0,0.7679,,0.850,0,
153,5,5,fog-14,1,fog,5000.0,0.0000,0.3000,7,100.700,0.0000,0,0.7629,,0.850,0,
154,5,6,fog-15,1,fog,0.0,0.0000,0.3000,0,100.000,,0,1.0000,,0.850,0,
155,5,6,fog-15,1,fog,100.0,0.2500,0.3000,15,100.650,1.0000,0,0.9950,,0.850,0,
156,5,6,fog-15,1,fog,200.0,0.0000,0.3000,2,100.150,,0,0.9929,,0.850,0,
157,5,6,fog-15,1,fog,300.0,0.0000,0.3000,1,100.100,,0,0.9879,,0.850,0,
158,5,6,fog-15,1,fog,400.0,0.0000,0.3000,1,100.100,,0,0.9829,,0.850,0,
159,5,6,fog-15,1,fog,500.0,0.0000,0.3000,1,100.100,,0,0.9779,,0.850,0,
160,5,6,fog-15,1,fog,600.0,0.6071,0.3000,39,101.600,1.0000,0,0.9735,,0.850,0,
161,5,6,fog-15,1,fog,700.0,0.0000,0.3000,5,100.300,1.0000,0,0.9711,,0.850,0,
162,5,6,fog-15,1,fog,800.0,0.0000,0.3000,1,100.100,,0,0.9661,,0.850,0,
163,5,6,fog-15,1,fog,900.0,0.0000,0.3000,1,100.100,,0,0.9611,,0.850,0,
164,5,6,fog-15,1,fog,1000.0,0.0000,0.3000,1,100.100,,0,0.9561,,0.850,0,
165,5,6,fog-15,1,fog,1100.0,0.0000,0.3000,1,100.100,,0,0.9511,,0.850,0,
166,5,6,fog-15,1,fog,1200.0,0.0000,0.3000,1,100.100,,0,0.9461,,0.850,0,
167,5,6,fog-15,1,fog,1300.0,0.0000,0.3000,1,100.100,,0,0.9411,,0.850,0,
168,5,6,fog-15,1,fog,1400.0,0.0000,0.3000,1,100.100,,0,0.9361,,0.850,0,
169,5,6,fog-15,1,fog,1500.0,0.0000,0.3000,1,100.100,,0,0.9311,,0.850,0,
170,5,6,fog-15,1,fog,1600.0,0.0000,0.3000,1,100.100,,0,0.9261,,0.850,0,
171,5,6,fog-15,1,fog,1700.0,1.0000,0.3000,102,102.550,1.0000,0,0.9211,,0.850,0,
172,5,6,fog-15,1,fog,1800.0,0.0000,0.3000,24,101.350,1.0000,0,0.9177,,0.850,0,
173,5,6,fog-15,1,fog,1900.0,0.6786,0.3000,39,102.100,1.0000,0,0.9127,,0.850,0,
174,5,6,fog-15,1,fog,2000.0,0.0000,0.3000,5,100.400,1.0000,0,0.9108,,0.850,0,
175,5,6,fog-15,1,fog,2100.0,0.0000,0.3000,3,100.300,0.0000,0,0.9058,,0.850,0,
176,5,6,fog-15,1,fog,2200.0,0.0000,0.3000,3,100.300,0.0000,0,0.9008,,0.850,0,
177,5,6,fog-15,1,fog,2300.0,0.0000,0.3000,3,100.300,0.0000,0,0.8958,,0.850,0,
178,5,6,fog-15,1,fog,2400.0,0.7143,0.3000,41,102.200,1.0000,0,0.8908,,0.850,0,
179,5,6,fog-15,1,fog,2500.0,0.0000,0.3000,5,100.400,1.0000,0,0.8888,,0.850,0,
180,5,6,fog-15,1,fog,2600.0,0.0000,0.3000,3,100.300,0.0000,0,0.8838,,0.850,0,
181,5,6,fog-15,1,fog,2700.0,0.0000,0.3000,3,100.300,0.0000,0,0.8788,,0.850,0,
182,5,6,fog-15,1,fog,2800.0,0.0000,0.3000,3,100.300,0.0000,0,0.8738,,0.850,0,
183,5,6,fog-15,1,fog,2900.0,0.0000,0.3000,3,100.300,0.0000,0,0.8688,,0.850,0,
184,5,6,fog-15,1,fog,3000.0,0.0000,0.3000,3,100.300,0.0000,0,0.8638,,0.850,0,
185,5,6,fog-15,1,fog,3100.0,0.0000,0.3000,3,100.300,0.0000,0,0.8588,,0.850,0,
186,5,6,fog-15,1,fog,3200.0,0.6429,0.3000,37,102.000,1.0000,0,0.8539,,0.850,0,
187,5,6,fog-15,1,fog,3300.0,1.0000,0.3000,113,103.000,1.0000,0,0.8489,,0.850,0,
188,5,6,fog-15,1,fog,3400.0,0.0000,0.3000,28,101.700,1.0000,0,0.8454,,0.850,0,
189,5,6,fog-15,1,fog,3500.0,0.7143,0.3000,44,102.500,1.0000,0,0.8404,,0.850,0,
190,5,6,fog-15,1,fog,3600.0,0.0000,0.3000,8,100.700,1.0000,0,0.8384,,0.850,0,
191,5,6,fog-15,1,fog,3700.0,0.0000,0.3000,6,100.600,0.0000,0,0.8334,,0.850,0,
192,5,6,fog-15,1,fog,3800.0,0.0000,0.3000,6,100.600,0.0000,0,0.8284,,0.850,0,
193,5,6,fog-15,1,fog,3900.0,0.0000,0.3000,6,100.600,0.0000,0,0.8234,,0.850,0,
194,5,6,fog-15,1,fog,4000.0,0.6429,0.3000,40,102.300,1.0000,0,0.8185,,0.850,0,
195,5,6,fog-15,1,fog,4100.0,0.7143,0.3000,50,102.600,1.0000,0,0.8135,,0.850,0,
196,5,6,fog-15,1,fog,4200.0,0.0000,0.3000,9,100.800,1.0000,0,0.8113,,0.850,0,
197,5,6,fog-15,1,fog,4300.0,0.0000,0.3000,7,100.700,0.0000,0,0.8063,,0.850,0,
198,5,6,fog-15,1,fog,4400.0,0.0000,0.3000,7,100.700,0.0000,0,0.8013,,0.850,0,
199,5,6,fog-15,1,fog,4500.0,0.0000,0.3000,7,100.700,0.0000,0,0.7963,,0.850,0,
200,5,6,fog-15,1,fog,4600.0,0.0000,0.3000,7,100.700,0.0000,0,0.7913,,0.850,0,
201,5,6,fog-15,1,fog,4700.0,0.0000,0.3000,7,100.700,0.0000,0,0.7863,,0.850,0,
202,5,6,fog-15,1,fog,4800.0,0.6786,0.3000,43,102.500,1.0000,0,0.7813,,0.850,0,
203,5,6,fog-15,1,fog,4900.0,0.6071,0.3000,42,102.500,1.0000,0,0.7767,,0.850,0,
204,5,6,fog-15,1,fog,5000.0,0.0000,0.3000,11,101.000,1.0000,0,0.7747,,0.850,0,
205,5,7,fog-16,1,fog,0.0,0.0000,0.3000,0,100.000,,0,1.0000,,0.850,0,
206,5,7,fog-16,1,fog,100.0,0.0000,0.3000,0,100.000,,0,0.9950,,0.850,0,
207,5,7,fog-16,1,fog,200.0,0.0000,0.3000,0,100.000,,0,0.9900,,0.850,0,
208,5,7,fog-16,1,fog,300.0,0.0000,0.3000,0,100.000,,0,0.9850,,0.850,0,
209,5,7,fog-16,1,fog,400.0,0.0000,0.3000,0,100.000,,0,0.9800,,0.850,0,
210,5,7,fog-16,1,fog,500.0,0.0000,0.3000,0,100.000,,0,0.9750,,0.850,0,
211,5,7,fog-16,1,fog,600.0,0.0000,0.3000,0,100.000,,0,0.9700,,0.850,0,
212,5,7,fog-16,1,fog,700.0,0.0000,0.3000,0,100.000,,0,0.9650,,0.850,0,
213,5,7,fog-16,1,fog,800.0,0.0000,0.3000,0,100.000,,0,0.9600,,0.850,0,
214,5,7,fog-16,1,fog,900.0,0.0000,0.3000,0,100.000,,0,0.9550,,0.850,0,
215,5,7,fog-16,1,fog,1000.0,0.0000,0.3000,0,100.000,,0,0.9500,,0.850,0,
216,5,7,fog-16,1,fog,1100.0,0.0000,0.3000,0,100.000,,0,0.9450,,0.850,0,
217,5,7,fog-16,1,fog,1200.0,0.0000,0.3000,0,100.000,,0,0.9400,,0.850,0,
218,5,7,fog-16,1,fog,1300.0,0.0000,0.3000,0,100.000,,0,0.9350,,0.850,0,
219,5,7,fog-16,1,fog,1400.0,0.0000,0.3000,0,100.000,,0,0.9300,,0.850,0,
220,5,7,fog-16,1,fog,1500.0,0.0000,0.3000,0,100.000,,0,0.9250,,0.850,0,
221,5,7,fog-16,1,fog,1600.0,0.0000,0.3000,0,100.000,,0,0.9200,,0.850,0,
222,5,7,fog-16,1,fog,1700.0,0.0000,0.3000,0,100.000,,0,0.9150,,0.850,0,
223,5,7,fog-16,1,fog,1800.0,0.0000,0.3000,0,100.000,,0,0.9100,,0.850,0,
224,5,7,fog-16,1,fog,1900.0,0.0000,0.3000,0,100.000,,0,0.9050,,0.850,0,
225,5,7,fog-16,1,fog,2000.0,0.0000,0.3000,0,100.000,,0,0.9000,,0.850,0,
226,5,7,fog-16,1,fog,2100.0,0.0000,0.3000,0,100.000,,0,0.8950,,0.850,0,
227,5,7,fog-16,1,fog,2200.0,0.0000,0.3000,0,100.000,,0,0.8900,,0.850,0,
228,5,7,fog-16,1,fog,2300.0,0.0000,0.3000,0,100.000,,0,0.8850,,0.850,0,
229,5,7,fog-16,1,fog,2400.0,0.0000,0.3000,0,100.000,,0,0.8800,,0.850,0,
230,5,7,fog-16,1,fog,2500.0,0.0000,0.3000,0,100.000,,0,0.8750,,0.850,0,
231,5,7,fog-16,1,fog,2600.0,0.0000,0.3000,0,100.000,,0,0.8700,,0.850,0,
232,5,7,fog-16,1,fog,2700.0,0.0000,0.3000,0,100.000,,0,0.8650,,0.850,0,
233,5,7,fog-16,1,fog,2800.0,0.0000,0.3000,0,100.000,,0,0.8600,,0.850,0,
234,5,7,fog-16,1,fog,2900.0,0.0000,0.3000,0,100.000,,0,0.8550,,0.850,0,
235,5,7,fog-16,1,fog,3000.0,0.0000,0.3000,0,100.000,,0,0.8500,,0.850,0,
236,5,7,fog-16,1,fog,3100.0,0.0000,0.3000,0,100.000,,0,0.8450,,0.850,0,
237,5,7,fog-16,1,fog,3200.0,0.0000,0.3000,0,100.000,,0,0.8400,,0.850,0,
238,5,7,fog-16,1,fog,3300.0,0.0000,0.3000,0,100.000,,0,0.8350,,0.850,0,
239,5,7,fog-16,1,fog,3400.0,0.0000,0.3000,0,100.000,,0,0.8300,,0.850,0,
240,5,7,fog-16,1,fog,3500.0,0.0000,0.3000,0,100.000,,0,0.8250,,0.850,0,
241,5,7,fog-16,1,fog,3600.0,0.0000,0.3000,0,100.000,,0,0.8200,,0.850,0,
242,5,7,fog-16,1,fog,3700.0,0.0000,0.3000,0,100.000,,0,0.8150,,0.850,0,
243,5,7,fog-16,1,fog,3800.0,0.0000,0.3000,0,100.000,,0,0.8100,,0.850,0,
244,5,7,fog-16,1,fog,3900.0,0.0000,0.3000,0,100.000,,0,0.8050,,0.850,0,
245,5,7,fog-16,1,fog,4000.0,0.0000,0.3000,0,100.000,,0,0.8000,,0.850,0,
246,5,7,fog-16,1,fog,4100.0,0.0000,0.3000,0,100.000,,0,0.7950,,0.850,0,
247,5,7,fog-16,1,fog,4200.0,0.0000,0.3000,0,100.000,,0,0.7900,,0.850,0,
248,5,7,fog-16,1,fog,4300.0,0.0000,0.3000,0,100.000,,0,0.7850,,0.850,0,
249,5,7,fog-16,1,fog,4400.0,0.0000,0.3000,0,100.000,,0,0.7800,,0.850,0,
250,5,7,fog-16,1,fog,4500.0,0.0000,0.3000,0,100.000,,0,0.7750,,0.850,0,
251,5,7,fog-16,1,fog,4600.0,0.0000,0.3000,0,100.000,,0,0.7700,,0.850,0,
252,5,7,fog-16,1,fog,4700.0,0.0000,0.3000,0,100.000,,0,0.7650,,0.850,0,
253,5,7,fog-16,1,fog,4800.0,0.0000,0.3000,0,100.000,,0,0.7600,,0.850,0,
254,5,7,fog-16,1,fog,4900.0,0.0000,0.3000,0,100.000,,0,0.7550,,0.850,0,
255,5,7,fog-16,1,fog,5000.0,0.0000,0.3000,0,100.000,,0,0.7500,,0.850,0,
256,5,8,fog-17,1,fog,0.0,0.0000,0.3000,0,100.000,,0,1.0000,,0.850,0,2641.9
257,5,8,fog-17,1,fog,100.0,0.0000,0.3000,0,100.000,,0,0.9950,,0.850,0,2641.9
258,5,8,fog-17,1,fog,200.0,0.0000,0.3000,0,100.000,,0,0.9900,,0.850,0,2641.9
259,5,8,fog-17,1,fog,300.0,0.0000,0.3000,0,100.000,,0,0.9850,,0.850,0,2641.9
260,5,8,fog-17,1,fog,400.0,0.0000,0.3000,0,100.000,,0,0.9800,,0.850,0,2641.9
261,5,8,fog-17,1,fog,500.0,0.0000,0.3000,0,100.000,,0,0.9750,,0.850,0,2641.9
262,5,8,fog-17,1,fog,600.0,0.0000,0.3000,0,100.000,,0,0.9700,,0.850,0,2641.9
263,5,8,fog-17,1,fog,700.0,0.0000,0.3000,0,100.000,,0,0.9650,,0.850,0,2641.9
264,5,8,fog-17,1,fog,800.0,0.0000,0.3000,0,100.000,,0,0.9600,,0.850,0,2641.9
265,5,8,fog-17,1,fog,900.0,0.0000,0.3000,0,100.000,,0,0.9550,,0.850,0,2641.9
266,5,8,fog-17,1,fog,1000.0,0.0000,0.3000,0,100.000,,0,0.9500,,0.850,0,2641.9
267,5,8,fog-17,1,fog,1100.0,0.0000,0.3000,0,100.000,,0,0.9450,,0.850,0,2641.9
268,5,8,fog-17,1,fog,1200.0,0.6071,0.3000,32,101.600,1.0000,0,0.9406,,0.850,0,2641.9
269,5,8,fog-17,1,fog,1300.0,1.0000,0.3000,102,102.800,1.0000,0,0.9356,,0.850,0,2641.9
270,5,8,fog-17,1,fog,1400.0,0.0000,0.3000,21,101.200,1.0000,0,0.9323,,0.850,0,2641.9
271,5,8,fog-17,1,fog,1500.0,0.0000,0.3000,3,100.300,0.0000,0,0.9273,,0.850,0,2641.9
272,5,8,fog-17,1,fog,1600.0,0.0000,0.3000,3,100.300,0.0000,0,0.9223,,0.850,0,2641.9
273,5,8,fog-17,1,fog,1700.0,0.0000,0.3000,3,100.300,0.0000,0,0.9173,,0.850,0,2641.9
274,5,8,fog-17,1,fog,1800.0,0.0000,0.3000,3,100.300,0.0000,0,0.9123,,0.850,0,2641.9
275,5,8,fog-17,1,fog,1900.0,0.6071,0.3000,37,102.000,1.0000,0,0.9074,,0.850,0,2641.9
276,5,8,fog-17,1,fog,2000.0,0.0000,0.3000,3,100.300,0.0000,0,0.9024,,0.850,0,2641.9
277,5,8,fog-17,1,fog,2100.0,0.6071,0.3000,38,101.950,1.0000,0,0.8979,,0.850,0,2641.9
278,5,8,fog-17,1,fog,2200.0,0.0000,0.3000,5,100.450,1.0000,0,0.8957,,0.850,0,2641.9
279,5,8,fog-17,1,fog,2300.0,0.0000,0.3000,4,100.400,0.0000,0,0.8907,,0.850,0,2641.9
280,5,8,fog-17,1,fog,2400.0,0.0000,0.3000,4,100.400,0.0000,0,0.8857,,0.850,0,2641.9
281,5,8,fog-17,1,fog,2500.0,0.7143,0.3000,45,102.350,1.0000,0,0.8808,,0.850,1,2641.9
282,5,8,fog-17,1,fog,2600.0,0.6786,0.3000,45,102.400,1.0000,0,0.8759,,0.850,1,2641.9
283,5,9,fog-18,1,fog,0.0,0.0000,0.3000,0,100.000,,0,1.0000,,0.850,0,1703.1
284,5,9,fog-18,1,fog,100.0,0.0000,0.3000,0,100.000,,0,0.9950,,0.850,0,1703.1
285,5,9,fog-18,1,fog,200.0,0.0000,0.3000,0,100.000,,0,0.9900,,0.850,0,1703.1
286,5,9,fog-18,1,fog,300.0,0.0000,0.3000,0,100.000,,0,0.9850,,0.850,0,1703.1
287,5,9,fog-18,1,fog,400.0,0.0000,0.3000,0,100.000,,0,0.9800,,0.850,0,1703.1
288,5,9,fog-18,1,fog,500.0,0.0000,0.3000,0,100.000,,0,0.9750,,0.850,0,1703.1
289,5,9,fog-18,1,fog,600.0,0.0000,0.3000,0,100.000,,0,0.9700,,0.850,0,1703.1
290,5,9,fog-18,1,fog,700.0,0.0000,0.3000,0,100.000,,0,0.9650,,0.850,0,1703.1
291,5,9,fog-18,1,fog,800.0,0.0000,0.3000,0,100.000,,0,0.9600,,0.850,0,1703.1
292,5,9,fog-18,1,fog,900.0,0.0000,0.3000,0,100.000,,0,0.9550,,0.850,0,1703.1
293,5,9,fog-18,1,fog,1000.0,0.0000,0.3000,0,100.000,,0,0.9500,,0.850,0,1703.1
294,5,9,fog-18,1,fog,1100.0,0.0000,0.3000,0,100.000,,0,0.9450,,0.850,0,1703.1
295,5,9,fog-18,1,fog,1200.0,0.0000,0.3000,0,100.000,,0,0.9400,,0.850,0,1703.1
296,5,9,fog-18,1,fog,1300.0,0.0000,0.3000,0,100.000,,0,0.9350,,0.850,0,1703.1
297,5,9,fog-18,1,fog,1400.0,0.0000,0.3000,0,100.000,,0,0.9300,,0.850,0,1703.1
298,5,9,fog-18,1,fog,1500.0,0.0000,0.3000,0,100.000,,0,0.9250,,0.850,0,1703.1
299,5,9,fog-18,1,fog,1600.0,0.0000,0.3000,0,100.000,,0,0.9200,,0.850,1,1703.1
300,5,9,fog-18,1,fog,1700.0,0.0000,0.3000,0,100.000,,0,0.9150,,0.850,1,1703.1
301,5,10,fog-19,1,fog,0.0,0.0000,0.3000,0,100.000,,0,1.0000,,0.850,0,
302,5,10,fog-19,1,fog,100.0,0.0000,0.3000,0,100.000,,0,0.9950,,0.850,0,
303,5,10,fog-19,1,fog,200.0,0.0000,0.3000,0,100.000,,0,0.9900,,0.850,0,
304,5,10,fog-19,1,fog,300.0,0.0000,0.3000,0,100.000,,0,0.9850,,0.850,0,
305,5,10,fog-19,1,fog,400.0,0.0000,0.3000,0,100.000,,0,0.9800,,0.850,0,
306,5,10,fog-19,1,fog,500.0,0.0000,0.3000,0,100.000,,0,0.9750,,0.850,0,
307,5,10,fog-19,1,fog,600.0,0.0000,0.3000,0,100.000,,0,0.9700,,0.850,0,
308,5,10,fog-19,1,fog,700.0,0.0000,0.3000,0,100.000,,0,0.9650,,0.850,0,
309,5,10,fog-19,1,fog,800.0,0.0000,0.3000,0,100.000,,0,0.9600,,0.850,0,
310,5,10,fog-19,1,fog,900.0,0.0000,0.3000,0,100.000,,0,0.9550,,0.850,0,
311,5,10,fog-19,1,fog,1000.0,0.0000,0.3000,0,100.000,,0,0.9500,,0.850,0,
312,5,10,fog-19,1,fog,1100.0,0.0000,0.3000,0,100.000,,0,0.9450,,0.850,0,
313,5,10,fog-19,1,fog,1200.0,0.0000,0.3000,0,100.000,,0,0.9400,,0.850,0,
314,5,10,fog-19,1,fog,1300.0,0.0000,0.3000,0,100.000,,0,0.9350,,0.850,0,
315,5,10,fog-19,1,fog,1400.0,0.0000,0.3000,0,100.000,,0,0.9300,,0.850,0,
316,5,10,fog-19,1,fog,1500.0,0.0000,0.3000,0,100.000,,0,0.9250,,0.850,0,
317,5,10,fog-19,1,fog,1600.0,0.0000,0.3000,0,100.000,,0,0.9200,,0.850,0,
318,5,10,fog-19,1,fog,1700.0,0.0000,0.3000,0,100.000,,0,0.9150,,0.850,0,
319,5,10,fog-19,1,fog,1800.0,0.0000,0.3000,0,100.000,,0,0.9100,,0.850,0,
320,5,10,fog-19,1,fog,1900.0,0.0000,0.3000,0,100.000,,0,0.9050,,0.850,0,
321,5,10,fog-19,1,fog,2000.0,0.0000,0.3000,0,100.000,,0,0.9000,,0.850,0,
322,5,10,fog-19,1,fog,2100.0,0.0000,0.3000,0,100.000,,0,0.8950,,0.850,0,
323,5,10,fog-19,1,fog,2200.0,0.0000,0.3000,0,100.000,,0,0.8900,,0.850,0,
324,5,10,fog-19,1,fog,2300.0,0.0000,0.3000,0,100.000,,0,0.8850,,0.850,0,
325,5,10,fog-19,1,fog,2400.0,0.0000,0.3000,0,100.000,,0,0.8800,,0.850,0,
326,5,10,fog-19,1,fog,2500.0,0.0000,0.3000,0,100.000,,0,0.8750,,0.850,0,
327,5,10,fog-19,1,fog,2600.0,0.0000,0.3000,0,100.000,,0,0.8700,,0.850,0,
328,5,10,fog-19,1,fog,2700.0,0.0000,0.3000,0,100.000,,0,0.8650,,0.850,0,
329,5,10,fog-19,1,fog,2800.0,0.0000,0.3000,0,100.000,,0,0.8600,,0.850,0,
330,5,10,fog-19,1,fog,2900.0,0.0000,0.3000,0,100.000,,0,0.8550,,0.850,0,
331,5,10,fog-19,1,fog,3000.0,0.0000,0.3000,0,100.000,,0,0.8500,,0.850,0,
332,5,10,fog-19,1,fog,3100.0,0.0000,0.3000,0,100.000,,0,0.8450,,0.850,0,
333,5,10,fog-19,1,fog,3200.0,0.0000,0.3000,0,100.000,,0,0.8400,,0.850,0,
334,5,10,fog-19,1,fog,3300.0,0.0000,0.3000,0,100.000,,0,0.8350,,0.850,0,
335,5,10,fog-19,1,fog,3400.0,0.0000,0.3000,0,100.000,,0,0.8300,,0.850,0,
336,5,10,fog-19,1,fog,3500.0,0.0000,0.3000,0,100.000,,0,0.8250,,0.850,0,
337,5,10,fog-19,1,fog,3600.0,0.0000,0.3000,0,100.000,,0,0.8200,,0.850,0,
338,5,10,fog-19,1,fog,3700.0,0.0000,0.3000,0,100.000,,0,0.8150,,0.850,0,
339,5,10,fog-19,1,fog,3800.0,0.0000,0.3000,0,100.000,,0,0.8100,,0.850,0,
340,5,10,fog-19,1,fog,3900.0,0.0000,0.3000,0,100.000,,0,0.8050,,0.850,0,
341,5,10,fog-19,1,fog,4000.0,0.0000,0.3000,0,100.000,,0,0.8000,,0.850,0,
342,5,10,fog-19,1,fog,4100.0,0.0000,0.3000,0,100.000,,0,0.7950,,0.850,0,
343,5,10,fog-19,1,fog,4200.0,0.0000,0.3000,0,100.000,,0,0.7900,,0.850,0,
344,5,10,fog-19,1,fog,4300.0,0.0000,0.3000,0,100.000,,0,0.7850,,0.850,0,
345,5,10,fog-19,1,fog,4400.0,0.0000,0.3000,0,100.000,,0,0.7800,,0.850,0,
346,5,10,fog-19,1,fog,4500.0,0.0000,0.3000,0,100.000,,0,0.7750,,0.850,0,
347,5,10,fog-19,1,fog,4600.0,0.0000,0.3000,0,100.000,,0,0.7700,,0.850,0,
348,5,10,fog-19,1,fog,4700.0,0.0000,0.3000,0,100.000,,0,0.7650,,0.850,0,
349,5,10,fog-19,1,fog,4800.0,0.0000,0.3000,0,100.000,,0,0.7600,,0.850,0,
350,5,10,fog-19,1,fog,4900.0,0.0000,0.3000,0,100.000,,0,0.7550,,0.850,0,
351,5,10,fog-19,1,fog,5000.0,0.0000,0.3000,0,100.000,,0,0.7500,,0.850,0,
352,5,11,fog-20,1,fog,0.0,0.0000,0.3000,0,100.000,,0,1.0000,,0.850,0,4355.5
353,5,11,fog-20,1,fog,100.0,0.0000,0.3000,0,100.000,,0,0.9950,,0.850,0,4355.5
354,5,11,fog-20,1,fog,200.0,0.0000,0.3000,0,100.000,,0,0.9900,,0.850,0,4355.5
355,5,11,fog-20,1,fog,300.0,0.0000,0.3000,0,100.000,,0,0.9850,,0.850,0,4355.5
356,5,11,fog-20,1,fog,400.0,0.0000,0.3000,0,100.000,,0,0.9800,,0.850,0,4355.5
357,5,11,fog-20,1,fog,500.0,0.0000,0.3000,0,100.000,,0,0.9750,,0.850,0,4355.5
358,5,11,fog-20,1,fog,600.0,0.6786,0.3000,36,101.800,1.0000,0,0.9701,,0.850,0,4355.5
359,5,11,fog-20,1,fog,700.0,0.0357,0.3000,5,100.300,1.0000,0,0.9680,,0.850,0,4355.5
360,5,11,fog-20,1,fog,800.0,0.0000,0.3000,1,100.100,,0,0.9630,,0.850,0,4355.5
361,5,11,fog-20,1,fog,900.0,0.0000,0.3000,1,100.100,,0,0.9580,,0.850,0,4355.5
362,5,11,fog-20,1,fog,1000.0,0.0000,0.3000,1,100.100,,0,0.9530,,0.850,0,4355.5
363,5,11,fog-20,1,fog,1100.0,0.6429,0.3000,39,101.800,1.0000,0,0.9483,,0.850,0,4355.5
364,5,11,fog-20,1,fog,1200.0,0.0000,0.3000,4,100.300,1.0000,0,0.9461,,0.850,0,4355.5
365,5,11,fog-20,1,fog,1300.0,0.0000,0.3000,2,100.200,,0,0.9411,,0.850,0,4355.5
366,5,11,fog-20,1,fog,1400.0,0.0000,0.3000,2,100.200,,0,0.9361,,0.850,0,4355.5
367,5,11,fog-20,1,fog,1500.0,0.0000,0.3000,2,100.200,,0,0.9311,,0.850,0,4355.5
368,5,11,fog-20,1,fog,1600.0,0.0000,0.3000,2,100.200,,0,0.9261,,0.850,0,4355.5
369,5,11,fog-20,1,fog,1700.0,0.0000,0.3000,2,100.200,,0,0.9211,,0.850,0,4355.5
370,5,11,fog-20,1,fog,1800.0,0.0000,0.3000,2,100.200,,0,0.9161,,0.850,0,4355.5
371,5,11,fog-20,1,fog,1900.0,0.0000,0.3000,2,100.200,,0,0.9111,,0.850,0,4355.5
372,5,11,fog-20,1,fog,2000.0,0.0000,0.3000,2,100.200,,0,0.9061,,0.850,0,4355.5
373,5,11,fog-20,1,fog,2100.0,0.0000,0.3000,2,100.200,,0,0.9011,,0.850,0,4355.5
374,5,11,fog-20,1,fog,2200.0,0.0000,0.3000,2,100.200,,0,0.8961,,0.850,0,4355.5
375,5,11,fog-20,1,fog,2300.0,0.0000,0.3000,2,100.200,,0,0.8911,,0.850,0,4355.5
376,5,11,fog-20,1,fog,2400.0,0.0000,0.3000,2,100.200,,0,0.8861,,0.850,0,4355.5
377,5,11,fog-20,1,fog,2500.0,0.0000,0.3000,2,100.200,,0,0.8811,,0.850,0,4355.5
378,5,11,fog-20,1,fog,2600.0,0.0000,0.3000,2,100.200,,0,0.8761,,0.850,0,4355.5
379,5,11,fog-20,1,fog,2700.0,1.0000,0.3000,116,102.850,1.0000,0,0.8711,,0.850,0,4355.5
380,5,11,fog-20,1,fog,2800.0,0.0000,0.3000,27,101.550,1.0000,0,0.8674,,0.850,0,4355.5
381,5,11,fog-20,1,fog,2900.0,0.0000,0.3000,4,100.400,0.0000,0,0.8624,,0.850,0,4355.5
382,5,11,fog-20,1,fog,3000.0,0.0000,0.3000,4,100.400,0.0000,0,0.8574,,0.850,0,4355.5
383,5,11,fog-20,1,fog,3100.0,1.0000,0.3000,109,103.000,1.0000,0,0.8524,,0.850,0,4355.5
384,5,11,fog-20,1,fog,3200.0,0.0000,0.3000,26,101.600,1.0000,0,0.8491,,0.850,0,4355.5
385,5,11,fog-20,1,fog,3300.0,0.0000,0.3000,6,100.600,0.0000,0,0.8441,,0.850,0,4355.5
386,5,11,fog-20,1,fog,3400.0,0.0000,0.3000,6,100.600,0.0000,0,0.8391,,0.850,0,4355.5
387,5,11,fog-20,1,fog,3500.0,0.0000,0.3000,6,100.600,0.0000,0,0.8341,,0.850,0,4355.5
388,5,11,fog-20,1,fog,3600.0,0.0000,0.3000,6,100.600,0.0000,0,0.8291,,0.850,0,4355.5
389,5,11,fog-20,1,fog,3700.0,0.0000,0.3000,6,100.600,0.0000,0,0.8241,,0.850,0,4355.5
390,5,11,fog-20,1,fog,3800.0,0.0000,0.3000,6,100.600,0.0000,0,0.8191,,0.850,0,4355.5
391,5,11,fog-20,1,fog,3900.0,0.0000,0.3000,6,100.600,0.0000,0,0.8141,,0.850,0,4355.5
392,5,11,fog-20,1,fog,4000.0,0.0000,0.3000,6,100.600,0.0000,0,0.8091,,0.850,0,4355.5
393,5,11,fog-20,1,fog,4100.0,0.0000,0.3000,6,100.600,0.0000,0,0.8041,,0.850,0,4355.5
394,5,11,fog-20,1,fog,4200.0,0.0000,0.3000,6,100.600,0.0000,0,0.7991,,0.850,1,4355.5
395,5,11,fog-20,1,fog,4300.0,0.6429,0.3000,40,102.300,1.0000,0,0.7942,,0.850,1,4355.5
396,5,12,fog-21,1,fog,0.0,0.0000,0.3000,0,100.000,,0,1.0000,,0.850,0,2739.9
397,5,12,fog-21,1,fog,100.0,0.1786,0.3000,8,100.400,1.0000,0,0.9950,,0.850,0,2739.9
398,5,12,fog-21,1,fog,200.0,0.6071,0.3000,38,101.850,1.0000,0,0.9903,,0.850,0,2739.9
399,5,12,fog-21,1,fog,300.0,0.6429,0.3000,40,101.850,1.0000,0,0.9856,,0.850,0,2739.9
400,5,12,fog-21,1,fog,400.0,0.7500,0.3000,47,102.200,1.0000,0,0.9806,,0.850,0,2739.9
401,5,12,fog-21,1,fog,500.0,0.7857,0.3000,50,102.400,1.0000,0,0.9756,,0.850,0,2739.9
402,5,12,fog-21,1,fog,600.0,0.0000,0.3000,5,100.400,1.0000,0,0.9734,,0.850,0,2739.9
403,5,12,fog-21,1,fog,700.0,0.0000,0.3000,3,100.300,0.0000,0,0.9684,,0.850,0,2739.9
404,5,12,fog-21,1,fog,800.0,0.0000,0.3000,3,100.300,0.0000,0,0.9634,,0.850,0,2739.9
405,5,12,fog-21,1,fog,900.0,0.0000,0.3000,3,100.300,0.0000,0,0.9584,,0.850,0,2739.9
406,5,12,fog-21,1,fog,1000.0,0.6429,0.3000,37,102.000,1.0000,0,0.9535,,0.850,0,2739.9
407,5,12,fog-21,1,fog,1100.0,0.6786,0.3000,41,102.200,1.0000,0,0.9486,,0.850,0,2739.9
408,5,12,fog-21,1,fog,1200.0,0.0000,0.3000,5,100.400,1.0000,0,0.9466,,0.850,0,2739.9
409,5,12,fog-21,1,fog,1300.0,1.0000,0.3000,113,102.900,1.0000,0,0.9416,,0.850,0,2739.9
410,5,12,fog-21,1,fog,1400.0,1.0000,0.3000,157,103.250,1.0000,0,0.9366,,0.850,0,2739.9
411,5,12,fog-21,1,fog,1500.0,1.0000,0.3000,178,103.300,1.0000,0,0.9316,,0.850,0,2739.9
412,5,12,fog-21,1,fog,1600.0,0.7500,0.3000,149,103.100,1.0000,0,0.9266,,0.850,0,2739.9
413,5,12,fog-21,1,fog,1700.0,1.0000,0.3000,191,103.950,1.0000,0,0.9216,,0.850,0,2739.9
414,5,12,fog-21,1,fog,1800.0,1.0000,0.3000,206,103.450,1.0000,0,0.9166,,0.850,0,2739.9
415,5,12,fog-21,1,fog,1900.0,0.7857,0.3000,183,103.150,1.0000,0,0.9116,,0.850,0,2739.9
416,5,12,fog-21,1,fog,2000.0,0.0000,0.3000,84,103.000,1.0000,0,0.9066,,0.850,0,2739.9
417,5,12,fog-21,1,fog,2100.0,0.6071,0.3000,60,103.400,1.0000,0,0.9016,,0.850,0,2739.9
418,5,12,fog-21,1,fog,2200.0,0.0000,0.3000,10,100.900,1.0000,0,0.8997,,0.850,0,2739.9
419,5,12,fog-21,1,fog,2300.0,0.0000,0.3000,8,100.800,0.0000,0,0.8947,,0.850,0,2739.9
420,5,12,fog-21,1,fog,2400.0,0.0000,0.3000,8,100.800,0.0000,0,0.8897,,0.850,0,2739.9
421,5,12,fog-21,1,fog,2500.0,0.0000,0.3000,8,100.800,0.0000,0,0.8847,,0.850,0,2739.9
422,5,12,fog-21,1,fog,2600.0,0.0000,0.3000,8,100.800,0.0000,0,0.8797,,0.850,1,2739.9
423,5,12,fog-21,1,fog,2700.0,0.0000,0.3000,8,100.800,0.0000,0,0.8747,,0.850,1,2739.9
424,5,13,fog-22,1,fog,0.0,0.0000,0.3000,0,100.000,,0,1.0000,,0.850,0,714.9
425,5,13,fog-22,1,fog,100.0,0.2857,0.3000,18,100.700,1.0000,0,0.9950,,0.850,0,714.9
426,5,13,fog-22,1,fog,200.0,1.0000,0.3000,109,102.700,1.0000,0,0.9900,,0.850,0,714.9
427,5,13,fog-22,1,fog,300.0,1.0000,0.3000,156,103.150,1.0000,0,0.9850,,0.850,0,714.9
428,5,13,fog-22,1,fog,400.0,0.6429,0.3000,113,102.350,1.0000,0,0.9800,,0.850,0,714.9
429,5,13,fog-22,1,fog,500.0,1.0000,0.3000,169,103.450,1.0000,0,0.9750,,0.850,0,714.9
430,5,13,fog-22,1,fog,600.0,1.0000,0.3000,194,103.200,1.0000,0,0.9700,,0.850,1,714.9
431,5,13,fog-22,1,fog,700.0,0.6429,0.3000,153,102.300,1.0000,0,0.9650,,0.850,1,714.9
432,5,14,fog-23,1,fog,0.0,0.0000,0.3000,0,100.000,,0,1.0000,,0.850,0,
433,5,14,fog-23,1,fog,100.0,0.0000,0.3000,0,100.000,,0,0.9950,,0.850,0,
434,5,14,fog-23,1,fog,200.0,0.0000,0.3000,0,100.000,,0,0.9900,,0.850,0,
435,5,14,fog-23,1,fog,300.0,0.0000,0.3000,0,100.000,,0,0.9850,,0.850,0,
436,5,14,fog-23,1,fog,400.0,0.0000,0.3000,0,100.000,,0,0.9800,,0.850,0,
437,5,14,fog-23,1,fog,500.0,0.0000,0.3000,0,100.000,,0,0.9750,,0.850,0,
438,5,14,fog-23,1,fog,600.0,0.0000,0.3000,0,100.000,,0,0.9700,,0.850,0,
439,5,14,fog-23,1,fog,700.0,0.0000,0.3000,0,100.000,,0,0.9650,,0.850,0,
440,5,14,fog-23,1,fog,800.0,0.0000,0.3000,0,100.000,,0,0.9600,,0.850,0,
441,5,14,fog-23,1,fog,900.0,0.0000,0.3000,0,100.000,,0,0.9550,,0.850,0,
442,5,14,fog-23,1,fog,1000.0,0.0000,0.3000,0,100.000,,0,0.9500,,0.850,0,
443,5,14,fog-23,1,fog,1100.0,0.0000,0.3000,0,100.000,,0,0.9450,,0.850,0,
444,5,14,fog-23,1,fog,1200.0,0.0000,0.3000,0,100.000,,0,0.9400,,0.850,0,
445,5,14,fog-23,1,fog,1300.0,0.0000,0.3000,0,100.000,,0,0.9350,,0.850,0,
446,5,14,fog-23,1,fog,1400.0,0.0000,0.3000,0,100.000,,0,0.9300,,0.850,0,
447,5,14,fog-23,1,fog,1500.0,0.0000,0.3000,0,100.000,,0,0.9250,,0.850,0,
448,5,14,fog-23,1,fog,1600.0,0.0000,0.3000,0,100.000,,0,0.9200,,0.850,0,
449,5,14,fog-23,1,fog,1700.0,0.0000,0.3000,0,100.000,,0,0.9150,,0.850,0,
450,5,14,fog-23,1,fog,1800.0,0.0000,0.3000,0,100.000,,0,0.9100,,0.850,0,
451,5,14,fog-23,1,fog,1900.0,0.0000,0.3000,0,100.000,,0,0.9050,,0.850,0,
452,5,14,fog-23,1,fog,2000.0,0.0000,0.3000,0,100.000,,0,0.9000,,0.850,0,
453,5,14,fog-23,1,fog,2100.0,0.0000,0.3000,0,100.000,,0,0.8950,,0.850,0,
454,5,14,fog-23,1,fog,2200.0,0.0000,0.3000,0,100.000,,0,0.8900,,0.850,0,
455,5,14,fog-23,1,fog,2300.0,0.0000,0.3000,0,100.000,,0,0.8850,,0.850,0,
456,5,14,fog-23,1,fog,2400.0,0.0000,0.3000,0,100.000,,0,0.8800,,0.850,0,
457,5,14,fog-23,1,fog,2500.0,0.0000,0.3000,0,100.000,,0,0.8750,,0.850,0,
458,5,14,fog-23,1,fog,2600.0,0.0000,0.3000,0,100.000,,0,0.8700,,0.850,0,
459,5,14,fog-23,1,fog,2700.0,0.0000,0.3000,0,100.000,,0,0.8650,,0.850,0,
460,5,14,fog-23,1,fog,2800.0,0.0000,0.3000,0,100.000,,0,0.8600,,0.850,0,
461,5,14,fog-23,1,fog,2900.0,0.0000,0.3000,0,100.000,,0,0.8550,,0.850,0,
462,5,14,fog-23,1,fog,3000.0,0.0000,0.3000,0,100.000,,0,0.8500,,0.850,0,
463,5,14,fog-23,1,fog,3100.0,0.0000,0.3000,0,100.000,,0,0.8450,,0.850,0,
464,5,14,fog-23,1,fog,3200.0,0.0000,0.3000,0,100.000,,0,0.8400,,0.850,0,
465,5,14,fog-23,1,fog,3300.0,0.0000,0.3000,0,100.000,,0,0.8350,,0.850,0,
466,5,14,fog-23,1,fog,3400.0,0.0000,0.3000,0,100.000,,0,0.8300,,0.850,0,
467,5,14,fog-23,1,fog,3500.0,0.0000,0.3000,0,100.000,,0,0.8250,,0.850,0,
468,5,14,fog-23,1,fog,3600.0,0.0000,0.3000,0,100.000,,0,0.8200,,0.850,0,
469,5,14,fog-23,1,fog,3700.0,0.0000,0.3000,0,100.000,,0,0.8150,,0.850,0,
470,5,14,fog-23,1,fog,3800.0,0.0000,0.3000,0,100.000,,0,0.8100,,0.850,0,
471,5,14,fog-23,1,fog,3900.0,0.0000,0.3000,0,100.000,,0,0.8050,,0.850,0,
472,5,14,fog-23,1,fog,4000.0,0.0000,0.3000,0,100.000,,0,0.8000,,0.850,0,
473,5,14,fog-23,1,fog,4100.0,0.0000,0.3000,0,100.000,,0,0.7950,,0.850,0,
474,5,14,fog-23,1,fog,4200.0,0.0000,0.3000,0,100.000,,0,0.7900,,0.850,0,
475,5,14,fog-23,1,fog,4300.0,0.0000,0.3000,0,100.000,,0,0.7850,,0.850,0,
476,5,14,fog-23,1,fog,4400.0,0.0000,0.3000,0,100.000,,0,0.7800,,0.850,0,
477,5,14,fog-23,1,fog,4500.0,0.0000,0.3000,0,100.000,,0,0.7750,,0.850,0,
478,5,14,fog-23,1,fog,4600.0,0.0000,0.3000,0,100.000,,0,0.7700,,0.850,0,
479,5,14,fog-23,1,fog,4700.0,0.0000,0.3000,0,100.000,,0,0.7650,,0.850,0,
480,5,14,fog-23,1,fog,4800.0,0.0000,0.3000,0,100.000,,0,0.7600,,0.850,0,
481,5,14,fog-23,1,fog,4900.0,0.0000,0.3000,0,100.000,,0,0.7550,,0.850,0,
482,5,14,fog-23,1,fog,5000.0,0.0000,0.3000,0,100.000,,0,0.7500,,0.850,0,
483,5,15,fog-24,1,fog,0.0,0.0000,0.3000,0,100.000,,0,1.0000,,0.850,0,
484,5,15,fog-24,1,fog,100.0,0.0000,0.3000,0,100.000,,0,0.9950,,0.850,0,
485,5,15,fog-24,1,fog,200.0,0.0000,0.3000,0,100.000,,0,0.9900,,0.850,0,
486,5,15,fog-24,1,fog,300.0,0.0000,0.3000,0,100.000,,0,0.9850,,0.850,0,
487,5,15,fog-24,1,fog,400.0,0.0000,0.3000,0,100.000,,0,0.9800,,0.850,0,
488,5,15,fog-24,1,fog,500.0,0.0000,0.3000,0,100.000,,0,0.9750,,0.850,0,
489,5,15,fog-24,1,fog,600.0,0.0000,0.3000,0,100.000,,0,0.9700,,0.850,0,
490,5,15,fog-24,1,fog,700.0,0.0000,0.3000,0,100.000,,0,0.9650,,0.850,0,
491,5,15,fog-24,1,fog,800.0,0.0000,0.3000,0,100.000,,0,0.9600,,0.850,0,
492,5,15,fog-24,1,fog,900.0,0.0000,0.3000,0,100.000,,0,0.9550,,0.850,0,
493,5,15,fog-24,1,fog,1000.0,0.0000,0.3000,0,100.000,,0,0.9500,,0.850,0,
494,5,15,fog-24,1,fog,1100.0,0.0000,0.3000,0,100.000,,0,0.9450,,0.850,0,
495,5,15,fog-24,1,fog,1200.0,0.0000,0.3000,0,100.000,,0,0.9400,,0.850,0,
496,5,15,fog-24,1,fog,1300.0,0.0000,0.3000,0,100.000,,0,0.9350,,0.850,0,
497,5,15,fog-24,1,fog,1400.0,0.0000,0.3000,0,100.000,,0,0.9300,,0.850,0,
498,5,15,fog-24,1,fog,1500.0,0.0000,0.3000,0,100.000,,0,0.9250,,0.850,0,
499,5,15,fog-24,1,fog,1600.0,0.0000,0.3000,0,100.000,,0,0.9200,,0.850,0,
500,5,15,fog-24,1,fog,1700.0,0.0000,0.3000,0,100.000,,0,0.9150,,0.850,0,
501,5,15,fog-24,1,fog,1800.0,0.0000,0.3000,0,100.000,,0,0.9100,,0.850,0,
502,5,15,fog-24,1,fog,1900.0,0.0000,0.3000,0,100.000,,0,0.9050,,0.850,0,
503,5,15,fog-24,1,fog,2000.0,0.0000,0.3000,0,100.000,,0,0.9000,,0.850,0,
504,5,15,fog-24,1,fog,2100.0,0.0000,0.3000,0,100.000,,0,0.8950,,0.850,0,
505,5,15,fog-24,1,fog,2200.0,0.0000,0.3000,0,100.000,,0,0.8900,,0.850,0,
506,5,15,fog-24,1,fog,2300.0,0.0000,0.3000,0,100.000,,0,0.8850,,0.850,0,
507,5,15,fog-24,1,fog,2400.0,0.0000,0.3000,0,100.000,,0,0.8800,,0.850,0,
508,5,15,fog-24,1,fog,2500.0,0.0000,0.3000,0,100.000,,0,0.8750,,0.850,0,
509,5,15,fog-24,1,fog,2600.0,0.0000,0.3000,0,100.000,,0,0.8700,,0.850,0,
510,5,15,fog-24,1,fog,2700.0,0.0000,0.3000,0,100.000,,0,0.8650,,0.850,0,
511,5,15,fog-24,1,fog,2800.0,0.0000,0.3000,0,100.000,,0,0.8600,,0.850,0,
512,5,15,fog-24,1,fog,2900.0,0.0000,0.3000,0,100.000,,0,0.8550,,0.850,0,
513,5,15,fog-24,1,fog,3000.0,0.0000,0.3000,0,100.000,,0,0.8500,,0.850,0,
514,5,15,fog-24,1,fog,3100.0,0.0000,0.3000,0,100.000,,0,0.8450,,0.850,0,
515,5,15,fog-24,1,fog,3200.0,0.0000,0.3000,0,100.000,,0,0.8400,,0.850,0,
516,5,15,fog-24,1,fog,3300.0,0.0000,0.3000,0,100.000,,0,0.8350,,0.850,0,
517,5,15,fog-24,1,fog,3400.0,0.0000,0.3000,0,100.000,,0,0.8300,,0.850,0,
518,5,15,fog-24,1,fog,3500.0,0.0000,0.3000,0,100.000,,0,0.8250,,0.850,0,
519,5,15,fog-24,1,fog,3600.0,0.0000,0.3000,0,100.000,,0,0.8200,,0.850,0,
520,5,15,fog-24,1,fog,3700.0,0.0000,0.3000,0,100.000,,0,0.8150,,0.850,0,
521,5,15,fog-24,1,fog,3800.0,0.0000,0.3000,0,100.000,,0,0.8100,,0.850,0,
522,5,15,fog-24,1,fog,3900.0,0.0000,0.3000,0,100.000,,0,0.8050,,0.850,0,
523,5,15,fog-24,1,fog,4000.0,0.0000,0.3000,0,100.000,,0,0.8000,,0.850,0,
524,5,15,fog-24,1,fog,4100.0,0.0000,0.3000,0,100.000,,0,0.7950,,0.850,0,
525,5,15,fog-24,1,fog,4200.0,0.0000,0.3000,0,100.000,,0,0.7900,,0.850,0,
526,5,15,fog-24,1,fog,4300.0,0.0000,0.3000,0,100.000,,0,0.7850,,0.850,0,
527,5,15,fog-24,1,fog,4400.0,0.0000,0.3000,0,100.000,,0,0.7800,,0.850,0,
528,5,15,fog-24,1,fog,4500.0,0.0000,0.3000,0,100.000,,0,0.7750,,0.850,0,
529,5,15,fog-24,1,fog,4600.0,0.0000,0.3000,0,100.000,,0,0.7700,,0.850,0,
530,5,15,fog-24,1,fog,4700.0,0.0000,0.3000,0,100.000,,0,0.7650,,0.850,0,
531,5,15,fog-24,1,fog,4800.0,0.0000,0.3000,0,100.000,,0,0.7600,,0.850,0,
532,5,15,fog-24,1,fog,4900.0,0.0000,0.3000,0,100.000,,0,0.7550,,0.850,0,
533,5,15,fog-24,1,fog,5000.0,0.0000,0.3000,0,100.000,,0,0.7500,,0.850,0,
534,5,16,fog-25,1,fog,0.0,0.0000,0.3000,0,100.000,,0,1.0000,,0.850,0,
535,5,16,fog-25,1,fog,100.0,0.0000,0.3000,0,100.000,,0,0.9950,,0.850,0,
536,5,16,fog-25,1,fog,200.0,0.0000,0.3000,0,100.000,,0,0.9900,,0.850,0,
537,5,16,fog-25,1,fog,300.0,0.0000,0.3000,0,100.000,,0,0.9850,,0.850,0,
538,5,16,fog-25,1,fog,400.0,0.0000,0.3000,0,100.000,,0,0.9800,,0.850,0,
539,5,16,fog-25,1,fog,500.0,0.0000,0.3000,0,100.000,,0,0.9750,,0.850,0,
540,5,16,fog-25,1,fog,600.0,0.0000,0.3000,0,100.000,,0,0.9700,,0.850,0,
541,5,16,fog-25,1,fog,700.0,0.6786,0.3000,42,101.700,1.0000,0,0.9651,,0.850,0,
542,5,16,fog-25,1,fog,800.0,0.0000,0.3000,5,100.300,1.0000,0,0.9627,,0.850,0,
543,5,16,fog-25,1,fog,900.0,0.0000,0.3000,1,100.100,,0,0.9577,,0.850,0,
544,5,16,fog-25,1,fog,1000.0,0.6429,0.3000,40,101.750,1.0000,0,0.9528,,0.850,0,
545,5,16,fog-25,1,fog,1100.0,0.0000,0.3000,5,100.350,1.0000,0,0.9505,,0.850,0,
546,5,16,fog-25,1,fog,1200.0,0.0000,0.3000,2,100.200,,0,0.9455,,0.850,0,
547,5,16,fog-25,1,fog,1300.0,0.0000,0.3000,2,100.200,,0,0.9405,,0.850,0,
548,5,16,fog-25,1,fog,1400.0,0.0000,0.3000,2,100.200,,0,0.9355,,0.850,0,
549,5,16,fog-25,1,fog,1500.0,0.0000,0.3000,2,100.200,,0,0.9305,,0.850,0,
550,5,16,fog-25,1,fog,1600.0,0.0000,0.3000,2,100.200,,0,0.9255,,0.850,0,
551,5,16,fog-25,1,fog,1700.0,0.0000,0.3000,2,100.200,,0,0.9205,,0.850,0,
552,5,16,fog-25,1,fog,1800.0,0.6786,0.3000,44,101.900,1.0000,0,0.9155,,0.850,0,
553,5,16,fog-25,1,fog,1900.0,0.0000,0.3000,7,100.500,1.0000,0,0.9131,,0.850,0,
554,5,16,fog-25,1,fog,2000.0,0.0000,0.3000,3,100.300,0.0000,0,0.9081,,0.850,0,
555,5,16,fog-25,1,fog,2100.0,0.0000,0.3000,3,100.300,0.0000,0,0.9031,,0.850,0,
556,5,16,fog-25,1,fog,2200.0,0.0000,0.3000,3,100.300,0.0000,0,0.8981,,0.850,0,
557,5,16,fog-25,1,fog,2300.0,0.0000,0.3000,3,100.300,0.0000,0,0.8931,,0.850,0,
558,5,16,fog-25,1,fog,2400.0,0.0000,0.3000,3,100.300,0.0000,0,0.8881,,0.850,0,
559,5,16,fog-25,1,fog,2500.0,0.0000,0.3000,3,100.300,0.0000,0,0.8831,,0.850,0,
560,5,16,fog-25,1,fog,2600.0,0.0000,0.3000,3,100.300,0.0000,0,0.8781,,0.850,0,
561,5,16,fog-25,1,fog,2700.0,0.0000,0.3000,3,100.300,0.0000,0,0.8731,,0.850,0,
562,5,16,fog-25,1,fog,2800.0,0.0000,0.3000,3,100.300,0.0000,0,0.8681,,0.850,0,
563,5,16,fog-25,1,fog,2900.0,0.0000,0.3000,3,100.300,0.0000,0,0.8631,,0.850,0,
564,5,16,fog-25,1,fog,3000.0,0.0000,0.3000,3,100.300,0.0000,0,0.8581,,0.850,0,
565,5,16,fog-25,1,fog,3100.0,0.0000,0.3000,3,100.300,0.0000,0,0.8531,,0.850,0,
566,5,16,fog-25,1,fog,3200.0,0.0000,0.3000,3,100.300,0.0000,0,0.8481,,0.850,0,
567,5,16,fog-25,1,fog,3300.0,0.0000,0.3000,3,100.300,0.0000,0,0.8431,,0.850,0,
568,5,16,fog-25,1,fog,3400.0,0.0000,0.3000,3,100.300,0.0000,0,0.8381,,0.850,0,
569,5,16,fog-25,1,fog,3500.0,0.0000,0.3000,3,100.300,0.0000,0,0.8331,,0.850,0,
570,5,16,fog-25,1,fog,3600.0,0.0000,0.3000,3,100.300,0.0000,0,0.8281,,0.850,0,
571,5,16,fog-25,1,fog,3700.0,0.0000,0.3000,3,100.300,0.0000,0,0.8231,,0.850,0,
572,5,16,fog-25,1,fog,3800.0,0.0000,0.3000,3,100.300,0.0000,0,0.8181,,0.850,0,
573,5,16,fog-25,1,fog,3900.0,0.0000,0.3000,3,100.300,0.0000,0,0.8131,,0.850,0,
574,5,16,fog-25,1,fog,4000.0,0.6429,0.3000,41,102.000,1.0000,0,0.8082,,0.850,0,
575,5,16,fog-25,1,fog,4100.0,0.0000,0.3000,6,100.500,1.0000,0,0.8059,,0.850,0,
576,5,16,fog-25,1,fog,4200.0,0.0000,0.3000,4,100.400,0.0000,0,0.8009,,0.850,0,
577,5,16,fog-25,1,fog,4300.0,0.0000,0.3000,4,100.400,0.0000,0,0.7959,,0.850,0,
578,5,16,fog-25,1,fog,4400.0,0.0000,0.3000,4,100.400,0.0000,0,0.7909,,0.850,0,
579,5,16,fog-25,1,fog,4500.0,0.6786,0.3000,40,102.200,1.0000,0,0.7859,,0.850,0,
580,5,16,fog-25,1,fog,4600.0,0.0000,0.3000,7,100.600,1.0000,0,0.7841,,0.850,0,
581,5,16,fog-25,1,fog,4700.0,0.0000,0.3000,5,100.500,0.0000,0,0.7791,,0.850,0,
582,5,16,fog-25,1,fog,4800.0,0.0000,0.3000,5,100.500,0.0000,0,0.7741,,0.850,0,
583,5,16,fog-25,1,fog,4900.0,1.0000,0.3000,116,103.050,1.0000,0,0.7691,,0.850,0,
584,5,16,fog-25,1,fog,5000.0,0.0000,0.3000,30,101.850,1.0000,0,0.7655,,0.850,0,
585,5,17,fog-26,1,fog,0.0,0.0000,0.3000,0,100.000,,0,1.0000,,0.850,0,
586,5,17,fog-26,1,fog,100.0,0.2500,0.3000,15,100.650,1.0000,0,0.9950,,0.850,0,
587,5,17,fog-26,1,fog,200.0,0.0000,0.3000,2,100.150,,0,0.9929,,0.850,0,
588,5,17,fog-26,1,fog,300.0,0.0000,0.3000,1,100.100,,0,0.9879,,0.850,0,
589,5,17,fog-26,1,fog,400.0,0.0000,0.3000,1,100.100,,0,0.9829,,0.850,0,
590,5,17,fog-26,1,fog,500.0,0.0000,0.3000,1,100.100,,0,0.9779,,0.850,0,
591,5,17,fog-26,1,fog,600.0,0.6786,0.3000,37,101.900,1.0000,0,0.9731,,0.850,0,
592,5,17,fog-26,1,fog,700.0,0.0714,0.3000,8,100.500,1.0000,0,0.9707,,0.850,0,
593,5,17,fog-26,1,fog,800.0,0.6786,0.3000,43,101.950,1.0000,0,0.9659,,0.850,0,
594,5,17,fog-26,1,fog,900.0,0.6429,0.3000,40,102.150,1.0000,0,0.9610,,0.850,0,
595,5,17,fog-26,1,fog,1000.0,0.0714,0.3000,10,100.700,1.0000,0,0.9587,,0.850,0,
596,5,17,fog-26,1,fog,1100.0,0.0000,0.3000,4,100.400,0.0000,0,0.9537,,0.850,0,
597,5,17,fog-26,1,fog,1200.0,0.0000,0.3000,4,100.400,0.0000,0,0.9487,,0.850,0,
598,5,17,fog-26,1,fog,1300.0,0.7143,0.3000,46,102.300,1.0000,0,0.9438,,0.850,0,
599,5,17,fog-26,1,fog,1400.0,0.0000,0.3000,7,100.600,1.0000,0,0.9416,,0.850,0,
600,5,17,fog-26,1,fog,1500.0,0.0000,0.3000,5,100.500,0.0000,0,0.9366,,0.850,0,
601,5,17,fog-26,1,fog,1600.0,0.0000,0.3000,5,100.500,0.0000,0,0.9316,,0.850,0,
602,5,17,fog-26,1,fog,1700.0,0.6786,0.3000,41,102.300,1.0000,0,0.9267,,0.850,0,
603,5,17,fog-26,1,fog,1800.0,0.0714,0.3000,12,100.900,1.0000,0,0.9244,,0.850,0,
604,5,17,fog-26,1,fog,1900.0,0.0000,0.3000,6,100.600,0.0000,0,0.9194,,0.850,0,
605,5,17,fog-26,1,fog,2000.0,0.0000,0.3000,6,100.600,0.0000,0,0.9144,,0.850,0,
606,5,17,fog-26,1,fog,2100.0,0.0000,0.3000,6,100.600,0.0000,0,0.9094,,0.850,0,
607,5,17,fog-26,1,fog,2200.0,0.0000,0.3000,6,100.600,0.0000,0,0.9044,,0.850,0,
608,5,17,fog-26,1,fog,2300.0,0.0000,0.3000,6,100.600,0.0000,0,0.8994,,0.850,0,
609,5,17,fog-26,1,fog,2400.0,0.0000,0.3000,6,100.600,0.0000,0,0.8944,,0.850,0,
610,5,17,fog-26,1,fog,2500.0,0.0000,0.3000,6,100.600,0.0000,0,0.8894,,0.850,0,
611,5,17,fog-26,1,fog,2600.0,0.0000,0.3000,6,100.600,0.0000,0,0.8844,,0.850,0,
612,5,17,fog-26,1,fog,2700.0,0.0000,0.3000,6,100.600,0.0000,0,0.8794,,0.850,0,
613,5,17,fog-26,1,fog,2800.0,0.0000,0.3000,6,100.600,0.0000,0,0.8744,,0.850,0,
614,5,17,fog-26,1,fog,2900.0,1.0000,0.3000,188,103.750,1.0000,0,0.8694,,0.850,0,
615,5,17,fog-26,1,fog,3000.0,0.7143,0.3000,130,102.650,1.0000,0,0.8644,,0.850,0,
616,5,17,fog-26,1,fog,3100.0,0.0000,0.3000,58,103.400,1.0000,0,0.8599,,0.850,0,
617,5,17,fog-26,1,fog,3200.0,0.0000,0.3000,10,101.000,0.0000,0,0.8549,,0.850,0,
618,5,17,fog-26,1,fog,3300.0,1.0000,0.3000,104,103.450,1.0000,0,0.8499,,0.850,0,
619,5,17,fog-26,1,fog,3400.0,0.0000,0.3000,31,102.150,1.0000,0,0.8467,,0.850,0,
620,5,17,fog-26,1,fog,3500.0,0.0000,0.3000,12,101.200,0.0000,0,0.8417,,0.850,0,
621,5,17,fog-26,1,fog,3600.0,0.0000,0.3000,12,101.200,0.0000,0,0.8367,,0.850,0,
622,5,17,fog-26,1,fog,3700.0,0.0000,0.3000,12,101.200,0.0000,0,0.8317,,0.850,0,
623,5,17,fog-26,1,fog,3800.0,0.0000,0.3000,12,101.200,0.0000,0,0.8267,,0.850,0,
624,5,17,fog-26,1,fog,3900.0,0.6786,0.3000,52,103.000,1.0000,0,0.8219,,0.850,0,
625,5,17,fog-26,1,fog,4000.0,0.7143,0.3000,59,103.200,1.0000,0,0.8170,,0.850,0,
626,5,17,fog-26,1,fog,4100.0,0.0000,0.3000,18,101.600,1.0000,0,0.8147,,0.850,0,
627,5,17,fog-26,1,fog,4200.0,0.0000,0.3000,14,101.400,0.0000,0,0.8097,,0.850,0,
628,5,17,fog-26,1,fog,4300.0,0.0000,0.3000,14,101.400,0.0000,0,0.8047,,0.850,0,
629,5,17,fog-26,1,fog,4400.0,0.6429,0.3000,50,103.100,1.0000,0,0.7998,,0.850,0,
630,5,17,fog-26,1,fog,4500.0,0.7143,0.3000,55,103.500,1.0000,0,0.7948,,0.850,0,
631,5,17,fog-26,1,fog,4600.0,0.0000,0.3000,18,101.700,1.0000,0,0.7928,,0.850,0,
632,5,17,fog-26,1,fog,4700.0,0.0000,0.3000,16,101.600,0.0000,0,0.7878,,0.850,0,
633,5,17,fog-26,1,fog,4800.0,1.0000,0.3000,121,104.050,1.0000,0,0.7828,,0.850,0,
634,5,17,fog-26,1,fog,4900.0,0.0000,0.3000,39,102.850,1.0000,0,0.7796,,0.850,0,
635,5,17,fog-26,1,fog,5000.0,0.0000,0.3000,18,101.800,0.0000,0,0.7746,,0.850,0,
636,5,18,fog-27,1,fog,0.0,0.0000,0.3000,0,100.000,,0,1.0000,,0.850,0,
637,5,18,fog-27,1,fog,100.0,0.0000,0.3000,0,100.000,,0,0.9950,,0.850,0,
638,5,18,fog-27,1,fog,200.0,0.0000,0.3000,0,100.000,,0,0.9900,,0.850,0,
639,5,18,fog-27,1,fog,300.0,0.0000,0.3000,0,100.000,,0,0.9850,,0.850,0,
640,5,18,fog-27,1,fog,400.0,0.6429,0.3000,40,101.600,1.0000,0,0.9802,,0.850,0,
641,5,18,fog-27,1,fog,500.0,0.5357,0.3000,33,101.700,1.0000,0,0.9758,,0.850,0,
642,5,18,fog-27,1,fog,600.0,0.6786,0.3000,39,102.000,1.0000,0,0.9709,,0.850,0,
643,5,18,fog-27,1,fog,700.0,0.0357,0.3000,5,100.300,1.0000,0,0.9688,,0.850,0,
644,5,18,fog-27,1,fog,800.0,0.0000,0.3000,1,100.100,,0,0.9638,,0.850,0,
645,5,18,fog-27,1,fog,900.0,0.0000,0.3000,1,100.100,,0,0.9588,,0.850,0,
646,5,18,fog-27,1,fog,1000.0,0.0000,0.3000,1,100.100,,0,0.9538,,0.850,0,
647,5,18,fog-27,1,fog,1100.0,0.0000,0.3000,1,100.100,,0,0.9488,,0.850,0,
648,5,18,fog-27,1,fog,1200.0,0.0000,0.3000,1,100.100,,0,0.9438,,0.850,0,
649,5,18,fog-27,1,fog,1300.0,0.0000,0.3000,1,100.100,,0,0.9388,,0.850,0,
650,5,18,fog-27,1,fog,1400.0,0.0000,0.3000,1,100.100,,0,0.9338,,0.850,0,
651,5,18,fog-27,1,fog,1500.0,0.0000,0.3000,1,100.100,,0,0.9288,,0.850,0,
652,5,18,fog-27,1,fog,1600.0,0.0000,0.3000,1,100.100,,0,0.9238,,0.850,0,
653,5,18,fog-27,1,fog,1700.0,0.0000,0.3000,1,100.100,,0,0.9188,,0.850,0,
654,5,18,fog-27,1,fog,1800.0,0.0000,0.3000,1,100.100,,0,0.9138,,0.850,0,
655,5,18,fog-27,1,fog,1900.0,0.0000,0.3000,1,100.100,,0,0.9088,,0.850,0,
656,5,18,fog-27,1,fog,2000.0,0.0000,0.3000,1,100.100,,0,0.9038,,0.850,0,
657,5,18,fog-27,1,fog,2100.0,0.0000,0.3000,1,100.100,,0,0.8988,,0.850,0,
658,5,18,fog-27,1,fog,2200.0,0.0000,0.3000,1,100.100,,0,0.8938,,0.850,0,
659,5,18,fog-27,1,fog,2300.0,0.0000,0.3000,1,100.100,,0,0.8888,,0.850,0,
660,5,18,fog-27,1,fog,2400.0,0.0000,0.3000,1,100.100,,0,0.8838,,0.850,0,
661,5,18,fog-27,1,fog,2500.0,0.0000,0.3000,1,100.100,,0,0.8788,,0.850,0,
662,5,18,fog-27,1,fog,2600.0,0.0000,0.3000,1,100.100,,0,0.8738,,0.850,0,
663,5,18,fog-27,1,fog,2700.0,0.0000,0.3000,1,100.100,,0,0.8688,,0.850,0,
664,5,18,fog-27,1,fog,2800.0,0.6429,0.3000,41,101.700,1.0000,0,0.8640,,0.850,0,
665,5,18,fog-27,1,fog,2900.0,0.6071,0.3000,38,102.000,1.0000,0,0.8590,,0.850,0,
666,5,18,fog-27,1,fog,3000.0,0.7143,0.3000,42,102.200,1.0000,0,0.8541,,0.850,0,
667,5,18,fog-27,1,fog,3100.0,0.0000,0.3000,4,100.300,1.0000,0,0.8521,,0.850,0,
668,5,18,fog-27,1,fog,3200.0,0.0000,0.3000,2,100.200,,0,0.8471,,0.850,0,
669,5,18,fog-27,1,fog,3300.0,0.0000,0.3000,2,100.200,,0,0.8421,,0.850,0,
670,5,18,fog-27,1,fog,3400.0,0.0000,0.3000,2,100.200,,0,0.8371,,0.850,0,
671,5,18,fog-27,1,fog,3500.0,0.0000,0.3000,2,100.200,,0,0.8321,,0.850,0,
672,5,18,fog-27,1,fog,3600.0,0.0000,0.3000,2,100.200,,0,0.8271,,0.850,0,
673,5,18,fog-27,1,fog,3700.0,0.7143,0.3000,46,102.000,1.0000,0,0.8223,,0.850,0,
674,5,18,fog-27,1,fog,3800.0,0.5357,0.3000,39,101.900,1.0000,0,0.8180,,0.850,0,
675,5,18,fog-27,1,fog,3900.0,0.5714,0.3000,33,101.800,1.0000,0,0.8132,,0.850,0,
676,5,18,fog-27,1,fog,4000.0,0.0000,0.3000,7,100.500,1.0000,0,0.8112,,0.850,0,
677,5,18,fog-27,1,fog,4100.0,0.6786,0.3000,41,102.100,1.0000,0,0.8063,,0.850,0,
678,5,18,fog-27,1,fog,4200.0,0.6429,0.3000,40,102.200,1.0000,0,0.8014,,0.850,0,
679,5,18,fog-27,1,fog,4300.0,0.6429,0.3000,42,102.200,1.0000,0,0.7965,,0.850,0,
680,5,18,fog-27,1,fog,4400.0,0.0000,0.3000,6,100.500,1.0000,0,0.7945,,0.850,0,
681,5,18,fog-27,1,fog,4500.0,0.0000,0.3000,4,100.400,0.0000,0,0.7895,,0.850,0,
682,5,18,fog-27,1,fog,4600.0,0.0000,0.3000,4,100.400,0.0000,0,0.7845,,0.850,0,
683,5,18,fog-27,1,fog,4700.0,0.0000,0.3000,4,100.400,0.0000,0,0.7795,,0.850,0,
684,5,18,fog-27,1,fog,4800.0,0.0000,0.3000,4,100.400,0.0000,0,0.7745,,0.850,0,
685,5,18,fog-27,1,fog,4900.0,0.0000,0.3000,4,100.400,0.0000,0,0.7695,,0.850,0,
686,5,18,fog-27,1,fog,5000.0,0.0000,0.3000,4,100.400,0.0000,0,0.7645,,0.850,0,
687,5,19,fog-28,1,fog,0.0,0.0000,0.3000,0,100.000,,0,1.0000,,0.850,0,
688,5,19,fog-28,1,fog,100.0,0.0000,0.3000,0,100.000,,0,0.9950,,0.850,0,
689,5,19,fog-28,1,fog,200.0,0.0000,0.3000,0,100.000,,0,0.9900,,0.850,0,
690,5,19,fog-28,1,fog,300.0,0.0000,0.3000,0,100.000,,0,0.9850,,0.850,0,
691,5,19,fog-28,1,fog,400.0,0.0000,0.3000,0,100.000,,0,0.9800,,0.850,0,
692,5,19,fog-28,1,fog,500.0,0.0000,0.3000,0,100.000,,0,0.9750,,0.850,0,
693,5,19,fog-28,1,fog,600.0,0.0000,0.3000,0,100.000,,0,0.9700,,0.850,0,
694,5,19,fog-28,1,fog,700.0,0.0000,0.3000,0,100.000,,0,0.9650,,0.850,0,
695,5,19,fog-28,1,fog,800.0,0.0000,0.3000,0,100.000,,0,0.9600,,0.850,0,
696,5,19,fog-28,1,fog,900.0,0.0000,0.3000,0,100.000,,0,0.9550,,0.850,0,
697,5,19,fog-28,1,fog,1000.0,0.0000,0.3000,0,100.000,,0,0.9500,,0.850,0,
698,5,19,fog-28,1,fog,1100.0,0.0000,0.3000,0,100.000,,0,0.9450,,0.850,0,
699,5,19,fog-28,1,fog,1200.0,0.0000,0.3000,0,100.000,,0,0.9400,,0.850,0,
700,5,19,fog-28,1,fog,1300.0,0.0000,0.3000,0,100.000,,0,0.9350,,0.850,0,
701,5,19,fog-28,1,fog,1400.0,0.0000,0.3000,0,100.000,,0,0.9300,,0.850,0,
702,5,19,fog-28,1,fog,1500.0,0.0000,0.3000,0,100.000,,0,0.9250,,0.850,0,
703,5,19,fog-28,1,fog,1600.0,0.0000,0.3000,0,100.000,,0,0.9200,,0.850,0,
704,5,19,fog-28,1,fog,1700.0,0.0000,0.3000,0,100.000,,0,0.9150,,0.850,0,
705,5,19,fog-28,1,fog,1800.0,0.0000,0.3000,0,100.000,,0,0.9100,,0.850,0,
706,5,19,fog-28,1,fog,1900.0,0.0000,0.3000,0,100.000,,0,0.9050,,0.850,0,
707,5,19,fog-28,1,fog,2000.0,0.0000,0.3000,0,100.000,,0,0.9000,,0.850,0,
708,5,19,fog-28,1,fog,2100.0,0.0000,0.3000,0,100.000,,0,0.8950,,0.850,0,
709,5,19,fog-28,1,fog,2200.0,0.0000,0.3000,0,100.000,,0,0.8900,,0.850,0,
710,5,19,fog-28,1,fog,2300.0,0.0000,0.3000,0,100.000,,0,0.8850,,0.850,0,
711,5,19,fog-28,1,fog,2400.0,0.0000,0.3000,0,100.000,,0,0.8800,,0.850,0,
712,5,19,fog-28,1,fog,2500.0,0.0000,0.3000,0,100.000,,0,0.8750,,0.850,0,
713,5,19,fog-28,1,fog,2600.0,0.0000,0.3000,0,100.000,,0,0.8700,,0.850,0,
714,5,19,fog-28,1,fog,2700.0,0.0000,0.3000,0,100.000,,0,0.8650,,0.850,0,
715,5,19,fog-28,1,fog,2800.0,0.0000,0.3000,0,100.000,,0,0.8600,,0.850,0,
716,5,19,fog-28,1,fog,2900.0,0.0000,0.3000,0,100.000,,0,0.8550,,0.850,0,
717,5,19,fog-28,1,fog,3000.0,0.0000,0.3000,0,100.000,,0,0.8500,,0.850,0,
718,5,19,fog-28,1,fog,3100.0,0.0000,0.3000,0,100.000,,0,0.8450,,0.850,0,
719,5,19,fog-28,1,fog,3200.0,0.0000,0.3000,0,100.000,,0,0.8400,,0.850,0,
720,5,19,fog-28,1,fog,3300.0,0.0000,0.3000,0,100.000,,0,0.8350,,0.850,0,
721,5,19,fog-28,1,fog,3400.0,0.0000,0.3000,0,100.000,,0,0.8300,,0.850,0,
722,5,19,fog-28,1,fog,3500.0,0.0000,0.3000,0,100.000,,0,0.8250,,0.850,0,
723,5,19,fog-28,1,fog,3600.0,0.0000,0.3000,0,100.000,,0,0.8200,,0.850,0,
724,5,19,fog-28,1,fog,3700.0,0.0000,0.3000,0,100.000,,0,0.8150,,0.850,0,
725,5,19,fog-28,1,fog,3800.0,0.0000,0.3000,0,100.000,,0,0.8100,,0.850,0,
726,5,19,fog-28,1,fog,3900.0,0.0000,0.3000,0,100.000,,0,0.8050,,0.850,0,
727,5,19,fog-28,1,fog,4000.0,0.0000,0.3000,0,100.000,,0,0.8000,,0.850,0,
728,5,19,fog-28,1,fog,4100.0,0.0000,0.3000,0,100.000,,0,0.7950,,0.850,0,
729,5,19,fog-28,1,fog,4200.0,0.0000,0.3000,0,100.000,,0,0.7900,,0.850,0,
730,5,19,fog-28,1,fog,4300.0,0.0000,0.3000,0,100.000,,0,0.7850,,0.850,0,
731,5,19,fog-28,1,fog,4400.0,0.0000,0.3000,0,100.000,,0,0.7800,,0.850,0,
732,5,19,fog-28,1,fog,4500.0,0.0000,0.3000,0,100.000,,0,0.7750,,0.850,0,
733,5,19,fog-28,1,fog,4600.0,0.0000,0.3000,0,100.000,,0,0.7700,,0.850,0,
734,5,19,fog-28,1,fog,4700.0,0.0000,0.3000,0,100.000,,0,0.7650,,0.850,0,
735,5,19,fog-28,1,fog,4800.0,0.0000,0.3000,0,100.000,,0,0.7600,,0.850,0,
736,5,19,fog-28,1,fog,4900.0,0.0000,0.3000,0,100.000,,0,0.7550,,0.850,0,
737,5,19,fog-28,1,fog,5000.0,0.0000,0.3000,0,100.000,,0,0.7500,,0.850,0,
738,5,20,fog-29,1,fog,0.0,0.0000,0.3000,0,100.000,,0,1.0000,,0.850,0,
739,5,20,fog-29,1,fog,100.0,0.0000,0.3000,0,100.000,,0,0.9950,,0.850,0,
740,5,20,fog-29,1,fog,200.0,0.0000,0.3000,0,100.000,,0,0.9900,,0.850,0,
741,5,20,fog-29,1,fog,300.0,0.0000,0.3000,0,100.000,,0,0.9850,,0.850,0,
742,5,20,fog-29,1,fog,400.0,0.0000,0.3000,0,100.000,,0,0.9800,,0.850,0,
743,5,20,fog-29,1,fog,500.0,0.0000,0.3000,0,100.000,,0,0.9750,,0.850,0,
744,5,20,fog-29,1,fog,600.0,0.0000,0.3000,0,100.000,,0,0.9700,,0.850,0,
745,5,20,fog-29,1,fog,700.0,0.0000,0.3000,0,100.000,,0,0.9650,,0.850,0,
746,5,20,fog-29,1,fog,800.0,0.0000,0.3000,0,100.000,,0,0.9600,,0.850,0,
747,5,20,fog-29,1,fog,900.0,0.0000,0.3000,0,100.000,,0,0.9550,,0.850,0,
748,5,20,fog-29,1,fog,1000.0,0.0000,0.3000,0,100.000,,0,0.9500,,0.850,0,
749,5,20,fog-29,1,fog,1100.0,0.0000,0.3000,0,100.000,,0,0.9450,,0.850,0,
750,5,20,fog-29,1,fog,1200.0,0.0000,0.3000,0,100.000,,0,0.9400,,0.850,0,
751,5,20,fog-29,1,fog,1300.0,0.0000,0.3000,0,100.000,,0,0.9350,,0.850,0,
752,5,20,fog-29,1,fog,1400.0,0.0000,0.3000,0,100.000,,0,0.9300,,0.850,0,
753,5,20,fog-29,1,fog,1500.0,0.0000,0.3000,0,100.000,,0,0.9250,,0.850,0,
754,5,20,fog-29,1,fog,1600.0,0.0000,0.3000,0,100.000,,0,0.9200,,0.850,0,
755,5,20,fog-29,1,fog,1700.0,0.0000,0.3000,0,100.000,,0,0.9150,,0.850,0,
756,5,20,fog-29,1,fog,1800.0,0.0000,0.3000,0,100.000,,0,0.9100,,0.850,0,
757,5,20,fog-29,1,fog,1900.0,0.0000,0.3000,0,100.000,,0,0.9050,,0.850,0,
758,5,20,fog-29,1,fog,2000.0,0.0000,0.3000,0,100.000,,0,0.9000,,0.850,0,
759,5,20,fog-29,1,fog,2100.0,0.0000,0.3000,0,100.000,,0,0.8950,,0.850,0,
760,5,20,fog-29,1,fog,2200.0,0.0000,0.3000,0,100.000,,0,0.8900,,0.850,0,
761,5,20,fog-29,1,fog,2300.0,0.0000,0.3000,0,100.000,,0,0.8850,,0.850,0,
762,5,20,fog-29,1,fog,2400.0,0.0000,0.3000,0,100.000,,0,0.8800,,0.850,0,
763,5,20,fog-29,1,fog,2500.0,0.0000,0.3000,0,100.000,,0,0.8750,,0.850,0,
764,5,20,fog-29,1,fog,2600.0,0.0000,0.3000,0,100.000,,0,0.8700,,0.850,0,
765,5,20,fog-29,1,fog,2700.0,0.0000,0.3000,0,100.000,,0,0.8650,,0.850,0,
766,5,20,fog-29,1,fog,2800.0,0.0000,0.3000,0,100.000,,0,0.8600,,0.850,0,
767,5,20,fog-29,1,fog,2900.0,0.0000,0.3000,0,100.000,,0,0.8550,,0.850,0,
768,5,20,fog-29,1,fog,3000.0,0.0000,0.3000,0,100.000,,0,0.8500,,0.850,0,
769,5,20,fog-29,1,fog,3100.0,0.0000,0.3000,0,100.000,,0,0.8450,,0.850,0,
770,5,20,fog-29,1,fog,3200.0,0.0000,0.3000,0,100.000,,0,0.8400,,0.850,0,
771,5,20,fog-29,1,fog,3300.0,0.0000,0.3000,0,100.000,,0,0.8350,,0.850,0,
772,5,20,fog-29,1,fog,3400.0,0.0000,0.3000,0,100.000,,0,0.8300,,0.850,0,
773,5,20,fog-29,1,fog,3500.0,0.0000,0.3000,0,100.000,,0,0.8250,,0.850,0,
774,5,20,fog-29,1,fog,3600.0,0.0000,0.3000,0,100.000,,0,0.8200,,0.850,0,
775,5,20,fog-29,1,fog,3700.0,0.0000,0.3000,0,100.000,,0,0.8150,,0.850,0,
776,5,20,fog-29,1,fog,3800.0,0.0000,0.3000,0,100.000,,0,0.8100,,0.850,0,
777,5,20,fog-29,1,fog,3900.0,0.0000,0.3000,0,100.000,,0,0.8050,,0.850,0,
778,5,20,fog-29,1,fog,4000.0,0.0000,0.3000,0,100.000,,0,0.8000,,0.850,0,
779,5,20,fog-29,1,fog,4100.0,0.0000,0.3000,0,100.000,,0,0.7950,,0.850,0,
780,5,20,fog-29,1,fog,4200.0,0.0000,0.3000,0,100.000,,0,0.7900,,0.850,0,
781,5,20,fog-29,1,fog,4300.0,0.0000,0.3000,0,100.000,,0,0.7850,,0.850,0,
782,5,20,fog-29,1,fog,4400.0,0.0000,0.3000,0,100.000,,0,0.7800,,0.850,0,
783,5,20,fog-29,1,fog,4500.0,0.0000,0.3000,0,100.000,,0,0.7750,,0.850,0,
784,5,20,fog-29,1,fog,4600.0,0.0000,0.3000,0,100.000,,0,0.7700,,0.850,0,
785,5,20,fog-29,1,fog,4700.0,0.0000,0.3000,0,100.000,,0,0.7650,,0.850,0,
786,5,20,fog-29,1,fog,4800.0,0.0000,0.3000,0,100.000,,0,0.7600,,0.850,0,
787,5,20,fog-29,1,fog,4900.0,0.0000,0.3000,0,100.000,,0,0.7550,,0.850,0,
788,5,20,fog-29,1,fog,5000.0,0.0000,0.3000,0,100.000,,0,0.7500,,0.850,0,
789,5,21,fog-30,1,fog,0.0,0.0000,0.3000,0,100.000,,0,1.0000,,0.850,0,972.4
790,5,21,fog-30,1,fog,100.0,0.2143,0.3000,10,100.500,1.0000,0,0.9950,,0.850,0,972.4
791,5,21,fog-30,1,fog,200.0,1.0000,0.3000,112,102.800,1.0000,0,0.9900,,0.850,0,972.4
792,5,21,fog-30,1,fog,300.0,1.0000,0.3000,238,103.950,1.0000,0,0.9850,,0.850,0,972.4
793,5,21,fog-30,1,fog,400.0,0.6071,0.3000,157,101.750,1.0000,0,0.9800,,0.850,0,972.4
794,5,21,fog-30,1,fog,500.0,0.0000,0.3000,85,102.850,1.0000,0,0.9750,,0.850,0,972.4
795,5,21,fog-30,1,fog,600.0,1.0000,0.3000,132,103.700,1.0000,0,0.9700,,0.850,0,972.4
796,5,21,fog-30,1,fog,700.0,0.6786,0.3000,79,103.100,1.0000,0,0.9650,,0.850,0,972.4
797,5,21,fog-30,1,fog,800.0,0.6429,0.3000,50,102.550,1.0000,0,0.9600,,0.850,1,972.4
798,5,21,fog-30,1,fog,900.0,1.0000,0.3000,122,103.650,1.0000,0,0.9550,,0.850,1,972.4
799,5,22,fog-31,1,fog,0.0,0.0000,0.3000,0,100.000,,0,1.0000,,0.850,0,
800,5,22,fog-31,1,fog,100.0,0.0000,0.3000,0,100.000,,0,0.9950,,0.850,0,
801,5,22,fog-31,1,fog,200.0,0.0000,0.3000,0,100.000,,0,0.9900,,0.850,0,
802,5,22,fog-31,1,fog,300.0,0.0000,0.3000,0,100.000,,0,0.9850,,0.850,0,
803,5,22,fog-31,1,fog,400.0,0.0000,0.3000,0,100.000,,0,0.9800,,0.850,0,
804,5,22,fog-31,1,fog,500.0,0.0000,0.3000,0,100.000,,0,0.9750,,0.850,0,
805,5,22,fog-31,1,fog,600.0,0.0000,0.3000,0,100.000,,0,0.9700,,0.850,0,
806,5,22,fog-31,1,fog,700.0,0.0000,0.3000,0,100.000,,0,0.9650,,0.850,0,
807,5,22,fog-31,1,fog,800.0,0.0000,0.3000,0,100.000,,0,0.9600,,0.850,0,
808,5,22,fog-31,1,fog,900.0,0.0000,0.3000,0,100.000,,0,0.9550,,0.850,0,
809,5,22,fog-31,1,fog,1000.0,0.6786,0.3000,38,101.900,1.0000,0,0.9501,,0.850,0,
810,5,22,fog-31,1,fog,1100.0,0.0357,0.3000,3,100.200,0.6966,0,0.9481,,0.850,0,
811,5,22,fog-31,1,fog,1200.0,0.0000,0.3000,1,100.100,,0,0.9431,,0.850,0,
812,5,22,fog-31,1,fog,1300.0,0.0000,0.3000,1,100.100,,0,0.9381,,0.850,0,
813,5,22,fog-31,1,fog,1400.0,0.0000,0.3000,1,100.100,,0,0.9331,,0.850,0,
814,5,22,fog-31,1,fog,1500.0,0.0000,0.3000,1,100.100,,0,0.9281,,0.850,0,
815,5,22,fog-31,1,fog,1600.0,0.0000,0.3000,1,100.100,,0,0.9231,,0.850,0,
816,5,22,fog-31,1,fog,1700.0,0.0000,0.3000,1,100.100,,0,0.9181,,0.850,0,
817,5,22,fog-31,1,fog,1800.0,0.0000,0.3000,1,100.100,,0,0.9131,,0.850,0,
818,5,22,fog-31,1,fog,1900.0,0.0000,0.3000,1,100.100,,0,0.9081,,0.850,0,
819,5,22,fog-31,1,fog,2000.0,0.0000,0.3000,1,100.100,,0,0.9031,,0.850,0,
820,5,22,fog-31,1,fog,2100.0,0.0000,0.3000,1,100.100,,0,0.8981,,0.850,0,
821,5,22,fog-31,1,fog,2200.0,0.0000,0.3000,1,100.100,,0,0.8931,,0.850,0,
822,5,22,fog-31,1,fog,2300.0,0.0000,0.3000,1,100.100,,0,0.8881,,0.850,0,
823,5,22,fog-31,1,fog,2400.0,0.0000,0.3000,1,100.100,,0,0.8831,,0.850,0,
824,5,22,fog-31,1,fog,2500.0,0.0000,0.3000,1,100.100,,0,0.8781,,0.850,0,
825,5,22,fog-31,1,fog,2600.0,0.6429,0.3000,40,101.750,1.0000,0,0.8734,,0.850,0,
826,5,22,fog-31,1,fog,2700.0,0.0000,0.3000,5,100.350,1.0000,0,0.8711,,0.850,0,
827,5,22,fog-31,1,fog,2800.0,0.0000,0.3000,2,100.200,,0,0.8661,,0.850,0,
828,5,22,fog-31,1,fog,2900.0,0.0000,0.3000,2,100.200,,0,0.8611,,0.850,0,
829,5,22,fog-31,1,fog,3000.0,0.0000,0.3000,2,100.200,,0,0.8561,,0.850,0,
830,5,22,fog-31,1,fog,3100.0,0.0000,0.3000,2,100.200,,0,0.8511,,0.850,0,
831,5,22,fog-31,1,fog,3200.0,0.0000,0.3000,2,100.200,,0,0.8461,,0.850,0,
832,5,22,fog-31,1,fog,3300.0,0.0000,0.3000,2,100.200,,0,0.8411,,0.850,0,
833,5,22,fog-31,1,fog,3400.0,0.0000,0.3000,2,100.200,,0,0.8361,,0.850,0,
834,5,22,fog-31,1,fog,3500.0,0.0000,0.3000,2,100.200,,0,0.8311,,0.850,0,
835,5,22,fog-31,1,fog,3600.0,0.0000,0.3000,2,100.200,,0,0.8261,,0.850,0,
836,5,22,fog-31,1,fog,3700.0,0.0000,0.3000,2,100.200,,0,0.8211,,0.850,0,
837,5,22,fog-31,1,fog,3800.0,0.0000,0.3000,2,100.200,,0,0.8161,,0.850,0,
838,5,22,fog-31,1,fog,3900.0,0.0000,0.3000,2,100.200,,0,0.8111,,0.850,0,
839,5,22,fog-31,1,fog,4000.0,0.0000,0.3000,2,100.200,,0,0.8061,,0.850,0,
840,5,22,fog-31,1,fog,4100.0,0.0000,0.3000,2,100.200,,0,0.8011,,0.850,0,
841,5,22,fog-31,1,fog,4200.0,0.6429,0.3000,36,101.900,1.0000,0,0.7963,,0.850,0,
842,5,22,fog-31,1,fog,4300.0,0.0714,0.3000,9,100.600,1.0000,0,0.7940,,0.850,0,
843,5,22,fog-31,1,fog,4400.0,0.0000,0.3000,3,100.300,0.0000,0,0.7890,,0.850,0,
844,5,22,fog-31,1,fog,4500.0,0.0000,0.3000,3,100.300,0.0000,0,0.7840,,0.850,0,
845,5,22,fog-31,1,fog,4600.0,0.0000,0.3000,3,100.300,0.0000,0,0.7790,,0.850,0,
846,5,22,fog-31,1,fog,4700.0,0.0000,0.3000,3,100.300,0.0000,0,0.7740,,0.850,0,
847,5,22,fog-31,1,fog,4800.0,0.0000,0.3000,3,100.300,0.0000,0,0.7690,,0.850,0,
848,5,22,fog-31,1,fog,4900.0,0.0000,0.3000,3,100.300,0.0000,0,0.7640,,0.850,0,
849,5,22,fog-31,1,fog,5000.0,0.0000,0.3000,3,100.300,0.0000,0,0.7590,,0.850,0,
850,5,23,fog-32,1,fog,0.0,0.0000,0.3000,0,100.000,,0,1.0000,,0.850,0,
851,5,23,fog-32,1,fog,100.0,0.0000,0.3000,0,100.000,,0,0.9950,,0.850,0,
852,5,23,fog-32,1,fog,200.0,0.7143,0.3000,42,101.900,1.0000,0,0.9901,,0.850,0,
853,5,23,fog-32,1,fog,300.0,0.0000,0.3000,3,100.200,1.0000,0,0.9879,,0.850,0,
854,5,23,fog-32,1,fog,400.0,0.0000,0.3000,1,100.100,,0,0.9829,,0.850,0,
855,5,23,fog-32,1,fog,500.0,0.0000,0.3000,1,100.100,,0,0.9779,,0.850,0,
856,5,23,fog-32,1,fog,600.0,1.0000,0.3000,110,102.700,1.0000,0,0.9729,,0.850,0,
857,5,23,fog-32,1,fog,700.0,0.0000,0.3000,25,101.400,1.0000,0,0.9693,,0.850,0,
858,5,23,fog-32,1,fog,800.0,0.0000,0.3000,3,100.300,0.0000,0,0.9643,,0.850,0,
859,5,23,fog-32,1,fog,900.0,0.0000,0.3000,3,100.300,0.0000,0,0.9593,,0.850,0,
860,5,23,fog-32,1,fog,1000.0,0.0000,0.3000,3,100.300,0.0000,0,0.9543,,0.850,0,
861,5,23,fog-32,1,fog,1100.0,0.0000,0.3000,3,100.300,0.0000,0,0.9493,,0.850,0,
862,5,23,fog-32,1,fog,1200.0,0.0000,0.3000,3,100.300,0.0000,0,0.9443,,0.850,0,
863,5,23,fog-32,1,fog,1300.0,0.0000,0.3000,3,100.300,0.0000,0,0.9393,,0.850,0,
864,5,23,fog-32,1,fog,1400.0,1.0000,0.3000,80,102.700,1.0000,0,0.9343,,0.850,0,
865,5,23,fog-32,1,fog,1500.0,1.0000,0.3000,125,103.250,1.0000,0,0.9293,,0.850,0,
866,5,23,fog-32,1,fog,1600.0,0.0000,0.3000,32,101.850,1.0000,0,0.9256,,0.850,0,
867,5,23,fog-32,1,fog,1700.0,0.7500,0.3000,49,102.500,1.0000,0,0.9207,,0.850,0,
868,5,23,fog-32,1,fog,1800.0,0.6071,0.3000,40,102.300,1.0000,0,0.9157,,0.850,0,
869,5,23,fog-32,1,fog,1900.0,0.0000,0.3000,8,100.700,1.0000,0,0.9138,,0.850,0,
870,5,23,fog-32,1,fog,2000.0,0.7500,0.3000,50,102.600,1.0000,0,0.9089,,0.850,0,
871,5,23,fog-32,1,fog,2100.0,0.0000,0.3000,8,100.700,1.0000,0,0.9067,,0.850,0,
872,5,23,fog-32,1,fog,2200.0,0.0000,0.3000,6,100.600,0.0000,0,0.9017,,0.850,0,
873,5,23,fog-32,1,fog,2300.0,0.0000,0.3000,6,100.600,0.0000,0,0.8967,,0.850,0,
874,5,23,fog-32,1,fog,2400.0,0.0000,0.3000,6,100.600,0.0000,0,0.8917,,0.850,0,
875,5,23,fog-32,1,fog,2500.0,0.6786,0.3000,42,102.400,1.0000,0,0.8867,,0.850,0,
876,5,23,fog-32,1,fog,2600.0,0.6071,0.3000,41,102.400,1.0000,0,0.8820,,0.850,0,
877,5,23,fog-32,1,fog,2700.0,0.0000,0.3000,9,100.800,1.0000,0,0.8800,,0.850,0,
878,5,23,fog-32,1,fog,2800.0,0.0000,0.3000,7,100.700,0.0000,0,0.8750,,0.850,0,
879,5,23,fog-32,1,fog,2900.0,0.0000,0.3000,7,100.700,0.0000,0,0.8700,,0.850,0,
880,5,23,fog-32,1,fog,3000.0,0.0000,0.3000,7,100.700,0.0000,0,0.8650,,0.850,0,
881,5,23,fog-32,1,fog,3100.0,0.0000,0.3000,7,100.700,0.0000,0,0.8600,,0.850,0,
882,5,23,fog-32,1,fog,3200.0,0.0000,0.3000,7,100.700,0.0000,0,0.8550,,0.850,0,
883,5,23,fog-32,1,fog,3300.0,0.0000,0.3000,7,100.700,0.0000,0,0.8500,,0.850,0,
884,5,23,fog-32,1,fog,3400.0,0.0000,0.3000,7,100.700,0.0000,0,0.8450,,0.850,0,
885,5,23,fog-32,1,fog,3500.0,0.6429,0.3000,44,102.350,1.0000,0,0.8401,,0.850,0,
886,5,23,fog-32,1,fog,3600.0,0.6071,0.3000,42,102.450,1.0000,0,0.8353,,0.850,0,
887,5,23,fog-32,1,fog,3700.0,0.0000,0.3000,9,100.800,1.0000,0,0.8332,,0.850,0,
888,5,23,fog-32,1,fog,3800.0,0.7500,0.3000,51,102.700,1.0000,0,0.8283,,0.850,0,
889,5,23,fog-32,1,fog,3900.0,0.6786,0.3000,49,102.600,1.0000,0,0.8234,,0.850,0,
890,5,23,fog-32,1,fog,4000.0,0.0000,0.3000,9,100.800,1.0000,0,0.8211,,0.850,0,
891,5,23,fog-32,1,fog,4100.0,0.6071,0.3000,39,102.300,1.0000,0,0.8164,,0.850,0,
892,5,23,fog-32,1,fog,4200.0,0.0000,0.3000,9,100.800,1.0000,0,0.8145,,0.850,0,
893,5,23,fog-32,1,fog,4300.0,0.7500,0.3000,51,102.700,1.0000,0,0.8096,,0.850,0,
894,5,23,fog-32,1,fog,4400.0,0.7143,0.3000,49,102.600,1.0000,0,0.8046,,0.850,0,
895,5,23,fog-32,1,fog,4500.0,0.0000,0.3000,11,100.900,1.0000,0,0.8023,,0.850,0,
896,5,23,fog-32,1,fog,4600.0,0.6786,0.3000,49,102.400,1.0000,0,0.7974,,0.850,0,
897,5,23,fog-32,1,fog,4700.0,1.0000,0.3000,110,103.150,1.0000,0,0.7924,,0.850,0,
898,5,23,fog-32,1,fog,4800.0,0.6429,0.3000,74,103.600,1.0000,0,0.7874,,0.850,0,
899,5,23,fog-32,1,fog,4900.0,0.0000,0.3000,13,101.050,1.0000,0,0.7849,,0.850,0,
900,5,23,fog-32,1,fog,5000.0,0.0000,0.3000,8,100.800,0.0000,0,0.7799,,0.850,0,
901,5,24,fog-33,1,fog,0.0,0.0000,0.3000,0,100.000,,0,1.0000,,0.850,0,
902,5,24,fog-33,1,fog,100.0,0.0000,0.3000,0,100.000,,0,0.9950,,0.850,0,
903,5,24,fog-33,1,fog,200.0,0.0000,0.3000,0,100.000,,0,0.9900,,0.850,0,
904,5,24,fog-33,1,fog,300.0,0.0000,0.3000,0,100.000,,0,0.9850,,0.850,0,
905,5,24,fog-33,1,fog,400.0,0.0000,0.3000,0,100.000,,0,0.9800,,0.850,0,
906,5,24,fog-33,1,fog,500.0,0.0000,0.3000,0,100.000,,0,0.9750,,0.850,0,
907,5,24,fog-33,1,fog,600.0,0.0000,0.3000,0,100.000,,0,0.9700,,0.850,0,
908,5,24,fog-33,1,fog,700.0,0.0000,0.3000,0,100.000,,0,0.9650,,0.850,0,
909,5,24,fog-33,1,fog,800.0,0.0000,0.3000,0,100.000,,0,0.9600,,0.850,0,
910,5,24,fog-33,1,fog,900.0,0.0000,0.3000,0,100.000,,0,0.9550,,0.850,0,
911,5,24,fog-33,1,fog,1000.0,0.0000,0.3000,0,100.000,,0,0.9500,,0.850,0,
912,5,24,fog-33,1,fog,1100.0,0.0000,0.3000,0,100.000,,0,0.9450,,0.850,0,
913,5,24,fog-33,1,fog,1200.0,0.0000,0.3000,0,100.000,,0,0.9400,,0.850,0,
914,5,24,fog-33,1,fog,1300.0,0.0000,0.3000,0,100.000,,0,0.9350,,0.850,0,
915,5,24,fog-33,1,fog,1400.0,0.0000,0.3000,0,100.000,,0,0.9300,,0.850,0,
916,5,24,fog-33,1,fog,1500.0,0.6786,0.3000,36,101.800,1.0000,0,0.9251,,0.850,0,
917,5,24,fog-33,1,fog,1600.0,0.0714,0.3000,7,100.400,1.0000,0,0.9228,,0.850,0,
918,5,24,fog-33,1,fog,1700.0,0.0000,0.3000,1,100.100,,0,0.9178,,0.850,0,
919,5,24,fog-33,1,fog,1800.0,0.0000,0.3000,1,100.100,,0,0.9128,,0.850,0,
920,5,24,fog-33,1,fog,1900.0,0.0000,0.3000,1,100.100,,0,0.9078,,0.850,0,
921,5,24,fog-33,1,fog,2000.0,0.0000,0.3000,1,100.100,,0,0.9028,,0.850,0,
922,5,24,fog-33,1,fog,2100.0,0.0000,0.3000,1,100.100,,0,0.8978,,0.850,0,
923,5,24,fog-33,1,fog,2200.0,0.0000,0.3000,1,100.100,,0,0.8928,,0.850,0,
924,5,24,fog-33,1,fog,2300.0,0.0000,0.3000,1,100.100,,0,0.8878,,0.850,0,
925,5,24,fog-33,1,fog,2400.0,0.0000,0.3000,1,100.100,,0,0.8828,,0.850,0,
926,5,24,fog-33,1,fog,2500.0,0.0000,0.3000,1,100.100,,0,0.8778,,0.850,0,
927,5,24,fog-33,1,fog,2600.0,0.0000,0.3000,1,100.100,,0,0.8728,,0.850,0,
928,5,24,fog-33,1,fog,2700.0,0.0000,0.3000,1,100.100,,0,0.8678,,0.850,0,
929,5,24,fog-33,1,fog,2800.0,0.0000,0.3000,1,100.100,,0,0.8628,,0.850,0,
930,5,24,fog-33,1,fog,2900.0,0.0000,0.3000,1,100.100,,0,0.8578,,0.850,0,
931,5,24,fog-33,1,fog,3000.0,0.6786,0.3000,37,101.900,1.0000,0,0.8529,,0.850,0,
932,5,24,fog-33,1,fog,3100.0,0.6071,0.3000,36,101.900,1.0000,0,0.8485,,0.850,0,
933,5,24,fog-33,1,fog,3200.0,0.0000,0.3000,5,100.400,1.0000,0,0.8466,,0.850,0,
934,5,24,fog-33,1,fog,3300.0,0.0000,0.3000,3,100.300,0.0000,0,0.8416,,0.850,0,
935,5,24,fog-33,1,fog,3400.0,0.0000,0.3000,3,100.300,0.0000,0,0.8366,,0.850,0,
936,5,24,fog-33,1,fog,3500.0,0.0000,0.3000,3,100.300,0.0000,0,0.8316,,0.850,0,
937,5,24,fog-33,1,fog,3600.0,0.0000,0.3000,3,100.300,0.0000,0,0.8266,,0.850,0,
938,5,24,fog-33,1,fog,3700.0,0.0000,0.3000,3,100.300,0.0000,0,0.8216,,0.850,0,
939,5,24,fog-33,1,fog,3800.0,0.0000,0.3000,3,100.300,0.0000,0,0.8166,,0.850,0,
940,5,24,fog-33,1,fog,3900.0,0.6786,0.3000,39,102.100,1.0000,0,0.8117,,0.850,0,
941,5,24,fog-33,1,fog,4000.0,0.0000,0.3000,6,100.500,1.0000,0,0.8097,,0.850,0,
942,5,24,fog-33,1,fog,4100.0,0.0000,0.3000,4,100.400,0.0000,0,0.8047,,0.850,0,
943,5,24,fog-33,1,fog,4200.0,0.0000,0.3000,4,100.400,0.0000,0,0.7997,,0.850,0,
944,5,24,fog-33,1,fog,4300.0,0.0000,0.3000,4,100.400,0.0000,0,0.7947,,0.850,0,
945,5,24,fog-33,1,fog,4400.0,0.0000,0.3000,4,100.400,0.0000,0,0.7897,,0.850,0,
946,5,24,fog-33,1,fog,4500.0,0.0000,0.3000,4,100.400,0.0000,0,0.7847,,0.850,0,
947,5,24,fog-33,1,fog,4600.0,0.7143,0.3000,46,102.300,1.0000,0,0.7799,,0.850,0,
948,5,24,fog-33,1,fog,4700.0,0.0000,0.3000,7,100.600,1.0000,0,0.7776,,0.850,0,
949,5,24,fog-33,1,fog,4800.0,0.0000,0.3000,5,100.500,0.0000,0,0.7726,,0.850,0,
950,5,24,fog-33,1,fog,4900.0,0.0000,0.3000,5,100.500,0.0000,0,0.7676,,0.850,0,
951,5,24,fog-33,1,fog,5000.0,0.0000,0.3000,5,100.500,0.0000,0,0.7626,,0.850,0,
952,5,25,fog-34,1,fog,0.0,0.0000,0.3000,0,100.000,,0,1.0000,,0.850,0,
953,5,25,fog-34,1,fog,100.0,0.0000,0.3000,0,100.000,,0,0.9950,,0.850,0,
954,5,25,fog-34,1,fog,200.0,0.0000,0.3000,0,100.000,,0,0.9900,,0.850,0,
955,5,25,fog-34,1,fog,300.0,0.0000,0.3000,0,100.000,,0,0.9850,,0.850,0,
956,5,25,fog-34,1,fog,400.0,0.0000,0.3000,0,100.000,,0,0.9800,,0.850,0,
957,5,25,fog-34,1,fog,500.0,0.0000,0.3000,0,100.000,,0,0.9750,,0.850,0,
958,5,25,fog-34,1,fog,600.0,0.0000,0.3000,0,100.000,,0,0.9700,,0.850,0,
959,5,25,fog-34,1,fog,700.0,0.0000,0.3000,0,100.000,,0,0.9650,,0.850,0,
960,5,25,fog-34,1,fog,800.0,0.0000,0.3000,0,100.000,,0,0.9600,,0.850,0,
961,5,25,fog-34,1,fog,900.0,0.0000,0.3000,0,100.000,,0,0.9550,,0.850,0,
962,5,25,fog-34,1,fog,1000.0,0.0000,0.3000,0,100.000,,0,0.9500,,0.850,0,
963,5,25,fog-34,1,fog,1100.0,0.0000,0.3000,0,100.000,,0,0.9450,,0.850,0,
964,5,25,fog-34,1,fog,1200.0,0.0000,0.3000,0,100.000,,0,0.9400,,0.850,0,
965,5,25,fog-34,1,fog,1300.0,0.0000,0.3000,0,100.000,,0,0.9350,,0.850,0,
966,5,25,fog-34,1,fog,1400.0,0.0000,0.3000,0,100.000,,0,0.9300,,0.850,0,
967,5,25,fog-34,1,fog,1500.0,0.0000,0.3000,0,100.000,,0,0.9250,,0.850,0,
968,5,25,fog-34,1,fog,1600.0,0.0000,0.3000,0,100.000,,0,0.9200,,0.850,0,
969,5,25,fog-34,1,fog,1700.0,0.0000,0.3000,0,100.000,,0,0.9150,,0.850,0,
970,5,25,fog-34,1,fog,1800.0,0.0000,0.3000,0,100.000,,0,0.9100,,0.850,0,
971,5,25,fog-34,1,fog,1900.0,0.0000,0.3000,0,100.000,,0,0.9050,,0.850,0,
972,5,25,fog-34,1,fog,2000.0,0.0000,0.3000,0,100.000,,0,0.9000,,0.850,0,
973,5,25,fog-34,1,fog,2100.0,0.0000,0.3000,0,100.000,,0,0.8950,,0.850,0,
974,5,25,fog-34,1,fog,2200.0,0.0000,0.3000,0,100.000,,0,0.8900,,0.850,0,
975,5,25,fog-34,1,fog,2300.0,0.0000,0.3000,0,100.000,,0,0.8850,,0.850,0,
976,5,25,fog-34,1,fog,2400.0,0.0000,0.3000,0,100.000,,0,0.8800,,0.850,0,
977,5,25,fog-34,1,fog,2500.0,0.0000,0.3000,0,100.000,,0,0.8750,,0.850,0,
978,5,25,fog-34,1,fog,2600.0,0.0000,0.3000,0,100.000,,0,0.8700,,0.850,0,
979,5,25,fog-34,1,fog,2700.0,0.0000,0.3000,0,100.000,,0,0.8650,,0.850,0,
980,5,25,fog-34,1,fog,2800.0,0.0000,0.3000,0,100.000,,0,0.8600,,0.850,0,
981,5,25,fog-34,1,fog,2900.0,0.0000,0.3000,0,100.000,,0,0.8550,,0.850,0,
982,5,25,fog-34,1,fog,3000.0,0.0000,0.3000,0,100.000,,0,0.8500,,0.850,0,
983,5,25,fog-34,1,fog,3100.0,0.0000,0.3000,0,100.000,,0,0.8450,,0.850,0,
984,5,25,fog-34,1,fog,3200.0,0.0000,0.3000,0,100.000,,0,0.8400,,0.850,0,
985,5,25,fog-34,1,fog,3300.0,0.0000,0.3000,0,100.000,,0,0.8350,,0.850,0,
986,5,25,fog-34,1,fog,3400.0,0.0000,0.3000,0,100.000,,0,0.8300,,0.850,0,
987,5,25,fog-34,1,fog,3500.0,0.0000,0.3000,0,100.000,,0,0.8250,,0.850,0,
988,5,25,fog-34,1,fog,3600.0,0.0000,0.3000,0,100.000,,0,0.8200,,0.850,0,
989,5,25,fog-34,1,fog,3700.0,0.0000,0.3000,0,100.000,,0,0.8150,,0.850,0,
990,5,25,fog-34,1,fog,3800.0,0.0000,0.3000,0,100.000,,0,0.8100,,0.850,0,
991,5,25,fog-34,1,fog,3900.0,0.0000,0.3000,0,100.000,,0,0.8050,,0.850,0,
992,5,25,fog-34,1,fog,4000.0,0.0000,0.3000,0,100.000,,0,0.8000,,0.850,0,
993,5,25,fog-34,1,fog,4100.0,0.0000,0.3000,0,100.000,,0,0.7950,,0.850,0,
994,5,25,fog-34,1,fog,4200.0,0.0000,0.3000,0,100.000,,0,0.7900,,0.850,0,
995,5,25,fog-34,1,fog,4300.0,0.0000,0.3000,0,100.000,,0,0.7850,,0.850,0,
996,5,25,fog-34,1,fog,4400.0,0.0000,0.3000,0,100.000,,0,0.7800,,0.850,0,
997,5,25,fog-34,1,fog,4500.0,0.0000,0.3000,0,100.000,,0,0.7750,,0.850,0,
998,5,25,fog-34,1,fog,4600.0,0.0000,0.3000,0,100.000,,0,0.7700,,0.850,0,
999,5,25,fog-34,1,fog,4700.0,0.0000,0.3000,0,100.000,,0,0.7650,,0.850,0,
1000,5,25,fog-34,1,fog,4800.0,0.0000,0.3000,0,100.000,,0,0.7600,,0.850,0,
1001,5,25,fog-34,1,fog,4900.0,0.0000,0.3000,0,100.000,,0,0.7550,,0.850,0,
1002,5,25,fog-34,1,fog,5000.0,0.0000,0.3000,0,100.000,,0,0.7500,,0.850,0,
1003,5,26,fog-35,1,fog,0.0,0.0000,0.3000,0,100.000,,0,1.0000,,0.850,0,
1004,5,26,fog-35,1,fog,100.0,0.0000,0.3000,0,100.000,,0,0.9950,,0.850,0,
1005,5,26,fog-35,1,fog,200.0,0.6429,0.3000,38,101.700,1.0000,0,0.9901,,0.850,0,
1006,5,26,fog-35,1,fog,300.0,0.6071,0.3000,35,101.800,1.0000,0,0.9852,,0.850,0,
1007,5,26,fog-35,1,fog,400.0,0.5000,0.3000,29,101.500,1.0000,0,0.9811,,0.850,0,
1008,5,26,fog-35,1,fog,500.0,0.0000,0.3000,3,100.200,1.0000,0,0.9791,,0.850,0,
1009,5,26,fog-35,1,fog,600.0,0.0000,0.3000,1,100.100,,0,0.9741,,0.850,0,
1010,5,26,fog-35,1,fog,700.0,0.0000,0.3000,1,100.100,,0,0.9691,,0.850,0,
1011,5,26,fog-35,1,fog,800.0,0.0000,0.3000,1,100.100,,0,0.9641,,0.850,0,
1012,5,26,fog-35,1,fog,900.0,0.0000,0.3000,1,100.100,,0,0.9591,,0.850,0,
1013,5,26,fog-35,1,fog,1000.0,0.7500,0.3000,45,102.100,1.0000,0,0.9541,,0.850,0,
1014,5,26,fog-35,1,fog,1100.0,0.6071,0.3000,41,101.850,1.0000,0,0.9493,,0.850,0,
1015,5,26,fog-35,1,fog,1200.0,0.6786,0.3000,46,102.100,1.0000,0,0.9444,,0.850,0,
1016,5,26,fog-35,1,fog,1300.0,0.0000,0.3000,5,100.350,1.0000,0,0.9421,,0.850,0,
1017,5,26,fog-35,1,fog,1400.0,0.0000,0.3000,2,100.200,,0,0.9371,,0.850,0,
1018,5,26,fog-35,1,fog,1500.0,0.0000,0.3000,2,100.200,,0,0.9321,,0.850,0,
1019,5,26,fog-35,1,fog,1600.0,0.0000,0.3000,2,100.200,,0,0.9271,,0.850,0,
1020,5,26,fog-35,1,fog,1700.0,0.0000,0.3000,2,100.200,,0,0.9221,,0.850,0,
1021,5,26,fog-35,1,fog,1800.0,0.0000,0.3000,2,100.200,,0,0.9171,,0.850,0,
1022,5,26,fog-35,1,fog,1900.0,0.0000,0.3000,2,100.200,,0,0.9121,,0.850,0,
1023,5,26,fog-35,1,fog,2000.0,0.0000,0.3000,2,100.200,,0,0.9071,,0.850,0,
1024,5,26,fog-35,1,fog,2100.0,0.7143,0.3000,40,102.100,1.0000,0,0.9021,,0.850,0,
1025,5,26,fog-35,1,fog,2200.0,0.0000,0.3000,5,100.400,1.0000,0,0.9001,,0.850,0,
1026,5,26,fog-35,1,fog,2300.0,0.6071,0.3000,35,101.900,1.0000,0,0.8952,,0.850,0,
1027,5,26,fog-35,1,fog,2400.0,0.6786,0.3000,41,102.200,1.0000,0,0.8903,,0.850,0,
1028,5,26,fog-35,1,fog,2500.0,0.6786,0.3000,41,102.200,1.0000,0,0.8854,,0.850,0,
1029,5,26,fog-35,1,fog,2600.0,0.0714,0.3000,9,100.600,1.0000,0,0.8831,,0.850,0,
1030,5,26,fog-35,1,fog,2700.0,0.0000,0.3000,3,100.300,0.0000,0,0.8781,,0.850,0,
1031,5,26,fog-35,1,fog,2800.0,0.6786,0.3000,44,102.050,1.0000,0,0.8733,,0.850,0,
1032,5,26,fog-35,1,fog,2900.0,0.6071,0.3000,39,102.150,1.0000,0,0.8684,,0.850,0,
1033,5,26,fog-35,1,fog,3000.0,0.6786,0.3000,46,102.300,1.0000,0,0.8636,,0.850,0,
1034,5,26,fog-35,1,fog,3100.0,0.0000,0.3000,6,100.500,1.0000,0,0.8614,,0.850,0,
1035,5,26,fog-35,1,fog,3200.0,0.0000,0.3000,4,100.400,0.0000,0,0.8564,,0.850,0,
1036,5,26,fog-35,1,fog,3300.0,0.0000,0.3000,4,100.400,0.0000,0,0.8514,,0.850,0,
1037,5,26,fog-35,1,fog,3400.0,0.0000,0.3000,4,100.400,0.0000,0,0.8464,,0.850,0,
1038,5,26,fog-35,1,fog,3500.0,0.0000,0.3000,4,100.400,0.0000,0,0.8414,,0.850,0,
1039,5,26,fog-35,1,fog,3600.0,0.6786,0.3000,40,102.200,1.0000,0,0.8364,,0.850,0,
1040,5,26,fog-35,1,fog,3700.0,0.6071,0.3000,45,102.100,1.0000,0,0.8320,,0.850,0,
1041,5,26,fog-35,1,fog,3800.0,0.7143,0.3000,54,102.600,1.0000,0,0.8271,,0.850,0,
1042,5,26,fog-35,1,fog,3900.0,1.0000,0.3000,109,103.200,1.0000,0,0.8221,,0.850,0,
1043,5,26,fog-35,1,fog,4000.0,1.0000,0.3000,137,103.400,1.0000,0,0.8171,,0.850,0,
1044,5,26,fog-35,1,fog,4100.0,0.6786,0.3000,95,103.150,1.0000,0,0.8121,,0.850,0,
1045,5,26,fog-35,1,fog,4200.0,0.0000,0.3000,25,101.550,1.0000,0,0.8087,,0.850,0,
1046,5,26,fog-35,1,fog,4300.0,0.0000,0.3000,6,100.600,0.0000,0,0.8037,,0.850,0,
1047,5,26,fog-35,1,fog,4400.0,0.6786,0.3000,48,102.300,1.0000,0,0.7988,,0.850,0,
1048,5,26,fog-35,1,fog,4500.0,1.0000,0.3000,131,103.300,1.0000,0,0.7938,,0.850,0,
1049,5,26,fog-35,1,fog,4600.0,0.5714,0.3000,74,103.200,1.0000,0,0.7888,,0.850,0,
1050,5,26,fog-35,1,fog,4700.0,0.5714,0.3000,50,102.900,1.0000,0,0.7839,,0.850,0,
1051,5,26,fog-35,1,fog,4800.0,0.7857,0.3000,58,102.900,1.0000,0,0.7789,,0.850,0,
1052,5,26,fog-35,1,fog,4900.0,0.6786,0.3000,54,102.700,1.0000,0,0.7741,,0.850,0,
1053,5,26,fog-35,1,fog,5000.0,0.0000,0.3000,12,101.000,1.0000,0,0.7717,,0.850,0,
1054,5,27,fog-36,1,fog,0.0,0.0000,0.3000,0,100.000,,0,1.0000,,0.850,0,
1055,5,27,fog-36,1,fog,100.0,0.0000,0.3000,0,100.000,,0,0.9950,,0.850,0,
1056,5,27,fog-36,1,fog,200.0,0.0000,0.3000,0,100.000,,0,0.9900,,0.850,0,
1057,5,27,fog-36,1,fog,300.0,0.0000,0.3000,0,100.000,,0,0.9850,,0.850,0,
1058,5,27,fog-36,1,fog,400.0,0.0000,0.3000,0,100.000,,0,0.9800,,0.850,0,
1059,5,27,fog-36,1,fog,500.0,0.0000,0.3000,0,100.000,,0,0.9750,,0.850,0,
1060,5,27,fog-36,1,fog,600.0,0.0000,0.3000,0,100.000,,0,0.9700,,0.850,0,
1061,5,27,fog-36,1,fog,700.0,0.0000,0.3000,0,100.000,,0,0.9650,,0.850,0,
1062,5,27,fog-36,1,fog,800.0,0.0000,0.3000,0,100.000,,0,0.9600,,0.850,0,
1063,5,27,fog-36,1,fog,900.0,0.0000,0.3000,0,100.000,,0,0.9550,,0.850,0,
1064,5,27,fog-36,1,fog,1000.0,0.0000,0.3000,0,100.000,,0,0.9500,,0.850,0,
1065,5,27,fog-36,1,fog,1100.0,0.0000,0.3000,0,100.000,,0,0.9450,,0.850,0,
1066,5,27,fog-36,1,fog,1200.0,0.0000,0.3000,0,100.000,,0,0.9400,,0.850,0,
1067,5,27,fog-36,1,fog,1300.0,0.0000,0.3000,0,100.000,,0,0.9350,,0.850,0,
1068,5,27,fog-36,1,fog,1400.0,0.0000,0.3000,0,100.000,,0,0.9300,,0.850,0,
1069,5,27,fog-36,1,fog,1500.0,0.0000,0.3000,0,100.000,,0,0.9250,,0.850,0,
1070,5,27,fog-36,1,fog,1600.0,0.0000,0.3000,0,100.000,,0,0.9200,,0.850,0,
1071,5,27,fog-36,1,fog,1700.0,0.0000,0.3000,0,100.000,,0,0.9150,,0.850,0,
1072,5,27,fog-36,1,fog,1800.0,0.0000,0.3000,0,100.000,,0,0.9100,,0.850,0,
1073,5,27,fog-36,1,fog,1900.0,0.0000,0.3000,0,100.000,,0,0.9050,,0.850,0,
1074,5,27,fog-36,1,fog,2000.0,0.0000,0.3000,0,100.000,,0,0.9000,,0.850,0,
1075,5,27,fog-36,1,fog,2100.0,0.0000,0.3000,0,100.000,,0,0.8950,,0.850,0,
1076,5,27,fog-36,1,fog,2200.0,0.0000,0.3000,0,100.000,,0,0.8900,,0.850,0,
1077,5,27,fog-36,1,fog,2300.0,0.0000,0.3000,0,100.000,,0,0.8850,,0.850,0,
1078,5,27,fog-36,1,fog,2400.0,0.0000,0.3000,0,100.000,,0,0.8800,,0.850,0,
1079,5,27,fog-36,1,fog,2500.0,0.0000,0.3000,0,100.000,,0,0.8750,,0.850,0,
1080,5,27,fog-36,1,fog,2600.0,0.0000,0.3000,0,100.000,,0,0.8700,,0.850,0,
1081,5,27,fog-36,1,fog,2700.0,0.0000,0.3000,0,100.000,,0,0.8650,,0.850,0,
1082,5,27,fog-36,1,fog,2800.0,0.0000,0.3000,0,100.000,,0,0.8600,,0.850,0,
1083,5,27,fog-36,1,fog,2900.0,0.0000,0.3000,0,100.000,,0,0.8550,,0.850,0,
1084,5,27,fog-36,1,fog,3000.0,0.0000,0.3000,0,100.000,,0,0.8500,,0.850,0,
1085,5,27,fog-36,1,fog,3100.0,0.0000,0.3000,0,100.000,,0,0.8450,,0.850,0,
1086,5,27,fog-36,1,fog,3200.0,0.0000,0.3000,0,100.000,,0,0.8400,,0.850,0,
1087,5,27,fog-36,1,fog,3300.0,0.0000,0.3000,0,100.000,,0,0.8350,,0.850,0,
1088,5,27,fog-36,1,fog,3400.0,0.0000,0.3000,0,100.000,,0,0.8300,,0.850,0,
1089,5,27,fog-36,1,fog,3500.0,0.0000,0.3000,0,100.000,,0,0.8250,,0.850,0,
1090,5,27,fog-36,1,fog,3600.0,0.0000,0.3000,0,100.000,,0,0.8200,,0.850,0,
1091,5,27,fog-36,1,fog,3700.0,0.0000,0.3000,0,100.000,,0,0.8150,,0.850,0,
1092,5,27,fog-36,1,fog,3800.0,0.0000,0.3000,0,100.000,,0,0.8100,,0.850,0,
1093,5,27,fog-36,1,fog,3900.0,0.0000,0.3000,0,100.000,,0,0.8050,,0.850,0,
1094,5,27,fog-36,1,fog,4000.0,0.0000,0.3000,0,100.000,,0,0.8000,,0.850,0,
1095,5,27,fog-36,1,fog,4100.0,0.0000,0.3000,0,100.000,,0,0.7950,,0.850,0,
1096,5,27,fog-36,1,fog,4200.0,0.0000,0.3000,0,100.000,,0,0.7900,,0.850,0,
1097,5,27,fog-36,1,fog,4300.0,0.0000,0.3000,0,100.000,,0,0.7850,,0.850,0,
1098,5,27,fog-36,1,fog,4400.0,0.0000,0.3000,0,100.000,,0,0.7800,,0.850,0,
1099,5,27,fog-36,1,fog,4500.0,0.0000,0.3000,0,100.000,,0,0.7750,,0.850,0,
1100,5,27,fog-36,1,fog,4600.0,0.0000,0.3000,0,100.000,,0,0.7700,,0.850,0,
1101,5,27,fog-36,1,fog,4700.0,0.0000,0.3000,0,100.000,,0,0.7650,,0.850,0,
1102,5,27,fog-36,1,fog,4800.0,0.0000,0.3000,0,100.000,,0,0.7600,,0.850,0,
1103,5,27,fog-36,1,fog,4900.0,0.0000,0.3000,0,100.000,,0,0.7550,,0.850,0,
1104,5,27,fog-36,1,fog,5000.0,0.0000,0.3000,0,100.000,,0,0.7500,,0.850,0,
1105,5,28,fog-37,1,fog,0.0,0.0000,0.3000,0,100.000,,0,1.0000,,0.850,0,
1106,5,28,fog-37,1,fog,100.0,0.0000,0.3000,0,100.000,,0,0.9950,,0.850,0,
1107,5,28,fog-37,1,fog,200.0,0.0000,0.3000,0,100.000,,0,0.9900,,0.850,0,
1108,5,28,fog-37,1,fog,300.0,0.0000,0.3000,0,100.000,,0,0.9850,,0.850,0,
1109,5,28,fog-37,1,fog,400.0,0.0000,0.3000,0,100.000,,0,0.9800,,0.850,0,
1110,5,28,fog-37,1,fog,500.0,0.0000,0.3000,0,100.000,,0,0.9750,,0.850,0,
1111,5,28,fog-37,1,fog,600.0,0.0000,0.3000,0,100.000,,0,0.9700,,0.850,0,
1112,5,28,fog-37,1,fog,700.0,0.0000,0.3000,0,100.000,,0,0.9650,,0.850,0,
1113,5,28,fog-37,1,fog,800.0,0.0000,0.3000,0,100.000,,0,0.9600,,0.850,0,
1114,5,28,fog-37,1,fog,900.0,0.0000,0.3000,0,100.000,,0,0.9550,,0.850,0,
1115,5,28,fog-37,1,fog,1000.0,0.0000,0.3000,0,100.000,,0,0.9500,,0.850,0,
1116,5,28,fog-37,1,fog,1100.0,0.0000,0.3000,0,100.000,,0,0.9450,,0.850,0,
1117,5,28,fog-37,1,fog,1200.0,0.0000,0.3000,0,100.000,,0,0.9400,,0.850,0,
1118,5,28,fog-37,1,fog,1300.0,0.0000,0.3000,0,100.000,,0,0.9350,,0.850,0,
1119,5,28,fog-37,1,fog,1400.0,0.0000,0.3000,0,100.000,,0,0.9300,,0.850,0,
1120,5,28,fog-37,1,fog,1500.0,0.0000,0.3000,0,100.000,,0,0.9250,,0.850,0,
1121,5,28,fog-37,1,fog,1600.0,0.0000,0.3000,0,100.000,,0,0.9200,,0.850,0,
1122,5,28,fog-37,1,fog,1700.0,0.0000,0.3000,0,100.000,,0,0.9150,,0.850,0,
1123,5,28,fog-37,1,fog,1800.0,0.0000,0.3000,0,100.000,,0,0.9100,,0.850,0,
1124,5,28,fog-37,1,fog,1900.0,0.0000,0.3000,0,100.000,,0,0.9050,,0.850,0,
1125,5,28,fog-37,1,fog,2000.0,0.0000,0.3000,0,100.000,,0,0.9000,,0.850,0,
1126,5,28,fog-37,1,fog,2100.0,0.0000,0.3000,0,100.000,,0,0.8950,,0.850,0,
1127,5,28,fog-37,1,fog,2200.0,0.0000,0.3000,0,100.000,,0,0.8900,,0.850,0,
1128,5,28,fog-37,1,fog,2300.0,0.0000,0.3000,0,100.000,,0,0.8850,,0.850,0,
1129,5,28,fog-37,1,fog,2400.0,0.0000,0.3000,0,100.000,,0,0.8800,,0.850,0,
1130,5,28,fog-37,1,fog,2500.0,0.0000,0.3000,0,100.000,,0,0.8750,,0.850,0,
1131,5,28,fog-37,1,fog,2600.0,0.0000,0.3000,0,100.000,,0,0.8700,,0.850,0,
1132,5,28,fog-37,1,fog,2700.0,0.0000,0.3000,0,100.000,,0,0.8650,,0.850,0,
1133,5,28,fog-37,1,fog,2800.0,0.0000,0.3000,0,100.000,,0,0.8600,,0.850,0,
1134,5,28,fog-37,1,fog,2900.0,0.0000,0.3000,0,100.000,,0,0.8550,,0.850,0,
1135,5,28,fog-37,1,fog,3000.0,0.0000,0.3000,0,100.000,,0,0.8500,,0.850,0,
1136,5,28,fog-37,1,fog,3100.0,0.0000,0.3000,0,100.000,,0,0.8450,,0.850,0,
1137,5,28,fog-37,1,fog,3200.0,0.0000,0.3000,0,100.000,,0,0.8400,,0.850,0,
1138,5,28,fog-37,1,fog,3300.0,0.0000,0.3000,0,100.000,,0,0.8350,,0.850,0,
1139,5,28,fog-37,1,fog,3400.0,0.0000,0.3000,0,100.000,,0,0.8300,,0.850,0,
1140,5,28,fog-37,1,fog,3500.0,0.0000,0.3000,0,100.000,,0,0.8250,,0.850,0,
1141,5,28,fog-37,1,fog,3600.0,0.0000,0.3000,0,100.000,,0,0.8200,,0.850,0,
1142,5,28,fog-37,1,fog,3700.0,0.0000,0.3000,0,100.000,,0,0.8150,,0.850,0,
1143,5,28,fog-37,1,fog,3800.0,0.0000,0.3000,0,100.000,,0,0.8100,,0.850,0,
1144,5,28,fog-37,1,fog,3900.0,0.0000,0.3000,0,100.000,,0,0.8050,,0.850,0,
1145,5,28,fog-37,1,fog,4000.0,0.0000,0.3000,0,100.000,,0,0.8000,,0.850,0,
1146,5,28,fog-37,1,fog,4100.0,0.0000,0.3000,0,100.000,,0,0.7950,,0.850,0,
1147,5,28,fog-37,1,fog,4200.0,0.0000,0.3000,0,100.000,,0,0.7900,,0.850,0,
1148,5,28,fog-37,1,fog,4300.0,0.0000,0.3000,0,100.000,,0,0.7850,,0.850,0,
1149,5,28,fog-37,1,fog,4400.0,0.0000,0.3000,0,100.000,,0,0.7800,,0.850,0,
1150,5,28,fog-37,1,fog,4500.0,0.0000,0.3000,0,100.000,,0,0.7750,,0.850,0,
1151,5,28,fog-37,1,fog,4600.0,0.0000,0.3000,0,100.000,,0,0.7700,,0.850,0,
1152,5,28,fog-37,1,fog,4700.0,0.0000,0.3000,0,100.000,,0,0.7650,,0.850,0,
1153,5,28,fog-37,1,fog,4800.0,0.0000,0.3000,0,100.000,,0,0.7600,,0.850,0,
1154,5,28,fog-37,1,fog,4900.0,0.0000,0.3000,0,100.000,,0,0.7550,,0.850,0,
1155,5,28,fog-37,1,fog,5000.0,0.0000,0.3000,0,100.000,,0,0.7500,,0.850,0,
1156,5,29,fog-38,1,fog,0.0,0.0000,0.3000,0,100.000,,0,1.0000,,0.850,0,839.2
1157,5,29,fog-38,1,fog,100.0,0.5714,0.3000,48,100.800,1.0000,0,0.9950,,0.850,0,839.2
1158,5,29,fog-38,1,fog,200.0,0.6786,0.3000,62,102.750,1.0000,0,0.9900,,0.850,0,839.2
1159,5,29,fog-38,1,fog,300.0,1.0000,0.3000,117,102.950,1.0000,0,0.9850,,0.850,0,839.2
1160,5,29,fog-38,1,fog,400.0,1.0000,0.3000,300,104.350,1.0000,0,0.9800,,0.850,0,839.2
1161,5,29,fog-38,1,fog,500.0,1.0000,0.3000,480,105.050,1.0000,0,0.9750,,0.850,0,839.2
1162,5,29,fog-38,1,fog,600.0,1.0000,0.3000,526,103.750,1.0000,0,0.9700,,0.850,0,839.2
1163,5,29,fog-38,1,fog,700.0,1.0000,0.3000,687,104.550,1.0000,0,0.9650,,0.850,1,839.2
1164,5,29,fog-38,1,fog,800.0,1.0000,0.3000,805,104.650,1.0000,0,0.9600,,0.850,1,839.2
1165,5,30,fog-39,1,fog,0.0,0.0000,0.3000,0,100.000,,0,1.0000,,0.850,0,
1166,5,30,fog-39,1,fog,100.0,0.0000,0.3000,0,100.000,,0,0.9950,,0.850,0,
1167,5,30,fog-39,1,fog,200.0,0.0000,0.3000,0,100.000,,0,0.9900,,0.850,0,
1168,5,30,fog-39,1,fog,300.0,0.0000,0.3000,0,100.000,,0,0.9850,,0.850,0,
1169,5,30,fog-39,1,fog,400.0,0.0000,0.3000,0,100.000,,0,0.9800,,0.850,0,
1170,5,30,fog-39,1,fog,500.0,0.0000,0.3000,0,100.000,,0,0.9750,,0.850,0,
1171,5,30,fog-39,1,fog,600.0,0.0000,0.3000,0,100.000,,0,0.9700,,0.850,0,
1172,5,30,fog-39,1,fog,700.0,0.0000,0.3000,0,100.000,,0,0.9650,,0.850,0,
1173,5,30,fog-39,1,fog,800.0,0.0000,0.3000,0,100.000,,0,0.9600,,0.850,0,
1174,5,30,fog-39,1,fog,900.0,0.0000,0.3000,0,100.000,,0,0.9550,,0.850,0,
1175,5,30,fog-39,1,fog,1000.0,0.0000,0.3000,0,100.000,,0,0.9500,,0.850,0,
1176,5,30,fog-39,1,fog,1100.0,0.0000,0.3000,0,100.000,,0,0.9450,,0.850,0,
1177,5,30,fog-39,1,fog,1200.0,0.0000,0.3000,0,100.000,,0,0.9400,,0.850,0,
1178,5,30,fog-39,1,fog,1300.0,0.0000,0.3000,0,100.000,,0,0.9350,,0.850,0,
1179,5,30,fog-39,1,fog,1400.0,0.0000,0.3000,0,100.000,,0,0.9300,,0.850,0,
1180,5,30,fog-39,1,fog,1500.0,0.0000,0.3000,0,100.000,,0,0.9250,,0.850,0,
1181,5,30,fog-39,1,fog,1600.0,0.0000,0.3000,0,100.000,,0,0.9200,,0.850,0,
1182,5,30,fog-39,1,fog,1700.0,0.0000,0.3000,0,100.000,,0,0.9150,,0.850,0,
1183,5,30,fog-39,1,fog,1800.0,0.0000,0.3000,0,100.000,,0,0.9100,,0.850,0,
1184,5,30,fog-39,1,fog,1900.0,0.0000,0.3000,0,100.000,,0,0.9050,,0.850,0,
1185,5,30,fog-39,1,fog,2000.0,0.0000,0.3000,0,100.000,,0,0.9000,,0.850,0,
1186,5,30,fog-39,1,fog,2100.0,0.0000,0.3000,0,100.000,,0,0.8950,,0.850,0,
1187,5,30,fog-39,1,fog,2200.0,0.0000,0.3000,0,100.000,,0,0.8900,,0.850,0,
1188,5,30,fog-39,1,fog,2300.0,0.0000,0.3000,0,100.000,,0,0.8850,,0.850,0,
1189,5,30,fog-39,1,fog,2400.0,0.0000,0.3000,0,100.000,,0,0.8800,,0.850,0,
1190,5,30,fog-39,1,fog,2500.0,0.0000,0.3000,0,100.000,,0,0.8750,,0.850,0,
1191,5,30,fog-39,1,fog,2600.0,0.0000,0.3000,0,100.000,,0,0.8700,,0.850,0,
1192,5,30,fog-39,1,fog,2700.0,0.0000,0.3000,0,100.000,,0,0.8650,,0.850,0,
1193,5,30,fog-39,1,fog,2800.0,0.0000,0.3000,0,100.000,,0,0.8600,,0.850,0,
1194,5,30,fog-39,1,fog,2900.0,0.0000,0.3000,0,100.000,,0,0.8550,,0.850,0,
1195,5,30,fog-39,1,fog,3000.0,0.0000,0.3000,0,100.000,,0,0.8500,,0.850,0,
1196,5,30,fog-39,1,fog,3100.0,0.0000,0.3000,0,100.000,,0,0.8450,,0.850,0,
1197,5,30,fog-39,1,fog,3200.0,0.0000,0.3000,0,100.000,,0,0.8400,,0.850,0,
1198,5,30,fog-39,1,fog,3300.0,0.0000,0.3000,0,100.000,,0,0.8350,,0.850,0,
1199,5,30,fog-39,1,fog,3400.0,0.0000,0.3000,0,100.000,,0,0.8300,,0.850,0,
1200,5,30,fog-39,1,fog,3500.0,0.0000,0.3000,0,100.000,,0,0.8250,,0.850,0,
1201,5,30,fog-39,1,fog,3600.0,0.0000,0.3000,0,100.000,,0,0.8200,,0.850,0,
1202,5,30,fog-39,1,fog,3700.0,0.0000,0.3000,0,100.000,,0,0.8150,,0.850,0,
1203,5,30,fog-39,1,fog,3800.0,0.0000,0.3000,0,100.000,,0,0.8100,,0.850,0,
1204,5,30,fog-39,1,fog,3900.0,0.0000,0.3000,0,100.000,,0,0.8050,,0.850,0,
1205,5,30,fog-39,1,fog,4000.0,0.0000,0.3000,0,100.000,,0,0.8000,,0.850,0,
1206,5,30,fog-39,1,fog,4100.0,0.0000,0.3000,0,100.000,,0,0.7950,,0.850,0,
1207,5,30,fog-39,1,fog,4200.0,0.0000,0.3000,0,100.000,,0,0.7900,,0.850,0,
1208,5,30,fog-39,1,fog,4300.0,0.0000,0.3000,0,100.000,,0,0.7850,,0.850,0,
1209,5,30,fog-39,1,fog,4400.0,0.0000,0.3000,0,100.000,,0,0.7800,,0.850,0,
1210,5,30,fog-39,1,fog,4500.0,0.0000,0.3000,0,100.000,,0,0.7750,,0.850,0,
1211,5,30,fog-39,1,fog,4600.0,0.0000,0.3000,0,100.000,,0,0.7700,,0.850,0,
1212,5,30,fog-39,1,fog,4700.0,0.0000,0.3000,0,100.000,,0,0.7650,,0.850,0,
1213,5,30,fog-39,1,fog,4800.0,0.0000,0.3000,0,100.000,,0,0.7600,,0.850,0,
1214,5,30,fog-39,1,fog,4900.0,0.0000,0.3000,0,100.000,,0,0.7550,,0.850,0,
1215,5,30,fog-39,1,fog,5000.0,0.0000,0.3000,0,100.000,,0,0.7500,,0.850,0,
1216,5,31,fog-40,1,fog,0.0,0.0000,0.3000,0,100.000,,0,1.0000,,0.850,0,4876.8
1217,5,31,fog-40,1,fog,100.0,0.0000,0.3000,0,100.000,,0,0.9950,,0.850,0,4876.8
1218,5,31,fog-40,1,fog,200.0,0.0000,0.3000,0,100.000,,0,0.9900,,0.850,0,4876.8
1219,5,31,fog-40,1,fog,300.0,0.0000,0.3000,0,100.000,,0,0.9850,,0.850,0,4876.8
1220,5,31,fog-40,1,fog,400.0,0.0000,0.3000,0,100.000,,0,0.9800,,0.850,0,4876.8
1221,5,31,fog-40,1,fog,500.0,0.0000,0.3000,0,100.000,,0,0.9750,,0.850,0,4876.8
1222,5,31,fog-40,1,fog,600.0,0.0000,0.3000,0,100.000,,0,0.9700,,0.850,0,4876.8
1223,5,31,fog-40,1,fog,700.0,0.0000,0.3000,0,100.000,,0,0.9650,,0.850,0,4876.8
1224,5,31,fog-40,1,fog,800.0,0.0000,0.3000,0,100.000,,0,0.9600,,0.850,0,4876.8
1225,5,31,fog-40,1,fog,900.0,0.0000,0.3000,0,100.000,,0,0.9550,,0.850,0,4876.8
1226,5,31,fog-40,1,fog,1000.0,0.0000,0.3000,0,100.000,,0,0.9500,,0.850,0,4876.8
1227,5,31,fog-40,1,fog,1100.0,0.0000,0.3000,0,100.000,,0,0.9450,,0.850,0,4876.8
1228,5,31,fog-40,1,fog,1200.0,0.0000,0.3000,0,100.000,,0,0.9400,,0.850,0,4876.8
1229,5,31,fog-40,1,fog,1300.0,0.0000,0.3000,0,100.000,,0,0.9350,,0.850,0,4876.8
1230,5,31,fog-40,1,fog,1400.0,0.0000,0.3000,0,100.000,,0,0.9300,,0.850,0,4876.8
1231,5,31,fog-40,1,fog,1500.0,0.0000,0.3000,0,100.000,,0,0.9250,,0.850,0,4876.8
1232,5,31,fog-40,1,fog,1600.0,0.0000,0.3000,0,100.000,,0,0.9200,,0.850,0,4876.8
1233,5,31,fog-40,1,fog,1700.0,0.0000,0.3000,0,100.000,,0,0.9150,,0.850,0,4876.8
1234,5,31,fog-40,1,fog,1800.0,0.0000,0.3000,0,100.000,,0,0.9100,,0.850,0,4876.8
1235,5,31,fog-40,1,fog,1900.0,0.0000,0.3000,0,100.000,,0,0.9050,,0.850,0,4876.8
1236,5,31,fog-40,1,fog,2000.0,0.0000,0.3000,0,100.000,,0,0.9000,,0.850,0,4876.8
1237,5,31,fog-40,1,fog,2100.0,0.0000,0.3000,0,100.000,,0,0.8950,,0.850,0,4876.8
1238,5,31,fog-40,1,fog,2200.0,0.0000,0.3000,0,100.000,,0,0.8900,,0.850,0,4876.8
1239,5,31,fog-40,1,fog,2300.0,0.0000,0.3000,0,100.000,,0,0.8850,,0.850,0,4876.8
1240,5,31,fog-40,1,fog,2400.0,0.0000,0.3000,0,100.000,,0,0.8800,,0.850,0,4876.8
1241,5,31,fog-40,1,fog,2500.0,0.0000,0.3000,0,100.000,,0,0.8750,,0.850,0,4876.8
1242,5,31,fog-40,1,fog,2600.0,0.0000,0.3000,0,100.000,,0,0.8700,,0.850,0,4876.8
1243,5,31,fog-40,1,fog,2700.0,0.0000,0.3000,0,100.000,,0,0.8650,,0.850,0,4876.8
1244,5,31,fog-40,1,fog,2800.0,0.0000,0.3000,0,100.000,,0,0.8600,,0.850,0,4876.8
1245,5,31,fog-40,1,fog,2900.0,0.0000,0.3000,0,100.000,,0,0.8550,,0.850,0,4876.8
1246,5,31,fog-40,1,fog,3000.0,0.0000,0.3000,0,100.000,,0,0.8500,,0.850,0,4876.8
1247,5,31,fog-40,1,fog,3100.0,0.0000,0.3000,0,100.000,,0,0.8450,,0.850,0,4876.8
1248,5,31,fog-40,1,fog,3200.0,0.0000,0.3000,0,100.000,,0,0.8400,,0.850,0,4876.8
1249,5,31,fog-40,1,fog,3300.0,0.0000,0.3000,0,100.000,,0,0.8350,,0.850,0,4876.8
1250,5,31,fog-40,1,fog,3400.0,0.0000,0.3000,0,100.000,,0,0.8300,,0.850,0,4876.8
1251,5,31,fog-40,1,fog,3500.0,0.0000,0.3000,0,100.000,,0,0.8250,,0.850,0,4876.8
1252,5,31,fog-40,1,fog,3600.0,0.0000,0.3000,0,100.000,,0,0.8200,,0.850,0,4876.8
1253,5,31,fog-40,1,fog,3700.0,0.0000,0.3000,0,100.000,,0,0.8150,,0.850,0,4876.8
1254,5,31,fog-40,1,fog,3800.0,0.0000,0.3000,0,100.000,,0,0.8100,,0.850,0,4876.8
1255,5,31,fog-40,1,fog,3900.0,0.0000,0.3000,0,100.000,,0,0.8050,,0.850,0,4876.8
1256,5,31,fog-40,1,fog,4000.0,0.0000,0.3000,0,100.000,,0,0.8000,,0.850,0,4876.8
1257,5,31,fog-40,1,fog,4100.0,0.0000,0.3000,0,100.000,,0,0.7950,,0.850,0,4876.8
1258,5,31,fog-40,1,fog,4200.0,0.0000,0.3000,0,100.000,,0,0.7900,,0.850,0,4876.8
1259,5,31,fog-40,1,fog,4300.0,0.0000,0.3000,0,100.000,,0,0.7850,,0.850,0,4876.8
1260,5,31,fog-40,1,fog,4400.0,0.0000,0.3000,0,100.000,,0,0.7800,,0.850,0,4876.8
1261,5,31,fog-40,1,fog,4500.0,0.0000,0.3000,0,100.000,,0,0.7750,,0.850,0,4876.8
1262,5,31,fog-40,1,fog,4600.0,0.0000,0.3000,0,100.000,,0,0.7700,,0.850,0,4876.8
1263,5,31,fog-40,1,fog,4700.0,0.0000,0.3000,0,100.000,,0,0.7650,,0.850,1,4876.8
1264,5,31,fog-40,1,fog,4800.0,0.0000,0.3000,0,100.000,,0,0.7600,,0.850,1,4876.8
1265,5,32,fog-41,1,fog,0.0,0.0000,0.3000,0,100.000,,0,1.0000,,0.850,0,2604.0
1266,5,32,fog-41,1,fog,100.0,0.5000,0.3000,38,100.900,1.0000,0,0.9950,,0.850,0,2604.0
1267,5,32,fog-41,1,fog,200.0,1.0000,0.3000,127,103.000,1.0000,0,0.9900,,0.850,0,2604.0
1268,5,32,fog-41,1,fog,300.0,1.0000,0.3000,290,104.000,1.0000,0,0.9850,,0.850,0,2604.0
1269,5,32,fog-41,1,fog,400.0,1.0000,0.3000,360,103.700,1.0000,0,0.9800,,0.850,0,2604.0
1270,5,32,fog-41,1,fog,500.0,0.0000,0.3000,252,100.800,1.0000,0,0.9750,,0.850,0,2604.0
1271,5,32,fog-41,1,fog,600.0,0.6786,0.3000,268,102.200,1.0000,0,0.9700,,0.850,0,2604.0
1272,5,32,fog-41,1,fog,700.0,0.0000,0.3000,189,102.900,1.0000,0,0.9650,,0.850,0,2604.0
1273,5,32,fog-41,1,fog,800.0,0.0000,0.3000,79,104.200,1.0000,0,0.9605,,0.850,0,2604.0
1274,5,32,fog-41,1,fog,900.0,0.0000,0.3000,5,100.500,0.0000,0,0.9555,,0.850,0,2604.0
1275,5,32,fog-41,1,fog,1000.0,1.0000,0.3000,120,103.150,1.0000,0,0.9505,,0.850,0,2604.0
1276,5,32,fog-41,1,fog,1100.0,0.5714,0.3000,63,103.050,1.0000,0,0.9455,,0.850,0,2604.0
1277,5,32,fog-41,1,fog,1200.0,0.0000,0.3000,12,100.900,1.0000,0,0.9431,,0.850,0,2604.0
1278,5,32,fog-41,1,fog,1300.0,1.0000,0.3000,187,103.600,1.0000,0,0.9381,,0.850,0,2604.0
1279,5,32,fog-41,1,fog,1400.0,1.0000,0.3000,216,103.600,1.0000,0,0.9331,,0.850,0,2604.0
1280,5,32,fog-41,1,fog,1500.0,1.0000,0.3000,338,104.450,1.0000,0,0.9281,,0.850,0,2604.0
1281,5,32,fog-41,1,fog,1600.0,1.0000,0.3000,426,104.650,1.0000,0,0.9231,,0.850,0,2604.0
1282,5,32,fog-41,1,fog,1700.0,1.0000,0.3000,504,104.350,1.0000,0,0.9181,,0.850,0,2604.0
1283,5,32,fog-41,1,fog,1800.0,1.0000,0.3000,511,103.500,1.0000,0,0.9131,,0.850,0,2604.0
1284,5,32,fog-41,1,fog,1900.0,1.0000,0.3000,544,103.400,1.0000,0,0.9081,,0.850,0,2604.0
1285,5,32,fog-41,1,fog,2000.0,1.0000,0.3000,751,105.300,1.0000,0,0.9031,,0.850,0,2604.0
1286,5,32,fog-41,1,fog,2100.0,0.7143,0.3000,664,103.100,1.0000,0,0.8981,,0.850,0,2604.0
1287,5,32,fog-41,1,fog,2200.0,1.0000,0.3000,723,103.750,1.0000,0,0.8931,,0.850,0,2604.0
1288,5,32,fog-41,1,fog,2300.0,1.0000,0.3000,755,103.700,1.0000,0,0.8881,,0.850,0,2604.0
1289,5,32,fog-41,1,fog,2400.0,0.0000,0.3000,674,102.450,1.0000,0,0.8831,,0.850,0,2604.0
1290,5,32,fog-41,1,fog,2500.0,0.0000,0.3000,628,102.450,1.0000,0,0.8781,,0.850,1,2604.0
1291,5,32,fog-41,1,fog,2600.0,1.0000,0.3000,685,104.400,1.0000,0,0.8731,,0.850,1,2604.0
1292,5,33,fog-42,1,fog,0.0,0.0000,0.3000,0,100.000,,0,1.0000,,0.850,0,
1293,5,33,fog-42,1,fog,100.0,0.0000,0.3000,0,100.000,,0,0.9950,,0.850,0,
1294,5,33,fog-42,1,fog,200.0,0.0000,0.3000,0,100.000,,0,0.9900,,0.850,0,
1295,5,33,fog-42,1,fog,300.0,0.0000,0.3000,0,100.000,,0,0.9850,,0.850,0,
1296,5,33,fog-42,1,fog,400.0,0.0000,0.3000,0,100.000,,0,0.9800,,0.850,0,
1297,5,33,fog-42,1,fog,500.0,0.0000,0.3000,0,100.000,,0,0.9750,,0.850,0,
1298,5,33,fog-42,1,fog,600.0,0.0000,0.3000,0,100.000,,0,0.9700,,0.850,0,
1299,5,33,fog-42,1,fog,700.0,0.0000,0.3000,0,100.000,,0,0.9650,,0.850,0,
1300,5,33,fog-42,1,fog,800.0,0.0000,0.3000,0,100.000,,0,0.9600,,0.850,0,
1301,5,33,fog-42,1,fog,900.0,0.0000,0.3000,0,100.000,,0,0.9550,,0.850,0,
1302,5,33,fog-42,1,fog,1000.0,0.0000,0.3000,0,100.000,,0,0.9500,,0.850,0,
1303,5,33,fog-42,1,fog,1100.0,0.0000,0.3000,0,100.000,,0,0.9450,,0.850,0,
1304,5,33,fog-42,1,fog,1200.0,0.0000,0.3000,0,100.000,,0,0.9400,,0.850,0,
1305,5,33,fog-42,1,fog,1300.0,0.0000,0.3000,0,100.000,,0,0.9350,,0.850,0,
1306,5,33,fog-42,1,fog,1400.0,0.0000,0.3000,0,100.000,,0,0.9300,,0.850,0,
1307,5,33,fog-42,1,fog,1500.0,0.0000,0.3000,0,100.000,,0,0.9250,,0.850,0,
1308,5,33,fog-42,1,fog,1600.0,0.0000,0.3000,0,100.000,,0,0.9200,,0.850,0,
1309,5,33,fog-42,1,fog,1700.0,0.0000,0.3000,0,100.000,,0,0.9150,,0.850,0,
1310,5,33,fog-42,1,fog,1800.0,0.0000,0.3000,0,100.000,,0,0.9100,,0.850,0,
1311,5,33,fog-42,1,fog,1900.0,0.0000,0.3000,0,100.000,,0,0.9050,,0.850,0,
1312,5,33,fog-42,1,fog,2000.0,0.0000,0.3000,0,100.000,,0,0.9000,,0.850,0,
1313,5,33,fog-42,1,fog,2100.0,0.0000,0.3000,0,100.000,,0,0.8950,,0.850,0,
1314,5,33,fog-42,1,fog,2200.0,0.0000,0.3000,0,100.000,,0,0.8900,,0.850,0,
1315,5,33,fog-42,1,fog,2300.0,0.0000,0.3000,0,100.000,,0,0.8850,,0.850,0,
1316,5,33,fog-42,1,fog,2400.0,0.0000,0.3000,0,100.000,,0,0.8800,,0.850,0,
1317,5,33,fog-42,1,fog,2500.0,0.0000,0.3000,0,100.000,,0,0.8750,,0.850,0,
1318,5,33,fog-42,1,fog,2600.0,0.0000,0.3000,0,100.000,,0,0.8700,,0.850,0,
1319,5,33,fog-42,1,fog,2700.0,0.0000,0.3000,0,100.000,,0,0.8650,,0.850,0,
1320,5,33,fog-42,1,fog,2800.0,0.0000,0.3000,0,100.000,,0,0.8600,,0.850,0,
1321,5,33,fog-42,1,fog,2900.0,0.0000,0.3000,0,100.000,,0,0.8550,,0.850,0,
1322,5,33,fog-42,1,fog,3000.0,0.0000,0.3000,0,100.000,,0,0.8500,,0.850,0,
1323,5,33,fog-42,1,fog,3100.0,0.0000,0.3000,0,100.000,,0,0.8450,,0.850,0,
1324,5,33,fog-42,1,fog,3200.0,0.0000,0.3000,0,100.000,,0,0.8400,,0.850,0,
1325,5,33,fog-42,1,fog,3300.0,0.0000,0.3000,0,100.000,,0,0.8350,,0.850,0,
1326,5,33,fog-42,1,fog,3400.0,0.0000,0.3000,0,100.000,,0,0.8300,,0.850,0,
1327,5,33,fog-42,1,fog,3500.0,0.0000,0.3000,0,100.000,,0,0.8250,,0.850,0,
1328,5,33,fog-42,1,fog,3600.0,0.0000,0.3000,0,100.000,,0,0.8200,,0.850,0,
1329,5,33,fog-42,1,fog,3700.0,0.0000,0.3000,0,100.000,,0,0.8150,,0.850,0,
1330,5,33,fog-42,1,fog,3800.0,0.0000,0.3000,0,100.000,,0,0.8100,,0.850,0,
1331,5,33,fog-42,1,fog,3900.0,0.0000,0.3000,0,100.000,,0,0.8050,,0.850,0,
1332,5,33,fog-42,1,fog,4000.0,0.0000,0.3000,0,100.000,,0,0.8000,,0.850,0,
1333,5,33,fog-42,1,fog,4100.0,0.0000,0.3000,0,100.000,,0,0.7950,,0.850,0,
1334,5,33,fog-42,1,fog,4200.0,0.0000,0.3000,0,100.000,,0,0.7900,,0.850,0,
1335,5,33,fog-42,1,fog,4300.0,0.0000,0.3000,0,100.000,,0,0.7850,,0.850,0,
1336,5,33,fog-42,1,fog,4400.0,0.0000,0.3000,0,100.000,,0,0.7800,,0.850,0,
1337,5,33,fog-42,1,fog,4500.0,0.0000,0.3000,0,100.000,,0,0.7750,,0.850,0,
1338,5,33,fog-42,1,fog,4600.0,0.0000,0.3000,0,100.000,,0,0.7700,,0.850,0,
1339,5,33,fog-42,1,fog,4700.0,0.0000,0.3000,0,100.000,,0,0.7650,,0.850,0,
1340,5,33,fog-42,1,fog,4800.0,0.0000,0.3000,0,100.000,,0,0.7600,,0.850,0,
1341,5,33,fog-42,1,fog,4900.0,0.0000,0.3000,0,100.000,,0,0.7550,,0.850,0,
1342,5,33,fog-42,1,fog,5000.0,0.0000,0.3000,0,100.000,,0,0.7500,,0.850,0,
1343,5,34,fog-43,1,fog,0.0,0.0000,0.3000,0,100.000,,0,1.0000,,0.850,0,
1344,5,34,fog-43,1,fog,100.0,0.0000,0.3000,0,100.000,,0,0.9950,,0.850,0,
1345,5,34,fog-43,1,fog,200.0,0.0000,0.3000,0,100.000,,0,0.9900,,0.850,0,
1346,5,34,fog-43,1,fog,300.0,0.0000,0.3000,0,100.000,,0,0.9850,,0.850,0,
1347,5,34,fog-43,1,fog,400.0,0.0000,0.3000,0,100.000,,0,0.9800,,0.850,0,
1348,5,34,fog-43,1,fog,500.0,0.0000,0.3000,0,100.000,,0,0.9750,,0.850,0,
1349,5,34,fog-43,1,fog,600.0,0.0000,0.3000,0,100.000,,0,0.9700,,0.850,0,
1350,5,34,fog-43,1,fog,700.0,0.0000,0.3000,0,100.000,,0,0.9650,,0.850,0,
1351,5,34,fog-43,1,fog,800.0,0.0000,0.3000,0,100.000,,0,0.9600,,0.850,0,
1352,5,34,fog-43,1,fog,900.0,0.0000,0.3000,0,100.000,,0,0.9550,,0.850,0,
1353,5,34,fog-43,1,fog,1000.0,0.0000,0.3000,0,100.000,,0,0.9500,,0.850,0,
1354,5,34,fog-43,1,fog,1100.0,0.0000,0.3000,0,100.000,,0,0.9450,,0.850,0,
1355,5,34,fog-43,1,fog,1200.0,0.7143,0.3000,44,101.800,1.0000,0,0.9402,,0.850,0,
1356,5,34,fog-43,1,fog,1300.0,0.0000,0.3000,5,100.300,1.0000,0,0.9378,,0.850,0,
1357,5,34,fog-43,1,fog,1400.0,0.0000,0.3000,1,100.100,,0,0.9328,,0.850,0,
1358,5,34,fog-43,1,fog,1500.0,0.0000,0.3000,1,100.100,,0,0.9278,,0.850,0,
1359,5,34,fog-43,1,fog,1600.0,0.0000,0.3000,1,100.100,,0,0.9228,,0.850,0,
1360,5,34,fog-43,1,fog,1700.0,0.0000,0.3000,1,100.100,,0,0.9178,,0.850,0,
1361,5,34,fog-43,1,fog,1800.0,0.0000,0.3000,1,100.100,,0,0.9128,,0.850,0,
1362,5,34,fog-43,1,fog,1900.0,0.0000,0.3000,1,100.100,,0,0.9078,,0.850,0,
1363,5,34,fog-43,1,fog,2000.0,0.0000,0.3000,1,100.100,,0,0.9028,,0.850,0,
1364,5,34,fog-43,1,fog,2100.0,0.0000,0.3000,1,100.100,,0,0.8978,,0.850,0,
1365,5,34,fog-43,1,fog,2200.0,0.0000,0.3000,1,100.100,,0,0.8928,,0.850,0,
1366,5,34,fog-43,1,fog,2300.0,0.0000,0.3000,1,100.100,,0,0.8878,,0.850,0,
1367,5,34,fog-43,1,fog,2400.0,0.0000,0.3000,1,100.100,,0,0.8828,,0.850,0,
1368,5,34,fog-43,1,fog,2500.0,0.0000,0.3000,1,100.100,,0,0.8778,,0.850,0,
1369,5,34,fog-43,1,fog,2600.0,0.0000,0.3000,1,100.100,,0,0.8728,,0.850,0,
1370,5,34,fog-43,1,fog,2700.0,0.0000,0.3000,1,100.100,,0,0.8678,,0.850,0,
1371,5,34,fog-43,1,fog,2800.0,0.6786,0.3000,41,101.900,1.0000,0,0.8632,,0.850,0,
1372,5,34,fog-43,1,fog,2900.0,0.0000,0.3000,4,100.300,1.0000,0,0.8609,,0.850,0,
1373,5,34,fog-43,1,fog,3000.0,0.0000,0.3000,2,100.200,,0,0.8559,,0.850,0,
1374,5,34,fog-43,1,fog,3100.0,0.0000,0.3000,2,100.200,,0,0.8509,,0.850,0,
1375,5,34,fog-43,1,fog,3200.0,0.0000,0.3000,2,100.200,,0,0.8459,,0.850,0,
1376,5,34,fog-43,1,fog,3300.0,0.0000,0.3000,2,100.200,,0,0.8409,,0.850,0,
1377,5,34,fog-43,1,fog,3400.0,0.0000,0.3000,2,100.200,,0,0.8359,,0.850,0,
1378,5,34,fog-43,1,fog,3500.0,0.0000,0.3000,2,100.200,,0,0.8309,,0.850,0,
1379,5,34,fog-43,1,fog,3600.0,0.0000,0.3000,2,100.200,,0,0.8259,,0.850,0,
1380,5,34,fog-43,1,fog,3700.0,0.0000,0.3000,2,100.200,,0,0.8209,,0.850,0,
1381,5,34,fog-43,1,fog,3800.0,0.0000,0.3000,2,100.200,,0,0.8159,,0.850,0,
1382,5,34,fog-43,1,fog,3900.0,0.0000,0.3000,2,100.200,,0,0.8109,,0.850,0,
1383,5,34,fog-43,1,fog,4000.0,0.0000,0.3000,2,100.200,,0,0.8059,,0.850,0,
1384,5,34,fog-43,1,fog,4100.0,0.0000,0.3000,2,100.200,,0,0.8009,,0.850,0,
1385,5,34,fog-43,1,fog,4200.0,0.0000,0.3000,2,100.200,,0,0.7959,,0.850,0,
1386,5,34,fog-43,1,fog,4300.0,0.0000,0.3000,2,100.200,,0,0.7909,,0.850,0,
1387,5,34,fog-43,1,fog,4400.0,0.6786,0.3000,42,102.000,1.0000,0,0.7863,,0.850,0,
1388,5,34,fog-43,1,fog,4500.0,0.0000,0.3000,5,100.400,1.0000,0,0.7840,,0.850,0,
1389,5,34,fog-43,1,fog,4600.0,0.0000,0.3000,3,100.300,0.0000,0,0.7790,,0.850,0,
1390,5,34,fog-43,1,fog,4700.0,0.0000,0.3000,3,100.300,0.0000,0,0.7740,,0.850,0,
1391,5,34,fog-43,1,fog,4800.0,0.0000,0.3000,3,100.300,0.0000,0,0.7690,,0.850,0,
1392,5,34,fog-43,1,fog,4900.0,0.0000,0.3000,3,100.300,0.0000,0,0.7640,,0.850,0,
1393,5,34,fog-43,1,fog,5000.0,0.0000,0.3000,3,100.300,0.0000,0,0.7590,,0.850,0,
1394,5,35,fog-44,1,fog,0.0,0.0000,0.3000,0,100.000,,0,1.0000,,0.850,0,
1395,5,35,fog-44,1,fog,100.0,0.0000,0.3000,0,100.000,,0,0.9950,,0.850,0,
1396,5,35,fog-44,1,fog,200.0,0.0000,0.3000,0,100.000,,0,0.9900,,0.850,0,
1397,5,35,fog-44,1,fog,300.0,0.0000,0.3000,0,100.000,,0,0.9850,,0.850,0,
1398,5,35,fog-44,1,fog,400.0,0.0000,0.3000,0,100.000,,0,0.9800,,0.850,0,
1399,5,35,fog-44,1,fog,500.0,0.0000,0.3000,0,100.000,,0,0.9750,,0.850,0,
1400,5,35,fog-44,1,fog,600.0,0.0000,0.3000,0,100.000,,0,0.9700,,0.850,0,
1401,5,35,fog-44,1,fog,700.0,0.0000,0.3000,0,100.000,,0,0.9650,,0.850,0,
1402,5,35,fog-44,1,fog,800.0,0.0000,0.3000,0,100.000,,0,0.9600,,0.850,0,
1403,5,35,fog-44,1,fog,900.0,0.0000,0.3000,0,100.000,,0,0.9550,,0.850,0,
1404,5,35,fog-44,1,fog,1000.0,0.0000,0.3000,0,100.000,,0,0.9500,,0.850,0,
1405,5,35,fog-44,1,fog,1100.0,0.0000,0.3000,0,100.000,,0,0.9450,,0.850,0,
1406,5,35,fog-44,1,fog,1200.0,0.0000,0.3000,0,100.000,,0,0.9400,,0.850,0,
1407,5,35,fog-44,1,fog,1300.0,0.0000,0.3000,0,100.000,,0,0.9350,,0.850,0,
1408,5,35,fog-44,1,fog,1400.0,0.0000,0.3000,0,100.000,,0,0.9300,,0.850,0,
1409,5,35,fog-44,1,fog,1500.0,0.0000,0.3000,0,100.000,,0,0.9250,,0.850,0,
1410,5,35,fog-44,1,fog,1600.0,0.0000,0.3000,0,100.000,,0,0.9200,,0.850,0,
1411,5,35,fog-44,1,fog,1700.0,0.0000,0.3000,0,100.000,,0,0.9150,,0.850,0,
1412,5,35,fog-44,1,fog,1800.0,0.0000,0.3000,0,100.000,,0,0.9100,,0.850,0,
1413,5,35,fog-44,1,fog,1900.0,0.0000,0.3000,0,100.000,,0,0.9050,,0.850,0,
1414,5,35,fog-44,1,fog,2000.0,0.0000,0.3000,0,100.000,,0,0.9000,,0.850,0,
1415,5,35,fog-44,1,fog,2100.0,0.0000,0.3000,0,100.000,,0,0.8950,,0.850,0,
1416,5,35,fog-44,1,fog,2200.0,0.0000,0.3000,0,100.000,,0,0.8900,,0.850,0,
1417,5,35,fog-44,1,fog,2300.0,0.0000,0.3000,0,100.000,,0,0.8850,,0.850,0,
1418,5,35,fog-44,1,fog,2400.0,0.0000,0.3000,0,100.000,,0,0.8800,,0.850,0,
1419,5,35,fog-44,1,fog,2500.0,0.0000,0.3000,0,100.000,,0,0.8750,,0.850,0,
1420,5,35,fog-44,1,fog,2600.0,0.0000,0.3000,0,100.000,,0,0.8700,,0.850,0,
1421,5,35,fog-44,1,fog,2700.0,0.0000,0.3000,0,100.000,,0,0.8650,,0.850,0,
1422,5,35,fog-44,1,fog,2800.0,0.0000,0.3000,0,100.000,,0,0.8600,,0.850,0,
1423,5,35,fog-44,1,fog,2900.0,0.0000,0.3000,0,100.000,,0,0.8550,,0.850,0,
1424,5,35,fog-44,1,fog,3000.0,0.0000,0.3000,0,100.000,,0,0.8500,,0.850,0,
1425,5,35,fog-44,1,fog,3100.0,0.0000,0.3000,0,100.000,,0,0.8450,,0.850,0,
1426,5,35,fog-44,1,fog,3200.0,0.0000,0.3000,0,100.000,,0,0.8400,,0.850,0,
1427,5,35,fog-44,1,fog,3300.0,0.0000,0.3000,0,100.000,,0,0.8350,,0.850,0,
1428,5,35,fog-44,1,fog,3400.0,0.0000,0.3000,0,100.000,,0,0.8300,,0.850,0,
1429,5,35,fog-44,1,fog,3500.0,0.0000,0.3000,0,100.000,,0,0.8250,,0.850,0,
1430,5,35,fog-44,1,fog,3600.0,0.0000,0.3000,0,100.000,,0,0.8200,,0.850,0,
1431,5,35,fog-44,1,fog,3700.0,0.0000,0.3000,0,100.000,,0,0.8150,,0.850,0,
1432,5,35,fog-44,1,fog,3800.0,0.0000,0.3000,0,100.000,,0,0.8100,,0.850,0,
1433,5,35,fog-44,1,fog,3900.0,0.0000,0.3000,0,100.000,,0,0.8050,,0.850,0,
1434,5,35,fog-44,1,fog,4000.0,0.0000,0.3000,0,100.000,,0,0.8000,,0.850,0,
1435,5,35,fog-44,1,fog,4100.0,0.0000,0.3000,0,100.000,,0,0.7950,,0.850,0,
1436,5,35,fog-44,1,fog,4200.0,0.0000,0.3000,0,100.000,,0,0.7900,,0.850,0,
1437,5,35,fog-44,1,fog,4300.0,0.0000,0.3000,0,100.000,,0,0.7850,,0.850,0,
1438,5,35,fog-44,1,fog,4400.0,0.0000,0.3000,0,100.000,,0,0.7800,,0.850,0,
1439,5,35,fog-44,1,fog,4500.0,0.0000,0.3000,0,100.000,,0,0.7750,,0.850,0,
1440,5,35,fog-44,1,fog,4600.0,0.0000,0.3000,0,100.000,,0,0.7700,,0.850,0,
1441,5,35,fog-44,1,fog,4700.0,0.0000,0.3000,0,100.000,,0,0.7650,,0.850,0,
1442,5,35,fog-44,1,fog,4800.0,0.0000,0.3000,0,100.000,,0,0.7600,,0.850,0,
1443,5,35,fog-44,1,fog,4900.0,0.0000,0.3000,0,100.000,,0,0.7550,,0.850,0,
1444,5,35,fog-44,1,fog,5000.0,0.0000,0.3000,0,100.000,,0,0.7500,,0.850,0,
1445,5,36,fog-45,1,fog,0.0,0.0000,0.3000,0,100.000,,0,1.0000,,0.850,0,
1446,5,36,fog-45,1,fog,100.0,0.0000,0.3000,0,100.000,,0,0.9950,,0.850,0,
1447,5,36,fog-45,1,fog,200.0,0.0000,0.3000,0,100.000,,0,0.9900,,0.850,0,
1448,5,36,fog-45,1,fog,300.0,0.0000,0.3000,0,100.000,,0,0.9850,,0.850,0,
1449,5,36,fog-45,1,fog,400.0,0.0000,0.3000,0,100.000,,0,0.9800,,0.850,0,
1450,5,36,fog-45,1,fog,500.0,0.0000,0.3000,0,100.000,,0,0.9750,,0.850,0,
1451,5,36,fog-45,1,fog,600.0,0.0000,0.3000,0,100.000,,0,0.9700,,0.850,0,
1452,5,36,fog-45,1,fog,700.0,0.0000,0.3000,0,100.000,,0,0.9650,,0.850,0,
1453,5,36,fog-45,1,fog,800.0,0.0000,0.3000,0,100.000,,0,0.9600,,0.850,0,
1454,5,36,fog-45,1,fog,900.0,0.0000,0.3000,0,100.000,,0,0.9550,,0.850,0,
1455,5,36,fog-45,1,fog,1000.0,0.0000,0.3000,0,100.000,,0,0.9500,,0.850,0,
1456,5,36,fog-45,1,fog,1100.0,0.0000,0.3000,0,100.000,,0,0.9450,,0.850,0,
1457,5,36,fog-45,1,fog,1200.0,0.0000,0.3000,0,100.000,,0,0.9400,,0.850,0,
1458,5,36,fog-45,1,fog,1300.0,0.0000,0.3000,0,100.000,,0,0.9350,,0.850,0,
1459,5,36,fog-45,1,fog,1400.0,0.0000,0.3000,0,100.000,,0,0.9300,,0.850,0,
1460,5,36,fog-45,1,fog,1500.0,0.0000,0.3000,0,100.000,,0,0.9250,,0.850,0,
1461,5,36,fog-45,1,fog,1600.0,0.0000,0.3000,0,100.000,,0,0.9200,,0.850,0,
1462,5,36,fog-45,1,fog,1700.0,0.0000,0.3000,0,100.000,,0,0.9150,,0.850,0,
1463,5,36,fog-45,1,fog,1800.0,0.0000,0.3000,0,100.000,,0,0.9100,,0.850,0,
1464,5,36,fog-45,1,fog,1900.0,0.0000,0.3000,0,100.000,,0,0.9050,,0.850,0,
1465,5,36,fog-45,1,fog,2000.0,0.0000,0.3000,0,100.000,,0,0.9000,,0.850,0,
1466,5,36,fog-45,1,fog,2100.0,0.0000,0.3000,0,100.000,,0,0.8950,,0.850,0,
1467,5,36,fog-45,1,fog,2200.0,0.0000,0.3000,0,100.000,,0,0.8900,,0.850,0,
1468,5,36,fog-45,1,fog,2300.0,0.0000,0.3000,0,100.000,,0,0.8850,,0.850,0,
1469,5,36,fog-45,1,fog,2400.0,0.0000,0.3000,0,100.000,,0,0.8800,,0.850,0,
1470,5,36,fog-45,1,fog,2500.0,0.0000,0.3000,0,100.000,,0,0.8750,,0.850,0,
1471,5,36,fog-45,1,fog,2600.0,0.0000,0.3000,0,100.000,,0,0.8700,,0.850,0,
1472,5,36,fog-45,1,fog,2700.0,0.0000,0.3000,0,100.000,,0,0.8650,,0.850,0,
1473,5,36,fog-45,1,fog,2800.0,0.0000,0.3000,0,100.000,,0,0.8600,,0.850,0,
1474,5,36,fog-45,1,fog,2900.0,0.0000,0.3000,0,100.000,,0,0.8550,,0.850,0,
1475,5,36,fog-45,1,fog,3000.0,0.0000,0.3000,0,100.000,,0,0.8500,,0.850,0,
1476,5,36,fog-45,1,fog,3100.0,0.0000,0.3000,0,100.000,,0,0.8450,,0.850,0,
1477,5,36,fog-45,1,fog,3200.0,0.0000,0.3000,0,100.000,,0,0.8400,,0.850,0,
1478,5,36,fog-45,1,fog,3300.0,0.0000,0.3000,0,100.000,,0,0.8350,,0.850,0,
1479,5,36,fog-45,1,fog,3400.0,0.0000,0.3000,0,100.000,,0,0.8300,,0.850,0,
1480,5,36,fog-45,1,fog,3500.0,0.0000,0.3000,0,100.000,,0,0.8250,,0.850,0,
1481,5,36,fog-45,1,fog,3600.0,0.0000,0.3000,0,100.000,,0,0.8200,,0.850,0,
1482,5,36,fog-45,1,fog,3700.0,0.0000,0.3000,0,100.000,,0,0.8150,,0.850,0,
1483,5,36,fog-45,1,fog,3800.0,0.0000,0.3000,0,100.000,,0,0.8100,,0.850,0,
1484,5,36,fog-45,1,fog,3900.0,0.0000,0.3000,0,100.000,,0,0.8050,,0.850,0,
1485,5,36,fog-45,1,fog,4000.0,0.0000,0.3000,0,100.000,,0,0.8000,,0.850,0,
1486,5,36,fog-45,1,fog,4100.0,0.0000,0.3000,0,100.000,,0,0.7950,,0.850,0,
1487,5,36,fog-45,1,fog,4200.0,0.0000,0.3000,0,100.000,,0,0.7900,,0.850,0,
1488,5,36,fog-45,1,fog,4300.0,0.0000,0.3000,0,100.000,,0,0.7850,,0.850,0,
1489,5,36,fog-45,1,fog,4400.0,0.0000,0.3000,0,100.000,,0,0.7800,,0.850,0,
1490,5,36,fog-45,1,fog,4500.0,0.0000,0.3000,0,100.000,,0,0.7750,,0.850,0,
1491,5,36,fog-45,1,fog,4600.0,0.0000,0.3000,0,100.000,,0,0.7700,,0.850,0,
1492,5,36,fog-45,1,fog,4700.0,0.0000,0.3000,0,100.000,,0,0.7650,,0.850,0,
1493,5,36,fog-45,1,fog,4800.0,0.0000,0.3000,0,100.000,,0,0.7600,,0.850,0,
1494,5,36,fog-45,1,fog,4900.0,0.0000,0.3000,0,100.000,,0,0.7550,,0.850,0,
1495,5,36,fog-45,1,fog,5000.0,0.0000,0.3000,0,100.000,,0,0.7500,,0.850,0,
1496,5,37,fog-46,1,fog,0.0,0.0000,0.3000,0,100.000,,0,1.0000,,0.850,0,4371.4
1497,5,37,fog-46,1,fog,100.0,0.2143,0.3000,10,100.500,1.0000,0,0.9950,,0.850,0,4371.4
1498,5,37,fog-46,1,fog,200.0,0.0714,0.3000,7,100.400,1.0000,0,0.9927,,0.850,0,4371.4
1499,5,37,fog-46,1,fog,300.0,0.0000,0.3000,1,100.100,,0,0.9877,,0.850,0,4371.4
1500,5,37,fog-46,1,fog,400.0,0.0000,0.3000,1,100.100,,0,0.9827,,0.850,0,4371.4
1501,5,37,fog-46,1,fog,500.0,0.0000,0.3000,1,100.100,,0,0.9777,,0.850,0,4371.4
1502,5,37,fog-46,1,fog,600.0,0.0000,0.3000,1,100.100,,0,0.9727,,0.850,0,4371.4
1503,5,37,fog-46,1,fog,700.0,0.6071,0.3000,37,101.700,1.0000,0,0.9680,,0.850,0,4371.4
1504,5,37,fog-46,1,fog,800.0,0.6429,0.3000,41,102.050,1.0000,0,0.9631,,0.850,0,4371.4
1505,5,37,fog-46,1,fog,900.0,0.5714,0.3000,33,101.750,1.0000,0,0.9583,,0.850,0,4371.4
1506,5,37,fog-46,1,fog,1000.0,0.0000,0.3000,4,100.300,1.0000,0,0.9564,,0.850,0,4371.4
1507,5,37,fog-46,1,fog,1100.0,0.0000,0.3000,2,100.200,,0,0.9514,,0.850,0,4371.4
1508,5,37,fog-46,1,fog,1200.0,0.0000,0.3000,2,100.200,,0,0.9464,,0.850,0,4371.4
1509,5,37,fog-46,1,fog,1300.0,0.0000,0.3000,2,100.200,,0,0.9414,,0.850,0,4371.4
1510,5,37,fog-46,1,fog,1400.0,0.0000,0.3000,2,100.200,,0,0.9364,,0.850,0,4371.4
1511,5,37,fog-46,1,fog,1500.0,0.0000,0.3000,2,100.200,,0,0.9314,,0.850,0,4371.4
1512,5,37,fog-46,1,fog,1600.0,0.0000,0.3000,2,100.200,,0,0.9264,,0.850,0,4371.4
1513,5,37,fog-46,1,fog,1700.0,0.0000,0.3000,2,100.200,,0,0.9214,,0.850,0,4371.4
1514,5,37,fog-46,1,fog,1800.0,0.0000,0.3000,2,100.200,,0,0.9164,,0.850,0,4371.4
1515,5,37,fog-46,1,fog,1900.0,0.0000,0.3000,2,100.200,,0,0.9114,,0.850,0,4371.4
1516,5,37,fog-46,1,fog,2000.0,0.0000,0.3000,2,100.200,,0,0.9064,,0.850,0,4371.4
1517,5,37,fog-46,1,fog,2100.0,0.0000,0.3000,2,100.200,,0,0.9014,,0.850,0,4371.4
1518,5,37,fog-46,1,fog,2200.0,0.6071,0.3000,36,101.900,1.0000,0,0.8966,,0.850,0,4371.4
1519,5,37,fog-46,1,fog,2300.0,0.0714,0.3000,7,100.500,1.0000,0,0.8942,,0.850,0,4371.4
1520,5,37,fog-46,1,fog,2400.0,0.0000,0.3000,3,100.300,0.0000,0,0.8892,,0.850,0,4371.4
1521,5,37,fog-46,1,fog,2500.0,0.7143,0.3000,47,102.100,1.0000,0,0.8844,,0.850,0,4371.4
1522,5,37,fog-46,1,fog,2600.0,0.5714,0.3000,38,102.100,1.0000,0,0.8796,,0.850,0,4371.4
1523,5,37,fog-46,1,fog,2700.0,0.6429,0.3000,40,102.200,1.0000,0,0.8747,,0.850,0,4371.4
1524,5,37,fog-46,1,fog,2800.0,0.0000,0.3000,6,100.500,1.0000,0,0.8728,,0.850,0,4371.4
1525,5,37,fog-46,1,fog,2900.0,0.0000,0.3000,4,100.400,0.0000,0,0.8678,,0.850,0,4371.4
1526,5,37,fog-46,1,fog,3000.0,0.0000,0.3000,4,100.400,0.0000,0,0.8628,,0.850,0,4371.4
1527,5,37,fog-46,1,fog,3100.0,0.0000,0.3000,4,100.400,0.0000,0,0.8578,,0.850,0,4371.4
1528,5,37,fog-46,1,fog,3200.0,0.0000,0.3000,4,100.400,0.0000,0,0.8528,,0.850,0,4371.4
1529,5,37,fog-46,1,fog,3300.0,0.0000,0.3000,4,100.400,0.0000,0,0.8478,,0.850,0,4371.4
1530,5,37,fog-46,1,fog,3400.0,0.0000,0.3000,4,100.400,0.0000,0,0.8428,,0.850,0,4371.4
1531,5,37,fog-46,1,fog,3500.0,0.0000,0.3000,4,100.400,0.0000,0,0.8378,,0.850,0,4371.4
1532,5,37,fog-46,1,fog,3600.0,0.0000,0.3000,4,100.400,0.0000,0,0.8328,,0.850,0,4371.4
1533,5,37,fog-46,1,fog,3700.0,0.6429,0.3000,38,102.100,1.0000,0,0.8279,,0.850,0,4371.4
1534,5,37,fog-46,1,fog,3800.0,0.6786,0.3000,49,102.300,1.0000,0,0.8234,,0.850,0,4371.4
1535,5,37,fog-46,1,fog,3900.0,0.0000,0.3000,10,100.800,1.0000,0,0.8210,,0.850,0,4371.4
1536,5,37,fog-46,1,fog,4000.0,0.0000,0.3000,6,100.600,0.0000,0,0.8160,,0.850,0,4371.4
1537,5,37,fog-46,1,fog,4100.0,0.7500,0.3000,50,102.600,1.0000,0,0.8111,,0.850,0,4371.4
1538,5,37,fog-46,1,fog,4200.0,0.6429,0.3000,43,102.500,1.0000,0,0.8061,,0.850,1,4371.4
1539,5,37,fog-46,1,fog,4300.0,0.7857,0.3000,57,102.800,1.0000,0,0.8011,,0.850,1,4371.4
1540,5,38,fog-47,1,fog,0.0,0.0000,0.3000,0,100.000,,0,1.0000,,0.850,0,
1541,5,38,fog-47,1,fog,100.0,0.0000,0.3000,0,100.000,,0,0.9950,,0.850,0,
1542,5,38,fog-47,1,fog,200.0,0.0000,0.3000,0,100.000,,0,0.9900,,0.850,0,
1543,5,38,fog-47,1,fog,300.0,0.0000,0.3000,0,100.000,,0,0.9850,,0.850,0,
1544,5,38,fog-47,1,fog,400.0,0.0000,0.3000,0,100.000,,0,0.9800,,0.850,0,
1545,5,38,fog-47,1,fog,500.0,0.0000,0.3000,0,100.000,,0,0.9750,,0.850,0,
1546,5,38,fog-47,1,fog,600.0,0.0000,0.3000,0,100.000,,0,0.9700,,0.850,0,
1547,5,38,fog-47,1,fog,700.0,0.0000,0.3000,0,100.000,,0,0.9650,,0.850,0,
1548,5,38,fog-47,1,fog,800.0,0.0000,0.3000,0,100.000,,0,0.9600,,0.850,0,
1549,5,38,fog-47,1,fog,900.0,0.0000,0.3000,0,100.000,,0,0.9550,,0.850,0,
1550,5,38,fog-47,1,fog,1000.0,0.0000,0.3000,0,100.000,,0,0.9500,,0.850,0,
1551,5,38,fog-47,1,fog,1100.0,0.0000,0.3000,0,100.000,,0,0.9450,,0.850,0,
1552,5,38,fog-47,1,fog,1200.0,0.0000,0.3000,0,100.000,,0,0.9400,,0.850,0,
1553,5,38,fog-47,1,fog,1300.0,0.0000,0.3000,0,100.000,,0,0.9350,,0.850,0,
1554,5,38,fog-47,1,fog,1400.0,0.0000,0.3000,0,100.000,,0,0.9300,,0.850,0,
1555,5,38,fog-47,1,fog,1500.0,0.0000,0.3000,0,100.000,,0,0.9250,,0.850,0,
1556,5,38,fog-47,1,fog,1600.0,0.0000,0.3000,0,100.000,,0,0.9200,,0.850,0,
1557,5,38,fog-47,1,fog,1700.0,0.0000,0.3000,0,100.000,,0,0.9150,,0.850,0,
1558,5,38,fog-47,1,fog,1800.0,0.0000,0.3000,0,100.000,,0,0.9100,,0.850,0,
1559,5,38,fog-47,1,fog,1900.0,0.0000,0.3000,0,100.000,,0,0.9050,,0.850,0,
1560,5,38,fog-47,1,fog,2000.0,0.0000,0.3000,0,100.000,,0,0.9000,,0.850,0,
1561,5,38,fog-47,1,fog,2100.0,0.0000,0.3000,0,100.000,,0,0.8950,,0.850,0,
1562,5,38,fog-47,1,fog,2200.0,0.0000,0.3000,0,100.000,,0,0.8900,,0.850,0,
1563,5,38,fog-47,1,fog,2300.0,0.0000,0.3000,0,100.000,,0,0.8850,,0.850,0,
1564,5,38,fog-47,1,fog,2400.0,0.0000,0.3000,0,100.000,,0,0.8800,,0.850,0,
1565,5,38,fog-47,1,fog,2500.0,0.0000,0.3000,0,100.000,,0,0.8750,,0.850,0,
1566,5,38,fog-47,1,fog,2600.0,0.0000,0.3000,0,100.000,,0,0.8700,,0.850,0,
1567,5,38,fog-47,1,fog,2700.0,0.0000,0.3000,0,100.000,,0,0.8650,,0.850,0,
1568,5,38,fog-47,1,fog,2800.0,0.0000,0.3000,0,100.000,,0,0.8600,,0.850,0,
1569,5,38,fog-47,1,fog,2900.0,0.0000,0.3000,0,100.000,,0,0.8550,,0.850,0,
1570,5,38,fog-47,1,fog,3000.0,0.0000,0.3000,0,100.000,,0,0.8500,,0.850,0,
1571,5,38,fog-47,1,fog,3100.0,0.0000,0.3000,0,100.000,,0,0.8450,,0.850,0,
1572,5,38,fog-47,1,fog,3200.0,0.0000,0.3000,0,100.000,,0,0.8400,,0.850,0,
1573,5,38,fog-47,1,fog,3300.0,0.0000,0.3000,0,100.000,,0,0.8350,,0.850,0,
1574,5,38,fog-47,1,fog,3400.0,0.0000,0.3000,0,100.000,,0,0.8300,,0.850,0,
1575,5,38,fog-47,1,fog,3500.0,0.0000,0.3000,0,100.000,,0,0.8250,,0.850,0,
1576,5,38,fog-47,1,fog,3600.0,0.0000,0.3000,0,100.000,,0,0.8200,,0.850,0,
1577,5,38,fog-47,1,fog,3700.0,0.0000,0.3000,0,100.000,,0,0.8150,,0.850,0,
1578,5,38,fog-47,1,fog,3800.0,0.0000,0.3000,0,100.000,,0,0.8100,,0.850,0,
1579,5,38,fog-47,1,fog,3900.0,0.0000,0.3000,0,100.000,,0,0.8050,,0.850,0,
1580,5,38,fog-47,1,fog,4000.0,0.0000,0.3000,0,100.000,,0,0.8000,,0.850,0,
1581,5,38,fog-47,1,fog,4100.0,0.0000,0.3000,0,100.000,,0,0.7950,,0.850,0,
1582,5,38,fog-47,1,fog,4200.0,0.0000,0.3000,0,100.000,,0,0.7900,,0.850,0,
1583,5,38,fog-47,1,fog,4300.0,0.0000,0.3000,0,100.000,,0,0.7850,,0.850,0,
1584,5,38,fog-47,1,fog,4400.0,0.0000,0.3000,0,100.000,,0,0.7800,,0.850,0,
1585,5,38,fog-47,1,fog,4500.0,0.0000,0.3000,0,100.000,,0,0.7750,,0.850,0,
1586,5,38,fog-47,1,fog,4600.0,0.0000,0.3000,0,100.000,,0,0.7700,,0.850,0,
1587,5,38,fog-47,1,fog,4700.0,0.0000,0.3000,0,100.000,,0,0.7650,,0.850,0,
1588,5,38,fog-47,1,fog,4800.0,0.0000,0.3000,0,100.000,,0,0.7600,,0.850,0,
1589,5,38,fog-47,1,fog,4900.0,0.0000,0.3000,0,100.000,,0,0.7550,,0.850,0,
1590,5,38,fog-47,1,fog,5000.0,0.0000,0.3000,0,100.000,,0,0.7500,,0.850,0,
1591,5,39,fog-48,1,fog,0.0,0.0000,0.3000,0,100.000,,0,1.0000,,0.850,0,
1592,5,39,fog-48,1,fog,100.0,0.2857,0.3000,18,100.700,1.0000,0,0.9950,,0.850,0,
1593,5,39,fog-48,1,fog,200.0,0.0000,0.3000,3,100.200,1.0000,0,0.9927,,0.850,0,
1594,5,39,fog-48,1,fog,300.0,0.0000,0.3000,1,100.100,,0,0.9877,,0.850,0,
1595,5,39,fog-48,1,fog,400.0,0.0000,0.3000,1,100.100,,0,0.9827,,0.850,0,
1596,5,39,fog-48,1,fog,500.0,0.0000,0.3000,1,100.100,,0,0.9777,,0.850,0,
1597,5,39,fog-48,1,fog,600.0,0.0000,0.3000,1,100.100,,0,0.9727,,0.850,0,
1598,5,39,fog-48,1,fog,700.0,0.0000,0.3000,1,100.100,,0,0.9677,,0.850,0,
1599,5,39,fog-48,1,fog,800.0,0.0000,0.3000,1,100.100,,0,0.9627,,0.850,0,
1600,5,39,fog-48,1,fog,900.0,0.0000,0.3000,1,100.100,,0,0.9577,,0.850,0,
1601,5,39,fog-48,1,fog,1000.0,0.0000,0.3000,1,100.100,,0,0.9527,,0.850,0,
1602,5,39,fog-48,1,fog,1100.0,0.7143,0.3000,45,101.900,1.0000,0,0.9479,,0.850,0,
1603,5,39,fog-48,1,fog,1200.0,0.0000,0.3000,6,100.400,1.0000,0,0.9456,,0.850,0,
1604,5,39,fog-48,1,fog,1300.0,0.0000,0.3000,2,100.200,,0,0.9406,,0.850,0,
1605,5,39,fog-48,1,fog,1400.0,0.0000,0.3000,2,100.200,,0,0.9356,,0.850,0,
1606,5,39,fog-48,1,fog,1500.0,0.0000,0.3000,2,100.200,,0,0.9306,,0.850,0,
1607,5,39,fog-48,1,fog,1600.0,0.0000,0.3000,2,100.200,,0,0.9256,,0.850,0,
1608,5,39,fog-48,1,fog,1700.0,0.0000,0.3000,2,100.200,,0,0.9206,,0.850,0,
1609,5,39,fog-48,1,fog,1800.0,0.0000,0.3000,2,100.200,,0,0.9156,,0.850,0,
1610,5,39,fog-48,1,fog,1900.0,0.0000,0.3000,2,100.200,,0,0.9106,,0.850,0,
1611,5,39,fog-48,1,fog,2000.0,0.0000,0.3000,2,100.200,,0,0.9056,,0.850,0,
1612,5,39,fog-48,1,fog,2100.0,0.0000,0.3000,2,100.200,,0,0.9006,,0.850,0,
1613,5,39,fog-48,1,fog,2200.0,0.0000,0.3000,2,100.200,,0,0.8956,,0.850,0,
1614,5,39,fog-48,1,fog,2300.0,0.0000,0.3000,2,100.200,,0,0.8906,,0.850,0,
1615,5,39,fog-48,1,fog,2400.0,0.0000,0.3000,2,100.200,,0,0.8856,,0.850,0,
1616,5,39,fog-48,1,fog,2500.0,0.0000,0.3000,2,100.200,,0,0.8806,,0.850,0,
1617,5,39,fog-48,1,fog,2600.0,0.0000,0.3000,2,100.200,,0,0.8756,,0.850,0,
1618,5,39,fog-48,1,fog,2700.0,0.0000,0.3000,2,100.200,,0,0.8706,,0.850,0,
1619,5,39,fog-48,1,fog,2800.0,0.0000,0.3000,2,100.200,,0,0.8656,,0.850,0,
1620,5,39,fog-48,1,fog,2900.0,0.0000,0.3000,2,100.200,,0,0.8606,,0.850,0,
1621,5,39,fog-48,1,fog,3000.0,0.0000,0.3000,2,100.200,,0,0.8556,,0.850,0,
1622,5,39,fog-48,1,fog,3100.0,0.0000,0.3000,2,100.200,,0,0.8506,,0.850,0,
1623,5,39,fog-48,1,fog,3200.0,0.0000,0.3000,2,100.200,,0,0.8456,,0.850,0,
1624,5,39,fog-48,1,fog,3300.0,0.0000,0.3000,2,100.200,,0,0.8406,,0.850,0,
1625,5,39,fog-48,1,fog,3400.0,0.0000,0.3000,2,100.200,,0,0.8356,,0.850,0,
1626,5,39,fog-48,1,fog,3500.0,0.7143,0.3000,46,102.000,1.0000,0,0.8307,,0.850,0,
1627,5,39,fog-48,1,fog,3600.0,0.0000,0.3000,7,100.500,1.0000,0,0.8284,,0.850,0,
1628,5,39,fog-48,1,fog,3700.0,0.0000,0.3000,3,100.300,0.0000,0,0.8234,,0.850,0,
1629,5,39,fog-48,1,fog,3800.0,0.0000,0.3000,3,100.300,0.0000,0,0.8184,,0.850,0,
1630,5,39,fog-48,1,fog,3900.0,0.0000,0.3000,3,100.300,0.0000,0,0.8134,,0.850,0,
1631,5,39,fog-48,1,fog,4000.0,0.0000,0.3000,3,100.300,0.0000,0,0.8084,,0.850,0,
1632,5,39,fog-48,1,fog,4100.0,0.0000,0.3000,3,100.300,0.0000,0,0.8034,,0.850,0,
1633,5,39,fog-48,1,fog,4200.0,0.0000,0.3000,3,100.300,0.0000,0,0.7984,,0.850,0,
1634,5,39,fog-48,1,fog,4300.0,0.0000,0.3000,3,100.300,0.0000,0,0.7934,,0.850,0,
1635,5,39,fog-48,1,fog,4400.0,0.6786,0.3000,44,102.050,1.0000,0,0.7886,,0.850,0,
1636,5,39,fog-48,1,fog,4500.0,0.0000,0.3000,7,100.550,1.0000,0,0.7863,,0.850,0,
1637,5,39,fog-48,1,fog,4600.0,0.0000,0.3000,4,100.400,0.0000,0,0.7813,,0.850,0,
1638,5,39,fog-48,1,fog,4700.0,0.0000,0.3000,4,100.400,0.0000,0,0.7763,,0.850,0,
1639,5,39,fog-48,1,fog,4800.0,0.6071,0.3000,38,102.100,1.0000,0,0.7716,,0.850,0,
1640,5,39,fog-48,1,fog,4900.0,0.0000,0.3000,5,100.500,0.0000,0,0.7666,,0.850,0,
1641,5,39,fog-48,1,fog,5000.0,0.0000,0.3000,5,100.500,0.0000,0,0.7616,,0.850,0,
1642,5,40,fog-49,1,fog,0.0,0.0000,0.3000,0,100.000,,0,1.0000,,0.850,0,344.4
1643,5,40,fog-49,1,fog,100.0,0.1786,0.3000,8,100.400,1.0000,0,0.9950,,0.850,0,344.4
1644,5,40,fog-49,1,fog,200.0,1.0000,0.3000,112,102.800,1.0000,0,0.9901,,0.850,1,344.4
1645,5,40,fog-49,1,fog,300.0,1.0000,0.3000,144,102.850,1.0000,0,0.9851,,0.850,1,344.4
1646,5,41,fog-50,1,fog,0.0,0.0000,0.3000,0,100.000,,0,1.0000,,0.850,0,
1647,5,41,fog-50,1,fog,100.0,0.0000,0.3000,0,100.000,,0,0.9950,,0.850,0,
1648,5,41,fog-50,1,fog,200.0,0.0000,0.3000,0,100.000,,0,0.9900,,0.850,0,
1649,5,41,fog-50,1,fog,300.0,0.0000,0.3000,0,100.000,,0,0.9850,,0.850,0,
1650,5,41,fog-50,1,fog,400.0,0.0000,0.3000,0,100.000,,0,0.9800,,0.850,0,
1651,5,41,fog-50,1,fog,500.0,0.0000,0.3000,0,100.000,,0,0.9750,,0.850,0,
1652,5,41,fog-50,1,fog,600.0,0.0000,0.3000,0,100.000,,0,0.9700,,0.850,0,
1653,5,41,fog-50,1,fog,700.0,0.0000,0.3000,0,100.000,,0,0.9650,,0.850,0,
1654,5,41,fog-50,1,fog,800.0,0.0000,0.3000,0,100.000,,0,0.9600,,0.850,0,
1655,5,41,fog-50,1,fog,900.0,0.0000,0.3000,0,100.000,,0,0.9550,,0.850,0,
1656,5,41,fog-50,1,fog,1000.0,0.0000,0.3000,0,100.000,,0,0.9500,,0.850,0,
1657,5,41,fog-50,1,fog,1100.0,0.0000,0.3000,0,100.000,,0,0.9450,,0.850,0,
1658,5,41,fog-50,1,fog,1200.0,0.0000,0.3000,0,100.000,,0,0.9400,,0.850,0,
1659,5,41,fog-50,1,fog,1300.0,0.0000,0.3000,0,100.000,,0,0.9350,,0.850,0,
1660,5,41,fog-50,1,fog,1400.0,0.0000,0.3000,0,100.000,,0,0.9300,,0.850,0,
1661,5,41,fog-50,1,fog,1500.0,0.0000,0.3000,0,100.000,,0,0.9250,,0.850,0,
1662,5,41,fog-50,1,fog,1600.0,0.0000,0.3000,0,100.000,,0,0.9200,,0.850,0,
1663,5,41,fog-50,1,fog,1700.0,0.0000,0.3000,0,100.000,,0,0.9150,,0.850,0,
1664,5,41,fog-50,1,fog,1800.0,0.0000,0.3000,0,100.000,,0,0.9100,,0.850,0,
1665,5,41,fog-50,1,fog,1900.0,0.0000,0.3000,0,100.000,,0,0.9050,,0.850,0,
1666,5,41,fog-50,1,fog,2000.0,0.0000,0.3000,0,100.000,,0,0.9000,,0.850,0,
1667,5,41,fog-50,1,fog,2100.0,0.0000,0.3000,0,100.000,,0,0.8950,,0.850,0,
1668,5,41,fog-50,1,fog,2200.0,0.0000,0.3000,0,100.000,,0,0.8900,,0.850,0,
1669,5,41,fog-50,1,fog,2300.0,0.0000,0.3000,0,100.000,,0,0.8850,,0.850,0,
1670,5,41,fog-50,1,fog,2400.0,0.0000,0.3000,0,100.000,,0,0.8800,,0.850,0,
1671,5,41,fog-50,1,fog,2500.0,0.0000,0.3000,0,100.000,,0,0.8750,,0.850,0,
1672,5,41,fog-50,1,fog,2600.0,0.0000,0.3000,0,100.000,,0,0.8700,,0.850,0,
1673,5,41,fog-50,1,fog,2700.0,0.0000,0.3000,0,100.000,,0,0.8650,,0.850,0,
1674,5,41,fog-50,1,fog,2800.0,0.0000,0.3000,0,100.000,,0,0.8600,,0.850,0,
1675,5,41,fog-50,1,fog,2900.0,0.0000,0.3000,0,100.000,,0,0.8550,,0.850,0,
1676,5,41,fog-50,1,fog,3000.0,0.0000,0.3000,0,100.000,,0,0.8500,,0.850,0,
1677,5,41,fog-50,1,fog,3100.0,0.0000,0.3000,0,100.000,,0,0.8450,,0.850,0,
1678,5,41,fog-50,1,fog,3200.0,0.0000,0.3000,0,100.000,,0,0.8400,,0.850,0,
1679,5,41,fog-50,1,fog,3300.0,0.0000,0.3000,0,100.000,,0,0.8350,,0.850,0,
1680,5,41,fog-50,1,fog,3400.0,0.0000,0.3000,0,100.000,,0,0.8300,,0.850,0,
1681,5,41,fog-50,1,fog,3500.0,0.0000,0.3000,0,100.000,,0,0.8250,,0.850,0,
1682,5,41,fog-50,1,fog,3600.0,0.0000,0.3000,0,100.000,,0,0.8200,,0.850,0,
1683,5,41,fog-50,1,fog,3700.0,0.0000,0.3000,0,100.000,,0,0.8150,,0.850,0,
1684,5,41,fog-50,1,fog,3800.0,0.0000,0.3000,0,100.000,,0,0.8100,,0.850,0,
1685,5,41,fog-50,1,fog,3900.0,0.0000,0.3000,0,100.000,,0,0.8050,,0.850,0,
1686,5,41,fog-50,1,fog,4000.0,0.0000,0.3000,0,100.000,,0,0.8000,,0.850,0,
1687,5,41,fog-50,1,fog,4100.0,0.0000,0.3000,0,100.000,,0,0.7950,,0.850,0,
1688,5,41,fog-50,1,fog,4200.0,0.0000,0.3000,0,100.000,,0,0.7900,,0.850,0,
1689,5,41,fog-50,1,fog,4300.0,0.0000,0.3000,0,100.000,,0,0.7850,,0.850,0,
1690,5,41,fog-50,1,fog,4400.0,0.0000,0.3000,0,100.000,,0,0.7800,,0.850,0,
1691,5,41,fog-50,1,fog,4500.0,0.0000,0.3000,0,100.000,,0,0.7750,,0.850,0,
1692,5,41,fog-50,1,fog,4600.0,0.0000,0.3000,0,100.000,,0,0.7700,,0.850,0,
1693,5,41,fog-50,1,fog,4700.0,0.0000,0.3000,0,100.000,,0,0.7650,,0.850,0,
1694,5,41,fog-50,1,fog,4800.0,0.0000,0.3000,0,100.000,,0,0.7600,,0.850,0,
1695,5,41,fog-50,1,fog,4900.0,0.0000,0.3000,0,100.000,,0,0.7550,,0.850,0,
1696,5,41,fog-50,1,fog,5000.0,0.0000,0.3000,0,100.000,,0,0.7500,,0.850,0,
1697,5,42,fog-51,1,fog,0.0,0.0000,0.3000,0,100.000,,0,1.0000,,0.850,0,
1698,5,42,fog-51,1,fog,100.0,0.0000,0.3000,0,100.000,,0,0.9950,,0.850,0,
1699,5,42,fog-51,1,fog,200.0,0.0000,0.3000,0,100.000,,0,0.9900,,0.850,0,
1700,5,42,fog-51,1,fog,300.0,0.0000,0.3000,0,100.000,,0,0.9850,,0.850,0,
1701,5,42,fog-51,1,fog,400.0,0.0000,0.3000,0,100.000,,0,0.9800,,0.850,0,
1702,5,42,fog-51,1,fog,500.0,0.0000,0.3000,0,100.000,,0,0.9750,,0.850,0,
1703,5,42,fog-51,1,fog,600.0,0.0000,0.3000,0,100.000,,0,0.9700,,0.850,0,
1704,5,42,fog-51,1,fog,700.0,0.0000,0.3000,0,100.000,,0,0.9650,,0.850,0,
1705,5,42,fog-51,1,fog,800.0,0.0000,0.3000,0,100.000,,0,0.9600,,0.850,0,
1706,5,42,fog-51,1,fog,900.0,0.0000,0.3000,0,100.000,,0,0.9550,,0.850,0,
1707,5,42,fog-51,1,fog,1000.0,0.0000,0.3000,0,100.000,,0,0.9500,,0.850,0,
1708,5,42,fog-51,1,fog,1100.0,0.0000,0.3000,0,100.000,,0,0.9450,,0.850,0,
1709,5,42,fog-51,1,fog,1200.0,0.0000,0.3000,0,100.000,,0,0.9400,,0.850,0,
1710,5,42,fog-51,1,fog,1300.0,0.0000,0.3000,0,100.000,,0,0.9350,,0.850,0,
1711,5,42,fog-51,1,fog,1400.0,0.0000,0.3000,0,100.000,,0,0.9300,,0.850,0,
1712,5,42,fog-51,1,fog,1500.0,0.0000,0.3000,0,100.000,,0,0.9250,,0.850,0,
1713,5,42,fog-51,1,fog,1600.0,0.0000,0.3000,0,100.000,,0,0.9200,,0.850,0,
1714,5,42,fog-51,1,fog,1700.0,0.0000,0.3000,0,100.000,,0,0.9150,,0.850,0,
1715,5,42,fog-51,1,fog,1800.0,0.0000,0.3000,0,100.000,,0,0.9100,,0.850,0,
1716,5,42,fog-51,1,fog,1900.0,0.0000,0.3000,0,100.000,,0,0.9050,,0.850,0,
1717,5,42,fog-51,1,fog,2000.0,0.0000,0.3000,0,100.000,,0,0.9000,,0.850,0,
1718,5,42,fog-51,1,fog,2100.0,0.0000,0.3000,0,100.000,,0,0.8950,,0.850,0,
1719,5,42,fog-51,1,fog,2200.0,0.0000,0.3000,0,100.000,,0,0.8900,,0.850,0,
1720,5,42,fog-51,1,fog,2300.0,0.0000,0.3000,0,100.000,,0,0.8850,,0.850,0,
1721,5,42,fog-51,1,fog,2400.0,0.0000,0.3000,0,100.000,,0,0.8800,,0.850,0,
1722,5,42,fog-51,1,fog,2500.0,0.0000,0.3000,0,100.000,,0,0.8750,,0.850,0,
1723,5,42,fog-51,1,fog,2600.0,0.0000,0.3000,0,100.000,,0,0.8700,,0.850,0,
1724,5,42,fog-51,1,fog,2700.0,0.0000,0.3000,0,100.000,,0,0.8650,,0.850,0,
1725,5,42,fog-51,1,fog,2800.0,0.0000,0.3000,0,100.000,,0,0.8600,,0.850,0,
1726,5,42,fog-51,1,fog,2900.0,0.0000,0.3000,0,100.000,,0,0.8550,,0.850,0,
1727,5,42,fog-51,1,fog,3000.0,0.0000,0.3000,0,100.000,,0,0.8500,,0.850,0,
1728,5,42,fog-51,1,fog,3100.0,0.0000,0.3000,0,100.000,,0,0.8450,,0.850,0,
1729,5,42,fog-51,1,fog,3200.0,0.0000,0.3000,0,100.000,,0,0.8400,,0.850,0,
1730,5,42,fog-51,1,fog,3300.0,0.0000,0.3000,0,100.000,,0,0.8350,,0.850,0,
1731,5,42,fog-51,1,fog,3400.0,0.0000,0.3000,0,100.000,,0,0.8300,,0.850,0,
1732,5,42,fog-51,1,fog,3500.0,0.0000,0.3000,0,100.000,,0,0.8250,,0.850,0,
1733,5,42,fog-51,1,fog,3600.0,0.0000,0.3000,0,100.000,,0,0.8200,,0.850,0,
1734,5,42,fog-51,1,fog,3700.0,0.0000,0.3000,0,100.000,,0,0.8150,,0.850,0,
1735,5,42,fog-51,1,fog,3800.0,0.0000,0.3000,0,100.000,,0,0.8100,,0.850,0,
1736,5,42,fog-51,1,fog,3900.0,0.0000,0.3000,0,100.000,,0,0.8050,,0.850,0,
1737,5,42,fog-51,1,fog,4000.0,0.0000,0.3000,0,100.000,,0,0.8000,,0.850,0,
1738,5,42,fog-51,1,fog,4100.0,0.0000,0.3000,0,100.000,,0,0.7950,,0.850,0,
1739,5,42,fog-51,1,fog,4200.0,0.0000,0.3000,0,100.000,,0,0.7900,,0.850,0,
1740,5,42,fog-51,1,fog,4300.0,0.0000,0.3000,0,100.000,,0,0.7850,,0.850,0,
1741,5,42,fog-51,1,fog,4400.0,0.0000,0.3000,0,100.000,,0,0.7800,,0.850,0,
1742,5,42,fog-51,1,fog,4500.0,0.0000,0.3000,0,100.000,,0,0.7750,,0.850,0,
1743,5,42,fog-51,1,fog,4600.0,0.0000,0.3000,0,100.000,,0,0.7700,,0.850,0,
1744,5,42,fog-51,1,fog,4700.0,0.0000,0.3000,0,100.000,,0,0.7650,,0.850,0,
1745,5,42,fog-51,1,fog,4800.0,0.0000,0.3000,0,100.000,,0,0.7600,,0.850,0,
1746,5,42,fog-51,1,fog,4900.0,0.0000,0.3000,0,100.000,,0,0.7550,,0.850,0,
1747,5,42,fog-51,1,fog,5000.0,0.0000,0.3000,0,100.000,,0,0.7500,,0.850,0,
1748,5,43,fog-52,1,fog,0.0,0.0000,0.3000,0,100.000,,0,1.0000,,0.850,0,
1749,5,43,fog-52,1,fog,100.0,0.0000,0.3000,0,100.000,,0,0.9950,,0.850,0,
1750,5,43,fog-52,1,fog,200.0,0.0000,0.3000,0,100.000,,0,0.9900,,0.850,0,
1751,5,43,fog-52,1,fog,300.0,0.0000,0.3000,0,100.000,,0,0.9850,,0.850,0,
1752,5,43,fog-52,1,fog,400.0,0.0000,0.3000,0,100.000,,0,0.9800,,0.850,0,
1753,5,43,fog-52,1,fog,500.0,0.0000,0.3000,0,100.000,,0,0.9750,,0.850,0,
1754,5,43,fog-52,1,fog,600.0,0.0000,0.3000,0,100.000,,0,0.9700,,0.850,0,
1755,5,43,fog-52,1,fog,700.0,0.0000,0.3000,0,100.000,,0,0.9650,,0.850,0,
1756,5,43,fog-52,1,fog,800.0,0.0000,0.3000,0,100.000,,0,0.9600,,0.850,0,
1757,5,43,fog-52,1,fog,900.0,0.0000,0.3000,0,100.000,,0,0.9550,,0.850,0,
1758,5,43,fog-52,1,fog,1000.0,0.0000,0.3000,0,100.000,,0,0.9500,,0.850,0,
1759,5,43,fog-52,1,fog,1100.0,0.0000,0.3000,0,100.000,,0,0.9450,,0.850,0,
1760,5,43,fog-52,1,fog,1200.0,0.0000,0.3000,0,100.000,,0,0.9400,,0.850,0,
1761,5,43,fog-52,1,fog,1300.0,0.0000,0.3000,0,100.000,,0,0.9350,,0.850,0,
1762,5,43,fog-52,1,fog,1400.0,0.0000,0.3000,0,100.000,,0,0.9300,,0.850,0,
1763,5,43,fog-52,1,fog,1500.0,0.0000,0.3000,0,100.000,,0,0.9250,,0.850,0,
1764,5,43,fog-52,1,fog,1600.0,0.0000,0.3000,0,100.000,,0,0.9200,,0.850,0,
1765,5,43,fog-52,1,fog,1700.0,0.0000,0.3000,0,100.000,,0,0.9150,,0.850,0,
1766,5,43,fog-52,1,fog,1800.0,0.0000,0.3000,0,100.000,,0,0.9100,,0.850,0,
1767,5,43,fog-52,1,fog,1900.0,0.0000,0.3000,0,100.000,,0,0.9050,,0.850,0,
1768,5,43,fog-52,1,fog,2000.0,0.0000,0.3000,0,100.000,,0,0.9000,,0.850,0,
1769,5,43,fog-52,1,fog,2100.0,0.0000,0.3000,0,100.000,,0,0.8950,,0.850,0,
1770,5,43,fog-52,1,fog,2200.0,0.0000,0.3000,0,100.000,,0,0.8900,,0.850,0,
1771,5,43,fog-52,1,fog,2300.0,0.0000,0.3000,0,100.000,,0,0.8850,,0.850,0,
1772,5,43,fog-52,1,fog,2400.0,0.0000,0.3000,0,100.000,,0,0.8800,,0.850,0,
1773,5,43,fog-52,1,fog,2500.0,0.0000,0.3000,0,100.000,,0,0.8750,,0.850,0,
1774,5,43,fog-52,1,fog,2600.0,0.0000,0.3000,0,100.000,,0,0.8700,,0.850,0,
1775,5,43,fog-52,1,fog,2700.0,0.0000,0.3000,0,100.000,,0,0.8650,,0.850,0,
1776,5,43,fog-52,1,fog,2800.0,0.0000,0.3000,0,100.000,,0,0.8600,,0.850,0,
1777,5,43,fog-52,1,fog,2900.0,0.0000,0.3000,0,100.000,,0,0.8550,,0.850,0,
1778,5,43,fog-52,1,fog,3000.0,0.0000,0.3000,0,100.000,,0,0.8500,,0.850,0,
1779,5,43,fog-52,1,fog,3100.0,0.0000,0.3000,0,100.000,,0,0.8450,,0.850,0,
1780,5,43,fog-52,1,fog,3200.0,0.0000,0.3000,0,100.000,,0,0.8400,,0.850,0,
1781,5,43,fog-52,1,fog,3300.0,0.0000,0.3000,0,100.000,,0,0.8350,,0.850,0,
1782,5,43,fog-52,1,fog,3400.0,0.0000,0.3000,0,100.000,,0,0.8300,,0.850,0,
1783,5,43,fog-52,1,fog,3500.0,0.0000,0.3000,0,100.000,,0,0.8250,,0.850,0,
1784,5,43,fog-52,1,fog,3600.0,0.0000,0.3000,0,100.000,,0,0.8200,,0.850,0,
1785,5,43,fog-52,1,fog,3700.0,0.0000,0.3000,0,100.000,,0,0.8150,,0.850,0,
1786,5,43,fog-52,1,fog,3800.0,0.0000,0.3000,0,100.000,,0,0.8100,,0.850,0,
1787,5,43,fog-52,1,fog,3900.0,0.0000,0.3000,0,100.000,,0,0.8050,,0.850,0,
1788,5,43,fog-52,1,fog,4000.0,0.0000,0.3000,0,100.000,,0,0.8000,,0.850,0,
1789,5,43,fog-52,1,fog,4100.0,0.0000,0.3000,0,100.000,,0,0.7950,,0.850,0,
1790,5,43,fog-52,1,fog,4200.0,0.0000,0.3000,0,100.000,,0,0.7900,,0.850,0,
1791,5,43,fog-52,1,fog,4300.0,0.0000,0.3000,0,100.000,,0,0.7850,,0.850,0,
1792,5,43,fog-52,1,fog,4400.0,0.0000,0.3000,0,100.000,,0,0.7800,,0.850,0,
1793,5,43,fog-52,1,fog,4500.0,0.0000,0.3000,0,100.000,,0,0.7750,,0.850,0,
1794,5,43,fog-52,1,fog,4600.0,0.0000,0.3000,0,100.000,,0,0.7700,,0.850,0,
1795,5,43,fog-52,1,fog,4700.0,0.0000,0.3000,0,100.000,,0,0.7650,,0.850,0,
1796,5,43,fog-52,1,fog,4800.0,0.0000,0.3000,0,100.000,,0,0.7600,,0.850,0,
1797,5,43,fog-52,1,fog,4900.0,0.0000,0.3000,0,100.000,,0,0.7550,,0.850,0,
1798,5,43,fog-52,1,fog,5000.0,0.0000,0.3000,0,100.000,,0,0.7500,,0.850,0,
1799,5,44,fog-53,1,fog,0.0,0.0000,0.0000,0,100.000,,0,1.0000,,0.850,0,3456.1
1800,5,44,fog-53,1,fog,100.0,0.0000,0.0000,0,100.000,,0,0.9981,,0.850,0,3456.1
1801,5,44,fog-53,1,fog,200.0,0.0000,0.0000,0,100.000,,0,0.9963,,0.850,0,3456.1
1802,5,44,fog-53,1,fog,300.0,0.0000,0.0000,0,100.000,,0,0.9944,,0.850,0,3456.1
1803,5,44,fog-53,1,fog,400.0,0.0000,0.0000,0,100.000,,0,0.9925,,0.850,0,3456.1
1804,5,44,fog-53,1,fog,500.0,0.0000,0.0000,0,100.000,,0,0.9906,,0.850,0,3456.1
1805,5,44,fog-53,1,fog,600.0,0.0000,0.0000,0,100.000,,0,0.9888,,0.850,0,3456.1
1806,5,44,fog-53,1,fog,700.0,0.0000,0.0000,0,100.000,,0,0.9869,,0.850,0,3456.1
1807,5,44,fog-53,1,fog,800.0,0.0000,0.0000,0,100.000,,0,0.9850,,0.850,0,3456.1
1808,5,44,fog-53,1,fog,900.0,0.0000,0.0000,0,100.000,,0,0.9831,,0.850,0,3456.1
1809,5,44,fog-53,1,fog,1000.0,0.0000,0.0000,0,100.000,,0,0.9813,,0.850,0,3456.1
1810,5,44,fog-53,1,fog,1100.0,0.0000,0.0000,0,100.000,,0,0.9794,,0.850,0,3456.1
1811,5,44,fog-53,1,fog,1200.0,0.0000,0.0000,0,100.000,,0,0.9775,,0.850,0,3456.1
1812,5,44,fog-53,1,fog,1300.0,0.0000,0.0000,0,100.000,,0,0.9756,,0.850,0,3456.1
1813,5,44,fog-53,1,fog,1400.0,0.0000,0.0000,0,100.000,,0,0.9738,,0.850,0,3456.1
1814,5,44,fog-53,1,fog,1500.0,0.0000,0.0000,0,100.000,,0,0.9719,,0.850,0,3456.1
1815,5,44,fog-53,1,fog,1600.0,0.0000,0.0000,0,100.000,,0,0.9700,,0.850,0,3456.1
1816,5,44,fog-53,1,fog,1700.0,0.0000,0.0000,0,100.000,,0,0.9681,,0.850,0,3456.1
1817,5,44,fog-53,1,fog,1800.0,0.0000,0.0000,0,100.000,,0,0.9663,,0.850,0,3456.1
1818,5,44,fog-53,1,fog,1900.0,0.0000,0.0000,0,100.000,,0,0.9644,,0.850,0,3456.1
1819,5,44,fog-53,1,fog,2000.0,0.0000,0.0000,0,100.000,,0,0.9625,,0.850,0,3456.1
1820,5,44,fog-53,1,fog,2100.0,0.0000,0.0000,0,100.000,,0,0.9606,,0.850,0,3456.1
1821,5,44,fog-53,1,fog,2200.0,0.0000,0.0000,0,100.000,,0,0.9588,,0.850,0,3456.1
1822,5,44,fog-53,1,fog,2300.0,0.0000,0.0000,0,100.000,,0,0.9569,,0.850,0,3456.1
1823,5,44,fog-53,1,fog,2400.0,0.0000,0.0000,0,100.000,,0,0.9550,,0.850,0,3456.1
1824,5,44,fog-53,1,fog,2500.0,0.0000,0.0000,0,100.000,,0,0.9531,,0.850,0,3456.1
1825,5,44,fog-53,1,fog,2600.0,0.0000,0.0000,0,100.000,,0,0.9513,,0.850,0,3456.1
1826,5,44,fog-53,1,fog,2700.0,0.0000,0.0000,0,100.000,,0,0.9494,,0.850,0,3456.1
1827,5,44,fog-53,1,fog,2800.0,0.0000,0.0000,0,100.000,,0,0.9475,,0.850,0,3456.1
1828,5,44,fog-53,1,fog,2900.0,0.0000,0.0000,0,100.000,,0,0.9456,,0.850,0,3456.1
1829,5,44,fog-53,1,fog,3000.0,0.0000,0.0000,0,100.000,,0,0.9438,,0.850,0,3456.1
1830,5,44,fog-53,1,fog,3100.0,0.0000,0.0000,0,100.000,,0,0.9419,,0.850,0,3456.1
1831,5,44,fog-53,1,fog,3200.0,0.0000,0.0000,0,100.000,,0,0.9400,,0.850,0,3456.1
1832,5,44,fog-53,1,fog,3300.0,0.0000,0.0000,0,100.000,,0,0.9381,,0.850,1,3456.1
1833,5,44,fog-53,1,fog,3400.0,0.0000,0.0000,0,100.000,,0,0.9363,,0.850,1,3456.1
1834,5,45,fog-54,1,fog,0.0,0.0000,0.0000,0,100.000,,0,1.0000,,0.850,0,
1835,5,45,fog-54,1,fog,100.0,0.0000,0.0000,0,100.000,,0,0.9981,,0.850,0,
1836,5,45,fog-54,1,fog,200.0,0.0000,0.0000,0,100.000,,0,0.9963,,0.850,0,
1837,5,45,fog-54,1,fog,300.0,0.0000,0.0000,0,100.000,,0,0.9944,,0.850,0,
1838,5,45,fog-54,1,fog,400.0,0.0000,0.0000,0,100.000,,0,0.9925,,0.850,0,
1839,5,45,fog-54,1,fog,500.0,0.0000,0.0000,0,100.000,,0,0.9906,,0.850,0,
1840,5,45,fog-54,1,fog,600.0,0.0000,0.0000,0,100.000,,0,0.9888,,0.850,0,
1841,5,45,fog-54,1,fog,700.0,0.0000,0.0000,0,100.000,,0,0.9869,,0.850,0,
1842,5,45,fog-54,1,fog,800.0,0.0000,0.0000,0,100.000,,0,0.9850,,0.850,0,
1843,5,45,fog-54,1,fog,900.0,0.0000,0.0000,0,100.000,,0,0.9831,,0.850,0,
1844,5,45,fog-54,1,fog,1000.0,0.0000,0.0000,0,100.000,,0,0.9813,,0.850,0,
1845,5,45,fog-54,1,fog,1100.0,0.0000,0.0000,0,100.000,,0,0.9794,,0.850,0,
1846,5,45,fog-54,1,fog,1200.0,0.0000,0.0000,0,100.000,,0,0.9775,,0.850,0,
1847,5,45,fog-54,1,fog,1300.0,0.0000,0.0000,0,100.000,,0,0.9756,,0.850,0,
1848,5,45,fog-54,1,fog,1400.0,0.0000,0.0000,0,100.000,,0,0.9738,,0.850,0,
1849,5,45,fog-54,1,fog,1500.0,0.0000,0.0000,0,100.000,,0,0.9719,,0.850,0,
1850,5,45,fog-54,1,fog,1600.0,0.0000,0.0000,0,100.000,,0,0.9700,,0.850,0,
1851,5,45,fog-54,1,fog,1700.0,0.0000,0.0000,0,100.000,,0,0.9681,,0.850,0,
1852,5,45,fog-54,1,fog,1800.0,0.0000,0.0000,0,100.000,,0,0.9663,,0.850,0,
1853,5,45,fog-54,1,fog,1900.0,0.0000,0.0000,0,100.000,,0,0.9644,,0.850,0,
1854,5,45,fog-54,1,fog,2000.0,0.0000,0.0000,0,100.000,,0,0.9625,,0.850,0,
1855,5,45,fog-54,1,fog,2100.0,0.0000,0.0000,0,100.000,,0,0.9606,,0.850,0,
1856,5,45,fog-54,1,fog,2200.0,0.0000,0.0000,0,100.000,,0,0.9588,,0.850,0,
1857,5,45,fog-54,1,fog,2300.0,0.0000,0.0000,0,100.000,,0,0.9569,,0.850,0,
1858,5,45,fog-54,1,fog,2400.0,0.0000,0.0000,0,100.000,,0,0.9550,,0.850,0,
1859,5,45,fog-54,1,fog,2500.0,0.0000,0.0000,0,100.000,,0,0.9531,,0.850,0,
1860,5,45,fog-54,1,fog,2600.0,0.0000,0.0000,0,100.000,,0,0.9513,,0.850,0,
1861,5,45,fog-54,1,fog,2700.0,0.0000,0.0000,0,100.000,,0,0.9494,,0.850,0,
1862,5,45,fog-54,1,fog,2800.0,0.0000,0.0000,0,100.000,,0,0.9475,,0.850,0,
1863,5,45,fog-54,1,fog,2900.0,0.0000,0.0000,0,100.000,,0,0.9456,,0.850,0,
1864,5,45,fog-54,1,fog,3000.0,0.0000,0.0000,0,100.000,,0,0.9438,,0.850,0,
1865,5,45,fog-54,1,fog,3100.0,0.0000,0.0000,0,100.000,,0,0.9419,,0.850,0,
1866,5,45,fog-54,1,fog,3200.0,0.0000,0.0000,0,100.000,,0,0.9400,,0.850,0,
1867,5,45,fog-54,1,fog,3300.0,0.0000,0.0000,0,100.000,,0,0.9381,,0.850,0,
1868,5,45,fog-54,1,fog,3400.0,0.0000,0.0000,0,100.000,,0,0.9363,,0.850,0,
1869,5,45,fog-54,1,fog,3500.0,0.0000,0.0000,0,100.000,,0,0.9344,,0.850,0,
1870,5,45,fog-54,1,fog,3600.0,0.0000,0.0000,0,100.000,,0,0.9325,,0.850,0,
1871,5,45,fog-54,1,fog,3700.0,0.0000,0.0000,0,100.000,,0,0.9306,,0.850,0,
1872,5,45,fog-54,1,fog,3800.0,0.0000,0.0000,0,100.000,,0,0.9288,,0.850,0,
1873,5,45,fog-54,1,fog,3900.0,0.0000,0.0000,0,100.000,,0,0.9269,,0.850,0,
1874,5,45,fog-54,1,fog,4000.0,0.0000,0.0000,0,100.000,,0,0.9250,,0.850,0,
1875,5,45,fog-54,1,fog,4100.0,0.0000,0.0000,0,100.000,,0,0.9231,,0.850,0,
1876,5,45,fog-54,1,fog,4200.0,0.0000,0.0000,0,100.000,,0,0.9213,,0.850,0,
1877,5,45,fog-54,1,fog,4300.0,0.0000,0.0000,0,100.000,,0,0.9194,,0.850,0,
1878,5,45,fog-54,1,fog,4400.0,0.0000,0.0000,0,100.000,,0,0.9175,,0.850,0,
1879,5,45,fog-54,1,fog,4500.0,0.0000,0.0000,0,100.000,,0,0.9156,,0.850,0,
1880,5,45,fog-54,1,fog,4600.0,0.0000,0.0000,0,100.000,,0,0.9138,,0.850,0,
1881,5,45,fog-54,1,fog,4700.0,0.0000,0.0000,0,100.000,,0,0.9119,,0.850,0,
1882,5,45,fog-54,1,fog,4800.0,0.0000,0.0000,0,100.000,,0,0.9100,,0.850,0,
1883,5,45,fog-54,1,fog,4900.0,0.0000,0.0000,0,100.000,,0,0.9081,,0.850,0,
1884,5,45,fog-54,1,fog,5000.0,0.0000,0.0000,0,100.000,,0,0.9063,,0.850,0,
1885,5,46,fog-55,1,fog,0.0,0.0000,0.0000,0,100.000,,0,1.0000,,0.850,0,
1886,5,46,fog-55,1,fog,100.0,0.0000,0.0000,0,100.000,,0,0.9981,,0.850,0,
1887,5,46,fog-55,1,fog,200.0,0.0000,0.0000,0,100.000,,0,0.9963,,0.850,0,
1888,5,46,fog-55,1,fog,300.0,0.0000,0.0000,0,100.000,,0,0.9944,,0.850,0,
1889,5,46,fog-55,1,fog,400.0,0.0000,0.0000,0,100.000,,0,0.9925,,0.850,0,
1890,5,46,fog-55,1,fog,500.0,0.0000,0.0000,0,100.000,,0,0.9906,,0.850,0,
1891,5,46,fog-55,1,fog,600.0,0.0000,0.0000,0,100.000,,0,0.9888,,0.850,0,
1892,5,46,fog-55,1,fog,700.0,0.0000,0.0000,0,100.000,,0,0.9869,,0.850,0,
1893,5,46,fog-55,1,fog,800.0,0.0000,0.0000,0,100.000,,0,0.9850,,0.850,0,
1894,5,46,fog-55,1,fog,900.0,0.0000,0.0000,0,100.000,,0,0.9831,,0.850,0,
1895,5,46,fog-55,1,fog,1000.0,0.0000,0.0000,0,100.000,,0,0.9813,,0.850,0,
1896,5,46,fog-55,1,fog,1100.0,0.0000,0.0000,0,100.000,,0,0.9794,,0.850,0,
1897,5,46,fog-55,1,fog,1200.0,0.0000,0.0000,0,100.000,,0,0.9775,,0.850,0,
1898,5,46,fog-55,1,fog,1300.0,0.0000,0.0000,0,100.000,,0,0.9756,,0.850,0,
1899,5,46,fog-55,1,fog,1400.0,0.0000,0.0000,0,100.000,,0,0.9738,,0.850,0,
1900,5,46,fog-55,1,fog,1500.0,0.0000,0.0000,0,100.000,,0,0.9719,,0.850,0,
1901,5,46,fog-55,1,fog,1600.0,0.0000,0.0000,0,100.000,,0,0.9700,,0.850,0,
1902,5,46,fog-55,1,fog,1700.0,0.0000,0.0000,0,100.000,,0,0.9681,,0.850,0,
1903,5,46,fog-55,1,fog,1800.0,0.0000,0.0000,0,100.000,,0,0.9663,,0.850,0,
1904,5,46,fog-55,1,fog,1900.0,0.0000,0.0000,0,100.000,,0,0.9644,,0.850,0,
1905,5,46,fog-55,1,fog,2000.0,0.0000,0.0000,0,100.000,,0,0.9625,,0.850,0,
1906,5,46,fog-55,1,fog,2100.0,0.0000,0.0000,0,100.000,,0,0.9606,,0.850,0,
1907,5,46,fog-55,1,fog,2200.0,0.0000,0.0000,0,100.000,,0,0.9588,,0.850,0,
1908,5,46,fog-55,1,fog,2300.0,0.0000,0.0000,0,100.000,,0,0.9569,,0.850,0,
1909,5,46,fog-55,1,fog,2400.0,0.0000,0.0000,0,100.000,,0,0.9550,,0.850,0,
1910,5,46,fog-55,1,fog,2500.0,0.0000,0.0000,0,100.000,,0,0.9531,,0.850,0,
1911,5,46,fog-55,1,fog,2600.0,0.0000,0.0000,0,100.000,,0,0.9513,,0.850,0,
1912,5,46,fog-55,1,fog,2700.0,0.0000,0.0000,0,100.000,,0,0.9494,,0.850,0,
1913,5,46,fog-55,1,fog,2800.0,0.0000,0.0000,0,100.000,,0,0.9475,,0.850,0,
1914,5,46,fog-55,1,fog,2900.0,0.0000,0.0000,0,100.000,,0,0.9456,,0.850,0,
1915,5,46,fog-55,1,fog,3000.0,0.0000,0.0000,0,100.000,,0,0.9438,,0.850,0,
1916,5,46,fog-55,1,fog,3100.0,0.0000,0.0000,0,100.000,,0,0.9419,,0.850,0,
1917,5,46,fog-55,1,fog,3200.0,0.0000,0.0000,0,100.000,,0,0.9400,,0.850,0,
1918,5,46,fog-55,1,fog,3300.0,0.0000,0.0000,0,100.000,,0,0.9381,,0.850,0,
1919,5,46,fog-55,1,fog,3400.0,0.0000,0.0000,0,100.000,,0,0.9363,,0.850,0,
1920,5,46,fog-55,1,fog,3500.0,0.0000,0.0000,0,100.000,,0,0.9344,,0.850,0,
1921,5,46,fog-55,1,fog,3600.0,0.0000,0.0000,0,100.000,,0,0.9325,,0.850,0,
1922,5,46,fog-55,1,fog,3700.0,0.0000,0.0000,0,100.000,,0,0.9306,,0.850,0,
1923,5,46,fog-55,1,fog,3800.0,0.0000,0.0000,0,100.000,,0,0.9288,,0.850,0,
1924,5,46,fog-55,1,fog,3900.0,0.0000,0.0000,0,100.000,,0,0.9269,,0.850,0,
1925,5,46,fog-55,1,fog,4000.0,0.0000,0.0000,0,100.000,,0,0.9250,,0.850,0,
1926,5,46,fog-55,1,fog,4100.0,0.0000,0.0000,0,100.000,,0,0.9231,,0.850,0,
1927,5,46,fog-55,1,fog,4200.0,0.0000,0.0000,0,100.000,,0,0.9213,,0.850,0,
1928,5,46,fog-55,1,fog,4300.0,0.0000,0.0000,0,100.000,,0,0.9194,,0.850,0,
1929,5,46,fog-55,1,fog,4400.0,0.0000,0.0000,0,100.000,,0,0.9175,,0.850,0,
1930,5,46,fog-55,1,fog,4500.0,0.0000,0.0000,0,100.000,,0,0.9156,,0.850,0,
1931,5,46,fog-55,1,fog,4600.0,0.0000,0.0000,0,100.000,,0,0.9138,,0.850,0,
1932,5,46,fog-55,1,fog,4700.0,0.0000,0.0000,0,100.000,,0,0.9119,,0.850,0,
1933,5,46,fog-55,1,fog,4800.0,0.0000,0.0000,0,100.000,,0,0.9100,,0.850,0,
1934,5,46,fog-55,1,fog,4900.0,0.0000,0.0000,0,100.000,,0,0.9081,,0.850,0,
1935,5,46,fog-55,1,fog,5000.0,0.0000,0.0000,0,100.000,,0,0.9063,,0.850,0,
1936,5,47,fog-56,1,fog,0.0,0.0000,0.0000,0,100.000,,0,1.0000,,0.850,0,
1937,5,47,fog-56,1,fog,100.0,0.0000,0.0000,0,100.000,,0,0.9981,,0.850,0,
1938,5,47,fog-56,1,fog,200.0,0.0000,0.0000,0,100.000,,0,0.9963,,0.850,0,
1939,5,47,fog-56,1,fog,300.0,0.0000,0.0000,0,100.000,,0,0.9944,,0.850,0,
1940,5,47,fog-56,1,fog,400.0,0.0000,0.0000,0,100.000,,0,0.9925,,0.850,0,
1941,5,47,fog-56,1,fog,500.0,0.0000,0.0000,0,100.000,,0,0.9906,,0.850,0,
1942,5,47,fog-56,1,fog,600.0,0.0000,0.0000,0,100.000,,0,0.9888,,0.850,0,
1943,5,47,fog-56,1,fog,700.0,0.0000,0.0000,0,100.000,,0,0.9869,,0.850,0,
1944,5,47,fog-56,1,fog,800.0,0.0000,0.0000,0,100.000,,0,0.9850,,0.850,0,
1945,5,47,fog-56,1,fog,900.0,0.0000,0.0000,0,100.000,,0,0.9831,,0.850,0,
1946,5,47,fog-56,1,fog,1000.0,0.0000,0.0000,0,100.000,,0,0.9813,,0.850,0,
1947,5,47,fog-56,1,fog,1100.0,0.0000,0.0000,0,100.000,,0,0.9794,,0.850,0,
1948,5,47,fog-56,1,fog,1200.0,0.0000,0.0000,0,100.000,,0,0.9775,,0.850,0,
1949,5,47,fog-56,1,fog,1300.0,0.0000,0.0000,0,100.000,,0,0.9756,,0.850,0,
1950,5,47,fog-56,1,fog,1400.0,0.0000,0.0000,0,100.000,,0,0.9738,,0.850,0,
1951,5,47,fog-56,1,fog,1500.0,0.0000,0.0000,0,100.000,,0,0.9719,,0.850,0,
1952,5,47,fog-56,1,fog,1600.0,0.0000,0.0000,0,100.000,,0,0.9700,,0.850,0,
1953,5,47,fog-56,1,fog,1700.0,0.0000,0.0000,0,100.000,,0,0.9681,,0.850,0,
1954,5,47,fog-56,1,fog,1800.0,0.0000,0.0000,0,100.000,,0,0.9663,,0.850,0,
1955,5,47,fog-56,1,fog,1900.0,0.0000,0.0000,0,100.000,,0,0.9644,,0.850,0,
1956,5,47,fog-56,1,fog,2000.0,0.0000,0.0000,0,100.000,,0,0.9625,,0.850,0,
1957,5,47,fog-56,1,fog,2100.0,0.0000,0.0000,0,100.000,,0,0.9606,,0.850,0,
1958,5,47,fog-56,1,fog,2200.0,0.0000,0.0000,0,100.000,,0,0.9588,,0.850,0,
1959,5,47,fog-56,1,fog,2300.0,0.0000,0.0000,0,100.000,,0,0.9569,,0.850,0,
1960,5,47,fog-56,1,fog,2400.0,0.0000,0.0000,0,100.000,,0,0.9550,,0.850,0,
1961,5,47,fog-56,1,fog,2500.0,0.0000,0.0000,0,100.000,,0,0.9531,,0.850,0,
1962,5,47,fog-56,1,fog,2600.0,0.0000,0.0000,0,100.000,,0,0.9513,,0.850,0,
1963,5,47,fog-56,1,fog,2700.0,0.0000,0.0000,0,100.000,,0,0.9494,,0.850,0,
1964,5,47,fog-56,1,fog,2800.0,0.0000,0.0000,0,100.000,,0,0.9475,,0.850,0,
1965,5,47,fog-56,1,fog,2900.0,0.0000,0.0000,0,100.000,,0,0.9456,,0.850,0,
1966,5,47,fog-56,1,fog,3000.0,0.0000,0.0000,0,100.000,,0,0.9438,,0.850,0,
1967,5,47,fog-56,1,fog,3100.0,0.0000,0.0000,0,100.000,,0,0.9419,,0.850,0,
1968,5,47,fog-56,1,fog,3200.0,0.0000,0.0000,0,100.000,,0,0.9400,,0.850,0,
1969,5,47,fog-56,1,fog,3300.0,0.0000,0.0000,0,100.000,,0,0.9381,,0.850,0,
1970,5,47,fog-56,1,fog,3400.0,0.0000,0.0000,0,100.000,,0,0.9363,,0.850,0,
1971,5,47,fog-56,1,fog,3500.0,0.0000,0.0000,0,100.000,,0,0.9344,,0.850,0,
1972,5,47,fog-56,1,fog,3600.0,0.0000,0.0000,0,100.000,,0,0.9325,,0.850,0,
1973,5,47,fog-56,1,fog,3700.0,0.0000,0.0000,0,100.000,,0,0.9306,,0.850,0,
1974,5,47,fog-56,1,fog,3800.0,0.0000,0.0000,0,100.000,,0,0.9288,,0.850,0,
1975,5,47,fog-56,1,fog,3900.0,0.0000,0.0000,0,100.000,,0,0.9269,,0.850,0,
1976,5,47,fog-56,1,fog,4000.0,0.0000,0.0000,0,100.000,,0,0.9250,,0.850,0,
1977,5,47,fog-56,1,fog,4100.0,0.0000,0.0000,0,100.000,,0,0.9231,,0.850,0,
1978,5,47,fog-56,1,fog,4200.0,0.0000,0.0000,0,100.000,,0,0.9213,,0.850,0,
1979,5,47,fog-56,1,fog,4300.0,0.0000,0.0000,0,100.000,,0,0.9194,,0.850,0,
1980,5,47,fog-56,1,fog,4400.0,0.0000,0.0000,0,100.000,,0,0.9175,,0.850,0,
1981,5,47,fog-56,1,fog,4500.0,0.0000,0.0000,0,100.000,,0,0.9156,,0.850,0,
1982,5,47,fog-56,1,fog,4600.0,0.0000,0.0000,0,100.000,,0,0.9138,,0.850,0,
1983,5,47,fog-56,1,fog,4700.0,0.0000,0.0000,0,100.000,,0,0.9119,,0.850,0,
1984,5,47,fog-56,1,fog,4800.0,0.0000,0.0000,0,100.000,,0,0.9100,,0.850,0,
1985,5,47,fog-56,1,fog,4900.0,0.0000,0.0000,0,100.000,,0,0.9081,,0.850,0,
1986,5,47,fog-56,1,fog,5000.0,0.0000,0.0000,0,100.000,,0,0.9063,,0.850,0,
1987,5,48,fog-57,1,fog,0.0,0.0000,0.0000,0,100.000,,0,1.0000,,0.850,0,
1988,5,48,fog-57,1,fog,100.0,0.0000,0.0000,0,100.000,,0,0.9981,,0.850,0,
1989,5,48,fog-57,1,fog,200.0,0.0000,0.0000,0,100.000,,0,0.9963,,0.850,0,
1990,5,48,fog-57,1,fog,300.0,0.0000,0.0000,0,100.000,,0,0.9944,,0.850,0,
1991,5,48,fog-57,1,fog,400.0,0.0000,0.0000,0,100.000,,0,0.9925,,0.850,0,
1992,5,48,fog-57,1,fog,500.0,0.0000,0.0000,0,100.000,,0,0.9906,,0.850,0,
1993,5,48,fog-57,1,fog,600.0,0.0000,0.0000,0,100.000,,0,0.9888,,0.850,0,
1994,5,48,fog-57,1,fog,700.0,0.0000,0.0000,0,100.000,,0,0.9869,,0.850,0,
1995,5,48,fog-57,1,fog,800.0,0.0000,0.0000,0,100.000,,0,0.9850,,0.850,0,
1996,5,48,fog-57,1,fog,900.0,0.0000,0.0000,0,100.000,,0,0.9831,,0.850,0,
1997,5,48,fog-57,1,fog,1000.0,0.0000,0.0000,0,100.000,,0,0.9813,,0.850,0,
1998,5,48,fog-57,1,fog,1100.0,0.0000,0.0000,0,100.000,,0,0.9794,,0.850,0,
1999,5,48,fog-57,1,fog,1200.0,0.0000,0.0000,0,100.000,,0,0.9775,,0.850,0,
2000,5,48,fog-57,1,fog,1300.0,0.0000,0.0000,0,100.000,,0,0.9756,,0.850,0,
2001,5,48,fog-57,1,fog,1400.0,0.0000,0.0000,0,100.000,,0,0.9738,,0.850,0,
2002,5,48,fog-57,1,fog,1500.0,0.0000,0.0000,0,100.000,,0,0.9719,,0.850,0,
2003,5,48,fog-57,1,fog,1600.0,0.0000,0.0000,0,100.000,,0,0.9700,,0.850,0,
2004,5,48,fog-57,1,fog,1700.0,0.0000,0.0000,0,100.000,,0,0.9681,,0.850,0,
2005,5,48,fog-57,1,fog,1800.0,0.0000,0.0000,0,100.000,,0,0.9663,,0.850,0,
2006,5,48,fog-57,1,fog,1900.0,0.0000,0.0000,0,100.000,,0,0.9644,,0.850,0,
2007,5,48,fog-57,1,fog,2000.0,0.0000,0.0000,0,100.000,,0,0.9625,,0.850,0,
2008,5,48,fog-57,1,fog,2100.0,0.0000,0.0000,0,100.000,,0,0.9606,,0.850,0,
2009,5,48,fog-57,1,fog,2200.0,0.0000,0.0000,0,100.000,,0,0.9588,,0.850,0,
2010,5,48,fog-57,1,fog,2300.0,0.0000,0.0000,0,100.000,,0,0.9569,,0.850,0,
2011,5,48,fog-57,1,fog,2400.0,0.0000,0.0000,0,100.000,,0,0.9550,,0.850,0,
2012,5,48,fog-57,1,fog,2500.0,0.0000,0.0000,0,100.000,,0,0.9531,,0.850,0,
2013,5,48,fog-57,1,fog,2600.0,0.0000,0.0000,0,100.000,,0,0.9513,,0.850,0,
2014,5,48,fog-57,1,fog,2700.0,0.0000,0.0000,0,100.000,,0,0.9494,,0.850,0,
2015,5,48,fog-57,1,fog,2800.0,0.0000,0.0000,0,100.000,,0,0.9475,,0.850,0,
2016,5,48,fog-57,1,fog,2900.0,0.0000,0.0000,0,100.000,,0,0.9456,,0.850,0,
2017,5,48,fog-57,1,fog,3000.0,0.0000,0.0000,0,100.000,,0,0.9438,,0.850,0,
2018,5,48,fog-57,1,fog,3100.0,0.0000,0.0000,0,100.000,,0,0.9419,,0.850,0,
2019,5,48,fog-57,1,fog,3200.0,0.0000,0.0000,0,100.000,,0,0.9400,,0.850,0,
2020,5,48,fog-57,1,fog,3300.0,0.0000,0.0000,0,100.000,,0,0.9381,,0.850,0,
2021,5,48,fog-57,1,fog,3400.0,0.0000,0.0000,0,100.000,,0,0.9363,,0.850,0,
2022,5,48,fog-57,1,fog,3500.0,0.0000,0.0000,0,100.000,,0,0.9344,,0.850,0,
2023,5,48,fog-57,1,fog,3600.0,0.0000,0.0000,0,100.000,,0,0.9325,,0.850,0,
2024,5,48,fog-57,1,fog,3700.0,0.0000,0.0000,0,100.000,,0,0.9306,,0.850,0,
2025,5,48,fog-57,1,fog,3800.0,0.0000,0.0000,0,100.000,,0,0.9288,,0.850,0,
2026,5,48,fog-57,1,fog,3900.0,0.0000,0.0000,0,100.000,,0,0.9269,,0.850,0,
2027,5,48,fog-57,1,fog,4000.0,0.0000,0.0000,0,100.000,,0,0.9250,,0.850,0,
2028,5,48,fog-57,1,fog,4100.0,0.0000,0.0000,0,100.000,,0,0.9231,,0.850,0,
2029,5,48,fog-57,1,fog,4200.0,0.0000,0.0000,0,100.000,,0,0.9213,,0.850,0,
2030,5,48,fog-57,1,fog,4300.0,0.0000,0.0000,0,100.000,,0,0.9194,,0.850,0,
2031,5,48,fog-57,1,fog,4400.0,0.0000,0.0000,0,100.000,,0,0.9175,,0.850,0,
2032,5,48,fog-57,1,fog,4500.0,0.0000,0.0000,0,100.000,,0,0.9156,,0.850,0,
2033,5,48,fog-57,1,fog,4600.0,0.0000,0.0000,0,100.000,,0,0.9138,,0.850,0,
2034,5,48,fog-57,1,fog,4700.0,0.0000,0.0000,0,100.000,,0,0.9119,,0.850,0,
2035,5,48,fog-57,1,fog,4800.0,0.0000,0.0000,0,100.000,,0,0.9100,,0.850,0,
2036,5,48,fog-57,1,fog,4900.0,0.0000,0.0000,0,100.000,,0,0.9081,,0.850,0,
2037,5,48,fog-57,1,fog,5000.0,0.0000,0.0000,0,100.000,,0,0.9063,,0.850,0,
2038,5,49,fog-58,1,fog,0.0,0.0000,0.0000,0,100.000,,0,1.0000,,0.850,0,
2039,5,49,fog-58,1,fog,100.0,0.0000,0.0000,0,100.000,,0,0.9981,,0.850,0,
2040,5,49,fog-58,1,fog,200.0,0.0000,0.0000,0,100.000,,0,0.9963,,0.850,0,
2041,5,49,fog-58,1,fog,300.0,0.0000,0.0000,0,100.000,,0,0.9944,,0.850,0,
2042,5,49,fog-58,1,fog,400.0,0.0000,0.0000,0,100.000,,0,0.9925,,0.850,0,
2043,5,49,fog-58,1,fog,500.0,0.0000,0.0000,0,100.000,,0,0.9906,,0.850,0,
2044,5,49,fog-58,1,fog,600.0,0.0000,0.0000,0,100.000,,0,0.9888,,0.850,0,
2045,5,49,fog-58,1,fog,700.0,0.0000,0.0000,0,100.000,,0,0.9869,,0.850,0,
2046,5,49,fog-58,1,fog,800.0,0.0000,0.0000,0,100.000,,0,0.9850,,0.850,0,
2047,5,49,fog-58,1,fog,900.0,0.0000,0.0000,0,100.000,,0,0.9831,,0.850,0,
2048,5,49,fog-58,1,fog,1000.0,0.0000,0.0000,0,100.000,,0,0.9813,,0.850,0,
2049,5,49,fog-58,1,fog,1100.0,0.0000,0.0000,0,100.000,,0,0.9794,,0.850,0,
2050,5,49,fog-58,1,fog,1200.0,0.0000,0.0000,0,100.000,,0,0.9775,,0.850,0,
2051,5,49,fog-58,1,fog,1300.0,0.0000,0.0000,0,100.000,,0,0.9756,,0.850,0,
2052,5,49,fog-58,1,fog,1400.0,0.0000,0.0000,0,100.000,,0,0.9738,,0.850,0,
2053,5,49,fog-58,1,fog,1500.0,0.0000,0.0000,0,100.000,,0,0.9719,,0.850,0,
2054,5,49,fog-58,1,fog,1600.0,0.0000,0.0000,0,100.000,,0,0.9700,,0.850,0,
2055,5,49,fog-58,1,fog,1700.0,0.0000,0.0000,0,100.000,,0,0.9681,,0.850,0,
2056,5,49,fog-58,1,fog,1800.0,0.0000,0.0000,0,100.000,,0,0.9663,,0.850,0,
2057,5,49,fog-58,1,fog,1900.0,0.0000,0.0000,0,100.000,,0,0.9644,,0.850,0,
2058,5,49,fog-58,1,fog,2000.0,0.0000,0.0000,0,100.000,,0,0.9625,,0.850,0,
2059,5,49,fog-58,1,fog,2100.0,0.0000,0.0000,0,100.000,,0,0.9606,,0.850,0,
2060,5,49,fog-58,1,fog,2200.0,0.0000,0.0000,0,100.000,,0,0.9588,,0.850,0,
2061,5,49,fog-58,1,fog,2300.0,0.0000,0.0000,0,100.000,,0,0.9569,,0.850,0,
2062,5,49,fog-58,1,fog,2400.0,0.0000,0.0000,0,100.000,,0,0.9550,,0.850,0,
2063,5,49,fog-58,1,fog,2500.0,0.0000,0.0000,0,100.000,,0,0.9531,,0.850,0,
2064,5,49,fog-58,1,fog,2600.0,0.0000,0.0000,0,100.000,,0,0.9513,,0.850,0,
2065,5,49,fog-58,1,fog,2700.0,0.0000,0.0000,0,100.000,,0,0.9494,,0.850,0,
2066,5,49,fog-58,1,fog,2800.0,0.0000,0.0000,0,100.000,,0,0.9475,,0.850,0,
2067,5,49,fog-58,1,fog,2900.0,0.0000,0.0000,0,100.000,,0,0.9456,,0.850,0,
2068,5,49,fog-58,1,fog,3000.0,0.0000,0.0000,0,100.000,,0,0.9438,,0.850,0,
2069,5,49,fog-58,1,fog,3100.0,0.0000,0.0000,0,100.000,,0,0.9419,,0.850,0,
2070,5,49,fog-58,1,fog,3200.0,0.0000,0.0000,0,100.000,,0,0.9400,,0.850,0,
2071,5,49,fog-58,1,fog,3300.0,0.0000,0.0000,0,100.000,,0,0.9381,,0.850,0,
2072,5,49,fog-58,1,fog,3400.0,0.0000,0.0000,0,100.000,,0,0.9363,,0.850,0,
2073,5,49,fog-58,1,fog,3500.0,0.0000,0.0000,0,100.000,,0,0.9344,,0.850,0,
2074,5,49,fog-58,1,fog,3600.0,0.0000,0.0000,0,100.000,,0,0.9325,,0.850,0,
2075,5,49,fog-58,1,fog,3700.0,0.0000,0.0000,0,100.000,,0,0.9306,,0.850,0,
2076,5,49,fog-58,1,fog,3800.0,0.0000,0.0000,0,100.000,,0,0.9288,,0.850,0,
2077,5,49,fog-58,1,fog,3900.0,0.0000,0.0000,0,100.000,,0,0.9269,,0.850,0,
2078,5,49,fog-58,1,fog,4000.0,0.0000,0.0000,0,100.000,,0,0.9250,,0.850,0,
2079,5,49,fog-58,1,fog,4100.0,0.0000,0.0000,0,100.000,,0,0.9231,,0.850,0,
2080,5,49,fog-58,1,fog,4200.0,0.0000,0.0000,0,100.000,,0,0.9213,,0.850,0,
2081,5,49,fog-58,1,fog,4300.0,0.0000,0.0000,0,100.000,,0,0.9194,,0.850,0,
2082,5,49,fog-58,1,fog,4400.0,0.0000,0.0000,0,100.000,,0,0.9175,,0.850,0,
2083,5,49,fog-58,1,fog,4500.0,0.0000,0.0000,0,100.000,,0,0.9156,,0.850,0,
2084,5,49,fog-58,1,fog,4600.0,0.0000,0.0000,0,100.000,,0,0.9138,,0.850,0,
2085,5,49,fog-58,1,fog,4700.0,0.0000,0.0000,0,100.000,,0,0.9119,,0.850,0,
2086,5,49,fog-58,1,fog,4800.0,0.0000,0.0000,0,100.000,,0,0.9100,,0.850,0,
2087,5,49,fog-58,1,fog,4900.0,0.0000,0.0000,0,100.000,,0,0.9081,,0.850,0,
2088,5,49,fog-58,1,fog,5000.0,0.0000,0.0000,0,100.000,,0,0.9063,,0.850,0,
2089,5,50,fog-59,1,fog,0.0,0.0000,0.0000,0,100.000,,0,1.0000,,0.850,0,
2090,5,50,fog-59,1,fog,100.0,0.0000,0.0000,0,100.000,,0,0.9981,,0.850,0,
2091,5,50,fog-59,1,fog,200.0,0.0000,0.0000,18,100.900,0.9339,0,0.9963,,0.850,0,
2092,5,50,fog-59,1,fog,300.0,0.0000,0.0000,18,100.900,0.9339,0,0.9944,,0.850,0,
2093,5,50,fog-59,1,fog,400.0,0.0000,0.0000,0,100.000,,0,0.9925,,0.850,0,
2094,5,50,fog-59,1,fog,500.0,0.0000,0.0000,17,100.850,0.8741,0,0.9906,,0.850,0,
2095,5,50,fog-59,1,fog,600.0,0.0000,0.0000,0,100.000,,0,0.9888,,0.850,0,
2096,5,50,fog-59,1,fog,700.0,0.0000,0.0000,0,100.000,,0,0.9869,,0.850,0,
2097,5,50,fog-59,1,fog,800.0,0.0000,0.0000,0,100.000,,0,0.9850,,0.850,0,
2098,5,50,fog-59,1,fog,900.0,0.0000,0.0000,18,100.900,0.9339,0,0.9831,,0.850,0,
2099,5,50,fog-59,1,fog,1000.0,0.0000,0.0000,17,100.850,0.8741,0,0.9813,,0.850,0,
2100,5,50,fog-59,1,fog,1100.0,0.0000,0.0000,48,101.900,1.0000,0,0.9794,,0.850,0,
2101,5,50,fog-59,1,fog,1200.0,0.0000,0.0000,0,100.000,,0,0.9775,,0.850,0,
2102,5,50,fog-59,1,fog,1300.0,0.0000,0.0000,0,100.000,,0,0.9756,,0.850,0,
2103,5,50,fog-59,1,fog,1400.0,0.0000,0.0000,0,100.000,,0,0.9738,,0.850,0,
2104,5,50,fog-59,1,fog,1500.0,0.0000,0.0000,0,100.000,,0,0.9719,,0.850,0,
2105,5,50,fog-59,1,fog,1600.0,0.0000,0.0000,0,100.000,,0,0.9700,,0.850,0,
2106,5,50,fog-59,1,fog,1700.0,0.0000,0.0000,0,100.000,,0,0.9681,,0.850,0,
2107,5,50,fog-59,1,fog,1800.0,0.0000,0.0000,18,100.900,0.9339,0,0.9663,,0.850,0,
2108,5,50,fog-59,1,fog,1900.0,0.0000,0.0000,0,100.000,,0,0.9644,,0.850,0,
2109,5,50,fog-59,1,fog,2000.0,0.0000,0.0000,0,100.000,,0,0.9625,,0.850,0,
2110,5,50,fog-59,1,fog,2100.0,0.0000,0.0000,0,100.000,,0,0.9606,,0.850,0,
2111,5,50,fog-59,1,fog,2200.0,0.0000,0.0000,0,100.000,,0,0.9588,,0.850,0,
2112,5,50,fog-59,1,fog,2300.0,0.0000,0.0000,0,100.000,,0,0.9569,,0.850,0,
2113,5,50,fog-59,1,fog,2400.0,0.0000,0.0000,0,100.000,,0,0.9550,,0.850,0,
2114,5,50,fog-59,1,fog,2500.0,0.0000,0.0000,0,100.000,,0,0.9531,,0.850,0,
2115,5,50,fog-59,1,fog,2600.0,0.0000,0.0000,0,100.000,,0,0.9513,,0.850,0,
2116,5,50,fog-59,1,fog,2700.0,0.0000,0.0000,18,100.900,0.9339,0,0.9494,,0.850,0,
2117,5,50,fog-59,1,fog,2800.0,0.0000,0.0000,20,101.000,1.0000,0,0.9475,,0.850,0,
2118,5,50,fog-59,1,fog,2900.0,0.0000,0.0000,0,100.000,,0,0.9456,,0.850,0,
2119,5,50,fog-59,1,fog,3000.0,0.0000,0.0000,17,100.850,0.8741,0,0.9438,,0.850,0,
2120,5,50,fog-59,1,fog,3100.0,0.0000,0.0000,0,100.000,,0,0.9419,,0.850,0,
2121,5,50,fog-59,1,fog,3200.0,0.0000,0.0000,18,100.900,0.9339,0,0.9400,,0.850,0,
2122,5,50,fog-59,1,fog,3300.0,0.0000,0.0000,36,101.600,1.0000,0,0.9381,,0.850,0,
2123,5,50,fog-59,1,fog,3400.0,0.0000,0.0000,0,100.000,,0,0.9363,,0.850,0,
2124,5,50,fog-59,1,fog,3500.0,0.0000,0.0000,0,100.000,,0,0.9344,,0.850,0,
2125,5,50,fog-59,1,fog,3600.0,0.0000,0.0000,0,100.000,,0,0.9325,,0.850,0,
2126,5,50,fog-59,1,fog,3700.0,0.0000,0.0000,17,100.850,1.0000,0,0.9306,,0.850,0,
2127,5,50,fog-59,1,fog,3800.0,0.0000,0.0000,44,101.800,1.0000,0,0.9288,,0.850,0,
2128,5,50,fog-59,1,fog,3900.0,0.0000,0.0000,0,100.000,,0,0.9269,,0.850,0,
2129,5,50,fog-59,1,fog,4000.0,0.0000,0.0000,0,100.000,,0,0.9250,,0.850,0,
2130,5,50,fog-59,1,fog,4100.0,0.0000,0.0000,42,101.750,1.0000,0,0.9231,,0.850,0,
2131,5,50,fog-59,1,fog,4200.0,0.0000,0.0000,42,101.750,1.0000,0,0.9213,,0.850,0,
2132,5,50,fog-59,1,fog,4300.0,0.0000,0.0000,0,100.000,,0,0.9194,,0.850,0,
2133,5,50,fog-59,1,fog,4400.0,0.0000,0.0000,0,100.000,,0,0.9175,,0.850,0,
2134,5,50,fog-59,1,fog,4500.0,0.0000,0.0000,0,100.000,,0,0.9156,,0.850,0,
2135,5,50,fog-59,1,fog,4600.0,0.0000,0.0000,0,100.000,,0,0.9138,,0.850,0,
2136,5,50,fog-59,1,fog,4700.0,0.0000,0.0000,0,100.000,,0,0.9119,,0.850,0,
2137,5,50,fog-59,1,fog,4800.0,0.0000,0.0000,0,100.000,,0,0.9100,,0.850,0,
2138,5,50,fog-59,1,fog,4900.0,0.0000,0.0000,0,100.000,,0,0.9081,,0.850,0,
2139,5,50,fog-59,1,fog,5000.0,0.0000,0.0000,0,100.000,,0,0.9063,,0.850,0,
2140,5,51,fog-60,1,fog,0.0,0.0000,0.0000,0,100.000,,0,1.0000,,0.850,0,
2141,5,51,fog-60,1,fog,100.0,0.0000,0.0000,0,100.000,,0,0.9981,,0.850,0,
2142,5,51,fog-60,1,fog,200.0,0.0000,0.0000,0,100.000,,0,0.9963,,0.850,0,
2143,5,51,fog-60,1,fog,300.0,0.0000,0.0000,0,100.000,,0,0.9944,,0.850,0,
2144,5,51,fog-60,1,fog,400.0,0.0000,0.0000,0,100.000,,0,0.9925,,0.850,0,
2145,5,51,fog-60,1,fog,500.0,0.0000,0.0000,0,100.000,,0,0.9906,,0.850,0,
2146,5,51,fog-60,1,fog,600.0,0.0000,0.0000,0,100.000,,0,0.9888,,0.850,0,
2147,5,51,fog-60,1,fog,700.0,0.0000,0.0000,0,100.000,,0,0.9869,,0.850,0,
2148,5,51,fog-60,1,fog,800.0,0.0000,0.0000,0,100.000,,0,0.9850,,0.850,0,
2149,5,51,fog-60,1,fog,900.0,0.0000,0.0000,0,100.000,,0,0.9831,,0.850,0,
2150,5,51,fog-60,1,fog,1000.0,0.0000,0.0000,0,100.000,,0,0.9813,,0.850,0,
2151,5,51,fog-60,1,fog,1100.0,0.0000,0.0000,0,100.000,,0,0.9794,,0.850,0,
2152,5,51,fog-60,1,fog,1200.0,0.0000,0.0000,0,100.000,,0,0.9775,,0.850,0,
2153,5,51,fog-60,1,fog,1300.0,0.0000,0.0000,0,100.000,,0,0.9756,,0.850,0,
2154,5,51,fog-60,1,fog,1400.0,0.0000,0.0000,0,100.000,,0,0.9738,,0.850,0,
2155,5,51,fog-60,1,fog,1500.0,0.0000,0.0000,0,100.000,,0,0.9719,,0.850,0,
2156,5,51,fog-60,1,fog,1600.0,0.0000,0.0000,0,100.000,,0,0.9700,,0.850,0,
2157,5,51,fog-60,1,fog,1700.0,0.0000,0.0000,0,100.000,,0,0.9681,,0.850,0,
2158,5,51,fog-60,1,fog,1800.0,0.0000,0.0000,0,100.000,,0,0.9663,,0.850,0,
2159,5,51,fog-60,1,fog,1900.0,0.0000,0.0000,0,100.000,,0,0.9644,,0.850,0,
2160,5,51,fog-60,1,fog,2000.0,0.0000,0.0000,0,100.000,,0,0.9625,,0.850,0,
2161,5,51,fog-60,1,fog,2100.0,0.0000,0.0000,0,100.000,,0,0.9606,,0.850,0,
2162,5,51,fog-60,1,fog,2200.0,0.0000,0.0000,0,100.000,,0,0.9588,,0.850,0,
2163,5,51,fog-60,1,fog,2300.0,0.0000,0.0000,0,100.000,,0,0.9569,,0.850,0,
2164,5,51,fog-60,1,fog,2400.0,0.0000,0.0000,0,100.000,,0,0.9550,,0.850,0,
2165,5,51,fog-60,1,fog,2500.0,0.0000,0.0000,0,100.000,,0,0.9531,,0.850,0,
2166,5,51,fog-60,1,fog,2600.0,0.0000,0.0000,0,100.000,,0,0.9513,,0.850,0,
2167,5,51,fog-60,1,fog,2700.0,0.0000,0.0000,0,100.000,,0,0.9494,,0.850,0,
2168,5,51,fog-60,1,fog,2800.0,0.0000,0.0000,0,100.000,,0,0.9475,,0.850,0,
2169,5,51,fog-60,1,fog,2900.0,0.0000,0.0000,0,100.000,,0,0.9456,,0.850,0,
2170,5,51,fog-60,1,fog,3000.0,0.0000,0.0000,0,100.000,,0,0.9438,,0.850,0,
2171,5,51,fog-60,1,fog,3100.0,0.0000,0.0000,0,100.000,,0,0.9419,,0.850,0,
2172,5,51,fog-60,1,fog,3200.0,0.0000,0.0000,0,100.000,,0,0.9400,,0.850,0,
2173,5,51,fog-60,1,fog,3300.0,0.0000,0.0000,0,100.000,,0,0.9381,,0.850,0,
2174,5,51,fog-60,1,fog,3400.0,0.0000,0.0000,0,100.000,,0,0.9363,,0.850,0,
2175,5,51,fog-60,1,fog,3500.0,0.0000,0.0000,0,100.000,,0,0.9344,,0.850,0,
2176,5,51,fog-60,1,fog,3600.0,0.0000,0.0000,0,100.000,,0,0.9325,,0.850,0,
2177,5,51,fog-60,1,fog,3700.0,0.0000,0.0000,0,100.000,,0,0.9306,,0.850,0,
2178,5,51,fog-60,1,fog,3800.0,0.0000,0.0000,0,100.000,,0,0.9288,,0.850,0,
2179,5,51,fog-60,1,fog,3900.0,0.0000,0.0000,0,100.000,,0,0.9269,,0.850,0,
2180,5,51,fog-60,1,fog,4000.0,0.0000,0.0000,0,100.000,,0,0.9250,,0.850,0,
2181,5,51,fog-60,1,fog,4100.0,0.0000,0.0000,0,100.000,,0,0.9231,,0.850,0,
2182,5,51,fog-60,1,fog,4200.0,0.0000,0.0000,0,100.000,,0,0.9213,,0.850,0,
2183,5,51,fog-60,1,fog,4300.0,0.0000,0.0000,0,100.000,,0,0.9194,,0.850,0,
2184,5,51,fog-60,1,fog,4400.0,0.0000,0.0000,0,100.000,,0,0.9175,,0.850,0,
2185,5,51,fog-60,1,fog,4500.0,0.0000,0.0000,0,100.000,,0,0.9156,,0.850,0,
2186,5,51,fog-60,1,fog,4600.0,0.0000,0.0000,0,100.000,,0,0.9138,,0.850,0,
2187,5,51,fog-60,1,fog,4700.0,0.0000,0.0000,0,100.000,,0,0.9119,,0.850,0,
2188,5,51,fog-60,1,fog,4800.0,0.0000,0.0000,0,100.000,,0,0.9100,,0.850,0,
2189,5,51,fog-60,1,fog,4900.0,0.0000,0.0000,0,100.000,,0,0.9081,,0.850,0,
2190,5,51,fog-60,1,fog,5000.0,0.0000,0.0000,0,100.000,,0,0.9063,,0.850,0,
2191,5,52,fog-61,1,fog,0.0,0.0000,0.0000,0,100.000,,0,1.0000,,0.850,0,
2192,5,52,fog-61,1,fog,100.0,0.0000,0.0000,11,100.550,1.0000,0,0.9981,,0.850,0,
2193,5,52,fog-61,1,fog,200.0,0.0000,0.0000,78,102.650,1.0000,0,0.9963,,0.850,0,
2194,5,52,fog-61,1,fog,300.0,0.0000,0.0000,124,103.800,1.0000,0,0.9944,,0.850,0,
2195,5,52,fog-61,1,fog,400.0,0.0000,0.0000,82,102.750,1.0000,0,0.9925,,0.850,0,
2196,5,52,fog-61,1,fog,500.0,0.0000,0.0000,78,102.650,1.0000,0,0.9906,,0.850,0,
2197,5,52,fog-61,1,fog,600.0,0.0000,0.0000,46,101.850,1.0000,0,0.9888,,0.850,0,
2198,5,52,fog-61,1,fog,700.0,0.0000,0.0000,18,100.900,0.9339,0,0.9869,,0.850,0,
2199,5,52,fog-61,1,fog,800.0,0.0000,0.0000,78,102.650,1.0000,0,0.9850,,0.850,0,
2200,5,52,fog-61,1,fog,900.0,0.0000,0.0000,84,102.800,1.0000,0,0.9831,,0.850,0,
2201,5,52,fog-61,1,fog,1000.0,0.0000,0.0000,0,100.000,,0,0.9813,,0.850,0,
2202,5,52,fog-61,1,fog,1100.0,0.0000,0.0000,0,100.000,,0,0.9794,,0.850,0,
2203,5,52,fog-61,1,fog,1200.0,0.0000,0.0000,76,102.600,1.0000,0,0.9775,,0.850,0,
2204,5,52,fog-61,1,fog,1300.0,0.0000,0.0000,0,100.000,,0,0.9756,,0.850,0,
2205,5,52,fog-61,1,fog,1400.0,0.0000,0.0000,0,100.000,,0,0.9738,,0.850,0,
2206,5,52,fog-61,1,fog,1500.0,0.0000,0.0000,19,100.950,0.9900,0,0.9719,,0.850,0,
2207,5,52,fog-61,1,fog,1600.0,0.0000,0.0000,72,102.500,1.0000,0,0.9700,,0.850,0,
2208,5,52,fog-61,1,fog,1700.0,0.0000,0.0000,112,103.500,1.0000,0,0.9681,,0.850,0,
2209,5,52,fog-61,1,fog,1800.0,0.0000,0.0000,46,101.850,1.0000,0,0.9663,,0.850,0,
2210,5,52,fog-61,1,fog,1900.0,0.0000,0.0000,80,102.700,1.0000,0,0.9644,,0.850,0,
2211,5,52,fog-61,1,fog,2000.0,0.0000,0.0000,38,101.650,1.0000,0,0.9625,,0.850,0,
2212,5,52,fog-61,1,fog,2100.0,0.0000,0.0000,20,101.000,1.0000,0,0.9606,,0.850,0,
2213,5,52,fog-61,1,fog,2200.0,0.0000,0.0000,48,101.900,1.0000,0,0.9588,,0.850,0,
2214,5,52,fog-61,1,fog,2300.0,0.0000,0.0000,0,100.000,,0,0.9569,,0.850,0,
2215,5,52,fog-61,1,fog,2400.0,0.0000,0.0000,46,101.850,1.0000,0,0.9550,,0.850,0,
2216,5,52,fog-61,1,fog,2500.0,0.0000,0.0000,42,101.750,1.0000,0,0.9531,,0.850,0,
2217,5,52,fog-61,1,fog,2600.0,0.0000,0.0000,0,100.000,,0,0.9513,,0.850,0,
2218,5,52,fog-61,1,fog,2700.0,0.0000,0.0000,50,101.950,1.0000,0,0.9494,,0.850,0,
2219,5,52,fog-61,1,fog,2800.0,0.0000,0.0000,0,100.000,,0,0.9475,,0.850,0,
2220,5,52,fog-61,1,fog,2900.0,0.0000,0.0000,42,101.750,1.0000,0,0.9456,,0.850,0,
2221,5,52,fog-61,1,fog,3000.0,0.0000,0.0000,19,100.950,0.9900,0,0.9438,,0.850,0,
2222,5,52,fog-61,1,fog,3100.0,0.0000,0.0000,17,100.850,0.8741,0,0.9419,,0.850,0,
2223,5,52,fog-61,1,fog,3200.0,0.0000,0.0000,19,100.950,0.9900,0,0.9400,,0.850,0,
2224,5,52,fog-61,1,fog,3300.0,0.0000,0.0000,17,100.850,0.8741,0,0.9381,,0.850,0,
2225,5,52,fog-61,1,fog,3400.0,0.0000,0.0000,44,101.800,1.0000,0,0.9363,,0.850,0,
2226,5,52,fog-61,1,fog,3500.0,0.0000,0.0000,0,100.000,,0,0.9344,,0.850,0,
2227,5,52,fog-61,1,fog,3600.0,0.0000,0.0000,0,100.000,,0,0.9325,,0.850,0,
2228,5,52,fog-61,1,fog,3700.0,0.0000,0.0000,38,101.650,1.0000,0,0.9306,,0.850,0,
2229,5,52,fog-61,1,fog,3800.0,0.0000,0.0000,19,100.950,0.9900,0,0.9288,,0.850,0,
2230,5,52,fog-61,1,fog,3900.0,0.0000,0.0000,19,100.950,0.9900,0,0.9269,,0.850,0,
2231,5,52,fog-61,1,fog,4000.0,0.0000,0.0000,40,101.700,1.0000,0,0.9250,,0.850,0,
2232,5,52,fog-61,1,fog,4100.0,0.0000,0.0000,17,100.850,0.8741,0,0.9231,,0.850,0,
2233,5,52,fog-61,1,fog,4200.0,0.0000,0.0000,0,100.000,,0,0.9213,,0.850,0,
2234,5,52,fog-61,1,fog,4300.0,0.0000,0.0000,18,100.900,1.0000,0,0.9194,,0.850,0,
2235,5,52,fog-61,1,fog,4400.0,0.0000,0.0000,17,100.850,0.8741,0,0.9175,,0.850,0,
2236,5,52,fog-61,1,fog,4500.0,0.0000,0.0000,20,101.000,1.0000,0,0.9156,,0.850,0,
2237,5,52,fog-61,1,fog,4600.0,0.0000,0.0000,0,100.000,,0,0.9138,,0.850,0,
2238,5,52,fog-61,1,fog,4700.0,0.0000,0.0000,0,100.000,,0,0.9119,,0.850,0,
2239,5,52,fog-61,1,fog,4800.0,0.0000,0.0000,78,102.650,1.0000,0,0.9100,,0.850,0,
2240,5,52,fog-61,1,fog,4900.0,0.0000,0.0000,84,102.800,1.0000,0,0.9081,,0.850,0,
2241,5,52,fog-61,1,fog,5000.0,0.0000,0.0000,18,100.900,0.9339,0,0.9063,,0.850,0,
2242,5,53,fog-62,1,fog,0.0,0.0000,0.0000,0,100.000,,0,1.0000,,0.850,0,
2243,5,53,fog-62,1,fog,100.0,0.0000,0.0000,0,100.000,,0,0.9981,,0.850,0,
2244,5,53,fog-62,1,fog,200.0,0.0000,0.0000,0,100.000,,0,0.9963,,0.850,0,
2245,5,53,fog-62,1,fog,300.0,0.0000,0.0000,0,100.000,,0,0.9944,,0.850,0,
2246,5,53,fog-62,1,fog,400.0,0.0000,0.0000,0,100.000,,0,0.9925,,0.850,0,
2247,5,53,fog-62,1,fog,500.0,0.0000,0.0000,0,100.000,,0,0.9906,,0.850,0,
2248,5,53,fog-62,1,fog,600.0,0.0000,0.0000,0,100.000,,0,0.9888,,0.850,0,
2249,5,53,fog-62,1,fog,700.0,0.0000,0.0000,0,100.000,,0,0.9869,,0.850,0,
2250,5,53,fog-62,1,fog,800.0,0.0000,0.0000,0,100.000,,0,0.9850,,0.850,0,
2251,5,53,fog-62,1,fog,900.0,0.0000,0.0000,0,100.000,,0,0.9831,,0.850,0,
2252,5,53,fog-62,1,fog,1000.0,0.0000,0.0000,0,100.000,,0,0.9813,,0.850,0,
2253,5,53,fog-62,1,fog,1100.0,0.0000,0.0000,0,100.000,,0,0.9794,,0.850,0,
2254,5,53,fog-62,1,fog,1200.0,0.0000,0.0000,0,100.000,,0,0.9775,,0.850,0,
2255,5,53,fog-62,1,fog,1300.0,0.0000,0.0000,0,100.000,,0,0.9756,,0.850,0,
2256,5,53,fog-62,1,fog,1400.0,0.0000,0.0000,0,100.000,,0,0.9738,,0.850,0,
2257,5,53,fog-62,1,fog,1500.0,0.0000,0.0000,0,100.000,,0,0.9719,,0.850,0,
2258,5,53,fog-62,1,fog,1600.0,0.0000,0.0000,0,100.000,,0,0.9700,,0.850,0,
2259,5,53,fog-62,1,fog,1700.0,0.0000,0.0000,0,100.000,,0,0.9681,,0.850,0,
2260,5,53,fog-62,1,fog,1800.0,0.0000,0.0000,0,100.000,,0,0.9663,,0.850,0,
2261,5,53,fog-62,1,fog,1900.0,0.0000,0.0000,0,100.000,,0,0.9644,,0.850,0,
2262,5,53,fog-62,1,fog,2000.0,0.0000,0.0000,0,100.000,,0,0.9625,,0.850,0,
2263,5,53,fog-62,1,fog,2100.0,0.0000,0.0000,0,100.000,,0,0.9606,,0.850,0,
2264,5,53,fog-62,1,fog,2200.0,0.0000,0.0000,0,100.000,,0,0.9588,,0.850,0,
2265,5,53,fog-62,1,fog,2300.0,0.0000,0.0000,0,100.000,,0,0.9569,,0.850,0,
2266,5,53,fog-62,1,fog,2400.0,0.0000,0.0000,0,100.000,,0,0.9550,,0.850,0,
2267,5,53,fog-62,1,fog,2500.0,0.0000,0.0000,0,100.000,,0,0.9531,,0.850,0,
2268,5,53,fog-62,1,fog,2600.0,0.0000,0.0000,0,100.000,,0,0.9513,,0.850,0,
2269,5,53,fog-62,1,fog,2700.0,0.0000,0.0000,0,100.000,,0,0.9494,,0.850,0,
2270,5,53,fog-62,1,fog,2800.0,0.0000,0.0000,0,100.000,,0,0.9475,,0.850,0,
2271,5,53,fog-62,1,fog,2900.0,0.0000,0.0000,0,100.000,,0,0.9456,,0.850,0,
2272,5,53,fog-62,1,fog,3000.0,0.0000,0.0000,0,100.000,,0,0.9438,,0.850,0,
2273,5,53,fog-62,1,fog,3100.0,0.0000,0.0000,0,100.000,,0,0.9419,,0.850,0,
2274,5,53,fog-62,1,fog,3200.0,0.0000,0.0000,0,100.000,,0,0.9400,,0.850,0,
2275,5,53,fog-62,1,fog,3300.0,0.0000,0.0000,0,100.000,,0,0.9381,,0.850,0,
2276,5,53,fog-62,1,fog,3400.0,0.0000,0.0000,0,100.000,,0,0.9363,,0.850,0,
2277,5,53,fog-62,1,fog,3500.0,0.0000,0.0000,0,100.000,,0,0.9344,,0.850,0,
2278,5,53,fog-62,1,fog,3600.0,0.0000,0.0000,0,100.000,,0,0.9325,,0.850,0,
2279,5,53,fog-62,1,fog,3700.0,0.0000,0.0000,0,100.000,,0,0.9306,,0.850,0,
2280,5,53,fog-62,1,fog,3800.0,0.0000,0.0000,0,100.000,,0,0.9288,,0.850,0,
2281,5,53,fog-62,1,fog,3900.0,0.0000,0.0000,0,100.000,,0,0.9269,,0.850,0,
2282,5,53,fog-62,1,fog,4000.0,0.0000,0.0000,0,100.000,,0,0.9250,,0.850,0,
2283,5,53,fog-62,1,fog,4100.0,0.0000,0.0000,0,100.000,,0,0.9231,,0.850,0,
2284,5,53,fog-62,1,fog,4200.0,0.0000,0.0000,0,100.000,,0,0.9213,,0.850,0,
2285,5,53,fog-62,1,fog,4300.0,0.0000,0.0000,0,100.000,,0,0.9194,,0.850,0,
2286,5,53,fog-62,1,fog,4400.0,0.0000,0.0000,0,100.000,,0,0.9175,,0.850,0,
2287,5,53,fog-62,1,fog,4500.0,0.0000,0.0000,0,100.000,,0,0.9156,,0.850,0,
2288,5,53,fog-62,1,fog,4600.0,0.0000,0.0000,0,100.000,,0,0.9138,,0.850,0,
2289,5,53,fog-62,1,fog,4700.0,0.0000,0.0000,0,100.000,,0,0.9119,,0.850,0,
2290,5,53,fog-62,1,fog,4800.0,0.0000,0.0000,0,100.000,,0,0.9100,,0.850,0,
2291,5,53,fog-62,1,fog,4900.0,0.0000,0.0000,0,100.000,,0,0.9081,,0.850,0,
2292,5,53,fog-62,1,fog,5000.0,0.0000,0.0000,0,100.000,,0,0.9063,,0.850,0,
2293,5,54,fog-63,1,fog,0.0,0.0000,0.0000,0,100.000,,0,1.0000,,0.850,0,
2294,5,54,fog-63,1,fog,100.0,0.0000,0.0000,5,100.250,0.9900,0,0.9981,,0.850,0,
2295,5,54,fog-63,1,fog,200.0,0.0000,0.0000,0,100.000,,0,0.9963,,0.850,0,
2296,5,54,fog-63,1,fog,300.0,0.0000,0.0000,0,100.000,,0,0.9944,,0.850,0,
2297,5,54,fog-63,1,fog,400.0,0.0000,0.0000,0,100.000,,0,0.9925,,0.850,0,
2298,5,54,fog-63,1,fog,500.0,0.0000,0.0000,0,100.000,,0,0.9906,,0.850,0,
2299,5,54,fog-63,1,fog,600.0,0.0000,0.0000,0,100.000,,0,0.9888,,0.850,0,
2300,5,54,fog-63,1,fog,700.0,0.0000,0.0000,0,100.000,,0,0.9869,,0.850,0,
2301,5,54,fog-63,1,fog,800.0,0.0000,0.0000,0,100.000,,0,0.9850,,0.850,0,
2302,5,54,fog-63,1,fog,900.0,0.0000,0.0000,0,100.000,,0,0.9831,,0.850,0,
2303,5,54,fog-63,1,fog,1000.0,0.0000,0.0000,0,100.000,,0,0.9813,,0.850,0,
2304,5,54,fog-63,1,fog,1100.0,0.0000,0.0000,0,100.000,,0,0.9794,,0.850,0,
2305,5,54,fog-63,1,fog,1200.0,0.0000,0.0000,0,100.000,,0,0.9775,,0.850,0,
2306,5,54,fog-63,1,fog,1300.0,0.0000,0.0000,0,100.000,,0,0.9756,,0.850,0,
2307,5,54,fog-63,1,fog,1400.0,0.0000,0.0000,0,100.000,,0,0.9738,,0.850,0,
2308,5,54,fog-63,1,fog,1500.0,0.0000,0.0000,19,100.950,0.9900,0,0.9719,,0.850,0,
2309,5,54,fog-63,1,fog,1600.0,0.0000,0.0000,48,101.900,1.0000,0,0.9700,,0.850,0,
2310,5,54,fog-63,1,fog,1700.0,0.0000,0.0000,15,100.750,0.7396,0,0.9681,,0.850,0,
2311,5,54,fog-63,1,fog,1800.0,0.0000,0.0000,0,100.000,,0,0.9663,,0.850,0,
2312,5,54,fog-63,1,fog,1900.0,0.0000,0.0000,0,100.000,,0,0.9644,,0.850,0,
2313,5,54,fog-63,1,fog,2000.0,0.0000,0.0000,0,100.000,,0,0.9625,,0.850,0,
2314,5,54,fog-63,1,fog,2100.0,0.0000,0.0000,0,100.000,,0,0.9606,,0.850,0,
2315,5,54,fog-63,1,fog,2200.0,0.0000,0.0000,0,100.000,,0,0.9588,,0.850,0,
2316,5,54,fog-63,1,fog,2300.0,0.0000,0.0000,0,100.000,,0,0.9569,,0.850,0,
2317,5,54,fog-63,1,fog,2400.0,0.0000,0.0000,19,100.950,0.9900,0,0.9550,,0.850,0,
2318,5,54,fog-63,1,fog,2500.0,0.0000,0.0000,13,100.650,0.9573,0,0.9531,,0.850,0,
2319,5,54,fog-63,1,fog,2600.0,0.0000,0.0000,0,100.000,,0,0.9513,,0.850,0,
2320,5,54,fog-63,1,fog,2700.0,0.0000,0.0000,0,100.000,,0,0.9494,,0.850,0,
2321,5,54,fog-63,1,fog,2800.0,0.0000,0.0000,0,100.000,,0,0.9475,,0.850,0,
2322,5,54,fog-63,1,fog,2900.0,0.0000,0.0000,0,100.000,,0,0.9456,,0.850,0,
2323,5,54,fog-63,1,fog,3000.0,0.0000,0.0000,0,100.000,,0,0.9438,,0.850,0,
2324,5,54,fog-63,1,fog,3100.0,0.0000,0.0000,19,100.950,0.9900,0,0.9419,,0.850,0,
2325,5,54,fog-63,1,fog,3200.0,0.0000,0.0000,18,100.900,0.9339,0,0.9400,,0.850,0,
2326,5,54,fog-63,1,fog,3300.0,0.0000,0.0000,0,100.000,,0,0.9381,,0.850,0,
2327,5,54,fog-63,1,fog,3400.0,0.0000,0.0000,0,100.000,,0,0.9363,,0.850,0,
2328,5,54,fog-63,1,fog,3500.0,0.0000,0.0000,0,100.000,,0,0.9344,,0.850,0,
2329,5,54,fog-63,1,fog,3600.0,0.0000,0.0000,0,100.000,,0,0.9325,,0.850,0,
2330,5,54,fog-63,1,fog,3700.0,0.0000,0.0000,0,100.000,,0,0.9306,,0.850,0,
2331,5,54,fog-63,1,fog,3800.0,0.0000,0.0000,0,100.000,,0,0.9288,,0.850,0,
2332,5,54,fog-63,1,fog,3900.0,0.0000,0.0000,0,100.000,,0,0.9269,,0.850,0,
2333,5,54,fog-63,1,fog,4000.0,0.0000,0.0000,18,100.900,0.9339,0,0.9250,,0.850,0,
2334,5,54,fog-63,1,fog,4100.0,0.0000,0.0000,18,100.900,0.9339,0,0.9231,,0.850,0,
2335,5,54,fog-63,1,fog,4200.0,0.0000,0.0000,0,100.000,,0,0.9213,,0.850,0,
2336,5,54,fog-63,1,fog,4300.0,0.0000,0.0000,0,100.000,,0,0.9194,,0.850,0,
2337,5,54,fog-63,1,fog,4400.0,0.0000,0.0000,0,100.000,,0,0.9175,,0.850,0,
2338,5,54,fog-63,1,fog,4500.0,0.0000,0.0000,0,100.000,,0,0.9156,,0.850,0,
2339,5,54,fog-63,1,fog,4600.0,0.0000,0.0000,0,100.000,,0,0.9138,,0.850,0,
2340,5,54,fog-63,1,fog,4700.0,0.0000,0.0000,0,100.000,,0,0.9119,,0.850,0,
2341,5,54,fog-63,1,fog,4800.0,0.0000,0.0000,0,100.000,,0,0.9100,,0.850,0,
2342,5,54,fog-63,1,fog,4900.0,0.0000,0.0000,0,100.000,,0,0.9081,,0.850,0,
2343,5,54,fog-63,1,fog,5000.0,0.0000,0.0000,0,100.000,,0,0.9063,,0.850,0,
2344,5,55,fog-64,1,fog,0.0,0.0000,0.0000,0,100.000,,0,1.0000,,0.850,0,
2345,5,55,fog-64,1,fog,100.0,0.0000,0.0000,0,100.000,,0,0.9981,,0.850,0,
2346,5,55,fog-64,1,fog,200.0,0.0000,0.0000,0,100.000,,0,0.9963,,0.850,0,
2347,5,55,fog-64,1,fog,300.0,0.0000,0.0000,0,100.000,,0,0.9944,,0.850,0,
2348,5,55,fog-64,1,fog,400.0,0.0000,0.0000,15,100.750,0.7396,0,0.9925,,0.850,0,
2349,5,55,fog-64,1,fog,500.0,0.0000,0.0000,0,100.000,,0,0.9906,,0.850,0,
2350,5,55,fog-64,1,fog,600.0,0.0000,0.0000,0,100.000,,0,0.9888,,0.850,0,
2351,5,55,fog-64,1,fog,700.0,0.0000,0.0000,0,100.000,,0,0.9869,,0.850,0,
2352,5,55,fog-64,1,fog,800.0,0.0000,0.0000,17,100.850,0.9900,0,0.9850,,0.850,0,
2353,5,55,fog-64,1,fog,900.0,0.0000,0.0000,0,100.000,,0,0.9831,,0.850,0,
2354,5,55,fog-64,1,fog,1000.0,0.0000,0.0000,0,100.000,,0,0.9813,,0.850,0,
2355,5,55,fog-64,1,fog,1100.0,0.0000,0.0000,40,101.700,1.0000,0,0.9794,,0.850,0,
2356,5,55,fog-64,1,fog,1200.0,0.0000,0.0000,46,101.850,1.0000,0,0.9775,,0.850,0,
2357,5,55,fog-64,1,fog,1300.0,0.0000,0.0000,0,100.000,,0,0.9756,,0.850,0,
2358,5,55,fog-64,1,fog,1400.0,0.0000,0.0000,19,100.950,0.9900,0,0.9738,,0.850,0,
2359,5,55,fog-64,1,fog,1500.0,0.0000,0.0000,0,100.000,,0,0.9719,,0.850,0,
2360,5,55,fog-64,1,fog,1600.0,0.0000,0.0000,0,100.000,,0,0.9700,,0.850,0,
2361,5,55,fog-64,1,fog,1700.0,0.0000,0.0000,18,100.900,0.9339,0,0.9681,,0.850,0,
2362,5,55,fog-64,1,fog,1800.0,0.0000,0.0000,0,100.000,,0,0.9663,,0.850,0,
2363,5,55,fog-64,1,fog,1900.0,0.0000,0.0000,48,101.900,1.0000,0,0.9644,,0.850,0,
2364,5,55,fog-64,1,fog,2000.0,0.0000,0.0000,0,100.000,,0,0.9625,,0.850,0,
2365,5,55,fog-64,1,fog,2100.0,0.0000,0.0000,0,100.000,,0,0.9606,,0.850,0,
2366,5,55,fog-64,1,fog,2200.0,0.0000,0.0000,0,100.000,,0,0.9588,,0.850,0,
2367,5,55,fog-64,1,fog,2300.0,0.0000,0.0000,0,100.000,,0,0.9569,,0.850,0,
2368,5,55,fog-64,1,fog,2400.0,0.0000,0.0000,19,100.950,0.9900,0,0.9550,,0.850,0,
2369,5,55,fog-64,1,fog,2500.0,0.0000,0.0000,0,100.000,,0,0.9531,,0.850,0,
2370,5,55,fog-64,1,fog,2600.0,0.0000,0.0000,17,100.850,0.8741,0,0.9513,,0.850,0,
2371,5,55,fog-64,1,fog,2700.0,0.0000,0.0000,0,100.000,,0,0.9494,,0.850,0,
2372,5,55,fog-64,1,fog,2800.0,0.0000,0.0000,0,100.000,,0,0.9475,,0.850,0,
2373,5,55,fog-64,1,fog,2900.0,0.0000,0.0000,0,100.000,,0,0.9456,,0.850,0,
2374,5,55,fog-64,1,fog,3000.0,0.0000,0.0000,0,100.000,,0,0.9438,,0.850,0,
2375,5,55,fog-64,1,fog,3100.0,0.0000,0.0000,0,100.000,,0,0.9419,,0.850,0,
2376,5,55,fog-64,1,fog,3200.0,0.0000,0.0000,18,100.900,0.9339,0,0.9400,,0.850,0,
2377,5,55,fog-64,1,fog,3300.0,0.0000,0.0000,18,100.900,0.9339,0,0.9381,,0.850,0,
2378,5,55,fog-64,1,fog,3400.0,0.0000,0.0000,0,100.000,,0,0.9363,,0.850,0,
2379,5,55,fog-64,1,fog,3500.0,0.0000,0.0000,19,100.950,0.9900,0,0.9344,,0.850,0,
2380,5,55,fog-64,1,fog,3600.0,0.0000,0.0000,18,100.900,0.9339,0,0.9325,,0.850,0,
2381,5,55,fog-64,1,fog,3700.0,0.0000,0.0000,18,100.900,0.9339,0,0.9306,,0.850,0,
2382,5,55,fog-64,1,fog,3800.0,0.0000,0.0000,0,100.000,,0,0.9288,,0.850,0,
2383,5,55,fog-64,1,fog,3900.0,0.0000,0.0000,0,100.000,,0,0.9269,,0.850,0,
2384,5,55,fog-64,1,fog,4000.0,0.0000,0.0000,0,100.000,,0,0.9250,,0.850,0,
2385,5,55,fog-64,1,fog,4100.0,0.0000,0.0000,38,101.650,1.0000,0,0.9231,,0.850,0,
2386,5,55,fog-64,1,fog,4200.0,0.0000,0.0000,0,100.000,,0,0.9213,,0.850,0,
2387,5,55,fog-64,1,fog,4300.0,0.0000,0.0000,18,100.900,0.9339,0,0.9194,,0.850,0,
2388,5,55,fog-64,1,fog,4400.0,0.0000,0.0000,18,100.900,0.9339,0,0.9175,,0.850,0,
2389,5,55,fog-64,1,fog,4500.0,0.0000,0.0000,0,100.000,,0,0.9156,,0.850,0,
2390,5,55,fog-64,1,fog,4600.0,0.0000,0.0000,16,100.800,1.0000,0,0.9138,,0.850,0,
2391,5,55,fog-64,1,fog,4700.0,0.0000,0.0000,0,100.000,,0,0.9119,,0.850,0,
2392,5,55,fog-64,1,fog,4800.0,0.0000,0.0000,17,100.850,0.8741,0,0.9100,,0.850,0,
2393,5,55,fog-64,1,fog,4900.0,0.0000,0.0000,0,100.000,,0,0.9081,,0.850,0,
2394,5,55,fog-64,1,fog,5000.0,0.0000,0.0000,42,101.750,1.0000,0,0.9063,,0.850,0,
2395,5,56,fog-65,1,fog,0.0,0.0000,0.0000,0,100.000,,0,1.0000,,0.850,0,1711.4
2396,5,56,fog-65,1,fog,100.0,0.0000,0.0000,0,100.000,,0,0.9981,,0.850,0,1711.4
2397,5,56,fog-65,1,fog,200.0,0.0000,0.0000,0,100.000,,0,0.9963,,0.850,0,1711.4
2398,5,56,fog-65,1,fog,300.0,0.0000,0.0000,0,100.000,,0,0.9944,,0.850,0,1711.4
2399,5,56,fog-65,1,fog,400.0,0.0000,0.0000,0,100.000,,0,0.9925,,0.850,0,1711.4
2400,5,56,fog-65,1,fog,500.0,0.0000,0.0000,17,100.850,0.8741,0,0.9906,,0.850,0,1711.4
2401,5,56,fog-65,1,fog,600.0,0.0000,0.0000,20,101.000,1.0000,0,0.9888,,0.850,0,1711.4
2402,5,56,fog-65,1,fog,700.0,0.0000,0.0000,18,100.900,0.9339,0,0.9869,,0.850,0,1711.4
2403,5,56,fog-65,1,fog,800.0,0.0000,0.0000,19,100.950,0.9900,0,0.9850,,0.850,0,1711.4
2404,5,56,fog-65,1,fog,900.0,0.0000,0.0000,18,100.900,0.9339,0,0.9831,,0.850,0,1711.4
2405,5,56,fog-65,1,fog,1000.0,0.0000,0.0000,0,100.000,,0,0.9813,,0.850,0,1711.4
2406,5,56,fog-65,1,fog,1100.0,0.0000,0.0000,17,100.850,0.9900,0,0.9794,,0.850,0,1711.4
2407,5,56,fog-65,1,fog,1200.0,0.0000,0.0000,20,101.000,1.0000,0,0.9775,,0.850,0,1711.4
2408,5,56,fog-65,1,fog,1300.0,0.0000,0.0000,19,100.950,0.9900,0,0.9756,,0.850,0,1711.4
2409,5,56,fog-65,1,fog,1400.0,0.0000,0.0000,0,100.000,,0,0.9738,,0.850,0,1711.4
2410,5,56,fog-65,1,fog,1500.0,0.0000,0.0000,0,100.000,,0,0.9719,,0.850,0,1711.4
2411,5,56,fog-65,1,fog,1600.0,0.0000,0.0000,0,100.000,,0,0.9700,,0.850,1,1711.4
2412,5,56,fog-65,1,fog,1700.0,0.0000,0.0000,0,100.000,,0,0.9681,,0.850,1,1711.4
2413,5,57,fog-66,1,fog,0.0,0.0000,0.0000,0,100.000,,0,1.0000,,0.850,0,
2414,5,57,fog-66,1,fog,100.0,0.0000,0.0000,0,100.000,,0,0.9981,,0.850,0,
2415,5,57,fog-66,1,fog,200.0,0.0000,0.0000,0,100.000,,0,0.9963,,0.850,0,
2416,5,57,fog-66,1,fog,300.0,0.0000,0.0000,0,100.000,,0,0.9944,,0.850,0,
2417,5,57,fog-66,1,fog,400.0,0.0000,0.0000,0,100.000,,0,0.9925,,0.850,0,
2418,5,57,fog-66,1,fog,500.0,0.0000,0.0000,0,100.000,,0,0.9906,,0.850,0,
2419,5,57,fog-66,1,fog,600.0,0.0000,0.0000,0,100.000,,0,0.9888,,0.850,0,
2420,5,57,fog-66,1,fog,700.0,0.0000,0.0000,16,100.800,0.9267,0,0.9869,,0.850,0,
2421,5,57,fog-66,1,fog,800.0,0.0000,0.0000,0,100.000,,0,0.9850,,0.850,0,
2422,5,57,fog-66,1,fog,900.0,0.0000,0.0000,14,100.700,0.7842,0,0.9831,,0.850,0,
2423,5,57,fog-66,1,fog,1000.0,0.0000,0.0000,18,100.900,0.9339,0,0.9813,,0.850,0,
2424,5,57,fog-66,1,fog,1100.0,0.0000,0.0000,0,100.000,,0,0.9794,,0.850,0,
2425,5,57,fog-66,1,fog,1200.0,0.0000,0.0000,0,100.000,,0,0.9775,,0.850,0,
2426,5,57,fog-66,1,fog,1300.0,0.0000,0.0000,0,100.000,,0,0.9756,,0.850,0,
2427,5,57,fog-66,1,fog,1400.0,0.0000,0.0000,12,100.600,0.8435,0,0.9738,,0.850,0,
2428,5,57,fog-66,1,fog,1500.0,0.0000,0.0000,17,100.850,0.8741,0,0.9719,,0.850,0,
2429,5,57,fog-66,1,fog,1600.0,0.0000,0.0000,20,101.000,1.0000,0,0.9700,,0.850,0,
2430,5,57,fog-66,1,fog,1700.0,0.0000,0.0000,18,100.900,0.9339,0,0.9681,,0.850,0,
2431,5,57,fog-66,1,fog,1800.0,0.0000,0.0000,0,100.000,,0,0.9663,,0.850,0,
2432,5,57,fog-66,1,fog,1900.0,0.0000,0.0000,0,100.000,,0,0.9644,,0.850,0,
2433,5,57,fog-66,1,fog,2000.0,0.0000,0.0000,0,100.000,,0,0.9625,,0.850,0,
2434,5,57,fog-66,1,fog,2100.0,0.0000,0.0000,0,100.000,,0,0.9606,,0.850,0,
2435,5,57,fog-66,1,fog,2200.0,0.0000,0.0000,0,100.000,,0,0.9588,,0.850,0,
2436,5,57,fog-66,1,fog,2300.0,0.0000,0.0000,0,100.000,,0,0.9569,,0.850,0,
2437,5,57,fog-66,1,fog,2400.0,0.0000,0.0000,0,100.000,,0,0.9550,,0.850,0,
2438,5,57,fog-66,1,fog,2500.0,0.0000,0.0000,0,100.000,,0,0.9531,,0.850,0,
2439,5,57,fog-66,1,fog,2600.0,0.0000,0.0000,0,100.000,,0,0.9513,,0.850,0,
2440,5,57,fog-66,1,fog,2700.0,0.0000,0.0000,0,100.000,,0,0.9494,,0.850,0,
2441,5,57,fog-66,1,fog,2800.0,0.0000,0.0000,0,100.000,,0,0.9475,,0.850,0,
2442,5,57,fog-66,1,fog,2900.0,0.0000,0.0000,0,100.000,,0,0.9456,,0.850,0,
2443,5,57,fog-66,1,fog,3000.0,0.0000,0.0000,52,102.000,1.0000,0,0.9438,,0.850,0,
2444,5,57,fog-66,1,fog,3100.0,0.0000,0.0000,42,101.750,1.0000,0,0.9419,,0.850,0,
2445,5,57,fog-66,1,fog,3200.0,0.0000,0.0000,84,102.800,1.0000,0,0.9400,,0.850,0,
2446,5,57,fog-66,1,fog,3300.0,0.0000,0.0000,42,101.750,1.0000,0,0.9381,,0.850,0,
2447,5,57,fog-66,1,fog,3400.0,0.0000,0.0000,42,101.750,1.0000,0,0.9363,,0.850,0,
2448,5,57,fog-66,1,fog,3500.0,0.0000,0.0000,44,101.800,1.0000,0,0.9344,,0.850,0,
2449,5,57,fog-66,1,fog,3600.0,0.0000,0.0000,18,100.900,0.9339,0,0.9325,,0.850,0,
2450,5,57,fog-66,1,fog,3700.0,0.0000,0.0000,19,100.950,0.9900,0,0.9306,,0.850,0,
2451,5,57,fog-66,1,fog,3800.0,0.0000,0.0000,0,100.000,,0,0.9288,,0.850,0,
2452,5,57,fog-66,1,fog,3900.0,0.0000,0.0000,0,100.000,,0,0.9269,,0.850,0,
2453,5,57,fog-66,1,fog,4000.0,0.0000,0.0000,0,100.000,,0,0.9250,,0.850,0,
2454,5,57,fog-66,1,fog,4100.0,0.0000,0.0000,0,100.000,,0,0.9231,,0.850,0,
2455,5,57,fog-66,1,fog,4200.0,0.0000,0.0000,0,100.000,,0,0.9213,,0.850,0,
2456,5,57,fog-66,1,fog,4300.0,0.0000,0.0000,0,100.000,,0,0.9194,,0.850,0,
2457,5,57,fog-66,1,fog,4400.0,0.0000,0.0000,0,100.000,,0,0.9175,,0.850,0,
2458,5,57,fog-66,1,fog,4500.0,0.0000,0.0000,0,100.000,,0,0.9156,,0.850,0,
2459,5,57,fog-66,1,fog,4600.0,0.0000,0.0000,17,100.850,1.0000,0,0.9138,,0.850,0,
2460,5,57,fog-66,1,fog,4700.0,0.0000,0.0000,19,100.950,0.9900,0,0.9119,,0.850,0,
2461,5,57,fog-66,1,fog,4800.0,0.0000,0.0000,15,100.750,0.7396,0,0.9100,,0.850,0,
2462,5,57,fog-66,1,fog,4900.0,0.0000,0.0000,18,100.900,0.9339,0,0.9081,,0.850,0,
2463,5,57,fog-66,1,fog,5000.0,0.0000,0.0000,0,100.000,,0,0.9063,,0.850,0,
2464,5,58,fog-67,1,fog,0.0,0.0000,0.0000,0,100.000,,0,1.0000,,0.850,0,4546.4
2465,5,58,fog-67,1,fog,100.0,0.0000,0.0000,6,100.300,1.0000,0,0.9981,,0.850,0,4546.4
2466,5,58,fog-67,1,fog,200.0,0.0000,0.0000,0,100.000,,0,0.9963,,0.850,0,4546.4
2467,5,58,fog-67,1,fog,300.0,0.0000,0.0000,0,100.000,,0,0.9944,,0.850,0,4546.4
2468,5,58,fog-67,1,fog,400.0,0.0000,0.0000,0,100.000,,0,0.9925,,0.850,0,4546.4
2469,5,58,fog-67,1,fog,500.0,0.0000,0.0000,0,100.000,,0,0.9906,,0.850,0,4546.4
2470,5,58,fog-67,1,fog,600.0,0.0000,0.0000,0,100.000,,0,0.9888,,0.850,0,4546.4
2471,5,58,fog-67,1,fog,700.0,0.0000,0.0000,0,100.000,,0,0.9869,,0.850,0,4546.4
2472,5,58,fog-67,1,fog,800.0,0.0000,0.0000,0,100.000,,0,0.9850,,0.850,0,4546.4
2473,5,58,fog-67,1,fog,900.0,0.0000,0.0000,0,100.000,,0,0.9831,,0.850,0,4546.4
2474,5,58,fog-67,1,fog,1000.0,0.0000,0.0000,19,100.950,0.9900,0,0.9813,,0.850,0,4546.4
2475,5,58,fog-67,1,fog,1100.0,0.0000,0.0000,19,100.950,0.9900,0,0.9794,,0.850,0,4546.4
2476,5,58,fog-67,1,fog,1200.0,0.0000,0.0000,0,100.000,,0,0.9775,,0.850,0,4546.4
2477,5,58,fog-67,1,fog,1300.0,0.0000,0.0000,0,100.000,,0,0.9756,,0.850,0,4546.4
2478,5,58,fog-67,1,fog,1400.0,0.0000,0.0000,17,100.850,0.8741,0,0.9738,,0.850,0,4546.4
2479,5,58,fog-67,1,fog,1500.0,0.0000,0.0000,18,100.900,0.9339,0,0.9719,,0.850,0,4546.4
2480,5,58,fog-67,1,fog,1600.0,0.0000,0.0000,46,101.850,1.0000,0,0.9700,,0.850,0,4546.4
2481,5,58,fog-67,1,fog,1700.0,0.0000,0.0000,0,100.000,,0,0.9681,,0.850,0,4546.4
2482,5,58,fog-67,1,fog,1800.0,0.0000,0.0000,0,100.000,,0,0.9663,,0.850,0,4546.4
2483,5,58,fog-67,1,fog,1900.0,0.0000,0.0000,44,101.800,1.0000,0,0.9644,,0.850,0,4546.4
2484,5,58,fog-67,1,fog,2000.0,0.0000,0.0000,15,100.750,0.9439,0,0.9625,,0.850,0,4546.4
2485,5,58,fog-67,1,fog,2100.0,0.0000,0.0000,0,100.000,,0,0.9606,,0.850,0,4546.4
2486,5,58,fog-67,1,fog,2200.0,0.0000,0.0000,19,100.950,0.9900,0,0.9588,,0.850,0,4546.4
2487,5,58,fog-67,1,fog,2300.0,0.0000,0.0000,40,101.700,1.0000,0,0.9569,,0.850,0,4546.4
2488,5,58,fog-67,1,fog,2400.0,0.0000,0.0000,48,101.900,1.0000,0,0.9550,,0.850,0,4546.4
2489,5,58,fog-67,1,fog,2500.0,0.0000,0.0000,18,100.900,0.9339,0,0.9531,,0.850,0,4546.4
2490,5,58,fog-67,1,fog,2600.0,0.0000,0.0000,0,100.000,,0,0.9513,,0.850,0,4546.4
2491,5,58,fog-67,1,fog,2700.0,0.0000,0.0000,0,100.000,,0,0.9494,,0.850,0,4546.4
2492,5,58,fog-67,1,fog,2800.0,0.0000,0.0000,19,100.950,0.9900,0,0.9475,,0.850,0,4546.4
2493,5,58,fog-67,1,fog,2900.0,0.0000,0.0000,18,100.900,0.9339,0,0.9456,,0.850,0,4546.4
2494,5,58,fog-67,1,fog,3000.0,0.0000,0.0000,19,100.950,0.9900,0,0.9438,,0.850,0,4546.4
2495,5,58,fog-67,1,fog,3100.0,0.0000,0.0000,0,100.000,,0,0.9419,,0.850,0,4546.4
2496,5,58,fog-67,1,fog,3200.0,0.0000,0.0000,0,100.000,,0,0.9400,,0.850,0,4546.4
2497,5,58,fog-67,1,fog,3300.0,0.0000,0.0000,0,100.000,,0,0.9381,,0.850,0,4546.4
2498,5,58,fog-67,1,fog,3400.0,0.0000,0.0000,0,100.000,,0,0.9363,,0.850,0,4546.4
2499,5,58,fog-67,1,fog,3500.0,0.0000,0.0000,0,100.000,,0,0.9344,,0.850,0,4546.4
2500,5,58,fog-67,1,fog,3600.0,0.0000,0.0000,0,100.000,,0,0.9325,,0.850,0,4546.4
2501,5,58,fog-67,1,fog,3700.0,0.0000,0.0000,0,100.000,,0,0.9306,,0.850,0,4546.4
2502,5,58,fog-67,1,fog,3800.0,0.0000,0.0000,19,100.950,0.9900,0,0.9288,,0.850,0,4546.4
2503,5,58,fog-67,1,fog,3900.0,0.0000,0.0000,0,100.000,,0,0.9269,,0.850,0,4546.4
2504,5,58,fog-67,1,fog,4000.0,0.0000,0.0000,0,100.000,,0,0.9250,,0.850,0,4546.4
2505,5,58,fog-67,1,fog,4100.0,0.0000,0.0000,0,100.000,,0,0.9231,,0.850,0,4546.4
2506,5,58,fog-67,1,fog,4200.0,0.0000,0.0000,0,100.000,,0,0.9213,,0.850,0,4546.4
2507,5,58,fog-67,1,fog,4300.0,0.0000,0.0000,0,100.000,,0,0.9194,,0.850,0,4546.4
2508,5,58,fog-67,1,fog,4400.0,0.0000,0.0000,0,100.000,,0,0.9175,,0.850,1,4546.4
2509,5,58,fog-67,1,fog,4500.0,0.0000,0.0000,0,100.000,,0,0.9156,,0.850,1,4546.4
2510,5,59,fog-68,1,fog,0.0,0.0000,0.0000,0,100.000,,0,1.0000,,0.850,0,
2511,5,59,fog-68,1,fog,100.0,0.0000,0.0000,0,100.000,,0,0.9981,,0.850,0,
2512,5,59,fog-68,1,fog,200.0,0.0000,0.0000,0,100.000,,0,0.9963,,0.850,0,
2513,5,59,fog-68,1,fog,300.0,0.0000,0.0000,0,100.000,,0,0.9944,,0.850,0,
2514,5,59,fog-68,1,fog,400.0,0.0000,0.0000,0,100.000,,0,0.9925,,0.850,0,
2515,5,59,fog-68,1,fog,500.0,0.0000,0.0000,0,100.000,,0,0.9906,,0.850,0,
2516,5,59,fog-68,1,fog,600.0,0.0000,0.0000,0,100.000,,0,0.9888,,0.850,0,
2517,5,59,fog-68,1,fog,700.0,0.0000,0.0000,0,100.000,,0,0.9869,,0.850,0,
2518,5,59,fog-68,1,fog,800.0,0.0000,0.0000,0,100.000,,0,0.9850,,0.850,0,
2519,5,59,fog-68,1,fog,900.0,0.0000,0.0000,0,100.000,,0,0.9831,,0.850,0,
2520,5,59,fog-68,1,fog,1000.0,0.0000,0.0000,0,100.000,,0,0.9813,,0.850,0,
2521,5,59,fog-68,1,fog,1100.0,0.0000,0.0000,0,100.000,,0,0.9794,,0.850,0,
2522,5,59,fog-68,1,fog,1200.0,0.0000,0.0000,0,100.000,,0,0.9775,,0.850,0,
2523,5,59,fog-68,1,fog,1300.0,0.0000,0.0000,0,100.000,,0,0.9756,,0.850,0,
2524,5,59,fog-68,1,fog,1400.0,0.0000,0.0000,0,100.000,,0,0.9738,,0.850,0,
2525,5,59,fog-68,1,fog,1500.0,0.0000,0.0000,0,100.000,,0,0.9719,,0.850,0,
2526,5,59,fog-68,1,fog,1600.0,0.0000,0.0000,0,100.000,,0,0.9700,,0.850,0,
2527,5,59,fog-68,1,fog,1700.0,0.0000,0.0000,0,100.000,,0,0.9681,,0.850,0,
2528,5,59,fog-68,1,fog,1800.0,0.0000,0.0000,0,100.000,,0,0.9663,,0.850,0,
2529,5,59,fog-68,1,fog,1900.0,0.0000,0.0000,0,100.000,,0,0.9644,,0.850,0,
2530,5,59,fog-68,1,fog,2000.0,0.0000,0.0000,0,100.000,,0,0.9625,,0.850,0,
2531,5,59,fog-68,1,fog,2100.0,0.0000,0.0000,0,100.000,,0,0.9606,,0.850,0,
2532,5,59,fog-68,1,fog,2200.0,0.0000,0.0000,0,100.000,,0,0.9588,,0.850,0,
2533,5,59,fog-68,1,fog,2300.0,0.0000,0.0000,0,100.000,,0,0.9569,,0.850,0,
2534,5,59,fog-68,1,fog,2400.0,0.0000,0.0000,0,100.000,,0,0.9550,,0.850,0,
2535,5,59,fog-68,1,fog,2500.0,0.0000,0.0000,0,100.000,,0,0.9531,,0.850,0,
2536,5,59,fog-68,1,fog,2600.0,0.0000,0.0000,0,100.000,,0,0.9513,,0.850,0,
2537,5,59,fog-68,1,fog,2700.0,0.0000,0.0000,0,100.000,,0,0.9494,,0.850,0,
2538,5,59,fog-68,1,fog,2800.0,0.0000,0.0000,0,100.000,,0,0.9475,,0.850,0,
2539,5,59,fog-68,1,fog,2900.0,0.0000,0.0000,0,100.000,,0,0.9456,,0.850,0,
2540,5,59,fog-68,1,fog,3000.0,0.0000,0.0000,0,100.000,,0,0.9438,,0.850,0,
2541,5,59,fog-68,1,fog,3100.0,0.0000,0.0000,0,100.000,,0,0.9419,,0.850,0,
2542,5,59,fog-68,1,fog,3200.0,0.0000,0.0000,0,100.000,,0,0.9400,,0.850,0,
2543,5,59,fog-68,1,fog,3300.0,0.0000,0.0000,0,100.000,,0,0.9381,,0.850,0,
2544,5,59,fog-68,1,fog,3400.0,0.0000,0.0000,0,100.000,,0,0.9363,,0.850,0,
2545,5,59,fog-68,1,fog,3500.0,0.0000,0.0000,0,100.000,,0,0.9344,,0.850,0,
2546,5,59,fog-68,1,fog,3600.0,0.0000,0.0000,0,100.000,,0,0.9325,,0.850,0,
2547,5,59,fog-68,1,fog,3700.0,0.0000,0.0000,0,100.000,,0,0.9306,,0.850,0,
2548,5,59,fog-68,1,fog,3800.0,0.0000,0.0000,0,100.000,,0,0.9288,,0.850,0,
2549,5,59,fog-68,1,fog,3900.0,0.0000,0.0000,0,100.000,,0,0.9269,,0.850,0,
2550,5,59,fog-68,1,fog,4000.0,0.0000,0.0000,0,100.000,,0,0.9250,,0.850,0,
2551,5,59,fog-68,1,fog,4100.0,0.0000,0.0000,0,100.000,,0,0.9231,,0.850,0,
2552,5,59,fog-68,1,fog,4200.0,0.0000,0.0000,0,100.000,,0,0.9213,,0.850,0,
2553,5,59,fog-68,1,fog,4300.0,0.0000,0.0000,0,100.000,,0,0.9194,,0.850,0,
2554,5,59,fog-68,1,fog,4400.0,0.0000,0.0000,0,100.000,,0,0.9175,,0.850,0,
2555,5,59,fog-68,1,fog,4500.0,0.0000,0.0000,0,100.000,,0,0.9156,,0.850,0,
2556,5,59,fog-68,1,fog,4600.0,0.0000,0.0000,0,100.000,,0,0.9138,,0.850,0,
2557,5,59,fog-68,1,fog,4700.0,0.0000,0.0000,0,100.000,,0,0.9119,,0.850,0,
2558,5,59,fog-68,1,fog,4800.0,0.0000,0.0000,0,100.000,,0,0.9100,,0.850,0,
2559,5,59,fog-68,1,fog,4900.0,0.0000,0.0000,0,100.000,,0,0.9081,,0.850,0,
2560,5,59,fog-68,1,fog,5000.0,0.0000,0.0000,0,100.000,,0,0.9063,,0.850,0,
2561,5,60,fog-69,1,fog,0.0,0.0000,0.0000,0,100.000,,0,1.0000,,0.850,0,
2562,5,60,fog-69,1,fog,100.0,0.0000,0.0000,0,100.000,,0,0.9981,,0.850,0,
2563,5,60,fog-69,1,fog,200.0,0.0000,0.0000,0,100.000,,0,0.9963,,0.850,0,
2564,5,60,fog-69,1,fog,300.0,0.0000,0.0000,0,100.000,,0,0.9944,,0.850,0,
2565,5,60,fog-69,1,fog,400.0,0.0000,0.0000,0,100.000,,0,0.9925,,0.850,0,
2566,5,60,fog-69,1,fog,500.0,0.0000,0.0000,0,100.000,,0,0.9906,,0.850,0,
2567,5,60,fog-69,1,fog,600.0,0.0000,0.0000,0,100.000,,0,0.9888,,0.850,0,
2568,5,60,fog-69,1,fog,700.0,0.0000,0.0000,0,100.000,,0,0.9869,,0.850,0,
2569,5,60,fog-69,1,fog,800.0,0.0000,0.0000,0,100.000,,0,0.9850,,0.850,0,
2570,5,60,fog-69,1,fog,900.0,0.0000,0.0000,0,100.000,,0,0.9831,,0.850,0,
2571,5,60,fog-69,1,fog,1000.0,0.0000,0.0000,0,100.000,,0,0.9813,,0.850,0,
2572,5,60,fog-69,1,fog,1100.0,0.0000,0.0000,0,100.000,,0,0.9794,,0.850,0,
2573,5,60,fog-69,1,fog,1200.0,0.0000,0.0000,0,100.000,,0,0.9775,,0.850,0,
2574,5,60,fog-69,1,fog,1300.0,0.0000,0.0000,16,100.800,0.9267,0,0.9756,,0.850,0,
2575,5,60,fog-69,1,fog,1400.0,0.0000,0.0000,17,100.850,0.8741,0,0.9738,,0.850,0,
2576,5,60,fog-69,1,fog,1500.0,0.0000,0.0000,0,100.000,,0,0.9719,,0.850,0,
2577,5,60,fog-69,1,fog,1600.0,0.0000,0.0000,0,100.000,,0,0.9700,,0.850,0,
2578,5,60,fog-69,1,fog,1700.0,0.0000,0.0000,0,100.000,,0,0.9681,,0.850,0,
2579,5,60,fog-69,1,fog,1800.0,0.0000,0.0000,0,100.000,,0,0.9663,,0.850,0,
2580,5,60,fog-69,1,fog,1900.0,0.0000,0.0000,0,100.000,,0,0.9644,,0.850,0,
2581,5,60,fog-69,1,fog,2000.0,0.0000,0.0000,0,100.000,,0,0.9625,,0.850,0,
2582,5,60,fog-69,1,fog,2100.0,0.0000,0.0000,0,100.000,,0,0.9606,,0.850,0,
2583,5,60,fog-69,1,fog,2200.0,0.0000,0.0000,0,100.000,,0,0.9588,,0.850,0,
2584,5,60,fog-69,1,fog,2300.0,0.0000,0.0000,0,100.000,,0,0.9569,,0.850,0,
2585,5,60,fog-69,1,fog,2400.0,0.0000,0.0000,0,100.000,,0,0.9550,,0.850,0,
2586,5,60,fog-69,1,fog,2500.0,0.0000,0.0000,0,100.000,,0,0.9531,,0.850,0,
2587,5,60,fog-69,1,fog,2600.0,0.0000,0.0000,0,100.000,,0,0.9513,,0.850,0,
2588,5,60,fog-69,1,fog,2700.0,0.0000,0.0000,0,100.000,,0,0.9494,,0.850,0,
2589,5,60,fog-69,1,fog,2800.0,0.0000,0.0000,0,100.000,,0,0.9475,,0.850,0,
2590,5,60,fog-69,1,fog,2900.0,0.0000,0.0000,38,101.650,1.0000,0,0.9456,,0.850,0,
2591,5,60,fog-69,1,fog,3000.0,0.0000,0.0000,20,101.000,1.0000,0,0.9438,,0.850,0,
2592,5,60,fog-69,1,fog,3100.0,0.0000,0.0000,0,100.000,,0,0.9419,,0.850,0,
2593,5,60,fog-69,1,fog,3200.0,0.0000,0.0000,0,100.000,,0,0.9400,,0.850,0,
2594,5,60,fog-69,1,fog,3300.0,0.0000,0.0000,0,100.000,,0,0.9381,,0.850,0,
2595,5,60,fog-69,1,fog,3400.0,0.0000,0.0000,0,100.000,,0,0.9363,,0.850,0,
2596,5,60,fog-69,1,fog,3500.0,0.0000,0.0000,0,100.000,,0,0.9344,,0.850,0,
2597,5,60,fog-69,1,fog,3600.0,0.0000,0.0000,0,100.000,,0,0.9325,,0.850,0,
2598,5,60,fog-69,1,fog,3700.0,0.0000,0.0000,0,100.000,,0,0.9306,,0.850,0,
2599,5,60,fog-69,1,fog,3800.0,0.0000,0.0000,20,101.000,1.0000,0,0.9288,,0.850,0,
2600,5,60,fog-69,1,fog,3900.0,0.0000,0.0000,0,100.000,,0,0.9269,,0.850,0,
2601,5,60,fog-69,1,fog,4000.0,0.0000,0.0000,0,100.000,,0,0.9250,,0.850,0,
2602,5,60,fog-69,1,fog,4100.0,0.0000,0.0000,0,100.000,,0,0.9231,,0.850,0,
2603,5,60,fog-69,1,fog,4200.0,0.0000,0.0000,0,100.000,,0,0.9213,,0.850,0,
2604,5,60,fog-69,1,fog,4300.0,0.0000,0.0000,0,100.000,,0,0.9194,,0.850,0,
2605,5,60,fog-69,1,fog,4400.0,0.0000,0.0000,0,100.000,,0,0.9175,,0.850,0,
2606,5,60,fog-69,1,fog,4500.0,0.0000,0.0000,38,101.650,1.0000,0,0.9156,,0.850,0,
2607,5,60,fog-69,1,fog,4600.0,0.0000,0.0000,0,100.000,,0,0.9138,,0.850,0,
2608,5,60,fog-69,1,fog,4700.0,0.0000,0.0000,0,100.000,,0,0.9119,,0.850,0,
2609,5,60,fog-69,1,fog,4800.0,0.0000,0.0000,0,100.000,,0,0.9100,,0.850,0,
2610,5,60,fog-69,1,fog,4900.0,0.0000,0.0000,0,100.000,,0,0.9081,,0.850,0,
2611,5,60,fog-69,1,fog,5000.0,0.0000,0.0000,0,100.000,,0,0.9063,,0.850,0,
2612,5,61,fog-70,1,fog,0.0,0.0000,0.0000,0,100.000,,0,1.0000,,0.850,0,
2613,5,61,fog-70,1,fog,100.0,0.0000,0.0000,0,100.000,,0,0.9981,,0.850,0,
2614,5,61,fog-70,1,fog,200.0,0.0000,0.0000,0,100.000,,0,0.9963,,0.850,0,
2615,5,61,fog-70,1,fog,300.0,0.0000,0.0000,0,100.000,,0,0.9944,,0.850,0,
2616,5,61,fog-70,1,fog,400.0,0.0000,0.0000,0,100.000,,0,0.9925,,0.850,0,
2617,5,61,fog-70,1,fog,500.0,0.0000,0.0000,0,100.000,,0,0.9906,,0.850,0,
2618,5,61,fog-70,1,fog,600.0,0.0000,0.0000,0,100.000,,0,0.9888,,0.850,0,
2619,5,61,fog-70,1,fog,700.0,0.0000,0.0000,0,100.000,,0,0.9869,,0.850,0,
2620,5,61,fog-70,1,fog,800.0,0.0000,0.0000,0,100.000,,0,0.9850,,0.850,0,
2621,5,61,fog-70,1,fog,900.0,0.0000,0.0000,0,100.000,,0,0.9831,,0.850,0,
2622,5,61,fog-70,1,fog,1000.0,0.0000,0.0000,0,100.000,,0,0.9813,,0.850,0,
2623,5,61,fog-70,1,fog,1100.0,0.0000,0.0000,0,100.000,,0,0.9794,,0.850,0,
2624,5,61,fog-70,1,fog,1200.0,0.0000,0.0000,0,100.000,,0,0.9775,,0.850,0,
2625,5,61,fog-70,1,fog,1300.0,0.0000,0.0000,0,100.000,,0,0.9756,,0.850,0,
2626,5,61,fog-70,1,fog,1400.0,0.0000,0.0000,0,100.000,,0,0.9738,,0.850,0,
2627,5,61,fog-70,1,fog,1500.0,0.0000,0.0000,0,100.000,,0,0.9719,,0.850,0,
2628,5,61,fog-70,1,fog,1600.0,0.0000,0.0000,0,100.000,,0,0.9700,,0.850,0,
2629,5,61,fog-70,1,fog,1700.0,0.0000,0.0000,0,100.000,,0,0.9681,,0.850,0,
2630,5,61,fog-70,1,fog,1800.0,0.0000,0.0000,0,100.000,,0,0.9663,,0.850,0,
2631,5,61,fog-70,1,fog,1900.0,0.0000,0.0000,0,100.000,,0,0.9644,,0.850,0,
2632,5,61,fog-70,1,fog,2000.0,0.0000,0.0000,0,100.000,,0,0.9625,,0.850,0,
2633,5,61,fog-70,1,fog,2100.0,0.0000,0.0000,0,100.000,,0,0.9606,,0.850,0,
2634,5,61,fog-70,1,fog,2200.0,0.0000,0.0000,0,100.000,,0,0.9588,,0.850,0,
2635,5,61,fog-70,1,fog,2300.0,0.0000,0.0000,0,100.000,,0,0.9569,,0.850,0,
2636,5,61,fog-70,1,fog,2400.0,0.0000,0.0000,0,100.000,,0,0.9550,,0.850,0,
2637,5,61,fog-70,1,fog,2500.0,0.0000,0.0000,0,100.000,,0,0.9531,,0.850,0,
2638,5,61,fog-70,1,fog,2600.0,0.0000,0.0000,0,100.000,,0,0.9513,,0.850,0,
2639,5,61,fog-70,1,fog,2700.0,0.0000,0.0000,0,100.000,,0,0.9494,,0.850,0,
2640,5,61,fog-70,1,fog,2800.0,0.0000,0.0000,0,100.000,,0,0.9475,,0.850,0,
2641,5,61,fog-70,1,fog,2900.0,0.0000,0.0000,0,100.000,,0,0.9456,,0.850,0,
2642,5,61,fog-70,1,fog,3000.0,0.0000,0.0000,0,100.000,,0,0.9438,,0.850,0,
2643,5,61,fog-70,1,fog,3100.0,0.0000,0.0000,0,100.000,,0,0.9419,,0.850,0,
2644,5,61,fog-70,1,fog,3200.0,0.0000,0.0000,0,100.000,,0,0.9400,,0.850,0,
2645,5,61,fog-70,1,fog,3300.0,0.0000,0.0000,0,100.000,,0,0.9381,,0.850,0,
2646,5,61,fog-70,1,fog,3400.0,0.0000,0.0000,0,100.000,,0,0.9363,,0.850,0,
2647,5,61,fog-70,1,fog,3500.0,0.0000,0.0000,0,100.000,,0,0.9344,,0.850,0,
2648,5,61,fog-70,1,fog,3600.0,0.0000,0.0000,0,100.000,,0,0.9325,,0.850,0,
2649,5,61,fog-70,1,fog,3700.0,0.0000,0.0000,0,100.000,,0,0.9306,,0.850,0,
2650,5,61,fog-70,1,fog,3800.0,0.0000,0.0000,0,100.000,,0,0.9288,,0.850,0,
2651,5,61,fog-70,1,fog,3900.0,0.0000,0.0000,0,100.000,,0,0.9269,,0.850,0,
2652,5,61,fog-70,1,fog,4000.0,0.0000,0.0000,0,100.000,,0,0.9250,,0.850,0,
2653,5,61,fog-70,1,fog,4100.0,0.0000,0.0000,0,100.000,,0,0.9231,,0.850,0,
2654,5,61,fog-70,1,fog,4200.0,0.0000,0.0000,0,100.000,,0,0.9213,,0.850,0,
2655,5,61,fog-70,1,fog,4300.0,0.0000,0.0000,0,100.000,,0,0.9194,,0.850,0,
2656,5,61,fog-70,1,fog,4400.0,0.0000,0.0000,0,100.000,,0,0.9175,,0.850,0,
2657,5,61,fog-70,1,fog,4500.0,0.0000,0.0000,0,100.000,,0,0.9156,,0.850,0,
2658,5,61,fog-70,1,fog,4600.0,0.0000,0.0000,0,100.000,,0,0.9138,,0.850,0,
2659,5,61,fog-70,1,fog,4700.0,0.0000,0.0000,0,100.000,,0,0.9119,,0.850,0,
2660,5,61,fog-70,1,fog,4800.0,0.0000,0.0000,0,100.000,,0,0.9100,,0.850,0,
2661,5,61,fog-70,1,fog,4900.0,0.0000,0.0000,0,100.000,,0,0.9081,,0.850,0,
2662,5,61,fog-70,1,fog,5000.0,0.0000,0.0000,0,100.000,,0,0.9063,,0.850,0,
2663,5,62,fog-71,1,fog,0.0,0.0000,0.0000,0,100.000,,0,1.0000,,0.850,0,
2664,5,62,fog-71,1,fog,100.0,0.0000,0.0000,0,100.000,,0,0.9981,,0.850,0,
2665,5,62,fog-71,1,fog,200.0,0.0000,0.0000,0,100.000,,0,0.9963,,0.850,0,
2666,5,62,fog-71,1,fog,300.0,0.0000,0.0000,0,100.000,,0,0.9944,,0.850,0,
2667,5,62,fog-71,1,fog,400.0,0.0000,0.0000,0,100.000,,0,0.9925,,0.850,0,
2668,5,62,fog-71,1,fog,500.0,0.0000,0.0000,0,100.000,,0,0.9906,,0.850,0,
2669,5,62,fog-71,1,fog,600.0,0.0000,0.0000,0,100.000,,0,0.9888,,0.850,0,
2670,5,62,fog-71,1,fog,700.0,0.0000,0.0000,0,100.000,,0,0.9869,,0.850,0,
2671,5,62,fog-71,1,fog,800.0,0.0000,0.0000,0,100.000,,0,0.9850,,0.850,0,
2672,5,62,fog-71,1,fog,900.0,0.0000,0.0000,0,100.000,,0,0.9831,,0.850,0,
2673,5,62,fog-71,1,fog,1000.0,0.0000,0.0000,0,100.000,,0,0.9813,,0.850,0,
2674,5,62,fog-71,1,fog,1100.0,0.0000,0.0000,0,100.000,,0,0.9794,,0.850,0,
2675,5,62,fog-71,1,fog,1200.0,0.0000,0.0000,0,100.000,,0,0.9775,,0.850,0,
2676,5,62,fog-71,1,fog,1300.0,0.0000,0.0000,0,100.000,,0,0.9756,,0.850,0,
2677,5,62,fog-71,1,fog,1400.0,0.0000,0.0000,0,100.000,,0,0.9738,,0.850,0,
2678,5,62,fog-71,1,fog,1500.0,0.0000,0.0000,0,100.000,,0,0.9719,,0.850,0,
2679,5,62,fog-71,1,fog,1600.0,0.0000,0.0000,0,100.000,,0,0.9700,,0.850,0,
2680,5,62,fog-71,1,fog,1700.0,0.0000,0.0000,0,100.000,,0,0.9681,,0.850,0,
2681,5,62,fog-71,1,fog,1800.0,0.0000,0.0000,0,100.000,,0,0.9663,,0.850,0,
2682,5,62,fog-71,1,fog,1900.0,0.0000,0.0000,0,100.000,,0,0.9644,,0.850,0,
2683,5,62,fog-71,1,fog,2000.0,0.0000,0.0000,0,100.000,,0,0.9625,,0.850,0,
2684,5,62,fog-71,1,fog,2100.0,0.0000,0.0000,0,100.000,,0,0.9606,,0.850,0,
2685,5,62,fog-71,1,fog,2200.0,0.0000,0.0000,0,100.000,,0,0.9588,,0.850,0,
2686,5,62,fog-71,1,fog,2300.0,0.0000,0.0000,0,100.000,,0,0.9569,,0.850,0,
2687,5,62,fog-71,1,fog,2400.0,0.0000,0.0000,0,100.000,,0,0.9550,,0.850,0,
2688,5,62,fog-71,1,fog,2500.0,0.0000,0.0000,0,100.000,,0,0.9531,,0.850,0,
2689,5,62,fog-71,1,fog,2600.0,0.0000,0.0000,0,100.000,,0,0.9513,,0.850,0,
2690,5,62,fog-71,1,fog,2700.0,0.0000,0.0000,0,100.000,,0,0.9494,,0.850,0,
2691,5,62,fog-71,1,fog,2800.0,0.0000,0.0000,0,100.000,,0,0.9475,,0.850,0,
2692,5,62,fog-71,1,fog,2900.0,0.0000,0.0000,0,100.000,,0,0.9456,,0.850,0,
2693,5,62,fog-71,1,fog,3000.0,0.0000,0.0000,0,100.000,,0,0.9438,,0.850,0,
2694,5,62,fog-71,1,fog,3100.0,0.0000,0.0000,0,100.000,,0,0.9419,,0.850,0,
2695,5,62,fog-71,1,fog,3200.0,0.0000,0.0000,0,100.000,,0,0.9400,,0.850,0,
2696,5,62,fog-71,1,fog,3300.0,0.0000,0.0000,0,100.000,,0,0.9381,,0.850,0,
2697,5,62,fog-71,1,fog,3400.0,0.0000,0.0000,0,100.000,,0,0.9363,,0.850,0,
2698,5,62,fog-71,1,fog,3500.0,0.0000,0.0000,0,100.000,,0,0.9344,,0.850,0,
2699,5,62,fog-71,1,fog,3600.0,0.0000,0.0000,0,100.000,,0,0.9325,,0.850,0,
2700,5,62,fog-71,1,fog,3700.0,0.0000,0.0000,0,100.000,,0,0.9306,,0.850,0,
2701,5,62,fog-71,1,fog,3800.0,0.0000,0.0000,0,100.000,,0,0.9288,,0.850,0,
2702,5,62,fog-71,1,fog,3900.0,0.0000,0.0000,0,100.000,,0,0.9269,,0.850,0,
2703,5,62,fog-71,1,fog,4000.0,0.0000,0.0000,0,100.000,,0,0.9250,,0.850,0,
2704,5,62,fog-71,1,fog,4100.0,0.0000,0.0000,0,100.000,,0,0.9231,,0.850,0,
2705,5,62,fog-71,1,fog,4200.0,0.0000,0.0000,0,100.000,,0,0.9213,,0.850,0,
2706,5,62,fog-71,1,fog,4300.0,0.0000,0.0000,0,100.000,,0,0.9194,,0.850,0,
2707,5,62,fog-71,1,fog,4400.0,0.0000,0.0000,0,100.000,,0,0.9175,,0.850,0,
2708,5,62,fog-71,1,fog,4500.0,0.0000,0.0000,0,100.000,,0,0.9156,,0.850,0,
2709,5,62,fog-71,1,fog,4600.0,0.0000,0.0000,0,100.000,,0,0.9138,,0.850,0,
2710,5,62,fog-71,1,fog,4700.0,0.0000,0.0000,0,100.000,,0,0.9119,,0.850,0,
2711,5,62,fog-71,1,fog,4800.0,0.0000,0.0000,0,100.000,,0,0.9100,,0.850,0,
2712,5,62,fog-71,1,fog,4900.0,0.0000,0.0000,0,100.000,,0,0.9081,,0.850,0,
2713,5,62,fog-71,1,fog,5000.0,0.0000,0.0000,0,100.000,,0,0.9063,,0.850,0,
2714,5,63,fog-72,1,fog,0.0,0.0000,0.0000,0,100.000,,0,1.0000,,0.850,0,
2715,5,63,fog-72,1,fog,100.0,0.0000,0.0000,0,100.000,,0,0.9981,,0.850,0,
2716,5,63,fog-72,1,fog,200.0,0.0000,0.0000,0,100.000,,0,0.9963,,0.850,0,
2717,5,63,fog-72,1,fog,300.0,0.0000,0.0000,0,100.000,,0,0.9944,,0.850,0,
2718,5,63,fog-72,1,fog,400.0,0.0000,0.0000,0,100.000,,0,0.9925,,0.850,0,
2719,5,63,fog-72,1,fog,500.0,0.0000,0.0000,0,100.000,,0,0.9906,,0.850,0,
2720,5,63,fog-72,1,fog,600.0,0.0000,0.0000,0,100.000,,0,0.9888,,0.850,0,
2721,5,63,fog-72,1,fog,700.0,0.0000,0.0000,0,100.000,,0,0.9869,,0.850,0,
2722,5,63,fog-72,1,fog,800.0,0.0000,0.0000,17,100.850,0.8741,0,0.9850,,0.850,0,
2723,5,63,fog-72,1,fog,900.0,0.0000,0.0000,19,100.950,0.9900,0,0.9831,,0.850,0,
2724,5,63,fog-72,1,fog,1000.0,0.0000,0.0000,19,100.950,0.9900,0,0.9813,,0.850,0,
2725,5,63,fog-72,1,fog,1100.0,0.0000,0.0000,18,100.900,0.9339,0,0.9794,,0.850,0,
2726,5,63,fog-72,1,fog,1200.0,0.0000,0.0000,0,100.000,,0,0.9775,,0.850,0,
2727,5,63,fog-72,1,fog,1300.0,0.0000,0.0000,0,100.000,,0,0.9756,,0.850,0,
2728,5,63,fog-72,1,fog,1400.0,0.0000,0.0000,0,100.000,,0,0.9738,,0.850,0,
2729,5,63,fog-72,1,fog,1500.0,0.0000,0.0000,0,100.000,,0,0.9719,,0.850,0,
2730,5,63,fog-72,1,fog,1600.0,0.0000,0.0000,0,100.000,,0,0.9700,,0.850,0,
2731,5,63,fog-72,1,fog,1700.0,0.0000,0.0000,0,100.000,,0,0.9681,,0.850,0,
2732,5,63,fog-72,1,fog,1800.0,0.0000,0.0000,0,100.000,,0,0.9663,,0.850,0,
2733,5,63,fog-72,1,fog,1900.0,0.0000,0.0000,0,100.000,,0,0.9644,,0.850,0,
2734,5,63,fog-72,1,fog,2000.0,0.0000,0.0000,0,100.000,,0,0.9625,,0.850,0,
2735,5,63,fog-72,1,fog,2100.0,0.0000,0.0000,0,100.000,,0,0.9606,,0.850,0,
2736,5,63,fog-72,1,fog,2200.0,0.0000,0.0000,0,100.000,,0,0.9588,,0.850,0,
2737,5,63,fog-72,1,fog,2300.0,0.0000,0.0000,0,100.000,,0,0.9569,,0.850,0,
2738,5,63,fog-72,1,fog,2400.0,0.0000,0.0000,36,101.600,1.0000,0,0.9550,,0.850,0,
2739,5,63,fog-72,1,fog,2500.0,0.0000,0.0000,46,101.850,1.0000,0,0.9531,,0.850,0,
2740,5,63,fog-72,1,fog,2600.0,0.0000,0.0000,38,101.650,1.0000,0,0.9513,,0.850,0,
2741,5,63,fog-72,1,fog,2700.0,0.0000,0.0000,17,100.850,0.8741,0,0.9494,,0.850,0,
2742,5,63,fog-72,1,fog,2800.0,0.0000,0.0000,0,100.000,,0,0.9475,,0.850,0,
2743,5,63,fog-72,1,fog,2900.0,0.0000,0.0000,0,100.000,,0,0.9456,,0.850,0,
2744,5,63,fog-72,1,fog,3000.0,0.0000,0.0000,0,100.000,,0,0.9438,,0.850,0,
2745,5,63,fog-72,1,fog,3100.0,0.0000,0.0000,0,100.000,,0,0.9419,,0.850,0,
2746,5,63,fog-72,1,fog,3200.0,0.0000,0.0000,0,100.000,,0,0.9400,,0.850,0,
2747,5,63,fog-72,1,fog,3300.0,0.0000,0.0000,18,100.900,0.9339,0,0.9381,,0.850,0,
2748,5,63,fog-72,1,fog,3400.0,0.0000,0.0000,18,100.900,1.0000,0,0.9363,,0.850,0,
2749,5,63,fog-72,1,fog,3500.0,0.0000,0.0000,18,100.900,0.9339,0,0.9344,,0.850,0,
2750,5,63,fog-72,1,fog,3600.0,0.0000,0.0000,0,100.000,,0,0.9325,,0.850,0,
2751,5,63,fog-72,1,fog,3700.0,0.0000,0.0000,0,100.000,,0,0.9306,,0.850,0,
2752,5,63,fog-72,1,fog,3800.0,0.0000,0.0000,0,100.000,,0,0.9288,,0.850,0,
2753,5,63,fog-72,1,fog,3900.0,0.0000,0.0000,0,100.000,,0,0.9269,,0.850,0,
2754,5,63,fog-72,1,fog,4000.0,0.0000,0.0000,36,101.600,1.0000,0,0.9250,,0.850,0,
2755,5,63,fog-72,1,fog,4100.0,0.0000,0.0000,19,100.950,0.9900,0,0.9231,,0.850,0,
2756,5,63,fog-72,1,fog,4200.0,0.0000,0.0000,17,100.850,0.8741,0,0.9213,,0.850,0,
2757,5,63,fog-72,1,fog,4300.0,0.0000,0.0000,0,100.000,,0,0.9194,,0.850,0,
2758,5,63,fog-72,1,fog,4400.0,0.0000,0.0000,0,100.000,,0,0.9175,,0.850,0,
2759,5,63,fog-72,1,fog,4500.0,0.0000,0.0000,0,100.000,,0,0.9156,,0.850,0,
2760,5,63,fog-72,1,fog,4600.0,0.0000,0.0000,0,100.000,,0,0.9138,,0.850,0,
2761,5,63,fog-72,1,fog,4700.0,0.0000,0.0000,0,100.000,,0,0.9119,,0.850,0,
2762,5,63,fog-72,1,fog,4800.0,0.0000,0.0000,0,100.000,,0,0.9100,,0.850,0,
2763,5,63,fog-72,1,fog,4900.0,0.0000,0.0000,19,100.950,0.9900,0,0.9081,,0.850,0,
2764,5,63,fog-72,1,fog,5000.0,0.0000,0.0000,16,100.800,0.8097,0,0.9063,,0.850,0,
2765,5,64,fog-73,1,fog,0.0,0.0000,0.0000,0,100.000,,0,1.0000,,0.850,0,
2766,5,64,fog-73,1,fog,100.0,0.0000,0.0000,0,100.000,,0,0.9981,,0.850,0,
2767,5,64,fog-73,1,fog,200.0,0.0000,0.0000,0,100.000,,0,0.9963,,0.850,0,
2768,5,64,fog-73,1,fog,300.0,0.0000,0.0000,0,100.000,,0,0.9944,,0.850,0,
2769,5,64,fog-73,1,fog,400.0,0.0000,0.0000,0,100.000,,0,0.9925,,0.850,0,
2770,5,64,fog-73,1,fog,500.0,0.0000,0.0000,0,100.000,,0,0.9906,,0.850,0,
2771,5,64,fog-73,1,fog,600.0,0.0000,0.0000,0,100.000,,0,0.9888,,0.850,0,
2772,5,64,fog-73,1,fog,700.0,0.0000,0.0000,0,100.000,,0,0.9869,,0.850,0,
2773,5,64,fog-73,1,fog,800.0,0.0000,0.0000,0,100.000,,0,0.9850,,0.850,0,
2774,5,64,fog-73,1,fog,900.0,0.0000,0.0000,0,100.000,,0,0.9831,,0.850,0,
2775,5,64,fog-73,1,fog,1000.0,0.0000,0.0000,0,100.000,,0,0.9813,,0.850,0,
2776,5,64,fog-73,1,fog,1100.0,0.0000,0.0000,0,100.000,,0,0.9794,,0.850,0,
2777,5,64,fog-73,1,fog,1200.0,0.0000,0.0000,0,100.000,,0,0.9775,,0.850,0,
2778,5,64,fog-73,1,fog,1300.0,0.0000,0.0000,0,100.000,,0,0.9756,,0.850,0,
2779,5,64,fog-73,1,fog,1400.0,0.0000,0.0000,0,100.000,,0,0.9738,,0.850,0,
2780,5,64,fog-73,1,fog,1500.0,0.0000,0.0000,0,100.000,,0,0.9719,,0.850,0,
2781,5,64,fog-73,1,fog,1600.0,0.0000,0.0000,0,100.000,,0,0.9700,,0.850,0,
2782,5,64,fog-73,1,fog,1700.0,0.0000,0.0000,0,100.000,,0,0.9681,,0.850,0,
2783,5,64,fog-73,1,fog,1800.0,0.0000,0.0000,0,100.000,,0,0.9663,,0.850,0,
2784,5,64,fog-73,1,fog,1900.0,0.0000,0.0000,0,100.000,,0,0.9644,,0.850,0,
2785,5,64,fog-73,1,fog,2000.0,0.0000,0.0000,0,100.000,,0,0.9625,,0.850,0,
2786,5,64,fog-73,1,fog,2100.0,0.0000,0.0000,0,100.000,,0,0.9606,,0.850,0,
2787,5,64,fog-73,1,fog,2200.0,0.0000,0.0000,0,100.000,,0,0.9588,,0.850,0,
2788,5,64,fog-73,1,fog,2300.0,0.0000,0.0000,0,100.000,,0,0.9569,,0.850,0,
2789,5,64,fog-73,1,fog,2400.0,0.0000,0.0000,0,100.000,,0,0.9550,,0.850,0,
2790,5,64,fog-73,1,fog,2500.0,0.0000,0.0000,0,100.000,,0,0.9531,,0.850,0,
2791,5,64,fog-73,1,fog,2600.0,0.0000,0.0000,0,100.000,,0,0.9513,,0.850,0,
2792,5,64,fog-73,1,fog,2700.0,0.0000,0.0000,0,100.000,,0,0.9494,,0.850,0,
2793,5,64,fog-73,1,fog,2800.0,0.0000,0.0000,0,100.000,,0,0.9475,,0.850,0,
2794,5,64,fog-73,1,fog,2900.0,0.0000,0.0000,0,100.000,,0,0.9456,,0.850,0,
2795,5,64,fog-73,1,fog,3000.0,0.0000,0.0000,0,100.000,,0,0.9438,,0.850,0,
2796,5,64,fog-73,1,fog,3100.0,0.0000,0.0000,0,100.000,,0,0.9419,,0.850,0,
2797,5,64,fog-73,1,fog,3200.0,0.0000,0.0000,0,100.000,,0,0.9400,,0.850,0,
2798,5,64,fog-73,1,fog,3300.0,0.0000,0.0000,0,100.000,,0,0.9381,,0.850,0,
2799,5,64,fog-73,1,fog,3400.0,0.0000,0.0000,0,100.000,,0,0.9363,,0.850,0,
2800,5,64,fog-73,1,fog,3500.0,0.0000,0.0000,0,100.000,,0,0.9344,,0.850,0,
2801,5,64,fog-73,1,fog,3600.0,0.0000,0.0000,0,100.000,,0,0.9325,,0.850,0,
2802,5,64,fog-73,1,fog,3700.0,0.0000,0.0000,0,100.000,,0,0.9306,,0.850,0,
2803,5,64,fog-73,1,fog,3800.0,0.0000,0.0000,0,100.000,,0,0.9288,,0.850,0,
2804,5,64,fog-73,1,fog,3900.0,0.0000,0.0000,0,100.000,,0,0.9269,,0.850,0,
2805,5,64,fog-73,1,fog,4000.0,0.0000,0.0000,0,100.000,,0,0.9250,,0.850,0,
2806,5,64,fog-73,1,fog,4100.0,0.0000,0.0000,0,100.000,,0,0.9231,,0.850,0,
2807,5,64,fog-73,1,fog,4200.0,0.0000,0.0000,0,100.000,,0,0.9213,,0.850,0,
2808,5,64,fog-73,1,fog,4300.0,0.0000,0.0000,0,100.000,,0,0.9194,,0.850,0,
2809,5,64,fog-73,1,fog,4400.0,0.0000,0.0000,0,100.000,,0,0.9175,,0.850,0,
2810,5,64,fog-73,1,fog,4500.0,0.0000,0.0000,0,100.000,,0,0.9156,,0.850,0,
2811,5,64,fog-73,1,fog,4600.0,0.0000,0.0000,0,100.000,,0,0.9138,,0.850,0,
2812,5,64,fog-73,1,fog,4700.0,0.0000,0.0000,0,100.000,,0,0.9119,,0.850,0,
2813,5,64,fog-73,1,fog,4800.0,0.0000,0.0000,0,100.000,,0,0.9100,,0.850,0,
2814,5,64,fog-73,1,fog,4900.0,0.0000,0.0000,0,100.000,,0,0.9081,,0.850,0,
2815,5,64,fog-73,1,fog,5000.0,0.0000,0.0000,0,100.000,,0,0.9063,,0.850,0,
2816,5,65,fog-74,1,fog,0.0,0.0000,0.0000,0,100.000,,0,1.0000,,0.850,0,
2817,5,65,fog-74,1,fog,100.0,0.0000,0.0000,0,100.000,,0,0.9981,,0.850,0,
2818,5,65,fog-74,1,fog,200.0,0.0000,0.0000,0,100.000,,0,0.9963,,0.850,0,
2819,5,65,fog-74,1,fog,300.0,0.0000,0.0000,20,101.000,1.0000,0,0.9944,,0.850,0,
2820,5,65,fog-74,1,fog,400.0,0.0000,0.0000,0,100.000,,0,0.9925,,0.850,0,
2821,5,65,fog-74,1,fog,500.0,0.0000,0.0000,0,100.000,,0,0.9906,,0.850,0,
2822,5,65,fog-74,1,fog,600.0,0.0000,0.0000,0,100.000,,0,0.9888,,0.850,0,
2823,5,65,fog-74,1,fog,700.0,0.0000,0.0000,0,100.000,,0,0.9869,,0.850,0,
2824,5,65,fog-74,1,fog,800.0,0.0000,0.0000,0,100.000,,0,0.9850,,0.850,0,
2825,5,65,fog-74,1,fog,900.0,0.0000,0.0000,0,100.000,,0,0.9831,,0.850,0,
2826,5,65,fog-74,1,fog,1000.0,0.0000,0.0000,0,100.000,,0,0.9813,,0.850,0,
2827,5,65,fog-74,1,fog,1100.0,0.0000,0.0000,0,100.000,,0,0.9794,,0.850,0,
2828,5,65,fog-74,1,fog,1200.0,0.0000,0.0000,0,100.000,,0,0.9775,,0.850,0,
2829,5,65,fog-74,1,fog,1300.0,0.0000,0.0000,0,100.000,,0,0.9756,,0.850,0,
2830,5,65,fog-74,1,fog,1400.0,0.0000,0.0000,20,101.000,1.0000,0,0.9738,,0.850,0,
2831,5,65,fog-74,1,fog,1500.0,0.0000,0.0000,17,100.850,0.8741,0,0.9719,,0.850,0,
2832,5,65,fog-74,1,fog,1600.0,0.0000,0.0000,16,100.800,1.0000,0,0.9700,,0.850,0,
2833,5,65,fog-74,1,fog,1700.0,0.0000,0.0000,0,100.000,,0,0.9681,,0.850,0,
2834,5,65,fog-74,1,fog,1800.0,0.0000,0.0000,0,100.000,,0,0.9663,,0.850,0,
2835,5,65,fog-74,1,fog,1900.0,0.0000,0.0000,0,100.000,,0,0.9644,,0.850,0,
2836,5,65,fog-74,1,fog,2000.0,0.0000,0.0000,0,100.000,,0,0.9625,,0.850,0,
2837,5,65,fog-74,1,fog,2100.0,0.0000,0.0000,19,100.950,0.9900,0,0.9606,,0.850,0,
2838,5,65,fog-74,1,fog,2200.0,0.0000,0.0000,0,100.000,,0,0.9588,,0.850,0,
2839,5,65,fog-74,1,fog,2300.0,0.0000,0.0000,0,100.000,,0,0.9569,,0.850,0,
2840,5,65,fog-74,1,fog,2400.0,0.0000,0.0000,0,100.000,,0,0.9550,,0.850,0,
2841,5,65,fog-74,1,fog,2500.0,0.0000,0.0000,0,100.000,,0,0.9531,,0.850,0,
2842,5,65,fog-74,1,fog,2600.0,0.0000,0.0000,0,100.000,,0,0.9513,,0.850,0,
2843,5,65,fog-74,1,fog,2700.0,0.0000,0.0000,0,100.000,,0,0.9494,,0.850,0,
2844,5,65,fog-74,1,fog,2800.0,0.0000,0.0000,0,100.000,,0,0.9475,,0.850,0,
2845,5,65,fog-74,1,fog,2900.0,0.0000,0.0000,0,100.000,,0,0.9456,,0.850,0,
2846,5,65,fog-74,1,fog,3000.0,0.0000,0.0000,17,100.850,0.8741,0,0.9438,,0.850,0,
2847,5,65,fog-74,1,fog,3100.0,0.0000,0.0000,18,100.900,0.9339,0,0.9419,,0.850,0,
2848,5,65,fog-74,1,fog,3200.0,0.0000,0.0000,16,100.800,0.8097,0,0.9400,,0.850,0,
2849,5,65,fog-74,1,fog,3300.0,0.0000,0.0000,0,100.000,,0,0.9381,,0.850,0,
2850,5,65,fog-74,1,fog,3400.0,0.0000,0.0000,0,100.000,,0,0.9363,,0.850,0,
2851,5,65,fog-74,1,fog,3500.0,0.0000,0.0000,0,100.000,,0,0.9344,,0.850,0,
2852,5,65,fog-74,1,fog,3600.0,0.0000,0.0000,0,100.000,,0,0.9325,,0.850,0,
2853,5,65,fog-74,1,fog,3700.0,0.0000,0.0000,18,100.900,0.9339,0,0.9306,,0.850,0,
2854,5,65,fog-74,1,fog,3800.0,0.0000,0.0000,0,100.000,,0,0.9288,,0.850,0,
2855,5,65,fog-74,1,fog,3900.0,0.0000,0.0000,0,100.000,,0,0.9269,,0.850,0,
2856,5,65,fog-74,1,fog,4000.0,0.0000,0.0000,0,100.000,,0,0.9250,,0.850,0,
2857,5,65,fog-74,1,fog,4100.0,0.0000,0.0000,0,100.000,,0,0.9231,,0.850,0,
2858,5,65,fog-74,1,fog,4200.0,0.0000,0.0000,0,100.000,,0,0.9213,,0.850,0,
2859,5,65,fog-74,1,fog,4300.0,0.0000,0.0000,0,100.000,,0,0.9194,,0.850,0,
2860,5,65,fog-74,1,fog,4400.0,0.0000,0.0000,0,100.000,,0,0.9175,,0.850,0,
2861,5,65,fog-74,1,fog,4500.0,0.0000,0.0000,0,100.000,,0,0.9156,,0.850,0,
2862,5,65,fog-74,1,fog,4600.0,0.0000,0.0000,19,100.950,0.9900,0,0.9138,,0.850,0,
2863,5,65,fog-74,1,fog,4700.0,0.0000,0.0000,20,101.000,1.0000,0,0.9119,,0.850,0,
2864,5,65,fog-74,1,fog,4800.0,0.0000,0.0000,18,100.900,0.9339,0,0.9100,,0.850,0,
2865,5,65,fog-74,1,fog,4900.0,0.0000,0.0000,0,100.000,,0,0.9081,,0.850,0,
2866,5,65,fog-74,1,fog,5000.0,0.0000,0.0000,0,100.000,,0,0.9063,,0.850,0,
2867,5,66,fog-75,1,fog,0.0,0.0000,0.0000,0,100.000,,0,1.0000,,0.850,0,
2868,5,66,fog-75,1,fog,100.0,0.0000,0.0000,0,100.000,,0,0.9981,,0.850,0,
2869,5,66,fog-75,1,fog,200.0,0.0000,0.0000,0,100.000,,0,0.9963,,0.850,0,
2870,5,66,fog-75,1,fog,300.0,0.0000,0.0000,0,100.000,,0,0.9944,,0.850,0,
2871,5,66,fog-75,1,fog,400.0,0.0000,0.0000,0,100.000,,0,0.9925,,0.850,0,
2872,5,66,fog-75,1,fog,500.0,0.0000,0.0000,18,100.900,0.9339,0,0.9906,,0.850,0,
2873,5,66,fog-75,1,fog,600.0,0.0000,0.0000,0,100.000,,0,0.9888,,0.850,0,
2874,5,66,fog-75,1,fog,700.0,0.0000,0.0000,0,100.000,,0,0.9869,,0.850,0,
2875,5,66,fog-75,1,fog,800.0,0.0000,0.0000,0,100.000,,0,0.9850,,0.850,0,
2876,5,66,fog-75,1,fog,900.0,0.0000,0.0000,0,100.000,,0,0.9831,,0.850,0,
2877,5,66,fog-75,1,fog,1000.0,0.0000,0.0000,0,100.000,,0,0.9813,,0.850,0,
2878,5,66,fog-75,1,fog,1100.0,0.0000,0.0000,0,100.000,,0,0.9794,,0.850,0,
2879,5,66,fog-75,1,fog,1200.0,0.0000,0.0000,0,100.000,,0,0.9775,,0.850,0,
2880,5,66,fog-75,1,fog,1300.0,0.0000,0.0000,0,100.000,,0,0.9756,,0.850,0,
2881,5,66,fog-75,1,fog,1400.0,0.0000,0.0000,0,100.000,,0,0.9738,,0.850,0,
2882,5,66,fog-75,1,fog,1500.0,0.0000,0.0000,0,100.000,,0,0.9719,,0.850,0,
2883,5,66,fog-75,1,fog,1600.0,0.0000,0.0000,16,100.800,0.9266,0,0.9700,,0.850,0,
2884,5,66,fog-75,1,fog,1700.0,0.0000,0.0000,0,100.000,,0,0.9681,,0.850,0,
2885,5,66,fog-75,1,fog,1800.0,0.0000,0.0000,0,100.000,,0,0.9663,,0.850,0,
2886,5,66,fog-75,1,fog,1900.0,0.0000,0.0000,0,100.000,,0,0.9644,,0.850,0,
2887,5,66,fog-75,1,fog,2000.0,0.0000,0.0000,0,100.000,,0,0.9625,,0.850,0,
2888,5,66,fog-75,1,fog,2100.0,0.0000,0.0000,0,100.000,,0,0.9606,,0.850,0,
2889,5,66,fog-75,1,fog,2200.0,0.0000,0.0000,0,100.000,,0,0.9588,,0.850,0,
2890,5,66,fog-75,1,fog,2300.0,0.0000,0.0000,17,100.850,0.8741,0,0.9569,,0.850,0,
2891,5,66,fog-75,1,fog,2400.0,0.0000,0.0000,0,100.000,,0,0.9550,,0.850,0,
2892,5,66,fog-75,1,fog,2500.0,0.0000,0.0000,0,100.000,,0,0.9531,,0.850,0,
2893,5,66,fog-75,1,fog,2600.0,0.0000,0.0000,0,100.000,,0,0.9513,,0.850,0,
2894,5,66,fog-75,1,fog,2700.0,0.0000,0.0000,0,100.000,,0,0.9494,,0.850,0,
2895,5,66,fog-75,1,fog,2800.0,0.0000,0.0000,0,100.000,,0,0.9475,,0.850,0,
2896,5,66,fog-75,1,fog,2900.0,0.0000,0.0000,0,100.000,,0,0.9456,,0.850,0,
2897,5,66,fog-75,1,fog,3000.0,0.0000,0.0000,0,100.000,,0,0.9438,,0.850,0,
2898,5,66,fog-75,1,fog,3100.0,0.0000,0.0000,15,100.750,0.8585,0,0.9419,,0.850,0,
2899,5,66,fog-75,1,fog,3200.0,0.0000,0.0000,20,101.000,1.0000,0,0.9400,,0.850,0,
2900,5,66,fog-75,1,fog,3300.0,0.0000,0.0000,0,100.000,,0,0.9381,,0.850,0,
2901,5,66,fog-75,1,fog,3400.0,0.0000,0.0000,0,100.000,,0,0.9363,,0.850,0,
2902,5,66,fog-75,1,fog,3500.0,0.0000,0.0000,0,100.000,,0,0.9344,,0.850,0,
2903,5,66,fog-75,1,fog,3600.0,0.0000,0.0000,0,100.000,,0,0.9325,,0.850,0,
2904,5,66,fog-75,1,fog,3700.0,0.0000,0.0000,0,100.000,,0,0.9306,,0.850,0,
2905,5,66,fog-75,1,fog,3800.0,0.0000,0.0000,0,100.000,,0,0.9288,,0.850,0,
2906,5,66,fog-75,1,fog,3900.0,0.0000,0.0000,19,100.950,0.9900,0,0.9269,,0.850,0,
2907,5,66,fog-75,1,fog,4000.0,0.0000,0.0000,17,100.850,0.8741,0,0.9250,,0.850,0,
2908,5,66,fog-75,1,fog,4100.0,0.0000,0.0000,0,100.000,,0,0.9231,,0.850,0,
2909,5,66,fog-75,1,fog,4200.0,0.0000,0.0000,0,100.000,,0,0.9213,,0.850,0,
2910,5,66,fog-75,1,fog,4300.0,0.0000,0.0000,0,100.000,,0,0.9194,,0.850,0,
2911,5,66,fog-75,1,fog,4400.0,0.0000,0.0000,0,100.000,,0,0.9175,,0.850,0,
2912,5,66,fog-75,1,fog,4500.0,0.0000,0.0000,0,100.000,,0,0.9156,,0.850,0,
2913,5,66,fog-75,1,fog,4600.0,0.0000,0.0000,0,100.000,,0,0.9138,,0.850,0,
2914,5,66,fog-75,1,fog,4700.0,0.0000,0.0000,17,100.850,0.9900,0,0.9119,,0.850,0,
2915,5,66,fog-75,1,fog,4800.0,0.0000,0.0000,0,100.000,,0,0.9100,,0.850,0,
2916,5,66,fog-75,1,fog,4900.0,0.0000,0.0000,0,100.000,,0,0.9081,,0.850,0,
2917,5,66,fog-75,1,fog,5000.0,0.0000,0.0000,0,100.000,,0,0.9063,,0.850,0,
2918,5,67,fog-76,1,fog,0.0,0.0000,0.0000,0,100.000,,0,1.0000,,0.850,0,
2919,5,67,fog-76,1,fog,100.0,0.0000,0.0000,0,100.000,,0,0.9981,,0.850,0,
2920,5,67,fog-76,1,fog,200.0,0.0000,0.0000,0,100.000,,0,0.9963,,0.850,0,
2921,5,67,fog-76,1,fog,300.0,0.0000,0.0000,0,100.000,,0,0.9944,,0.850,0,
2922,5,67,fog-76,1,fog,400.0,0.0000,0.0000,0,100.000,,0,0.9925,,0.850,0,
2923,5,67,fog-76,1,fog,500.0,0.0000,0.0000,0,100.000,,0,0.9906,,0.850,0,
2924,5,67,fog-76,1,fog,600.0,0.0000,0.0000,0,100.000,,0,0.9888,,0.850,0,
2925,5,67,fog-76,1,fog,700.0,0.0000,0.0000,0,100.000,,0,0.9869,,0.850,0,
2926,5,67,fog-76,1,fog,800.0,0.0000,0.0000,0,100.000,,0,0.9850,,0.850,0,
2927,5,67,fog-76,1,fog,900.0,0.0000,0.0000,0,100.000,,0,0.9831,,0.850,0,
2928,5,67,fog-76,1,fog,1000.0,0.0000,0.0000,0,100.000,,0,0.9813,,0.850,0,
2929,5,67,fog-76,1,fog,1100.0,0.0000,0.0000,0,100.000,,0,0.9794,,0.850,0,
2930,5,67,fog-76,1,fog,1200.0,0.0000,0.0000,0,100.000,,0,0.9775,,0.850,0,
2931,5,67,fog-76,1,fog,1300.0,0.0000,0.0000,0,100.000,,0,0.9756,,0.850,0,
2932,5,67,fog-76,1,fog,1400.0,0.0000,0.0000,0,100.000,,0,0.9738,,0.850,0,
2933,5,67,fog-76,1,fog,1500.0,0.0000,0.0000,0,100.000,,0,0.9719,,0.850,0,
2934,5,67,fog-76,1,fog,1600.0,0.0000,0.0000,0,100.000,,0,0.9700,,0.850,0,
2935,5,67,fog-76,1,fog,1700.0,0.0000,0.0000,0,100.000,,0,0.9681,,0.850,0,
2936,5,67,fog-76,1,fog,1800.0,0.0000,0.0000,0,100.000,,0,0.9663,,0.850,0,
2937,5,67,fog-76,1,fog,1900.0,0.0000,0.0000,0,100.000,,0,0.9644,,0.850,0,
2938,5,67,fog-76,1,fog,2000.0,0.0000,0.0000,0,100.000,,0,0.9625,,0.850,0,
2939,5,67,fog-76,1,fog,2100.0,0.0000,0.0000,0,100.000,,0,0.9606,,0.850,0,
2940,5,67,fog-76,1,fog,2200.0,0.0000,0.0000,0,100.000,,0,0.9588,,0.850,0,
2941,5,67,fog-76,1,fog,2300.0,0.0000,0.0000,0,100.000,,0,0.9569,,0.850,0,
2942,5,67,fog-76,1,fog,2400.0,0.0000,0.0000,0,100.000,,0,0.9550,,0.850,0,
2943,5,67,fog-76,1,fog,2500.0,0.0000,0.0000,0,100.000,,0,0.9531,,0.850,0,
2944,5,67,fog-76,1,fog,2600.0,0.0000,0.0000,0,100.000,,0,0.9513,,0.850,0,
2945,5,67,fog-76,1,fog,2700.0,0.0000,0.0000,0,100.000,,0,0.9494,,0.850,0,
2946,5,67,fog-76,1,fog,2800.0,0.0000,0.0000,0,100.000,,0,0.9475,,0.850,0,
2947,5,67,fog-76,1,fog,2900.0,0.0000,0.0000,0,100.000,,0,0.9456,,0.850,0,
2948,5,67,fog-76,1,fog,3000.0,0.0000,0.0000,0,100.000,,0,0.9438,,0.850,0,
2949,5,67,fog-76,1,fog,3100.0,0.0000,0.0000,0,100.000,,0,0.9419,,0.850,0,
2950,5,67,fog-76,1,fog,3200.0,0.0000,0.0000,0,100.000,,0,0.9400,,0.850,0,
2951,5,67,fog-76,1,fog,3300.0,0.0000,0.0000,0,100.000,,0,0.9381,,0.850,0,
2952,5,67,fog-76,1,fog,3400.0,0.0000,0.0000,0,100.000,,0,0.9363,,0.850,0,
2953,5,67,fog-76,1,fog,3500.0,0.0000,0.0000,0,100.000,,0,0.9344,,0.850,0,
2954,5,67,fog-76,1,fog,3600.0,0.0000,0.0000,0,100.000,,0,0.9325,,0.850,0,
2955,5,67,fog-76,1,fog,3700.0,0.0000,0.0000,0,100.000,,0,0.9306,,0.850,0,
2956,5,67,fog-76,1,fog,3800.0,0.0000,0.0000,0,100.000,,0,0.9288,,0.850,0,
2957,5,67,fog-76,1,fog,3900.0,0.0000,0.0000,0,100.000,,0,0.9269,,0.850,0,
2958,5,67,fog-76,1,fog,4000.0,0.0000,0.0000,0,100.000,,0,0.9250,,0.850,0,
2959,5,67,fog-76,1,fog,4100.0,0.0000,0.0000,0,100.000,,0,0.9231,,0.850,0,
2960,5,67,fog-76,1,fog,4200.0,0.0000,0.0000,0,100.000,,0,0.9213,,0.850,0,
2961,5,67,fog-76,1,fog,4300.0,0.0000,0.0000,0,100.000,,0,0.9194,,0.850,0,
2962,5,67,fog-76,1,fog,4400.0,0.0000,0.0000,0,100.000,,0,0.9175,,0.850,0,
2963,5,67,fog-76,1,fog,4500.0,0.0000,0.0000,0,100.000,,0,0.9156,,0.850,0,
2964,5,67,fog-76,1,fog,4600.0,0.0000,0.0000,0,100.000,,0,0.9138,,0.850,0,
2965,5,67,fog-76,1,fog,4700.0,0.0000,0.0000,0,100.000,,0,0.9119,,0.850,0,
2966,5,67,fog-76,1,fog,4800.0,0.0000,0.0000,0,100.000,,0,0.9100,,0.850,0,
2967,5,67,fog-76,1,fog,4900.0,0.0000,0.0000,0,100.000,,0,0.9081,,0.850,0,
2968,5,67,fog-76,1,fog,5000.0,0.0000,0.0000,0,100.000,,0,0.9063,,0.850,0,
2969,5,68,fog-77,1,fog,0.0,0.0000,0.0000,0,100.000,,0,1.0000,,0.850,0,
2970,5,68,fog-77,1,fog,100.0,0.0000,0.0000,0,100.000,,0,0.9981,,0.850,0,
2971,5,68,fog-77,1,fog,200.0,0.0000,0.0000,0,100.000,,0,0.9963,,0.850,0,
2972,5,68,fog-77,1,fog,300.0,0.0000,0.0000,0,100.000,,0,0.9944,,0.850,0,
2973,5,68,fog-77,1,fog,400.0,0.0000,0.0000,0,100.000,,0,0.9925,,0.850,0,
2974,5,68,fog-77,1,fog,500.0,0.0000,0.0000,0,100.000,,0,0.9906,,0.850,0,
2975,5,68,fog-77,1,fog,600.0,0.0000,0.0000,0,100.000,,0,0.9888,,0.850,0,
2976,5,68,fog-77,1,fog,700.0,0.0000,0.0000,0,100.000,,0,0.9869,,0.850,0,
2977,5,68,fog-77,1,fog,800.0,0.0000,0.0000,0,100.000,,0,0.9850,,0.850,0,
2978,5,68,fog-77,1,fog,900.0,0.0000,0.0000,0,100.000,,0,0.9831,,0.850,0,
2979,5,68,fog-77,1,fog,1000.0,0.0000,0.0000,0,100.000,,0,0.9813,,0.850,0,
2980,5,68,fog-77,1,fog,1100.0,0.0000,0.0000,0,100.000,,0,0.9794,,0.850,0,
2981,5,68,fog-77,1,fog,1200.0,0.0000,0.0000,0,100.000,,0,0.9775,,0.850,0,
2982,5,68,fog-77,1,fog,1300.0,0.0000,0.0000,0,100.000,,0,0.9756,,0.850,0,
2983,5,68,fog-77,1,fog,1400.0,0.0000,0.0000,0,100.000,,0,0.9738,,0.850,0,
2984,5,68,fog-77,1,fog,1500.0,0.0000,0.0000,0,100.000,,0,0.9719,,0.850,0,
2985,5,68,fog-77,1,fog,1600.0,0.0000,0.0000,0,100.000,,0,0.9700,,0.850,0,
2986,5,68,fog-77,1,fog,1700.0,0.0000,0.0000,0,100.000,,0,0.9681,,0.850,0,
2987,5,68,fog-77,1,fog,1800.0,0.0000,0.0000,0,100.000,,0,0.9663,,0.850,0,
2988,5,68,fog-77,1,fog,1900.0,0.0000,0.0000,0,100.000,,0,0.9644,,0.850,0,
2989,5,68,fog-77,1,fog,2000.0,0.0000,0.0000,0,100.000,,0,0.9625,,0.850,0,
2990,5,68,fog-77,1,fog,2100.0,0.0000,0.0000,0,100.000,,0,0.9606,,0.850,0,
2991,5,68,fog-77,1,fog,2200.0,0.0000,0.0000,0,100.000,,0,0.9588,,0.850,0,
2992,5,68,fog-77,1,fog,2300.0,0.0000,0.0000,0,100.000,,0,0.9569,,0.850,0,
2993,5,68,fog-77,1,fog,2400.0,0.0000,0.0000,0,100.000,,0,0.9550,,0.850,0,
2994,5,68,fog-77,1,fog,2500.0,0.0000,0.0000,0,100.000,,0,0.9531,,0.850,0,
2995,5,68,fog-77,1,fog,2600.0,0.0000,0.0000,0,100.000,,0,0.9513,,0.850,0,
2996,5,68,fog-77,1,fog,2700.0,0.0000,0.0000,0,100.000,,0,0.9494,,0.850,0,
2997,5,68,fog-77,1,fog,2800.0,0.0000,0.0000,0,100.000,,0,0.9475,,0.850,0,
2998,5,68,fog-77,1,fog,2900.0,0.0000,0.0000,0,100.000,,0,0.9456,,0.850,0,
2999,5,68,fog-77,1,fog,3000.0,0.0000,0.0000,0,100.000,,0,0.9438,,0.850,0,
3000,5,68,fog-77,1,fog,3100.0,0.0000,0.0000,0,100.000,,0,0.9419,,0.850,0,
3001,5,68,fog-77,1,fog,3200.0,0.0000,0.0000,0,100.000,,0,0.9400,,0.850,0,
3002,5,68,fog-77,1,fog,3300.0,0.0000,0.0000,0,100.000,,0,0.9381,,0.850,0,
3003,5,68,fog-77,1,fog,3400.0,0.0000,0.0000,0,100.000,,0,0.9363,,0.850,0,
3004,5,68,fog-77,1,fog,3500.0,0.0000,0.0000,0,100.000,,0,0.9344,,0.850,0,
3005,5,68,fog-77,1,fog,3600.0,0.0000,0.0000,0,100.000,,0,0.9325,,0.850,0,
3006,5,68,fog-77,1,fog,3700.0,0.0000,0.0000,0,100.000,,0,0.9306,,0.850,0,
3007,5,68,fog-77,1,fog,3800.0,0.0000,0.0000,0,100.000,,0,0.9288,,0.850,0,
3008,5,68,fog-77,1,fog,3900.0,0.0000,0.0000,0,100.000,,0,0.9269,,0.850,0,
3009,5,68,fog-77,1,fog,4000.0,0.0000,0.0000,0,100.000,,0,0.9250,,0.850,0,
3010,5,68,fog-77,1,fog,4100.0,0.0000,0.0000,0,100.000,,0,0.9231,,0.850,0,
3011,5,68,fog-77,1,fog,4200.0,0.0000,0.0000,0,100.000,,0,0.9213,,0.850,0,
3012,5,68,fog-77,1,fog,4300.0,0.0000,0.0000,0,100.000,,0,0.9194,,0.850,0,
3013,5,68,fog-77,1,fog,4400.0,0.0000,0.0000,0,100.000,,0,0.9175,,0.850,0,
3014,5,68,fog-77,1,fog,4500.0,0.0000,0.0000,0,100.000,,0,0.9156,,0.850,0,
3015,5,68,fog-77,1,fog,4600.0,0.0000,0.0000,0,100.000,,0,0.9138,,0.850,0,
3016,5,68,fog-77,1,fog,4700.0,0.0000,0.0000,0,100.000,,0,0.9119,,0.850,0,
3017,5,68,fog-77,1,fog,4800.0,0.0000,0.0000,0,100.000,,0,0.9100,,0.850,0,
3018,5,68,fog-77,1,fog,4900.0,0.0000,0.0000,0,100.000,,0,0.9081,,0.850,0,
3019,5,68,fog-77,1,fog,5000.0,0.0000,0.0000,0,100.000,,0,0.9063,,0.850,0,
3020,5,69,fog-78,1,fog,0.0,0.0000,0.0000,0,100.000,,0,1.0000,,0.850,0,
3021,5,69,fog-78,1,fog,100.0,0.0000,0.0000,0,100.000,,0,0.9981,,0.850,0,
3022,5,69,fog-78,1,fog,200.0,0.0000,0.0000,0,100.000,,0,0.9963,,0.850,0,
3023,5,69,fog-78,1,fog,300.0,0.0000,0.0000,0,100.000,,0,0.9944,,0.850,0,
3024,5,69,fog-78,1,fog,400.0,0.0000,0.0000,0,100.000,,0,0.9925,,0.850,0,
3025,5,69,fog-78,1,fog,500.0,0.0000,0.0000,0,100.000,,0,0.9906,,0.850,0,
3026,5,69,fog-78,1,fog,600.0,0.0000,0.0000,0,100.000,,0,0.9888,,0.850,0,
3027,5,69,fog-78,1,fog,700.0,0.0000,0.0000,0,100.000,,0,0.9869,,0.850,0,
3028,5,69,fog-78,1,fog,800.0,0.0000,0.0000,0,100.000,,0,0.9850,,0.850,0,
3029,5,69,fog-78,1,fog,900.0,0.0000,0.0000,0,100.000,,0,0.9831,,0.850,0,
3030,5,69,fog-78,1,fog,1000.0,0.0000,0.0000,0,100.000,,0,0.9813,,0.850,0,
3031,5,69,fog-78,1,fog,1100.0,0.0000,0.0000,0,100.000,,0,0.9794,,0.850,0,
3032,5,69,fog-78,1,fog,1200.0,0.0000,0.0000,0,100.000,,0,0.9775,,0.850,0,
3033,5,69,fog-78,1,fog,1300.0,0.0000,0.0000,0,100.000,,0,0.9756,,0.850,0,
3034,5,69,fog-78,1,fog,1400.0,0.0000,0.0000,0,100.000,,0,0.9738,,0.850,0,
3035,5,69,fog-78,1,fog,1500.0,0.0000,0.0000,0,100.000,,0,0.9719,,0.850,0,
3036,5,69,fog-78,1,fog,1600.0,0.0000,0.0000,0,100.000,,0,0.9700,,0.850,0,
3037,5,69,fog-78,1,fog,1700.0,0.0000,0.0000,0,100.000,,0,0.9681,,0.850,0,
3038,5,69,fog-78,1,fog,1800.0,0.0000,0.0000,0,100.000,,0,0.9663,,0.850,0,
3039,5,69,fog-78,1,fog,1900.0,0.0000,0.0000,0,100.000,,0,0.9644,,0.850,0,
3040,5,69,fog-78,1,fog,2000.0,0.0000,0.0000,0,100.000,,0,0.9625,,0.850,0,
3041,5,69,fog-78,1,fog,2100.0,0.0000,0.0000,0,100.000,,0,0.9606,,0.850,0,
3042,5,69,fog-78,1,fog,2200.0,0.0000,0.0000,0,100.000,,0,0.9588,,0.850,0,
3043,5,69,fog-78,1,fog,2300.0,0.0000,0.0000,0,100.000,,0,0.9569,,0.850,0,
3044,5,69,fog-78,1,fog,2400.0,0.0000,0.0000,0,100.000,,0,0.9550,,0.850,0,
3045,5,69,fog-78,1,fog,2500.0,0.0000,0.0000,0,100.000,,0,0.9531,,0.850,0,
3046,5,69,fog-78,1,fog,2600.0,0.0000,0.0000,0,100.000,,0,0.9513,,0.850,0,
3047,5,69,fog-78,1,fog,2700.0,0.0000,0.0000,0,100.000,,0,0.9494,,0.850,0,
3048,5,69,fog-78,1,fog,2800.0,0.0000,0.0000,0,100.000,,0,0.9475,,0.850,0,
3049,5,69,fog-78,1,fog,2900.0,0.0000,0.0000,0,100.000,,0,0.9456,,0.850,0,
3050,5,69,fog-78,1,fog,3000.0,0.0000,0.0000,0,100.000,,0,0.9438,,0.850,0,
3051,5,69,fog-78,1,fog,3100.0,0.0000,0.0000,0,100.000,,0,0.9419,,0.850,0,
3052,5,69,fog-78,1,fog,3200.0,0.0000,0.0000,0,100.000,,0,0.9400,,0.850,0,
3053,5,69,fog-78,1,fog,3300.0,0.0000,0.0000,0,100.000,,0,0.9381,,0.850,0,
3054,5,69,fog-78,1,fog,3400.0,0.0000,0.0000,0,100.000,,0,0.9363,,0.850,0,
3055,5,69,fog-78,1,fog,3500.0,0.0000,0.0000,0,100.000,,0,0.9344,,0.850,0,
3056,5,69,fog-78,1,fog,3600.0,0.0000,0.0000,0,100.000,,0,0.9325,,0.850,0,
3057,5,69,fog-78,1,fog,3700.0,0.0000,0.0000,0,100.000,,0,0.9306,,0.850,0,
3058,5,69,fog-78,1,fog,3800.0,0.0000,0.0000,0,100.000,,0,0.9288,,0.850,0,
3059,5,69,fog-78,1,fog,3900.0,0.0000,0.0000,0,100.000,,0,0.9269,,0.850,0,
3060,5,69,fog-78,1,fog,4000.0,0.0000,0.0000,0,100.000,,0,0.9250,,0.850,0,
3061,5,69,fog-78,1,fog,4100.0,0.0000,0.0000,0,100.000,,0,0.9231,,0.850,0,
3062,5,69,fog-78,1,fog,4200.0,0.0000,0.0000,0,100.000,,0,0.9213,,0.850,0,
3063,5,69,fog-78,1,fog,4300.0,0.0000,0.0000,0,100.000,,0,0.9194,,0.850,0,
3064,5,69,fog-78,1,fog,4400.0,0.0000,0.0000,0,100.000,,0,0.9175,,0.850,0,
3065,5,69,fog-78,1,fog,4500.0,0.0000,0.0000,0,100.000,,0,0.9156,,0.850,0,
3066,5,69,fog-78,1,fog,4600.0,0.0000,0.0000,0,100.000,,0,0.9138,,0.850,0,
3067,5,69,fog-78,1,fog,4700.0,0.0000,0.0000,0,100.000,,0,0.9119,,0.850,0,
3068,5,69,fog-78,1,fog,4800.0,0.0000,0.0000,0,100.000,,0,0.9100,,0.850,0,
3069,5,69,fog-78,1,fog,4900.0,0.0000,0.0000,0,100.000,,0,0.9081,,0.850,0,
3070,5,69,fog-78,1,fog,5000.0,0.0000,0.0000,0,100.000,,0,0.9063,,0.850,0,
3071,5,70,fog-79,1,fog,0.0,0.0000,0.0000,0,100.000,,0,1.0000,,0.850,0,2031.8
3072,5,70,fog-79,1,fog,100.0,0.0000,0.0000,0,100.000,,0,0.9981,,0.850,0,2031.8
3073,5,70,fog-79,1,fog,200.0,0.0000,0.0000,0,100.000,,0,0.9963,,0.850,0,2031.8
3074,5,70,fog-79,1,fog,300.0,0.0000,0.0000,0,100.000,,0,0.9944,,0.850,0,2031.8
3075,5,70,fog-79,1,fog,400.0,0.0000,0.0000,0,100.000,,0,0.9925,,0.850,0,2031.8
3076,5,70,fog-79,1,fog,500.0,0.0000,0.0000,0,100.000,,0,0.9906,,0.850,0,2031.8
3077,5,70,fog-79,1,fog,600.0,0.0000,0.0000,0,100.000,,0,0.9888,,0.850,0,2031.8
3078,5,70,fog-79,1,fog,700.0,0.0000,0.0000,0,100.000,,0,0.9869,,0.850,0,2031.8
3079,5,70,fog-79,1,fog,800.0,0.0000,0.0000,0,100.000,,0,0.9850,,0.850,0,2031.8
3080,5,70,fog-79,1,fog,900.0,0.0000,0.0000,0,100.000,,0,0.9831,,0.850,0,2031.8
3081,5,70,fog-79,1,fog,1000.0,0.0000,0.0000,0,100.000,,0,0.9813,,0.850,0,2031.8
3082,5,70,fog-79,1,fog,1100.0,0.0000,0.0000,0,100.000,,0,0.9794,,0.850,0,2031.8
3083,5,70,fog-79,1,fog,1200.0,0.0000,0.0000,0,100.000,,0,0.9775,,0.850,0,2031.8
3084,5,70,fog-79,1,fog,1300.0,0.0000,0.0000,0,100.000,,0,0.9756,,0.850,0,2031.8
3085,5,70,fog-79,1,fog,1400.0,0.0000,0.0000,0,100.000,,0,0.9738,,0.850,0,2031.8
3086,5,70,fog-79,1,fog,1500.0,0.0000,0.0000,0,100.000,,0,0.9719,,0.850,0,2031.8
3087,5,70,fog-79,1,fog,1600.0,0.0000,0.0000,0,100.000,,0,0.9700,,0.850,0,2031.8
3088,5,70,fog-79,1,fog,1700.0,0.0000,0.0000,0,100.000,,0,0.9681,,0.850,0,2031.8
3089,5,70,fog-79,1,fog,1800.0,0.0000,0.0000,0,100.000,,0,0.9663,,0.850,0,2031.8
3090,5,70,fog-79,1,fog,1900.0,0.0000,0.0000,0,100.000,,0,0.9644,,0.850,1,2031.8
3091,5,70,fog-79,1,fog,2000.0,0.0000,0.0000,0,100.000,,0,0.9625,,0.850,1,2031.8
3092,5,71,fog-80,1,fog,0.0,0.0000,0.0000,0,100.000,,0,1.0000,,0.850,0,
3093,5,71,fog-80,1,fog,100.0,0.0000,0.0000,0,100.000,,0,0.9981,,0.850,0,
3094,5,71,fog-80,1,fog,200.0,0.0000,0.0000,0,100.000,,0,0.9963,,0.850,0,
3095,5,71,fog-80,1,fog,300.0,0.0000,0.0000,0,100.000,,0,0.9944,,0.850,0,
3096,5,71,fog-80,1,fog,400.0,0.0000,0.0000,0,100.000,,0,0.9925,,0.850,0,
3097,5,71,fog-80,1,fog,500.0,0.0000,0.0000,0,100.000,,0,0.9906,,0.850,0,
3098,5,71,fog-80,1,fog,600.0,0.0000,0.0000,0,100.000,,0,0.9888,,0.850,0,
3099,5,71,fog-80,1,fog,700.0,0.0000,0.0000,0,100.000,,0,0.9869,,0.850,0,
3100,5,71,fog-80,1,fog,800.0,0.0000,0.0000,0,100.000,,0,0.9850,,0.850,0,
3101,5,71,fog-80,1,fog,900.0,0.0000,0.0000,0,100.000,,0,0.9831,,0.850,0,
3102,5,71,fog-80,1,fog,1000.0,0.0000,0.0000,0,100.000,,0,0.9813,,0.850,0,
3103,5,71,fog-80,1,fog,1100.0,0.0000,0.0000,0,100.000,,0,0.9794,,0.850,0,
3104,5,71,fog-80,1,fog,1200.0,0.0000,0.0000,0,100.000,,0,0.9775,,0.850,0,
3105,5,71,fog-80,1,fog,1300.0,0.0000,0.0000,0,100.000,,0,0.9756,,0.850,0,
3106,5,71,fog-80,1,fog,1400.0,0.0000,0.0000,0,100.000,,0,0.9738,,0.850,0,
3107,5,71,fog-80,1,fog,1500.0,0.0000,0.0000,0,100.000,,0,0.9719,,0.850,0,
3108,5,71,fog-80,1,fog,1600.0,0.0000,0.0000,0,100.000,,0,0.9700,,0.850,0,
3109,5,71,fog-80,1,fog,1700.0,0.0000,0.0000,0,100.000,,0,0.9681,,0.850,0,
3110,5,71,fog-80,1,fog,1800.0,0.0000,0.0000,0,100.000,,0,0.9663,,0.850,0,
3111,5,71,fog-80,1,fog,1900.0,0.0000,0.0000,0,100.000,,0,0.9644,,0.850,0,
3112,5,71,fog-80,1,fog,2000.0,0.0000,0.0000,0,100.000,,0,0.9625,,0.850,0,
3113,5,71,fog-80,1,fog,2100.0,0.0000,0.0000,0,100.000,,0,0.9606,,0.850,0,
3114,5,71,fog-80,1,fog,2200.0,0.0000,0.0000,0,100.000,,0,0.9588,,0.850,0,
3115,5,71,fog-80,1,fog,2300.0,0.0000,0.0000,0,100.000,,0,0.9569,,0.850,0,
3116,5,71,fog-80,1,fog,2400.0,0.0000,0.0000,0,100.000,,0,0.9550,,0.850,0,
3117,5,71,fog-80,1,fog,2500.0,0.0000,0.0000,0,100.000,,0,0.9531,,0.850,0,
3118,5,71,fog-80,1,fog,2600.0,0.0000,0.0000,0,100.000,,0,0.9513,,0.850,0,
3119,5,71,fog-80,1,fog,2700.0,0.0000,0.0000,0,100.000,,0,0.9494,,0.850,0,
3120,5,71,fog-80,1,fog,2800.0,0.0000,0.0000,0,100.000,,0,0.9475,,0.850,0,
3121,5,71,fog-80,1,fog,2900.0,0.0000,0.0000,0,100.000,,0,0.9456,,0.850,0,
3122,5,71,fog-80,1,fog,3000.0,0.0000,0.0000,0,100.000,,0,0.9438,,0.850,0,
3123,5,71,fog-80,1,fog,3100.0,0.0000,0.0000,0,100.000,,0,0.9419,,0.850,0,
3124,5,71,fog-80,1,fog,3200.0,0.0000,0.0000,0,100.000,,0,0.9400,,0.850,0,
3125,5,71,fog-80,1,fog,3300.0,0.0000,0.0000,0,100.000,,0,0.9381,,0.850,0,
3126,5,71,fog-80,1,fog,3400.0,0.0000,0.0000,0,100.000,,0,0.9363,,0.850,0,
3127,5,71,fog-80,1,fog,3500.0,0.0000,0.0000,0,100.000,,0,0.9344,,0.850,0,
3128,5,71,fog-80,1,fog,3600.0,0.0000,0.0000,0,100.000,,0,0.9325,,0.850,0,
3129,5,71,fog-80,1,fog,3700.0,0.0000,0.0000,0,100.000,,0,0.9306,,0.850,0,
3130,5,71,fog-80,1,fog,3800.0,0.0000,0.0000,0,100.000,,0,0.9288,,0.850,0,
3131,5,71,fog-80,1,fog,3900.0,0.0000,0.0000,0,100.000,,0,0.9269,,0.850,0,
3132,5,71,fog-80,1,fog,4000.0,0.0000,0.0000,0,100.000,,0,0.9250,,0.850,0,
3133,5,71,fog-80,1,fog,4100.0,0.0000,0.0000,0,100.000,,0,0.9231,,0.850,0,
3134,5,71,fog-80,1,fog,4200.0,0.0000,0.0000,0,100.000,,0,0.9213,,0.850,0,
3135,5,71,fog-80,1,fog,4300.0,0.0000,0.0000,0,100.000,,0,0.9194,,0.850,0,
3136,5,71,fog-80,1,fog,4400.0,0.0000,0.0000,0,100.000,,0,0.9175,,0.850,0,
3137,5,71,fog-80,1,fog,4500.0,0.0000,0.0000,0,100.000,,0,0.9156,,0.850,0,
3138,5,71,fog-80,1,fog,4600.0,0.0000,0.0000,0,100.000,,0,0.9138,,0.850,0,
3139,5,71,fog-80,1,fog,4700.0,0.0000,0.0000,0,100.000,,0,0.9119,,0.850,0,
3140,5,71,fog-80,1,fog,4800.0,0.0000,0.0000,0,100.000,,0,0.9100,,0.850,0,
3141,5,71,fog-80,1,fog,4900.0,0.0000,0.0000,0,100.000,,0,0.9081,,0.850,0,
3142,5,71,fog-80,1,fog,5000.0,0.0000,0.0000,0,100.000,,0,0.9063,,0.850,0,
3143,5,72,fog-81,1,fog,0.0,0.0000,0.0000,0,100.000,,0,1.0000,,0.850,0,
3144,5,72,fog-81,1,fog,100.0,0.0000,0.0000,0,100.000,,0,0.9981,,0.850,0,
3145,5,72,fog-81,1,fog,200.0,0.0000,0.0000,0,100.000,,0,0.9963,,0.850,0,
3146,5,72,fog-81,1,fog,300.0,0.0000,0.0000,0,100.000,,0,0.9944,,0.850,0,
3147,5,72,fog-81,1,fog,400.0,0.0000,0.0000,0,100.000,,0,0.9925,,0.850,0,
3148,5,72,fog-81,1,fog,500.0,0.0000,0.0000,0,100.000,,0,0.9906,,0.850,0,
3149,5,72,fog-81,1,fog,600.0,0.0000,0.0000,0,100.000,,0,0.9888,,0.850,0,
3150,5,72,fog-81,1,fog,700.0,0.0000,0.0000,0,100.000,,0,0.9869,,0.850,0,
3151,5,72,fog-81,1,fog,800.0,0.0000,0.0000,0,100.000,,0,0.9850,,0.850,0,
3152,5,72,fog-81,1,fog,900.0,0.0000,0.0000,0,100.000,,0,0.9831,,0.850,0,
3153,5,72,fog-81,1,fog,1000.0,0.0000,0.0000,0,100.000,,0,0.9813,,0.850,0,
3154,5,72,fog-81,1,fog,1100.0,0.0000,0.0000,0,100.000,,0,0.9794,,0.850,0,
3155,5,72,fog-81,1,fog,1200.0,0.0000,0.0000,0,100.000,,0,0.9775,,0.850,0,
3156,5,72,fog-81,1,fog,1300.0,0.0000,0.0000,0,100.000,,0,0.9756,,0.850,0,
3157,5,72,fog-81,1,fog,1400.0,0.0000,0.0000,0,100.000,,0,0.9738,,0.850,0,
3158,5,72,fog-81,1,fog,1500.0,0.0000,0.0000,0,100.000,,0,0.9719,,0.850,0,
3159,5,72,fog-81,1,fog,1600.0,0.0000,0.0000,0,100.000,,0,0.9700,,0.850,0,
3160,5,72,fog-81,1,fog,1700.0,0.0000,0.0000,0,100.000,,0,0.9681,,0.850,0,
3161,5,72,fog-81,1,fog,1800.0,0.0000,0.0000,0,100.000,,0,0.9663,,0.850,0,
3162,5,72,fog-81,1,fog,1900.0,0.0000,0.0000,0,100.000,,0,0.9644,,0.850,0,
3163,5,72,fog-81,1,fog,2000.0,0.0000,0.0000,0,100.000,,0,0.9625,,0.850,0,
3164,5,72,fog-81,1,fog,2100.0,0.0000,0.0000,0,100.000,,0,0.9606,,0.850,0,
3165,5,72,fog-81,1,fog,2200.0,0.0000,0.0000,0,100.000,,0,0.9588,,0.850,0,
3166,5,72,fog-81,1,fog,2300.0,0.0000,0.0000,0,100.000,,0,0.9569,,0.850,0,
3167,5,72,fog-81,1,fog,2400.0,0.0000,0.0000,0,100.000,,0,0.9550,,0.850,0,
3168,5,72,fog-81,1,fog,2500.0,0.0000,0.0000,0,100.000,,0,0.9531,,0.850,0,
3169,5,72,fog-81,1,fog,2600.0,0.0000,0.0000,0,100.000,,0,0.9513,,0.850,0,
3170,5,72,fog-81,1,fog,2700.0,0.0000,0.0000,0,100.000,,0,0.9494,,0.850,0,
3171,5,72,fog-81,1,fog,2800.0,0.0000,0.0000,0,100.000,,0,0.9475,,0.850,0,
3172,5,72,fog-81,1,fog,2900.0,0.0000,0.0000,0,100.000,,0,0.9456,,0.850,0,
3173,5,72,fog-81,1,fog,3000.0,0.0000,0.0000,0,100.000,,0,0.9438,,0.850,0,
3174,5,72,fog-81,1,fog,3100.0,0.0000,0.0000,0,100.000,,0,0.9419,,0.850,0,
3175,5,72,fog-81,1,fog,3200.0,0.0000,0.0000,0,100.000,,0,0.9400,,0.850,0,
3176,5,72,fog-81,1,fog,3300.0,0.0000,0.0000,0,100.000,,0,0.9381,,0.850,0,
3177,5,72,fog-81,1,fog,3400.0,0.0000,0.0000,0,100.000,,0,0.9363,,0.850,0,
3178,5,72,fog-81,1,fog,3500.0,0.0000,0.0000,0,100.000,,0,0.9344,,0.850,0,
3179,5,72,fog-81,1,fog,3600.0,0.0000,0.0000,0,100.000,,0,0.9325,,0.850,0,
3180,5,72,fog-81,1,fog,3700.0,0.0000,0.0000,0,100.000,,0,0.9306,,0.850,0,
3181,5,72,fog-81,1,fog,3800.0,0.0000,0.0000,0,100.000,,0,0.9288,,0.850,0,
3182,5,72,fog-81,1,fog,3900.0,0.0000,0.0000,0,100.000,,0,0.9269,,0.850,0,
3183,5,72,fog-81,1,fog,4000.0,0.0000,0.0000,0,100.000,,0,0.9250,,0.850,0,
3184,5,72,fog-81,1,fog,4100.0,0.0000,0.0000,0,100.000,,0,0.9231,,0.850,0,
3185,5,72,fog-81,1,fog,4200.0,0.0000,0.0000,0,100.000,,0,0.9213,,0.850,0,
3186,5,72,fog-81,1,fog,4300.0,0.0000,0.0000,0,100.000,,0,0.9194,,0.850,0,
3187,5,72,fog-81,1,fog,4400.0,0.0000,0.0000,0,100.000,,0,0.9175,,0.850,0,
3188,5,72,fog-81,1,fog,4500.0,0.0000,0.0000,0,100.000,,0,0.9156,,0.850,0,
3189,5,72,fog-81,1,fog,4600.0,0.0000,0.0000,0,100.000,,0,0.9138,,0.850,0,
3190,5,72,fog-81,1,fog,4700.0,0.0000,0.0000,0,100.000,,0,0.9119,,0.850,0,
3191,5,72,fog-81,1,fog,4800.0,0.0000,0.0000,0,100.000,,0,0.9100,,0.850,0,
3192,5,72,fog-81,1,fog,4900.0,0.0000,0.0000,0,100.000,,0,0.9081,,0.850,0,
3193,5,72,fog-81,1,fog,5000.0,0.0000,0.0000,0,100.000,,0,0.9063,,0.850,0,
3194,5,73,fog-82,1,fog,0.0,0.0000,0.0000,0,100.000,,0,1.0000,,0.850,0,
3195,5,73,fog-82,1,fog,100.0,0.0000,0.0000,0,100.000,,0,0.9981,,0.850,0,
3196,5,73,fog-82,1,fog,200.0,0.0000,0.0000,17,100.850,0.9900,0,0.9963,,0.850,0,
3197,5,73,fog-82,1,fog,300.0,0.0000,0.0000,0,100.000,,0,0.9944,,0.850,0,
3198,5,73,fog-82,1,fog,400.0,0.0000,0.0000,18,100.900,0.9339,0,0.9925,,0.850,0,
3199,5,73,fog-82,1,fog,500.0,0.0000,0.0000,0,100.000,,0,0.9906,,0.850,0,
3200,5,73,fog-82,1,fog,600.0,0.0000,0.0000,0,100.000,,0,0.9888,,0.850,0,
3201,5,73,fog-82,1,fog,700.0,0.0000,0.0000,0,100.000,,0,0.9869,,0.850,0,
3202,5,73,fog-82,1,fog,800.0,0.0000,0.0000,0,100.000,,0,0.9850,,0.850,0,
3203,5,73,fog-82,1,fog,900.0,0.0000,0.0000,0,100.000,,0,0.9831,,0.850,0,
3204,5,73,fog-82,1,fog,1000.0,0.0000,0.0000,0,100.000,,0,0.9813,,0.850,0,
3205,5,73,fog-82,1,fog,1100.0,0.0000,0.0000,0,100.000,,0,0.9794,,0.850,0,
3206,5,73,fog-82,1,fog,1200.0,0.0000,0.0000,0,100.000,,0,0.9775,,0.850,0,
3207,5,73,fog-82,1,fog,1300.0,0.0000,0.0000,0,100.000,,0,0.9756,,0.850,0,
3208,5,73,fog-82,1,fog,1400.0,0.0000,0.0000,0,100.000,,0,0.9738,,0.850,0,
3209,5,73,fog-82,1,fog,1500.0,0.0000,0.0000,0,100.000,,0,0.9719,,0.850,0,
3210,5,73,fog-82,1,fog,1600.0,0.0000,0.0000,0,100.000,,0,0.9700,,0.850,0,
3211,5,73,fog-82,1,fog,1700.0,0.0000,0.0000,0,100.000,,0,0.9681,,0.850,0,
3212,5,73,fog-82,1,fog,1800.0,0.0000,0.0000,19,100.950,0.9900,0,0.9663,,0.850,0,
3213,5,73,fog-82,1,fog,1900.0,0.0000,0.0000,0,100.000,,0,0.9644,,0.850,0,
3214,5,73,fog-82,1,fog,2000.0,0.0000,0.0000,20,101.000,1.0000,0,0.9625,,0.850,0,
3215,5,73,fog-82,1,fog,2100.0,0.0000,0.0000,0,100.000,,0,0.9606,,0.850,0,
3216,5,73,fog-82,1,fog,2200.0,0.0000,0.0000,17,100.850,1.0000,0,0.9588,,0.850,0,
3217,5,73,fog-82,1,fog,2300.0,0.0000,0.0000,0,100.000,,0,0.9569,,0.850,0,
3218,5,73,fog-82,1,fog,2400.0,0.0000,0.0000,0,100.000,,0,0.9550,,0.850,0,
3219,5,73,fog-82,1,fog,2500.0,0.0000,0.0000,0,100.000,,0,0.9531,,0.850,0,
3220,5,73,fog-82,1,fog,2600.0,0.0000,0.0000,0,100.000,,0,0.9513,,0.850,0,
3221,5,73,fog-82,1,fog,2700.0,0.0000,0.0000,0,100.000,,0,0.9494,,0.850,0,
3222,5,73,fog-82,1,fog,2800.0,0.0000,0.0000,0,100.000,,0,0.9475,,0.850,0,
3223,5,73,fog-82,1,fog,2900.0,0.0000,0.0000,0,100.000,,0,0.9456,,0.850,0,
3224,5,73,fog-82,1,fog,3000.0,0.0000,0.0000,0,100.000,,0,0.9438,,0.850,0,
3225,5,73,fog-82,1,fog,3100.0,0.0000,0.0000,0,100.000,,0,0.9419,,0.850,0,
3226,5,73,fog-82,1,fog,3200.0,0.0000,0.0000,0,100.000,,0,0.9400,,0.850,0,
3227,5,73,fog-82,1,fog,3300.0,0.0000,0.0000,17,100.850,0.8741,0,0.9381,,0.850,0,
3228,5,73,fog-82,1,fog,3400.0,0.0000,0.0000,17,100.850,0.8741,0,0.9363,,0.850,0,
3229,5,73,fog-82,1,fog,3500.0,0.0000,0.0000,0,100.000,,0,0.9344,,0.850,0,
3230,5,73,fog-82,1,fog,3600.0,0.0000,0.0000,20,101.000,1.0000,0,0.9325,,0.850,0,
3231,5,73,fog-82,1,fog,3700.0,0.0000,0.0000,0,100.000,,0,0.9306,,0.850,0,
3232,5,73,fog-82,1,fog,3800.0,0.0000,0.0000,20,101.000,1.0000,0,0.9288,,0.850,0,
3233,5,73,fog-82,1,fog,3900.0,0.0000,0.0000,0,100.000,,0,0.9269,,0.850,0,
3234,5,73,fog-82,1,fog,4000.0,0.0000,0.0000,0,100.000,,0,0.9250,,0.850,0,
3235,5,73,fog-82,1,fog,4100.0,0.0000,0.0000,0,100.000,,0,0.9231,,0.850,0,
3236,5,73,fog-82,1,fog,4200.0,0.0000,0.0000,12,100.600,0.8425,0,0.9213,,0.850,0,
3237,5,73,fog-82,1,fog,4300.0,0.0000,0.0000,0,100.000,,0,0.9194,,0.850,0,
3238,5,73,fog-82,1,fog,4400.0,0.0000,0.0000,0,100.000,,0,0.9175,,0.850,0,
3239,5,73,fog-82,1,fog,4500.0,0.0000,0.0000,0,100.000,,0,0.9156,,0.850,0,
3240,5,73,fog-82,1,fog,4600.0,0.0000,0.0000,0,100.000,,0,0.9138,,0.850,0,
3241,5,73,fog-82,1,fog,4700.0,0.0000,0.0000,0,100.000,,0,0.9119,,0.850,0,
3242,5,73,fog-82,1,fog,4800.0,0.0000,0.0000,0,100.000,,0,0.9100,,0.850,0,
3243,5,73,fog-82,1,fog,4900.0,0.0000,0.0000,20,101.000,1.0000,0,0.9081,,0.850,0,
3244,5,73,fog-82,1,fog,5000.0,0.0000,0.0000,0,100.000,,0,0.9063,,0.850,0,
3245,5,74,fog-83,1,fog,0.0,0.0000,0.0000,0,100.000,,0,1.0000,,0.850,0,
3246,5,74,fog-83,1,fog,100.0,0.0000,0.0000,0,100.000,,0,0.9981,,0.850,0,
3247,5,74,fog-83,1,fog,200.0,0.0000,0.0000,0,100.000,,0,0.9963,,0.850,0,
3248,5,74,fog-83,1,fog,300.0,0.0000,0.0000,0,100.000,,0,0.9944,,0.850,0,
3249,5,74,fog-83,1,fog,400.0,0.0000,0.0000,0,100.000,,0,0.9925,,0.850,0,
3250,5,74,fog-83,1,fog,500.0,0.0000,0.0000,0,100.000,,0,0.9906,,0.850,0,
3251,5,74,fog-83,1,fog,600.0,0.0000,0.0000,0,100.000,,0,0.9888,,0.850,0,
3252,5,74,fog-83,1,fog,700.0,0.0000,0.0000,0,100.000,,0,0.9869,,0.850,0,
3253,5,74,fog-83,1,fog,800.0,0.0000,0.0000,0,100.000,,0,0.9850,,0.850,0,
3254,5,74,fog-83,1,fog,900.0,0.0000,0.0000,0,100.000,,0,0.9831,,0.850,0,
3255,5,74,fog-83,1,fog,1000.0,0.0000,0.0000,0,100.000,,0,0.9813,,0.850,0,
3256,5,74,fog-83,1,fog,1100.0,0.0000,0.0000,0,100.000,,0,0.9794,,0.850,0,
3257,5,74,fog-83,1,fog,1200.0,0.0000,0.0000,0,100.000,,0,0.9775,,0.850,0,
3258,5,74,fog-83,1,fog,1300.0,0.0000,0.0000,0,100.000,,0,0.9756,,0.850,0,
3259,5,74,fog-83,1,fog,1400.0,0.0000,0.0000,0,100.000,,0,0.9738,,0.850,0,
3260,5,74,fog-83,1,fog,1500.0,0.0000,0.0000,0,100.000,,0,0.9719,,0.850,0,
3261,5,74,fog-83,1,fog,1600.0,0.0000,0.0000,0,100.000,,0,0.9700,,0.850,0,
3262,5,74,fog-83,1,fog,1700.0,0.0000,0.0000,0,100.000,,0,0.9681,,0.850,0,
3263,5,74,fog-83,1,fog,1800.0,0.0000,0.0000,0,100.000,,0,0.9663,,0.850,0,
3264,5,74,fog-83,1,fog,1900.0,0.0000,0.0000,0,100.000,,0,0.9644,,0.850,0,
3265,5,74,fog-83,1,fog,2000.0,0.0000,0.0000,0,100.000,,0,0.9625,,0.850,0,
3266,5,74,fog-83,1,fog,2100.0,0.0000,0.0000,0,100.000,,0,0.9606,,0.850,0,
3267,5,74,fog-83,1,fog,2200.0,0.0000,0.0000,0,100.000,,0,0.9588,,0.850,0,
3268,5,74,fog-83,1,fog,2300.0,0.0000,0.0000,0,100.000,,0,0.9569,,0.850,0,
3269,5,74,fog-83,1,fog,2400.0,0.0000,0.0000,0,100.000,,0,0.9550,,0.850,0,
3270,5,74,fog-83,1,fog,2500.0,0.0000,0.0000,0,100.000,,0,0.9531,,0.850,0,
3271,5,74,fog-83,1,fog,2600.0,0.0000,0.0000,0,100.000,,0,0.9513,,0.850,0,
3272,5,74,fog-83,1,fog,2700.0,0.0000,0.0000,0,100.000,,0,0.9494,,0.850,0,
3273,5,74,fog-83,1,fog,2800.0,0.0000,0.0000,0,100.000,,0,0.9475,,0.850,0,
3274,5,74,fog-83,1,fog,2900.0,0.0000,0.0000,0,100.000,,0,0.9456,,0.850,0,
3275,5,74,fog-83,1,fog,3000.0,0.0000,0.0000,0,100.000,,0,0.9438,,0.850,0,
3276,5,74,fog-83,1,fog,3100.0,0.0000,0.0000,0,100.000,,0,0.9419,,0.850,0,
3277,5,74,fog-83,1,fog,3200.0,0.0000,0.0000,0,100.000,,0,0.9400,,0.850,0,
3278,5,74,fog-83,1,fog,3300.0,0.0000,0.0000,0,100.000,,0,0.9381,,0.850,0,
3279,5,74,fog-83,1,fog,3400.0,0.0000,0.0000,0,100.000,,0,0.9363,,0.850,0,
3280,5,74,fog-83,1,fog,3500.0,0.0000,0.0000,0,100.000,,0,0.9344,,0.850,0,
3281,5,74,fog-83,1,fog,3600.0,0.0000,0.0000,0,100.000,,0,0.9325,,0.850,0,
3282,5,74,fog-83,1,fog,3700.0,0.0000,0.0000,0,100.000,,0,0.9306,,0.850,0,
3283,5,74,fog-83,1,fog,3800.0,0.0000,0.0000,0,100.000,,0,0.9288,,0.850,0,
3284,5,74,fog-83,1,fog,3900.0,0.0000,0.0000,0,100.000,,0,0.9269,,0.850,0,
3285,5,74,fog-83,1,fog,4000.0,0.0000,0.0000,0,100.000,,0,0.9250,,0.850,0,
3286,5,74,fog-83,1,fog,4100.0,0.0000,0.0000,0,100.000,,0,0.9231,,0.850,0,
3287,5,74,fog-83,1,fog,4200.0,0.0000,0.0000,0,100.000,,0,0.9213,,0.850,0,
3288,5,74,fog-83,1,fog,4300.0,0.0000,0.0000,0,100.000,,0,0.9194,,0.850,0,
3289,5,74,fog-83,1,fog,4400.0,0.0000,0.0000,0,100.000,,0,0.9175,,0.850,0,
3290,5,74,fog-83,1,fog,4500.0,0.0000,0.0000,0,100.000,,0,0.9156,,0.850,0,
3291,5,74,fog-83,1,fog,4600.0,0.0000,0.0000,0,100.000,,0,0.9138,,0.850,0,
3292,5,74,fog-83,1,fog,4700.0,0.0000,0.0000,0,100.000,,0,0.9119,,0.850,0,
3293,5,74,fog-83,1,fog,4800.0,0.0000,0.0000,0,100.000,,0,0.9100,,0.850,0,
3294,5,74,fog-83,1,fog,4900.0,0.0000,0.0000,0,100.000,,0,0.9081,,0.850,0,
3295,5,74,fog-83,1,fog,5000.0,0.0000,0.0000,0,100.000,,0,0.9063,,0.850,0,
3296,5,75,fog-84,1,fog,0.0,0.0000,0.0000,0,100.000,,0,1.0000,,0.850,0,
3297,5,75,fog-84,1,fog,100.0,0.0000,0.0000,0,100.000,,0,0.9981,,0.850,0,
3298,5,75,fog-84,1,fog,200.0,0.0000,0.0000,0,100.000,,0,0.9963,,0.850,0,
3299,5,75,fog-84,1,fog,300.0,0.0000,0.0000,0,100.000,,0,0.9944,,0.850,0,
3300,5,75,fog-84,1,fog,400.0,0.0000,0.0000,0,100.000,,0,0.9925,,0.850,0,
3301,5,75,fog-84,1,fog,500.0,0.0000,0.0000,0,100.000,,0,0.9906,,0.850,0,
3302,5,75,fog-84,1,fog,600.0,0.0000,0.0000,0,100.000,,0,0.9888,,0.850,0,
3303,5,75,fog-84,1,fog,700.0,0.0000,0.0000,0,100.000,,0,0.9869,,0.850,0,
3304,5,75,fog-84,1,fog,800.0,0.0000,0.0000,0,100.000,,0,0.9850,,0.850,0,
3305,5,75,fog-84,1,fog,900.0,0.0000,0.0000,0,100.000,,0,0.9831,,0.850,0,
3306,5,75,fog-84,1,fog,1000.0,0.0000,0.0000,0,100.000,,0,0.9813,,0.850,0,
3307,5,75,fog-84,1,fog,1100.0,0.0000,0.0000,0,100.000,,0,0.9794,,0.850,0,
3308,5,75,fog-84,1,fog,1200.0,0.0000,0.0000,0,100.000,,0,0.9775,,0.850,0,
3309,5,75,fog-84,1,fog,1300.0,0.0000,0.0000,0,100.000,,0,0.9756,,0.850,0,
3310,5,75,fog-84,1,fog,1400.0,0.0000,0.0000,0,100.000,,0,0.9738,,0.850,0,
3311,5,75,fog-84,1,fog,1500.0,0.0000,0.0000,0,100.000,,0,0.9719,,0.850,0,
3312,5,75,fog-84,1,fog,1600.0,0.0000,0.0000,0,100.000,,0,0.9700,,0.850,0,
3313,5,75,fog-84,1,fog,1700.0,0.0000,0.0000,0,100.000,,0,0.9681,,0.850,0,
3314,5,75,fog-84,1,fog,1800.0,0.0000,0.0000,0,100.000,,0,0.9663,,0.850,0,
3315,5,75,fog-84,1,fog,1900.0,0.0000,0.0000,0,100.000,,0,0.9644,,0.850,0,
3316,5,75,fog-84,1,fog,2000.0,0.0000,0.0000,0,100.000,,0,0.9625,,0.850,0,
3317,5,75,fog-84,1,fog,2100.0,0.0000,0.0000,0,100.000,,0,0.9606,,0.850,0,
3318,5,75,fog-84,1,fog,2200.0,0.0000,0.0000,0,100.000,,0,0.9588,,0.850,0,
3319,5,75,fog-84,1,fog,2300.0,0.0000,0.0000,0,100.000,,0,0.9569,,0.850,0,
3320,5,75,fog-84,1,fog,2400.0,0.0000,0.0000,0,100.000,,0,0.9550,,0.850,0,
3321,5,75,fog-84,1,fog,2500.0,0.0000,0.0000,0,100.000,,0,0.9531,,0.850,0,
3322,5,75,fog-84,1,fog,2600.0,0.0000,0.0000,0,100.000,,0,0.9513,,0.850,0,
3323,5,75,fog-84,1,fog,2700.0,0.0000,0.0000,0,100.000,,0,0.9494,,0.850,0,
3324,5,75,fog-84,1,fog,2800.0,0.0000,0.0000,0,100.000,,0,0.9475,,0.850,0,
3325,5,75,fog-84,1,fog,2900.0,0.0000,0.0000,0,100.000,,0,0.9456,,0.850,0,
3326,5,75,fog-84,1,fog,3000.0,0.0000,0.0000,0,100.000,,0,0.9438,,0.850,0,
3327,5,75,fog-84,1,fog,3100.0,0.0000,0.0000,0,100.000,,0,0.9419,,0.850,0,
3328,5,75,fog-84,1,fog,3200.0,0.0000,0.0000,0,100.000,,0,0.9400,,0.850,0,
3329,5,75,fog-84,1,fog,3300.0,0.0000,0.0000,0,100.000,,0,0.9381,,0.850,0,
3330,5,75,fog-84,1,fog,3400.0,0.0000,0.0000,0,100.000,,0,0.9363,,0.850,0,
3331,5,75,fog-84,1,fog,3500.0,0.0000,0.0000,0,100.000,,0,0.9344,,0.850,0,
3332,5,75,fog-84,1,fog,3600.0,0.0000,0.0000,0,100.000,,0,0.9325,,0.850,0,
3333,5,75,fog-84,1,fog,3700.0,0.0000,0.0000,0,100.000,,0,0.9306,,0.850,0,
3334,5,75,fog-84,1,fog,3800.0,0.0000,0.0000,0,100.000,,0,0.9288,,0.850,0,
3335,5,75,fog-84,1,fog,3900.0,0.0000,0.0000,0,100.000,,0,0.9269,,0.850,0,
3336,5,75,fog-84,1,fog,4000.0,0.0000,0.0000,0,100.000,,0,0.9250,,0.850,0,
3337,5,75,fog-84,1,fog,4100.0,0.0000,0.0000,0,100.000,,0,0.9231,,0.850,0,
3338,5,75,fog-84,1,fog,4200.0,0.0000,0.0000,0,100.000,,0,0.9213,,0.850,0,
3339,5,75,fog-84,1,fog,4300.0,0.0000,0.0000,0,100.000,,0,0.9194,,0.850,0,
3340,5,75,fog-84,1,fog,4400.0,0.0000,0.0000,0,100.000,,0,0.9175,,0.850,0,
3341,5,75,fog-84,1,fog,4500.0,0.0000,0.0000,0,100.000,,0,0.9156,,0.850,0,
3342,5,75,fog-84,1,fog,4600.0,0.0000,0.0000,0,100.000,,0,0.9138,,0.850,0,
3343,5,75,fog-84,1,fog,4700.0,0.0000,0.0000,0,100.000,,0,0.9119,,0.850,0,
3344,5,75,fog-84,1,fog,4800.0,0.0000,0.0000,0,100.000,,0,0.9100,,0.850,0,
3345,5,75,fog-84,1,fog,4900.0,0.0000,0.0000,0,100.000,,0,0.9081,,0.850,0,
3346,5,75,fog-84,1,fog,5000.0,0.0000,0.0000,0,100.000,,0,0.9063,,0.850,0,
3347,5,76,fog-85,1,fog,0.0,0.0000,0.0000,0,100.000,,0,1.0000,,0.850,0,
3348,5,76,fog-85,1,fog,100.0,0.0000,0.0000,0,100.000,,0,0.9981,,0.850,0,
3349,5,76,fog-85,1,fog,200.0,0.0000,0.0000,0,100.000,,0,0.9963,,0.850,0,
3350,5,76,fog-85,1,fog,300.0,0.0000,0.0000,0,100.000,,0,0.9944,,0.850,0,
3351,5,76,fog-85,1,fog,400.0,0.0000,0.0000,0,100.000,,0,0.9925,,0.850,0,
3352,5,76,fog-85,1,fog,500.0,0.0000,0.0000,0,100.000,,0,0.9906,,0.850,0,
3353,5,76,fog-85,1,fog,600.0,0.0000,0.0000,0,100.000,,0,0.9888,,0.850,0,
3354,5,76,fog-85,1,fog,700.0,0.0000,0.0000,0,100.000,,0,0.9869,,0.850,0,
3355,5,76,fog-85,1,fog,800.0,0.0000,0.0000,0,100.000,,0,0.9850,,0.850,0,
3356,5,76,fog-85,1,fog,900.0,0.0000,0.0000,0,100.000,,0,0.9831,,0.850,0,
3357,5,76,fog-85,1,fog,1000.0,0.0000,0.0000,0,100.000,,0,0.9813,,0.850,0,
3358,5,76,fog-85,1,fog,1100.0,0.0000,0.0000,0,100.000,,0,0.9794,,0.850,0,
3359,5,76,fog-85,1,fog,1200.0,0.0000,0.0000,0,100.000,,0,0.9775,,0.850,0,
3360,5,76,fog-85,1,fog,1300.0,0.0000,0.0000,0,100.000,,0,0.9756,,0.850,0,
3361,5,76,fog-85,1,fog,1400.0,0.0000,0.0000,0,100.000,,0,0.9738,,0.850,0,
3362,5,76,fog-85,1,fog,1500.0,0.0000,0.0000,0,100.000,,0,0.9719,,0.850,0,
3363,5,76,fog-85,1,fog,1600.0,0.0000,0.0000,0,100.000,,0,0.9700,,0.850,0,
3364,5,76,fog-85,1,fog,1700.0,0.0000,0.0000,0,100.000,,0,0.9681,,0.850,0,
3365,5,76,fog-85,1,fog,1800.0,0.0000,0.0000,0,100.000,,0,0.9663,,0.850,0,
3366,5,76,fog-85,1,fog,1900.0,0.0000,0.0000,0,100.000,,0,0.9644,,0.850,0,
3367,5,76,fog-85,1,fog,2000.0,0.0000,0.0000,0,100.000,,0,0.9625,,0.850,0,
3368,5,76,fog-85,1,fog,2100.0,0.0000,0.0000,0,100.000,,0,0.9606,,0.850,0,
3369,5,76,fog-85,1,fog,2200.0,0.0000,0.0000,0,100.000,,0,0.9588,,0.850,0,
3370,5,76,fog-85,1,fog,2300.0,0.0000,0.0000,0,100.000,,0,0.9569,,0.850,0,
3371,5,76,fog-85,1,fog,2400.0,0.0000,0.0000,0,100.000,,0,0.9550,,0.850,0,
3372,5,76,fog-85,1,fog,2500.0,0.0000,0.0000,0,100.000,,0,0.9531,,0.850,0,
3373,5,76,fog-85,1,fog,2600.0,0.0000,0.0000,0,100.000,,0,0.9513,,0.850,0,
3374,5,76,fog-85,1,fog,2700.0,0.0000,0.0000,0,100.000,,0,0.9494,,0.850,0,
3375,5,76,fog-85,1,fog,2800.0,0.0000,0.0000,0,100.000,,0,0.9475,,0.850,0,
3376,5,76,fog-85,1,fog,2900.0,0.0000,0.0000,0,100.000,,0,0.9456,,0.850,0,
3377,5,76,fog-85,1,fog,3000.0,0.0000,0.0000,0,100.000,,0,0.9438,,0.850,0,
3378,5,76,fog-85,1,fog,3100.0,0.0000,0.0000,0,100.000,,0,0.9419,,0.850,0,
3379,5,76,fog-85,1,fog,3200.0,0.0000,0.0000,0,100.000,,0,0.9400,,0.850,0,
3380,5,76,fog-85,1,fog,3300.0,0.0000,0.0000,0,100.000,,0,0.9381,,0.850,0,
3381,5,76,fog-85,1,fog,3400.0,0.0000,0.0000,0,100.000,,0,0.9363,,0.850,0,
3382,5,76,fog-85,1,fog,3500.0,0.0000,0.0000,0,100.000,,0,0.9344,,0.850,0,
3383,5,76,fog-85,1,fog,3600.0,0.0000,0.0000,0,100.000,,0,0.9325,,0.850,0,
3384,5,76,fog-85,1,fog,3700.0,0.0000,0.0000,0,100.000,,0,0.9306,,0.850,0,
3385,5,76,fog-85,1,fog,3800.0,0.0000,0.0000,0,100.000,,0,0.9288,,0.850,0,
3386,5,76,fog-85,1,fog,3900.0,0.0000,0.0000,0,100.000,,0,0.9269,,0.850,0,
3387,5,76,fog-85,1,fog,4000.0,0.0000,0.0000,0,100.000,,0,0.9250,,0.850,0,
3388,5,76,fog-85,1,fog,4100.0,0.0000,0.0000,0,100.000,,0,0.9231,,0.850,0,
3389,5,76,fog-85,1,fog,4200.0,0.0000,0.0000,0,100.000,,0,0.9213,,0.850,0,
3390,5,76,fog-85,1,fog,4300.0,0.0000,0.0000,0,100.000,,0,0.9194,,0.850,0,
3391,5,76,fog-85,1,fog,4400.0,0.0000,0.0000,0,100.000,,0,0.9175,,0.850,0,
3392,5,76,fog-85,1,fog,4500.0,0.0000,0.0000,0,100.000,,0,0.9156,,0.850,0,
3393,5,76,fog-85,1,fog,4600.0,0.0000,0.0000,0,100.000,,0,0.9138,,0.850,0,
3394,5,76,fog-85,1,fog,4700.0,0.0000,0.0000,0,100.000,,0,0.9119,,0.850,0,
3395,5,76,fog-85,1,fog,4800.0,0.0000,0.0000,0,100.000,,0,0.9100,,0.850,0,
3396,5,76,fog-85,1,fog,4900.0,0.0000,0.0000,0,100.000,,0,0.9081,,0.850,0,
3397,5,76,fog-85,1,fog,5000.0,0.0000,0.0000,0,100.000,,0,0.9063,,0.850,0,
3398,5,77,fog-86,1,fog,0.0,0.0000,0.0000,0,100.000,,0,1.0000,,0.850,0,
3399,5,77,fog-86,1,fog,100.0,0.0000,0.0000,0,100.000,,0,0.9981,,0.850,0,
3400,5,77,fog-86,1,fog,200.0,0.0000,0.0000,17,100.850,0.8741,0,0.9963,,0.850,0,
3401,5,77,fog-86,1,fog,300.0,0.0000,0.0000,0,100.000,,0,0.9944,,0.850,0,
3402,5,77,fog-86,1,fog,400.0,0.0000,0.0000,0,100.000,,0,0.9925,,0.850,0,
3403,5,77,fog-86,1,fog,500.0,0.0000,0.0000,44,101.800,1.0000,0,0.9906,,0.850,0,
3404,5,77,fog-86,1,fog,600.0,0.0000,0.0000,38,101.650,1.0000,0,0.9888,,0.850,0,
3405,5,77,fog-86,1,fog,700.0,0.0000,0.0000,17,100.850,1.0000,0,0.9869,,0.850,0,
3406,5,77,fog-86,1,fog,800.0,0.0000,0.0000,19,100.950,0.9900,0,0.9850,,0.850,0,
3407,5,77,fog-86,1,fog,900.0,0.0000,0.0000,17,100.850,0.8741,0,0.9831,,0.850,0,
3408,5,77,fog-86,1,fog,1000.0,0.0000,0.0000,18,100.900,0.9339,0,0.9813,,0.850,0,
3409,5,77,fog-86,1,fog,1100.0,0.0000,0.0000,16,100.800,0.8097,0,0.9794,,0.850,0,
3410,5,77,fog-86,1,fog,1200.0,0.0000,0.0000,17,100.850,1.0000,0,0.9775,,0.850,0,
3411,5,77,fog-86,1,fog,1300.0,0.0000,0.0000,19,100.950,0.9900,0,0.9756,,0.850,0,
3412,5,77,fog-86,1,fog,1400.0,0.0000,0.0000,42,101.750,1.0000,0,0.9738,,0.850,0,
3413,5,77,fog-86,1,fog,1500.0,0.0000,0.0000,82,102.750,1.0000,0,0.9719,,0.850,0,
3414,5,77,fog-86,1,fog,1600.0,0.0000,0.0000,76,102.600,1.0000,0,0.9700,,0.850,0,
3415,5,77,fog-86,1,fog,1700.0,0.0000,0.0000,74,102.550,1.0000,0,0.9681,,0.850,0,
3416,5,77,fog-86,1,fog,1800.0,0.0000,0.0000,82,102.750,1.0000,0,0.9663,,0.850,0,
3417,5,77,fog-86,1,fog,1900.0,0.0000,0.0000,82,102.750,1.0000,0,0.9644,,0.850,0,
3418,5,77,fog-86,1,fog,2000.0,0.0000,0.0000,80,102.700,1.0000,0,0.9625,,0.850,0,
3419,5,77,fog-86,1,fog,2100.0,0.0000,0.0000,124,103.800,1.0000,0,0.9606,,0.850,0,
3420,5,77,fog-86,1,fog,2200.0,0.0000,0.0000,148,104.400,1.0000,0,0.9588,,0.850,0,
3421,5,77,fog-86,1,fog,2300.0,0.0000,0.0000,146,104.350,1.0000,0,0.9569,,0.850,0,
3422,5,77,fog-86,1,fog,2400.0,0.0000,0.0000,78,102.650,1.0000,0,0.9550,,0.850,0,
3423,5,77,fog-86,1,fog,2500.0,0.0000,0.0000,42,101.750,1.0000,0,0.9531,,0.850,0,
3424,5,77,fog-86,1,fog,2600.0,0.0000,0.0000,42,101.750,1.0000,0,0.9513,,0.850,0,
3425,5,77,fog-86,1,fog,2700.0,0.0000,0.0000,40,101.700,1.0000,0,0.9494,,0.850,0,
3426,5,77,fog-86,1,fog,2800.0,0.0000,0.0000,0,100.000,,0,0.9475,,0.850,0,
3427,5,77,fog-86,1,fog,2900.0,0.0000,0.0000,16,100.800,0.8097,0,0.9456,,0.850,0,
3428,5,77,fog-86,1,fog,3000.0,0.0000,0.0000,17,100.850,0.8741,0,0.9438,,0.850,0,
3429,5,77,fog-86,1,fog,3100.0,0.0000,0.0000,17,100.850,0.8741,0,0.9419,,0.850,0,
3430,5,77,fog-86,1,fog,3200.0,0.0000,0.0000,40,101.700,1.0000,0,0.9400,,0.850,0,
3431,5,77,fog-86,1,fog,3300.0,0.0000,0.0000,0,100.000,,0,0.9381,,0.850,0,
3432,5,77,fog-86,1,fog,3400.0,0.0000,0.0000,19,100.950,0.9900,0,0.9363,,0.850,0,
3433,5,77,fog-86,1,fog,3500.0,0.0000,0.0000,18,100.900,0.9339,0,0.9344,,0.850,0,
3434,5,77,fog-86,1,fog,3600.0,0.0000,0.0000,18,100.900,0.9339,0,0.9325,,0.850,0,
3435,5,77,fog-86,1,fog,3700.0,0.0000,0.0000,19,100.950,0.9900,0,0.9306,,0.850,0,
3436,5,77,fog-86,1,fog,3800.0,0.0000,0.0000,0,100.000,,0,0.9288,,0.850,0,
3437,5,77,fog-86,1,fog,3900.0,0.0000,0.0000,0,100.000,,0,0.9269,,0.850,0,
3438,5,77,fog-86,1,fog,4000.0,0.0000,0.0000,34,101.550,1.0000,0,0.9250,,0.850,0,
3439,5,77,fog-86,1,fog,4100.0,0.0000,0.0000,20,101.000,1.0000,0,0.9231,,0.850,0,
3440,5,77,fog-86,1,fog,4200.0,0.0000,0.0000,0,100.000,,0,0.9213,,0.850,0,
3441,5,77,fog-86,1,fog,4300.0,0.0000,0.0000,0,100.000,,0,0.9194,,0.850,0,
3442,5,77,fog-86,1,fog,4400.0,0.0000,0.0000,0,100.000,,0,0.9175,,0.850,0,
3443,5,77,fog-86,1,fog,4500.0,0.0000,0.0000,0,100.000,,0,0.9156,,0.850,0,
3444,5,77,fog-86,1,fog,4600.0,0.0000,0.0000,0,100.000,,0,0.9138,,0.850,0,
3445,5,77,fog-86,1,fog,4700.0,0.0000,0.0000,46,101.850,1.0000,0,0.9119,,0.850,0,
3446,5,77,fog-86,1,fog,4800.0,0.0000,0.0000,84,102.800,1.0000,0,0.9100,,0.850,0,
3447,5,77,fog-86,1,fog,4900.0,0.0000,0.0000,40,101.700,1.0000,0,0.9081,,0.850,0,
3448,5,77,fog-86,1,fog,5000.0,0.0000,0.0000,84,102.800,1.0000,0,0.9063,,0.850,0,
3449,5,78,fog-87,1,fog,0.0,0.0000,0.0000,0,100.000,,0,1.0000,,0.850,0,
3450,5,78,fog-87,1,fog,100.0,0.0000,0.0000,0,100.000,,0,0.9981,,0.850,0,
3451,5,78,fog-87,1,fog,200.0,0.0000,0.0000,0,100.000,,0,0.9963,,0.850,0,
3452,5,78,fog-87,1,fog,300.0,0.0000,0.0000,0,100.000,,0,0.9944,,0.850,0,
3453,5,78,fog-87,1,fog,400.0,0.0000,0.0000,0,100.000,,0,0.9925,,0.850,0,
3454,5,78,fog-87,1,fog,500.0,0.0000,0.0000,0,100.000,,0,0.9906,,0.850,0,
3455,5,78,fog-87,1,fog,600.0,0.0000,0.0000,0,100.000,,0,0.9888,,0.850,0,
3456,5,78,fog-87,1,fog,700.0,0.0000,0.0000,0,100.000,,0,0.9869,,0.850,0,
3457,5,78,fog-87,1,fog,800.0,0.0000,0.0000,0,100.000,,0,0.9850,,0.850,0,
3458,5,78,fog-87,1,fog,900.0,0.0000,0.0000,0,100.000,,0,0.9831,,0.850,0,
3459,5,78,fog-87,1,fog,1000.0,0.0000,0.0000,0,100.000,,0,0.9813,,0.850,0,
3460,5,78,fog-87,1,fog,1100.0,0.0000,0.0000,0,100.000,,0,0.9794,,0.850,0,
3461,5,78,fog-87,1,fog,1200.0,0.0000,0.0000,0,100.000,,0,0.9775,,0.850,0,
3462,5,78,fog-87,1,fog,1300.0,0.0000,0.0000,0,100.000,,0,0.9756,,0.850,0,
3463,5,78,fog-87,1,fog,1400.0,0.0000,0.0000,0,100.000,,0,0.9738,,0.850,0,
3464,5,78,fog-87,1,fog,1500.0,0.0000,0.0000,0,100.000,,0,0.9719,,0.850,0,
3465,5,78,fog-87,1,fog,1600.0,0.0000,0.0000,0,100.000,,0,0.9700,,0.850,0,
3466,5,78,fog-87,1,fog,1700.0,0.0000,0.0000,0,100.000,,0,0.9681,,0.850,0,
3467,5,78,fog-87,1,fog,1800.0,0.0000,0.0000,0,100.000,,0,0.9663,,0.850,0,
3468,5,78,fog-87,1,fog,1900.0,0.0000,0.0000,0,100.000,,0,0.9644,,0.850,0,
3469,5,78,fog-87,1,fog,2000.0,0.0000,0.0000,0,100.000,,0,0.9625,,0.850,0,
3470,5,78,fog-87,1,fog,2100.0,0.0000,0.0000,0,100.000,,0,0.9606,,0.850,0,
3471,5,78,fog-87,1,fog,2200.0,0.0000,0.0000,0,100.000,,0,0.9588,,0.850,0,
3472,5,78,fog-87,1,fog,2300.0,0.0000,0.0000,0,100.000,,0,0.9569,,0.850,0,
3473,5,78,fog-87,1,fog,2400.0,0.0000,0.0000,0,100.000,,0,0.9550,,0.850,0,
3474,5,78,fog-87,1,fog,2500.0,0.0000,0.0000,0,100.000,,0,0.9531,,0.850,0,
3475,5,78,fog-87,1,fog,2600.0,0.0000,0.0000,0,100.000,,0,0.9513,,0.850,0,
3476,5,78,fog-87,1,fog,2700.0,0.0000,0.0000,0,100.000,,0,0.9494,,0.850,0,
3477,5,78,fog-87,1,fog,2800.0,0.0000,0.0000,0,100.000,,0,0.9475,,0.850,0,
3478,5,78,fog-87,1,fog,2900.0,0.0000,0.0000,0,100.000,,0,0.9456,,0.850,0,
3479,5,78,fog-87,1,fog,3000.0,0.0000,0.0000,0,100.000,,0,0.9438,,0.850,0,
3480,5,78,fog-87,1,fog,3100.0,0.0000,0.0000,0,100.000,,0,0.9419,,0.850,0,
3481,5,78,fog-87,1,fog,3200.0,0.0000,0.0000,0,100.000,,0,0.9400,,0.850,0,
3482,5,78,fog-87,1,fog,3300.0,0.0000,0.0000,0,100.000,,0,0.9381,,0.850,0,
3483,5,78,fog-87,1,fog,3400.0,0.0000,0.0000,0,100.000,,0,0.9363,,0.850,0,
3484,5,78,fog-87,1,fog,3500.0,0.0000,0.0000,0,100.000,,0,0.9344,,0.850,0,
3485,5,78,fog-87,1,fog,3600.0,0.0000,0.0000,0,100.000,,0,0.9325,,0.850,0,
3486,5,78,fog-87,1,fog,3700.0,0.0000,0.0000,0,100.000,,0,0.9306,,0.850,0,
3487,5,78,fog-87,1,fog,3800.0,0.0000,0.0000,0,100.000,,0,0.9288,,0.850,0,
3488,5,78,fog-87,1,fog,3900.0,0.0000,0.0000,0,100.000,,0,0.9269,,0.850,0,
3489,5,78,fog-87,1,fog,4000.0,0.0000,0.0000,0,100.000,,0,0.9250,,0.850,0,
3490,5,78,fog-87,1,fog,4100.0,0.0000,0.0000,0,100.000,,0,0.9231,,0.850,0,
3491,5,78,fog-87,1,fog,4200.0,0.0000,0.0000,0,100.000,,0,0.9213,,0.850,0,
3492,5,78,fog-87,1,fog,4300.0,0.0000,0.0000,0,100.000,,0,0.9194,,0.850,0,
3493,5,78,fog-87,1,fog,4400.0,0.0000,0.0000,0,100.000,,0,0.9175,,0.850,0,
3494,5,78,fog-87,1,fog,4500.0,0.0000,0.0000,0,100.000,,0,0.9156,,0.850,0,
3495,5,78,fog-87,1,fog,4600.0,0.0000,0.0000,0,100.000,,0,0.9138,,0.850,0,
3496,5,78,fog-87,1,fog,4700.0,0.0000,0.0000,0,100.000,,0,0.9119,,0.850,0,
3497,5,78,fog-87,1,fog,4800.0,0.0000,0.0000,0,100.000,,0,0.9100,,0.850,0,
3498,5,78,fog-87,1,fog,4900.0,0.0000,0.0000,0,100.000,,0,0.9081,,0.850,0,
3499,5,78,fog-87,1,fog,5000.0,0.0000,0.0000,0,100.000,,0,0.9063,,0.850,0,
3500,5,79,fog-88,1,fog,0.0,0.0000,0.0000,0,100.000,,0,1.0000,,0.850,0,
3501,5,79,fog-88,1,fog,100.0,0.0000,0.0000,12,100.600,1.0000,0,0.9981,,0.850,0,
3502,5,79,fog-88,1,fog,200.0,0.0000,0.0000,17,100.850,0.8741,0,0.9963,,0.850,0,
3503,5,79,fog-88,1,fog,300.0,0.0000,0.0000,0,100.000,,0,0.9944,,0.850,0,
3504,5,79,fog-88,1,fog,400.0,0.0000,0.0000,17,100.850,0.8741,0,0.9925,,0.850,0,
3505,5,79,fog-88,1,fog,500.0,0.0000,0.0000,19,100.950,0.9900,0,0.9906,,0.850,0,
3506,5,79,fog-88,1,fog,600.0,0.0000,0.0000,18,100.900,0.9339,0,0.9888,,0.850,0,
3507,5,79,fog-88,1,fog,700.0,0.0000,0.0000,82,102.750,1.0000,0,0.9869,,0.850,0,
3508,5,79,fog-88,1,fog,800.0,0.0000,0.0000,76,102.600,1.0000,0,0.9850,,0.850,0,
3509,5,79,fog-88,1,fog,900.0,0.0000,0.0000,42,101.750,1.0000,0,0.9831,,0.850,0,
3510,5,79,fog-88,1,fog,1000.0,0.0000,0.0000,42,101.750,1.0000,0,0.9813,,0.850,0,
3511,5,79,fog-88,1,fog,1100.0,0.0000,0.0000,48,101.900,1.0000,0,0.9794,,0.850,0,
3512,5,79,fog-88,1,fog,1200.0,0.0000,0.0000,42,101.750,1.0000,0,0.9775,,0.850,0,
3513,5,79,fog-88,1,fog,1300.0,0.0000,0.0000,84,102.800,1.0000,0,0.9756,,0.850,0,
3514,5,79,fog-88,1,fog,1400.0,0.0000,0.0000,46,101.850,1.0000,0,0.9738,,0.850,0,
3515,5,79,fog-88,1,fog,1500.0,0.0000,0.0000,44,101.800,1.0000,0,0.9719,,0.850,0,
3516,5,79,fog-88,1,fog,1600.0,0.0000,0.0000,18,100.900,0.9339,0,0.9700,,0.850,0,
3517,5,79,fog-88,1,fog,1700.0,0.0000,0.0000,0,100.000,,0,0.9681,,0.850,0,
3518,5,79,fog-88,1,fog,1800.0,0.0000,0.0000,0,100.000,,0,0.9663,,0.850,0,
3519,5,79,fog-88,1,fog,1900.0,0.0000,0.0000,0,100.000,,0,0.9644,,0.850,0,
3520,5,79,fog-88,1,fog,2000.0,0.0000,0.0000,44,101.800,1.0000,0,0.9625,,0.850,0,
3521,5,79,fog-88,1,fog,2100.0,0.0000,0.0000,48,101.900,1.0000,0,0.9606,,0.850,0,
3522,5,79,fog-88,1,fog,2200.0,0.0000,0.0000,48,101.900,1.0000,0,0.9588,,0.850,0,
3523,5,79,fog-88,1,fog,2300.0,0.0000,0.0000,44,101.800,1.0000,0,0.9569,,0.850,0,
3524,5,79,fog-88,1,fog,2400.0,0.0000,0.0000,18,100.900,0.9339,0,0.9550,,0.850,0,
3525,5,79,fog-88,1,fog,2500.0,0.0000,0.0000,0,100.000,,0,0.9531,,0.850,0,
3526,5,79,fog-88,1,fog,2600.0,0.0000,0.0000,17,100.850,0.8741,0,0.9513,,0.850,0,
3527,5,79,fog-88,1,fog,2700.0,0.0000,0.0000,17,100.850,0.8741,0,0.9494,,0.850,0,
3528,5,79,fog-88,1,fog,2800.0,0.0000,0.0000,19,100.950,0.9900,0,0.9475,,0.850,0,
3529,5,79,fog-88,1,fog,2900.0,0.0000,0.0000,19,100.950,0.9900,0,0.9456,,0.850,0,
3530,5,79,fog-88,1,fog,3000.0,0.0000,0.0000,46,101.850,1.0000,0,0.9438,,0.850,0,
3531,5,79,fog-88,1,fog,3100.0,0.0000,0.0000,36,101.600,1.0000,0,0.9419,,0.850,0,
3532,5,79,fog-88,1,fog,3200.0,0.0000,0.0000,40,101.700,1.0000,0,0.9400,,0.850,0,
3533,5,79,fog-88,1,fog,3300.0,0.0000,0.0000,0,100.000,,0,0.9381,,0.850,0,
3534,5,79,fog-88,1,fog,3400.0,0.0000,0.0000,0,100.000,,0,0.9363,,0.850,0,
3535,5,79,fog-88,1,fog,3500.0,0.0000,0.0000,0,100.000,,0,0.9344,,0.850,0,
3536,5,79,fog-88,1,fog,3600.0,0.0000,0.0000,18,100.900,0.9339,0,0.9325,,0.850,0,
3537,5,79,fog-88,1,fog,3700.0,0.0000,0.0000,48,101.900,1.0000,0,0.9306,,0.850,0,
3538,5,79,fog-88,1,fog,3800.0,0.0000,0.0000,82,102.750,1.0000,0,0.9288,,0.850,0,
3539,5,79,fog-88,1,fog,3900.0,0.0000,0.0000,86,102.850,1.0000,0,0.9269,,0.850,0,
3540,5,79,fog-88,1,fog,4000.0,0.0000,0.0000,40,101.700,1.0000,0,0.9250,,0.850,0,
3541,5,79,fog-88,1,fog,4100.0,0.0000,0.0000,44,101.800,1.0000,0,0.9231,,0.850,0,
3542,5,79,fog-88,1,fog,4200.0,0.0000,0.0000,50,101.950,1.0000,0,0.9213,,0.850,0,
3543,5,79,fog-88,1,fog,4300.0,0.0000,0.0000,50,101.950,1.0000,0,0.9194,,0.850,0,
3544,5,79,fog-88,1,fog,4400.0,0.0000,0.0000,46,101.850,1.0000,0,0.9175,,0.850,0,
3545,5,79,fog-88,1,fog,4500.0,0.0000,0.0000,19,100.950,0.9900,0,0.9156,,0.850,0,
3546,5,79,fog-88,1,fog,4600.0,0.0000,0.0000,18,100.900,0.9339,0,0.9138,,0.850,0,
3547,5,79,fog-88,1,fog,4700.0,0.0000,0.0000,19,100.950,0.9900,0,0.9119,,0.850,0,
3548,5,79,fog-88,1,fog,4800.0,0.0000,0.0000,17,100.850,0.8741,0,0.9100,,0.850,0,
3549,5,79,fog-88,1,fog,4900.0,0.0000,0.0000,18,100.900,0.9339,0,0.9081,,0.850,0,
3550,5,79,fog-88,1,fog,5000.0,0.0000,0.0000,46,101.850,1.0000,0,0.9063,,0.850,0,
3551,5,80,fog-89,1,fog,0.0,0.0000,0.0000,0,100.000,,0,1.0000,,0.850,0,
3552,5,80,fog-89,1,fog,100.0,0.0000,0.0000,27,101.350,1.0000,0,0.9981,,0.850,0,
3553,5,80,fog-89,1,fog,200.0,0.0000,0.0000,184,105.300,1.0000,0,0.9963,,0.850,0,
3554,5,80,fog-89,1,fog,300.0,0.0000,0.0000,154,104.550,1.0000,0,0.9944,,0.850,0,
3555,5,80,fog-89,1,fog,400.0,0.0000,0.0000,152,104.500,1.0000,0,0.9925,,0.850,0,
3556,5,80,fog-89,1,fog,500.0,0.0000,0.0000,78,102.650,1.0000,0,0.9906,,0.850,0,
3557,5,80,fog-89,1,fog,600.0,0.0000,0.0000,108,103.400,1.0000,0,0.9888,,0.850,0,
3558,5,80,fog-89,1,fog,700.0,0.0000,0.0000,76,102.600,1.0000,0,0.9869,,0.850,0,
3559,5,80,fog-89,1,fog,800.0,0.0000,0.0000,72,102.500,1.0000,0,0.9850,,0.850,0,
3560,5,80,fog-89,1,fog,900.0,0.0000,0.0000,50,101.950,1.0000,0,0.9831,,0.850,0,
3561,5,80,fog-89,1,fog,1000.0,0.0000,0.0000,70,102.450,1.0000,0,0.9813,,0.850,0,
3562,5,80,fog-89,1,fog,1100.0,0.0000,0.0000,114,103.550,1.0000,0,0.9794,,0.850,0,
3563,5,80,fog-89,1,fog,1200.0,0.0000,0.0000,154,104.550,1.0000,0,0.9775,,0.850,0,
3564,5,80,fog-89,1,fog,1300.0,0.0000,0.0000,118,103.650,1.0000,0,0.9756,,0.850,0,
3565,5,80,fog-89,1,fog,1400.0,0.0000,0.0000,84,102.800,1.0000,0,0.9738,,0.850,0,
3566,5,80,fog-89,1,fog,1500.0,0.0000,0.0000,116,103.600,1.0000,0,0.9719,,0.850,0,
3567,5,80,fog-89,1,fog,1600.0,0.0000,0.0000,110,103.450,1.0000,0,0.9700,,0.850,0,
3568,5,80,fog-89,1,fog,1700.0,0.0000,0.0000,116,103.600,1.0000,0,0.9681,,0.850,0,
3569,5,80,fog-89,1,fog,1800.0,0.0000,0.0000,152,104.500,1.0000,0,0.9663,,0.850,0,
3570,5,80,fog-89,1,fog,1900.0,0.0000,0.0000,178,105.150,1.0000,0,0.9644,,0.850,0,
3571,5,80,fog-89,1,fog,2000.0,0.0000,0.0000,212,106.000,1.0000,0,0.9625,,0.850,0,
3572,5,80,fog-89,1,fog,2100.0,0.0000,0.0000,196,105.600,1.0000,0,0.9606,,0.850,0,
3573,5,80,fog-89,1,fog,2200.0,0.0000,0.0000,152,104.500,1.0000,0,0.9588,,0.850,0,
3574,5,80,fog-89,1,fog,2300.0,0.0000,0.0000,122,103.750,1.0000,0,0.9569,,0.850,0,
3575,5,80,fog-89,1,fog,2400.0,0.0000,0.0000,146,104.350,1.0000,0,0.9550,,0.850,0,
3576,5,80,fog-89,1,fog,2500.0,0.0000,0.0000,76,102.600,1.0000,0,0.9531,,0.850,0,
3577,5,80,fog-89,1,fog,2600.0,0.0000,0.0000,82,102.750,1.0000,0,0.9513,,0.850,0,
3578,5,80,fog-89,1,fog,2700.0,0.0000,0.0000,112,103.500,1.0000,0,0.9494,,0.850,0,
3579,5,80,fog-89,1,fog,2800.0,0.0000,0.0000,118,103.650,1.0000,0,0.9475,,0.850,0,
3580,5,80,fog-89,1,fog,2900.0,0.0000,0.0000,48,101.900,1.0000,0,0.9456,,0.850,0,
3581,5,80,fog-89,1,fog,3000.0,0.0000,0.0000,42,101.750,1.0000,0,0.9438,,0.850,0,
3582,5,80,fog-89,1,fog,3100.0,0.0000,0.0000,82,102.750,1.0000,0,0.9419,,0.850,0,
3583,5,80,fog-89,1,fog,3200.0,0.0000,0.0000,38,101.650,1.0000,0,0.9400,,0.850,0,
3584,5,80,fog-89,1,fog,3300.0,0.0000,0.0000,50,101.950,1.0000,0,0.9381,,0.850,0,
3585,5,80,fog-89,1,fog,3400.0,0.0000,0.0000,128,103.900,1.0000,0,0.9363,,0.850,0,
3586,5,80,fog-89,1,fog,3500.0,0.0000,0.0000,152,104.500,1.0000,0,0.9344,,0.850,0,
3587,5,80,fog-89,1,fog,3600.0,0.0000,0.0000,218,106.150,1.0000,0,0.9325,,0.850,0,
3588,5,80,fog-89,1,fog,3700.0,0.0000,0.0000,156,104.600,1.0000,0,0.9306,,0.850,0,
3589,5,80,fog-89,1,fog,3800.0,0.0000,0.0000,150,104.450,1.0000,0,0.9288,,0.850,0,
3590,5,80,fog-89,1,fog,3900.0,0.0000,0.0000,76,102.600,1.0000,0,0.9269,,0.850,0,
3591,5,80,fog-89,1,fog,4000.0,0.0000,0.0000,16,100.800,0.8097,0,0.9250,,0.850,0,
3592,5,80,fog-89,1,fog,4100.0,0.0000,0.0000,18,100.900,0.9339,0,0.9231,,0.850,0,
3593,5,80,fog-89,1,fog,4200.0,0.0000,0.0000,18,100.900,0.9339,0,0.9213,,0.850,0,
3594,5,80,fog-89,1,fog,4300.0,0.0000,0.0000,16,100.800,0.8097,0,0.9194,,0.850,0,
3595,5,80,fog-89,1,fog,4400.0,0.0000,0.0000,48,101.900,1.0000,0,0.9175,,0.850,0,
3596,5,80,fog-89,1,fog,4500.0,0.0000,0.0000,44,101.800,1.0000,0,0.9156,,0.850,0,
3597,5,80,fog-89,1,fog,4600.0,0.0000,0.0000,44,101.800,1.0000,0,0.9138,,0.850,0,
3598,5,80,fog-89,1,fog,4700.0,0.0000,0.0000,44,101.800,1.0000,0,0.9119,,0.850,0,
3599,5,80,fog-89,1,fog,4800.0,0.0000,0.0000,36,101.600,1.0000,0,0.9100,,0.850,0,
3600,5,80,fog-89,1,fog,4900.0,0.0000,0.0000,78,102.650,1.0000,0,0.9081,,0.850,0,
3601,5,80,fog-89,1,fog,5000.0,0.0000,0.0000,44,101.800,1.0000,0,0.9063,,0.850,0,
3602,5,81,fog-90,1,fog,0.0,0.0000,0.0000,0,100.000,,0,1.0000,,0.850,0,
3603,5,81,fog-90,1,fog,100.0,0.0000,0.0000,0,100.000,,0,0.9981,,0.850,0,
3604,5,81,fog-90,1,fog,200.0,0.0000,0.0000,0,100.000,,0,0.9963,,0.850,0,
3605,5,81,fog-90,1,fog,300.0,0.0000,0.0000,0,100.000,,0,0.9944,,0.850,0,
3606,5,81,fog-90,1,fog,400.0,0.0000,0.0000,0,100.000,,0,0.9925,,0.850,0,
3607,5,81,fog-90,1,fog,500.0,0.0000,0.0000,0,100.000,,0,0.9906,,0.850,0,
3608,5,81,fog-90,1,fog,600.0,0.0000,0.0000,0,100.000,,0,0.9888,,0.850,0,
3609,5,81,fog-90,1,fog,700.0,0.0000,0.0000,0,100.000,,0,0.9869,,0.850,0,
3610,5,81,fog-90,1,fog,800.0,0.0000,0.0000,0,100.000,,0,0.9850,,0.850,0,
3611,5,81,fog-90,1,fog,900.0,0.0000,0.0000,0,100.000,,0,0.9831,,0.850,0,
3612,5,81,fog-90,1,fog,1000.0,0.0000,0.0000,0,100.000,,0,0.9813,,0.850,0,
3613,5,81,fog-90,1,fog,1100.0,0.0000,0.0000,0,100.000,,0,0.9794,,0.850,0,
3614,5,81,fog-90,1,fog,1200.0,0.0000,0.0000,0,100.000,,0,0.9775,,0.850,0,
3615,5,81,fog-90,1,fog,1300.0,0.0000,0.0000,0,100.000,,0,0.9756,,0.850,0,
3616,5,81,fog-90,1,fog,1400.0,0.0000,0.0000,0,100.000,,0,0.9738,,0.850,0,
3617,5,81,fog-90,1,fog,1500.0,0.0000,0.0000,0,100.000,,0,0.9719,,0.850,0,
3618,5,81,fog-90,1,fog,1600.0,0.0000,0.0000,0,100.000,,0,0.9700,,0.850,0,
3619,5,81,fog-90,1,fog,1700.0,0.0000,0.0000,0,100.000,,0,0.9681,,0.850,0,
3620,5,81,fog-90,1,fog,1800.0,0.0000,0.0000,0,100.000,,0,0.9663,,0.850,0,
3621,5,81,fog-90,1,fog,1900.0,0.0000,0.0000,0,100.000,,0,0.9644,,0.850,0,
3622,5,81,fog-90,1,fog,2000.0,0.0000,0.0000,0,100.000,,0,0.9625,,0.850,0,
3623,5,81,fog-90,1,fog,2100.0,0.0000,0.0000,0,100.000,,0,0.9606,,0.850,0,
3624,5,81,fog-90,1,fog,2200.0,0.0000,0.0000,0,100.000,,0,0.9588,,0.850,0,
3625,5,81,fog-90,1,fog,2300.0,0.0000,0.0000,0,100.000,,0,0.9569,,0.850,0,
3626,5,81,fog-90,1,fog,2400.0,0.0000,0.0000,0,100.000,,0,0.9550,,0.850,0,
3627,5,81,fog-90,1,fog,2500.0,0.0000,0.0000,0,100.000,,0,0.9531,,0.850,0,
3628,5,81,fog-90,1,fog,2600.0,0.0000,0.0000,0,100.000,,0,0.9513,,0.850,0,
3629,5,81,fog-90,1,fog,2700.0,0.0000,0.0000,0,100.000,,0,0.9494,,0.850,0,
3630,5,81,fog-90,1,fog,2800.0,0.0000,0.0000,0,100.000,,0,0.9475,,0.850,0,
3631,5,81,fog-90,1,fog,2900.0,0.0000,0.0000,0,100.000,,0,0.9456,,0.850,0,
3632,5,81,fog-90,1,fog,3000.0,0.0000,0.0000,0,100.000,,0,0.9438,,0.850,0,
3633,5,81,fog-90,1,fog,3100.0,0.0000,0.0000,0,100.000,,0,0.9419,,0.850,0,
3634,5,81,fog-90,1,fog,3200.0,0.0000,0.0000,0,100.000,,0,0.9400,,0.850,0,
3635,5,81,fog-90,1,fog,3300.0,0.0000,0.0000,0,100.000,,0,0.9381,,0.850,0,
3636,5,81,fog-90,1,fog,3400.0,0.0000,0.0000,0,100.000,,0,0.9363,,0.850,0,
3637,5,81,fog-90,1,fog,3500.0,0.0000,0.0000,0,100.000,,0,0.9344,,0.850,0,
3638,5,81,fog-90,1,fog,3600.0,0.0000,0.0000,0,100.000,,0,0.9325,,0.850,0,
3639,5,81,fog-90,1,fog,3700.0,0.0000,0.0000,0,100.000,,0,0.9306,,0.850,0,
3640,5,81,fog-90,1,fog,3800.0,0.0000,0.0000,0,100.000,,0,0.9288,,0.850,0,
3641,5,81,fog-90,1,fog,3900.0,0.0000,0.0000,0,100.000,,0,0.9269,,0.850,0,
3642,5,81,fog-90,1,fog,4000.0,0.0000,0.0000,0,100.000,,0,0.9250,,0.850,0,
3643,5,81,fog-90,1,fog,4100.0,0.0000,0.0000,0,100.000,,0,0.9231,,0.850,0,
3644,5,81,fog-90,1,fog,4200.0,0.0000,0.0000,0,100.000,,0,0.9213,,0.850,0,
3645,5,81,fog-90,1,fog,4300.0,0.0000,0.0000,0,100.000,,0,0.9194,,0.850,0,
3646,5,81,fog-90,1,fog,4400.0,0.0000,0.0000,0,100.000,,0,0.9175,,0.850,0,
3647,5,81,fog-90,1,fog,4500.0,0.0000,0.0000,0,100.000,,0,0.9156,,0.850,0,
3648,5,81,fog-90,1,fog,4600.0,0.0000,0.0000,0,100.000,,0,0.9138,,0.850,0,
3649,5,81,fog-90,1,fog,4700.0,0.0000,0.0000,0,100.000,,0,0.9119,,0.850,0,
3650,5,81,fog-90,1,fog,4800.0,0.0000,0.0000,0,100.000,,0,0.9100,,0.850,0,
3651,5,81,fog-90,1,fog,4900.0,0.0000,0.0000,0,100.000,,0,0.9081,,0.850,0,
3652,5,81,fog-90,1,fog,5000.0,0.0000,0.0000,0,100.000,,0,0.9063,,0.850,0,
3653,5,82,fog-91,1,fog,0.0,0.0000,0.0000,0,100.000,,0,1.0000,,0.850,0,1281.3
3654,5,82,fog-91,1,fog,100.0,0.0000,0.0000,11,100.550,1.0000,0,0.9981,,0.850,0,1281.3
3655,5,82,fog-91,1,fog,200.0,0.0000,0.0000,17,100.850,0.8741,0,0.9963,,0.850,0,1281.3
3656,5,82,fog-91,1,fog,300.0,0.0000,0.0000,0,100.000,,0,0.9944,,0.850,0,1281.3
3657,5,82,fog-91,1,fog,400.0,0.0000,0.0000,50,101.950,1.0000,0,0.9925,,0.850,0,1281.3
3658,5,82,fog-91,1,fog,500.0,0.0000,0.0000,108,103.400,1.0000,0,0.9906,,0.850,0,1281.3
3659,5,82,fog-91,1,fog,600.0,0.0000,0.0000,116,103.600,1.0000,0,0.9888,,0.850,0,1281.3
3660,5,82,fog-91,1,fog,700.0,0.0000,0.0000,186,105.350,1.0000,0,0.9869,,0.850,0,1281.3
3661,5,82,fog-91,1,fog,800.0,0.0000,0.0000,146,104.350,1.0000,0,0.9850,,0.850,0,1281.3
3662,5,82,fog-91,1,fog,900.0,0.0000,0.0000,150,104.450,1.0000,0,0.9831,,0.850,0,1281.3
3663,5,82,fog-91,1,fog,1000.0,0.0000,0.0000,74,102.550,1.0000,0,0.9813,,0.850,0,1281.3
3664,5,82,fog-91,1,fog,1100.0,0.0000,0.0000,18,100.900,0.9339,0,0.9794,,0.850,1,1281.3
3665,5,82,fog-91,1,fog,1200.0,0.0000,0.0000,17,100.850,0.8741,0,0.9775,,0.850,1,1281.3
3666,5,83,fog-92,1,fog,0.0,0.0000,0.0000,0,100.000,,0,1.0000,,0.850,0,
3667,5,83,fog-92,1,fog,100.0,0.0000,0.0000,6,100.300,1.0000,0,0.9981,,0.850,0,
3668,5,83,fog-92,1,fog,200.0,0.0000,0.0000,0,100.000,,0,0.9963,,0.850,0,
3669,5,83,fog-92,1,fog,300.0,0.0000,0.0000,0,100.000,,0,0.9944,,0.850,0,
3670,5,83,fog-92,1,fog,400.0,0.0000,0.0000,0,100.000,,0,0.9925,,0.850,0,
3671,5,83,fog-92,1,fog,500.0,0.0000,0.0000,0,100.000,,0,0.9906,,0.850,0,
3672,5,83,fog-92,1,fog,600.0,0.0000,0.0000,0,100.000,,0,0.9888,,0.850,0,
3673,5,83,fog-92,1,fog,700.0,0.0000,0.0000,0,100.000,,0,0.9869,,0.850,0,
3674,5,83,fog-92,1,fog,800.0,0.0000,0.0000,0,100.000,,0,0.9850,,0.850,0,
3675,5,83,fog-92,1,fog,900.0,0.0000,0.0000,0,100.000,,0,0.9831,,0.850,0,
3676,5,83,fog-92,1,fog,1000.0,0.0000,0.0000,0,100.000,,0,0.9813,,0.850,0,
3677,5,83,fog-92,1,fog,1100.0,0.0000,0.0000,0,100.000,,0,0.9794,,0.850,0,
3678,5,83,fog-92,1,fog,1200.0,0.0000,0.0000,0,100.000,,0,0.9775,,0.850,0,
3679,5,83,fog-92,1,fog,1300.0,0.0000,0.0000,0,100.000,,0,0.9756,,0.850,0,
3680,5,83,fog-92,1,fog,1400.0,0.0000,0.0000,19,100.950,0.9900,0,0.9738,,0.850,0,
3681,5,83,fog-92,1,fog,1500.0,0.0000,0.0000,0,100.000,,0,0.9719,,0.850,0,
3682,5,83,fog-92,1,fog,1600.0,0.0000,0.0000,0,100.000,,0,0.9700,,0.850,0,
3683,5,83,fog-92,1,fog,1700.0,0.0000,0.0000,0,100.000,,0,0.9681,,0.850,0,
3684,5,83,fog-92,1,fog,1800.0,0.0000,0.0000,0,100.000,,0,0.9663,,0.850,0,
3685,5,83,fog-92,1,fog,1900.0,0.0000,0.0000,0,100.000,,0,0.9644,,0.850,0,
3686,5,83,fog-92,1,fog,2000.0,0.0000,0.0000,0,100.000,,0,0.9625,,0.850,0,
3687,5,83,fog-92,1,fog,2100.0,0.0000,0.0000,0,100.000,,0,0.9606,,0.850,0,
3688,5,83,fog-92,1,fog,2200.0,0.0000,0.0000,0,100.000,,0,0.9588,,0.850,0,
3689,5,83,fog-92,1,fog,2300.0,0.0000,0.0000,0,100.000,,0,0.9569,,0.850,0,
3690,5,83,fog-92,1,fog,2400.0,0.0000,0.0000,0,100.000,,0,0.9550,,0.850,0,
3691,5,83,fog-92,1,fog,2500.0,0.0000,0.0000,0,100.000,,0,0.9531,,0.850,0,
3692,5,83,fog-92,1,fog,2600.0,0.0000,0.0000,0,100.000,,0,0.9513,,0.850,0,
3693,5,83,fog-92,1,fog,2700.0,0.0000,0.0000,0,100.000,,0,0.9494,,0.850,0,
3694,5,83,fog-92,1,fog,2800.0,0.0000,0.0000,0,100.000,,0,0.9475,,0.850,0,
3695,5,83,fog-92,1,fog,2900.0,0.0000,0.0000,0,100.000,,0,0.9456,,0.850,0,
3696,5,83,fog-92,1,fog,3000.0,0.0000,0.0000,0,100.000,,0,0.9438,,0.850,0,
3697,5,83,fog-92,1,fog,3100.0,0.0000,0.0000,0,100.000,,0,0.9419,,0.850,0,
3698,5,83,fog-92,1,fog,3200.0,0.0000,0.0000,0,100.000,,0,0.9400,,0.850,0,
3699,5,83,fog-92,1,fog,3300.0,0.0000,0.0000,0,100.000,,0,0.9381,,0.850,0,
3700,5,83,fog-92,1,fog,3400.0,0.0000,0.0000,0,100.000,,0,0.9363,,0.850,0,
3701,5,83,fog-92,1,fog,3500.0,0.0000,0.0000,0,100.000,,0,0.9344,,0.850,0,
3702,5,83,fog-92,1,fog,3600.0,0.0000,0.0000,0,100.000,,0,0.9325,,0.850,0,
3703,5,83,fog-92,1,fog,3700.0,0.0000,0.0000,0,100.000,,0,0.9306,,0.850,0,
3704,5,83,fog-92,1,fog,3800.0,0.0000,0.0000,0,100.000,,0,0.9288,,0.850,0,
3705,5,83,fog-92,1,fog,3900.0,0.0000,0.0000,0,100.000,,0,0.9269,,0.850,0,
3706,5,83,fog-92,1,fog,4000.0,0.0000,0.0000,0,100.000,,0,0.9250,,0.850,0,
3707,5,83,fog-92,1,fog,4100.0,0.0000,0.0000,0,100.000,,0,0.9231,,0.850,0,
3708,5,83,fog-92,1,fog,4200.0,0.0000,0.0000,0,100.000,,0,0.9213,,0.850,0,
3709,5,83,fog-92,1,fog,4300.0,0.0000,0.0000,0,100.000,,0,0.9194,,0.850,0,
3710,5,83,fog-92,1,fog,4400.0,0.0000,0.0000,0,100.000,,0,0.9175,,0.850,0,
3711,5,83,fog-92,1,fog,4500.0,0.0000,0.0000,0,100.000,,0,0.9156,,0.850,0,
3712,5,83,fog-92,1,fog,4600.0,0.0000,0.0000,18,100.900,0.9339,0,0.9138,,0.850,0,
3713,5,83,fog-92,1,fog,4700.0,0.0000,0.0000,0,100.000,,0,0.9119,,0.850,0,
3714,5,83,fog-92,1,fog,4800.0,0.0000,0.0000,0,100.000,,0,0.9100,,0.850,0,
3715,5,83,fog-92,1,fog,4900.0,0.0000,0.0000,0,100.000,,0,0.9081,,0.850,0,
3716,5,83,fog-92,1,fog,5000.0,0.0000,0.0000,0,100.000,,0,0.9063,,0.850,0,
3717,5,84,fog-93,1,fog,0.0,0.0000,0.0000,0,100.000,,0,1.0000,,0.850,0,
3718,5,84,fog-93,1,fog,100.0,0.0000,0.0000,0,100.000,,0,0.9981,,0.850,0,
3719,5,84,fog-93,1,fog,200.0,0.0000,0.0000,0,100.000,,0,0.9963,,0.850,0,
3720,5,84,fog-93,1,fog,300.0,0.0000,0.0000,0,100.000,,0,0.9944,,0.850,0,
3721,5,84,fog-93,1,fog,400.0,0.0000,0.0000,0,100.000,,0,0.9925,,0.850,0,
3722,5,84,fog-93,1,fog,500.0,0.0000,0.0000,0,100.000,,0,0.9906,,0.850,0,
3723,5,84,fog-93,1,fog,600.0,0.0000,0.0000,0,100.000,,0,0.9888,,0.850,0,
3724,5,84,fog-93,1,fog,700.0,0.0000,0.0000,0,100.000,,0,0.9869,,0.850,0,
3725,5,84,fog-93,1,fog,800.0,0.0000,0.0000,0,100.000,,0,0.9850,,0.850,0,
3726,5,84,fog-93,1,fog,900.0,0.0000,0.0000,0,100.000,,0,0.9831,,0.850,0,
3727,5,84,fog-93,1,fog,1000.0,0.0000,0.0000,0,100.000,,0,0.9813,,0.850,0,
3728,5,84,fog-93,1,fog,1100.0,0.0000,0.0000,0,100.000,,0,0.9794,,0.850,0,
3729,5,84,fog-93,1,fog,1200.0,0.0000,0.0000,0,100.000,,0,0.9775,,0.850,0,
3730,5,84,fog-93,1,fog,1300.0,0.0000,0.0000,0,100.000,,0,0.9756,,0.850,0,
3731,5,84,fog-93,1,fog,1400.0,0.0000,0.0000,0,100.000,,0,0.9738,,0.850,0,
3732,5,84,fog-93,1,fog,1500.0,0.0000,0.0000,0,100.000,,0,0.9719,,0.850,0,
3733,5,84,fog-93,1,fog,1600.0,0.0000,0.0000,0,100.000,,0,0.9700,,0.850,0,
3734,5,84,fog-93,1,fog,1700.0,0.0000,0.0000,0,100.000,,0,0.9681,,0.850,0,
3735,5,84,fog-93,1,fog,1800.0,0.0000,0.0000,0,100.000,,0,0.9663,,0.850,0,
3736,5,84,fog-93,1,fog,1900.0,0.0000,0.0000,0,100.000,,0,0.9644,,0.850,0,
3737,5,84,fog-93,1,fog,2000.0,0.0000,0.0000,0,100.000,,0,0.9625,,0.850,0,
3738,5,84,fog-93,1,fog,2100.0,0.0000,0.0000,0,100.000,,0,0.9606,,0.850,0,
3739,5,84,fog-93,1,fog,2200.0,0.0000,0.0000,0,100.000,,0,0.9588,,0.850,0,
3740,5,84,fog-93,1,fog,2300.0,0.0000,0.0000,0,100.000,,0,0.9569,,0.850,0,
3741,5,84,fog-93,1,fog,2400.0,0.0000,0.0000,0,100.000,,0,0.9550,,0.850,0,
3742,5,84,fog-93,1,fog,2500.0,0.0000,0.0000,0,100.000,,0,0.9531,,0.850,0,
3743,5,84,fog-93,1,fog,2600.0,0.0000,0.0000,0,100.000,,0,0.9513,,0.850,0,
3744,5,84,fog-93,1,fog,2700.0,0.0000,0.0000,0,100.000,,0,0.9494,,0.850,0,
3745,5,84,fog-93,1,fog,2800.0,0.0000,0.0000,0,100.000,,0,0.9475,,0.850,0,
3746,5,84,fog-93,1,fog,2900.0,0.0000,0.0000,0,100.000,,0,0.9456,,0.850,0,
3747,5,84,fog-93,1,fog,3000.0,0.0000,0.0000,0,100.000,,0,0.9438,,0.850,0,
3748,5,84,fog-93,1,fog,3100.0,0.0000,0.0000,0,100.000,,0,0.9419,,0.850,0,
3749,5,84,fog-93,1,fog,3200.0,0.0000,0.0000,0,100.000,,0,0.9400,,0.850,0,
3750,5,84,fog-93,1,fog,3300.0,0.0000,0.0000,0,100.000,,0,0.9381,,0.850,0,
3751,5,84,fog-93,1,fog,3400.0,0.0000,0.0000,0,100.000,,0,0.9363,,0.850,0,
3752,5,84,fog-93,1,fog,3500.0,0.0000,0.0000,0,100.000,,0,0.9344,,0.850,0,
3753,5,84,fog-93,1,fog,3600.0,0.0000,0.0000,0,100.000,,0,0.9325,,0.850,0,
3754,5,84,fog-93,1,fog,3700.0,0.0000,0.0000,0,100.000,,0,0.9306,,0.850,0,
3755,5,84,fog-93,1,fog,3800.0,0.0000,0.0000,0,100.000,,0,0.9288,,0.850,0,
3756,5,84,fog-93,1,fog,3900.0,0.0000,0.0000,0,100.000,,0,0.9269,,0.850,0,
3757,5,84,fog-93,1,fog,4000.0,0.0000,0.0000,0,100.000,,0,0.9250,,0.850,0,
3758,5,84,fog-93,1,fog,4100.0,0.0000,0.0000,0,100.000,,0,0.9231,,0.850,0,
3759,5,84,fog-93,1,fog,4200.0,0.0000,0.0000,0,100.000,,0,0.9213,,0.850,0,
3760,5,84,fog-93,1,fog,4300.0,0.0000,0.0000,0,100.000,,0,0.9194,,0.850,0,
3761,5,84,fog-93,1,fog,4400.0,0.0000,0.0000,0,100.000,,0,0.9175,,0.850,0,
3762,5,84,fog-93,1,fog,4500.0,0.0000,0.0000,0,100.000,,0,0.9156,,0.850,0,
3763,5,84,fog-93,1,fog,4600.0,0.0000,0.0000,0,100.000,,0,0.9138,,0.850,0,
3764,5,84,fog-93,1,fog,4700.0,0.0000,0.0000,0,100.000,,0,0.9119,,0.850,0,
3765,5,84,fog-93,1,fog,4800.0,0.0000,0.0000,0,100.000,,0,0.9100,,0.850,0,
3766,5,84,fog-93,1,fog,4900.0,0.0000,0.0000,0,100.000,,0,0.9081,,0.850,0,
3767,5,84,fog-93,1,fog,5000.0,0.0000,0.0000,0,100.000,,0,0.9063,,0.850,0,
3768,5,85,fog-94,1,fog,0.0,0.0000,0.0000,0,100.000,,0,1.0000,,0.850,0,
3769,5,85,fog-94,1,fog,100.0,0.0000,0.0000,0,100.000,,0,0.9981,,0.850,0,
3770,5,85,fog-94,1,fog,200.0,0.0000,0.0000,0,100.000,,0,0.9963,,0.850,0,
3771,5,85,fog-94,1,fog,300.0,0.0000,0.0000,0,100.000,,0,0.9944,,0.850,0,
3772,5,85,fog-94,1,fog,400.0,0.0000,0.0000,0,100.000,,0,0.9925,,0.850,0,
3773,5,85,fog-94,1,fog,500.0,0.0000,0.0000,0,100.000,,0,0.9906,,0.850,0,
3774,5,85,fog-94,1,fog,600.0,0.0000,0.0000,0,100.000,,0,0.9888,,0.850,0,
3775,5,85,fog-94,1,fog,700.0,0.0000,0.0000,0,100.000,,0,0.9869,,0.850,0,
3776,5,85,fog-94,1,fog,800.0,0.0000,0.0000,0,100.000,,0,0.9850,,0.850,0,
3777,5,85,fog-94,1,fog,900.0,0.0000,0.0000,0,100.000,,0,0.9831,,0.850,0,
3778,5,85,fog-94,1,fog,1000.0,0.0000,0.0000,0,100.000,,0,0.9813,,0.850,0,
3779,5,85,fog-94,1,fog,1100.0,0.0000,0.0000,0,100.000,,0,0.9794,,0.850,0,
3780,5,85,fog-94,1,fog,1200.0,0.0000,0.0000,0,100.000,,0,0.9775,,0.850,0,
3781,5,85,fog-94,1,fog,1300.0,0.0000,0.0000,0,100.000,,0,0.9756,,0.850,0,
3782,5,85,fog-94,1,fog,1400.0,0.0000,0.0000,0,100.000,,0,0.9738,,0.850,0,
3783,5,85,fog-94,1,fog,1500.0,0.0000,0.0000,0,100.000,,0,0.9719,,0.850,0,
3784,5,85,fog-94,1,fog,1600.0,0.0000,0.0000,0,100.000,,0,0.9700,,0.850,0,
3785,5,85,fog-94,1,fog,1700.0,0.0000,0.0000,0,100.000,,0,0.9681,,0.850,0,
3786,5,85,fog-94,1,fog,1800.0,0.0000,0.0000,0,100.000,,0,0.9663,,0.850,0,
3787,5,85,fog-94,1,fog,1900.0,0.0000,0.0000,0,100.000,,0,0.9644,,0.850,0,
3788,5,85,fog-94,1,fog,2000.0,0.0000,0.0000,0,100.000,,0,0.9625,,0.850,0,
3789,5,85,fog-94,1,fog,2100.0,0.0000,0.0000,0,100.000,,0,0.9606,,0.850,0,
3790,5,85,fog-94,1,fog,2200.0,0.0000,0.0000,0,100.000,,0,0.9588,,0.850,0,
3791,5,85,fog-94,1,fog,2300.0,0.0000,0.0000,0,100.000,,0,0.9569,,0.850,0,
3792,5,85,fog-94,1,fog,2400.0,0.0000,0.0000,0,100.000,,0,0.9550,,0.850,0,
3793,5,85,fog-94,1,fog,2500.0,0.0000,0.0000,0,100.000,,0,0.9531,,0.850,0,
3794,5,85,fog-94,1,fog,2600.0,0.0000,0.0000,0,100.000,,0,0.9513,,0.850,0,
3795,5,85,fog-94,1,fog,2700.0,0.0000,0.0000,0,100.000,,0,0.9494,,0.850,0,
3796,5,85,fog-94,1,fog,2800.0,0.0000,0.0000,0,100.000,,0,0.9475,,0.850,0,
3797,5,85,fog-94,1,fog,2900.0,0.0000,0.0000,0,100.000,,0,0.9456,,0.850,0,
3798,5,85,fog-94,1,fog,3000.0,0.0000,0.0000,0,100.000,,0,0.9438,,0.850,0,
3799,5,85,fog-94,1,fog,3100.0,0.0000,0.0000,0,100.000,,0,0.9419,,0.850,0,
3800,5,85,fog-94,1,fog,3200.0,0.0000,0.0000,0,100.000,,0,0.9400,,0.850,0,
3801,5,85,fog-94,1,fog,3300.0,0.0000,0.0000,0,100.000,,0,0.9381,,0.850,0,
3802,5,85,fog-94,1,fog,3400.0,0.0000,0.0000,0,100.000,,0,0.9363,,0.850,0,
3803,5,85,fog-94,1,fog,3500.0,0.0000,0.0000,0,100.000,,0,0.9344,,0.850,0,
3804,5,85,fog-94,1,fog,3600.0,0.0000,0.0000,0,100.000,,0,0.9325,,0.850,0,
3805,5,85,fog-94,1,fog,3700.0,0.0000,0.0000,0,100.000,,0,0.9306,,0.850,0,
3806,5,85,fog-94,1,fog,3800.0,0.0000,0.0000,0,100.000,,0,0.9288,,0.850,0,
3807,5,85,fog-94,1,fog,3900.0,0.0000,0.0000,0,100.000,,0,0.9269,,0.850,0,
3808,5,85,fog-94,1,fog,4000.0,0.0000,0.0000,0,100.000,,0,0.9250,,0.850,0,
3809,5,85,fog-94,1,fog,4100.0,0.0000,0.0000,0,100.000,,0,0.9231,,0.850,0,
3810,5,85,fog-94,1,fog,4200.0,0.0000,0.0000,0,100.000,,0,0.9213,,0.850,0,
3811,5,85,fog-94,1,fog,4300.0,0.0000,0.0000,0,100.000,,0,0.9194,,0.850,0,
3812,5,85,fog-94,1,fog,4400.0,0.0000,0.0000,0,100.000,,0,0.9175,,0.850,0,
3813,5,85,fog-94,1,fog,4500.0,0.0000,0.0000,0,100.000,,0,0.9156,,0.850,0,
3814,5,85,fog-94,1,fog,4600.0,0.0000,0.0000,0,100.000,,0,0.9138,,0.850,0,
3815,5,85,fog-94,1,fog,4700.0,0.0000,0.0000,0,100.000,,0,0.9119,,0.850,0,
3816,5,85,fog-94,1,fog,4800.0,0.0000,0.0000,0,100.000,,0,0.9100,,0.850,0,
3817,5,85,fog-94,1,fog,4900.0,0.0000,0.0000,0,100.000,,0,0.9081,,0.850,0,
3818,5,85,fog-94,1,fog,5000.0,0.0000,0.0000,0,100.000,,0,0.9063,,0.850,0,
3819,5,86,fog-95,1,fog,0.0,0.0000,0.0000,0,100.000,,0,1.0000,,0.850,0,
3820,5,86,fog-95,1,fog,100.0,0.0000,0.0000,0,100.000,,0,0.9981,,0.850,0,
3821,5,86,fog-95,1,fog,200.0,0.0000,0.0000,0,100.000,,0,0.9963,,0.850,0,
3822,5,86,fog-95,1,fog,300.0,0.0000,0.0000,0,100.000,,0,0.9944,,0.850,0,
3823,5,86,fog-95,1,fog,400.0,0.0000,0.0000,0,100.000,,0,0.9925,,0.850,0,
3824,5,86,fog-95,1,fog,500.0,0.0000,0.0000,0,100.000,,0,0.9906,,0.850,0,
3825,5,86,fog-95,1,fog,600.0,0.0000,0.0000,0,100.000,,0,0.9888,,0.850,0,
3826,5,86,fog-95,1,fog,700.0,0.0000,0.0000,0,100.000,,0,0.9869,,0.850,0,
3827,5,86,fog-95,1,fog,800.0,0.0000,0.0000,0,100.000,,0,0.9850,,0.850,0,
3828,5,86,fog-95,1,fog,900.0,0.0000,0.0000,0,100.000,,0,0.9831,,0.850,0,
3829,5,86,fog-95,1,fog,1000.0,0.0000,0.0000,0,100.000,,0,0.9813,,0.850,0,
3830,5,86,fog-95,1,fog,1100.0,0.0000,0.0000,0,100.000,,0,0.9794,,0.850,0,
3831,5,86,fog-95,1,fog,1200.0,0.0000,0.0000,0,100.000,,0,0.9775,,0.850,0,
3832,5,86,fog-95,1,fog,1300.0,0.0000,0.0000,0,100.000,,0,0.9756,,0.850,0,
3833,5,86,fog-95,1,fog,1400.0,0.0000,0.0000,0,100.000,,0,0.9738,,0.850,0,
3834,5,86,fog-95,1,fog,1500.0,0.0000,0.0000,0,100.000,,0,0.9719,,0.850,0,
3835,5,86,fog-95,1,fog,1600.0,0.0000,0.0000,0,100.000,,0,0.9700,,0.850,0,
3836,5,86,fog-95,1,fog,1700.0,0.0000,0.0000,0,100.000,,0,0.9681,,0.850,0,
3837,5,86,fog-95,1,fog,1800.0,0.0000,0.0000,20,101.000,1.0000,0,0.9663,,0.850,0,
3838,5,86,fog-95,1,fog,1900.0,0.0000,0.0000,0,100.000,,0,0.9644,,0.850,0,
3839,5,86,fog-95,1,fog,2000.0,0.0000,0.0000,0,100.000,,0,0.9625,,0.850,0,
3840,5,86,fog-95,1,fog,2100.0,0.0000,0.0000,0,100.000,,0,0.9606,,0.850,0,
3841,5,86,fog-95,1,fog,2200.0,0.0000,0.0000,0,100.000,,0,0.9588,,0.850,0,
3842,5,86,fog-95,1,fog,2300.0,0.0000,0.0000,0,100.000,,0,0.9569,,0.850,0,
3843,5,86,fog-95,1,fog,2400.0,0.0000,0.0000,0,100.000,,0,0.9550,,0.850,0,
3844,5,86,fog-95,1,fog,2500.0,0.0000,0.0000,0,100.000,,0,0.9531,,0.850,0,
3845,5,86,fog-95,1,fog,2600.0,0.0000,0.0000,0,100.000,,0,0.9513,,0.850,0,
3846,5,86,fog-95,1,fog,2700.0,0.0000,0.0000,0,100.000,,0,0.9494,,0.850,0,
3847,5,86,fog-95,1,fog,2800.0,0.0000,0.0000,0,100.000,,0,0.9475,,0.850,0,
3848,5,86,fog-95,1,fog,2900.0,0.0000,0.0000,0,100.000,,0,0.9456,,0.850,0,
3849,5,86,fog-95,1,fog,3000.0,0.0000,0.0000,0,100.000,,0,0.9438,,0.850,0,
3850,5,86,fog-95,1,fog,3100.0,0.0000,0.0000,0,100.000,,0,0.9419,,0.850,0,
3851,5,86,fog-95,1,fog,3200.0,0.0000,0.0000,0,100.000,,0,0.9400,,0.850,0,
3852,5,86,fog-95,1,fog,3300.0,0.0000,0.0000,0,100.000,,0,0.9381,,0.850,0,
3853,5,86,fog-95,1,fog,3400.0,0.0000,0.0000,20,101.000,1.0000,0,0.9363,,0.850,0,
3854,5,86,fog-95,1,fog,3500.0,0.0000,0.0000,0,100.000,,0,0.9344,,0.850,0,
3855,5,86,fog-95,1,fog,3600.0,0.0000,0.0000,0,100.000,,0,0.9325,,0.850,0,
3856,5,86,fog-95,1,fog,3700.0,0.0000,0.0000,0,100.000,,0,0.9306,,0.850,0,
3857,5,86,fog-95,1,fog,3800.0,0.0000,0.0000,0,100.000,,0,0.9288,,0.850,0,
3858,5,86,fog-95,1,fog,3900.0,0.0000,0.0000,0,100.000,,0,0.9269,,0.850,0,
3859,5,86,fog-95,1,fog,4000.0,0.0000,0.0000,0,100.000,,0,0.9250,,0.850,0,
3860,5,86,fog-95,1,fog,4100.0,0.0000,0.0000,0,100.000,,0,0.9231,,0.850,0,
3861,5,86,fog-95,1,fog,4200.0,0.0000,0.0000,0,100.000,,0,0.9213,,0.850,0,
3862,5,86,fog-95,1,fog,4300.0,0.0000,0.0000,0,100.000,,0,0.9194,,0.850,0,
3863,5,86,fog-95,1,fog,4400.0,0.0000,0.0000,0,100.000,,0,0.9175,,0.850,0,
3864,5,86,fog-95,1,fog,4500.0,0.0000,0.0000,0,100.000,,0,0.9156,,0.850,0,
3865,5,86,fog-95,1,fog,4600.0,0.0000,0.0000,0,100.000,,0,0.9138,,0.850,0,
3866,5,86,fog-95,1,fog,4700.0,0.0000,0.0000,0,100.000,,0,0.9119,,0.850,0,
3867,5,86,fog-95,1,fog,4800.0,0.0000,0.0000,0,100.000,,0,0.9100,,0.850,0,
3868,5,86,fog-95,1,fog,4900.0,0.0000,0.0000,0,100.000,,0,0.9081,,0.850,0,
3869,5,86,fog-95,1,fog,5000.0,0.0000,0.0000,17,100.850,0.8741,0,0.9063,,0.850,0,
3870,5,87,fog-96,1,fog,0.0,0.0000,0.0000,0,100.000,,0,1.0000,,0.850,0,
3871,5,87,fog-96,1,fog,100.0,0.0000,0.0000,11,100.550,1.0000,0,0.9981,,0.850,0,
3872,5,87,fog-96,1,fog,200.0,0.0000,0.0000,44,101.800,1.0000,0,0.9963,,0.850,0,
3873,5,87,fog-96,1,fog,300.0,0.0000,0.0000,50,101.950,1.0000,0,0.9944,,0.850,0,
3874,5,87,fog-96,1,fog,400.0,0.0000,0.0000,46,101.850,1.0000,0,0.9925,,0.850,0,
3875,5,87,fog-96,1,fog,500.0,0.0000,0.0000,46,101.850,1.0000,0,0.9906,,0.850,0,
3876,5,87,fog-96,1,fog,600.0,0.0000,0.0000,38,101.650,1.0000,0,0.9888,,0.850,0,
3877,5,87,fog-96,1,fog,700.0,0.0000,0.0000,19,100.950,0.9900,0,0.9869,,0.850,0,
3878,5,87,fog-96,1,fog,800.0,0.0000,0.0000,19,100.950,0.9900,0,0.9850,,0.850,0,
3879,5,87,fog-96,1,fog,900.0,0.0000,0.0000,19,100.950,0.9900,0,0.9831,,0.850,0,
3880,5,87,fog-96,1,fog,1000.0,0.0000,0.0000,19,100.950,0.9900,0,0.9813,,0.850,0,
3881,5,87,fog-96,1,fog,1100.0,0.0000,0.0000,18,100.900,0.9339,0,0.9794,,0.850,0,
3882,5,87,fog-96,1,fog,1200.0,0.0000,0.0000,18,100.900,0.9339,0,0.9775,,0.850,0,
3883,5,87,fog-96,1,fog,1300.0,0.0000,0.0000,19,100.950,0.9900,0,0.9756,,0.850,0,
3884,5,87,fog-96,1,fog,1400.0,0.0000,0.0000,0,100.000,,0,0.9738,,0.850,0,
3885,5,87,fog-96,1,fog,1500.0,0.0000,0.0000,0,100.000,,0,0.9719,,0.850,0,
3886,5,87,fog-96,1,fog,1600.0,0.0000,0.0000,0,100.000,,0,0.9700,,0.850,0,
3887,5,87,fog-96,1,fog,1700.0,0.0000,0.0000,0,100.000,,0,0.9681,,0.850,0,
3888,5,87,fog-96,1,fog,1800.0,0.0000,0.0000,0,100.000,,0,0.9663,,0.850,0,
3889,5,87,fog-96,1,fog,1900.0,0.0000,0.0000,0,100.000,,0,0.9644,,0.850,0,
3890,5,87,fog-96,1,fog,2000.0,0.0000,0.0000,19,100.950,0.9900,0,0.9625,,0.850,0,
3891,5,87,fog-96,1,fog,2100.0,0.0000,0.0000,19,100.950,0.9900,0,0.9606,,0.850,0,
3892,5,87,fog-96,1,fog,2200.0,0.0000,0.0000,20,101.000,1.0000,0,0.9588,,0.850,0,
3893,5,87,fog-96,1,fog,2300.0,0.0000,0.0000,17,100.850,0.8741,0,0.9569,,0.850,0,
3894,5,87,fog-96,1,fog,2400.0,0.0000,0.0000,16,100.800,0.8097,0,0.9550,,0.850,0,
3895,5,87,fog-96,1,fog,2500.0,0.0000,0.0000,18,100.900,0.9339,0,0.9531,,0.850,0,
3896,5,87,fog-96,1,fog,2600.0,0.0000,0.0000,15,100.750,0.9437,0,0.9513,,0.850,0,
3897,5,87,fog-96,1,fog,2700.0,0.0000,0.0000,17,100.850,0.8741,0,0.9494,,0.850,0,
3898,5,87,fog-96,1,fog,2800.0,0.0000,0.0000,15,100.750,0.9437,0,0.9475,,0.850,0,
3899,5,87,fog-96,1,fog,2900.0,0.0000,0.0000,0,100.000,,0,0.9456,,0.850,0,
3900,5,87,fog-96,1,fog,3000.0,0.0000,0.0000,0,100.000,,0,0.9438,,0.850,0,
3901,5,87,fog-96,1,fog,3100.0,0.0000,0.0000,0,100.000,,0,0.9419,,0.850,0,
3902,5,87,fog-96,1,fog,3200.0,0.0000,0.0000,0,100.000,,0,0.9400,,0.850,0,
3903,5,87,fog-96,1,fog,3300.0,0.0000,0.0000,0,100.000,,0,0.9381,,0.850,0,
3904,5,87,fog-96,1,fog,3400.0,0.0000,0.0000,0,100.000,,0,0.9363,,0.850,0,
3905,5,87,fog-96,1,fog,3500.0,0.0000,0.0000,0,100.000,,0,0.9344,,0.850,0,
3906,5,87,fog-96,1,fog,3600.0,0.0000,0.0000,0,100.000,,0,0.9325,,0.850,0,
3907,5,87,fog-96,1,fog,3700.0,0.0000,0.0000,0,100.000,,0,0.9306,,0.850,0,
3908,5,87,fog-96,1,fog,3800.0,0.0000,0.0000,18,100.900,0.9339,0,0.9288,,0.850,0,
3909,5,87,fog-96,1,fog,3900.0,0.0000,0.0000,18,100.900,0.9339,0,0.9269,,0.850,0,
3910,5,87,fog-96,1,fog,4000.0,0.0000,0.0000,18,100.900,0.9339,0,0.9250,,0.850,0,
3911,5,87,fog-96,1,fog,4100.0,0.0000,0.0000,20,101.000,1.0000,0,0.9231,,0.850,0,
3912,5,87,fog-96,1,fog,4200.0,0.0000,0.0000,18,100.900,0.9339,0,0.9213,,0.850,0,
3913,5,87,fog-96,1,fog,4300.0,0.0000,0.0000,16,100.800,0.8097,0,0.9194,,0.850,0,
3914,5,87,fog-96,1,fog,4400.0,0.0000,0.0000,15,100.750,0.7396,0,0.9175,,0.850,0,
3915,5,87,fog-96,1,fog,4500.0,0.0000,0.0000,17,100.850,0.8741,0,0.9156,,0.850,0,
3916,5,87,fog-96,1,fog,4600.0,0.0000,0.0000,18,100.900,0.9339,0,0.9138,,0.850,0,
3917,5,87,fog-96,1,fog,4700.0,0.0000,0.0000,0,100.000,,0,0.9119,,0.850,0,
3918,5,87,fog-96,1,fog,4800.0,0.0000,0.0000,0,100.000,,0,0.9100,,0.850,0,
3919,5,87,fog-96,1,fog,4900.0,0.0000,0.0000,0,100.000,,0,0.9081,,0.850,0,
3920,5,87,fog-96,1,fog,5000.0,0.0000,0.0000,0,100.000,,0,0.9063,,0.850,0,
3921,5,88,fog-97,1,fog,0.0,0.0000,0.0000,0,100.000,,0,1.0000,,0.850,0,
3922,5,88,fog-97,1,fog,100.0,0.0000,0.0000,0,100.000,,0,0.9981,,0.850,0,
3923,5,88,fog-97,1,fog,200.0,0.0000,0.0000,0,100.000,,0,0.9963,,0.850,0,
3924,5,88,fog-97,1,fog,300.0,0.0000,0.0000,19,100.950,0.9900,0,0.9944,,0.850,0,
3925,5,88,fog-97,1,fog,400.0,0.0000,0.0000,0,100.000,,0,0.9925,,0.850,0,
3926,5,88,fog-97,1,fog,500.0,0.0000,0.0000,0,100.000,,0,0.9906,,0.850,0,
3927,5,88,fog-97,1,fog,600.0,0.0000,0.0000,0,100.000,,0,0.9888,,0.850,0,
3928,5,88,fog-97,1,fog,700.0,0.0000,0.0000,0,100.000,,0,0.9869,,0.850,0,
3929,5,88,fog-97,1,fog,800.0,0.0000,0.0000,15,100.750,0.8585,0,0.9850,,0.850,0,
3930,5,88,fog-97,1,fog,900.0,0.0000,0.0000,0,100.000,,0,0.9831,,0.850,0,
3931,5,88,fog-97,1,fog,1000.0,0.0000,0.0000,0,100.000,,0,0.9813,,0.850,0,
3932,5,88,fog-97,1,fog,1100.0,0.0000,0.0000,0,100.000,,0,0.9794,,0.850,0,
3933,5,88,fog-97,1,fog,1200.0,0.0000,0.0000,0,100.000,,0,0.9775,,0.850,0,
3934,5,88,fog-97,1,fog,1300.0,0.0000,0.0000,0,100.000,,0,0.9756,,0.850,0,
3935,5,88,fog-97,1,fog,1400.0,0.0000,0.0000,0,100.000,,0,0.9738,,0.850,0,
3936,5,88,fog-97,1,fog,1500.0,0.0000,0.0000,0,100.000,,0,0.9719,,0.850,0,
3937,5,88,fog-97,1,fog,1600.0,0.0000,0.0000,16,100.800,0.8097,0,0.9700,,0.850,0,
3938,5,88,fog-97,1,fog,1700.0,0.0000,0.0000,15,100.750,0.8585,0,0.9681,,0.850,0,
3939,5,88,fog-97,1,fog,1800.0,0.0000,0.0000,18,100.900,0.9339,0,0.9663,,0.850,0,
3940,5,88,fog-97,1,fog,1900.0,0.0000,0.0000,0,100.000,,0,0.9644,,0.850,0,
3941,5,88,fog-97,1,fog,2000.0,0.0000,0.0000,0,100.000,,0,0.9625,,0.850,0,
3942,5,88,fog-97,1,fog,2100.0,0.0000,0.0000,16,100.800,0.9267,0,0.9606,,0.850,0,
3943,5,88,fog-97,1,fog,2200.0,0.0000,0.0000,0,100.000,,0,0.9588,,0.850,0,
3944,5,88,fog-97,1,fog,2300.0,0.0000,0.0000,0,100.000,,0,0.9569,,0.850,0,
3945,5,88,fog-97,1,fog,2400.0,0.0000,0.0000,0,100.000,,0,0.9550,,0.850,0,
3946,5,88,fog-97,1,fog,2500.0,0.0000,0.0000,18,100.900,0.9339,0,0.9531,,0.850,0,
3947,5,88,fog-97,1,fog,2600.0,0.0000,0.0000,0,100.000,,0,0.9513,,0.850,0,
3948,5,88,fog-97,1,fog,2700.0,0.0000,0.0000,0,100.000,,0,0.9494,,0.850,0,
3949,5,88,fog-97,1,fog,2800.0,0.0000,0.0000,0,100.000,,0,0.9475,,0.850,0,
3950,5,88,fog-97,1,fog,2900.0,0.0000,0.0000,0,100.000,,0,0.9456,,0.850,0,
3951,5,88,fog-97,1,fog,3000.0,0.0000,0.0000,0,100.000,,0,0.9438,,0.850,0,
3952,5,88,fog-97,1,fog,3100.0,0.0000,0.0000,0,100.000,,0,0.9419,,0.850,0,
3953,5,88,fog-97,1,fog,3200.0,0.0000,0.0000,0,100.000,,0,0.9400,,0.850,0,
3954,5,88,fog-97,1,fog,3300.0,0.0000,0.0000,0,100.000,,0,0.9381,,0.850,0,
3955,5,88,fog-97,1,fog,3400.0,0.0000,0.0000,0,100.000,,0,0.9363,,0.850,0,
3956,5,88,fog-97,1,fog,3500.0,0.0000,0.0000,0,100.000,,0,0.9344,,0.850,0,
3957,5,88,fog-97,1,fog,3600.0,0.0000,0.0000,0,100.000,,0,0.9325,,0.850,0,
3958,5,88,fog-97,1,fog,3700.0,0.0000,0.0000,0,100.000,,0,0.9306,,0.850,0,
3959,5,88,fog-97,1,fog,3800.0,0.0000,0.0000,0,100.000,,0,0.9288,,0.850,0,
3960,5,88,fog-97,1,fog,3900.0,0.0000,0.0000,0,100.000,,0,0.9269,,0.850,0,
3961,5,88,fog-97,1,fog,4000.0,0.0000,0.0000,17,100.850,0.8741,0,0.9250,,0.850,0,
3962,5,88,fog-97,1,fog,4100.0,0.0000,0.0000,0,100.000,,0,0.9231,,0.850,0,
3963,5,88,fog-97,1,fog,4200.0,0.0000,0.0000,0,100.000,,0,0.9213,,0.850,0,
3964,5,88,fog-97,1,fog,4300.0,0.0000,0.0000,0,100.000,,0,0.9194,,0.850,0,
3965,5,88,fog-97,1,fog,4400.0,0.0000,0.0000,0,100.000,,0,0.9175,,0.850,0,
3966,5,88,fog-97,1,fog,4500.0,0.0000,0.0000,0,100.000,,0,0.9156,,0.850,0,
3967,5,88,fog-97,1,fog,4600.0,0.0000,0.0000,0,100.000,,0,0.9138,,0.850,0,
3968,5,88,fog-97,1,fog,4700.0,0.0000,0.0000,0,100.000,,0,0.9119,,0.850,0,
3969,5,88,fog-97,1,fog,4800.0,0.0000,0.0000,0,100.000,,0,0.9100,,0.850,0,
3970,5,88,fog-97,1,fog,4900.0,0.0000,0.0000,19,100.950,0.9900,0,0.9081,,0.850,0,
3971,5,88,fog-97,1,fog,5000.0,0.0000,0.0000,18,100.900,0.9339,0,0.9063,,0.850,0,
3972,5,89,fog-98,1,fog,0.0,0.0000,0.0000,0,100.000,,0,1.0000,,0.850,0,
3973,5,89,fog-98,1,fog,100.0,0.0000,0.0000,0,100.000,,0,0.9981,,0.850,0,
3974,5,89,fog-98,1,fog,200.0,0.0000,0.0000,0,100.000,,0,0.9963,,0.850,0,
3975,5,89,fog-98,1,fog,300.0,0.0000,0.0000,0,100.000,,0,0.9944,,0.850,0,
3976,5,89,fog-98,1,fog,400.0,0.0000,0.0000,0,100.000,,0,0.9925,,0.850,0,
3977,5,89,fog-98,1,fog,500.0,0.0000,0.0000,0,100.000,,0,0.9906,,0.850,0,
3978,5,89,fog-98,1,fog,600.0,0.0000,0.0000,42,101.750,1.0000,0,0.9888,,0.850,0,
3979,5,89,fog-98,1,fog,700.0,0.0000,0.0000,42,101.750,1.0000,0,0.9869,,0.850,0,
3980,5,89,fog-98,1,fog,800.0,0.0000,0.0000,19,100.950,0.9900,0,0.9850,,0.850,0,
3981,5,89,fog-98,1,fog,900.0,0.0000,0.0000,0,100.000,,0,0.9831,,0.850,0,
3982,5,89,fog-98,1,fog,1000.0,0.0000,0.0000,18,100.900,0.9339,0,0.9813,,0.850,0,
3983,5,89,fog-98,1,fog,1100.0,0.0000,0.0000,17,100.850,0.8741,0,0.9794,,0.850,0,
3984,5,89,fog-98,1,fog,1200.0,0.0000,0.0000,0,100.000,,0,0.9775,,0.850,0,
3985,5,89,fog-98,1,fog,1300.0,0.0000,0.0000,0,100.000,,0,0.9756,,0.850,0,
3986,5,89,fog-98,1,fog,1400.0,0.0000,0.0000,0,100.000,,0,0.9738,,0.850,0,
3987,5,89,fog-98,1,fog,1500.0,0.0000,0.0000,0,100.000,,0,0.9719,,0.850,0,
3988,5,89,fog-98,1,fog,1600.0,0.0000,0.0000,0,100.000,,0,0.9700,,0.850,0,
3989,5,89,fog-98,1,fog,1700.0,0.0000,0.0000,0,100.000,,0,0.9681,,0.850,0,
3990,5,89,fog-98,1,fog,1800.0,0.0000,0.0000,0,100.000,,0,0.9663,,0.850,0,
3991,5,89,fog-98,1,fog,1900.0,0.0000,0.0000,0,100.000,,0,0.9644,,0.850,0,
3992,5,89,fog-98,1,fog,2000.0,0.0000,0.0000,0,100.000,,0,0.9625,,0.850,0,
3993,5,89,fog-98,1,fog,2100.0,0.0000,0.0000,17,100.850,0.9900,0,0.9606,,0.850,0,
3994,5,89,fog-98,1,fog,2200.0,0.0000,0.0000,16,100.800,1.0000,0,0.9588,,0.850,0,
3995,5,89,fog-98,1,fog,2300.0,0.0000,0.0000,20,101.000,1.0000,0,0.9569,,0.850,0,
3996,5,89,fog-98,1,fog,2400.0,0.0000,0.0000,0,100.000,,0,0.9550,,0.850,0,
3997,5,89,fog-98,1,fog,2500.0,0.0000,0.0000,0,100.000,,0,0.9531,,0.850,0,
3998,5,89,fog-98,1,fog,2600.0,0.0000,0.0000,0,100.000,,0,0.9513,,0.850,0,
3999,5,89,fog-98,1,fog,2700.0,0.0000,0.0000,0,100.000,,0,0.9494,,0.850,0,
4000,5,89,fog-98,1,fog,2800.0,0.0000,0.0000,0,100.000,,0,0.9475,,0.850,0,
4001,5,89,fog-98,1,fog,2900.0,0.0000,0.0000,0,100.000,,0,0.9456,,0.850,0,
4002,5,89,fog-98,1,fog,3000.0,0.0000,0.0000,0,100.000,,0,0.9438,,0.850,0,
4003,5,89,fog-98,1,fog,3100.0,0.0000,0.0000,0,100.000,,0,0.9419,,0.850,0,
4004,5,89,fog-98,1,fog,3200.0,0.0000,0.0000,0,100.000,,0,0.9400,,0.850,0,
4005,5,89,fog-98,1,fog,3300.0,0.0000,0.0000,0,100.000,,0,0.9381,,0.850,0,
4006,5,89,fog-98,1,fog,3400.0,0.0000,0.0000,19,100.950,0.9900,0,0.9363,,0.850,0,
4007,5,89,fog-98,1,fog,3500.0,0.0000,0.0000,17,100.850,0.8741,0,0.9344,,0.850,0,
4008,5,89,fog-98,1,fog,3600.0,0.0000,0.0000,38,101.650,1.0000,0,0.9325,,0.850,0,
4009,5,89,fog-98,1,fog,3700.0,0.0000,0.0000,0,100.000,,0,0.9306,,0.850,0,
4010,5,89,fog-98,1,fog,3800.0,0.0000,0.0000,0,100.000,,0,0.9288,,0.850,0,
4011,5,89,fog-98,1,fog,3900.0,0.0000,0.0000,0,100.000,,0,0.9269,,0.850,0,
4012,5,89,fog-98,1,fog,4000.0,0.0000,0.0000,0,100.000,,0,0.9250,,0.850,0,
4013,5,89,fog-98,1,fog,4100.0,0.0000,0.0000,0,100.000,,0,0.9231,,0.850,0,
4014,5,89,fog-98,1,fog,4200.0,0.0000,0.0000,0,100.000,,0,0.9213,,0.850,0,
4015,5,89,fog-98,1,fog,4300.0,0.0000,0.0000,17,100.850,0.8741,0,0.9194,,0.850,0,
4016,5,89,fog-98,1,fog,4400.0,0.0000,0.0000,0,100.000,,0,0.9175,,0.850,0,
4017,5,89,fog-98,1,fog,4500.0,0.0000,0.0000,0,100.000,,0,0.9156,,0.850,0,
4018,5,89,fog-98,1,fog,4600.0,0.0000,0.0000,0,100.000,,0,0.9138,,0.850,0,
4019,5,89,fog-98,1,fog,4700.0,0.0000,0.0000,0,100.000,,0,0.9119,,0.850,0,
4020,5,89,fog-98,1,fog,4800.0,0.0000,0.0000,0,100.000,,0,0.9100,,0.850,0,
4021,5,89,fog-98,1,fog,4900.0,0.0000,0.0000,0,100.000,,0,0.9081,,0.850,0,
4022,5,89,fog-98,1,fog,5000.0,0.0000,0.0000,0,100.000,,0,0.9063,,0.850,0,
4023,5,90,fog-99,1,fog,0.0,0.0000,0.0000,0,100.000,,0,1.0000,,0.850,0,
4024,5,90,fog-99,1,fog,100.0,0.0000,0.0000,0,100.000,,0,0.9981,,0.850,0,
4025,5,90,fog-99,1,fog,200.0,0.0000,0.0000,17,100.850,1.0000,0,0.9963,,0.850,0,
4026,5,90,fog-99,1,fog,300.0,0.0000,0.0000,15,100.750,0.7396,0,0.9944,,0.850,0,
4027,5,90,fog-99,1,fog,400.0,0.0000,0.0000,18,100.900,1.0000,0,0.9925,,0.850,0,
4028,5,90,fog-99,1,fog,500.0,0.0000,0.0000,17,100.850,0.8741,0,0.9906,,0.850,0,
4029,5,90,fog-99,1,fog,600.0,0.0000,0.0000,0,100.000,,0,0.9888,,0.850,0,
4030,5,90,fog-99,1,fog,700.0,0.0000,0.0000,18,100.900,0.9339,0,0.9869,,0.850,0,
4031,5,90,fog-99,1,fog,800.0,0.0000,0.0000,0,100.000,,0,0.9850,,0.850,0,
4032,5,90,fog-99,1,fog,900.0,0.0000,0.0000,0,100.000,,0,0.9831,,0.850,0,
4033,5,90,fog-99,1,fog,1000.0,0.0000,0.0000,0,100.000,,0,0.9813,,0.850,0,
4034,5,90,fog-99,1,fog,1100.0,0.0000,0.0000,0,100.000,,0,0.9794,,0.850,0,
4035,5,90,fog-99,1,fog,1200.0,0.0000,0.0000,0,100.000,,0,0.9775,,0.850,0,
4036,5,90,fog-99,1,fog,1300.0,0.0000,0.0000,17,100.850,0.8741,0,0.9756,,0.850,0,
4037,5,90,fog-99,1,fog,1400.0,0.0000,0.0000,46,101.850,1.0000,0,0.9738,,0.850,0,
4038,5,90,fog-99,1,fog,1500.0,0.0000,0.0000,17,100.850,0.8741,0,0.9719,,0.850,0,
4039,5,90,fog-99,1,fog,1600.0,0.0000,0.0000,0,100.000,,0,0.9700,,0.850,0,
4040,5,90,fog-99,1,fog,1700.0,0.0000,0.0000,19,100.950,0.9900,0,0.9681,,0.850,0,
4041,5,90,fog-99,1,fog,1800.0,0.0000,0.0000,46,101.850,1.0000,0,0.9663,,0.850,0,
4042,5,90,fog-99,1,fog,1900.0,0.0000,0.0000,42,101.750,1.0000,0,0.9644,,0.850,0,
4043,5,90,fog-99,1,fog,2000.0,0.0000,0.0000,18,100.900,1.0000,0,0.9625,,0.850,0,
4044,5,90,fog-99,1,fog,2100.0,0.0000,0.0000,19,100.950,0.9900,0,0.9606,,0.850,0,
4045,5,90,fog-99,1,fog,2200.0,0.0000,0.0000,18,100.900,0.9339,0,0.9588,,0.850,0,
4046,5,90,fog-99,1,fog,2300.0,0.0000,0.0000,42,101.750,1.0000,0,0.9569,,0.850,0,
4047,5,90,fog-99,1,fog,2400.0,0.0000,0.0000,0,100.000,,0,0.9550,,0.850,0,
4048,5,90,fog-99,1,fog,2500.0,0.0000,0.0000,0,100.000,,0,0.9531,,0.850,0,
4049,5,90,fog-99,1,fog,2600.0,0.0000,0.0000,18,100.900,0.9339,0,0.9513,,0.850,0,
4050,5,90,fog-99,1,fog,2700.0,0.0000,0.0000,17,100.850,0.8741,0,0.9494,,0.850,0,
4051,5,90,fog-99,1,fog,2800.0,0.0000,0.0000,20,101.000,1.0000,0,0.9475,,0.850,0,
4052,5,90,fog-99,1,fog,2900.0,0.0000,0.0000,17,100.850,0.8741,0,0.9456,,0.850,0,
4053,5,90,fog-99,1,fog,3000.0,0.0000,0.0000,16,100.800,0.8097,0,0.9438,,0.850,0,
4054,5,90,fog-99,1,fog,3100.0,0.0000,0.0000,0,100.000,,0,0.9419,,0.850,0,
4055,5,90,fog-99,1,fog,3200.0,0.0000,0.0000,0,100.000,,0,0.9400,,0.850,0,
4056,5,90,fog-99,1,fog,3300.0,0.0000,0.0000,16,100.800,0.8097,0,0.9381,,0.850,0,
4057,5,90,fog-99,1,fog,3400.0,0.0000,0.0000,19,100.950,0.9900,0,0.9363,,0.850,0,
4058,5,90,fog-99,1,fog,3500.0,0.0000,0.0000,18,100.900,0.9339,0,0.9344,,0.850,0,
4059,5,90,fog-99,1,fog,3600.0,0.0000,0.0000,0,100.000,,0,0.9325,,0.850,0,
4060,5,90,fog-99,1,fog,3700.0,0.0000,0.0000,15,100.750,0.9428,0,0.9306,,0.850,0,
4061,5,90,fog-99,1,fog,3800.0,0.0000,0.0000,18,100.900,0.9339,0,0.9288,,0.850,0,
4062,5,90,fog-99,1,fog,3900.0,0.0000,0.0000,46,101.850,1.0000,0,0.9269,,0.850,0,
4063,5,90,fog-99,1,fog,4000.0,0.0000,0.0000,0,100.000,,0,0.9250,,0.850,0,
4064,5,90,fog-99,1,fog,4100.0,0.0000,0.0000,0,100.000,,0,0.9231,,0.850,0,
4065,5,90,fog-99,1,fog,4200.0,0.0000,0.0000,15,100.750,0.7396,0,0.9213,,0.850,0,
4066,5,90,fog-99,1,fog,4300.0,0.0000,0.0000,20,101.000,1.0000,0,0.9194,,0.850,0,
4067,5,90,fog-99,1,fog,4400.0,0.0000,0.0000,20,101.000,1.0000,0,0.9175,,0.850,0,
4068,5,90,fog-99,1,fog,4500.0,0.0000,0.0000,0,100.000,,0,0.9156,,0.850,0,
4069,5,90,fog-99,1,fog,4600.0,0.0000,0.0000,0,100.000,,0,0.9138,,0.850,0,
4070,5,90,fog-99,1,fog,4700.0,0.0000,0.0000,0,100.000,,0,0.9119,,0.850,0,
4071,5,90,fog-99,1,fog,4800.0,0.0000,0.0000,0,100.000,,0,0.9100,,0.850,0,
4072,5,90,fog-99,1,fog,4900.0,0.0000,0.0000,0,100.000,,0,0.9081,,0.850,0,
4073,5,90,fog-99,1,fog,5000.0,0.0000,0.0000,18,100.900,0.9339,0,0.9063,,0.850,0,
4074,5,91,fog-100,1,fog,0.0,0.0000,0.0000,0,100.000,,0,1.0000,,0.850,0,
4075,5,91,fog-100,1,fog,100.0,0.0000,0.0000,52,102.000,1.0000,0,0.9981,,0.850,0,
4076,5,91,fog-100,1,fog,200.0,0.0000,0.0000,182,105.250,1.0000,0,0.9963,,0.850,0,
4077,5,91,fog-100,1,fog,300.0,0.0000,0.0000,222,106.250,1.0000,0,0.9944,,0.850,0,
4078,5,91,fog-100,1,fog,400.0,0.0000,0.0000,182,105.250,1.0000,0,0.9925,,0.850,0,
4079,5,91,fog-100,1,fog,500.0,0.0000,0.0000,154,104.550,1.0000,0,0.9906,,0.850,0,
4080,5,91,fog-100,1,fog,600.0,0.0000,0.0000,164,104.800,1.0000,0,0.9888,,0.850,0,
4081,5,91,fog-100,1,fog,700.0,0.0000,0.0000,226,106.350,1.0000,0,0.9869,,0.850,0,
4082,5,91,fog-100,1,fog,800.0,0.0000,0.0000,218,106.150,1.0000,0,0.9850,,0.850,0,
4083,5,91,fog-100,1,fog,900.0,0.0000,0.0000,268,107.400,1.0000,0,0.9831,,0.850,0,
4084,5,91,fog-100,1,fog,1000.0,0.0000,0.0000,222,106.250,1.0000,0,0.9813,,0.850,0,
4085,5,91,fog-100,1,fog,1100.0,0.0000,0.0000,260,107.200,1.0000,0,0.9794,,0.850,0,
4086,5,91,fog-100,1,fog,1200.0,0.0000,0.0000,314,108.550,1.0000,0,0.9775,,0.850,0,
4087,5,91,fog-100,1,fog,1300.0,0.0000,0.0000,302,108.250,1.0000,0,0.9756,,0.850,0,
4088,5,91,fog-100,1,fog,1400.0,0.0000,0.0000,192,105.500,1.0000,0,0.9738,,0.850,0,
4089,5,91,fog-100,1,fog,1500.0,0.0000,0.0000,192,105.500,1.0000,0,0.9719,,0.850,0,
4090,5,91,fog-100,1,fog,1600.0,0.0000,0.0000,224,106.300,1.0000,0,0.9700,,0.850,0,
4091,5,91,fog-100,1,fog,1700.0,0.0000,0.0000,80,102.700,1.0000,0,0.9681,,0.850,0,
4092,5,91,fog-100,1,fog,1800.0,0.0000,0.0000,146,104.350,1.0000,0,0.9663,,0.850,0,
4093,5,91,fog-100,1,fog,1900.0,0.0000,0.0000,158,104.650,1.0000,0,0.9644,,0.850,0,
4094,5,91,fog-100,1,fog,2000.0,0.0000,0.0000,180,105.200,1.0000,0,0.9625,,0.850,0,
4095,5,91,fog-100,1,fog,2100.0,0.0000,0.0000,156,104.600,1.0000,0,0.9606,,0.850,0,
4096,5,91,fog-100,1,fog,2200.0,0.0000,0.0000,154,104.550,1.0000,0,0.9588,,0.850,0,
4097,5,91,fog-100,1,fog,2300.0,0.0000,0.0000,190,105.450,1.0000,0,0.9569,,0.850,0,
4098,5,91,fog-100,1,fog,2400.0,0.0000,0.0000,194,105.550,1.0000,0,0.9550,,0.850,0,
4099,5,91,fog-100,1,fog,2500.0,0.0000,0.0000,190,105.450,1.0000,0,0.9531,,0.850,0,
4100,5,91,fog-100,1,fog,2600.0,0.0000,0.0000,222,106.250,1.0000,0,0.9513,,0.850,0,
4101,5,91,fog-100,1,fog,2700.0,0.0000,0.0000,118,103.650,1.0000,0,0.9494,,0.850,0,
4102,5,91,fog-100,1,fog,2800.0,0.0000,0.0000,252,107.000,1.0000,0,0.9475,,0.850,0,
4103,5,91,fog-100,1,fog,2900.0,0.0000,0.0000,78,102.650,1.0000,0,0.9456,,0.850,0,
4104,5,91,fog-100,1,fog,3000.0,0.0000,0.0000,120,103.700,1.0000,0,0.9438,,0.850,0,
4105,5,91,fog-100,1,fog,3100.0,0.0000,0.0000,120,103.700,1.0000,0,0.9419,,0.850,0,
4106,5,91,fog-100,1,fog,3200.0,0.0000,0.0000,120,103.700,1.0000,0,0.9400,,0.850,0,
4107,5,91,fog-100,1,fog,3300.0,0.0000,0.0000,266,107.350,1.0000,0,0.9381,,0.850,0,
4108,5,91,fog-100,1,fog,3400.0,0.0000,0.0000,110,103.450,1.0000,0,0.9363,,0.850,0,
4109,5,91,fog-100,1,fog,3500.0,0.0000,0.0000,178,105.150,1.0000,0,0.9344,,0.850,0,
4110,5,91,fog-100,1,fog,3600.0,0.0000,0.0000,146,104.350,1.0000,0,0.9325,,0.850,0,
4111,5,91,fog-100,1,fog,3700.0,0.0000,0.0000,146,104.350,1.0000,0,0.9306,,0.850,0,
4112,5,91,fog-100,1,fog,3800.0,0.0000,0.0000,224,106.300,1.0000,0,0.9288,,0.850,0,
4113,5,91,fog-100,1,fog,3900.0,0.0000,0.0000,256,107.100,1.0000,0,0.9269,,0.850,0,
4114,5,91,fog-100,1,fog,4000.0,0.0000,0.0000,322,108.750,1.0000,0,0.9250,,0.850,0,
4115,5,91,fog-100,1,fog,4100.0,0.0000,0.0000,224,106.300,1.0000,0,0.9231,,0.850,0,
4116,5,91,fog-100,1,fog,4200.0,0.0000,0.0000,270,107.450,1.0000,0,0.9213,,0.850,0,
4117,5,91,fog-100,1,fog,4300.0,0.0000,0.0000,250,106.950,1.0000,0,0.9194,,0.850,0,
4118,5,91,fog-100,1,fog,4400.0,0.0000,0.0000,254,107.050,1.0000,0,0.9175,,0.850,0,
4119,5,91,fog-100,1,fog,4500.0,0.0000,0.0000,186,105.350,1.0000,0,0.9156,,0.850,0,
4120,5,91,fog-100,1,fog,4600.0,0.0000,0.0000,216,106.100,1.0000,0,0.9138,,0.850,0,
4121,5,91,fog-100,1,fog,4700.0,0.0000,0.0000,150,104.450,1.0000,0,0.9119,,0.850,0,
4122,5,91,fog-100,1,fog,4800.0,0.0000,0.0000,158,104.650,1.0000,0,0.9100,,0.850,0,
4123,5,91,fog-100,1,fog,4900.0,0.0000,0.0000,228,106.400,1.0000,0,0.9081,,0.850,0,
4124,5,91,fog-100,1,fog,5000.0,0.0000,0.0000,154,104.550,1.0000,0,0.9063,,0.850,0,
4125,5,92,fog-101,1,fog,0.0,0.0000,0.0000,0,100.000,,0,1.0000,,0.850,0,
4126,5,92,fog-101,1,fog,100.0,0.0000,0.0000,6,100.300,1.0000,0,0.9981,,0.850,0,
4127,5,92,fog-101,1,fog,200.0,0.0000,0.0000,20,101.000,1.0000,0,0.9963,,0.850,0,
4128,5,92,fog-101,1,fog,300.0,0.0000,0.0000,19,100.950,0.9900,0,0.9944,,0.850,0,
4129,5,92,fog-101,1,fog,400.0,0.0000,0.0000,16,100.800,0.8097,0,0.9925,,0.850,0,
4130,5,92,fog-101,1,fog,500.0,0.0000,0.0000,0,100.000,,0,0.9906,,0.850,0,
4131,5,92,fog-101,1,fog,600.0,0.0000,0.0000,0,100.000,,0,0.9888,,0.850,0,
4132,5,92,fog-101,1,fog,700.0,0.0000,0.0000,0,100.000,,0,0.9869,,0.850,0,
4133,5,92,fog-101,1,fog,800.0,0.0000,0.0000,0,100.000,,0,0.9850,,0.850,0,
4134,5,92,fog-101,1,fog,900.0,0.0000,0.0000,0,100.000,,0,0.9831,,0.850,0,
4135,5,92,fog-101,1,fog,1000.0,0.0000,0.0000,0,100.000,,0,0.9813,,0.850,0,
4136,5,92,fog-101,1,fog,1100.0,0.0000,0.0000,0,100.000,,0,0.9794,,0.850,0,
4137,5,92,fog-101,1,fog,1200.0,0.0000,0.0000,0,100.000,,0,0.9775,,0.850,0,
4138,5,92,fog-101,1,fog,1300.0,0.0000,0.0000,17,100.850,0.9900,0,0.9756,,0.850,0,
4139,5,92,fog-101,1,fog,1400.0,0.0000,0.0000,18,100.900,0.9339,0,0.9738,,0.850,0,
4140,5,92,fog-101,1,fog,1500.0,0.0000,0.0000,19,100.950,0.9900,0,0.9719,,0.850,0,
4141,5,92,fog-101,1,fog,1600.0,0.0000,0.0000,15,100.750,0.7396,0,0.9700,,0.850,0,
4142,5,92,fog-101,1,fog,1700.0,0.0000,0.0000,17,100.850,0.8741,0,0.9681,,0.850,0,
4143,5,92,fog-101,1,fog,1800.0,0.0000,0.0000,19,100.950,0.9900,0,0.9663,,0.850,0,
4144,5,92,fog-101,1,fog,1900.0,0.0000,0.0000,16,100.800,1.0000,0,0.9644,,0.850,0,
4145,5,92,fog-101,1,fog,2000.0,0.0000,0.0000,0,100.000,,0,0.9625,,0.850,0,
4146,5,92,fog-101,1,fog,2100.0,0.0000,0.0000,0,100.000,,0,0.9606,,0.850,0,
4147,5,92,fog-101,1,fog,2200.0,0.0000,0.0000,0,100.000,,0,0.9588,,0.850,0,
4148,5,92,fog-101,1,fog,2300.0,0.0000,0.0000,0,100.000,,0,0.9569,,0.850,0,
4149,5,92,fog-101,1,fog,2400.0,0.0000,0.0000,0,100.000,,0,0.9550,,0.850,0,
4150,5,92,fog-101,1,fog,2500.0,0.0000,0.0000,0,100.000,,0,0.9531,,0.850,0,
4151,5,92,fog-101,1,fog,2600.0,0.0000,0.0000,0,100.000,,0,0.9513,,0.850,0,
4152,5,92,fog-101,1,fog,2700.0,0.0000,0.0000,0,100.000,,0,0.9494,,0.850,0,
4153,5,92,fog-101,1,fog,2800.0,0.0000,0.0000,0,100.000,,0,0.9475,,0.850,0,
4154,5,92,fog-101,1,fog,2900.0,0.0000,0.0000,0,100.000,,0,0.9456,,0.850,0,
4155,5,92,fog-101,1,fog,3000.0,0.0000,0.0000,0,100.000,,0,0.9438,,0.850,0,
4156,5,92,fog-101,1,fog,3100.0,0.0000,0.0000,17,100.850,0.9900,0,0.9419,,0.850,0,
4157,5,92,fog-101,1,fog,3200.0,0.0000,0.0000,18,100.900,0.9339,0,0.9400,,0.850,0,
4158,5,92,fog-101,1,fog,3300.0,0.0000,0.0000,19,100.950,0.9900,0,0.9381,,0.850,0,
4159,5,92,fog-101,1,fog,3400.0,0.0000,0.0000,20,101.000,1.0000,0,0.9363,,0.850,0,
4160,5,92,fog-101,1,fog,3500.0,0.0000,0.0000,18,100.900,0.9339,0,0.9344,,0.850,0,
4161,5,92,fog-101,1,fog,3600.0,0.0000,0.0000,19,100.950,0.9900,0,0.9325,,0.850,0,
4162,5,92,fog-101,1,fog,3700.0,0.0000,0.0000,17,100.850,0.8741,0,0.9306,,0.850,0,
4163,5,92,fog-101,1,fog,3800.0,0.0000,0.0000,0,100.000,,0,0.9288,,0.850,0,
4164,5,92,fog-101,1,fog,3900.0,0.0000,0.0000,0,100.000,,0,0.9269,,0.850,0,
4165,5,92,fog-101,1,fog,4000.0,0.0000,0.0000,0,100.000,,0,0.9250,,0.850,0,
4166,5,92,fog-101,1,fog,4100.0,0.0000,0.0000,0,100.000,,0,0.9231,,0.850,0,
4167,5,92,fog-101,1,fog,4200.0,0.0000,0.0000,0,100.000,,0,0.9213,,0.850,0,
4168,5,92,fog-101,1,fog,4300.0,0.0000,0.0000,0,100.000,,0,0.9194,,0.850,0,
4169,5,92,fog-101,1,fog,4400.0,0.0000,0.0000,0,100.000,,0,0.9175,,0.850,0,
4170,5,92,fog-101,1,fog,4500.0,0.0000,0.0000,0,100.000,,0,0.9156,,0.850,0,
4171,5,92,fog-101,1,fog,4600.0,0.0000,0.0000,0,100.000,,0,0.9138,,0.850,0,
4172,5,92,fog-101,1,fog,4700.0,0.0000,0.0000,19,100.950,0.9900,0,0.9119,,0.850,0,
4173,5,92,fog-101,1,fog,4800.0,0.0000,0.0000,19,100.950,0.9900,0,0.9100,,0.850,0,
4174,5,92,fog-101,1,fog,4900.0,0.0000,0.0000,19,100.950,0.9900,0,0.9081,,0.850,0,
4175,5,92,fog-101,1,fog,5000.0,0.0000,0.0000,17,100.850,0.8741,0,0.9063,,0.850,0,
4176,5,93,fog-102,1,fog,0.0,0.0000,0.0000,0,100.000,,0,1.0000,,0.850,0,
4177,5,93,fog-102,1,fog,100.0,0.0000,0.0000,0,100.000,,0,0.9981,,0.850,0,
4178,5,93,fog-102,1,fog,200.0,0.0000,0.0000,0,100.000,,0,0.9963,,0.850,0,
4179,5,93,fog-102,1,fog,300.0,0.0000,0.0000,0,100.000,,0,0.9944,,0.850,0,
4180,5,93,fog-102,1,fog,400.0,0.0000,0.0000,0,100.000,,0,0.9925,,0.850,0,
4181,5,93,fog-102,1,fog,500.0,0.0000,0.0000,0,100.000,,0,0.9906,,0.850,0,
4182,5,93,fog-102,1,fog,600.0,0.0000,0.0000,0,100.000,,0,0.9888,,0.850,0,
4183,5,93,fog-102,1,fog,700.0,0.0000,0.0000,0,100.000,,0,0.9869,,0.850,0,
4184,5,93,fog-102,1,fog,800.0,0.0000,0.0000,0,100.000,,0,0.9850,,0.850,0,
4185,5,93,fog-102,1,fog,900.0,0.0000,0.0000,0,100.000,,0,0.9831,,0.850,0,
4186,5,93,fog-102,1,fog,1000.0,0.0000,0.0000,0,100.000,,0,0.9813,,0.850,0,
4187,5,93,fog-102,1,fog,1100.0,0.0000,0.0000,0,100.000,,0,0.9794,,0.850,0,
4188,5,93,fog-102,1,fog,1200.0,0.0000,0.0000,0,100.000,,0,0.9775,,0.850,0,
4189,5,93,fog-102,1,fog,1300.0,0.0000,0.0000,0,100.000,,0,0.9756,,0.850,0,
4190,5,93,fog-102,1,fog,1400.0,0.0000,0.0000,0,100.000,,0,0.9738,,0.850,0,
4191,5,93,fog-102,1,fog,1500.0,0.0000,0.0000,0,100.000,,0,0.9719,,0.850,0,
4192,5,93,fog-102,1,fog,1600.0,0.0000,0.0000,0,100.000,,0,0.9700,,0.850,0,
4193,5,93,fog-102,1,fog,1700.0,0.0000,0.0000,0,100.000,,0,0.9681,,0.850,0,
4194,5,93,fog-102,1,fog,1800.0,0.0000,0.0000,0,100.000,,0,0.9663,,0.850,0,
4195,5,93,fog-102,1,fog,1900.0,0.0000,0.0000,0,100.000,,0,0.9644,,0.850,0,
4196,5,93,fog-102,1,fog,2000.0,0.0000,0.0000,0,100.000,,0,0.9625,,0.850,0,
4197,5,93,fog-102,1,fog,2100.0,0.0000,0.0000,0,100.000,,0,0.9606,,0.850,0,
4198,5,93,fog-102,1,fog,2200.0,0.0000,0.0000,0,100.000,,0,0.9588,,0.850,0,
4199,5,93,fog-102,1,fog,2300.0,0.0000,0.0000,0,100.000,,0,0.9569,,0.850,0,
4200,5,93,fog-102,1,fog,2400.0,0.0000,0.0000,0,100.000,,0,0.9550,,0.850,0,
4201,5,93,fog-102,1,fog,2500.0,0.0000,0.0000,0,100.000,,0,0.9531,,0.850,0,
4202,5,93,fog-102,1,fog,2600.0,0.0000,0.0000,0,100.000,,0,0.9513,,0.850,0,
4203,5,93,fog-102,1,fog,2700.0,0.0000,0.0000,0,100.000,,0,0.9494,,0.850,0,
4204,5,93,fog-102,1,fog,2800.0,0.0000,0.0000,0,100.000,,0,0.9475,,0.850,0,
4205,5,93,fog-102,1,fog,2900.0,0.0000,0.0000,0,100.000,,0,0.9456,,0.850,0,
4206,5,93,fog-102,1,fog,3000.0,0.0000,0.0000,0,100.000,,0,0.9438,,0.850,0,
4207,5,93,fog-102,1,fog,3100.0,0.0000,0.0000,0,100.000,,0,0.9419,,0.850,0,
4208,5,93,fog-102,1,fog,3200.0,0.0000,0.0000,0,100.000,,0,0.9400,,0.850,0,
4209,5,93,fog-102,1,fog,3300.0,0.0000,0.0000,0,100.000,,0,0.9381,,0.850,0,
4210,5,93,fog-102,1,fog,3400.0,0.0000,0.0000,0,100.000,,0,0.9363,,0.850,0,
4211,5,93,fog-102,1,fog,3500.0,0.0000,0.0000,0,100.000,,0,0.9344,,0.850,0,
4212,5,93,fog-102,1,fog,3600.0,0.0000,0.0000,0,100.000,,0,0.9325,,0.850,0,
4213,5,93,fog-102,1,fog,3700.0,0.0000,0.0000,0,100.000,,0,0.9306,,0.850,0,
4214,5,93,fog-102,1,fog,3800.0,0.0000,0.0000,0,100.000,,0,0.9288,,0.850,0,
4215,5,93,fog-102,1,fog,3900.0,0.0000,0.0000,0,100.000,,0,0.9269,,0.850,0,
4216,5,93,fog-102,1,fog,4000.0,0.0000,0.0000,0,100.000,,0,0.9250,,0.850,0,
4217,5,93,fog-102,1,fog,4100.0,0.0000,0.0000,0,100.000,,0,0.9231,,0.850,0,
4218,5,93,fog-102,1,fog,4200.0,0.0000,0.0000,0,100.000,,0,0.9213,,0.850,0,
4219,5,93,fog-102,1,fog,4300.0,0.0000,0.0000,0,100.000,,0,0.9194,,0.850,0,
4220,5,93,fog-102,1,fog,4400.0,0.0000,0.0000,0,100.000,,0,0.9175,,0.850,0,
4221,5,93,fog-102,1,fog,4500.0,0.0000,0.0000,0,100.000,,0,0.9156,,0.850,0,
4222,5,93,fog-102,1,fog,4600.0,0.0000,0.0000,0,100.000,,0,0.9138,,0.850,0,
4223,5,93,fog-102,1,fog,4700.0,0.0000,0.0000,0,100.000,,0,0.9119,,0.850,0,
4224,5,93,fog-102,1,fog,4800.0,0.0000,0.0000,0,100.000,,0,0.9100,,0.850,0,
4225,5,93,fog-102,1,fog,4900.0,0.0000,0.0000,0,100.000,,0,0.9081,,0.850,0,
4226,5,93,fog-102,1,fog,5000.0,0.0000,0.0000,0,100.000,,0,0.9063,,0.850,0,
4227,5,94,fog-103,1,fog,0.0,0.0000,0.0000,0,100.000,,0,1.0000,,0.850,0,
4228,5,94,fog-103,1,fog,100.0,0.0000,0.0000,0,100.000,,0,0.9981,,0.850,0,
4229,5,94,fog-103,1,fog,200.0,0.0000,0.0000,0,100.000,,0,0.9963,,0.850,0,
4230,5,94,fog-103,1,fog,300.0,0.0000,0.0000,0,100.000,,0,0.9944,,0.850,0,
4231,5,94,fog-103,1,fog,400.0,0.0000,0.0000,0,100.000,,0,0.9925,,0.850,0,
4232,5,94,fog-103,1,fog,500.0,0.0000,0.0000,0,100.000,,0,0.9906,,0.850,0,
4233,5,94,fog-103,1,fog,600.0,0.0000,0.0000,0,100.000,,0,0.9888,,0.850,0,
4234,5,94,fog-103,1,fog,700.0,0.0000,0.0000,0,100.000,,0,0.9869,,0.850,0,
4235,5,94,fog-103,1,fog,800.0,0.0000,0.0000,0,100.000,,0,0.9850,,0.850,0,
4236,5,94,fog-103,1,fog,900.0,0.0000,0.0000,0,100.000,,0,0.9831,,0.850,0,
4237,5,94,fog-103,1,fog,1000.0,0.0000,0.0000,0,100.000,,0,0.9813,,0.850,0,
4238,5,94,fog-103,1,fog,1100.0,0.0000,0.0000,0,100.000,,0,0.9794,,0.850,0,
4239,5,94,fog-103,1,fog,1200.0,0.0000,0.0000,0,100.000,,0,0.9775,,0.850,0,
4240,5,94,fog-103,1,fog,1300.0,0.0000,0.0000,0,100.000,,0,0.9756,,0.850,0,
4241,5,94,fog-103,1,fog,1400.0,0.0000,0.0000,0,100.000,,0,0.9738,,0.850,0,
4242,5,94,fog-103,1,fog,1500.0,0.0000,0.0000,0,100.000,,0,0.9719,,0.850,0,
4243,5,94,fog-103,1,fog,1600.0,0.0000,0.0000,0,100.000,,0,0.9700,,0.850,0,
4244,5,94,fog-103,1,fog,1700.0,0.0000,0.0000,0,100.000,,0,0.9681,,0.850,0,
4245,5,94,fog-103,1,fog,1800.0,0.0000,0.0000,0,100.000,,0,0.9663,,0.850,0,
4246,5,94,fog-103,1,fog,1900.0,0.0000,0.0000,0,100.000,,0,0.9644,,0.850,0,
4247,5,94,fog-103,1,fog,2000.0,0.0000,0.0000,0,100.000,,0,0.9625,,0.850,0,
4248,5,94,fog-103,1,fog,2100.0,0.0000,0.0000,0,100.000,,0,0.9606,,0.850,0,
4249,5,94,fog-103,1,fog,2200.0,0.0000,0.0000,0,100.000,,0,0.9588,,0.850,0,
4250,5,94,fog-103,1,fog,2300.0,0.0000,0.0000,0,100.000,,0,0.9569,,0.850,0,
4251,5,94,fog-103,1,fog,2400.0,0.0000,0.0000,0,100.000,,0,0.9550,,0.850,0,
4252,5,94,fog-103,1,fog,2500.0,0.0000,0.0000,0,100.000,,0,0.9531,,0.850,0,
4253,5,94,fog-103,1,fog,2600.0,0.0000,0.0000,0,100.000,,0,0.9513,,0.850,0,
4254,5,94,fog-103,1,fog,2700.0,0.0000,0.0000,0,100.000,,0,0.9494,,0.850,0,
4255,5,94,fog-103,1,fog,2800.0,0.0000,0.0000,0,100.000,,0,0.9475,,0.850,0,
4256,5,94,fog-103,1,fog,2900.0,0.0000,0.0000,0,100.000,,0,0.9456,,0.850,0,
4257,5,94,fog-103,1,fog,3000.0,0.0000,0.0000,0,100.000,,0,0.9438,,0.850,0,
4258,5,94,fog-103,1,fog,3100.0,0.0000,0.0000,0,100.000,,0,0.9419,,0.850,0,
4259,5,94,fog-103,1,fog,3200.0,0.0000,0.0000,0,100.000,,0,0.9400,,0.850,0,
4260,5,94,fog-103,1,fog,3300.0,0.0000,0.0000,0,100.000,,0,0.9381,,0.850,0,
4261,5,94,fog-103,1,fog,3400.0,0.0000,0.0000,0,100.000,,0,0.9363,,0.850,0,
4262,5,94,fog-103,1,fog,3500.0,0.0000,0.0000,0,100.000,,0,0.9344,,0.850,0,
4263,5,94,fog-103,1,fog,3600.0,0.0000,0.0000,0,100.000,,0,0.9325,,0.850,0,
4264,5,94,fog-103,1,fog,3700.0,0.0000,0.0000,0,100.000,,0,0.9306,,0.850,0,
4265,5,94,fog-103,1,fog,3800.0,0.0000,0.0000,0,100.000,,0,0.9288,,0.850,0,
4266,5,94,fog-103,1,fog,3900.0,0.0000,0.0000,0,100.000,,0,0.9269,,0.850,0,
4267,5,94,fog-103,1,fog,4000.0,0.0000,0.0000,0,100.000,,0,0.9250,,0.850,0,
4268,5,94,fog-103,1,fog,4100.0,0.0000,0.0000,0,100.000,,0,0.9231,,0.850,0,
4269,5,94,fog-103,1,fog,4200.0,0.0000,0.0000,0,100.000,,0,0.9213,,0.850,0,
4270,5,94,fog-103,1,fog,4300.0,0.0000,0.0000,0,100.000,,0,0.9194,,0.850,0,
4271,5,94,fog-103,1,fog,4400.0,0.0000,0.0000,0,100.000,,0,0.9175,,0.850,0,
4272,5,94,fog-103,1,fog,4500.0,0.0000,0.0000,0,100.000,,0,0.9156,,0.850,0,
4273,5,94,fog-103,1,fog,4600.0,0.0000,0.0000,0,100.000,,0,0.9138,,0.850,0,
4274,5,94,fog-103,1,fog,4700.0,0.0000,0.0000,0,100.000,,0,0.9119,,0.850,0,
4275,5,94,fog-103,1,fog,4800.0,0.0000,0.0000,0,100.000,,0,0.9100,,0.850,0,
4276,5,94,fog-103,1,fog,4900.0,0.0000,0.0000,0,100.000,,0,0.9081,,0.850,0,
4277,5,94,fog-103,1,fog,5000.0,0.0000,0.0000,0,100.000,,0,0.9063,,0.850,0,
4278,5,95,fog-104,1,fog,0.0,0.0000,0.0000,0,100.000,,0,1.0000,,0.850,0,3977.3
4279,5,95,fog-104,1,fog,100.0,0.0000,0.0000,0,100.000,,0,0.9981,,0.850,0,3977.3
4280,5,95,fog-104,1,fog,200.0,0.0000,0.0000,0,100.000,,0,0.9963,,0.850,0,3977.3
4281,5,95,fog-104,1,fog,300.0,0.0000,0.0000,0,100.000,,0,0.9944,,0.850,0,3977.3
4282,5,95,fog-104,1,fog,400.0,0.0000,0.0000,0,100.000,,0,0.9925,,0.850,0,3977.3
4283,5,95,fog-104,1,fog,500.0,0.0000,0.0000,0,100.000,,0,0.9906,,0.850,0,3977.3
4284,5,95,fog-104,1,fog,600.0,0.0000,0.0000,0,100.000,,0,0.9888,,0.850,0,3977.3
4285,5,95,fog-104,1,fog,700.0,0.0000,0.0000,0,100.000,,0,0.9869,,0.850,0,3977.3
4286,5,95,fog-104,1,fog,800.0,0.0000,0.0000,0,100.000,,0,0.9850,,0.850,0,3977.3
4287,5,95,fog-104,1,fog,900.0,0.0000,0.0000,0,100.000,,0,0.9831,,0.850,0,3977.3
4288,5,95,fog-104,1,fog,1000.0,0.0000,0.0000,0,100.000,,0,0.9813,,0.850,0,3977.3
4289,5,95,fog-104,1,fog,1100.0,0.0000,0.0000,0,100.000,,0,0.9794,,0.850,0,3977.3
4290,5,95,fog-104,1,fog,1200.0,0.0000,0.0000,17,100.850,0.9900,0,0.9775,,0.850,0,3977.3
4291,5,95,fog-104,1,fog,1300.0,0.0000,0.0000,0,100.000,,0,0.9756,,0.850,0,3977.3
4292,5,95,fog-104,1,fog,1400.0,0.0000,0.0000,0,100.000,,0,0.9738,,0.850,0,3977.3
4293,5,95,fog-104,1,fog,1500.0,0.0000,0.0000,0,100.000,,0,0.9719,,0.850,0,3977.3
4294,5,95,fog-104,1,fog,1600.0,0.0000,0.0000,0,100.000,,0,0.9700,,0.850,0,3977.3
4295,5,95,fog-104,1,fog,1700.0,0.0000,0.0000,0,100.000,,0,0.9681,,0.850,0,3977.3
4296,5,95,fog-104,1,fog,1800.0,0.0000,0.0000,0,100.000,,0,0.9663,,0.850,0,3977.3
4297,5,95,fog-104,1,fog,1900.0,0.0000,0.0000,0,100.000,,0,0.9644,,0.850,0,3977.3
4298,5,95,fog-104,1,fog,2000.0,0.0000,0.0000,0,100.000,,0,0.9625,,0.850,0,3977.3
4299,5,95,fog-104,1,fog,2100.0,0.0000,0.0000,0,100.000,,0,0.9606,,0.850,0,3977.3
4300,5,95,fog-104,1,fog,2200.0,0.0000,0.0000,0,100.000,,0,0.9588,,0.850,0,3977.3
4301,5,95,fog-104,1,fog,2300.0,0.0000,0.0000,0,100.000,,0,0.9569,,0.850,0,3977.3
4302,5,95,fog-104,1,fog,2400.0,0.0000,0.0000,0,100.000,,0,0.9550,,0.850,0,3977.3
4303,5,95,fog-104,1,fog,2500.0,0.0000,0.0000,0,100.000,,0,0.9531,,0.850,0,3977.3
4304,5,95,fog-104,1,fog,2600.0,0.0000,0.0000,0,100.000,,0,0.9513,,0.850,0,3977.3
4305,5,95,fog-104,1,fog,2700.0,0.0000,0.0000,0,100.000,,0,0.9494,,0.850,0,3977.3
4306,5,95,fog-104,1,fog,2800.0,0.0000,0.0000,40,101.700,1.0000,0,0.9475,,0.850,0,3977.3
4307,5,95,fog-104,1,fog,2900.0,0.0000,0.0000,0,100.000,,0,0.9456,,0.850,0,3977.3
4308,5,95,fog-104,1,fog,3000.0,0.0000,0.0000,0,100.000,,0,0.9438,,0.850,0,3977.3
4309,5,95,fog-104,1,fog,3100.0,0.0000,0.0000,0,100.000,,0,0.9419,,0.850,0,3977.3
4310,5,95,fog-104,1,fog,3200.0,0.0000,0.0000,18,100.900,0.9339,0,0.9400,,0.850,0,3977.3
4311,5,95,fog-104,1,fog,3300.0,0.0000,0.0000,0,100.000,,0,0.9381,,0.850,0,3977.3
4312,5,95,fog-104,1,fog,3400.0,0.0000,0.0000,0,100.000,,0,0.9363,,0.850,0,3977.3
4313,5,95,fog-104,1,fog,3500.0,0.0000,0.0000,0,100.000,,0,0.9344,,0.850,0,3977.3
4314,5,95,fog-104,1,fog,3600.0,0.0000,0.0000,0,100.000,,0,0.9325,,0.850,0,3977.3
4315,5,95,fog-104,1,fog,3700.0,0.0000,0.0000,0,100.000,,0,0.9306,,0.850,0,3977.3
4316,5,95,fog-104,1,fog,3800.0,0.0000,0.0000,0,100.000,,0,0.9288,,0.850,1,3977.3
4317,5,95,fog-104,1,fog,3900.0,0.0000,0.0000,0,100.000,,0,0.9269,,0.850,1,3977.3
4318,5,96,fog-105,1,fog,0.0,0.0000,0.0000,0,100.000,,0,1.0000,,0.850,0,
4319,5,96,fog-105,1,fog,100.0,0.0000,0.0000,0,100.000,,0,0.9981,,0.850,0,
4320,5,96,fog-105,1,fog,200.0,0.0000,0.0000,0,100.000,,0,0.9963,,0.850,0,
4321,5,96,fog-105,1,fog,300.0,0.0000,0.0000,0,100.000,,0,0.9944,,0.850,0,
4322,5,96,fog-105,1,fog,400.0,0.0000,0.0000,0,100.000,,0,0.9925,,0.850,0,
4323,5,96,fog-105,1,fog,500.0,0.0000,0.0000,0,100.000,,0,0.9906,,0.850,0,
4324,5,96,fog-105,1,fog,600.0,0.0000,0.0000,0,100.000,,0,0.9888,,0.850,0,
4325,5,96,fog-105,1,fog,700.0,0.0000,0.0000,0,100.000,,0,0.9869,,0.850,0,
4326,5,96,fog-105,1,fog,800.0,0.0000,0.0000,0,100.000,,0,0.9850,,0.850,0,
4327,5,96,fog-105,1,fog,900.0,0.0000,0.0000,0,100.000,,0,0.9831,,0.850,0,
4328,5,96,fog-105,1,fog,1000.0,0.0000,0.0000,0,100.000,,0,0.9813,,0.850,0,
4329,5,96,fog-105,1,fog,1100.0,0.0000,0.0000,0,100.000,,0,0.9794,,0.850,0,
4330,5,96,fog-105,1,fog,1200.0,0.0000,0.0000,0,100.000,,0,0.9775,,0.850,0,
4331,5,96,fog-105,1,fog,1300.0,0.0000,0.0000,0,100.000,,0,0.9756,,0.850,0,
4332,5,96,fog-105,1,fog,1400.0,0.0000,0.0000,0,100.000,,0,0.9738,,0.850,0,
4333,5,96,fog-105,1,fog,1500.0,0.0000,0.0000,0,100.000,,0,0.9719,,0.850,0,
4334,5,96,fog-105,1,fog,1600.0,0.0000,0.0000,0,100.000,,0,0.9700,,0.850,0,
4335,5,96,fog-105,1,fog,1700.0,0.0000,0.0000,0,100.000,,0,0.9681,,0.850,0,
4336,5,96,fog-105,1,fog,1800.0,0.0000,0.0000,0,100.000,,0,0.9663,,0.850,0,
4337,5,96,fog-105,1,fog,1900.0,0.0000,0.0000,0,100.000,,0,0.9644,,0.850,0,
4338,5,96,fog-105,1,fog,2000.0,0.0000,0.0000,0,100.000,,0,0.9625,,0.850,0,
4339,5,96,fog-105,1,fog,2100.0,0.0000,0.0000,0,100.000,,0,0.9606,,0.850,0,
4340,5,96,fog-105,1,fog,2200.0,0.0000,0.0000,0,100.000,,0,0.9588,,0.850,0,
4341,5,96,fog-105,1,fog,2300.0,0.0000,0.0000,0,100.000,,0,0.9569,,0.850,0,
4342,5,96,fog-105,1,fog,2400.0,0.0000,0.0000,0,100.000,,0,0.9550,,0.850,0,
4343,5,96,fog-105,1,fog,2500.0,0.0000,0.0000,0,100.000,,0,0.9531,,0.850,0,
4344,5,96,fog-105,1,fog,2600.0,0.0000,0.0000,0,100.000,,0,0.9513,,0.850,0,
4345,5,96,fog-105,1,fog,2700.0,0.0000,0.0000,0,100.000,,0,0.9494,,0.850,0,
4346,5,96,fog-105,1,fog,2800.0,0.0000,0.0000,0,100.000,,0,0.9475,,0.850,0,
4347,5,96,fog-105,1,fog,2900.0,0.0000,0.0000,0,100.000,,0,0.9456,,0.850,0,
4348,5,96,fog-105,1,fog,3000.0,0.0000,0.0000,0,100.000,,0,0.9438,,0.850,0,
4349,5,96,fog-105,1,fog,3100.0,0.0000,0.0000,0,100.000,,0,0.9419,,0.850,0,
4350,5,96,fog-105,1,fog,3200.0,0.0000,0.0000,0,100.000,,0,0.9400,,0.850,0,
4351,5,96,fog-105,1,fog,3300.0,0.0000,0.0000,0,100.000,,0,0.9381,,0.850,0,
4352,5,96,fog-105,1,fog,3400.0,0.0000,0.0000,0,100.000,,0,0.9363,,0.850,0,
4353,5,96,fog-105,1,fog,3500.0,0.0000,0.0000,0,100.000,,0,0.9344,,0.850,0,
4354,5,96,fog-105,1,fog,3600.0,0.0000,0.0000,0,100.000,,0,0.9325,,0.850,0,
4355,5,96,fog-105,1,fog,3700.0,0.0000,0.0000,0,100.000,,0,0.9306,,0.850,0,
4356,5,96,fog-105,1,fog,3800.0,0.0000,0.0000,0,100.000,,0,0.9288,,0.850,0,
4357,5,96,fog-105,1,fog,3900.0,0.0000,0.0000,0,100.000,,0,0.9269,,0.850,0,
4358,5,96,fog-105,1,fog,4000.0,0.0000,0.0000,0,100.000,,0,0.9250,,0.850,0,
4359,5,96,fog-105,1,fog,4100.0,0.0000,0.0000,0,100.000,,0,0.9231,,0.850,0,
4360,5,96,fog-105,1,fog,4200.0,0.0000,0.0000,0,100.000,,0,0.9213,,0.850,0,
4361,5,96,fog-105,1,fog,4300.0,0.0000,0.0000,0,100.000,,0,0.9194,,0.850,0,
4362,5,96,fog-105,1,fog,4400.0,0.0000,0.0000,0,100.000,,0,0.9175,,0.850,0,
4363,5,96,fog-105,1,fog,4500.0,0.0000,0.0000,0,100.000,,0,0.9156,,0.850,0,
4364,5,96,fog-105,1,fog,4600.0,0.0000,0.0000,0,100.000,,0,0.9138,,0.850,0,
4365,5,96,fog-105,1,fog,4700.0,0.0000,0.0000,0,100.000,,0,0.9119,,0.850,0,
4366,5,96,fog-105,1,fog,4800.0,0.0000,0.0000,0,100.000,,0,0.9100,,0.850,0,
4367,5,96,fog-105,1,fog,4900.0,0.0000,0.0000,0,100.000,,0,0.9081,,0.850,0,
4368,5,96,fog-105,1,fog,5000.0,0.0000,0.0000,0,100.000,,0,0.9063,,0.850,0,
4369,5,97,fog-106,1,fog,0.0,0.0000,0.0000,0,100.000,,0,1.0000,,0.850,0,
4370,5,97,fog-106,1,fog,100.0,0.0000,0.0000,0,100.000,,0,0.9981,,0.850,0,
4371,5,97,fog-106,1,fog,200.0,0.0000,0.0000,0,100.000,,0,0.9963,,0.850,0,
4372,5,97,fog-106,1,fog,300.0,0.0000,0.0000,0,100.000,,0,0.9944,,0.850,0,
4373,5,97,fog-106,1,fog,400.0,0.0000,0.0000,0,100.000,,0,0.9925,,0.850,0,
4374,5,97,fog-106,1,fog,500.0,0.0000,0.0000,0,100.000,,0,0.9906,,0.850,0,
4375,5,97,fog-106,1,fog,600.0,0.0000,0.0000,0,100.000,,0,0.9888,,0.850,0,
4376,5,97,fog-106,1,fog,700.0,0.0000,0.0000,0,100.000,,0,0.9869,,0.850,0,
4377,5,97,fog-106,1,fog,800.0,0.0000,0.0000,0,100.000,,0,0.9850,,0.850,0,
4378,5,97,fog-106,1,fog,900.0,0.0000,0.0000,0,100.000,,0,0.9831,,0.850,0,
4379,5,97,fog-106,1,fog,1000.0,0.0000,0.0000,0,100.000,,0,0.9813,,0.850,0,
4380,5,97,fog-106,1,fog,1100.0,0.0000,0.0000,0,100.000,,0,0.9794,,0.850,0,
4381,5,97,fog-106,1,fog,1200.0,0.0000,0.0000,0,100.000,,0,0.9775,,0.850,0,
4382,5,97,fog-106,1,fog,1300.0,0.0000,0.0000,0,100.000,,0,0.9756,,0.850,0,
4383,5,97,fog-106,1,fog,1400.0,0.0000,0.0000,0,100.000,,0,0.9738,,0.850,0,
4384,5,97,fog-106,1,fog,1500.0,0.0000,0.0000,0,100.000,,0,0.9719,,0.850,0,
4385,5,97,fog-106,1,fog,1600.0,0.0000,0.0000,0,100.000,,0,0.9700,,0.850,0,
4386,5,97,fog-106,1,fog,1700.0,0.0000,0.0000,0,100.000,,0,0.9681,,0.850,0,
4387,5,97,fog-106,1,fog,1800.0,0.0000,0.0000,0,100.000,,0,0.9663,,0.850,0,
4388,5,97,fog-106,1,fog,1900.0,0.0000,0.0000,0,100.000,,0,0.9644,,0.850,0,
4389,5,97,fog-106,1,fog,2000.0,0.0000,0.0000,0,100.000,,0,0.9625,,0.850,0,
4390,5,97,fog-106,1,fog,2100.0,0.0000,0.0000,0,100.000,,0,0.9606,,0.850,0,
4391,5,97,fog-106,1,fog,2200.0,0.0000,0.0000,0,100.000,,0,0.9588,,0.850,0,
4392,5,97,fog-106,1,fog,2300.0,0.0000,0.0000,0,100.000,,0,0.9569,,0.850,0,
4393,5,97,fog-106,1,fog,2400.0,0.0000,0.0000,0,100.000,,0,0.9550,,0.850,0,
4394,5,97,fog-106,1,fog,2500.0,0.0000,0.0000,0,100.000,,0,0.9531,,0.850,0,
4395,5,97,fog-106,1,fog,2600.0,0.0000,0.0000,0,100.000,,0,0.9513,,0.850,0,
4396,5,97,fog-106,1,fog,2700.0,0.0000,0.0000,0,100.000,,0,0.9494,,0.850,0,
4397,5,97,fog-106,1,fog,2800.0,0.0000,0.0000,0,100.000,,0,0.9475,,0.850,0,
4398,5,97,fog-106,1,fog,2900.0,0.0000,0.0000,0,100.000,,0,0.9456,,0.850,0,
4399,5,97,fog-106,1,fog,3000.0,0.0000,0.0000,0,100.000,,0,0.9438,,0.850,0,
4400,5,97,fog-106,1,fog,3100.0,0.0000,0.0000,0,100.000,,0,0.9419,,0.850,0,
4401,5,97,fog-106,1,fog,3200.0,0.0000,0.0000,0,100.000,,0,0.9400,,0.850,0,
4402,5,97,fog-106,1,fog,3300.0,0.0000,0.0000,0,100.000,,0,0.9381,,0.850,0,
4403,5,97,fog-106,1,fog,3400.0,0.0000,0.0000,0,100.000,,0,0.9363,,0.850,0,
4404,5,97,fog-106,1,fog,3500.0,0.0000,0.0000,0,100.000,,0,0.9344,,0.850,0,
4405,5,97,fog-106,1,fog,3600.0,0.0000,0.0000,0,100.000,,0,0.9325,,0.850,0,
4406,5,97,fog-106,1,fog,3700.0,0.0000,0.0000,0,100.000,,0,0.9306,,0.850,0,
4407,5,97,fog-106,1,fog,3800.0,0.0000,0.0000,0,100.000,,0,0.9288,,0.850,0,
4408,5,97,fog-106,1,fog,3900.0,0.0000,0.0000,0,100.000,,0,0.9269,,0.850,0,
4409,5,97,fog-106,1,fog,4000.0,0.0000,0.0000,0,100.000,,0,0.9250,,0.850,0,
4410,5,97,fog-106,1,fog,4100.0,0.0000,0.0000,0,100.000,,0,0.9231,,0.850,0,
4411,5,97,fog-106,1,fog,4200.0,0.0000,0.0000,0,100.000,,0,0.9213,,0.850,0,
4412,5,97,fog-106,1,fog,4300.0,0.0000,0.0000,0,100.000,,0,0.9194,,0.850,0,
4413,5,97,fog-106,1,fog,4400.0,0.0000,0.0000,0,100.000,,0,0.9175,,0.850,0,
4414,5,97,fog-106,1,fog,4500.0,0.0000,0.0000,0,100.000,,0,0.9156,,0.850,0,
4415,5,97,fog-106,1,fog,4600.0,0.0000,0.0000,0,100.000,,0,0.9138,,0.850,0,
4416,5,97,fog-106,1,fog,4700.0,0.0000,0.0000,0,100.000,,0,0.9119,,0.850,0,
4417,5,97,fog-106,1,fog,4800.0,0.0000,0.0000,0,100.000,,0,0.9100,,0.850,0,
4418,5,97,fog-106,1,fog,4900.0,0.0000,0.0000,0,100.000,,0,0.9081,,0.850,0,
4419,5,97,fog-106,1,fog,5000.0,0.0000,0.0000,0,100.000,,0,0.9063,,0.850,0,
4420,5,98,fog-107,1,fog,0.0,0.0000,0.0000,0,100.000,,0,1.0000,,0.850,0,
4421,5,98,fog-107,1,fog,100.0,0.0000,0.0000,0,100.000,,0,0.9981,,0.850,0,
4422,5,98,fog-107,1,fog,200.0,0.0000,0.0000,0,100.000,,0,0.9963,,0.850,0,
4423,5,98,fog-107,1,fog,300.0,0.0000,0.0000,0,100.000,,0,0.9944,,0.850,0,
4424,5,98,fog-107,1,fog,400.0,0.0000,0.0000,0,100.000,,0,0.9925,,0.850,0,
4425,5,98,fog-107,1,fog,500.0,0.0000,0.0000,0,100.000,,0,0.9906,,0.850,0,
4426,5,98,fog-107,1,fog,600.0,0.0000,0.0000,0,100.000,,0,0.9888,,0.850,0,
4427,5,98,fog-107,1,fog,700.0,0.0000,0.0000,0,100.000,,0,0.9869,,0.850,0,
4428,5,98,fog-107,1,fog,800.0,0.0000,0.0000,0,100.000,,0,0.9850,,0.850,0,
4429,5,98,fog-107,1,fog,900.0,0.0000,0.0000,0,100.000,,0,0.9831,,0.850,0,
4430,5,98,fog-107,1,fog,1000.0,0.0000,0.0000,0,100.000,,0,0.9813,,0.850,0,
4431,5,98,fog-107,1,fog,1100.0,0.0000,0.0000,0,100.000,,0,0.9794,,0.850,0,
4432,5,98,fog-107,1,fog,1200.0,0.0000,0.0000,0,100.000,,0,0.9775,,0.850,0,
4433,5,98,fog-107,1,fog,1300.0,0.0000,0.0000,0,100.000,,0,0.9756,,0.850,0,
4434,5,98,fog-107,1,fog,1400.0,0.0000,0.0000,0,100.000,,0,0.9738,,0.850,0,
4435,5,98,fog-107,1,fog,1500.0,0.0000,0.0000,0,100.000,,0,0.9719,,0.850,0,
4436,5,98,fog-107,1,fog,1600.0,0.0000,0.0000,0,100.000,,0,0.9700,,0.850,0,
4437,5,98,fog-107,1,fog,1700.0,0.0000,0.0000,0,100.000,,0,0.9681,,0.850,0,
4438,5,98,fog-107,1,fog,1800.0,0.0000,0.0000,0,100.000,,0,0.9663,,0.850,0,
4439,5,98,fog-107,1,fog,1900.0,0.0000,0.0000,0,100.000,,0,0.9644,,0.850,0,
4440,5,98,fog-107,1,fog,2000.0,0.0000,0.0000,0,100.000,,0,0.9625,,0.850,0,
4441,5,98,fog-107,1,fog,2100.0,0.0000,0.0000,0,100.000,,0,0.9606,,0.850,0,
4442,5,98,fog-107,1,fog,2200.0,0.0000,0.0000,0,100.000,,0,0.9588,,0.850,0,
4443,5,98,fog-107,1,fog,2300.0,0.0000,0.0000,0,100.000,,0,0.9569,,0.850,0,
4444,5,98,fog-107,1,fog,2400.0,0.0000,0.0000,0,100.000,,0,0.9550,,0.850,0,
4445,5,98,fog-107,1,fog,2500.0,0.0000,0.0000,0,100.000,,0,0.9531,,0.850,0,
4446,5,98,fog-107,1,fog,2600.0,0.0000,0.0000,0,100.000,,0,0.9513,,0.850,0,
4447,5,98,fog-107,1,fog,2700.0,0.0000,0.0000,0,100.000,,0,0.9494,,0.850,0,
4448,5,98,fog-107,1,fog,2800.0,0.0000,0.0000,0,100.000,,0,0.9475,,0.850,0,
4449,5,98,fog-107,1,fog,2900.0,0.0000,0.0000,0,100.000,,0,0.9456,,0.850,0,
4450,5,98,fog-107,1,fog,3000.0,0.0000,0.0000,0,100.000,,0,0.9438,,0.850,0,
4451,5,98,fog-107,1,fog,3100.0,0.0000,0.0000,0,100.000,,0,0.9419,,0.850,0,
4452,5,98,fog-107,1,fog,3200.0,0.0000,0.0000,0,100.000,,0,0.9400,,0.850,0,
4453,5,98,fog-107,1,fog,3300.0,0.0000,0.0000,0,100.000,,0,0.9381,,0.850,0,
4454,5,98,fog-107,1,fog,3400.0,0.0000,0.0000,0,100.000,,0,0.9363,,0.850,0,
4455,5,98,fog-107,1,fog,3500.0,0.0000,0.0000,0,100.000,,0,0.9344,,0.850,0,
4456,5,98,fog-107,1,fog,3600.0,0.0000,0.0000,0,100.000,,0,0.9325,,0.850,0,
4457,5,98,fog-107,1,fog,3700.0,0.0000,0.0000,0,100.000,,0,0.9306,,0.850,0,
4458,5,98,fog-107,1,fog,3800.0,0.0000,0.0000,0,100.000,,0,0.9288,,0.850,0,
4459,5,98,fog-107,1,fog,3900.0,0.0000,0.0000,0,100.000,,0,0.9269,,0.850,0,
4460,5,98,fog-107,1,fog,4000.0,0.0000,0.0000,0,100.000,,0,0.9250,,0.850,0,
4461,5,98,fog-107,1,fog,4100.0,0.0000,0.0000,0,100.000,,0,0.9231,,0.850,0,
4462,5,98,fog-107,1,fog,4200.0,0.0000,0.0000,0,100.000,,0,0.9213,,0.850,0,
4463,5,98,fog-107,1,fog,4300.0,0.0000,0.0000,0,100.000,,0,0.9194,,0.850,0,
4464,5,98,fog-107,1,fog,4400.0,0.0000,0.0000,0,100.000,,0,0.9175,,0.850,0,
4465,5,98,fog-107,1,fog,4500.0,0.0000,0.0000,0,100.000,,0,0.9156,,0.850,0,
4466,5,98,fog-107,1,fog,4600.0,0.0000,0.0000,0,100.000,,0,0.9138,,0.850,0,
4467,5,98,fog-107,1,fog,4700.0,0.0000,0.0000,0,100.000,,0,0.9119,,0.850,0,
4468,5,98,fog-107,1,fog,4800.0,0.0000,0.0000,0,100.000,,0,0.9100,,0.850,0,
4469,5,98,fog-107,1,fog,4900.0,0.0000,0.0000,0,100.000,,0,0.9081,,0.850,0,
4470,5,98,fog-107,1,fog,5000.0,0.0000,0.0000,0,100.000,,0,0.9063,,0.850,0,
4471,5,99,fog-108,1,fog,0.0,0.0000,0.0000,0,100.000,,0,1.0000,,0.850,0,
4472,5,99,fog-108,1,fog,100.0,0.0000,0.0000,0,100.000,,0,0.9981,,0.850,0,
4473,5,99,fog-108,1,fog,200.0,0.0000,0.0000,0,100.000,,0,0.9963,,0.850,0,
4474,5,99,fog-108,1,fog,300.0,0.0000,0.0000,0,100.000,,0,0.9944,,0.850,0,
4475,5,99,fog-108,1,fog,400.0,0.0000,0.0000,0,100.000,,0,0.9925,,0.850,0,
4476,5,99,fog-108,1,fog,500.0,0.0000,0.0000,0,100.000,,0,0.9906,,0.850,0,
4477,5,99,fog-108,1,fog,600.0,0.0000,0.0000,0,100.000,,0,0.9888,,0.850,0,
4478,5,99,fog-108,1,fog,700.0,0.0000,0.0000,0,100.000,,0,0.9869,,0.850,0,
4479,5,99,fog-108,1,fog,800.0,0.0000,0.0000,0,100.000,,0,0.9850,,0.850,0,
4480,5,99,fog-108,1,fog,900.0,0.0000,0.0000,0,100.000,,0,0.9831,,0.850,0,
4481,5,99,fog-108,1,fog,1000.0,0.0000,0.0000,0,100.000,,0,0.9813,,0.850,0,
4482,5,99,fog-108,1,fog,1100.0,0.0000,0.0000,0,100.000,,0,0.9794,,0.850,0,
4483,5,99,fog-108,1,fog,1200.0,0.0000,0.0000,0,100.000,,0,0.9775,,0.850,0,
4484,5,99,fog-108,1,fog,1300.0,0.0000,0.0000,0,100.000,,0,0.9756,,0.850,0,
4485,5,99,fog-108,1,fog,1400.0,0.0000,0.0000,0,100.000,,0,0.9738,,0.850,0,
4486,5,99,fog-108,1,fog,1500.0,0.0000,0.0000,0,100.000,,0,0.9719,,0.850,0,
4487,5,99,fog-108,1,fog,1600.0,0.0000,0.0000,0,100.000,,0,0.9700,,0.850,0,
4488,5,99,fog-108,1,fog,1700.0,0.0000,0.0000,0,100.000,,0,0.9681,,0.850,0,
4489,5,99,fog-108,1,fog,1800.0,0.0000,0.0000,0,100.000,,0,0.9663,,0.850,0,
4490,5,99,fog-108,1,fog,1900.0,0.0000,0.0000,0,100.000,,0,0.9644,,0.850,0,
4491,5,99,fog-108,1,fog,2000.0,0.0000,0.0000,0,100.000,,0,0.9625,,0.850,0,
4492,5,99,fog-108,1,fog,2100.0,0.0000,0.0000,0,100.000,,0,0.9606,,0.850,0,
4493,5,99,fog-108,1,fog,2200.0,0.0000,0.0000,0,100.000,,0,0.9588,,0.850,0,
4494,5,99,fog-108,1,fog,2300.0,0.0000,0.0000,0,100.000,,0,0.9569,,0.850,0,
4495,5,99,fog-108,1,fog,2400.0,0.0000,0.0000,0,100.000,,0,0.9550,,0.850,0,
4496,5,99,fog-108,1,fog,2500.0,0.0000,0.0000,0,100.000,,0,0.9531,,0.850,0,
4497,5,99,fog-108,1,fog,2600.0,0.0000,0.0000,0,100.000,,0,0.9513,,0.850,0,
4498,5,99,fog-108,1,fog,2700.0,0.0000,0.0000,0,100.000,,0,0.9494,,0.850,0,
4499,5,99,fog-108,1,fog,2800.0,0.0000,0.0000,0,100.000,,0,0.9475,,0.850,0,
4500,5,99,fog-108,1,fog,2900.0,0.0000,0.0000,0,100.000,,0,0.9456,,0.850,0,
4501,5,99,fog-108,1,fog,3000.0,0.0000,0.0000,0,100.000,,0,0.9438,,0.850,0,
4502,5,99,fog-108,1,fog,3100.0,0.0000,0.0000,0,100.000,,0,0.9419,,0.850,0,
4503,5,99,fog-108,1,fog,3200.0,0.0000,0.0000,0,100.000,,0,0.9400,,0.850,0,
4504,5,99,fog-108,1,fog,3300.0,0.0000,0.0000,0,100.000,,0,0.9381,,0.850,0,
4505,5,99,fog-108,1,fog,3400.0,0.0000,0.0000,0,100.000,,0,0.9363,,0.850,0,
4506,5,99,fog-108,1,fog,3500.0,0.0000,0.0000,0,100.000,,0,0.9344,,0.850,0,
4507,5,99,fog-108,1,fog,3600.0,0.0000,0.0000,0,100.000,,0,0.9325,,0.850,0,
4508,5,99,fog-108,1,fog,3700.0,0.0000,0.0000,0,100.000,,0,0.9306,,0.850,0,
4509,5,99,fog-108,1,fog,3800.0,0.0000,0.0000,0,100.000,,0,0.9288,,0.850,0,
4510,5,99,fog-108,1,fog,3900.0,0.0000,0.0000,0,100.000,,0,0.9269,,0.850,0,
4511,5,99,fog-108,1,fog,4000.0,0.0000,0.0000,0,100.000,,0,0.9250,,0.850,0,
4512,5,99,fog-108,1,fog,4100.0,0.0000,0.0000,0,100.000,,0,0.9231,,0.850,0,
4513,5,99,fog-108,1,fog,4200.0,0.0000,0.0000,0,100.000,,0,0.9213,,0.850,0,
4514,5,99,fog-108,1,fog,4300.0,0.0000,0.0000,0,100.000,,0,0.9194,,0.850,0,
4515,5,99,fog-108,1,fog,4400.0,0.0000,0.0000,0,100.000,,0,0.9175,,0.850,0,
4516,5,99,fog-108,1,fog,4500.0,0.0000,0.0000,0,100.000,,0,0.9156,,0.850,0,
4517,5,99,fog-108,1,fog,4600.0,0.0000,0.0000,0,100.000,,0,0.9138,,0.850,0,
4518,5,99,fog-108,1,fog,4700.0,0.0000,0.0000,0,100.000,,0,0.9119,,0.850,0,
4519,5,99,fog-108,1,fog,4800.0,0.0000,0.0000,0,100.000,,0,0.9100,,0.850,0,
4520,5,99,fog-108,1,fog,4900.0,0.0000,0.0000,0,100.000,,0,0.9081,,0.850,0,
4521,5,99,fog-108,1,fog,5000.0,0.0000,0.0000,0,100.000,,0,0.9063,,0.850,0,
4522,5,100,fog-109,1,fog,0.0,0.0000,0.0000,0,100.000,,0,1.0000,,0.850,0,
4523,5,100,fog-109,1,fog,100.0,0.0000,0.0000,0,100.000,,0,0.9981,,0.850,0,
4524,5,100,fog-109,1,fog,200.0,0.0000,0.0000,0,100.000,,0,0.9963,,0.850,0,
4525,5,100,fog-109,1,fog,300.0,0.0000,0.0000,0,100.000,,0,0.9944,,0.850,0,
4526,5,100,fog-109,1,fog,400.0,0.0000,0.0000,0,100.000,,0,0.9925,,0.850,0,
4527,5,100,fog-109,1,fog,500.0,0.0000,0.0000,0,100.000,,0,0.9906,,0.850,0,
4528,5,100,fog-109,1,fog,600.0,0.0000,0.0000,0,100.000,,0,0.9888,,0.850,0,
4529,5,100,fog-109,1,fog,700.0,0.0000,0.0000,0,100.000,,0,0.9869,,0.850,0,
4530,5,100,fog-109,1,fog,800.0,0.0000,0.0000,0,100.000,,0,0.9850,,0.850,0,
4531,5,100,fog-109,1,fog,900.0,0.0000,0.0000,0,100.000,,0,0.9831,,0.850,0,
4532,5,100,fog-109,1,fog,1000.0,0.0000,0.0000,0,100.000,,0,0.9813,,0.850,0,
4533,5,100,fog-109,1,fog,1100.0,0.0000,0.0000,0,100.000,,0,0.9794,,0.850,0,
4534,5,100,fog-109,1,fog,1200.0,0.0000,0.0000,0,100.000,,0,0.9775,,0.850,0,
4535,5,100,fog-109,1,fog,1300.0,0.0000,0.0000,0,100.000,,0,0.9756,,0.850,0,
4536,5,100,fog-109,1,fog,1400.0,0.0000,0.0000,0,100.000,,0,0.9738,,0.850,0,
4537,5,100,fog-109,1,fog,1500.0,0.0000,0.0000,0,100.000,,0,0.9719,,0.850,0,
4538,5,100,fog-109,1,fog,1600.0,0.0000,0.0000,0,100.000,,0,0.9700,,0.850,0,
4539,5,100,fog-109,1,fog,1700.0,0.0000,0.0000,0,100.000,,0,0.9681,,0.850,0,
4540,5,100,fog-109,1,fog,1800.0,0.0000,0.0000,0,100.000,,0,0.9663,,0.850,0,
4541,5,100,fog-109,1,fog,1900.0,0.0000,0.0000,0,100.000,,0,0.9644,,0.850,0,
4542,5,100,fog-109,1,fog,2000.0,0.0000,0.0000,0,100.000,,0,0.9625,,0.850,0,
4543,5,100,fog-109,1,fog,2100.0,0.0000,0.0000,0,100.000,,0,0.9606,,0.850,0,
4544,5,100,fog-109,1,fog,2200.0,0.0000,0.0000,0,100.000,,0,0.9588,,0.850,0,
4545,5,100,fog-109,1,fog,2300.0,0.0000,0.0000,0,100.000,,0,0.9569,,0.850,0,
4546,5,100,fog-109,1,fog,2400.0,0.0000,0.0000,0,100.000,,0,0.9550,,0.850,0,
4547,5,100,fog-109,1,fog,2500.0,0.0000,0.0000,0,100.000,,0,0.9531,,0.850,0,
4548,5,100,fog-109,1,fog,2600.0,0.0000,0.0000,0,100.000,,0,0.9513,,0.850,0,
4549,5,100,fog-109,1,fog,2700.0,0.0000,0.0000,0,100.000,,0,0.9494,,0.850,0,
4550,5,100,fog-109,1,fog,2800.0,0.0000,0.0000,0,100.000,,0,0.9475,,0.850,0,
4551,5,100,fog-109,1,fog,2900.0,0.0000,0.0000,0,100.000,,0,0.9456,,0.850,0,
4552,5,100,fog-109,1,fog,3000.0,0.0000,0.0000,0,100.000,,0,0.9438,,0.850,0,
4553,5,100,fog-109,1,fog,3100.0,0.0000,0.0000,0,100.000,,0,0.9419,,0.850,0,
4554,5,100,fog-109,1,fog,3200.0,0.0000,0.0000,0,100.000,,0,0.9400,,0.850,0,
4555,5,100,fog-109,1,fog,3300.0,0.0000,0.0000,0,100.000,,0,0.9381,,0.850,0,
4556,5,100,fog-109,1,fog,3400.0,0.0000,0.0000,0,100.000,,0,0.9363,,0.850,0,
4557,5,100,fog-109,1,fog,3500.0,0.0000,0.0000,0,100.000,,0,0.9344,,0.850,0,
4558,5,100,fog-109,1,fog,3600.0,0.0000,0.0000,0,100.000,,0,0.9325,,0.850,0,
4559,5,100,fog-109,1,fog,3700.0,0.0000,0.0000,0,100.000,,0,0.9306,,0.850,0,
4560,5,100,fog-109,1,fog,3800.0,0.0000,0.0000,0,100.000,,0,0.9288,,0.850,0,
4561,5,100,fog-109,1,fog,3900.0,0.0000,0.0000,0,100.000,,0,0.9269,,0.850,0,
4562,5,100,fog-109,1,fog,4000.0,0.0000,0.0000,0,100.000,,0,0.9250,,0.850,0,
4563,5,100,fog-109,1,fog,4100.0,0.0000,0.0000,0,100.000,,0,0.9231,,0.850,0,
4564,5,100,fog-109,1,fog,4200.0,0.0000,0.0000,0,100.000,,0,0.9213,,0.850,0,
4565,5,100,fog-109,1,fog,4300.0,0.0000,0.0000,0,100.000,,0,0.9194,,0.850,0,
4566,5,100,fog-109,1,fog,4400.0,0.0000,0.0000,0,100.000,,0,0.9175,,0.850,0,
4567,5,100,fog-109,1,fog,4500.0,0.0000,0.0000,0,100.000,,0,0.9156,,0.850,0,
4568,5,100,fog-109,1,fog,4600.0,0.0000,0.0000,0,100.000,,0,0.9138,,0.850,0,
4569,5,100,fog-109,1,fog,4700.0,0.0000,0.0000,0,100.000,,0,0.9119,,0.850,0,
4570,5,100,fog-109,1,fog,4800.0,0.0000,0.0000,0,100.000,,0,0.9100,,0.850,0,
4571,5,100,fog-109,1,fog,4900.0,0.0000,0.0000,0,100.000,,0,0.9081,,0.850,0,
4572,5,100,fog-109,1,fog,5000.0,0.0000,0.0000,0,100.000,,0,0.9063,,0.850,0,
4573,5,101,fog-110,1,fog,0.0,0.0000,0.0000,0,100.000,,0,1.0000,,0.850,0,
4574,5,101,fog-110,1,fog,100.0,0.0000,0.0000,0,100.000,,0,0.9981,,0.850,0,
4575,5,101,fog-110,1,fog,200.0,0.0000,0.0000,0,100.000,,0,0.9963,,0.850,0,
4576,5,101,fog-110,1,fog,300.0,0.0000,0.0000,0,100.000,,0,0.9944,,0.850,0,
4577,5,101,fog-110,1,fog,400.0,0.0000,0.0000,0,100.000,,0,0.9925,,0.850,0,
4578,5,101,fog-110,1,fog,500.0,0.0000,0.0000,0,100.000,,0,0.9906,,0.850,0,
4579,5,101,fog-110,1,fog,600.0,0.0000,0.0000,0,100.000,,0,0.9888,,0.850,0,
4580,5,101,fog-110,1,fog,700.0,0.0000,0.0000,0,100.000,,0,0.9869,,0.850,0,
4581,5,101,fog-110,1,fog,800.0,0.0000,0.0000,0,100.000,,0,0.9850,,0.850,0,
4582,5,101,fog-110,1,fog,900.0,0.0000,0.0000,0,100.000,,0,0.9831,,0.850,0,
4583,5,101,fog-110,1,fog,1000.0,0.0000,0.0000,0,100.000,,0,0.9813,,0.850,0,
4584,5,101,fog-110,1,fog,1100.0,0.0000,0.0000,0,100.000,,0,0.9794,,0.850,0,
4585,5,101,fog-110,1,fog,1200.0,0.0000,0.0000,0,100.000,,0,0.9775,,0.850,0,
4586,5,101,fog-110,1,fog,1300.0,0.0000,0.0000,0,100.000,,0,0.9756,,0.850,0,
4587,5,101,fog-110,1,fog,1400.0,0.0000,0.0000,0,100.000,,0,0.9738,,0.850,0,
4588,5,101,fog-110,1,fog,1500.0,0.0000,0.0000,0,100.000,,0,0.9719,,0.850,0,
4589,5,101,fog-110,1,fog,1600.0,0.0000,0.0000,0,100.000,,0,0.9700,,0.850,0,
4590,5,101,fog-110,1,fog,1700.0,0.0000,0.0000,0,100.000,,0,0.9681,,0.850,0,
4591,5,101,fog-110,1,fog,1800.0,0.0000,0.0000,0,100.000,,0,0.9663,,0.850,0,
4592,5,101,fog-110,1,fog,1900.0,0.0000,0.0000,0,100.000,,0,0.9644,,0.850,0,
4593,5,101,fog-110,1,fog,2000.0,0.0000,0.0000,0,100.000,,0,0.9625,,0.850,0,
4594,5,101,fog-110,1,fog,2100.0,0.0000,0.0000,0,100.000,,0,0.9606,,0.850,0,
4595,5,101,fog-110,1,fog,2200.0,0.0000,0.0000,0,100.000,,0,0.9588,,0.850,0,
4596,5,101,fog-110,1,fog,2300.0,0.0000,0.0000,0,100.000,,0,0.9569,,0.850,0,
4597,5,101,fog-110,1,fog,2400.0,0.0000,0.0000,0,100.000,,0,0.9550,,0.850,0,
4598,5,101,fog-110,1,fog,2500.0,0.0000,0.0000,0,100.000,,0,0.9531,,0.850,0,
4599,5,101,fog-110,1,fog,2600.0,0.0000,0.0000,0,100.000,,0,0.9513,,0.850,0,
4600,5,101,fog-110,1,fog,2700.0,0.0000,0.0000,0,100.000,,0,0.9494,,0.850,0,
4601,5,101,fog-110,1,fog,2800.0,0.0000,0.0000,0,100.000,,0,0.9475,,0.850,0,
4602,5,101,fog-110,1,fog,2900.0,0.0000,0.0000,0,100.000,,0,0.9456,,0.850,0,
4603,5,101,fog-110,1,fog,3000.0,0.0000,0.0000,0,100.000,,0,0.9438,,0.850,0,
4604,5,101,fog-110,1,fog,3100.0,0.0000,0.0000,0,100.000,,0,0.9419,,0.850,0,
4605,5,101,fog-110,1,fog,3200.0,0.0000,0.0000,0,100.000,,0,0.9400,,0.850,0,
4606,5,101,fog-110,1,fog,3300.0,0.0000,0.0000,0,100.000,,0,0.9381,,0.850,0,
4607,5,101,fog-110,1,fog,3400.0,0.0000,0.0000,0,100.000,,0,0.9363,,0.850,0,
4608,5,101,fog-110,1,fog,3500.0,0.0000,0.0000,0,100.000,,0,0.9344,,0.850,0,
4609,5,101,fog-110,1,fog,3600.0,0.0000,0.0000,0,100.000,,0,0.9325,,0.850,0,
4610,5,101,fog-110,1,fog,3700.0,0.0000,0.0000,0,100.000,,0,0.9306,,0.850,0,
4611,5,101,fog-110,1,fog,3800.0,0.0000,0.0000,0,100.000,,0,0.9288,,0.850,0,
4612,5,101,fog-110,1,fog,3900.0,0.0000,0.0000,0,100.000,,0,0.9269,,0.850,0,
4613,5,101,fog-110,1,fog,4000.0,0.0000,0.0000,0,100.000,,0,0.9250,,0.850,0,
4614,5,101,fog-110,1,fog,4100.0,0.0000,0.0000,0,100.000,,0,0.9231,,0.850,0,
4615,5,101,fog-110,1,fog,4200.0,0.0000,0.0000,0,100.000,,0,0.9213,,0.850,0,
4616,5,101,fog-110,1,fog,4300.0,0.0000,0.0000,0,100.000,,0,0.9194,,0.850,0,
4617,5,101,fog-110,1,fog,4400.0,0.0000,0.0000,0,100.000,,0,0.9175,,0.850,0,
4618,5,101,fog-110,1,fog,4500.0,0.0000,0.0000,0,100.000,,0,0.9156,,0.850,0,
4619,5,101,fog-110,1,fog,4600.0,0.0000,0.0000,0,100.000,,0,0.9138,,0.850,0,
4620,5,101,fog-110,1,fog,4700.0,0.0000,0.0000,0,100.000,,0,0.9119,,0.850,0,
4621,5,101,fog-110,1,fog,4800.0,0.0000,0.0000,0,100.000,,0,0.9100,,0.850,0,
4622,5,101,fog-110,1,fog,4900.0,0.0000,0.0000,0,100.000,,0,0.9081,,0.850,0,
4623,5,101,fog-110,1,fog,5000.0,0.0000,0.0000,0,100.000,,0,0.9063,,0.850,0,
4624,5,102,fog-111,1,fog,0.0,0.0000,0.0000,0,100.000,,0,1.0000,,0.850,0,
4625,5,102,fog-111,1,fog,100.0,0.0000,0.0000,0,100.000,,0,0.9981,,0.850,0,
4626,5,102,fog-111,1,fog,200.0,0.0000,0.0000,0,100.000,,0,0.9963,,0.850,0,
4627,5,102,fog-111,1,fog,300.0,0.0000,0.0000,0,100.000,,0,0.9944,,0.850,0,
4628,5,102,fog-111,1,fog,400.0,0.0000,0.0000,0,100.000,,0,0.9925,,0.850,0,
4629,5,102,fog-111,1,fog,500.0,0.0000,0.0000,0,100.000,,0,0.9906,,0.850,0,
4630,5,102,fog-111,1,fog,600.0,0.0000,0.0000,0,100.000,,0,0.9888,,0.850,0,
4631,5,102,fog-111,1,fog,700.0,0.0000,0.0000,0,100.000,,0,0.9869,,0.850,0,
4632,5,102,fog-111,1,fog,800.0,0.0000,0.0000,0,100.000,,0,0.9850,,0.850,0,
4633,5,102,fog-111,1,fog,900.0,0.0000,0.0000,0,100.000,,0,0.9831,,0.850,0,
4634,5,102,fog-111,1,fog,1000.0,0.0000,0.0000,0,100.000,,0,0.9813,,0.850,0,
4635,5,102,fog-111,1,fog,1100.0,0.0000,0.0000,0,100.000,,0,0.9794,,0.850,0,
4636,5,102,fog-111,1,fog,1200.0,0.0000,0.0000,0,100.000,,0,0.9775,,0.850,0,
4637,5,102,fog-111,1,fog,1300.0,0.0000,0.0000,0,100.000,,0,0.9756,,0.850,0,
4638,5,102,fog-111,1,fog,1400.0,0.0000,0.0000,0,100.000,,0,0.9738,,0.850,0,
4639,5,102,fog-111,1,fog,1500.0,0.0000,0.0000,0,100.000,,0,0.9719,,0.850,0,
4640,5,102,fog-111,1,fog,1600.0,0.0000,0.0000,0,100.000,,0,0.9700,,0.850,0,
4641,5,102,fog-111,1,fog,1700.0,0.0000,0.0000,0,100.000,,0,0.9681,,0.850,0,
4642,5,102,fog-111,1,fog,1800.0,0.0000,0.0000,0,100.000,,0,0.9663,,0.850,0,
4643,5,102,fog-111,1,fog,1900.0,0.0000,0.0000,0,100.000,,0,0.9644,,0.850,0,
4644,5,102,fog-111,1,fog,2000.0,0.0000,0.0000,0,100.000,,0,0.9625,,0.850,0,
4645,5,102,fog-111,1,fog,2100.0,0.0000,0.0000,0,100.000,,0,0.9606,,0.850,0,
4646,5,102,fog-111,1,fog,2200.0,0.0000,0.0000,0,100.000,,0,0.9588,,0.850,0,
4647,5,102,fog-111,1,fog,2300.0,0.0000,0.0000,0,100.000,,0,0.9569,,0.850,0,
4648,5,102,fog-111,1,fog,2400.0,0.0000,0.0000,0,100.000,,0,0.9550,,0.850,0,
4649,5,102,fog-111,1,fog,2500.0,0.0000,0.0000,0,100.000,,0,0.9531,,0.850,0,
4650,5,102,fog-111,1,fog,2600.0,0.0000,0.0000,0,100.000,,0,0.9513,,0.850,0,
4651,5,102,fog-111,1,fog,2700.0,0.0000,0.0000,0,100.000,,0,0.9494,,0.850,0,
4652,5,102,fog-111,1,fog,2800.0,0.0000,0.0000,0,100.000,,0,0.9475,,0.850,0,
4653,5,102,fog-111,1,fog,2900.0,0.0000,0.0000,0,100.000,,0,0.9456,,0.850,0,
4654,5,102,fog-111,1,fog,3000.0,0.0000,0.0000,0,100.000,,0,0.9438,,0.850,0,
4655,5,102,fog-111,1,fog,3100.0,0.0000,0.0000,0,100.000,,0,0.9419,,0.850,0,
4656,5,102,fog-111,1,fog,3200.0,0.0000,0.0000,0,100.000,,0,0.9400,,0.850,0,
4657,5,102,fog-111,1,fog,3300.0,0.0000,0.0000,0,100.000,,0,0.9381,,0.850,0,
4658,5,102,fog-111,1,fog,3400.0,0.0000,0.0000,0,100.000,,0,0.9363,,0.850,0,
4659,5,102,fog-111,1,fog,3500.0,0.0000,0.0000,0,100.000,,0,0.9344,,0.850,0,
4660,5,102,fog-111,1,fog,3600.0,0.0000,0.0000,0,100.000,,0,0.9325,,0.850,0,
4661,5,102,fog-111,1,fog,3700.0,0.0000,0.0000,0,100.000,,0,0.9306,,0.850,0,
4662,5,102,fog-111,1,fog,3800.0,0.0000,0.0000,0,100.000,,0,0.9288,,0.850,0,
4663,5,102,fog-111,1,fog,3900.0,0.0000,0.0000,0,100.000,,0,0.9269,,0.850,0,
4664,5,102,fog-111,1,fog,4000.0,0.0000,0.0000,0,100.000,,0,0.9250,,0.850,0,
4665,5,102,fog-111,1,fog,4100.0,0.0000,0.0000,0,100.000,,0,0.9231,,0.850,0,
4666,5,102,fog-111,1,fog,4200.0,0.0000,0.0000,0,100.000,,0,0.9213,,0.850,0,
4667,5,102,fog-111,1,fog,4300.0,0.0000,0.0000,0,100.000,,0,0.9194,,0.850,0,
4668,5,102,fog-111,1,fog,4400.0,0.0000,0.0000,0,100.000,,0,0.9175,,0.850,0,
4669,5,102,fog-111,1,fog,4500.0,0.0000,0.0000,0,100.000,,0,0.9156,,0.850,0,
4670,5,102,fog-111,1,fog,4600.0,0.0000,0.0000,0,100.000,,0,0.9138,,0.850,0,
4671,5,102,fog-111,1,fog,4700.0,0.0000,0.0000,0,100.000,,0,0.9119,,0.850,0,
4672,5,102,fog-111,1,fog,4800.0,0.0000,0.0000,0,100.000,,0,0.9100,,0.850,0,
4673,5,102,fog-111,1,fog,4900.0,0.0000,0.0000,0,100.000,,0,0.9081,,0.850,0,
4674,5,102,fog-111,1,fog,5000.0,0.0000,0.0000,0,100.000,,0,0.9063,,0.850,0,
4675,5,103,fog-112,1,fog,0.0,0.0000,0.0000,0,100.000,,0,1.0000,,0.850,0,
4676,5,103,fog-112,1,fog,100.0,0.0000,0.0000,0,100.000,,0,0.9981,,0.850,0,
4677,5,103,fog-112,1,fog,200.0,0.0000,0.0000,0,100.000,,0,0.9963,,0.850,0,
4678,5,103,fog-112,1,fog,300.0,0.0000,0.0000,0,100.000,,0,0.9944,,0.850,0,
4679,5,103,fog-112,1,fog,400.0,0.0000,0.0000,0,100.000,,0,0.9925,,0.850,0,
4680,5,103,fog-112,1,fog,500.0,0.0000,0.0000,0,100.000,,0,0.9906,,0.850,0,
4681,5,103,fog-112,1,fog,600.0,0.0000,0.0000,0,100.000,,0,0.9888,,0.850,0,
4682,5,103,fog-112,1,fog,700.0,0.0000,0.0000,0,100.000,,0,0.9869,,0.850,0,
4683,5,103,fog-112,1,fog,800.0,0.0000,0.0000,0,100.000,,0,0.9850,,0.850,0,
4684,5,103,fog-112,1,fog,900.0,0.0000,0.0000,0,100.000,,0,0.9831,,0.850,0,
4685,5,103,fog-112,1,fog,1000.0,0.0000,0.0000,0,100.000,,0,0.9813,,0.850,0,
4686,5,103,fog-112,1,fog,1100.0,0.0000,0.0000,0,100.000,,0,0.9794,,0.850,0,
4687,5,103,fog-112,1,fog,1200.0,0.0000,0.0000,0,100.000,,0,0.9775,,0.850,0,
4688,5,103,fog-112,1,fog,1300.0,0.0000,0.0000,0,100.000,,0,0.9756,,0.850,0,
4689,5,103,fog-112,1,fog,1400.0,0.0000,0.0000,0,100.000,,0,0.9738,,0.850,0,
4690,5,103,fog-112,1,fog,1500.0,0.0000,0.0000,0,100.000,,0,0.9719,,0.850,0,
4691,5,103,fog-112,1,fog,1600.0,0.0000,0.0000,0,100.000,,0,0.9700,,0.850,0,
4692,5,103,fog-112,1,fog,1700.0,0.0000,0.0000,0,100.000,,0,0.9681,,0.850,0,
4693,5,103,fog-112,1,fog,1800.0,0.0000,0.0000,0,100.000,,0,0.9663,,0.850,0,
4694,5,103,fog-112,1,fog,1900.0,0.0000,0.0000,0,100.000,,0,0.9644,,0.850,0,
4695,5,103,fog-112,1,fog,2000.0,0.0000,0.0000,0,100.000,,0,0.9625,,0.850,0,
4696,5,103,fog-112,1,fog,2100.0,0.0000,0.0000,0,100.000,,0,0.9606,,0.850,0,
4697,5,103,fog-112,1,fog,2200.0,0.0000,0.0000,0,100.000,,0,0.9588,,0.850,0,
4698,5,103,fog-112,1,fog,2300.0,0.0000,0.0000,0,100.000,,0,0.9569,,0.850,0,
4699,5,103,fog-112,1,fog,2400.0,0.0000,0.0000,0,100.000,,0,0.9550,,0.850,0,
4700,5,103,fog-112,1,fog,2500.0,0.0000,0.0000,0,100.000,,0,0.9531,,0.850,0,
4701,5,103,fog-112,1,fog,2600.0,0.0000,0.0000,0,100.000,,0,0.9513,,0.850,0,
4702,5,103,fog-112,1,fog,2700.0,0.0000,0.0000,0,100.000,,0,0.9494,,0.850,0,
4703,5,103,fog-112,1,fog,2800.0,0.0000,0.0000,0,100.000,,0,0.9475,,0.850,0,
4704,5,103,fog-112,1,fog,2900.0,0.0000,0.0000,0,100.000,,0,0.9456,,0.850,0,
4705,5,103,fog-112,1,fog,3000.0,0.0000,0.0000,0,100.000,,0,0.9438,,0.850,0,
4706,5,103,fog-112,1,fog,3100.0,0.0000,0.0000,0,100.000,,0,0.9419,,0.850,0,
4707,5,103,fog-112,1,fog,3200.0,0.0000,0.0000,0,100.000,,0,0.9400,,0.850,0,
4708,5,103,fog-112,1,fog,3300.0,0.0000,0.0000,0,100.000,,0,0.9381,,0.850,0,
4709,5,103,fog-112,1,fog,3400.0,0.0000,0.0000,0,100.000,,0,0.9363,,0.850,0,
4710,5,103,fog-112,1,fog,3500.0,0.0000,0.0000,0,100.000,,0,0.9344,,0.850,0,
4711,5,103,fog-112,1,fog,3600.0,0.0000,0.0000,0,100.000,,0,0.9325,,0.850,0,
4712,5,103,fog-112,1,fog,3700.0,0.0000,0.0000,0,100.000,,0,0.9306,,0.850,0,
4713,5,103,fog-112,1,fog,3800.0,0.0000,0.0000,0,100.000,,0,0.9288,,0.850,0,
4714,5,103,fog-112,1,fog,3900.0,0.0000,0.0000,0,100.000,,0,0.9269,,0.850,0,
4715,5,103,fog-112,1,fog,4000.0,0.0000,0.0000,0,100.000,,0,0.9250,,0.850,0,
4716,5,103,fog-112,1,fog,4100.0,0.0000,0.0000,0,100.000,,0,0.9231,,0.850,0,
4717,5,103,fog-112,1,fog,4200.0,0.0000,0.0000,0,100.000,,0,0.9213,,0.850,0,
4718,5,103,fog-112,1,fog,4300.0,0.0000,0.0000,0,100.000,,0,0.9194,,0.850,0,
4719,5,103,fog-112,1,fog,4400.0,0.0000,0.0000,0,100.000,,0,0.9175,,0.850,0,
4720,5,103,fog-112,1,fog,4500.0,0.0000,0.0000,0,100.000,,0,0.9156,,0.850,0,
4721,5,103,fog-112,1,fog,4600.0,0.0000,0.0000,0,100.000,,0,0.9138,,0.850,0,
4722,5,103,fog-112,1,fog,4700.0,0.0000,0.0000,0,100.000,,0,0.9119,,0.850,0,
4723,5,103,fog-112,1,fog,4800.0,0.0000,0.0000,0,100.000,,0,0.9100,,0.850,0,
4724,5,103,fog-112,1,fog,4900.0,0.0000,0.0000,0,100.000,,0,0.9081,,0.850,0,
4725,5,103,fog-112,1,fog,5000.0,0.0000,0.0000,0,100.000,,0,0.9063,,0.850,0,
4726,5,104,fog-113,1,fog,0.0,0.0000,0.0000,0,100.000,,0,1.0000,,0.850,0,
4727,5,104,fog-113,1,fog,100.0,0.0000,0.0000,0,100.000,,0,0.9981,,0.850,0,
4728,5,104,fog-113,1,fog,200.0,0.0000,0.0000,0,100.000,,0,0.9963,,0.850,0,
4729,5,104,fog-113,1,fog,300.0,0.0000,0.0000,0,100.000,,0,0.9944,,0.850,0,
4730,5,104,fog-113,1,fog,400.0,0.0000,0.0000,0,100.000,,0,0.9925,,0.850,0,
4731,5,104,fog-113,1,fog,500.0,0.0000,0.0000,0,100.000,,0,0.9906,,0.850,0,
4732,5,104,fog-113,1,fog,600.0,0.0000,0.0000,0,100.000,,0,0.9888,,0.850,0,
4733,5,104,fog-113,1,fog,700.0,0.0000,0.0000,0,100.000,,0,0.9869,,0.850,0,
4734,5,104,fog-113,1,fog,800.0,0.0000,0.0000,0,100.000,,0,0.9850,,0.850,0,
4735,5,104,fog-113,1,fog,900.0,0.0000,0.0000,0,100.000,,0,0.9831,,0.850,0,
4736,5,104,fog-113,1,fog,1000.0,0.0000,0.0000,0,100.000,,0,0.9813,,0.850,0,
4737,5,104,fog-113,1,fog,1100.0,0.0000,0.0000,0,100.000,,0,0.9794,,0.850,0,
4738,5,104,fog-113,1,fog,1200.0,0.0000,0.0000,0,100.000,,0,0.9775,,0.850,0,
4739,5,104,fog-113,1,fog,1300.0,0.0000,0.0000,0,100.000,,0,0.9756,,0.850,0,
4740,5,104,fog-113,1,fog,1400.0,0.0000,0.0000,0,100.000,,0,0.9738,,0.850,0,
4741,5,104,fog-113,1,fog,1500.0,0.0000,0.0000,0,100.000,,0,0.9719,,0.850,0,
4742,5,104,fog-113,1,fog,1600.0,0.0000,0.0000,0,100.000,,0,0.9700,,0.850,0,
4743,5,104,fog-113,1,fog,1700.0,0.0000,0.0000,0,100.000,,0,0.9681,,0.850,0,
4744,5,104,fog-113,1,fog,1800.0,0.0000,0.0000,0,100.000,,0,0.9663,,0.850,0,
4745,5,104,fog-113,1,fog,1900.0,0.0000,0.0000,0,100.000,,0,0.9644,,0.850,0,
4746,5,104,fog-113,1,fog,2000.0,0.0000,0.0000,0,100.000,,0,0.9625,,0.850,0,
4747,5,104,fog-113,1,fog,2100.0,0.0000,0.0000,0,100.000,,0,0.9606,,0.850,0,
4748,5,104,fog-113,1,fog,2200.0,0.0000,0.0000,0,100.000,,0,0.9588,,0.850,0,
4749,5,104,fog-113,1,fog,2300.0,0.0000,0.0000,0,100.000,,0,0.9569,,0.850,0,
4750,5,104,fog-113,1,fog,2400.0,0.0000,0.0000,0,100.000,,0,0.9550,,0.850,0,
4751,5,104,fog-113,1,fog,2500.0,0.0000,0.0000,0,100.000,,0,0.9531,,0.850,0,
4752,5,104,fog-113,1,fog,2600.0,0.0000,0.0000,0,100.000,,0,0.9513,,0.850,0,
4753,5,104,fog-113,1,fog,2700.0,0.0000,0.0000,0,100.000,,0,0.9494,,0.850,0,
4754,5,104,fog-113,1,fog,2800.0,0.0000,0.0000,0,100.000,,0,0.9475,,0.850,0,
4755,5,104,fog-113,1,fog,2900.0,0.0000,0.0000,0,100.000,,0,0.9456,,0.850,0,
4756,5,104,fog-113,1,fog,3000.0,0.0000,0.0000,0,100.000,,0,0.9438,,0.850,0,
4757,5,104,fog-113,1,fog,3100.0,0.0000,0.0000,0,100.000,,0,0.9419,,0.850,0,
4758,5,104,fog-113,1,fog,3200.0,0.0000,0.0000,0,100.000,,0,0.9400,,0.850,0,
4759,5,104,fog-113,1,fog,3300.0,0.0000,0.0000,0,100.000,,0,0.9381,,0.850,0,
4760,5,104,fog-113,1,fog,3400.0,0.0000,0.0000,0,100.000,,0,0.9363,,0.850,0,
4761,5,104,fog-113,1,fog,3500.0,0.0000,0.0000,0,100.000,,0,0.9344,,0.850,0,
4762,5,104,fog-113,1,fog,3600.0,0.0000,0.0000,0,100.000,,0,0.9325,,0.850,0,
4763,5,104,fog-113,1,fog,3700.0,0.0000,0.0000,0,100.000,,0,0.9306,,0.850,0,
4764,5,104,fog-113,1,fog,3800.0,0.0000,0.0000,0,100.000,,0,0.9288,,0.850,0,
4765,5,104,fog-113,1,fog,3900.0,0.0000,0.0000,0,100.000,,0,0.9269,,0.850,0,
4766,5,104,fog-113,1,fog,4000.0,0.0000,0.0000,0,100.000,,0,0.9250,,0.850,0,
4767,5,104,fog-113,1,fog,4100.0,0.0000,0.0000,0,100.000,,0,0.9231,,0.850,0,
4768,5,104,fog-113,1,fog,4200.0,0.0000,0.0000,0,100.000,,0,0.9213,,0.850,0,
4769,5,104,fog-113,1,fog,4300.0,0.0000,0.0000,0,100.000,,0,0.9194,,0.850,0,
4770,5,104,fog-113,1,fog,4400.0,0.0000,0.0000,0,100.000,,0,0.9175,,0.850,0,
4771,5,104,fog-113,1,fog,4500.0,0.0000,0.0000,0,100.000,,0,0.9156,,0.850,0,
4772,5,104,fog-113,1,fog,4600.0,0.0000,0.0000,0,100.000,,0,0.9138,,0.850,0,
4773,5,104,fog-113,1,fog,4700.0,0.0000,0.0000,0,100.000,,0,0.9119,,0.850,0,
4774,5,104,fog-113,1,fog,4800.0,0.0000,0.0000,0,100.000,,0,0.9100,,0.850,0,
4775,5,104,fog-113,1,fog,4900.0,0.0000,0.0000,0,100.000,,0,0.9081,,0.850,0,
4776,5,104,fog-113,1,fog,5000.0,0.0000,0.0000,0,100.000,,0,0.9063,,0.850,0,
4777,5,105,fog-114,1,fog,0.0,0.0000,0.0000,0,100.000,,0,1.0000,,0.850,0,
4778,5,105,fog-114,1,fog,100.0,0.0000,0.0000,0,100.000,,0,0.9981,,0.850,0,
4779,5,105,fog-114,1,fog,200.0,0.0000,0.0000,0,100.000,,0,0.9963,,0.850,0,
4780,5,105,fog-114,1,fog,300.0,0.0000,0.0000,0,100.000,,0,0.9944,,0.850,0,
4781,5,105,fog-114,1,fog,400.0,0.0000,0.0000,0,100.000,,0,0.9925,,0.850,0,
4782,5,105,fog-114,1,fog,500.0,0.0000,0.0000,0,100.000,,0,0.9906,,0.850,0,
4783,5,105,fog-114,1,fog,600.0,0.0000,0.0000,0,100.000,,0,0.9888,,0.850,0,
4784,5,105,fog-114,1,fog,700.0,0.0000,0.0000,0,100.000,,0,0.9869,,0.850,0,
4785,5,105,fog-114,1,fog,800.0,0.0000,0.0000,0,100.000,,0,0.9850,,0.850,0,
4786,5,105,fog-114,1,fog,900.0,0.0000,0.0000,0,100.000,,0,0.9831,,0.850,0,
4787,5,105,fog-114,1,fog,1000.0,0.0000,0.0000,0,100.000,,0,0.9813,,0.850,0,
4788,5,105,fog-114,1,fog,1100.0,0.0000,0.0000,0,100.000,,0,0.9794,,0.850,0,
4789,5,105,fog-114,1,fog,1200.0,0.0000,0.0000,0,100.000,,0,0.9775,,0.850,0,
4790,5,105,fog-114,1,fog,1300.0,0.0000,0.0000,0,100.000,,0,0.9756,,0.850,0,
4791,5,105,fog-114,1,fog,1400.0,0.0000,0.0000,0,100.000,,0,0.9738,,0.850,0,
4792,5,105,fog-114,1,fog,1500.0,0.0000,0.0000,0,100.000,,0,0.9719,,0.850,0,
4793,5,105,fog-114,1,fog,1600.0,0.0000,0.0000,0,100.000,,0,0.9700,,0.850,0,
4794,5,105,fog-114,1,fog,1700.0,0.0000,0.0000,0,100.000,,0,0.9681,,0.850,0,
4795,5,105,fog-114,1,fog,1800.0,0.0000,0.0000,0,100.000,,0,0.9663,,0.850,0,
4796,5,105,fog-114,1,fog,1900.0,0.0000,0.0000,0,100.000,,0,0.9644,,0.850,0,
4797,5,105,fog-114,1,fog,2000.0,0.0000,0.0000,0,100.000,,0,0.9625,,0.850,0,
4798,5,105,fog-114,1,fog,2100.0,0.0000,0.0000,0,100.000,,0,0.9606,,0.850,0,
4799,5,105,fog-114,1,fog,2200.0,0.0000,0.0000,0,100.000,,0,0.9588,,0.850,0,
4800,5,105,fog-114,1,fog,2300.0,0.0000,0.0000,0,100.000,,0,0.9569,,0.850,0,
4801,5,105,fog-114,1,fog,2400.0,0.0000,0.0000,0,100.000,,0,0.9550,,0.850,0,
4802,5,105,fog-114,1,fog,2500.0,0.0000,0.0000,0,100.000,,0,0.9531,,0.850,0,
4803,5,105,fog-114,1,fog,2600.0,0.0000,0.0000,0,100.000,,0,0.9513,,0.850,0,
4804,5,105,fog-114,1,fog,2700.0,0.0000,0.0000,0,100.000,,0,0.9494,,0.850,0,
4805,5,105,fog-114,1,fog,2800.0,0.0000,0.0000,0,100.000,,0,0.9475,,0.850,0,
4806,5,105,fog-114,1,fog,2900.0,0.0000,0.0000,0,100.000,,0,0.9456,,0.850,0,
4807,5,105,fog-114,1,fog,3000.0,0.0000,0.0000,0,100.000,,0,0.9438,,0.850,0,
4808,5,105,fog-114,1,fog,3100.0,0.0000,0.0000,0,100.000,,0,0.9419,,0.850,0,
4809,5,105,fog-114,1,fog,3200.0,0.0000,0.0000,0,100.000,,0,0.9400,,0.850,0,
4810,5,105,fog-114,1,fog,3300.0,0.0000,0.0000,0,100.000,,0,0.9381,,0.850,0,
4811,5,105,fog-114,1,fog,3400.0,0.0000,0.0000,0,100.000,,0,0.9363,,0.850,0,
4812,5,105,fog-114,1,fog,3500.0,0.0000,0.0000,0,100.000,,0,0.9344,,0.850,0,
4813,5,105,fog-114,1,fog,3600.0,0.0000,0.0000,0,100.000,,0,0.9325,,0.850,0,
4814,5,105,fog-114,1,fog,3700.0,0.0000,0.0000,0,100.000,,0,0.9306,,0.850,0,
4815,5,105,fog-114,1,fog,3800.0,0.0000,0.0000,0,100.000,,0,0.9288,,0.850,0,
4816,5,105,fog-114,1,fog,3900.0,0.0000,0.0000,0,100.000,,0,0.9269,,0.850,0,
4817,5,105,fog-114,1,fog,4000.0,0.0000,0.0000,0,100.000,,0,0.9250,,0.850,0,
4818,5,105,fog-114,1,fog,4100.0,0.0000,0.0000,0,100.000,,0,0.9231,,0.850,0,
4819,5,105,fog-114,1,fog,4200.0,0.0000,0.0000,0,100.000,,0,0.9213,,0.850,0,
4820,5,105,fog-114,1,fog,4300.0,0.0000,0.0000,0,100.000,,0,0.9194,,0.850,0,
4821,5,105,fog-114,1,fog,4400.0,0.0000,0.0000,0,100.000,,0,0.9175,,0.850,0,
4822,5,105,fog-114,1,fog,4500.0,0.0000,0.0000,0,100.000,,0,0.9156,,0.850,0,
4823,5,105,fog-114,1,fog,4600.0,0.0000,0.0000,0,100.000,,0,0.9138,,0.850,0,
4824,5,105,fog-114,1,fog,4700.0,0.0000,0.0000,0,100.000,,0,0.9119,,0.850,0,
4825,5,105,fog-114,1,fog,4800.0,0.0000,0.0000,0,100.000,,0,0.9100,,0.850,0,
4826,5,105,fog-114,1,fog,4900.0,0.0000,0.0000,0,100.000,,0,0.9081,,0.850,0,
4827,5,105,fog-114,1,fog,5000.0,0.0000,0.0000,0,100.000,,0,0.9063,,0.850,0,
4828,5,106,fog-115,1,fog,0.0,0.0000,0.0000,0,100.000,,0,1.0000,,0.850,0,921.4
4829,5,106,fog-115,1,fog,100.0,0.0000,0.0000,0,100.000,,0,0.9981,,0.850,0,921.4
4830,5,106,fog-115,1,fog,200.0,0.0000,0.0000,0,100.000,,0,0.9963,,0.850,0,921.4
4831,5,106,fog-115,1,fog,300.0,0.0000,0.0000,0,100.000,,0,0.9944,,0.850,0,921.4
4832,5,106,fog-115,1,fog,400.0,0.0000,0.0000,0,100.000,,0,0.9925,,0.850,0,921.4
4833,5,106,fog-115,1,fog,500.0,0.0000,0.0000,0,100.000,,0,0.9906,,0.850,0,921.4
4834,5,106,fog-115,1,fog,600.0,0.0000,0.0000,0,100.000,,0,0.9888,,0.850,0,921.4
4835,5,106,fog-115,1,fog,700.0,0.0000,0.0000,0,100.000,,0,0.9869,,0.850,0,921.4
4836,5,106,fog-115,1,fog,800.0,0.0000,0.0000,0,100.000,,0,0.9850,,0.850,1,921.4
4837,5,106,fog-115,1,fog,900.0,0.0000,0.0000,0,100.000,,0,0.9831,,0.850,1,921.4
4838,5,107,fog-116,1,fog,0.0,0.0000,0.0000,0,100.000,,0,1.0000,,0.850,0,
4839,5,107,fog-116,1,fog,100.0,0.0000,0.0000,0,100.000,,0,0.9981,,0.850,0,
4840,5,107,fog-116,1,fog,200.0,0.0000,0.0000,0,100.000,,0,0.9963,,0.850,0,
4841,5,107,fog-116,1,fog,300.0,0.0000,0.0000,0,100.000,,0,0.9944,,0.850,0,
4842,5,107,fog-116,1,fog,400.0,0.0000,0.0000,0,100.000,,0,0.9925,,0.850,0,
4843,5,107,fog-116,1,fog,500.0,0.0000,0.0000,0,100.000,,0,0.9906,,0.850,0,
4844,5,107,fog-116,1,fog,600.0,0.0000,0.0000,0,100.000,,0,0.9888,,0.850,0,
4845,5,107,fog-116,1,fog,700.0,0.0000,0.0000,0,100.000,,0,0.9869,,0.850,0,
4846,5,107,fog-116,1,fog,800.0,0.0000,0.0000,0,100.000,,0,0.9850,,0.850,0,
4847,5,107,fog-116,1,fog,900.0,0.0000,0.0000,0,100.000,,0,0.9831,,0.850,0,
4848,5,107,fog-116,1,fog,1000.0,0.0000,0.0000,0,100.000,,0,0.9813,,0.850,0,
4849,5,107,fog-116,1,fog,1100.0,0.0000,0.0000,0,100.000,,0,0.9794,,0.850,0,
4850,5,107,fog-116,1,fog,1200.0,0.0000,0.0000,0,100.000,,0,0.9775,,0.850,0,
4851,5,107,fog-116,1,fog,1300.0,0.0000,0.0000,0,100.000,,0,0.9756,,0.850,0,
4852,5,107,fog-116,1,fog,1400.0,0.0000,0.0000,0,100.000,,0,0.9738,,0.850,0,
4853,5,107,fog-116,1,fog,1500.0,0.0000,0.0000,0,100.000,,0,0.9719,,0.850,0,
4854,5,107,fog-116,1,fog,1600.0,0.0000,0.0000,0,100.000,,0,0.9700,,0.850,0,
4855,5,107,fog-116,1,fog,1700.0,0.0000,0.0000,0,100.000,,0,0.9681,,0.850,0,
4856,5,107,fog-116,1,fog,1800.0,0.0000,0.0000,0,100.000,,0,0.9663,,0.850,0,
4857,5,107,fog-116,1,fog,1900.0,0.0000,0.0000,0,100.000,,0,0.9644,,0.850,0,
4858,5,107,fog-116,1,fog,2000.0,0.0000,0.0000,0,100.000,,0,0.9625,,0.850,0,
4859,5,107,fog-116,1,fog,2100.0,0.0000,0.0000,0,100.000,,0,0.9606,,0.850,0,
4860,5,107,fog-116,1,fog,2200.0,0.0000,0.0000,0,100.000,,0,0.9588,,0.850,0,
4861,5,107,fog-116,1,fog,2300.0,0.0000,0.0000,0,100.000,,0,0.9569,,0.850,0,
4862,5,107,fog-116,1,fog,2400.0,0.0000,0.0000,0,100.000,,0,0.9550,,0.850,0,
4863,5,107,fog-116,1,fog,2500.0,0.0000,0.0000,0,100.000,,0,0.9531,,0.850,0,
4864,5,107,fog-116,1,fog,2600.0,0.0000,0.0000,0,100.000,,0,0.9513,,0.850,0,
4865,5,107,fog-116,1,fog,2700.0,0.0000,0.0000,0,100.000,,0,0.9494,,0.850,0,
4866,5,107,fog-116,1,fog,2800.0,0.0000,0.0000,0,100.000,,0,0.9475,,0.850,0,
4867,5,107,fog-116,1,fog,2900.0,0.0000,0.0000,0,100.000,,0,0.9456,,0.850,0,
4868,5,107,fog-116,1,fog,3000.0,0.0000,0.0000,0,100.000,,0,0.9438,,0.850,0,
4869,5,107,fog-116,1,fog,3100.0,0.0000,0.0000,0,100.000,,0,0.9419,,0.850,0,
4870,5,107,fog-116,1,fog,3200.0,0.0000,0.0000,0,100.000,,0,0.9400,,0.850,0,
4871,5,107,fog-116,1,fog,3300.0,0.0000,0.0000,0,100.000,,0,0.9381,,0.850,0,
4872,5,107,fog-116,1,fog,3400.0,0.0000,0.0000,0,100.000,,0,0.9363,,0.850,0,
4873,5,107,fog-116,1,fog,3500.0,0.0000,0.0000,0,100.000,,0,0.9344,,0.850,0,
4874,5,107,fog-116,1,fog,3600.0,0.0000,0.0000,0,100.000,,0,0.9325,,0.850,0,
4875,5,107,fog-116,1,fog,3700.0,0.0000,0.0000,0,100.000,,0,0.9306,,0.850,0,
4876,5,107,fog-116,1,fog,3800.0,0.0000,0.0000,0,100.000,,0,0.9288,,0.850,0,
4877,5,107,fog-116,1,fog,3900.0,0.0000,0.0000,0,100.000,,0,0.9269,,0.850,0,
4878,5,107,fog-116,1,fog,4000.0,0.0000,0.0000,0,100.000,,0,0.9250,,0.850,0,
4879,5,107,fog-116,1,fog,4100.0,0.0000,0.0000,0,100.000,,0,0.9231,,0.850,0,
4880,5,107,fog-116,1,fog,4200.0,0.0000,0.0000,0,100.000,,0,0.9213,,0.850,0,
4881,5,107,fog-116,1,fog,4300.0,0.0000,0.0000,0,100.000,,0,0.9194,,0.850,0,
4882,5,107,fog-116,1,fog,4400.0,0.0000,0.0000,0,100.000,,0,0.9175,,0.850,0,
4883,5,107,fog-116,1,fog,4500.0,0.0000,0.0000,0,100.000,,0,0.9156,,0.850,0,
4884,5,107,fog-116,1,fog,4600.0,0.0000,0.0000,0,100.000,,0,0.9138,,0.850,0,
4885,5,107,fog-116,1,fog,4700.0,0.0000,0.0000,0,100.000,,0,0.9119,,0.850,0,
4886,5,107,fog-116,1,fog,4800.0,0.0000,0.0000,0,100.000,,0,0.9100,,0.850,0,
4887,5,107,fog-116,1,fog,4900.0,0.0000,0.0000,0,100.000,,0,0.9081,,0.850,0,
4888,5,107,fog-116,1,fog,5000.0,0.0000,0.0000,0,100.000,,0,0.9063,,0.850,0,
4889,5,108,fog-117,1,fog,0.0,0.0000,0.0000,0,100.000,,0,1.0000,,0.850,0,
4890,5,108,fog-117,1,fog,100.0,0.0000,0.0000,0,100.000,,0,0.9981,,0.850,0,
4891,5,108,fog-117,1,fog,200.0,0.0000,0.0000,0,100.000,,0,0.9963,,0.850,0,
4892,5,108,fog-117,1,fog,300.0,0.0000,0.0000,0,100.000,,0,0.9944,,0.850,0,
4893,5,108,fog-117,1,fog,400.0,0.0000,0.0000,0,100.000,,0,0.9925,,0.850,0,
4894,5,108,fog-117,1,fog,500.0,0.0000,0.0000,0,100.000,,0,0.9906,,0.850,0,
4895,5,108,fog-117,1,fog,600.0,0.0000,0.0000,0,100.000,,0,0.9888,,0.850,0,
4896,5,108,fog-117,1,fog,700.0,0.0000,0.0000,0,100.000,,0,0.9869,,0.850,0,
4897,5,108,fog-117,1,fog,800.0,0.0000,0.0000,0,100.000,,0,0.9850,,0.850,0,
4898,5,108,fog-117,1,fog,900.0,0.0000,0.0000,0,100.000,,0,0.9831,,0.850,0,
4899,5,108,fog-117,1,fog,1000.0,0.0000,0.0000,0,100.000,,0,0.9813,,0.850,0,
4900,5,108,fog-117,1,fog,1100.0,0.0000,0.0000,0,100.000,,0,0.9794,,0.850,0,
4901,5,108,fog-117,1,fog,1200.0,0.0000,0.0000,0,100.000,,0,0.9775,,0.850,0,
4902,5,108,fog-117,1,fog,1300.0,0.0000,0.0000,0,100.000,,0,0.9756,,0.850,0,
4903,5,108,fog-117,1,fog,1400.0,0.0000,0.0000,0,100.000,,0,0.9738,,0.850,0,
4904,5,108,fog-117,1,fog,1500.0,0.0000,0.0000,0,100.000,,0,0.9719,,0.850,0,
4905,5,108,fog-117,1,fog,1600.0,0.0000,0.0000,0,100.000,,0,0.9700,,0.850,0,
4906,5,108,fog-117,1,fog,1700.0,0.0000,0.0000,0,100.000,,0,0.9681,,0.850,0,
4907,5,108,fog-117,1,fog,1800.0,0.0000,0.0000,0,100.000,,0,0.9663,,0.850,0,
4908,5,108,fog-117,1,fog,1900.0,0.0000,0.0000,0,100.000,,0,0.9644,,0.850,0,
4909,5,108,fog-117,1,fog,2000.0,0.0000,0.0000,0,100.000,,0,0.9625,,0.850,0,
4910,5,108,fog-117,1,fog,2100.0,0.0000,0.0000,0,100.000,,0,0.9606,,0.850,0,
4911,5,108,fog-117,1,fog,2200.0,0.0000,0.0000,0,100.000,,0,0.9588,,0.850,0,
4912,5,108,fog-117,1,fog,2300.0,0.0000,0.0000,0,100.000,,0,0.9569,,0.850,0,
4913,5,108,fog-117,1,fog,2400.0,0.0000,0.0000,0,100.000,,0,0.9550,,0.850,0,
4914,5,108,fog-117,1,fog,2500.0,0.0000,0.0000,0,100.000,,0,0.9531,,0.850,0,
4915,5,108,fog-117,1,fog,2600.0,0.0000,0.0000,0,100.000,,0,0.9513,,0.850,0,
4916,5,108,fog-117,1,fog,2700.0,0.0000,0.0000,0,100.000,,0,0.9494,,0.850,0,
4917,5,108,fog-117,1,fog,2800.0,0.0000,0.0000,0,100.000,,0,0.9475,,0.850,0,
4918,5,108,fog-117,1,fog,2900.0,0.0000,0.0000,0,100.000,,0,0.9456,,0.850,0,
4919,5,108,fog-117,1,fog,3000.0,0.0000,0.0000,0,100.000,,0,0.9438,,0.850,0,
4920,5,108,fog-117,1,fog,3100.0,0.0000,0.0000,0,100.000,,0,0.9419,,0.850,0,
4921,5,108,fog-117,1,fog,3200.0,0.0000,0.0000,0,100.000,,0,0.9400,,0.850,0,
4922,5,108,fog-117,1,fog,3300.0,0.0000,0.0000,0,100.000,,0,0.9381,,0.850,0,
4923,5,108,fog-117,1,fog,3400.0,0.0000,0.0000,0,100.000,,0,0.9363,,0.850,0,
4924,5,108,fog-117,1,fog,3500.0,0.0000,0.0000,0,100.000,,0,0.9344,,0.850,0,
4925,5,108,fog-117,1,fog,3600.0,0.0000,0.0000,0,100.000,,0,0.9325,,0.850,0,
4926,5,108,fog-117,1,fog,3700.0,0.0000,0.0000,0,100.000,,0,0.9306,,0.850,0,
4927,5,108,fog-117,1,fog,3800.0,0.0000,0.0000,0,100.000,,0,0.9288,,0.850,0,
4928,5,108,fog-117,1,fog,3900.0,0.0000,0.0000,0,100.000,,0,0.9269,,0.850,0,
4929,5,108,fog-117,1,fog,4000.0,0.0000,0.0000,0,100.000,,0,0.9250,,0.850,0,
4930,5,108,fog-117,1,fog,4100.0,0.0000,0.0000,0,100.000,,0,0.9231,,0.850,0,
4931,5,108,fog-117,1,fog,4200.0,0.0000,0.0000,0,100.000,,0,0.9213,,0.850,0,
4932,5,108,fog-117,1,fog,4300.0,0.0000,0.0000,0,100.000,,0,0.9194,,0.850,0,
4933,5,108,fog-117,1,fog,4400.0,0.0000,0.0000,0,100.000,,0,0.9175,,0.850,0,
4934,5,108,fog-117,1,fog,4500.0,0.0000,0.0000,0,100.000,,0,0.9156,,0.850,0,
4935,5,108,fog-117,1,fog,4600.0,0.0000,0.0000,0,100.000,,0,0.9138,,0.850,0,
4936,5,108,fog-117,1,fog,4700.0,0.0000,0.0000,0,100.000,,0,0.9119,,0.850,0,
4937,5,108,fog-117,1,fog,4800.0,0.0000,0.0000,0,100.000,,0,0.9100,,0.850,0,
4938,5,108,fog-117,1,fog,4900.0,0.0000,0.0000,0,100.000,,0,0.9081,,0.850,0,
4939,5,108,fog-117,1,fog,5000.0,0.0000,0.0000,0,100.000,,0,0.9063,,0.850,0,
4940,5,109,fog-118,1,fog,0.0,0.0000,0.0000,0,100.000,,0,1.0000,,0.850,0,
4941,5,109,fog-118,1,fog,100.0,0.0000,0.0000,0,100.000,,0,0.9981,,0.850,0,
4942,5,109,fog-118,1,fog,200.0,0.0000,0.0000,0,100.000,,0,0.9963,,0.850,0,
4943,5,109,fog-118,1,fog,300.0,0.0000,0.0000,0,100.000,,0,0.9944,,0.850,0,
4944,5,109,fog-118,1,fog,400.0,0.0000,0.0000,0,100.000,,0,0.9925,,0.850,0,
4945,5,109,fog-118,1,fog,500.0,0.0000,0.0000,0,100.000,,0,0.9906,,0.850,0,
4946,5,109,fog-118,1,fog,600.0,0.0000,0.0000,0,100.000,,0,0.9888,,0.850,0,
4947,5,109,fog-118,1,fog,700.0,0.0000,0.0000,0,100.000,,0,0.9869,,0.850,0,
4948,5,109,fog-118,1,fog,800.0,0.0000,0.0000,0,100.000,,0,0.9850,,0.850,0,
4949,5,109,fog-118,1,fog,900.0,0.0000,0.0000,0,100.000,,0,0.9831,,0.850,0,
4950,5,109,fog-118,1,fog,1000.0,0.0000,0.0000,0,100.000,,0,0.9813,,0.850,0,
4951,5,109,fog-118,1,fog,1100.0,0.0000,0.0000,0,100.000,,0,0.9794,,0.850,0,
4952,5,109,fog-118,1,fog,1200.0,0.0000,0.0000,0,100.000,,0,0.9775,,0.850,0,
4953,5,109,fog-118,1,fog,1300.0,0.0000,0.0000,0,100.000,,0,0.9756,,0.850,0,
4954,5,109,fog-118,1,fog,1400.0,0.0000,0.0000,0,100.000,,0,0.9738,,0.850,0,
4955,5,109,fog-118,1,fog,1500.0,0.0000,0.0000,0,100.000,,0,0.9719,,0.850,0,
4956,5,109,fog-118,1,fog,1600.0,0.0000,0.0000,0,100.000,,0,0.9700,,0.850,0,
4957,5,109,fog-118,1,fog,1700.0,0.0000,0.0000,0,100.000,,0,0.9681,,0.850,0,
4958,5,109,fog-118,1,fog,1800.0,0.0000,0.0000,0,100.000,,0,0.9663,,0.850,0,
4959,5,109,fog-118,1,fog,1900.0,0.0000,0.0000,0,100.000,,0,0.9644,,0.850,0,
4960,5,109,fog-118,1,fog,2000.0,0.0000,0.0000,0,100.000,,0,0.9625,,0.850,0,
4961,5,109,fog-118,1,fog,2100.0,0.0000,0.0000,0,100.000,,0,0.9606,,0.850,0,
4962,5,109,fog-118,1,fog,2200.0,0.0000,0.0000,0,100.000,,0,0.9588,,0.850,0,
4963,5,109,fog-118,1,fog,2300.0,0.0000,0.0000,0,100.000,,0,0.9569,,0.850,0,
4964,5,109,fog-118,1,fog,2400.0,0.0000,0.0000,0,100.000,,0,0.9550,,0.850,0,
4965,5,109,fog-118,1,fog,2500.0,0.0000,0.0000,0,100.000,,0,0.9531,,0.850,0,
4966,5,109,fog-118,1,fog,2600.0,0.0000,0.0000,0,100.000,,0,0.9513,,0.850,0,
4967,5,109,fog-118,1,fog,2700.0,0.0000,0.0000,0,100.000,,0,0.9494,,0.850,0,
4968,5,109,fog-118,1,fog,2800.0,0.0000,0.0000,0,100.000,,0,0.9475,,0.850,0,
4969,5,109,fog-118,1,fog,2900.0,0.0000,0.0000,0,100.000,,0,0.9456,,0.850,0,
4970,5,109,fog-118,1,fog,3000.0,0.0000,0.0000,0,100.000,,0,0.9438,,0.850,0,
4971,5,109,fog-118,1,fog,3100.0,0.0000,0.0000,0,100.000,,0,0.9419,,0.850,0,
4972,5,109,fog-118,1,fog,3200.0,0.0000,0.0000,0,100.000,,0,0.9400,,0.850,0,
4973,5,109,fog-118,1,fog,3300.0,0.0000,0.0000,0,100.000,,0,0.9381,,0.850,0,
4974,5,109,fog-118,1,fog,3400.0,0.0000,0.0000,0,100.000,,0,0.9363,,0.850,0,
4975,5,109,fog-118,1,fog,3500.0,0.0000,0.0000,0,100.000,,0,0.9344,,0.850,0,
4976,5,109,fog-118,1,fog,3600.0,0.0000,0.0000,0,100.000,,0,0.9325,,0.850,0,
4977,5,109,fog-118,1,fog,3700.0,0.0000,0.0000,0,100.000,,0,0.9306,,0.850,0,
4978,5,109,fog-118,1,fog,3800.0,0.0000,0.0000,0,100.000,,0,0.9288,,0.850,0,
4979,5,109,fog-118,1,fog,3900.0,0.0000,0.0000,0,100.000,,0,0.9269,,0.850,0,
4980,5,109,fog-118,1,fog,4000.0,0.0000,0.0000,0,100.000,,0,0.9250,,0.850,0,
4981,5,109,fog-118,1,fog,4100.0,0.0000,0.0000,0,100.000,,0,0.9231,,0.850,0,
4982,5,109,fog-118,1,fog,4200.0,0.0000,0.0000,0,100.000,,0,0.9213,,0.850,0,
4983,5,109,fog-118,1,fog,4300.0,0.0000,0.0000,0,100.000,,0,0.9194,,0.850,0,
4984,5,109,fog-118,1,fog,4400.0,0.0000,0.0000,0,100.000,,0,0.9175,,0.850,0,
4985,5,109,fog-118,1,fog,4500.0,0.0000,0.0000,0,100.000,,0,0.9156,,0.850,0,
4986,5,109,fog-118,1,fog,4600.0,0.0000,0.0000,0,100.000,,0,0.9138,,0.850,0,
4987,5,109,fog-118,1,fog,4700.0,0.0000,0.0000,0,100.000,,0,0.9119,,0.850,0,
4988,5,109,fog-118,1,fog,4800.0,0.0000,0.0000,0,100.000,,0,0.9100,,0.850,0,
4989,5,109,fog-118,1,fog,4900.0,0.0000,0.0000,0,100.000,,0,0.9081,,0.850,0,
4990,5,109,fog-118,1,fog,5000.0,0.0000,0.0000,0,100.000,,0,0.9063,,0.850,0,
4991,5,110,fog-119,1,fog,0.0,0.0000,0.0000,0,100.000,,0,1.0000,,0.850,0,2349.1
4992,5,110,fog-119,1,fog,100.0,0.0000,0.0000,0,100.000,,0,0.9981,,0.850,0,2349.1
4993,5,110,fog-119,1,fog,200.0,0.0000,0.0000,0,100.000,,0,0.9963,,0.850,0,2349.1
4994,5,110,fog-119,1,fog,300.0,0.0000,0.0000,0,100.000,,0,0.9944,,0.850,0,2349.1
4995,5,110,fog-119,1,fog,400.0,0.0000,0.0000,0,100.000,,0,0.9925,,0.850,0,2349.1
4996,5,110,fog-119,1,fog,500.0,0.0000,0.0000,0,100.000,,0,0.9906,,0.850,0,2349.1
4997,5,110,fog-119,1,fog,600.0,0.0000,0.0000,0,100.000,,0,0.9888,,0.850,0,2349.1
4998,5,110,fog-119,1,fog,700.0,0.0000,0.0000,0,100.000,,0,0.9869,,0.850,0,2349.1
4999,5,110,fog-119,1,fog,800.0,0.0000,0.0000,0,100.000,,0,0.9850,,0.850,0,2349.1
5000,5,110,fog-119,1,fog,900.0,0.0000,0.0000,0,100.000,,0,0.9831,,0.850,0,2349.1
5001,5,110,fog-119,1,fog,1000.0,0.0000,0.0000,0,100.000,,0,0.9813,,0.850,0,2349.1
5002,5,110,fog-119,1,fog,1100.0,0.0000,0.0000,0,100.000,,0,0.9794,,0.850,0,2349.1
5003,5,110,fog-119,1,fog,1200.0,0.0000,0.0000,0,100.000,,0,0.9775,,0.850,0,2349.1
5004,5,110,fog-119,1,fog,1300.0,0.0000,0.0000,0,100.000,,0,0.9756,,0.850,0,2349.1
5005,5,110,fog-119,1,fog,1400.0,0.0000,0.0000,0,100.000,,0,0.9738,,0.850,0,2349.1
5006,5,110,fog-119,1,fog,1500.0,0.0000,0.0000,0,100.000,,0,0.9719,,0.850,0,2349.1
5007,5,110,fog-119,1,fog,1600.0,0.0000,0.0000,0,100.000,,0,0.9700,,0.850,0,2349.1
5008,5,110,fog-119,1,fog,1700.0,0.0000,0.0000,0,100.000,,0,0.9681,,0.850,0,2349.1
5009,5,110,fog-119,1,fog,1800.0,0.0000,0.0000,0,100.000,,0,0.9663,,0.850,0,2349.1
5010,5,110,fog-119,1,fog,1900.0,0.0000,0.0000,0,100.000,,0,0.9644,,0.850,0,2349.1
5011,5,110,fog-119,1,fog,2000.0,0.0000,0.0000,0,100.000,,0,0.9625,,0.850,0,2349.1
5012,5,110,fog-119,1,fog,2100.0,0.0000,0.0000,0,100.000,,0,0.9606,,0.850,0,2349.1
5013,5,110,fog-119,1,fog,2200.0,0.0000,0.0000,0,100.000,,0,0.9588,,0.850,1,2349.1
5014,5,110,fog-119,1,fog,2300.0,0.0000,0.0000,0,100.000,,0,0.9569,,0.850,1,2349.1
5015,5,111,fog-120,1,fog,0.0,0.0000,0.0000,0,100.000,,0,1.0000,,0.850,0,
5016,5,111,fog-120,1,fog,100.0,0.0000,0.0000,0,100.000,,0,0.9981,,0.850,0,
5017,5,111,fog-120,1,fog,200.0,0.0000,0.0000,0,100.000,,0,0.9963,,0.850,0,
5018,5,111,fog-120,1,fog,300.0,0.0000,0.0000,0,100.000,,0,0.9944,,0.850,0,
5019,5,111,fog-120,1,fog,400.0,0.0000,0.0000,0,100.000,,0,0.9925,,0.850,0,
5020,5,111,fog-120,1,fog,500.0,0.0000,0.0000,15,100.750,0.8585,0,0.9906,,0.850,0,
5021,5,111,fog-120,1,fog,600.0,0.0000,0.0000,0,100.000,,0,0.9888,,0.850,0,
5022,5,111,fog-120,1,fog,700.0,0.0000,0.0000,0,100.000,,0,0.9869,,0.850,0,
5023,5,111,fog-120,1,fog,800.0,0.0000,0.0000,18,100.900,0.9339,0,0.9850,,0.850,0,
5024,5,111,fog-120,1,fog,900.0,0.0000,0.0000,0,100.000,,0,0.9831,,0.850,0,
5025,5,111,fog-120,1,fog,1000.0,0.0000,0.0000,17,100.850,0.8741,0,0.9813,,0.850,0,
5026,5,111,fog-120,1,fog,1100.0,0.0000,0.0000,19,100.950,0.9900,0,0.9794,,0.850,0,
5027,5,111,fog-120,1,fog,1200.0,0.0000,0.0000,40,101.700,1.0000,0,0.9775,,0.850,0,
5028,5,111,fog-120,1,fog,1300.0,0.0000,0.0000,48,101.900,1.0000,0,0.9756,,0.850,0,
5029,5,111,fog-120,1,fog,1400.0,0.0000,0.0000,18,100.900,0.9339,0,0.9738,,0.850,0,
5030,5,111,fog-120,1,fog,1500.0,0.0000,0.0000,19,100.950,0.9900,0,0.9719,,0.850,0,
5031,5,111,fog-120,1,fog,1600.0,0.0000,0.0000,19,100.950,0.9900,0,0.9700,,0.850,0,
5032,5,111,fog-120,1,fog,1700.0,0.0000,0.0000,0,100.000,,0,0.9681,,0.850,0,
5033,5,111,fog-120,1,fog,1800.0,0.0000,0.0000,0,100.000,,0,0.9663,,0.850,0,
5034,5,111,fog-120,1,fog,1900.0,0.0000,0.0000,17,100.850,0.8741,0,0.9644,,0.850,0,
5035,5,111,fog-120,1,fog,2000.0,0.0000,0.0000,19,100.950,0.9900,0,0.9625,,0.850,0,
5036,5,111,fog-120,1,fog,2100.0,0.0000,0.0000,19,100.950,0.9900,0,0.9606,,0.850,0,
5037,5,111,fog-120,1,fog,2200.0,0.0000,0.0000,19,100.950,0.9900,0,0.9588,,0.850,0,
5038,5,111,fog-120,1,fog,2300.0,0.0000,0.0000,0,100.000,,0,0.9569,,0.850,0,
5039,5,111,fog-120,1,fog,2400.0,0.0000,0.0000,0,100.000,,0,0.9550,,0.850,0,
5040,5,111,fog-120,1,fog,2500.0,0.0000,0.0000,0,100.000,,0,0.9531,,0.850,0,
5041,5,111,fog-120,1,fog,2600.0,0.0000,0.0000,0,100.000,,0,0.9513,,0.850,0,
5042,5,111,fog-120,1,fog,2700.0,0.0000,0.0000,0,100.000,,0,0.9494,,0.850,0,
5043,5,111,fog-120,1,fog,2800.0,0.0000,0.0000,18,100.900,0.9339,0,0.9475,,0.850,0,
5044,5,111,fog-120,1,fog,2900.0,0.0000,0.0000,14,100.700,0.8694,0,0.9456,,0.850,0,
5045,5,111,fog-120,1,fog,3000.0,0.0000,0.0000,0,100.000,,0,0.9438,,0.850,0,
5046,5,111,fog-120,1,fog,3100.0,0.0000,0.0000,0,100.000,,0,0.9419,,0.850,0,
5047,5,111,fog-120,1,fog,3200.0,0.0000,0.0000,0,100.000,,0,0.9400,,0.850,0,
5048,5,111,fog-120,1,fog,3300.0,0.0000,0.0000,0,100.000,,0,0.9381,,0.850,0,
5049,5,111,fog-120,1,fog,3400.0,0.0000,0.0000,20,101.000,1.0000,0,0.9363,,0.850,0,
5050,5,111,fog-120,1,fog,3500.0,0.0000,0.0000,19,100.950,0.9900,0,0.9344,,0.850,0,
5051,5,111,fog-120,1,fog,3600.0,0.0000,0.0000,20,101.000,1.0000,0,0.9325,,0.850,0,
5052,5,111,fog-120,1,fog,3700.0,0.0000,0.0000,16,100.800,1.0000,0,0.9306,,0.850,0,
5053,5,111,fog-120,1,fog,3800.0,0.0000,0.0000,17,100.850,0.9900,0,0.9288,,0.850,0,
5054,5,111,fog-120,1,fog,3900.0,0.0000,0.0000,19,100.950,0.9900,0,0.9269,,0.850,0,
5055,5,111,fog-120,1,fog,4000.0,0.0000,0.0000,0,100.000,,0,0.9250,,0.850,0,
5056,5,111,fog-120,1,fog,4100.0,0.0000,0.0000,0,100.000,,0,0.9231,,0.850,0,
5057,5,111,fog-120,1,fog,4200.0,0.0000,0.0000,0,100.000,,0,0.9213,,0.850,0,
5058,5,111,fog-120,1,fog,4300.0,0.0000,0.0000,17,100.850,0.9900,0,0.9194,,0.850,0,
5059,5,111,fog-120,1,fog,4400.0,0.0000,0.0000,0,100.000,,0,0.9175,,0.850,0,
5060,5,111,fog-120,1,fog,4500.0,0.0000,0.0000,0,100.000,,0,0.9156,,0.850,0,
5061,5,111,fog-120,1,fog,4600.0,0.0000,0.0000,0,100.000,,0,0.9138,,0.850,0,
5062,5,111,fog-120,1,fog,4700.0,0.0000,0.0000,48,101.900,1.0000,0,0.9119,,0.850,0,
5063,5,111,fog-120,1,fog,4800.0,0.0000,0.0000,0,100.000,,0,0.9100,,0.850,0,
5064,5,111,fog-120,1,fog,4900.0,0.0000,0.0000,0,100.000,,0,0.9081,,0.850,0,
5065,5,111,fog-120,1,fog,5000.0,0.0000,0.0000,0,100.000,,0,0.9063,,0.850,0,
5066,5,112,fog-121,1,fog,0.0,0.0000,0.0000,0,100.000,,0,1.0000,,0.850,0,
5067,5,112,fog-121,1,fog,100.0,0.0000,0.0000,0,100.000,,0,0.9981,,0.850,0,
5068,5,112,fog-121,1,fog,200.0,0.0000,0.0000,0,100.000,,0,0.9963,,0.850,0,
5069,5,112,fog-121,1,fog,300.0,0.0000,0.0000,0,100.000,,0,0.9944,,0.850,0,
5070,5,112,fog-121,1,fog,400.0,0.0000,0.0000,0,100.000,,0,0.9925,,0.850,0,
5071,5,112,fog-121,1,fog,500.0,0.0000,0.0000,0,100.000,,0,0.9906,,0.850,0,
5072,5,112,fog-121,1,fog,600.0,0.0000,0.0000,0,100.000,,0,0.9888,,0.850,0,
5073,5,112,fog-121,1,fog,700.0,0.0000,0.0000,0,100.000,,0,0.9869,,0.850,0,
5074,5,112,fog-121,1,fog,800.0,0.0000,0.0000,0,100.000,,0,0.9850,,0.850,0,
5075,5,112,fog-121,1,fog,900.0,0.0000,0.0000,0,100.000,,0,0.9831,,0.850,0,
5076,5,112,fog-121,1,fog,1000.0,0.0000,0.0000,0,100.000,,0,0.9813,,0.850,0,
5077,5,112,fog-121,1,fog,1100.0,0.0000,0.0000,0,100.000,,0,0.9794,,0.850,0,
5078,5,112,fog-121,1,fog,1200.0,0.0000,0.0000,0,100.000,,0,0.9775,,0.850,0,
5079,5,112,fog-121,1,fog,1300.0,0.0000,0.0000,0,100.000,,0,0.9756,,0.850,0,
5080,5,112,fog-121,1,fog,1400.0,0.0000,0.0000,0,100.000,,0,0.9738,,0.850,0,
5081,5,112,fog-121,1,fog,1500.0,0.0000,0.0000,0,100.000,,0,0.9719,,0.850,0,
5082,5,112,fog-121,1,fog,1600.0,0.0000,0.0000,0,100.000,,0,0.9700,,0.850,0,
5083,5,112,fog-121,1,fog,1700.0,0.0000,0.0000,0,100.000,,0,0.9681,,0.850,0,
5084,5,112,fog-121,1,fog,1800.0,0.0000,0.0000,0,100.000,,0,0.9663,,0.850,0,
5085,5,112,fog-121,1,fog,1900.0,0.0000,0.0000,0,100.000,,0,0.9644,,0.850,0,
5086,5,112,fog-121,1,fog,2000.0,0.0000,0.0000,0,100.000,,0,0.9625,,0.850,0,
5087,5,112,fog-121,1,fog,2100.0,0.0000,0.0000,0,100.000,,0,0.9606,,0.850,0,
5088,5,112,fog-121,1,fog,2200.0,0.0000,0.0000,0,100.000,,0,0.9588,,0.850,0,
5089,5,112,fog-121,1,fog,2300.0,0.0000,0.0000,0,100.000,,0,0.9569,,0.850,0,
5090,5,112,fog-121,1,fog,2400.0,0.0000,0.0000,0,100.000,,0,0.9550,,0.850,0,
5091,5,112,fog-121,1,fog,2500.0,0.0000,0.0000,0,100.000,,0,0.9531,,0.850,0,
5092,5,112,fog-121,1,fog,2600.0,0.0000,0.0000,0,100.000,,0,0.9513,,0.850,0,
5093,5,112,fog-121,1,fog,2700.0,0.0000,0.0000,0,100.000,,0,0.9494,,0.850,0,
5094,5,112,fog-121,1,fog,2800.0,0.0000,0.0000,0,100.000,,0,0.9475,,0.850,0,
5095,5,112,fog-121,1,fog,2900.0,0.0000,0.0000,0,100.000,,0,0.9456,,0.850,0,
5096,5,112,fog-121,1,fog,3000.0,0.0000,0.0000,0,100.000,,0,0.9438,,0.850,0,
5097,5,112,fog-121,1,fog,3100.0,0.0000,0.0000,0,100.000,,0,0.9419,,0.850,0,
5098,5,112,fog-121,1,fog,3200.0,0.0000,0.0000,0,100.000,,0,0.9400,,0.850,0,
5099,5,112,fog-121,1,fog,3300.0,0.0000,0.0000,0,100.000,,0,0.9381,,0.850,0,
5100,5,112,fog-121,1,fog,3400.0,0.0000,0.0000,0,100.000,,0,0.9363,,0.850,0,
5101,5,112,fog-121,1,fog,3500.0,0.0000,0.0000,0,100.000,,0,0.9344,,0.850,0,
5102,5,112,fog-121,1,fog,3600.0,0.0000,0.0000,0,100.000,,0,0.9325,,0.850,0,
5103,5,112,fog-121,1,fog,3700.0,0.0000,0.0000,0,100.000,,0,0.9306,,0.850,0,
5104,5,112,fog-121,1,fog,3800.0,0.0000,0.0000,0,100.000,,0,0.9288,,0.850,0,
5105,5,112,fog-121,1,fog,3900.0,0.0000,0.0000,0,100.000,,0,0.9269,,0.850,0,
5106,5,112,fog-121,1,fog,4000.0,0.0000,0.0000,0,100.000,,0,0.9250,,0.850,0,
5107,5,112,fog-121,1,fog,4100.0,0.0000,0.0000,0,100.000,,0,0.9231,,0.850,0,
5108,5,112,fog-121,1,fog,4200.0,0.0000,0.0000,0,100.000,,0,0.9213,,0.850,0,
5109,5,112,fog-121,1,fog,4300.0,0.0000,0.0000,0,100.000,,0,0.9194,,0.850,0,
5110,5,112,fog-121,1,fog,4400.0,0.0000,0.0000,0,100.000,,0,0.9175,,0.850,0,
5111,5,112,fog-121,1,fog,4500.0,0.0000,0.0000,0,100.000,,0,0.9156,,0.850,0,
5112,5,112,fog-121,1,fog,4600.0,0.0000,0.0000,0,100.000,,0,0.9138,,0.850,0,
5113,5,112,fog-121,1,fog,4700.0,0.0000,0.0000,0,100.000,,0,0.9119,,0.850,0,
5114,5,112,fog-121,1,fog,4800.0,0.0000,0.0000,0,100.000,,0,0.9100,,0.850,0,
5115,5,112,fog-121,1,fog,4900.0,0.0000,0.0000,0,100.000,,0,0.9081,,0.850,0,
5116,5,112,fog-121,1,fog,5000.0,0.0000,0.0000,0,100.000,,0,0.9063,,0.850,0,
5117,5,113,fog-122,1,fog,0.0,0.0000,0.0000,0,100.000,,0,1.0000,,0.850,0,
5118,5,113,fog-122,1,fog,100.0,0.0000,0.0000,0,100.000,,0,0.9981,,0.850,0,
5119,5,113,fog-122,1,fog,200.0,0.0000,0.0000,0,100.000,,0,0.9963,,0.850,0,
5120,5,113,fog-122,1,fog,300.0,0.0000,0.0000,0,100.000,,0,0.9944,,0.850,0,
5121,5,113,fog-122,1,fog,400.0,0.0000,0.0000,0,100.000,,0,0.9925,,0.850,0,
5122,5,113,fog-122,1,fog,500.0,0.0000,0.0000,0,100.000,,0,0.9906,,0.850,0,
5123,5,113,fog-122,1,fog,600.0,0.0000,0.0000,0,100.000,,0,0.9888,,0.850,0,
5124,5,113,fog-122,1,fog,700.0,0.0000,0.0000,0,100.000,,0,0.9869,,0.850,0,
5125,5,113,fog-122,1,fog,800.0,0.0000,0.0000,0,100.000,,0,0.9850,,0.850,0,
5126,5,113,fog-122,1,fog,900.0,0.0000,0.0000,0,100.000,,0,0.9831,,0.850,0,
5127,5,113,fog-122,1,fog,1000.0,0.0000,0.0000,0,100.000,,0,0.9813,,0.850,0,
5128,5,113,fog-122,1,fog,1100.0,0.0000,0.0000,0,100.000,,0,0.9794,,0.850,0,
5129,5,113,fog-122,1,fog,1200.0,0.0000,0.0000,0,100.000,,0,0.9775,,0.850,0,
5130,5,113,fog-122,1,fog,1300.0,0.0000,0.0000,0,100.000,,0,0.9756,,0.850,0,
5131,5,113,fog-122,1,fog,1400.0,0.0000,0.0000,0,100.000,,0,0.9738,,0.850,0,
5132,5,113,fog-122,1,fog,1500.0,0.0000,0.0000,0,100.000,,0,0.9719,,0.850,0,
5133,5,113,fog-122,1,fog,1600.0,0.0000,0.0000,0,100.000,,0,0.9700,,0.850,0,
5134,5,113,fog-122,1,fog,1700.0,0.0000,0.0000,0,100.000,,0,0.9681,,0.850,0,
5135,5,113,fog-122,1,fog,1800.0,0.0000,0.0000,0,100.000,,0,0.9663,,0.850,0,
5136,5,113,fog-122,1,fog,1900.0,0.0000,0.0000,0,100.000,,0,0.9644,,0.850,0,
5137,5,113,fog-122,1,fog,2000.0,0.0000,0.0000,0,100.000,,0,0.9625,,0.850,0,
5138,5,113,fog-122,1,fog,2100.0,0.0000,0.0000,0,100.000,,0,0.9606,,0.850,0,
5139,5,113,fog-122,1,fog,2200.0,0.0000,0.0000,0,100.000,,0,0.9588,,0.850,0,
5140,5,113,fog-122,1,fog,2300.0,0.0000,0.0000,0,100.000,,0,0.9569,,0.850,0,
5141,5,113,fog-122,1,fog,2400.0,0.0000,0.0000,0,100.000,,0,0.9550,,0.850,0,
5142,5,113,fog-122,1,fog,2500.0,0.0000,0.0000,0,100.000,,0,0.9531,,0.850,0,
5143,5,113,fog-122,1,fog,2600.0,0.0000,0.0000,0,100.000,,0,0.9513,,0.850,0,
5144,5,113,fog-122,1,fog,2700.0,0.0000,0.0000,0,100.000,,0,0.9494,,0.850,0,
5145,5,113,fog-122,1,fog,2800.0,0.0000,0.0000,0,100.000,,0,0.9475,,0.850,0,
5146,5,113,fog-122,1,fog,2900.0,0.0000,0.0000,0,100.000,,0,0.9456,,0.850,0,
5147,5,113,fog-122,1,fog,3000.0,0.0000,0.0000,0,100.000,,0,0.9438,,0.850,0,
5148,5,113,fog-122,1,fog,3100.0,0.0000,0.0000,0,100.000,,0,0.9419,,0.850,0,
5149,5,113,fog-122,1,fog,3200.0,0.0000,0.0000,0,100.000,,0,0.9400,,0.850,0,
5150,5,113,fog-122,1,fog,3300.0,0.0000,0.0000,0,100.000,,0,0.9381,,0.850,0,
5151,5,113,fog-122,1,fog,3400.0,0.0000,0.0000,0,100.000,,0,0.9363,,0.850,0,
5152,5,113,fog-122,1,fog,3500.0,0.0000,0.0000,0,100.000,,0,0.9344,,0.850,0,
5153,5,113,fog-122,1,fog,3600.0,0.0000,0.0000,0,100.000,,0,0.9325,,0.850,0,
5154,5,113,fog-122,1,fog,3700.0,0.0000,0.0000,0,100.000,,0,0.9306,,0.850,0,
5155,5,113,fog-122,1,fog,3800.0,0.0000,0.0000,0,100.000,,0,0.9288,,0.850,0,
5156,5,113,fog-122,1,fog,3900.0,0.0000,0.0000,0,100.000,,0,0.9269,,0.850,0,
5157,5,113,fog-122,1,fog,4000.0,0.0000,0.0000,0,100.000,,0,0.9250,,0.850,0,
5158,5,113,fog-122,1,fog,4100.0,0.0000,0.0000,0,100.000,,0,0.9231,,0.850,0,
5159,5,113,fog-122,1,fog,4200.0,0.0000,0.0000,0,100.000,,0,0.9213,,0.850,0,
5160,5,113,fog-122,1,fog,4300.0,0.0000,0.0000,0,100.000,,0,0.9194,,0.850,0,
5161,5,113,fog-122,1,fog,4400.0,0.0000,0.0000,0,100.000,,0,0.9175,,0.850,0,
5162,5,113,fog-122,1,fog,4500.0,0.0000,0.0000,0,100.000,,0,0.9156,,0.850,0,
5163,5,113,fog-122,1,fog,4600.0,0.0000,0.0000,0,100.000,,0,0.9138,,0.850,0,
5164,5,113,fog-122,1,fog,4700.0,0.0000,0.0000,0,100.000,,0,0.9119,,0.850,0,
5165,5,113,fog-122,1,fog,4800.0,0.0000,0.0000,0,100.000,,0,0.9100,,0.850,0,
5166,5,113,fog-122,1,fog,4900.0,0.0000,0.0000,0,100.000,,0,0.9081,,0.850,0,
5167,5,113,fog-122,1,fog,5000.0,0.0000,0.0000,0,100.000,,0,0.9063,,0.850,0,
5168,5,114,fog-123,1,fog,0.0,0.0000,0.0000,0,100.000,,0,1.0000,,0.850,0,
5169,5,114,fog-123,1,fog,100.0,0.0000,0.0000,0,100.000,,0,0.9981,,0.850,0,
5170,5,114,fog-123,1,fog,200.0,0.0000,0.0000,16,100.800,0.9266,0,0.9963,,0.850,0,
5171,5,114,fog-123,1,fog,300.0,0.0000,0.0000,0,100.000,,0,0.9944,,0.850,0,
5172,5,114,fog-123,1,fog,400.0,0.0000,0.0000,0,100.000,,0,0.9925,,0.850,0,
5173,5,114,fog-123,1,fog,500.0,0.0000,0.0000,0,100.000,,0,0.9906,,0.850,0,
5174,5,114,fog-123,1,fog,600.0,0.0000,0.0000,0,100.000,,0,0.9888,,0.850,0,
5175,5,114,fog-123,1,fog,700.0,0.0000,0.0000,0,100.000,,0,0.9869,,0.850,0,
5176,5,114,fog-123,1,fog,800.0,0.0000,0.0000,0,100.000,,0,0.9850,,0.850,0,
5177,5,114,fog-123,1,fog,900.0,0.0000,0.0000,0,100.000,,0,0.9831,,0.850,0,
5178,5,114,fog-123,1,fog,1000.0,0.0000,0.0000,0,100.000,,0,0.9813,,0.850,0,
5179,5,114,fog-123,1,fog,1100.0,0.0000,0.0000,0,100.000,,0,0.9794,,0.850,0,
5180,5,114,fog-123,1,fog,1200.0,0.0000,0.0000,14,100.700,1.0000,0,0.9775,,0.850,0,
5181,5,114,fog-123,1,fog,1300.0,0.0000,0.0000,0,100.000,,0,0.9756,,0.850,0,
5182,5,114,fog-123,1,fog,1400.0,0.0000,0.0000,0,100.000,,0,0.9738,,0.850,0,
5183,5,114,fog-123,1,fog,1500.0,0.0000,0.0000,0,100.000,,0,0.9719,,0.850,0,
5184,5,114,fog-123,1,fog,1600.0,0.0000,0.0000,0,100.000,,0,0.9700,,0.850,0,
5185,5,114,fog-123,1,fog,1700.0,0.0000,0.0000,0,100.000,,0,0.9681,,0.850,0,
5186,5,114,fog-123,1,fog,1800.0,0.0000,0.0000,19,100.950,0.9900,0,0.9663,,0.850,0,
5187,5,114,fog-123,1,fog,1900.0,0.0000,0.0000,0,100.000,,0,0.9644,,0.850,0,
5188,5,114,fog-123,1,fog,2000.0,0.0000,0.0000,0,100.000,,0,0.9625,,0.850,0,
5189,5,114,fog-123,1,fog,2100.0,0.0000,0.0000,17,100.850,0.8741,0,0.9606,,0.850,0,
5190,5,114,fog-123,1,fog,2200.0,0.0000,0.0000,0,100.000,,0,0.9588,,0.850,0,
5191,5,114,fog-123,1,fog,2300.0,0.0000,0.0000,0,100.000,,0,0.9569,,0.850,0,
5192,5,114,fog-123,1,fog,2400.0,0.0000,0.0000,0,100.000,,0,0.9550,,0.850,0,
5193,5,114,fog-123,1,fog,2500.0,0.0000,0.0000,0,100.000,,0,0.9531,,0.850,0,
5194,5,114,fog-123,1,fog,2600.0,0.0000,0.0000,0,100.000,,0,0.9513,,0.850,0,
5195,5,114,fog-123,1,fog,2700.0,0.0000,0.0000,0,100.000,,0,0.9494,,0.850,0,
5196,5,114,fog-123,1,fog,2800.0,0.0000,0.0000,0,100.000,,0,0.9475,,0.850,0,
5197,5,114,fog-123,1,fog,2900.0,0.0000,0.0000,20,101.000,1.0000,0,0.9456,,0.850,0,
5198,5,114,fog-123,1,fog,3000.0,0.0000,0.0000,0,100.000,,0,0.9438,,0.850,0,
5199,5,114,fog-123,1,fog,3100.0,0.0000,0.0000,0,100.000,,0,0.9419,,0.850,0,
5200,5,114,fog-123,1,fog,3200.0,0.0000,0.0000,0,100.000,,0,0.9400,,0.850,0,
5201,5,114,fog-123,1,fog,3300.0,0.0000,0.0000,0,100.000,,0,0.9381,,0.850,0,
5202,5,114,fog-123,1,fog,3400.0,0.0000,0.0000,0,100.000,,0,0.9363,,0.850,0,
5203,5,114,fog-123,1,fog,3500.0,0.0000,0.0000,0,100.000,,0,0.9344,,0.850,0,
5204,5,114,fog-123,1,fog,3600.0,0.0000,0.0000,16,100.800,0.9266,0,0.9325,,0.850,0,
5205,5,114,fog-123,1,fog,3700.0,0.0000,0.0000,0,100.000,,0,0.9306,,0.850,0,
5206,5,114,fog-123,1,fog,3800.0,0.0000,0.0000,0,100.000,,0,0.9288,,0.850,0,
5207,5,114,fog-123,1,fog,3900.0,0.0000,0.0000,0,100.000,,0,0.9269,,0.850,0,
5208,5,114,fog-123,1,fog,4000.0,0.0000,0.0000,0,100.000,,0,0.9250,,0.850,0,
5209,5,114,fog-123,1,fog,4100.0,0.0000,0.0000,0,100.000,,0,0.9231,,0.850,0,
5210,5,114,fog-123,1,fog,4200.0,0.0000,0.0000,0,100.000,,0,0.9213,,0.850,0,
5211,5,114,fog-123,1,fog,4300.0,0.0000,0.0000,0,100.000,,0,0.9194,,0.850,0,
5212,5,114,fog-123,1,fog,4400.0,0.0000,0.0000,0,100.000,,0,0.9175,,0.850,0,
5213,5,114,fog-123,1,fog,4500.0,0.0000,0.0000,16,100.800,0.9267,0,0.9156,,0.850,0,
5214,5,114,fog-123,1,fog,4600.0,0.0000,0.0000,0,100.000,,0,0.9138,,0.850,0,
5215,5,114,fog-123,1,fog,4700.0,0.0000,0.0000,0,100.000,,0,0.9119,,0.850,0,
5216,5,114,fog-123,1,fog,4800.0,0.0000,0.0000,0,100.000,,0,0.9100,,0.850,0,
5217,5,114,fog-123,1,fog,4900.0,0.0000,0.0000,17,100.850,0.8741,0,0.9081,,0.850,0,
5218,5,114,fog-123,1,fog,5000.0,0.0000,0.0000,0,100.000,,0,0.9063,,0.850,0,
5219,5,115,fog-124,1,fog,0.0,0.0000,0.0000,0,100.000,,0,1.0000,,0.850,0,
5220,5,115,fog-124,1,fog,100.0,0.0000,0.0000,0,100.000,,0,0.9981,,0.850,0,
5221,5,115,fog-124,1,fog,200.0,0.0000,0.0000,0,100.000,,0,0.9963,,0.850,0,
5222,5,115,fog-124,1,fog,300.0,0.0000,0.0000,0,100.000,,0,0.9944,,0.850,0,
5223,5,115,fog-124,1,fog,400.0,0.0000,0.0000,0,100.000,,0,0.9925,,0.850,0,
5224,5,115,fog-124,1,fog,500.0,0.0000,0.0000,0,100.000,,0,0.9906,,0.850,0,
5225,5,115,fog-124,1,fog,600.0,0.0000,0.0000,0,100.000,,0,0.9888,,0.850,0,
5226,5,115,fog-124,1,fog,700.0,0.0000,0.0000,0,100.000,,0,0.9869,,0.850,0,
5227,5,115,fog-124,1,fog,800.0,0.0000,0.0000,0,100.000,,0,0.9850,,0.850,0,
5228,5,115,fog-124,1,fog,900.0,0.0000,0.0000,0,100.000,,0,0.9831,,0.850,0,
5229,5,115,fog-124,1,fog,1000.0,0.0000,0.0000,0,100.000,,0,0.9813,,0.850,0,
5230,5,115,fog-124,1,fog,1100.0,0.0000,0.0000,0,100.000,,0,0.9794,,0.850,0,
5231,5,115,fog-124,1,fog,1200.0,0.0000,0.0000,0,100.000,,0,0.9775,,0.850,0,
5232,5,115,fog-124,1,fog,1300.0,0.0000,0.0000,0,100.000,,0,0.9756,,0.850,0,
5233,5,115,fog-124,1,fog,1400.0,0.0000,0.0000,0,100.000,,0,0.9738,,0.850,0,
5234,5,115,fog-124,1,fog,1500.0,0.0000,0.0000,0,100.000,,0,0.9719,,0.850,0,
5235,5,115,fog-124,1,fog,1600.0,0.0000,0.0000,0,100.000,,0,0.9700,,0.850,0,
5236,5,115,fog-124,1,fog,1700.0,0.0000,0.0000,0,100.000,,0,0.9681,,0.850,0,
5237,5,115,fog-124,1,fog,1800.0,0.0000,0.0000,0,100.000,,0,0.9663,,0.850,0,
5238,5,115,fog-124,1,fog,1900.0,0.0000,0.0000,0,100.000,,0,0.9644,,0.850,0,
5239,5,115,fog-124,1,fog,2000.0,0.0000,0.0000,0,100.000,,0,0.9625,,0.850,0,
5240,5,115,fog-124,1,fog,2100.0,0.0000,0.0000,0,100.000,,0,0.9606,,0.850,0,
5241,5,115,fog-124,1,fog,2200.0,0.0000,0.0000,0,100.000,,0,0.9588,,0.850,0,
5242,5,115,fog-124,1,fog,2300.0,0.0000,0.0000,0,100.000,,0,0.9569,,0.850,0,
5243,5,115,fog-124,1,fog,2400.0,0.0000,0.0000,0,100.000,,0,0.9550,,0.850,0,
5244,5,115,fog-124,1,fog,2500.0,0.0000,0.0000,0,100.000,,0,0.9531,,0.850,0,
5245,5,115,fog-124,1,fog,2600.0,0.0000,0.0000,0,100.000,,0,0.9513,,0.850,0,
5246,5,115,fog-124,1,fog,2700.0,0.0000,0.0000,0,100.000,,0,0.9494,,0.850,0,
5247,5,115,fog-124,1,fog,2800.0,0.0000,0.0000,0,100.000,,0,0.9475,,0.850,0,
5248,5,115,fog-124,1,fog,2900.0,0.0000,0.0000,0,100.000,,0,0.9456,,0.850,0,
5249,5,115,fog-124,1,fog,3000.0,0.0000,0.0000,0,100.000,,0,0.9438,,0.850,0,
5250,5,115,fog-124,1,fog,3100.0,0.0000,0.0000,0,100.000,,0,0.9419,,0.850,0,
5251,5,115,fog-124,1,fog,3200.0,0.0000,0.0000,0,100.000,,0,0.9400,,0.850,0,
5252,5,115,fog-124,1,fog,3300.0,0.0000,0.0000,0,100.000,,0,0.9381,,0.850,0,
5253,5,115,fog-124,1,fog,3400.0,0.0000,0.0000,0,100.000,,0,0.9363,,0.850,0,
5254,5,115,fog-124,1,fog,3500.0,0.0000,0.0000,0,100.000,,0,0.9344,,0.850,0,
5255,5,115,fog-124,1,fog,3600.0,0.0000,0.0000,0,100.000,,0,0.9325,,0.850,0,
5256,5,115,fog-124,1,fog,3700.0,0.0000,0.0000,0,100.000,,0,0.9306,,0.850,0,
5257,5,115,fog-124,1,fog,3800.0,0.0000,0.0000,0,100.000,,0,0.9288,,0.850,0,
5258,5,115,fog-124,1,fog,3900.0,0.0000,0.0000,0,100.000,,0,0.9269,,0.850,0,
5259,5,115,fog-124,1,fog,4000.0,0.0000,0.0000,0,100.000,,0,0.9250,,0.850,0,
5260,5,115,fog-124,1,fog,4100.0,0.0000,0.0000,0,100.000,,0,0.9231,,0.850,0,
5261,5,115,fog-124,1,fog,4200.0,0.0000,0.0000,0,100.000,,0,0.9213,,0.850,0,
5262,5,115,fog-124,1,fog,4300.0,0.0000,0.0000,0,100.000,,0,0.9194,,0.850,0,
5263,5,115,fog-124,1,fog,4400.0,0.0000,0.0000,0,100.000,,0,0.9175,,0.850,0,
5264,5,115,fog-124,1,fog,4500.0,0.0000,0.0000,0,100.000,,0,0.9156,,0.850,0,
5265,5,115,fog-124,1,fog,4600.0,0.0000,0.0000,0,100.000,,0,0.9138,,0.850,0,
5266,5,115,fog-124,1,fog,4700.0,0.0000,0.0000,0,100.000,,0,0.9119,,0.850,0,
5267,5,115,fog-124,1,fog,4800.0,0.0000,0.0000,0,100.000,,0,0.9100,,0.850,0,
5268,5,115,fog-124,1,fog,4900.0,0.0000,0.0000,0,100.000,,0,0.9081,,0.850,0,
5269,5,115,fog-124,1,fog,5000.0,0.0000,0.0000,0,100.000,,0,0.9063,,0.850,0,
5270,5,116,fog-125,1,fog,0.0,0.0000,0.0000,0,100.000,,0,1.0000,,0.850,0,
5271,5,116,fog-125,1,fog,100.0,0.0000,0.0000,0,100.000,,0,0.9981,,0.850,0,
5272,5,116,fog-125,1,fog,200.0,0.0000,0.0000,0,100.000,,0,0.9963,,0.850,0,
5273,5,116,fog-125,1,fog,300.0,0.0000,0.0000,0,100.000,,0,0.9944,,0.850,0,
5274,5,116,fog-125,1,fog,400.0,0.0000,0.0000,0,100.000,,0,0.9925,,0.850,0,
5275,5,116,fog-125,1,fog,500.0,0.0000,0.0000,0,100.000,,0,0.9906,,0.850,0,
5276,5,116,fog-125,1,fog,600.0,0.0000,0.0000,0,100.000,,0,0.9888,,0.850,0,
5277,5,116,fog-125,1,fog,700.0,0.0000,0.0000,0,100.000,,0,0.9869,,0.850,0,
5278,5,116,fog-125,1,fog,800.0,0.0000,0.0000,0,100.000,,0,0.9850,,0.850,0,
5279,5,116,fog-125,1,fog,900.0,0.0000,0.0000,0,100.000,,0,0.9831,,0.850,0,
5280,5,116,fog-125,1,fog,1000.0,0.0000,0.0000,0,100.000,,0,0.9813,,0.850,0,
5281,5,116,fog-125,1,fog,1100.0,0.0000,0.0000,0,100.000,,0,0.9794,,0.850,0,
5282,5,116,fog-125,1,fog,1200.0,0.0000,0.0000,0,100.000,,0,0.9775,,0.850,0,
5283,5,116,fog-125,1,fog,1300.0,0.0000,0.0000,0,100.000,,0,0.9756,,0.850,0,
5284,5,116,fog-125,1,fog,1400.0,0.0000,0.0000,0,100.000,,0,0.9738,,0.850,0,
5285,5,116,fog-125,1,fog,1500.0,0.0000,0.0000,0,100.000,,0,0.9719,,0.850,0,
5286,5,116,fog-125,1,fog,1600.0,0.0000,0.0000,0,100.000,,0,0.9700,,0.850,0,
5287,5,116,fog-125,1,fog,1700.0,0.0000,0.0000,0,100.000,,0,0.9681,,0.850,0,
5288,5,116,fog-125,1,fog,1800.0,0.0000,0.0000,0,100.000,,0,0.9663,,0.850,0,
5289,5,116,fog-125,1,fog,1900.0,0.0000,0.0000,0,100.000,,0,0.9644,,0.850,0,
5290,5,116,fog-125,1,fog,2000.0,0.0000,0.0000,0,100.000,,0,0.9625,,0.850,0,
5291,5,116,fog-125,1,fog,2100.0,0.0000,0.0000,0,100.000,,0,0.9606,,0.850,0,
5292,5,116,fog-125,1,fog,2200.0,0.0000,0.0000,0,100.000,,0,0.9588,,0.850,0,
5293,5,116,fog-125,1,fog,2300.0,0.0000,0.0000,0,100.000,,0,0.9569,,0.850,0,
5294,5,116,fog-125,1,fog,2400.0,0.0000,0.0000,0,100.000,,0,0.9550,,0.850,0,
5295,5,116,fog-125,1,fog,2500.0,0.0000,0.0000,0,100.000,,0,0.9531,,0.850,0,
5296,5,116,fog-125,1,fog,2600.0,0.0000,0.0000,0,100.000,,0,0.9513,,0.850,0,
5297,5,116,fog-125,1,fog,2700.0,0.0000,0.0000,0,100.000,,0,0.9494,,0.850,0,
5298,5,116,fog-125,1,fog,2800.0,0.0000,0.0000,0,100.000,,0,0.9475,,0.850,0,
5299,5,116,fog-125,1,fog,2900.0,0.0000,0.0000,0,100.000,,0,0.9456,,0.850,0,
5300,5,116,fog-125,1,fog,3000.0,0.0000,0.0000,0,100.000,,0,0.9438,,0.850,0,
5301,5,116,fog-125,1,fog,3100.0,0.0000,0.0000,0,100.000,,0,0.9419,,0.850,0,
5302,5,116,fog-125,1,fog,3200.0,0.0000,0.0000,0,100.000,,0,0.9400,,0.850,0,
5303,5,116,fog-125,1,fog,3300.0,0.0000,0.0000,0,100.000,,0,0.9381,,0.850,0,
5304,5,116,fog-125,1,fog,3400.0,0.0000,0.0000,0,100.000,,0,0.9363,,0.850,0,
5305,5,116,fog-125,1,fog,3500.0,0.0000,0.0000,0,100.000,,0,0.9344,,0.850,0,
5306,5,116,fog-125,1,fog,3600.0,0.0000,0.0000,0,100.000,,0,0.9325,,0.850,0,
5307,5,116,fog-125,1,fog,3700.0,0.0000,0.0000,0,100.000,,0,0.9306,,0.850,0,
5308,5,116,fog-125,1,fog,3800.0,0.0000,0.0000,0,100.000,,0,0.9288,,0.850,0,
5309,5,116,fog-125,1,fog,3900.0,0.0000,0.0000,0,100.000,,0,0.9269,,0.850,0,
5310,5,116,fog-125,1,fog,4000.0,0.0000,0.0000,0,100.000,,0,0.9250,,0.850,0,
5311,5,116,fog-125,1,fog,4100.0,0.0000,0.0000,0,100.000,,0,0.9231,,0.850,0,
5312,5,116,fog-125,1,fog,4200.0,0.0000,0.0000,0,100.000,,0,0.9213,,0.850,0,
5313,5,116,fog-125,1,fog,4300.0,0.0000,0.0000,0,100.000,,0,0.9194,,0.850,0,
5314,5,116,fog-125,1,fog,4400.0,0.0000,0.0000,0,100.000,,0,0.9175,,0.850,0,
5315,5,116,fog-125,1,fog,4500.0,0.0000,0.0000,0,100.000,,0,0.9156,,0.850,0,
5316,5,116,fog-125,1,fog,4600.0,0.0000,0.0000,0,100.000,,0,0.9138,,0.850,0,
5317,5,116,fog-125,1,fog,4700.0,0.0000,0.0000,0,100.000,,0,0.9119,,0.850,0,
5318,5,116,fog-125,1,fog,4800.0,0.0000,0.0000,0,100.000,,0,0.9100,,0.850,0,
5319,5,116,fog-125,1,fog,4900.0,0.0000,0.0000,0,100.000,,0,0.9081,,0.850,0,
5320,5,116,fog-125,1,fog,5000.0,0.0000,0.0000,0,100.000,,0,0.9063,,0.850,0,
5321,5,117,fog-126,1,fog,0.0,0.0000,0.0000,0,100.000,,0,1.0000,,0.850,0,1784.6
5322,5,117,fog-126,1,fog,100.0,0.0000,0.0000,0,100.000,,0,0.9981,,0.850,0,1784.6
5323,5,117,fog-126,1,fog,200.0,0.0000,0.0000,0,100.000,,0,0.9963,,0.850,0,1784.6
5324,5,117,fog-126,1,fog,300.0,0.0000,0.0000,0,100.000,,0,0.9944,,0.850,0,1784.6
5325,5,117,fog-126,1,fog,400.0,0.0000,0.0000,0,100.000,,0,0.9925,,0.850,0,1784.6
5326,5,117,fog-126,1,fog,500.0,0.0000,0.0000,0,100.000,,0,0.9906,,0.850,0,1784.6
5327,5,117,fog-126,1,fog,600.0,0.0000,0.0000,0,100.000,,0,0.9888,,0.850,0,1784.6
5328,5,117,fog-126,1,fog,700.0,0.0000,0.0000,0,100.000,,0,0.9869,,0.850,0,1784.6
5329,5,117,fog-126,1,fog,800.0,0.0000,0.0000,0,100.000,,0,0.9850,,0.850,0,1784.6
5330,5,117,fog-126,1,fog,900.0,0.0000,0.0000,0,100.000,,0,0.9831,,0.850,0,1784.6
5331,5,117,fog-126,1,fog,1000.0,0.0000,0.0000,0,100.000,,0,0.9813,,0.850,0,1784.6
5332,5,117,fog-126,1,fog,1100.0,0.0000,0.0000,0,100.000,,0,0.9794,,0.850,0,1784.6
5333,5,117,fog-126,1,fog,1200.0,0.0000,0.0000,0,100.000,,0,0.9775,,0.850,0,1784.6
5334,5,117,fog-126,1,fog,1300.0,0.0000,0.0000,0,100.000,,0,0.9756,,0.850,0,1784.6
5335,5,117,fog-126,1,fog,1400.0,0.0000,0.0000,0,100.000,,0,0.9738,,0.850,0,1784.6
5336,5,117,fog-126,1,fog,1500.0,0.0000,0.0000,0,100.000,,0,0.9719,,0.850,0,1784.6
5337,5,117,fog-126,1,fog,1600.0,0.0000,0.0000,0,100.000,,0,0.9700,,0.850,1,1784.6
5338,5,117,fog-126,1,fog,1700.0,0.0000,0.0000,0,100.000,,0,0.9681,,0.850,1,1784.6
5339,5,118,fog-127,1,fog,0.0,0.0000,0.0000,0,100.000,,0,1.0000,,0.850,0,
5340,5,118,fog-127,1,fog,100.0,0.0000,0.0000,0,100.000,,0,0.9981,,0.850,0,
5341,5,118,fog-127,1,fog,200.0,0.0000,0.0000,17,100.850,0.9900,0,0.9963,,0.850,0,
5342,5,118,fog-127,1,fog,300.0,0.0000,0.0000,0,100.000,,0,0.9944,,0.850,0,
5343,5,118,fog-127,1,fog,400.0,0.0000,0.0000,18,100.900,0.9339,0,0.9925,,0.850,0,
5344,5,118,fog-127,1,fog,500.0,0.0000,0.0000,44,101.800,1.0000,0,0.9906,,0.850,0,
5345,5,118,fog-127,1,fog,600.0,0.0000,0.0000,0,100.000,,0,0.9888,,0.850,0,
5346,5,118,fog-127,1,fog,700.0,0.0000,0.0000,0,100.000,,0,0.9869,,0.850,0,
5347,5,118,fog-127,1,fog,800.0,0.0000,0.0000,0,100.000,,0,0.9850,,0.850,0,
5348,5,118,fog-127,1,fog,900.0,0.0000,0.0000,0,100.000,,0,0.9831,,0.850,0,
5349,5,118,fog-127,1,fog,1000.0,0.0000,0.0000,40,101.700,1.0000,0,0.9813,,0.850,0,
5350,5,118,fog-127,1,fog,1100.0,0.0000,0.0000,38,101.650,1.0000,0,0.9794,,0.850,0,
5351,5,118,fog-127,1,fog,1200.0,0.0000,0.0000,0,100.000,,0,0.9775,,0.850,0,
5352,5,118,fog-127,1,fog,1300.0,0.0000,0.0000,18,100.900,0.9339,0,0.9756,,0.850,0,
5353,5,118,fog-127,1,fog,1400.0,0.0000,0.0000,18,100.900,0.9339,0,0.9738,,0.850,0,
5354,5,118,fog-127,1,fog,1500.0,0.0000,0.0000,0,100.000,,0,0.9719,,0.850,0,
5355,5,118,fog-127,1,fog,1600.0,0.0000,0.0000,0,100.000,,0,0.9700,,0.850,0,
5356,5,118,fog-127,1,fog,1700.0,0.0000,0.0000,20,101.000,1.0000,0,0.9681,,0.850,0,
5357,5,118,fog-127,1,fog,1800.0,0.0000,0.0000,70,102.450,1.0000,0,0.9663,,0.850,0,
5358,5,118,fog-127,1,fog,1900.0,0.0000,0.0000,0,100.000,,0,0.9644,,0.850,0,
5359,5,118,fog-127,1,fog,2000.0,0.0000,0.0000,0,100.000,,0,0.9625,,0.850,0,
5360,5,118,fog-127,1,fog,2100.0,0.0000,0.0000,0,100.000,,0,0.9606,,0.850,0,
5361,5,118,fog-127,1,fog,2200.0,0.0000,0.0000,0,100.000,,0,0.9588,,0.850,0,
5362,5,118,fog-127,1,fog,2300.0,0.0000,0.0000,17,100.850,1.0000,0,0.9569,,0.850,0,
5363,5,118,fog-127,1,fog,2400.0,0.0000,0.0000,18,100.900,0.9339,0,0.9550,,0.850,0,
5364,5,118,fog-127,1,fog,2500.0,0.0000,0.0000,19,100.950,0.9900,0,0.9531,,0.850,0,
5365,5,118,fog-127,1,fog,2600.0,0.0000,0.0000,18,100.900,0.9339,0,0.9513,,0.850,0,
5366,5,118,fog-127,1,fog,2700.0,0.0000,0.0000,0,100.000,,0,0.9494,,0.850,0,
5367,5,118,fog-127,1,fog,2800.0,0.0000,0.0000,16,100.800,0.9266,0,0.9475,,0.850,0,
5368,5,118,fog-127,1,fog,2900.0,0.0000,0.0000,0,100.000,,0,0.9456,,0.850,0,
5369,5,118,fog-127,1,fog,3000.0,0.0000,0.0000,18,100.900,0.9339,0,0.9438,,0.850,0,
5370,5,118,fog-127,1,fog,3100.0,0.0000,0.0000,19,100.950,0.9900,0,0.9419,,0.850,0,
5371,5,118,fog-127,1,fog,3200.0,0.0000,0.0000,20,101.000,1.0000,0,0.9400,,0.850,0,
5372,5,118,fog-127,1,fog,3300.0,0.0000,0.0000,20,101.000,1.0000,0,0.9381,,0.850,0,
5373,5,118,fog-127,1,fog,3400.0,0.0000,0.0000,46,101.850,1.0000,0,0.9363,,0.850,0,
5374,5,118,fog-127,1,fog,3500.0,0.0000,0.0000,0,100.000,,0,0.9344,,0.850,0,
5375,5,118,fog-127,1,fog,3600.0,0.0000,0.0000,20,101.000,1.0000,0,0.9325,,0.850,0,
5376,5,118,fog-127,1,fog,3700.0,0.0000,0.0000,0,100.000,,0,0.9306,,0.850,0,
5377,5,118,fog-127,1,fog,3800.0,0.0000,0.0000,16,100.800,0.8097,0,0.9288,,0.850,0,
5378,5,118,fog-127,1,fog,3900.0,0.0000,0.0000,17,100.850,0.8741,0,0.9269,,0.850,0,
5379,5,118,fog-127,1,fog,4000.0,0.0000,0.0000,0,100.000,,0,0.9250,,0.850,0,
5380,5,118,fog-127,1,fog,4100.0,0.0000,0.0000,15,100.750,0.8585,0,0.9231,,0.850,0,
5381,5,118,fog-127,1,fog,4200.0,0.0000,0.0000,17,100.850,1.0000,0,0.9213,,0.850,0,
5382,5,118,fog-127,1,fog,4300.0,0.0000,0.0000,0,100.000,,0,0.9194,,0.850,0,
5383,5,118,fog-127,1,fog,4400.0,0.0000,0.0000,44,101.800,1.0000,0,0.9175,,0.850,0,
5384,5,118,fog-127,1,fog,4500.0,0.0000,0.0000,18,100.900,0.9339,0,0.9156,,0.850,0,
5385,5,118,fog-127,1,fog,4600.0,0.0000,0.0000,46,101.850,1.0000,0,0.9138,,0.850,0,
5386,5,118,fog-127,1,fog,4700.0,0.0000,0.0000,48,101.900,1.0000,0,0.9119,,0.850,0,
5387,5,118,fog-127,1,fog,4800.0,0.0000,0.0000,38,101.650,1.0000,0,0.9100,,0.850,0,
5388,5,118,fog-127,1,fog,4900.0,0.0000,0.0000,0,100.000,,0,0.9081,,0.850,0,
5389,5,118,fog-127,1,fog,5000.0,0.0000,0.0000,44,101.800,1.0000,0,0.9063,,0.850,0,
5390,5,119,fog-128,1,fog,0.0,0.0000,0.0000,0,100.000,,0,1.0000,,0.850,0,
5391,5,119,fog-128,1,fog,100.0,0.0000,0.0000,0,100.000,,0,0.9981,,0.850,0,
5392,5,119,fog-128,1,fog,200.0,0.0000,0.0000,0,100.000,,0,0.9963,,0.850,0,
5393,5,119,fog-128,1,fog,300.0,0.0000,0.0000,0,100.000,,0,0.9944,,0.850,0,
5394,5,119,fog-128,1,fog,400.0,0.0000,0.0000,0,100.000,,0,0.9925,,0.850,0,
5395,5,119,fog-128,1,fog,500.0,0.0000,0.0000,0,100.000,,0,0.9906,,0.850,0,
5396,5,119,fog-128,1,fog,600.0,0.0000,0.0000,0,100.000,,0,0.9888,,0.850,0,
5397,5,119,fog-128,1,fog,700.0,0.0000,0.0000,0,100.000,,0,0.9869,,0.850,0,
5398,5,119,fog-128,1,fog,800.0,0.0000,0.0000,0,100.000,,0,0.9850,,0.850,0,
5399,5,119,fog-128,1,fog,900.0,0.0000,0.0000,0,100.000,,0,0.9831,,0.850,0,
5400,5,119,fog-128,1,fog,1000.0,0.0000,0.0000,0,100.000,,0,0.9813,,0.850,0,
5401,5,119,fog-128,1,fog,1100.0,0.0000,0.0000,0,100.000,,0,0.9794,,0.850,0,
5402,5,119,fog-128,1,fog,1200.0,0.0000,0.0000,0,100.000,,0,0.9775,,0.850,0,
5403,5,119,fog-128,1,fog,1300.0,0.0000,0.0000,0,100.000,,0,0.9756,,0.850,0,
5404,5,119,fog-128,1,fog,1400.0,0.0000,0.0000,0,100.000,,0,0.9738,,0.850,0,
5405,5,119,fog-128,1,fog,1500.0,0.0000,0.0000,0,100.000,,0,0.9719,,0.850,0,
5406,5,119,fog-128,1,fog,1600.0,0.0000,0.0000,0,100.000,,0,0.9700,,0.850,0,
5407,5,119,fog-128,1,fog,1700.0,0.0000,0.0000,0,100.000,,0,0.9681,,0.850,0,
5408,5,119,fog-128,1,fog,1800.0,0.0000,0.0000,0,100.000,,0,0.9663,,0.850,0,
5409,5,119,fog-128,1,fog,1900.0,0.0000,0.0000,0,100.000,,0,0.9644,,0.850,0,
5410,5,119,fog-128,1,fog,2000.0,0.0000,0.0000,0,100.000,,0,0.9625,,0.850,0,
5411,5,119,fog-128,1,fog,2100.0,0.0000,0.0000,0,100.000,,0,0.9606,,0.850,0,
5412,5,119,fog-128,1,fog,2200.0,0.0000,0.0000,0,100.000,,0,0.9588,,0.850,0,
5413,5,119,fog-128,1,fog,2300.0,0.0000,0.0000,0,100.000,,0,0.9569,,0.850,0,
5414,5,119,fog-128,1,fog,2400.0,0.0000,0.0000,0,100.000,,0,0.9550,,0.850,0,
5415,5,119,fog-128,1,fog,2500.0,0.0000,0.0000,0,100.000,,0,0.9531,,0.850,0,
5416,5,119,fog-128,1,fog,2600.0,0.0000,0.0000,0,100.000,,0,0.9513,,0.850,0,
5417,5,119,fog-128,1,fog,2700.0,0.0000,0.0000,0,100.000,,0,0.9494,,0.850,0,
5418,5,119,fog-128,1,fog,2800.0,0.0000,0.0000,0,100.000,,0,0.9475,,0.850,0,
5419,5,119,fog-128,1,fog,2900.0,0.0000,0.0000,0,100.000,,0,0.9456,,0.850,0,
5420,5,119,fog-128,1,fog,3000.0,0.0000,0.0000,0,100.000,,0,0.9438,,0.850,0,
5421,5,119,fog-128,1,fog,3100.0,0.0000,0.0000,0,100.000,,0,0.9419,,0.850,0,
5422,5,119,fog-128,1,fog,3200.0,0.0000,0.0000,0,100.000,,0,0.9400,,0.850,0,
5423,5,119,fog-128,1,fog,3300.0,0.0000,0.0000,0,100.000,,0,0.9381,,0.850,0,
5424,5,119,fog-128,1,fog,3400.0,0.0000,0.0000,0,100.000,,0,0.9363,,0.850,0,
5425,5,119,fog-128,1,fog,3500.0,0.0000,0.0000,0,100.000,,0,0.9344,,0.850,0,
5426,5,119,fog-128,1,fog,3600.0,0.0000,0.0000,0,100.000,,0,0.9325,,0.850,0,
5427,5,119,fog-128,1,fog,3700.0,0.0000,0.0000,0,100.000,,0,0.9306,,0.850,0,
5428,5,119,fog-128,1,fog,3800.0,0.0000,0.0000,0,100.000,,0,0.9288,,0.850,0,
5429,5,119,fog-128,1,fog,3900.0,0.0000,0.0000,0,100.000,,0,0.9269,,0.850,0,
5430,5,119,fog-128,1,fog,4000.0,0.0000,0.0000,0,100.000,,0,0.9250,,0.850,0,
5431,5,119,fog-128,1,fog,4100.0,0.0000,0.0000,0,100.000,,0,0.9231,,0.850,0,
5432,5,119,fog-128,1,fog,4200.0,0.0000,0.0000,0,100.000,,0,0.9213,,0.850,0,
5433,5,119,fog-128,1,fog,4300.0,0.0000,0.0000,0,100.000,,0,0.9194,,0.850,0,
5434,5,119,fog-128,1,fog,4400.0,0.0000,0.0000,0,100.000,,0,0.9175,,0.850,0,
5435,5,119,fog-128,1,fog,4500.0,0.0000,0.0000,0,100.000,,0,0.9156,,0.850,0,
5436,5,119,fog-128,1,fog,4600.0,0.0000,0.0000,0,100.000,,0,0.9138,,0.850,0,
5437,5,119,fog-128,1,fog,4700.0,0.0000,0.0000,0,100.000,,0,0.9119,,0.850,0,
5438,5,119,fog-128,1,fog,4800.0,0.0000,0.0000,0,100.000,,0,0.9100,,0.850,0,
5439,5,119,fog-128,1,fog,4900.0,0.0000,0.0000,0,100.000,,0,0.9081,,0.850,0,
5440,5,119,fog-128,1,fog,5000.0,0.0000,0.0000,0,100.000,,0,0.9063,,0.850,0,
5441,5,120,fog-129,1,fog,0.0,0.0000,0.0000,0,100.000,,0,1.0000,,0.850,0,
5442,5,120,fog-129,1,fog,100.0,0.0000,0.0000,0,100.000,,0,0.9981,,0.850,0,
5443,5,120,fog-129,1,fog,200.0,0.0000,0.0000,0,100.000,,0,0.9963,,0.850,0,
5444,5,120,fog-129,1,fog,300.0,0.0000,0.0000,0,100.000,,0,0.9944,,0.850,0,
5445,5,120,fog-129,1,fog,400.0,0.0000,0.0000,0,100.000,,0,0.9925,,0.850,0,
5446,5,120,fog-129,1,fog,500.0,0.0000,0.0000,0,100.000,,0,0.9906,,0.850,0,
5447,5,120,fog-129,1,fog,600.0,0.0000,0.0000,0,100.000,,0,0.9888,,0.850,0,
5448,5,120,fog-129,1,fog,700.0,0.0000,0.0000,0,100.000,,0,0.9869,,0.850,0,
5449,5,120,fog-129,1,fog,800.0,0.0000,0.0000,0,100.000,,0,0.9850,,0.850,0,
5450,5,120,fog-129,1,fog,900.0,0.0000,0.0000,0,100.000,,0,0.9831,,0.850,0,
5451,5,120,fog-129,1,fog,1000.0,0.0000,0.0000,0,100.000,,0,0.9813,,0.850,0,
5452,5,120,fog-129,1,fog,1100.0,0.0000,0.0000,0,100.000,,0,0.9794,,0.850,0,
5453,5,120,fog-129,1,fog,1200.0,0.0000,0.0000,0,100.000,,0,0.9775,,0.850,0,
5454,5,120,fog-129,1,fog,1300.0,0.0000,0.0000,0,100.000,,0,0.9756,,0.850,0,
5455,5,120,fog-129,1,fog,1400.0,0.0000,0.0000,0,100.000,,0,0.9738,,0.850,0,
5456,5,120,fog-129,1,fog,1500.0,0.0000,0.0000,0,100.000,,0,0.9719,,0.850,0,
5457,5,120,fog-129,1,fog,1600.0,0.0000,0.0000,0,100.000,,0,0.9700,,0.850,0,
5458,5,120,fog-129,1,fog,1700.0,0.0000,0.0000,0,100.000,,0,0.9681,,0.850,0,
5459,5,120,fog-129,1,fog,1800.0,0.0000,0.0000,0,100.000,,0,0.9663,,0.850,0,
5460,5,120,fog-129,1,fog,1900.0,0.0000,0.0000,0,100.000,,0,0.9644,,0.850,0,
5461,5,120,fog-129,1,fog,2000.0,0.0000,0.0000,0,100.000,,0,0.9625,,0.850,0,
5462,5,120,fog-129,1,fog,2100.0,0.0000,0.0000,0,100.000,,0,0.9606,,0.850,0,
5463,5,120,fog-129,1,fog,2200.0,0.0000,0.0000,0,100.000,,0,0.9588,,0.850,0,
5464,5,120,fog-129,1,fog,2300.0,0.0000,0.0000,0,100.000,,0,0.9569,,0.850,0,
5465,5,120,fog-129,1,fog,2400.0,0.0000,0.0000,0,100.000,,0,0.9550,,0.850,0,
5466,5,120,fog-129,1,fog,2500.0,0.0000,0.0000,0,100.000,,0,0.9531,,0.850,0,
5467,5,120,fog-129,1,fog,2600.0,0.0000,0.0000,0,100.000,,0,0.9513,,0.850,0,
5468,5,120,fog-129,1,fog,2700.0,0.0000,0.0000,0,100.000,,0,0.9494,,0.850,0,
5469,5,120,fog-129,1,fog,2800.0,0.0000,0.0000,0,100.000,,0,0.9475,,0.850,0,
5470,5,120,fog-129,1,fog,2900.0,0.0000,0.0000,0,100.000,,0,0.9456,,0.850,0,
5471,5,120,fog-129,1,fog,3000.0,0.0000,0.0000,0,100.000,,0,0.9438,,0.850,0,
5472,5,120,fog-129,1,fog,3100.0,0.0000,0.0000,0,100.000,,0,0.9419,,0.850,0,
5473,5,120,fog-129,1,fog,3200.0,0.0000,0.0000,0,100.000,,0,0.9400,,0.850,0,
5474,5,120,fog-129,1,fog,3300.0,0.0000,0.0000,0,100.000,,0,0.9381,,0.850,0,
5475,5,120,fog-129,1,fog,3400.0,0.0000,0.0000,0,100.000,,0,0.9363,,0.850,0,
5476,5,120,fog-129,1,fog,3500.0,0.0000,0.0000,0,100.000,,0,0.9344,,0.850,0,
5477,5,120,fog-129,1,fog,3600.0,0.0000,0.0000,0,100.000,,0,0.9325,,0.850,0,
5478,5,120,fog-129,1,fog,3700.0,0.0000,0.0000,0,100.000,,0,0.9306,,0.850,0,
5479,5,120,fog-129,1,fog,3800.0,0.0000,0.0000,0,100.000,,0,0.9288,,0.850,0,
5480,5,120,fog-129,1,fog,3900.0,0.0000,0.0000,0,100.000,,0,0.9269,,0.850,0,
5481,5,120,fog-129,1,fog,4000.0,0.0000,0.0000,0,100.000,,0,0.9250,,0.850,0,
5482,5,120,fog-129,1,fog,4100.0,0.0000,0.0000,0,100.000,,0,0.9231,,0.850,0,
5483,5,120,fog-129,1,fog,4200.0,0.0000,0.0000,0,100.000,,0,0.9213,,0.850,0,
5484,5,120,fog-129,1,fog,4300.0,0.0000,0.0000,0,100.000,,0,0.9194,,0.850,0,
5485,5,120,fog-129,1,fog,4400.0,0.0000,0.0000,0,100.000,,0,0.9175,,0.850,0,
5486,5,120,fog-129,1,fog,4500.0,0.0000,0.0000,0,100.000,,0,0.9156,,0.850,0,
5487,5,120,fog-129,1,fog,4600.0,0.0000,0.0000,0,100.000,,0,0.9138,,0.850,0,
5488,5,120,fog-129,1,fog,4700.0,0.0000,0.0000,0,100.000,,0,0.9119,,0.850,0,
5489,5,120,fog-129,1,fog,4800.0,0.0000,0.0000,0,100.000,,0,0.9100,,0.850,0,
5490,5,120,fog-129,1,fog,4900.0,0.0000,0.0000,0,100.000,,0,0.9081,,0.850,0,
5491,5,120,fog-129,1,fog,5000.0,0.0000,0.0000,0,100.000,,0,0.9063,,0.850,0,
5492,5,121,fog-130,1,fog,0.0,0.0000,0.0000,0,100.000,,0,1.0000,,0.850,0,2644.6
5493,5,121,fog-130,1,fog,100.0,0.0000,0.0000,10,100.500,1.0000,0,0.9981,,0.850,0,2644.6
5494,5,121,fog-130,1,fog,200.0,0.0000,0.0000,18,100.900,0.9339,0,0.9963,,0.850,0,2644.6
5495,5,121,fog-130,1,fog,300.0,0.0000,0.0000,19,100.950,0.9900,0,0.9944,,0.850,0,2644.6
5496,5,121,fog-130,1,fog,400.0,0.0000,0.0000,16,100.800,0.8097,0,0.9925,,0.850,0,2644.6
5497,5,121,fog-130,1,fog,500.0,0.0000,0.0000,20,101.000,1.0000,0,0.9906,,0.850,0,2644.6
5498,5,121,fog-130,1,fog,600.0,0.0000,0.0000,16,100.800,1.0000,0,0.9888,,0.850,0,2644.6
5499,5,121,fog-130,1,fog,700.0,0.0000,0.0000,80,102.700,1.0000,0,0.9869,,0.850,0,2644.6
5500,5,121,fog-130,1,fog,800.0,0.0000,0.0000,80,102.700,1.0000,0,0.9850,,0.850,0,2644.6
5501,5,121,fog-130,1,fog,900.0,0.0000,0.0000,72,102.500,1.0000,0,0.9831,,0.850,0,2644.6
5502,5,121,fog-130,1,fog,1000.0,0.0000,0.0000,46,101.850,1.0000,0,0.9813,,0.850,0,2644.6
5503,5,121,fog-130,1,fog,1100.0,0.0000,0.0000,0,100.000,,0,0.9794,,0.850,0,2644.6
5504,5,121,fog-130,1,fog,1200.0,0.0000,0.0000,0,100.000,,0,0.9775,,0.850,0,2644.6
5505,5,121,fog-130,1,fog,1300.0,0.0000,0.0000,0,100.000,,0,0.9756,,0.850,0,2644.6
5506,5,121,fog-130,1,fog,1400.0,0.0000,0.0000,17,100.850,0.8741,0,0.9738,,0.850,0,2644.6
5507,5,121,fog-130,1,fog,1500.0,0.0000,0.0000,17,100.850,0.8741,0,0.9719,,0.850,0,2644.6
5508,5,121,fog-130,1,fog,1600.0,0.0000,0.0000,20,101.000,1.0000,0,0.9700,,0.850,0,2644.6
5509,5,121,fog-130,1,fog,1700.0,0.0000,0.0000,18,100.900,0.9339,0,0.9681,,0.850,0,2644.6
5510,5,121,fog-130,1,fog,1800.0,0.0000,0.0000,0,100.000,,0,0.9663,,0.850,0,2644.6
5511,5,121,fog-130,1,fog,1900.0,0.0000,0.0000,0,100.000,,0,0.9644,,0.850,0,2644.6
5512,5,121,fog-130,1,fog,2000.0,0.0000,0.0000,0,100.000,,0,0.9625,,0.850,0,2644.6
5513,5,121,fog-130,1,fog,2100.0,0.0000,0.0000,19,100.950,0.9900,0,0.9606,,0.850,0,2644.6
5514,5,121,fog-130,1,fog,2200.0,0.0000,0.0000,42,101.750,1.0000,0,0.9588,,0.850,0,2644.6
5515,5,121,fog-130,1,fog,2300.0,0.0000,0.0000,44,101.800,1.0000,0,0.9569,,0.850,0,2644.6
5516,5,121,fog-130,1,fog,2400.0,0.0000,0.0000,36,101.600,1.0000,0,0.9550,,0.850,0,2644.6
5517,5,121,fog-130,1,fog,2500.0,0.0000,0.0000,116,103.600,1.0000,0,0.9531,,0.850,1,2644.6
5518,5,121,fog-130,1,fog,2600.0,0.0000,0.0000,146,104.350,1.0000,0,0.9513,,0.850,1,2644.6
5519,5,122,edge-0,2,edge,0.0,0.0000,0.0100,0,1.519,,1,1.0000,,0.700,0,
5520,5,122,edge-0,2,edge,100.0,0.0806,0.0100,32,2.534,1.0000,1,0.9851,,0.700,0,
5521,5,122,edge-0,2,edge,200.0,0.2014,0.0100,115,4.369,1.0000,1,0.9661,,0.700,0,
5522,5,122,edge-0,2,edge,300.0,0.2014,0.0100,121,4.519,1.0000,1,0.9470,,0.700,0,
5523,5,122,edge-0,2,edge,400.0,0.2020,0.0100,115,4.453,1.0000,2,0.9280,,0.700,0,
5524,5,122,edge-0,2,edge,500.0,0.2024,0.0100,122,4.568,1.0000,1,0.9089,,0.700,0,
5525,5,122,edge-0,2,edge,600.0,0.2027,0.0100,132,4.728,1.0000,1,0.8899,,0.700,0,
5526,5,122,edge-0,2,edge,700.0,0.2000,0.0100,63,3.575,1.0000,2,0.8708,,0.700,0,
5527,5,122,edge-0,2,edge,800.0,0.2000,0.0100,68,3.720,1.0000,2,0.8518,,0.700,0,
5528,5,122,edge-0,2,edge,900.0,0.2000,0.0100,64,3.620,1.0000,1,0.8328,,0.700,0,
5529,5,122,edge-0,2,edge,1000.0,0.2000,0.0100,64,3.620,1.0000,1,0.8137,,0.700,0,
5530,5,122,edge-0,2,edge,1100.0,0.2022,0.0100,125,4.406,1.0000,2,0.7947,,0.700,0,
5531,5,122,edge-0,2,edge,1200.0,0.2000,0.0100,58,3.474,1.0000,2,0.7756,,0.700,0,
5532,5,122,edge-0,2,edge,1300.0,0.2003,0.0100,83,3.925,1.0000,3,0.7566,,0.700,0,
5533,5,122,edge-0,2,edge,1400.0,0.2008,0.0100,109,4.545,1.0000,3,0.7375,,0.700,0,
5534,5,122,edge-0,2,edge,1500.0,0.2025,0.0100,132,4.754,1.0000,4,0.7185,,0.700,0,
5535,5,122,edge-0,2,edge,1600.0,0.2000,0.0100,56,3.334,1.0000,4,0.6994,,0.700,0,
5536,5,122,edge-0,2,edge,1700.0,0.2000,0.0100,66,3.579,1.0000,3,0.6804,,0.700,0,
5537,5,122,edge-0,2,edge,1800.0,0.2000,0.0100,68,3.629,1.0000,2,0.6613,,0.700,0,
5538,5,122,edge-0,2,edge,1900.0,0.2000,0.0100,59,3.429,1.0000,2,0.6423,,0.700,0,
5539,5,122,edge-0,2,edge,2000.0,0.2000,0.0100,70,3.679,1.0000,1,0.6232,,0.700,0,
5540,5,122,edge-0,2,edge,2100.0,0.2000,0.0100,66,3.579,1.0000,0,0.6042,,0.700,0,
5541,5,122,edge-0,2,edge,2200.0,0.2000,0.0100,66,3.579,1.0000,0,0.5851,,0.700,0,
5542,5,122,edge-0,2,edge,2300.0,0.2000,0.0100,87,4.127,1.0000,1,0.5661,,0.700,0,
5543,5,122,edge-0,2,edge,2400.0,0.2000,0.0100,68,3.728,1.0000,2,0.5470,,0.700,0,
5544,5,122,edge-0,2,edge,2500.0,0.2000,0.0100,68,3.715,1.0000,3,0.5280,,0.700,0,
5545,5,122,edge-0,2,edge,2600.0,0.2000,0.0100,61,3.604,1.0000,4,0.5089,,0.700,0,
5546,5,122,edge-0,2,edge,2700.0,0.2000,0.0100,86,4.425,1.0000,5,0.4899,,0.700,0,
5547,5,122,edge-0,2,edge,2800.0,0.2000,0.0100,66,3.748,1.0000,5,0.4708,,0.700,0,
5548,5,122,edge-0,2,edge,2900.0,0.2000,0.0100,68,3.798,1.0000,4,0.4518,,0.700,0,
5549,5,122,edge-0,2,edge,3000.0,0.2000,0.0100,66,3.748,1.0000,3,0.4328,,0.700,0,
5550,5,122,edge-0,2,edge,3100.0,0.2000,0.0100,64,3.698,1.0000,2,0.4137,,0.700,0,
5551,5,122,edge-0,2,edge,3200.0,0.2000,0.0100,70,3.848,1.0000,1,0.3947,,0.700,0,
5552,5,122,edge-0,2,edge,3300.0,0.2000,0.0100,68,3.798,1.0000,0,0.3756,,0.700,0,
5553,5,122,edge-0,2,edge,3400.0,0.2000,0.0100,68,4.008,1.0000,1,0.3566,,0.700,0,
5554,5,122,edge-0,2,edge,3500.0,0.2000,0.0100,64,3.908,1.0000,1,0.3375,,0.700,0,
5555,5,122,edge-0,2,edge,3600.0,0.2000,0.0100,64,3.908,1.0000,1,0.3185,,0.700,0,
5556,5,122,edge-0,2,edge,3700.0,0.2000,0.0100,68,4.008,1.0000,1,0.2994,,0.700,0,
5557,5,122,edge-0,2,edge,3800.0,0.2000,0.0100,66,3.697,1.0000,1,0.2804,,0.700,0,
5558,5,122,edge-0,2,edge,3900.0,0.2024,0.0100,129,4.887,1.0000,1,0.2613,,0.700,0,
5559,5,122,edge-0,2,edge,4000.0,0.2000,0.0100,61,3.624,1.0000,2,0.2423,,0.700,0,
5560,5,122,edge-0,2,edge,4100.0,0.2000,0.0100,109,4.862,1.0000,3,0.2232,,0.700,0,
5561,5,122,edge-0,2,edge,4200.0,0.2000,0.0100,66,3.775,1.0000,4,0.2042,,0.700,0,
5562,5,122,edge-0,2,edge,4300.0,0.2000,0.0100,66,3.775,1.0000,4,0.1851,,0.700,0,
5563,5,122,edge-0,2,edge,4400.0,0.2000,0.0100,61,3.675,1.0000,3,0.1661,,0.700,0,
5564,5,122,edge-0,2,edge,4500.0,0.2010,0.0100,103,4.514,1.0000,3,0.1470,,0.700,0,
5565,5,122,edge-0,2,edge,4600.0,0.2000,0.0100,66,3.806,1.0000,3,0.1280,,0.700,0,
5566,5,122,edge-0,2,edge,4700.0,0.2000,0.0100,61,3.706,1.0000,2,0.1089,,0.700,0,
5567,5,122,edge-0,2,edge,4800.0,0.2000,0.0100,68,3.910,1.0000,2,0.0899,,0.700,0,
5568,5,122,edge-0,2,edge,4900.0,0.2000,0.0100,84,4.087,1.0000,3,0.0708,,0.700,0,
5569,5,122,edge-0,2,edge,5000.0,0.2000,0.0100,84,4.087,1.0000,2,0.0518,,0.700,0,
5570,5,126,edge-1,2,edge,0.0,0.0000,0.0100,0,1.633,,1,1.0000,,0.700,0,3972.8
5571,5,126,edge-1,2,edge,100.0,0.0803,0.0100,27,2.588,1.0000,1,0.9851,,0.700,0,3972.8
5572,5,126,edge-1,2,edge,200.0,0.2013,0.0100,118,4.578,1.0000,1,0.9661,,0.700,0,3972.8
5573,5,126,edge-1,2,edge,300.0,0.2008,0.0100,89,3.968,1.0000,1,0.9470,,0.700,0,3972.8
5574,5,126,edge-1,2,edge,400.0,0.2000,0.0100,68,3.720,1.0000,2,0.9280,,0.700,0,3972.8
5575,5,126,edge-1,2,edge,500.0,0.2000,0.0100,61,3.570,1.0000,1,0.9089,,0.700,0,3972.8
5576,5,126,edge-1,2,edge,600.0,0.2000,0.0100,68,3.720,1.0000,1,0.8899,,0.700,0,3972.8
5577,5,126,edge-1,2,edge,700.0,0.2000,0.0100,70,3.770,1.0000,1,0.8708,,0.700,0,3972.8
5578,5,126,edge-1,2,edge,800.0,0.2000,0.0100,68,3.538,1.0000,2,0.8518,,0.700,0,3972.8
5579,5,126,edge-1,2,edge,900.0,0.2024,0.0100,153,5.284,1.0000,2,0.8328,,0.700,0,3972.8
5580,5,126,edge-1,2,edge,1000.0,0.2003,0.0100,90,4.080,1.0000,3,0.8137,,0.700,0,3972.8
5581,5,126,edge-1,2,edge,1100.0,0.2000,0.0100,61,3.700,1.0000,4,0.7947,,0.700,0,3972.8
5582,5,126,edge-1,2,edge,1200.0,0.2000,0.0100,66,3.800,1.0000,4,0.7756,,0.700,0,3972.8
5583,5,126,edge-1,2,edge,1300.0,0.2000,0.0100,66,3.800,1.0000,3,0.7566,,0.700,0,3972.8
5584,5,126,edge-1,2,edge,1400.0,0.2000,0.0100,61,3.700,1.0000,2,0.7375,,0.700,0,3972.8
5585,5,126,edge-1,2,edge,1500.0,0.2000,0.0100,66,3.800,1.0000,1,0.7185,,0.700,0,3972.8
5586,5,126,edge-1,2,edge,1600.0,0.2000,0.0100,68,3.850,1.0000,0,0.6994,,0.700,0,3972.8
5587,5,126,edge-1,2,edge,1700.0,0.2000,0.0100,97,4.911,1.0000,1,0.6804,,0.700,0,3972.8
5588,5,126,edge-1,2,edge,1800.0,0.2018,0.0100,133,5.471,1.0000,1,0.6613,,0.700,0,3972.8
5589,5,126,edge-1,2,edge,1900.0,0.2032,0.0100,156,5.576,1.0000,1,0.6423,,0.700,0,3972.8
5590,5,126,edge-1,2,edge,2000.0,0.2000,0.0100,63,3.640,1.0000,2,0.6232,,0.700,0,3972.8
5591,5,126,edge-1,2,edge,2100.0,0.2000,0.0100,68,3.799,1.0000,3,0.6042,,0.700,0,3972.8
5592,5,126,edge-1,2,edge,2200.0,0.2000,0.0100,66,3.749,1.0000,2,0.5851,,0.700,0,3972.8
5593,5,126,edge-1,2,edge,2300.0,0.2000,0.0100,66,3.749,1.0000,2,0.5661,,0.700,0,3972.8
5594,5,126,edge-1,2,edge,2400.0,0.2000,0.0100,66,3.749,1.0000,2,0.5470,,0.700,0,3972.8
5595,5,126,edge-1,2,edge,2500.0,0.2024,0.0100,131,5.032,1.0000,2,0.5280,,0.700,0,3972.8
5596,5,126,edge-1,2,edge,2600.0,0.2017,0.0100,123,5.012,1.0000,1,0.5089,,0.700,0,3972.8
5597,5,126,edge-1,2,edge,2700.0,0.2006,0.0100,90,4.427,1.0000,1,0.4899,,0.700,0,3972.8
5598,5,126,edge-1,2,edge,2800.0,0.2006,0.0100,88,4.372,1.0000,1,0.4708,,0.700,0,3972.8
5599,5,126,edge-1,2,edge,2900.0,0.2004,0.0100,87,4.417,1.0000,1,0.4518,,0.700,0,3972.8
5600,5,126,edge-1,2,edge,3000.0,0.2006,0.0100,103,4.822,1.0000,0,0.4328,,0.700,0,3972.8
5601,5,126,edge-1,2,edge,3100.0,0.2018,0.0100,131,5.080,1.0000,1,0.4137,,0.700,0,3972.8
5602,5,126,edge-1,2,edge,3200.0,0.2018,0.0100,118,4.780,1.0000,1,0.3947,,0.700,0,3972.8
5603,5,126,edge-1,2,edge,3300.0,0.2031,0.0100,163,5.620,1.0000,1,0.3756,,0.700,0,3972.8
5604,5,126,edge-1,2,edge,3400.0,0.2029,0.0100,142,5.020,1.0000,1,0.3566,,0.700,0,3972.8
5605,5,126,edge-1,2,edge,3500.0,0.2013,0.0100,110,4.710,1.0000,1,0.3375,,0.700,0,3972.8
5606,5,126,edge-1,2,edge,3600.0,0.2000,0.0100,61,3.556,1.0000,1,0.3185,,0.700,0,3972.8
5607,5,126,edge-1,2,edge,3700.0,0.2000,0.0100,59,3.428,1.0000,2,0.2994,,0.700,0,3972.8
5608,5,126,edge-1,2,edge,3800.0,0.2000,0.0100,64,3.663,1.0000,3,0.2804,,0.700,1,3972.8
5609,5,126,edge-1,2,edge,3900.0,0.2000,0.0100,70,3.664,1.0000,4,0.2613,,0.700,1,3972.8
5610,5,130,edge-2,2,edge,0.0,0.0000,0.0100,0,1.691,,1,1.0000,,0.700,0,3019.8
5611,5,130,edge-2,2,edge,100.0,0.0800,0.0100,14,2.341,1.0000,1,0.9851,,0.700,0,3019.8
5612,5,130,edge-2,2,edge,200.0,0.2000,0.0100,66,3.591,1.0000,1,0.9661,,0.700,0,3019.8
5613,5,130,edge-2,2,edge,300.0,0.2000,0.0100,68,3.641,1.0000,1,0.9470,,0.700,0,3019.8
5614,5,130,edge-2,2,edge,400.0,0.2000,0.0100,61,3.491,1.0000,1,0.9280,,0.700,0,3019.8
5615,5,130,edge-2,2,edge,500.0,0.2000,0.0100,64,3.546,1.0000,1,0.9089,,0.700,0,3019.8
5616,5,130,edge-2,2,edge,600.0,0.2024,0.0100,129,4.674,1.0000,2,0.8899,,0.700,0,3019.8
5617,5,130,edge-2,2,edge,700.0,0.2000,0.0100,63,3.489,1.0000,3,0.8708,,0.700,0,3019.8
5618,5,130,edge-2,2,edge,800.0,0.2022,0.0100,123,4.564,1.0000,4,0.8518,,0.700,0,3019.8
5619,5,130,edge-2,2,edge,900.0,0.2000,0.0100,58,3.316,1.0000,5,0.8328,,0.700,0,3019.8
5620,5,130,edge-2,2,edge,1000.0,0.2000,0.0100,66,3.511,1.0000,4,0.8137,,0.700,0,3019.8
5621,5,130,edge-2,2,edge,1100.0,0.2000,0.0100,66,3.629,1.0000,4,0.7947,,0.700,0,3019.8
5622,5,130,edge-2,2,edge,1200.0,0.2000,0.0100,66,3.749,1.0000,4,0.7756,,0.700,0,3019.8
5623,5,130,edge-2,2,edge,1300.0,0.2000,0.0100,70,3.758,1.0000,4,0.7566,,0.700,0,3019.8
5624,5,130,edge-2,2,edge,1400.0,0.2000,0.0100,68,3.708,1.0000,3,0.7375,,0.700,0,3019.8
5625,5,130,edge-2,2,edge,1500.0,0.2000,0.0100,95,4.279,1.0000,4,0.7185,,0.700,0,3019.8
5626,5,130,edge-2,2,edge,1600.0,0.2000,0.0100,96,4.329,1.0000,3,0.6994,,0.700,0,3019.8
5627,5,130,edge-2,2,edge,1700.0,0.2000,0.0100,83,3.979,1.0000,2,0.6804,,0.700,0,3019.8
5628,5,130,edge-2,2,edge,1800.0,0.2000,0.0100,87,4.079,1.0000,1,0.6613,,0.700,0,3019.8
5629,5,130,edge-2,2,edge,1900.0,0.2000,0.0100,66,3.768,1.0000,2,0.6423,,0.700,0,3019.8
5630,5,130,edge-2,2,edge,2000.0,0.2000,0.0100,66,3.768,1.0000,1,0.6232,,0.700,0,3019.8
5631,5,130,edge-2,2,edge,2100.0,0.2000,0.0100,61,3.668,1.0000,1,0.6042,,0.700,0,3019.8
5632,5,130,edge-2,2,edge,2200.0,0.2000,0.0100,70,3.868,1.0000,1,0.5851,,0.700,0,3019.8
5633,5,130,edge-2,2,edge,2300.0,0.2000,0.0100,64,3.718,1.0000,1,0.5661,,0.700,0,3019.8
5634,5,130,edge-2,2,edge,2400.0,0.2000,0.0100,66,3.768,1.0000,0,0.5470,,0.700,0,3019.8
5635,5,130,edge-2,2,edge,2500.0,0.2000,0.0100,98,4.642,1.0000,1,0.5280,,0.700,0,3019.8
5636,5,130,edge-2,2,edge,2600.0,0.2014,0.0100,130,5.042,1.0000,1,0.5089,,0.700,0,3019.8
5637,5,130,edge-2,2,edge,2700.0,0.2015,0.0100,122,4.842,1.0000,1,0.4899,,0.700,0,3019.8
5638,5,130,edge-2,2,edge,2800.0,0.2000,0.0100,61,3.473,1.0000,2,0.4708,,0.700,0,3019.8
5639,5,130,edge-2,2,edge,2900.0,0.2014,0.0100,123,4.788,1.0000,3,0.4518,,0.700,1,3019.8
5640,5,130,edge-2,2,edge,3000.0,0.2000,0.0100,66,3.589,1.0000,3,0.4328,,0.700,1,3019.8
5641,5,134,edge-3,2,edge,0.0,0.0000,0.0100,0,1.823,,1,1.0000,,0.700,0,2700.4
5642,5,134,edge-3,2,edge,100.0,0.0800,0.0100,17,2.523,1.0000,1,0.9851,,0.700,0,2700.4
5643,5,134,edge-3,2,edge,200.0,0.2011,0.0100,109,4.651,1.0000,2,0.9661,,0.700,0,2700.4
5644,5,134,edge-3,2,edge,300.0,0.2000,0.0100,66,3.647,1.0000,3,0.9470,,0.700,0,2700.4
5645,5,134,edge-3,2,edge,400.0,0.2000,0.0100,64,3.597,1.0000,3,0.9280,,0.700,0,2700.4
5646,5,134,edge-3,2,edge,500.0,0.2000,0.0100,64,3.597,1.0000,2,0.9089,,0.700,0,2700.4
5647,5,134,edge-3,2,edge,600.0,0.2000,0.0100,68,3.697,1.0000,2,0.8899,,0.700,0,2700.4
5648,5,134,edge-3,2,edge,700.0,0.2000,0.0100,68,3.937,1.0000,1,0.8708,,0.700,0,2700.4
5649,5,134,edge-3,2,edge,800.0,0.2000,0.0100,68,3.650,1.0000,0,0.8518,,0.700,0,2700.4
5650,5,134,edge-3,2,edge,900.0,0.2000,0.0100,81,3.899,1.0000,1,0.8328,,0.700,0,2700.4
5651,5,134,edge-3,2,edge,1000.0,0.2000,0.0100,83,3.999,1.0000,1,0.8137,,0.700,0,2700.4
5652,5,134,edge-3,2,edge,1100.0,0.2000,0.0100,66,3.780,1.0000,2,0.7947,,0.700,0,2700.4
5653,5,134,edge-3,2,edge,1200.0,0.2000,0.0100,59,3.630,1.0000,2,0.7756,,0.700,0,2700.4
5654,5,134,edge-3,2,edge,1300.0,0.2000,0.0100,66,3.780,1.0000,2,0.7566,,0.700,0,2700.4
5655,5,134,edge-3,2,edge,1400.0,0.2000,0.0100,68,3.650,1.0000,2,0.7375,,0.700,0,2700.4
5656,5,134,edge-3,2,edge,1500.0,0.2000,0.0100,66,3.756,1.0000,3,0.7185,,0.700,0,2700.4
5657,5,134,edge-3,2,edge,1600.0,0.2000,0.0100,68,3.636,1.0000,3,0.6994,,0.700,0,2700.4
5658,5,134,edge-3,2,edge,1700.0,0.2000,0.0100,68,3.636,1.0000,3,0.6804,,0.700,0,2700.4
5659,5,134,edge-3,2,edge,1800.0,0.2000,0.0100,66,3.768,1.0000,4,0.6613,,0.700,0,2700.4
5660,5,134,edge-3,2,edge,1900.0,0.2000,0.0100,64,3.501,1.0000,4,0.6423,,0.700,0,2700.4
5661,5,134,edge-3,2,edge,2000.0,0.2000,0.0100,66,3.582,1.0000,4,0.6232,,0.700,0,2700.4
5662,5,134,edge-3,2,edge,2100.0,0.2000,0.0100,68,3.632,1.0000,3,0.6042,,0.700,0,2700.4
5663,5,134,edge-3,2,edge,2200.0,0.2000,0.0100,68,3.652,1.0000,4,0.5851,,0.700,0,2700.4
5664,5,134,edge-3,2,edge,2300.0,0.2000,0.0100,70,3.888,1.0000,4,0.5661,,0.700,0,2700.4
5665,5,134,edge-3,2,edge,2400.0,0.2000,0.0100,68,3.838,1.0000,3,0.5470,,0.700,0,2700.4
5666,5,134,edge-3,2,edge,2500.0,0.2000,0.0100,64,3.738,1.0000,2,0.5280,,0.700,0,2700.4
5667,5,134,edge-3,2,edge,2600.0,0.2000,0.0100,66,3.788,1.0000,2,0.5089,,0.700,1,2700.4
5668,5,134,edge-3,2,edge,2700.0,0.2000,0.0100,68,3.838,1.0000,1,0.4899,,0.700,1,2700.4
5669,5,138,edge-4,2,edge,0.0,0.0000,0.0100,0,2.062,,1,1.0000,,0.700,0,
5670,5,138,edge-4,2,edge,100.0,0.0800,0.0100,17,2.762,1.0000,1,0.9851,,0.700,0,
5671,5,138,edge-4,2,edge,200.0,0.2000,0.0100,64,3.912,1.0000,1,0.9661,,0.700,0,
5672,5,138,edge-4,2,edge,300.0,0.2000,0.0100,70,3.865,1.0000,2,0.9470,,0.700,0,
5673,5,138,edge-4,2,edge,400.0,0.2000,0.0100,85,3.983,1.0000,3,0.9280,,0.700,0,
5674,5,138,edge-4,2,edge,500.0,0.2000,0.0100,78,3.783,1.0000,2,0.9089,,0.700,0,
5675,5,138,edge-4,2,edge,600.0,0.2011,0.0100,109,4.345,1.0000,3,0.8899,,0.700,0,
5676,5,138,edge-4,2,edge,700.0,0.2003,0.0100,78,3.844,1.0000,4,0.8708,,0.700,0,
5677,5,138,edge-4,2,edge,800.0,0.2003,0.0100,83,3.994,1.0000,3,0.8518,,0.700,0,
5678,5,138,edge-4,2,edge,900.0,0.2003,0.0100,85,3.994,1.0000,2,0.8328,,0.700,0,
5679,5,138,edge-4,2,edge,1000.0,0.2001,0.0100,80,4.106,1.0000,2,0.8137,,0.700,0,
5680,5,138,edge-4,2,edge,1100.0,0.2001,0.0100,75,3.906,1.0000,1,0.7947,,0.700,0,
5681,5,138,edge-4,2,edge,1200.0,0.2003,0.0100,82,4.061,1.0000,0,0.7756,,0.700,0,
5682,5,138,edge-4,2,edge,1300.0,0.2003,0.0100,82,4.061,1.0000,0,0.7566,,0.700,0,
5683,5,138,edge-4,2,edge,1400.0,0.2003,0.0100,83,4.111,1.0000,0,0.7375,,0.700,0,
5684,5,138,edge-4,2,edge,1500.0,0.2000,0.0100,68,3.884,1.0000,1,0.7185,,0.700,0,
5685,5,138,edge-4,2,edge,1600.0,0.2000,0.0100,66,3.595,1.0000,1,0.6994,,0.700,0,
5686,5,138,edge-4,2,edge,1700.0,0.2000,0.0100,68,3.645,1.0000,1,0.6804,,0.700,0,
5687,5,138,edge-4,2,edge,1800.0,0.2000,0.0100,61,3.495,1.0000,1,0.6613,,0.700,0,
5688,5,138,edge-4,2,edge,1900.0,0.2000,0.0100,68,3.902,1.0000,2,0.6423,,0.700,0,
5689,5,138,edge-4,2,edge,2000.0,0.2000,0.0100,64,3.802,1.0000,1,0.6232,,0.700,0,
5690,5,138,edge-4,2,edge,2100.0,0.2000,0.0100,70,3.952,1.0000,1,0.6042,,0.700,0,
5691,5,138,edge-4,2,edge,2200.0,0.2000,0.0100,66,3.852,1.0000,1,0.5851,,0.700,0,
5692,5,138,edge-4,2,edge,2300.0,0.2000,0.0100,66,3.852,1.0000,1,0.5661,,0.700,0,
5693,5,138,edge-4,2,edge,2400.0,0.2000,0.0100,64,3.802,1.0000,0,0.5470,,0.700,0,
5694,5,138,edge-4,2,edge,2500.0,0.2000,0.0100,64,3.802,1.0000,0,0.5280,,0.700,0,
5695,5,138,edge-4,2,edge,2600.0,0.2000,0.0100,64,3.802,1.0000,0,0.5089,,0.700,0,
5696,5,138,edge-4,2,edge,2700.0,0.2000,0.0100,66,3.852,1.0000,0,0.4899,,0.700,0,
5697,5,138,edge-4,2,edge,2800.0,0.2000,0.0100,61,3.397,1.0000,1,0.4708,,0.700,0,
5698,5,138,edge-4,2,edge,2900.0,0.2000,0.0100,70,3.710,1.0000,2,0.4518,,0.700,0,
5699,5,138,edge-4,2,edge,3000.0,0.2000,0.0100,66,3.655,1.0000,3,0.4328,,0.700,0,
5700,5,138,edge-4,2,edge,3100.0,0.2000,0.0100,59,3.505,1.0000,3,0.4137,,0.700,0,
5701,5,138,edge-4,2,edge,3200.0,0.2000,0.0100,66,3.655,1.0000,3,0.3947,,0.700,0,
5702,5,138,edge-4,2,edge,3300.0,0.2000,0.0100,141,5.633,1.0000,3,0.3756,,0.700,0,
5703,5,138,edge-4,2,edge,3400.0,0.2000,0.0100,116,4.933,1.0000,2,0.3566,,0.700,0,
5704,5,138,edge-4,2,edge,3500.0,0.2000,0.0100,84,4.033,1.0000,1,0.3375,,0.700,0,
5705,5,138,edge-4,2,edge,3600.0,0.2000,0.0100,79,3.883,1.0000,1,0.3185,,0.700,0,
5706,5,138,edge-4,2,edge,3700.0,0.2000,0.0100,78,3.833,1.0000,1,0.2994,,0.700,0,
5707,5,138,edge-4,2,edge,3800.0,0.2000,0.0100,68,3.641,1.0000,1,0.2804,,0.700,0,
5708,5,138,edge-4,2,edge,3900.0,0.2000,0.0100,57,3.391,1.0000,1,0.2613,,0.700,0,
5709,5,138,edge-4,2,edge,4000.0,0.2000,0.0100,70,3.691,1.0000,1,0.2423,,0.700,0,
5710,5,138,edge-4,2,edge,4100.0,0.2000,0.0100,64,3.558,1.0000,2,0.2232,,0.700,0,
5711,5,138,edge-4,2,edge,4200.0,0.2000,0.0100,66,3.592,1.0000,2,0.2042,,0.700,0,
5712,5,138,edge-4,2,edge,4300.0,0.2006,0.0100,91,4.270,1.0000,2,0.1851,,0.700,0,
5713,5,138,edge-4,2,edge,4400.0,0.2014,0.0100,123,4.850,1.0000,2,0.1661,,0.700,0,
5714,5,138,edge-4,2,edge,4500.0,0.2015,0.0100,129,5.000,1.0000,2,0.1470,,0.700,0,
5715,5,138,edge-4,2,edge,4600.0,0.2017,0.0100,120,4.776,1.0000,1,0.1280,,0.700,0,
5716,5,138,edge-4,2,edge,4700.0,0.2000,0.0100,70,3.626,1.0000,2,0.1089,,0.700,0,
5717,5,138,edge-4,2,edge,4800.0,0.2010,0.0100,100,4.344,1.0000,2,0.0899,,0.700,0,
5718,5,138,edge-4,2,edge,4900.0,0.2010,0.0100,103,4.325,1.0000,3,0.0708,,0.700,0,
5719,5,138,edge-4,2,edge,5000.0,0.2000,0.0100,64,3.465,1.0000,4,0.0518,,0.700,0,
5720,5,142,edge-5,2,edge,0.0,0.0000,0.0100,0,2.058,,1,1.0000,,0.700,0,4170.4
5721,5,142,edge-5,2,edge,100.0,0.0800,0.0100,14,2.708,1.0000,1,0.9851,,0.700,0,4170.4
5722,5,142,edge-5,2,edge,200.0,0.2000,0.0100,70,4.058,1.0000,1,0.9661,,0.700,0,4170.4
5723,5,142,edge-5,2,edge,300.0,0.2000,0.0100,64,3.908,1.0000,1,0.9470,,0.700,0,4170.4
5724,5,142,edge-5,2,edge,400.0,0.2000,0.0100,70,3.797,1.0000,1,0.9280,,0.700,0,4170.4
5725,5,142,edge-5,2,edge,500.0,0.2025,0.0100,141,5.142,1.0000,1,0.9089,,0.700,0,4170.4
5726,5,142,edge-5,2,edge,600.0,0.2003,0.0100,72,3.834,1.0000,2,0.8899,,0.700,0,4170.4
5727,5,142,edge-5,2,edge,700.0,0.2000,0.0100,79,3.912,1.0000,3,0.8708,,0.700,0,4170.4
5728,5,142,edge-5,2,edge,800.0,0.2000,0.0100,68,3.825,1.0000,4,0.8518,,0.700,0,4170.4
5729,5,142,edge-5,2,edge,900.0,0.2000,0.0100,70,3.875,1.0000,4,0.8328,,0.700,0,4170.4
5730,5,142,edge-5,2,edge,1000.0,0.2000,0.0100,66,3.775,1.0000,3,0.8137,,0.700,0,4170.4
5731,5,142,edge-5,2,edge,1100.0,0.2024,0.0100,130,4.859,1.0000,3,0.7947,,0.700,0,4170.4
5732,5,142,edge-5,2,edge,1200.0,0.2000,0.0100,65,3.761,1.0000,3,0.7756,,0.700,0,4170.4
5733,5,142,edge-5,2,edge,1300.0,0.2000,0.0100,66,3.806,1.0000,2,0.7566,,0.700,0,4170.4
5734,5,142,edge-5,2,edge,1400.0,0.2000,0.0100,70,3.960,1.0000,2,0.7375,,0.700,0,4170.4
5735,5,142,edge-5,2,edge,1500.0,0.2000,0.0100,86,4.087,1.0000,3,0.7185,,0.700,0,4170.4
5736,5,142,edge-5,2,edge,1600.0,0.2000,0.0100,61,3.487,1.0000,2,0.6994,,0.700,0,4170.4
5737,5,142,edge-5,2,edge,1700.0,0.2000,0.0100,96,4.387,1.0000,1,0.6804,,0.700,0,4170.4
5738,5,142,edge-5,2,edge,1800.0,0.2000,0.0100,83,4.037,1.0000,1,0.6613,,0.700,0,4170.4
5739,5,142,edge-5,2,edge,1900.0,0.2000,0.0100,77,3.837,1.0000,1,0.6423,,0.700,0,4170.4
5740,5,142,edge-5,2,edge,2000.0,0.2000,0.0100,89,4.287,1.0000,0,0.6232,,0.700,0,4170.4
5741,5,142,edge-5,2,edge,2100.0,0.2000,0.0100,78,3.887,1.0000,0,0.6042,,0.700,0,4170.4
5742,5,142,edge-5,2,edge,2200.0,0.2000,0.0100,66,3.591,1.0000,1,0.5851,,0.700,0,4170.4
5743,5,142,edge-5,2,edge,2300.0,0.2000,0.0100,64,3.541,1.0000,1,0.5661,,0.700,0,4170.4
5744,5,142,edge-5,2,edge,2400.0,0.2000,0.0100,64,3.541,1.0000,1,0.5470,,0.700,0,4170.4
5745,5,142,edge-5,2,edge,2500.0,0.2000,0.0100,66,3.591,1.0000,1,0.5280,,0.700,0,4170.4
5746,5,142,edge-5,2,edge,2600.0,0.2000,0.0100,64,3.541,1.0000,1,0.5089,,0.700,0,4170.4
5747,5,142,edge-5,2,edge,2700.0,0.2000,0.0100,54,3.341,1.0000,0,0.4899,,0.700,0,4170.4
5748,5,142,edge-5,2,edge,2800.0,0.2000,0.0100,70,3.788,1.0000,1,0.4708,,0.700,0,4170.4
5749,5,142,edge-5,2,edge,2900.0,0.2000,0.0100,57,3.301,1.0000,2,0.4518,,0.700,0,4170.4
5750,5,142,edge-5,2,edge,3000.0,0.2000,0.0100,97,4.330,1.0000,3,0.4328,,0.700,0,4170.4
5751,5,142,edge-5,2,edge,3100.0,0.2000,0.0100,68,3.748,1.0000,4,0.4137,,0.700,0,4170.4
5752,5,142,edge-5,2,edge,3200.0,0.2000,0.0100,66,3.458,1.0000,5,0.3947,,0.700,0,4170.4
5753,5,142,edge-5,2,edge,3300.0,0.2000,0.0100,64,3.632,1.0000,4,0.3756,,0.700,0,4170.4
5754,5,142,edge-5,2,edge,3400.0,0.2000,0.0100,66,3.682,1.0000,3,0.3566,,0.700,0,4170.4
5755,5,142,edge-5,2,edge,3500.0,0.2000,0.0100,66,3.682,1.0000,2,0.3375,,0.700,0,4170.4
5756,5,142,edge-5,2,edge,3600.0,0.2000,0.0100,68,3.732,1.0000,1,0.3185,,0.700,0,4170.4
5757,5,142,edge-5,2,edge,3700.0,0.2000,0.0100,70,3.685,1.0000,1,0.2994,,0.700,0,4170.4
5758,5,142,edge-5,2,edge,3800.0,0.2000,0.0100,66,3.585,1.0000,1,0.2804,,0.700,0,4170.4
5759,5,142,edge-5,2,edge,3900.0,0.2000,0.0100,68,3.635,1.0000,1,0.2613,,0.700,0,4170.4
5760,5,142,edge-5,2,edge,4000.0,0.2000,0.0100,66,3.585,1.0000,1,0.2423,,0.700,1,4170.4
5761,5,142,edge-5,2,edge,4100.0,0.2000,0.0100,66,3.585,1.0000,1,0.2232,,0.700,1,4170.4
5762,5,146,edge-6,2,edge,0.0,0.0000,0.0100,0,1.642,,1,1.0000,,0.700,0,3419.1
5763,5,146,edge-6,2,edge,100.0,0.0800,0.0100,17,2.342,1.0000,1,0.9851,,0.700,0,3419.1
5764,5,146,edge-6,2,edge,200.0,0.2000,0.0100,70,3.642,1.0000,1,0.9661,,0.700,0,3419.1
5765,5,146,edge-6,2,edge,300.0,0.2000,0.0100,68,3.592,1.0000,1,0.9470,,0.700,0,3419.1
5766,5,146,edge-6,2,edge,400.0,0.2000,0.0100,61,3.442,1.0000,1,0.9280,,0.700,0,3419.1
5767,5,146,edge-6,2,edge,500.0,0.2000,0.0100,64,3.638,1.0000,1,0.9089,,0.700,0,3419.1
5768,5,146,edge-6,2,edge,600.0,0.2000,0.0100,64,3.638,1.0000,1,0.8899,,0.700,0,3419.1
5769,5,146,edge-6,2,edge,700.0,0.2000,0.0100,68,3.738,1.0000,1,0.8708,,0.700,0,3419.1
5770,5,146,edge-6,2,edge,800.0,0.2000,0.0100,68,3.738,1.0000,1,0.8518,,0.700,0,3419.1
5771,5,146,edge-6,2,edge,900.0,0.2000,0.0100,68,3.738,1.0000,1,0.8328,,0.700,0,3419.1
5772,5,146,edge-6,2,edge,1000.0,0.2000,0.0100,68,3.738,1.0000,0,0.8137,,0.700,0,3419.1
5773,5,146,edge-6,2,edge,1100.0,0.2000,0.0100,66,3.688,1.0000,0,0.7947,,0.700,0,3419.1
5774,5,146,edge-6,2,edge,1200.0,0.2000,0.0100,66,3.688,1.0000,0,0.7756,,0.700,0,3419.1
5775,5,146,edge-6,2,edge,1300.0,0.2000,0.0100,68,3.738,1.0000,0,0.7566,,0.700,0,3419.1
5776,5,146,edge-6,2,edge,1400.0,0.2000,0.0100,64,3.541,1.0000,1,0.7375,,0.700,0,3419.1
5777,5,146,edge-6,2,edge,1500.0,0.2000,0.0100,64,3.541,1.0000,1,0.7185,,0.700,0,3419.1
5778,5,146,edge-6,2,edge,1600.0,0.2000,0.0100,70,3.691,1.0000,1,0.6994,,0.700,0,3419.1
5779,5,146,edge-6,2,edge,1700.0,0.2000,0.0100,66,3.591,1.0000,1,0.6804,,0.700,0,3419.1
5780,5,146,edge-6,2,edge,1800.0,0.2000,0.0100,66,3.719,1.0000,2,0.6613,,0.700,0,3419.1
5781,5,146,edge-6,2,edge,1900.0,0.2000,0.0100,64,3.460,1.0000,2,0.6423,,0.700,0,3419.1
5782,5,146,edge-6,2,edge,2000.0,0.2000,0.0100,68,3.861,1.0000,2,0.6232,,0.700,0,3419.1
5783,5,146,edge-6,2,edge,2100.0,0.2000,0.0100,68,3.861,1.0000,2,0.6042,,0.700,0,3419.1
5784,5,146,edge-6,2,edge,2200.0,0.2000,0.0100,68,3.544,1.0000,2,0.5851,,0.700,0,3419.1
5785,5,146,edge-6,2,edge,2300.0,0.2000,0.0100,66,3.667,1.0000,2,0.5661,,0.700,0,3419.1
5786,5,146,edge-6,2,edge,2400.0,0.2000,0.0100,68,3.748,1.0000,2,0.5470,,0.700,0,3419.1
5787,5,146,edge-6,2,edge,2500.0,0.2000,0.0100,66,3.476,1.0000,3,0.5280,,0.700,0,3419.1
5788,5,146,edge-6,2,edge,2600.0,0.2000,0.0100,64,3.507,1.0000,4,0.5089,,0.700,0,3419.1
5789,5,146,edge-6,2,edge,2700.0,0.2000,0.0100,88,4.310,1.0000,5,0.4899,,0.700,0,3419.1
5790,5,146,edge-6,2,edge,2800.0,0.2000,0.0100,89,4.360,1.0000,4,0.4708,,0.700,0,3419.1
5791,5,146,edge-6,2,edge,2900.0,0.2000,0.0100,68,3.467,1.0000,4,0.4518,,0.700,0,3419.1
5792,5,146,edge-6,2,edge,3000.0,0.2000,0.0100,66,3.728,1.0000,4,0.4328,,0.700,0,3419.1
5793,5,146,edge-6,2,edge,3100.0,0.2000,0.0100,97,4.455,1.0000,4,0.4137,,0.700,0,3419.1
5794,5,146,edge-6,2,edge,3200.0,0.2000,0.0100,70,3.835,1.0000,4,0.3947,,0.700,0,3419.1
5795,5,146,edge-6,2,edge,3300.0,0.2000,0.0100,70,3.835,1.0000,4,0.3756,,0.700,1,3419.1
5796,5,146,edge-6,2,edge,3400.0,0.2000,0.0100,68,3.584,1.0000,4,0.3566,,0.700,1,3419.1
5797,5,150,edge-7,2,edge,0.0,0.0000,0.0100,0,1.828,,1,1.0000,,0.700,0,2725.7
5798,5,150,edge-7,2,edge,100.0,0.0800,0.0100,17,2.528,1.0000,1,0.9851,,0.700,0,2725.7
5799,5,150,edge-7,2,edge,200.0,0.2000,0.0100,66,3.728,1.0000,1,0.9661,,0.700,0,2725.7
5800,5,150,edge-7,2,edge,300.0,0.2000,0.0100,68,4.012,1.0000,2,0.9470,,0.700,0,2725.7
5801,5,150,edge-7,2,edge,400.0,0.2000,0.0100,64,3.912,1.0000,2,0.9280,,0.700,0,2725.7
5802,5,150,edge-7,2,edge,500.0,0.2000,0.0100,61,3.862,1.0000,1,0.9089,,0.700,0,2725.7
5803,5,150,edge-7,2,edge,600.0,0.2000,0.0100,68,4.012,1.0000,1,0.8899,,0.700,0,2725.7
5804,5,150,edge-7,2,edge,700.0,0.2000,0.0100,64,3.912,1.0000,1,0.8708,,0.700,0,2725.7
5805,5,150,edge-7,2,edge,800.0,0.2000,0.0100,66,3.962,1.0000,0,0.8518,,0.700,0,2725.7
5806,5,150,edge-7,2,edge,900.0,0.2000,0.0100,70,4.062,1.0000,0,0.8328,,0.700,0,2725.7
5807,5,150,edge-7,2,edge,1000.0,0.2000,0.0100,61,3.505,1.0000,0,0.8137,,0.700,0,2725.7
5808,5,150,edge-7,2,edge,1100.0,0.2000,0.0100,66,3.605,1.0000,0,0.7947,,0.700,0,2725.7
5809,5,150,edge-7,2,edge,1200.0,0.2000,0.0100,66,3.605,1.0000,0,0.7756,,0.700,0,2725.7
5810,5,150,edge-7,2,edge,1300.0,0.2000,0.0100,70,3.705,1.0000,0,0.7566,,0.700,0,2725.7
5811,5,150,edge-7,2,edge,1400.0,0.2000,0.0100,66,3.734,1.0000,1,0.7375,,0.700,0,2725.7
5812,5,150,edge-7,2,edge,1500.0,0.2000,0.0100,64,3.684,1.0000,1,0.7185,,0.700,0,2725.7
5813,5,150,edge-7,2,edge,1600.0,0.2000,0.0100,68,3.601,1.0000,2,0.6994,,0.700,0,2725.7
5814,5,150,edge-7,2,edge,1700.0,0.2000,0.0100,59,3.401,1.0000,2,0.6804,,0.700,0,2725.7
5815,5,150,edge-7,2,edge,1800.0,0.2000,0.0100,68,3.803,1.0000,3,0.6613,,0.700,0,2725.7
5816,5,150,edge-7,2,edge,1900.0,0.2000,0.0100,66,3.753,1.0000,2,0.6423,,0.700,0,2725.7
5817,5,150,edge-7,2,edge,2000.0,0.2000,0.0100,66,3.753,1.0000,2,0.6232,,0.700,0,2725.7
5818,5,150,edge-7,2,edge,2100.0,0.2000,0.0100,57,3.519,1.0000,2,0.6042,,0.700,0,2725.7
5819,5,150,edge-7,2,edge,2200.0,0.2000,0.0100,64,3.669,1.0000,2,0.5851,,0.700,0,2725.7
5820,5,150,edge-7,2,edge,2300.0,0.2000,0.0100,68,3.769,1.0000,1,0.5661,,0.700,0,2725.7
5821,5,150,edge-7,2,edge,2400.0,0.2000,0.0100,66,3.719,1.0000,1,0.5470,,0.700,0,2725.7
5822,5,150,edge-7,2,edge,2500.0,0.2000,0.0100,68,3.526,1.0000,2,0.5280,,0.700,0,2725.7
5823,5,150,edge-7,2,edge,2600.0,0.2000,0.0100,61,3.376,1.0000,1,0.5089,,0.700,1,2725.7
5824,5,150,edge-7,2,edge,2700.0,0.2000,0.0100,64,3.426,1.0000,1,0.4899,,0.700,1,2725.7
5825,5,154,edge-8,2,edge,0.0,0.0000,0.0100,0,1.888,,1,1.0000,,0.700,0,2260.6
5826,5,154,edge-8,2,edge,100.0,0.0800,0.0100,17,2.588,1.0000,1,0.9851,,0.700,0,2260.6
5827,5,154,edge-8,2,edge,200.0,0.2000,0.0100,68,3.838,1.0000,1,0.9661,,0.700,0,2260.6
5828,5,154,edge-8,2,edge,300.0,0.2000,0.0100,66,3.788,1.0000,1,0.9470,,0.700,0,2260.6
5829,5,154,edge-8,2,edge,400.0,0.2000,0.0100,66,3.788,1.0000,1,0.9280,,0.700,0,2260.6
5830,5,154,edge-8,2,edge,500.0,0.2000,0.0100,61,3.528,1.0000,1,0.9089,,0.700,0,2260.6
5831,5,154,edge-8,2,edge,600.0,0.2000,0.0100,70,3.728,1.0000,1,0.8899,,0.700,0,2260.6
5832,5,154,edge-8,2,edge,700.0,0.2000,0.0100,66,3.628,1.0000,1,0.8708,,0.700,0,2260.6
5833,5,154,edge-8,2,edge,800.0,0.2000,0.0100,66,3.628,1.0000,1,0.8518,,0.700,0,2260.6
5834,5,154,edge-8,2,edge,900.0,0.2000,0.0100,61,3.509,1.0000,1,0.8328,,0.700,0,2260.6
5835,5,154,edge-8,2,edge,1000.0,0.2000,0.0100,66,3.440,1.0000,1,0.8137,,0.700,0,2260.6
5836,5,154,edge-8,2,edge,1100.0,0.2000,0.0100,64,3.390,1.0000,1,0.7947,,0.700,0,2260.6
5837,5,154,edge-8,2,edge,1200.0,0.2000,0.0100,64,3.610,1.0000,2,0.7756,,0.700,0,2260.6
5838,5,154,edge-8,2,edge,1300.0,0.2000,0.0100,66,3.436,1.0000,3,0.7566,,0.700,0,2260.6
5839,5,154,edge-8,2,edge,1400.0,0.2000,0.0100,70,4.016,1.0000,3,0.7375,,0.700,0,2260.6
5840,5,154,edge-8,2,edge,1500.0,0.2000,0.0100,68,3.966,1.0000,2,0.7185,,0.700,0,2260.6
5841,5,154,edge-8,2,edge,1600.0,0.2000,0.0100,68,3.966,1.0000,2,0.6994,,0.700,0,2260.6
5842,5,154,edge-8,2,edge,1700.0,0.2000,0.0100,113,5.289,1.0000,2,0.6804,,0.700,0,2260.6
5843,5,154,edge-8,2,edge,1800.0,0.2003,0.0100,103,4.894,1.0000,1,0.6613,,0.700,0,2260.6
5844,5,154,edge-8,2,edge,1900.0,0.2000,0.0100,61,3.516,1.0000,2,0.6423,,0.700,0,2260.6
5845,5,154,edge-8,2,edge,2000.0,0.2000,0.0100,70,3.761,1.0000,2,0.6232,,0.700,0,2260.6
5846,5,154,edge-8,2,edge,2100.0,0.2000,0.0100,68,3.711,1.0000,2,0.6042,,0.700,1,2260.6
5847,5,154,edge-8,2,edge,2200.0,0.2000,0.0100,64,3.611,1.0000,1,0.5851,,0.700,1,2260.6
5848,5,158,edge-9,2,edge,0.0,0.0000,0.0100,0,2.062,,1,1.0000,,0.700,0,
5849,5,158,edge-9,2,edge,100.0,0.0800,0.0100,14,2.712,1.0000,1,0.9851,,0.700,0,
5850,5,158,edge-9,2,edge,200.0,0.2000,0.0100,66,3.962,1.0000,1,0.9661,,0.700,0,
5851,5,158,edge-9,2,edge,300.0,0.2000,0.0100,68,3.815,1.0000,2,0.9470,,0.700,0,
5852,5,158,edge-9,2,edge,400.0,0.2000,0.0100,85,3.983,1.0000,3,0.9280,,0.700,0,
5853,5,158,edge-9,2,edge,500.0,0.2000,0.0100,73,3.683,1.0000,2,0.9089,,0.700,0,
5854,5,158,edge-9,2,edge,600.0,0.2010,0.0100,104,4.290,1.0000,3,0.8899,,0.700,0,
5855,5,158,edge-9,2,edge,700.0,0.2003,0.0100,85,3.994,1.0000,4,0.8708,,0.700,0,
5856,5,158,edge-9,2,edge,800.0,0.2003,0.0100,88,4.094,1.0000,3,0.8518,,0.700,0,
5857,5,158,edge-9,2,edge,900.0,0.2003,0.0100,80,3.894,1.0000,2,0.8328,,0.700,0,
5858,5,158,edge-9,2,edge,1000.0,0.2003,0.0100,84,4.161,1.0000,2,0.8137,,0.700,0,
5859,5,158,edge-9,2,edge,1100.0,0.2003,0.0100,75,3.861,1.0000,1,0.7947,,0.700,0,
5860,5,158,edge-9,2,edge,1200.0,0.2003,0.0100,84,4.111,1.0000,0,0.7756,,0.700,0,
5861,5,158,edge-9,2,edge,1300.0,0.2001,0.0100,85,4.156,1.0000,0,0.7566,,0.700,0,
5862,5,158,edge-9,2,edge,1400.0,0.2003,0.0100,88,4.211,1.0000,0,0.7375,,0.700,0,
5863,5,158,edge-9,2,edge,1500.0,0.2000,0.0100,64,3.784,1.0000,1,0.7185,,0.700,0,
5864,5,158,edge-9,2,edge,1600.0,0.2000,0.0100,61,3.495,1.0000,1,0.6994,,0.700,0,
5865,5,158,edge-9,2,edge,1700.0,0.2000,0.0100,66,3.595,1.0000,1,0.6804,,0.700,0,
5866,5,158,edge-9,2,edge,1800.0,0.2000,0.0100,64,3.545,1.0000,1,0.6613,,0.700,0,
5867,5,158,edge-9,2,edge,1900.0,0.2000,0.0100,68,3.902,1.0000,2,0.6423,,0.700,0,
5868,5,158,edge-9,2,edge,2000.0,0.2000,0.0100,68,3.902,1.0000,1,0.6232,,0.700,0,
5869,5,158,edge-9,2,edge,2100.0,0.2000,0.0100,66,3.852,1.0000,1,0.6042,,0.700,0,
5870,5,158,edge-9,2,edge,2200.0,0.2000,0.0100,61,3.752,1.0000,1,0.5851,,0.700,0,
5871,5,158,edge-9,2,edge,2300.0,0.2000,0.0100,66,3.852,1.0000,1,0.5661,,0.700,0,
5872,5,158,edge-9,2,edge,2400.0,0.2000,0.0100,66,3.852,1.0000,0,0.5470,,0.700,0,
5873,5,158,edge-9,2,edge,2500.0,0.2000,0.0100,66,3.852,1.0000,0,0.5280,,0.700,0,
5874,5,158,edge-9,2,edge,2600.0,0.2000,0.0100,66,3.852,1.0000,0,0.5089,,0.700,0,
5875,5,158,edge-9,2,edge,2700.0,0.2000,0.0100,61,3.752,1.0000,0,0.4899,,0.700,0,
5876,5,158,edge-9,2,edge,2800.0,0.2000,0.0100,66,3.497,1.0000,1,0.4708,,0.700,0,
5877,5,158,edge-9,2,edge,2900.0,0.2000,0.0100,59,3.460,1.0000,2,0.4518,,0.700,0,
5878,5,158,edge-9,2,edge,3000.0,0.2000,0.0100,68,3.705,1.0000,3,0.4328,,0.700,0,
5879,5,158,edge-9,2,edge,3100.0,0.2000,0.0100,64,3.605,1.0000,3,0.4137,,0.700,0,
5880,5,158,edge-9,2,edge,3200.0,0.2000,0.0100,61,3.555,1.0000,3,0.3947,,0.700,0,
5881,5,158,edge-9,2,edge,3300.0,0.2000,0.0100,138,5.583,1.0000,3,0.3756,,0.700,0,
5882,5,158,edge-9,2,edge,3400.0,0.2000,0.0100,119,4.983,1.0000,2,0.3566,,0.700,0,
5883,5,158,edge-9,2,edge,3500.0,0.2000,0.0100,89,4.133,1.0000,1,0.3375,,0.700,0,
5884,5,158,edge-9,2,edge,3600.0,0.2000,0.0100,84,3.983,1.0000,1,0.3185,,0.700,0,
5885,5,158,edge-9,2,edge,3700.0,0.2000,0.0100,83,3.933,1.0000,1,0.2994,,0.700,0,
5886,5,158,edge-9,2,edge,3800.0,0.2000,0.0100,68,3.641,1.0000,1,0.2804,,0.700,0,
5887,5,158,edge-9,2,edge,3900.0,0.2000,0.0100,68,3.641,1.0000,1,0.2613,,0.700,0,
5888,5,158,edge-9,2,edge,4000.0,0.2000,0.0100,64,3.541,1.0000,1,0.2423,,0.700,0,
5889,5,158,edge-9,2,edge,4100.0,0.2000,0.0100,66,3.608,1.0000,2,0.2232,,0.700,0,
5890,5,158,edge-9,2,edge,4200.0,0.2000,0.0100,64,3.542,1.0000,2,0.2042,,0.700,0,
5891,5,158,edge-9,2,edge,4300.0,0.2008,0.0100,102,4.430,1.0000,2,0.1851,,0.700,0,
5892,5,158,edge-9,2,edge,4400.0,0.2014,0.0100,113,4.650,1.0000,2,0.1661,,0.700,0,
5893,5,158,edge-9,2,edge,4500.0,0.2015,0.0100,127,4.950,1.0000,2,0.1470,,0.700,0,
5894,5,158,edge-9,2,edge,4600.0,0.2013,0.0100,117,4.811,1.0000,1,0.1280,,0.700,0,
5895,5,158,edge-9,2,edge,4700.0,0.2000,0.0100,66,3.526,1.0000,2,0.1089,,0.700,0,
5896,5,158,edge-9,2,edge,4800.0,0.2010,0.0100,103,4.394,1.0000,2,0.0899,,0.700,0,
5897,5,158,edge-9,2,edge,4900.0,0.2010,0.0100,105,4.375,1.0000,3,0.0708,,0.700,0,
5898,5,158,edge-9,2,edge,5000.0,0.2000,0.0100,66,3.515,1.0000,4,0.0518,,0.700,0,
5899,5,162,edge-10,2,edge,0.0,0.0000,0.0100,0,2.058,,1,1.0000,,0.700,0,2392.5
5900,5,162,edge-10,2,edge,100.0,0.0800,0.0100,17,2.758,1.0000,1,0.9851,,0.700,0,2392.5
5901,5,162,edge-10,2,edge,200.0,0.2000,0.0100,64,3.908,1.0000,1,0.9661,,0.700,0,2392.5
5902,5,162,edge-10,2,edge,300.0,0.2000,0.0100,66,3.697,1.0000,1,0.9470,,0.700,0,2392.5
5903,5,162,edge-10,2,edge,400.0,0.2024,0.0100,135,5.037,1.0000,2,0.9280,,0.700,0,2392.5
5904,5,162,edge-10,2,edge,500.0,0.2003,0.0100,75,3.884,1.0000,2,0.9089,,0.700,0,2392.5
5905,5,162,edge-10,2,edge,600.0,0.2000,0.0100,81,3.962,1.0000,3,0.8899,,0.700,0,2392.5
5906,5,162,edge-10,2,edge,700.0,0.2000,0.0100,61,3.675,1.0000,4,0.8708,,0.700,0,2392.5
5907,5,162,edge-10,2,edge,800.0,0.2000,0.0100,66,3.775,1.0000,4,0.8518,,0.700,0,2392.5
5908,5,162,edge-10,2,edge,900.0,0.2000,0.0100,61,3.675,1.0000,3,0.8328,,0.700,0,2392.5
5909,5,162,edge-10,2,edge,1000.0,0.2022,0.0100,120,4.654,1.0000,3,0.8137,,0.700,0,2392.5
5910,5,162,edge-10,2,edge,1100.0,0.2000,0.0100,68,3.811,1.0000,3,0.7947,,0.700,0,2392.5
5911,5,162,edge-10,2,edge,1200.0,0.2000,0.0100,68,3.856,1.0000,2,0.7756,,0.700,0,2392.5
5912,5,162,edge-10,2,edge,1300.0,0.2000,0.0100,66,3.860,1.0000,2,0.7566,,0.700,0,2392.5
5913,5,162,edge-10,2,edge,1400.0,0.2000,0.0100,80,3.937,1.0000,3,0.7375,,0.700,0,2392.5
5914,5,162,edge-10,2,edge,1500.0,0.2000,0.0100,83,4.037,1.0000,2,0.7185,,0.700,0,2392.5
5915,5,162,edge-10,2,edge,1600.0,0.2000,0.0100,66,3.587,1.0000,1,0.6994,,0.700,0,2392.5
5916,5,162,edge-10,2,edge,1700.0,0.2000,0.0100,93,4.337,1.0000,1,0.6804,,0.700,0,2392.5
5917,5,162,edge-10,2,edge,1800.0,0.2000,0.0100,85,4.087,1.0000,1,0.6613,,0.700,0,2392.5
5918,5,162,edge-10,2,edge,1900.0,0.2000,0.0100,72,3.737,1.0000,0,0.6423,,0.700,0,2392.5
5919,5,162,edge-10,2,edge,2000.0,0.2000,0.0100,95,4.387,1.0000,0,0.6232,,0.700,0,2392.5
5920,5,162,edge-10,2,edge,2100.0,0.2000,0.0100,68,3.641,1.0000,1,0.6042,,0.700,0,2392.5
5921,5,162,edge-10,2,edge,2200.0,0.2000,0.0100,64,3.541,1.0000,1,0.5851,,0.700,1,2392.5
5922,5,162,edge-10,2,edge,2300.0,0.2000,0.0100,68,3.641,1.0000,1,0.5661,,0.700,1,2392.5
5923,5,166,edge-11,2,edge,0.0,0.0000,0.0100,0,1.701,,1,1.0000,,0.700,0,3302.7
5924,5,166,edge-11,2,edge,100.0,0.0806,0.0100,29,2.666,1.0000,1,0.9851,,0.700,0,3302.7
5925,5,166,edge-11,2,edge,200.0,0.2003,0.0100,72,3.670,1.0000,2,0.9661,,0.700,0,3302.7
5926,5,166,edge-11,2,edge,300.0,0.2000,0.0100,70,3.700,1.0000,3,0.9470,,0.700,0,3302.7
5927,5,166,edge-11,2,edge,400.0,0.2000,0.0100,66,3.580,1.0000,4,0.9280,,0.700,0,3302.7
5928,5,166,edge-11,2,edge,500.0,0.2000,0.0100,66,3.456,1.0000,4,0.9089,,0.700,0,3302.7
5929,5,166,edge-11,2,edge,600.0,0.2018,0.0100,107,4.281,1.0000,5,0.8899,,0.700,0,3302.7
5930,5,166,edge-11,2,edge,700.0,0.2021,0.0100,115,4.349,1.0000,5,0.8708,,0.700,0,3302.7
5931,5,166,edge-11,2,edge,800.0,0.2024,0.0100,125,4.509,1.0000,4,0.8518,,0.700,0,3302.7
5932,5,166,edge-11,2,edge,900.0,0.2024,0.0100,121,4.414,1.0000,3,0.8328,,0.700,0,3302.7
5933,5,166,edge-11,2,edge,1000.0,0.2024,0.0100,131,4.676,1.0000,3,0.8137,,0.700,0,3302.7
5934,5,166,edge-11,2,edge,1100.0,0.2025,0.0100,126,4.536,1.0000,2,0.7947,,0.700,0,3302.7
5935,5,166,edge-11,2,edge,1200.0,0.2027,0.0100,135,4.691,1.0000,1,0.7756,,0.700,0,3302.7
5936,5,166,edge-11,2,edge,1300.0,0.2000,0.0100,65,3.497,1.0000,2,0.7566,,0.700,0,3302.7
5937,5,166,edge-11,2,edge,1400.0,0.2000,0.0100,66,3.542,1.0000,2,0.7375,,0.700,0,3302.7
5938,5,166,edge-11,2,edge,1500.0,0.2000,0.0100,68,3.592,1.0000,1,0.7185,,0.700,0,3302.7
5939,5,166,edge-11,2,edge,1600.0,0.2000,0.0100,59,3.392,1.0000,1,0.6994,,0.700,0,3302.7
5940,5,166,edge-11,2,edge,1700.0,0.2000,0.0100,64,3.492,1.0000,1,0.6804,,0.700,0,3302.7
5941,5,166,edge-11,2,edge,1800.0,0.2000,0.0100,68,3.592,1.0000,0,0.6613,,0.700,0,3302.7
5942,5,166,edge-11,2,edge,1900.0,0.2000,0.0100,61,3.442,1.0000,0,0.6423,,0.700,0,3302.7
5943,5,166,edge-11,2,edge,2000.0,0.2000,0.0100,68,3.738,1.0000,1,0.6232,,0.700,0,3302.7
5944,5,166,edge-11,2,edge,2100.0,0.2000,0.0100,68,3.738,1.0000,1,0.6042,,0.700,0,3302.7
5945,5,166,edge-11,2,edge,2200.0,0.2000,0.0100,70,3.788,1.0000,1,0.5851,,0.700,0,3302.7
5946,5,166,edge-11,2,edge,2300.0,0.2000,0.0100,64,3.638,1.0000,1,0.5661,,0.700,0,3302.7
5947,5,166,edge-11,2,edge,2400.0,0.2000,0.0100,61,3.588,1.0000,1,0.5470,,0.700,0,3302.7
5948,5,166,edge-11,2,edge,2500.0,0.2000,0.0100,66,3.688,1.0000,0,0.5280,,0.700,0,3302.7
5949,5,166,edge-11,2,edge,2600.0,0.2000,0.0100,59,3.538,1.0000,0,0.5089,,0.700,0,3302.7
5950,5,166,edge-11,2,edge,2700.0,0.2000,0.0100,64,3.638,1.0000,0,0.4899,,0.700,0,3302.7
5951,5,166,edge-11,2,edge,2800.0,0.2000,0.0100,59,3.538,1.0000,0,0.4708,,0.700,0,3302.7
5952,5,166,edge-11,2,edge,2900.0,0.2000,0.0100,61,3.491,1.0000,1,0.4518,,0.700,0,3302.7
5953,5,166,edge-11,2,edge,3000.0,0.2000,0.0100,66,3.591,1.0000,1,0.4328,,0.700,0,3302.7
5954,5,166,edge-11,2,edge,3100.0,0.2000,0.0100,64,3.541,1.0000,1,0.4137,,0.700,0,3302.7
5955,5,166,edge-11,2,edge,3200.0,0.2000,0.0100,66,3.591,1.0000,1,0.3947,,0.700,1,3302.7
5956,5,166,edge-11,2,edge,3300.0,0.2000,0.0100,61,3.619,1.0000,2,0.3756,,0.700,1,3302.7
5957,5,170,edge-12,2,edge,0.0,0.0000,0.0100,0,1.828,,1,1.0000,,0.700,0,
5958,5,170,edge-12,2,edge,100.0,0.0800,0.0100,17,2.528,1.0000,1,0.9851,,0.700,0,
5959,5,170,edge-12,2,edge,200.0,0.2000,0.0100,64,3.912,1.0000,2,0.9661,,0.700,0,
5960,5,170,edge-12,2,edge,300.0,0.2000,0.0100,66,3.962,1.0000,2,0.9470,,0.700,0,
5961,5,170,edge-12,2,edge,400.0,0.2000,0.0100,61,3.862,1.0000,2,0.9280,,0.700,0,
5962,5,170,edge-12,2,edge,500.0,0.2000,0.0100,68,4.012,1.0000,1,0.9089,,0.700,0,
5963,5,170,edge-12,2,edge,600.0,0.2000,0.0100,61,3.862,1.0000,1,0.8899,,0.700,0,
5964,5,170,edge-12,2,edge,700.0,0.2000,0.0100,68,4.012,1.0000,0,0.8708,,0.700,0,
5965,5,170,edge-12,2,edge,800.0,0.2000,0.0100,66,3.962,1.0000,0,0.8518,,0.700,0,
5966,5,170,edge-12,2,edge,900.0,0.2000,0.0100,68,3.655,1.0000,0,0.8328,,0.700,0,
5967,5,170,edge-12,2,edge,1000.0,0.2000,0.0100,59,3.455,1.0000,0,0.8137,,0.700,0,
5968,5,170,edge-12,2,edge,1100.0,0.2000,0.0100,61,3.505,1.0000,0,0.7947,,0.700,0,
5969,5,170,edge-12,2,edge,1200.0,0.2000,0.0100,70,3.705,1.0000,0,0.7756,,0.700,0,
5970,5,170,edge-12,2,edge,1300.0,0.2000,0.0100,64,3.684,1.0000,1,0.7566,,0.700,0,
5971,5,170,edge-12,2,edge,1400.0,0.2000,0.0100,68,3.784,1.0000,1,0.7375,,0.700,0,
5972,5,170,edge-12,2,edge,1500.0,0.2000,0.0100,68,3.601,1.0000,2,0.7185,,0.700,0,
5973,5,170,edge-12,2,edge,1600.0,0.2000,0.0100,68,3.601,1.0000,2,0.6994,,0.700,0,
5974,5,170,edge-12,2,edge,1700.0,0.2000,0.0100,68,3.803,1.0000,3,0.6804,,0.700,0,
5975,5,170,edge-12,2,edge,1800.0,0.2000,0.0100,66,3.753,1.0000,2,0.6613,,0.700,0,
5976,5,170,edge-12,2,edge,1900.0,0.2000,0.0100,64,3.703,1.0000,2,0.6423,,0.700,0,
5977,5,170,edge-12,2,edge,2000.0,0.2000,0.0100,70,3.819,1.0000,2,0.6232,,0.700,0,
5978,5,170,edge-12,2,edge,2100.0,0.2000,0.0100,66,3.719,1.0000,2,0.6042,,0.700,0,
5979,5,170,edge-12,2,edge,2200.0,0.2000,0.0100,66,3.719,1.0000,1,0.5851,,0.700,0,
5980,5,170,edge-12,2,edge,2300.0,0.2000,0.0100,68,3.769,1.0000,1,0.5661,,0.700,0,
5981,5,170,edge-12,2,edge,2400.0,0.2000,0.0100,61,3.376,1.0000,2,0.5470,,0.700,0,
5982,5,170,edge-12,2,edge,2500.0,0.2000,0.0100,66,3.476,1.0000,1,0.5280,,0.700,0,
5983,5,170,edge-12,2,edge,2600.0,0.2000,0.0100,64,3.426,1.0000,1,0.5089,,0.700,0,
5984,5,170,edge-12,2,edge,2700.0,0.2000,0.0100,68,3.800,1.0000,2,0.4899,,0.700,0,
5985,5,170,edge-12,2,edge,2800.0,0.2000,0.0100,64,3.700,1.0000,2,0.4708,,0.700,0,
5986,5,170,edge-12,2,edge,2900.0,0.2000,0.0100,66,3.516,1.0000,2,0.4518,,0.700,0,
5987,5,170,edge-12,2,edge,3000.0,0.2024,0.0100,131,4.842,1.0000,3,0.4328,,0.700,0,
5988,5,170,edge-12,2,edge,3100.0,0.2000,0.0100,61,3.314,1.0000,4,0.4137,,0.700,0,
5989,5,170,edge-12,2,edge,3200.0,0.2022,0.0100,120,4.472,1.0000,4,0.3947,,0.700,0,
5990,5,170,edge-12,2,edge,3300.0,0.2000,0.0100,65,3.768,1.0000,5,0.3756,,0.700,0,
5991,5,170,edge-12,2,edge,3400.0,0.2000,0.0100,66,3.468,1.0000,5,0.3566,,0.700,0,
5992,5,170,edge-12,2,edge,3500.0,0.2000,0.0100,66,3.468,1.0000,4,0.3375,,0.700,0,
5993,5,170,edge-12,2,edge,3600.0,0.2024,0.0100,128,4.591,1.0000,4,0.3185,,0.700,0,
5994,5,170,edge-12,2,edge,3700.0,0.2022,0.0100,122,4.541,1.0000,4,0.2994,,0.700,0,
5995,5,170,edge-12,2,edge,3800.0,0.2022,0.0100,132,4.806,1.0000,4,0.2804,,0.700,0,
5996,5,170,edge-12,2,edge,3900.0,0.2014,0.0100,112,4.531,1.0000,3,0.2613,,0.700,0,
5997,5,170,edge-12,2,edge,4000.0,0.2015,0.0100,120,4.691,1.0000,3,0.2423,,0.700,0,
5998,5,170,edge-12,2,edge,4100.0,0.2008,0.0100,103,4.248,1.0000,3,0.2232,,0.700,0,
5999,5,170,edge-12,2,edge,4200.0,0.2014,0.0100,119,4.518,1.0000,2,0.2042,,0.700,0,
6000,5,170,edge-12,2,edge,4300.0,0.2007,0.0100,93,3.993,1.0000,1,0.1851,,0.700,0,
6001,5,170,edge-12,2,edge,4400.0,0.2006,0.0100,95,4.138,1.0000,1,0.1661,,0.700,0,
6002,5,170,edge-12,2,edge,4500.0,0.2007,0.0100,96,4.143,1.0000,1,0.1470,,0.700,0,
6003,5,170,edge-12,2,edge,4600.0,0.2006,0.0100,94,4.088,1.0000,0,0.1280,,0.700,0,
6004,5,170,edge-12,2,edge,4700.0,0.2006,0.0100,97,4.138,1.0000,0,0.1089,,0.700,0,
6005,5,170,edge-12,2,edge,4800.0,0.2011,0.0100,112,4.408,1.0000,0,0.0899,,0.700,0,
6006,5,170,edge-12,2,edge,4900.0,0.2004,0.0100,98,4.233,1.0000,0,0.0708,,0.700,0,
6007,5,170,edge-12,2,edge,5000.0,0.2011,0.0100,116,4.508,1.0000,0,0.0518,,0.700,0,
6008,5,174,edge-13,2,edge,0.0,0.0000,0.0100,0,1.739,,1,1.0000,,0.700,0,3286.3
6009,5,174,edge-13,2,edge,100.0,0.0800,0.0100,17,2.439,1.0000,1,0.9851,,0.700,0,3286.3
6010,5,174,edge-13,2,edge,200.0,0.2000,0.0100,59,3.764,1.0000,1,0.9661,,0.700,0,3286.3
6011,5,174,edge-13,2,edge,300.0,0.2000,0.0100,57,3.714,1.0000,1,0.9470,,0.700,0,3286.3
6012,5,174,edge-13,2,edge,400.0,0.2000,0.0100,70,4.014,1.0000,1,0.9280,,0.700,0,3286.3
6013,5,174,edge-13,2,edge,500.0,0.2000,0.0100,68,3.964,1.0000,0,0.9089,,0.700,0,3286.3
6014,5,174,edge-13,2,edge,600.0,0.2000,0.0100,70,4.014,1.0000,0,0.8899,,0.700,0,3286.3
6015,5,174,edge-13,2,edge,700.0,0.2000,0.0100,68,3.964,1.0000,0,0.8708,,0.700,0,3286.3
6016,5,174,edge-13,2,edge,800.0,0.2017,0.0100,127,5.131,1.0000,1,0.8518,,0.700,0,3286.3
6017,5,174,edge-13,2,edge,900.0,0.2021,0.0100,129,5.141,1.0000,1,0.8328,,0.700,0,3286.3
6018,5,174,edge-13,2,edge,1000.0,0.2000,0.0100,65,3.608,1.0000,2,0.8137,,0.700,0,3286.3
6019,5,174,edge-13,2,edge,1100.0,0.2000,0.0100,86,4.187,1.0000,3,0.7947,,0.700,0,3286.3
6020,5,174,edge-13,2,edge,1200.0,0.2000,0.0100,59,3.697,1.0000,4,0.7756,,0.700,0,3286.3
6021,5,174,edge-13,2,edge,1300.0,0.2000,0.0100,70,3.925,1.0000,3,0.7566,,0.700,0,3286.3
6022,5,174,edge-13,2,edge,1400.0,0.2000,0.0100,59,3.891,1.0000,4,0.7375,,0.700,0,3286.3
6023,5,174,edge-13,2,edge,1500.0,0.2000,0.0100,66,3.607,1.0000,4,0.7185,,0.700,0,3286.3
6024,5,174,edge-13,2,edge,1600.0,0.2011,0.0100,116,4.966,1.0000,4,0.6994,,0.700,0,3286.3
6025,5,174,edge-13,2,edge,1700.0,0.2000,0.0100,64,3.805,1.0000,4,0.6804,,0.700,0,3286.3
6026,5,174,edge-13,2,edge,1800.0,0.2000,0.0100,68,3.905,1.0000,4,0.6613,,0.700,0,3286.3
6027,5,174,edge-13,2,edge,1900.0,0.2000,0.0100,66,3.855,1.0000,3,0.6423,,0.700,0,3286.3
6028,5,174,edge-13,2,edge,2000.0,0.2000,0.0100,61,3.755,1.0000,2,0.6232,,0.700,0,3286.3
6029,5,174,edge-13,2,edge,2100.0,0.2000,0.0100,70,3.955,1.0000,1,0.6042,,0.700,0,3286.3
6030,5,174,edge-13,2,edge,2200.0,0.2000,0.0100,64,3.935,1.0000,1,0.5851,,0.700,0,3286.3
6031,5,174,edge-13,2,edge,2300.0,0.2000,0.0100,66,3.985,1.0000,1,0.5661,,0.700,0,3286.3
6032,5,174,edge-13,2,edge,2400.0,0.2000,0.0100,64,3.635,1.0000,2,0.5470,,0.700,0,3286.3
6033,5,174,edge-13,2,edge,2500.0,0.2000,0.0100,70,3.785,1.0000,2,0.5280,,0.700,0,3286.3
6034,5,174,edge-13,2,edge,2600.0,0.2000,0.0100,64,3.635,1.0000,2,0.5089,,0.700,0,3286.3
6035,5,174,edge-13,2,edge,2700.0,0.2000,0.0100,66,3.685,1.0000,1,0.4899,,0.700,0,3286.3
6036,5,174,edge-13,2,edge,2800.0,0.2000,0.0100,59,3.851,1.0000,1,0.4708,,0.700,0,3286.3
6037,5,174,edge-13,2,edge,2900.0,0.2000,0.0100,74,3.920,1.0000,1,0.4518,,0.700,0,3286.3
6038,5,174,edge-13,2,edge,3000.0,0.2000,0.0100,90,4.320,1.0000,1,0.4328,,0.700,0,3286.3
6039,5,174,edge-13,2,edge,3100.0,0.2000,0.0100,68,3.729,1.0000,2,0.4137,,0.700,1,3286.3
6040,5,174,edge-13,2,edge,3200.0,0.2000,0.0100,120,5.427,1.0000,3,0.3947,,0.700,1,3286.3
6041,5,178,edge-14,2,edge,0.0,0.0000,0.0100,0,1.533,,1,1.0000,,0.700,0,
6042,5,178,edge-14,2,edge,100.0,0.0800,0.0100,17,2.233,1.0000,1,0.9851,,0.700,0,
6043,5,178,edge-14,2,edge,200.0,0.2025,0.0100,132,4.590,1.0000,2,0.9661,,0.700,0,
6044,5,178,edge-14,2,edge,300.0,0.2008,0.0100,106,4.464,1.0000,3,0.9470,,0.700,0,
6045,5,178,edge-14,2,edge,400.0,0.2007,0.0100,88,4.014,1.0000,3,0.9280,,0.700,0,
6046,5,178,edge-14,2,edge,500.0,0.2004,0.0100,76,3.799,1.0000,2,0.9089,,0.700,0,
6047,5,178,edge-14,2,edge,600.0,0.2006,0.0100,82,4.016,1.0000,2,0.8899,,0.700,0,
6048,5,178,edge-14,2,edge,700.0,0.2000,0.0100,71,3.856,1.0000,1,0.8708,,0.700,0,
6049,5,178,edge-14,2,edge,800.0,0.2004,0.0100,79,4.016,1.0000,0,0.8518,,0.700,0,
6050,5,178,edge-14,2,edge,900.0,0.2000,0.0100,79,4.051,1.0000,0,0.8328,,0.700,0,
6051,5,178,edge-14,2,edge,1000.0,0.2004,0.0100,91,4.266,1.0000,0,0.8137,,0.700,0,
6052,5,178,edge-14,2,edge,1100.0,0.2000,0.0100,66,3.834,1.0000,1,0.7947,,0.700,0,
6053,5,178,edge-14,2,edge,1200.0,0.2000,0.0100,59,3.445,1.0000,1,0.7756,,0.700,0,
6054,5,178,edge-14,2,edge,1300.0,0.2000,0.0100,70,3.695,1.0000,1,0.7566,,0.700,0,
6055,5,178,edge-14,2,edge,1400.0,0.2000,0.0100,68,3.645,1.0000,1,0.7375,,0.700,0,
6056,5,178,edge-14,2,edge,1500.0,0.2000,0.0100,70,3.952,1.0000,2,0.7185,,0.700,0,
6057,5,178,edge-14,2,edge,1600.0,0.2000,0.0100,70,3.952,1.0000,1,0.6994,,0.700,0,
6058,5,178,edge-14,2,edge,1700.0,0.2000,0.0100,59,3.702,1.0000,1,0.6804,,0.700,0,
6059,5,178,edge-14,2,edge,1800.0,0.2000,0.0100,66,3.852,1.0000,1,0.6613,,0.700,0,
6060,5,178,edge-14,2,edge,1900.0,0.2000,0.0100,64,3.802,1.0000,1,0.6423,,0.700,0,
6061,5,178,edge-14,2,edge,2000.0,0.2000,0.0100,66,3.852,1.0000,0,0.6232,,0.700,0,
6062,5,178,edge-14,2,edge,2100.0,0.2000,0.0100,68,3.902,1.0000,0,0.6042,,0.700,0,
6063,5,178,edge-14,2,edge,2200.0,0.2000,0.0100,68,3.902,1.0000,0,0.5851,,0.700,0,
6064,5,178,edge-14,2,edge,2300.0,0.2000,0.0100,59,3.702,1.0000,0,0.5661,,0.700,0,
6065,5,178,edge-14,2,edge,2400.0,0.2000,0.0100,66,3.497,1.0000,1,0.5470,,0.700,0,
6066,5,178,edge-14,2,edge,2500.0,0.2000,0.0100,66,3.610,1.0000,2,0.5280,,0.700,0,
6067,5,178,edge-14,2,edge,2600.0,0.2000,0.0100,64,3.605,1.0000,3,0.5089,,0.700,0,
6068,5,178,edge-14,2,edge,2700.0,0.2000,0.0100,64,3.605,1.0000,3,0.4899,,0.700,0,
6069,5,178,edge-14,2,edge,2800.0,0.2000,0.0100,68,3.705,1.0000,3,0.4708,,0.700,0,
6070,5,178,edge-14,2,edge,2900.0,0.2000,0.0100,93,4.283,1.0000,3,0.4518,,0.700,0,
6071,5,178,edge-14,2,edge,3000.0,0.2000,0.0100,95,4.283,1.0000,2,0.4328,,0.700,0,
6072,5,178,edge-14,2,edge,3100.0,0.2000,0.0100,109,4.683,1.0000,1,0.4137,,0.700,0,
6073,5,178,edge-14,2,edge,3200.0,0.2000,0.0100,129,5.333,1.0000,1,0.3947,,0.700,0,
6074,5,178,edge-14,2,edge,3300.0,0.2000,0.0100,141,5.633,1.0000,1,0.3756,,0.700,0,
6075,5,178,edge-14,2,edge,3400.0,0.2000,0.0100,70,3.691,1.0000,1,0.3566,,0.700,0,
6076,5,178,edge-14,2,edge,3500.0,0.2000,0.0100,66,3.591,1.0000,1,0.3375,,0.700,0,
6077,5,178,edge-14,2,edge,3600.0,0.2000,0.0100,68,3.641,1.0000,1,0.3185,,0.700,0,
6078,5,178,edge-14,2,edge,3700.0,0.2000,0.0100,64,3.558,1.0000,2,0.2994,,0.700,0,
6079,5,178,edge-14,2,edge,3800.0,0.2000,0.0100,64,3.542,1.0000,2,0.2804,,0.700,0,
6080,5,178,edge-14,2,edge,3900.0,0.2018,0.0100,103,4.265,1.0000,2,0.2613,,0.700,0,
6081,5,178,edge-14,2,edge,4000.0,0.2027,0.0100,130,4.740,1.0000,2,0.2423,,0.700,0,
6082,5,178,edge-14,2,edge,4100.0,0.2024,0.0100,130,4.735,1.0000,2,0.2232,,0.700,0,
6083,5,178,edge-14,2,edge,4200.0,0.2028,0.0100,136,4.861,1.0000,1,0.2042,,0.700,0,
6084,5,178,edge-14,2,edge,4300.0,0.2000,0.0100,65,3.481,1.0000,2,0.1851,,0.700,0,
6085,5,178,edge-14,2,edge,4400.0,0.2022,0.0100,120,4.534,1.0000,2,0.1661,,0.700,0,
6086,5,178,edge-14,2,edge,4500.0,0.2024,0.0100,130,4.580,1.0000,3,0.1470,,0.700,0,
6087,5,178,edge-14,2,edge,4600.0,0.2000,0.0100,61,3.415,1.0000,4,0.1280,,0.700,0,
6088,5,178,edge-14,2,edge,4700.0,0.2000,0.0100,68,3.557,1.0000,5,0.1089,,0.700,0,
6089,5,178,edge-14,2,edge,4800.0,0.2000,0.0100,70,3.908,1.0000,4,0.0899,,0.700,0,
6090,5,178,edge-14,2,edge,4900.0,0.2000,0.0100,68,3.858,1.0000,3,0.0708,,0.700,0,
6091,5,178,edge-14,2,edge,5000.0,0.2000,0.0100,66,3.439,1.0000,3,0.0518,,0.700,0,
6092,5,182,edge-15,2,edge,0.0,0.0000,0.0100,0,1.782,,1,1.0000,,0.700,0,419.1
6093,5,182,edge-15,2,edge,100.0,0.0800,0.0100,12,2.382,1.0000,1,0.9851,,0.700,0,419.1
6094,5,182,edge-15,2,edge,200.0,0.2000,0.0100,66,3.682,1.0000,1,0.9661,,0.700,0,419.1
6095,5,182,edge-15,2,edge,300.0,0.2000,0.0100,66,3.682,1.0000,1,0.9470,,0.700,1,419.1
6096,5,182,edge-15,2,edge,400.0,0.2000,0.0100,64,3.535,1.0000,2,0.9280,,0.700,1,419.1
6097,5,186,edge-16,2,edge,0.0,0.0000,0.0100,0,1.788,,1,1.0000,,0.700,0,4816.8
6098,5,186,edge-16,2,edge,100.0,0.0800,0.0100,14,2.438,1.0000,1,0.9851,,0.700,0,4816.8
6099,5,186,edge-16,2,edge,200.0,0.2000,0.0100,68,3.738,1.0000,1,0.9661,,0.700,0,4816.8
6100,5,186,edge-16,2,edge,300.0,0.2000,0.0100,70,3.788,1.0000,1,0.9470,,0.700,0,4816.8
6101,5,186,edge-16,2,edge,400.0,0.2000,0.0100,68,3.738,1.0000,1,0.9280,,0.700,0,4816.8
6102,5,186,edge-16,2,edge,500.0,0.2000,0.0100,70,3.788,1.0000,0,0.9089,,0.700,0,4816.8
6103,5,186,edge-16,2,edge,600.0,0.2000,0.0100,61,3.588,1.0000,0,0.8899,,0.700,0,4816.8
6104,5,186,edge-16,2,edge,700.0,0.2000,0.0100,64,3.541,1.0000,1,0.8708,,0.700,0,4816.8
6105,5,186,edge-16,2,edge,800.0,0.2000,0.0100,64,3.541,1.0000,1,0.8518,,0.700,0,4816.8
6106,5,186,edge-16,2,edge,900.0,0.2000,0.0100,64,3.541,1.0000,1,0.8328,,0.700,0,4816.8
6107,5,186,edge-16,2,edge,1000.0,0.2000,0.0100,66,3.591,1.0000,1,0.8137,,0.700,0,4816.8
6108,5,186,edge-16,2,edge,1100.0,0.2000,0.0100,70,3.819,1.0000,2,0.7947,,0.700,0,4816.8
6109,5,186,edge-16,2,edge,1200.0,0.2000,0.0100,64,3.460,1.0000,2,0.7756,,0.700,0,4816.8
6110,5,186,edge-16,2,edge,1300.0,0.2000,0.0100,70,3.911,1.0000,2,0.7566,,0.700,0,4816.8
6111,5,186,edge-16,2,edge,1400.0,0.2000,0.0100,66,3.811,1.0000,2,0.7375,,0.700,0,4816.8
6112,5,186,edge-16,2,edge,1500.0,0.2000,0.0100,68,3.544,1.0000,2,0.7185,,0.700,0,4816.8
6113,5,186,edge-16,2,edge,1600.0,0.2000,0.0100,68,3.717,1.0000,2,0.6994,,0.700,0,4816.8
6114,5,186,edge-16,2,edge,1700.0,0.2000,0.0100,68,3.748,1.0000,2,0.6804,,0.700,0,4816.8
6115,5,186,edge-16,2,edge,1800.0,0.2000,0.0100,66,3.476,1.0000,3,0.6613,,0.700,0,4816.8
6116,5,186,edge-16,2,edge,1900.0,0.2000,0.0100,70,3.657,1.0000,4,0.6423,,0.700,0,4816.8
6117,5,186,edge-16,2,edge,2000.0,0.2000,0.0100,100,4.660,1.0000,5,0.6232,,0.700,0,4816.8
6118,5,186,edge-16,2,edge,2100.0,0.2000,0.0100,75,4.010,1.0000,4,0.6042,,0.700,0,4816.8
6119,5,186,edge-16,2,edge,2200.0,0.2000,0.0100,66,3.417,1.0000,4,0.5851,,0.700,0,4816.8
6120,5,186,edge-16,2,edge,2300.0,0.2000,0.0100,64,3.678,1.0000,4,0.5661,,0.700,0,4816.8
6121,5,186,edge-16,2,edge,2400.0,0.2000,0.0100,89,4.255,1.0000,4,0.5470,,0.700,0,4816.8
6122,5,186,edge-16,2,edge,2500.0,0.2000,0.0100,68,3.785,1.0000,4,0.5280,,0.700,0,4816.8
6123,5,186,edge-16,2,edge,2600.0,0.2000,0.0100,66,3.735,1.0000,4,0.5089,,0.700,0,4816.8
6124,5,186,edge-16,2,edge,2700.0,0.2000,0.0100,70,3.634,1.0000,4,0.4899,,0.700,0,4816.8
6125,5,186,edge-16,2,edge,2800.0,0.2010,0.0100,97,4.234,1.0000,4,0.4708,,0.700,0,4816.8
6126,5,186,edge-16,2,edge,2900.0,0.2000,0.0100,109,4.733,1.0000,4,0.4518,,0.700,0,4816.8
6127,5,186,edge-16,2,edge,3000.0,0.2000,0.0100,96,4.383,1.0000,3,0.4328,,0.700,0,4816.8
6128,5,186,edge-16,2,edge,3100.0,0.2000,0.0100,101,4.533,1.0000,3,0.4137,,0.700,0,4816.8
6129,5,186,edge-16,2,edge,3200.0,0.2000,0.0100,68,3.720,1.0000,3,0.3947,,0.700,0,4816.8
6130,5,186,edge-16,2,edge,3300.0,0.2000,0.0100,66,3.670,1.0000,2,0.3756,,0.700,0,4816.8
6131,5,186,edge-16,2,edge,3400.0,0.2000,0.0100,66,3.670,1.0000,1,0.3566,,0.700,0,4816.8
6132,5,186,edge-16,2,edge,3500.0,0.2000,0.0100,68,3.720,1.0000,1,0.3375,,0.700,0,4816.8
6133,5,186,edge-16,2,edge,3600.0,0.2000,0.0100,57,3.288,1.0000,2,0.3185,,0.700,0,4816.8
6134,5,186,edge-16,2,edge,3700.0,0.2000,0.0100,81,4.004,1.0000,2,0.2994,,0.700,0,4816.8
6135,5,186,edge-16,2,edge,3800.0,0.2000,0.0100,99,4.415,1.0000,3,0.2804,,0.700,0,4816.8
6136,5,186,edge-16,2,edge,3900.0,0.2000,0.0100,66,3.800,1.0000,4,0.2613,,0.700,0,4816.8
6137,5,186,edge-16,2,edge,4000.0,0.2000,0.0100,61,3.700,1.0000,4,0.2423,,0.700,0,4816.8
6138,5,186,edge-16,2,edge,4100.0,0.2000,0.0100,70,3.900,1.0000,3,0.2232,,0.700,0,4816.8
6139,5,186,edge-16,2,edge,4200.0,0.2000,0.0100,66,3.800,1.0000,2,0.2042,,0.700,0,4816.8
6140,5,186,edge-16,2,edge,4300.0,0.2000,0.0100,64,3.750,1.0000,1,0.1851,,0.700,0,4816.8
6141,5,186,edge-16,2,edge,4400.0,0.2000,0.0100,59,3.650,1.0000,0,0.1661,,0.700,0,4816.8
6142,5,186,edge-16,2,edge,4500.0,0.2000,0.0100,82,4.511,1.0000,1,0.1470,,0.700,0,4816.8
6143,5,186,edge-16,2,edge,4600.0,0.2000,0.0100,92,4.711,1.0000,1,0.1280,,0.700,0,4816.8
6144,5,186,edge-16,2,edge,4700.0,0.2000,0.0100,92,4.711,1.0000,1,0.1089,,0.700,1,4816.8
6145,5,186,edge-16,2,edge,4800.0,0.2000,0.0100,68,3.785,1.0000,2,0.0899,,0.700,1,4816.8
6146,5,190,edge-17,2,edge,0.0,0.0000,0.0100,0,1.761,,1,1.0000,,0.700,0,4680.2
6147,5,190,edge-17,2,edge,100.0,0.0806,0.0100,32,2.776,1.0000,1,0.9851,,0.700,0,4680.2
6148,5,190,edge-17,2,edge,200.0,0.2022,0.0100,122,4.511,1.0000,2,0.9661,,0.700,0,4680.2
6149,5,190,edge-17,2,edge,300.0,0.2024,0.0100,124,4.521,1.0000,2,0.9470,,0.700,0,4680.2
6150,5,190,edge-17,2,edge,400.0,0.2020,0.0100,102,4.196,1.0000,2,0.9280,,0.700,0,4680.2
6151,5,190,edge-17,2,edge,500.0,0.2024,0.0100,130,4.458,1.0000,2,0.9089,,0.700,0,4680.2
6152,5,190,edge-17,2,edge,600.0,0.2024,0.0100,126,4.448,1.0000,2,0.8899,,0.700,0,4680.2
6153,5,190,edge-17,2,edge,700.0,0.2028,0.0100,137,4.573,1.0000,1,0.8708,,0.700,0,4680.2
6154,5,190,edge-17,2,edge,800.0,0.2022,0.0100,116,4.248,1.0000,1,0.8518,,0.700,0,4680.2
6155,5,190,edge-17,2,edge,900.0,0.2028,0.0100,144,4.763,1.0000,1,0.8328,,0.700,0,4680.2
6156,5,190,edge-17,2,edge,1000.0,0.2027,0.0100,135,4.563,1.0000,0,0.8137,,0.700,0,4680.2
6157,5,190,edge-17,2,edge,1100.0,0.2025,0.0100,117,4.258,1.0000,0,0.7947,,0.700,0,4680.2
6158,5,190,edge-17,2,edge,1200.0,0.2022,0.0100,127,4.448,1.0000,0,0.7756,,0.700,0,4680.2
6159,5,190,edge-17,2,edge,1300.0,0.2027,0.0100,129,4.463,1.0000,0,0.7566,,0.700,0,4680.2
6160,5,190,edge-17,2,edge,1400.0,0.2020,0.0100,105,4.043,1.0000,0,0.7375,,0.700,0,4680.2
6161,5,190,edge-17,2,edge,1500.0,0.2028,0.0100,139,4.663,1.0000,0,0.7185,,0.700,0,4680.2
6162,5,190,edge-17,2,edge,1600.0,0.2022,0.0100,119,4.298,1.0000,0,0.6994,,0.700,0,4680.2
6163,5,190,edge-17,2,edge,1700.0,0.2024,0.0100,121,4.308,1.0000,0,0.6804,,0.700,0,4680.2
6164,5,190,edge-17,2,edge,1800.0,0.2027,0.0100,135,4.563,1.0000,0,0.6613,,0.700,0,4680.2
6165,5,190,edge-17,2,edge,1900.0,0.2027,0.0100,138,4.658,1.0000,0,0.6423,,0.700,0,4680.2
6166,5,190,edge-17,2,edge,2000.0,0.2025,0.0100,129,4.458,1.0000,0,0.6232,,0.700,0,4680.2
6167,5,190,edge-17,2,edge,2100.0,0.2028,0.0100,141,4.668,1.0000,0,0.6042,,0.700,0,4680.2
6168,5,190,edge-17,2,edge,2200.0,0.2027,0.0100,131,4.468,1.0000,0,0.5851,,0.700,0,4680.2
6169,5,190,edge-17,2,edge,2300.0,0.2028,0.0100,139,4.663,1.0000,0,0.5661,,0.700,0,4680.2
6170,5,190,edge-17,2,edge,2400.0,0.2022,0.0100,119,4.298,1.0000,0,0.5470,,0.700,0,4680.2
6171,5,190,edge-17,2,edge,2500.0,0.2025,0.0100,126,4.408,1.0000,0,0.5280,,0.700,0,4680.2
6172,5,190,edge-17,2,edge,2600.0,0.2000,0.0100,58,3.396,1.0000,1,0.5089,,0.700,0,4680.2
6173,5,190,edge-17,2,edge,2700.0,0.2000,0.0100,64,3.541,1.0000,1,0.4899,,0.700,0,4680.2
6174,5,190,edge-17,2,edge,2800.0,0.2000,0.0100,66,3.591,1.0000,1,0.4708,,0.700,0,4680.2
6175,5,190,edge-17,2,edge,2900.0,0.2000,0.0100,66,3.591,1.0000,1,0.4518,,0.700,0,4680.2
6176,5,190,edge-17,2,edge,3000.0,0.2000,0.0100,64,3.546,1.0000,2,0.4328,,0.700,0,4680.2
6177,5,190,edge-17,2,edge,3100.0,0.2011,0.0100,108,4.484,1.0000,2,0.4137,,0.700,0,4680.2
6178,5,190,edge-17,2,edge,3200.0,0.2000,0.0100,70,3.684,1.0000,3,0.3947,,0.700,0,4680.2
6179,5,190,edge-17,2,edge,3300.0,0.2011,0.0100,103,4.379,1.0000,4,0.3756,,0.700,0,4680.2
6180,5,190,edge-17,2,edge,3400.0,0.2000,0.0100,68,3.561,1.0000,5,0.3566,,0.700,0,4680.2
6181,5,190,edge-17,2,edge,3500.0,0.2000,0.0100,61,3.411,1.0000,4,0.3375,,0.700,0,4680.2
6182,5,190,edge-17,2,edge,3600.0,0.2000,0.0100,70,3.729,1.0000,4,0.3185,,0.700,0,4680.2
6183,5,190,edge-17,2,edge,3700.0,0.2000,0.0100,66,3.749,1.0000,4,0.2994,,0.700,0,4680.2
6184,5,190,edge-17,2,edge,3800.0,0.2000,0.0100,64,3.608,1.0000,4,0.2804,,0.700,0,4680.2
6185,5,190,edge-17,2,edge,3900.0,0.2000,0.0100,70,3.758,1.0000,3,0.2613,,0.700,0,4680.2
6186,5,190,edge-17,2,edge,4000.0,0.2000,0.0100,59,3.329,1.0000,4,0.2423,,0.700,0,4680.2
6187,5,190,edge-17,2,edge,4100.0,0.2000,0.0100,82,3.929,1.0000,3,0.2232,,0.700,0,4680.2
6188,5,190,edge-17,2,edge,4200.0,0.2000,0.0100,102,4.479,1.0000,2,0.2042,,0.700,0,4680.2
6189,5,190,edge-17,2,edge,4300.0,0.2000,0.0100,90,4.279,1.0000,1,0.1851,,0.700,0,4680.2
6190,5,190,edge-17,2,edge,4400.0,0.2000,0.0100,66,3.768,1.0000,2,0.1661,,0.700,0,4680.2
6191,5,190,edge-17,2,edge,4500.0,0.2000,0.0100,66,3.768,1.0000,1,0.1470,,0.700,1,4680.2
6192,5,190,edge-17,2,edge,4600.0,0.2000,0.0100,68,3.818,1.0000,1,0.1280,,0.700,1,4680.2
6193,5,194,edge-18,2,edge,0.0,0.0000,0.0100,0,1.761,,1,1.0000,,0.700,0,2944.3
6194,5,194,edge-18,2,edge,100.0,0.0800,0.0100,14,2.411,1.0000,1,0.9851,,0.700,0,2944.3
6195,5,194,edge-18,2,edge,200.0,0.2000,0.0100,64,3.611,1.0000,1,0.9661,,0.700,0,2944.3
6196,5,194,edge-18,2,edge,300.0,0.2000,0.0100,68,3.711,1.0000,1,0.9470,,0.700,0,2944.3
6197,5,194,edge-18,2,edge,400.0,0.2000,0.0100,70,3.761,1.0000,1,0.9280,,0.700,0,2944.3
6198,5,194,edge-18,2,edge,500.0,0.2000,0.0100,66,3.686,1.0000,0,0.9089,,0.700,0,2944.3
6199,5,194,edge-18,2,edge,600.0,0.2000,0.0100,61,3.511,1.0000,0,0.8899,,0.700,0,2944.3
6200,5,194,edge-18,2,edge,700.0,0.2000,0.0100,61,3.511,1.0000,0,0.8708,,0.700,0,2944.3
6201,5,194,edge-18,2,edge,800.0,0.2000,0.0100,57,3.411,1.0000,0,0.8518,,0.700,0,2944.3
6202,5,194,edge-18,2,edge,900.0,0.2000,0.0100,68,3.641,1.0000,1,0.8328,,0.700,0,2944.3
6203,5,194,edge-18,2,edge,1000.0,0.2000,0.0100,68,3.764,1.0000,1,0.8137,,0.700,0,2944.3
6204,5,194,edge-18,2,edge,1100.0,0.2022,0.0100,120,4.570,1.0000,2,0.7947,,0.700,0,2944.3
6205,5,194,edge-18,2,edge,1200.0,0.2000,0.0100,65,3.408,1.0000,3,0.7756,,0.700,0,2944.3
6206,5,194,edge-18,2,edge,1300.0,0.2025,0.0100,132,4.734,1.0000,4,0.7566,,0.700,0,2944.3
6207,5,194,edge-18,2,edge,1400.0,0.2000,0.0100,53,3.250,1.0000,4,0.7375,,0.700,0,2944.3
6208,5,194,edge-18,2,edge,1500.0,0.2000,0.0100,64,3.495,1.0000,4,0.7185,,0.700,0,2944.3
6209,5,194,edge-18,2,edge,1600.0,0.2000,0.0100,70,3.645,1.0000,3,0.6994,,0.700,0,2944.3
6210,5,194,edge-18,2,edge,1700.0,0.2000,0.0100,66,3.545,1.0000,2,0.6804,,0.700,0,2944.3
6211,5,194,edge-18,2,edge,1800.0,0.2000,0.0100,61,3.590,1.0000,2,0.6613,,0.700,0,2944.3
6212,5,194,edge-18,2,edge,1900.0,0.2000,0.0100,66,3.639,1.0000,2,0.6423,,0.700,0,2944.3
6213,5,194,edge-18,2,edge,2000.0,0.2000,0.0100,68,3.964,1.0000,2,0.6232,,0.700,0,2944.3
6214,5,194,edge-18,2,edge,2100.0,0.2000,0.0100,68,3.964,1.0000,2,0.6042,,0.700,0,2944.3
6215,5,194,edge-18,2,edge,2200.0,0.2000,0.0100,66,3.914,1.0000,2,0.5851,,0.700,0,2944.3
6216,5,194,edge-18,2,edge,2300.0,0.2000,0.0100,61,3.814,1.0000,1,0.5661,,0.700,0,2944.3
6217,5,194,edge-18,2,edge,2400.0,0.2000,0.0100,70,4.014,1.0000,0,0.5470,,0.700,0,2944.3
6218,5,194,edge-18,2,edge,2500.0,0.2000,0.0100,68,3.964,1.0000,0,0.5280,,0.700,0,2944.3
6219,5,194,edge-18,2,edge,2600.0,0.2010,0.0100,109,4.856,1.0000,1,0.5089,,0.700,0,2944.3
6220,5,194,edge-18,2,edge,2700.0,0.2008,0.0100,99,4.551,1.0000,1,0.4899,,0.700,0,2944.3
6221,5,194,edge-18,2,edge,2800.0,0.2000,0.0100,61,3.553,1.0000,2,0.4708,,0.700,1,2944.3
6222,5,194,edge-18,2,edge,2900.0,0.2004,0.0100,87,4.102,1.0000,3,0.4518,,0.700,1,2944.3
6223,5,198,edge-19,2,edge,0.0,0.0000,0.0100,0,1.768,,1,1.0000,,0.700,0,3140.1
6224,5,198,edge-19,2,edge,100.0,0.0804,0.0100,20,2.583,1.0000,1,0.9851,,0.700,0,3140.1
6225,5,198,edge-19,2,edge,200.0,0.2014,0.0100,113,4.568,1.0000,1,0.9661,,0.700,0,3140.1
6226,5,198,edge-19,2,edge,300.0,0.2011,0.0100,111,4.608,1.0000,1,0.9470,,0.700,0,3140.1
6227,5,198,edge-19,2,edge,400.0,0.2000,0.0100,70,3.767,1.0000,2,0.9280,,0.700,0,3140.1
6228,5,198,edge-19,2,edge,500.0,0.2000,0.0100,64,3.617,1.0000,1,0.9089,,0.700,0,3140.1
6229,5,198,edge-19,2,edge,600.0,0.2000,0.0100,68,3.717,1.0000,1,0.8899,,0.700,0,3140.1
6230,5,198,edge-19,2,edge,700.0,0.2000,0.0100,66,3.667,1.0000,1,0.8708,,0.700,0,3140.1
6231,5,198,edge-19,2,edge,800.0,0.2000,0.0100,66,3.667,1.0000,1,0.8518,,0.700,0,3140.1
6232,5,198,edge-19,2,edge,900.0,0.2000,0.0100,61,3.567,1.0000,0,0.8328,,0.700,0,3140.1
6233,5,198,edge-19,2,edge,1000.0,0.2010,0.0100,104,4.292,1.0000,1,0.8137,,0.700,0,3140.1
6234,5,198,edge-19,2,edge,1100.0,0.2000,0.0100,66,3.678,1.0000,2,0.7947,,0.700,0,3140.1
6235,5,198,edge-19,2,edge,1200.0,0.2000,0.0100,68,3.594,1.0000,2,0.7756,,0.700,0,3140.1
6236,5,198,edge-19,2,edge,1300.0,0.2011,0.0100,110,4.466,1.0000,3,0.7566,,0.700,0,3140.1
6237,5,198,edge-19,2,edge,1400.0,0.2010,0.0100,97,4.134,1.0000,4,0.7375,,0.700,0,3140.1
6238,5,198,edge-19,2,edge,1500.0,0.2014,0.0100,117,4.499,1.0000,3,0.7185,,0.700,0,3140.1
6239,5,198,edge-19,2,edge,1600.0,0.2000,0.0100,61,3.425,1.0000,3,0.6994,,0.700,0,3140.1
6240,5,198,edge-19,2,edge,1700.0,0.2000,0.0100,59,3.375,1.0000,3,0.6804,,0.700,0,3140.1
6241,5,198,edge-19,2,edge,1800.0,0.2000,0.0100,61,3.388,1.0000,3,0.6613,,0.700,0,3140.1
6242,5,198,edge-19,2,edge,1900.0,0.2000,0.0100,66,3.422,1.0000,3,0.6423,,0.700,0,3140.1
6243,5,198,edge-19,2,edge,2000.0,0.2024,0.0100,131,4.649,1.0000,4,0.6232,,0.700,0,3140.1
6244,5,198,edge-19,2,edge,2100.0,0.2003,0.0100,89,4.026,1.0000,4,0.6042,,0.700,0,3140.1
6245,5,198,edge-19,2,edge,2200.0,0.2000,0.0100,94,4.311,1.0000,4,0.5851,,0.700,0,3140.1
6246,5,198,edge-19,2,edge,2300.0,0.2000,0.0100,82,3.961,1.0000,3,0.5661,,0.700,0,3140.1
6247,5,198,edge-19,2,edge,2400.0,0.2000,0.0100,87,4.111,1.0000,2,0.5470,,0.700,0,3140.1
6248,5,198,edge-19,2,edge,2500.0,0.2000,0.0100,75,3.761,1.0000,1,0.5280,,0.700,0,3140.1
6249,5,198,edge-19,2,edge,2600.0,0.2000,0.0100,102,4.673,1.0000,1,0.5089,,0.700,0,3140.1
6250,5,198,edge-19,2,edge,2700.0,0.2000,0.0100,68,3.581,1.0000,2,0.4899,,0.700,0,3140.1
6251,5,198,edge-19,2,edge,2800.0,0.2000,0.0100,64,3.578,1.0000,3,0.4708,,0.700,0,3140.1
6252,5,198,edge-19,2,edge,2900.0,0.2000,0.0100,61,3.915,1.0000,4,0.4518,,0.700,0,3140.1
6253,5,198,edge-19,2,edge,3000.0,0.2000,0.0100,66,3.701,1.0000,5,0.4328,,0.700,1,3140.1
6254,5,198,edge-19,2,edge,3100.0,0.2000,0.0100,64,3.737,1.0000,5,0.4137,,0.700,1,3140.1
6255,5,202,edge-20,2,edge,0.0,0.0000,0.0100,0,1.715,,1,1.0000,,0.700,0,
6256,5,202,edge-20,2,edge,100.0,0.0800,0.0100,17,2.415,1.0000,1,0.9851,,0.700,0,
6257,5,202,edge-20,2,edge,200.0,0.2000,0.0100,66,3.704,1.0000,2,0.9661,,0.700,0,
6258,5,202,edge-20,2,edge,300.0,0.2000,0.0100,100,4.825,1.0000,3,0.9470,,0.700,0,
6259,5,202,edge-20,2,edge,400.0,0.2000,0.0100,68,3.798,1.0000,4,0.9280,,0.700,0,
6260,5,202,edge-20,2,edge,500.0,0.2000,0.0100,70,3.848,1.0000,3,0.9089,,0.700,0,
6261,5,202,edge-20,2,edge,600.0,0.2000,0.0100,68,3.798,1.0000,3,0.8899,,0.700,0,
6262,5,202,edge-20,2,edge,700.0,0.2000,0.0100,64,3.698,1.0000,2,0.8708,,0.700,0,
6263,5,202,edge-20,2,edge,800.0,0.2000,0.0100,64,3.698,1.0000,1,0.8518,,0.700,0,
6264,5,202,edge-20,2,edge,900.0,0.2000,0.0100,70,3.848,1.0000,0,0.8328,,0.700,0,
6265,5,202,edge-20,2,edge,1000.0,0.2000,0.0100,66,3.958,1.0000,1,0.8137,,0.700,0,
6266,5,202,edge-20,2,edge,1100.0,0.2000,0.0100,66,3.958,1.0000,1,0.7947,,0.700,0,
6267,5,202,edge-20,2,edge,1200.0,0.2000,0.0100,64,3.908,1.0000,1,0.7756,,0.700,0,
6268,5,202,edge-20,2,edge,1300.0,0.2000,0.0100,64,3.908,1.0000,1,0.7566,,0.700,0,
6269,5,202,edge-20,2,edge,1400.0,0.2000,0.0100,68,3.747,1.0000,1,0.7375,,0.700,0,
6270,5,202,edge-20,2,edge,1500.0,0.2000,0.0100,107,5.007,1.0000,1,0.7185,,0.700,0,
6271,5,202,edge-20,2,edge,1600.0,0.2000,0.0100,64,3.719,1.0000,2,0.6994,,0.700,0,
6272,5,202,edge-20,2,edge,1700.0,0.2000,0.0100,88,4.262,1.0000,3,0.6804,,0.700,0,
6273,5,202,edge-20,2,edge,1800.0,0.2000,0.0100,66,3.775,1.0000,4,0.6613,,0.700,0,
6274,5,202,edge-20,2,edge,1900.0,0.2000,0.0100,68,3.825,1.0000,4,0.6423,,0.700,0,
6275,5,202,edge-20,2,edge,2000.0,0.2000,0.0100,64,3.725,1.0000,3,0.6232,,0.700,0,
6276,5,202,edge-20,2,edge,2100.0,0.2021,0.0100,150,5.554,1.0000,3,0.6042,,0.700,0,
6277,5,202,edge-20,2,edge,2200.0,0.2000,0.0100,66,3.806,1.0000,3,0.5851,,0.700,0,
6278,5,202,edge-20,2,edge,2300.0,0.2000,0.0100,66,3.806,1.0000,2,0.5661,,0.700,0,
6279,5,202,edge-20,2,edge,2400.0,0.2000,0.0100,70,3.960,1.0000,2,0.5470,,0.700,0,
6280,5,202,edge-20,2,edge,2500.0,0.2000,0.0100,71,3.687,1.0000,3,0.5280,,0.700,0,
6281,5,202,edge-20,2,edge,2600.0,0.2000,0.0100,84,4.087,1.0000,2,0.5089,,0.700,0,
6282,5,202,edge-20,2,edge,2700.0,0.2000,0.0100,85,4.087,1.0000,1,0.4899,,0.700,0,
6283,5,202,edge-20,2,edge,2800.0,0.2000,0.0100,87,4.137,1.0000,1,0.4708,,0.700,0,
6284,5,202,edge-20,2,edge,2900.0,0.2000,0.0100,76,3.837,1.0000,1,0.4518,,0.700,0,
6285,5,202,edge-20,2,edge,3000.0,0.2000,0.0100,90,4.187,1.0000,0,0.4328,,0.700,0,
6286,5,202,edge-20,2,edge,3100.0,0.2000,0.0100,92,4.287,1.0000,0,0.4137,,0.700,0,
6287,5,202,edge-20,2,edge,3200.0,0.2000,0.0100,68,3.641,1.0000,1,0.3947,,0.700,0,
6288,5,202,edge-20,2,edge,3300.0,0.2000,0.0100,64,3.541,1.0000,1,0.3756,,0.700,0,
6289,5,202,edge-20,2,edge,3400.0,0.2000,0.0100,66,3.591,1.0000,1,0.3566,,0.700,0,
6290,5,202,edge-20,2,edge,3500.0,0.2000,0.0100,66,3.591,1.0000,1,0.3375,,0.700,0,
6291,5,202,edge-20,2,edge,3600.0,0.2000,0.0100,61,3.491,1.0000,1,0.3185,,0.700,0,
6292,5,202,edge-20,2,edge,3700.0,0.2000,0.0100,64,3.541,1.0000,0,0.2994,,0.700,0,
6293,5,202,edge-20,2,edge,3800.0,0.2000,0.0100,68,3.738,1.0000,1,0.2804,,0.700,0,
6294,5,202,edge-20,2,edge,3900.0,0.2000,0.0100,68,3.551,1.0000,2,0.2613,,0.700,0,
6295,5,202,edge-20,2,edge,4000.0,0.2022,0.0100,129,4.555,1.0000,3,0.2423,,0.700,0,
6296,5,202,edge-20,2,edge,4100.0,0.2000,0.0100,61,3.553,1.0000,4,0.2232,,0.700,0,
6297,5,202,edge-20,2,edge,4200.0,0.2000,0.0100,70,3.558,1.0000,5,0.2042,,0.700,0,
6298,5,202,edge-20,2,edge,4300.0,0.2000,0.0100,64,3.632,1.0000,4,0.1851,,0.700,0,
6299,5,202,edge-20,2,edge,4400.0,0.2000,0.0100,70,3.782,1.0000,3,0.1661,,0.700,0,
6300,5,202,edge-20,2,edge,4500.0,0.2000,0.0100,61,3.582,1.0000,2,0.1470,,0.700,0,
6301,5,202,edge-20,2,edge,4600.0,0.2000,0.0100,66,3.682,1.0000,1,0.1280,,0.700,0,
6302,5,202,edge-20,2,edge,4700.0,0.2000,0.0100,68,3.635,1.0000,1,0.1089,,0.700,0,
6303,5,202,edge-20,2,edge,4800.0,0.2000,0.0100,64,3.535,1.0000,1,0.0899,,0.700,0,
6304,5,202,edge-20,2,edge,4900.0,0.2000,0.0100,66,3.585,1.0000,1,0.0708,,0.700,0,
6305,5,202,edge-20,2,edge,5000.0,0.2000,0.0100,68,3.635,1.0000,1,0.0518,,0.700,0,
6306,5,206,edge-21,2,edge,0.0,0.0000,0.0100,0,1.788,,1,1.0000,,0.700,0,
6307,5,206,edge-21,2,edge,100.0,0.0800,0.0100,17,2.488,1.0000,1,0.9851,,0.700,0,
6308,5,206,edge-21,2,edge,200.0,0.2000,0.0100,64,3.638,1.0000,1,0.9661,,0.700,0,
6309,5,206,edge-21,2,edge,300.0,0.2000,0.0100,68,3.738,1.0000,1,0.9470,,0.700,0,
6310,5,206,edge-21,2,edge,400.0,0.2000,0.0100,66,3.688,1.0000,1,0.9280,,0.700,0,
6311,5,206,edge-21,2,edge,500.0,0.2000,0.0100,70,3.691,1.0000,1,0.9089,,0.700,0,
6312,5,206,edge-21,2,edge,600.0,0.2000,0.0100,61,3.491,1.0000,1,0.8899,,0.700,0,
6313,5,206,edge-21,2,edge,700.0,0.2000,0.0100,68,3.641,1.0000,1,0.8708,,0.700,0,
6314,5,206,edge-21,2,edge,800.0,0.2000,0.0100,64,3.541,1.0000,1,0.8518,,0.700,0,
6315,5,206,edge-21,2,edge,900.0,0.2000,0.0100,66,3.719,1.0000,2,0.8328,,0.700,0,
6316,5,206,edge-21,2,edge,1000.0,0.2000,0.0100,64,3.460,1.0000,2,0.8137,,0.700,0,
6317,5,206,edge-21,2,edge,1100.0,0.2000,0.0100,68,3.861,1.0000,2,0.7947,,0.700,0,
6318,5,206,edge-21,2,edge,1200.0,0.2000,0.0100,64,3.761,1.0000,2,0.7756,,0.700,0,
6319,5,206,edge-21,2,edge,1300.0,0.2000,0.0100,66,3.494,1.0000,2,0.7566,,0.700,0,
6320,5,206,edge-21,2,edge,1400.0,0.2000,0.0100,64,3.617,1.0000,2,0.7375,,0.700,0,
6321,5,206,edge-21,2,edge,1500.0,0.2000,0.0100,68,3.748,1.0000,2,0.7185,,0.700,0,
6322,5,206,edge-21,2,edge,1600.0,0.2000,0.0100,61,3.376,1.0000,3,0.6994,,0.700,0,
6323,5,206,edge-21,2,edge,1700.0,0.2000,0.0100,66,3.557,1.0000,4,0.6804,,0.700,0,
6324,5,206,edge-21,2,edge,1800.0,0.2000,0.0100,88,4.310,1.0000,5,0.6613,,0.700,0,
6325,5,206,edge-21,2,edge,1900.0,0.2000,0.0100,79,4.060,1.0000,4,0.6423,,0.700,0,
6326,5,206,edge-21,2,edge,2000.0,0.2000,0.0100,66,3.417,1.0000,4,0.6232,,0.700,0,
6327,5,206,edge-21,2,edge,2100.0,0.2000,0.0100,68,3.778,1.0000,4,0.6042,,0.700,0,
6328,5,206,edge-21,2,edge,2200.0,0.2000,0.0100,94,4.405,1.0000,4,0.5851,,0.700,0,
6329,5,206,edge-21,2,edge,2300.0,0.2000,0.0100,64,3.685,1.0000,4,0.5661,,0.700,0,
6330,5,206,edge-21,2,edge,2400.0,0.2000,0.0100,66,3.735,1.0000,4,0.5470,,0.700,0,
6331,5,206,edge-21,2,edge,2500.0,0.2000,0.0100,64,3.484,1.0000,4,0.5280,,0.700,0,
6332,5,206,edge-21,2,edge,2600.0,0.2025,0.0100,131,4.684,1.0000,4,0.5089,,0.700,0,
6333,5,206,edge-21,2,edge,2700.0,0.2000,0.0100,121,5.088,1.0000,4,0.4899,,0.700,0,
6334,5,206,edge-21,2,edge,2800.0,0.2000,0.0100,109,4.733,1.0000,3,0.4708,,0.700,0,
6335,5,206,edge-21,2,edge,2900.0,0.2000,0.0100,106,4.683,1.0000,3,0.4518,,0.700,0,
6336,5,206,edge-21,2,edge,3000.0,0.2000,0.0100,68,3.720,1.0000,3,0.4328,,0.700,0,
6337,5,206,edge-21,2,edge,3100.0,0.2000,0.0100,70,3.770,1.0000,2,0.4137,,0.700,0,
6338,5,206,edge-21,2,edge,3200.0,0.2000,0.0100,68,3.720,1.0000,1,0.3947,,0.700,0,
6339,5,206,edge-21,2,edge,3300.0,0.2000,0.0100,64,3.620,1.0000,1,0.3756,,0.700,0,
6340,5,206,edge-21,2,edge,3400.0,0.2000,0.0100,68,3.538,1.0000,2,0.3566,,0.700,0,
6341,5,206,edge-21,2,edge,3500.0,0.2000,0.0100,87,4.204,1.0000,2,0.3375,,0.700,0,
6342,5,206,edge-21,2,edge,3600.0,0.2000,0.0100,90,4.265,1.0000,3,0.3185,,0.700,0,
6343,5,206,edge-21,2,edge,3700.0,0.2000,0.0100,64,3.750,1.0000,4,0.2994,,0.700,0,
6344,5,206,edge-21,2,edge,3800.0,0.2000,0.0100,61,3.700,1.0000,4,0.2804,,0.700,0,
6345,5,206,edge-21,2,edge,3900.0,0.2000,0.0100,68,3.850,1.0000,3,0.2613,,0.700,0,
6346,5,206,edge-21,2,edge,4000.0,0.2000,0.0100,70,3.900,1.0000,2,0.2423,,0.700,0,
6347,5,206,edge-21,2,edge,4100.0,0.2000,0.0100,66,3.800,1.0000,1,0.2232,,0.700,0,
6348,5,206,edge-21,2,edge,4200.0,0.2000,0.0100,68,3.850,1.0000,0,0.2042,,0.700,0,
6349,5,206,edge-21,2,edge,4300.0,0.2000,0.0100,78,4.411,1.0000,1,0.1851,,0.700,0,
6350,5,206,edge-21,2,edge,4400.0,0.2000,0.0100,86,4.561,1.0000,1,0.1661,,0.700,0,
6351,5,206,edge-21,2,edge,4500.0,0.2000,0.0100,89,4.661,1.0000,1,0.1470,,0.700,0,
6352,5,206,edge-21,2,edge,4600.0,0.2000,0.0100,68,3.785,1.0000,2,0.1280,,0.700,0,
6353,5,206,edge-21,2,edge,4700.0,0.2000,0.0100,68,3.799,1.0000,3,0.1089,,0.700,0,
6354,5,206,edge-21,2,edge,4800.0,0.2000,0.0100,70,3.849,1.0000,2,0.0899,,0.700,0,
6355,5,206,edge-21,2,edge,4900.0,0.2000,0.0100,61,3.649,1.0000,2,0.0708,,0.700,0,
6356,5,206,edge-21,2,edge,5000.0,0.2000,0.0100,68,3.799,1.0000,2,0.0518,,0.700,0,
6357,5,210,edge-22,2,edge,0.0,0.0000,0.0100,0,1.651,,1,1.0000,,0.700,0,813.9
6358,5,210,edge-22,2,edge,100.0,0.0800,0.0100,14,2.301,1.0000,1,0.9851,,0.700,0,813.9
6359,5,210,edge-22,2,edge,200.0,0.2000,0.0100,64,3.703,1.0000,2,0.9661,,0.700,0,813.9
6360,5,210,edge-22,2,edge,300.0,0.2000,0.0100,59,3.603,1.0000,2,0.9470,,0.700,0,813.9
6361,5,210,edge-22,2,edge,400.0,0.2000,0.0100,66,3.753,1.0000,2,0.9280,,0.700,0,813.9
6362,5,210,edge-22,2,edge,500.0,0.2000,0.0100,64,3.669,1.0000,2,0.9089,,0.700,0,813.9
6363,5,210,edge-22,2,edge,600.0,0.2000,0.0100,70,3.819,1.0000,2,0.8899,,0.700,0,813.9
6364,5,210,edge-22,2,edge,700.0,0.2000,0.0100,66,3.719,1.0000,1,0.8708,,0.700,1,813.9
6365,5,210,edge-22,2,edge,800.0,0.2000,0.0100,68,3.769,1.0000,1,0.8518,,0.700,1,813.9
6366,5,214,edge-23,2,edge,0.0,0.0000,0.0100,0,1.728,,1,1.0000,,0.700,0,3815.1
6367,5,214,edge-23,2,edge,100.0,0.0800,0.0100,17,2.428,1.0000,1,0.9851,,0.700,0,3815.1
6368,5,214,edge-23,2,edge,200.0,0.2000,0.0100,64,3.578,1.0000,1,0.9661,,0.700,0,3815.1
6369,5,214,edge-23,2,edge,300.0,0.2000,0.0100,68,3.678,1.0000,1,0.9470,,0.700,0,3815.1
6370,5,214,edge-23,2,edge,400.0,0.2000,0.0100,66,3.628,1.0000,1,0.9280,,0.700,0,3815.1
6371,5,214,edge-23,2,edge,500.0,0.2000,0.0100,64,3.559,1.0000,0,0.9089,,0.700,0,3815.1
6372,5,214,edge-23,2,edge,600.0,0.2000,0.0100,61,3.340,1.0000,1,0.8899,,0.700,0,3815.1
6373,5,214,edge-23,2,edge,700.0,0.2000,0.0100,66,3.440,1.0000,1,0.8708,,0.700,0,3815.1
6374,5,214,edge-23,2,edge,800.0,0.2000,0.0100,64,3.610,1.0000,2,0.8518,,0.700,0,3815.1
6375,5,214,edge-23,2,edge,900.0,0.2000,0.0100,66,3.436,1.0000,3,0.8328,,0.700,0,3815.1
6376,5,214,edge-23,2,edge,1000.0,0.2000,0.0100,64,3.866,1.0000,3,0.8137,,0.700,0,3815.1
6377,5,214,edge-23,2,edge,1100.0,0.2000,0.0100,64,3.866,1.0000,2,0.7947,,0.700,0,3815.1
6378,5,214,edge-23,2,edge,1200.0,0.2000,0.0100,70,4.016,1.0000,2,0.7756,,0.700,0,3815.1
6379,5,214,edge-23,2,edge,1300.0,0.2010,0.0100,107,4.724,1.0000,2,0.7566,,0.700,0,3815.1
6380,5,214,edge-23,2,edge,1400.0,0.2014,0.0100,115,4.839,1.0000,1,0.7375,,0.700,0,3815.1
6381,5,214,edge-23,2,edge,1500.0,0.2000,0.0100,64,3.611,1.0000,2,0.7185,,0.700,0,3815.1
6382,5,214,edge-23,2,edge,1600.0,0.2000,0.0100,66,3.661,1.0000,2,0.6994,,0.700,0,3815.1
6383,5,214,edge-23,2,edge,1700.0,0.2000,0.0100,70,3.761,1.0000,2,0.6804,,0.700,0,3815.1
6384,5,214,edge-23,2,edge,1800.0,0.2000,0.0100,66,3.661,1.0000,1,0.6613,,0.700,0,3815.1
6385,5,214,edge-23,2,edge,1900.0,0.2000,0.0100,64,3.611,1.0000,1,0.6423,,0.700,0,3815.1
6386,5,214,edge-23,2,edge,2000.0,0.2000,0.0100,59,3.511,1.0000,0,0.6232,,0.700,0,3815.1
6387,5,214,edge-23,2,edge,2100.0,0.2000,0.0100,66,3.686,1.0000,0,0.6042,,0.700,0,3815.1
6388,5,214,edge-23,2,edge,2200.0,0.2000,0.0100,70,3.711,1.0000,0,0.5851,,0.700,0,3815.1
6389,5,214,edge-23,2,edge,2300.0,0.2000,0.0100,64,3.561,1.0000,0,0.5661,,0.700,0,3815.1
6390,5,214,edge-23,2,edge,2400.0,0.2000,0.0100,66,3.611,1.0000,0,0.5470,,0.700,0,3815.1
6391,5,214,edge-23,2,edge,2500.0,0.2000,0.0100,64,3.541,1.0000,1,0.5280,,0.700,0,3815.1
6392,5,214,edge-23,2,edge,2600.0,0.2000,0.0100,70,3.814,1.0000,1,0.5089,,0.700,0,3815.1
6393,5,214,edge-23,2,edge,2700.0,0.2011,0.0100,111,4.585,1.0000,2,0.4899,,0.700,0,3815.1
6394,5,214,edge-23,2,edge,2800.0,0.2000,0.0100,66,3.453,1.0000,3,0.4708,,0.700,0,3815.1
6395,5,214,edge-23,2,edge,2900.0,0.2004,0.0100,86,4.114,1.0000,4,0.4518,,0.700,0,3815.1
6396,5,214,edge-23,2,edge,3000.0,0.2000,0.0100,70,3.645,1.0000,4,0.4328,,0.700,0,3815.1
6397,5,214,edge-23,2,edge,3100.0,0.2000,0.0100,66,3.545,1.0000,4,0.4137,,0.700,0,3815.1
6398,5,214,edge-23,2,edge,3200.0,0.2000,0.0100,61,3.445,1.0000,3,0.3947,,0.700,0,3815.1
6399,5,214,edge-23,2,edge,3300.0,0.2000,0.0100,64,3.495,1.0000,2,0.3756,,0.700,0,3815.1
6400,5,214,edge-23,2,edge,3400.0,0.2000,0.0100,66,3.690,1.0000,2,0.3566,,0.700,0,3815.1
6401,5,214,edge-23,2,edge,3500.0,0.2000,0.0100,66,3.639,1.0000,2,0.3375,,0.700,0,3815.1
6402,5,214,edge-23,2,edge,3600.0,0.2000,0.0100,66,3.914,1.0000,2,0.3185,,0.700,0,3815.1
6403,5,214,edge-23,2,edge,3700.0,0.2000,0.0100,64,3.864,1.0000,2,0.2994,,0.700,1,3815.1
6404,5,214,edge-23,2,edge,3800.0,0.2000,0.0100,66,3.914,1.0000,2,0.2804,,0.700,1,3815.1
6405,5,218,edge-24,2,edge,0.0,0.0000,0.0100,0,1.801,,1,1.0000,,0.700,0,
6406,5,218,edge-24,2,edge,100.0,0.0800,0.0100,12,2.401,1.0000,1,0.9851,,0.700,0,
6407,5,218,edge-24,2,edge,200.0,0.2025,0.0100,151,5.336,1.0000,1,0.9661,,0.700,0,
6408,5,218,edge-24,2,edge,300.0,0.2015,0.0100,116,4.611,1.0000,1,0.9470,,0.700,0,
6409,5,218,edge-24,2,edge,400.0,0.2008,0.0100,98,4.331,1.0000,1,0.9280,,0.700,0,
6410,5,218,edge-24,2,edge,500.0,0.2006,0.0100,85,4.071,1.0000,0,0.9089,,0.700,0,
6411,5,218,edge-24,2,edge,600.0,0.2000,0.0100,70,3.934,1.0000,1,0.8899,,0.700,0,
6412,5,218,edge-24,2,edge,700.0,0.2000,0.0100,70,3.695,1.0000,1,0.8708,,0.700,0,
6413,5,218,edge-24,2,edge,800.0,0.2000,0.0100,66,3.595,1.0000,1,0.8518,,0.700,0,
6414,5,218,edge-24,2,edge,900.0,0.2000,0.0100,66,3.595,1.0000,1,0.8328,,0.700,0,
6415,5,218,edge-24,2,edge,1000.0,0.2000,0.0100,66,3.852,1.0000,2,0.8137,,0.700,0,
6416,5,218,edge-24,2,edge,1100.0,0.2000,0.0100,61,3.752,1.0000,1,0.7947,,0.700,0,
6417,5,218,edge-24,2,edge,1200.0,0.2000,0.0100,64,3.802,1.0000,1,0.7756,,0.700,0,
6418,5,218,edge-24,2,edge,1300.0,0.2000,0.0100,68,3.902,1.0000,1,0.7566,,0.700,0,
6419,5,218,edge-24,2,edge,1400.0,0.2000,0.0100,70,3.952,1.0000,1,0.7375,,0.700,0,
6420,5,218,edge-24,2,edge,1500.0,0.2000,0.0100,64,3.802,1.0000,0,0.7185,,0.700,0,
6421,5,218,edge-24,2,edge,1600.0,0.2000,0.0100,59,3.702,1.0000,0,0.6994,,0.700,0,
6422,5,218,edge-24,2,edge,1700.0,0.2000,0.0100,66,3.852,1.0000,0,0.6804,,0.700,0,
6423,5,218,edge-24,2,edge,1800.0,0.2000,0.0100,68,3.902,1.0000,0,0.6613,,0.700,0,
6424,5,218,edge-24,2,edge,1900.0,0.2000,0.0100,68,3.547,1.0000,1,0.6423,,0.700,0,
6425,5,218,edge-24,2,edge,2000.0,0.2000,0.0100,66,3.610,1.0000,2,0.6232,,0.700,0,
6426,5,218,edge-24,2,edge,2100.0,0.2000,0.0100,68,3.705,1.0000,3,0.6042,,0.700,0,
6427,5,218,edge-24,2,edge,2200.0,0.2000,0.0100,70,3.755,1.0000,3,0.5851,,0.700,0,
6428,5,218,edge-24,2,edge,2300.0,0.2000,0.0100,68,3.705,1.0000,3,0.5661,,0.700,0,
6429,5,218,edge-24,2,edge,2400.0,0.2000,0.0100,88,4.133,1.0000,3,0.5470,,0.700,0,
6430,5,218,edge-24,2,edge,2500.0,0.2000,0.0100,92,4.233,1.0000,2,0.5280,,0.700,0,
6431,5,218,edge-24,2,edge,2600.0,0.2000,0.0100,107,4.633,1.0000,1,0.5089,,0.700,0,
6432,5,218,edge-24,2,edge,2700.0,0.2007,0.0100,108,4.503,1.0000,1,0.4899,,0.700,0,
6433,5,218,edge-24,2,edge,2800.0,0.2011,0.0100,110,4.373,1.0000,1,0.4708,,0.700,0,
6434,5,218,edge-24,2,edge,2900.0,0.2000,0.0100,63,3.496,1.0000,1,0.4518,,0.700,0,
6435,5,218,edge-24,2,edge,3000.0,0.2000,0.0100,68,3.641,1.0000,1,0.4328,,0.700,0,
6436,5,218,edge-24,2,edge,3100.0,0.2000,0.0100,61,3.491,1.0000,1,0.4137,,0.700,0,
6437,5,218,edge-24,2,edge,3200.0,0.2000,0.0100,66,3.608,1.0000,2,0.3947,,0.700,0,
6438,5,218,edge-24,2,edge,3300.0,0.2000,0.0100,61,3.492,1.0000,2,0.3756,,0.700,0,
6439,5,218,edge-24,2,edge,3400.0,0.2022,0.0100,122,4.580,1.0000,2,0.3566,,0.700,0,
6440,5,218,edge-24,2,edge,3500.0,0.2024,0.0100,123,4.630,1.0000,2,0.3375,,0.700,0,
6441,5,218,edge-24,2,edge,3600.0,0.2027,0.0100,138,4.845,1.0000,2,0.3185,,0.700,0,
6442,5,218,edge-24,2,edge,3700.0,0.2024,0.0100,122,4.646,1.0000,1,0.2994,,0.700,0,
6443,5,218,edge-24,2,edge,3800.0,0.2000,0.0100,65,3.481,1.0000,2,0.2804,,0.700,0,
6444,5,218,edge-24,2,edge,3900.0,0.2024,0.0100,126,4.639,1.0000,2,0.2613,,0.700,0,
6445,5,218,edge-24,2,edge,4000.0,0.2020,0.0100,115,4.360,1.0000,3,0.2423,,0.700,0,
6446,5,218,edge-24,2,edge,4100.0,0.2003,0.0100,68,3.480,1.0000,4,0.2232,,0.700,0,
6447,5,218,edge-24,2,edge,4200.0,0.2000,0.0100,66,3.507,1.0000,5,0.2042,,0.700,0,
6448,5,218,edge-24,2,edge,4300.0,0.2000,0.0100,64,3.758,1.0000,4,0.1851,,0.700,0,
6449,5,218,edge-24,2,edge,4400.0,0.2000,0.0100,61,3.708,1.0000,3,0.1661,,0.700,0,
6450,5,218,edge-24,2,edge,4500.0,0.2000,0.0100,68,3.489,1.0000,3,0.1470,,0.700,0,
6451,5,218,edge-24,2,edge,4600.0,0.2000,0.0100,66,3.439,1.0000,2,0.1280,,0.700,0,
6452,5,218,edge-24,2,edge,4700.0,0.2008,0.0100,101,4.307,1.0000,2,0.1089,,0.700,0,
6453,5,218,edge-24,2,edge,4800.0,0.2032,0.0100,167,5.487,1.0000,2,0.0899,,0.700,0,
6454,5,218,edge-24,2,edge,4900.0,0.2003,0.0100,210,7.561,1.0000,3,0.0708,,0.700,0,
6455,5,218,edge-24,2,edge,5000.0,0.2000,0.0100,119,4.996,1.0000,2,0.0518,,0.700,0,
6456,5,222,edge-25,2,edge,0.0,0.0000,0.0100,0,1.580,,1,1.0000,,0.700,0,1689.7
6457,5,222,edge-25,2,edge,100.0,0.0806,0.0100,29,2.545,1.0000,1,0.9851,,0.700,0,1689.7
6458,5,222,edge-25,2,edge,200.0,0.2003,0.0100,72,3.763,1.0000,2,0.9661,,0.700,0,1689.7
6459,5,222,edge-25,2,edge,300.0,0.2000,0.0100,66,3.458,1.0000,3,0.9470,,0.700,0,1689.7
6460,5,222,edge-25,2,edge,400.0,0.2000,0.0100,66,3.682,1.0000,3,0.9280,,0.700,0,1689.7
6461,5,222,edge-25,2,edge,500.0,0.2000,0.0100,68,3.732,1.0000,2,0.9089,,0.700,0,1689.7
6462,5,222,edge-25,2,edge,600.0,0.2000,0.0100,66,3.682,1.0000,2,0.8899,,0.700,0,1689.7
6463,5,222,edge-25,2,edge,700.0,0.2000,0.0100,70,3.782,1.0000,1,0.8708,,0.700,0,1689.7
6464,5,222,edge-25,2,edge,800.0,0.2000,0.0100,61,3.485,1.0000,1,0.8518,,0.700,0,1689.7
6465,5,222,edge-25,2,edge,900.0,0.2000,0.0100,68,3.635,1.0000,1,0.8328,,0.700,0,1689.7
6466,5,222,edge-25,2,edge,1000.0,0.2000,0.0100,70,3.685,1.0000,1,0.8137,,0.700,0,1689.7
6467,5,222,edge-25,2,edge,1100.0,0.2000,0.0100,68,3.635,1.0000,1,0.7947,,0.700,0,1689.7
6468,5,222,edge-25,2,edge,1200.0,0.2000,0.0100,64,3.535,1.0000,1,0.7756,,0.700,0,1689.7
6469,5,222,edge-25,2,edge,1300.0,0.2000,0.0100,64,3.535,1.0000,0,0.7566,,0.700,0,1689.7
6470,5,222,edge-25,2,edge,1400.0,0.2000,0.0100,66,3.585,1.0000,0,0.7375,,0.700,0,1689.7
6471,5,222,edge-25,2,edge,1500.0,0.2000,0.0100,68,3.635,1.0000,0,0.7185,,0.700,1,1689.7
6472,5,222,edge-25,2,edge,1600.0,0.2000,0.0100,59,3.367,1.0000,1,0.6994,,0.700,1,1689.7
6473,5,226,edge-26,2,edge,0.0,0.0000,0.0100,0,1.915,,1,1.0000,,0.700,0,
6474,5,226,edge-26,2,edge,100.0,0.0804,0.0100,20,2.730,1.0000,1,0.9851,,0.700,0,
6475,5,226,edge-26,2,edge,200.0,0.2025,0.0100,124,4.750,1.0000,1,0.9661,,0.700,0,
6476,5,226,edge-26,2,edge,300.0,0.2024,0.0100,125,4.750,1.0000,1,0.9470,,0.700,0,
6477,5,226,edge-26,2,edge,400.0,0.2000,0.0100,65,3.656,1.0000,2,0.9280,,0.700,0,
6478,5,226,edge-26,2,edge,500.0,0.2000,0.0100,64,3.528,1.0000,2,0.9089,,0.700,0,
6479,5,226,edge-26,2,edge,600.0,0.2000,0.0100,64,3.663,1.0000,3,0.8899,,0.700,0,
6480,5,226,edge-26,2,edge,700.0,0.2000,0.0100,66,3.564,1.0000,4,0.8708,,0.700,0,
6481,5,226,edge-26,2,edge,800.0,0.2000,0.0100,64,3.568,1.0000,5,0.8518,,0.700,0,
6482,5,226,edge-26,2,edge,900.0,0.2000,0.0100,66,3.527,1.0000,5,0.8328,,0.700,0,
6483,5,226,edge-26,2,edge,1000.0,0.2027,0.0100,136,4.900,1.0000,5,0.8137,,0.700,0,
6484,5,226,edge-26,2,edge,1100.0,0.2000,0.0100,65,3.472,1.0000,5,0.7947,,0.700,0,
6485,5,226,edge-26,2,edge,1200.0,0.2022,0.0100,125,4.470,1.0000,5,0.7756,,0.700,0,
6486,5,226,edge-26,2,edge,1300.0,0.2000,0.0100,63,3.552,1.0000,5,0.7566,,0.700,0,
6487,5,226,edge-26,2,edge,1400.0,0.2000,0.0100,70,3.765,1.0000,5,0.7375,,0.700,0,
6488,5,226,edge-26,2,edge,1500.0,0.2000,0.0100,64,3.615,1.0000,4,0.7185,,0.700,0,
6489,5,226,edge-26,2,edge,1600.0,0.2000,0.0100,61,3.565,1.0000,3,0.6994,,0.700,0,
6490,5,226,edge-26,2,edge,1700.0,0.2011,0.0100,107,4.394,1.0000,3,0.6804,,0.700,0,
6491,5,226,edge-26,2,edge,1800.0,0.2000,0.0100,70,3.824,1.0000,3,0.6613,,0.700,0,
6492,5,226,edge-26,2,edge,1900.0,0.2024,0.0100,128,4.586,1.0000,3,0.6423,,0.700,0,
6493,5,226,edge-26,2,edge,2000.0,0.2000,0.0100,70,3.705,1.0000,4,0.6232,,0.700,0,
6494,5,226,edge-26,2,edge,2100.0,0.2000,0.0100,68,3.650,1.0000,5,0.6042,,0.700,0,
6495,5,226,edge-26,2,edge,2200.0,0.2000,0.0100,64,3.530,1.0000,5,0.5851,,0.700,0,
6496,5,226,edge-26,2,edge,2300.0,0.2000,0.0100,64,3.406,1.0000,5,0.5661,,0.700,0,
6497,5,226,edge-26,2,edge,2400.0,0.2025,0.0100,132,4.706,1.0000,5,0.5470,,0.700,0,
6498,5,226,edge-26,2,edge,2500.0,0.2022,0.0100,127,4.554,1.0000,5,0.5280,,0.700,0,
6499,5,226,edge-26,2,edge,2600.0,0.2025,0.0100,123,4.464,1.0000,4,0.5089,,0.700,0,
6500,5,226,edge-26,2,edge,2700.0,0.2025,0.0100,130,4.569,1.0000,3,0.4899,,0.700,0,
6501,5,226,edge-26,2,edge,2800.0,0.2022,0.0100,123,4.521,1.0000,3,0.4708,,0.700,0,
6502,5,226,edge-26,2,edge,2900.0,0.2025,0.0100,126,4.536,1.0000,2,0.4518,,0.700,0,
6503,5,226,edge-26,2,edge,3000.0,0.2027,0.0100,135,4.691,1.0000,1,0.4328,,0.700,0,
6504,5,226,edge-26,2,edge,3100.0,0.2000,0.0100,65,3.497,1.0000,2,0.4137,,0.700,0,
6505,5,226,edge-26,2,edge,3200.0,0.2000,0.0100,66,3.542,1.0000,2,0.3947,,0.700,0,
6506,5,226,edge-26,2,edge,3300.0,0.2000,0.0100,68,3.592,1.0000,1,0.3756,,0.700,0,
6507,5,226,edge-26,2,edge,3400.0,0.2000,0.0100,70,3.642,1.0000,1,0.3566,,0.700,0,
6508,5,226,edge-26,2,edge,3500.0,0.2000,0.0100,66,3.542,1.0000,1,0.3375,,0.700,0,
6509,5,226,edge-26,2,edge,3600.0,0.2000,0.0100,68,3.592,1.0000,0,0.3185,,0.700,0,
6510,5,226,edge-26,2,edge,3700.0,0.2000,0.0100,64,3.492,1.0000,0,0.2994,,0.700,0,
6511,5,226,edge-26,2,edge,3800.0,0.2000,0.0100,66,3.688,1.0000,1,0.2804,,0.700,0,
6512,5,226,edge-26,2,edge,3900.0,0.2000,0.0100,66,3.688,1.0000,1,0.2613,,0.700,0,
6513,5,226,edge-26,2,edge,4000.0,0.2000,0.0100,66,3.688,1.0000,1,0.2423,,0.700,0,
6514,5,226,edge-26,2,edge,4100.0,0.2000,0.0100,70,3.788,1.0000,1,0.2232,,0.700,0,
6515,5,226,edge-26,2,edge,4200.0,0.2000,0.0100,66,3.688,1.0000,1,0.2042,,0.700,0,
6516,5,226,edge-26,2,edge,4300.0,0.2000,0.0100,61,3.588,1.0000,0,0.1851,,0.700,0,
6517,5,226,edge-26,2,edge,4400.0,0.2000,0.0100,59,3.538,1.0000,0,0.1661,,0.700,0,
6518,5,226,edge-26,2,edge,4500.0,0.2000,0.0100,64,3.638,1.0000,0,0.1470,,0.700,0,
6519,5,226,edge-26,2,edge,4600.0,0.2000,0.0100,66,3.688,1.0000,0,0.1280,,0.700,0,
6520,5,226,edge-26,2,edge,4700.0,0.2000,0.0100,66,3.591,1.0000,1,0.1089,,0.700,0,
6521,5,226,edge-26,2,edge,4800.0,0.2000,0.0100,68,3.641,1.0000,1,0.0899,,0.700,0,
6522,5,226,edge-26,2,edge,4900.0,0.2000,0.0100,70,3.691,1.0000,1,0.0708,,0.700,0,
6523,5,226,edge-26,2,edge,5000.0,0.2000,0.0100,64,3.541,1.0000,1,0.0518,,0.700,0,
6524,5,230,edge-27,2,edge,0.0,0.0000,0.0100,0,1.689,,1,1.0000,,0.700,0,4657.5
6525,5,230,edge-27,2,edge,100.0,0.0800,0.0100,14,2.339,1.0000,1,0.9851,,0.700,0,4657.5
6526,5,230,edge-27,2,edge,200.0,0.2000,0.0100,64,3.539,1.0000,1,0.9661,,0.700,0,4657.5
6527,5,230,edge-27,2,edge,300.0,0.2000,0.0100,80,3.915,1.0000,2,0.9470,,0.700,0,4657.5
6528,5,230,edge-27,2,edge,400.0,0.2000,0.0100,88,4.065,1.0000,2,0.9280,,0.700,0,4657.5
6529,5,230,edge-27,2,edge,500.0,0.2000,0.0100,115,5.083,1.0000,2,0.9089,,0.700,0,4657.5
6530,5,230,edge-27,2,edge,600.0,0.2010,0.0100,121,4.913,1.0000,2,0.8899,,0.700,0,4657.5
6531,5,230,edge-27,2,edge,700.0,0.2015,0.0100,123,4.838,1.0000,2,0.8708,,0.700,0,4657.5
6532,5,230,edge-27,2,edge,800.0,0.2000,0.0100,81,4.025,1.0000,2,0.8518,,0.700,0,4657.5
6533,5,230,edge-27,2,edge,900.0,0.2000,0.0100,68,3.778,1.0000,3,0.8328,,0.700,0,4657.5
6534,5,230,edge-27,2,edge,1000.0,0.2000,0.0100,70,3.828,1.0000,2,0.8137,,0.700,0,4657.5
6535,5,230,edge-27,2,edge,1100.0,0.2000,0.0100,68,4.012,1.0000,3,0.7947,,0.700,0,4657.5
6536,5,230,edge-27,2,edge,1200.0,0.2000,0.0100,66,3.962,1.0000,3,0.7756,,0.700,0,4657.5
6537,5,230,edge-27,2,edge,1300.0,0.2000,0.0100,66,3.962,1.0000,2,0.7566,,0.700,0,4657.5
6538,5,230,edge-27,2,edge,1400.0,0.2000,0.0100,68,4.012,1.0000,1,0.7375,,0.700,0,4657.5
6539,5,230,edge-27,2,edge,1500.0,0.2000,0.0100,66,3.962,1.0000,1,0.7185,,0.700,0,4657.5
6540,5,230,edge-27,2,edge,1600.0,0.2000,0.0100,64,3.912,1.0000,0,0.6994,,0.700,0,4657.5
6541,5,230,edge-27,2,edge,1700.0,0.2000,0.0100,66,3.962,1.0000,0,0.6804,,0.700,0,4657.5
6542,5,230,edge-27,2,edge,1800.0,0.2000,0.0100,61,3.505,1.0000,0,0.6613,,0.700,0,4657.5
6543,5,230,edge-27,2,edge,1900.0,0.2000,0.0100,66,3.605,1.0000,0,0.6423,,0.700,0,4657.5
6544,5,230,edge-27,2,edge,2000.0,0.2000,0.0100,70,3.705,1.0000,0,0.6232,,0.700,0,4657.5
6545,5,230,edge-27,2,edge,2100.0,0.2000,0.0100,66,3.605,1.0000,0,0.6042,,0.700,0,4657.5
6546,5,230,edge-27,2,edge,2200.0,0.2000,0.0100,66,3.734,1.0000,1,0.5851,,0.700,0,4657.5
6547,5,230,edge-27,2,edge,2300.0,0.2000,0.0100,64,3.684,1.0000,1,0.5661,,0.700,0,4657.5
6548,5,230,edge-27,2,edge,2400.0,0.2000,0.0100,68,3.601,1.0000,2,0.5470,,0.700,0,4657.5
6549,5,230,edge-27,2,edge,2500.0,0.2000,0.0100,54,3.301,1.0000,2,0.5280,,0.700,0,4657.5
6550,5,230,edge-27,2,edge,2600.0,0.2000,0.0100,66,3.753,1.0000,3,0.5089,,0.700,0,4657.5
6551,5,230,edge-27,2,edge,2700.0,0.2000,0.0100,64,3.703,1.0000,2,0.4899,,0.700,0,4657.5
6552,5,230,edge-27,2,edge,2800.0,0.2000,0.0100,70,3.853,1.0000,2,0.4708,,0.700,0,4657.5
6553,5,230,edge-27,2,edge,2900.0,0.2000,0.0100,68,3.769,1.0000,2,0.4518,,0.700,0,4657.5
6554,5,230,edge-27,2,edge,3000.0,0.2000,0.0100,64,3.669,1.0000,2,0.4328,,0.700,0,4657.5
6555,5,230,edge-27,2,edge,3100.0,0.2000,0.0100,66,3.719,1.0000,1,0.4137,,0.700,0,4657.5
6556,5,230,edge-27,2,edge,3200.0,0.2000,0.0100,66,3.719,1.0000,1,0.3947,,0.700,0,4657.5
6557,5,230,edge-27,2,edge,3300.0,0.2000,0.0100,66,3.476,1.0000,2,0.3756,,0.700,0,4657.5
6558,5,230,edge-27,2,edge,3400.0,0.2000,0.0100,66,3.476,1.0000,1,0.3566,,0.700,0,4657.5
6559,5,230,edge-27,2,edge,3500.0,0.2000,0.0100,66,3.476,1.0000,1,0.3375,,0.700,0,4657.5
6560,5,230,edge-27,2,edge,3600.0,0.2000,0.0100,61,3.650,1.0000,2,0.3185,,0.700,0,4657.5
6561,5,230,edge-27,2,edge,3700.0,0.2000,0.0100,66,3.750,1.0000,2,0.2994,,0.700,0,4657.5
6562,5,230,edge-27,2,edge,3800.0,0.2000,0.0100,70,3.616,1.0000,2,0.2804,,0.700,0,4657.5
6563,5,230,edge-27,2,edge,3900.0,0.2024,0.0100,126,4.742,1.0000,3,0.2613,,0.700,0,4657.5
6564,5,230,edge-27,2,edge,4000.0,0.2000,0.0100,65,3.414,1.0000,4,0.2423,,0.700,0,4657.5
6565,5,230,edge-27,2,edge,4100.0,0.2025,0.0100,136,4.782,1.0000,4,0.2232,,0.700,0,4657.5
6566,5,230,edge-27,2,edge,4200.0,0.2000,0.0100,53,3.518,1.0000,5,0.2042,,0.700,0,4657.5
6567,5,230,edge-27,2,edge,4300.0,0.2000,0.0100,68,3.518,1.0000,5,0.1851,,0.700,0,4657.5
6568,5,230,edge-27,2,edge,4400.0,0.2000,0.0100,64,3.418,1.0000,4,0.1661,,0.700,0,4657.5
6569,5,230,edge-27,2,edge,4500.0,0.2008,0.0100,106,4.436,1.0000,4,0.1470,,0.700,1,4657.5
6570,5,230,edge-27,2,edge,4600.0,0.2024,0.0100,126,4.641,1.0000,4,0.1280,,0.700,1,4657.5
6571,5,234,edge-28,2,edge,0.0,0.0000,0.0100,0,2.014,,1,1.0000,,0.700,0,
6572,5,234,edge-28,2,edge,100.0,0.0800,0.0100,17,2.714,1.0000,1,0.9851,,0.700,0,
6573,5,234,edge-28,2,edge,200.0,0.2000,0.0100,64,3.864,1.0000,1,0.9661,,0.700,0,
6574,5,234,edge-28,2,edge,300.0,0.2000,0.0100,102,4.921,1.0000,2,0.9470,,0.700,0,
6575,5,234,edge-28,2,edge,400.0,0.2003,0.0100,84,4.381,1.0000,2,0.9280,,0.700,0,
6576,5,234,edge-28,2,edge,500.0,0.2000,0.0100,64,3.603,1.0000,2,0.9089,,0.700,0,
6577,5,234,edge-28,2,edge,600.0,0.2032,0.0100,153,5.197,1.0000,3,0.8899,,0.700,0,
6578,5,234,edge-28,2,edge,700.0,0.2000,0.0100,63,3.752,1.0000,4,0.8708,,0.700,0,
6579,5,234,edge-28,2,edge,800.0,0.2000,0.0100,64,3.775,1.0000,3,0.8518,,0.700,0,
6580,5,234,edge-28,2,edge,900.0,0.2000,0.0100,64,3.991,1.0000,4,0.8328,,0.700,0,
6581,5,234,edge-28,2,edge,1000.0,0.2000,0.0100,64,3.557,1.0000,4,0.8137,,0.700,0,
6582,5,234,edge-28,2,edge,1100.0,0.2000,0.0100,83,4.426,1.0000,4,0.7947,,0.700,0,
6583,5,234,edge-28,2,edge,1200.0,0.2000,0.0100,66,3.855,1.0000,4,0.7756,,0.700,0,
6584,5,234,edge-28,2,edge,1300.0,0.2000,0.0100,66,3.855,1.0000,4,0.7566,,0.700,0,
6585,5,234,edge-28,2,edge,1400.0,0.2000,0.0100,66,3.855,1.0000,3,0.7375,,0.700,0,
6586,5,234,edge-28,2,edge,1500.0,0.2000,0.0100,66,3.855,1.0000,2,0.7185,,0.700,0,
6587,5,234,edge-28,2,edge,1600.0,0.2000,0.0100,59,3.705,1.0000,1,0.6994,,0.700,0,
6588,5,234,edge-28,2,edge,1700.0,0.2000,0.0100,66,3.985,1.0000,1,0.6804,,0.700,0,
6589,5,234,edge-28,2,edge,1800.0,0.2000,0.0100,66,3.985,1.0000,1,0.6613,,0.700,0,
6590,5,234,edge-28,2,edge,1900.0,0.2000,0.0100,68,3.735,1.0000,2,0.6423,,0.700,0,
6591,5,234,edge-28,2,edge,2000.0,0.2000,0.0100,64,3.635,1.0000,2,0.6232,,0.700,0,
6592,5,234,edge-28,2,edge,2100.0,0.2000,0.0100,61,3.585,1.0000,2,0.6042,,0.700,0,
6593,5,234,edge-28,2,edge,2200.0,0.2000,0.0100,66,3.685,1.0000,1,0.5851,,0.700,0,
6594,5,234,edge-28,2,edge,2300.0,0.2000,0.0100,66,4.001,1.0000,1,0.5661,,0.700,0,
6595,5,234,edge-28,2,edge,2400.0,0.2000,0.0100,84,4.220,1.0000,1,0.5470,,0.700,0,
6596,5,234,edge-28,2,edge,2500.0,0.2000,0.0100,75,3.920,1.0000,1,0.5280,,0.700,0,
6597,5,234,edge-28,2,edge,2600.0,0.2000,0.0100,68,3.729,1.0000,2,0.5089,,0.700,0,
6598,5,234,edge-28,2,edge,2700.0,0.2000,0.0100,86,4.427,1.0000,3,0.4899,,0.700,0,
6599,5,234,edge-28,2,edge,2800.0,0.2000,0.0100,81,4.277,1.0000,3,0.4708,,0.700,0,
6600,5,234,edge-28,2,edge,2900.0,0.2000,0.0100,68,3.605,1.0000,3,0.4518,,0.700,0,
6601,5,234,edge-28,2,edge,3000.0,0.2000,0.0100,66,3.555,1.0000,3,0.4328,,0.700,0,
6602,5,234,edge-28,2,edge,3100.0,0.2000,0.0100,68,3.605,1.0000,2,0.4137,,0.700,0,
6603,5,234,edge-28,2,edge,3200.0,0.2010,0.0100,106,4.602,1.0000,2,0.3947,,0.700,0,
6604,5,234,edge-28,2,edge,3300.0,0.2000,0.0100,66,3.723,1.0000,3,0.3756,,0.700,0,
6605,5,234,edge-28,2,edge,3400.0,0.2011,0.0100,126,5.101,1.0000,3,0.3566,,0.700,0,
6606,5,234,edge-28,2,edge,3500.0,0.2000,0.0100,61,3.547,1.0000,4,0.3375,,0.700,0,
6607,5,234,edge-28,2,edge,3600.0,0.2000,0.0100,59,3.497,1.0000,4,0.3185,,0.700,0,
6608,5,234,edge-28,2,edge,3700.0,0.2000,0.0100,66,3.647,1.0000,3,0.2994,,0.700,0,
6609,5,234,edge-28,2,edge,3800.0,0.2000,0.0100,68,3.697,1.0000,2,0.2804,,0.700,0,
6610,5,234,edge-28,2,edge,3900.0,0.2000,0.0100,68,3.937,1.0000,1,0.2613,,0.700,0,
6611,5,234,edge-28,2,edge,4000.0,0.2000,0.0100,68,3.650,1.0000,0,0.2423,,0.700,0,
6612,5,234,edge-28,2,edge,4100.0,0.2000,0.0100,115,4.899,1.0000,1,0.2232,,0.700,0,
6613,5,234,edge-28,2,edge,4200.0,0.2000,0.0100,122,5.149,1.0000,1,0.2042,,0.700,0,
6614,5,234,edge-28,2,edge,4300.0,0.2000,0.0100,68,3.830,1.0000,2,0.1851,,0.700,0,
6615,5,234,edge-28,2,edge,4400.0,0.2000,0.0100,68,3.830,1.0000,2,0.1661,,0.700,0,
6616,5,234,edge-28,2,edge,4500.0,0.2000,0.0100,68,3.830,1.0000,2,0.1470,,0.700,0,
6617,5,234,edge-28,2,edge,4600.0,0.2000,0.0100,66,3.600,1.0000,2,0.1280,,0.700,0,
6618,5,234,edge-28,2,edge,4700.0,0.2000,0.0100,66,3.756,1.0000,3,0.1089,,0.700,0,
6619,5,234,edge-28,2,edge,4800.0,0.2000,0.0100,61,3.486,1.0000,3,0.0899,,0.700,0,
6620,5,234,edge-28,2,edge,4900.0,0.2000,0.0100,68,3.636,1.0000,3,0.0708,,0.700,0,
6621,5,234,edge-28,2,edge,5000.0,0.2000,0.0100,61,3.668,1.0000,4,0.0518,,0.700,0,
6622,5,238,edge-29,2,edge,0.0,0.0000,0.0100,0,1.691,,1,1.0000,,0.700,0,4592.8
6623,5,238,edge-29,2,edge,100.0,0.0800,0.0100,14,2.341,1.0000,1,0.9851,,0.700,0,4592.8
6624,5,238,edge-29,2,edge,200.0,0.2000,0.0100,66,3.608,1.0000,2,0.9661,,0.700,0,4592.8
6625,5,238,edge-29,2,edge,300.0,0.2000,0.0100,66,3.592,1.0000,2,0.9470,,0.700,0,4592.8
6626,5,238,edge-29,2,edge,400.0,0.2010,0.0100,109,4.585,1.0000,3,0.9280,,0.700,0,4592.8
6627,5,238,edge-29,2,edge,500.0,0.2022,0.0100,151,5.375,1.0000,2,0.9089,,0.700,0,4592.8
6628,5,238,edge-29,2,edge,600.0,0.2041,0.0100,167,5.295,1.0000,2,0.8899,,0.700,0,4592.8
6629,5,238,edge-29,2,edge,700.0,0.2028,0.0100,130,4.761,1.0000,1,0.8708,,0.700,0,4592.8
6630,5,238,edge-29,2,edge,800.0,0.2000,0.0100,68,3.531,1.0000,2,0.8518,,0.700,0,4592.8
6631,5,238,edge-29,2,edge,900.0,0.2022,0.0100,130,4.784,1.0000,2,0.8328,,0.700,0,4592.8
6632,5,238,edge-29,2,edge,1000.0,0.2021,0.0100,118,4.415,1.0000,3,0.8137,,0.700,0,4592.8
6633,5,238,edge-29,2,edge,1100.0,0.2000,0.0100,63,3.420,1.0000,4,0.7947,,0.700,0,4592.8
6634,5,238,edge-29,2,edge,1200.0,0.2000,0.0100,68,3.557,1.0000,5,0.7756,,0.700,0,4592.8
6635,5,238,edge-29,2,edge,1300.0,0.2000,0.0100,66,3.808,1.0000,4,0.7566,,0.700,0,4592.8
6636,5,238,edge-29,2,edge,1400.0,0.2000,0.0100,66,3.808,1.0000,3,0.7375,,0.700,0,4592.8
6637,5,238,edge-29,2,edge,1500.0,0.2000,0.0100,64,3.389,1.0000,3,0.7185,,0.700,0,4592.8
6638,5,238,edge-29,2,edge,1600.0,0.2000,0.0100,66,3.439,1.0000,2,0.6994,,0.700,0,4592.8
6639,5,238,edge-29,2,edge,1700.0,0.2024,0.0100,131,4.657,1.0000,2,0.6804,,0.700,0,4592.8
6640,5,238,edge-29,2,edge,1800.0,0.2027,0.0100,131,4.577,1.0000,2,0.6613,,0.700,0,4592.8
6641,5,238,edge-29,2,edge,1900.0,0.2000,0.0100,86,4.096,1.0000,3,0.6423,,0.700,0,4592.8
6642,5,238,edge-29,2,edge,2000.0,0.2000,0.0100,82,3.946,1.0000,2,0.6232,,0.700,0,4592.8
6643,5,238,edge-29,2,edge,2100.0,0.2000,0.0100,64,3.645,1.0000,3,0.6042,,0.700,0,4592.8
6644,5,238,edge-29,2,edge,2200.0,0.2000,0.0100,68,3.593,1.0000,3,0.5851,,0.700,0,4592.8
6645,5,238,edge-29,2,edge,2300.0,0.2000,0.0100,90,4.266,1.0000,4,0.5661,,0.700,0,4592.8
6646,5,238,edge-29,2,edge,2400.0,0.2007,0.0100,98,4.393,1.0000,4,0.5470,,0.700,0,4592.8
6647,5,238,edge-29,2,edge,2500.0,0.2014,0.0100,118,4.718,1.0000,4,0.5280,,0.700,0,4592.8
6648,5,238,edge-29,2,edge,2600.0,0.2018,0.0100,128,4.928,1.0000,3,0.5089,,0.700,0,4592.8
6649,5,238,edge-29,2,edge,2700.0,0.2015,0.0100,128,4.878,1.0000,2,0.4899,,0.700,0,4592.8
6650,5,238,edge-29,2,edge,2800.0,0.2000,0.0100,66,3.667,1.0000,2,0.4708,,0.700,0,4592.8
6651,5,238,edge-29,2,edge,2900.0,0.2000,0.0100,68,3.717,1.0000,1,0.4518,,0.700,0,4592.8
6652,5,238,edge-29,2,edge,3000.0,0.2000,0.0100,68,3.717,1.0000,1,0.4328,,0.700,0,4592.8
6653,5,238,edge-29,2,edge,3100.0,0.2000,0.0100,64,3.617,1.0000,1,0.4137,,0.700,0,4592.8
6654,5,238,edge-29,2,edge,3200.0,0.2000,0.0100,59,3.517,1.0000,1,0.3947,,0.700,0,4592.8
6655,5,238,edge-29,2,edge,3300.0,0.2000,0.0100,70,3.767,1.0000,0,0.3756,,0.700,0,4592.8
6656,5,238,edge-29,2,edge,3400.0,0.2000,0.0100,89,4.157,1.0000,1,0.3566,,0.700,0,4592.8
6657,5,238,edge-29,2,edge,3500.0,0.2000,0.0100,68,3.728,1.0000,2,0.3375,,0.700,0,4592.8
6658,5,238,edge-29,2,edge,3600.0,0.2000,0.0100,66,3.544,1.0000,2,0.3185,,0.700,0,4592.8
6659,5,238,edge-29,2,edge,3700.0,0.2021,0.0100,115,4.301,1.0000,3,0.2994,,0.700,0,4592.8
6660,5,238,edge-29,2,edge,3800.0,0.2027,0.0100,138,4.639,1.0000,4,0.2804,,0.700,0,4592.8
6661,5,238,edge-29,2,edge,3900.0,0.2024,0.0100,128,4.434,1.0000,3,0.2613,,0.700,0,4592.8
6662,5,238,edge-29,2,edge,4000.0,0.2003,0.0100,65,3.440,1.0000,3,0.2423,,0.700,0,4592.8
6663,5,238,edge-29,2,edge,4100.0,0.2000,0.0100,64,3.475,1.0000,3,0.2232,,0.700,0,4592.8
6664,5,238,edge-29,2,edge,4200.0,0.2000,0.0100,64,3.438,1.0000,3,0.2042,,0.700,0,4592.8
6665,5,238,edge-29,2,edge,4300.0,0.2000,0.0100,66,3.422,1.0000,3,0.1851,,0.700,0,4592.8
6666,5,238,edge-29,2,edge,4400.0,0.2022,0.0100,129,4.644,1.0000,4,0.1661,,0.700,1,4592.8
6667,5,238,edge-29,2,edge,4500.0,0.2000,0.0100,98,4.366,1.0000,4,0.1470,,0.700,1,4592.8
6668,5,242,edge-30,2,edge,0.0,0.0000,0.0100,0,1.531,,1,1.0000,,0.700,0,3044.5
6669,5,242,edge-30,2,edge,100.0,0.0806,0.0100,32,2.546,1.0000,1,0.9851,,0.700,0,3044.5
6670,5,242,edge-30,2,edge,200.0,0.2003,0.0100,70,3.684,1.0000,2,0.9661,,0.700,0,3044.5
6671,5,242,edge-30,2,edge,300.0,0.2000,0.0100,85,4.115,1.0000,3,0.9470,,0.700,0,3044.5
6672,5,242,edge-30,2,edge,400.0,0.2000,0.0100,83,4.065,1.0000,3,0.9280,,0.700,0,3044.5
6673,5,242,edge-30,2,edge,500.0,0.2011,0.0100,140,5.454,1.0000,3,0.9089,,0.700,0,3044.5
6674,5,242,edge-30,2,edge,600.0,0.2000,0.0100,63,3.484,1.0000,4,0.8899,,0.700,0,3044.5
6675,5,242,edge-30,2,edge,700.0,0.2000,0.0100,66,3.579,1.0000,3,0.8708,,0.700,0,3044.5
6676,5,242,edge-30,2,edge,800.0,0.2000,0.0100,64,3.529,1.0000,2,0.8518,,0.700,0,3044.5
6677,5,242,edge-30,2,edge,900.0,0.2000,0.0100,68,3.629,1.0000,2,0.8328,,0.700,0,3044.5
6678,5,242,edge-30,2,edge,1000.0,0.2000,0.0100,61,3.479,1.0000,1,0.8137,,0.700,0,3044.5
6679,5,242,edge-30,2,edge,1100.0,0.2000,0.0100,66,3.579,1.0000,0,0.7947,,0.700,0,3044.5
6680,5,242,edge-30,2,edge,1200.0,0.2000,0.0100,64,3.529,1.0000,0,0.7756,,0.700,0,3044.5
6681,5,242,edge-30,2,edge,1300.0,0.2001,0.0100,69,3.582,1.0000,1,0.7566,,0.700,0,3044.5
6682,5,242,edge-30,2,edge,1400.0,0.2000,0.0100,68,3.728,1.0000,2,0.7375,,0.700,0,3044.5
6683,5,242,edge-30,2,edge,1500.0,0.2000,0.0100,81,4.065,1.0000,3,0.7185,,0.700,0,3044.5
6684,5,242,edge-30,2,edge,1600.0,0.2000,0.0100,64,3.654,1.0000,4,0.6994,,0.700,0,3044.5
6685,5,242,edge-30,2,edge,1700.0,0.2000,0.0100,89,4.625,1.0000,5,0.6804,,0.700,0,3044.5
6686,5,242,edge-30,2,edge,1800.0,0.2000,0.0100,66,3.748,1.0000,5,0.6613,,0.700,0,3044.5
6687,5,242,edge-30,2,edge,1900.0,0.2000,0.0100,66,3.748,1.0000,4,0.6423,,0.700,0,3044.5
6688,5,242,edge-30,2,edge,2000.0,0.2000,0.0100,66,3.748,1.0000,3,0.6232,,0.700,0,3044.5
6689,5,242,edge-30,2,edge,2100.0,0.2000,0.0100,68,3.798,1.0000,2,0.6042,,0.700,0,3044.5
6690,5,242,edge-30,2,edge,2200.0,0.2000,0.0100,66,3.748,1.0000,1,0.5851,,0.700,0,3044.5
6691,5,242,edge-30,2,edge,2300.0,0.2000,0.0100,70,3.848,1.0000,0,0.5661,,0.700,0,3044.5
6692,5,242,edge-30,2,edge,2400.0,0.2000,0.0100,64,3.908,1.0000,1,0.5470,,0.700,0,3044.5
6693,5,242,edge-30,2,edge,2500.0,0.2000,0.0100,66,3.958,1.0000,1,0.5280,,0.700,0,3044.5
6694,5,242,edge-30,2,edge,2600.0,0.2000,0.0100,66,3.958,1.0000,1,0.5089,,0.700,0,3044.5
6695,5,242,edge-30,2,edge,2700.0,0.2000,0.0100,64,3.908,1.0000,1,0.4899,,0.700,0,3044.5
6696,5,242,edge-30,2,edge,2800.0,0.2000,0.0100,70,3.797,1.0000,1,0.4708,,0.700,0,3044.5
6697,5,242,edge-30,2,edge,2900.0,0.2010,0.0100,107,4.692,1.0000,1,0.4518,,0.700,1,3044.5
6698,5,242,edge-30,2,edge,3000.0,0.2000,0.0100,64,3.719,1.0000,2,0.4328,,0.700,1,3044.5
6699,5,246,edge-31,2,edge,0.0,0.0000,0.0100,0,2.111,,1,1.0000,,0.700,0,1515.9
6700,5,246,edge-31,2,edge,100.0,0.0806,0.0100,32,3.126,1.0000,1,0.9851,,0.700,0,1515.9
6701,5,246,edge-31,2,edge,200.0,0.2013,0.0100,110,4.861,1.0000,1,0.9661,,0.700,0,1515.9
6702,5,246,edge-31,2,edge,300.0,0.2014,0.0100,113,4.956,1.0000,1,0.9470,,0.700,0,1515.9
6703,5,246,edge-31,2,edge,400.0,0.2000,0.0100,56,3.490,1.0000,2,0.9280,,0.700,0,1515.9
6704,5,246,edge-31,2,edge,500.0,0.2000,0.0100,66,3.749,1.0000,2,0.9089,,0.700,0,1515.9
6705,5,246,edge-31,2,edge,600.0,0.2000,0.0100,61,3.649,1.0000,2,0.8899,,0.700,0,1515.9
6706,5,246,edge-31,2,edge,700.0,0.2000,0.0100,64,3.699,1.0000,2,0.8708,,0.700,0,1515.9
6707,5,246,edge-31,2,edge,800.0,0.2000,0.0100,68,3.799,1.0000,2,0.8518,,0.700,0,1515.9
6708,5,246,edge-31,2,edge,900.0,0.2013,0.0100,127,5.292,1.0000,2,0.8328,,0.700,0,1515.9
6709,5,246,edge-31,2,edge,1000.0,0.2028,0.0100,152,5.502,1.0000,1,0.8137,,0.700,0,1515.9
6710,5,246,edge-31,2,edge,1100.0,0.2014,0.0100,103,4.552,1.0000,1,0.7947,,0.700,0,1515.9
6711,5,246,edge-31,2,edge,1200.0,0.2006,0.0100,95,4.627,1.0000,1,0.7756,,0.700,0,1515.9
6712,5,246,edge-31,2,edge,1300.0,0.2028,0.0100,177,6.297,1.0000,1,0.7566,,0.700,0,1515.9
6713,5,246,edge-31,2,edge,1400.0,0.2048,0.0100,178,5.722,1.0000,0,0.7375,,0.700,1,1515.9
6714,5,246,edge-31,2,edge,1500.0,0.2000,0.0100,98,4.770,1.0000,1,0.7185,,0.700,1,1515.9
6715,5,250,edge-32,2,edge,0.0,0.0000,0.0100,0,1.868,,1,1.0000,,0.700,0,4833.4
6716,5,250,edge-32,2,edge,100.0,0.0800,0.0100,17,2.568,1.0000,1,0.9851,,0.700,0,4833.4
6717,5,250,edge-32,2,edge,200.0,0.2010,0.0100,110,4.627,1.0000,2,0.9661,,0.700,0,4833.4
6718,5,250,edge-32,2,edge,300.0,0.2014,0.0100,112,4.592,1.0000,2,0.9470,,0.700,0,4833.4
6719,5,250,edge-32,2,edge,400.0,0.2022,0.0100,155,5.517,1.0000,2,0.9280,,0.700,0,4833.4
6720,5,250,edge-32,2,edge,500.0,0.2000,0.0100,65,3.573,1.0000,2,0.9089,,0.700,0,4833.4
6721,5,250,edge-32,2,edge,600.0,0.2000,0.0100,98,4.488,1.0000,3,0.8899,,0.700,0,4833.4
6722,5,250,edge-32,2,edge,700.0,0.2000,0.0100,66,3.589,1.0000,3,0.8708,,0.700,0,4833.4
6723,5,250,edge-32,2,edge,800.0,0.2000,0.0100,66,3.589,1.0000,3,0.8518,,0.700,0,4833.4
6724,5,250,edge-32,2,edge,900.0,0.2000,0.0100,68,3.639,1.0000,3,0.8328,,0.700,0,4833.4
6725,5,250,edge-32,2,edge,1000.0,0.2011,0.0100,111,4.355,1.0000,3,0.8137,,0.700,0,4833.4
6726,5,250,edge-32,2,edge,1100.0,0.2025,0.0100,142,4.905,1.0000,2,0.7947,,0.700,0,4833.4
6727,5,250,edge-32,2,edge,1200.0,0.2025,0.0100,127,4.668,1.0000,2,0.7756,,0.700,0,4833.4
6728,5,250,edge-32,2,edge,1300.0,0.2027,0.0100,131,4.683,1.0000,2,0.7566,,0.700,0,4833.4
6729,5,250,edge-32,2,edge,1400.0,0.2013,0.0100,111,4.578,1.0000,2,0.7375,,0.700,0,4833.4
6730,5,250,edge-32,2,edge,1500.0,0.2000,0.0100,81,4.070,1.0000,2,0.7185,,0.700,0,4833.4
6731,5,250,edge-32,2,edge,1600.0,0.2000,0.0100,64,3.678,1.0000,3,0.6994,,0.700,0,4833.4
6732,5,250,edge-32,2,edge,1700.0,0.2000,0.0100,64,3.678,1.0000,2,0.6804,,0.700,0,4833.4
6733,5,250,edge-32,2,edge,1800.0,0.2000,0.0100,68,4.012,1.0000,3,0.6613,,0.700,0,4833.4
6734,5,250,edge-32,2,edge,1900.0,0.2000,0.0100,68,4.012,1.0000,3,0.6423,,0.700,0,4833.4
6735,5,250,edge-32,2,edge,2000.0,0.2000,0.0100,57,3.762,1.0000,2,0.6232,,0.700,0,4833.4
6736,5,250,edge-32,2,edge,2100.0,0.2000,0.0100,68,4.012,1.0000,1,0.6042,,0.700,0,4833.4
6737,5,250,edge-32,2,edge,2200.0,0.2000,0.0100,68,4.012,1.0000,1,0.5851,,0.700,0,4833.4
6738,5,250,edge-32,2,edge,2300.0,0.2000,0.0100,66,3.962,1.0000,0,0.5661,,0.700,0,4833.4
6739,5,250,edge-32,2,edge,2400.0,0.2000,0.0100,64,3.912,1.0000,0,0.5470,,0.700,0,4833.4
6740,5,250,edge-32,2,edge,2500.0,0.2000,0.0100,64,3.555,1.0000,0,0.5280,,0.700,0,4833.4
6741,5,250,edge-32,2,edge,2600.0,0.2000,0.0100,68,3.655,1.0000,0,0.5089,,0.700,0,4833.4
6742,5,250,edge-32,2,edge,2700.0,0.2000,0.0100,66,3.605,1.0000,0,0.4899,,0.700,0,4833.4
6743,5,250,edge-32,2,edge,2800.0,0.2000,0.0100,68,3.655,1.0000,0,0.4708,,0.700,0,4833.4
6744,5,250,edge-32,2,edge,2900.0,0.2000,0.0100,64,3.684,1.0000,1,0.4518,,0.700,0,4833.4
6745,5,250,edge-32,2,edge,3000.0,0.2000,0.0100,61,3.634,1.0000,1,0.4328,,0.700,0,4833.4
6746,5,250,edge-32,2,edge,3100.0,0.2000,0.0100,68,3.601,1.0000,2,0.4137,,0.700,0,4833.4
6747,5,250,edge-32,2,edge,3200.0,0.2000,0.0100,66,3.551,1.0000,2,0.3947,,0.700,0,4833.4
6748,5,250,edge-32,2,edge,3300.0,0.2000,0.0100,61,3.653,1.0000,3,0.3756,,0.700,0,4833.4
6749,5,250,edge-32,2,edge,3400.0,0.2000,0.0100,68,3.803,1.0000,2,0.3566,,0.700,0,4833.4
6750,5,250,edge-32,2,edge,3500.0,0.2000,0.0100,66,3.753,1.0000,2,0.3375,,0.700,0,4833.4
6751,5,250,edge-32,2,edge,3600.0,0.2000,0.0100,61,3.619,1.0000,2,0.3185,,0.700,0,4833.4
6752,5,250,edge-32,2,edge,3700.0,0.2000,0.0100,70,3.819,1.0000,2,0.2994,,0.700,0,4833.4
6753,5,250,edge-32,2,edge,3800.0,0.2000,0.0100,66,3.719,1.0000,1,0.2804,,0.700,0,4833.4
6754,5,250,edge-32,2,edge,3900.0,0.2000,0.0100,64,3.669,1.0000,1,0.2613,,0.700,0,4833.4
6755,5,250,edge-32,2,edge,4000.0,0.2000,0.0100,61,3.376,1.0000,2,0.2423,,0.700,0,4833.4
6756,5,250,edge-32,2,edge,4100.0,0.2000,0.0100,68,3.526,1.0000,1,0.2232,,0.700,0,4833.4
6757,5,250,edge-32,2,edge,4200.0,0.2000,0.0100,64,3.426,1.0000,1,0.2042,,0.700,0,4833.4
6758,5,250,edge-32,2,edge,4300.0,0.2000,0.0100,64,3.700,1.0000,2,0.1851,,0.700,0,4833.4
6759,5,250,edge-32,2,edge,4400.0,0.2000,0.0100,66,3.750,1.0000,2,0.1661,,0.700,0,4833.4
6760,5,250,edge-32,2,edge,4500.0,0.2000,0.0100,64,3.466,1.0000,2,0.1470,,0.700,0,4833.4
6761,5,250,edge-32,2,edge,4600.0,0.2022,0.0100,125,4.737,1.0000,3,0.1280,,0.700,0,4833.4
6762,5,250,edge-32,2,edge,4700.0,0.2003,0.0100,72,3.524,1.0000,4,0.1089,,0.700,1,4833.4
6763,5,250,edge-32,2,edge,4800.0,0.2024,0.0100,128,4.582,1.0000,4,0.0899,,0.700,1,4833.4
6764,5,254,edge-33,2,edge,0.0,0.0000,0.0100,0,1.728,,1,1.0000,,0.700,0,
6765,5,254,edge-33,2,edge,100.0,0.0800,0.0100,14,2.378,1.0000,1,0.9851,,0.700,0,
6766,5,254,edge-33,2,edge,200.0,0.2000,0.0100,70,3.728,1.0000,1,0.9661,,0.700,0,
6767,5,254,edge-33,2,edge,300.0,0.2000,0.0100,66,3.628,1.0000,1,0.9470,,0.700,0,
6768,5,254,edge-33,2,edge,400.0,0.2000,0.0100,68,3.678,1.0000,1,0.9280,,0.700,0,
6769,5,254,edge-33,2,edge,500.0,0.2000,0.0100,70,3.709,1.0000,0,0.9089,,0.700,0,
6770,5,254,edge-33,2,edge,600.0,0.2000,0.0100,68,3.490,1.0000,1,0.8899,,0.700,0,
6771,5,254,edge-33,2,edge,700.0,0.2000,0.0100,64,3.390,1.0000,1,0.8708,,0.700,0,
6772,5,254,edge-33,2,edge,800.0,0.2000,0.0100,66,3.660,1.0000,2,0.8518,,0.700,0,
6773,5,254,edge-33,2,edge,900.0,0.2000,0.0100,70,3.536,1.0000,3,0.8328,,0.700,0,
6774,5,254,edge-33,2,edge,1000.0,0.2000,0.0100,66,3.916,1.0000,3,0.8137,,0.700,0,
6775,5,254,edge-33,2,edge,1100.0,0.2000,0.0100,70,4.016,1.0000,2,0.7947,,0.700,0,
6776,5,254,edge-33,2,edge,1200.0,0.2000,0.0100,68,3.966,1.0000,2,0.7756,,0.700,0,
6777,5,254,edge-33,2,edge,1300.0,0.2011,0.0100,106,4.679,1.0000,2,0.7566,,0.700,0,
6778,5,254,edge-33,2,edge,1400.0,0.2011,0.0100,114,4.879,1.0000,1,0.7375,,0.700,0,
6779,5,254,edge-33,2,edge,1500.0,0.2000,0.0100,68,3.711,1.0000,2,0.7185,,0.700,0,
6780,5,254,edge-33,2,edge,1600.0,0.2000,0.0100,68,3.711,1.0000,2,0.6994,,0.700,0,
6781,5,254,edge-33,2,edge,1700.0,0.2000,0.0100,64,3.611,1.0000,2,0.6804,,0.700,0,
6782,5,254,edge-33,2,edge,1800.0,0.2000,0.0100,66,3.661,1.0000,1,0.6613,,0.700,0,
6783,5,254,edge-33,2,edge,1900.0,0.2000,0.0100,61,3.561,1.0000,1,0.6423,,0.700,0,
6784,5,254,edge-33,2,edge,2000.0,0.2000,0.0100,68,3.711,1.0000,0,0.6232,,0.700,0,
6785,5,254,edge-33,2,edge,2100.0,0.2000,0.0100,66,3.686,1.0000,0,0.6042,,0.700,0,
6786,5,254,edge-33,2,edge,2200.0,0.2000,0.0100,64,3.561,1.0000,0,0.5851,,0.700,0,
6787,5,254,edge-33,2,edge,2300.0,0.2000,0.0100,70,3.711,1.0000,0,0.5661,,0.700,0,
6788,5,254,edge-33,2,edge,2400.0,0.2000,0.0100,64,3.561,1.0000,0,0.5470,,0.700,0,
6789,5,254,edge-33,2,edge,2500.0,0.2000,0.0100,68,3.641,1.0000,1,0.5280,,0.700,0,
6790,5,254,edge-33,2,edge,2600.0,0.2000,0.0100,68,3.764,1.0000,1,0.5089,,0.700,0,
6791,5,254,edge-33,2,edge,2700.0,0.2010,0.0100,104,4.480,1.0000,2,0.4899,,0.700,0,
6792,5,254,edge-33,2,edge,2800.0,0.2000,0.0100,61,3.353,1.0000,3,0.4708,,0.700,0,
6793,5,254,edge-33,2,edge,2900.0,0.2006,0.0100,93,4.219,1.0000,4,0.4518,,0.700,0,
6794,5,254,edge-33,2,edge,3000.0,0.2000,0.0100,70,3.645,1.0000,4,0.4328,,0.700,0,
6795,5,254,edge-33,2,edge,3100.0,0.2000,0.0100,64,3.495,1.0000,4,0.4137,,0.700,0,
6796,5,254,edge-33,2,edge,3200.0,0.2000,0.0100,70,3.645,1.0000,3,0.3947,,0.700,0,
6797,5,254,edge-33,2,edge,3300.0,0.2000,0.0100,66,3.545,1.0000,2,0.3756,,0.700,0,
6798,5,254,edge-33,2,edge,3400.0,0.2000,0.0100,68,3.740,1.0000,2,0.3566,,0.700,0,
6799,5,254,edge-33,2,edge,3500.0,0.2000,0.0100,66,3.639,1.0000,2,0.3375,,0.700,0,
6800,5,254,edge-33,2,edge,3600.0,0.2000,0.0100,66,3.914,1.0000,2,0.3185,,0.700,0,
6801,5,254,edge-33,2,edge,3700.0,0.2000,0.0100,64,3.864,1.0000,2,0.2994,,0.700,0,
6802,5,254,edge-33,2,edge,3800.0,0.2000,0.0100,68,3.964,1.0000,2,0.2804,,0.700,0,
6803,5,254,edge-33,2,edge,3900.0,0.2000,0.0100,68,3.964,1.0000,1,0.2613,,0.700,0,
6804,5,254,edge-33,2,edge,4000.0,0.2000,0.0100,59,3.764,1.0000,0,0.2423,,0.700,0,
6805,5,254,edge-33,2,edge,4100.0,0.2000,0.0100,66,3.914,1.0000,0,0.2232,,0.700,0,
6806,5,254,edge-33,2,edge,4200.0,0.2003,0.0100,93,4.581,1.0000,1,0.2042,,0.700,0,
6807,5,254,edge-33,2,edge,4300.0,0.2006,0.0100,93,4.491,1.0000,1,0.1851,,0.700,0,
6808,5,254,edge-33,2,edge,4400.0,0.2000,0.0100,64,3.603,1.0000,2,0.1661,,0.700,0,
6809,5,254,edge-33,2,edge,4500.0,0.2006,0.0100,95,4.302,1.0000,3,0.1470,,0.700,0,
6810,5,254,edge-33,2,edge,4600.0,0.2000,0.0100,63,3.752,1.0000,4,0.1280,,0.700,0,
6811,5,254,edge-33,2,edge,4700.0,0.2000,0.0100,64,3.775,1.0000,3,0.1089,,0.700,0,
6812,5,254,edge-33,2,edge,4800.0,0.2000,0.0100,66,4.041,1.0000,4,0.0899,,0.700,0,
6813,5,254,edge-33,2,edge,4900.0,0.2000,0.0100,70,3.707,1.0000,4,0.0708,,0.700,0,
6814,5,254,edge-33,2,edge,5000.0,0.2011,0.0100,124,5.266,1.0000,4,0.0518,,0.700,0,
6815,5,258,edge-34,2,edge,0.0,0.0000,0.0100,0,1.755,,1,1.0000,,0.700,0,2664.3
6816,5,258,edge-34,2,edge,100.0,0.0800,0.0100,17,2.455,1.0000,1,0.9851,,0.700,0,2664.3
6817,5,258,edge-34,2,edge,200.0,0.2011,0.0100,108,4.323,1.0000,2,0.9661,,0.700,0,2664.3
6818,5,258,edge-34,2,edge,300.0,0.2014,0.0100,122,4.628,1.0000,2,0.9470,,0.700,0,2664.3
6819,5,258,edge-34,2,edge,400.0,0.2014,0.0100,122,4.588,1.0000,2,0.9280,,0.700,0,2664.3
6820,5,258,edge-34,2,edge,500.0,0.2031,0.0100,161,5.238,1.0000,1,0.9089,,0.700,0,2664.3
6821,5,258,edge-34,2,edge,600.0,0.2020,0.0100,129,4.608,1.0000,1,0.8899,,0.700,0,2664.3
6822,5,258,edge-34,2,edge,700.0,0.2000,0.0100,66,3.591,1.0000,1,0.8708,,0.700,0,2664.3
6823,5,258,edge-34,2,edge,800.0,0.2000,0.0100,70,3.691,1.0000,1,0.8518,,0.700,0,2664.3
6824,5,258,edge-34,2,edge,900.0,0.2000,0.0100,57,3.391,1.0000,1,0.8328,,0.700,0,2664.3
6825,5,258,edge-34,2,edge,1000.0,0.2000,0.0100,64,3.558,1.0000,2,0.8137,,0.700,0,2664.3
6826,5,258,edge-34,2,edge,1100.0,0.2000,0.0100,66,3.592,1.0000,2,0.7947,,0.700,0,2664.3
6827,5,258,edge-34,2,edge,1200.0,0.2021,0.0100,119,4.570,1.0000,2,0.7756,,0.700,0,2664.3
6828,5,258,edge-34,2,edge,1300.0,0.2025,0.0100,125,4.595,1.0000,2,0.7566,,0.700,0,2664.3
6829,5,258,edge-34,2,edge,1400.0,0.2028,0.0100,144,4.995,1.0000,2,0.7375,,0.700,0,2664.3
6830,5,258,edge-34,2,edge,1500.0,0.2025,0.0100,123,4.651,1.0000,1,0.7185,,0.700,0,2664.3
6831,5,258,edge-34,2,edge,1600.0,0.2000,0.0100,70,3.581,1.0000,2,0.6994,,0.700,0,2664.3
6832,5,258,edge-34,2,edge,1700.0,0.2024,0.0100,131,4.739,1.0000,2,0.6804,,0.700,0,2664.3
6833,5,258,edge-34,2,edge,1800.0,0.2021,0.0100,121,4.465,1.0000,3,0.6613,,0.700,0,2664.3
6834,5,258,edge-34,2,edge,1900.0,0.2000,0.0100,68,3.520,1.0000,4,0.6423,,0.700,0,2664.3
6835,5,258,edge-34,2,edge,2000.0,0.2000,0.0100,64,3.457,1.0000,5,0.6232,,0.700,0,2664.3
6836,5,258,edge-34,2,edge,2100.0,0.2000,0.0100,68,3.858,1.0000,4,0.6042,,0.700,0,2664.3
6837,5,258,edge-34,2,edge,2200.0,0.2000,0.0100,68,3.858,1.0000,3,0.5851,,0.700,0,2664.3
6838,5,258,edge-34,2,edge,2300.0,0.2000,0.0100,64,3.389,1.0000,3,0.5661,,0.700,0,2664.3
6839,5,258,edge-34,2,edge,2400.0,0.2000,0.0100,66,3.439,1.0000,2,0.5470,,0.700,0,2664.3
6840,5,258,edge-34,2,edge,2500.0,0.2024,0.0100,128,4.562,1.0000,2,0.5280,,0.700,1,2664.3
6841,5,258,edge-34,2,edge,2600.0,0.2024,0.0100,122,4.462,1.0000,2,0.5089,,0.700,1,2664.3
6842,5,262,edge-35,2,edge,0.0,0.0000,0.0100,0,1.685,,1,1.0000,,0.700,0,
6843,5,262,edge-35,2,edge,100.0,0.0800,0.0100,17,2.385,1.0000,1,0.9851,,0.700,0,
6844,5,262,edge-35,2,edge,200.0,0.2000,0.0100,64,3.535,1.0000,1,0.9661,,0.700,0,
6845,5,262,edge-35,2,edge,300.0,0.2000,0.0100,68,3.567,1.0000,2,0.9470,,0.700,0,
6846,5,262,edge-35,2,edge,400.0,0.2000,0.0100,66,3.739,1.0000,3,0.9280,,0.700,0,
6847,5,262,edge-35,2,edge,500.0,0.2000,0.0100,68,3.548,1.0000,2,0.9089,,0.700,0,
6848,5,262,edge-35,2,edge,600.0,0.2007,0.0100,130,5.314,1.0000,3,0.8899,,0.700,0,
6849,5,262,edge-35,2,edge,700.0,0.2031,0.0100,163,5.544,1.0000,3,0.8708,,0.700,0,
6850,5,262,edge-35,2,edge,800.0,0.2000,0.0100,61,3.338,1.0000,3,0.8518,,0.700,0,
6851,5,262,edge-35,2,edge,900.0,0.2000,0.0100,70,3.788,1.0000,3,0.8328,,0.700,0,
6852,5,262,edge-35,2,edge,1000.0,0.2000,0.0100,68,3.662,1.0000,4,0.8137,,0.700,0,
6853,5,262,edge-35,2,edge,1100.0,0.2000,0.0100,68,3.545,1.0000,3,0.7947,,0.700,0,
6854,5,262,edge-35,2,edge,1200.0,0.2021,0.0100,115,4.248,1.0000,4,0.7756,,0.700,0,
6855,5,262,edge-35,2,edge,1300.0,0.2003,0.0100,83,4.002,1.0000,4,0.7566,,0.700,0,
6856,5,262,edge-35,2,edge,1400.0,0.2011,0.0100,115,4.573,1.0000,4,0.7375,,0.700,0,
6857,5,262,edge-35,2,edge,1500.0,0.2000,0.0100,66,3.615,1.0000,4,0.7185,,0.700,0,
6858,5,262,edge-35,2,edge,1600.0,0.2000,0.0100,66,3.615,1.0000,4,0.6994,,0.700,0,
6859,5,262,edge-35,2,edge,1700.0,0.2000,0.0100,86,4.278,1.0000,4,0.6804,,0.700,0,
6860,5,262,edge-35,2,edge,1800.0,0.2000,0.0100,87,4.328,1.0000,3,0.6613,,0.700,0,
6861,5,262,edge-35,2,edge,1900.0,0.2021,0.0100,115,4.233,1.0000,3,0.6423,,0.700,0,
6862,5,262,edge-35,2,edge,2000.0,0.2003,0.0100,84,4.134,1.0000,3,0.6232,,0.700,0,
6863,5,262,edge-35,2,edge,2100.0,0.2000,0.0100,102,4.674,1.0000,3,0.6042,,0.700,0,
6864,5,262,edge-35,2,edge,2200.0,0.2000,0.0100,96,4.524,1.0000,2,0.5851,,0.700,0,
6865,5,262,edge-35,2,edge,2300.0,0.2000,0.0100,89,4.119,1.0000,3,0.5661,,0.700,0,
6866,5,262,edge-35,2,edge,2400.0,0.2003,0.0100,96,4.179,1.0000,2,0.5470,,0.700,0,
6867,5,262,edge-35,2,edge,2500.0,0.2007,0.0100,90,3.994,1.0000,1,0.5280,,0.700,0,
6868,5,262,edge-35,2,edge,2600.0,0.2007,0.0100,118,4.644,1.0000,1,0.5089,,0.700,0,
6869,5,262,edge-35,2,edge,2700.0,0.2013,0.0100,117,4.509,1.0000,1,0.4899,,0.700,0,
6870,5,262,edge-35,2,edge,2800.0,0.2020,0.0100,115,4.453,1.0000,1,0.4708,,0.700,0,
6871,5,262,edge-35,2,edge,2900.0,0.2027,0.0100,131,4.683,1.0000,1,0.4518,,0.700,0,
6872,5,262,edge-35,2,edge,3000.0,0.2028,0.0100,139,4.878,1.0000,1,0.4328,,0.700,0,
6873,5,262,edge-35,2,edge,3100.0,0.2000,0.0100,68,3.675,1.0000,2,0.4137,,0.700,0,
6874,5,262,edge-35,2,edge,3200.0,0.2000,0.0100,66,3.670,1.0000,2,0.3947,,0.700,0,
6875,5,262,edge-35,2,edge,3300.0,0.2000,0.0100,70,3.770,1.0000,1,0.3756,,0.700,0,
6876,5,262,edge-35,2,edge,3400.0,0.2000,0.0100,61,3.570,1.0000,1,0.3566,,0.700,0,
6877,5,262,edge-35,2,edge,3500.0,0.2022,0.0100,125,4.406,1.0000,2,0.3375,,0.700,0,
6878,5,262,edge-35,2,edge,3600.0,0.2000,0.0100,63,3.574,1.0000,2,0.3185,,0.700,0,
6879,5,262,edge-35,2,edge,3700.0,0.2000,0.0100,97,4.465,1.0000,3,0.2994,,0.700,0,
6880,5,262,edge-35,2,edge,3800.0,0.2000,0.0100,73,3.765,1.0000,3,0.2804,,0.700,0,
6881,5,262,edge-35,2,edge,3900.0,0.2024,0.0100,126,4.649,1.0000,4,0.2613,,0.700,0,
6882,5,262,edge-35,2,edge,4000.0,0.2000,0.0100,68,3.584,1.0000,4,0.2423,,0.700,0,
6883,5,262,edge-35,2,edge,4100.0,0.2000,0.0100,66,3.579,1.0000,3,0.2232,,0.700,0,
6884,5,262,edge-35,2,edge,4200.0,0.2000,0.0100,61,3.479,1.0000,2,0.2042,,0.700,0,
6885,5,262,edge-35,2,edge,4300.0,0.2000,0.0100,64,3.529,1.0000,2,0.1851,,0.700,0,
6886,5,262,edge-35,2,edge,4400.0,0.2000,0.0100,68,3.629,1.0000,1,0.1661,,0.700,0,
6887,5,262,edge-35,2,edge,4500.0,0.2000,0.0100,66,3.579,1.0000,0,0.1470,,0.700,0,
6888,5,262,edge-35,2,edge,4600.0,0.2000,0.0100,68,3.629,1.0000,0,0.1280,,0.700,0,
6889,5,262,edge-35,2,edge,4700.0,0.2000,0.0100,156,6.027,1.0000,1,0.1089,,0.700,0,
6890,5,262,edge-35,2,edge,4800.0,0.2000,0.0100,64,3.628,1.0000,2,0.0899,,0.700,0,
6891,5,262,edge-35,2,edge,4900.0,0.2000,0.0100,89,4.265,1.0000,3,0.0708,,0.700,0,
6892,5,262,edge-35,2,edge,5000.0,0.2000,0.0100,66,3.704,1.0000,4,0.0518,,0.700,0,
6893,5,266,edge-36,2,edge,0.0,0.0000,0.0100,0,1.767,,1,1.0000,,0.700,0,
6894,5,266,edge-36,2,edge,100.0,0.0800,0.0100,17,2.467,1.0000,1,0.9851,,0.700,0,
6895,5,266,edge-36,2,edge,200.0,0.2000,0.0100,61,3.598,1.0000,2,0.9661,,0.700,0,
6896,5,266,edge-36,2,edge,300.0,0.2000,0.0100,68,3.526,1.0000,3,0.9470,,0.700,0,
6897,5,266,edge-36,2,edge,400.0,0.2000,0.0100,59,3.407,1.0000,4,0.9280,,0.700,0,
6898,5,266,edge-36,2,edge,500.0,0.2000,0.0100,76,4.010,1.0000,4,0.9089,,0.700,0,
6899,5,266,edge-36,2,edge,600.0,0.2000,0.0100,79,4.060,1.0000,4,0.8899,,0.700,0,
6900,5,266,edge-36,2,edge,700.0,0.2000,0.0100,68,3.467,1.0000,4,0.8708,,0.700,0,
6901,5,266,edge-36,2,edge,800.0,0.2000,0.0100,59,3.578,1.0000,4,0.8518,,0.700,0,
6902,5,266,edge-36,2,edge,900.0,0.2000,0.0100,72,3.805,1.0000,4,0.8328,,0.700,0,
6903,5,266,edge-36,2,edge,1000.0,0.2000,0.0100,64,3.685,1.0000,4,0.8137,,0.700,0,
6904,5,266,edge-36,2,edge,1100.0,0.2000,0.0100,59,3.585,1.0000,4,0.7947,,0.700,0,
6905,5,266,edge-36,2,edge,1200.0,0.2000,0.0100,68,3.584,1.0000,4,0.7756,,0.700,0,
6906,5,266,edge-36,2,edge,1300.0,0.2013,0.0100,115,4.594,1.0000,4,0.7566,,0.700,0,
6907,5,266,edge-36,2,edge,1400.0,0.2000,0.0100,102,4.533,1.0000,4,0.7375,,0.700,0,
6908,5,266,edge-36,2,edge,1500.0,0.2000,0.0100,92,4.283,1.0000,3,0.7185,,0.700,0,
6909,5,266,edge-36,2,edge,1600.0,0.2000,0.0100,96,4.383,1.0000,3,0.6994,,0.700,0,
6910,5,266,edge-36,2,edge,1700.0,0.2000,0.0100,70,3.770,1.0000,3,0.6804,,0.700,0,
6911,5,266,edge-36,2,edge,1800.0,0.2000,0.0100,68,3.720,1.0000,2,0.6613,,0.700,0,
6912,5,266,edge-36,2,edge,1900.0,0.2000,0.0100,64,3.620,1.0000,1,0.6423,,0.700,0,
6913,5,266,edge-36,2,edge,2000.0,0.2000,0.0100,64,3.620,1.0000,1,0.6232,,0.700,0,
6914,5,266,edge-36,2,edge,2100.0,0.2000,0.0100,64,3.438,1.0000,2,0.6042,,0.700,0,
6915,5,266,edge-36,2,edge,2200.0,0.2011,0.0100,109,4.444,1.0000,2,0.5851,,0.700,0,
6916,5,266,edge-36,2,edge,2300.0,0.2003,0.0100,78,3.825,1.0000,3,0.5661,,0.700,0,
6917,5,266,edge-36,2,edge,2400.0,0.2000,0.0100,64,3.750,1.0000,4,0.5470,,0.700,0,
6918,5,266,edge-36,2,edge,2500.0,0.2000,0.0100,66,3.800,1.0000,4,0.5280,,0.700,0,
6919,5,266,edge-36,2,edge,2600.0,0.2000,0.0100,64,3.750,1.0000,3,0.5089,,0.700,0,
6920,5,266,edge-36,2,edge,2700.0,0.2000,0.0100,70,3.900,1.0000,2,0.4899,,0.700,0,
6921,5,266,edge-36,2,edge,2800.0,0.2000,0.0100,66,3.800,1.0000,1,0.4708,,0.700,0,
6922,5,266,edge-36,2,edge,2900.0,0.2000,0.0100,64,3.750,1.0000,0,0.4518,,0.700,0,
6923,5,266,edge-36,2,edge,3000.0,0.2000,0.0100,96,4.861,1.0000,1,0.4328,,0.700,0,
6924,5,266,edge-36,2,edge,3100.0,0.2000,0.0100,109,5.211,1.0000,1,0.4137,,0.700,0,
6925,5,266,edge-36,2,edge,3200.0,0.2000,0.0100,123,5.611,1.0000,1,0.3947,,0.700,0,
6926,5,266,edge-36,2,edge,3300.0,0.2000,0.0100,68,3.785,1.0000,2,0.3756,,0.700,0,
6927,5,266,edge-36,2,edge,3400.0,0.2000,0.0100,68,3.799,1.0000,3,0.3566,,0.700,0,
6928,5,266,edge-36,2,edge,3500.0,0.2000,0.0100,66,3.749,1.0000,2,0.3375,,0.700,0,
6929,5,266,edge-36,2,edge,3600.0,0.2000,0.0100,66,3.749,1.0000,2,0.3185,,0.700,0,
6930,5,266,edge-36,2,edge,3700.0,0.2000,0.0100,68,3.799,1.0000,2,0.2994,,0.700,0,
6931,5,266,edge-36,2,edge,3800.0,0.2014,0.0100,200,7.302,1.0000,2,0.2804,,0.700,0,
6932,5,266,edge-36,2,edge,3900.0,0.2020,0.0100,125,5.022,1.0000,1,0.2613,,0.700,0,
6933,5,266,edge-36,2,edge,4000.0,0.2018,0.0100,137,5.367,1.0000,1,0.2423,,0.700,0,
6934,5,266,edge-36,2,edge,4100.0,0.2046,0.0100,191,6.012,1.0000,1,0.2232,,0.700,0,
6935,5,266,edge-36,2,edge,4200.0,0.2011,0.0100,103,4.642,1.0000,1,0.2042,,0.700,0,
6936,5,266,edge-36,2,edge,4300.0,0.2003,0.0100,84,4.367,1.0000,0,0.1851,,0.700,0,
6937,5,266,edge-36,2,edge,4400.0,0.2020,0.0100,105,4.480,1.0000,1,0.1661,,0.700,0,
6938,5,266,edge-36,2,edge,4500.0,0.2010,0.0100,104,4.555,1.0000,1,0.1470,,0.700,0,
6939,5,266,edge-36,2,edge,4600.0,0.2029,0.0100,159,5.565,1.0000,1,0.1280,,0.700,0,
6940,5,266,edge-36,2,edge,4700.0,0.2036,0.0100,160,5.290,1.0000,1,0.1089,,0.700,0,
6941,5,266,edge-36,2,edge,4800.0,0.2021,0.0100,111,4.495,1.0000,1,0.0899,,0.700,0,
6942,5,266,edge-36,2,edge,4900.0,0.2000,0.0100,68,3.706,1.0000,1,0.0708,,0.700,0,
6943,5,266,edge-36,2,edge,5000.0,0.2000,0.0100,66,3.578,1.0000,2,0.0518,,0.700,0,
6944,5,270,edge-37,2,edge,0.0,0.0000,0.0100,0,1.579,,1,1.0000,,0.700,0,
6945,5,270,edge-37,2,edge,100.0,0.0803,0.0100,27,2.534,1.0000,1,0.9851,,0.700,0,
6946,5,270,edge-37,2,edge,200.0,0.2013,0.0100,113,4.424,1.0000,1,0.9661,,0.700,0,
6947,5,270,edge-37,2,edge,300.0,0.2007,0.0100,90,3.959,1.0000,1,0.9470,,0.700,0,
6948,5,270,edge-37,2,edge,400.0,0.2007,0.0100,96,4.104,1.0000,1,0.9280,,0.700,0,
6949,5,270,edge-37,2,edge,500.0,0.2000,0.0100,66,3.768,1.0000,1,0.9089,,0.700,0,
6950,5,270,edge-37,2,edge,600.0,0.2000,0.0100,66,3.768,1.0000,1,0.8899,,0.700,0,
6951,5,270,edge-37,2,edge,700.0,0.2000,0.0100,64,3.718,1.0000,1,0.8708,,0.700,0,
6952,5,270,edge-37,2,edge,800.0,0.2000,0.0100,59,3.618,1.0000,1,0.8518,,0.700,0,
6953,5,270,edge-37,2,edge,900.0,0.2000,0.0100,66,3.768,1.0000,1,0.8328,,0.700,0,
6954,5,270,edge-37,2,edge,1000.0,0.2000,0.0100,66,3.768,1.0000,0,0.8137,,0.700,0,
6955,5,270,edge-37,2,edge,1100.0,0.2024,0.0100,123,4.622,1.0000,1,0.7947,,0.700,0,
6956,5,270,edge-37,2,edge,1200.0,0.2022,0.0100,122,4.572,1.0000,1,0.7756,,0.700,0,
6957,5,270,edge-37,2,edge,1300.0,0.2024,0.0100,125,4.627,1.0000,1,0.7566,,0.700,0,
6958,5,270,edge-37,2,edge,1400.0,0.2000,0.0100,63,3.523,1.0000,2,0.7375,,0.700,0,
6959,5,270,edge-37,2,edge,1500.0,0.2000,0.0100,95,4.388,1.0000,3,0.7185,,0.700,0,
6960,5,270,edge-37,2,edge,1600.0,0.2000,0.0100,64,3.539,1.0000,3,0.6994,,0.700,0,
6961,5,270,edge-37,2,edge,1700.0,0.2000,0.0100,66,3.589,1.0000,3,0.6804,,0.700,0,
6962,5,270,edge-37,2,edge,1800.0,0.2000,0.0100,66,3.589,1.0000,3,0.6613,,0.700,0,
6963,5,270,edge-37,2,edge,1900.0,0.2000,0.0100,84,4.015,1.0000,3,0.6423,,0.700,0,
6964,5,270,edge-37,2,edge,2000.0,0.2003,0.0100,86,3.925,1.0000,2,0.6232,,0.700,0,
6965,5,270,edge-37,2,edge,2100.0,0.2025,0.0100,132,4.768,1.0000,2,0.6042,,0.700,0,
6966,5,270,edge-37,2,edge,2200.0,0.2010,0.0100,101,4.373,1.0000,2,0.5851,,0.700,0,
6967,5,270,edge-37,2,edge,2300.0,0.2010,0.0100,109,4.568,1.0000,2,0.5661,,0.700,0,
6968,5,270,edge-37,2,edge,2400.0,0.2000,0.0100,87,4.220,1.0000,2,0.5470,,0.700,0,
6969,5,270,edge-37,2,edge,2500.0,0.2000,0.0100,66,3.728,1.0000,3,0.5280,,0.700,0,
6970,5,270,edge-37,2,edge,2600.0,0.2000,0.0100,70,3.828,1.0000,2,0.5089,,0.700,0,
6971,5,270,edge-37,2,edge,2700.0,0.2000,0.0100,66,3.962,1.0000,3,0.4899,,0.700,0,
6972,5,270,edge-37,2,edge,2800.0,0.2000,0.0100,66,3.962,1.0000,3,0.4708,,0.700,0,
6973,5,270,edge-37,2,edge,2900.0,0.2000,0.0100,68,4.012,1.0000,2,0.4518,,0.700,0,
6974,5,270,edge-37,2,edge,3000.0,0.2000,0.0100,64,3.912,1.0000,1,0.4328,,0.700,0,
6975,5,270,edge-37,2,edge,3100.0,0.2000,0.0100,68,4.012,1.0000,1,0.4137,,0.700,0,
6976,5,270,edge-37,2,edge,3200.0,0.2000,0.0100,61,3.862,1.0000,0,0.3947,,0.700,0,
6977,5,270,edge-37,2,edge,3300.0,0.2000,0.0100,70,4.062,1.0000,0,0.3756,,0.700,0,
6978,5,270,edge-37,2,edge,3400.0,0.2000,0.0100,70,3.705,1.0000,0,0.3566,,0.700,0,
6979,5,270,edge-37,2,edge,3500.0,0.2000,0.0100,66,3.605,1.0000,0,0.3375,,0.700,0,
6980,5,270,edge-37,2,edge,3600.0,0.2000,0.0100,64,3.555,1.0000,0,0.3185,,0.700,0,
6981,5,270,edge-37,2,edge,3700.0,0.2000,0.0100,70,3.705,1.0000,0,0.2994,,0.700,0,
6982,5,270,edge-37,2,edge,3800.0,0.2000,0.0100,66,3.734,1.0000,1,0.2804,,0.700,0,
6983,5,270,edge-37,2,edge,3900.0,0.2000,0.0100,64,3.684,1.0000,1,0.2613,,0.700,0,
6984,5,270,edge-37,2,edge,4000.0,0.2000,0.0100,66,3.551,1.0000,2,0.2423,,0.700,0,
6985,5,270,edge-37,2,edge,4100.0,0.2000,0.0100,66,3.551,1.0000,2,0.2232,,0.700,0,
6986,5,270,edge-37,2,edge,4200.0,0.2000,0.0100,59,3.603,1.0000,3,0.2042,,0.700,0,
6987,5,270,edge-37,2,edge,4300.0,0.2000,0.0100,70,3.853,1.0000,2,0.1851,,0.700,0,
6988,5,270,edge-37,2,edge,4400.0,0.2000,0.0100,70,3.853,1.0000,2,0.1661,,0.700,0,
6989,5,270,edge-37,2,edge,4500.0,0.2000,0.0100,66,3.719,1.0000,2,0.1470,,0.700,0,
6990,5,270,edge-37,2,edge,4600.0,0.2000,0.0100,66,3.719,1.0000,2,0.1280,,0.700,0,
6991,5,270,edge-37,2,edge,4700.0,0.2000,0.0100,64,3.669,1.0000,1,0.1089,,0.700,0,
6992,5,270,edge-37,2,edge,4800.0,0.2000,0.0100,61,3.619,1.0000,1,0.0899,,0.700,0,
6993,5,270,edge-37,2,edge,4900.0,0.2000,0.0100,68,3.526,1.0000,2,0.0708,,0.700,0,
6994,5,270,edge-37,2,edge,5000.0,0.2000,0.0100,61,3.376,1.0000,1,0.0518,,0.700,0,
6995,5,274,edge-38,2,edge,0.0,0.0000,0.0100,0,1.700,,1,1.0000,,0.700,0,1383.8
6996,5,274,edge-38,2,edge,100.0,0.0800,0.0100,17,2.400,1.0000,1,0.9851,,0.700,0,1383.8
6997,5,274,edge-38,2,edge,200.0,0.2000,0.0100,64,3.706,1.0000,2,0.9661,,0.700,0,1383.8
6998,5,274,edge-38,2,edge,300.0,0.2000,0.0100,70,3.686,1.0000,3,0.9470,,0.700,0,1383.8
6999,5,274,edge-38,2,edge,400.0,0.2000,0.0100,66,3.586,1.0000,3,0.9280,,0.700,0,1383.8
7000,5,274,edge-38,2,edge,500.0,0.2000,0.0100,61,3.668,1.0000,3,0.9089,,0.700,0,1383.8
7001,5,274,edge-38,2,edge,600.0,0.2000,0.0100,64,3.501,1.0000,4,0.8899,,0.700,0,1383.8
7002,5,274,edge-38,2,edge,700.0,0.2000,0.0100,70,3.682,1.0000,4,0.8708,,0.700,0,1383.8
7003,5,274,edge-38,2,edge,800.0,0.2000,0.0100,64,3.532,1.0000,3,0.8518,,0.700,0,1383.8
7004,5,274,edge-38,2,edge,900.0,0.2000,0.0100,70,3.702,1.0000,4,0.8328,,0.700,0,1383.8
7005,5,274,edge-38,2,edge,1000.0,0.2000,0.0100,64,3.738,1.0000,4,0.8137,,0.700,0,1383.8
7006,5,274,edge-38,2,edge,1100.0,0.2000,0.0100,64,3.738,1.0000,3,0.7947,,0.700,0,1383.8
7007,5,274,edge-38,2,edge,1200.0,0.2000,0.0100,57,3.588,1.0000,2,0.7756,,0.700,1,1383.8
7008,5,274,edge-38,2,edge,1300.0,0.2000,0.0100,64,3.738,1.0000,2,0.7566,,0.700,1,1383.8
7009,5,278,edge-39,2,edge,0.0,0.0000,0.0100,0,1.800,,1,1.0000,,0.700,0,4276.2
7010,5,278,edge-39,2,edge,100.0,0.0806,0.0100,32,2.815,1.0000,1,0.9851,,0.700,0,4276.2
7011,5,278,edge-39,2,edge,200.0,0.2027,0.0100,129,4.695,1.0000,1,0.9661,,0.700,0,4276.2
7012,5,278,edge-39,2,edge,300.0,0.2025,0.0100,134,4.790,1.0000,1,0.9470,,0.700,0,4276.2
7013,5,278,edge-39,2,edge,400.0,0.2013,0.0100,109,4.606,1.0000,1,0.9280,,0.700,0,4276.2
7014,5,278,edge-39,2,edge,500.0,0.2000,0.0100,61,3.381,1.0000,1,0.9089,,0.700,0,4276.2
7015,5,278,edge-39,2,edge,600.0,0.2024,0.0100,131,4.739,1.0000,2,0.8899,,0.700,0,4276.2
7016,5,278,edge-39,2,edge,700.0,0.2021,0.0100,121,4.465,1.0000,3,0.8708,,0.700,0,4276.2
7017,5,278,edge-39,2,edge,800.0,0.2000,0.0100,65,3.470,1.0000,4,0.8518,,0.700,0,4276.2
7018,5,278,edge-39,2,edge,900.0,0.2000,0.0100,64,3.457,1.0000,5,0.8328,,0.700,0,4276.2
7019,5,278,edge-39,2,edge,1000.0,0.2000,0.0100,66,3.808,1.0000,4,0.8137,,0.700,0,4276.2
7020,5,278,edge-39,2,edge,1100.0,0.2000,0.0100,70,3.908,1.0000,3,0.7947,,0.700,0,4276.2
7021,5,278,edge-39,2,edge,1200.0,0.2000,0.0100,66,3.439,1.0000,3,0.7756,,0.700,0,4276.2
7022,5,278,edge-39,2,edge,1300.0,0.2000,0.0100,68,3.489,1.0000,2,0.7566,,0.700,0,4276.2
7023,5,278,edge-39,2,edge,1400.0,0.2014,0.0100,110,4.427,1.0000,2,0.7375,,0.700,0,4276.2
7024,5,278,edge-39,2,edge,1500.0,0.2015,0.0100,119,4.632,1.0000,2,0.7185,,0.700,0,4276.2
7025,5,278,edge-39,2,edge,1600.0,0.2000,0.0100,96,4.346,1.0000,3,0.6994,,0.700,0,4276.2
7026,5,278,edge-39,2,edge,1700.0,0.2000,0.0100,83,3.996,1.0000,2,0.6804,,0.700,0,4276.2
7027,5,278,edge-39,2,edge,1800.0,0.2000,0.0100,68,3.745,1.0000,3,0.6613,,0.700,0,4276.2
7028,5,278,edge-39,2,edge,1900.0,0.2000,0.0100,66,3.543,1.0000,3,0.6423,,0.700,0,4276.2
7029,5,278,edge-39,2,edge,2000.0,0.2000,0.0100,82,4.016,1.0000,4,0.6232,,0.700,0,4276.2
7030,5,278,edge-39,2,edge,2100.0,0.2024,0.0100,126,4.648,1.0000,4,0.6042,,0.700,0,4276.2
7031,5,278,edge-39,2,edge,2200.0,0.2025,0.0100,129,4.658,1.0000,4,0.5851,,0.700,0,4276.2
7032,5,278,edge-39,2,edge,2300.0,0.2022,0.0100,118,4.453,1.0000,3,0.5661,,0.700,0,4276.2
7033,5,278,edge-39,2,edge,2400.0,0.2014,0.0100,115,4.568,1.0000,2,0.5470,,0.700,0,4276.2
7034,5,278,edge-39,2,edge,2500.0,0.2000,0.0100,66,3.667,1.0000,2,0.5280,,0.700,0,4276.2
7035,5,278,edge-39,2,edge,2600.0,0.2000,0.0100,66,3.667,1.0000,1,0.5089,,0.700,0,4276.2
7036,5,278,edge-39,2,edge,2700.0,0.2000,0.0100,66,3.667,1.0000,1,0.4899,,0.700,0,4276.2
7037,5,278,edge-39,2,edge,2800.0,0.2000,0.0100,66,3.667,1.0000,1,0.4708,,0.700,0,4276.2
7038,5,278,edge-39,2,edge,2900.0,0.2000,0.0100,66,3.667,1.0000,1,0.4518,,0.700,0,4276.2
7039,5,278,edge-39,2,edge,3000.0,0.2000,0.0100,68,3.717,1.0000,0,0.4328,,0.700,0,4276.2
7040,5,278,edge-39,2,edge,3100.0,0.2001,0.0100,107,4.612,1.0000,1,0.4137,,0.700,0,4276.2
7041,5,278,edge-39,2,edge,3200.0,0.2000,0.0100,66,3.678,1.0000,2,0.3947,,0.700,0,4276.2
7042,5,278,edge-39,2,edge,3300.0,0.2000,0.0100,66,3.544,1.0000,2,0.3756,,0.700,0,4276.2
7043,5,278,edge-39,2,edge,3400.0,0.2024,0.0100,131,4.606,1.0000,3,0.3566,,0.700,0,4276.2
7044,5,278,edge-39,2,edge,3500.0,0.2024,0.0100,125,4.384,1.0000,4,0.3375,,0.700,0,4276.2
7045,5,278,edge-39,2,edge,3600.0,0.2025,0.0100,126,4.389,1.0000,3,0.3185,,0.700,0,4276.2
7046,5,278,edge-39,2,edge,3700.0,0.2000,0.0100,63,3.430,1.0000,3,0.2994,,0.700,0,4276.2
7047,5,278,edge-39,2,edge,3800.0,0.2000,0.0100,68,3.575,1.0000,3,0.2804,,0.700,0,4276.2
7048,5,278,edge-39,2,edge,3900.0,0.2000,0.0100,64,3.438,1.0000,3,0.2613,,0.700,0,4276.2
7049,5,278,edge-39,2,edge,4000.0,0.2000,0.0100,70,3.522,1.0000,3,0.2423,,0.700,0,4276.2
7050,5,278,edge-39,2,edge,4100.0,0.2021,0.0100,115,4.344,1.0000,4,0.2232,,0.700,1,4276.2
7051,5,278,edge-39,2,edge,4200.0,0.2000,0.0100,130,5.311,1.0000,4,0.2042,,0.700,1,4276.2
