case_id,scenario_id,node_id,node_name,level,device_class,epoch,cpu_util,ram_util,queue_depth,uplink_latency,jitter_pktloss,handover_rate,residual_energy,temperature,reliability_prior,ground_truth_fail,failure_time
1,7,3,cloud,0,cloud,0.0,0.0000,0.0025,0,0.000,,0,1.0000,,0.990,0,
2,7,3,cloud,0,cloud,100.0,0.0000,0.0025,0,0.000,,0,0.9959,,0.990,0,
3,7,3,cloud,0,cloud,200.0,0.0000,0.0025,148,740.000,1.0000,0,0.9918,,0.990,0,
4,7,3,cloud,0,cloud,300.0,0.0000,0.0025,419,1795.000,1.0000,0,0.9868,,0.990,0,
5,7,3,cloud,0,cloud,400.0,0.0000,0.0025,421,1800.000,1.0000,0,0.9818,,0.990,0,
6,7,3,cloud,0,cloud,500.0,0.0000,0.0025,435,1835.000,1.0000,0,0.9768,,0.990,0,
7,7,3,cloud,0,cloud,600.0,0.0000,0.0025,423,1805.000,1.0000,0,0.9718,,0.990,0,
8,7,3,cloud,0,cloud,700.0,0.0000,0.0025,423,1805.000,1.0000,0,0.9668,,0.990,0,
9,7,3,cloud,0,cloud,800.0,0.0000,0.0025,411,1775.000,1.0000,0,0.9618,,0.990,0,
10,7,3,cloud,0,cloud,900.0,0.0000,0.0025,411,1775.000,1.0000,0,0.9568,,0.990,0,
11,7,3,cloud,0,cloud,1000.0,0.0000,0.0025,421,1800.000,1.0000,0,0.9518,,0.990,0,
12,7,3,cloud,0,cloud,1100.0,0.0000,0.0025,419,1795.000,1.0000,0,0.9468,,0.990,0,
13,7,3,cloud,0,cloud,1200.0,0.0000,0.0025,427,1815.000,1.0000,0,0.9418,,0.990,0,
14,7,3,cloud,0,cloud,1300.0,0.0000,0.0025,427,1815.000,1.0000,0,0.9368,,0.990,0,
15,7,3,cloud,0,cloud,1400.0,0.0000,0.0025,417,1790.000,1.0000,0,0.9318,,0.990,0,
16,7,3,cloud,0,cloud,1500.0,0.0000,0.0025,407,1765.000,1.0000,0,0.9268,,0.990,0,
17,7,3,cloud,0,cloud,1600.0,0.0000,0.0025,413,1780.000,1.0000,0,0.9218,,0.990,0,
18,7,3,cloud,0,cloud,1700.0,0.0000,0.0025,431,1825.000,1.0000,0,0.9168,,0.990,0,
19,7,3,cloud,0,cloud,1800.0,0.0000,0.0025,419,1795.000,1.0000,0,0.9118,,0.990,0,
20,7,3,cloud,0,cloud,1900.0,0.0000,0.0025,411,1775.000,1.0000,0,0.9068,,0.990,0,
21,7,3,cloud,0,cloud,2000.0,0.0000,0.0025,425,1810.000,1.0000,0,0.9018,,0.990,0,
22,7,3,cloud,0,cloud,2100.0,0.0000,0.0025,423,1805.000,1.0000,0,0.8968,,0.990,0,
23,7,3,cloud,0,cloud,2200.0,0.0000,0.0025,411,1775.000,1.0000,0,0.8918,,0.990,0,
24,7,3,cloud,0,cloud,2300.0,0.0000,0.0025,411,1775.000,1.0000,0,0.8868,,0.990,0,
25,7,3,cloud,0,cloud,2400.0,0.0000,0.0025,389,1720.000,1.0000,0,0.8818,,0.990,0,
26,7,3,cloud,0,cloud,2500.0,0.0000,0.0025,441,1850.000,1.0000,0,0.8768,,0.990,0,
27,7,3,cloud,0,cloud,2600.0,0.0000,0.0025,427,1815.000,1.0000,0,0.8718,,0.990,0,
28,7,3,cloud,0,cloud,2700.0,0.0000,0.0025,417,1790.000,1.0000,0,0.8668,,0.990,0,
29,7,3,cloud,0,cloud,2800.0,0.0000,0.0025,427,1815.000,1.0000,0,0.8618,,0.990,0,
30,7,3,cloud,0,cloud,2900.0,0.0000,0.0025,429,1820.000,1.0000,0,0.8568,,0.990,0,
31,7,3,cloud,0,cloud,3000.0,0.0000,0.0025,425,1810.000,1.0000,0,0.8518,,0.990,0,
32,7,3,cloud,0,cloud,3100.0,0.0000,0.0025,417,1790.000,1.0000,0,0.8468,,0.990,0,
33,7,3,cloud,0,cloud,3200.0,0.0000,0.0025,401,1750.000,1.0000,0,0.8418,,0.990,0,
34,7,3,cloud,0,cloud,3300.0,0.0000,0.0025,425,1810.000,1.0000,0,0.8368,,0.990,0,
35,7,3,cloud,0,cloud,3400.0,0.0000,0.0025,383,1705.000,1.0000,0,0.8318,,0.990,0,
36,7,3,cloud,0,cloud,3500.0,0.0000,0.0025,429,1820.000,1.0000,0,0.8268,,0.990,0,
37,7,3,cloud,0,cloud,3600.0,0.0000,0.0025,419,1795.000,1.0000,0,0.8218,,0.990,0,
38,7,3,cloud,0,cloud,3700.0,0.0000,0.0025,431,1825.000,1.0000,0,0.8168,,0.990,0,
39,7,3,cloud,0,cloud,3800.0,0.0000,0.0025,397,1740.000,1.0000,0,0.8118,,0.990,0,
40,7,3,cloud,0,cloud,3900.0,0.0000,0.0025,423,1805.000,1.0000,0,0.8068,,0.990,0,
41,7,3,cloud,0,cloud,4000.0,0.0000,0.0025,413,1780.000,1.0000,0,0.8018,,0.990,0,
42,7,3,cloud,0,cloud,4100.0,0.0000,0.0025,445,1860.000,1.0000,0,0.7968,,0.990,0,
43,7,3,cloud,0,cloud,4200.0,0.0000,0.0025,429,1820.000,1.0000,0,0.7918,,0.990,0,
44,7,3,cloud,0,cloud,4300.0,0.0000,0.0025,409,1770.000,1.0000,0,0.7868,,0.990,0,
45,7,3,cloud,0,cloud,4400.0,0.0000,0.0025,435,1835.000,1.0000,0,0.7818,,0.990,0,
46,7,3,cloud,0,cloud,4500.0,0.0000,0.0025,413,1780.000,1.0000,0,0.7768,,0.990,0,
47,7,3,cloud,0,cloud,4600.0,0.0000,0.0025,413,1780.000,1.0000,0,0.7718,,0.990,0,
48,7,3,cloud,0,cloud,4700.0,0.0000,0.0025,413,1780.000,1.0000,0,0.7668,,0.990,0,
49,7,3,cloud,0,cloud,4800.0,0.0000,0.0025,421,1800.000,1.0000,0,0.7618,,0.990,0,
50,7,3,cloud,0,cloud,4900.0,0.0000,0.0025,421,1800.000,1.0000,0,0.7568,,0.990,0,
51,7,3,cloud,0,cloud,5000.0,0.0000,0.0025,423,1805.000,1.0000,0,0.7518,,0.990,0,
52,7,4,fog-13,1,fog,0.0,0.0000,0.0000,0,100.000,,0,1.0000,,0.850,0,
53,7,4,fog-13,1,fog,100.0,0.0000,0.0000,3,100.150,1.0000,0,0.9961,,0.850,0,
54,7,4,fog-13,1,fog,200.0,0.0000,0.0000,7,100.350,1.0000,0,0.9922,,0.850,0,
55,7,4,fog-13,1,fog,300.0,0.0000,0.0000,10,100.500,1.0000,0,0.9883,,0.850,0,
56,7,4,fog-13,1,fog,400.0,0.0000,0.0000,8,100.400,0.8660,0,0.9845,,0.850,0,
57,7,4,fog-13,1,fog,500.0,0.0000,0.0000,14,100.700,1.0000,0,0.9806,,0.850,0,
58,7,4,fog-13,1,fog,600.0,0.0000,0.0000,14,100.700,1.0000,0,0.9767,,0.850,0,
59,7,4,fog-13,1,fog,700.0,0.0000,0.0000,12,100.600,1.0000,0,0.9728,,0.850,0,
60,7,4,fog-13,1,fog,800.0,0.0000,0.0000,12,100.600,1.0000,0,0.9689,,0.850,0,
61,7,4,fog-13,1,fog,900.0,0.0000,0.0000,15,100.750,1.0000,0,0.9650,,0.850,0,
62,7,4,fog-13,1,fog,1000.0,0.0000,0.0000,15,100.750,1.0000,0,0.9611,,0.850,0,
63,7,4,fog-13,1,fog,1100.0,0.0000,0.0000,15,100.750,1.0000,0,0.9572,,0.850,0,
64,7,4,fog-13,1,fog,1200.0,0.0000,0.0000,14,100.700,1.0000,0,0.9534,,0.850,0,
65,7,4,fog-13,1,fog,1300.0,0.0000,0.0000,14,100.700,1.0000,0,0.9495,,0.850,0,
66,7,4,fog-13,1,fog,1400.0,0.0000,0.0000,10,100.500,1.0000,0,0.9456,,0.850,0,
67,7,4,fog-13,1,fog,1500.0,0.0000,0.0000,14,100.700,1.0000,0,0.9417,,0.850,0,
68,7,4,fog-13,1,fog,1600.0,0.0000,0.0000,14,100.700,1.0000,0,0.9378,,0.850,0,
69,7,4,fog-13,1,fog,1700.0,0.0000,0.0000,15,100.750,1.0000,0,0.9339,,0.850,0,
70,7,4,fog-13,1,fog,1800.0,0.0000,0.0000,13,100.650,1.0000,0,0.9300,,0.850,0,
71,7,4,fog-13,1,fog,1900.0,0.0000,0.0000,10,100.500,1.0000,0,0.9262,,0.850,0,
72,7,4,fog-13,1,fog,2000.0,0.0000,0.0000,10,100.500,1.0000,0,0.9223,,0.850,0,
73,7,4,fog-13,1,fog,2100.0,0.0000,0.0000,8,100.400,0.8660,0,0.9184,,0.850,0,
74,7,4,fog-13,1,fog,2200.0,0.0000,0.0000,7,100.350,0.7071,0,0.9145,,0.850,0,
75,7,4,fog-13,1,fog,2300.0,0.0000,0.0000,9,100.450,1.0000,0,0.9106,,0.850,0,
76,7,4,fog-13,1,fog,2400.0,0.0000,0.0000,10,100.500,1.0000,0,0.9067,,0.850,0,
77,7,4,fog-13,1,fog,2500.0,0.0000,0.0000,9,100.450,1.0000,0,0.9028,,0.850,0,
78,7,4,fog-13,1,fog,2600.0,0.0000,0.0000,8,100.400,0.8660,0,0.8990,,0.850,0,
79,7,4,fog-13,1,fog,2700.0,0.0000,0.0000,9,100.450,1.0000,0,0.8951,,0.850,0,
80,7,4,fog-13,1,fog,2800.0,0.0000,0.0000,9,100.450,1.0000,0,0.8912,,0.850,0,
81,7,4,fog-13,1,fog,2900.0,0.0000,0.0000,7,100.350,0.7071,0,0.8873,,0.850,0,
82,7,4,fog-13,1,fog,3000.0,0.0000,0.0000,7,100.350,1.0000,0,0.8834,,0.850,0,
83,7,4,fog-13,1,fog,3100.0,0.0000,0.0000,8,100.400,0.8660,0,0.8795,,0.850,0,
84,7,4,fog-13,1,fog,3200.0,0.0000,0.0000,9,100.450,1.0000,0,0.8756,,0.850,0,
85,7,4,fog-13,1,fog,3300.0,0.0000,0.0000,7,100.350,1.0000,0,0.8717,,0.850,0,
86,7,4,fog-13,1,fog,3400.0,0.0000,0.0000,10,100.500,1.0000,0,0.8679,,0.850,0,
87,7,4,fog-13,1,fog,3500.0,0.0000,0.0000,8,100.400,0.8660,0,0.8640,,0.850,0,
88,7,4,fog-13,1,fog,3600.0,0.0000,0.0000,8,100.400,0.8660,0,0.8601,,0.850,0,
89,7,4,fog-13,1,fog,3700.0,0.0000,0.0000,9,100.450,1.0000,0,0.8562,,0.850,0,
90,7,4,fog-13,1,fog,3800.0,0.0000,0.0000,8,100.400,0.8660,0,0.8523,,0.850,0,
91,7,4,fog-13,1,fog,3900.0,0.0000,0.0000,13,100.650,1.0000,0,0.8484,,0.850,0,
92,7,4,fog-13,1,fog,4000.0,0.0000,0.0000,14,100.700,1.0000,0,0.8445,,0.850,0,
93,7,4,fog-13,1,fog,4100.0,0.0000,0.0000,18,100.900,1.0000,0,0.8407,,0.850,0,
94,7,4,fog-13,1,fog,4200.0,0.0000,0.0000,25,101.100,1.0000,0,0.8368,,0.850,0,
95,7,4,fog-13,1,fog,4300.0,0.0000,0.0000,27,101.150,1.0000,0,0.8329,,0.850,0,
96,7,4,fog-13,1,fog,4400.0,0.0000,0.0000,27,101.150,1.0000,0,0.8290,,0.850,0,
97,7,4,fog-13,1,fog,4500.0,0.0000,0.0000,21,101.000,1.0000,0,0.8251,,0.850,0,
98,7,4,fog-13,1,fog,4600.0,0.0000,0.0000,27,101.150,1.0000,0,0.8212,,0.850,0,
99,7,4,fog-13,1,fog,4700.0,0.0000,0.0000,18,100.900,1.0000,0,0.8173,,0.850,0,
100,7,4,fog-13,1,fog,4800.0,0.0000,0.0000,19,100.950,1.0000,0,0.8135,,0.850,0,
101,7,4,fog-13,1,fog,4900.0,0.0000,0.0000,18,100.900,1.0000,0,0.8096,,0.850,0,
102,7,4,fog-13,1,fog,5000.0,0.0000,0.0000,15,100.750,1.0000,0,0.8057,,0.850,0,
103,7,5,fog-14,1,fog,0.0,0.0000,0.0000,0,100.000,,0,1.0000,,0.850,0,
104,7,5,fog-14,1,fog,100.0,0.0000,0.0000,2,100.100,,0,0.9961,,0.850,0,
105,7,5,fog-14,1,fog,200.0,0.0000,0.0000,5,100.250,0.0000,0,0.9922,,0.850,0,
106,7,5,fog-14,1,fog,300.0,0.0000,0.0000,5,100.250,0.0000,0,0.9883,,0.850,0,
107,7,5,fog-14,1,fog,400.0,0.0000,0.0000,9,100.450,0.9939,0,0.9845,,0.850,0,
108,7,5,fog-14,1,fog,500.0,0.0000,0.0000,3,100.150,0.5000,0,0.9806,,0.850,0,
109,7,5,fog-14,1,fog,600.0,0.0000,0.0000,4,100.200,0.3536,0,0.9767,,0.850,0,
110,7,5,fog-14,1,fog,700.0,0.0000,0.0000,4,100.200,0.3536,0,0.9728,,0.850,0,
111,7,5,fog-14,1,fog,800.0,0.0000,0.0000,0,100.000,,0,0.9689,,0.850,0,
112,7,5,fog-14,1,fog,900.0,0.0000,0.0000,0,100.000,,0,0.9650,,0.850,0,
113,7,5,fog-14,1,fog,1000.0,0.0000,0.0000,5,100.250,0.0000,0,0.9611,,0.850,0,
114,7,5,fog-14,1,fog,1100.0,0.0000,0.0000,5,100.250,0.0000,0,0.9572,,0.850,0,
115,7,5,fog-14,1,fog,1200.0,0.0000,0.0000,6,100.300,0.9354,0,0.9534,,0.850,0,
116,7,5,fog-14,1,fog,1300.0,0.0000,0.0000,9,100.450,0.9939,0,0.9495,,0.850,0,
117,7,5,fog-14,1,fog,1400.0,0.0000,0.0000,1,100.050,,0,0.9456,,0.850,0,
118,7,5,fog-14,1,fog,1500.0,0.0000,0.0000,5,100.250,0.0000,0,0.9417,,0.850,0,
119,7,5,fog-14,1,fog,1600.0,0.0000,0.0000,0,100.000,,0,0.9378,,0.850,0,
120,7,5,fog-14,1,fog,1700.0,0.0000,0.0000,0,100.000,,0,0.9339,,0.850,0,
121,7,5,fog-14,1,fog,1800.0,0.0000,0.0000,0,100.000,,0,0.9300,,0.850,0,
122,7,5,fog-14,1,fog,1900.0,0.0000,0.0000,0,100.000,,0,0.9262,,0.850,0,
123,7,5,fog-14,1,fog,2000.0,0.0000,0.0000,4,100.200,0.3536,0,0.9223,,0.850,0,
124,7,5,fog-14,1,fog,2100.0,0.0000,0.0000,8,100.400,0.8660,0,0.9184,,0.850,0,
125,7,5,fog-14,1,fog,2200.0,0.0000,0.0000,7,100.350,0.7071,0,0.9145,,0.850,0,
126,7,5,fog-14,1,fog,2300.0,0.0000,0.0000,8,100.400,0.8614,0,0.9106,,0.850,0,
127,7,5,fog-14,1,fog,2400.0,0.0000,0.0000,8,100.400,0.8614,0,0.9067,,0.850,0,
128,7,5,fog-14,1,fog,2500.0,0.0000,0.0000,5,100.250,0.0000,0,0.9028,,0.850,0,
129,7,5,fog-14,1,fog,2600.0,0.0000,0.0000,5,100.250,0.0000,0,0.8990,,0.850,0,
130,7,5,fog-14,1,fog,2700.0,0.0000,0.0000,9,100.450,0.9939,0,0.8951,,0.850,0,
131,7,5,fog-14,1,fog,2800.0,0.0000,0.0000,4,100.200,0.0000,0,0.8912,,0.850,0,
132,7,5,fog-14,1,fog,2900.0,0.0000,0.0000,4,100.200,0.0000,0,0.8873,,0.850,0,
133,7,5,fog-14,1,fog,3000.0,0.0000,0.0000,5,100.250,0.0000,0,0.8834,,0.850,0,
134,7,5,fog-14,1,fog,3100.0,0.0000,0.0000,0,100.000,,0,0.8795,,0.850,0,
135,7,5,fog-14,1,fog,3200.0,0.0000,0.0000,0,100.000,,0,0.8756,,0.850,0,
136,7,5,fog-14,1,fog,3300.0,0.0000,0.0000,0,100.000,,0,0.8717,,0.850,0,
137,7,5,fog-14,1,fog,3400.0,0.0000,0.0000,3,100.150,0.0000,0,0.8679,,0.850,0,
138,7,5,fog-14,1,fog,3500.0,0.0000,0.0000,4,100.200,0.3536,0,0.8640,,0.850,0,
139,7,5,fog-14,1,fog,3600.0,0.0000,0.0000,4,100.200,0.0000,0,0.8601,,0.850,0,
140,7,5,fog-14,1,fog,3700.0,0.0000,0.0000,5,100.250,0.0000,0,0.8562,,0.850,0,
141,7,5,fog-14,1,fog,3800.0,0.0000,0.0000,0,100.000,,0,0.8523,,0.850,0,
142,7,5,fog-14,1,fog,3900.0,0.0000,0.0000,4,100.200,0.3536,0,0.8484,,0.850,0,
143,7,5,fog-14,1,fog,4000.0,0.0000,0.0000,5,100.250,0.0000,0,0.8445,,0.850,0,
144,7,5,fog-14,1,fog,4100.0,0.0000,0.0000,5,100.250,0.0000,0,0.8407,,0.850,0,
145,7,5,fog-14,1,fog,4200.0,0.0000,0.0000,5,100.250,0.0000,0,0.8368,,0.850,0,
146,7,5,fog-14,1,fog,4300.0,0.0000,0.0000,9,100.450,1.0000,0,0.8329,,0.850,0,
147,7,5,fog-14,1,fog,4400.0,0.0000,0.0000,9,100.450,1.0000,0,0.8290,,0.850,0,
148,7,5,fog-14,1,fog,4500.0,0.0000,0.0000,10,100.500,1.0000,0,0.8251,,0.850,0,
149,7,5,fog-14,1,fog,4600.0,0.0000,0.0000,9,100.450,1.0000,0,0.8212,,0.850,0,
150,7,5,fog-14,1,fog,4700.0,0.0000,0.0000,0,100.000,,0,0.8173,,0.850,0,
151,7,5,fog-14,1,fog,4800.0,0.0000,0.0000,0,100.000,,0,0.8135,,0.850,0,
152,7,5,fog-14,1,fog,4900.0,0.0000,0.0000,0,100.000,,0,0.8096,,0.850,0,
153,7,5,fog-14,1,fog,5000.0,0.0000,0.0000,0,100.000,,0,0.8057,,0.850,0,
154,7,6,fog-15,1,fog,0.0,0.0000,0.0000,0,100.000,,0,1.0000,,0.850,0,
155,7,6,fog-15,1,fog,100.0,0.0000,0.0000,2,100.100,,0,0.9961,,0.850,0,
156,7,6,fog-15,1,fog,200.0,0.0000,0.0000,0,100.000,,0,0.9922,,0.850,0,
157,7,6,fog-15,1,fog,300.0,0.0000,0.0000,0,100.000,,0,0.9883,,0.850,0,
158,7,6,fog-15,1,fog,400.0,0.0000,0.0000,0,100.000,,0,0.9845,,0.850,0,
159,7,6,fog-15,1,fog,500.0,0.0000,0.0000,0,100.000,,0,0.9806,,0.850,0,
160,7,6,fog-15,1,fog,600.0,0.0000,0.0000,10,100.500,1.0000,0,0.9767,,0.850,0,
161,7,6,fog-15,1,fog,700.0,0.0000,0.0000,4,100.200,0.3536,0,0.9728,,0.850,0,
162,7,6,fog-15,1,fog,800.0,0.0000,0.0000,0,100.000,,0,0.9689,,0.850,0,
163,7,6,fog-15,1,fog,900.0,0.0000,0.0000,5,100.250,0.0000,0,0.9650,,0.850,0,
164,7,6,fog-15,1,fog,1000.0,0.0000,0.0000,4,100.200,0.3536,0,0.9611,,0.850,0,
165,7,6,fog-15,1,fog,1100.0,0.0000,0.0000,0,100.000,,0,0.9572,,0.850,0,
166,7,6,fog-15,1,fog,1200.0,0.0000,0.0000,5,100.250,0.0000,0,0.9534,,0.850,0,
167,7,6,fog-15,1,fog,1300.0,0.0000,0.0000,0,100.000,,0,0.9495,,0.850,0,
168,7,6,fog-15,1,fog,1400.0,0.0000,0.0000,5,100.250,0.0000,0,0.9456,,0.850,0,
169,7,6,fog-15,1,fog,1500.0,0.0000,0.0000,0,100.000,,0,0.9417,,0.850,0,
170,7,6,fog-15,1,fog,1600.0,0.0000,0.0000,0,100.000,,0,0.9378,,0.850,0,
171,7,6,fog-15,1,fog,1700.0,0.0000,0.0000,14,100.700,1.0000,0,0.9339,,0.850,0,
172,7,6,fog-15,1,fog,1800.0,0.0000,0.0000,0,100.000,,0,0.9300,,0.850,0,
173,7,6,fog-15,1,fog,1900.0,0.0000,0.0000,5,100.250,0.0000,0,0.9262,,0.850,0,
174,7,6,fog-15,1,fog,2000.0,0.0000,0.0000,0,100.000,,0,0.9223,,0.850,0,
175,7,6,fog-15,1,fog,2100.0,0.0000,0.0000,0,100.000,,0,0.9184,,0.850,0,
176,7,6,fog-15,1,fog,2200.0,0.0000,0.0000,0,100.000,,0,0.9145,,0.850,0,
177,7,6,fog-15,1,fog,2300.0,0.0000,0.0000,0,100.000,,0,0.9106,,0.850,0,
178,7,6,fog-15,1,fog,2400.0,0.0000,0.0000,4,100.200,0.3536,0,0.9067,,0.850,0,
179,7,6,fog-15,1,fog,2500.0,0.0000,0.0000,0,100.000,,0,0.9028,,0.850,0,
180,7,6,fog-15,1,fog,2600.0,0.0000,0.0000,0,100.000,,0,0.8990,,0.850,0,
181,7,6,fog-15,1,fog,2700.0,0.0000,0.0000,4,100.200,0.3536,0,0.8951,,0.850,0,
182,7,6,fog-15,1,fog,2800.0,0.0000,0.0000,0,100.000,,0,0.8912,,0.850,0,
183,7,6,fog-15,1,fog,2900.0,0.0000,0.0000,5,100.250,0.0000,0,0.8873,,0.850,0,
184,7,6,fog-15,1,fog,3000.0,0.0000,0.0000,5,100.250,0.0000,0,0.8834,,0.850,0,
185,7,6,fog-15,1,fog,3100.0,0.0000,0.0000,5,100.250,0.0000,0,0.8795,,0.850,0,
186,7,6,fog-15,1,fog,3200.0,0.0000,0.0000,5,100.250,0.0000,0,0.8756,,0.850,0,
187,7,6,fog-15,1,fog,3300.0,0.0000,0.0000,7,100.350,0.7067,0,0.8717,,0.850,0,
188,7,6,fog-15,1,fog,3400.0,0.0000,0.0000,0,100.000,,0,0.8679,,0.850,0,
189,7,6,fog-15,1,fog,3500.0,0.0000,0.0000,5,100.250,0.0000,0,0.8640,,0.850,0,
190,7,6,fog-15,1,fog,3600.0,0.0000,0.0000,4,100.200,0.0000,0,0.8601,,0.850,0,
191,7,6,fog-15,1,fog,3700.0,0.0000,0.0000,0,100.000,,0,0.8562,,0.850,0,
192,7,6,fog-15,1,fog,3800.0,0.0000,0.0000,0,100.000,,0,0.8523,,0.850,0,
193,7,6,fog-15,1,fog,3900.0,0.0000,0.0000,0,100.000,,0,0.8484,,0.850,0,
194,7,6,fog-15,1,fog,4000.0,0.0000,0.0000,5,100.250,0.0000,0,0.8445,,0.850,0,
195,7,6,fog-15,1,fog,4100.0,0.0000,0.0000,4,100.200,0.0000,0,0.8407,,0.850,0,
196,7,6,fog-15,1,fog,4200.0,0.0000,0.0000,0,100.000,,0,0.8368,,0.850,0,
197,7,6,fog-15,1,fog,4300.0,0.0000,0.0000,0,100.000,,0,0.8329,,0.850,0,
198,7,6,fog-15,1,fog,4400.0,0.0000,0.0000,0,100.000,,0,0.8290,,0.850,0,
199,7,6,fog-15,1,fog,4500.0,0.0000,0.0000,0,100.000,,0,0.8251,,0.850,0,
200,7,6,fog-15,1,fog,4600.0,0.0000,0.0000,0,100.000,,0,0.8212,,0.850,0,
201,7,6,fog-15,1,fog,4700.0,0.0000,0.0000,0,100.000,,0,0.8173,,0.850,0,
202,7,6,fog-15,1,fog,4800.0,0.0000,0.0000,5,100.250,0.0000,0,0.8135,,0.850,0,
203,7,6,fog-15,1,fog,4900.0,0.0000,0.0000,4,100.200,0.0000,0,0.8096,,0.850,0,
204,7,6,fog-15,1,fog,5000.0,0.0000,0.0000,0,100.000,,0,0.8057,,0.850,0,
205,7,7,fog-16,1,fog,0.0,0.0000,0.0000,0,100.000,,0,1.0000,,0.850,0,
206,7,7,fog-16,1,fog,100.0,0.0000,0.0000,0,100.000,,0,0.9961,,0.850,0,
207,7,7,fog-16,1,fog,200.0,0.0000,0.0000,0,100.000,,0,0.9922,,0.850,0,
208,7,7,fog-16,1,fog,300.0,0.0000,0.0000,0,100.000,,0,0.9883,,0.850,0,
209,7,7,fog-16,1,fog,400.0,0.0000,0.0000,0,100.000,,0,0.9845,,0.850,0,
210,7,7,fog-16,1,fog,500.0,0.0000,0.0000,0,100.000,,0,0.9806,,0.850,0,
211,7,7,fog-16,1,fog,600.0,0.0000,0.0000,0,100.000,,0,0.9767,,0.850,0,
212,7,7,fog-16,1,fog,700.0,0.0000,0.0000,0,100.000,,0,0.9728,,0.850,0,
213,7,7,fog-16,1,fog,800.0,0.0000,0.0000,0,100.000,,0,0.9689,,0.850,0,
214,7,7,fog-16,1,fog,900.0,0.0000,0.0000,0,100.000,,0,0.9650,,0.850,0,
215,7,7,fog-16,1,fog,1000.0,0.0000,0.0000,0,100.000,,0,0.9611,,0.850,0,
216,7,7,fog-16,1,fog,1100.0,0.0000,0.0000,0,100.000,,0,0.9572,,0.850,0,
217,7,7,fog-16,1,fog,1200.0,0.0000,0.0000,0,100.000,,0,0.9534,,0.850,0,
218,7,7,fog-16,1,fog,1300.0,0.0000,0.0000,0,100.000,,0,0.9495,,0.850,0,
219,7,7,fog-16,1,fog,1400.0,0.0000,0.0000,0,100.000,,0,0.9456,,0.850,0,
220,7,7,fog-16,1,fog,1500.0,0.0000,0.0000,0,100.000,,0,0.9417,,0.850,0,
221,7,7,fog-16,1,fog,1600.0,0.0000,0.0000,0,100.000,,0,0.9378,,0.850,0,
222,7,7,fog-16,1,fog,1700.0,0.0000,0.0000,0,100.000,,0,0.9339,,0.850,0,
223,7,7,fog-16,1,fog,1800.0,0.0000,0.0000,0,100.000,,0,0.9300,,0.850,0,
224,7,7,fog-16,1,fog,1900.0,0.0000,0.0000,0,100.000,,0,0.9262,,0.850,0,
225,7,7,fog-16,1,fog,2000.0,0.0000,0.0000,0,100.000,,0,0.9223,,0.850,0,
226,7,7,fog-16,1,fog,2100.0,0.0000,0.0000,0,100.000,,0,0.9184,,0.850,0,
227,7,7,fog-16,1,fog,2200.0,0.0000,0.0000,0,100.000,,0,0.9145,,0.850,0,
228,7,7,fog-16,1,fog,2300.0,0.0000,0.0000,0,100.000,,0,0.9106,,0.850,0,
229,7,7,fog-16,1,fog,2400.0,0.0000,0.0000,0,100.000,,0,0.9067,,0.850,0,
230,7,7,fog-16,1,fog,2500.0,0.0000,0.0000,0,100.000,,0,0.9028,,0.850,0,
231,7,7,fog-16,1,fog,2600.0,0.0000,0.0000,0,100.000,,0,0.8990,,0.850,0,
232,7,7,fog-16,1,fog,2700.0,0.0000,0.0000,0,100.000,,0,0.8951,,0.850,0,
233,7,7,fog-16,1,fog,2800.0,0.0000,0.0000,0,100.000,,0,0.8912,,0.850,0,
234,7,7,fog-16,1,fog,2900.0,0.0000,0.0000,0,100.000,,0,0.8873,,0.850,0,
235,7,7,fog-16,1,fog,3000.0,0.0000,0.0000,0,100.000,,0,0.8834,,0.850,0,
236,7,7,fog-16,1,fog,3100.0,0.0000,0.0000,0,100.000,,0,0.8795,,0.850,0,
237,7,7,fog-16,1,fog,3200.0,0.0000,0.0000,0,100.000,,0,0.8756,,0.850,0,
238,7,7,fog-16,1,fog,3300.0,0.0000,0.0000,0,100.000,,0,0.8717,,0.850,0,
239,7,7,fog-16,1,fog,3400.0,0.0000,0.0000,0,100.000,,0,0.8679,,0.850,0,
240,7,7,fog-16,1,fog,3500.0,0.0000,0.0000,0,100.000,,0,0.8640,,0.850,0,
241,7,7,fog-16,1,fog,3600.0,0.0000,0.0000,0,100.000,,0,0.8601,,0.850,0,
242,7,7,fog-16,1,fog,3700.0,0.0000,0.0000,0,100.000,,0,0.8562,,0.850,0,
243,7,7,fog-16,1,fog,3800.0,0.0000,0.0000,0,100.000,,0,0.8523,,0.850,0,
244,7,7,fog-16,1,fog,3900.0,0.0000,0.0000,0,100.000,,0,0.8484,,0.850,0,
245,7,7,fog-16,1,fog,4000.0,0.0000,0.0000,0,100.000,,0,0.8445,,0.850,0,
246,7,7,fog-16,1,fog,4100.0,0.0000,0.0000,0,100.000,,0,0.8407,,0.850,0,
247,7,7,fog-16,1,fog,4200.0,0.0000,0.0000,0,100.000,,0,0.8368,,0.850,0,
248,7,7,fog-16,1,fog,4300.0,0.0000,0.0000,0,100.000,,0,0.8329,,0.850,0,
249,7,7,fog-16,1,fog,4400.0,0.0000,0.0000,0,100.000,,0,0.8290,,0.850,0,
250,7,7,fog-16,1,fog,4500.0,0.0000,0.0000,0,100.000,,0,0.8251,,0.850,0,
251,7,7,fog-16,1,fog,4600.0,0.0000,0.0000,0,100.000,,0,0.8212,,0.850,0,
252,7,7,fog-16,1,fog,4700.0,0.0000,0.0000,0,100.000,,0,0.8173,,0.850,0,
253,7,7,fog-16,1,fog,4800.0,0.0000,0.0000,0,100.000,,0,0.8135,,0.850,0,
254,7,7,fog-16,1,fog,4900.0,0.0000,0.0000,0,100.000,,0,0.8096,,0.850,0,
255,7,7,fog-16,1,fog,5000.0,0.0000,0.0000,0,100.000,,0,0.8057,,0.850,0,
256,7,8,fog-17,1,fog,0.0,0.0000,0.0000,0,100.000,,0,1.0000,,0.850,0,
257,7,8,fog-17,1,fog,100.0,0.0000,0.0000,0,100.000,,0,0.9961,,0.850,0,
258,7,8,fog-17,1,fog,200.0,0.0000,0.0000,0,100.000,,0,0.9922,,0.850,0,
259,7,8,fog-17,1,fog,300.0,0.0000,0.0000,0,100.000,,0,0.9883,,0.850,0,
260,7,8,fog-17,1,fog,400.0,0.0000,0.0000,0,100.000,,0,0.9845,,0.850,0,
261,7,8,fog-17,1,fog,500.0,0.0000,0.0000,0,100.000,,0,0.9806,,0.850,0,
262,7,8,fog-17,1,fog,600.0,0.0000,0.0000,0,100.000,,0,0.9767,,0.850,0,
263,7,8,fog-17,1,fog,700.0,0.0000,0.0000,8,100.400,0.8620,0,0.9728,,0.850,0,
264,7,8,fog-17,1,fog,800.0,0.0000,0.0000,0,100.000,,0,0.9689,,0.850,0,
265,7,8,fog-17,1,fog,900.0,0.0000,0.0000,0,100.000,,0,0.9650,,0.850,0,
266,7,8,fog-17,1,fog,1000.0,0.0000,0.0000,0,100.000,,0,0.9611,,0.850,0,
267,7,8,fog-17,1,fog,1100.0,0.0000,0.0000,0,100.000,,0,0.9572,,0.850,0,
268,7,8,fog-17,1,fog,1200.0,0.0000,0.0000,4,100.200,0.3536,0,0.9534,,0.850,0,
269,7,8,fog-17,1,fog,1300.0,0.0000,0.0000,15,100.750,1.0000,0,0.9495,,0.850,0,
270,7,8,fog-17,1,fog,1400.0,0.0000,0.0000,4,100.200,0.3536,0,0.9456,,0.850,0,
271,7,8,fog-17,1,fog,1500.0,0.0000,0.0000,0,100.000,,0,0.9417,,0.850,0,
272,7,8,fog-17,1,fog,1600.0,0.0000,0.0000,0,100.000,,0,0.9378,,0.850,0,
273,7,8,fog-17,1,fog,1700.0,0.0000,0.0000,0,100.000,,0,0.9339,,0.850,0,
274,7,8,fog-17,1,fog,1800.0,0.0000,0.0000,0,100.000,,0,0.9300,,0.850,0,
275,7,8,fog-17,1,fog,1900.0,0.0000,0.0000,4,100.200,0.0000,0,0.9262,,0.850,0,
276,7,8,fog-17,1,fog,2000.0,0.0000,0.0000,4,100.200,0.3536,0,0.9223,,0.850,0,
277,7,8,fog-17,1,fog,2100.0,0.0000,0.0000,10,100.500,1.0000,0,0.9184,,0.850,0,
278,7,8,fog-17,1,fog,2200.0,0.0000,0.0000,0,100.000,,0,0.9145,,0.850,0,
279,7,8,fog-17,1,fog,2300.0,0.0000,0.0000,0,100.000,,0,0.9106,,0.850,0,
280,7,8,fog-17,1,fog,2400.0,0.0000,0.0000,0,100.000,,0,0.9067,,0.850,0,
281,7,8,fog-17,1,fog,2500.0,0.0000,0.0000,5,100.250,0.0000,0,0.9028,,0.850,0,
282,7,8,fog-17,1,fog,2600.0,0.0000,0.0000,5,100.250,0.0000,0,0.8990,,0.850,0,
283,7,8,fog-17,1,fog,2700.0,0.0000,0.0000,0,100.000,,0,0.8951,,0.850,0,
284,7,8,fog-17,1,fog,2800.0,0.0000,0.0000,9,100.450,0.9860,0,0.8912,,0.850,0,
285,7,8,fog-17,1,fog,2900.0,0.0000,0.0000,0,100.000,,0,0.8873,,0.850,0,
286,7,8,fog-17,1,fog,3000.0,0.0000,0.0000,5,100.250,0.0000,0,0.8834,,0.850,0,
287,7,8,fog-17,1,fog,3100.0,0.0000,0.0000,0,100.000,,0,0.8795,,0.850,0,
288,7,8,fog-17,1,fog,3200.0,0.0000,0.0000,4,100.200,0.0000,0,0.8756,,0.850,0,
289,7,8,fog-17,1,fog,3300.0,0.0000,0.0000,0,100.000,,0,0.8717,,0.850,0,
290,7,8,fog-17,1,fog,3400.0,0.0000,0.0000,4,100.200,0.0000,0,0.8679,,0.850,0,
291,7,8,fog-17,1,fog,3500.0,0.0000,0.0000,4,100.200,0.0000,0,0.8640,,0.850,0,
292,7,8,fog-17,1,fog,3600.0,0.0000,0.0000,0,100.000,,0,0.8601,,0.850,0,
293,7,8,fog-17,1,fog,3700.0,0.0000,0.0000,10,100.500,1.0000,0,0.8562,,0.850,0,
294,7,8,fog-17,1,fog,3800.0,0.0000,0.0000,0,100.000,,0,0.8523,,0.850,0,
295,7,8,fog-17,1,fog,3900.0,0.0000,0.0000,3,100.150,0.3333,0,0.8484,,0.850,0,
296,7,8,fog-17,1,fog,4000.0,0.0000,0.0000,5,100.250,0.0000,0,0.8445,,0.850,0,
297,7,8,fog-17,1,fog,4100.0,0.0000,0.0000,4,100.200,0.3536,0,0.8407,,0.850,0,
298,7,8,fog-17,1,fog,4200.0,0.0000,0.0000,0,100.000,,0,0.8368,,0.850,0,
299,7,8,fog-17,1,fog,4300.0,0.0000,0.0000,4,100.200,0.3536,0,0.8329,,0.850,0,
300,7,8,fog-17,1,fog,4400.0,0.0000,0.0000,0,100.000,,0,0.8290,,0.850,0,
301,7,8,fog-17,1,fog,4500.0,0.0000,0.0000,3,100.150,0.3333,0,0.8251,,0.850,0,
302,7,8,fog-17,1,fog,4600.0,0.0000,0.0000,5,100.250,0.0000,0,0.8212,,0.850,0,
303,7,8,fog-17,1,fog,4700.0,0.0000,0.0000,0,100.000,,0,0.8173,,0.850,0,
304,7,8,fog-17,1,fog,4800.0,0.0000,0.0000,0,100.000,,0,0.8135,,0.850,0,
305,7,8,fog-17,1,fog,4900.0,0.0000,0.0000,0,100.000,,0,0.8096,,0.850,0,
306,7,8,fog-17,1,fog,5000.0,0.0000,0.0000,5,100.250,0.0000,0,0.8057,,0.850,0,
307,7,9,fog-18,1,fog,0.0,0.0000,0.0000,0,100.000,,0,1.0000,,0.850,0,1703.1
308,7,9,fog-18,1,fog,100.0,0.0000,0.0000,0,100.000,,0,0.9961,,0.850,0,1703.1
309,7,9,fog-18,1,fog,200.0,0.0000,0.0000,0,100.000,,0,0.9922,,0.850,0,1703.1
310,7,9,fog-18,1,fog,300.0,0.0000,0.0000,0,100.000,,0,0.9883,,0.850,0,1703.1
311,7,9,fog-18,1,fog,400.0,0.0000,0.0000,0,100.000,,0,0.9845,,0.850,0,1703.1
312,7,9,fog-18,1,fog,500.0,0.0000,0.0000,0,100.000,,0,0.9806,,0.850,0,1703.1
313,7,9,fog-18,1,fog,600.0,0.0000,0.0000,0,100.000,,0,0.9767,,0.850,0,1703.1
314,7,9,fog-18,1,fog,700.0,0.0000,0.0000,0,100.000,,0,0.9728,,0.850,0,1703.1
315,7,9,fog-18,1,fog,800.0,0.0000,0.0000,0,100.000,,0,0.9689,,0.850,0,1703.1
316,7,9,fog-18,1,fog,900.0,0.0000,0.0000,0,100.000,,0,0.9650,,0.850,0,1703.1
317,7,9,fog-18,1,fog,1000.0,0.0000,0.0000,0,100.000,,0,0.9611,,0.850,0,1703.1
318,7,9,fog-18,1,fog,1100.0,0.0000,0.0000,0,100.000,,0,0.9572,,0.850,0,1703.1
319,7,9,fog-18,1,fog,1200.0,0.0000,0.0000,0,100.000,,0,0.9534,,0.850,0,1703.1
320,7,9,fog-18,1,fog,1300.0,0.0000,0.0000,0,100.000,,0,0.9495,,0.850,0,1703.1
321,7,9,fog-18,1,fog,1400.0,0.0000,0.0000,0,100.000,,0,0.9456,,0.850,0,1703.1
322,7,9,fog-18,1,fog,1500.0,0.0000,0.0000,0,100.000,,0,0.9417,,0.850,0,1703.1
323,7,9,fog-18,1,fog,1600.0,0.0000,0.0000,0,100.000,,0,0.9378,,0.850,1,1703.1
324,7,9,fog-18,1,fog,1700.0,0.0000,0.0000,0,100.000,,0,0.9339,,0.850,1,1703.1
325,7,10,fog-19,1,fog,0.0,0.0000,0.0000,0,100.000,,0,1.0000,,0.850,0,
326,7,10,fog-19,1,fog,100.0,0.0000,0.0000,0,100.000,,0,0.9961,,0.850,0,
327,7,10,fog-19,1,fog,200.0,0.0000,0.0000,0,100.000,,0,0.9922,,0.850,0,
328,7,10,fog-19,1,fog,300.0,0.0000,0.0000,0,100.000,,0,0.9883,,0.850,0,
329,7,10,fog-19,1,fog,400.0,0.0000,0.0000,0,100.000,,0,0.9845,,0.850,0,
330,7,10,fog-19,1,fog,500.0,0.0000,0.0000,0,100.000,,0,0.9806,,0.850,0,
331,7,10,fog-19,1,fog,600.0,0.0000,0.0000,0,100.000,,0,0.9767,,0.850,0,
332,7,10,fog-19,1,fog,700.0,0.0000,0.0000,0,100.000,,0,0.9728,,0.850,0,
333,7,10,fog-19,1,fog,800.0,0.0000,0.0000,0,100.000,,0,0.9689,,0.850,0,
334,7,10,fog-19,1,fog,900.0,0.0000,0.0000,0,100.000,,0,0.9650,,0.850,0,
335,7,10,fog-19,1,fog,1000.0,0.0000,0.0000,0,100.000,,0,0.9611,,0.850,0,
336,7,10,fog-19,1,fog,1100.0,0.0000,0.0000,0,100.000,,0,0.9572,,0.850,0,
337,7,10,fog-19,1,fog,1200.0,0.0000,0.0000,0,100.000,,0,0.9534,,0.850,0,
338,7,10,fog-19,1,fog,1300.0,0.0000,0.0000,0,100.000,,0,0.9495,,0.850,0,
339,7,10,fog-19,1,fog,1400.0,0.0000,0.0000,0,100.000,,0,0.9456,,0.850,0,
340,7,10,fog-19,1,fog,1500.0,0.0000,0.0000,0,100.000,,0,0.9417,,0.850,0,
341,7,10,fog-19,1,fog,1600.0,0.0000,0.0000,0,100.000,,0,0.9378,,0.850,0,
342,7,10,fog-19,1,fog,1700.0,0.0000,0.0000,0,100.000,,0,0.9339,,0.850,0,
343,7,10,fog-19,1,fog,1800.0,0.0000,0.0000,0,100.000,,0,0.9300,,0.850,0,
344,7,10,fog-19,1,fog,1900.0,0.0000,0.0000,0,100.000,,0,0.9262,,0.850,0,
345,7,10,fog-19,1,fog,2000.0,0.0000,0.0000,0,100.000,,0,0.9223,,0.850,0,
346,7,10,fog-19,1,fog,2100.0,0.0000,0.0000,0,100.000,,0,0.9184,,0.850,0,
347,7,10,fog-19,1,fog,2200.0,0.0000,0.0000,0,100.000,,0,0.9145,,0.850,0,
348,7,10,fog-19,1,fog,2300.0,0.0000,0.0000,0,100.000,,0,0.9106,,0.850,0,
349,7,10,fog-19,1,fog,2400.0,0.0000,0.0000,0,100.000,,0,0.9067,,0.850,0,
350,7,10,fog-19,1,fog,2500.0,0.0000,0.0000,0,100.000,,0,0.9028,,0.850,0,
351,7,10,fog-19,1,fog,2600.0,0.0000,0.0000,0,100.000,,0,0.8990,,0.850,0,
352,7,10,fog-19,1,fog,2700.0,0.0000,0.0000,0,100.000,,0,0.8951,,0.850,0,
353,7,10,fog-19,1,fog,2800.0,0.0000,0.0000,0,100.000,,0,0.8912,,0.850,0,
354,7,10,fog-19,1,fog,2900.0,0.0000,0.0000,0,100.000,,0,0.8873,,0.850,0,
355,7,10,fog-19,1,fog,3000.0,0.0000,0.0000,0,100.000,,0,0.8834,,0.850,0,
356,7,10,fog-19,1,fog,3100.0,0.0000,0.0000,0,100.000,,0,0.8795,,0.850,0,
357,7,10,fog-19,1,fog,3200.0,0.0000,0.0000,0,100.000,,0,0.8756,,0.850,0,
358,7,10,fog-19,1,fog,3300.0,0.0000,0.0000,0,100.000,,0,0.8717,,0.850,0,
359,7,10,fog-19,1,fog,3400.0,0.0000,0.0000,0,100.000,,0,0.8679,,0.850,0,
360,7,10,fog-19,1,fog,3500.0,0.0000,0.0000,0,100.000,,0,0.8640,,0.850,0,
361,7,10,fog-19,1,fog,3600.0,0.0000,0.0000,0,100.000,,0,0.8601,,0.850,0,
362,7,10,fog-19,1,fog,3700.0,0.0000,0.0000,0,100.000,,0,0.8562,,0.850,0,
363,7,10,fog-19,1,fog,3800.0,0.0000,0.0000,0,100.000,,0,0.8523,,0.850,0,
364,7,10,fog-19,1,fog,3900.0,0.0000,0.0000,0,100.000,,0,0.8484,,0.850,0,
365,7,10,fog-19,1,fog,4000.0,0.0000,0.0000,0,100.000,,0,0.8445,,0.850,0,
366,7,10,fog-19,1,fog,4100.0,0.0000,0.0000,0,100.000,,0,0.8407,,0.850,0,
367,7,10,fog-19,1,fog,4200.0,0.0000,0.0000,0,100.000,,0,0.8368,,0.850,0,
368,7,10,fog-19,1,fog,4300.0,0.0000,0.0000,0,100.000,,0,0.8329,,0.850,0,
369,7,10,fog-19,1,fog,4400.0,0.0000,0.0000,0,100.000,,0,0.8290,,0.850,0,
370,7,10,fog-19,1,fog,4500.0,0.0000,0.0000,0,100.000,,0,0.8251,,0.850,0,
371,7,10,fog-19,1,fog,4600.0,0.0000,0.0000,0,100.000,,0,0.8212,,0.850,0,
372,7,10,fog-19,1,fog,4700.0,0.0000,0.0000,0,100.000,,0,0.8173,,0.850,0,
373,7,10,fog-19,1,fog,4800.0,0.0000,0.0000,0,100.000,,0,0.8135,,0.850,0,
374,7,10,fog-19,1,fog,4900.0,0.0000,0.0000,0,100.000,,0,0.8096,,0.850,0,
375,7,10,fog-19,1,fog,5000.0,0.0000,0.0000,0,100.000,,0,0.8057,,0.850,0,
376,7,11,fog-20,1,fog,0.0,0.0000,0.0000,0,100.000,,0,1.0000,,0.850,0,
377,7,11,fog-20,1,fog,100.0,0.0000,0.0000,0,100.000,,0,0.9961,,0.850,0,
378,7,11,fog-20,1,fog,200.0,0.0000,0.0000,0,100.000,,0,0.9922,,0.850,0,
379,7,11,fog-20,1,fog,300.0,0.0000,0.0000,0,100.000,,0,0.9883,,0.850,0,
380,7,11,fog-20,1,fog,400.0,0.0000,0.0000,0,100.000,,0,0.9845,,0.850,0,
381,7,11,fog-20,1,fog,500.0,0.0000,0.0000,0,100.000,,0,0.9806,,0.850,0,
382,7,11,fog-20,1,fog,600.0,0.0000,0.0000,14,100.700,1.0000,0,0.9767,,0.850,0,
383,7,11,fog-20,1,fog,700.0,0.0000,0.0000,0,100.000,,0,0.9728,,0.850,0,
384,7,11,fog-20,1,fog,800.0,0.0000,0.0000,0,100.000,,0,0.9689,,0.850,0,
385,7,11,fog-20,1,fog,900.0,0.0000,0.0000,0,100.000,,0,0.9650,,0.850,0,
386,7,11,fog-20,1,fog,1000.0,0.0000,0.0000,0,100.000,,0,0.9611,,0.850,0,
387,7,11,fog-20,1,fog,1100.0,0.0000,0.0000,5,100.250,0.0000,0,0.9572,,0.850,0,
388,7,11,fog-20,1,fog,1200.0,0.0000,0.0000,0,100.000,,0,0.9534,,0.850,0,
389,7,11,fog-20,1,fog,1300.0,0.0000,0.0000,0,100.000,,0,0.9495,,0.850,0,
390,7,11,fog-20,1,fog,1400.0,0.0000,0.0000,0,100.000,,0,0.9456,,0.850,0,
391,7,11,fog-20,1,fog,1500.0,0.0000,0.0000,0,100.000,,0,0.9417,,0.850,0,
392,7,11,fog-20,1,fog,1600.0,0.0000,0.0000,0,100.000,,0,0.9378,,0.850,0,
393,7,11,fog-20,1,fog,1700.0,0.0000,0.0000,0,100.000,,0,0.9339,,0.850,0,
394,7,11,fog-20,1,fog,1800.0,0.0000,0.0000,0,100.000,,0,0.9300,,0.850,0,
395,7,11,fog-20,1,fog,1900.0,0.0000,0.0000,5,100.250,0.0000,0,0.9262,,0.850,0,
396,7,11,fog-20,1,fog,2000.0,0.0000,0.0000,0,100.000,,0,0.9223,,0.850,0,
397,7,11,fog-20,1,fog,2100.0,0.0000,0.0000,0,100.000,,0,0.9184,,0.850,0,
398,7,11,fog-20,1,fog,2200.0,0.0000,0.0000,0,100.000,,0,0.9145,,0.850,0,
399,7,11,fog-20,1,fog,2300.0,0.0000,0.0000,0,100.000,,0,0.9106,,0.850,0,
400,7,11,fog-20,1,fog,2400.0,0.0000,0.0000,3,100.150,0.5000,0,0.9067,,0.850,0,
401,7,11,fog-20,1,fog,2500.0,0.0000,0.0000,0,100.000,,0,0.9028,,0.850,0,
402,7,11,fog-20,1,fog,2600.0,0.0000,0.0000,0,100.000,,0,0.8990,,0.850,0,
403,7,11,fog-20,1,fog,2700.0,0.0000,0.0000,9,100.450,1.0000,0,0.8951,,0.850,0,
404,7,11,fog-20,1,fog,2800.0,0.0000,0.0000,0,100.000,,0,0.8912,,0.850,0,
405,7,11,fog-20,1,fog,2900.0,0.0000,0.0000,0,100.000,,0,0.8873,,0.850,0,
406,7,11,fog-20,1,fog,3000.0,0.0000,0.0000,5,100.250,0.0000,0,0.8834,,0.850,0,
407,7,11,fog-20,1,fog,3100.0,0.0000,0.0000,9,100.450,0.9949,0,0.8795,,0.850,0,
408,7,11,fog-20,1,fog,3200.0,0.0000,0.0000,0,100.000,,0,0.8756,,0.850,0,
409,7,11,fog-20,1,fog,3300.0,0.0000,0.0000,0,100.000,,0,0.8717,,0.850,0,
410,7,11,fog-20,1,fog,3400.0,0.0000,0.0000,0,100.000,,0,0.8679,,0.850,0,
411,7,11,fog-20,1,fog,3500.0,0.0000,0.0000,0,100.000,,0,0.8640,,0.850,0,
412,7,11,fog-20,1,fog,3600.0,0.0000,0.0000,0,100.000,,0,0.8601,,0.850,0,
413,7,11,fog-20,1,fog,3700.0,0.0000,0.0000,0,100.000,,0,0.8562,,0.850,0,
414,7,11,fog-20,1,fog,3800.0,0.0000,0.0000,0,100.000,,0,0.8523,,0.850,0,
415,7,11,fog-20,1,fog,3900.0,0.0000,0.0000,0,100.000,,0,0.8484,,0.850,0,
416,7,11,fog-20,1,fog,4000.0,0.0000,0.0000,0,100.000,,0,0.8445,,0.850,0,
417,7,11,fog-20,1,fog,4100.0,0.0000,0.0000,8,100.400,1.0000,0,0.8407,,0.850,0,
418,7,11,fog-20,1,fog,4200.0,0.0000,0.0000,0,100.000,,0,0.8368,,0.850,0,
419,7,11,fog-20,1,fog,4300.0,0.0000,0.0000,4,100.200,0.0000,0,0.8329,,0.850,0,
420,7,11,fog-20,1,fog,4400.0,0.0000,0.0000,5,100.250,0.0000,0,0.8290,,0.850,0,
421,7,11,fog-20,1,fog,4500.0,0.0000,0.0000,0,100.000,,0,0.8251,,0.850,0,
422,7,11,fog-20,1,fog,4600.0,0.0000,0.0000,0,100.000,,0,0.8212,,0.850,0,
423,7,11,fog-20,1,fog,4700.0,0.0000,0.0000,0,100.000,,0,0.8173,,0.850,0,
424,7,11,fog-20,1,fog,4800.0,0.0000,0.0000,0,100.000,,0,0.8135,,0.850,0,
425,7,11,fog-20,1,fog,4900.0,0.0000,0.0000,0,100.000,,0,0.8096,,0.850,0,
426,7,11,fog-20,1,fog,5000.0,0.0000,0.0000,0,100.000,,0,0.8057,,0.850,0,
427,7,12,fog-21,1,fog,0.0,0.0000,0.0000,0,100.000,,0,1.0000,,0.850,0,2739.9
428,7,12,fog-21,1,fog,100.0,0.0000,0.0000,2,100.100,,0,0.9961,,0.850,0,2739.9
429,7,12,fog-21,1,fog,200.0,0.0000,0.0000,4,100.200,0.3536,0,0.9922,,0.850,0,2739.9
430,7,12,fog-21,1,fog,300.0,0.0000,0.0000,5,100.250,0.0000,0,0.9883,,0.850,0,2739.9
431,7,12,fog-21,1,fog,400.0,0.0000,0.0000,5,100.250,0.0000,0,0.9845,,0.850,0,2739.9
432,7,12,fog-21,1,fog,500.0,0.0000,0.0000,3,100.150,0.0000,0,0.9806,,0.850,0,2739.9
433,7,12,fog-21,1,fog,600.0,0.0000,0.0000,0,100.000,,0,0.9767,,0.850,0,2739.9
434,7,12,fog-21,1,fog,700.0,0.0000,0.0000,9,100.450,0.9910,0,0.9728,,0.850,0,2739.9
435,7,12,fog-21,1,fog,800.0,0.0000,0.0000,0,100.000,,0,0.9689,,0.850,0,2739.9
436,7,12,fog-21,1,fog,900.0,0.0000,0.0000,0,100.000,,0,0.9650,,0.850,0,2739.9
437,7,12,fog-21,1,fog,1000.0,0.0000,0.0000,4,100.200,0.3536,0,0.9611,,0.850,0,2739.9
438,7,12,fog-21,1,fog,1100.0,0.0000,0.0000,15,100.750,1.0000,0,0.9572,,0.850,0,2739.9
439,7,12,fog-21,1,fog,1200.0,0.0000,0.0000,5,100.250,0.0000,0,0.9534,,0.850,0,2739.9
440,7,12,fog-21,1,fog,1300.0,0.0000,0.0000,18,100.900,1.0000,0,0.9495,,0.850,0,2739.9
441,7,12,fog-21,1,fog,1400.0,0.0000,0.0000,14,100.700,1.0000,0,0.9456,,0.850,0,2739.9
442,7,12,fog-21,1,fog,1500.0,0.0000,0.0000,15,100.750,1.0000,0,0.9417,,0.850,0,2739.9
443,7,12,fog-21,1,fog,1600.0,0.0000,0.0000,12,100.600,1.0000,0,0.9378,,0.850,0,2739.9
444,7,12,fog-21,1,fog,1700.0,0.0000,0.0000,27,101.150,1.0000,0,0.9339,,0.850,0,2739.9
445,7,12,fog-21,1,fog,1800.0,0.0000,0.0000,9,100.450,0.9927,0,0.9300,,0.850,0,2739.9
446,7,12,fog-21,1,fog,1900.0,0.0000,0.0000,9,100.450,0.9952,0,0.9262,,0.850,0,2739.9
447,7,12,fog-21,1,fog,2000.0,0.0000,0.0000,0,100.000,,0,0.9223,,0.850,0,2739.9
448,7,12,fog-21,1,fog,2100.0,0.0000,0.0000,5,100.250,0.0000,0,0.9184,,0.850,0,2739.9
449,7,12,fog-21,1,fog,2200.0,0.0000,0.0000,4,100.200,0.3536,0,0.9145,,0.850,0,2739.9
450,7,12,fog-21,1,fog,2300.0,0.0000,0.0000,4,100.200,0.3536,0,0.9106,,0.850,0,2739.9
451,7,12,fog-21,1,fog,2400.0,0.0000,0.0000,0,100.000,,0,0.9067,,0.850,0,2739.9
452,7,12,fog-21,1,fog,2500.0,0.0000,0.0000,0,100.000,,0,0.9028,,0.850,0,2739.9
453,7,12,fog-21,1,fog,2600.0,0.0000,0.0000,0,100.000,,0,0.8990,,0.850,1,2739.9
454,7,12,fog-21,1,fog,2700.0,0.0000,0.0000,9,100.450,0.9968,0,0.8951,,0.850,1,2739.9
455,7,13,fog-22,1,fog,0.0,0.0000,0.0000,0,100.000,,0,1.0000,,0.850,0,
456,7,13,fog-22,1,fog,100.0,0.0000,0.0000,4,100.200,1.0000,0,0.9961,,0.850,0,
457,7,13,fog-22,1,fog,200.0,0.0000,0.0000,13,100.650,1.0000,0,0.9922,,0.850,0,
458,7,13,fog-22,1,fog,300.0,0.0000,0.0000,15,100.750,1.0000,0,0.9883,,0.850,0,
459,7,13,fog-22,1,fog,400.0,0.0000,0.0000,10,100.500,1.0000,0,0.9845,,0.850,0,
460,7,13,fog-22,1,fog,500.0,0.0000,0.0000,14,100.700,1.0000,0,0.9806,,0.850,0,
461,7,13,fog-22,1,fog,600.0,0.0000,0.0000,9,100.450,0.9800,0,0.9767,,0.850,0,
462,7,13,fog-22,1,fog,700.0,0.0000,0.0000,5,100.250,0.0000,0,0.9728,,0.850,0,
463,7,13,fog-22,1,fog,800.0,0.0000,0.0000,0,100.000,,0,0.9689,,0.850,0,
464,7,13,fog-22,1,fog,900.0,0.0000,0.0000,9,100.450,0.9979,0,0.9650,,0.850,0,
465,7,13,fog-22,1,fog,1000.0,0.0000,0.0000,5,100.250,0.0000,0,0.9611,,0.850,0,
466,7,13,fog-22,1,fog,1100.0,0.0000,0.0000,9,100.450,1.0000,0,0.9572,,0.850,0,
467,7,13,fog-22,1,fog,1200.0,0.0000,0.0000,21,101.000,1.0000,0,0.9534,,0.850,0,
468,7,13,fog-22,1,fog,1300.0,0.0000,0.0000,11,100.550,1.0000,0,0.9495,,0.850,0,
469,7,13,fog-22,1,fog,1400.0,0.0000,0.0000,25,101.100,1.0000,0,0.9456,,0.850,0,
470,7,13,fog-22,1,fog,1500.0,0.0000,0.0000,13,100.650,1.0000,0,0.9417,,0.850,0,
471,7,13,fog-22,1,fog,1600.0,0.0000,0.0000,5,100.250,0.0000,0,0.9378,,0.850,0,
472,7,13,fog-22,1,fog,1700.0,0.0000,0.0000,10,100.500,1.0000,0,0.9339,,0.850,0,
473,7,13,fog-22,1,fog,1800.0,0.0000,0.0000,14,100.700,1.0000,0,0.9300,,0.850,0,
474,7,13,fog-22,1,fog,1900.0,0.0000,0.0000,8,100.400,0.8612,0,0.9262,,0.850,0,
475,7,13,fog-22,1,fog,2000.0,0.0000,0.0000,15,100.750,1.0000,0,0.9223,,0.850,0,
476,7,13,fog-22,1,fog,2100.0,0.0000,0.0000,14,100.700,1.0000,0,0.9184,,0.850,0,
477,7,13,fog-22,1,fog,2200.0,0.0000,0.0000,13,100.650,1.0000,0,0.9145,,0.850,0,
478,7,13,fog-22,1,fog,2300.0,0.0000,0.0000,13,100.650,1.0000,0,0.9106,,0.850,0,
479,7,13,fog-22,1,fog,2400.0,0.0000,0.0000,14,100.700,1.0000,0,0.9067,,0.850,0,
480,7,13,fog-22,1,fog,2500.0,0.0000,0.0000,12,100.600,1.0000,0,0.9028,,0.850,0,
481,7,13,fog-22,1,fog,2600.0,0.0000,0.0000,15,100.750,1.0000,0,0.8990,,0.850,0,
482,7,13,fog-22,1,fog,2700.0,0.0000,0.0000,25,101.100,1.0000,0,0.8951,,0.850,0,
483,7,13,fog-22,1,fog,2800.0,0.0000,0.0000,15,100.750,1.0000,0,0.8912,,0.850,0,
484,7,13,fog-22,1,fog,2900.0,0.0000,0.0000,10,100.500,1.0000,0,0.8873,,0.850,0,
485,7,13,fog-22,1,fog,3000.0,0.0000,0.0000,7,100.350,1.0000,0,0.8834,,0.850,0,
486,7,13,fog-22,1,fog,3100.0,0.0000,0.0000,5,100.250,0.0000,0,0.8795,,0.850,0,
487,7,13,fog-22,1,fog,3200.0,0.0000,0.0000,8,100.400,0.8613,0,0.8756,,0.850,0,
488,7,13,fog-22,1,fog,3300.0,0.0000,0.0000,17,100.850,1.0000,0,0.8717,,0.850,0,
489,7,13,fog-22,1,fog,3400.0,0.0000,0.0000,14,100.700,1.0000,0,0.8679,,0.850,0,
490,7,13,fog-22,1,fog,3500.0,0.0000,0.0000,43,101.550,1.0000,0,0.8640,,0.850,0,
491,7,13,fog-22,1,fog,3600.0,0.0000,0.0000,45,101.600,1.0000,0,0.8601,,0.850,0,
492,7,13,fog-22,1,fog,3700.0,0.0000,0.0000,43,101.550,1.0000,0,0.8562,,0.850,0,
493,7,13,fog-22,1,fog,3800.0,0.0000,0.0000,5,100.250,0.0000,0,0.8523,,0.850,0,
494,7,13,fog-22,1,fog,3900.0,0.0000,0.0000,9,100.450,0.9816,0,0.8484,,0.850,0,
495,7,13,fog-22,1,fog,4000.0,0.0000,0.0000,4,100.200,0.0000,0,0.8445,,0.850,0,
496,7,13,fog-22,1,fog,4100.0,0.0000,0.0000,4,100.200,0.3536,0,0.8407,,0.850,0,
497,7,13,fog-22,1,fog,4200.0,0.0000,0.0000,0,100.000,,0,0.8368,,0.850,0,
498,7,13,fog-22,1,fog,4300.0,0.0000,0.0000,0,100.000,,0,0.8329,,0.850,0,
499,7,13,fog-22,1,fog,4400.0,0.0000,0.0000,4,100.200,0.3536,0,0.8290,,0.850,0,
500,7,13,fog-22,1,fog,4500.0,0.0000,0.0000,0,100.000,,0,0.8251,,0.850,0,
501,7,13,fog-22,1,fog,4600.0,0.0000,0.0000,4,100.200,0.0000,0,0.8212,,0.850,0,
502,7,13,fog-22,1,fog,4700.0,0.0000,0.0000,5,100.250,0.0000,0,0.8173,,0.850,0,
503,7,13,fog-22,1,fog,4800.0,0.0000,0.0000,4,100.200,0.0000,0,0.8135,,0.850,0,
504,7,13,fog-22,1,fog,4900.0,0.0000,0.0000,11,100.550,1.0000,0,0.8096,,0.850,0,
505,7,13,fog-22,1,fog,5000.0,0.0000,0.0000,29,101.200,1.0000,0,0.8057,,0.850,0,
506,7,14,fog-23,1,fog,0.0,0.0000,0.0000,0,100.000,,0,1.0000,,0.850,0,
507,7,14,fog-23,1,fog,100.0,0.0000,0.0000,0,100.000,,0,0.9961,,0.850,0,
508,7,14,fog-23,1,fog,200.0,0.0000,0.0000,0,100.000,,0,0.9922,,0.850,0,
509,7,14,fog-23,1,fog,300.0,0.0000,0.0000,0,100.000,,0,0.9883,,0.850,0,
510,7,14,fog-23,1,fog,400.0,0.0000,0.0000,0,100.000,,0,0.9845,,0.850,0,
511,7,14,fog-23,1,fog,500.0,0.0000,0.0000,0,100.000,,0,0.9806,,0.850,0,
512,7,14,fog-23,1,fog,600.0,0.0000,0.0000,0,100.000,,0,0.9767,,0.850,0,
513,7,14,fog-23,1,fog,700.0,0.0000,0.0000,0,100.000,,0,0.9728,,0.850,0,
514,7,14,fog-23,1,fog,800.0,0.0000,0.0000,0,100.000,,0,0.9689,,0.850,0,
515,7,14,fog-23,1,fog,900.0,0.0000,0.0000,0,100.000,,0,0.9650,,0.850,0,
516,7,14,fog-23,1,fog,1000.0,0.0000,0.0000,0,100.000,,0,0.9611,,0.850,0,
517,7,14,fog-23,1,fog,1100.0,0.0000,0.0000,0,100.000,,0,0.9572,,0.850,0,
518,7,14,fog-23,1,fog,1200.0,0.0000,0.0000,0,100.000,,0,0.9534,,0.850,0,
519,7,14,fog-23,1,fog,1300.0,0.0000,0.0000,0,100.000,,0,0.9495,,0.850,0,
520,7,14,fog-23,1,fog,1400.0,0.0000,0.0000,0,100.000,,0,0.9456,,0.850,0,
521,7,14,fog-23,1,fog,1500.0,0.0000,0.0000,0,100.000,,0,0.9417,,0.850,0,
522,7,14,fog-23,1,fog,1600.0,0.0000,0.0000,0,100.000,,0,0.9378,,0.850,0,
523,7,14,fog-23,1,fog,1700.0,0.0000,0.0000,0,100.000,,0,0.9339,,0.850,0,
524,7,14,fog-23,1,fog,1800.0,0.0000,0.0000,0,100.000,,0,0.9300,,0.850,0,
525,7,14,fog-23,1,fog,1900.0,0.0000,0.0000,0,100.000,,0,0.9262,,0.850,0,
526,7,14,fog-23,1,fog,2000.0,0.0000,0.0000,0,100.000,,0,0.9223,,0.850,0,
527,7,14,fog-23,1,fog,2100.0,0.0000,0.0000,0,100.000,,0,0.9184,,0.850,0,
528,7,14,fog-23,1,fog,2200.0,0.0000,0.0000,0,100.000,,0,0.9145,,0.850,0,
529,7,14,fog-23,1,fog,2300.0,0.0000,0.0000,0,100.000,,0,0.9106,,0.850,0,
530,7,14,fog-23,1,fog,2400.0,0.0000,0.0000,0,100.000,,0,0.9067,,0.850,0,
531,7,14,fog-23,1,fog,2500.0,0.0000,0.0000,0,100.000,,0,0.9028,,0.850,0,
532,7,14,fog-23,1,fog,2600.0,0.0000,0.0000,0,100.000,,0,0.8990,,0.850,0,
533,7,14,fog-23,1,fog,2700.0,0.0000,0.0000,0,100.000,,0,0.8951,,0.850,0,
534,7,14,fog-23,1,fog,2800.0,0.0000,0.0000,0,100.000,,0,0.8912,,0.850,0,
535,7,14,fog-23,1,fog,2900.0,0.0000,0.0000,0,100.000,,0,0.8873,,0.850,0,
536,7,14,fog-23,1,fog,3000.0,0.0000,0.0000,0,100.000,,0,0.8834,,0.850,0,
537,7,14,fog-23,1,fog,3100.0,0.0000,0.0000,0,100.000,,0,0.8795,,0.850,0,
538,7,14,fog-23,1,fog,3200.0,0.0000,0.0000,0,100.000,,0,0.8756,,0.850,0,
539,7,14,fog-23,1,fog,3300.0,0.0000,0.0000,0,100.000,,0,0.8717,,0.850,0,
540,7,14,fog-23,1,fog,3400.0,0.0000,0.0000,0,100.000,,0,0.8679,,0.850,0,
541,7,14,fog-23,1,fog,3500.0,0.0000,0.0000,0,100.000,,0,0.8640,,0.850,0,
542,7,14,fog-23,1,fog,3600.0,0.0000,0.0000,0,100.000,,0,0.8601,,0.850,0,
543,7,14,fog-23,1,fog,3700.0,0.0000,0.0000,0,100.000,,0,0.8562,,0.850,0,
544,7,14,fog-23,1,fog,3800.0,0.0000,0.0000,0,100.000,,0,0.8523,,0.850,0,
545,7,14,fog-23,1,fog,3900.0,0.0000,0.0000,0,100.000,,0,0.8484,,0.850,0,
546,7,14,fog-23,1,fog,4000.0,0.0000,0.0000,0,100.000,,0,0.8445,,0.850,0,
547,7,14,fog-23,1,fog,4100.0,0.0000,0.0000,0,100.000,,0,0.8407,,0.850,0,
548,7,14,fog-23,1,fog,4200.0,0.0000,0.0000,0,100.000,,0,0.8368,,0.850,0,
549,7,14,fog-23,1,fog,4300.0,0.0000,0.0000,0,100.000,,0,0.8329,,0.850,0,
550,7,14,fog-23,1,fog,4400.0,0.0000,0.0000,0,100.000,,0,0.8290,,0.850,0,
551,7,14,fog-23,1,fog,4500.0,0.0000,0.0000,0,100.000,,0,0.8251,,0.850,0,
552,7,14,fog-23,1,fog,4600.0,0.0000,0.0000,0,100.000,,0,0.8212,,0.850,0,
553,7,14,fog-23,1,fog,4700.0,0.0000,0.0000,0,100.000,,0,0.8173,,0.850,0,
554,7,14,fog-23,1,fog,4800.0,0.0000,0.0000,0,100.000,,0,0.8135,,0.850,0,
555,7,14,fog-23,1,fog,4900.0,0.0000,0.0000,0,100.000,,0,0.8096,,0.850,0,
556,7,14,fog-23,1,fog,5000.0,0.0000,0.0000,0,100.000,,0,0.8057,,0.850,0,
557,7,15,fog-24,1,fog,0.0,0.0000,0.0000,0,100.000,,0,1.0000,,0.850,0,
558,7,15,fog-24,1,fog,100.0,0.0000,0.0000,0,100.000,,0,0.9961,,0.850,0,
559,7,15,fog-24,1,fog,200.0,0.0000,0.0000,0,100.000,,0,0.9922,,0.850,0,
560,7,15,fog-24,1,fog,300.0,0.0000,0.0000,0,100.000,,0,0.9883,,0.850,0,
561,7,15,fog-24,1,fog,400.0,0.0000,0.0000,0,100.000,,0,0.9845,,0.850,0,
562,7,15,fog-24,1,fog,500.0,0.0000,0.0000,0,100.000,,0,0.9806,,0.850,0,
563,7,15,fog-24,1,fog,600.0,0.0000,0.0000,0,100.000,,0,0.9767,,0.850,0,
564,7,15,fog-24,1,fog,700.0,0.0000,0.0000,0,100.000,,0,0.9728,,0.850,0,
565,7,15,fog-24,1,fog,800.0,0.0000,0.0000,0,100.000,,0,0.9689,,0.850,0,
566,7,15,fog-24,1,fog,900.0,0.0000,0.0000,0,100.000,,0,0.9650,,0.850,0,
567,7,15,fog-24,1,fog,1000.0,0.0000,0.0000,0,100.000,,0,0.9611,,0.850,0,
568,7,15,fog-24,1,fog,1100.0,0.0000,0.0000,0,100.000,,0,0.9572,,0.850,0,
569,7,15,fog-24,1,fog,1200.0,0.0000,0.0000,0,100.000,,0,0.9534,,0.850,0,
570,7,15,fog-24,1,fog,1300.0,0.0000,0.0000,0,100.000,,0,0.9495,,0.850,0,
571,7,15,fog-24,1,fog,1400.0,0.0000,0.0000,0,100.000,,0,0.9456,,0.850,0,
572,7,15,fog-24,1,fog,1500.0,0.0000,0.0000,0,100.000,,0,0.9417,,0.850,0,
573,7,15,fog-24,1,fog,1600.0,0.0000,0.0000,0,100.000,,0,0.9378,,0.850,0,
574,7,15,fog-24,1,fog,1700.0,0.0000,0.0000,0,100.000,,0,0.9339,,0.850,0,
575,7,15,fog-24,1,fog,1800.0,0.0000,0.0000,0,100.000,,0,0.9300,,0.850,0,
576,7,15,fog-24,1,fog,1900.0,0.0000,0.0000,0,100.000,,0,0.9262,,0.850,0,
577,7,15,fog-24,1,fog,2000.0,0.0000,0.0000,0,100.000,,0,0.9223,,0.850,0,
578,7,15,fog-24,1,fog,2100.0,0.0000,0.0000,0,100.000,,0,0.9184,,0.850,0,
579,7,15,fog-24,1,fog,2200.0,0.0000,0.0000,0,100.000,,0,0.9145,,0.850,0,
580,7,15,fog-24,1,fog,2300.0,0.0000,0.0000,0,100.000,,0,0.9106,,0.850,0,
581,7,15,fog-24,1,fog,2400.0,0.0000,0.0000,0,100.000,,0,0.9067,,0.850,0,
582,7,15,fog-24,1,fog,2500.0,0.0000,0.0000,0,100.000,,0,0.9028,,0.850,0,
583,7,15,fog-24,1,fog,2600.0,0.0000,0.0000,0,100.000,,0,0.8990,,0.850,0,
584,7,15,fog-24,1,fog,2700.0,0.0000,0.0000,0,100.000,,0,0.8951,,0.850,0,
585,7,15,fog-24,1,fog,2800.0,0.0000,0.0000,0,100.000,,0,0.8912,,0.850,0,
586,7,15,fog-24,1,fog,2900.0,0.0000,0.0000,0,100.000,,0,0.8873,,0.850,0,
587,7,15,fog-24,1,fog,3000.0,0.0000,0.0000,0,100.000,,0,0.8834,,0.850,0,
588,7,15,fog-24,1,fog,3100.0,0.0000,0.0000,0,100.000,,0,0.8795,,0.850,0,
589,7,15,fog-24,1,fog,3200.0,0.0000,0.0000,0,100.000,,0,0.8756,,0.850,0,
590,7,15,fog-24,1,fog,3300.0,0.0000,0.0000,0,100.000,,0,0.8717,,0.850,0,
591,7,15,fog-24,1,fog,3400.0,0.0000,0.0000,0,100.000,,0,0.8679,,0.850,0,
592,7,15,fog-24,1,fog,3500.0,0.0000,0.0000,0,100.000,,0,0.8640,,0.850,0,
593,7,15,fog-24,1,fog,3600.0,0.0000,0.0000,0,100.000,,0,0.8601,,0.850,0,
594,7,15,fog-24,1,fog,3700.0,0.0000,0.0000,0,100.000,,0,0.8562,,0.850,0,
595,7,15,fog-24,1,fog,3800.0,0.0000,0.0000,0,100.000,,0,0.8523,,0.850,0,
596,7,15,fog-24,1,fog,3900.0,0.0000,0.0000,0,100.000,,0,0.8484,,0.850,0,
597,7,15,fog-24,1,fog,4000.0,0.0000,0.0000,0,100.000,,0,0.8445,,0.850,0,
598,7,15,fog-24,1,fog,4100.0,0.0000,0.0000,0,100.000,,0,0.8407,,0.850,0,
599,7,15,fog-24,1,fog,4200.0,0.0000,0.0000,0,100.000,,0,0.8368,,0.850,0,
600,7,15,fog-24,1,fog,4300.0,0.0000,0.0000,0,100.000,,0,0.8329,,0.850,0,
601,7,15,fog-24,1,fog,4400.0,0.0000,0.0000,0,100.000,,0,0.8290,,0.850,0,
602,7,15,fog-24,1,fog,4500.0,0.0000,0.0000,0,100.000,,0,0.8251,,0.850,0,
603,7,15,fog-24,1,fog,4600.0,0.0000,0.0000,0,100.000,,0,0.8212,,0.850,0,
604,7,15,fog-24,1,fog,4700.0,0.0000,0.0000,0,100.000,,0,0.8173,,0.850,0,
605,7,15,fog-24,1,fog,4800.0,0.0000,0.0000,0,100.000,,0,0.8135,,0.850,0,
606,7,15,fog-24,1,fog,4900.0,0.0000,0.0000,0,100.000,,0,0.8096,,0.850,0,
607,7,15,fog-24,1,fog,5000.0,0.0000,0.0000,0,100.000,,0,0.8057,,0.850,0,
608,7,16,fog-25,1,fog,0.0,0.0000,0.0000,0,100.000,,0,1.0000,,0.850,0,
609,7,16,fog-25,1,fog,100.0,0.0000,0.0000,0,100.000,,0,0.9961,,0.850,0,
610,7,16,fog-25,1,fog,200.0,0.0000,0.0000,0,100.000,,0,0.9922,,0.850,0,
611,7,16,fog-25,1,fog,300.0,0.0000,0.0000,0,100.000,,0,0.9883,,0.850,0,
612,7,16,fog-25,1,fog,400.0,0.0000,0.0000,0,100.000,,0,0.9845,,0.850,0,
613,7,16,fog-25,1,fog,500.0,0.0000,0.0000,0,100.000,,0,0.9806,,0.850,0,
614,7,16,fog-25,1,fog,600.0,0.0000,0.0000,0,100.000,,0,0.9767,,0.850,0,
615,7,16,fog-25,1,fog,700.0,0.0000,0.0000,5,100.250,0.0000,0,0.9728,,0.850,0,
616,7,16,fog-25,1,fog,800.0,0.0000,0.0000,0,100.000,,0,0.9689,,0.850,0,
617,7,16,fog-25,1,fog,900.0,0.0000,0.0000,0,100.000,,0,0.9650,,0.850,0,
618,7,16,fog-25,1,fog,1000.0,0.0000,0.0000,5,100.250,0.0000,0,0.9611,,0.850,0,
619,7,16,fog-25,1,fog,1100.0,0.0000,0.0000,0,100.000,,0,0.9572,,0.850,0,
620,7,16,fog-25,1,fog,1200.0,0.0000,0.0000,0,100.000,,0,0.9534,,0.850,0,
621,7,16,fog-25,1,fog,1300.0,0.0000,0.0000,0,100.000,,0,0.9495,,0.850,0,
622,7,16,fog-25,1,fog,1400.0,0.0000,0.0000,0,100.000,,0,0.9456,,0.850,0,
623,7,16,fog-25,1,fog,1500.0,0.0000,0.0000,0,100.000,,0,0.9417,,0.850,0,
624,7,16,fog-25,1,fog,1600.0,0.0000,0.0000,3,100.150,0.0000,0,0.9378,,0.850,0,
625,7,16,fog-25,1,fog,1700.0,0.0000,0.0000,0,100.000,,0,0.9339,,0.850,0,
626,7,16,fog-25,1,fog,1800.0,0.0000,0.0000,5,100.250,0.0000,0,0.9300,,0.850,0,
627,7,16,fog-25,1,fog,1900.0,0.0000,0.0000,0,100.000,,0,0.9262,,0.850,0,
628,7,16,fog-25,1,fog,2000.0,0.0000,0.0000,0,100.000,,0,0.9223,,0.850,0,
629,7,16,fog-25,1,fog,2100.0,0.0000,0.0000,0,100.000,,0,0.9184,,0.850,0,
630,7,16,fog-25,1,fog,2200.0,0.0000,0.0000,0,100.000,,0,0.9145,,0.850,0,
631,7,16,fog-25,1,fog,2300.0,0.0000,0.0000,0,100.000,,0,0.9106,,0.850,0,
632,7,16,fog-25,1,fog,2400.0,0.0000,0.0000,0,100.000,,0,0.9067,,0.850,0,
633,7,16,fog-25,1,fog,2500.0,0.0000,0.0000,0,100.000,,0,0.9028,,0.850,0,
634,7,16,fog-25,1,fog,2600.0,0.0000,0.0000,5,100.250,0.0000,0,0.8990,,0.850,0,
635,7,16,fog-25,1,fog,2700.0,0.0000,0.0000,5,100.250,0.0000,0,0.8951,,0.850,0,
636,7,16,fog-25,1,fog,2800.0,0.0000,0.0000,0,100.000,,0,0.8912,,0.850,0,
637,7,16,fog-25,1,fog,2900.0,0.0000,0.0000,0,100.000,,0,0.8873,,0.850,0,
638,7,16,fog-25,1,fog,3000.0,0.0000,0.0000,5,100.250,0.0000,0,0.8834,,0.850,0,
639,7,16,fog-25,1,fog,3100.0,0.0000,0.0000,0,100.000,,0,0.8795,,0.850,0,
640,7,16,fog-25,1,fog,3200.0,0.0000,0.0000,0,100.000,,0,0.8756,,0.850,0,
641,7,16,fog-25,1,fog,3300.0,0.0000,0.0000,5,100.250,0.0000,0,0.8717,,0.850,0,
642,7,16,fog-25,1,fog,3400.0,0.0000,0.0000,0,100.000,,0,0.8679,,0.850,0,
643,7,16,fog-25,1,fog,3500.0,0.0000,0.0000,0,100.000,,0,0.8640,,0.850,0,
644,7,16,fog-25,1,fog,3600.0,0.0000,0.0000,0,100.000,,0,0.8601,,0.850,0,
645,7,16,fog-25,1,fog,3700.0,0.0000,0.0000,0,100.000,,0,0.8562,,0.850,0,
646,7,16,fog-25,1,fog,3800.0,0.0000,0.0000,0,100.000,,0,0.8523,,0.850,0,
647,7,16,fog-25,1,fog,3900.0,0.0000,0.0000,0,100.000,,0,0.8484,,0.850,0,
648,7,16,fog-25,1,fog,4000.0,0.0000,0.0000,5,100.250,0.0000,0,0.8445,,0.850,0,
649,7,16,fog-25,1,fog,4100.0,0.0000,0.0000,0,100.000,,0,0.8407,,0.850,0,
650,7,16,fog-25,1,fog,4200.0,0.0000,0.0000,0,100.000,,0,0.8368,,0.850,0,
651,7,16,fog-25,1,fog,4300.0,0.0000,0.0000,0,100.000,,0,0.8329,,0.850,0,
652,7,16,fog-25,1,fog,4400.0,0.0000,0.0000,0,100.000,,0,0.8290,,0.850,0,
653,7,16,fog-25,1,fog,4500.0,0.0000,0.0000,4,100.200,0.0000,0,0.8251,,0.850,0,
654,7,16,fog-25,1,fog,4600.0,0.0000,0.0000,0,100.000,,0,0.8212,,0.850,0,
655,7,16,fog-25,1,fog,4700.0,0.0000,0.0000,0,100.000,,0,0.8173,,0.850,0,
656,7,16,fog-25,1,fog,4800.0,0.0000,0.0000,0,100.000,,0,0.8135,,0.850,0,
657,7,16,fog-25,1,fog,4900.0,0.0000,0.0000,9,100.450,1.0000,0,0.8096,,0.850,0,
658,7,16,fog-25,1,fog,5000.0,0.0000,0.0000,0,100.000,,0,0.8057,,0.850,0,
659,7,17,fog-26,1,fog,0.0,0.0000,0.0000,0,100.000,,0,1.0000,,0.850,0,
660,7,17,fog-26,1,fog,100.0,0.0000,0.0000,2,100.100,,0,0.9961,,0.850,0,
661,7,17,fog-26,1,fog,200.0,0.0000,0.0000,0,100.000,,0,0.9922,,0.850,0,
662,7,17,fog-26,1,fog,300.0,0.0000,0.0000,0,100.000,,0,0.9883,,0.850,0,
663,7,17,fog-26,1,fog,400.0,0.0000,0.0000,0,100.000,,0,0.9845,,0.850,0,
664,7,17,fog-26,1,fog,500.0,0.0000,0.0000,0,100.000,,0,0.9806,,0.850,0,
665,7,17,fog-26,1,fog,600.0,0.0000,0.0000,5,100.250,0.0000,0,0.9767,,0.850,0,
666,7,17,fog-26,1,fog,700.0,0.0000,0.0000,0,100.000,,0,0.9728,,0.850,0,
667,7,17,fog-26,1,fog,800.0,0.0000,0.0000,15,100.750,1.0000,0,0.9689,,0.850,0,
668,7,17,fog-26,1,fog,900.0,0.0000,0.0000,5,100.250,0.0000,0,0.9650,,0.850,0,
669,7,17,fog-26,1,fog,1000.0,0.0000,0.0000,0,100.000,,0,0.9611,,0.850,0,
670,7,17,fog-26,1,fog,1100.0,0.0000,0.0000,0,100.000,,0,0.9572,,0.850,0,
671,7,17,fog-26,1,fog,1200.0,0.0000,0.0000,0,100.000,,0,0.9534,,0.850,0,
672,7,17,fog-26,1,fog,1300.0,0.0000,0.0000,5,100.250,0.0000,0,0.9495,,0.850,0,
673,7,17,fog-26,1,fog,1400.0,0.0000,0.0000,0,100.000,,0,0.9456,,0.850,0,
674,7,17,fog-26,1,fog,1500.0,0.0000,0.0000,9,100.450,0.9822,0,0.9417,,0.850,0,
675,7,17,fog-26,1,fog,1600.0,0.0000,0.0000,0,100.000,,0,0.9378,,0.850,0,
676,7,17,fog-26,1,fog,1700.0,0.0000,0.0000,4,100.200,0.3536,0,0.9339,,0.850,0,
677,7,17,fog-26,1,fog,1800.0,0.0000,0.0000,0,100.000,,0,0.9300,,0.850,0,
678,7,17,fog-26,1,fog,1900.0,0.0000,0.0000,0,100.000,,0,0.9262,,0.850,0,
679,7,17,fog-26,1,fog,2000.0,0.0000,0.0000,0,100.000,,0,0.9223,,0.850,0,
680,7,17,fog-26,1,fog,2100.0,0.0000,0.0000,5,100.250,0.0000,0,0.9184,,0.850,0,
681,7,17,fog-26,1,fog,2200.0,0.0000,0.0000,0,100.000,,0,0.9145,,0.850,0,
682,7,17,fog-26,1,fog,2300.0,0.0000,0.0000,0,100.000,,0,0.9106,,0.850,0,
683,7,17,fog-26,1,fog,2400.0,0.0000,0.0000,0,100.000,,0,0.9067,,0.850,0,
684,7,17,fog-26,1,fog,2500.0,0.0000,0.0000,4,100.200,0.3536,0,0.9028,,0.850,0,
685,7,17,fog-26,1,fog,2600.0,0.0000,0.0000,8,100.400,0.8645,0,0.8990,,0.850,0,
686,7,17,fog-26,1,fog,2700.0,0.0000,0.0000,0,100.000,,0,0.8951,,0.850,0,
687,7,17,fog-26,1,fog,2800.0,0.0000,0.0000,0,100.000,,0,0.8912,,0.850,0,
688,7,17,fog-26,1,fog,2900.0,0.0000,0.0000,19,100.950,1.0000,0,0.8873,,0.850,0,
689,7,17,fog-26,1,fog,3000.0,0.0000,0.0000,4,100.200,0.0000,0,0.8834,,0.850,0,
690,7,17,fog-26,1,fog,3100.0,0.0000,0.0000,0,100.000,,0,0.8795,,0.850,0,
691,7,17,fog-26,1,fog,3200.0,0.0000,0.0000,12,100.600,1.0000,0,0.8756,,0.850,0,
692,7,17,fog-26,1,fog,3300.0,0.0000,0.0000,10,100.500,1.0000,0,0.8717,,0.850,0,
693,7,17,fog-26,1,fog,3400.0,0.0000,0.0000,0,100.000,,0,0.8679,,0.850,0,
694,7,17,fog-26,1,fog,3500.0,0.0000,0.0000,0,100.000,,0,0.8640,,0.850,0,
695,7,17,fog-26,1,fog,3600.0,0.0000,0.0000,5,100.250,0.0000,0,0.8601,,0.850,0,
696,7,17,fog-26,1,fog,3700.0,0.0000,0.0000,0,100.000,,0,0.8562,,0.850,0,
697,7,17,fog-26,1,fog,3800.0,0.0000,0.0000,0,100.000,,0,0.8523,,0.850,0,
698,7,17,fog-26,1,fog,3900.0,0.0000,0.0000,5,100.250,0.0000,0,0.8484,,0.850,0,
699,7,17,fog-26,1,fog,4000.0,0.0000,0.0000,4,100.200,0.3536,0,0.8445,,0.850,0,
700,7,17,fog-26,1,fog,4100.0,0.0000,0.0000,5,100.250,0.0000,0,0.8407,,0.850,0,
701,7,17,fog-26,1,fog,4200.0,0.0000,0.0000,5,100.250,0.0000,0,0.8368,,0.850,0,
702,7,17,fog-26,1,fog,4300.0,0.0000,0.0000,9,100.450,0.9990,0,0.8329,,0.850,0,
703,7,17,fog-26,1,fog,4400.0,0.0000,0.0000,4,100.200,0.3536,0,0.8290,,0.850,0,
704,7,17,fog-26,1,fog,4500.0,0.0000,0.0000,4,100.200,0.0000,0,0.8251,,0.850,0,
705,7,17,fog-26,1,fog,4600.0,0.0000,0.0000,4,100.200,0.3536,0,0.8212,,0.850,0,
706,7,17,fog-26,1,fog,4700.0,0.0000,0.0000,0,100.000,,0,0.8173,,0.850,0,
707,7,17,fog-26,1,fog,4800.0,0.0000,0.0000,9,100.450,1.0000,0,0.8135,,0.850,0,
708,7,17,fog-26,1,fog,4900.0,0.0000,0.0000,0,100.000,,0,0.8096,,0.850,0,
709,7,17,fog-26,1,fog,5000.0,0.0000,0.0000,0,100.000,,0,0.8057,,0.850,0,
710,7,18,fog-27,1,fog,0.0,0.0000,0.0000,0,100.000,,0,1.0000,,0.850,0,
711,7,18,fog-27,1,fog,100.0,0.0000,0.0000,0,100.000,,0,0.9961,,0.850,0,
712,7,18,fog-27,1,fog,200.0,0.0000,0.0000,0,100.000,,0,0.9922,,0.850,0,
713,7,18,fog-27,1,fog,300.0,0.0000,0.0000,0,100.000,,0,0.9883,,0.850,0,
714,7,18,fog-27,1,fog,400.0,0.0000,0.0000,4,100.200,0.0000,0,0.9845,,0.850,0,
715,7,18,fog-27,1,fog,500.0,0.0000,0.0000,5,100.250,0.0000,0,0.9806,,0.850,0,
716,7,18,fog-27,1,fog,600.0,0.0000,0.0000,5,100.250,0.0000,0,0.9767,,0.850,0,
717,7,18,fog-27,1,fog,700.0,0.0000,0.0000,0,100.000,,0,0.9728,,0.850,0,
718,7,18,fog-27,1,fog,800.0,0.0000,0.0000,0,100.000,,0,0.9689,,0.850,0,
719,7,18,fog-27,1,fog,900.0,0.0000,0.0000,0,100.000,,0,0.9650,,0.850,0,
720,7,18,fog-27,1,fog,1000.0,0.0000,0.0000,0,100.000,,0,0.9611,,0.850,0,
721,7,18,fog-27,1,fog,1100.0,0.0000,0.0000,0,100.000,,0,0.9572,,0.850,0,
722,7,18,fog-27,1,fog,1200.0,0.0000,0.0000,0,100.000,,0,0.9534,,0.850,0,
723,7,18,fog-27,1,fog,1300.0,0.0000,0.0000,0,100.000,,0,0.9495,,0.850,0,
724,7,18,fog-27,1,fog,1400.0,0.0000,0.0000,0,100.000,,0,0.9456,,0.850,0,
725,7,18,fog-27,1,fog,1500.0,0.0000,0.0000,0,100.000,,0,0.9417,,0.850,0,
726,7,18,fog-27,1,fog,1600.0,0.0000,0.0000,0,100.000,,0,0.9378,,0.850,0,
727,7,18,fog-27,1,fog,1700.0,0.0000,0.0000,0,100.000,,0,0.9339,,0.850,0,
728,7,18,fog-27,1,fog,1800.0,0.0000,0.0000,0,100.000,,0,0.9300,,0.850,0,
729,7,18,fog-27,1,fog,1900.0,0.0000,0.0000,0,100.000,,0,0.9262,,0.850,0,
730,7,18,fog-27,1,fog,2000.0,0.0000,0.0000,0,100.000,,0,0.9223,,0.850,0,
731,7,18,fog-27,1,fog,2100.0,0.0000,0.0000,0,100.000,,0,0.9184,,0.850,0,
732,7,18,fog-27,1,fog,2200.0,0.0000,0.0000,0,100.000,,0,0.9145,,0.850,0,
733,7,18,fog-27,1,fog,2300.0,0.0000,0.0000,4,100.200,0.0000,0,0.9106,,0.850,0,
734,7,18,fog-27,1,fog,2400.0,0.0000,0.0000,4,100.200,0.3536,0,0.9067,,0.850,0,
735,7,18,fog-27,1,fog,2500.0,0.0000,0.0000,4,100.200,0.0000,0,0.9028,,0.850,0,
736,7,18,fog-27,1,fog,2600.0,0.0000,0.0000,0,100.000,,0,0.8990,,0.850,0,
737,7,18,fog-27,1,fog,2700.0,0.0000,0.0000,0,100.000,,0,0.8951,,0.850,0,
738,7,18,fog-27,1,fog,2800.0,0.0000,0.0000,5,100.250,0.0000,0,0.8912,,0.850,0,
739,7,18,fog-27,1,fog,2900.0,0.0000,0.0000,8,100.400,0.8660,0,0.8873,,0.850,0,
740,7,18,fog-27,1,fog,3000.0,0.0000,0.0000,9,100.450,1.0000,0,0.8834,,0.850,0,
741,7,18,fog-27,1,fog,3100.0,0.0000,0.0000,3,100.150,0.3333,0,0.8795,,0.850,0,
742,7,18,fog-27,1,fog,3200.0,0.0000,0.0000,0,100.000,,0,0.8756,,0.850,0,
743,7,18,fog-27,1,fog,3300.0,0.0000,0.0000,0,100.000,,0,0.8717,,0.850,0,
744,7,18,fog-27,1,fog,3400.0,0.0000,0.0000,0,100.000,,0,0.8679,,0.850,0,
745,7,18,fog-27,1,fog,3500.0,0.0000,0.0000,0,100.000,,0,0.8640,,0.850,0,
746,7,18,fog-27,1,fog,3600.0,0.0000,0.0000,0,100.000,,0,0.8601,,0.850,0,
747,7,18,fog-27,1,fog,3700.0,0.0000,0.0000,5,100.250,0.0000,0,0.8562,,0.850,0,
748,7,18,fog-27,1,fog,3800.0,0.0000,0.0000,5,100.250,0.0000,0,0.8523,,0.850,0,
749,7,18,fog-27,1,fog,3900.0,0.0000,0.0000,3,100.150,0.5000,0,0.8484,,0.850,0,
750,7,18,fog-27,1,fog,4000.0,0.0000,0.0000,0,100.000,,0,0.8445,,0.850,0,
751,7,18,fog-27,1,fog,4100.0,0.0000,0.0000,4,100.200,0.0000,0,0.8407,,0.850,0,
752,7,18,fog-27,1,fog,4200.0,0.0000,0.0000,5,100.250,0.0000,0,0.8368,,0.850,0,
753,7,18,fog-27,1,fog,4300.0,0.0000,0.0000,4,100.200,0.3536,0,0.8329,,0.850,0,
754,7,18,fog-27,1,fog,4400.0,0.0000,0.0000,0,100.000,,0,0.8290,,0.850,0,
755,7,18,fog-27,1,fog,4500.0,0.0000,0.0000,0,100.000,,0,0.8251,,0.850,0,
756,7,18,fog-27,1,fog,4600.0,0.0000,0.0000,0,100.000,,0,0.8212,,0.850,0,
757,7,18,fog-27,1,fog,4700.0,0.0000,0.0000,0,100.000,,0,0.8173,,0.850,0,
758,7,18,fog-27,1,fog,4800.0,0.0000,0.0000,0,100.000,,0,0.8135,,0.850,0,
759,7,18,fog-27,1,fog,4900.0,0.0000,0.0000,0,100.000,,0,0.8096,,0.850,0,
760,7,18,fog-27,1,fog,5000.0,0.0000,0.0000,0,100.000,,0,0.8057,,0.850,0,
761,7,19,fog-28,1,fog,0.0,0.0000,0.0000,0,100.000,,0,1.0000,,0.850,0,
762,7,19,fog-28,1,fog,100.0,0.0000,0.0000,0,100.000,,0,0.9961,,0.850,0,
763,7,19,fog-28,1,fog,200.0,0.0000,0.0000,0,100.000,,0,0.9922,,0.850,0,
764,7,19,fog-28,1,fog,300.0,0.0000,0.0000,0,100.000,,0,0.9883,,0.850,0,
765,7,19,fog-28,1,fog,400.0,0.0000,0.0000,0,100.000,,0,0.9845,,0.850,0,
766,7,19,fog-28,1,fog,500.0,0.0000,0.0000,0,100.000,,0,0.9806,,0.850,0,
767,7,19,fog-28,1,fog,600.0,0.0000,0.0000,0,100.000,,0,0.9767,,0.850,0,
768,7,19,fog-28,1,fog,700.0,0.0000,0.0000,0,100.000,,0,0.9728,,0.850,0,
769,7,19,fog-28,1,fog,800.0,0.0000,0.0000,0,100.000,,0,0.9689,,0.850,0,
770,7,19,fog-28,1,fog,900.0,0.0000,0.0000,0,100.000,,0,0.9650,,0.850,0,
771,7,19,fog-28,1,fog,1000.0,0.0000,0.0000,0,100.000,,0,0.9611,,0.850,0,
772,7,19,fog-28,1,fog,1100.0,0.0000,0.0000,0,100.000,,0,0.9572,,0.850,0,
773,7,19,fog-28,1,fog,1200.0,0.0000,0.0000,0,100.000,,0,0.9534,,0.850,0,
774,7,19,fog-28,1,fog,1300.0,0.0000,0.0000,0,100.000,,0,0.9495,,0.850,0,
775,7,19,fog-28,1,fog,1400.0,0.0000,0.0000,0,100.000,,0,0.9456,,0.850,0,
776,7,19,fog-28,1,fog,1500.0,0.0000,0.0000,0,100.000,,0,0.9417,,0.850,0,
777,7,19,fog-28,1,fog,1600.0,0.0000,0.0000,0,100.000,,0,0.9378,,0.850,0,
778,7,19,fog-28,1,fog,1700.0,0.0000,0.0000,0,100.000,,0,0.9339,,0.850,0,
779,7,19,fog-28,1,fog,1800.0,0.0000,0.0000,0,100.000,,0,0.9300,,0.850,0,
780,7,19,fog-28,1,fog,1900.0,0.0000,0.0000,0,100.000,,0,0.9262,,0.850,0,
781,7,19,fog-28,1,fog,2000.0,0.0000,0.0000,0,100.000,,0,0.9223,,0.850,0,
782,7,19,fog-28,1,fog,2100.0,0.0000,0.0000,0,100.000,,0,0.9184,,0.850,0,
783,7,19,fog-28,1,fog,2200.0,0.0000,0.0000,0,100.000,,0,0.9145,,0.850,0,
784,7,19,fog-28,1,fog,2300.0,0.0000,0.0000,0,100.000,,0,0.9106,,0.850,0,
785,7,19,fog-28,1,fog,2400.0,0.0000,0.0000,0,100.000,,0,0.9067,,0.850,0,
786,7,19,fog-28,1,fog,2500.0,0.0000,0.0000,0,100.000,,0,0.9028,,0.850,0,
787,7,19,fog-28,1,fog,2600.0,0.0000,0.0000,0,100.000,,0,0.8990,,0.850,0,
788,7,19,fog-28,1,fog,2700.0,0.0000,0.0000,0,100.000,,0,0.8951,,0.850,0,
789,7,19,fog-28,1,fog,2800.0,0.0000,0.0000,0,100.000,,0,0.8912,,0.850,0,
790,7,19,fog-28,1,fog,2900.0,0.0000,0.0000,0,100.000,,0,0.8873,,0.850,0,
791,7,19,fog-28,1,fog,3000.0,0.0000,0.0000,0,100.000,,0,0.8834,,0.850,0,
792,7,19,fog-28,1,fog,3100.0,0.0000,0.0000,0,100.000,,0,0.8795,,0.850,0,
793,7,19,fog-28,1,fog,3200.0,0.0000,0.0000,0,100.000,,0,0.8756,,0.850,0,
794,7,19,fog-28,1,fog,3300.0,0.0000,0.0000,0,100.000,,0,0.8717,,0.850,0,
795,7,19,fog-28,1,fog,3400.0,0.0000,0.0000,0,100.000,,0,0.8679,,0.850,0,
796,7,19,fog-28,1,fog,3500.0,0.0000,0.0000,0,100.000,,0,0.8640,,0.850,0,
797,7,19,fog-28,1,fog,3600.0,0.0000,0.0000,0,100.000,,0,0.8601,,0.850,0,
798,7,19,fog-28,1,fog,3700.0,0.0000,0.0000,0,100.000,,0,0.8562,,0.850,0,
799,7,19,fog-28,1,fog,3800.0,0.0000,0.0000,0,100.000,,0,0.8523,,0.850,0,
800,7,19,fog-28,1,fog,3900.0,0.0000,0.0000,0,100.000,,0,0.8484,,0.850,0,
801,7,19,fog-28,1,fog,4000.0,0.0000,0.0000,0,100.000,,0,0.8445,,0.850,0,
802,7,19,fog-28,1,fog,4100.0,0.0000,0.0000,0,100.000,,0,0.8407,,0.850,0,
803,7,19,fog-28,1,fog,4200.0,0.0000,0.0000,0,100.000,,0,0.8368,,0.850,0,
804,7,19,fog-28,1,fog,4300.0,0.0000,0.0000,0,100.000,,0,0.8329,,0.850,0,
805,7,19,fog-28,1,fog,4400.0,0.0000,0.0000,0,100.000,,0,0.8290,,0.850,0,
806,7,19,fog-28,1,fog,4500.0,0.0000,0.0000,0,100.000,,0,0.8251,,0.850,0,
807,7,19,fog-28,1,fog,4600.0,0.0000,0.0000,0,100.000,,0,0.8212,,0.850,0,
808,7,19,fog-28,1,fog,4700.0,0.0000,0.0000,0,100.000,,0,0.8173,,0.850,0,
809,7,19,fog-28,1,fog,4800.0,0.0000,0.0000,0,100.000,,0,0.8135,,0.850,0,
810,7,19,fog-28,1,fog,4900.0,0.0000,0.0000,0,100.000,,0,0.8096,,0.850,0,
811,7,19,fog-28,1,fog,5000.0,0.0000,0.0000,0,100.000,,0,0.8057,,0.850,0,
812,7,20,fog-29,1,fog,0.0,0.0000,0.0000,0,100.000,,0,1.0000,,0.850,0,
813,7,20,fog-29,1,fog,100.0,0.0000,0.0000,0,100.000,,0,0.9961,,0.850,0,
814,7,20,fog-29,1,fog,200.0,0.0000,0.0000,0,100.000,,0,0.9922,,0.850,0,
815,7,20,fog-29,1,fog,300.0,0.0000,0.0000,0,100.000,,0,0.9883,,0.850,0,
816,7,20,fog-29,1,fog,400.0,0.0000,0.0000,0,100.000,,0,0.9845,,0.850,0,
817,7,20,fog-29,1,fog,500.0,0.0000,0.0000,0,100.000,,0,0.9806,,0.850,0,
818,7,20,fog-29,1,fog,600.0,0.0000,0.0000,0,100.000,,0,0.9767,,0.850,0,
819,7,20,fog-29,1,fog,700.0,0.0000,0.0000,0,100.000,,0,0.9728,,0.850,0,
820,7,20,fog-29,1,fog,800.0,0.0000,0.0000,0,100.000,,0,0.9689,,0.850,0,
821,7,20,fog-29,1,fog,900.0,0.0000,0.0000,0,100.000,,0,0.9650,,0.850,0,
822,7,20,fog-29,1,fog,1000.0,0.0000,0.0000,0,100.000,,0,0.9611,,0.850,0,
823,7,20,fog-29,1,fog,1100.0,0.0000,0.0000,0,100.000,,0,0.9572,,0.850,0,
824,7,20,fog-29,1,fog,1200.0,0.0000,0.0000,0,100.000,,0,0.9534,,0.850,0,
825,7,20,fog-29,1,fog,1300.0,0.0000,0.0000,0,100.000,,0,0.9495,,0.850,0,
826,7,20,fog-29,1,fog,1400.0,0.0000,0.0000,0,100.000,,0,0.9456,,0.850,0,
827,7,20,fog-29,1,fog,1500.0,0.0000,0.0000,0,100.000,,0,0.9417,,0.850,0,
828,7,20,fog-29,1,fog,1600.0,0.0000,0.0000,0,100.000,,0,0.9378,,0.850,0,
829,7,20,fog-29,1,fog,1700.0,0.0000,0.0000,0,100.000,,0,0.9339,,0.850,0,
830,7,20,fog-29,1,fog,1800.0,0.0000,0.0000,0,100.000,,0,0.9300,,0.850,0,
831,7,20,fog-29,1,fog,1900.0,0.0000,0.0000,0,100.000,,0,0.9262,,0.850,0,
832,7,20,fog-29,1,fog,2000.0,0.0000,0.0000,0,100.000,,0,0.9223,,0.850,0,
833,7,20,fog-29,1,fog,2100.0,0.0000,0.0000,0,100.000,,0,0.9184,,0.850,0,
834,7,20,fog-29,1,fog,2200.0,0.0000,0.0000,0,100.000,,0,0.9145,,0.850,0,
835,7,20,fog-29,1,fog,2300.0,0.0000,0.0000,0,100.000,,0,0.9106,,0.850,0,
836,7,20,fog-29,1,fog,2400.0,0.0000,0.0000,0,100.000,,0,0.9067,,0.850,0,
837,7,20,fog-29,1,fog,2500.0,0.0000,0.0000,0,100.000,,0,0.9028,,0.850,0,
838,7,20,fog-29,1,fog,2600.0,0.0000,0.0000,0,100.000,,0,0.8990,,0.850,0,
839,7,20,fog-29,1,fog,2700.0,0.0000,0.0000,0,100.000,,0,0.8951,,0.850,0,
840,7,20,fog-29,1,fog,2800.0,0.0000,0.0000,0,100.000,,0,0.8912,,0.850,0,
841,7,20,fog-29,1,fog,2900.0,0.0000,0.0000,0,100.000,,0,0.8873,,0.850,0,
842,7,20,fog-29,1,fog,3000.0,0.0000,0.0000,0,100.000,,0,0.8834,,0.850,0,
843,7,20,fog-29,1,fog,3100.0,0.0000,0.0000,0,100.000,,0,0.8795,,0.850,0,
844,7,20,fog-29,1,fog,3200.0,0.0000,0.0000,0,100.000,,0,0.8756,,0.850,0,
845,7,20,fog-29,1,fog,3300.0,0.0000,0.0000,0,100.000,,0,0.8717,,0.850,0,
846,7,20,fog-29,1,fog,3400.0,0.0000,0.0000,0,100.000,,0,0.8679,,0.850,0,
847,7,20,fog-29,1,fog,3500.0,0.0000,0.0000,0,100.000,,0,0.8640,,0.850,0,
848,7,20,fog-29,1,fog,3600.0,0.0000,0.0000,0,100.000,,0,0.8601,,0.850,0,
849,7,20,fog-29,1,fog,3700.0,0.0000,0.0000,0,100.000,,0,0.8562,,0.850,0,
850,7,20,fog-29,1,fog,3800.0,0.0000,0.0000,0,100.000,,0,0.8523,,0.850,0,
851,7,20,fog-29,1,fog,3900.0,0.0000,0.0000,0,100.000,,0,0.8484,,0.850,0,
852,7,20,fog-29,1,fog,4000.0,0.0000,0.0000,0,100.000,,0,0.8445,,0.850,0,
853,7,20,fog-29,1,fog,4100.0,0.0000,0.0000,0,100.000,,0,0.8407,,0.850,0,
854,7,20,fog-29,1,fog,4200.0,0.0000,0.0000,0,100.000,,0,0.8368,,0.850,0,
855,7,20,fog-29,1,fog,4300.0,0.0000,0.0000,0,100.000,,0,0.8329,,0.850,0,
856,7,20,fog-29,1,fog,4400.0,0.0000,0.0000,0,100.000,,0,0.8290,,0.850,0,
857,7,20,fog-29,1,fog,4500.0,0.0000,0.0000,0,100.000,,0,0.8251,,0.850,0,
858,7,20,fog-29,1,fog,4600.0,0.0000,0.0000,0,100.000,,0,0.8212,,0.850,0,
859,7,20,fog-29,1,fog,4700.0,0.0000,0.0000,0,100.000,,0,0.8173,,0.850,0,
860,7,20,fog-29,1,fog,4800.0,0.0000,0.0000,0,100.000,,0,0.8135,,0.850,0,
861,7,20,fog-29,1,fog,4900.0,0.0000,0.0000,0,100.000,,0,0.8096,,0.850,0,
862,7,20,fog-29,1,fog,5000.0,0.0000,0.0000,0,100.000,,0,0.8057,,0.850,0,
863,7,21,fog-30,1,fog,0.0,0.0000,0.0000,0,100.000,,0,1.0000,,0.850,0,
864,7,21,fog-30,1,fog,100.0,0.0000,0.0000,4,100.200,1.0000,0,0.9961,,0.850,0,
865,7,21,fog-30,1,fog,200.0,0.0000,0.0000,25,101.100,1.0000,0,0.9922,,0.850,0,
866,7,21,fog-30,1,fog,300.0,0.0000,0.0000,29,101.200,1.0000,0,0.9883,,0.850,0,
867,7,21,fog-30,1,fog,400.0,0.0000,0.0000,13,100.650,1.0000,0,0.9845,,0.850,0,
868,7,21,fog-30,1,fog,500.0,0.0000,0.0000,13,100.650,1.0000,0,0.9806,,0.850,0,
869,7,21,fog-30,1,fog,600.0,0.0000,0.0000,15,100.750,1.0000,0,0.9767,,0.850,0,
870,7,21,fog-30,1,fog,700.0,0.0000,0.0000,29,101.200,1.0000,0,0.9728,,0.850,0,
871,7,21,fog-30,1,fog,800.0,0.0000,0.0000,18,100.900,1.0000,0,0.9689,,0.850,0,
872,7,21,fog-30,1,fog,900.0,0.0000,0.0000,19,100.950,1.0000,0,0.9650,,0.850,0,
873,7,21,fog-30,1,fog,1000.0,0.0000,0.0000,8,100.400,0.8660,0,0.9611,,0.850,0,
874,7,21,fog-30,1,fog,1100.0,0.0000,0.0000,13,100.650,1.0000,0,0.9572,,0.850,0,
875,7,21,fog-30,1,fog,1200.0,0.0000,0.0000,9,100.450,0.9974,0,0.9534,,0.850,0,
876,7,21,fog-30,1,fog,1300.0,0.0000,0.0000,4,100.200,0.3536,0,0.9495,,0.850,0,
877,7,21,fog-30,1,fog,1400.0,0.0000,0.0000,8,100.400,0.8604,0,0.9456,,0.850,0,
878,7,21,fog-30,1,fog,1500.0,0.0000,0.0000,14,100.700,1.0000,0,0.9417,,0.850,0,
879,7,21,fog-30,1,fog,1600.0,0.0000,0.0000,10,100.500,1.0000,0,0.9378,,0.850,0,
880,7,21,fog-30,1,fog,1700.0,0.0000,0.0000,10,100.500,1.0000,0,0.9339,,0.850,0,
881,7,21,fog-30,1,fog,1800.0,0.0000,0.0000,5,100.250,0.0000,0,0.9300,,0.850,0,
882,7,21,fog-30,1,fog,1900.0,0.0000,0.0000,7,100.350,0.6928,0,0.9262,,0.850,0,
883,7,21,fog-30,1,fog,2000.0,0.0000,0.0000,5,100.250,0.0000,0,0.9223,,0.850,0,
884,7,21,fog-30,1,fog,2100.0,0.0000,0.0000,4,100.200,0.3536,0,0.9184,,0.850,0,
885,7,21,fog-30,1,fog,2200.0,0.0000,0.0000,0,100.000,,0,0.9145,,0.850,0,
886,7,21,fog-30,1,fog,2300.0,0.0000,0.0000,5,100.250,0.0000,0,0.9106,,0.850,0,
887,7,21,fog-30,1,fog,2400.0,0.0000,0.0000,9,100.450,1.0000,0,0.9067,,0.850,0,
888,7,21,fog-30,1,fog,2500.0,0.0000,0.0000,7,100.350,0.7031,0,0.9028,,0.850,0,
889,7,21,fog-30,1,fog,2600.0,0.0000,0.0000,9,100.450,0.9969,0,0.8990,,0.850,0,
890,7,21,fog-30,1,fog,2700.0,0.0000,0.0000,18,100.900,1.0000,0,0.8951,,0.850,0,
891,7,21,fog-30,1,fog,2800.0,0.0000,0.0000,13,100.650,1.0000,0,0.8912,,0.850,0,
892,7,21,fog-30,1,fog,2900.0,0.0000,0.0000,14,100.700,1.0000,0,0.8873,,0.850,0,
893,7,21,fog-30,1,fog,3000.0,0.0000,0.0000,13,100.650,1.0000,0,0.8834,,0.850,0,
894,7,21,fog-30,1,fog,3100.0,0.0000,0.0000,8,100.400,0.8472,0,0.8795,,0.850,0,
895,7,21,fog-30,1,fog,3200.0,0.0000,0.0000,9,100.450,0.9867,0,0.8756,,0.850,0,
896,7,21,fog-30,1,fog,3300.0,0.0000,0.0000,9,100.450,0.9862,0,0.8717,,0.850,0,
897,7,21,fog-30,1,fog,3400.0,0.0000,0.0000,15,100.750,1.0000,0,0.8679,,0.850,0,
898,7,21,fog-30,1,fog,3500.0,0.0000,0.0000,4,100.200,0.0000,0,0.8640,,0.850,0,
899,7,21,fog-30,1,fog,3600.0,0.0000,0.0000,0,100.000,,0,0.8601,,0.850,0,
900,7,21,fog-30,1,fog,3700.0,0.0000,0.0000,0,100.000,,0,0.8562,,0.850,0,
901,7,21,fog-30,1,fog,3800.0,0.0000,0.0000,8,100.400,0.8616,0,0.8523,,0.850,0,
902,7,21,fog-30,1,fog,3900.0,0.0000,0.0000,15,100.750,1.0000,0,0.8484,,0.850,0,
903,7,21,fog-30,1,fog,4000.0,0.0000,0.0000,9,100.450,0.9942,0,0.8445,,0.850,0,
904,7,21,fog-30,1,fog,4100.0,0.0000,0.0000,4,100.200,0.3536,0,0.8407,,0.850,0,
905,7,21,fog-30,1,fog,4200.0,0.0000,0.0000,13,100.650,1.0000,0,0.8368,,0.850,0,
906,7,21,fog-30,1,fog,4300.0,0.0000,0.0000,21,101.000,1.0000,0,0.8329,,0.850,0,
907,7,21,fog-30,1,fog,4400.0,0.0000,0.0000,5,100.250,0.0000,0,0.8290,,0.850,0,
908,7,21,fog-30,1,fog,4500.0,0.0000,0.0000,23,101.050,1.0000,0,0.8251,,0.850,0,
909,7,21,fog-30,1,fog,4600.0,0.0000,0.0000,29,101.200,1.0000,0,0.8212,,0.850,0,
910,7,21,fog-30,1,fog,4700.0,0.0000,0.0000,27,101.150,1.0000,0,0.8173,,0.850,0,
911,7,21,fog-30,1,fog,4800.0,0.0000,0.0000,31,101.250,1.0000,0,0.8135,,0.850,0,
912,7,21,fog-30,1,fog,4900.0,0.0000,0.0000,18,100.900,1.0000,0,0.8096,,0.850,0,
913,7,21,fog-30,1,fog,5000.0,0.0000,0.0000,19,100.950,1.0000,0,0.8057,,0.850,0,
914,7,22,fog-31,1,fog,0.0,0.0000,0.0000,0,100.000,,0,1.0000,,0.850,0,
915,7,22,fog-31,1,fog,100.0,0.0000,0.0000,0,100.000,,0,0.9961,,0.850,0,
916,7,22,fog-31,1,fog,200.0,0.0000,0.0000,0,100.000,,0,0.9922,,0.850,0,
917,7,22,fog-31,1,fog,300.0,0.0000,0.0000,5,100.250,0.0000,0,0.9883,,0.850,0,
918,7,22,fog-31,1,fog,400.0,0.0000,0.0000,0,100.000,,0,0.9845,,0.850,0,
919,7,22,fog-31,1,fog,500.0,0.0000,0.0000,0,100.000,,0,0.9806,,0.850,0,
920,7,22,fog-31,1,fog,600.0,0.0000,0.0000,0,100.000,,0,0.9767,,0.850,0,
921,7,22,fog-31,1,fog,700.0,0.0000,0.0000,0,100.000,,0,0.9728,,0.850,0,
922,7,22,fog-31,1,fog,800.0,0.0000,0.0000,0,100.000,,0,0.9689,,0.850,0,
923,7,22,fog-31,1,fog,900.0,0.0000,0.0000,0,100.000,,0,0.9650,,0.850,0,
924,7,22,fog-31,1,fog,1000.0,0.0000,0.0000,5,100.250,0.0000,0,0.9611,,0.850,0,
925,7,22,fog-31,1,fog,1100.0,0.0000,0.0000,0,100.000,,0,0.9572,,0.850,0,
926,7,22,fog-31,1,fog,1200.0,0.0000,0.0000,0,100.000,,0,0.9534,,0.850,0,
927,7,22,fog-31,1,fog,1300.0,0.0000,0.0000,0,100.000,,0,0.9495,,0.850,0,
928,7,22,fog-31,1,fog,1400.0,0.0000,0.0000,0,100.000,,0,0.9456,,0.850,0,
929,7,22,fog-31,1,fog,1500.0,0.0000,0.0000,0,100.000,,0,0.9417,,0.850,0,
930,7,22,fog-31,1,fog,1600.0,0.0000,0.0000,0,100.000,,0,0.9378,,0.850,0,
931,7,22,fog-31,1,fog,1700.0,0.0000,0.0000,0,100.000,,0,0.9339,,0.850,0,
932,7,22,fog-31,1,fog,1800.0,0.0000,0.0000,0,100.000,,0,0.9300,,0.850,0,
933,7,22,fog-31,1,fog,1900.0,0.0000,0.0000,0,100.000,,0,0.9262,,0.850,0,
934,7,22,fog-31,1,fog,2000.0,0.0000,0.0000,0,100.000,,0,0.9223,,0.850,0,
935,7,22,fog-31,1,fog,2100.0,0.0000,0.0000,0,100.000,,0,0.9184,,0.850,0,
936,7,22,fog-31,1,fog,2200.0,0.0000,0.0000,5,100.250,0.0000,0,0.9145,,0.850,0,
937,7,22,fog-31,1,fog,2300.0,0.0000,0.0000,0,100.000,,0,0.9106,,0.850,0,
938,7,22,fog-31,1,fog,2400.0,0.0000,0.0000,0,100.000,,0,0.9067,,0.850,0,
939,7,22,fog-31,1,fog,2500.0,0.0000,0.0000,0,100.000,,0,0.9028,,0.850,0,
940,7,22,fog-31,1,fog,2600.0,0.0000,0.0000,4,100.200,0.3536,0,0.8990,,0.850,0,
941,7,22,fog-31,1,fog,2700.0,0.0000,0.0000,0,100.000,,0,0.8951,,0.850,0,
942,7,22,fog-31,1,fog,2800.0,0.0000,0.0000,0,100.000,,0,0.8912,,0.850,0,
943,7,22,fog-31,1,fog,2900.0,0.0000,0.0000,0,100.000,,0,0.8873,,0.850,0,
944,7,22,fog-31,1,fog,3000.0,0.0000,0.0000,0,100.000,,0,0.8834,,0.850,0,
945,7,22,fog-31,1,fog,3100.0,0.0000,0.0000,0,100.000,,0,0.8795,,0.850,0,
946,7,22,fog-31,1,fog,3200.0,0.0000,0.0000,0,100.000,,0,0.8756,,0.850,0,
947,7,22,fog-31,1,fog,3300.0,0.0000,0.0000,0,100.000,,0,0.8717,,0.850,0,
948,7,22,fog-31,1,fog,3400.0,0.0000,0.0000,0,100.000,,0,0.8679,,0.850,0,
949,7,22,fog-31,1,fog,3500.0,0.0000,0.0000,0,100.000,,0,0.8640,,0.850,0,
950,7,22,fog-31,1,fog,3600.0,0.0000,0.0000,0,100.000,,0,0.8601,,0.850,0,
951,7,22,fog-31,1,fog,3700.0,0.0000,0.0000,0,100.000,,0,0.8562,,0.850,0,
952,7,22,fog-31,1,fog,3800.0,0.0000,0.0000,0,100.000,,0,0.8523,,0.850,0,
953,7,22,fog-31,1,fog,3900.0,0.0000,0.0000,0,100.000,,0,0.8484,,0.850,0,
954,7,22,fog-31,1,fog,4000.0,0.0000,0.0000,0,100.000,,0,0.8445,,0.850,0,
955,7,22,fog-31,1,fog,4100.0,0.0000,0.0000,0,100.000,,0,0.8407,,0.850,0,
956,7,22,fog-31,1,fog,4200.0,0.0000,0.0000,5,100.250,0.0000,0,0.8368,,0.850,0,
957,7,22,fog-31,1,fog,4300.0,0.0000,0.0000,0,100.000,,0,0.8329,,0.850,0,
958,7,22,fog-31,1,fog,4400.0,0.0000,0.0000,0,100.000,,0,0.8290,,0.850,0,
959,7,22,fog-31,1,fog,4500.0,0.0000,0.0000,0,100.000,,0,0.8251,,0.850,0,
960,7,22,fog-31,1,fog,4600.0,0.0000,0.0000,0,100.000,,0,0.8212,,0.850,0,
961,7,22,fog-31,1,fog,4700.0,0.0000,0.0000,0,100.000,,0,0.8173,,0.850,0,
962,7,22,fog-31,1,fog,4800.0,0.0000,0.0000,0,100.000,,0,0.8135,,0.850,0,
963,7,22,fog-31,1,fog,4900.0,0.0000,0.0000,0,100.000,,0,0.8096,,0.850,0,
964,7,22,fog-31,1,fog,5000.0,0.0000,0.0000,0,100.000,,0,0.8057,,0.850,0,
965,7,23,fog-32,1,fog,0.0,0.0000,0.0000,0,100.000,,0,1.0000,,0.850,0,
966,7,23,fog-32,1,fog,100.0,0.0000,0.0000,2,100.100,,0,0.9961,,0.850,0,
967,7,23,fog-32,1,fog,200.0,0.0000,0.0000,5,100.250,0.0000,0,0.9922,,0.850,0,
968,7,23,fog-32,1,fog,300.0,0.0000,0.0000,0,100.000,,0,0.9883,,0.850,0,
969,7,23,fog-32,1,fog,400.0,0.0000,0.0000,0,100.000,,0,0.9845,,0.850,0,
970,7,23,fog-32,1,fog,500.0,0.0000,0.0000,0,100.000,,0,0.9806,,0.850,0,
971,7,23,fog-32,1,fog,600.0,0.0000,0.0000,15,100.750,1.0000,0,0.9767,,0.850,0,
972,7,23,fog-32,1,fog,700.0,0.0000,0.0000,0,100.000,,0,0.9728,,0.850,0,
973,7,23,fog-32,1,fog,800.0,0.0000,0.0000,5,100.250,0.0000,0,0.9689,,0.850,0,
974,7,23,fog-32,1,fog,900.0,0.0000,0.0000,4,100.200,0.3536,0,0.9650,,0.850,0,
975,7,23,fog-32,1,fog,1000.0,0.0000,0.0000,0,100.000,,0,0.9611,,0.850,0,
976,7,23,fog-32,1,fog,1100.0,0.0000,0.0000,0,100.000,,0,0.9572,,0.850,0,
977,7,23,fog-32,1,fog,1200.0,0.0000,0.0000,0,100.000,,0,0.9534,,0.850,0,
978,7,23,fog-32,1,fog,1300.0,0.0000,0.0000,0,100.000,,0,0.9495,,0.850,0,
979,7,23,fog-32,1,fog,1400.0,0.0000,0.0000,12,100.600,1.0000,0,0.9456,,0.850,0,
980,7,23,fog-32,1,fog,1500.0,0.0000,0.0000,10,100.500,1.0000,0,0.9417,,0.850,0,
981,7,23,fog-32,1,fog,1600.0,0.0000,0.0000,0,100.000,,0,0.9378,,0.850,0,
982,7,23,fog-32,1,fog,1700.0,0.0000,0.0000,5,100.250,0.0000,0,0.9339,,0.850,0,
983,7,23,fog-32,1,fog,1800.0,0.0000,0.0000,4,100.200,0.0000,0,0.9300,,0.850,0,
984,7,23,fog-32,1,fog,1900.0,0.0000,0.0000,0,100.000,,0,0.9262,,0.850,0,
985,7,23,fog-32,1,fog,2000.0,0.0000,0.0000,4,100.200,0.0000,0,0.9223,,0.850,0,
986,7,23,fog-32,1,fog,2100.0,0.0000,0.0000,0,100.000,,0,0.9184,,0.850,0,
987,7,23,fog-32,1,fog,2200.0,0.0000,0.0000,4,100.200,0.3536,0,0.9145,,0.850,0,
988,7,23,fog-32,1,fog,2300.0,0.0000,0.0000,4,100.200,0.3536,0,0.9106,,0.850,0,
989,7,23,fog-32,1,fog,2400.0,0.0000,0.0000,4,100.200,0.3536,0,0.9067,,0.850,0,
990,7,23,fog-32,1,fog,2500.0,0.0000,0.0000,5,100.250,0.0000,0,0.9028,,0.850,0,
991,7,23,fog-32,1,fog,2600.0,0.0000,0.0000,5,100.250,0.0000,0,0.8990,,0.850,0,
992,7,23,fog-32,1,fog,2700.0,0.0000,0.0000,0,100.000,,0,0.8951,,0.850,0,
993,7,23,fog-32,1,fog,2800.0,0.0000,0.0000,0,100.000,,0,0.8912,,0.850,0,
994,7,23,fog-32,1,fog,2900.0,0.0000,0.0000,5,100.250,0.0000,0,0.8873,,0.850,0,
995,7,23,fog-32,1,fog,3000.0,0.0000,0.0000,0,100.000,,0,0.8834,,0.850,0,
996,7,23,fog-32,1,fog,3100.0,0.0000,0.0000,0,100.000,,0,0.8795,,0.850,0,
997,7,23,fog-32,1,fog,3200.0,0.0000,0.0000,0,100.000,,0,0.8756,,0.850,0,
998,7,23,fog-32,1,fog,3300.0,0.0000,0.0000,4,100.200,0.3536,0,0.8717,,0.850,0,
999,7,23,fog-32,1,fog,3400.0,0.0000,0.0000,10,100.500,1.0000,0,0.8679,,0.850,0,
1000,7,23,fog-32,1,fog,3500.0,0.0000,0.0000,8,100.400,0.8564,0,0.8640,,0.850,0,
1001,7,23,fog-32,1,fog,3600.0,0.0000,0.0000,5,100.250,0.0000,0,0.8601,,0.850,0,
1002,7,23,fog-32,1,fog,3700.0,0.0000,0.0000,9,100.450,0.9928,0,0.8562,,0.850,0,
1003,7,23,fog-32,1,fog,3800.0,0.0000,0.0000,9,100.450,0.9873,0,0.8523,,0.850,0,
1004,7,23,fog-32,1,fog,3900.0,0.0000,0.0000,4,100.200,0.3536,0,0.8484,,0.850,0,
1005,7,23,fog-32,1,fog,4000.0,0.0000,0.0000,5,100.250,0.0000,0,0.8445,,0.850,0,
1006,7,23,fog-32,1,fog,4100.0,0.0000,0.0000,10,100.500,1.0000,0,0.8407,,0.850,0,
1007,7,23,fog-32,1,fog,4200.0,0.0000,0.0000,0,100.000,,0,0.8368,,0.850,0,
1008,7,23,fog-32,1,fog,4300.0,0.0000,0.0000,5,100.250,0.0000,0,0.8329,,0.850,0,
1009,7,23,fog-32,1,fog,4400.0,0.0000,0.0000,10,100.500,1.0000,0,0.8290,,0.850,0,
1010,7,23,fog-32,1,fog,4500.0,0.0000,0.0000,5,100.250,0.0000,0,0.8251,,0.850,0,
1011,7,23,fog-32,1,fog,4600.0,0.0000,0.0000,4,100.200,0.3536,0,0.8212,,0.850,0,
1012,7,23,fog-32,1,fog,4700.0,0.0000,0.0000,9,100.450,0.9873,0,0.8173,,0.850,0,
1013,7,23,fog-32,1,fog,4800.0,0.0000,0.0000,5,100.250,0.0000,0,0.8135,,0.850,0,
1014,7,23,fog-32,1,fog,4900.0,0.0000,0.0000,0,100.000,,0,0.8096,,0.850,0,
1015,7,23,fog-32,1,fog,5000.0,0.0000,0.0000,3,100.150,0.5000,0,0.8057,,0.850,0,
1016,7,24,fog-33,1,fog,0.0,0.0000,0.0000,0,100.000,,0,1.0000,,0.850,0,
1017,7,24,fog-33,1,fog,100.0,0.0000,0.0000,0,100.000,,0,0.9961,,0.850,0,
1018,7,24,fog-33,1,fog,200.0,0.0000,0.0000,0,100.000,,0,0.9922,,0.850,0,
1019,7,24,fog-33,1,fog,300.0,0.0000,0.0000,0,100.000,,0,0.9883,,0.850,0,
1020,7,24,fog-33,1,fog,400.0,0.0000,0.0000,5,100.250,0.0000,0,0.9845,,0.850,0,
1021,7,24,fog-33,1,fog,500.0,0.0000,0.0000,0,100.000,,0,0.9806,,0.850,0,
1022,7,24,fog-33,1,fog,600.0,0.0000,0.0000,0,100.000,,0,0.9767,,0.850,0,
1023,7,24,fog-33,1,fog,700.0,0.0000,0.0000,0,100.000,,0,0.9728,,0.850,0,
1024,7,24,fog-33,1,fog,800.0,0.0000,0.0000,0,100.000,,0,0.9689,,0.850,0,
1025,7,24,fog-33,1,fog,900.0,0.0000,0.0000,0,100.000,,0,0.9650,,0.850,0,
1026,7,24,fog-33,1,fog,1000.0,0.0000,0.0000,0,100.000,,0,0.9611,,0.850,0,
1027,7,24,fog-33,1,fog,1100.0,0.0000,0.0000,0,100.000,,0,0.9572,,0.850,0,
1028,7,24,fog-33,1,fog,1200.0,0.0000,0.0000,0,100.000,,0,0.9534,,0.850,0,
1029,7,24,fog-33,1,fog,1300.0,0.0000,0.0000,0,100.000,,0,0.9495,,0.850,0,
1030,7,24,fog-33,1,fog,1400.0,0.0000,0.0000,0,100.000,,0,0.9456,,0.850,0,
1031,7,24,fog-33,1,fog,1500.0,0.0000,0.0000,3,100.150,0.0000,0,0.9417,,0.850,0,
1032,7,24,fog-33,1,fog,1600.0,0.0000,0.0000,0,100.000,,0,0.9378,,0.850,0,
1033,7,24,fog-33,1,fog,1700.0,0.0000,0.0000,0,100.000,,0,0.9339,,0.850,0,
1034,7,24,fog-33,1,fog,1800.0,0.0000,0.0000,0,100.000,,0,0.9300,,0.850,0,
1035,7,24,fog-33,1,fog,1900.0,0.0000,0.0000,0,100.000,,0,0.9262,,0.850,0,
1036,7,24,fog-33,1,fog,2000.0,0.0000,0.0000,0,100.000,,0,0.9223,,0.850,0,
1037,7,24,fog-33,1,fog,2100.0,0.0000,0.0000,0,100.000,,0,0.9184,,0.850,0,
1038,7,24,fog-33,1,fog,2200.0,0.0000,0.0000,0,100.000,,0,0.9145,,0.850,0,
1039,7,24,fog-33,1,fog,2300.0,0.0000,0.0000,0,100.000,,0,0.9106,,0.850,0,
1040,7,24,fog-33,1,fog,2400.0,0.0000,0.0000,0,100.000,,0,0.9067,,0.850,0,
1041,7,24,fog-33,1,fog,2500.0,0.0000,0.0000,5,100.250,0.0000,0,0.9028,,0.850,0,
1042,7,24,fog-33,1,fog,2600.0,0.0000,0.0000,0,100.000,,0,0.8990,,0.850,0,
1043,7,24,fog-33,1,fog,2700.0,0.0000,0.0000,0,100.000,,0,0.8951,,0.850,0,
1044,7,24,fog-33,1,fog,2800.0,0.0000,0.0000,4,100.200,0.3536,0,0.8912,,0.850,0,
1045,7,24,fog-33,1,fog,2900.0,0.0000,0.0000,0,100.000,,0,0.8873,,0.850,0,
1046,7,24,fog-33,1,fog,3000.0,0.0000,0.0000,5,100.250,0.0000,0,0.8834,,0.850,0,
1047,7,24,fog-33,1,fog,3100.0,0.0000,0.0000,5,100.250,0.0000,0,0.8795,,0.850,0,
1048,7,24,fog-33,1,fog,3200.0,0.0000,0.0000,0,100.000,,0,0.8756,,0.850,0,
1049,7,24,fog-33,1,fog,3300.0,0.0000,0.0000,0,100.000,,0,0.8717,,0.850,0,
1050,7,24,fog-33,1,fog,3400.0,0.0000,0.0000,0,100.000,,0,0.8679,,0.850,0,
1051,7,24,fog-33,1,fog,3500.0,0.0000,0.0000,0,100.000,,0,0.8640,,0.850,0,
1052,7,24,fog-33,1,fog,3600.0,0.0000,0.0000,0,100.000,,0,0.8601,,0.850,0,
1053,7,24,fog-33,1,fog,3700.0,0.0000,0.0000,0,100.000,,0,0.8562,,0.850,0,
1054,7,24,fog-33,1,fog,3800.0,0.0000,0.0000,0,100.000,,0,0.8523,,0.850,0,
1055,7,24,fog-33,1,fog,3900.0,0.0000,0.0000,3,100.150,0.3333,0,0.8484,,0.850,0,
1056,7,24,fog-33,1,fog,4000.0,0.0000,0.0000,0,100.000,,0,0.8445,,0.850,0,
1057,7,24,fog-33,1,fog,4100.0,0.0000,0.0000,0,100.000,,0,0.8407,,0.850,0,
1058,7,24,fog-33,1,fog,4200.0,0.0000,0.0000,0,100.000,,0,0.8368,,0.850,0,
1059,7,24,fog-33,1,fog,4300.0,0.0000,0.0000,0,100.000,,0,0.8329,,0.850,0,
1060,7,24,fog-33,1,fog,4400.0,0.0000,0.0000,0,100.000,,0,0.8290,,0.850,0,
1061,7,24,fog-33,1,fog,4500.0,0.0000,0.0000,0,100.000,,0,0.8251,,0.850,0,
1062,7,24,fog-33,1,fog,4600.0,0.0000,0.0000,4,100.200,0.0000,0,0.8212,,0.850,0,
1063,7,24,fog-33,1,fog,4700.0,0.0000,0.0000,0,100.000,,0,0.8173,,0.850,0,
1064,7,24,fog-33,1,fog,4800.0,0.0000,0.0000,0,100.000,,0,0.8135,,0.850,0,
1065,7,24,fog-33,1,fog,4900.0,0.0000,0.0000,0,100.000,,0,0.8096,,0.850,0,
1066,7,24,fog-33,1,fog,5000.0,0.0000,0.0000,0,100.000,,0,0.8057,,0.850,0,
1067,7,25,fog-34,1,fog,0.0,0.0000,0.0000,0,100.000,,0,1.0000,,0.850,0,
1068,7,25,fog-34,1,fog,100.0,0.0000,0.0000,0,100.000,,0,0.9961,,0.850,0,
1069,7,25,fog-34,1,fog,200.0,0.0000,0.0000,0,100.000,,0,0.9922,,0.850,0,
1070,7,25,fog-34,1,fog,300.0,0.0000,0.0000,0,100.000,,0,0.9883,,0.850,0,
1071,7,25,fog-34,1,fog,400.0,0.0000,0.0000,0,100.000,,0,0.9845,,0.850,0,
1072,7,25,fog-34,1,fog,500.0,0.0000,0.0000,0,100.000,,0,0.9806,,0.850,0,
1073,7,25,fog-34,1,fog,600.0,0.0000,0.0000,0,100.000,,0,0.9767,,0.850,0,
1074,7,25,fog-34,1,fog,700.0,0.0000,0.0000,0,100.000,,0,0.9728,,0.850,0,
1075,7,25,fog-34,1,fog,800.0,0.0000,0.0000,0,100.000,,0,0.9689,,0.850,0,
1076,7,25,fog-34,1,fog,900.0,0.0000,0.0000,0,100.000,,0,0.9650,,0.850,0,
1077,7,25,fog-34,1,fog,1000.0,0.0000,0.0000,0,100.000,,0,0.9611,,0.850,0,
1078,7,25,fog-34,1,fog,1100.0,0.0000,0.0000,0,100.000,,0,0.9572,,0.850,0,
1079,7,25,fog-34,1,fog,1200.0,0.0000,0.0000,0,100.000,,0,0.9534,,0.850,0,
1080,7,25,fog-34,1,fog,1300.0,0.0000,0.0000,0,100.000,,0,0.9495,,0.850,0,
1081,7,25,fog-34,1,fog,1400.0,0.0000,0.0000,0,100.000,,0,0.9456,,0.850,0,
1082,7,25,fog-34,1,fog,1500.0,0.0000,0.0000,0,100.000,,0,0.9417,,0.850,0,
1083,7,25,fog-34,1,fog,1600.0,0.0000,0.0000,0,100.000,,0,0.9378,,0.850,0,
1084,7,25,fog-34,1,fog,1700.0,0.0000,0.0000,0,100.000,,0,0.9339,,0.850,0,
1085,7,25,fog-34,1,fog,1800.0,0.0000,0.0000,0,100.000,,0,0.9300,,0.850,0,
1086,7,25,fog-34,1,fog,1900.0,0.0000,0.0000,0,100.000,,0,0.9262,,0.850,0,
1087,7,25,fog-34,1,fog,2000.0,0.0000,0.0000,0,100.000,,0,0.9223,,0.850,0,
1088,7,25,fog-34,1,fog,2100.0,0.0000,0.0000,0,100.000,,0,0.9184,,0.850,0,
1089,7,25,fog-34,1,fog,2200.0,0.0000,0.0000,0,100.000,,0,0.9145,,0.850,0,
1090,7,25,fog-34,1,fog,2300.0,0.0000,0.0000,0,100.000,,0,0.9106,,0.850,0,
1091,7,25,fog-34,1,fog,2400.0,0.0000,0.0000,0,100.000,,0,0.9067,,0.850,0,
1092,7,25,fog-34,1,fog,2500.0,0.0000,0.0000,0,100.000,,0,0.9028,,0.850,0,
1093,7,25,fog-34,1,fog,2600.0,0.0000,0.0000,0,100.000,,0,0.8990,,0.850,0,
1094,7,25,fog-34,1,fog,2700.0,0.0000,0.0000,0,100.000,,0,0.8951,,0.850,0,
1095,7,25,fog-34,1,fog,2800.0,0.0000,0.0000,0,100.000,,0,0.8912,,0.850,0,
1096,7,25,fog-34,1,fog,2900.0,0.0000,0.0000,0,100.000,,0,0.8873,,0.850,0,
1097,7,25,fog-34,1,fog,3000.0,0.0000,0.0000,0,100.000,,0,0.8834,,0.850,0,
1098,7,25,fog-34,1,fog,3100.0,0.0000,0.0000,0,100.000,,0,0.8795,,0.850,0,
1099,7,25,fog-34,1,fog,3200.0,0.0000,0.0000,0,100.000,,0,0.8756,,0.850,0,
1100,7,25,fog-34,1,fog,3300.0,0.0000,0.0000,0,100.000,,0,0.8717,,0.850,0,
1101,7,25,fog-34,1,fog,3400.0,0.0000,0.0000,0,100.000,,0,0.8679,,0.850,0,
1102,7,25,fog-34,1,fog,3500.0,0.0000,0.0000,0,100.000,,0,0.8640,,0.850,0,
1103,7,25,fog-34,1,fog,3600.0,0.0000,0.0000,0,100.000,,0,0.8601,,0.850,0,
1104,7,25,fog-34,1,fog,3700.0,0.0000,0.0000,0,100.000,,0,0.8562,,0.850,0,
1105,7,25,fog-34,1,fog,3800.0,0.0000,0.0000,0,100.000,,0,0.8523,,0.850,0,
1106,7,25,fog-34,1,fog,3900.0,0.0000,0.0000,0,100.000,,0,0.8484,,0.850,0,
1107,7,25,fog-34,1,fog,4000.0,0.0000,0.0000,0,100.000,,0,0.8445,,0.850,0,
1108,7,25,fog-34,1,fog,4100.0,0.0000,0.0000,0,100.000,,0,0.8407,,0.850,0,
1109,7,25,fog-34,1,fog,4200.0,0.0000,0.0000,0,100.000,,0,0.8368,,0.850,0,
1110,7,25,fog-34,1,fog,4300.0,0.0000,0.0000,0,100.000,,0,0.8329,,0.850,0,
1111,7,25,fog-34,1,fog,4400.0,0.0000,0.0000,0,100.000,,0,0.8290,,0.850,0,
1112,7,25,fog-34,1,fog,4500.0,0.0000,0.0000,0,100.000,,0,0.8251,,0.850,0,
1113,7,25,fog-34,1,fog,4600.0,0.0000,0.0000,0,100.000,,0,0.8212,,0.850,0,
1114,7,25,fog-34,1,fog,4700.0,0.0000,0.0000,0,100.000,,0,0.8173,,0.850,0,
1115,7,25,fog-34,1,fog,4800.0,0.0000,0.0000,0,100.000,,0,0.8135,,0.850,0,
1116,7,25,fog-34,1,fog,4900.0,0.0000,0.0000,0,100.000,,0,0.8096,,0.850,0,
1117,7,25,fog-34,1,fog,5000.0,0.0000,0.0000,0,100.000,,0,0.8057,,0.850,0,
1118,7,26,fog-35,1,fog,0.0,0.0000,0.0000,0,100.000,,0,1.0000,,0.850,0,
1119,7,26,fog-35,1,fog,100.0,0.0000,0.0000,4,100.200,1.0000,0,0.9961,,0.850,0,
1120,7,26,fog-35,1,fog,200.0,0.0000,0.0000,14,100.700,1.0000,0,0.9922,,0.850,0,
1121,7,26,fog-35,1,fog,300.0,0.0000,0.0000,10,100.500,1.0000,0,0.9883,,0.850,0,
1122,7,26,fog-35,1,fog,400.0,0.0000,0.0000,4,100.200,0.0000,0,0.9845,,0.850,0,
1123,7,26,fog-35,1,fog,500.0,0.0000,0.0000,0,100.000,,0,0.9806,,0.850,0,
1124,7,26,fog-35,1,fog,600.0,0.0000,0.0000,0,100.000,,0,0.9767,,0.850,0,
1125,7,26,fog-35,1,fog,700.0,0.0000,0.0000,0,100.000,,0,0.9728,,0.850,0,
1126,7,26,fog-35,1,fog,800.0,0.0000,0.0000,0,100.000,,0,0.9689,,0.850,0,
1127,7,26,fog-35,1,fog,900.0,0.0000,0.0000,0,100.000,,0,0.9650,,0.850,0,
1128,7,26,fog-35,1,fog,1000.0,0.0000,0.0000,10,100.500,1.0000,0,0.9611,,0.850,0,
1129,7,26,fog-35,1,fog,1100.0,0.0000,0.0000,5,100.250,0.0000,0,0.9572,,0.850,0,
1130,7,26,fog-35,1,fog,1200.0,0.0000,0.0000,8,100.400,0.8633,0,0.9534,,0.850,0,
1131,7,26,fog-35,1,fog,1300.0,0.0000,0.0000,5,100.250,0.0000,0,0.9495,,0.850,0,
1132,7,26,fog-35,1,fog,1400.0,0.0000,0.0000,3,100.150,0.5000,0,0.9456,,0.850,0,
1133,7,26,fog-35,1,fog,1500.0,0.0000,0.0000,0,100.000,,0,0.9417,,0.850,0,
1134,7,26,fog-35,1,fog,1600.0,0.0000,0.0000,0,100.000,,0,0.9378,,0.850,0,
1135,7,26,fog-35,1,fog,1700.0,0.0000,0.0000,0,100.000,,0,0.9339,,0.850,0,
1136,7,26,fog-35,1,fog,1800.0,0.0000,0.0000,4,100.200,0.3536,0,0.9300,,0.850,0,
1137,7,26,fog-35,1,fog,1900.0,0.0000,0.0000,5,100.250,0.0000,0,0.9262,,0.850,0,
1138,7,26,fog-35,1,fog,2000.0,0.0000,0.0000,5,100.250,0.0000,0,0.9223,,0.850,0,
1139,7,26,fog-35,1,fog,2100.0,0.0000,0.0000,8,100.400,0.8652,0,0.9184,,0.850,0,
1140,7,26,fog-35,1,fog,2200.0,0.0000,0.0000,5,100.250,0.0000,0,0.9145,,0.850,0,
1141,7,26,fog-35,1,fog,2300.0,0.0000,0.0000,8,100.400,0.8633,0,0.9106,,0.850,0,
1142,7,26,fog-35,1,fog,2400.0,0.0000,0.0000,4,100.200,0.3536,0,0.9067,,0.850,0,
1143,7,26,fog-35,1,fog,2500.0,0.0000,0.0000,5,100.250,0.0000,0,0.9028,,0.850,0,
1144,7,26,fog-35,1,fog,2600.0,0.0000,0.0000,0,100.000,,0,0.8990,,0.850,0,
1145,7,26,fog-35,1,fog,2700.0,0.0000,0.0000,0,100.000,,0,0.8951,,0.850,0,
1146,7,26,fog-35,1,fog,2800.0,0.0000,0.0000,5,100.250,0.0000,0,0.8912,,0.850,0,
1147,7,26,fog-35,1,fog,2900.0,0.0000,0.0000,5,100.250,0.0000,0,0.8873,,0.850,0,
1148,7,26,fog-35,1,fog,3000.0,0.0000,0.0000,5,100.250,0.0000,0,0.8834,,0.850,0,
1149,7,26,fog-35,1,fog,3100.0,0.0000,0.0000,5,100.250,0.0000,0,0.8795,,0.850,0,
1150,7,26,fog-35,1,fog,3200.0,0.0000,0.0000,0,100.000,,0,0.8756,,0.850,0,
1151,7,26,fog-35,1,fog,3300.0,0.0000,0.0000,3,100.150,0.3333,0,0.8717,,0.850,0,
1152,7,26,fog-35,1,fog,3400.0,0.0000,0.0000,9,100.450,0.9975,0,0.8679,,0.850,0,
1153,7,26,fog-35,1,fog,3500.0,0.0000,0.0000,5,100.250,0.0000,0,0.8640,,0.850,0,
1154,7,26,fog-35,1,fog,3600.0,0.0000,0.0000,10,100.500,1.0000,0,0.8601,,0.850,0,
1155,7,26,fog-35,1,fog,3700.0,0.0000,0.0000,9,100.450,0.9975,0,0.8562,,0.850,0,
1156,7,26,fog-35,1,fog,3800.0,0.0000,0.0000,10,100.500,1.0000,0,0.8523,,0.850,0,
1157,7,26,fog-35,1,fog,3900.0,0.0000,0.0000,8,100.400,0.8660,0,0.8484,,0.850,0,
1158,7,26,fog-35,1,fog,4000.0,0.0000,0.0000,15,100.750,1.0000,0,0.8445,,0.850,0,
1159,7,26,fog-35,1,fog,4100.0,0.0000,0.0000,10,100.500,1.0000,0,0.8407,,0.850,0,
1160,7,26,fog-35,1,fog,4200.0,0.0000,0.0000,4,100.200,0.0000,0,0.8368,,0.850,0,
1161,7,26,fog-35,1,fog,4300.0,0.0000,0.0000,0,100.000,,0,0.8329,,0.850,0,
1162,7,26,fog-35,1,fog,4400.0,0.0000,0.0000,3,100.150,0.5000,0,0.8290,,0.850,0,
1163,7,26,fog-35,1,fog,4500.0,0.0000,0.0000,9,100.450,0.9990,0,0.8251,,0.850,0,
1164,7,26,fog-35,1,fog,4600.0,0.0000,0.0000,5,100.250,0.0000,0,0.8212,,0.850,0,
1165,7,26,fog-35,1,fog,4700.0,0.0000,0.0000,5,100.250,0.0000,0,0.8173,,0.850,0,
1166,7,26,fog-35,1,fog,4800.0,0.0000,0.0000,5,100.250,0.0000,0,0.8135,,0.850,0,
1167,7,26,fog-35,1,fog,4900.0,0.0000,0.0000,5,100.250,0.0000,0,0.8096,,0.850,0,
1168,7,26,fog-35,1,fog,5000.0,0.0000,0.0000,0,100.000,,0,0.8057,,0.850,0,
1169,7,27,fog-36,1,fog,0.0,0.0000,0.0000,0,100.000,,0,1.0000,,0.850,0,
1170,7,27,fog-36,1,fog,100.0,0.0000,0.0000,0,100.000,,0,0.9961,,0.850,0,
1171,7,27,fog-36,1,fog,200.0,0.0000,0.0000,0,100.000,,0,0.9922,,0.850,0,
1172,7,27,fog-36,1,fog,300.0,0.0000,0.0000,0,100.000,,0,0.9883,,0.850,0,
1173,7,27,fog-36,1,fog,400.0,0.0000,0.0000,0,100.000,,0,0.9845,,0.850,0,
1174,7,27,fog-36,1,fog,500.0,0.0000,0.0000,0,100.000,,0,0.9806,,0.850,0,
1175,7,27,fog-36,1,fog,600.0,0.0000,0.0000,0,100.000,,0,0.9767,,0.850,0,
1176,7,27,fog-36,1,fog,700.0,0.0000,0.0000,0,100.000,,0,0.9728,,0.850,0,
1177,7,27,fog-36,1,fog,800.0,0.0000,0.0000,0,100.000,,0,0.9689,,0.850,0,
1178,7,27,fog-36,1,fog,900.0,0.0000,0.0000,0,100.000,,0,0.9650,,0.850,0,
1179,7,27,fog-36,1,fog,1000.0,0.0000,0.0000,0,100.000,,0,0.9611,,0.850,0,
1180,7,27,fog-36,1,fog,1100.0,0.0000,0.0000,0,100.000,,0,0.9572,,0.850,0,
1181,7,27,fog-36,1,fog,1200.0,0.0000,0.0000,0,100.000,,0,0.9534,,0.850,0,
1182,7,27,fog-36,1,fog,1300.0,0.0000,0.0000,0,100.000,,0,0.9495,,0.850,0,
1183,7,27,fog-36,1,fog,1400.0,0.0000,0.0000,0,100.000,,0,0.9456,,0.850,0,
1184,7,27,fog-36,1,fog,1500.0,0.0000,0.0000,0,100.000,,0,0.9417,,0.850,0,
1185,7,27,fog-36,1,fog,1600.0,0.0000,0.0000,0,100.000,,0,0.9378,,0.850,0,
1186,7,27,fog-36,1,fog,1700.0,0.0000,0.0000,0,100.000,,0,0.9339,,0.850,0,
1187,7,27,fog-36,1,fog,1800.0,0.0000,0.0000,0,100.000,,0,0.9300,,0.850,0,
1188,7,27,fog-36,1,fog,1900.0,0.0000,0.0000,0,100.000,,0,0.9262,,0.850,0,
1189,7,27,fog-36,1,fog,2000.0,0.0000,0.0000,0,100.000,,0,0.9223,,0.850,0,
1190,7,27,fog-36,1,fog,2100.0,0.0000,0.0000,0,100.000,,0,0.9184,,0.850,0,
1191,7,27,fog-36,1,fog,2200.0,0.0000,0.0000,0,100.000,,0,0.9145,,0.850,0,
1192,7,27,fog-36,1,fog,2300.0,0.0000,0.0000,0,100.000,,0,0.9106,,0.850,0,
1193,7,27,fog-36,1,fog,2400.0,0.0000,0.0000,0,100.000,,0,0.9067,,0.850,0,
1194,7,27,fog-36,1,fog,2500.0,0.0000,0.0000,0,100.000,,0,0.9028,,0.850,0,
1195,7,27,fog-36,1,fog,2600.0,0.0000,0.0000,0,100.000,,0,0.8990,,0.850,0,
1196,7,27,fog-36,1,fog,2700.0,0.0000,0.0000,0,100.000,,0,0.8951,,0.850,0,
1197,7,27,fog-36,1,fog,2800.0,0.0000,0.0000,0,100.000,,0,0.8912,,0.850,0,
1198,7,27,fog-36,1,fog,2900.0,0.0000,0.0000,0,100.000,,0,0.8873,,0.850,0,
1199,7,27,fog-36,1,fog,3000.0,0.0000,0.0000,0,100.000,,0,0.8834,,0.850,0,
1200,7,27,fog-36,1,fog,3100.0,0.0000,0.0000,0,100.000,,0,0.8795,,0.850,0,
1201,7,27,fog-36,1,fog,3200.0,0.0000,0.0000,0,100.000,,0,0.8756,,0.850,0,
1202,7,27,fog-36,1,fog,3300.0,0.0000,0.0000,0,100.000,,0,0.8717,,0.850,0,
1203,7,27,fog-36,1,fog,3400.0,0.0000,0.0000,0,100.000,,0,0.8679,,0.850,0,
1204,7,27,fog-36,1,fog,3500.0,0.0000,0.0000,0,100.000,,0,0.8640,,0.850,0,
1205,7,27,fog-36,1,fog,3600.0,0.0000,0.0000,0,100.000,,0,0.8601,,0.850,0,
1206,7,27,fog-36,1,fog,3700.0,0.0000,0.0000,0,100.000,,0,0.8562,,0.850,0,
1207,7,27,fog-36,1,fog,3800.0,0.0000,0.0000,0,100.000,,0,0.8523,,0.850,0,
1208,7,27,fog-36,1,fog,3900.0,0.0000,0.0000,0,100.000,,0,0.8484,,0.850,0,
1209,7,27,fog-36,1,fog,4000.0,0.0000,0.0000,0,100.000,,0,0.8445,,0.850,0,
1210,7,27,fog-36,1,fog,4100.0,0.0000,0.0000,0,100.000,,0,0.8407,,0.850,0,
1211,7,27,fog-36,1,fog,4200.0,0.0000,0.0000,0,100.000,,0,0.8368,,0.850,0,
1212,7,27,fog-36,1,fog,4300.0,0.0000,0.0000,0,100.000,,0,0.8329,,0.850,0,
1213,7,27,fog-36,1,fog,4400.0,0.0000,0.0000,0,100.000,,0,0.8290,,0.850,0,
1214,7,27,fog-36,1,fog,4500.0,0.0000,0.0000,0,100.000,,0,0.8251,,0.850,0,
1215,7,27,fog-36,1,fog,4600.0,0.0000,0.0000,0,100.000,,0,0.8212,,0.850,0,
1216,7,27,fog-36,1,fog,4700.0,0.0000,0.0000,0,100.000,,0,0.8173,,0.850,0,
1217,7,27,fog-36,1,fog,4800.0,0.0000,0.0000,0,100.000,,0,0.8135,,0.850,0,
1218,7,27,fog-36,1,fog,4900.0,0.0000,0.0000,0,100.000,,0,0.8096,,0.850,0,
1219,7,27,fog-36,1,fog,5000.0,0.0000,0.0000,0,100.000,,0,0.8057,,0.850,0,
1220,7,28,fog-37,1,fog,0.0,0.0000,0.0000,0,100.000,,0,1.0000,,0.850,0,
1221,7,28,fog-37,1,fog,100.0,0.0000,0.0000,0,100.000,,0,0.9961,,0.850,0,
1222,7,28,fog-37,1,fog,200.0,0.0000,0.0000,0,100.000,,0,0.9922,,0.850,0,
1223,7,28,fog-37,1,fog,300.0,0.0000,0.0000,0,100.000,,0,0.9883,,0.850,0,
1224,7,28,fog-37,1,fog,400.0,0.0000,0.0000,0,100.000,,0,0.9845,,0.850,0,
1225,7,28,fog-37,1,fog,500.0,0.0000,0.0000,0,100.000,,0,0.9806,,0.850,0,
1226,7,28,fog-37,1,fog,600.0,0.0000,0.0000,0,100.000,,0,0.9767,,0.850,0,
1227,7,28,fog-37,1,fog,700.0,0.0000,0.0000,0,100.000,,0,0.9728,,0.850,0,
1228,7,28,fog-37,1,fog,800.0,0.0000,0.0000,0,100.000,,0,0.9689,,0.850,0,
1229,7,28,fog-37,1,fog,900.0,0.0000,0.0000,0,100.000,,0,0.9650,,0.850,0,
1230,7,28,fog-37,1,fog,1000.0,0.0000,0.0000,0,100.000,,0,0.9611,,0.850,0,
1231,7,28,fog-37,1,fog,1100.0,0.0000,0.0000,0,100.000,,0,0.9572,,0.850,0,
1232,7,28,fog-37,1,fog,1200.0,0.0000,0.0000,0,100.000,,0,0.9534,,0.850,0,
1233,7,28,fog-37,1,fog,1300.0,0.0000,0.0000,0,100.000,,0,0.9495,,0.850,0,
1234,7,28,fog-37,1,fog,1400.0,0.0000,0.0000,0,100.000,,0,0.9456,,0.850,0,
1235,7,28,fog-37,1,fog,1500.0,0.0000,0.0000,0,100.000,,0,0.9417,,0.850,0,
1236,7,28,fog-37,1,fog,1600.0,0.0000,0.0000,0,100.000,,0,0.9378,,0.850,0,
1237,7,28,fog-37,1,fog,1700.0,0.0000,0.0000,0,100.000,,0,0.9339,,0.850,0,
1238,7,28,fog-37,1,fog,1800.0,0.0000,0.0000,0,100.000,,0,0.9300,,0.850,0,
1239,7,28,fog-37,1,fog,1900.0,0.0000,0.0000,0,100.000,,0,0.9262,,0.850,0,
1240,7,28,fog-37,1,fog,2000.0,0.0000,0.0000,0,100.000,,0,0.9223,,0.850,0,
1241,7,28,fog-37,1,fog,2100.0,0.0000,0.0000,0,100.000,,0,0.9184,,0.850,0,
1242,7,28,fog-37,1,fog,2200.0,0.0000,0.0000,0,100.000,,0,0.9145,,0.850,0,
1243,7,28,fog-37,1,fog,2300.0,0.0000,0.0000,0,100.000,,0,0.9106,,0.850,0,
1244,7,28,fog-37,1,fog,2400.0,0.0000,0.0000,0,100.000,,0,0.9067,,0.850,0,
1245,7,28,fog-37,1,fog,2500.0,0.0000,0.0000,0,100.000,,0,0.9028,,0.850,0,
1246,7,28,fog-37,1,fog,2600.0,0.0000,0.0000,0,100.000,,0,0.8990,,0.850,0,
1247,7,28,fog-37,1,fog,2700.0,0.0000,0.0000,0,100.000,,0,0.8951,,0.850,0,
1248,7,28,fog-37,1,fog,2800.0,0.0000,0.0000,0,100.000,,0,0.8912,,0.850,0,
1249,7,28,fog-37,1,fog,2900.0,0.0000,0.0000,0,100.000,,0,0.8873,,0.850,0,
1250,7,28,fog-37,1,fog,3000.0,0.0000,0.0000,0,100.000,,0,0.8834,,0.850,0,
1251,7,28,fog-37,1,fog,3100.0,0.0000,0.0000,0,100.000,,0,0.8795,,0.850,0,
1252,7,28,fog-37,1,fog,3200.0,0.0000,0.0000,0,100.000,,0,0.8756,,0.850,0,
1253,7,28,fog-37,1,fog,3300.0,0.0000,0.0000,0,100.000,,0,0.8717,,0.850,0,
1254,7,28,fog-37,1,fog,3400.0,0.0000,0.0000,0,100.000,,0,0.8679,,0.850,0,
1255,7,28,fog-37,1,fog,3500.0,0.0000,0.0000,0,100.000,,0,0.8640,,0.850,0,
1256,7,28,fog-37,1,fog,3600.0,0.0000,0.0000,0,100.000,,0,0.8601,,0.850,0,
1257,7,28,fog-37,1,fog,3700.0,0.0000,0.0000,0,100.000,,0,0.8562,,0.850,0,
1258,7,28,fog-37,1,fog,3800.0,0.0000,0.0000,0,100.000,,0,0.8523,,0.850,0,
1259,7,28,fog-37,1,fog,3900.0,0.0000,0.0000,0,100.000,,0,0.8484,,0.850,0,
1260,7,28,fog-37,1,fog,4000.0,0.0000,0.0000,0,100.000,,0,0.8445,,0.850,0,
1261,7,28,fog-37,1,fog,4100.0,0.0000,0.0000,0,100.000,,0,0.8407,,0.850,0,
1262,7,28,fog-37,1,fog,4200.0,0.0000,0.0000,0,100.000,,0,0.8368,,0.850,0,
1263,7,28,fog-37,1,fog,4300.0,0.0000,0.0000,0,100.000,,0,0.8329,,0.850,0,
1264,7,28,fog-37,1,fog,4400.0,0.0000,0.0000,0,100.000,,0,0.8290,,0.850,0,
1265,7,28,fog-37,1,fog,4500.0,0.0000,0.0000,0,100.000,,0,0.8251,,0.850,0,
1266,7,28,fog-37,1,fog,4600.0,0.0000,0.0000,0,100.000,,0,0.8212,,0.850,0,
1267,7,28,fog-37,1,fog,4700.0,0.0000,0.0000,0,100.000,,0,0.8173,,0.850,0,
1268,7,28,fog-37,1,fog,4800.0,0.0000,0.0000,0,100.000,,0,0.8135,,0.850,0,
1269,7,28,fog-37,1,fog,4900.0,0.0000,0.0000,0,100.000,,0,0.8096,,0.850,0,
1270,7,28,fog-37,1,fog,5000.0,0.0000,0.0000,0,100.000,,0,0.8057,,0.850,0,
1271,7,29,fog-38,1,fog,0.0,0.0000,0.0000,0,100.000,,0,1.0000,,0.850,0,
1272,7,29,fog-38,1,fog,100.0,0.0000,0.0000,9,100.450,1.0000,0,0.9961,,0.850,0,
1273,7,29,fog-38,1,fog,200.0,0.0000,0.0000,19,100.950,1.0000,0,0.9922,,0.850,0,
1274,7,29,fog-38,1,fog,300.0,0.0000,0.0000,25,101.100,1.0000,0,0.9883,,0.850,0,
1275,7,29,fog-38,1,fog,400.0,0.0000,0.0000,37,101.400,1.0000,0,0.9845,,0.850,0,
1276,7,29,fog-38,1,fog,500.0,0.0000,0.0000,37,101.400,1.0000,0,0.9806,,0.850,0,
1277,7,29,fog-38,1,fog,600.0,0.0000,0.0000,19,100.950,1.0000,0,0.9767,,0.850,0,
1278,7,29,fog-38,1,fog,700.0,0.0000,0.0000,31,101.250,1.0000,0,0.9728,,0.850,0,
1279,7,29,fog-38,1,fog,800.0,0.0000,0.0000,23,101.050,1.0000,0,0.9689,,0.850,0,
1280,7,29,fog-38,1,fog,900.0,0.0000,0.0000,47,101.650,1.0000,0,0.9650,,0.850,0,
1281,7,29,fog-38,1,fog,1000.0,0.0000,0.0000,35,101.350,1.0000,0,0.9611,,0.850,0,
1282,7,29,fog-38,1,fog,1100.0,0.0000,0.0000,17,100.850,1.0000,0,0.9572,,0.850,0,
1283,7,29,fog-38,1,fog,1200.0,0.0000,0.0000,13,100.650,1.0000,0,0.9534,,0.850,0,
1284,7,29,fog-38,1,fog,1300.0,0.0000,0.0000,23,101.050,1.0000,0,0.9495,,0.850,0,
1285,7,29,fog-38,1,fog,1400.0,0.0000,0.0000,19,100.950,1.0000,0,0.9456,,0.850,0,
1286,7,29,fog-38,1,fog,1500.0,0.0000,0.0000,21,101.000,1.0000,0,0.9417,,0.850,0,
1287,7,29,fog-38,1,fog,1600.0,0.0000,0.0000,21,101.000,1.0000,0,0.9378,,0.850,0,
1288,7,29,fog-38,1,fog,1700.0,0.0000,0.0000,45,101.600,1.0000,0,0.9339,,0.850,0,
1289,7,29,fog-38,1,fog,1800.0,0.0000,0.0000,37,101.400,1.0000,0,0.9300,,0.850,0,
1290,7,29,fog-38,1,fog,1900.0,0.0000,0.0000,33,101.300,1.0000,0,0.9262,,0.850,0,
1291,7,29,fog-38,1,fog,2000.0,0.0000,0.0000,37,101.400,1.0000,0,0.9223,,0.850,0,
1292,7,29,fog-38,1,fog,2100.0,0.0000,0.0000,57,101.900,1.0000,0,0.9184,,0.850,0,
1293,7,29,fog-38,1,fog,2200.0,0.0000,0.0000,35,101.350,1.0000,0,0.9145,,0.850,0,
1294,7,29,fog-38,1,fog,2300.0,0.0000,0.0000,35,101.350,1.0000,0,0.9106,,0.850,0,
1295,7,29,fog-38,1,fog,2400.0,0.0000,0.0000,39,101.450,1.0000,0,0.9067,,0.850,0,
1296,7,29,fog-38,1,fog,2500.0,0.0000,0.0000,39,101.450,1.0000,0,0.9028,,0.850,0,
1297,7,29,fog-38,1,fog,2600.0,0.0000,0.0000,35,101.350,1.0000,0,0.8990,,0.850,0,
1298,7,29,fog-38,1,fog,2700.0,0.0000,0.0000,39,101.450,1.0000,0,0.8951,,0.850,0,
1299,7,29,fog-38,1,fog,2800.0,0.0000,0.0000,47,101.650,1.0000,0,0.8912,,0.850,0,
1300,7,29,fog-38,1,fog,2900.0,0.0000,0.0000,53,101.800,1.0000,0,0.8873,,0.850,0,
1301,7,29,fog-38,1,fog,3000.0,0.0000,0.0000,53,101.800,1.0000,0,0.8834,,0.850,0,
1302,7,29,fog-38,1,fog,3100.0,0.0000,0.0000,47,101.650,1.0000,0,0.8795,,0.850,0,
1303,7,29,fog-38,1,fog,3200.0,0.0000,0.0000,17,100.850,1.0000,0,0.8756,,0.850,0,
1304,7,29,fog-38,1,fog,3300.0,0.0000,0.0000,23,101.050,1.0000,0,0.8717,,0.850,0,
1305,7,29,fog-38,1,fog,3400.0,0.0000,0.0000,9,100.450,0.9991,0,0.8679,,0.850,0,
1306,7,29,fog-38,1,fog,3500.0,0.0000,0.0000,9,100.450,0.9734,0,0.8640,,0.850,0,
1307,7,29,fog-38,1,fog,3600.0,0.0000,0.0000,19,100.950,1.0000,0,0.8601,,0.850,0,
1308,7,29,fog-38,1,fog,3700.0,0.0000,0.0000,18,100.900,1.0000,0,0.8562,,0.850,0,
1309,7,29,fog-38,1,fog,3800.0,0.0000,0.0000,45,101.600,1.0000,0,0.8523,,0.850,0,
1310,7,29,fog-38,1,fog,3900.0,0.0000,0.0000,19,100.950,1.0000,0,0.8484,,0.850,0,
1311,7,29,fog-38,1,fog,4000.0,0.0000,0.0000,16,100.800,1.0000,0,0.8445,,0.850,0,
1312,7,29,fog-38,1,fog,4100.0,0.0000,0.0000,39,101.450,1.0000,0,0.8407,,0.850,0,
1313,7,29,fog-38,1,fog,4200.0,0.0000,0.0000,53,101.800,1.0000,0,0.8368,,0.850,0,
1314,7,29,fog-38,1,fog,4300.0,0.0000,0.0000,37,101.400,1.0000,0,0.8329,,0.850,0,
1315,7,29,fog-38,1,fog,4400.0,0.0000,0.0000,25,101.100,1.0000,0,0.8290,,0.850,0,
1316,7,29,fog-38,1,fog,4500.0,0.0000,0.0000,37,101.400,1.0000,0,0.8251,,0.850,0,
1317,7,29,fog-38,1,fog,4600.0,0.0000,0.0000,27,101.150,1.0000,0,0.8212,,0.850,0,
1318,7,29,fog-38,1,fog,4700.0,0.0000,0.0000,27,101.150,1.0000,0,0.8173,,0.850,0,
1319,7,29,fog-38,1,fog,4800.0,0.0000,0.0000,13,100.650,1.0000,0,0.8135,,0.850,0,
1320,7,29,fog-38,1,fog,4900.0,0.0000,0.0000,17,100.850,1.0000,0,0.8096,,0.850,0,
1321,7,29,fog-38,1,fog,5000.0,0.0000,0.0000,27,101.150,1.0000,0,0.8057,,0.850,0,
1322,7,30,fog-39,1,fog,0.0,0.0000,0.0000,0,100.000,,0,1.0000,,0.850,0,
1323,7,30,fog-39,1,fog,100.0,0.0000,0.0000,0,100.000,,0,0.9961,,0.850,0,
1324,7,30,fog-39,1,fog,200.0,0.0000,0.0000,0,100.000,,0,0.9922,,0.850,0,
1325,7,30,fog-39,1,fog,300.0,0.0000,0.0000,0,100.000,,0,0.9883,,0.850,0,
1326,7,30,fog-39,1,fog,400.0,0.0000,0.0000,0,100.000,,0,0.9845,,0.850,0,
1327,7,30,fog-39,1,fog,500.0,0.0000,0.0000,0,100.000,,0,0.9806,,0.850,0,
1328,7,30,fog-39,1,fog,600.0,0.0000,0.0000,0,100.000,,0,0.9767,,0.850,0,
1329,7,30,fog-39,1,fog,700.0,0.0000,0.0000,0,100.000,,0,0.9728,,0.850,0,
1330,7,30,fog-39,1,fog,800.0,0.0000,0.0000,0,100.000,,0,0.9689,,0.850,0,
1331,7,30,fog-39,1,fog,900.0,0.0000,0.0000,0,100.000,,0,0.9650,,0.850,0,
1332,7,30,fog-39,1,fog,1000.0,0.0000,0.0000,0,100.000,,0,0.9611,,0.850,0,
1333,7,30,fog-39,1,fog,1100.0,0.0000,0.0000,0,100.000,,0,0.9572,,0.850,0,
1334,7,30,fog-39,1,fog,1200.0,0.0000,0.0000,0,100.000,,0,0.9534,,0.850,0,
1335,7,30,fog-39,1,fog,1300.0,0.0000,0.0000,0,100.000,,0,0.9495,,0.850,0,
1336,7,30,fog-39,1,fog,1400.0,0.0000,0.0000,0,100.000,,0,0.9456,,0.850,0,
1337,7,30,fog-39,1,fog,1500.0,0.0000,0.0000,0,100.000,,0,0.9417,,0.850,0,
1338,7,30,fog-39,1,fog,1600.0,0.0000,0.0000,0,100.000,,0,0.9378,,0.850,0,
1339,7,30,fog-39,1,fog,1700.0,0.0000,0.0000,0,100.000,,0,0.9339,,0.850,0,
1340,7,30,fog-39,1,fog,1800.0,0.0000,0.0000,0,100.000,,0,0.9300,,0.850,0,
1341,7,30,fog-39,1,fog,1900.0,0.0000,0.0000,0,100.000,,0,0.9262,,0.850,0,
1342,7,30,fog-39,1,fog,2000.0,0.0000,0.0000,0,100.000,,0,0.9223,,0.850,0,
1343,7,30,fog-39,1,fog,2100.0,0.0000,0.0000,0,100.000,,0,0.9184,,0.850,0,
1344,7,30,fog-39,1,fog,2200.0,0.0000,0.0000,0,100.000,,0,0.9145,,0.850,0,
1345,7,30,fog-39,1,fog,2300.0,0.0000,0.0000,0,100.000,,0,0.9106,,0.850,0,
1346,7,30,fog-39,1,fog,2400.0,0.0000,0.0000,0,100.000,,0,0.9067,,0.850,0,
1347,7,30,fog-39,1,fog,2500.0,0.0000,0.0000,0,100.000,,0,0.9028,,0.850,0,
1348,7,30,fog-39,1,fog,2600.0,0.0000,0.0000,0,100.000,,0,0.8990,,0.850,0,
1349,7,30,fog-39,1,fog,2700.0,0.0000,0.0000,0,100.000,,0,0.8951,,0.850,0,
1350,7,30,fog-39,1,fog,2800.0,0.0000,0.0000,0,100.000,,0,0.8912,,0.850,0,
1351,7,30,fog-39,1,fog,2900.0,0.0000,0.0000,0,100.000,,0,0.8873,,0.850,0,
1352,7,30,fog-39,1,fog,3000.0,0.0000,0.0000,0,100.000,,0,0.8834,,0.850,0,
1353,7,30,fog-39,1,fog,3100.0,0.0000,0.0000,0,100.000,,0,0.8795,,0.850,0,
1354,7,30,fog-39,1,fog,3200.0,0.0000,0.0000,0,100.000,,0,0.8756,,0.850,0,
1355,7,30,fog-39,1,fog,3300.0,0.0000,0.0000,0,100.000,,0,0.8717,,0.850,0,
1356,7,30,fog-39,1,fog,3400.0,0.0000,0.0000,0,100.000,,0,0.8679,,0.850,0,
1357,7,30,fog-39,1,fog,3500.0,0.0000,0.0000,0,100.000,,0,0.8640,,0.850,0,
1358,7,30,fog-39,1,fog,3600.0,0.0000,0.0000,0,100.000,,0,0.8601,,0.850,0,
1359,7,30,fog-39,1,fog,3700.0,0.0000,0.0000,0,100.000,,0,0.8562,,0.850,0,
1360,7,30,fog-39,1,fog,3800.0,0.0000,0.0000,0,100.000,,0,0.8523,,0.850,0,
1361,7,30,fog-39,1,fog,3900.0,0.0000,0.0000,0,100.000,,0,0.8484,,0.850,0,
1362,7,30,fog-39,1,fog,4000.0,0.0000,0.0000,0,100.000,,0,0.8445,,0.850,0,
1363,7,30,fog-39,1,fog,4100.0,0.0000,0.0000,0,100.000,,0,0.8407,,0.850,0,
1364,7,30,fog-39,1,fog,4200.0,0.0000,0.0000,0,100.000,,0,0.8368,,0.850,0,
1365,7,30,fog-39,1,fog,4300.0,0.0000,0.0000,0,100.000,,0,0.8329,,0.850,0,
1366,7,30,fog-39,1,fog,4400.0,0.0000,0.0000,0,100.000,,0,0.8290,,0.850,0,
1367,7,30,fog-39,1,fog,4500.0,0.0000,0.0000,0,100.000,,0,0.8251,,0.850,0,
1368,7,30,fog-39,1,fog,4600.0,0.0000,0.0000,0,100.000,,0,0.8212,,0.850,0,
1369,7,30,fog-39,1,fog,4700.0,0.0000,0.0000,0,100.000,,0,0.8173,,0.850,0,
1370,7,30,fog-39,1,fog,4800.0,0.0000,0.0000,0,100.000,,0,0.8135,,0.850,0,
1371,7,30,fog-39,1,fog,4900.0,0.0000,0.0000,0,100.000,,0,0.8096,,0.850,0,
1372,7,30,fog-39,1,fog,5000.0,0.0000,0.0000,0,100.000,,0,0.8057,,0.850,0,
1373,7,31,fog-40,1,fog,0.0,0.0000,0.0000,0,100.000,,0,1.0000,,0.850,0,4876.8
1374,7,31,fog-40,1,fog,100.0,0.0000,0.0000,0,100.000,,0,0.9961,,0.850,0,4876.8
1375,7,31,fog-40,1,fog,200.0,0.0000,0.0000,0,100.000,,0,0.9922,,0.850,0,4876.8
1376,7,31,fog-40,1,fog,300.0,0.0000,0.0000,0,100.000,,0,0.9883,,0.850,0,4876.8
1377,7,31,fog-40,1,fog,400.0,0.0000,0.0000,0,100.000,,0,0.9845,,0.850,0,4876.8
1378,7,31,fog-40,1,fog,500.0,0.0000,0.0000,0,100.000,,0,0.9806,,0.850,0,4876.8
1379,7,31,fog-40,1,fog,600.0,0.0000,0.0000,0,100.000,,0,0.9767,,0.850,0,4876.8
1380,7,31,fog-40,1,fog,700.0,0.0000,0.0000,0,100.000,,0,0.9728,,0.850,0,4876.8
1381,7,31,fog-40,1,fog,800.0,0.0000,0.0000,0,100.000,,0,0.9689,,0.850,0,4876.8
1382,7,31,fog-40,1,fog,900.0,0.0000,0.0000,0,100.000,,0,0.9650,,0.850,0,4876.8
1383,7,31,fog-40,1,fog,1000.0,0.0000,0.0000,0,100.000,,0,0.9611,,0.850,0,4876.8
1384,7,31,fog-40,1,fog,1100.0,0.0000,0.0000,0,100.000,,0,0.9572,,0.850,0,4876.8
1385,7,31,fog-40,1,fog,1200.0,0.0000,0.0000,0,100.000,,0,0.9534,,0.850,0,4876.8
1386,7,31,fog-40,1,fog,1300.0,0.0000,0.0000,0,100.000,,0,0.9495,,0.850,0,4876.8
1387,7,31,fog-40,1,fog,1400.0,0.0000,0.0000,0,100.000,,0,0.9456,,0.850,0,4876.8
1388,7,31,fog-40,1,fog,1500.0,0.0000,0.0000,0,100.000,,0,0.9417,,0.850,0,4876.8
1389,7,31,fog-40,1,fog,1600.0,0.0000,0.0000,0,100.000,,0,0.9378,,0.850,0,4876.8
1390,7,31,fog-40,1,fog,1700.0,0.0000,0.0000,0,100.000,,0,0.9339,,0.850,0,4876.8
1391,7,31,fog-40,1,fog,1800.0,0.0000,0.0000,0,100.000,,0,0.9300,,0.850,0,4876.8
1392,7,31,fog-40,1,fog,1900.0,0.0000,0.0000,0,100.000,,0,0.9262,,0.850,0,4876.8
1393,7,31,fog-40,1,fog,2000.0,0.0000,0.0000,0,100.000,,0,0.9223,,0.850,0,4876.8
1394,7,31,fog-40,1,fog,2100.0,0.0000,0.0000,0,100.000,,0,0.9184,,0.850,0,4876.8
1395,7,31,fog-40,1,fog,2200.0,0.0000,0.0000,0,100.000,,0,0.9145,,0.850,0,4876.8
1396,7,31,fog-40,1,fog,2300.0,0.0000,0.0000,0,100.000,,0,0.9106,,0.850,0,4876.8
1397,7,31,fog-40,1,fog,2400.0,0.0000,0.0000,0,100.000,,0,0.9067,,0.850,0,4876.8
1398,7,31,fog-40,1,fog,2500.0,0.0000,0.0000,0,100.000,,0,0.9028,,0.850,0,4876.8
1399,7,31,fog-40,1,fog,2600.0,0.0000,0.0000,0,100.000,,0,0.8990,,0.850,0,4876.8
1400,7,31,fog-40,1,fog,2700.0,0.0000,0.0000,0,100.000,,0,0.8951,,0.850,0,4876.8
1401,7,31,fog-40,1,fog,2800.0,0.0000,0.0000,0,100.000,,0,0.8912,,0.850,0,4876.8
1402,7,31,fog-40,1,fog,2900.0,0.0000,0.0000,0,100.000,,0,0.8873,,0.850,0,4876.8
1403,7,31,fog-40,1,fog,3000.0,0.0000,0.0000,0,100.000,,0,0.8834,,0.850,0,4876.8
1404,7,31,fog-40,1,fog,3100.0,0.0000,0.0000,0,100.000,,0,0.8795,,0.850,0,4876.8
1405,7,31,fog-40,1,fog,3200.0,0.0000,0.0000,0,100.000,,0,0.8756,,0.850,0,4876.8
1406,7,31,fog-40,1,fog,3300.0,0.0000,0.0000,0,100.000,,0,0.8717,,0.850,0,4876.8
1407,7,31,fog-40,1,fog,3400.0,0.0000,0.0000,0,100.000,,0,0.8679,,0.850,0,4876.8
1408,7,31,fog-40,1,fog,3500.0,0.0000,0.0000,0,100.000,,0,0.8640,,0.850,0,4876.8
1409,7,31,fog-40,1,fog,3600.0,0.0000,0.0000,0,100.000,,0,0.8601,,0.850,0,4876.8
1410,7,31,fog-40,1,fog,3700.0,0.0000,0.0000,0,100.000,,0,0.8562,,0.850,0,4876.8
1411,7,31,fog-40,1,fog,3800.0,0.0000,0.0000,0,100.000,,0,0.8523,,0.850,0,4876.8
1412,7,31,fog-40,1,fog,3900.0,0.0000,0.0000,0,100.000,,0,0.8484,,0.850,0,4876.8
1413,7,31,fog-40,1,fog,4000.0,0.0000,0.0000,0,100.000,,0,0.8445,,0.850,0,4876.8
1414,7,31,fog-40,1,fog,4100.0,0.0000,0.0000,0,100.000,,0,0.8407,,0.850,0,4876.8
1415,7,31,fog-40,1,fog,4200.0,0.0000,0.0000,0,100.000,,0,0.8368,,0.850,0,4876.8
1416,7,31,fog-40,1,fog,4300.0,0.0000,0.0000,0,100.000,,0,0.8329,,0.850,0,4876.8
1417,7,31,fog-40,1,fog,4400.0,0.0000,0.0000,0,100.000,,0,0.8290,,0.850,0,4876.8
1418,7,31,fog-40,1,fog,4500.0,0.0000,0.0000,0,100.000,,0,0.8251,,0.850,0,4876.8
1419,7,31,fog-40,1,fog,4600.0,0.0000,0.0000,0,100.000,,0,0.8212,,0.850,0,4876.8
1420,7,31,fog-40,1,fog,4700.0,0.0000,0.0000,0,100.000,,0,0.8173,,0.850,1,4876.8
1421,7,31,fog-40,1,fog,4800.0,0.0000,0.0000,0,100.000,,0,0.8135,,0.850,1,4876.8
1422,7,32,fog-41,1,fog,0.0,0.0000,0.0000,0,100.000,,0,1.0000,,0.850,0,
1423,7,32,fog-41,1,fog,100.0,0.0000,0.0000,8,100.400,1.0000,0,0.9961,,0.850,0,
1424,7,32,fog-41,1,fog,200.0,0.0000,0.0000,14,100.700,1.0000,0,0.9922,,0.850,0,
1425,7,32,fog-41,1,fog,300.0,0.0000,0.0000,17,100.850,1.0000,0,0.9883,,0.850,0,
1426,7,32,fog-41,1,fog,400.0,0.0000,0.0000,18,100.900,1.0000,0,0.9845,,0.850,0,
1427,7,32,fog-41,1,fog,500.0,0.0000,0.0000,0,100.000,,0,0.9806,,0.850,0,
1428,7,32,fog-41,1,fog,600.0,0.0000,0.0000,4,100.200,0.3536,0,0.9767,,0.850,0,
1429,7,32,fog-41,1,fog,700.0,0.0000,0.0000,3,100.150,0.0000,0,0.9728,,0.850,0,
1430,7,32,fog-41,1,fog,800.0,0.0000,0.0000,10,100.500,1.0000,0,0.9689,,0.850,0,
1431,7,32,fog-41,1,fog,900.0,0.0000,0.0000,5,100.250,0.0000,0,0.9650,,0.850,0,
1432,7,32,fog-41,1,fog,1000.0,0.0000,0.0000,13,100.650,1.0000,0,0.9611,,0.850,0,
1433,7,32,fog-41,1,fog,1100.0,0.0000,0.0000,10,100.500,1.0000,0,0.9572,,0.850,0,
1434,7,32,fog-41,1,fog,1200.0,0.0000,0.0000,5,100.250,0.0000,0,0.9534,,0.850,0,
1435,7,32,fog-41,1,fog,1300.0,0.0000,0.0000,19,100.950,1.0000,0,0.9495,,0.850,0,
1436,7,32,fog-41,1,fog,1400.0,0.0000,0.0000,13,100.650,1.0000,0,0.9456,,0.850,0,
1437,7,32,fog-41,1,fog,1500.0,0.0000,0.0000,33,101.300,1.0000,0,0.9417,,0.850,0,
1438,7,32,fog-41,1,fog,1600.0,0.0000,0.0000,33,101.300,1.0000,0,0.9378,,0.850,0,
1439,7,32,fog-41,1,fog,1700.0,0.0000,0.0000,37,101.400,1.0000,0,0.9339,,0.850,0,
1440,7,32,fog-41,1,fog,1800.0,0.0000,0.0000,25,101.100,1.0000,0,0.9300,,0.850,0,
1441,7,32,fog-41,1,fog,1900.0,0.0000,0.0000,12,100.600,1.0000,0,0.9262,,0.850,0,
1442,7,32,fog-41,1,fog,2000.0,0.0000,0.0000,21,101.000,1.0000,0,0.9223,,0.850,0,
1443,7,32,fog-41,1,fog,2100.0,0.0000,0.0000,15,100.750,1.0000,0,0.9184,,0.850,0,
1444,7,32,fog-41,1,fog,2200.0,0.0000,0.0000,16,100.800,1.0000,0,0.9145,,0.850,0,
1445,7,32,fog-41,1,fog,2300.0,0.0000,0.0000,21,101.000,1.0000,0,0.9106,,0.850,0,
1446,7,32,fog-41,1,fog,2400.0,0.0000,0.0000,5,100.250,0.0000,0,0.9067,,0.850,0,
1447,7,32,fog-41,1,fog,2500.0,0.0000,0.0000,9,100.450,0.9968,0,0.9028,,0.850,0,
1448,7,32,fog-41,1,fog,2600.0,0.0000,0.0000,21,101.000,1.0000,0,0.8990,,0.850,0,
1449,7,32,fog-41,1,fog,2700.0,0.0000,0.0000,15,100.750,1.0000,0,0.8951,,0.850,0,
1450,7,32,fog-41,1,fog,2800.0,0.0000,0.0000,13,100.650,1.0000,0,0.8912,,0.850,0,
1451,7,32,fog-41,1,fog,2900.0,0.0000,0.0000,51,101.750,1.0000,0,0.8873,,0.850,0,
1452,7,32,fog-41,1,fog,3000.0,0.0000,0.0000,14,100.700,1.0000,0,0.8834,,0.850,0,
1453,7,32,fog-41,1,fog,3100.0,0.0000,0.0000,37,101.400,1.0000,0,0.8795,,0.850,0,
1454,7,32,fog-41,1,fog,3200.0,0.0000,0.0000,10,100.500,1.0000,0,0.8756,,0.850,0,
1455,7,32,fog-41,1,fog,3300.0,0.0000,0.0000,41,101.500,1.0000,0,0.8717,,0.850,0,
1456,7,32,fog-41,1,fog,3400.0,0.0000,0.0000,39,101.450,1.0000,0,0.8679,,0.850,0,
1457,7,32,fog-41,1,fog,3500.0,0.0000,0.0000,14,100.700,1.0000,0,0.8640,,0.850,0,
1458,7,32,fog-41,1,fog,3600.0,0.0000,0.0000,21,101.000,1.0000,0,0.8601,,0.850,0,
1459,7,32,fog-41,1,fog,3700.0,0.0000,0.0000,13,100.650,1.0000,0,0.8562,,0.850,0,
1460,7,32,fog-41,1,fog,3800.0,0.0000,0.0000,18,100.900,1.0000,0,0.8523,,0.850,0,
1461,7,32,fog-41,1,fog,3900.0,0.0000,0.0000,18,100.900,1.0000,0,0.8484,,0.850,0,
1462,7,32,fog-41,1,fog,4000.0,0.0000,0.0000,33,101.300,1.0000,0,0.8445,,0.850,0,
1463,7,32,fog-41,1,fog,4100.0,0.0000,0.0000,9,100.450,0.9946,0,0.8407,,0.850,0,
1464,7,32,fog-41,1,fog,4200.0,0.0000,0.0000,35,101.350,1.0000,0,0.8368,,0.850,0,
1465,7,32,fog-41,1,fog,4300.0,0.0000,0.0000,29,101.200,1.0000,0,0.8329,,0.850,0,
1466,7,32,fog-41,1,fog,4400.0,0.0000,0.0000,10,100.500,1.0000,0,0.8290,,0.850,0,
1467,7,32,fog-41,1,fog,4500.0,0.0000,0.0000,5,100.250,0.0000,0,0.8251,,0.850,0,
1468,7,32,fog-41,1,fog,4600.0,0.0000,0.0000,14,100.700,1.0000,0,0.8212,,0.850,0,
1469,7,32,fog-41,1,fog,4700.0,0.0000,0.0000,25,101.100,1.0000,0,0.8173,,0.850,0,
1470,7,32,fog-41,1,fog,4800.0,0.0000,0.0000,10,100.500,1.0000,0,0.8135,,0.850,0,
1471,7,32,fog-41,1,fog,4900.0,0.0000,0.0000,9,100.450,0.9822,0,0.8096,,0.850,0,
1472,7,32,fog-41,1,fog,5000.0,0.0000,0.0000,18,100.900,1.0000,0,0.8057,,0.850,0,
1473,7,33,fog-42,1,fog,0.0,0.0000,0.0000,0,100.000,,0,1.0000,,0.850,0,
1474,7,33,fog-42,1,fog,100.0,0.0000,0.0000,0,100.000,,0,0.9961,,0.850,0,
1475,7,33,fog-42,1,fog,200.0,0.0000,0.0000,0,100.000,,0,0.9922,,0.850,0,
1476,7,33,fog-42,1,fog,300.0,0.0000,0.0000,0,100.000,,0,0.9883,,0.850,0,
1477,7,33,fog-42,1,fog,400.0,0.0000,0.0000,0,100.000,,0,0.9845,,0.850,0,
1478,7,33,fog-42,1,fog,500.0,0.0000,0.0000,0,100.000,,0,0.9806,,0.850,0,
1479,7,33,fog-42,1,fog,600.0,0.0000,0.0000,0,100.000,,0,0.9767,,0.850,0,
1480,7,33,fog-42,1,fog,700.0,0.0000,0.0000,0,100.000,,0,0.9728,,0.850,0,
1481,7,33,fog-42,1,fog,800.0,0.0000,0.0000,0,100.000,,0,0.9689,,0.850,0,
1482,7,33,fog-42,1,fog,900.0,0.0000,0.0000,0,100.000,,0,0.9650,,0.850,0,
1483,7,33,fog-42,1,fog,1000.0,0.0000,0.0000,0,100.000,,0,0.9611,,0.850,0,
1484,7,33,fog-42,1,fog,1100.0,0.0000,0.0000,0,100.000,,0,0.9572,,0.850,0,
1485,7,33,fog-42,1,fog,1200.0,0.0000,0.0000,0,100.000,,0,0.9534,,0.850,0,
1486,7,33,fog-42,1,fog,1300.0,0.0000,0.0000,0,100.000,,0,0.9495,,0.850,0,
1487,7,33,fog-42,1,fog,1400.0,0.0000,0.0000,0,100.000,,0,0.9456,,0.850,0,
1488,7,33,fog-42,1,fog,1500.0,0.0000,0.0000,0,100.000,,0,0.9417,,0.850,0,
1489,7,33,fog-42,1,fog,1600.0,0.0000,0.0000,0,100.000,,0,0.9378,,0.850,0,
1490,7,33,fog-42,1,fog,1700.0,0.0000,0.0000,0,100.000,,0,0.9339,,0.850,0,
1491,7,33,fog-42,1,fog,1800.0,0.0000,0.0000,0,100.000,,0,0.9300,,0.850,0,
1492,7,33,fog-42,1,fog,1900.0,0.0000,0.0000,0,100.000,,0,0.9262,,0.850,0,
1493,7,33,fog-42,1,fog,2000.0,0.0000,0.0000,0,100.000,,0,0.9223,,0.850,0,
1494,7,33,fog-42,1,fog,2100.0,0.0000,0.0000,0,100.000,,0,0.9184,,0.850,0,
1495,7,33,fog-42,1,fog,2200.0,0.0000,0.0000,0,100.000,,0,0.9145,,0.850,0,
1496,7,33,fog-42,1,fog,2300.0,0.0000,0.0000,0,100.000,,0,0.9106,,0.850,0,
1497,7,33,fog-42,1,fog,2400.0,0.0000,0.0000,0,100.000,,0,0.9067,,0.850,0,
1498,7,33,fog-42,1,fog,2500.0,0.0000,0.0000,0,100.000,,0,0.9028,,0.850,0,
1499,7,33,fog-42,1,fog,2600.0,0.0000,0.0000,0,100.000,,0,0.8990,,0.850,0,
1500,7,33,fog-42,1,fog,2700.0,0.0000,0.0000,0,100.000,,0,0.8951,,0.850,0,
1501,7,33,fog-42,1,fog,2800.0,0.0000,0.0000,0,100.000,,0,0.8912,,0.850,0,
1502,7,33,fog-42,1,fog,2900.0,0.0000,0.0000,0,100.000,,0,0.8873,,0.850,0,
1503,7,33,fog-42,1,fog,3000.0,0.0000,0.0000,0,100.000,,0,0.8834,,0.850,0,
1504,7,33,fog-42,1,fog,3100.0,0.0000,0.0000,0,100.000,,0,0.8795,,0.850,0,
1505,7,33,fog-42,1,fog,3200.0,0.0000,0.0000,0,100.000,,0,0.8756,,0.850,0,
1506,7,33,fog-42,1,fog,3300.0,0.0000,0.0000,0,100.000,,0,0.8717,,0.850,0,
1507,7,33,fog-42,1,fog,3400.0,0.0000,0.0000,0,100.000,,0,0.8679,,0.850,0,
1508,7,33,fog-42,1,fog,3500.0,0.0000,0.0000,0,100.000,,0,0.8640,,0.850,0,
1509,7,33,fog-42,1,fog,3600.0,0.0000,0.0000,0,100.000,,0,0.8601,,0.850,0,
1510,7,33,fog-42,1,fog,3700.0,0.0000,0.0000,0,100.000,,0,0.8562,,0.850,0,
1511,7,33,fog-42,1,fog,3800.0,0.0000,0.0000,0,100.000,,0,0.8523,,0.850,0,
1512,7,33,fog-42,1,fog,3900.0,0.0000,0.0000,0,100.000,,0,0.8484,,0.850,0,
1513,7,33,fog-42,1,fog,4000.0,0.0000,0.0000,0,100.000,,0,0.8445,,0.850,0,
1514,7,33,fog-42,1,fog,4100.0,0.0000,0.0000,0,100.000,,0,0.8407,,0.850,0,
1515,7,33,fog-42,1,fog,4200.0,0.0000,0.0000,0,100.000,,0,0.8368,,0.850,0,
1516,7,33,fog-42,1,fog,4300.0,0.0000,0.0000,0,100.000,,0,0.8329,,0.850,0,
1517,7,33,fog-42,1,fog,4400.0,0.0000,0.0000,0,100.000,,0,0.8290,,0.850,0,
1518,7,33,fog-42,1,fog,4500.0,0.0000,0.0000,0,100.000,,0,0.8251,,0.850,0,
1519,7,33,fog-42,1,fog,4600.0,0.0000,0.0000,0,100.000,,0,0.8212,,0.850,0,
1520,7,33,fog-42,1,fog,4700.0,0.0000,0.0000,0,100.000,,0,0.8173,,0.850,0,
1521,7,33,fog-42,1,fog,4800.0,0.0000,0.0000,0,100.000,,0,0.8135,,0.850,0,
1522,7,33,fog-42,1,fog,4900.0,0.0000,0.0000,0,100.000,,0,0.8096,,0.850,0,
1523,7,33,fog-42,1,fog,5000.0,0.0000,0.0000,0,100.000,,0,0.8057,,0.850,0,
1524,7,34,fog-43,1,fog,0.0,0.0000,0.0000,0,100.000,,0,1.0000,,0.850,0,
1525,7,34,fog-43,1,fog,100.0,0.0000,0.0000,0,100.000,,0,0.9961,,0.850,0,
1526,7,34,fog-43,1,fog,200.0,0.0000,0.0000,5,100.250,0.0000,0,0.9922,,0.850,0,
1527,7,34,fog-43,1,fog,300.0,0.0000,0.0000,0,100.000,,0,0.9883,,0.850,0,
1528,7,34,fog-43,1,fog,400.0,0.0000,0.0000,0,100.000,,0,0.9845,,0.850,0,
1529,7,34,fog-43,1,fog,500.0,0.0000,0.0000,4,100.200,0.3536,0,0.9806,,0.850,0,
1530,7,34,fog-43,1,fog,600.0,0.0000,0.0000,0,100.000,,0,0.9767,,0.850,0,
1531,7,34,fog-43,1,fog,700.0,0.0000,0.0000,0,100.000,,0,0.9728,,0.850,0,
1532,7,34,fog-43,1,fog,800.0,0.0000,0.0000,0,100.000,,0,0.9689,,0.850,0,
1533,7,34,fog-43,1,fog,900.0,0.0000,0.0000,0,100.000,,0,0.9650,,0.850,0,
1534,7,34,fog-43,1,fog,1000.0,0.0000,0.0000,0,100.000,,0,0.9611,,0.850,0,
1535,7,34,fog-43,1,fog,1100.0,0.0000,0.0000,0,100.000,,0,0.9572,,0.850,0,
1536,7,34,fog-43,1,fog,1200.0,0.0000,0.0000,5,100.250,0.0000,0,0.9534,,0.850,0,
1537,7,34,fog-43,1,fog,1300.0,0.0000,0.0000,0,100.000,,0,0.9495,,0.850,0,
1538,7,34,fog-43,1,fog,1400.0,0.0000,0.0000,0,100.000,,0,0.9456,,0.850,0,
1539,7,34,fog-43,1,fog,1500.0,0.0000,0.0000,0,100.000,,0,0.9417,,0.850,0,
1540,7,34,fog-43,1,fog,1600.0,0.0000,0.0000,0,100.000,,0,0.9378,,0.850,0,
1541,7,34,fog-43,1,fog,1700.0,0.0000,0.0000,0,100.000,,0,0.9339,,0.850,0,
1542,7,34,fog-43,1,fog,1800.0,0.0000,0.0000,0,100.000,,0,0.9300,,0.850,0,
1543,7,34,fog-43,1,fog,1900.0,0.0000,0.0000,0,100.000,,0,0.9262,,0.850,0,
1544,7,34,fog-43,1,fog,2000.0,0.0000,0.0000,0,100.000,,0,0.9223,,0.850,0,
1545,7,34,fog-43,1,fog,2100.0,0.0000,0.0000,0,100.000,,0,0.9184,,0.850,0,
1546,7,34,fog-43,1,fog,2200.0,0.0000,0.0000,0,100.000,,0,0.9145,,0.850,0,
1547,7,34,fog-43,1,fog,2300.0,0.0000,0.0000,0,100.000,,0,0.9106,,0.850,0,
1548,7,34,fog-43,1,fog,2400.0,0.0000,0.0000,3,100.150,0.3333,0,0.9067,,0.850,0,
1549,7,34,fog-43,1,fog,2500.0,0.0000,0.0000,0,100.000,,0,0.9028,,0.850,0,
1550,7,34,fog-43,1,fog,2600.0,0.0000,0.0000,0,100.000,,0,0.8990,,0.850,0,
1551,7,34,fog-43,1,fog,2700.0,0.0000,0.0000,0,100.000,,0,0.8951,,0.850,0,
1552,7,34,fog-43,1,fog,2800.0,0.0000,0.0000,5,100.250,0.0000,0,0.8912,,0.850,0,
1553,7,34,fog-43,1,fog,2900.0,0.0000,0.0000,0,100.000,,0,0.8873,,0.850,0,
1554,7,34,fog-43,1,fog,3000.0,0.0000,0.0000,0,100.000,,0,0.8834,,0.850,0,
1555,7,34,fog-43,1,fog,3100.0,0.0000,0.0000,0,100.000,,0,0.8795,,0.850,0,
1556,7,34,fog-43,1,fog,3200.0,0.0000,0.0000,0,100.000,,0,0.8756,,0.850,0,
1557,7,34,fog-43,1,fog,3300.0,0.0000,0.0000,0,100.000,,0,0.8717,,0.850,0,
1558,7,34,fog-43,1,fog,3400.0,0.0000,0.0000,0,100.000,,0,0.8679,,0.850,0,
1559,7,34,fog-43,1,fog,3500.0,0.0000,0.0000,0,100.000,,0,0.8640,,0.850,0,
1560,7,34,fog-43,1,fog,3600.0,0.0000,0.0000,0,100.000,,0,0.8601,,0.850,0,
1561,7,34,fog-43,1,fog,3700.0,0.0000,0.0000,0,100.000,,0,0.8562,,0.850,0,
1562,7,34,fog-43,1,fog,3800.0,0.0000,0.0000,0,100.000,,0,0.8523,,0.850,0,
1563,7,34,fog-43,1,fog,3900.0,0.0000,0.0000,0,100.000,,0,0.8484,,0.850,0,
1564,7,34,fog-43,1,fog,4000.0,0.0000,0.0000,0,100.000,,0,0.8445,,0.850,0,
1565,7,34,fog-43,1,fog,4100.0,0.0000,0.0000,0,100.000,,0,0.8407,,0.850,0,
1566,7,34,fog-43,1,fog,4200.0,0.0000,0.0000,0,100.000,,0,0.8368,,0.850,0,
1567,7,34,fog-43,1,fog,4300.0,0.0000,0.0000,0,100.000,,0,0.8329,,0.850,0,
1568,7,34,fog-43,1,fog,4400.0,0.0000,0.0000,5,100.250,0.0000,0,0.8290,,0.850,0,
1569,7,34,fog-43,1,fog,4500.0,0.0000,0.0000,0,100.000,,0,0.8251,,0.850,0,
1570,7,34,fog-43,1,fog,4600.0,0.0000,0.0000,0,100.000,,0,0.8212,,0.850,0,
1571,7,34,fog-43,1,fog,4700.0,0.0000,0.0000,0,100.000,,0,0.8173,,0.850,0,
1572,7,34,fog-43,1,fog,4800.0,0.0000,0.0000,0,100.000,,0,0.8135,,0.850,0,
1573,7,34,fog-43,1,fog,4900.0,0.0000,0.0000,0,100.000,,0,0.8096,,0.850,0,
1574,7,34,fog-43,1,fog,5000.0,0.0000,0.0000,0,100.000,,0,0.8057,,0.850,0,
1575,7,35,fog-44,1,fog,0.0,0.0000,0.0000,0,100.000,,0,1.0000,,0.850,0,
1576,7,35,fog-44,1,fog,100.0,0.0000,0.0000,0,100.000,,0,0.9961,,0.850,0,
1577,7,35,fog-44,1,fog,200.0,0.0000,0.0000,0,100.000,,0,0.9922,,0.850,0,
1578,7,35,fog-44,1,fog,300.0,0.0000,0.0000,0,100.000,,0,0.9883,,0.850,0,
1579,7,35,fog-44,1,fog,400.0,0.0000,0.0000,0,100.000,,0,0.9845,,0.850,0,
1580,7,35,fog-44,1,fog,500.0,0.0000,0.0000,0,100.000,,0,0.9806,,0.850,0,
1581,7,35,fog-44,1,fog,600.0,0.0000,0.0000,0,100.000,,0,0.9767,,0.850,0,
1582,7,35,fog-44,1,fog,700.0,0.0000,0.0000,0,100.000,,0,0.9728,,0.850,0,
1583,7,35,fog-44,1,fog,800.0,0.0000,0.0000,0,100.000,,0,0.9689,,0.850,0,
1584,7,35,fog-44,1,fog,900.0,0.0000,0.0000,0,100.000,,0,0.9650,,0.850,0,
1585,7,35,fog-44,1,fog,1000.0,0.0000,0.0000,0,100.000,,0,0.9611,,0.850,0,
1586,7,35,fog-44,1,fog,1100.0,0.0000,0.0000,0,100.000,,0,0.9572,,0.850,0,
1587,7,35,fog-44,1,fog,1200.0,0.0000,0.0000,0,100.000,,0,0.9534,,0.850,0,
1588,7,35,fog-44,1,fog,1300.0,0.0000,0.0000,0,100.000,,0,0.9495,,0.850,0,
1589,7,35,fog-44,1,fog,1400.0,0.0000,0.0000,0,100.000,,0,0.9456,,0.850,0,
1590,7,35,fog-44,1,fog,1500.0,0.0000,0.0000,0,100.000,,0,0.9417,,0.850,0,
1591,7,35,fog-44,1,fog,1600.0,0.0000,0.0000,0,100.000,,0,0.9378,,0.850,0,
1592,7,35,fog-44,1,fog,1700.0,0.0000,0.0000,0,100.000,,0,0.9339,,0.850,0,
1593,7,35,fog-44,1,fog,1800.0,0.0000,0.0000,0,100.000,,0,0.9300,,0.850,0,
1594,7,35,fog-44,1,fog,1900.0,0.0000,0.0000,0,100.000,,0,0.9262,,0.850,0,
1595,7,35,fog-44,1,fog,2000.0,0.0000,0.0000,0,100.000,,0,0.9223,,0.850,0,
1596,7,35,fog-44,1,fog,2100.0,0.0000,0.0000,0,100.000,,0,0.9184,,0.850,0,
1597,7,35,fog-44,1,fog,2200.0,0.0000,0.0000,0,100.000,,0,0.9145,,0.850,0,
1598,7,35,fog-44,1,fog,2300.0,0.0000,0.0000,0,100.000,,0,0.9106,,0.850,0,
1599,7,35,fog-44,1,fog,2400.0,0.0000,0.0000,0,100.000,,0,0.9067,,0.850,0,
1600,7,35,fog-44,1,fog,2500.0,0.0000,0.0000,0,100.000,,0,0.9028,,0.850,0,
1601,7,35,fog-44,1,fog,2600.0,0.0000,0.0000,0,100.000,,0,0.8990,,0.850,0,
1602,7,35,fog-44,1,fog,2700.0,0.0000,0.0000,0,100.000,,0,0.8951,,0.850,0,
1603,7,35,fog-44,1,fog,2800.0,0.0000,0.0000,0,100.000,,0,0.8912,,0.850,0,
1604,7,35,fog-44,1,fog,2900.0,0.0000,0.0000,0,100.000,,0,0.8873,,0.850,0,
1605,7,35,fog-44,1,fog,3000.0,0.0000,0.0000,0,100.000,,0,0.8834,,0.850,0,
1606,7,35,fog-44,1,fog,3100.0,0.0000,0.0000,0,100.000,,0,0.8795,,0.850,0,
1607,7,35,fog-44,1,fog,3200.0,0.0000,0.0000,0,100.000,,0,0.8756,,0.850,0,
1608,7,35,fog-44,1,fog,3300.0,0.0000,0.0000,0,100.000,,0,0.8717,,0.850,0,
1609,7,35,fog-44,1,fog,3400.0,0.0000,0.0000,0,100.000,,0,0.8679,,0.850,0,
1610,7,35,fog-44,1,fog,3500.0,0.0000,0.0000,0,100.000,,0,0.8640,,0.850,0,
1611,7,35,fog-44,1,fog,3600.0,0.0000,0.0000,0,100.000,,0,0.8601,,0.850,0,
1612,7,35,fog-44,1,fog,3700.0,0.0000,0.0000,0,100.000,,0,0.8562,,0.850,0,
1613,7,35,fog-44,1,fog,3800.0,0.0000,0.0000,0,100.000,,0,0.8523,,0.850,0,
1614,7,35,fog-44,1,fog,3900.0,0.0000,0.0000,0,100.000,,0,0.8484,,0.850,0,
1615,7,35,fog-44,1,fog,4000.0,0.0000,0.0000,0,100.000,,0,0.8445,,0.850,0,
1616,7,35,fog-44,1,fog,4100.0,0.0000,0.0000,0,100.000,,0,0.8407,,0.850,0,
1617,7,35,fog-44,1,fog,4200.0,0.0000,0.0000,0,100.000,,0,0.8368,,0.850,0,
1618,7,35,fog-44,1,fog,4300.0,0.0000,0.0000,0,100.000,,0,0.8329,,0.850,0,
1619,7,35,fog-44,1,fog,4400.0,0.0000,0.0000,0,100.000,,0,0.8290,,0.850,0,
1620,7,35,fog-44,1,fog,4500.0,0.0000,0.0000,0,100.000,,0,0.8251,,0.850,0,
1621,7,35,fog-44,1,fog,4600.0,0.0000,0.0000,0,100.000,,0,0.8212,,0.850,0,
1622,7,35,fog-44,1,fog,4700.0,0.0000,0.0000,0,100.000,,0,0.8173,,0.850,0,
1623,7,35,fog-44,1,fog,4800.0,0.0000,0.0000,0,100.000,,0,0.8135,,0.850,0,
1624,7,35,fog-44,1,fog,4900.0,0.0000,0.0000,0,100.000,,0,0.8096,,0.850,0,
1625,7,35,fog-44,1,fog,5000.0,0.0000,0.0000,0,100.000,,0,0.8057,,0.850,0,
1626,7,36,fog-45,1,fog,0.0,0.0000,0.0000,0,100.000,,0,1.0000,,0.850,0,
1627,7,36,fog-45,1,fog,100.0,0.0000,0.0000,0,100.000,,0,0.9961,,0.850,0,
1628,7,36,fog-45,1,fog,200.0,0.0000,0.0000,0,100.000,,0,0.9922,,0.850,0,
1629,7,36,fog-45,1,fog,300.0,0.0000,0.0000,0,100.000,,0,0.9883,,0.850,0,
1630,7,36,fog-45,1,fog,400.0,0.0000,0.0000,0,100.000,,0,0.9845,,0.850,0,
1631,7,36,fog-45,1,fog,500.0,0.0000,0.0000,0,100.000,,0,0.9806,,0.850,0,
1632,7,36,fog-45,1,fog,600.0,0.0000,0.0000,0,100.000,,0,0.9767,,0.850,0,
1633,7,36,fog-45,1,fog,700.0,0.0000,0.0000,0,100.000,,0,0.9728,,0.850,0,
1634,7,36,fog-45,1,fog,800.0,0.0000,0.0000,0,100.000,,0,0.9689,,0.850,0,
1635,7,36,fog-45,1,fog,900.0,0.0000,0.0000,0,100.000,,0,0.9650,,0.850,0,
1636,7,36,fog-45,1,fog,1000.0,0.0000,0.0000,0,100.000,,0,0.9611,,0.850,0,
1637,7,36,fog-45,1,fog,1100.0,0.0000,0.0000,0,100.000,,0,0.9572,,0.850,0,
1638,7,36,fog-45,1,fog,1200.0,0.0000,0.0000,0,100.000,,0,0.9534,,0.850,0,
1639,7,36,fog-45,1,fog,1300.0,0.0000,0.0000,0,100.000,,0,0.9495,,0.850,0,
1640,7,36,fog-45,1,fog,1400.0,0.0000,0.0000,0,100.000,,0,0.9456,,0.850,0,
1641,7,36,fog-45,1,fog,1500.0,0.0000,0.0000,0,100.000,,0,0.9417,,0.850,0,
1642,7,36,fog-45,1,fog,1600.0,0.0000,0.0000,0,100.000,,0,0.9378,,0.850,0,
1643,7,36,fog-45,1,fog,1700.0,0.0000,0.0000,0,100.000,,0,0.9339,,0.850,0,
1644,7,36,fog-45,1,fog,1800.0,0.0000,0.0000,0,100.000,,0,0.9300,,0.850,0,
1645,7,36,fog-45,1,fog,1900.0,0.0000,0.0000,0,100.000,,0,0.9262,,0.850,0,
1646,7,36,fog-45,1,fog,2000.0,0.0000,0.0000,0,100.000,,0,0.9223,,0.850,0,
1647,7,36,fog-45,1,fog,2100.0,0.0000,0.0000,0,100.000,,0,0.9184,,0.850,0,
1648,7,36,fog-45,1,fog,2200.0,0.0000,0.0000,0,100.000,,0,0.9145,,0.850,0,
1649,7,36,fog-45,1,fog,2300.0,0.0000,0.0000,0,100.000,,0,0.9106,,0.850,0,
1650,7,36,fog-45,1,fog,2400.0,0.0000,0.0000,0,100.000,,0,0.9067,,0.850,0,
1651,7,36,fog-45,1,fog,2500.0,0.0000,0.0000,0,100.000,,0,0.9028,,0.850,0,
1652,7,36,fog-45,1,fog,2600.0,0.0000,0.0000,0,100.000,,0,0.8990,,0.850,0,
1653,7,36,fog-45,1,fog,2700.0,0.0000,0.0000,0,100.000,,0,0.8951,,0.850,0,
1654,7,36,fog-45,1,fog,2800.0,0.0000,0.0000,0,100.000,,0,0.8912,,0.850,0,
1655,7,36,fog-45,1,fog,2900.0,0.0000,0.0000,0,100.000,,0,0.8873,,0.850,0,
1656,7,36,fog-45,1,fog,3000.0,0.0000,0.0000,0,100.000,,0,0.8834,,0.850,0,
1657,7,36,fog-45,1,fog,3100.0,0.0000,0.0000,0,100.000,,0,0.8795,,0.850,0,
1658,7,36,fog-45,1,fog,3200.0,0.0000,0.0000,0,100.000,,0,0.8756,,0.850,0,
1659,7,36,fog-45,1,fog,3300.0,0.0000,0.0000,0,100.000,,0,0.8717,,0.850,0,
1660,7,36,fog-45,1,fog,3400.0,0.0000,0.0000,0,100.000,,0,0.8679,,0.850,0,
1661,7,36,fog-45,1,fog,3500.0,0.0000,0.0000,0,100.000,,0,0.8640,,0.850,0,
1662,7,36,fog-45,1,fog,3600.0,0.0000,0.0000,0,100.000,,0,0.8601,,0.850,0,
1663,7,36,fog-45,1,fog,3700.0,0.0000,0.0000,0,100.000,,0,0.8562,,0.850,0,
1664,7,36,fog-45,1,fog,3800.0,0.0000,0.0000,0,100.000,,0,0.8523,,0.850,0,
1665,7,36,fog-45,1,fog,3900.0,0.0000,0.0000,0,100.000,,0,0.8484,,0.850,0,
1666,7,36,fog-45,1,fog,4000.0,0.0000,0.0000,0,100.000,,0,0.8445,,0.850,0,
1667,7,36,fog-45,1,fog,4100.0,0.0000,0.0000,0,100.000,,0,0.8407,,0.850,0,
1668,7,36,fog-45,1,fog,4200.0,0.0000,0.0000,0,100.000,,0,0.8368,,0.850,0,
1669,7,36,fog-45,1,fog,4300.0,0.0000,0.0000,0,100.000,,0,0.8329,,0.850,0,
1670,7,36,fog-45,1,fog,4400.0,0.0000,0.0000,0,100.000,,0,0.8290,,0.850,0,
1671,7,36,fog-45,1,fog,4500.0,0.0000,0.0000,0,100.000,,0,0.8251,,0.850,0,
1672,7,36,fog-45,1,fog,4600.0,0.0000,0.0000,0,100.000,,0,0.8212,,0.850,0,
1673,7,36,fog-45,1,fog,4700.0,0.0000,0.0000,0,100.000,,0,0.8173,,0.850,0,
1674,7,36,fog-45,1,fog,4800.0,0.0000,0.0000,0,100.000,,0,0.8135,,0.850,0,
1675,7,36,fog-45,1,fog,4900.0,0.0000,0.0000,0,100.000,,0,0.8096,,0.850,0,
1676,7,36,fog-45,1,fog,5000.0,0.0000,0.0000,0,100.000,,0,0.8057,,0.850,0,
1677,7,37,fog-46,1,fog,0.0,0.0000,0.0000,0,100.000,,0,1.0000,,0.850,0,
1678,7,37,fog-46,1,fog,100.0,0.0000,0.0000,2,100.100,,0,0.9961,,0.850,0,
1679,7,37,fog-46,1,fog,200.0,0.0000,0.0000,0,100.000,,0,0.9922,,0.850,0,
1680,7,37,fog-46,1,fog,300.0,0.0000,0.0000,0,100.000,,0,0.9883,,0.850,0,
1681,7,37,fog-46,1,fog,400.0,0.0000,0.0000,0,100.000,,0,0.9845,,0.850,0,
1682,7,37,fog-46,1,fog,500.0,0.0000,0.0000,0,100.000,,0,0.9806,,0.850,0,
1683,7,37,fog-46,1,fog,600.0,0.0000,0.0000,0,100.000,,0,0.9767,,0.850,0,
1684,7,37,fog-46,1,fog,700.0,0.0000,0.0000,2,100.100,,0,0.9728,,0.850,0,
1685,7,37,fog-46,1,fog,800.0,0.0000,0.0000,3,100.150,0.5000,0,0.9689,,0.850,0,
1686,7,37,fog-46,1,fog,900.0,0.0000,0.0000,5,100.250,0.0000,0,0.9650,,0.850,0,
1687,7,37,fog-46,1,fog,1000.0,0.0000,0.0000,0,100.000,,0,0.9611,,0.850,0,
1688,7,37,fog-46,1,fog,1100.0,0.0000,0.0000,4,100.200,0.3536,0,0.9572,,0.850,0,
1689,7,37,fog-46,1,fog,1200.0,0.0000,0.0000,0,100.000,,0,0.9534,,0.850,0,
1690,7,37,fog-46,1,fog,1300.0,0.0000,0.0000,0,100.000,,0,0.9495,,0.850,0,
1691,7,37,fog-46,1,fog,1400.0,0.0000,0.0000,0,100.000,,0,0.9456,,0.850,0,
1692,7,37,fog-46,1,fog,1500.0,0.0000,0.0000,4,100.200,0.3536,0,0.9417,,0.850,0,
1693,7,37,fog-46,1,fog,1600.0,0.0000,0.0000,5,100.250,0.0000,0,0.9378,,0.850,0,
1694,7,37,fog-46,1,fog,1700.0,0.0000,0.0000,5,100.250,0.0000,0,0.9339,,0.850,0,
1695,7,37,fog-46,1,fog,1800.0,0.0000,0.0000,5,100.250,0.0000,0,0.9300,,0.850,0,
1696,7,37,fog-46,1,fog,1900.0,0.0000,0.0000,5,100.250,0.0000,0,0.9262,,0.850,0,
1697,7,37,fog-46,1,fog,2000.0,0.0000,0.0000,4,100.200,0.3536,0,0.9223,,0.850,0,
1698,7,37,fog-46,1,fog,2100.0,0.0000,0.0000,0,100.000,,0,0.9184,,0.850,0,
1699,7,37,fog-46,1,fog,2200.0,0.0000,0.0000,5,100.250,0.0000,0,0.9145,,0.850,0,
1700,7,37,fog-46,1,fog,2300.0,0.0000,0.0000,0,100.000,,0,0.9106,,0.850,0,
1701,7,37,fog-46,1,fog,2400.0,0.0000,0.0000,0,100.000,,0,0.9067,,0.850,0,
1702,7,37,fog-46,1,fog,2500.0,0.0000,0.0000,5,100.250,0.0000,0,0.9028,,0.850,0,
1703,7,37,fog-46,1,fog,2600.0,0.0000,0.0000,5,100.250,0.0000,0,0.8990,,0.850,0,
1704,7,37,fog-46,1,fog,2700.0,0.0000,0.0000,5,100.250,0.0000,0,0.8951,,0.850,0,
1705,7,37,fog-46,1,fog,2800.0,0.0000,0.0000,0,100.000,,0,0.8912,,0.850,0,
1706,7,37,fog-46,1,fog,2900.0,0.0000,0.0000,0,100.000,,0,0.8873,,0.850,0,
1707,7,37,fog-46,1,fog,3000.0,0.0000,0.0000,0,100.000,,0,0.8834,,0.850,0,
1708,7,37,fog-46,1,fog,3100.0,0.0000,0.0000,0,100.000,,0,0.8795,,0.850,0,
1709,7,37,fog-46,1,fog,3200.0,0.0000,0.0000,4,100.200,0.3536,0,0.8756,,0.850,0,
1710,7,37,fog-46,1,fog,3300.0,0.0000,0.0000,0,100.000,,0,0.8717,,0.850,0,
1711,7,37,fog-46,1,fog,3400.0,0.0000,0.0000,0,100.000,,0,0.8679,,0.850,0,
1712,7,37,fog-46,1,fog,3500.0,0.0000,0.0000,4,100.200,0.0000,0,0.8640,,0.850,0,
1713,7,37,fog-46,1,fog,3600.0,0.0000,0.0000,0,100.000,,0,0.8601,,0.850,0,
1714,7,37,fog-46,1,fog,3700.0,0.0000,0.0000,9,100.450,0.9913,0,0.8562,,0.850,0,
1715,7,37,fog-46,1,fog,3800.0,0.0000,0.0000,9,100.450,0.9913,0,0.8523,,0.850,0,
1716,7,37,fog-46,1,fog,3900.0,0.0000,0.0000,4,100.200,0.3536,0,0.8484,,0.850,0,
1717,7,37,fog-46,1,fog,4000.0,0.0000,0.0000,0,100.000,,0,0.8445,,0.850,0,
1718,7,37,fog-46,1,fog,4100.0,0.0000,0.0000,4,100.200,0.3536,0,0.8407,,0.850,0,
1719,7,37,fog-46,1,fog,4200.0,0.0000,0.0000,5,100.250,0.0000,0,0.8368,,0.850,0,
1720,7,37,fog-46,1,fog,4300.0,0.0000,0.0000,4,100.200,0.3536,0,0.8329,,0.850,0,
1721,7,37,fog-46,1,fog,4400.0,0.0000,0.0000,0,100.000,,0,0.8290,,0.850,0,
1722,7,37,fog-46,1,fog,4500.0,0.0000,0.0000,0,100.000,,0,0.8251,,0.850,0,
1723,7,37,fog-46,1,fog,4600.0,0.0000,0.0000,5,100.250,0.0000,0,0.8212,,0.850,0,
1724,7,37,fog-46,1,fog,4700.0,0.0000,0.0000,0,100.000,,0,0.8173,,0.850,0,
1725,7,37,fog-46,1,fog,4800.0,0.0000,0.0000,0,100.000,,0,0.8135,,0.850,0,
1726,7,37,fog-46,1,fog,4900.0,0.0000,0.0000,0,100.000,,0,0.8096,,0.850,0,
1727,7,37,fog-46,1,fog,5000.0,0.0000,0.0000,0,100.000,,0,0.8057,,0.850,0,
1728,7,38,fog-47,1,fog,0.0,0.0000,0.0000,0,100.000,,0,1.0000,,0.850,0,
1729,7,38,fog-47,1,fog,100.0,0.0000,0.0000,0,100.000,,0,0.9961,,0.850,0,
1730,7,38,fog-47,1,fog,200.0,0.0000,0.0000,0,100.000,,0,0.9922,,0.850,0,
1731,7,38,fog-47,1,fog,300.0,0.0000,0.0000,0,100.000,,0,0.9883,,0.850,0,
1732,7,38,fog-47,1,fog,400.0,0.0000,0.0000,0,100.000,,0,0.9845,,0.850,0,
1733,7,38,fog-47,1,fog,500.0,0.0000,0.0000,0,100.000,,0,0.9806,,0.850,0,
1734,7,38,fog-47,1,fog,600.0,0.0000,0.0000,0,100.000,,0,0.9767,,0.850,0,
1735,7,38,fog-47,1,fog,700.0,0.0000,0.0000,0,100.000,,0,0.9728,,0.850,0,
1736,7,38,fog-47,1,fog,800.0,0.0000,0.0000,0,100.000,,0,0.9689,,0.850,0,
1737,7,38,fog-47,1,fog,900.0,0.0000,0.0000,0,100.000,,0,0.9650,,0.850,0,
1738,7,38,fog-47,1,fog,1000.0,0.0000,0.0000,0,100.000,,0,0.9611,,0.850,0,
1739,7,38,fog-47,1,fog,1100.0,0.0000,0.0000,0,100.000,,0,0.9572,,0.850,0,
1740,7,38,fog-47,1,fog,1200.0,0.0000,0.0000,0,100.000,,0,0.9534,,0.850,0,
1741,7,38,fog-47,1,fog,1300.0,0.0000,0.0000,0,100.000,,0,0.9495,,0.850,0,
1742,7,38,fog-47,1,fog,1400.0,0.0000,0.0000,0,100.000,,0,0.9456,,0.850,0,
1743,7,38,fog-47,1,fog,1500.0,0.0000,0.0000,0,100.000,,0,0.9417,,0.850,0,
1744,7,38,fog-47,1,fog,1600.0,0.0000,0.0000,0,100.000,,0,0.9378,,0.850,0,
1745,7,38,fog-47,1,fog,1700.0,0.0000,0.0000,0,100.000,,0,0.9339,,0.850,0,
1746,7,38,fog-47,1,fog,1800.0,0.0000,0.0000,0,100.000,,0,0.9300,,0.850,0,
1747,7,38,fog-47,1,fog,1900.0,0.0000,0.0000,0,100.000,,0,0.9262,,0.850,0,
1748,7,38,fog-47,1,fog,2000.0,0.0000,0.0000,0,100.000,,0,0.9223,,0.850,0,
1749,7,38,fog-47,1,fog,2100.0,0.0000,0.0000,0,100.000,,0,0.9184,,0.850,0,
1750,7,38,fog-47,1,fog,2200.0,0.0000,0.0000,0,100.000,,0,0.9145,,0.850,0,
1751,7,38,fog-47,1,fog,2300.0,0.0000,0.0000,0,100.000,,0,0.9106,,0.850,0,
1752,7,38,fog-47,1,fog,2400.0,0.0000,0.0000,0,100.000,,0,0.9067,,0.850,0,
1753,7,38,fog-47,1,fog,2500.0,0.0000,0.0000,0,100.000,,0,0.9028,,0.850,0,
1754,7,38,fog-47,1,fog,2600.0,0.0000,0.0000,0,100.000,,0,0.8990,,0.850,0,
1755,7,38,fog-47,1,fog,2700.0,0.0000,0.0000,0,100.000,,0,0.8951,,0.850,0,
1756,7,38,fog-47,1,fog,2800.0,0.0000,0.0000,0,100.000,,0,0.8912,,0.850,0,
1757,7,38,fog-47,1,fog,2900.0,0.0000,0.0000,0,100.000,,0,0.8873,,0.850,0,
1758,7,38,fog-47,1,fog,3000.0,0.0000,0.0000,0,100.000,,0,0.8834,,0.850,0,
1759,7,38,fog-47,1,fog,3100.0,0.0000,0.0000,0,100.000,,0,0.8795,,0.850,0,
1760,7,38,fog-47,1,fog,3200.0,0.0000,0.0000,0,100.000,,0,0.8756,,0.850,0,
1761,7,38,fog-47,1,fog,3300.0,0.0000,0.0000,0,100.000,,0,0.8717,,0.850,0,
1762,7,38,fog-47,1,fog,3400.0,0.0000,0.0000,0,100.000,,0,0.8679,,0.850,0,
1763,7,38,fog-47,1,fog,3500.0,0.0000,0.0000,0,100.000,,0,0.8640,,0.850,0,
1764,7,38,fog-47,1,fog,3600.0,0.0000,0.0000,0,100.000,,0,0.8601,,0.850,0,
1765,7,38,fog-47,1,fog,3700.0,0.0000,0.0000,0,100.000,,0,0.8562,,0.850,0,
1766,7,38,fog-47,1,fog,3800.0,0.0000,0.0000,0,100.000,,0,0.8523,,0.850,0,
1767,7,38,fog-47,1,fog,3900.0,0.0000,0.0000,0,100.000,,0,0.8484,,0.850,0,
1768,7,38,fog-47,1,fog,4000.0,0.0000,0.0000,0,100.000,,0,0.8445,,0.850,0,
1769,7,38,fog-47,1,fog,4100.0,0.0000,0.0000,0,100.000,,0,0.8407,,0.850,0,
1770,7,38,fog-47,1,fog,4200.0,0.0000,0.0000,0,100.000,,0,0.8368,,0.850,0,
1771,7,38,fog-47,1,fog,4300.0,0.0000,0.0000,0,100.000,,0,0.8329,,0.850,0,
1772,7,38,fog-47,1,fog,4400.0,0.0000,0.0000,0,100.000,,0,0.8290,,0.850,0,
1773,7,38,fog-47,1,fog,4500.0,0.0000,0.0000,0,100.000,,0,0.8251,,0.850,0,
1774,7,38,fog-47,1,fog,4600.0,0.0000,0.0000,0,100.000,,0,0.8212,,0.850,0,
1775,7,38,fog-47,1,fog,4700.0,0.0000,0.0000,0,100.000,,0,0.8173,,0.850,0,
1776,7,38,fog-47,1,fog,4800.0,0.0000,0.0000,0,100.000,,0,0.8135,,0.850,0,
1777,7,38,fog-47,1,fog,4900.0,0.0000,0.0000,0,100.000,,0,0.8096,,0.850,0,
1778,7,38,fog-47,1,fog,5000.0,0.0000,0.0000,0,100.000,,0,0.8057,,0.850,0,
1779,7,39,fog-48,1,fog,0.0,0.0000,0.0000,0,100.000,,0,1.0000,,0.850,0,
1780,7,39,fog-48,1,fog,100.0,0.0000,0.0000,1,100.050,,0,0.9961,,0.850,0,
1781,7,39,fog-48,1,fog,200.0,0.0000,0.0000,0,100.000,,0,0.9922,,0.850,0,
1782,7,39,fog-48,1,fog,300.0,0.0000,0.0000,0,100.000,,0,0.9883,,0.850,0,
1783,7,39,fog-48,1,fog,400.0,0.0000,0.0000,0,100.000,,0,0.9845,,0.850,0,
1784,7,39,fog-48,1,fog,500.0,0.0000,0.0000,0,100.000,,0,0.9806,,0.850,0,
1785,7,39,fog-48,1,fog,600.0,0.0000,0.0000,0,100.000,,0,0.9767,,0.850,0,
1786,7,39,fog-48,1,fog,700.0,0.0000,0.0000,0,100.000,,0,0.9728,,0.850,0,
1787,7,39,fog-48,1,fog,800.0,0.0000,0.0000,0,100.000,,0,0.9689,,0.850,0,
1788,7,39,fog-48,1,fog,900.0,0.0000,0.0000,0,100.000,,0,0.9650,,0.850,0,
1789,7,39,fog-48,1,fog,1000.0,0.0000,0.0000,0,100.000,,0,0.9611,,0.850,0,
1790,7,39,fog-48,1,fog,1100.0,0.0000,0.0000,5,100.250,0.0000,0,0.9572,,0.850,0,
1791,7,39,fog-48,1,fog,1200.0,0.0000,0.0000,0,100.000,,0,0.9534,,0.850,0,
1792,7,39,fog-48,1,fog,1300.0,0.0000,0.0000,0,100.000,,0,0.9495,,0.850,0,
1793,7,39,fog-48,1,fog,1400.0,0.0000,0.0000,0,100.000,,0,0.9456,,0.850,0,
1794,7,39,fog-48,1,fog,1500.0,0.0000,0.0000,0,100.000,,0,0.9417,,0.850,0,
1795,7,39,fog-48,1,fog,1600.0,0.0000,0.0000,0,100.000,,0,0.9378,,0.850,0,
1796,7,39,fog-48,1,fog,1700.0,0.0000,0.0000,0,100.000,,0,0.9339,,0.850,0,
1797,7,39,fog-48,1,fog,1800.0,0.0000,0.0000,0,100.000,,0,0.9300,,0.850,0,
1798,7,39,fog-48,1,fog,1900.0,0.0000,0.0000,0,100.000,,0,0.9262,,0.850,0,
1799,7,39,fog-48,1,fog,2000.0,0.0000,0.0000,0,100.000,,0,0.9223,,0.850,0,
1800,7,39,fog-48,1,fog,2100.0,0.0000,0.0000,0,100.000,,0,0.9184,,0.850,0,
1801,7,39,fog-48,1,fog,2200.0,0.0000,0.0000,0,100.000,,0,0.9145,,0.850,0,
1802,7,39,fog-48,1,fog,2300.0,0.0000,0.0000,0,100.000,,0,0.9106,,0.850,0,
1803,7,39,fog-48,1,fog,2400.0,0.0000,0.0000,0,100.000,,0,0.9067,,0.850,0,
1804,7,39,fog-48,1,fog,2500.0,0.0000,0.0000,0,100.000,,0,0.9028,,0.850,0,
1805,7,39,fog-48,1,fog,2600.0,0.0000,0.0000,0,100.000,,0,0.8990,,0.850,0,
1806,7,39,fog-48,1,fog,2700.0,0.0000,0.0000,0,100.000,,0,0.8951,,0.850,0,
1807,7,39,fog-48,1,fog,2800.0,0.0000,0.0000,0,100.000,,0,0.8912,,0.850,0,
1808,7,39,fog-48,1,fog,2900.0,0.0000,0.0000,0,100.000,,0,0.8873,,0.850,0,
1809,7,39,fog-48,1,fog,3000.0,0.0000,0.0000,2,100.100,,0,0.8834,,0.850,0,
1810,7,39,fog-48,1,fog,3100.0,0.0000,0.0000,0,100.000,,0,0.8795,,0.850,0,
1811,7,39,fog-48,1,fog,3200.0,0.0000,0.0000,0,100.000,,0,0.8756,,0.850,0,
1812,7,39,fog-48,1,fog,3300.0,0.0000,0.0000,0,100.000,,0,0.8717,,0.850,0,
1813,7,39,fog-48,1,fog,3400.0,0.0000,0.0000,0,100.000,,0,0.8679,,0.850,0,
1814,7,39,fog-48,1,fog,3500.0,0.0000,0.0000,5,100.250,0.0000,0,0.8640,,0.850,0,
1815,7,39,fog-48,1,fog,3600.0,0.0000,0.0000,4,100.200,0.3536,0,0.8601,,0.850,0,
1816,7,39,fog-48,1,fog,3700.0,0.0000,0.0000,0,100.000,,0,0.8562,,0.850,0,
1817,7,39,fog-48,1,fog,3800.0,0.0000,0.0000,0,100.000,,0,0.8523,,0.850,0,
1818,7,39,fog-48,1,fog,3900.0,0.0000,0.0000,0,100.000,,0,0.8484,,0.850,0,
1819,7,39,fog-48,1,fog,4000.0,0.0000,0.0000,0,100.000,,0,0.8445,,0.850,0,
1820,7,39,fog-48,1,fog,4100.0,0.0000,0.0000,0,100.000,,0,0.8407,,0.850,0,
1821,7,39,fog-48,1,fog,4200.0,0.0000,0.0000,0,100.000,,0,0.8368,,0.850,0,
1822,7,39,fog-48,1,fog,4300.0,0.0000,0.0000,0,100.000,,0,0.8329,,0.850,0,
1823,7,39,fog-48,1,fog,4400.0,0.0000,0.0000,4,100.200,0.3536,0,0.8290,,0.850,0,
1824,7,39,fog-48,1,fog,4500.0,0.0000,0.0000,0,100.000,,0,0.8251,,0.850,0,
1825,7,39,fog-48,1,fog,4600.0,0.0000,0.0000,0,100.000,,0,0.8212,,0.850,0,
1826,7,39,fog-48,1,fog,4700.0,0.0000,0.0000,0,100.000,,0,0.8173,,0.850,0,
1827,7,39,fog-48,1,fog,4800.0,0.0000,0.0000,5,100.250,0.0000,0,0.8135,,0.850,0,
1828,7,39,fog-48,1,fog,4900.0,0.0000,0.0000,0,100.000,,0,0.8096,,0.850,0,
1829,7,39,fog-48,1,fog,5000.0,0.0000,0.0000,0,100.000,,0,0.8057,,0.850,0,
1830,7,40,fog-49,1,fog,0.0,0.0000,0.0000,0,100.000,,0,1.0000,,0.850,0,
1831,7,40,fog-49,1,fog,100.0,0.0000,0.0000,2,100.100,,0,0.9961,,0.850,0,
1832,7,40,fog-49,1,fog,200.0,0.0000,0.0000,9,100.450,0.9976,0,0.9922,,0.850,0,
1833,7,40,fog-49,1,fog,300.0,0.0000,0.0000,14,100.700,1.0000,0,0.9883,,0.850,0,
1834,7,40,fog-49,1,fog,400.0,0.0000,0.0000,4,100.200,0.3536,0,0.9845,,0.850,0,
1835,7,40,fog-49,1,fog,500.0,0.0000,0.0000,5,100.250,0.0000,0,0.9806,,0.850,0,
1836,7,40,fog-49,1,fog,600.0,0.0000,0.0000,0,100.000,,0,0.9767,,0.850,0,
1837,7,40,fog-49,1,fog,700.0,0.0000,0.0000,0,100.000,,0,0.9728,,0.850,0,
1838,7,40,fog-49,1,fog,800.0,0.0000,0.0000,0,100.000,,0,0.9689,,0.850,0,
1839,7,40,fog-49,1,fog,900.0,0.0000,0.0000,0,100.000,,0,0.9650,,0.850,0,
1840,7,40,fog-49,1,fog,1000.0,0.0000,0.0000,0,100.000,,0,0.9611,,0.850,0,
1841,7,40,fog-49,1,fog,1100.0,0.0000,0.0000,4,100.200,0.0000,0,0.9572,,0.850,0,
1842,7,40,fog-49,1,fog,1200.0,0.0000,0.0000,5,100.250,0.0000,0,0.9534,,0.850,0,
1843,7,40,fog-49,1,fog,1300.0,0.0000,0.0000,3,100.150,0.0000,0,0.9495,,0.850,0,
1844,7,40,fog-49,1,fog,1400.0,0.0000,0.0000,0,100.000,,0,0.9456,,0.850,0,
1845,7,40,fog-49,1,fog,1500.0,0.0000,0.0000,3,100.150,0.5000,0,0.9417,,0.850,0,
1846,7,40,fog-49,1,fog,1600.0,0.0000,0.0000,0,100.000,,0,0.9378,,0.850,0,
1847,7,40,fog-49,1,fog,1700.0,0.0000,0.0000,3,100.150,0.0000,0,0.9339,,0.850,0,
1848,7,40,fog-49,1,fog,1800.0,0.0000,0.0000,5,100.250,0.0000,0,0.9300,,0.850,0,
1849,7,40,fog-49,1,fog,1900.0,0.0000,0.0000,3,100.150,0.3333,0,0.9262,,0.850,0,
1850,7,40,fog-49,1,fog,2000.0,0.0000,0.0000,0,100.000,,0,0.9223,,0.850,0,
1851,7,40,fog-49,1,fog,2100.0,0.0000,0.0000,4,100.200,0.0000,0,0.9184,,0.850,0,
1852,7,40,fog-49,1,fog,2200.0,0.0000,0.0000,4,100.200,0.0000,0,0.9145,,0.850,0,
1853,7,40,fog-49,1,fog,2300.0,0.0000,0.0000,4,100.200,0.0000,0,0.9106,,0.850,0,
1854,7,40,fog-49,1,fog,2400.0,0.0000,0.0000,10,100.500,1.0000,0,0.9067,,0.850,0,
1855,7,40,fog-49,1,fog,2500.0,0.0000,0.0000,18,100.900,1.0000,0,0.9028,,0.850,0,
1856,7,40,fog-49,1,fog,2600.0,0.0000,0.0000,18,100.900,1.0000,0,0.8990,,0.850,0,
1857,7,40,fog-49,1,fog,2700.0,0.0000,0.0000,17,100.850,1.0000,0,0.8951,,0.850,0,
1858,7,40,fog-49,1,fog,2800.0,0.0000,0.0000,0,100.000,,0,0.8912,,0.850,0,
1859,7,40,fog-49,1,fog,2900.0,0.0000,0.0000,0,100.000,,0,0.8873,,0.850,0,
1860,7,40,fog-49,1,fog,3000.0,0.0000,0.0000,3,100.150,0.3333,0,0.8834,,0.850,0,
1861,7,40,fog-49,1,fog,3100.0,0.0000,0.0000,5,100.250,0.0000,0,0.8795,,0.850,0,
1862,7,40,fog-49,1,fog,3200.0,0.0000,0.0000,9,100.450,1.0000,0,0.8756,,0.850,0,
1863,7,40,fog-49,1,fog,3300.0,0.0000,0.0000,10,100.500,1.0000,0,0.8717,,0.850,0,
1864,7,40,fog-49,1,fog,3400.0,0.0000,0.0000,9,100.450,0.9999,0,0.8679,,0.850,0,
1865,7,40,fog-49,1,fog,3500.0,0.0000,0.0000,4,100.200,0.0000,0,0.8640,,0.850,0,
1866,7,40,fog-49,1,fog,3600.0,0.0000,0.0000,0,100.000,,0,0.8601,,0.850,0,
1867,7,40,fog-49,1,fog,3700.0,0.0000,0.0000,0,100.000,,0,0.8562,,0.850,0,
1868,7,40,fog-49,1,fog,3800.0,0.0000,0.0000,5,100.250,0.0000,0,0.8523,,0.850,0,
1869,7,40,fog-49,1,fog,3900.0,0.0000,0.0000,9,100.450,0.9977,0,0.8484,,0.850,0,
1870,7,40,fog-49,1,fog,4000.0,0.0000,0.0000,14,100.700,1.0000,0,0.8445,,0.850,0,
1871,7,40,fog-49,1,fog,4100.0,0.0000,0.0000,10,100.500,1.0000,0,0.8407,,0.850,0,
1872,7,40,fog-49,1,fog,4200.0,0.0000,0.0000,8,100.400,0.8660,0,0.8368,,0.850,0,
1873,7,40,fog-49,1,fog,4300.0,0.0000,0.0000,14,100.700,1.0000,0,0.8329,,0.850,0,
1874,7,40,fog-49,1,fog,4400.0,0.0000,0.0000,14,100.700,1.0000,0,0.8290,,0.850,0,
1875,7,40,fog-49,1,fog,4500.0,0.0000,0.0000,8,100.400,0.8642,0,0.8251,,0.850,0,
1876,7,40,fog-49,1,fog,4600.0,0.0000,0.0000,5,100.250,0.0000,0,0.8212,,0.850,0,
1877,7,40,fog-49,1,fog,4700.0,0.0000,0.0000,8,100.400,0.8660,0,0.8173,,0.850,0,
1878,7,40,fog-49,1,fog,4800.0,0.0000,0.0000,10,100.500,1.0000,0,0.8135,,0.850,0,
1879,7,40,fog-49,1,fog,4900.0,0.0000,0.0000,3,100.150,0.0000,0,0.8096,,0.850,0,
1880,7,40,fog-49,1,fog,5000.0,0.0000,0.0000,9,100.450,0.9976,0,0.8057,,0.850,0,
1881,7,41,fog-50,1,fog,0.0,0.0000,0.0000,0,100.000,,0,1.0000,,0.850,0,
1882,7,41,fog-50,1,fog,100.0,0.0000,0.0000,0,100.000,,0,0.9961,,0.850,0,
1883,7,41,fog-50,1,fog,200.0,0.0000,0.0000,0,100.000,,0,0.9922,,0.850,0,
1884,7,41,fog-50,1,fog,300.0,0.0000,0.0000,0,100.000,,0,0.9883,,0.850,0,
1885,7,41,fog-50,1,fog,400.0,0.0000,0.0000,0,100.000,,0,0.9845,,0.850,0,
1886,7,41,fog-50,1,fog,500.0,0.0000,0.0000,0,100.000,,0,0.9806,,0.850,0,
1887,7,41,fog-50,1,fog,600.0,0.0000,0.0000,0,100.000,,0,0.9767,,0.850,0,
1888,7,41,fog-50,1,fog,700.0,0.0000,0.0000,0,100.000,,0,0.9728,,0.850,0,
1889,7,41,fog-50,1,fog,800.0,0.0000,0.0000,0,100.000,,0,0.9689,,0.850,0,
1890,7,41,fog-50,1,fog,900.0,0.0000,0.0000,0,100.000,,0,0.9650,,0.850,0,
1891,7,41,fog-50,1,fog,1000.0,0.0000,0.0000,0,100.000,,0,0.9611,,0.850,0,
1892,7,41,fog-50,1,fog,1100.0,0.0000,0.0000,0,100.000,,0,0.9572,,0.850,0,
1893,7,41,fog-50,1,fog,1200.0,0.0000,0.0000,0,100.000,,0,0.9534,,0.850,0,
1894,7,41,fog-50,1,fog,1300.0,0.0000,0.0000,0,100.000,,0,0.9495,,0.850,0,
1895,7,41,fog-50,1,fog,1400.0,0.0000,0.0000,0,100.000,,0,0.9456,,0.850,0,
1896,7,41,fog-50,1,fog,1500.0,0.0000,0.0000,0,100.000,,0,0.9417,,0.850,0,
1897,7,41,fog-50,1,fog,1600.0,0.0000,0.0000,0,100.000,,0,0.9378,,0.850,0,
1898,7,41,fog-50,1,fog,1700.0,0.0000,0.0000,0,100.000,,0,0.9339,,0.850,0,
1899,7,41,fog-50,1,fog,1800.0,0.0000,0.0000,0,100.000,,0,0.9300,,0.850,0,
1900,7,41,fog-50,1,fog,1900.0,0.0000,0.0000,0,100.000,,0,0.9262,,0.850,0,
1901,7,41,fog-50,1,fog,2000.0,0.0000,0.0000,0,100.000,,0,0.9223,,0.850,0,
1902,7,41,fog-50,1,fog,2100.0,0.0000,0.0000,0,100.000,,0,0.9184,,0.850,0,
1903,7,41,fog-50,1,fog,2200.0,0.0000,0.0000,0,100.000,,0,0.9145,,0.850,0,
1904,7,41,fog-50,1,fog,2300.0,0.0000,0.0000,0,100.000,,0,0.9106,,0.850,0,
1905,7,41,fog-50,1,fog,2400.0,0.0000,0.0000,0,100.000,,0,0.9067,,0.850,0,
1906,7,41,fog-50,1,fog,2500.0,0.0000,0.0000,0,100.000,,0,0.9028,,0.850,0,
1907,7,41,fog-50,1,fog,2600.0,0.0000,0.0000,0,100.000,,0,0.8990,,0.850,0,
1908,7,41,fog-50,1,fog,2700.0,0.0000,0.0000,0,100.000,,0,0.8951,,0.850,0,
1909,7,41,fog-50,1,fog,2800.0,0.0000,0.0000,0,100.000,,0,0.8912,,0.850,0,
1910,7,41,fog-50,1,fog,2900.0,0.0000,0.0000,0,100.000,,0,0.8873,,0.850,0,
1911,7,41,fog-50,1,fog,3000.0,0.0000,0.0000,0,100.000,,0,0.8834,,0.850,0,
1912,7,41,fog-50,1,fog,3100.0,0.0000,0.0000,0,100.000,,0,0.8795,,0.850,0,
1913,7,41,fog-50,1,fog,3200.0,0.0000,0.0000,0,100.000,,0,0.8756,,0.850,0,
1914,7,41,fog-50,1,fog,3300.0,0.0000,0.0000,0,100.000,,0,0.8717,,0.850,0,
1915,7,41,fog-50,1,fog,3400.0,0.0000,0.0000,0,100.000,,0,0.8679,,0.850,0,
1916,7,41,fog-50,1,fog,3500.0,0.0000,0.0000,0,100.000,,0,0.8640,,0.850,0,
1917,7,41,fog-50,1,fog,3600.0,0.0000,0.0000,0,100.000,,0,0.8601,,0.850,0,
1918,7,41,fog-50,1,fog,3700.0,0.0000,0.0000,0,100.000,,0,0.8562,,0.850,0,
1919,7,41,fog-50,1,fog,3800.0,0.0000,0.0000,0,100.000,,0,0.8523,,0.850,0,
1920,7,41,fog-50,1,fog,3900.0,0.0000,0.0000,0,100.000,,0,0.8484,,0.850,0,
1921,7,41,fog-50,1,fog,4000.0,0.0000,0.0000,0,100.000,,0,0.8445,,0.850,0,
1922,7,41,fog-50,1,fog,4100.0,0.0000,0.0000,0,100.000,,0,0.8407,,0.850,0,
1923,7,41,fog-50,1,fog,4200.0,0.0000,0.0000,0,100.000,,0,0.8368,,0.850,0,
1924,7,41,fog-50,1,fog,4300.0,0.0000,0.0000,0,100.000,,0,0.8329,,0.850,0,
1925,7,41,fog-50,1,fog,4400.0,0.0000,0.0000,0,100.000,,0,0.8290,,0.850,0,
1926,7,41,fog-50,1,fog,4500.0,0.0000,0.0000,0,100.000,,0,0.8251,,0.850,0,
1927,7,41,fog-50,1,fog,4600.0,0.0000,0.0000,0,100.000,,0,0.8212,,0.850,0,
1928,7,41,fog-50,1,fog,4700.0,0.0000,0.0000,0,100.000,,0,0.8173,,0.850,0,
1929,7,41,fog-50,1,fog,4800.0,0.0000,0.0000,0,100.000,,0,0.8135,,0.850,0,
1930,7,41,fog-50,1,fog,4900.0,0.0000,0.0000,0,100.000,,0,0.8096,,0.850,0,
1931,7,41,fog-50,1,fog,5000.0,0.0000,0.0000,0,100.000,,0,0.8057,,0.850,0,
1932,7,42,fog-51,1,fog,0.0,0.0000,0.0000,0,100.000,,0,1.0000,,0.850,0,
1933,7,42,fog-51,1,fog,100.0,0.0000,0.0000,0,100.000,,0,0.9961,,0.850,0,
1934,7,42,fog-51,1,fog,200.0,0.0000,0.0000,0,100.000,,0,0.9922,,0.850,0,
1935,7,42,fog-51,1,fog,300.0,0.0000,0.0000,0,100.000,,0,0.9883,,0.850,0,
1936,7,42,fog-51,1,fog,400.0,0.0000,0.0000,0,100.000,,0,0.9845,,0.850,0,
1937,7,42,fog-51,1,fog,500.0,0.0000,0.0000,0,100.000,,0,0.9806,,0.850,0,
1938,7,42,fog-51,1,fog,600.0,0.0000,0.0000,0,100.000,,0,0.9767,,0.850,0,
1939,7,42,fog-51,1,fog,700.0,0.0000,0.0000,0,100.000,,0,0.9728,,0.850,0,
1940,7,42,fog-51,1,fog,800.0,0.0000,0.0000,0,100.000,,0,0.9689,,0.850,0,
1941,7,42,fog-51,1,fog,900.0,0.0000,0.0000,0,100.000,,0,0.9650,,0.850,0,
1942,7,42,fog-51,1,fog,1000.0,0.0000,0.0000,0,100.000,,0,0.9611,,0.850,0,
1943,7,42,fog-51,1,fog,1100.0,0.0000,0.0000,0,100.000,,0,0.9572,,0.850,0,
1944,7,42,fog-51,1,fog,1200.0,0.0000,0.0000,0,100.000,,0,0.9534,,0.850,0,
1945,7,42,fog-51,1,fog,1300.0,0.0000,0.0000,0,100.000,,0,0.9495,,0.850,0,
1946,7,42,fog-51,1,fog,1400.0,0.0000,0.0000,0,100.000,,0,0.9456,,0.850,0,
1947,7,42,fog-51,1,fog,1500.0,0.0000,0.0000,0,100.000,,0,0.9417,,0.850,0,
1948,7,42,fog-51,1,fog,1600.0,0.0000,0.0000,0,100.000,,0,0.9378,,0.850,0,
1949,7,42,fog-51,1,fog,1700.0,0.0000,0.0000,0,100.000,,0,0.9339,,0.850,0,
1950,7,42,fog-51,1,fog,1800.0,0.0000,0.0000,0,100.000,,0,0.9300,,0.850,0,
1951,7,42,fog-51,1,fog,1900.0,0.0000,0.0000,0,100.000,,0,0.9262,,0.850,0,
1952,7,42,fog-51,1,fog,2000.0,0.0000,0.0000,0,100.000,,0,0.9223,,0.850,0,
1953,7,42,fog-51,1,fog,2100.0,0.0000,0.0000,0,100.000,,0,0.9184,,0.850,0,
1954,7,42,fog-51,1,fog,2200.0,0.0000,0.0000,0,100.000,,0,0.9145,,0.850,0,
1955,7,42,fog-51,1,fog,2300.0,0.0000,0.0000,0,100.000,,0,0.9106,,0.850,0,
1956,7,42,fog-51,1,fog,2400.0,0.0000,0.0000,0,100.000,,0,0.9067,,0.850,0,
1957,7,42,fog-51,1,fog,2500.0,0.0000,0.0000,0,100.000,,0,0.9028,,0.850,0,
1958,7,42,fog-51,1,fog,2600.0,0.0000,0.0000,0,100.000,,0,0.8990,,0.850,0,
1959,7,42,fog-51,1,fog,2700.0,0.0000,0.0000,0,100.000,,0,0.8951,,0.850,0,
1960,7,42,fog-51,1,fog,2800.0,0.0000,0.0000,0,100.000,,0,0.8912,,0.850,0,
1961,7,42,fog-51,1,fog,2900.0,0.0000,0.0000,0,100.000,,0,0.8873,,0.850,0,
1962,7,42,fog-51,1,fog,3000.0,0.0000,0.0000,0,100.000,,0,0.8834,,0.850,0,
1963,7,42,fog-51,1,fog,3100.0,0.0000,0.0000,0,100.000,,0,0.8795,,0.850,0,
1964,7,42,fog-51,1,fog,3200.0,0.0000,0.0000,0,100.000,,0,0.8756,,0.850,0,
1965,7,42,fog-51,1,fog,3300.0,0.0000,0.0000,0,100.000,,0,0.8717,,0.850,0,
1966,7,42,fog-51,1,fog,3400.0,0.0000,0.0000,0,100.000,,0,0.8679,,0.850,0,
1967,7,42,fog-51,1,fog,3500.0,0.0000,0.0000,0,100.000,,0,0.8640,,0.850,0,
1968,7,42,fog-51,1,fog,3600.0,0.0000,0.0000,0,100.000,,0,0.8601,,0.850,0,
1969,7,42,fog-51,1,fog,3700.0,0.0000,0.0000,0,100.000,,0,0.8562,,0.850,0,
1970,7,42,fog-51,1,fog,3800.0,0.0000,0.0000,0,100.000,,0,0.8523,,0.850,0,
1971,7,42,fog-51,1,fog,3900.0,0.0000,0.0000,0,100.000,,0,0.8484,,0.850,0,
1972,7,42,fog-51,1,fog,4000.0,0.0000,0.0000,0,100.000,,0,0.8445,,0.850,0,
1973,7,42,fog-51,1,fog,4100.0,0.0000,0.0000,0,100.000,,0,0.8407,,0.850,0,
1974,7,42,fog-51,1,fog,4200.0,0.0000,0.0000,0,100.000,,0,0.8368,,0.850,0,
1975,7,42,fog-51,1,fog,4300.0,0.0000,0.0000,0,100.000,,0,0.8329,,0.850,0,
1976,7,42,fog-51,1,fog,4400.0,0.0000,0.0000,0,100.000,,0,0.8290,,0.850,0,
1977,7,42,fog-51,1,fog,4500.0,0.0000,0.0000,0,100.000,,0,0.8251,,0.850,0,
1978,7,42,fog-51,1,fog,4600.0,0.0000,0.0000,0,100.000,,0,0.8212,,0.850,0,
1979,7,42,fog-51,1,fog,4700.0,0.0000,0.0000,0,100.000,,0,0.8173,,0.850,0,
1980,7,42,fog-51,1,fog,4800.0,0.0000,0.0000,0,100.000,,0,0.8135,,0.850,0,
1981,7,42,fog-51,1,fog,4900.0,0.0000,0.0000,0,100.000,,0,0.8096,,0.850,0,
1982,7,42,fog-51,1,fog,5000.0,0.0000,0.0000,0,100.000,,0,0.8057,,0.850,0,
1983,7,43,fog-52,1,fog,0.0,0.0000,0.0000,0,100.000,,0,1.0000,,0.850,0,
1984,7,43,fog-52,1,fog,100.0,0.0000,0.0000,0,100.000,,0,0.9961,,0.850,0,
1985,7,43,fog-52,1,fog,200.0,0.0000,0.0000,0,100.000,,0,0.9922,,0.850,0,
1986,7,43,fog-52,1,fog,300.0,0.0000,0.0000,0,100.000,,0,0.9883,,0.850,0,
1987,7,43,fog-52,1,fog,400.0,0.0000,0.0000,0,100.000,,0,0.9845,,0.850,0,
1988,7,43,fog-52,1,fog,500.0,0.0000,0.0000,0,100.000,,0,0.9806,,0.850,0,
1989,7,43,fog-52,1,fog,600.0,0.0000,0.0000,0,100.000,,0,0.9767,,0.850,0,
1990,7,43,fog-52,1,fog,700.0,0.0000,0.0000,0,100.000,,0,0.9728,,0.850,0,
1991,7,43,fog-52,1,fog,800.0,0.0000,0.0000,0,100.000,,0,0.9689,,0.850,0,
1992,7,43,fog-52,1,fog,900.0,0.0000,0.0000,0,100.000,,0,0.9650,,0.850,0,
1993,7,43,fog-52,1,fog,1000.0,0.0000,0.0000,0,100.000,,0,0.9611,,0.850,0,
1994,7,43,fog-52,1,fog,1100.0,0.0000,0.0000,0,100.000,,0,0.9572,,0.850,0,
1995,7,43,fog-52,1,fog,1200.0,0.0000,0.0000,0,100.000,,0,0.9534,,0.850,0,
1996,7,43,fog-52,1,fog,1300.0,0.0000,0.0000,0,100.000,,0,0.9495,,0.850,0,
1997,7,43,fog-52,1,fog,1400.0,0.0000,0.0000,0,100.000,,0,0.9456,,0.850,0,
1998,7,43,fog-52,1,fog,1500.0,0.0000,0.0000,0,100.000,,0,0.9417,,0.850,0,
1999,7,43,fog-52,1,fog,1600.0,0.0000,0.0000,0,100.000,,0,0.9378,,0.850,0,
2000,7,43,fog-52,1,fog,1700.0,0.0000,0.0000,0,100.000,,0,0.9339,,0.850,0,
2001,7,43,fog-52,1,fog,1800.0,0.0000,0.0000,0,100.000,,0,0.9300,,0.850,0,
2002,7,43,fog-52,1,fog,1900.0,0.0000,0.0000,0,100.000,,0,0.9262,,0.850,0,
2003,7,43,fog-52,1,fog,2000.0,0.0000,0.0000,0,100.000,,0,0.9223,,0.850,0,
2004,7,43,fog-52,1,fog,2100.0,0.0000,0.0000,0,100.000,,0,0.9184,,0.850,0,
2005,7,43,fog-52,1,fog,2200.0,0.0000,0.0000,0,100.000,,0,0.9145,,0.850,0,
2006,7,43,fog-52,1,fog,2300.0,0.0000,0.0000,0,100.000,,0,0.9106,,0.850,0,
2007,7,43,fog-52,1,fog,2400.0,0.0000,0.0000,0,100.000,,0,0.9067,,0.850,0,
2008,7,43,fog-52,1,fog,2500.0,0.0000,0.0000,0,100.000,,0,0.9028,,0.850,0,
2009,7,43,fog-52,1,fog,2600.0,0.0000,0.0000,0,100.000,,0,0.8990,,0.850,0,
2010,7,43,fog-52,1,fog,2700.0,0.0000,0.0000,0,100.000,,0,0.8951,,0.850,0,
2011,7,43,fog-52,1,fog,2800.0,0.0000,0.0000,0,100.000,,0,0.8912,,0.850,0,
2012,7,43,fog-52,1,fog,2900.0,0.0000,0.0000,0,100.000,,0,0.8873,,0.850,0,
2013,7,43,fog-52,1,fog,3000.0,0.0000,0.0000,0,100.000,,0,0.8834,,0.850,0,
2014,7,43,fog-52,1,fog,3100.0,0.0000,0.0000,0,100.000,,0,0.8795,,0.850,0,
2015,7,43,fog-52,1,fog,3200.0,0.0000,0.0000,0,100.000,,0,0.8756,,0.850,0,
2016,7,43,fog-52,1,fog,3300.0,0.0000,0.0000,0,100.000,,0,0.8717,,0.850,0,
2017,7,43,fog-52,1,fog,3400.0,0.0000,0.0000,0,100.000,,0,0.8679,,0.850,0,
2018,7,43,fog-52,1,fog,3500.0,0.0000,0.0000,0,100.000,,0,0.8640,,0.850,0,
2019,7,43,fog-52,1,fog,3600.0,0.0000,0.0000,0,100.000,,0,0.8601,,0.850,0,
2020,7,43,fog-52,1,fog,3700.0,0.0000,0.0000,0,100.000,,0,0.8562,,0.850,0,
2021,7,43,fog-52,1,fog,3800.0,0.0000,0.0000,0,100.000,,0,0.8523,,0.850,0,
2022,7,43,fog-52,1,fog,3900.0,0.0000,0.0000,0,100.000,,0,0.8484,,0.850,0,
2023,7,43,fog-52,1,fog,4000.0,0.0000,0.0000,0,100.000,,0,0.8445,,0.850,0,
2024,7,43,fog-52,1,fog,4100.0,0.0000,0.0000,0,100.000,,0,0.8407,,0.850,0,
2025,7,43,fog-52,1,fog,4200.0,0.0000,0.0000,0,100.000,,0,0.8368,,0.850,0,
2026,7,43,fog-52,1,fog,4300.0,0.0000,0.0000,0,100.000,,0,0.8329,,0.850,0,
2027,7,43,fog-52,1,fog,4400.0,0.0000,0.0000,0,100.000,,0,0.8290,,0.850,0,
2028,7,43,fog-52,1,fog,4500.0,0.0000,0.0000,0,100.000,,0,0.8251,,0.850,0,
2029,7,43,fog-52,1,fog,4600.0,0.0000,0.0000,0,100.000,,0,0.8212,,0.850,0,
2030,7,43,fog-52,1,fog,4700.0,0.0000,0.0000,0,100.000,,0,0.8173,,0.850,0,
2031,7,43,fog-52,1,fog,4800.0,0.0000,0.0000,0,100.000,,0,0.8135,,0.850,0,
2032,7,43,fog-52,1,fog,4900.0,0.0000,0.0000,0,100.000,,0,0.8096,,0.850,0,
2033,7,43,fog-52,1,fog,5000.0,0.0000,0.0000,0,100.000,,0,0.8057,,0.850,0,
2034,7,44,fog-53,1,fog,0.0,0.0000,0.0000,0,100.000,,0,1.0000,,0.850,0,3456.1
2035,7,44,fog-53,1,fog,100.0,0.0000,0.0000,0,100.000,,0,0.9961,,0.850,0,3456.1
2036,7,44,fog-53,1,fog,200.0,0.0000,0.0000,0,100.000,,0,0.9922,,0.850,0,3456.1
2037,7,44,fog-53,1,fog,300.0,0.0000,0.0000,0,100.000,,0,0.9883,,0.850,0,3456.1
2038,7,44,fog-53,1,fog,400.0,0.0000,0.0000,0,100.000,,0,0.9845,,0.850,0,3456.1
2039,7,44,fog-53,1,fog,500.0,0.0000,0.0000,0,100.000,,0,0.9806,,0.850,0,3456.1
2040,7,44,fog-53,1,fog,600.0,0.0000,0.0000,0,100.000,,0,0.9767,,0.850,0,3456.1
2041,7,44,fog-53,1,fog,700.0,0.0000,0.0000,0,100.000,,0,0.9728,,0.850,0,3456.1
2042,7,44,fog-53,1,fog,800.0,0.0000,0.0000,0,100.000,,0,0.9689,,0.850,0,3456.1
2043,7,44,fog-53,1,fog,900.0,0.0000,0.0000,0,100.000,,0,0.9650,,0.850,0,3456.1
2044,7,44,fog-53,1,fog,1000.0,0.0000,0.0000,0,100.000,,0,0.9611,,0.850,0,3456.1
2045,7,44,fog-53,1,fog,1100.0,0.0000,0.0000,0,100.000,,0,0.9572,,0.850,0,3456.1
2046,7,44,fog-53,1,fog,1200.0,0.0000,0.0000,0,100.000,,0,0.9534,,0.850,0,3456.1
2047,7,44,fog-53,1,fog,1300.0,0.0000,0.0000,0,100.000,,0,0.9495,,0.850,0,3456.1
2048,7,44,fog-53,1,fog,1400.0,0.0000,0.0000,0,100.000,,0,0.9456,,0.850,0,3456.1
2049,7,44,fog-53,1,fog,1500.0,0.0000,0.0000,0,100.000,,0,0.9417,,0.850,0,3456.1
2050,7,44,fog-53,1,fog,1600.0,0.0000,0.0000,0,100.000,,0,0.9378,,0.850,0,3456.1
2051,7,44,fog-53,1,fog,1700.0,0.0000,0.0000,0,100.000,,0,0.9339,,0.850,0,3456.1
2052,7,44,fog-53,1,fog,1800.0,0.0000,0.0000,0,100.000,,0,0.9300,,0.850,0,3456.1
2053,7,44,fog-53,1,fog,1900.0,0.0000,0.0000,0,100.000,,0,0.9262,,0.850,0,3456.1
2054,7,44,fog-53,1,fog,2000.0,0.0000,0.0000,0,100.000,,0,0.9223,,0.850,0,3456.1
2055,7,44,fog-53,1,fog,2100.0,0.0000,0.0000,0,100.000,,0,0.9184,,0.850,0,3456.1
2056,7,44,fog-53,1,fog,2200.0,0.0000,0.0000,0,100.000,,0,0.9145,,0.850,0,3456.1
2057,7,44,fog-53,1,fog,2300.0,0.0000,0.0000,0,100.000,,0,0.9106,,0.850,0,3456.1
2058,7,44,fog-53,1,fog,2400.0,0.0000,0.0000,0,100.000,,0,0.9067,,0.850,0,3456.1
2059,7,44,fog-53,1,fog,2500.0,0.0000,0.0000,0,100.000,,0,0.9028,,0.850,0,3456.1
2060,7,44,fog-53,1,fog,2600.0,0.0000,0.0000,0,100.000,,0,0.8990,,0.850,0,3456.1
2061,7,44,fog-53,1,fog,2700.0,0.0000,0.0000,0,100.000,,0,0.8951,,0.850,0,3456.1
2062,7,44,fog-53,1,fog,2800.0,0.0000,0.0000,0,100.000,,0,0.8912,,0.850,0,3456.1
2063,7,44,fog-53,1,fog,2900.0,0.0000,0.0000,0,100.000,,0,0.8873,,0.850,0,3456.1
2064,7,44,fog-53,1,fog,3000.0,0.0000,0.0000,0,100.000,,0,0.8834,,0.850,0,3456.1
2065,7,44,fog-53,1,fog,3100.0,0.0000,0.0000,0,100.000,,0,0.8795,,0.850,0,3456.1
2066,7,44,fog-53,1,fog,3200.0,0.0000,0.0000,0,100.000,,0,0.8756,,0.850,0,3456.1
2067,7,44,fog-53,1,fog,3300.0,0.0000,0.0000,0,100.000,,0,0.8717,,0.850,1,3456.1
2068,7,44,fog-53,1,fog,3400.0,0.0000,0.0000,0,100.000,,0,0.8679,,0.850,1,3456.1
2069,7,45,fog-54,1,fog,0.0,0.0000,0.0000,0,100.000,,0,1.0000,,0.850,0,
2070,7,45,fog-54,1,fog,100.0,0.0000,0.0000,0,100.000,,0,0.9961,,0.850,0,
2071,7,45,fog-54,1,fog,200.0,0.0000,0.0000,0,100.000,,0,0.9922,,0.850,0,
2072,7,45,fog-54,1,fog,300.0,0.0000,0.0000,0,100.000,,0,0.9883,,0.850,0,
2073,7,45,fog-54,1,fog,400.0,0.0000,0.0000,0,100.000,,0,0.9845,,0.850,0,
2074,7,45,fog-54,1,fog,500.0,0.0000,0.0000,0,100.000,,0,0.9806,,0.850,0,
2075,7,45,fog-54,1,fog,600.0,0.0000,0.0000,0,100.000,,0,0.9767,,0.850,0,
2076,7,45,fog-54,1,fog,700.0,0.0000,0.0000,0,100.000,,0,0.9728,,0.850,0,
2077,7,45,fog-54,1,fog,800.0,0.0000,0.0000,0,100.000,,0,0.9689,,0.850,0,
2078,7,45,fog-54,1,fog,900.0,0.0000,0.0000,0,100.000,,0,0.9650,,0.850,0,
2079,7,45,fog-54,1,fog,1000.0,0.0000,0.0000,0,100.000,,0,0.9611,,0.850,0,
2080,7,45,fog-54,1,fog,1100.0,0.0000,0.0000,0,100.000,,0,0.9572,,0.850,0,
2081,7,45,fog-54,1,fog,1200.0,0.0000,0.0000,0,100.000,,0,0.9534,,0.850,0,
2082,7,45,fog-54,1,fog,1300.0,0.0000,0.0000,0,100.000,,0,0.9495,,0.850,0,
2083,7,45,fog-54,1,fog,1400.0,0.0000,0.0000,0,100.000,,0,0.9456,,0.850,0,
2084,7,45,fog-54,1,fog,1500.0,0.0000,0.0000,0,100.000,,0,0.9417,,0.850,0,
2085,7,45,fog-54,1,fog,1600.0,0.0000,0.0000,0,100.000,,0,0.9378,,0.850,0,
2086,7,45,fog-54,1,fog,1700.0,0.0000,0.0000,0,100.000,,0,0.9339,,0.850,0,
2087,7,45,fog-54,1,fog,1800.0,0.0000,0.0000,0,100.000,,0,0.9300,,0.850,0,
2088,7,45,fog-54,1,fog,1900.0,0.0000,0.0000,0,100.000,,0,0.9262,,0.850,0,
2089,7,45,fog-54,1,fog,2000.0,0.0000,0.0000,0,100.000,,0,0.9223,,0.850,0,
2090,7,45,fog-54,1,fog,2100.0,0.0000,0.0000,0,100.000,,0,0.9184,,0.850,0,
2091,7,45,fog-54,1,fog,2200.0,0.0000,0.0000,0,100.000,,0,0.9145,,0.850,0,
2092,7,45,fog-54,1,fog,2300.0,0.0000,0.0000,0,100.000,,0,0.9106,,0.850,0,
2093,7,45,fog-54,1,fog,2400.0,0.0000,0.0000,0,100.000,,0,0.9067,,0.850,0,
2094,7,45,fog-54,1,fog,2500.0,0.0000,0.0000,0,100.000,,0,0.9028,,0.850,0,
2095,7,45,fog-54,1,fog,2600.0,0.0000,0.0000,0,100.000,,0,0.8990,,0.850,0,
2096,7,45,fog-54,1,fog,2700.0,0.0000,0.0000,0,100.000,,0,0.8951,,0.850,0,
2097,7,45,fog-54,1,fog,2800.0,0.0000,0.0000,0,100.000,,0,0.8912,,0.850,0,
2098,7,45,fog-54,1,fog,2900.0,0.0000,0.0000,0,100.000,,0,0.8873,,0.850,0,
2099,7,45,fog-54,1,fog,3000.0,0.0000,0.0000,0,100.000,,0,0.8834,,0.850,0,
2100,7,45,fog-54,1,fog,3100.0,0.0000,0.0000,0,100.000,,0,0.8795,,0.850,0,
2101,7,45,fog-54,1,fog,3200.0,0.0000,0.0000,0,100.000,,0,0.8756,,0.850,0,
2102,7,45,fog-54,1,fog,3300.0,0.0000,0.0000,0,100.000,,0,0.8717,,0.850,0,
2103,7,45,fog-54,1,fog,3400.0,0.0000,0.0000,0,100.000,,0,0.8679,,0.850,0,
2104,7,45,fog-54,1,fog,3500.0,0.0000,0.0000,0,100.000,,0,0.8640,,0.850,0,
2105,7,45,fog-54,1,fog,3600.0,0.0000,0.0000,0,100.000,,0,0.8601,,0.850,0,
2106,7,45,fog-54,1,fog,3700.0,0.0000,0.0000,0,100.000,,0,0.8562,,0.850,0,
2107,7,45,fog-54,1,fog,3800.0,0.0000,0.0000,0,100.000,,0,0.8523,,0.850,0,
2108,7,45,fog-54,1,fog,3900.0,0.0000,0.0000,0,100.000,,0,0.8484,,0.850,0,
2109,7,45,fog-54,1,fog,4000.0,0.0000,0.0000,0,100.000,,0,0.8445,,0.850,0,
2110,7,45,fog-54,1,fog,4100.0,0.0000,0.0000,0,100.000,,0,0.8407,,0.850,0,
2111,7,45,fog-54,1,fog,4200.0,0.0000,0.0000,0,100.000,,0,0.8368,,0.850,0,
2112,7,45,fog-54,1,fog,4300.0,0.0000,0.0000,0,100.000,,0,0.8329,,0.850,0,
2113,7,45,fog-54,1,fog,4400.0,0.0000,0.0000,0,100.000,,0,0.8290,,0.850,0,
2114,7,45,fog-54,1,fog,4500.0,0.0000,0.0000,0,100.000,,0,0.8251,,0.850,0,
2115,7,45,fog-54,1,fog,4600.0,0.0000,0.0000,0,100.000,,0,0.8212,,0.850,0,
2116,7,45,fog-54,1,fog,4700.0,0.0000,0.0000,0,100.000,,0,0.8173,,0.850,0,
2117,7,45,fog-54,1,fog,4800.0,0.0000,0.0000,0,100.000,,0,0.8135,,0.850,0,
2118,7,45,fog-54,1,fog,4900.0,0.0000,0.0000,0,100.000,,0,0.8096,,0.850,0,
2119,7,45,fog-54,1,fog,5000.0,0.0000,0.0000,0,100.000,,0,0.8057,,0.850,0,
2120,7,46,fog-55,1,fog,0.0,0.0000,0.0000,0,100.000,,0,1.0000,,0.850,0,
2121,7,46,fog-55,1,fog,100.0,0.0000,0.0000,0,100.000,,0,0.9961,,0.850,0,
2122,7,46,fog-55,1,fog,200.0,0.0000,0.0000,0,100.000,,0,0.9922,,0.850,0,
2123,7,46,fog-55,1,fog,300.0,0.0000,0.0000,0,100.000,,0,0.9883,,0.850,0,
2124,7,46,fog-55,1,fog,400.0,0.0000,0.0000,0,100.000,,0,0.9845,,0.850,0,
2125,7,46,fog-55,1,fog,500.0,0.0000,0.0000,0,100.000,,0,0.9806,,0.850,0,
2126,7,46,fog-55,1,fog,600.0,0.0000,0.0000,0,100.000,,0,0.9767,,0.850,0,
2127,7,46,fog-55,1,fog,700.0,0.0000,0.0000,0,100.000,,0,0.9728,,0.850,0,
2128,7,46,fog-55,1,fog,800.0,0.0000,0.0000,0,100.000,,0,0.9689,,0.850,0,
2129,7,46,fog-55,1,fog,900.0,0.0000,0.0000,0,100.000,,0,0.9650,,0.850,0,
2130,7,46,fog-55,1,fog,1000.0,0.0000,0.0000,0,100.000,,0,0.9611,,0.850,0,
2131,7,46,fog-55,1,fog,1100.0,0.0000,0.0000,0,100.000,,0,0.9572,,0.850,0,
2132,7,46,fog-55,1,fog,1200.0,0.0000,0.0000,0,100.000,,0,0.9534,,0.850,0,
2133,7,46,fog-55,1,fog,1300.0,0.0000,0.0000,0,100.000,,0,0.9495,,0.850,0,
2134,7,46,fog-55,1,fog,1400.0,0.0000,0.0000,0,100.000,,0,0.9456,,0.850,0,
2135,7,46,fog-55,1,fog,1500.0,0.0000,0.0000,0,100.000,,0,0.9417,,0.850,0,
2136,7,46,fog-55,1,fog,1600.0,0.0000,0.0000,0,100.000,,0,0.9378,,0.850,0,
2137,7,46,fog-55,1,fog,1700.0,0.0000,0.0000,0,100.000,,0,0.9339,,0.850,0,
2138,7,46,fog-55,1,fog,1800.0,0.0000,0.0000,0,100.000,,0,0.9300,,0.850,0,
2139,7,46,fog-55,1,fog,1900.0,0.0000,0.0000,0,100.000,,0,0.9262,,0.850,0,
2140,7,46,fog-55,1,fog,2000.0,0.0000,0.0000,0,100.000,,0,0.9223,,0.850,0,
2141,7,46,fog-55,1,fog,2100.0,0.0000,0.0000,0,100.000,,0,0.9184,,0.850,0,
2142,7,46,fog-55,1,fog,2200.0,0.0000,0.0000,0,100.000,,0,0.9145,,0.850,0,
2143,7,46,fog-55,1,fog,2300.0,0.0000,0.0000,0,100.000,,0,0.9106,,0.850,0,
2144,7,46,fog-55,1,fog,2400.0,0.0000,0.0000,0,100.000,,0,0.9067,,0.850,0,
2145,7,46,fog-55,1,fog,2500.0,0.0000,0.0000,0,100.000,,0,0.9028,,0.850,0,
2146,7,46,fog-55,1,fog,2600.0,0.0000,0.0000,0,100.000,,0,0.8990,,0.850,0,
2147,7,46,fog-55,1,fog,2700.0,0.0000,0.0000,0,100.000,,0,0.8951,,0.850,0,
2148,7,46,fog-55,1,fog,2800.0,0.0000,0.0000,0,100.000,,0,0.8912,,0.850,0,
2149,7,46,fog-55,1,fog,2900.0,0.0000,0.0000,0,100.000,,0,0.8873,,0.850,0,
2150,7,46,fog-55,1,fog,3000.0,0.0000,0.0000,0,100.000,,0,0.8834,,0.850,0,
2151,7,46,fog-55,1,fog,3100.0,0.0000,0.0000,0,100.000,,0,0.8795,,0.850,0,
2152,7,46,fog-55,1,fog,3200.0,0.0000,0.0000,0,100.000,,0,0.8756,,0.850,0,
2153,7,46,fog-55,1,fog,3300.0,0.0000,0.0000,0,100.000,,0,0.8717,,0.850,0,
2154,7,46,fog-55,1,fog,3400.0,0.0000,0.0000,0,100.000,,0,0.8679,,0.850,0,
2155,7,46,fog-55,1,fog,3500.0,0.0000,0.0000,0,100.000,,0,0.8640,,0.850,0,
2156,7,46,fog-55,1,fog,3600.0,0.0000,0.0000,0,100.000,,0,0.8601,,0.850,0,
2157,7,46,fog-55,1,fog,3700.0,0.0000,0.0000,0,100.000,,0,0.8562,,0.850,0,
2158,7,46,fog-55,1,fog,3800.0,0.0000,0.0000,0,100.000,,0,0.8523,,0.850,0,
2159,7,46,fog-55,1,fog,3900.0,0.0000,0.0000,0,100.000,,0,0.8484,,0.850,0,
2160,7,46,fog-55,1,fog,4000.0,0.0000,0.0000,0,100.000,,0,0.8445,,0.850,0,
2161,7,46,fog-55,1,fog,4100.0,0.0000,0.0000,0,100.000,,0,0.8407,,0.850,0,
2162,7,46,fog-55,1,fog,4200.0,0.0000,0.0000,0,100.000,,0,0.8368,,0.850,0,
2163,7,46,fog-55,1,fog,4300.0,0.0000,0.0000,0,100.000,,0,0.8329,,0.850,0,
2164,7,46,fog-55,1,fog,4400.0,0.0000,0.0000,0,100.000,,0,0.8290,,0.850,0,
2165,7,46,fog-55,1,fog,4500.0,0.0000,0.0000,0,100.000,,0,0.8251,,0.850,0,
2166,7,46,fog-55,1,fog,4600.0,0.0000,0.0000,0,100.000,,0,0.8212,,0.850,0,
2167,7,46,fog-55,1,fog,4700.0,0.0000,0.0000,0,100.000,,0,0.8173,,0.850,0,
2168,7,46,fog-55,1,fog,4800.0,0.0000,0.0000,0,100.000,,0,0.8135,,0.850,0,
2169,7,46,fog-55,1,fog,4900.0,0.0000,0.0000,0,100.000,,0,0.8096,,0.850,0,
2170,7,46,fog-55,1,fog,5000.0,0.0000,0.0000,0,100.000,,0,0.8057,,0.850,0,
2171,7,47,fog-56,1,fog,0.0,0.0000,0.0000,0,100.000,,0,1.0000,,0.850,0,
2172,7,47,fog-56,1,fog,100.0,0.0000,0.0000,0,100.000,,0,0.9961,,0.850,0,
2173,7,47,fog-56,1,fog,200.0,0.0000,0.0000,0,100.000,,0,0.9922,,0.850,0,
2174,7,47,fog-56,1,fog,300.0,0.0000,0.0000,0,100.000,,0,0.9883,,0.850,0,
2175,7,47,fog-56,1,fog,400.0,0.0000,0.0000,0,100.000,,0,0.9845,,0.850,0,
2176,7,47,fog-56,1,fog,500.0,0.0000,0.0000,0,100.000,,0,0.9806,,0.850,0,
2177,7,47,fog-56,1,fog,600.0,0.0000,0.0000,0,100.000,,0,0.9767,,0.850,0,
2178,7,47,fog-56,1,fog,700.0,0.0000,0.0000,0,100.000,,0,0.9728,,0.850,0,
2179,7,47,fog-56,1,fog,800.0,0.0000,0.0000,0,100.000,,0,0.9689,,0.850,0,
2180,7,47,fog-56,1,fog,900.0,0.0000,0.0000,0,100.000,,0,0.9650,,0.850,0,
2181,7,47,fog-56,1,fog,1000.0,0.0000,0.0000,0,100.000,,0,0.9611,,0.850,0,
2182,7,47,fog-56,1,fog,1100.0,0.0000,0.0000,0,100.000,,0,0.9572,,0.850,0,
2183,7,47,fog-56,1,fog,1200.0,0.0000,0.0000,0,100.000,,0,0.9534,,0.850,0,
2184,7,47,fog-56,1,fog,1300.0,0.0000,0.0000,0,100.000,,0,0.9495,,0.850,0,
2185,7,47,fog-56,1,fog,1400.0,0.0000,0.0000,0,100.000,,0,0.9456,,0.850,0,
2186,7,47,fog-56,1,fog,1500.0,0.0000,0.0000,0,100.000,,0,0.9417,,0.850,0,
2187,7,47,fog-56,1,fog,1600.0,0.0000,0.0000,0,100.000,,0,0.9378,,0.850,0,
2188,7,47,fog-56,1,fog,1700.0,0.0000,0.0000,0,100.000,,0,0.9339,,0.850,0,
2189,7,47,fog-56,1,fog,1800.0,0.0000,0.0000,0,100.000,,0,0.9300,,0.850,0,
2190,7,47,fog-56,1,fog,1900.0,0.0000,0.0000,0,100.000,,0,0.9262,,0.850,0,
2191,7,47,fog-56,1,fog,2000.0,0.0000,0.0000,0,100.000,,0,0.9223,,0.850,0,
2192,7,47,fog-56,1,fog,2100.0,0.0000,0.0000,0,100.000,,0,0.9184,,0.850,0,
2193,7,47,fog-56,1,fog,2200.0,0.0000,0.0000,0,100.000,,0,0.9145,,0.850,0,
2194,7,47,fog-56,1,fog,2300.0,0.0000,0.0000,0,100.000,,0,0.9106,,0.850,0,
2195,7,47,fog-56,1,fog,2400.0,0.0000,0.0000,0,100.000,,0,0.9067,,0.850,0,
2196,7,47,fog-56,1,fog,2500.0,0.0000,0.0000,0,100.000,,0,0.9028,,0.850,0,
2197,7,47,fog-56,1,fog,2600.0,0.0000,0.0000,0,100.000,,0,0.8990,,0.850,0,
2198,7,47,fog-56,1,fog,2700.0,0.0000,0.0000,0,100.000,,0,0.8951,,0.850,0,
2199,7,47,fog-56,1,fog,2800.0,0.0000,0.0000,0,100.000,,0,0.8912,,0.850,0,
2200,7,47,fog-56,1,fog,2900.0,0.0000,0.0000,0,100.000,,0,0.8873,,0.850,0,
2201,7,47,fog-56,1,fog,3000.0,0.0000,0.0000,0,100.000,,0,0.8834,,0.850,0,
2202,7,47,fog-56,1,fog,3100.0,0.0000,0.0000,0,100.000,,0,0.8795,,0.850,0,
2203,7,47,fog-56,1,fog,3200.0,0.0000,0.0000,0,100.000,,0,0.8756,,0.850,0,
2204,7,47,fog-56,1,fog,3300.0,0.0000,0.0000,0,100.000,,0,0.8717,,0.850,0,
2205,7,47,fog-56,1,fog,3400.0,0.0000,0.0000,0,100.000,,0,0.8679,,0.850,0,
2206,7,47,fog-56,1,fog,3500.0,0.0000,0.0000,0,100.000,,0,0.8640,,0.850,0,
2207,7,47,fog-56,1,fog,3600.0,0.0000,0.0000,0,100.000,,0,0.8601,,0.850,0,
2208,7,47,fog-56,1,fog,3700.0,0.0000,0.0000,0,100.000,,0,0.8562,,0.850,0,
2209,7,47,fog-56,1,fog,3800.0,0.0000,0.0000,0,100.000,,0,0.8523,,0.850,0,
2210,7,47,fog-56,1,fog,3900.0,0.0000,0.0000,0,100.000,,0,0.8484,,0.850,0,
2211,7,47,fog-56,1,fog,4000.0,0.0000,0.0000,0,100.000,,0,0.8445,,0.850,0,
2212,7,47,fog-56,1,fog,4100.0,0.0000,0.0000,0,100.000,,0,0.8407,,0.850,0,
2213,7,47,fog-56,1,fog,4200.0,0.0000,0.0000,0,100.000,,0,0.8368,,0.850,0,
2214,7,47,fog-56,1,fog,4300.0,0.0000,0.0000,0,100.000,,0,0.8329,,0.850,0,
2215,7,47,fog-56,1,fog,4400.0,0.0000,0.0000,0,100.000,,0,0.8290,,0.850,0,
2216,7,47,fog-56,1,fog,4500.0,0.0000,0.0000,0,100.000,,0,0.8251,,0.850,0,
2217,7,47,fog-56,1,fog,4600.0,0.0000,0.0000,0,100.000,,0,0.8212,,0.850,0,
2218,7,47,fog-56,1,fog,4700.0,0.0000,0.0000,0,100.000,,0,0.8173,,0.850,0,
2219,7,47,fog-56,1,fog,4800.0,0.0000,0.0000,0,100.000,,0,0.8135,,0.850,0,
2220,7,47,fog-56,1,fog,4900.0,0.0000,0.0000,0,100.000,,0,0.8096,,0.850,0,
2221,7,47,fog-56,1,fog,5000.0,0.0000,0.0000,0,100.000,,0,0.8057,,0.850,0,
2222,7,48,fog-57,1,fog,0.0,0.0000,0.0000,0,100.000,,0,1.0000,,0.850,0,
2223,7,48,fog-57,1,fog,100.0,0.0000,0.0000,0,100.000,,0,0.9961,,0.850,0,
2224,7,48,fog-57,1,fog,200.0,0.0000,0.0000,0,100.000,,0,0.9922,,0.850,0,
2225,7,48,fog-57,1,fog,300.0,0.0000,0.0000,0,100.000,,0,0.9883,,0.850,0,
2226,7,48,fog-57,1,fog,400.0,0.0000,0.0000,0,100.000,,0,0.9845,,0.850,0,
2227,7,48,fog-57,1,fog,500.0,0.0000,0.0000,0,100.000,,0,0.9806,,0.850,0,
2228,7,48,fog-57,1,fog,600.0,0.0000,0.0000,0,100.000,,0,0.9767,,0.850,0,
2229,7,48,fog-57,1,fog,700.0,0.0000,0.0000,0,100.000,,0,0.9728,,0.850,0,
2230,7,48,fog-57,1,fog,800.0,0.0000,0.0000,0,100.000,,0,0.9689,,0.850,0,
2231,7,48,fog-57,1,fog,900.0,0.0000,0.0000,0,100.000,,0,0.9650,,0.850,0,
2232,7,48,fog-57,1,fog,1000.0,0.0000,0.0000,0,100.000,,0,0.9611,,0.850,0,
2233,7,48,fog-57,1,fog,1100.0,0.0000,0.0000,0,100.000,,0,0.9572,,0.850,0,
2234,7,48,fog-57,1,fog,1200.0,0.0000,0.0000,0,100.000,,0,0.9534,,0.850,0,
2235,7,48,fog-57,1,fog,1300.0,0.0000,0.0000,0,100.000,,0,0.9495,,0.850,0,
2236,7,48,fog-57,1,fog,1400.0,0.0000,0.0000,0,100.000,,0,0.9456,,0.850,0,
2237,7,48,fog-57,1,fog,1500.0,0.0000,0.0000,0,100.000,,0,0.9417,,0.850,0,
2238,7,48,fog-57,1,fog,1600.0,0.0000,0.0000,0,100.000,,0,0.9378,,0.850,0,
2239,7,48,fog-57,1,fog,1700.0,0.0000,0.0000,0,100.000,,0,0.9339,,0.850,0,
2240,7,48,fog-57,1,fog,1800.0,0.0000,0.0000,0,100.000,,0,0.9300,,0.850,0,
2241,7,48,fog-57,1,fog,1900.0,0.0000,0.0000,0,100.000,,0,0.9262,,0.850,0,
2242,7,48,fog-57,1,fog,2000.0,0.0000,0.0000,0,100.000,,0,0.9223,,0.850,0,
2243,7,48,fog-57,1,fog,2100.0,0.0000,0.0000,0,100.000,,0,0.9184,,0.850,0,
2244,7,48,fog-57,1,fog,2200.0,0.0000,0.0000,0,100.000,,0,0.9145,,0.850,0,
2245,7,48,fog-57,1,fog,2300.0,0.0000,0.0000,0,100.000,,0,0.9106,,0.850,0,
2246,7,48,fog-57,1,fog,2400.0,0.0000,0.0000,0,100.000,,0,0.9067,,0.850,0,
2247,7,48,fog-57,1,fog,2500.0,0.0000,0.0000,0,100.000,,0,0.9028,,0.850,0,
2248,7,48,fog-57,1,fog,2600.0,0.0000,0.0000,0,100.000,,0,0.8990,,0.850,0,
2249,7,48,fog-57,1,fog,2700.0,0.0000,0.0000,0,100.000,,0,0.8951,,0.850,0,
2250,7,48,fog-57,1,fog,2800.0,0.0000,0.0000,0,100.000,,0,0.8912,,0.850,0,
2251,7,48,fog-57,1,fog,2900.0,0.0000,0.0000,0,100.000,,0,0.8873,,0.850,0,
2252,7,48,fog-57,1,fog,3000.0,0.0000,0.0000,0,100.000,,0,0.8834,,0.850,0,
2253,7,48,fog-57,1,fog,3100.0,0.0000,0.0000,0,100.000,,0,0.8795,,0.850,0,
2254,7,48,fog-57,1,fog,3200.0,0.0000,0.0000,0,100.000,,0,0.8756,,0.850,0,
2255,7,48,fog-57,1,fog,3300.0,0.0000,0.0000,0,100.000,,0,0.8717,,0.850,0,
2256,7,48,fog-57,1,fog,3400.0,0.0000,0.0000,0,100.000,,0,0.8679,,0.850,0,
2257,7,48,fog-57,1,fog,3500.0,0.0000,0.0000,0,100.000,,0,0.8640,,0.850,0,
2258,7,48,fog-57,1,fog,3600.0,0.0000,0.0000,0,100.000,,0,0.8601,,0.850,0,
2259,7,48,fog-57,1,fog,3700.0,0.0000,0.0000,0,100.000,,0,0.8562,,0.850,0,
2260,7,48,fog-57,1,fog,3800.0,0.0000,0.0000,0,100.000,,0,0.8523,,0.850,0,
2261,7,48,fog-57,1,fog,3900.0,0.0000,0.0000,0,100.000,,0,0.8484,,0.850,0,
2262,7,48,fog-57,1,fog,4000.0,0.0000,0.0000,0,100.000,,0,0.8445,,0.850,0,
2263,7,48,fog-57,1,fog,4100.0,0.0000,0.0000,0,100.000,,0,0.8407,,0.850,0,
2264,7,48,fog-57,1,fog,4200.0,0.0000,0.0000,0,100.000,,0,0.8368,,0.850,0,
2265,7,48,fog-57,1,fog,4300.0,0.0000,0.0000,0,100.000,,0,0.8329,,0.850,0,
2266,7,48,fog-57,1,fog,4400.0,0.0000,0.0000,0,100.000,,0,0.8290,,0.850,0,
2267,7,48,fog-57,1,fog,4500.0,0.0000,0.0000,0,100.000,,0,0.8251,,0.850,0,
2268,7,48,fog-57,1,fog,4600.0,0.0000,0.0000,0,100.000,,0,0.8212,,0.850,0,
2269,7,48,fog-57,1,fog,4700.0,0.0000,0.0000,0,100.000,,0,0.8173,,0.850,0,
2270,7,48,fog-57,1,fog,4800.0,0.0000,0.0000,0,100.000,,0,0.8135,,0.850,0,
2271,7,48,fog-57,1,fog,4900.0,0.0000,0.0000,0,100.000,,0,0.8096,,0.850,0,
2272,7,48,fog-57,1,fog,5000.0,0.0000,0.0000,0,100.000,,0,0.8057,,0.850,0,
2273,7,49,fog-58,1,fog,0.0,0.0000,0.0000,0,100.000,,0,1.0000,,0.850,0,
2274,7,49,fog-58,1,fog,100.0,0.0000,0.0000,0,100.000,,0,0.9961,,0.850,0,
2275,7,49,fog-58,1,fog,200.0,0.0000,0.0000,0,100.000,,0,0.9922,,0.850,0,
2276,7,49,fog-58,1,fog,300.0,0.0000,0.0000,0,100.000,,0,0.9883,,0.850,0,
2277,7,49,fog-58,1,fog,400.0,0.0000,0.0000,0,100.000,,0,0.9845,,0.850,0,
2278,7,49,fog-58,1,fog,500.0,0.0000,0.0000,0,100.000,,0,0.9806,,0.850,0,
2279,7,49,fog-58,1,fog,600.0,0.0000,0.0000,0,100.000,,0,0.9767,,0.850,0,
2280,7,49,fog-58,1,fog,700.0,0.0000,0.0000,0,100.000,,0,0.9728,,0.850,0,
2281,7,49,fog-58,1,fog,800.0,0.0000,0.0000,0,100.000,,0,0.9689,,0.850,0,
2282,7,49,fog-58,1,fog,900.0,0.0000,0.0000,0,100.000,,0,0.9650,,0.850,0,
2283,7,49,fog-58,1,fog,1000.0,0.0000,0.0000,0,100.000,,0,0.9611,,0.850,0,
2284,7,49,fog-58,1,fog,1100.0,0.0000,0.0000,0,100.000,,0,0.9572,,0.850,0,
2285,7,49,fog-58,1,fog,1200.0,0.0000,0.0000,0,100.000,,0,0.9534,,0.850,0,
2286,7,49,fog-58,1,fog,1300.0,0.0000,0.0000,0,100.000,,0,0.9495,,0.850,0,
2287,7,49,fog-58,1,fog,1400.0,0.0000,0.0000,0,100.000,,0,0.9456,,0.850,0,
2288,7,49,fog-58,1,fog,1500.0,0.0000,0.0000,0,100.000,,0,0.9417,,0.850,0,
2289,7,49,fog-58,1,fog,1600.0,0.0000,0.0000,0,100.000,,0,0.9378,,0.850,0,
2290,7,49,fog-58,1,fog,1700.0,0.0000,0.0000,0,100.000,,0,0.9339,,0.850,0,
2291,7,49,fog-58,1,fog,1800.0,0.0000,0.0000,0,100.000,,0,0.9300,,0.850,0,
2292,7,49,fog-58,1,fog,1900.0,0.0000,0.0000,0,100.000,,0,0.9262,,0.850,0,
2293,7,49,fog-58,1,fog,2000.0,0.0000,0.0000,0,100.000,,0,0.9223,,0.850,0,
2294,7,49,fog-58,1,fog,2100.0,0.0000,0.0000,0,100.000,,0,0.9184,,0.850,0,
2295,7,49,fog-58,1,fog,2200.0,0.0000,0.0000,0,100.000,,0,0.9145,,0.850,0,
2296,7,49,fog-58,1,fog,2300.0,0.0000,0.0000,0,100.000,,0,0.9106,,0.850,0,
2297,7,49,fog-58,1,fog,2400.0,0.0000,0.0000,0,100.000,,0,0.9067,,0.850,0,
2298,7,49,fog-58,1,fog,2500.0,0.0000,0.0000,0,100.000,,0,0.9028,,0.850,0,
2299,7,49,fog-58,1,fog,2600.0,0.0000,0.0000,0,100.000,,0,0.8990,,0.850,0,
2300,7,49,fog-58,1,fog,2700.0,0.0000,0.0000,0,100.000,,0,0.8951,,0.850,0,
2301,7,49,fog-58,1,fog,2800.0,0.0000,0.0000,0,100.000,,0,0.8912,,0.850,0,
2302,7,49,fog-58,1,fog,2900.0,0.0000,0.0000,0,100.000,,0,0.8873,,0.850,0,
2303,7,49,fog-58,1,fog,3000.0,0.0000,0.0000,0,100.000,,0,0.8834,,0.850,0,
2304,7,49,fog-58,1,fog,3100.0,0.0000,0.0000,0,100.000,,0,0.8795,,0.850,0,
2305,7,49,fog-58,1,fog,3200.0,0.0000,0.0000,0,100.000,,0,0.8756,,0.850,0,
2306,7,49,fog-58,1,fog,3300.0,0.0000,0.0000,0,100.000,,0,0.8717,,0.850,0,
2307,7,49,fog-58,1,fog,3400.0,0.0000,0.0000,0,100.000,,0,0.8679,,0.850,0,
2308,7,49,fog-58,1,fog,3500.0,0.0000,0.0000,0,100.000,,0,0.8640,,0.850,0,
2309,7,49,fog-58,1,fog,3600.0,0.0000,0.0000,0,100.000,,0,0.8601,,0.850,0,
2310,7,49,fog-58,1,fog,3700.0,0.0000,0.0000,0,100.000,,0,0.8562,,0.850,0,
2311,7,49,fog-58,1,fog,3800.0,0.0000,0.0000,0,100.000,,0,0.8523,,0.850,0,
2312,7,49,fog-58,1,fog,3900.0,0.0000,0.0000,0,100.000,,0,0.8484,,0.850,0,
2313,7,49,fog-58,1,fog,4000.0,0.0000,0.0000,0,100.000,,0,0.8445,,0.850,0,
2314,7,49,fog-58,1,fog,4100.0,0.0000,0.0000,0,100.000,,0,0.8407,,0.850,0,
2315,7,49,fog-58,1,fog,4200.0,0.0000,0.0000,0,100.000,,0,0.8368,,0.850,0,
2316,7,49,fog-58,1,fog,4300.0,0.0000,0.0000,0,100.000,,0,0.8329,,0.850,0,
2317,7,49,fog-58,1,fog,4400.0,0.0000,0.0000,0,100.000,,0,0.8290,,0.850,0,
2318,7,49,fog-58,1,fog,4500.0,0.0000,0.0000,0,100.000,,0,0.8251,,0.850,0,
2319,7,49,fog-58,1,fog,4600.0,0.0000,0.0000,0,100.000,,0,0.8212,,0.850,0,
2320,7,49,fog-58,1,fog,4700.0,0.0000,0.0000,0,100.000,,0,0.8173,,0.850,0,
2321,7,49,fog-58,1,fog,4800.0,0.0000,0.0000,0,100.000,,0,0.8135,,0.850,0,
2322,7,49,fog-58,1,fog,4900.0,0.0000,0.0000,0,100.000,,0,0.8096,,0.850,0,
2323,7,49,fog-58,1,fog,5000.0,0.0000,0.0000,0,100.000,,0,0.8057,,0.850,0,
2324,7,50,fog-59,1,fog,0.0,0.0000,0.0000,0,100.000,,0,1.0000,,0.850,0,
2325,7,50,fog-59,1,fog,100.0,0.0000,0.0000,0,100.000,,0,0.9961,,0.850,0,
2326,7,50,fog-59,1,fog,200.0,0.0000,0.0000,5,100.250,0.0000,0,0.9922,,0.850,0,
2327,7,50,fog-59,1,fog,300.0,0.0000,0.0000,4,100.200,0.3536,0,0.9883,,0.850,0,
2328,7,50,fog-59,1,fog,400.0,0.0000,0.0000,5,100.250,0.0000,0,0.9845,,0.850,0,
2329,7,50,fog-59,1,fog,500.0,0.0000,0.0000,14,100.700,1.0000,0,0.9806,,0.850,0,
2330,7,50,fog-59,1,fog,600.0,0.0000,0.0000,0,100.000,,0,0.9767,,0.850,0,
2331,7,50,fog-59,1,fog,700.0,0.0000,0.0000,0,100.000,,0,0.9728,,0.850,0,
2332,7,50,fog-59,1,fog,800.0,0.0000,0.0000,5,100.250,0.0000,0,0.9689,,0.850,0,
2333,7,50,fog-59,1,fog,900.0,0.0000,0.0000,10,100.500,1.0000,0,0.9650,,0.850,0,
2334,7,50,fog-59,1,fog,1000.0,0.0000,0.0000,4,100.200,0.3536,0,0.9611,,0.850,0,
2335,7,50,fog-59,1,fog,1100.0,0.0000,0.0000,10,100.500,1.0000,0,0.9572,,0.850,0,
2336,7,50,fog-59,1,fog,1200.0,0.0000,0.0000,0,100.000,,0,0.9534,,0.850,0,
2337,7,50,fog-59,1,fog,1300.0,0.0000,0.0000,9,100.450,0.9969,0,0.9495,,0.850,0,
2338,7,50,fog-59,1,fog,1400.0,0.0000,0.0000,0,100.000,,0,0.9456,,0.850,0,
2339,7,50,fog-59,1,fog,1500.0,0.0000,0.0000,0,100.000,,0,0.9417,,0.850,0,
2340,7,50,fog-59,1,fog,1600.0,0.0000,0.0000,0,100.000,,0,0.9378,,0.850,0,
2341,7,50,fog-59,1,fog,1700.0,0.0000,0.0000,0,100.000,,0,0.9339,,0.850,0,
2342,7,50,fog-59,1,fog,1800.0,0.0000,0.0000,11,100.550,1.0000,0,0.9300,,0.850,0,
2343,7,50,fog-59,1,fog,1900.0,0.0000,0.0000,10,100.500,1.0000,0,0.9262,,0.850,0,
2344,7,50,fog-59,1,fog,2000.0,0.0000,0.0000,9,100.450,0.9873,0,0.9223,,0.850,0,
2345,7,50,fog-59,1,fog,2100.0,0.0000,0.0000,0,100.000,,0,0.9184,,0.850,0,
2346,7,50,fog-59,1,fog,2200.0,0.0000,0.0000,5,100.250,0.0000,0,0.9145,,0.850,0,
2347,7,50,fog-59,1,fog,2300.0,0.0000,0.0000,11,100.550,1.0000,0,0.9106,,0.850,0,
2348,7,50,fog-59,1,fog,2400.0,0.0000,0.0000,4,100.200,0.3536,0,0.9067,,0.850,0,
2349,7,50,fog-59,1,fog,2500.0,0.0000,0.0000,5,100.250,0.0000,0,0.9028,,0.850,0,
2350,7,50,fog-59,1,fog,2600.0,0.0000,0.0000,5,100.250,0.0000,0,0.8990,,0.850,0,
2351,7,50,fog-59,1,fog,2700.0,0.0000,0.0000,4,100.200,0.0000,0,0.8951,,0.850,0,
2352,7,50,fog-59,1,fog,2800.0,0.0000,0.0000,4,100.200,0.0000,0,0.8912,,0.850,0,
2353,7,50,fog-59,1,fog,2900.0,0.0000,0.0000,0,100.000,,0,0.8873,,0.850,0,
2354,7,50,fog-59,1,fog,3000.0,0.0000,0.0000,9,100.450,0.9908,0,0.8834,,0.850,0,
2355,7,50,fog-59,1,fog,3100.0,0.0000,0.0000,0,100.000,,0,0.8795,,0.850,0,
2356,7,50,fog-59,1,fog,3200.0,0.0000,0.0000,5,100.250,0.0000,0,0.8756,,0.850,0,
2357,7,50,fog-59,1,fog,3300.0,0.0000,0.0000,10,100.500,1.0000,0,0.8717,,0.850,0,
2358,7,50,fog-59,1,fog,3400.0,0.0000,0.0000,5,100.250,0.0000,0,0.8679,,0.850,0,
2359,7,50,fog-59,1,fog,3500.0,0.0000,0.0000,0,100.000,,0,0.8640,,0.850,0,
2360,7,50,fog-59,1,fog,3600.0,0.0000,0.0000,0,100.000,,0,0.8601,,0.850,0,
2361,7,50,fog-59,1,fog,3700.0,0.0000,0.0000,3,100.150,0.3333,0,0.8562,,0.850,0,
2362,7,50,fog-59,1,fog,3800.0,0.0000,0.0000,10,100.500,1.0000,0,0.8523,,0.850,0,
2363,7,50,fog-59,1,fog,3900.0,0.0000,0.0000,5,100.250,0.0000,0,0.8484,,0.850,0,
2364,7,50,fog-59,1,fog,4000.0,0.0000,0.0000,9,100.450,0.9908,0,0.8445,,0.850,0,
2365,7,50,fog-59,1,fog,4100.0,0.0000,0.0000,14,100.700,1.0000,0,0.8407,,0.850,0,
2366,7,50,fog-59,1,fog,4200.0,0.0000,0.0000,10,100.500,1.0000,0,0.8368,,0.850,0,
2367,7,50,fog-59,1,fog,4300.0,0.0000,0.0000,0,100.000,,0,0.8329,,0.850,0,
2368,7,50,fog-59,1,fog,4400.0,0.0000,0.0000,4,100.200,0.0000,0,0.8290,,0.850,0,
2369,7,50,fog-59,1,fog,4500.0,0.0000,0.0000,0,100.000,,0,0.8251,,0.850,0,
2370,7,50,fog-59,1,fog,4600.0,0.0000,0.0000,0,100.000,,0,0.8212,,0.850,0,
2371,7,50,fog-59,1,fog,4700.0,0.0000,0.0000,0,100.000,,0,0.8173,,0.850,0,
2372,7,50,fog-59,1,fog,4800.0,0.0000,0.0000,0,100.000,,0,0.8135,,0.850,0,
2373,7,50,fog-59,1,fog,4900.0,0.0000,0.0000,0,100.000,,0,0.8096,,0.850,0,
2374,7,50,fog-59,1,fog,5000.0,0.0000,0.0000,4,100.200,0.3536,0,0.8057,,0.850,0,
2375,7,51,fog-60,1,fog,0.0,0.0000,0.0000,0,100.000,,0,1.0000,,0.850,0,
2376,7,51,fog-60,1,fog,100.0,0.0000,0.0000,0,100.000,,0,0.9961,,0.850,0,
2377,7,51,fog-60,1,fog,200.0,0.0000,0.0000,0,100.000,,0,0.9922,,0.850,0,
2378,7,51,fog-60,1,fog,300.0,0.0000,0.0000,0,100.000,,0,0.9883,,0.850,0,
2379,7,51,fog-60,1,fog,400.0,0.0000,0.0000,0,100.000,,0,0.9845,,0.850,0,
2380,7,51,fog-60,1,fog,500.0,0.0000,0.0000,0,100.000,,0,0.9806,,0.850,0,
2381,7,51,fog-60,1,fog,600.0,0.0000,0.0000,0,100.000,,0,0.9767,,0.850,0,
2382,7,51,fog-60,1,fog,700.0,0.0000,0.0000,0,100.000,,0,0.9728,,0.850,0,
2383,7,51,fog-60,1,fog,800.0,0.0000,0.0000,0,100.000,,0,0.9689,,0.850,0,
2384,7,51,fog-60,1,fog,900.0,0.0000,0.0000,0,100.000,,0,0.9650,,0.850,0,
2385,7,51,fog-60,1,fog,1000.0,0.0000,0.0000,0,100.000,,0,0.9611,,0.850,0,
2386,7,51,fog-60,1,fog,1100.0,0.0000,0.0000,0,100.000,,0,0.9572,,0.850,0,
2387,7,51,fog-60,1,fog,1200.0,0.0000,0.0000,0,100.000,,0,0.9534,,0.850,0,
2388,7,51,fog-60,1,fog,1300.0,0.0000,0.0000,0,100.000,,0,0.9495,,0.850,0,
2389,7,51,fog-60,1,fog,1400.0,0.0000,0.0000,0,100.000,,0,0.9456,,0.850,0,
2390,7,51,fog-60,1,fog,1500.0,0.0000,0.0000,0,100.000,,0,0.9417,,0.850,0,
2391,7,51,fog-60,1,fog,1600.0,0.0000,0.0000,0,100.000,,0,0.9378,,0.850,0,
2392,7,51,fog-60,1,fog,1700.0,0.0000,0.0000,0,100.000,,0,0.9339,,0.850,0,
2393,7,51,fog-60,1,fog,1800.0,0.0000,0.0000,0,100.000,,0,0.9300,,0.850,0,
2394,7,51,fog-60,1,fog,1900.0,0.0000,0.0000,0,100.000,,0,0.9262,,0.850,0,
2395,7,51,fog-60,1,fog,2000.0,0.0000,0.0000,0,100.000,,0,0.9223,,0.850,0,
2396,7,51,fog-60,1,fog,2100.0,0.0000,0.0000,0,100.000,,0,0.9184,,0.850,0,
2397,7,51,fog-60,1,fog,2200.0,0.0000,0.0000,0,100.000,,0,0.9145,,0.850,0,
2398,7,51,fog-60,1,fog,2300.0,0.0000,0.0000,0,100.000,,0,0.9106,,0.850,0,
2399,7,51,fog-60,1,fog,2400.0,0.0000,0.0000,0,100.000,,0,0.9067,,0.850,0,
2400,7,51,fog-60,1,fog,2500.0,0.0000,0.0000,0,100.000,,0,0.9028,,0.850,0,
2401,7,51,fog-60,1,fog,2600.0,0.0000,0.0000,0,100.000,,0,0.8990,,0.850,0,
2402,7,51,fog-60,1,fog,2700.0,0.0000,0.0000,0,100.000,,0,0.8951,,0.850,0,
2403,7,51,fog-60,1,fog,2800.0,0.0000,0.0000,0,100.000,,0,0.8912,,0.850,0,
2404,7,51,fog-60,1,fog,2900.0,0.0000,0.0000,0,100.000,,0,0.8873,,0.850,0,
2405,7,51,fog-60,1,fog,3000.0,0.0000,0.0000,0,100.000,,0,0.8834,,0.850,0,
2406,7,51,fog-60,1,fog,3100.0,0.0000,0.0000,0,100.000,,0,0.8795,,0.850,0,
2407,7,51,fog-60,1,fog,3200.0,0.0000,0.0000,0,100.000,,0,0.8756,,0.850,0,
2408,7,51,fog-60,1,fog,3300.0,0.0000,0.0000,0,100.000,,0,0.8717,,0.850,0,
2409,7,51,fog-60,1,fog,3400.0,0.0000,0.0000,0,100.000,,0,0.8679,,0.850,0,
2410,7,51,fog-60,1,fog,3500.0,0.0000,0.0000,0,100.000,,0,0.8640,,0.850,0,
2411,7,51,fog-60,1,fog,3600.0,0.0000,0.0000,0,100.000,,0,0.8601,,0.850,0,
2412,7,51,fog-60,1,fog,3700.0,0.0000,0.0000,0,100.000,,0,0.8562,,0.850,0,
2413,7,51,fog-60,1,fog,3800.0,0.0000,0.0000,0,100.000,,0,0.8523,,0.850,0,
2414,7,51,fog-60,1,fog,3900.0,0.0000,0.0000,0,100.000,,0,0.8484,,0.850,0,
2415,7,51,fog-60,1,fog,4000.0,0.0000,0.0000,0,100.000,,0,0.8445,,0.850,0,
2416,7,51,fog-60,1,fog,4100.0,0.0000,0.0000,0,100.000,,0,0.8407,,0.850,0,
2417,7,51,fog-60,1,fog,4200.0,0.0000,0.0000,0,100.000,,0,0.8368,,0.850,0,
2418,7,51,fog-60,1,fog,4300.0,0.0000,0.0000,0,100.000,,0,0.8329,,0.850,0,
2419,7,51,fog-60,1,fog,4400.0,0.0000,0.0000,0,100.000,,0,0.8290,,0.850,0,
2420,7,51,fog-60,1,fog,4500.0,0.0000,0.0000,0,100.000,,0,0.8251,,0.850,0,
2421,7,51,fog-60,1,fog,4600.0,0.0000,0.0000,0,100.000,,0,0.8212,,0.850,0,
2422,7,51,fog-60,1,fog,4700.0,0.0000,0.0000,0,100.000,,0,0.8173,,0.850,0,
2423,7,51,fog-60,1,fog,4800.0,0.0000,0.0000,0,100.000,,0,0.8135,,0.850,0,
2424,7,51,fog-60,1,fog,4900.0,0.0000,0.0000,0,100.000,,0,0.8096,,0.850,0,
2425,7,51,fog-60,1,fog,5000.0,0.0000,0.0000,0,100.000,,0,0.8057,,0.850,0,
2426,7,52,fog-61,1,fog,0.0,0.0000,0.0000,0,100.000,,0,1.0000,,0.850,0,
2427,7,52,fog-61,1,fog,100.0,0.0000,0.0000,6,100.300,1.0000,0,0.9961,,0.850,0,
2428,7,52,fog-61,1,fog,200.0,0.0000,0.0000,25,101.100,1.0000,0,0.9922,,0.850,0,
2429,7,52,fog-61,1,fog,300.0,0.0000,0.0000,25,101.100,1.0000,0,0.9883,,0.850,0,
2430,7,52,fog-61,1,fog,400.0,0.0000,0.0000,55,101.850,1.0000,0,0.9845,,0.850,0,
2431,7,52,fog-61,1,fog,500.0,0.0000,0.0000,37,101.400,1.0000,0,0.9806,,0.850,0,
2432,7,52,fog-61,1,fog,600.0,0.0000,0.0000,31,101.250,1.0000,0,0.9767,,0.850,0,
2433,7,52,fog-61,1,fog,700.0,0.0000,0.0000,27,101.150,1.0000,0,0.9728,,0.850,0,
2434,7,52,fog-61,1,fog,800.0,0.0000,0.0000,15,100.750,1.0000,0,0.9689,,0.850,0,
2435,7,52,fog-61,1,fog,900.0,0.0000,0.0000,13,100.650,1.0000,0,0.9650,,0.850,0,
2436,7,52,fog-61,1,fog,1000.0,0.0000,0.0000,25,101.100,1.0000,0,0.9611,,0.850,0,
2437,7,52,fog-61,1,fog,1100.0,0.0000,0.0000,9,100.450,0.9865,0,0.9572,,0.850,0,
2438,7,52,fog-61,1,fog,1200.0,0.0000,0.0000,14,100.700,1.0000,0,0.9534,,0.850,0,
2439,7,52,fog-61,1,fog,1300.0,0.0000,0.0000,12,100.600,1.0000,0,0.9495,,0.850,0,
2440,7,52,fog-61,1,fog,1400.0,0.0000,0.0000,0,100.000,,0,0.9456,,0.850,0,
2441,7,52,fog-61,1,fog,1500.0,0.0000,0.0000,8,100.400,0.8607,0,0.9417,,0.850,0,
2442,7,52,fog-61,1,fog,1600.0,0.0000,0.0000,18,100.900,1.0000,0,0.9378,,0.850,0,
2443,7,52,fog-61,1,fog,1700.0,0.0000,0.0000,29,101.200,1.0000,0,0.9339,,0.850,0,
2444,7,52,fog-61,1,fog,1800.0,0.0000,0.0000,19,100.950,1.0000,0,0.9300,,0.850,0,
2445,7,52,fog-61,1,fog,1900.0,0.0000,0.0000,37,101.400,1.0000,0,0.9262,,0.850,0,
2446,7,52,fog-61,1,fog,2000.0,0.0000,0.0000,19,100.950,1.0000,0,0.9223,,0.850,0,
2447,7,52,fog-61,1,fog,2100.0,0.0000,0.0000,15,100.750,1.0000,0,0.9184,,0.850,0,
2448,7,52,fog-61,1,fog,2200.0,0.0000,0.0000,16,100.800,1.0000,0,0.9145,,0.850,0,
2449,7,52,fog-61,1,fog,2300.0,0.0000,0.0000,5,100.250,0.0000,0,0.9106,,0.850,0,
2450,7,52,fog-61,1,fog,2400.0,0.0000,0.0000,15,100.750,1.0000,0,0.9067,,0.850,0,
2451,7,52,fog-61,1,fog,2500.0,0.0000,0.0000,12,100.600,1.0000,0,0.9028,,0.850,0,
2452,7,52,fog-61,1,fog,2600.0,0.0000,0.0000,9,100.450,0.9853,0,0.8990,,0.850,0,
2453,7,52,fog-61,1,fog,2700.0,0.0000,0.0000,8,100.400,0.8658,0,0.8951,,0.850,0,
2454,7,52,fog-61,1,fog,2800.0,0.0000,0.0000,0,100.000,,0,0.8912,,0.850,0,
2455,7,52,fog-61,1,fog,2900.0,0.0000,0.0000,25,101.100,1.0000,0,0.8873,,0.850,0,
2456,7,52,fog-61,1,fog,3000.0,0.0000,0.0000,15,100.750,1.0000,0,0.8834,,0.850,0,
2457,7,52,fog-61,1,fog,3100.0,0.0000,0.0000,4,100.200,0.0000,0,0.8795,,0.850,0,
2458,7,52,fog-61,1,fog,3200.0,0.0000,0.0000,5,100.250,0.0000,0,0.8756,,0.850,0,
2459,7,52,fog-61,1,fog,3300.0,0.0000,0.0000,5,100.250,0.0000,0,0.8717,,0.850,0,
2460,7,52,fog-61,1,fog,3400.0,0.0000,0.0000,10,100.500,1.0000,0,0.8679,,0.850,0,
2461,7,52,fog-61,1,fog,3500.0,0.0000,0.0000,5,100.250,0.0000,0,0.8640,,0.850,0,
2462,7,52,fog-61,1,fog,3600.0,0.0000,0.0000,14,100.700,1.0000,0,0.8601,,0.850,0,
2463,7,52,fog-61,1,fog,3700.0,0.0000,0.0000,15,100.750,1.0000,0,0.8562,,0.850,0,
2464,7,52,fog-61,1,fog,3800.0,0.0000,0.0000,14,100.700,1.0000,0,0.8523,,0.850,0,
2465,7,52,fog-61,1,fog,3900.0,0.0000,0.0000,13,100.650,1.0000,0,0.8484,,0.850,0,
2466,7,52,fog-61,1,fog,4000.0,0.0000,0.0000,19,100.950,1.0000,0,0.8445,,0.850,0,
2467,7,52,fog-61,1,fog,4100.0,0.0000,0.0000,12,100.600,1.0000,0,0.8407,,0.850,0,
2468,7,52,fog-61,1,fog,4200.0,0.0000,0.0000,0,100.000,,0,0.8368,,0.850,0,
2469,7,52,fog-61,1,fog,4300.0,0.0000,0.0000,3,100.150,0.0000,0,0.8329,,0.850,0,
2470,7,52,fog-61,1,fog,4400.0,0.0000,0.0000,13,100.650,1.0000,0,0.8290,,0.850,0,
2471,7,52,fog-61,1,fog,4500.0,0.0000,0.0000,18,100.900,1.0000,0,0.8251,,0.850,0,
2472,7,52,fog-61,1,fog,4600.0,0.0000,0.0000,6,100.300,0.9318,0,0.8212,,0.850,0,
2473,7,52,fog-61,1,fog,4700.0,0.0000,0.0000,18,100.900,1.0000,0,0.8173,,0.850,0,
2474,7,52,fog-61,1,fog,4800.0,0.0000,0.0000,21,101.000,1.0000,0,0.8135,,0.850,0,
2475,7,52,fog-61,1,fog,4900.0,0.0000,0.0000,33,101.300,1.0000,0,0.8096,,0.850,0,
2476,7,52,fog-61,1,fog,5000.0,0.0000,0.0000,29,101.200,1.0000,0,0.8057,,0.850,0,
2477,7,53,fog-62,1,fog,0.0,0.0000,0.0000,0,100.000,,0,1.0000,,0.850,0,
2478,7,53,fog-62,1,fog,100.0,0.0000,0.0000,0,100.000,,0,0.9961,,0.850,0,
2479,7,53,fog-62,1,fog,200.0,0.0000,0.0000,0,100.000,,0,0.9922,,0.850,0,
2480,7,53,fog-62,1,fog,300.0,0.0000,0.0000,0,100.000,,0,0.9883,,0.850,0,
2481,7,53,fog-62,1,fog,400.0,0.0000,0.0000,0,100.000,,0,0.9845,,0.850,0,
2482,7,53,fog-62,1,fog,500.0,0.0000,0.0000,0,100.000,,0,0.9806,,0.850,0,
2483,7,53,fog-62,1,fog,600.0,0.0000,0.0000,0,100.000,,0,0.9767,,0.850,0,
2484,7,53,fog-62,1,fog,700.0,0.0000,0.0000,0,100.000,,0,0.9728,,0.850,0,
2485,7,53,fog-62,1,fog,800.0,0.0000,0.0000,0,100.000,,0,0.9689,,0.850,0,
2486,7,53,fog-62,1,fog,900.0,0.0000,0.0000,0,100.000,,0,0.9650,,0.850,0,
2487,7,53,fog-62,1,fog,1000.0,0.0000,0.0000,0,100.000,,0,0.9611,,0.850,0,
2488,7,53,fog-62,1,fog,1100.0,0.0000,0.0000,0,100.000,,0,0.9572,,0.850,0,
2489,7,53,fog-62,1,fog,1200.0,0.0000,0.0000,0,100.000,,0,0.9534,,0.850,0,
2490,7,53,fog-62,1,fog,1300.0,0.0000,0.0000,0,100.000,,0,0.9495,,0.850,0,
2491,7,53,fog-62,1,fog,1400.0,0.0000,0.0000,0,100.000,,0,0.9456,,0.850,0,
2492,7,53,fog-62,1,fog,1500.0,0.0000,0.0000,0,100.000,,0,0.9417,,0.850,0,
2493,7,53,fog-62,1,fog,1600.0,0.0000,0.0000,0,100.000,,0,0.9378,,0.850,0,
2494,7,53,fog-62,1,fog,1700.0,0.0000,0.0000,0,100.000,,0,0.9339,,0.850,0,
2495,7,53,fog-62,1,fog,1800.0,0.0000,0.0000,0,100.000,,0,0.9300,,0.850,0,
2496,7,53,fog-62,1,fog,1900.0,0.0000,0.0000,0,100.000,,0,0.9262,,0.850,0,
2497,7,53,fog-62,1,fog,2000.0,0.0000,0.0000,0,100.000,,0,0.9223,,0.850,0,
2498,7,53,fog-62,1,fog,2100.0,0.0000,0.0000,0,100.000,,0,0.9184,,0.850,0,
2499,7,53,fog-62,1,fog,2200.0,0.0000,0.0000,0,100.000,,0,0.9145,,0.850,0,
2500,7,53,fog-62,1,fog,2300.0,0.0000,0.0000,0,100.000,,0,0.9106,,0.850,0,
2501,7,53,fog-62,1,fog,2400.0,0.0000,0.0000,0,100.000,,0,0.9067,,0.850,0,
2502,7,53,fog-62,1,fog,2500.0,0.0000,0.0000,0,100.000,,0,0.9028,,0.850,0,
2503,7,53,fog-62,1,fog,2600.0,0.0000,0.0000,0,100.000,,0,0.8990,,0.850,0,
2504,7,53,fog-62,1,fog,2700.0,0.0000,0.0000,0,100.000,,0,0.8951,,0.850,0,
2505,7,53,fog-62,1,fog,2800.0,0.0000,0.0000,0,100.000,,0,0.8912,,0.850,0,
2506,7,53,fog-62,1,fog,2900.0,0.0000,0.0000,0,100.000,,0,0.8873,,0.850,0,
2507,7,53,fog-62,1,fog,3000.0,0.0000,0.0000,0,100.000,,0,0.8834,,0.850,0,
2508,7,53,fog-62,1,fog,3100.0,0.0000,0.0000,0,100.000,,0,0.8795,,0.850,0,
2509,7,53,fog-62,1,fog,3200.0,0.0000,0.0000,0,100.000,,0,0.8756,,0.850,0,
2510,7,53,fog-62,1,fog,3300.0,0.0000,0.0000,0,100.000,,0,0.8717,,0.850,0,
2511,7,53,fog-62,1,fog,3400.0,0.0000,0.0000,0,100.000,,0,0.8679,,0.850,0,
2512,7,53,fog-62,1,fog,3500.0,0.0000,0.0000,0,100.000,,0,0.8640,,0.850,0,
2513,7,53,fog-62,1,fog,3600.0,0.0000,0.0000,0,100.000,,0,0.8601,,0.850,0,
2514,7,53,fog-62,1,fog,3700.0,0.0000,0.0000,0,100.000,,0,0.8562,,0.850,0,
2515,7,53,fog-62,1,fog,3800.0,0.0000,0.0000,0,100.000,,0,0.8523,,0.850,0,
2516,7,53,fog-62,1,fog,3900.0,0.0000,0.0000,0,100.000,,0,0.8484,,0.850,0,
2517,7,53,fog-62,1,fog,4000.0,0.0000,0.0000,0,100.000,,0,0.8445,,0.850,0,
2518,7,53,fog-62,1,fog,4100.0,0.0000,0.0000,0,100.000,,0,0.8407,,0.850,0,
2519,7,53,fog-62,1,fog,4200.0,0.0000,0.0000,0,100.000,,0,0.8368,,0.850,0,
2520,7,53,fog-62,1,fog,4300.0,0.0000,0.0000,0,100.000,,0,0.8329,,0.850,0,
2521,7,53,fog-62,1,fog,4400.0,0.0000,0.0000,0,100.000,,0,0.8290,,0.850,0,
2522,7,53,fog-62,1,fog,4500.0,0.0000,0.0000,0,100.000,,0,0.8251,,0.850,0,
2523,7,53,fog-62,1,fog,4600.0,0.0000,0.0000,0,100.000,,0,0.8212,,0.850,0,
2524,7,53,fog-62,1,fog,4700.0,0.0000,0.0000,0,100.000,,0,0.8173,,0.850,0,
2525,7,53,fog-62,1,fog,4800.0,0.0000,0.0000,0,100.000,,0,0.8135,,0.850,0,
2526,7,53,fog-62,1,fog,4900.0,0.0000,0.0000,0,100.000,,0,0.8096,,0.850,0,
2527,7,53,fog-62,1,fog,5000.0,0.0000,0.0000,0,100.000,,0,0.8057,,0.850,0,
2528,7,54,fog-63,1,fog,0.0,0.0000,0.0000,0,100.000,,0,1.0000,,0.850,0,
2529,7,54,fog-63,1,fog,100.0,0.0000,0.0000,2,100.100,,0,0.9961,,0.850,0,
2530,7,54,fog-63,1,fog,200.0,0.0000,0.0000,0,100.000,,0,0.9922,,0.850,0,
2531,7,54,fog-63,1,fog,300.0,0.0000,0.0000,0,100.000,,0,0.9883,,0.850,0,
2532,7,54,fog-63,1,fog,400.0,0.0000,0.0000,0,100.000,,0,0.9845,,0.850,0,
2533,7,54,fog-63,1,fog,500.0,0.0000,0.0000,0,100.000,,0,0.9806,,0.850,0,
2534,7,54,fog-63,1,fog,600.0,0.0000,0.0000,0,100.000,,0,0.9767,,0.850,0,
2535,7,54,fog-63,1,fog,700.0,0.0000,0.0000,0,100.000,,0,0.9728,,0.850,0,
2536,7,54,fog-63,1,fog,800.0,0.0000,0.0000,0,100.000,,0,0.9689,,0.850,0,
2537,7,54,fog-63,1,fog,900.0,0.0000,0.0000,0,100.000,,0,0.9650,,0.850,0,
2538,7,54,fog-63,1,fog,1000.0,0.0000,0.0000,5,100.250,0.0000,0,0.9611,,0.850,0,
2539,7,54,fog-63,1,fog,1100.0,0.0000,0.0000,4,100.200,0.3536,0,0.9572,,0.850,0,
2540,7,54,fog-63,1,fog,1200.0,0.0000,0.0000,0,100.000,,0,0.9534,,0.850,0,
2541,7,54,fog-63,1,fog,1300.0,0.0000,0.0000,5,100.250,0.0000,0,0.9495,,0.850,0,
2542,7,54,fog-63,1,fog,1400.0,0.0000,0.0000,5,100.250,0.0000,0,0.9456,,0.850,0,
2543,7,54,fog-63,1,fog,1500.0,0.0000,0.0000,5,100.250,0.0000,0,0.9417,,0.850,0,
2544,7,54,fog-63,1,fog,1600.0,0.0000,0.0000,10,100.500,1.0000,0,0.9378,,0.850,0,
2545,7,54,fog-63,1,fog,1700.0,0.0000,0.0000,5,100.250,0.0000,0,0.9339,,0.850,0,
2546,7,54,fog-63,1,fog,1800.0,0.0000,0.0000,0,100.000,,0,0.9300,,0.850,0,
2547,7,54,fog-63,1,fog,1900.0,0.0000,0.0000,0,100.000,,0,0.9262,,0.850,0,
2548,7,54,fog-63,1,fog,2000.0,0.0000,0.0000,0,100.000,,0,0.9223,,0.850,0,
2549,7,54,fog-63,1,fog,2100.0,0.0000,0.0000,0,100.000,,0,0.9184,,0.850,0,
2550,7,54,fog-63,1,fog,2200.0,0.0000,0.0000,0,100.000,,0,0.9145,,0.850,0,
2551,7,54,fog-63,1,fog,2300.0,0.0000,0.0000,0,100.000,,0,0.9106,,0.850,0,
2552,7,54,fog-63,1,fog,2400.0,0.0000,0.0000,5,100.250,0.0000,0,0.9067,,0.850,0,
2553,7,54,fog-63,1,fog,2500.0,0.0000,0.0000,5,100.250,0.0000,0,0.9028,,0.850,0,
2554,7,54,fog-63,1,fog,2600.0,0.0000,0.0000,0,100.000,,0,0.8990,,0.850,0,
2555,7,54,fog-63,1,fog,2700.0,0.0000,0.0000,0,100.000,,0,0.8951,,0.850,0,
2556,7,54,fog-63,1,fog,2800.0,0.0000,0.0000,0,100.000,,0,0.8912,,0.850,0,
2557,7,54,fog-63,1,fog,2900.0,0.0000,0.0000,0,100.000,,0,0.8873,,0.850,0,
2558,7,54,fog-63,1,fog,3000.0,0.0000,0.0000,0,100.000,,0,0.8834,,0.850,0,
2559,7,54,fog-63,1,fog,3100.0,0.0000,0.0000,5,100.250,0.0000,0,0.8795,,0.850,0,
2560,7,54,fog-63,1,fog,3200.0,0.0000,0.0000,5,100.250,0.0000,0,0.8756,,0.850,0,
2561,7,54,fog-63,1,fog,3300.0,0.0000,0.0000,0,100.000,,0,0.8717,,0.850,0,
2562,7,54,fog-63,1,fog,3400.0,0.0000,0.0000,0,100.000,,0,0.8679,,0.850,0,
2563,7,54,fog-63,1,fog,3500.0,0.0000,0.0000,0,100.000,,0,0.8640,,0.850,0,
2564,7,54,fog-63,1,fog,3600.0,0.0000,0.0000,0,100.000,,0,0.8601,,0.850,0,
2565,7,54,fog-63,1,fog,3700.0,0.0000,0.0000,0,100.000,,0,0.8562,,0.850,0,
2566,7,54,fog-63,1,fog,3800.0,0.0000,0.0000,0,100.000,,0,0.8523,,0.850,0,
2567,7,54,fog-63,1,fog,3900.0,0.0000,0.0000,0,100.000,,0,0.8484,,0.850,0,
2568,7,54,fog-63,1,fog,4000.0,0.0000,0.0000,5,100.250,0.0000,0,0.8445,,0.850,0,
2569,7,54,fog-63,1,fog,4100.0,0.0000,0.0000,5,100.250,0.0000,0,0.8407,,0.850,0,
2570,7,54,fog-63,1,fog,4200.0,0.0000,0.0000,0,100.000,,0,0.8368,,0.850,0,
2571,7,54,fog-63,1,fog,4300.0,0.0000,0.0000,0,100.000,,0,0.8329,,0.850,0,
2572,7,54,fog-63,1,fog,4400.0,0.0000,0.0000,0,100.000,,0,0.8290,,0.850,0,
2573,7,54,fog-63,1,fog,4500.0,0.0000,0.0000,0,100.000,,0,0.8251,,0.850,0,
2574,7,54,fog-63,1,fog,4600.0,0.0000,0.0000,5,100.250,0.0000,0,0.8212,,0.850,0,
2575,7,54,fog-63,1,fog,4700.0,0.0000,0.0000,4,100.200,0.0000,0,0.8173,,0.850,0,
2576,7,54,fog-63,1,fog,4800.0,0.0000,0.0000,0,100.000,,0,0.8135,,0.850,0,
2577,7,54,fog-63,1,fog,4900.0,0.0000,0.0000,0,100.000,,0,0.8096,,0.850,0,
2578,7,54,fog-63,1,fog,5000.0,0.0000,0.0000,0,100.000,,0,0.8057,,0.850,0,
2579,7,55,fog-64,1,fog,0.0,0.0000,0.0000,0,100.000,,0,1.0000,,0.850,0,
2580,7,55,fog-64,1,fog,100.0,0.0000,0.0000,2,100.100,,0,0.9961,,0.850,0,
2581,7,55,fog-64,1,fog,200.0,0.0000,0.0000,3,100.150,0.5000,0,0.9922,,0.850,0,
2582,7,55,fog-64,1,fog,300.0,0.0000,0.0000,0,100.000,,0,0.9883,,0.850,0,
2583,7,55,fog-64,1,fog,400.0,0.0000,0.0000,9,100.450,0.9809,0,0.9845,,0.850,0,
2584,7,55,fog-64,1,fog,500.0,0.0000,0.0000,5,100.250,0.0000,0,0.9806,,0.850,0,
2585,7,55,fog-64,1,fog,600.0,0.0000,0.0000,5,100.250,0.0000,0,0.9767,,0.850,0,
2586,7,55,fog-64,1,fog,700.0,0.0000,0.0000,0,100.000,,0,0.9728,,0.850,0,
2587,7,55,fog-64,1,fog,800.0,0.0000,0.0000,4,100.200,0.0000,0,0.9689,,0.850,0,
2588,7,55,fog-64,1,fog,900.0,0.0000,0.0000,0,100.000,,0,0.9650,,0.850,0,
2589,7,55,fog-64,1,fog,1000.0,0.0000,0.0000,0,100.000,,0,0.9611,,0.850,0,
2590,7,55,fog-64,1,fog,1100.0,0.0000,0.0000,10,100.500,1.0000,0,0.9572,,0.850,0,
2591,7,55,fog-64,1,fog,1200.0,0.0000,0.0000,37,101.400,1.0000,0,0.9534,,0.850,0,
2592,7,55,fog-64,1,fog,1300.0,0.0000,0.0000,0,100.000,,0,0.9495,,0.850,0,
2593,7,55,fog-64,1,fog,1400.0,0.0000,0.0000,5,100.250,0.0000,0,0.9456,,0.850,0,
2594,7,55,fog-64,1,fog,1500.0,0.0000,0.0000,0,100.000,,0,0.9417,,0.850,0,
2595,7,55,fog-64,1,fog,1600.0,0.0000,0.0000,0,100.000,,0,0.9378,,0.850,0,
2596,7,55,fog-64,1,fog,1700.0,0.0000,0.0000,8,100.400,0.8628,0,0.9339,,0.850,0,
2597,7,55,fog-64,1,fog,1800.0,0.0000,0.0000,0,100.000,,0,0.9300,,0.850,0,
2598,7,55,fog-64,1,fog,1900.0,0.0000,0.0000,9,100.450,0.9958,0,0.9262,,0.850,0,
2599,7,55,fog-64,1,fog,2000.0,0.0000,0.0000,0,100.000,,0,0.9223,,0.850,0,
2600,7,55,fog-64,1,fog,2100.0,0.0000,0.0000,4,100.200,0.3536,0,0.9184,,0.850,0,
2601,7,55,fog-64,1,fog,2200.0,0.0000,0.0000,0,100.000,,0,0.9145,,0.850,0,
2602,7,55,fog-64,1,fog,2300.0,0.0000,0.0000,0,100.000,,0,0.9106,,0.850,0,
2603,7,55,fog-64,1,fog,2400.0,0.0000,0.0000,5,100.250,0.0000,0,0.9067,,0.850,0,
2604,7,55,fog-64,1,fog,2500.0,0.0000,0.0000,5,100.250,0.0000,0,0.9028,,0.850,0,
2605,7,55,fog-64,1,fog,2600.0,0.0000,0.0000,5,100.250,0.0000,0,0.8990,,0.850,0,
2606,7,55,fog-64,1,fog,2700.0,0.0000,0.0000,5,100.250,0.0000,0,0.8951,,0.850,0,
2607,7,55,fog-64,1,fog,2800.0,0.0000,0.0000,10,100.500,1.0000,0,0.8912,,0.850,0,
2608,7,55,fog-64,1,fog,2900.0,0.0000,0.0000,0,100.000,,0,0.8873,,0.850,0,
2609,7,55,fog-64,1,fog,3000.0,0.0000,0.0000,3,100.150,0.0000,0,0.8834,,0.850,0,
2610,7,55,fog-64,1,fog,3100.0,0.0000,0.0000,9,100.450,0.9958,0,0.8795,,0.850,0,
2611,7,55,fog-64,1,fog,3200.0,0.0000,0.0000,8,100.400,1.0000,0,0.8756,,0.850,0,
2612,7,55,fog-64,1,fog,3300.0,0.0000,0.0000,4,100.200,0.0000,0,0.8717,,0.850,0,
2613,7,55,fog-64,1,fog,3400.0,0.0000,0.0000,5,100.250,0.0000,0,0.8679,,0.850,0,
2614,7,55,fog-64,1,fog,3500.0,0.0000,0.0000,5,100.250,0.0000,0,0.8640,,0.850,0,
2615,7,55,fog-64,1,fog,3600.0,0.0000,0.0000,4,100.200,0.0000,0,0.8601,,0.850,0,
2616,7,55,fog-64,1,fog,3700.0,0.0000,0.0000,5,100.250,0.0000,0,0.8562,,0.850,0,
2617,7,55,fog-64,1,fog,3800.0,0.0000,0.0000,0,100.000,,0,0.8523,,0.850,0,
2618,7,55,fog-64,1,fog,3900.0,0.0000,0.0000,0,100.000,,0,0.8484,,0.850,0,
2619,7,55,fog-64,1,fog,4000.0,0.0000,0.0000,0,100.000,,0,0.8445,,0.850,0,
2620,7,55,fog-64,1,fog,4100.0,0.0000,0.0000,12,100.600,1.0000,0,0.8407,,0.850,0,
2621,7,55,fog-64,1,fog,4200.0,0.0000,0.0000,5,100.250,0.0000,0,0.8368,,0.850,0,
2622,7,55,fog-64,1,fog,4300.0,0.0000,0.0000,10,100.500,1.0000,0,0.8329,,0.850,0,
2623,7,55,fog-64,1,fog,4400.0,0.0000,0.0000,5,100.250,0.0000,0,0.8290,,0.850,0,
2624,7,55,fog-64,1,fog,4500.0,0.0000,0.0000,0,100.000,,0,0.8251,,0.850,0,
2625,7,55,fog-64,1,fog,4600.0,0.0000,0.0000,5,100.250,0.0000,0,0.8212,,0.850,0,
2626,7,55,fog-64,1,fog,4700.0,0.0000,0.0000,5,100.250,0.0000,0,0.8173,,0.850,0,
2627,7,55,fog-64,1,fog,4800.0,0.0000,0.0000,5,100.250,0.0000,0,0.8135,,0.850,0,
2628,7,55,fog-64,1,fog,4900.0,0.0000,0.0000,8,100.400,0.8569,0,0.8096,,0.850,0,
2629,7,55,fog-64,1,fog,5000.0,0.0000,0.0000,7,100.350,0.7071,0,0.8057,,0.850,0,
2630,7,56,fog-65,1,fog,0.0,0.0000,0.0000,0,100.000,,0,1.0000,,0.850,0,1711.4
2631,7,56,fog-65,1,fog,100.0,0.0000,0.0000,4,100.200,1.0000,0,0.9961,,0.850,0,1711.4
2632,7,56,fog-65,1,fog,200.0,0.0000,0.0000,10,100.500,1.0000,0,0.9922,,0.850,0,1711.4
2633,7,56,fog-65,1,fog,300.0,0.0000,0.0000,0,100.000,,0,0.9883,,0.850,0,1711.4
2634,7,56,fog-65,1,fog,400.0,0.0000,0.0000,5,100.250,0.0000,0,0.9845,,0.850,0,1711.4
2635,7,56,fog-65,1,fog,500.0,0.0000,0.0000,5,100.250,0.0000,0,0.9806,,0.850,0,1711.4
2636,7,56,fog-65,1,fog,600.0,0.0000,0.0000,5,100.250,0.0000,0,0.9767,,0.850,0,1711.4
2637,7,56,fog-65,1,fog,700.0,0.0000,0.0000,4,100.200,0.3536,0,0.9728,,0.850,0,1711.4
2638,7,56,fog-65,1,fog,800.0,0.0000,0.0000,5,100.250,0.0000,0,0.9689,,0.850,0,1711.4
2639,7,56,fog-65,1,fog,900.0,0.0000,0.0000,5,100.250,0.0000,0,0.9650,,0.850,0,1711.4
2640,7,56,fog-65,1,fog,1000.0,0.0000,0.0000,0,100.000,,0,0.9611,,0.850,0,1711.4
2641,7,56,fog-65,1,fog,1100.0,0.0000,0.0000,5,100.250,0.0000,0,0.9572,,0.850,0,1711.4
2642,7,56,fog-65,1,fog,1200.0,0.0000,0.0000,5,100.250,0.0000,0,0.9534,,0.850,0,1711.4
2643,7,56,fog-65,1,fog,1300.0,0.0000,0.0000,4,100.200,0.0000,0,0.9495,,0.850,0,1711.4
2644,7,56,fog-65,1,fog,1400.0,0.0000,0.0000,0,100.000,,0,0.9456,,0.850,0,1711.4
2645,7,56,fog-65,1,fog,1500.0,0.0000,0.0000,4,100.200,0.0000,0,0.9417,,0.850,0,1711.4
2646,7,56,fog-65,1,fog,1600.0,0.0000,0.0000,5,100.250,0.0000,0,0.9378,,0.850,1,1711.4
2647,7,56,fog-65,1,fog,1700.0,0.0000,0.0000,5,100.250,0.0000,0,0.9339,,0.850,1,1711.4
2648,7,57,fog-66,1,fog,0.0,0.0000,0.0000,0,100.000,,0,1.0000,,0.850,0,
2649,7,57,fog-66,1,fog,100.0,0.0000,0.0000,2,100.100,,0,0.9961,,0.850,0,
2650,7,57,fog-66,1,fog,200.0,0.0000,0.0000,5,100.250,0.0000,0,0.9922,,0.850,0,
2651,7,57,fog-66,1,fog,300.0,0.0000,0.0000,0,100.000,,0,0.9883,,0.850,0,
2652,7,57,fog-66,1,fog,400.0,0.0000,0.0000,0,100.000,,0,0.9845,,0.850,0,
2653,7,57,fog-66,1,fog,500.0,0.0000,0.0000,0,100.000,,0,0.9806,,0.850,0,
2654,7,57,fog-66,1,fog,600.0,0.0000,0.0000,0,100.000,,0,0.9767,,0.850,0,
2655,7,57,fog-66,1,fog,700.0,0.0000,0.0000,15,100.750,1.0000,0,0.9728,,0.850,0,
2656,7,57,fog-66,1,fog,800.0,0.0000,0.0000,0,100.000,,0,0.9689,,0.850,0,
2657,7,57,fog-66,1,fog,900.0,0.0000,0.0000,14,100.700,1.0000,0,0.9650,,0.850,0,
2658,7,57,fog-66,1,fog,1000.0,0.0000,0.0000,15,100.750,1.0000,0,0.9611,,0.850,0,
2659,7,57,fog-66,1,fog,1100.0,0.0000,0.0000,0,100.000,,0,0.9572,,0.850,0,
2660,7,57,fog-66,1,fog,1200.0,0.0000,0.0000,0,100.000,,0,0.9534,,0.850,0,
2661,7,57,fog-66,1,fog,1300.0,0.0000,0.0000,0,100.000,,0,0.9495,,0.850,0,
2662,7,57,fog-66,1,fog,1400.0,0.0000,0.0000,4,100.200,0.3536,0,0.9456,,0.850,0,
2663,7,57,fog-66,1,fog,1500.0,0.0000,0.0000,5,100.250,0.0000,0,0.9417,,0.850,0,
2664,7,57,fog-66,1,fog,1600.0,0.0000,0.0000,5,100.250,0.0000,0,0.9378,,0.850,0,
2665,7,57,fog-66,1,fog,1700.0,0.0000,0.0000,5,100.250,0.0000,0,0.9339,,0.850,0,
2666,7,57,fog-66,1,fog,1800.0,0.0000,0.0000,0,100.000,,0,0.9300,,0.850,0,
2667,7,57,fog-66,1,fog,1900.0,0.0000,0.0000,0,100.000,,0,0.9262,,0.850,0,
2668,7,57,fog-66,1,fog,2000.0,0.0000,0.0000,5,100.250,0.0000,0,0.9223,,0.850,0,
2669,7,57,fog-66,1,fog,2100.0,0.0000,0.0000,0,100.000,,0,0.9184,,0.850,0,
2670,7,57,fog-66,1,fog,2200.0,0.0000,0.0000,5,100.250,0.0000,0,0.9145,,0.850,0,
2671,7,57,fog-66,1,fog,2300.0,0.0000,0.0000,4,100.200,0.0000,0,0.9106,,0.850,0,
2672,7,57,fog-66,1,fog,2400.0,0.0000,0.0000,0,100.000,,0,0.9067,,0.850,0,
2673,7,57,fog-66,1,fog,2500.0,0.0000,0.0000,4,100.200,0.0000,0,0.9028,,0.850,0,
2674,7,57,fog-66,1,fog,2600.0,0.0000,0.0000,0,100.000,,0,0.8990,,0.850,0,
2675,7,57,fog-66,1,fog,2700.0,0.0000,0.0000,5,100.250,0.0000,0,0.8951,,0.850,0,
2676,7,57,fog-66,1,fog,2800.0,0.0000,0.0000,4,100.200,0.3536,0,0.8912,,0.850,0,
2677,7,57,fog-66,1,fog,2900.0,0.0000,0.0000,0,100.000,,0,0.8873,,0.850,0,
2678,7,57,fog-66,1,fog,3000.0,0.0000,0.0000,10,100.500,1.0000,0,0.8834,,0.850,0,
2679,7,57,fog-66,1,fog,3100.0,0.0000,0.0000,9,100.450,1.0000,0,0.8795,,0.850,0,
2680,7,57,fog-66,1,fog,3200.0,0.0000,0.0000,14,100.700,1.0000,0,0.8756,,0.850,0,
2681,7,57,fog-66,1,fog,3300.0,0.0000,0.0000,10,100.500,1.0000,0,0.8717,,0.850,0,
2682,7,57,fog-66,1,fog,3400.0,0.0000,0.0000,13,100.650,1.0000,0,0.8679,,0.850,0,
2683,7,57,fog-66,1,fog,3500.0,0.0000,0.0000,15,100.750,1.0000,0,0.8640,,0.850,0,
2684,7,57,fog-66,1,fog,3600.0,0.0000,0.0000,9,100.450,1.0000,0,0.8601,,0.850,0,
2685,7,57,fog-66,1,fog,3700.0,0.0000,0.0000,5,100.250,0.0000,0,0.8562,,0.850,0,
2686,7,57,fog-66,1,fog,3800.0,0.0000,0.0000,0,100.000,,0,0.8523,,0.850,0,
2687,7,57,fog-66,1,fog,3900.0,0.0000,0.0000,0,100.000,,0,0.8484,,0.850,0,
2688,7,57,fog-66,1,fog,4000.0,0.0000,0.0000,0,100.000,,0,0.8445,,0.850,0,
2689,7,57,fog-66,1,fog,4100.0,0.0000,0.0000,0,100.000,,0,0.8407,,0.850,0,
2690,7,57,fog-66,1,fog,4200.0,0.0000,0.0000,5,100.250,0.0000,0,0.8368,,0.850,0,
2691,7,57,fog-66,1,fog,4300.0,0.0000,0.0000,0,100.000,,0,0.8329,,0.850,0,
2692,7,57,fog-66,1,fog,4400.0,0.0000,0.0000,8,100.400,0.8635,0,0.8290,,0.850,0,
2693,7,57,fog-66,1,fog,4500.0,0.0000,0.0000,9,100.450,0.9966,0,0.8251,,0.850,0,
2694,7,57,fog-66,1,fog,4600.0,0.0000,0.0000,10,100.500,1.0000,0,0.8212,,0.850,0,
2695,7,57,fog-66,1,fog,4700.0,0.0000,0.0000,13,100.650,1.0000,0,0.8173,,0.850,0,
2696,7,57,fog-66,1,fog,4800.0,0.0000,0.0000,10,100.500,1.0000,0,0.8135,,0.850,0,
2697,7,57,fog-66,1,fog,4900.0,0.0000,0.0000,9,100.450,1.0000,0,0.8096,,0.850,0,
2698,7,57,fog-66,1,fog,5000.0,0.0000,0.0000,5,100.250,0.0000,0,0.8057,,0.850,0,
2699,7,58,fog-67,1,fog,0.0,0.0000,0.0000,0,100.000,,0,1.0000,,0.850,0,4546.4
2700,7,58,fog-67,1,fog,100.0,0.0000,0.0000,2,100.100,,0,0.9961,,0.850,0,4546.4
2701,7,58,fog-67,1,fog,200.0,0.0000,0.0000,0,100.000,,0,0.9922,,0.850,0,4546.4
2702,7,58,fog-67,1,fog,300.0,0.0000,0.0000,0,100.000,,0,0.9883,,0.850,0,4546.4
2703,7,58,fog-67,1,fog,400.0,0.0000,0.0000,0,100.000,,0,0.9845,,0.850,0,4546.4
2704,7,58,fog-67,1,fog,500.0,0.0000,0.0000,5,100.250,0.0000,0,0.9806,,0.850,0,4546.4
2705,7,58,fog-67,1,fog,600.0,0.0000,0.0000,3,100.150,0.0000,0,0.9767,,0.850,0,4546.4
2706,7,58,fog-67,1,fog,700.0,0.0000,0.0000,0,100.000,,0,0.9728,,0.850,0,4546.4
2707,7,58,fog-67,1,fog,800.0,0.0000,0.0000,0,100.000,,0,0.9689,,0.850,0,4546.4
2708,7,58,fog-67,1,fog,900.0,0.0000,0.0000,4,100.200,0.3536,0,0.9650,,0.850,0,4546.4
2709,7,58,fog-67,1,fog,1000.0,0.0000,0.0000,10,100.500,1.0000,0,0.9611,,0.850,0,4546.4
2710,7,58,fog-67,1,fog,1100.0,0.0000,0.0000,14,100.700,1.0000,0,0.9572,,0.850,0,4546.4
2711,7,58,fog-67,1,fog,1200.0,0.0000,0.0000,4,100.200,0.0000,0,0.9534,,0.850,0,4546.4
2712,7,58,fog-67,1,fog,1300.0,0.0000,0.0000,0,100.000,,0,0.9495,,0.850,0,4546.4
2713,7,58,fog-67,1,fog,1400.0,0.0000,0.0000,4,100.200,0.3536,0,0.9456,,0.850,0,4546.4
2714,7,58,fog-67,1,fog,1500.0,0.0000,0.0000,3,100.150,0.3333,0,0.9417,,0.850,0,4546.4
2715,7,58,fog-67,1,fog,1600.0,0.0000,0.0000,14,100.700,1.0000,0,0.9378,,0.850,0,4546.4
2716,7,58,fog-67,1,fog,1700.0,0.0000,0.0000,5,100.250,0.0000,0,0.9339,,0.850,0,4546.4
2717,7,58,fog-67,1,fog,1800.0,0.0000,0.0000,5,100.250,0.0000,0,0.9300,,0.850,0,4546.4
2718,7,58,fog-67,1,fog,1900.0,0.0000,0.0000,9,100.450,0.9931,0,0.9262,,0.850,0,4546.4
2719,7,58,fog-67,1,fog,2000.0,0.0000,0.0000,5,100.250,0.0000,0,0.9223,,0.850,0,4546.4
2720,7,58,fog-67,1,fog,2100.0,0.0000,0.0000,0,100.000,,0,0.9184,,0.850,0,4546.4
2721,7,58,fog-67,1,fog,2200.0,0.0000,0.0000,4,100.200,0.0000,0,0.9145,,0.850,0,4546.4
2722,7,58,fog-67,1,fog,2300.0,0.0000,0.0000,6,100.300,0.4983,0,0.9106,,0.850,0,4546.4
2723,7,58,fog-67,1,fog,2400.0,0.0000,0.0000,10,100.500,1.0000,0,0.9067,,0.850,0,4546.4
2724,7,58,fog-67,1,fog,2500.0,0.0000,0.0000,10,100.500,1.0000,0,0.9028,,0.850,0,4546.4
2725,7,58,fog-67,1,fog,2600.0,0.0000,0.0000,0,100.000,,0,0.8990,,0.850,0,4546.4
2726,7,58,fog-67,1,fog,2700.0,0.0000,0.0000,0,100.000,,0,0.8951,,0.850,0,4546.4
2727,7,58,fog-67,1,fog,2800.0,0.0000,0.0000,13,100.650,1.0000,0,0.8912,,0.850,0,4546.4
2728,7,58,fog-67,1,fog,2900.0,0.0000,0.0000,10,100.500,1.0000,0,0.8873,,0.850,0,4546.4
2729,7,58,fog-67,1,fog,3000.0,0.0000,0.0000,4,100.200,0.3536,0,0.8834,,0.850,0,4546.4
2730,7,58,fog-67,1,fog,3100.0,0.0000,0.0000,0,100.000,,0,0.8795,,0.850,0,4546.4
2731,7,58,fog-67,1,fog,3200.0,0.0000,0.0000,0,100.000,,0,0.8756,,0.850,0,4546.4
2732,7,58,fog-67,1,fog,3300.0,0.0000,0.0000,0,100.000,,0,0.8717,,0.850,0,4546.4
2733,7,58,fog-67,1,fog,3400.0,0.0000,0.0000,0,100.000,,0,0.8679,,0.850,0,4546.4
2734,7,58,fog-67,1,fog,3500.0,0.0000,0.0000,0,100.000,,0,0.8640,,0.850,0,4546.4
2735,7,58,fog-67,1,fog,3600.0,0.0000,0.0000,0,100.000,,0,0.8601,,0.850,0,4546.4
2736,7,58,fog-67,1,fog,3700.0,0.0000,0.0000,4,100.200,0.3536,0,0.8562,,0.850,0,4546.4
2737,7,58,fog-67,1,fog,3800.0,0.0000,0.0000,14,100.700,1.0000,0,0.8523,,0.850,0,4546.4
2738,7,58,fog-67,1,fog,3900.0,0.0000,0.0000,5,100.250,0.0000,0,0.8484,,0.850,0,4546.4
2739,7,58,fog-67,1,fog,4000.0,0.0000,0.0000,0,100.000,,0,0.8445,,0.850,0,4546.4
2740,7,58,fog-67,1,fog,4100.0,0.0000,0.0000,0,100.000,,0,0.8407,,0.850,0,4546.4
2741,7,58,fog-67,1,fog,4200.0,0.0000,0.0000,9,100.450,0.9928,0,0.8368,,0.850,0,4546.4
2742,7,58,fog-67,1,fog,4300.0,0.0000,0.0000,4,100.200,0.3536,0,0.8329,,0.850,0,4546.4
2743,7,58,fog-67,1,fog,4400.0,0.0000,0.0000,0,100.000,,0,0.8290,,0.850,1,4546.4
2744,7,58,fog-67,1,fog,4500.0,0.0000,0.0000,5,100.250,0.0000,0,0.8251,,0.850,1,4546.4
2745,7,59,fog-68,1,fog,0.0,0.0000,0.0000,0,100.000,,0,1.0000,,0.850,0,
2746,7,59,fog-68,1,fog,100.0,0.0000,0.0000,0,100.000,,0,0.9961,,0.850,0,
2747,7,59,fog-68,1,fog,200.0,0.0000,0.0000,0,100.000,,0,0.9922,,0.850,0,
2748,7,59,fog-68,1,fog,300.0,0.0000,0.0000,0,100.000,,0,0.9883,,0.850,0,
2749,7,59,fog-68,1,fog,400.0,0.0000,0.0000,0,100.000,,0,0.9845,,0.850,0,
2750,7,59,fog-68,1,fog,500.0,0.0000,0.0000,0,100.000,,0,0.9806,,0.850,0,
2751,7,59,fog-68,1,fog,600.0,0.0000,0.0000,0,100.000,,0,0.9767,,0.850,0,
2752,7,59,fog-68,1,fog,700.0,0.0000,0.0000,0,100.000,,0,0.9728,,0.850,0,
2753,7,59,fog-68,1,fog,800.0,0.0000,0.0000,0,100.000,,0,0.9689,,0.850,0,
2754,7,59,fog-68,1,fog,900.0,0.0000,0.0000,0,100.000,,0,0.9650,,0.850,0,
2755,7,59,fog-68,1,fog,1000.0,0.0000,0.0000,0,100.000,,0,0.9611,,0.850,0,
2756,7,59,fog-68,1,fog,1100.0,0.0000,0.0000,0,100.000,,0,0.9572,,0.850,0,
2757,7,59,fog-68,1,fog,1200.0,0.0000,0.0000,0,100.000,,0,0.9534,,0.850,0,
2758,7,59,fog-68,1,fog,1300.0,0.0000,0.0000,0,100.000,,0,0.9495,,0.850,0,
2759,7,59,fog-68,1,fog,1400.0,0.0000,0.0000,0,100.000,,0,0.9456,,0.850,0,
2760,7,59,fog-68,1,fog,1500.0,0.0000,0.0000,0,100.000,,0,0.9417,,0.850,0,
2761,7,59,fog-68,1,fog,1600.0,0.0000,0.0000,0,100.000,,0,0.9378,,0.850,0,
2762,7,59,fog-68,1,fog,1700.0,0.0000,0.0000,0,100.000,,0,0.9339,,0.850,0,
2763,7,59,fog-68,1,fog,1800.0,0.0000,0.0000,0,100.000,,0,0.9300,,0.850,0,
2764,7,59,fog-68,1,fog,1900.0,0.0000,0.0000,0,100.000,,0,0.9262,,0.850,0,
2765,7,59,fog-68,1,fog,2000.0,0.0000,0.0000,0,100.000,,0,0.9223,,0.850,0,
2766,7,59,fog-68,1,fog,2100.0,0.0000,0.0000,0,100.000,,0,0.9184,,0.850,0,
2767,7,59,fog-68,1,fog,2200.0,0.0000,0.0000,0,100.000,,0,0.9145,,0.850,0,
2768,7,59,fog-68,1,fog,2300.0,0.0000,0.0000,0,100.000,,0,0.9106,,0.850,0,
2769,7,59,fog-68,1,fog,2400.0,0.0000,0.0000,0,100.000,,0,0.9067,,0.850,0,
2770,7,59,fog-68,1,fog,2500.0,0.0000,0.0000,0,100.000,,0,0.9028,,0.850,0,
2771,7,59,fog-68,1,fog,2600.0,0.0000,0.0000,0,100.000,,0,0.8990,,0.850,0,
2772,7,59,fog-68,1,fog,2700.0,0.0000,0.0000,0,100.000,,0,0.8951,,0.850,0,
2773,7,59,fog-68,1,fog,2800.0,0.0000,0.0000,0,100.000,,0,0.8912,,0.850,0,
2774,7,59,fog-68,1,fog,2900.0,0.0000,0.0000,0,100.000,,0,0.8873,,0.850,0,
2775,7,59,fog-68,1,fog,3000.0,0.0000,0.0000,0,100.000,,0,0.8834,,0.850,0,
2776,7,59,fog-68,1,fog,3100.0,0.0000,0.0000,0,100.000,,0,0.8795,,0.850,0,
2777,7,59,fog-68,1,fog,3200.0,0.0000,0.0000,0,100.000,,0,0.8756,,0.850,0,
2778,7,59,fog-68,1,fog,3300.0,0.0000,0.0000,0,100.000,,0,0.8717,,0.850,0,
2779,7,59,fog-68,1,fog,3400.0,0.0000,0.0000,0,100.000,,0,0.8679,,0.850,0,
2780,7,59,fog-68,1,fog,3500.0,0.0000,0.0000,0,100.000,,0,0.8640,,0.850,0,
2781,7,59,fog-68,1,fog,3600.0,0.0000,0.0000,0,100.000,,0,0.8601,,0.850,0,
2782,7,59,fog-68,1,fog,3700.0,0.0000,0.0000,0,100.000,,0,0.8562,,0.850,0,
2783,7,59,fog-68,1,fog,3800.0,0.0000,0.0000,0,100.000,,0,0.8523,,0.850,0,
2784,7,59,fog-68,1,fog,3900.0,0.0000,0.0000,0,100.000,,0,0.8484,,0.850,0,
2785,7,59,fog-68,1,fog,4000.0,0.0000,0.0000,0,100.000,,0,0.8445,,0.850,0,
2786,7,59,fog-68,1,fog,4100.0,0.0000,0.0000,0,100.000,,0,0.8407,,0.850,0,
2787,7,59,fog-68,1,fog,4200.0,0.0000,0.0000,0,100.000,,0,0.8368,,0.850,0,
2788,7,59,fog-68,1,fog,4300.0,0.0000,0.0000,0,100.000,,0,0.8329,,0.850,0,
2789,7,59,fog-68,1,fog,4400.0,0.0000,0.0000,0,100.000,,0,0.8290,,0.850,0,
2790,7,59,fog-68,1,fog,4500.0,0.0000,0.0000,0,100.000,,0,0.8251,,0.850,0,
2791,7,59,fog-68,1,fog,4600.0,0.0000,0.0000,0,100.000,,0,0.8212,,0.850,0,
2792,7,59,fog-68,1,fog,4700.0,0.0000,0.0000,0,100.000,,0,0.8173,,0.850,0,
2793,7,59,fog-68,1,fog,4800.0,0.0000,0.0000,0,100.000,,0,0.8135,,0.850,0,
2794,7,59,fog-68,1,fog,4900.0,0.0000,0.0000,0,100.000,,0,0.8096,,0.850,0,
2795,7,59,fog-68,1,fog,5000.0,0.0000,0.0000,0,100.000,,0,0.8057,,0.850,0,
2796,7,60,fog-69,1,fog,0.0,0.0000,0.0000,0,100.000,,0,1.0000,,0.850,0,
2797,7,60,fog-69,1,fog,100.0,0.0000,0.0000,0,100.000,,0,0.9961,,0.850,0,
2798,7,60,fog-69,1,fog,200.0,0.0000,0.0000,0,100.000,,0,0.9922,,0.850,0,
2799,7,60,fog-69,1,fog,300.0,0.0000,0.0000,9,100.450,0.9868,0,0.9883,,0.850,0,
2800,7,60,fog-69,1,fog,400.0,0.0000,0.0000,0,100.000,,0,0.9845,,0.850,0,
2801,7,60,fog-69,1,fog,500.0,0.0000,0.0000,0,100.000,,0,0.9806,,0.850,0,
2802,7,60,fog-69,1,fog,600.0,0.0000,0.0000,3,100.150,0.3333,0,0.9767,,0.850,0,
2803,7,60,fog-69,1,fog,700.0,0.0000,0.0000,0,100.000,,0,0.9728,,0.850,0,
2804,7,60,fog-69,1,fog,800.0,0.0000,0.0000,0,100.000,,0,0.9689,,0.850,0,
2805,7,60,fog-69,1,fog,900.0,0.0000,0.0000,0,100.000,,0,0.9650,,0.850,0,
2806,7,60,fog-69,1,fog,1000.0,0.0000,0.0000,0,100.000,,0,0.9611,,0.850,0,
2807,7,60,fog-69,1,fog,1100.0,0.0000,0.0000,0,100.000,,0,0.9572,,0.850,0,
2808,7,60,fog-69,1,fog,1200.0,0.0000,0.0000,0,100.000,,0,0.9534,,0.850,0,
2809,7,60,fog-69,1,fog,1300.0,0.0000,0.0000,5,100.250,0.0000,0,0.9495,,0.850,0,
2810,7,60,fog-69,1,fog,1400.0,0.0000,0.0000,4,100.200,0.3536,0,0.9456,,0.850,0,
2811,7,60,fog-69,1,fog,1500.0,0.0000,0.0000,0,100.000,,0,0.9417,,0.850,0,
2812,7,60,fog-69,1,fog,1600.0,0.0000,0.0000,0,100.000,,0,0.9378,,0.850,0,
2813,7,60,fog-69,1,fog,1700.0,0.0000,0.0000,0,100.000,,0,0.9339,,0.850,0,
2814,7,60,fog-69,1,fog,1800.0,0.0000,0.0000,0,100.000,,0,0.9300,,0.850,0,
2815,7,60,fog-69,1,fog,1900.0,0.0000,0.0000,0,100.000,,0,0.9262,,0.850,0,
2816,7,60,fog-69,1,fog,2000.0,0.0000,0.0000,0,100.000,,0,0.9223,,0.850,0,
2817,7,60,fog-69,1,fog,2100.0,0.0000,0.0000,0,100.000,,0,0.9184,,0.850,0,
2818,7,60,fog-69,1,fog,2200.0,0.0000,0.0000,0,100.000,,0,0.9145,,0.850,0,
2819,7,60,fog-69,1,fog,2300.0,0.0000,0.0000,0,100.000,,0,0.9106,,0.850,0,
2820,7,60,fog-69,1,fog,2400.0,0.0000,0.0000,5,100.250,0.0000,0,0.9067,,0.850,0,
2821,7,60,fog-69,1,fog,2500.0,0.0000,0.0000,4,100.200,0.3536,0,0.9028,,0.850,0,
2822,7,60,fog-69,1,fog,2600.0,0.0000,0.0000,0,100.000,,0,0.8990,,0.850,0,
2823,7,60,fog-69,1,fog,2700.0,0.0000,0.0000,5,100.250,0.0000,0,0.8951,,0.850,0,
2824,7,60,fog-69,1,fog,2800.0,0.0000,0.0000,0,100.000,,0,0.8912,,0.850,0,
2825,7,60,fog-69,1,fog,2900.0,0.0000,0.0000,10,100.500,1.0000,0,0.8873,,0.850,0,
2826,7,60,fog-69,1,fog,3000.0,0.0000,0.0000,5,100.250,0.0000,0,0.8834,,0.850,0,
2827,7,60,fog-69,1,fog,3100.0,0.0000,0.0000,0,100.000,,0,0.8795,,0.850,0,
2828,7,60,fog-69,1,fog,3200.0,0.0000,0.0000,0,100.000,,0,0.8756,,0.850,0,
2829,7,60,fog-69,1,fog,3300.0,0.0000,0.0000,0,100.000,,0,0.8717,,0.850,0,
2830,7,60,fog-69,1,fog,3400.0,0.0000,0.0000,0,100.000,,0,0.8679,,0.850,0,
2831,7,60,fog-69,1,fog,3500.0,0.0000,0.0000,0,100.000,,0,0.8640,,0.850,0,
2832,7,60,fog-69,1,fog,3600.0,0.0000,0.0000,0,100.000,,0,0.8601,,0.850,0,
2833,7,60,fog-69,1,fog,3700.0,0.0000,0.0000,0,100.000,,0,0.8562,,0.850,0,
2834,7,60,fog-69,1,fog,3800.0,0.0000,0.0000,4,100.200,0.3536,0,0.8523,,0.850,0,
2835,7,60,fog-69,1,fog,3900.0,0.0000,0.0000,0,100.000,,0,0.8484,,0.850,0,
2836,7,60,fog-69,1,fog,4000.0,0.0000,0.0000,0,100.000,,0,0.8445,,0.850,0,
2837,7,60,fog-69,1,fog,4100.0,0.0000,0.0000,0,100.000,,0,0.8407,,0.850,0,
2838,7,60,fog-69,1,fog,4200.0,0.0000,0.0000,0,100.000,,0,0.8368,,0.850,0,
2839,7,60,fog-69,1,fog,4300.0,0.0000,0.0000,0,100.000,,0,0.8329,,0.850,0,
2840,7,60,fog-69,1,fog,4400.0,0.0000,0.0000,0,100.000,,0,0.8290,,0.850,0,
2841,7,60,fog-69,1,fog,4500.0,0.0000,0.0000,10,100.500,1.0000,0,0.8251,,0.850,0,
2842,7,60,fog-69,1,fog,4600.0,0.0000,0.0000,0,100.000,,0,0.8212,,0.850,0,
2843,7,60,fog-69,1,fog,4700.0,0.0000,0.0000,0,100.000,,0,0.8173,,0.850,0,
2844,7,60,fog-69,1,fog,4800.0,0.0000,0.0000,0,100.000,,0,0.8135,,0.850,0,
2845,7,60,fog-69,1,fog,4900.0,0.0000,0.0000,0,100.000,,0,0.8096,,0.850,0,
2846,7,60,fog-69,1,fog,5000.0,0.0000,0.0000,0,100.000,,0,0.8057,,0.850,0,
2847,7,61,fog-70,1,fog,0.0,0.0000,0.0000,0,100.000,,0,1.0000,,0.850,0,
2848,7,61,fog-70,1,fog,100.0,0.0000,0.0000,0,100.000,,0,0.9961,,0.850,0,
2849,7,61,fog-70,1,fog,200.0,0.0000,0.0000,0,100.000,,0,0.9922,,0.850,0,
2850,7,61,fog-70,1,fog,300.0,0.0000,0.0000,0,100.000,,0,0.9883,,0.850,0,
2851,7,61,fog-70,1,fog,400.0,0.0000,0.0000,0,100.000,,0,0.9845,,0.850,0,
2852,7,61,fog-70,1,fog,500.0,0.0000,0.0000,0,100.000,,0,0.9806,,0.850,0,
2853,7,61,fog-70,1,fog,600.0,0.0000,0.0000,0,100.000,,0,0.9767,,0.850,0,
2854,7,61,fog-70,1,fog,700.0,0.0000,0.0000,0,100.000,,0,0.9728,,0.850,0,
2855,7,61,fog-70,1,fog,800.0,0.0000,0.0000,0,100.000,,0,0.9689,,0.850,0,
2856,7,61,fog-70,1,fog,900.0,0.0000,0.0000,0,100.000,,0,0.9650,,0.850,0,
2857,7,61,fog-70,1,fog,1000.0,0.0000,0.0000,0,100.000,,0,0.9611,,0.850,0,
2858,7,61,fog-70,1,fog,1100.0,0.0000,0.0000,0,100.000,,0,0.9572,,0.850,0,
2859,7,61,fog-70,1,fog,1200.0,0.0000,0.0000,0,100.000,,0,0.9534,,0.850,0,
2860,7,61,fog-70,1,fog,1300.0,0.0000,0.0000,0,100.000,,0,0.9495,,0.850,0,
2861,7,61,fog-70,1,fog,1400.0,0.0000,0.0000,0,100.000,,0,0.9456,,0.850,0,
2862,7,61,fog-70,1,fog,1500.0,0.0000,0.0000,0,100.000,,0,0.9417,,0.850,0,
2863,7,61,fog-70,1,fog,1600.0,0.0000,0.0000,0,100.000,,0,0.9378,,0.850,0,
2864,7,61,fog-70,1,fog,1700.0,0.0000,0.0000,0,100.000,,0,0.9339,,0.850,0,
2865,7,61,fog-70,1,fog,1800.0,0.0000,0.0000,0,100.000,,0,0.9300,,0.850,0,
2866,7,61,fog-70,1,fog,1900.0,0.0000,0.0000,0,100.000,,0,0.9262,,0.850,0,
2867,7,61,fog-70,1,fog,2000.0,0.0000,0.0000,0,100.000,,0,0.9223,,0.850,0,
2868,7,61,fog-70,1,fog,2100.0,0.0000,0.0000,0,100.000,,0,0.9184,,0.850,0,
2869,7,61,fog-70,1,fog,2200.0,0.0000,0.0000,0,100.000,,0,0.9145,,0.850,0,
2870,7,61,fog-70,1,fog,2300.0,0.0000,0.0000,0,100.000,,0,0.9106,,0.850,0,
2871,7,61,fog-70,1,fog,2400.0,0.0000,0.0000,0,100.000,,0,0.9067,,0.850,0,
2872,7,61,fog-70,1,fog,2500.0,0.0000,0.0000,0,100.000,,0,0.9028,,0.850,0,
2873,7,61,fog-70,1,fog,2600.0,0.0000,0.0000,0,100.000,,0,0.8990,,0.850,0,
2874,7,61,fog-70,1,fog,2700.0,0.0000,0.0000,0,100.000,,0,0.8951,,0.850,0,
2875,7,61,fog-70,1,fog,2800.0,0.0000,0.0000,0,100.000,,0,0.8912,,0.850,0,
2876,7,61,fog-70,1,fog,2900.0,0.0000,0.0000,0,100.000,,0,0.8873,,0.850,0,
2877,7,61,fog-70,1,fog,3000.0,0.0000,0.0000,0,100.000,,0,0.8834,,0.850,0,
2878,7,61,fog-70,1,fog,3100.0,0.0000,0.0000,0,100.000,,0,0.8795,,0.850,0,
2879,7,61,fog-70,1,fog,3200.0,0.0000,0.0000,0,100.000,,0,0.8756,,0.850,0,
2880,7,61,fog-70,1,fog,3300.0,0.0000,0.0000,0,100.000,,0,0.8717,,0.850,0,
2881,7,61,fog-70,1,fog,3400.0,0.0000,0.0000,0,100.000,,0,0.8679,,0.850,0,
2882,7,61,fog-70,1,fog,3500.0,0.0000,0.0000,0,100.000,,0,0.8640,,0.850,0,
2883,7,61,fog-70,1,fog,3600.0,0.0000,0.0000,0,100.000,,0,0.8601,,0.850,0,
2884,7,61,fog-70,1,fog,3700.0,0.0000,0.0000,0,100.000,,0,0.8562,,0.850,0,
2885,7,61,fog-70,1,fog,3800.0,0.0000,0.0000,0,100.000,,0,0.8523,,0.850,0,
2886,7,61,fog-70,1,fog,3900.0,0.0000,0.0000,0,100.000,,0,0.8484,,0.850,0,
2887,7,61,fog-70,1,fog,4000.0,0.0000,0.0000,0,100.000,,0,0.8445,,0.850,0,
2888,7,61,fog-70,1,fog,4100.0,0.0000,0.0000,0,100.000,,0,0.8407,,0.850,0,
2889,7,61,fog-70,1,fog,4200.0,0.0000,0.0000,0,100.000,,0,0.8368,,0.850,0,
2890,7,61,fog-70,1,fog,4300.0,0.0000,0.0000,0,100.000,,0,0.8329,,0.850,0,
2891,7,61,fog-70,1,fog,4400.0,0.0000,0.0000,0,100.000,,0,0.8290,,0.850,0,
2892,7,61,fog-70,1,fog,4500.0,0.0000,0.0000,0,100.000,,0,0.8251,,0.850,0,
2893,7,61,fog-70,1,fog,4600.0,0.0000,0.0000,0,100.000,,0,0.8212,,0.850,0,
2894,7,61,fog-70,1,fog,4700.0,0.0000,0.0000,0,100.000,,0,0.8173,,0.850,0,
2895,7,61,fog-70,1,fog,4800.0,0.0000,0.0000,0,100.000,,0,0.8135,,0.850,0,
2896,7,61,fog-70,1,fog,4900.0,0.0000,0.0000,0,100.000,,0,0.8096,,0.850,0,
2897,7,61,fog-70,1,fog,5000.0,0.0000,0.0000,0,100.000,,0,0.8057,,0.850,0,
2898,7,62,fog-71,1,fog,0.0,0.0000,0.0000,0,100.000,,0,1.0000,,0.850,0,
2899,7,62,fog-71,1,fog,100.0,0.0000,0.0000,0,100.000,,0,0.9961,,0.850,0,
2900,7,62,fog-71,1,fog,200.0,0.0000,0.0000,0,100.000,,0,0.9922,,0.850,0,
2901,7,62,fog-71,1,fog,300.0,0.0000,0.0000,0,100.000,,0,0.9883,,0.850,0,
2902,7,62,fog-71,1,fog,400.0,0.0000,0.0000,0,100.000,,0,0.9845,,0.850,0,
2903,7,62,fog-71,1,fog,500.0,0.0000,0.0000,0,100.000,,0,0.9806,,0.850,0,
2904,7,62,fog-71,1,fog,600.0,0.0000,0.0000,0,100.000,,0,0.9767,,0.850,0,
2905,7,62,fog-71,1,fog,700.0,0.0000,0.0000,0,100.000,,0,0.9728,,0.850,0,
2906,7,62,fog-71,1,fog,800.0,0.0000,0.0000,0,100.000,,0,0.9689,,0.850,0,
2907,7,62,fog-71,1,fog,900.0,0.0000,0.0000,0,100.000,,0,0.9650,,0.850,0,
2908,7,62,fog-71,1,fog,1000.0,0.0000,0.0000,0,100.000,,0,0.9611,,0.850,0,
2909,7,62,fog-71,1,fog,1100.0,0.0000,0.0000,0,100.000,,0,0.9572,,0.850,0,
2910,7,62,fog-71,1,fog,1200.0,0.0000,0.0000,0,100.000,,0,0.9534,,0.850,0,
2911,7,62,fog-71,1,fog,1300.0,0.0000,0.0000,0,100.000,,0,0.9495,,0.850,0,
2912,7,62,fog-71,1,fog,1400.0,0.0000,0.0000,0,100.000,,0,0.9456,,0.850,0,
2913,7,62,fog-71,1,fog,1500.0,0.0000,0.0000,0,100.000,,0,0.9417,,0.850,0,
2914,7,62,fog-71,1,fog,1600.0,0.0000,0.0000,0,100.000,,0,0.9378,,0.850,0,
2915,7,62,fog-71,1,fog,1700.0,0.0000,0.0000,0,100.000,,0,0.9339,,0.850,0,
2916,7,62,fog-71,1,fog,1800.0,0.0000,0.0000,0,100.000,,0,0.9300,,0.850,0,
2917,7,62,fog-71,1,fog,1900.0,0.0000,0.0000,0,100.000,,0,0.9262,,0.850,0,
2918,7,62,fog-71,1,fog,2000.0,0.0000,0.0000,0,100.000,,0,0.9223,,0.850,0,
2919,7,62,fog-71,1,fog,2100.0,0.0000,0.0000,0,100.000,,0,0.9184,,0.850,0,
2920,7,62,fog-71,1,fog,2200.0,0.0000,0.0000,0,100.000,,0,0.9145,,0.850,0,
2921,7,62,fog-71,1,fog,2300.0,0.0000,0.0000,0,100.000,,0,0.9106,,0.850,0,
2922,7,62,fog-71,1,fog,2400.0,0.0000,0.0000,0,100.000,,0,0.9067,,0.850,0,
2923,7,62,fog-71,1,fog,2500.0,0.0000,0.0000,0,100.000,,0,0.9028,,0.850,0,
2924,7,62,fog-71,1,fog,2600.0,0.0000,0.0000,0,100.000,,0,0.8990,,0.850,0,
2925,7,62,fog-71,1,fog,2700.0,0.0000,0.0000,0,100.000,,0,0.8951,,0.850,0,
2926,7,62,fog-71,1,fog,2800.0,0.0000,0.0000,0,100.000,,0,0.8912,,0.850,0,
2927,7,62,fog-71,1,fog,2900.0,0.0000,0.0000,0,100.000,,0,0.8873,,0.850,0,
2928,7,62,fog-71,1,fog,3000.0,0.0000,0.0000,0,100.000,,0,0.8834,,0.850,0,
2929,7,62,fog-71,1,fog,3100.0,0.0000,0.0000,0,100.000,,0,0.8795,,0.850,0,
2930,7,62,fog-71,1,fog,3200.0,0.0000,0.0000,0,100.000,,0,0.8756,,0.850,0,
2931,7,62,fog-71,1,fog,3300.0,0.0000,0.0000,0,100.000,,0,0.8717,,0.850,0,
2932,7,62,fog-71,1,fog,3400.0,0.0000,0.0000,0,100.000,,0,0.8679,,0.850,0,
2933,7,62,fog-71,1,fog,3500.0,0.0000,0.0000,0,100.000,,0,0.8640,,0.850,0,
2934,7,62,fog-71,1,fog,3600.0,0.0000,0.0000,0,100.000,,0,0.8601,,0.850,0,
2935,7,62,fog-71,1,fog,3700.0,0.0000,0.0000,0,100.000,,0,0.8562,,0.850,0,
2936,7,62,fog-71,1,fog,3800.0,0.0000,0.0000,0,100.000,,0,0.8523,,0.850,0,
2937,7,62,fog-71,1,fog,3900.0,0.0000,0.0000,0,100.000,,0,0.8484,,0.850,0,
2938,7,62,fog-71,1,fog,4000.0,0.0000,0.0000,0,100.000,,0,0.8445,,0.850,0,
2939,7,62,fog-71,1,fog,4100.0,0.0000,0.0000,0,100.000,,0,0.8407,,0.850,0,
2940,7,62,fog-71,1,fog,4200.0,0.0000,0.0000,0,100.000,,0,0.8368,,0.850,0,
2941,7,62,fog-71,1,fog,4300.0,0.0000,0.0000,0,100.000,,0,0.8329,,0.850,0,
2942,7,62,fog-71,1,fog,4400.0,0.0000,0.0000,0,100.000,,0,0.8290,,0.850,0,
2943,7,62,fog-71,1,fog,4500.0,0.0000,0.0000,0,100.000,,0,0.8251,,0.850,0,
2944,7,62,fog-71,1,fog,4600.0,0.0000,0.0000,0,100.000,,0,0.8212,,0.850,0,
2945,7,62,fog-71,1,fog,4700.0,0.0000,0.0000,0,100.000,,0,0.8173,,0.850,0,
2946,7,62,fog-71,1,fog,4800.0,0.0000,0.0000,0,100.000,,0,0.8135,,0.850,0,
2947,7,62,fog-71,1,fog,4900.0,0.0000,0.0000,0,100.000,,0,0.8096,,0.850,0,
2948,7,62,fog-71,1,fog,5000.0,0.0000,0.0000,0,100.000,,0,0.8057,,0.850,0,
2949,7,63,fog-72,1,fog,0.0,0.0000,0.0000,0,100.000,,0,1.0000,,0.850,0,
2950,7,63,fog-72,1,fog,100.0,0.0000,0.0000,2,100.100,,0,0.9961,,0.850,0,
2951,7,63,fog-72,1,fog,200.0,0.0000,0.0000,0,100.000,,0,0.9922,,0.850,0,
2952,7,63,fog-72,1,fog,300.0,0.0000,0.0000,0,100.000,,0,0.9883,,0.850,0,
2953,7,63,fog-72,1,fog,400.0,0.0000,0.0000,0,100.000,,0,0.9845,,0.850,0,
2954,7,63,fog-72,1,fog,500.0,0.0000,0.0000,0,100.000,,0,0.9806,,0.850,0,
2955,7,63,fog-72,1,fog,600.0,0.0000,0.0000,0,100.000,,0,0.9767,,0.850,0,
2956,7,63,fog-72,1,fog,700.0,0.0000,0.0000,0,100.000,,0,0.9728,,0.850,0,
2957,7,63,fog-72,1,fog,800.0,0.0000,0.0000,5,100.250,0.0000,0,0.9689,,0.850,0,
2958,7,63,fog-72,1,fog,900.0,0.0000,0.0000,4,100.200,0.3536,0,0.9650,,0.850,0,
2959,7,63,fog-72,1,fog,1000.0,0.0000,0.0000,4,100.200,0.3536,0,0.9611,,0.850,0,
2960,7,63,fog-72,1,fog,1100.0,0.0000,0.0000,4,100.200,0.3536,0,0.9572,,0.850,0,
2961,7,63,fog-72,1,fog,1200.0,0.0000,0.0000,0,100.000,,0,0.9534,,0.850,0,
2962,7,63,fog-72,1,fog,1300.0,0.0000,0.0000,0,100.000,,0,0.9495,,0.850,0,
2963,7,63,fog-72,1,fog,1400.0,0.0000,0.0000,0,100.000,,0,0.9456,,0.850,0,
2964,7,63,fog-72,1,fog,1500.0,0.0000,0.0000,0,100.000,,0,0.9417,,0.850,0,
2965,7,63,fog-72,1,fog,1600.0,0.0000,0.0000,0,100.000,,0,0.9378,,0.850,0,
2966,7,63,fog-72,1,fog,1700.0,0.0000,0.0000,0,100.000,,0,0.9339,,0.850,0,
2967,7,63,fog-72,1,fog,1800.0,0.0000,0.0000,0,100.000,,0,0.9300,,0.850,0,
2968,7,63,fog-72,1,fog,1900.0,0.0000,0.0000,4,100.200,0.3536,0,0.9262,,0.850,0,
2969,7,63,fog-72,1,fog,2000.0,0.0000,0.0000,7,100.350,0.6996,0,0.9223,,0.850,0,
2970,7,63,fog-72,1,fog,2100.0,0.0000,0.0000,5,100.250,0.0000,0,0.9184,,0.850,0,
2971,7,63,fog-72,1,fog,2200.0,0.0000,0.0000,5,100.250,0.0000,0,0.9145,,0.850,0,
2972,7,63,fog-72,1,fog,2300.0,0.0000,0.0000,4,100.200,0.3536,0,0.9106,,0.850,0,
2973,7,63,fog-72,1,fog,2400.0,0.0000,0.0000,12,100.600,1.0000,0,0.9067,,0.850,0,
2974,7,63,fog-72,1,fog,2500.0,0.0000,0.0000,10,100.500,1.0000,0,0.9028,,0.850,0,
2975,7,63,fog-72,1,fog,2600.0,0.0000,0.0000,10,100.500,1.0000,0,0.8990,,0.850,0,
2976,7,63,fog-72,1,fog,2700.0,0.0000,0.0000,4,100.200,0.3536,0,0.8951,,0.850,0,
2977,7,63,fog-72,1,fog,2800.0,0.0000,0.0000,0,100.000,,0,0.8912,,0.850,0,
2978,7,63,fog-72,1,fog,2900.0,0.0000,0.0000,0,100.000,,0,0.8873,,0.850,0,
2979,7,63,fog-72,1,fog,3000.0,0.0000,0.0000,0,100.000,,0,0.8834,,0.850,0,
2980,7,63,fog-72,1,fog,3100.0,0.0000,0.0000,0,100.000,,0,0.8795,,0.850,0,
2981,7,63,fog-72,1,fog,3200.0,0.0000,0.0000,0,100.000,,0,0.8756,,0.850,0,
2982,7,63,fog-72,1,fog,3300.0,0.0000,0.0000,3,100.150,0.3333,0,0.8717,,0.850,0,
2983,7,63,fog-72,1,fog,3400.0,0.0000,0.0000,5,100.250,0.0000,0,0.8679,,0.850,0,
2984,7,63,fog-72,1,fog,3500.0,0.0000,0.0000,4,100.200,0.3536,0,0.8640,,0.850,0,
2985,7,63,fog-72,1,fog,3600.0,0.0000,0.0000,0,100.000,,0,0.8601,,0.850,0,
2986,7,63,fog-72,1,fog,3700.0,0.0000,0.0000,0,100.000,,0,0.8562,,0.850,0,
2987,7,63,fog-72,1,fog,3800.0,0.0000,0.0000,0,100.000,,0,0.8523,,0.850,0,
2988,7,63,fog-72,1,fog,3900.0,0.0000,0.0000,0,100.000,,0,0.8484,,0.850,0,
2989,7,63,fog-72,1,fog,4000.0,0.0000,0.0000,9,100.450,0.9858,0,0.8445,,0.850,0,
2990,7,63,fog-72,1,fog,4100.0,0.0000,0.0000,4,100.200,0.3536,0,0.8407,,0.850,0,
2991,7,63,fog-72,1,fog,4200.0,0.0000,0.0000,3,100.150,0.5000,0,0.8368,,0.850,0,
2992,7,63,fog-72,1,fog,4300.0,0.0000,0.0000,0,100.000,,0,0.8329,,0.850,0,
2993,7,63,fog-72,1,fog,4400.0,0.0000,0.0000,0,100.000,,0,0.8290,,0.850,0,
2994,7,63,fog-72,1,fog,4500.0,0.0000,0.0000,0,100.000,,0,0.8251,,0.850,0,
2995,7,63,fog-72,1,fog,4600.0,0.0000,0.0000,0,100.000,,0,0.8212,,0.850,0,
2996,7,63,fog-72,1,fog,4700.0,0.0000,0.0000,0,100.000,,0,0.8173,,0.850,0,
2997,7,63,fog-72,1,fog,4800.0,0.0000,0.0000,0,100.000,,0,0.8135,,0.850,0,
2998,7,63,fog-72,1,fog,4900.0,0.0000,0.0000,5,100.250,0.0000,0,0.8096,,0.850,0,
2999,7,63,fog-72,1,fog,5000.0,0.0000,0.0000,4,100.200,0.3536,0,0.8057,,0.850,0,
3000,7,64,fog-73,1,fog,0.0,0.0000,0.0000,0,100.000,,0,1.0000,,0.850,0,
3001,7,64,fog-73,1,fog,100.0,0.0000,0.0000,0,100.000,,0,0.9961,,0.850,0,
3002,7,64,fog-73,1,fog,200.0,0.0000,0.0000,0,100.000,,0,0.9922,,0.850,0,
3003,7,64,fog-73,1,fog,300.0,0.0000,0.0000,0,100.000,,0,0.9883,,0.850,0,
3004,7,64,fog-73,1,fog,400.0,0.0000,0.0000,0,100.000,,0,0.9845,,0.850,0,
3005,7,64,fog-73,1,fog,500.0,0.0000,0.0000,0,100.000,,0,0.9806,,0.850,0,
3006,7,64,fog-73,1,fog,600.0,0.0000,0.0000,0,100.000,,0,0.9767,,0.850,0,
3007,7,64,fog-73,1,fog,700.0,0.0000,0.0000,0,100.000,,0,0.9728,,0.850,0,
3008,7,64,fog-73,1,fog,800.0,0.0000,0.0000,0,100.000,,0,0.9689,,0.850,0,
3009,7,64,fog-73,1,fog,900.0,0.0000,0.0000,0,100.000,,0,0.9650,,0.850,0,
3010,7,64,fog-73,1,fog,1000.0,0.0000,0.0000,0,100.000,,0,0.9611,,0.850,0,
3011,7,64,fog-73,1,fog,1100.0,0.0000,0.0000,0,100.000,,0,0.9572,,0.850,0,
3012,7,64,fog-73,1,fog,1200.0,0.0000,0.0000,0,100.000,,0,0.9534,,0.850,0,
3013,7,64,fog-73,1,fog,1300.0,0.0000,0.0000,0,100.000,,0,0.9495,,0.850,0,
3014,7,64,fog-73,1,fog,1400.0,0.0000,0.0000,0,100.000,,0,0.9456,,0.850,0,
3015,7,64,fog-73,1,fog,1500.0,0.0000,0.0000,0,100.000,,0,0.9417,,0.850,0,
3016,7,64,fog-73,1,fog,1600.0,0.0000,0.0000,0,100.000,,0,0.9378,,0.850,0,
3017,7,64,fog-73,1,fog,1700.0,0.0000,0.0000,0,100.000,,0,0.9339,,0.850,0,
3018,7,64,fog-73,1,fog,1800.0,0.0000,0.0000,0,100.000,,0,0.9300,,0.850,0,
3019,7,64,fog-73,1,fog,1900.0,0.0000,0.0000,0,100.000,,0,0.9262,,0.850,0,
3020,7,64,fog-73,1,fog,2000.0,0.0000,0.0000,0,100.000,,0,0.9223,,0.850,0,
3021,7,64,fog-73,1,fog,2100.0,0.0000,0.0000,0,100.000,,0,0.9184,,0.850,0,
3022,7,64,fog-73,1,fog,2200.0,0.0000,0.0000,0,100.000,,0,0.9145,,0.850,0,
3023,7,64,fog-73,1,fog,2300.0,0.0000,0.0000,0,100.000,,0,0.9106,,0.850,0,
3024,7,64,fog-73,1,fog,2400.0,0.0000,0.0000,0,100.000,,0,0.9067,,0.850,0,
3025,7,64,fog-73,1,fog,2500.0,0.0000,0.0000,0,100.000,,0,0.9028,,0.850,0,
3026,7,64,fog-73,1,fog,2600.0,0.0000,0.0000,0,100.000,,0,0.8990,,0.850,0,
3027,7,64,fog-73,1,fog,2700.0,0.0000,0.0000,0,100.000,,0,0.8951,,0.850,0,
3028,7,64,fog-73,1,fog,2800.0,0.0000,0.0000,0,100.000,,0,0.8912,,0.850,0,
3029,7,64,fog-73,1,fog,2900.0,0.0000,0.0000,0,100.000,,0,0.8873,,0.850,0,
3030,7,64,fog-73,1,fog,3000.0,0.0000,0.0000,0,100.000,,0,0.8834,,0.850,0,
3031,7,64,fog-73,1,fog,3100.0,0.0000,0.0000,0,100.000,,0,0.8795,,0.850,0,
3032,7,64,fog-73,1,fog,3200.0,0.0000,0.0000,0,100.000,,0,0.8756,,0.850,0,
3033,7,64,fog-73,1,fog,3300.0,0.0000,0.0000,0,100.000,,0,0.8717,,0.850,0,
3034,7,64,fog-73,1,fog,3400.0,0.0000,0.0000,0,100.000,,0,0.8679,,0.850,0,
3035,7,64,fog-73,1,fog,3500.0,0.0000,0.0000,0,100.000,,0,0.8640,,0.850,0,
3036,7,64,fog-73,1,fog,3600.0,0.0000,0.0000,0,100.000,,0,0.8601,,0.850,0,
3037,7,64,fog-73,1,fog,3700.0,0.0000,0.0000,0,100.000,,0,0.8562,,0.850,0,
3038,7,64,fog-73,1,fog,3800.0,0.0000,0.0000,0,100.000,,0,0.8523,,0.850,0,
3039,7,64,fog-73,1,fog,3900.0,0.0000,0.0000,0,100.000,,0,0.8484,,0.850,0,
3040,7,64,fog-73,1,fog,4000.0,0.0000,0.0000,0,100.000,,0,0.8445,,0.850,0,
3041,7,64,fog-73,1,fog,4100.0,0.0000,0.0000,0,100.000,,0,0.8407,,0.850,0,
3042,7,64,fog-73,1,fog,4200.0,0.0000,0.0000,0,100.000,,0,0.8368,,0.850,0,
3043,7,64,fog-73,1,fog,4300.0,0.0000,0.0000,0,100.000,,0,0.8329,,0.850,0,
3044,7,64,fog-73,1,fog,4400.0,0.0000,0.0000,0,100.000,,0,0.8290,,0.850,0,
3045,7,64,fog-73,1,fog,4500.0,0.0000,0.0000,0,100.000,,0,0.8251,,0.850,0,
3046,7,64,fog-73,1,fog,4600.0,0.0000,0.0000,0,100.000,,0,0.8212,,0.850,0,
3047,7,64,fog-73,1,fog,4700.0,0.0000,0.0000,0,100.000,,0,0.8173,,0.850,0,
3048,7,64,fog-73,1,fog,4800.0,0.0000,0.0000,0,100.000,,0,0.8135,,0.850,0,
3049,7,64,fog-73,1,fog,4900.0,0.0000,0.0000,0,100.000,,0,0.8096,,0.850,0,
3050,7,64,fog-73,1,fog,5000.0,0.0000,0.0000,0,100.000,,0,0.8057,,0.850,0,
3051,7,65,fog-74,1,fog,0.0,0.0000,0.0000,0,100.000,,0,1.0000,,0.850,0,
3052,7,65,fog-74,1,fog,100.0,0.0000,0.0000,0,100.000,,0,0.9961,,0.850,0,
3053,7,65,fog-74,1,fog,200.0,0.0000,0.0000,0,100.000,,0,0.9922,,0.850,0,
3054,7,65,fog-74,1,fog,300.0,0.0000,0.0000,5,100.250,0.0000,0,0.9883,,0.850,0,
3055,7,65,fog-74,1,fog,400.0,0.0000,0.0000,4,100.200,0.3536,0,0.9845,,0.850,0,
3056,7,65,fog-74,1,fog,500.0,0.0000,0.0000,4,100.200,0.3536,0,0.9806,,0.850,0,
3057,7,65,fog-74,1,fog,600.0,0.0000,0.0000,5,100.250,0.0000,0,0.9767,,0.850,0,
3058,7,65,fog-74,1,fog,700.0,0.0000,0.0000,5,100.250,0.0000,0,0.9728,,0.850,0,
3059,7,65,fog-74,1,fog,800.0,0.0000,0.0000,5,100.250,0.0000,0,0.9689,,0.850,0,
3060,7,65,fog-74,1,fog,900.0,0.0000,0.0000,5,100.250,0.0000,0,0.9650,,0.850,0,
3061,7,65,fog-74,1,fog,1000.0,0.0000,0.0000,0,100.000,,0,0.9611,,0.850,0,
3062,7,65,fog-74,1,fog,1100.0,0.0000,0.0000,4,100.200,0.0000,0,0.9572,,0.850,0,
3063,7,65,fog-74,1,fog,1200.0,0.0000,0.0000,0,100.000,,0,0.9534,,0.850,0,
3064,7,65,fog-74,1,fog,1300.0,0.0000,0.0000,0,100.000,,0,0.9495,,0.850,0,
3065,7,65,fog-74,1,fog,1400.0,0.0000,0.0000,7,100.350,0.7037,0,0.9456,,0.850,0,
3066,7,65,fog-74,1,fog,1500.0,0.0000,0.0000,3,100.150,0.0000,0,0.9417,,0.850,0,
3067,7,65,fog-74,1,fog,1600.0,0.0000,0.0000,5,100.250,0.0000,0,0.9378,,0.850,0,
3068,7,65,fog-74,1,fog,1700.0,0.0000,0.0000,0,100.000,,0,0.9339,,0.850,0,
3069,7,65,fog-74,1,fog,1800.0,0.0000,0.0000,0,100.000,,0,0.9300,,0.850,0,
3070,7,65,fog-74,1,fog,1900.0,0.0000,0.0000,0,100.000,,0,0.9262,,0.850,0,
3071,7,65,fog-74,1,fog,2000.0,0.0000,0.0000,0,100.000,,0,0.9223,,0.850,0,
3072,7,65,fog-74,1,fog,2100.0,0.0000,0.0000,4,100.200,0.3536,0,0.9184,,0.850,0,
3073,7,65,fog-74,1,fog,2200.0,0.0000,0.0000,0,100.000,,0,0.9145,,0.850,0,
3074,7,65,fog-74,1,fog,2300.0,0.0000,0.0000,0,100.000,,0,0.9106,,0.850,0,
3075,7,65,fog-74,1,fog,2400.0,0.0000,0.0000,0,100.000,,0,0.9067,,0.850,0,
3076,7,65,fog-74,1,fog,2500.0,0.0000,0.0000,0,100.000,,0,0.9028,,0.850,0,
3077,7,65,fog-74,1,fog,2600.0,0.0000,0.0000,4,100.200,0.3536,0,0.8990,,0.850,0,
3078,7,65,fog-74,1,fog,2700.0,0.0000,0.0000,5,100.250,0.0000,0,0.8951,,0.850,0,
3079,7,65,fog-74,1,fog,2800.0,0.0000,0.0000,5,100.250,0.0000,0,0.8912,,0.850,0,
3080,7,65,fog-74,1,fog,2900.0,0.0000,0.0000,0,100.000,,0,0.8873,,0.850,0,
3081,7,65,fog-74,1,fog,3000.0,0.0000,0.0000,5,100.250,0.0000,0,0.8834,,0.850,0,
3082,7,65,fog-74,1,fog,3100.0,0.0000,0.0000,4,100.200,0.3536,0,0.8795,,0.850,0,
3083,7,65,fog-74,1,fog,3200.0,0.0000,0.0000,5,100.250,0.0000,0,0.8756,,0.850,0,
3084,7,65,fog-74,1,fog,3300.0,0.0000,0.0000,5,100.250,0.0000,0,0.8717,,0.850,0,
3085,7,65,fog-74,1,fog,3400.0,0.0000,0.0000,0,100.000,,0,0.8679,,0.850,0,
3086,7,65,fog-74,1,fog,3500.0,0.0000,0.0000,0,100.000,,0,0.8640,,0.850,0,
3087,7,65,fog-74,1,fog,3600.0,0.0000,0.0000,0,100.000,,0,0.8601,,0.850,0,
3088,7,65,fog-74,1,fog,3700.0,0.0000,0.0000,2,100.100,,0,0.8562,,0.850,0,
3089,7,65,fog-74,1,fog,3800.0,0.0000,0.0000,0,100.000,,0,0.8523,,0.850,0,
3090,7,65,fog-74,1,fog,3900.0,0.0000,0.0000,0,100.000,,0,0.8484,,0.850,0,
3091,7,65,fog-74,1,fog,4000.0,0.0000,0.0000,0,100.000,,0,0.8445,,0.850,0,
3092,7,65,fog-74,1,fog,4100.0,0.0000,0.0000,0,100.000,,0,0.8407,,0.850,0,
3093,7,65,fog-74,1,fog,4200.0,0.0000,0.0000,0,100.000,,0,0.8368,,0.850,0,
3094,7,65,fog-74,1,fog,4300.0,0.0000,0.0000,0,100.000,,0,0.8329,,0.850,0,
3095,7,65,fog-74,1,fog,4400.0,0.0000,0.0000,0,100.000,,0,0.8290,,0.850,0,
3096,7,65,fog-74,1,fog,4500.0,0.0000,0.0000,0,100.000,,0,0.8251,,0.850,0,
3097,7,65,fog-74,1,fog,4600.0,0.0000,0.0000,4,100.200,0.0000,0,0.8212,,0.850,0,
3098,7,65,fog-74,1,fog,4700.0,0.0000,0.0000,5,100.250,0.0000,0,0.8173,,0.850,0,
3099,7,65,fog-74,1,fog,4800.0,0.0000,0.0000,3,100.150,0.0000,0,0.8135,,0.850,0,
3100,7,65,fog-74,1,fog,4900.0,0.0000,0.0000,0,100.000,,0,0.8096,,0.850,0,
3101,7,65,fog-74,1,fog,5000.0,0.0000,0.0000,0,100.000,,0,0.8057,,0.850,0,
3102,7,66,fog-75,1,fog,0.0,0.0000,0.0000,0,100.000,,0,1.0000,,0.850,0,
3103,7,66,fog-75,1,fog,100.0,0.0000,0.0000,0,100.000,,0,0.9961,,0.850,0,
3104,7,66,fog-75,1,fog,200.0,0.0000,0.0000,0,100.000,,0,0.9922,,0.850,0,
3105,7,66,fog-75,1,fog,300.0,0.0000,0.0000,0,100.000,,0,0.9883,,0.850,0,
3106,7,66,fog-75,1,fog,400.0,0.0000,0.0000,0,100.000,,0,0.9845,,0.850,0,
3107,7,66,fog-75,1,fog,500.0,0.0000,0.0000,10,100.500,1.0000,0,0.9806,,0.850,0,
3108,7,66,fog-75,1,fog,600.0,0.0000,0.0000,0,100.000,,0,0.9767,,0.850,0,
3109,7,66,fog-75,1,fog,700.0,0.0000,0.0000,0,100.000,,0,0.9728,,0.850,0,
3110,7,66,fog-75,1,fog,800.0,0.0000,0.0000,0,100.000,,0,0.9689,,0.850,0,
3111,7,66,fog-75,1,fog,900.0,0.0000,0.0000,0,100.000,,0,0.9650,,0.850,0,
3112,7,66,fog-75,1,fog,1000.0,0.0000,0.0000,0,100.000,,0,0.9611,,0.850,0,
3113,7,66,fog-75,1,fog,1100.0,0.0000,0.0000,0,100.000,,0,0.9572,,0.850,0,
3114,7,66,fog-75,1,fog,1200.0,0.0000,0.0000,0,100.000,,0,0.9534,,0.850,0,
3115,7,66,fog-75,1,fog,1300.0,0.0000,0.0000,5,100.250,0.0000,0,0.9495,,0.850,0,
3116,7,66,fog-75,1,fog,1400.0,0.0000,0.0000,0,100.000,,0,0.9456,,0.850,0,
3117,7,66,fog-75,1,fog,1500.0,0.0000,0.0000,0,100.000,,0,0.9417,,0.850,0,
3118,7,66,fog-75,1,fog,1600.0,0.0000,0.0000,10,100.500,1.0000,0,0.9378,,0.850,0,
3119,7,66,fog-75,1,fog,1700.0,0.0000,0.0000,0,100.000,,0,0.9339,,0.850,0,
3120,7,66,fog-75,1,fog,1800.0,0.0000,0.0000,0,100.000,,0,0.9300,,0.850,0,
3121,7,66,fog-75,1,fog,1900.0,0.0000,0.0000,0,100.000,,0,0.9262,,0.850,0,
3122,7,66,fog-75,1,fog,2000.0,0.0000,0.0000,0,100.000,,0,0.9223,,0.850,0,
3123,7,66,fog-75,1,fog,2100.0,0.0000,0.0000,0,100.000,,0,0.9184,,0.850,0,
3124,7,66,fog-75,1,fog,2200.0,0.0000,0.0000,0,100.000,,0,0.9145,,0.850,0,
3125,7,66,fog-75,1,fog,2300.0,0.0000,0.0000,4,100.200,0.3536,0,0.9106,,0.850,0,
3126,7,66,fog-75,1,fog,2400.0,0.0000,0.0000,0,100.000,,0,0.9067,,0.850,0,
3127,7,66,fog-75,1,fog,2500.0,0.0000,0.0000,0,100.000,,0,0.9028,,0.850,0,
3128,7,66,fog-75,1,fog,2600.0,0.0000,0.0000,5,100.250,0.0000,0,0.8990,,0.850,0,
3129,7,66,fog-75,1,fog,2700.0,0.0000,0.0000,0,100.000,,0,0.8951,,0.850,0,
3130,7,66,fog-75,1,fog,2800.0,0.0000,0.0000,0,100.000,,0,0.8912,,0.850,0,
3131,7,66,fog-75,1,fog,2900.0,0.0000,0.0000,4,100.200,0.3536,0,0.8873,,0.850,0,
3132,7,66,fog-75,1,fog,3000.0,0.0000,0.0000,0,100.000,,0,0.8834,,0.850,0,
3133,7,66,fog-75,1,fog,3100.0,0.0000,0.0000,3,100.150,0.0000,0,0.8795,,0.850,0,
3134,7,66,fog-75,1,fog,3200.0,0.0000,0.0000,5,100.250,0.0000,0,0.8756,,0.850,0,
3135,7,66,fog-75,1,fog,3300.0,0.0000,0.0000,0,100.000,,0,0.8717,,0.850,0,
3136,7,66,fog-75,1,fog,3400.0,0.0000,0.0000,0,100.000,,0,0.8679,,0.850,0,
3137,7,66,fog-75,1,fog,3500.0,0.0000,0.0000,5,100.250,0.0000,0,0.8640,,0.850,0,
3138,7,66,fog-75,1,fog,3600.0,0.0000,0.0000,0,100.000,,0,0.8601,,0.850,0,
3139,7,66,fog-75,1,fog,3700.0,0.0000,0.0000,0,100.000,,0,0.8562,,0.850,0,
3140,7,66,fog-75,1,fog,3800.0,0.0000,0.0000,0,100.000,,0,0.8523,,0.850,0,
3141,7,66,fog-75,1,fog,3900.0,0.0000,0.0000,5,100.250,0.0000,0,0.8484,,0.850,0,
3142,7,66,fog-75,1,fog,4000.0,0.0000,0.0000,5,100.250,0.0000,0,0.8445,,0.850,0,
3143,7,66,fog-75,1,fog,4100.0,0.0000,0.0000,0,100.000,,0,0.8407,,0.850,0,
3144,7,66,fog-75,1,fog,4200.0,0.0000,0.0000,0,100.000,,0,0.8368,,0.850,0,
3145,7,66,fog-75,1,fog,4300.0,0.0000,0.0000,0,100.000,,0,0.8329,,0.850,0,
3146,7,66,fog-75,1,fog,4400.0,0.0000,0.0000,0,100.000,,0,0.8290,,0.850,0,
3147,7,66,fog-75,1,fog,4500.0,0.0000,0.0000,0,100.000,,0,0.8251,,0.850,0,
3148,7,66,fog-75,1,fog,4600.0,0.0000,0.0000,0,100.000,,0,0.8212,,0.850,0,
3149,7,66,fog-75,1,fog,4700.0,0.0000,0.0000,5,100.250,0.0000,0,0.8173,,0.850,0,
3150,7,66,fog-75,1,fog,4800.0,0.0000,0.0000,0,100.000,,0,0.8135,,0.850,0,
3151,7,66,fog-75,1,fog,4900.0,0.0000,0.0000,0,100.000,,0,0.8096,,0.850,0,
3152,7,66,fog-75,1,fog,5000.0,0.0000,0.0000,0,100.000,,0,0.8057,,0.850,0,
3153,7,67,fog-76,1,fog,0.0,0.0000,0.0000,0,100.000,,0,1.0000,,0.850,0,
3154,7,67,fog-76,1,fog,100.0,0.0000,0.0000,0,100.000,,0,0.9961,,0.850,0,
3155,7,67,fog-76,1,fog,200.0,0.0000,0.0000,0,100.000,,0,0.9922,,0.850,0,
3156,7,67,fog-76,1,fog,300.0,0.0000,0.0000,0,100.000,,0,0.9883,,0.850,0,
3157,7,67,fog-76,1,fog,400.0,0.0000,0.0000,0,100.000,,0,0.9845,,0.850,0,
3158,7,67,fog-76,1,fog,500.0,0.0000,0.0000,0,100.000,,0,0.9806,,0.850,0,
3159,7,67,fog-76,1,fog,600.0,0.0000,0.0000,0,100.000,,0,0.9767,,0.850,0,
3160,7,67,fog-76,1,fog,700.0,0.0000,0.0000,0,100.000,,0,0.9728,,0.850,0,
3161,7,67,fog-76,1,fog,800.0,0.0000,0.0000,0,100.000,,0,0.9689,,0.850,0,
3162,7,67,fog-76,1,fog,900.0,0.0000,0.0000,0,100.000,,0,0.9650,,0.850,0,
3163,7,67,fog-76,1,fog,1000.0,0.0000,0.0000,0,100.000,,0,0.9611,,0.850,0,
3164,7,67,fog-76,1,fog,1100.0,0.0000,0.0000,0,100.000,,0,0.9572,,0.850,0,
3165,7,67,fog-76,1,fog,1200.0,0.0000,0.0000,0,100.000,,0,0.9534,,0.850,0,
3166,7,67,fog-76,1,fog,1300.0,0.0000,0.0000,0,100.000,,0,0.9495,,0.850,0,
3167,7,67,fog-76,1,fog,1400.0,0.0000,0.0000,0,100.000,,0,0.9456,,0.850,0,
3168,7,67,fog-76,1,fog,1500.0,0.0000,0.0000,0,100.000,,0,0.9417,,0.850,0,
3169,7,67,fog-76,1,fog,1600.0,0.0000,0.0000,0,100.000,,0,0.9378,,0.850,0,
3170,7,67,fog-76,1,fog,1700.0,0.0000,0.0000,0,100.000,,0,0.9339,,0.850,0,
3171,7,67,fog-76,1,fog,1800.0,0.0000,0.0000,0,100.000,,0,0.9300,,0.850,0,
3172,7,67,fog-76,1,fog,1900.0,0.0000,0.0000,0,100.000,,0,0.9262,,0.850,0,
3173,7,67,fog-76,1,fog,2000.0,0.0000,0.0000,0,100.000,,0,0.9223,,0.850,0,
3174,7,67,fog-76,1,fog,2100.0,0.0000,0.0000,0,100.000,,0,0.9184,,0.850,0,
3175,7,67,fog-76,1,fog,2200.0,0.0000,0.0000,0,100.000,,0,0.9145,,0.850,0,
3176,7,67,fog-76,1,fog,2300.0,0.0000,0.0000,0,100.000,,0,0.9106,,0.850,0,
3177,7,67,fog-76,1,fog,2400.0,0.0000,0.0000,0,100.000,,0,0.9067,,0.850,0,
3178,7,67,fog-76,1,fog,2500.0,0.0000,0.0000,0,100.000,,0,0.9028,,0.850,0,
3179,7,67,fog-76,1,fog,2600.0,0.0000,0.0000,0,100.000,,0,0.8990,,0.850,0,
3180,7,67,fog-76,1,fog,2700.0,0.0000,0.0000,0,100.000,,0,0.8951,,0.850,0,
3181,7,67,fog-76,1,fog,2800.0,0.0000,0.0000,0,100.000,,0,0.8912,,0.850,0,
3182,7,67,fog-76,1,fog,2900.0,0.0000,0.0000,0,100.000,,0,0.8873,,0.850,0,
3183,7,67,fog-76,1,fog,3000.0,0.0000,0.0000,0,100.000,,0,0.8834,,0.850,0,
3184,7,67,fog-76,1,fog,3100.0,0.0000,0.0000,0,100.000,,0,0.8795,,0.850,0,
3185,7,67,fog-76,1,fog,3200.0,0.0000,0.0000,0,100.000,,0,0.8756,,0.850,0,
3186,7,67,fog-76,1,fog,3300.0,0.0000,0.0000,0,100.000,,0,0.8717,,0.850,0,
3187,7,67,fog-76,1,fog,3400.0,0.0000,0.0000,0,100.000,,0,0.8679,,0.850,0,
3188,7,67,fog-76,1,fog,3500.0,0.0000,0.0000,0,100.000,,0,0.8640,,0.850,0,
3189,7,67,fog-76,1,fog,3600.0,0.0000,0.0000,0,100.000,,0,0.8601,,0.850,0,
3190,7,67,fog-76,1,fog,3700.0,0.0000,0.0000,0,100.000,,0,0.8562,,0.850,0,
3191,7,67,fog-76,1,fog,3800.0,0.0000,0.0000,0,100.000,,0,0.8523,,0.850,0,
3192,7,67,fog-76,1,fog,3900.0,0.0000,0.0000,0,100.000,,0,0.8484,,0.850,0,
3193,7,67,fog-76,1,fog,4000.0,0.0000,0.0000,0,100.000,,0,0.8445,,0.850,0,
3194,7,67,fog-76,1,fog,4100.0,0.0000,0.0000,0,100.000,,0,0.8407,,0.850,0,
3195,7,67,fog-76,1,fog,4200.0,0.0000,0.0000,0,100.000,,0,0.8368,,0.850,0,
3196,7,67,fog-76,1,fog,4300.0,0.0000,0.0000,0,100.000,,0,0.8329,,0.850,0,
3197,7,67,fog-76,1,fog,4400.0,0.0000,0.0000,0,100.000,,0,0.8290,,0.850,0,
3198,7,67,fog-76,1,fog,4500.0,0.0000,0.0000,0,100.000,,0,0.8251,,0.850,0,
3199,7,67,fog-76,1,fog,4600.0,0.0000,0.0000,0,100.000,,0,0.8212,,0.850,0,
3200,7,67,fog-76,1,fog,4700.0,0.0000,0.0000,0,100.000,,0,0.8173,,0.850,0,
3201,7,67,fog-76,1,fog,4800.0,0.0000,0.0000,0,100.000,,0,0.8135,,0.850,0,
3202,7,67,fog-76,1,fog,4900.0,0.0000,0.0000,0,100.000,,0,0.8096,,0.850,0,
3203,7,67,fog-76,1,fog,5000.0,0.0000,0.0000,0,100.000,,0,0.8057,,0.850,0,
3204,7,68,fog-77,1,fog,0.0,0.0000,0.0000,0,100.000,,0,1.0000,,0.850,0,
3205,7,68,fog-77,1,fog,100.0,0.0000,0.0000,0,100.000,,0,0.9961,,0.850,0,
3206,7,68,fog-77,1,fog,200.0,0.0000,0.0000,0,100.000,,0,0.9922,,0.850,0,
3207,7,68,fog-77,1,fog,300.0,0.0000,0.0000,0,100.000,,0,0.9883,,0.850,0,
3208,7,68,fog-77,1,fog,400.0,0.0000,0.0000,0,100.000,,0,0.9845,,0.850,0,
3209,7,68,fog-77,1,fog,500.0,0.0000,0.0000,0,100.000,,0,0.9806,,0.850,0,
3210,7,68,fog-77,1,fog,600.0,0.0000,0.0000,0,100.000,,0,0.9767,,0.850,0,
3211,7,68,fog-77,1,fog,700.0,0.0000,0.0000,0,100.000,,0,0.9728,,0.850,0,
3212,7,68,fog-77,1,fog,800.0,0.0000,0.0000,0,100.000,,0,0.9689,,0.850,0,
3213,7,68,fog-77,1,fog,900.0,0.0000,0.0000,0,100.000,,0,0.9650,,0.850,0,
3214,7,68,fog-77,1,fog,1000.0,0.0000,0.0000,0,100.000,,0,0.9611,,0.850,0,
3215,7,68,fog-77,1,fog,1100.0,0.0000,0.0000,0,100.000,,0,0.9572,,0.850,0,
3216,7,68,fog-77,1,fog,1200.0,0.0000,0.0000,0,100.000,,0,0.9534,,0.850,0,
3217,7,68,fog-77,1,fog,1300.0,0.0000,0.0000,0,100.000,,0,0.9495,,0.850,0,
3218,7,68,fog-77,1,fog,1400.0,0.0000,0.0000,0,100.000,,0,0.9456,,0.850,0,
3219,7,68,fog-77,1,fog,1500.0,0.0000,0.0000,0,100.000,,0,0.9417,,0.850,0,
3220,7,68,fog-77,1,fog,1600.0,0.0000,0.0000,0,100.000,,0,0.9378,,0.850,0,
3221,7,68,fog-77,1,fog,1700.0,0.0000,0.0000,0,100.000,,0,0.9339,,0.850,0,
3222,7,68,fog-77,1,fog,1800.0,0.0000,0.0000,0,100.000,,0,0.9300,,0.850,0,
3223,7,68,fog-77,1,fog,1900.0,0.0000,0.0000,0,100.000,,0,0.9262,,0.850,0,
3224,7,68,fog-77,1,fog,2000.0,0.0000,0.0000,0,100.000,,0,0.9223,,0.850,0,
3225,7,68,fog-77,1,fog,2100.0,0.0000,0.0000,0,100.000,,0,0.9184,,0.850,0,
3226,7,68,fog-77,1,fog,2200.0,0.0000,0.0000,0,100.000,,0,0.9145,,0.850,0,
3227,7,68,fog-77,1,fog,2300.0,0.0000,0.0000,0,100.000,,0,0.9106,,0.850,0,
3228,7,68,fog-77,1,fog,2400.0,0.0000,0.0000,0,100.000,,0,0.9067,,0.850,0,
3229,7,68,fog-77,1,fog,2500.0,0.0000,0.0000,0,100.000,,0,0.9028,,0.850,0,
3230,7,68,fog-77,1,fog,2600.0,0.0000,0.0000,0,100.000,,0,0.8990,,0.850,0,
3231,7,68,fog-77,1,fog,2700.0,0.0000,0.0000,0,100.000,,0,0.8951,,0.850,0,
3232,7,68,fog-77,1,fog,2800.0,0.0000,0.0000,0,100.000,,0,0.8912,,0.850,0,
3233,7,68,fog-77,1,fog,2900.0,0.0000,0.0000,0,100.000,,0,0.8873,,0.850,0,
3234,7,68,fog-77,1,fog,3000.0,0.0000,0.0000,0,100.000,,0,0.8834,,0.850,0,
3235,7,68,fog-77,1,fog,3100.0,0.0000,0.0000,0,100.000,,0,0.8795,,0.850,0,
3236,7,68,fog-77,1,fog,3200.0,0.0000,0.0000,0,100.000,,0,0.8756,,0.850,0,
3237,7,68,fog-77,1,fog,3300.0,0.0000,0.0000,0,100.000,,0,0.8717,,0.850,0,
3238,7,68,fog-77,1,fog,3400.0,0.0000,0.0000,0,100.000,,0,0.8679,,0.850,0,
3239,7,68,fog-77,1,fog,3500.0,0.0000,0.0000,0,100.000,,0,0.8640,,0.850,0,
3240,7,68,fog-77,1,fog,3600.0,0.0000,0.0000,0,100.000,,0,0.8601,,0.850,0,
3241,7,68,fog-77,1,fog,3700.0,0.0000,0.0000,0,100.000,,0,0.8562,,0.850,0,
3242,7,68,fog-77,1,fog,3800.0,0.0000,0.0000,0,100.000,,0,0.8523,,0.850,0,
3243,7,68,fog-77,1,fog,3900.0,0.0000,0.0000,0,100.000,,0,0.8484,,0.850,0,
3244,7,68,fog-77,1,fog,4000.0,0.0000,0.0000,0,100.000,,0,0.8445,,0.850,0,
3245,7,68,fog-77,1,fog,4100.0,0.0000,0.0000,0,100.000,,0,0.8407,,0.850,0,
3246,7,68,fog-77,1,fog,4200.0,0.0000,0.0000,0,100.000,,0,0.8368,,0.850,0,
3247,7,68,fog-77,1,fog,4300.0,0.0000,0.0000,0,100.000,,0,0.8329,,0.850,0,
3248,7,68,fog-77,1,fog,4400.0,0.0000,0.0000,0,100.000,,0,0.8290,,0.850,0,
3249,7,68,fog-77,1,fog,4500.0,0.0000,0.0000,0,100.000,,0,0.8251,,0.850,0,
3250,7,68,fog-77,1,fog,4600.0,0.0000,0.0000,0,100.000,,0,0.8212,,0.850,0,
3251,7,68,fog-77,1,fog,4700.0,0.0000,0.0000,0,100.000,,0,0.8173,,0.850,0,
3252,7,68,fog-77,1,fog,4800.0,0.0000,0.0000,0,100.000,,0,0.8135,,0.850,0,
3253,7,68,fog-77,1,fog,4900.0,0.0000,0.0000,0,100.000,,0,0.8096,,0.850,0,
3254,7,68,fog-77,1,fog,5000.0,0.0000,0.0000,0,100.000,,0,0.8057,,0.850,0,
3255,7,69,fog-78,1,fog,0.0,0.0000,0.0000,0,100.000,,0,1.0000,,0.850,0,
3256,7,69,fog-78,1,fog,100.0,0.0000,0.0000,0,100.000,,0,0.9961,,0.850,0,
3257,7,69,fog-78,1,fog,200.0,0.0000,0.0000,0,100.000,,0,0.9922,,0.850,0,
3258,7,69,fog-78,1,fog,300.0,0.0000,0.0000,0,100.000,,0,0.9883,,0.850,0,
3259,7,69,fog-78,1,fog,400.0,0.0000,0.0000,0,100.000,,0,0.9845,,0.850,0,
3260,7,69,fog-78,1,fog,500.0,0.0000,0.0000,0,100.000,,0,0.9806,,0.850,0,
3261,7,69,fog-78,1,fog,600.0,0.0000,0.0000,0,100.000,,0,0.9767,,0.850,0,
3262,7,69,fog-78,1,fog,700.0,0.0000,0.0000,0,100.000,,0,0.9728,,0.850,0,
3263,7,69,fog-78,1,fog,800.0,0.0000,0.0000,0,100.000,,0,0.9689,,0.850,0,
3264,7,69,fog-78,1,fog,900.0,0.0000,0.0000,0,100.000,,0,0.9650,,0.850,0,
3265,7,69,fog-78,1,fog,1000.0,0.0000,0.0000,0,100.000,,0,0.9611,,0.850,0,
3266,7,69,fog-78,1,fog,1100.0,0.0000,0.0000,0,100.000,,0,0.9572,,0.850,0,
3267,7,69,fog-78,1,fog,1200.0,0.0000,0.0000,0,100.000,,0,0.9534,,0.850,0,
3268,7,69,fog-78,1,fog,1300.0,0.0000,0.0000,0,100.000,,0,0.9495,,0.850,0,
3269,7,69,fog-78,1,fog,1400.0,0.0000,0.0000,0,100.000,,0,0.9456,,0.850,0,
3270,7,69,fog-78,1,fog,1500.0,0.0000,0.0000,0,100.000,,0,0.9417,,0.850,0,
3271,7,69,fog-78,1,fog,1600.0,0.0000,0.0000,0,100.000,,0,0.9378,,0.850,0,
3272,7,69,fog-78,1,fog,1700.0,0.0000,0.0000,0,100.000,,0,0.9339,,0.850,0,
3273,7,69,fog-78,1,fog,1800.0,0.0000,0.0000,0,100.000,,0,0.9300,,0.850,0,
3274,7,69,fog-78,1,fog,1900.0,0.0000,0.0000,0,100.000,,0,0.9262,,0.850,0,
3275,7,69,fog-78,1,fog,2000.0,0.0000,0.0000,0,100.000,,0,0.9223,,0.850,0,
3276,7,69,fog-78,1,fog,2100.0,0.0000,0.0000,0,100.000,,0,0.9184,,0.850,0,
3277,7,69,fog-78,1,fog,2200.0,0.0000,0.0000,0,100.000,,0,0.9145,,0.850,0,
3278,7,69,fog-78,1,fog,2300.0,0.0000,0.0000,0,100.000,,0,0.9106,,0.850,0,
3279,7,69,fog-78,1,fog,2400.0,0.0000,0.0000,0,100.000,,0,0.9067,,0.850,0,
3280,7,69,fog-78,1,fog,2500.0,0.0000,0.0000,0,100.000,,0,0.9028,,0.850,0,
3281,7,69,fog-78,1,fog,2600.0,0.0000,0.0000,0,100.000,,0,0.8990,,0.850,0,
3282,7,69,fog-78,1,fog,2700.0,0.0000,0.0000,0,100.000,,0,0.8951,,0.850,0,
3283,7,69,fog-78,1,fog,2800.0,0.0000,0.0000,0,100.000,,0,0.8912,,0.850,0,
3284,7,69,fog-78,1,fog,2900.0,0.0000,0.0000,0,100.000,,0,0.8873,,0.850,0,
3285,7,69,fog-78,1,fog,3000.0,0.0000,0.0000,0,100.000,,0,0.8834,,0.850,0,
3286,7,69,fog-78,1,fog,3100.0,0.0000,0.0000,0,100.000,,0,0.8795,,0.850,0,
3287,7,69,fog-78,1,fog,3200.0,0.0000,0.0000,0,100.000,,0,0.8756,,0.850,0,
3288,7,69,fog-78,1,fog,3300.0,0.0000,0.0000,0,100.000,,0,0.8717,,0.850,0,
3289,7,69,fog-78,1,fog,3400.0,0.0000,0.0000,0,100.000,,0,0.8679,,0.850,0,
3290,7,69,fog-78,1,fog,3500.0,0.0000,0.0000,0,100.000,,0,0.8640,,0.850,0,
3291,7,69,fog-78,1,fog,3600.0,0.0000,0.0000,0,100.000,,0,0.8601,,0.850,0,
3292,7,69,fog-78,1,fog,3700.0,0.0000,0.0000,0,100.000,,0,0.8562,,0.850,0,
3293,7,69,fog-78,1,fog,3800.0,0.0000,0.0000,0,100.000,,0,0.8523,,0.850,0,
3294,7,69,fog-78,1,fog,3900.0,0.0000,0.0000,0,100.000,,0,0.8484,,0.850,0,
3295,7,69,fog-78,1,fog,4000.0,0.0000,0.0000,0,100.000,,0,0.8445,,0.850,0,
3296,7,69,fog-78,1,fog,4100.0,0.0000,0.0000,0,100.000,,0,0.8407,,0.850,0,
3297,7,69,fog-78,1,fog,4200.0,0.0000,0.0000,0,100.000,,0,0.8368,,0.850,0,
3298,7,69,fog-78,1,fog,4300.0,0.0000,0.0000,0,100.000,,0,0.8329,,0.850,0,
3299,7,69,fog-78,1,fog,4400.0,0.0000,0.0000,0,100.000,,0,0.8290,,0.850,0,
3300,7,69,fog-78,1,fog,4500.0,0.0000,0.0000,0,100.000,,0,0.8251,,0.850,0,
3301,7,69,fog-78,1,fog,4600.0,0.0000,0.0000,0,100.000,,0,0.8212,,0.850,0,
3302,7,69,fog-78,1,fog,4700.0,0.0000,0.0000,0,100.000,,0,0.8173,,0.850,0,
3303,7,69,fog-78,1,fog,4800.0,0.0000,0.0000,0,100.000,,0,0.8135,,0.850,0,
3304,7,69,fog-78,1,fog,4900.0,0.0000,0.0000,0,100.000,,0,0.8096,,0.850,0,
3305,7,69,fog-78,1,fog,5000.0,0.0000,0.0000,0,100.000,,0,0.8057,,0.850,0,
3306,7,70,fog-79,1,fog,0.0,0.0000,0.0000,0,100.000,,0,1.0000,,0.850,0,2031.8
3307,7,70,fog-79,1,fog,100.0,0.0000,0.0000,0,100.000,,0,0.9961,,0.850,0,2031.8
3308,7,70,fog-79,1,fog,200.0,0.0000,0.0000,0,100.000,,0,0.9922,,0.850,0,2031.8
3309,7,70,fog-79,1,fog,300.0,0.0000,0.0000,0,100.000,,0,0.9883,,0.850,0,2031.8
3310,7,70,fog-79,1,fog,400.0,0.0000,0.0000,0,100.000,,0,0.9845,,0.850,0,2031.8
3311,7,70,fog-79,1,fog,500.0,0.0000,0.0000,0,100.000,,0,0.9806,,0.850,0,2031.8
3312,7,70,fog-79,1,fog,600.0,0.0000,0.0000,0,100.000,,0,0.9767,,0.850,0,2031.8
3313,7,70,fog-79,1,fog,700.0,0.0000,0.0000,0,100.000,,0,0.9728,,0.850,0,2031.8
3314,7,70,fog-79,1,fog,800.0,0.0000,0.0000,0,100.000,,0,0.9689,,0.850,0,2031.8
3315,7,70,fog-79,1,fog,900.0,0.0000,0.0000,0,100.000,,0,0.9650,,0.850,0,2031.8
3316,7,70,fog-79,1,fog,1000.0,0.0000,0.0000,0,100.000,,0,0.9611,,0.850,0,2031.8
3317,7,70,fog-79,1,fog,1100.0,0.0000,0.0000,0,100.000,,0,0.9572,,0.850,0,2031.8
3318,7,70,fog-79,1,fog,1200.0,0.0000,0.0000,0,100.000,,0,0.9534,,0.850,0,2031.8
3319,7,70,fog-79,1,fog,1300.0,0.0000,0.0000,0,100.000,,0,0.9495,,0.850,0,2031.8
3320,7,70,fog-79,1,fog,1400.0,0.0000,0.0000,0,100.000,,0,0.9456,,0.850,0,2031.8
3321,7,70,fog-79,1,fog,1500.0,0.0000,0.0000,0,100.000,,0,0.9417,,0.850,0,2031.8
3322,7,70,fog-79,1,fog,1600.0,0.0000,0.0000,0,100.000,,0,0.9378,,0.850,0,2031.8
3323,7,70,fog-79,1,fog,1700.0,0.0000,0.0000,0,100.000,,0,0.9339,,0.850,0,2031.8
3324,7,70,fog-79,1,fog,1800.0,0.0000,0.0000,0,100.000,,0,0.9300,,0.850,0,2031.8
3325,7,70,fog-79,1,fog,1900.0,0.0000,0.0000,0,100.000,,0,0.9262,,0.850,1,2031.8
3326,7,70,fog-79,1,fog,2000.0,0.0000,0.0000,0,100.000,,0,0.9223,,0.850,1,2031.8
3327,7,71,fog-80,1,fog,0.0,0.0000,0.0000,0,100.000,,0,1.0000,,0.850,0,
3328,7,71,fog-80,1,fog,100.0,0.0000,0.0000,0,100.000,,0,0.9961,,0.850,0,
3329,7,71,fog-80,1,fog,200.0,0.0000,0.0000,0,100.000,,0,0.9922,,0.850,0,
3330,7,71,fog-80,1,fog,300.0,0.0000,0.0000,0,100.000,,0,0.9883,,0.850,0,
3331,7,71,fog-80,1,fog,400.0,0.0000,0.0000,0,100.000,,0,0.9845,,0.850,0,
3332,7,71,fog-80,1,fog,500.0,0.0000,0.0000,0,100.000,,0,0.9806,,0.850,0,
3333,7,71,fog-80,1,fog,600.0,0.0000,0.0000,0,100.000,,0,0.9767,,0.850,0,
3334,7,71,fog-80,1,fog,700.0,0.0000,0.0000,0,100.000,,0,0.9728,,0.850,0,
3335,7,71,fog-80,1,fog,800.0,0.0000,0.0000,0,100.000,,0,0.9689,,0.850,0,
3336,7,71,fog-80,1,fog,900.0,0.0000,0.0000,0,100.000,,0,0.9650,,0.850,0,
3337,7,71,fog-80,1,fog,1000.0,0.0000,0.0000,0,100.000,,0,0.9611,,0.850,0,
3338,7,71,fog-80,1,fog,1100.0,0.0000,0.0000,0,100.000,,0,0.9572,,0.850,0,
3339,7,71,fog-80,1,fog,1200.0,0.0000,0.0000,0,100.000,,0,0.9534,,0.850,0,
3340,7,71,fog-80,1,fog,1300.0,0.0000,0.0000,0,100.000,,0,0.9495,,0.850,0,
3341,7,71,fog-80,1,fog,1400.0,0.0000,0.0000,0,100.000,,0,0.9456,,0.850,0,
3342,7,71,fog-80,1,fog,1500.0,0.0000,0.0000,0,100.000,,0,0.9417,,0.850,0,
3343,7,71,fog-80,1,fog,1600.0,0.0000,0.0000,0,100.000,,0,0.9378,,0.850,0,
3344,7,71,fog-80,1,fog,1700.0,0.0000,0.0000,0,100.000,,0,0.9339,,0.850,0,
3345,7,71,fog-80,1,fog,1800.0,0.0000,0.0000,0,100.000,,0,0.9300,,0.850,0,
3346,7,71,fog-80,1,fog,1900.0,0.0000,0.0000,0,100.000,,0,0.9262,,0.850,0,
3347,7,71,fog-80,1,fog,2000.0,0.0000,0.0000,0,100.000,,0,0.9223,,0.850,0,
3348,7,71,fog-80,1,fog,2100.0,0.0000,0.0000,0,100.000,,0,0.9184,,0.850,0,
3349,7,71,fog-80,1,fog,2200.0,0.0000,0.0000,0,100.000,,0,0.9145,,0.850,0,
3350,7,71,fog-80,1,fog,2300.0,0.0000,0.0000,0,100.000,,0,0.9106,,0.850,0,
3351,7,71,fog-80,1,fog,2400.0,0.0000,0.0000,0,100.000,,0,0.9067,,0.850,0,
3352,7,71,fog-80,1,fog,2500.0,0.0000,0.0000,0,100.000,,0,0.9028,,0.850,0,
3353,7,71,fog-80,1,fog,2600.0,0.0000,0.0000,0,100.000,,0,0.8990,,0.850,0,
3354,7,71,fog-80,1,fog,2700.0,0.0000,0.0000,0,100.000,,0,0.8951,,0.850,0,
3355,7,71,fog-80,1,fog,2800.0,0.0000,0.0000,0,100.000,,0,0.8912,,0.850,0,
3356,7,71,fog-80,1,fog,2900.0,0.0000,0.0000,0,100.000,,0,0.8873,,0.850,0,
3357,7,71,fog-80,1,fog,3000.0,0.0000,0.0000,0,100.000,,0,0.8834,,0.850,0,
3358,7,71,fog-80,1,fog,3100.0,0.0000,0.0000,0,100.000,,0,0.8795,,0.850,0,
3359,7,71,fog-80,1,fog,3200.0,0.0000,0.0000,0,100.000,,0,0.8756,,0.850,0,
3360,7,71,fog-80,1,fog,3300.0,0.0000,0.0000,0,100.000,,0,0.8717,,0.850,0,
3361,7,71,fog-80,1,fog,3400.0,0.0000,0.0000,0,100.000,,0,0.8679,,0.850,0,
3362,7,71,fog-80,1,fog,3500.0,0.0000,0.0000,0,100.000,,0,0.8640,,0.850,0,
3363,7,71,fog-80,1,fog,3600.0,0.0000,0.0000,0,100.000,,0,0.8601,,0.850,0,
3364,7,71,fog-80,1,fog,3700.0,0.0000,0.0000,0,100.000,,0,0.8562,,0.850,0,
3365,7,71,fog-80,1,fog,3800.0,0.0000,0.0000,0,100.000,,0,0.8523,,0.850,0,
3366,7,71,fog-80,1,fog,3900.0,0.0000,0.0000,0,100.000,,0,0.8484,,0.850,0,
3367,7,71,fog-80,1,fog,4000.0,0.0000,0.0000,0,100.000,,0,0.8445,,0.850,0,
3368,7,71,fog-80,1,fog,4100.0,0.0000,0.0000,0,100.000,,0,0.8407,,0.850,0,
3369,7,71,fog-80,1,fog,4200.0,0.0000,0.0000,0,100.000,,0,0.8368,,0.850,0,
3370,7,71,fog-80,1,fog,4300.0,0.0000,0.0000,0,100.000,,0,0.8329,,0.850,0,
3371,7,71,fog-80,1,fog,4400.0,0.0000,0.0000,0,100.000,,0,0.8290,,0.850,0,
3372,7,71,fog-80,1,fog,4500.0,0.0000,0.0000,0,100.000,,0,0.8251,,0.850,0,
3373,7,71,fog-80,1,fog,4600.0,0.0000,0.0000,0,100.000,,0,0.8212,,0.850,0,
3374,7,71,fog-80,1,fog,4700.0,0.0000,0.0000,0,100.000,,0,0.8173,,0.850,0,
3375,7,71,fog-80,1,fog,4800.0,0.0000,0.0000,0,100.000,,0,0.8135,,0.850,0,
3376,7,71,fog-80,1,fog,4900.0,0.0000,0.0000,0,100.000,,0,0.8096,,0.850,0,
3377,7,71,fog-80,1,fog,5000.0,0.0000,0.0000,0,100.000,,0,0.8057,,0.850,0,
3378,7,72,fog-81,1,fog,0.0,0.0000,0.0000,0,100.000,,0,1.0000,,0.850,0,
3379,7,72,fog-81,1,fog,100.0,0.0000,0.0000,0,100.000,,0,0.9961,,0.850,0,
3380,7,72,fog-81,1,fog,200.0,0.0000,0.0000,0,100.000,,0,0.9922,,0.850,0,
3381,7,72,fog-81,1,fog,300.0,0.0000,0.0000,0,100.000,,0,0.9883,,0.850,0,
3382,7,72,fog-81,1,fog,400.0,0.0000,0.0000,0,100.000,,0,0.9845,,0.850,0,
3383,7,72,fog-81,1,fog,500.0,0.0000,0.0000,0,100.000,,0,0.9806,,0.850,0,
3384,7,72,fog-81,1,fog,600.0,0.0000,0.0000,0,100.000,,0,0.9767,,0.850,0,
3385,7,72,fog-81,1,fog,700.0,0.0000,0.0000,0,100.000,,0,0.9728,,0.850,0,
3386,7,72,fog-81,1,fog,800.0,0.0000,0.0000,0,100.000,,0,0.9689,,0.850,0,
3387,7,72,fog-81,1,fog,900.0,0.0000,0.0000,0,100.000,,0,0.9650,,0.850,0,
3388,7,72,fog-81,1,fog,1000.0,0.0000,0.0000,0,100.000,,0,0.9611,,0.850,0,
3389,7,72,fog-81,1,fog,1100.0,0.0000,0.0000,0,100.000,,0,0.9572,,0.850,0,
3390,7,72,fog-81,1,fog,1200.0,0.0000,0.0000,0,100.000,,0,0.9534,,0.850,0,
3391,7,72,fog-81,1,fog,1300.0,0.0000,0.0000,0,100.000,,0,0.9495,,0.850,0,
3392,7,72,fog-81,1,fog,1400.0,0.0000,0.0000,0,100.000,,0,0.9456,,0.850,0,
3393,7,72,fog-81,1,fog,1500.0,0.0000,0.0000,0,100.000,,0,0.9417,,0.850,0,
3394,7,72,fog-81,1,fog,1600.0,0.0000,0.0000,0,100.000,,0,0.9378,,0.850,0,
3395,7,72,fog-81,1,fog,1700.0,0.0000,0.0000,0,100.000,,0,0.9339,,0.850,0,
3396,7,72,fog-81,1,fog,1800.0,0.0000,0.0000,0,100.000,,0,0.9300,,0.850,0,
3397,7,72,fog-81,1,fog,1900.0,0.0000,0.0000,0,100.000,,0,0.9262,,0.850,0,
3398,7,72,fog-81,1,fog,2000.0,0.0000,0.0000,0,100.000,,0,0.9223,,0.850,0,
3399,7,72,fog-81,1,fog,2100.0,0.0000,0.0000,0,100.000,,0,0.9184,,0.850,0,
3400,7,72,fog-81,1,fog,2200.0,0.0000,0.0000,0,100.000,,0,0.9145,,0.850,0,
3401,7,72,fog-81,1,fog,2300.0,0.0000,0.0000,0,100.000,,0,0.9106,,0.850,0,
3402,7,72,fog-81,1,fog,2400.0,0.0000,0.0000,0,100.000,,0,0.9067,,0.850,0,
3403,7,72,fog-81,1,fog,2500.0,0.0000,0.0000,0,100.000,,0,0.9028,,0.850,0,
3404,7,72,fog-81,1,fog,2600.0,0.0000,0.0000,0,100.000,,0,0.8990,,0.850,0,
3405,7,72,fog-81,1,fog,2700.0,0.0000,0.0000,0,100.000,,0,0.8951,,0.850,0,
3406,7,72,fog-81,1,fog,2800.0,0.0000,0.0000,0,100.000,,0,0.8912,,0.850,0,
3407,7,72,fog-81,1,fog,2900.0,0.0000,0.0000,0,100.000,,0,0.8873,,0.850,0,
3408,7,72,fog-81,1,fog,3000.0,0.0000,0.0000,0,100.000,,0,0.8834,,0.850,0,
3409,7,72,fog-81,1,fog,3100.0,0.0000,0.0000,0,100.000,,0,0.8795,,0.850,0,
3410,7,72,fog-81,1,fog,3200.0,0.0000,0.0000,0,100.000,,0,0.8756,,0.850,0,
3411,7,72,fog-81,1,fog,3300.0,0.0000,0.0000,0,100.000,,0,0.8717,,0.850,0,
3412,7,72,fog-81,1,fog,3400.0,0.0000,0.0000,0,100.000,,0,0.8679,,0.850,0,
3413,7,72,fog-81,1,fog,3500.0,0.0000,0.0000,0,100.000,,0,0.8640,,0.850,0,
3414,7,72,fog-81,1,fog,3600.0,0.0000,0.0000,0,100.000,,0,0.8601,,0.850,0,
3415,7,72,fog-81,1,fog,3700.0,0.0000,0.0000,0,100.000,,0,0.8562,,0.850,0,
3416,7,72,fog-81,1,fog,3800.0,0.0000,0.0000,0,100.000,,0,0.8523,,0.850,0,
3417,7,72,fog-81,1,fog,3900.0,0.0000,0.0000,0,100.000,,0,0.8484,,0.850,0,
3418,7,72,fog-81,1,fog,4000.0,0.0000,0.0000,0,100.000,,0,0.8445,,0.850,0,
3419,7,72,fog-81,1,fog,4100.0,0.0000,0.0000,0,100.000,,0,0.8407,,0.850,0,
3420,7,72,fog-81,1,fog,4200.0,0.0000,0.0000,0,100.000,,0,0.8368,,0.850,0,
3421,7,72,fog-81,1,fog,4300.0,0.0000,0.0000,0,100.000,,0,0.8329,,0.850,0,
3422,7,72,fog-81,1,fog,4400.0,0.0000,0.0000,0,100.000,,0,0.8290,,0.850,0,
3423,7,72,fog-81,1,fog,4500.0,0.0000,0.0000,0,100.000,,0,0.8251,,0.850,0,
3424,7,72,fog-81,1,fog,4600.0,0.0000,0.0000,0,100.000,,0,0.8212,,0.850,0,
3425,7,72,fog-81,1,fog,4700.0,0.0000,0.0000,0,100.000,,0,0.8173,,0.850,0,
3426,7,72,fog-81,1,fog,4800.0,0.0000,0.0000,0,100.000,,0,0.8135,,0.850,0,
3427,7,72,fog-81,1,fog,4900.0,0.0000,0.0000,0,100.000,,0,0.8096,,0.850,0,
3428,7,72,fog-81,1,fog,5000.0,0.0000,0.0000,0,100.000,,0,0.8057,,0.850,0,
3429,7,73,fog-82,1,fog,0.0,0.0000,0.0000,0,100.000,,0,1.0000,,0.850,0,
3430,7,73,fog-82,1,fog,100.0,0.0000,0.0000,0,100.000,,0,0.9961,,0.850,0,
3431,7,73,fog-82,1,fog,200.0,0.0000,0.0000,4,100.200,0.3536,0,0.9922,,0.850,0,
3432,7,73,fog-82,1,fog,300.0,0.0000,0.0000,0,100.000,,0,0.9883,,0.850,0,
3433,7,73,fog-82,1,fog,400.0,0.0000,0.0000,5,100.250,0.0000,0,0.9845,,0.850,0,
3434,7,73,fog-82,1,fog,500.0,0.0000,0.0000,0,100.000,,0,0.9806,,0.850,0,
3435,7,73,fog-82,1,fog,600.0,0.0000,0.0000,0,100.000,,0,0.9767,,0.850,0,
3436,7,73,fog-82,1,fog,700.0,0.0000,0.0000,5,100.250,0.0000,0,0.9728,,0.850,0,
3437,7,73,fog-82,1,fog,800.0,0.0000,0.0000,0,100.000,,0,0.9689,,0.850,0,
3438,7,73,fog-82,1,fog,900.0,0.0000,0.0000,0,100.000,,0,0.9650,,0.850,0,
3439,7,73,fog-82,1,fog,1000.0,0.0000,0.0000,4,100.200,0.3536,0,0.9611,,0.850,0,
3440,7,73,fog-82,1,fog,1100.0,0.0000,0.0000,0,100.000,,0,0.9572,,0.850,0,
3441,7,73,fog-82,1,fog,1200.0,0.0000,0.0000,4,100.200,0.0000,0,0.9534,,0.850,0,
3442,7,73,fog-82,1,fog,1300.0,0.0000,0.0000,5,100.250,0.0000,0,0.9495,,0.850,0,
3443,7,73,fog-82,1,fog,1400.0,0.0000,0.0000,0,100.000,,0,0.9456,,0.850,0,
3444,7,73,fog-82,1,fog,1500.0,0.0000,0.0000,5,100.250,0.0000,0,0.9417,,0.850,0,
3445,7,73,fog-82,1,fog,1600.0,0.0000,0.0000,0,100.000,,0,0.9378,,0.850,0,
3446,7,73,fog-82,1,fog,1700.0,0.0000,0.0000,0,100.000,,0,0.9339,,0.850,0,
3447,7,73,fog-82,1,fog,1800.0,0.0000,0.0000,4,100.200,0.3536,0,0.9300,,0.850,0,
3448,7,73,fog-82,1,fog,1900.0,0.0000,0.0000,0,100.000,,0,0.9262,,0.850,0,
3449,7,73,fog-82,1,fog,2000.0,0.0000,0.0000,4,100.200,0.0000,0,0.9223,,0.850,0,
3450,7,73,fog-82,1,fog,2100.0,0.0000,0.0000,0,100.000,,0,0.9184,,0.850,0,
3451,7,73,fog-82,1,fog,2200.0,0.0000,0.0000,5,100.250,0.0000,0,0.9145,,0.850,0,
3452,7,73,fog-82,1,fog,2300.0,0.0000,0.0000,0,100.000,,0,0.9106,,0.850,0,
3453,7,73,fog-82,1,fog,2400.0,0.0000,0.0000,0,100.000,,0,0.9067,,0.850,0,
3454,7,73,fog-82,1,fog,2500.0,0.0000,0.0000,0,100.000,,0,0.9028,,0.850,0,
3455,7,73,fog-82,1,fog,2600.0,0.0000,0.0000,0,100.000,,0,0.8990,,0.850,0,
3456,7,73,fog-82,1,fog,2700.0,0.0000,0.0000,0,100.000,,0,0.8951,,0.850,0,
3457,7,73,fog-82,1,fog,2800.0,0.0000,0.0000,5,100.250,0.0000,0,0.8912,,0.850,0,
3458,7,73,fog-82,1,fog,2900.0,0.0000,0.0000,0,100.000,,0,0.8873,,0.850,0,
3459,7,73,fog-82,1,fog,3000.0,0.0000,0.0000,0,100.000,,0,0.8834,,0.850,0,
3460,7,73,fog-82,1,fog,3100.0,0.0000,0.0000,4,100.200,0.0000,0,0.8795,,0.850,0,
3461,7,73,fog-82,1,fog,3200.0,0.0000,0.0000,5,100.250,0.0000,0,0.8756,,0.850,0,
3462,7,73,fog-82,1,fog,3300.0,0.0000,0.0000,5,100.250,0.0000,0,0.8717,,0.850,0,
3463,7,73,fog-82,1,fog,3400.0,0.0000,0.0000,9,100.450,0.9768,0,0.8679,,0.850,0,
3464,7,73,fog-82,1,fog,3500.0,0.0000,0.0000,0,100.000,,0,0.8640,,0.850,0,
3465,7,73,fog-82,1,fog,3600.0,0.0000,0.0000,4,100.200,0.3536,0,0.8601,,0.850,0,
3466,7,73,fog-82,1,fog,3700.0,0.0000,0.0000,0,100.000,,0,0.8562,,0.850,0,
3467,7,73,fog-82,1,fog,3800.0,0.0000,0.0000,4,100.200,0.3536,0,0.8523,,0.850,0,
3468,7,73,fog-82,1,fog,3900.0,0.0000,0.0000,0,100.000,,0,0.8484,,0.850,0,
3469,7,73,fog-82,1,fog,4000.0,0.0000,0.0000,0,100.000,,0,0.8445,,0.850,0,
3470,7,73,fog-82,1,fog,4100.0,0.0000,0.0000,0,100.000,,0,0.8407,,0.850,0,
3471,7,73,fog-82,1,fog,4200.0,0.0000,0.0000,5,100.250,0.0000,0,0.8368,,0.850,0,
3472,7,73,fog-82,1,fog,4300.0,0.0000,0.0000,0,100.000,,0,0.8329,,0.850,0,
3473,7,73,fog-82,1,fog,4400.0,0.0000,0.0000,0,100.000,,0,0.8290,,0.850,0,
3474,7,73,fog-82,1,fog,4500.0,0.0000,0.0000,0,100.000,,0,0.8251,,0.850,0,
3475,7,73,fog-82,1,fog,4600.0,0.0000,0.0000,0,100.000,,0,0.8212,,0.850,0,
3476,7,73,fog-82,1,fog,4700.0,0.0000,0.0000,0,100.000,,0,0.8173,,0.850,0,
3477,7,73,fog-82,1,fog,4800.0,0.0000,0.0000,0,100.000,,0,0.8135,,0.850,0,
3478,7,73,fog-82,1,fog,4900.0,0.0000,0.0000,4,100.200,0.3536,0,0.8096,,0.850,0,
3479,7,73,fog-82,1,fog,5000.0,0.0000,0.0000,0,100.000,,0,0.8057,,0.850,0,
3480,7,74,fog-83,1,fog,0.0,0.0000,0.0000,0,100.000,,0,1.0000,,0.850,0,
3481,7,74,fog-83,1,fog,100.0,0.0000,0.0000,0,100.000,,0,0.9961,,0.850,0,
3482,7,74,fog-83,1,fog,200.0,0.0000,0.0000,0,100.000,,0,0.9922,,0.850,0,
3483,7,74,fog-83,1,fog,300.0,0.0000,0.0000,0,100.000,,0,0.9883,,0.850,0,
3484,7,74,fog-83,1,fog,400.0,0.0000,0.0000,0,100.000,,0,0.9845,,0.850,0,
3485,7,74,fog-83,1,fog,500.0,0.0000,0.0000,0,100.000,,0,0.9806,,0.850,0,
3486,7,74,fog-83,1,fog,600.0,0.0000,0.0000,0,100.000,,0,0.9767,,0.850,0,
3487,7,74,fog-83,1,fog,700.0,0.0000,0.0000,0,100.000,,0,0.9728,,0.850,0,
3488,7,74,fog-83,1,fog,800.0,0.0000,0.0000,0,100.000,,0,0.9689,,0.850,0,
3489,7,74,fog-83,1,fog,900.0,0.0000,0.0000,0,100.000,,0,0.9650,,0.850,0,
3490,7,74,fog-83,1,fog,1000.0,0.0000,0.0000,0,100.000,,0,0.9611,,0.850,0,
3491,7,74,fog-83,1,fog,1100.0,0.0000,0.0000,0,100.000,,0,0.9572,,0.850,0,
3492,7,74,fog-83,1,fog,1200.0,0.0000,0.0000,0,100.000,,0,0.9534,,0.850,0,
3493,7,74,fog-83,1,fog,1300.0,0.0000,0.0000,0,100.000,,0,0.9495,,0.850,0,
3494,7,74,fog-83,1,fog,1400.0,0.0000,0.0000,0,100.000,,0,0.9456,,0.850,0,
3495,7,74,fog-83,1,fog,1500.0,0.0000,0.0000,0,100.000,,0,0.9417,,0.850,0,
3496,7,74,fog-83,1,fog,1600.0,0.0000,0.0000,0,100.000,,0,0.9378,,0.850,0,
3497,7,74,fog-83,1,fog,1700.0,0.0000,0.0000,0,100.000,,0,0.9339,,0.850,0,
3498,7,74,fog-83,1,fog,1800.0,0.0000,0.0000,0,100.000,,0,0.9300,,0.850,0,
3499,7,74,fog-83,1,fog,1900.0,0.0000,0.0000,0,100.000,,0,0.9262,,0.850,0,
3500,7,74,fog-83,1,fog,2000.0,0.0000,0.0000,0,100.000,,0,0.9223,,0.850,0,
3501,7,74,fog-83,1,fog,2100.0,0.0000,0.0000,0,100.000,,0,0.9184,,0.850,0,
3502,7,74,fog-83,1,fog,2200.0,0.0000,0.0000,0,100.000,,0,0.9145,,0.850,0,
3503,7,74,fog-83,1,fog,2300.0,0.0000,0.0000,0,100.000,,0,0.9106,,0.850,0,
3504,7,74,fog-83,1,fog,2400.0,0.0000,0.0000,0,100.000,,0,0.9067,,0.850,0,
3505,7,74,fog-83,1,fog,2500.0,0.0000,0.0000,0,100.000,,0,0.9028,,0.850,0,
3506,7,74,fog-83,1,fog,2600.0,0.0000,0.0000,0,100.000,,0,0.8990,,0.850,0,
3507,7,74,fog-83,1,fog,2700.0,0.0000,0.0000,0,100.000,,0,0.8951,,0.850,0,
3508,7,74,fog-83,1,fog,2800.0,0.0000,0.0000,0,100.000,,0,0.8912,,0.850,0,
3509,7,74,fog-83,1,fog,2900.0,0.0000,0.0000,0,100.000,,0,0.8873,,0.850,0,
3510,7,74,fog-83,1,fog,3000.0,0.0000,0.0000,0,100.000,,0,0.8834,,0.850,0,
3511,7,74,fog-83,1,fog,3100.0,0.0000,0.0000,0,100.000,,0,0.8795,,0.850,0,
3512,7,74,fog-83,1,fog,3200.0,0.0000,0.0000,0,100.000,,0,0.8756,,0.850,0,
3513,7,74,fog-83,1,fog,3300.0,0.0000,0.0000,0,100.000,,0,0.8717,,0.850,0,
3514,7,74,fog-83,1,fog,3400.0,0.0000,0.0000,0,100.000,,0,0.8679,,0.850,0,
3515,7,74,fog-83,1,fog,3500.0,0.0000,0.0000,0,100.000,,0,0.8640,,0.850,0,
3516,7,74,fog-83,1,fog,3600.0,0.0000,0.0000,0,100.000,,0,0.8601,,0.850,0,
3517,7,74,fog-83,1,fog,3700.0,0.0000,0.0000,0,100.000,,0,0.8562,,0.850,0,
3518,7,74,fog-83,1,fog,3800.0,0.0000,0.0000,0,100.000,,0,0.8523,,0.850,0,
3519,7,74,fog-83,1,fog,3900.0,0.0000,0.0000,0,100.000,,0,0.8484,,0.850,0,
3520,7,74,fog-83,1,fog,4000.0,0.0000,0.0000,0,100.000,,0,0.8445,,0.850,0,
3521,7,74,fog-83,1,fog,4100.0,0.0000,0.0000,0,100.000,,0,0.8407,,0.850,0,
3522,7,74,fog-83,1,fog,4200.0,0.0000,0.0000,0,100.000,,0,0.8368,,0.850,0,
3523,7,74,fog-83,1,fog,4300.0,0.0000,0.0000,0,100.000,,0,0.8329,,0.850,0,
3524,7,74,fog-83,1,fog,4400.0,0.0000,0.0000,0,100.000,,0,0.8290,,0.850,0,
3525,7,74,fog-83,1,fog,4500.0,0.0000,0.0000,0,100.000,,0,0.8251,,0.850,0,
3526,7,74,fog-83,1,fog,4600.0,0.0000,0.0000,0,100.000,,0,0.8212,,0.850,0,
3527,7,74,fog-83,1,fog,4700.0,0.0000,0.0000,0,100.000,,0,0.8173,,0.850,0,
3528,7,74,fog-83,1,fog,4800.0,0.0000,0.0000,0,100.000,,0,0.8135,,0.850,0,
3529,7,74,fog-83,1,fog,4900.0,0.0000,0.0000,0,100.000,,0,0.8096,,0.850,0,
3530,7,74,fog-83,1,fog,5000.0,0.0000,0.0000,0,100.000,,0,0.8057,,0.850,0,
3531,7,75,fog-84,1,fog,0.0,0.0000,0.0000,0,100.000,,0,1.0000,,0.850,0,
3532,7,75,fog-84,1,fog,100.0,0.0000,0.0000,0,100.000,,0,0.9961,,0.850,0,
3533,7,75,fog-84,1,fog,200.0,0.0000,0.0000,0,100.000,,0,0.9922,,0.850,0,
3534,7,75,fog-84,1,fog,300.0,0.0000,0.0000,0,100.000,,0,0.9883,,0.850,0,
3535,7,75,fog-84,1,fog,400.0,0.0000,0.0000,0,100.000,,0,0.9845,,0.850,0,
3536,7,75,fog-84,1,fog,500.0,0.0000,0.0000,0,100.000,,0,0.9806,,0.850,0,
3537,7,75,fog-84,1,fog,600.0,0.0000,0.0000,0,100.000,,0,0.9767,,0.850,0,
3538,7,75,fog-84,1,fog,700.0,0.0000,0.0000,0,100.000,,0,0.9728,,0.850,0,
3539,7,75,fog-84,1,fog,800.0,0.0000,0.0000,0,100.000,,0,0.9689,,0.850,0,
3540,7,75,fog-84,1,fog,900.0,0.0000,0.0000,0,100.000,,0,0.9650,,0.850,0,
3541,7,75,fog-84,1,fog,1000.0,0.0000,0.0000,0,100.000,,0,0.9611,,0.850,0,
3542,7,75,fog-84,1,fog,1100.0,0.0000,0.0000,0,100.000,,0,0.9572,,0.850,0,
3543,7,75,fog-84,1,fog,1200.0,0.0000,0.0000,0,100.000,,0,0.9534,,0.850,0,
3544,7,75,fog-84,1,fog,1300.0,0.0000,0.0000,0,100.000,,0,0.9495,,0.850,0,
3545,7,75,fog-84,1,fog,1400.0,0.0000,0.0000,0,100.000,,0,0.9456,,0.850,0,
3546,7,75,fog-84,1,fog,1500.0,0.0000,0.0000,0,100.000,,0,0.9417,,0.850,0,
3547,7,75,fog-84,1,fog,1600.0,0.0000,0.0000,0,100.000,,0,0.9378,,0.850,0,
3548,7,75,fog-84,1,fog,1700.0,0.0000,0.0000,0,100.000,,0,0.9339,,0.850,0,
3549,7,75,fog-84,1,fog,1800.0,0.0000,0.0000,0,100.000,,0,0.9300,,0.850,0,
3550,7,75,fog-84,1,fog,1900.0,0.0000,0.0000,0,100.000,,0,0.9262,,0.850,0,
3551,7,75,fog-84,1,fog,2000.0,0.0000,0.0000,0,100.000,,0,0.9223,,0.850,0,
3552,7,75,fog-84,1,fog,2100.0,0.0000,0.0000,0,100.000,,0,0.9184,,0.850,0,
3553,7,75,fog-84,1,fog,2200.0,0.0000,0.0000,0,100.000,,0,0.9145,,0.850,0,
3554,7,75,fog-84,1,fog,2300.0,0.0000,0.0000,0,100.000,,0,0.9106,,0.850,0,
3555,7,75,fog-84,1,fog,2400.0,0.0000,0.0000,0,100.000,,0,0.9067,,0.850,0,
3556,7,75,fog-84,1,fog,2500.0,0.0000,0.0000,0,100.000,,0,0.9028,,0.850,0,
3557,7,75,fog-84,1,fog,2600.0,0.0000,0.0000,0,100.000,,0,0.8990,,0.850,0,
3558,7,75,fog-84,1,fog,2700.0,0.0000,0.0000,0,100.000,,0,0.8951,,0.850,0,
3559,7,75,fog-84,1,fog,2800.0,0.0000,0.0000,0,100.000,,0,0.8912,,0.850,0,
3560,7,75,fog-84,1,fog,2900.0,0.0000,0.0000,0,100.000,,0,0.8873,,0.850,0,
3561,7,75,fog-84,1,fog,3000.0,0.0000,0.0000,0,100.000,,0,0.8834,,0.850,0,
3562,7,75,fog-84,1,fog,3100.0,0.0000,0.0000,0,100.000,,0,0.8795,,0.850,0,
3563,7,75,fog-84,1,fog,3200.0,0.0000,0.0000,0,100.000,,0,0.8756,,0.850,0,
3564,7,75,fog-84,1,fog,3300.0,0.0000,0.0000,0,100.000,,0,0.8717,,0.850,0,
3565,7,75,fog-84,1,fog,3400.0,0.0000,0.0000,0,100.000,,0,0.8679,,0.850,0,
3566,7,75,fog-84,1,fog,3500.0,0.0000,0.0000,0,100.000,,0,0.8640,,0.850,0,
3567,7,75,fog-84,1,fog,3600.0,0.0000,0.0000,0,100.000,,0,0.8601,,0.850,0,
3568,7,75,fog-84,1,fog,3700.0,0.0000,0.0000,0,100.000,,0,0.8562,,0.850,0,
3569,7,75,fog-84,1,fog,3800.0,0.0000,0.0000,0,100.000,,0,0.8523,,0.850,0,
3570,7,75,fog-84,1,fog,3900.0,0.0000,0.0000,0,100.000,,0,0.8484,,0.850,0,
3571,7,75,fog-84,1,fog,4000.0,0.0000,0.0000,0,100.000,,0,0.8445,,0.850,0,
3572,7,75,fog-84,1,fog,4100.0,0.0000,0.0000,0,100.000,,0,0.8407,,0.850,0,
3573,7,75,fog-84,1,fog,4200.0,0.0000,0.0000,0,100.000,,0,0.8368,,0.850,0,
3574,7,75,fog-84,1,fog,4300.0,0.0000,0.0000,0,100.000,,0,0.8329,,0.850,0,
3575,7,75,fog-84,1,fog,4400.0,0.0000,0.0000,0,100.000,,0,0.8290,,0.850,0,
3576,7,75,fog-84,1,fog,4500.0,0.0000,0.0000,0,100.000,,0,0.8251,,0.850,0,
3577,7,75,fog-84,1,fog,4600.0,0.0000,0.0000,0,100.000,,0,0.8212,,0.850,0,
3578,7,75,fog-84,1,fog,4700.0,0.0000,0.0000,0,100.000,,0,0.8173,,0.850,0,
3579,7,75,fog-84,1,fog,4800.0,0.0000,0.0000,0,100.000,,0,0.8135,,0.850,0,
3580,7,75,fog-84,1,fog,4900.0,0.0000,0.0000,0,100.000,,0,0.8096,,0.850,0,
3581,7,75,fog-84,1,fog,5000.0,0.0000,0.0000,0,100.000,,0,0.8057,,0.850,0,
3582,7,76,fog-85,1,fog,0.0,0.0000,0.0000,0,100.000,,0,1.0000,,0.850,0,
3583,7,76,fog-85,1,fog,100.0,0.0000,0.0000,0,100.000,,0,0.9961,,0.850,0,
3584,7,76,fog-85,1,fog,200.0,0.0000,0.0000,0,100.000,,0,0.9922,,0.850,0,
3585,7,76,fog-85,1,fog,300.0,0.0000,0.0000,0,100.000,,0,0.9883,,0.850,0,
3586,7,76,fog-85,1,fog,400.0,0.0000,0.0000,0,100.000,,0,0.9845,,0.850,0,
3587,7,76,fog-85,1,fog,500.0,0.0000,0.0000,0,100.000,,0,0.9806,,0.850,0,
3588,7,76,fog-85,1,fog,600.0,0.0000,0.0000,0,100.000,,0,0.9767,,0.850,0,
3589,7,76,fog-85,1,fog,700.0,0.0000,0.0000,0,100.000,,0,0.9728,,0.850,0,
3590,7,76,fog-85,1,fog,800.0,0.0000,0.0000,0,100.000,,0,0.9689,,0.850,0,
3591,7,76,fog-85,1,fog,900.0,0.0000,0.0000,0,100.000,,0,0.9650,,0.850,0,
3592,7,76,fog-85,1,fog,1000.0,0.0000,0.0000,0,100.000,,0,0.9611,,0.850,0,
3593,7,76,fog-85,1,fog,1100.0,0.0000,0.0000,0,100.000,,0,0.9572,,0.850,0,
3594,7,76,fog-85,1,fog,1200.0,0.0000,0.0000,0,100.000,,0,0.9534,,0.850,0,
3595,7,76,fog-85,1,fog,1300.0,0.0000,0.0000,0,100.000,,0,0.9495,,0.850,0,
3596,7,76,fog-85,1,fog,1400.0,0.0000,0.0000,0,100.000,,0,0.9456,,0.850,0,
3597,7,76,fog-85,1,fog,1500.0,0.0000,0.0000,0,100.000,,0,0.9417,,0.850,0,
3598,7,76,fog-85,1,fog,1600.0,0.0000,0.0000,0,100.000,,0,0.9378,,0.850,0,
3599,7,76,fog-85,1,fog,1700.0,0.0000,0.0000,0,100.000,,0,0.9339,,0.850,0,
3600,7,76,fog-85,1,fog,1800.0,0.0000,0.0000,0,100.000,,0,0.9300,,0.850,0,
3601,7,76,fog-85,1,fog,1900.0,0.0000,0.0000,0,100.000,,0,0.9262,,0.850,0,
3602,7,76,fog-85,1,fog,2000.0,0.0000,0.0000,0,100.000,,0,0.9223,,0.850,0,
3603,7,76,fog-85,1,fog,2100.0,0.0000,0.0000,0,100.000,,0,0.9184,,0.850,0,
3604,7,76,fog-85,1,fog,2200.0,0.0000,0.0000,0,100.000,,0,0.9145,,0.850,0,
3605,7,76,fog-85,1,fog,2300.0,0.0000,0.0000,0,100.000,,0,0.9106,,0.850,0,
3606,7,76,fog-85,1,fog,2400.0,0.0000,0.0000,0,100.000,,0,0.9067,,0.850,0,
3607,7,76,fog-85,1,fog,2500.0,0.0000,0.0000,0,100.000,,0,0.9028,,0.850,0,
3608,7,76,fog-85,1,fog,2600.0,0.0000,0.0000,0,100.000,,0,0.8990,,0.850,0,
3609,7,76,fog-85,1,fog,2700.0,0.0000,0.0000,0,100.000,,0,0.8951,,0.850,0,
3610,7,76,fog-85,1,fog,2800.0,0.0000,0.0000,0,100.000,,0,0.8912,,0.850,0,
3611,7,76,fog-85,1,fog,2900.0,0.0000,0.0000,0,100.000,,0,0.8873,,0.850,0,
3612,7,76,fog-85,1,fog,3000.0,0.0000,0.0000,0,100.000,,0,0.8834,,0.850,0,
3613,7,76,fog-85,1,fog,3100.0,0.0000,0.0000,0,100.000,,0,0.8795,,0.850,0,
3614,7,76,fog-85,1,fog,3200.0,0.0000,0.0000,0,100.000,,0,0.8756,,0.850,0,
3615,7,76,fog-85,1,fog,3300.0,0.0000,0.0000,0,100.000,,0,0.8717,,0.850,0,
3616,7,76,fog-85,1,fog,3400.0,0.0000,0.0000,0,100.000,,0,0.8679,,0.850,0,
3617,7,76,fog-85,1,fog,3500.0,0.0000,0.0000,0,100.000,,0,0.8640,,0.850,0,
3618,7,76,fog-85,1,fog,3600.0,0.0000,0.0000,0,100.000,,0,0.8601,,0.850,0,
3619,7,76,fog-85,1,fog,3700.0,0.0000,0.0000,0,100.000,,0,0.8562,,0.850,0,
3620,7,76,fog-85,1,fog,3800.0,0.0000,0.0000,0,100.000,,0,0.8523,,0.850,0,
3621,7,76,fog-85,1,fog,3900.0,0.0000,0.0000,0,100.000,,0,0.8484,,0.850,0,
3622,7,76,fog-85,1,fog,4000.0,0.0000,0.0000,0,100.000,,0,0.8445,,0.850,0,
3623,7,76,fog-85,1,fog,4100.0,0.0000,0.0000,0,100.000,,0,0.8407,,0.850,0,
3624,7,76,fog-85,1,fog,4200.0,0.0000,0.0000,0,100.000,,0,0.8368,,0.850,0,
3625,7,76,fog-85,1,fog,4300.0,0.0000,0.0000,0,100.000,,0,0.8329,,0.850,0,
3626,7,76,fog-85,1,fog,4400.0,0.0000,0.0000,0,100.000,,0,0.8290,,0.850,0,
3627,7,76,fog-85,1,fog,4500.0,0.0000,0.0000,0,100.000,,0,0.8251,,0.850,0,
3628,7,76,fog-85,1,fog,4600.0,0.0000,0.0000,0,100.000,,0,0.8212,,0.850,0,
3629,7,76,fog-85,1,fog,4700.0,0.0000,0.0000,0,100.000,,0,0.8173,,0.850,0,
3630,7,76,fog-85,1,fog,4800.0,0.0000,0.0000,0,100.000,,0,0.8135,,0.850,0,
3631,7,76,fog-85,1,fog,4900.0,0.0000,0.0000,0,100.000,,0,0.8096,,0.850,0,
3632,7,76,fog-85,1,fog,5000.0,0.0000,0.0000,0,100.000,,0,0.8057,,0.850,0,
3633,7,77,fog-86,1,fog,0.0,0.0000,0.0000,0,100.000,,0,1.0000,,0.850,0,
3634,7,77,fog-86,1,fog,100.0,0.0000,0.0000,7,100.350,1.0000,0,0.9961,,0.850,0,
3635,7,77,fog-86,1,fog,200.0,0.0000,0.0000,25,101.100,1.0000,0,0.9922,,0.850,0,
3636,7,77,fog-86,1,fog,300.0,0.0000,0.0000,25,101.100,1.0000,0,0.9883,,0.850,0,
3637,7,77,fog-86,1,fog,400.0,0.0000,0.0000,41,101.500,1.0000,0,0.9845,,0.850,0,
3638,7,77,fog-86,1,fog,500.0,0.0000,0.0000,45,101.600,1.0000,0,0.9806,,0.850,0,
3639,7,77,fog-86,1,fog,600.0,0.0000,0.0000,19,100.950,1.0000,0,0.9767,,0.850,0,
3640,7,77,fog-86,1,fog,700.0,0.0000,0.0000,14,100.700,1.0000,0,0.9728,,0.850,0,
3641,7,77,fog-86,1,fog,800.0,0.0000,0.0000,27,101.150,1.0000,0,0.9689,,0.850,0,
3642,7,77,fog-86,1,fog,900.0,0.0000,0.0000,10,100.500,1.0000,0,0.9650,,0.850,0,
3643,7,77,fog-86,1,fog,1000.0,0.0000,0.0000,15,100.750,1.0000,0,0.9611,,0.850,0,
3644,7,77,fog-86,1,fog,1100.0,0.0000,0.0000,14,100.700,1.0000,0,0.9572,,0.850,0,
3645,7,77,fog-86,1,fog,1200.0,0.0000,0.0000,10,100.500,1.0000,0,0.9534,,0.850,0,
3646,7,77,fog-86,1,fog,1300.0,0.0000,0.0000,10,100.500,1.0000,0,0.9495,,0.850,0,
3647,7,77,fog-86,1,fog,1400.0,0.0000,0.0000,16,100.800,1.0000,0,0.9456,,0.850,0,
3648,7,77,fog-86,1,fog,1500.0,0.0000,0.0000,29,101.200,1.0000,0,0.9417,,0.850,0,
3649,7,77,fog-86,1,fog,1600.0,0.0000,0.0000,14,100.700,1.0000,0,0.9378,,0.850,0,
3650,7,77,fog-86,1,fog,1700.0,0.0000,0.0000,18,100.900,1.0000,0,0.9339,,0.850,0,
3651,7,77,fog-86,1,fog,1800.0,0.0000,0.0000,31,101.250,1.0000,0,0.9300,,0.850,0,
3652,7,77,fog-86,1,fog,1900.0,0.0000,0.0000,21,101.000,1.0000,0,0.9262,,0.850,0,
3653,7,77,fog-86,1,fog,2000.0,0.0000,0.0000,14,100.700,1.0000,0,0.9223,,0.850,0,
3654,7,77,fog-86,1,fog,2100.0,0.0000,0.0000,18,100.900,1.0000,0,0.9184,,0.850,0,
3655,7,77,fog-86,1,fog,2200.0,0.0000,0.0000,35,101.350,1.0000,0,0.9145,,0.850,0,
3656,7,77,fog-86,1,fog,2300.0,0.0000,0.0000,35,101.350,1.0000,0,0.9106,,0.850,0,
3657,7,77,fog-86,1,fog,2400.0,0.0000,0.0000,13,100.650,1.0000,0,0.9067,,0.850,0,
3658,7,77,fog-86,1,fog,2500.0,0.0000,0.0000,15,100.750,1.0000,0,0.9028,,0.850,0,
3659,7,77,fog-86,1,fog,2600.0,0.0000,0.0000,15,100.750,1.0000,0,0.8990,,0.850,0,
3660,7,77,fog-86,1,fog,2700.0,0.0000,0.0000,8,100.400,1.0000,0,0.8951,,0.850,0,
3661,7,77,fog-86,1,fog,2800.0,0.0000,0.0000,3,100.150,0.5000,0,0.8912,,0.850,0,
3662,7,77,fog-86,1,fog,2900.0,0.0000,0.0000,4,100.200,0.3536,0,0.8873,,0.850,0,
3663,7,77,fog-86,1,fog,3000.0,0.0000,0.0000,5,100.250,0.0000,0,0.8834,,0.850,0,
3664,7,77,fog-86,1,fog,3100.0,0.0000,0.0000,5,100.250,0.0000,0,0.8795,,0.850,0,
3665,7,77,fog-86,1,fog,3200.0,0.0000,0.0000,8,100.400,0.8469,0,0.8756,,0.850,0,
3666,7,77,fog-86,1,fog,3300.0,0.0000,0.0000,0,100.000,,0,0.8717,,0.850,0,
3667,7,77,fog-86,1,fog,3400.0,0.0000,0.0000,10,100.500,1.0000,0,0.8679,,0.850,0,
3668,7,77,fog-86,1,fog,3500.0,0.0000,0.0000,7,100.350,0.7017,0,0.8640,,0.850,0,
3669,7,77,fog-86,1,fog,3600.0,0.0000,0.0000,9,100.450,0.9897,0,0.8601,,0.850,0,
3670,7,77,fog-86,1,fog,3700.0,0.0000,0.0000,8,100.400,0.8582,0,0.8562,,0.850,0,
3671,7,77,fog-86,1,fog,3800.0,0.0000,0.0000,4,100.200,0.3536,0,0.8523,,0.850,0,
3672,7,77,fog-86,1,fog,3900.0,0.0000,0.0000,5,100.250,0.0000,0,0.8484,,0.850,0,
3673,7,77,fog-86,1,fog,4000.0,0.0000,0.0000,14,100.700,1.0000,0,0.8445,,0.850,0,
3674,7,77,fog-86,1,fog,4100.0,0.0000,0.0000,10,100.500,1.0000,0,0.8407,,0.850,0,
3675,7,77,fog-86,1,fog,4200.0,0.0000,0.0000,14,100.700,1.0000,0,0.8368,,0.850,0,
3676,7,77,fog-86,1,fog,4300.0,0.0000,0.0000,18,100.900,1.0000,0,0.8329,,0.850,0,
3677,7,77,fog-86,1,fog,4400.0,0.0000,0.0000,15,100.750,1.0000,0,0.8290,,0.850,0,
3678,7,77,fog-86,1,fog,4500.0,0.0000,0.0000,9,100.450,0.9897,0,0.8251,,0.850,0,
3679,7,77,fog-86,1,fog,4600.0,0.0000,0.0000,4,100.200,0.3536,0,0.8212,,0.850,0,
3680,7,77,fog-86,1,fog,4700.0,0.0000,0.0000,14,100.700,1.0000,0,0.8173,,0.850,0,
3681,7,77,fog-86,1,fog,4800.0,0.0000,0.0000,23,101.050,1.0000,0,0.8135,,0.850,0,
3682,7,77,fog-86,1,fog,4900.0,0.0000,0.0000,15,100.750,1.0000,0,0.8096,,0.850,0,
3683,7,77,fog-86,1,fog,5000.0,0.0000,0.0000,25,101.100,1.0000,0,0.8057,,0.850,0,
3684,7,78,fog-87,1,fog,0.0,0.0000,0.0000,0,100.000,,0,1.0000,,0.850,0,
3685,7,78,fog-87,1,fog,100.0,0.0000,0.0000,0,100.000,,0,0.9961,,0.850,0,
3686,7,78,fog-87,1,fog,200.0,0.0000,0.0000,0,100.000,,0,0.9922,,0.850,0,
3687,7,78,fog-87,1,fog,300.0,0.0000,0.0000,0,100.000,,0,0.9883,,0.850,0,
3688,7,78,fog-87,1,fog,400.0,0.0000,0.0000,0,100.000,,0,0.9845,,0.850,0,
3689,7,78,fog-87,1,fog,500.0,0.0000,0.0000,0,100.000,,0,0.9806,,0.850,0,
3690,7,78,fog-87,1,fog,600.0,0.0000,0.0000,0,100.000,,0,0.9767,,0.850,0,
3691,7,78,fog-87,1,fog,700.0,0.0000,0.0000,0,100.000,,0,0.9728,,0.850,0,
3692,7,78,fog-87,1,fog,800.0,0.0000,0.0000,0,100.000,,0,0.9689,,0.850,0,
3693,7,78,fog-87,1,fog,900.0,0.0000,0.0000,0,100.000,,0,0.9650,,0.850,0,
3694,7,78,fog-87,1,fog,1000.0,0.0000,0.0000,0,100.000,,0,0.9611,,0.850,0,
3695,7,78,fog-87,1,fog,1100.0,0.0000,0.0000,0,100.000,,0,0.9572,,0.850,0,
3696,7,78,fog-87,1,fog,1200.0,0.0000,0.0000,0,100.000,,0,0.9534,,0.850,0,
3697,7,78,fog-87,1,fog,1300.0,0.0000,0.0000,0,100.000,,0,0.9495,,0.850,0,
3698,7,78,fog-87,1,fog,1400.0,0.0000,0.0000,0,100.000,,0,0.9456,,0.850,0,
3699,7,78,fog-87,1,fog,1500.0,0.0000,0.0000,0,100.000,,0,0.9417,,0.850,0,
3700,7,78,fog-87,1,fog,1600.0,0.0000,0.0000,0,100.000,,0,0.9378,,0.850,0,
3701,7,78,fog-87,1,fog,1700.0,0.0000,0.0000,0,100.000,,0,0.9339,,0.850,0,
3702,7,78,fog-87,1,fog,1800.0,0.0000,0.0000,0,100.000,,0,0.9300,,0.850,0,
3703,7,78,fog-87,1,fog,1900.0,0.0000,0.0000,0,100.000,,0,0.9262,,0.850,0,
3704,7,78,fog-87,1,fog,2000.0,0.0000,0.0000,0,100.000,,0,0.9223,,0.850,0,
3705,7,78,fog-87,1,fog,2100.0,0.0000,0.0000,0,100.000,,0,0.9184,,0.850,0,
3706,7,78,fog-87,1,fog,2200.0,0.0000,0.0000,0,100.000,,0,0.9145,,0.850,0,
3707,7,78,fog-87,1,fog,2300.0,0.0000,0.0000,0,100.000,,0,0.9106,,0.850,0,
3708,7,78,fog-87,1,fog,2400.0,0.0000,0.0000,0,100.000,,0,0.9067,,0.850,0,
3709,7,78,fog-87,1,fog,2500.0,0.0000,0.0000,0,100.000,,0,0.9028,,0.850,0,
3710,7,78,fog-87,1,fog,2600.0,0.0000,0.0000,0,100.000,,0,0.8990,,0.850,0,
3711,7,78,fog-87,1,fog,2700.0,0.0000,0.0000,0,100.000,,0,0.8951,,0.850,0,
3712,7,78,fog-87,1,fog,2800.0,0.0000,0.0000,0,100.000,,0,0.8912,,0.850,0,
3713,7,78,fog-87,1,fog,2900.0,0.0000,0.0000,0,100.000,,0,0.8873,,0.850,0,
3714,7,78,fog-87,1,fog,3000.0,0.0000,0.0000,0,100.000,,0,0.8834,,0.850,0,
3715,7,78,fog-87,1,fog,3100.0,0.0000,0.0000,0,100.000,,0,0.8795,,0.850,0,
3716,7,78,fog-87,1,fog,3200.0,0.0000,0.0000,0,100.000,,0,0.8756,,0.850,0,
3717,7,78,fog-87,1,fog,3300.0,0.0000,0.0000,0,100.000,,0,0.8717,,0.850,0,
3718,7,78,fog-87,1,fog,3400.0,0.0000,0.0000,0,100.000,,0,0.8679,,0.850,0,
3719,7,78,fog-87,1,fog,3500.0,0.0000,0.0000,0,100.000,,0,0.8640,,0.850,0,
3720,7,78,fog-87,1,fog,3600.0,0.0000,0.0000,0,100.000,,0,0.8601,,0.850,0,
3721,7,78,fog-87,1,fog,3700.0,0.0000,0.0000,0,100.000,,0,0.8562,,0.850,0,
3722,7,78,fog-87,1,fog,3800.0,0.0000,0.0000,0,100.000,,0,0.8523,,0.850,0,
3723,7,78,fog-87,1,fog,3900.0,0.0000,0.0000,0,100.000,,0,0.8484,,0.850,0,
3724,7,78,fog-87,1,fog,4000.0,0.0000,0.0000,0,100.000,,0,0.8445,,0.850,0,
3725,7,78,fog-87,1,fog,4100.0,0.0000,0.0000,0,100.000,,0,0.8407,,0.850,0,
3726,7,78,fog-87,1,fog,4200.0,0.0000,0.0000,0,100.000,,0,0.8368,,0.850,0,
3727,7,78,fog-87,1,fog,4300.0,0.0000,0.0000,0,100.000,,0,0.8329,,0.850,0,
3728,7,78,fog-87,1,fog,4400.0,0.0000,0.0000,0,100.000,,0,0.8290,,0.850,0,
3729,7,78,fog-87,1,fog,4500.0,0.0000,0.0000,0,100.000,,0,0.8251,,0.850,0,
3730,7,78,fog-87,1,fog,4600.0,0.0000,0.0000,0,100.000,,0,0.8212,,0.850,0,
3731,7,78,fog-87,1,fog,4700.0,0.0000,0.0000,0,100.000,,0,0.8173,,0.850,0,
3732,7,78,fog-87,1,fog,4800.0,0.0000,0.0000,0,100.000,,0,0.8135,,0.850,0,
3733,7,78,fog-87,1,fog,4900.0,0.0000,0.0000,0,100.000,,0,0.8096,,0.850,0,
3734,7,78,fog-87,1,fog,5000.0,0.0000,0.0000,0,100.000,,0,0.8057,,0.850,0,
3735,7,79,fog-88,1,fog,0.0,0.0000,0.0000,0,100.000,,0,1.0000,,0.850,0,
3736,7,79,fog-88,1,fog,100.0,0.0000,0.0000,6,100.300,1.0000,0,0.9961,,0.850,0,
3737,7,79,fog-88,1,fog,200.0,0.0000,0.0000,8,100.400,0.8660,0,0.9922,,0.850,0,
3738,7,79,fog-88,1,fog,300.0,0.0000,0.0000,4,100.200,0.3536,0,0.9883,,0.850,0,
3739,7,79,fog-88,1,fog,400.0,0.0000,0.0000,5,100.250,0.0000,0,0.9845,,0.850,0,
3740,7,79,fog-88,1,fog,500.0,0.0000,0.0000,14,100.700,1.0000,0,0.9806,,0.850,0,
3741,7,79,fog-88,1,fog,600.0,0.0000,0.0000,11,100.550,1.0000,0,0.9767,,0.850,0,
3742,7,79,fog-88,1,fog,700.0,0.0000,0.0000,17,100.850,1.0000,0,0.9728,,0.850,0,
3743,7,79,fog-88,1,fog,800.0,0.0000,0.0000,37,101.400,1.0000,0,0.9689,,0.850,0,
3744,7,79,fog-88,1,fog,900.0,0.0000,0.0000,23,101.050,1.0000,0,0.9650,,0.850,0,
3745,7,79,fog-88,1,fog,1000.0,0.0000,0.0000,15,100.750,1.0000,0,0.9611,,0.850,0,
3746,7,79,fog-88,1,fog,1100.0,0.0000,0.0000,15,100.750,1.0000,0,0.9572,,0.850,0,
3747,7,79,fog-88,1,fog,1200.0,0.0000,0.0000,13,100.650,1.0000,0,0.9534,,0.850,0,
3748,7,79,fog-88,1,fog,1300.0,0.0000,0.0000,35,101.350,1.0000,0,0.9495,,0.850,0,
3749,7,79,fog-88,1,fog,1400.0,0.0000,0.0000,23,101.050,1.0000,0,0.9456,,0.850,0,
3750,7,79,fog-88,1,fog,1500.0,0.0000,0.0000,19,100.950,1.0000,0,0.9417,,0.850,0,
3751,7,79,fog-88,1,fog,1600.0,0.0000,0.0000,10,100.500,1.0000,0,0.9378,,0.850,0,
3752,7,79,fog-88,1,fog,1700.0,0.0000,0.0000,0,100.000,,0,0.9339,,0.850,0,
3753,7,79,fog-88,1,fog,1800.0,0.0000,0.0000,0,100.000,,0,0.9300,,0.850,0,
3754,7,79,fog-88,1,fog,1900.0,0.0000,0.0000,0,100.000,,0,0.9262,,0.850,0,
3755,7,79,fog-88,1,fog,2000.0,0.0000,0.0000,7,100.350,0.6984,0,0.9223,,0.850,0,
3756,7,79,fog-88,1,fog,2100.0,0.0000,0.0000,13,100.650,1.0000,0,0.9184,,0.850,0,
3757,7,79,fog-88,1,fog,2200.0,0.0000,0.0000,18,100.900,1.0000,0,0.9145,,0.850,0,
3758,7,79,fog-88,1,fog,2300.0,0.0000,0.0000,14,100.700,1.0000,0,0.9106,,0.850,0,
3759,7,79,fog-88,1,fog,2400.0,0.0000,0.0000,15,100.750,1.0000,0,0.9067,,0.850,0,
3760,7,79,fog-88,1,fog,2500.0,0.0000,0.0000,5,100.250,0.0000,0,0.9028,,0.850,0,
3761,7,79,fog-88,1,fog,2600.0,0.0000,0.0000,13,100.650,1.0000,0,0.8990,,0.850,0,
3762,7,79,fog-88,1,fog,2700.0,0.0000,0.0000,18,100.900,1.0000,0,0.8951,,0.850,0,
3763,7,79,fog-88,1,fog,2800.0,0.0000,0.0000,13,100.650,1.0000,0,0.8912,,0.850,0,
3764,7,79,fog-88,1,fog,2900.0,0.0000,0.0000,8,100.400,0.8533,0,0.8873,,0.850,0,
3765,7,79,fog-88,1,fog,3000.0,0.0000,0.0000,10,100.500,1.0000,0,0.8834,,0.850,0,
3766,7,79,fog-88,1,fog,3100.0,0.0000,0.0000,29,101.200,1.0000,0,0.8795,,0.850,0,
3767,7,79,fog-88,1,fog,3200.0,0.0000,0.0000,29,101.200,1.0000,0,0.8756,,0.850,0,
3768,7,79,fog-88,1,fog,3300.0,0.0000,0.0000,5,100.250,0.0000,0,0.8717,,0.850,0,
3769,7,79,fog-88,1,fog,3400.0,0.0000,0.0000,5,100.250,0.0000,0,0.8679,,0.850,0,
3770,7,79,fog-88,1,fog,3500.0,0.0000,0.0000,10,100.500,1.0000,0,0.8640,,0.850,0,
3771,7,79,fog-88,1,fog,3600.0,0.0000,0.0000,10,100.500,1.0000,0,0.8601,,0.850,0,
3772,7,79,fog-88,1,fog,3700.0,0.0000,0.0000,6,100.300,0.9354,0,0.8562,,0.850,0,
3773,7,79,fog-88,1,fog,3800.0,0.0000,0.0000,16,100.800,1.0000,0,0.8523,,0.850,0,
3774,7,79,fog-88,1,fog,3900.0,0.0000,0.0000,35,101.350,1.0000,0,0.8484,,0.850,0,
3775,7,79,fog-88,1,fog,4000.0,0.0000,0.0000,21,101.000,1.0000,0,0.8445,,0.850,0,
3776,7,79,fog-88,1,fog,4100.0,0.0000,0.0000,11,100.550,1.0000,0,0.8407,,0.850,0,
3777,7,79,fog-88,1,fog,4200.0,0.0000,0.0000,13,100.650,1.0000,0,0.8368,,0.850,0,
3778,7,79,fog-88,1,fog,4300.0,0.0000,0.0000,21,101.000,1.0000,0,0.8329,,0.850,0,
3779,7,79,fog-88,1,fog,4400.0,0.0000,0.0000,17,100.850,1.0000,0,0.8290,,0.850,0,
3780,7,79,fog-88,1,fog,4500.0,0.0000,0.0000,12,100.600,1.0000,0,0.8251,,0.850,0,
3781,7,79,fog-88,1,fog,4600.0,0.0000,0.0000,18,100.900,1.0000,0,0.8212,,0.850,0,
3782,7,79,fog-88,1,fog,4700.0,0.0000,0.0000,13,100.650,1.0000,0,0.8173,,0.850,0,
3783,7,79,fog-88,1,fog,4800.0,0.0000,0.0000,29,101.200,1.0000,0,0.8135,,0.850,0,
3784,7,79,fog-88,1,fog,4900.0,0.0000,0.0000,45,101.600,1.0000,0,0.8096,,0.850,0,
3785,7,79,fog-88,1,fog,5000.0,0.0000,0.0000,33,101.300,1.0000,0,0.8057,,0.850,0,
3786,7,80,fog-89,1,fog,0.0,0.0000,0.0000,0,100.000,,0,1.0000,,0.850,0,
3787,7,80,fog-89,1,fog,100.0,0.0000,0.0000,14,100.700,1.0000,0,0.9961,,0.850,0,
3788,7,80,fog-89,1,fog,200.0,0.0000,0.0000,73,102.300,1.0000,0,0.9922,,0.850,0,
3789,7,80,fog-89,1,fog,300.0,0.0000,0.0000,69,102.200,1.0000,0,0.9883,,0.850,0,
3790,7,80,fog-89,1,fog,400.0,0.0000,0.0000,61,102.000,1.0000,0,0.9845,,0.850,0,
3791,7,80,fog-89,1,fog,500.0,0.0000,0.0000,39,101.450,1.0000,0,0.9806,,0.850,0,
3792,7,80,fog-89,1,fog,600.0,0.0000,0.0000,63,102.050,1.0000,0,0.9767,,0.850,0,
3793,7,80,fog-89,1,fog,700.0,0.0000,0.0000,27,101.150,1.0000,0,0.9728,,0.850,0,
3794,7,80,fog-89,1,fog,800.0,0.0000,0.0000,37,101.400,1.0000,0,0.9689,,0.850,0,
3795,7,80,fog-89,1,fog,900.0,0.0000,0.0000,33,101.300,1.0000,0,0.9650,,0.850,0,
3796,7,80,fog-89,1,fog,1000.0,0.0000,0.0000,47,101.650,1.0000,0,0.9611,,0.850,0,
3797,7,80,fog-89,1,fog,1100.0,0.0000,0.0000,37,101.400,1.0000,0,0.9572,,0.850,0,
3798,7,80,fog-89,1,fog,1200.0,0.0000,0.0000,57,101.900,1.0000,0,0.9534,,0.850,0,
3799,7,80,fog-89,1,fog,1300.0,0.0000,0.0000,51,101.750,1.0000,0,0.9495,,0.850,0,
3800,7,80,fog-89,1,fog,1400.0,0.0000,0.0000,35,101.350,1.0000,0,0.9456,,0.850,0,
3801,7,80,fog-89,1,fog,1500.0,0.0000,0.0000,55,101.850,1.0000,0,0.9417,,0.850,0,
3802,7,80,fog-89,1,fog,1600.0,0.0000,0.0000,67,102.150,1.0000,0,0.9378,,0.850,0,
3803,7,80,fog-89,1,fog,1700.0,0.0000,0.0000,39,101.450,1.0000,0,0.9339,,0.850,0,
3804,7,80,fog-89,1,fog,1800.0,0.0000,0.0000,49,101.700,1.0000,0,0.9300,,0.850,0,
3805,7,80,fog-89,1,fog,1900.0,0.0000,0.0000,39,101.450,1.0000,0,0.9262,,0.850,0,
3806,7,80,fog-89,1,fog,2000.0,0.0000,0.0000,53,101.800,1.0000,0,0.9223,,0.850,0,
3807,7,80,fog-89,1,fog,2100.0,0.0000,0.0000,41,101.500,1.0000,0,0.9184,,0.850,0,
3808,7,80,fog-89,1,fog,2200.0,0.0000,0.0000,57,101.900,1.0000,0,0.9145,,0.850,0,
3809,7,80,fog-89,1,fog,2300.0,0.0000,0.0000,43,101.550,1.0000,0,0.9106,,0.850,0,
3810,7,80,fog-89,1,fog,2400.0,0.0000,0.0000,57,101.900,1.0000,0,0.9067,,0.850,0,
3811,7,80,fog-89,1,fog,2500.0,0.0000,0.0000,49,101.700,1.0000,0,0.9028,,0.850,0,
3812,7,80,fog-89,1,fog,2600.0,0.0000,0.0000,39,101.450,1.0000,0,0.8990,,0.850,0,
3813,7,80,fog-89,1,fog,2700.0,0.0000,0.0000,49,101.700,1.0000,0,0.8951,,0.850,0,
3814,7,80,fog-89,1,fog,2800.0,0.0000,0.0000,27,101.150,1.0000,0,0.8912,,0.850,0,
3815,7,80,fog-89,1,fog,2900.0,0.0000,0.0000,14,100.700,1.0000,0,0.8873,,0.850,0,
3816,7,80,fog-89,1,fog,3000.0,0.0000,0.0000,29,101.200,1.0000,0,0.8834,,0.850,0,
3817,7,80,fog-89,1,fog,3100.0,0.0000,0.0000,37,101.400,1.0000,0,0.8795,,0.850,0,
3818,7,80,fog-89,1,fog,3200.0,0.0000,0.0000,35,101.350,1.0000,0,0.8756,,0.850,0,
3819,7,80,fog-89,1,fog,3300.0,0.0000,0.0000,33,101.300,1.0000,0,0.8717,,0.850,0,
3820,7,80,fog-89,1,fog,3400.0,0.0000,0.0000,45,101.600,1.0000,0,0.8679,,0.850,0,
3821,7,80,fog-89,1,fog,3500.0,0.0000,0.0000,55,101.850,1.0000,0,0.8640,,0.850,0,
3822,7,80,fog-89,1,fog,3600.0,0.0000,0.0000,81,102.500,1.0000,0,0.8601,,0.850,0,
3823,7,80,fog-89,1,fog,3700.0,0.0000,0.0000,49,101.700,1.0000,0,0.8562,,0.850,0,
3824,7,80,fog-89,1,fog,3800.0,0.0000,0.0000,61,102.000,1.0000,0,0.8523,,0.850,0,
3825,7,80,fog-89,1,fog,3900.0,0.0000,0.0000,27,101.150,1.0000,0,0.8484,,0.850,0,
3826,7,80,fog-89,1,fog,4000.0,0.0000,0.0000,13,100.650,1.0000,0,0.8445,,0.850,0,
3827,7,80,fog-89,1,fog,4100.0,0.0000,0.0000,29,101.200,1.0000,0,0.8407,,0.850,0,
3828,7,80,fog-89,1,fog,4200.0,0.0000,0.0000,18,100.900,1.0000,0,0.8368,,0.850,0,
3829,7,80,fog-89,1,fog,4300.0,0.0000,0.0000,16,100.800,1.0000,0,0.8329,,0.850,0,
3830,7,80,fog-89,1,fog,4400.0,0.0000,0.0000,18,100.900,1.0000,0,0.8290,,0.850,0,
3831,7,80,fog-89,1,fog,4500.0,0.0000,0.0000,17,100.850,1.0000,0,0.8251,,0.850,0,
3832,7,80,fog-89,1,fog,4600.0,0.0000,0.0000,15,100.750,1.0000,0,0.8212,,0.850,0,
3833,7,80,fog-89,1,fog,4700.0,0.0000,0.0000,19,100.950,1.0000,0,0.8173,,0.850,0,
3834,7,80,fog-89,1,fog,4800.0,0.0000,0.0000,18,100.900,1.0000,0,0.8135,,0.850,0,
3835,7,80,fog-89,1,fog,4900.0,0.0000,0.0000,23,101.050,1.0000,0,0.8096,,0.850,0,
3836,7,80,fog-89,1,fog,5000.0,0.0000,0.0000,21,101.000,1.0000,0,0.8057,,0.850,0,
3837,7,81,fog-90,1,fog,0.0,0.0000,0.0000,0,100.000,,0,1.0000,,0.850,0,
3838,7,81,fog-90,1,fog,100.0,0.0000,0.0000,0,100.000,,0,0.9961,,0.850,0,
3839,7,81,fog-90,1,fog,200.0,0.0000,0.0000,0,100.000,,0,0.9922,,0.850,0,
3840,7,81,fog-90,1,fog,300.0,0.0000,0.0000,0,100.000,,0,0.9883,,0.850,0,
3841,7,81,fog-90,1,fog,400.0,0.0000,0.0000,0,100.000,,0,0.9845,,0.850,0,
3842,7,81,fog-90,1,fog,500.0,0.0000,0.0000,0,100.000,,0,0.9806,,0.850,0,
3843,7,81,fog-90,1,fog,600.0,0.0000,0.0000,0,100.000,,0,0.9767,,0.850,0,
3844,7,81,fog-90,1,fog,700.0,0.0000,0.0000,0,100.000,,0,0.9728,,0.850,0,
3845,7,81,fog-90,1,fog,800.0,0.0000,0.0000,0,100.000,,0,0.9689,,0.850,0,
3846,7,81,fog-90,1,fog,900.0,0.0000,0.0000,0,100.000,,0,0.9650,,0.850,0,
3847,7,81,fog-90,1,fog,1000.0,0.0000,0.0000,0,100.000,,0,0.9611,,0.850,0,
3848,7,81,fog-90,1,fog,1100.0,0.0000,0.0000,0,100.000,,0,0.9572,,0.850,0,
3849,7,81,fog-90,1,fog,1200.0,0.0000,0.0000,0,100.000,,0,0.9534,,0.850,0,
3850,7,81,fog-90,1,fog,1300.0,0.0000,0.0000,0,100.000,,0,0.9495,,0.850,0,
3851,7,81,fog-90,1,fog,1400.0,0.0000,0.0000,0,100.000,,0,0.9456,,0.850,0,
3852,7,81,fog-90,1,fog,1500.0,0.0000,0.0000,0,100.000,,0,0.9417,,0.850,0,
3853,7,81,fog-90,1,fog,1600.0,0.0000,0.0000,0,100.000,,0,0.9378,,0.850,0,
3854,7,81,fog-90,1,fog,1700.0,0.0000,0.0000,0,100.000,,0,0.9339,,0.850,0,
3855,7,81,fog-90,1,fog,1800.0,0.0000,0.0000,0,100.000,,0,0.9300,,0.850,0,
3856,7,81,fog-90,1,fog,1900.0,0.0000,0.0000,0,100.000,,0,0.9262,,0.850,0,
3857,7,81,fog-90,1,fog,2000.0,0.0000,0.0000,0,100.000,,0,0.9223,,0.850,0,
3858,7,81,fog-90,1,fog,2100.0,0.0000,0.0000,0,100.000,,0,0.9184,,0.850,0,
3859,7,81,fog-90,1,fog,2200.0,0.0000,0.0000,0,100.000,,0,0.9145,,0.850,0,
3860,7,81,fog-90,1,fog,2300.0,0.0000,0.0000,0,100.000,,0,0.9106,,0.850,0,
3861,7,81,fog-90,1,fog,2400.0,0.0000,0.0000,0,100.000,,0,0.9067,,0.850,0,
3862,7,81,fog-90,1,fog,2500.0,0.0000,0.0000,0,100.000,,0,0.9028,,0.850,0,
3863,7,81,fog-90,1,fog,2600.0,0.0000,0.0000,0,100.000,,0,0.8990,,0.850,0,
3864,7,81,fog-90,1,fog,2700.0,0.0000,0.0000,0,100.000,,0,0.8951,,0.850,0,
3865,7,81,fog-90,1,fog,2800.0,0.0000,0.0000,0,100.000,,0,0.8912,,0.850,0,
3866,7,81,fog-90,1,fog,2900.0,0.0000,0.0000,0,100.000,,0,0.8873,,0.850,0,
3867,7,81,fog-90,1,fog,3000.0,0.0000,0.0000,0,100.000,,0,0.8834,,0.850,0,
3868,7,81,fog-90,1,fog,3100.0,0.0000,0.0000,0,100.000,,0,0.8795,,0.850,0,
3869,7,81,fog-90,1,fog,3200.0,0.0000,0.0000,0,100.000,,0,0.8756,,0.850,0,
3870,7,81,fog-90,1,fog,3300.0,0.0000,0.0000,0,100.000,,0,0.8717,,0.850,0,
3871,7,81,fog-90,1,fog,3400.0,0.0000,0.0000,0,100.000,,0,0.8679,,0.850,0,
3872,7,81,fog-90,1,fog,3500.0,0.0000,0.0000,0,100.000,,0,0.8640,,0.850,0,
3873,7,81,fog-90,1,fog,3600.0,0.0000,0.0000,0,100.000,,0,0.8601,,0.850,0,
3874,7,81,fog-90,1,fog,3700.0,0.0000,0.0000,0,100.000,,0,0.8562,,0.850,0,
3875,7,81,fog-90,1,fog,3800.0,0.0000,0.0000,0,100.000,,0,0.8523,,0.850,0,
3876,7,81,fog-90,1,fog,3900.0,0.0000,0.0000,0,100.000,,0,0.8484,,0.850,0,
3877,7,81,fog-90,1,fog,4000.0,0.0000,0.0000,0,100.000,,0,0.8445,,0.850,0,
3878,7,81,fog-90,1,fog,4100.0,0.0000,0.0000,0,100.000,,0,0.8407,,0.850,0,
3879,7,81,fog-90,1,fog,4200.0,0.0000,0.0000,0,100.000,,0,0.8368,,0.850,0,
3880,7,81,fog-90,1,fog,4300.0,0.0000,0.0000,0,100.000,,0,0.8329,,0.850,0,
3881,7,81,fog-90,1,fog,4400.0,0.0000,0.0000,0,100.000,,0,0.8290,,0.850,0,
3882,7,81,fog-90,1,fog,4500.0,0.0000,0.0000,0,100.000,,0,0.8251,,0.850,0,
3883,7,81,fog-90,1,fog,4600.0,0.0000,0.0000,0,100.000,,0,0.8212,,0.850,0,
3884,7,81,fog-90,1,fog,4700.0,0.0000,0.0000,0,100.000,,0,0.8173,,0.850,0,
3885,7,81,fog-90,1,fog,4800.0,0.0000,0.0000,0,100.000,,0,0.8135,,0.850,0,
3886,7,81,fog-90,1,fog,4900.0,0.0000,0.0000,0,100.000,,0,0.8096,,0.850,0,
3887,7,81,fog-90,1,fog,5000.0,0.0000,0.0000,0,100.000,,0,0.8057,,0.850,0,
3888,7,82,fog-91,1,fog,0.0,0.0000,0.0000,0,100.000,,0,1.0000,,0.850,0,1281.3
3889,7,82,fog-91,1,fog,100.0,0.0000,0.0000,5,100.250,1.0000,0,0.9961,,0.850,0,1281.3
3890,7,82,fog-91,1,fog,200.0,0.0000,0.0000,7,100.350,0.7030,0,0.9922,,0.850,0,1281.3
3891,7,82,fog-91,1,fog,300.0,0.0000,0.0000,5,100.250,0.0000,0,0.9883,,0.850,0,1281.3
3892,7,82,fog-91,1,fog,400.0,0.0000,0.0000,14,100.700,1.0000,0,0.9845,,0.850,0,1281.3
3893,7,82,fog-91,1,fog,500.0,0.0000,0.0000,27,101.150,1.0000,0,0.9806,,0.850,0,1281.3
3894,7,82,fog-91,1,fog,600.0,0.0000,0.0000,25,101.100,1.0000,0,0.9767,,0.850,0,1281.3
3895,7,82,fog-91,1,fog,700.0,0.0000,0.0000,43,101.550,1.0000,0,0.9728,,0.850,0,1281.3
3896,7,82,fog-91,1,fog,800.0,0.0000,0.0000,31,101.250,1.0000,0,0.9689,,0.850,0,1281.3
3897,7,82,fog-91,1,fog,900.0,0.0000,0.0000,33,101.300,1.0000,0,0.9650,,0.850,0,1281.3
3898,7,82,fog-91,1,fog,1000.0,0.0000,0.0000,17,100.850,1.0000,0,0.9611,,0.850,0,1281.3
3899,7,82,fog-91,1,fog,1100.0,0.0000,0.0000,9,100.450,0.9811,0,0.9572,,0.850,1,1281.3
3900,7,82,fog-91,1,fog,1200.0,0.0000,0.0000,9,100.450,0.9811,0,0.9534,,0.850,1,1281.3
3901,7,83,fog-92,1,fog,0.0,0.0000,0.0000,0,100.000,,0,1.0000,,0.850,0,
3902,7,83,fog-92,1,fog,100.0,0.0000,0.0000,1,100.050,,0,0.9961,,0.850,0,
3903,7,83,fog-92,1,fog,200.0,0.0000,0.0000,5,100.250,0.0000,0,0.9922,,0.850,0,
3904,7,83,fog-92,1,fog,300.0,0.0000,0.0000,0,100.000,,0,0.9883,,0.850,0,
3905,7,83,fog-92,1,fog,400.0,0.0000,0.0000,0,100.000,,0,0.9845,,0.850,0,
3906,7,83,fog-92,1,fog,500.0,0.0000,0.0000,0,100.000,,0,0.9806,,0.850,0,
3907,7,83,fog-92,1,fog,600.0,0.0000,0.0000,0,100.000,,0,0.9767,,0.850,0,
3908,7,83,fog-92,1,fog,700.0,0.0000,0.0000,0,100.000,,0,0.9728,,0.850,0,
3909,7,83,fog-92,1,fog,800.0,0.0000,0.0000,0,100.000,,0,0.9689,,0.850,0,
3910,7,83,fog-92,1,fog,900.0,0.0000,0.0000,0,100.000,,0,0.9650,,0.850,0,
3911,7,83,fog-92,1,fog,1000.0,0.0000,0.0000,0,100.000,,0,0.9611,,0.850,0,
3912,7,83,fog-92,1,fog,1100.0,0.0000,0.0000,0,100.000,,0,0.9572,,0.850,0,
3913,7,83,fog-92,1,fog,1200.0,0.0000,0.0000,0,100.000,,0,0.9534,,0.850,0,
3914,7,83,fog-92,1,fog,1300.0,0.0000,0.0000,0,100.000,,0,0.9495,,0.850,0,
3915,7,83,fog-92,1,fog,1400.0,0.0000,0.0000,5,100.250,0.0000,0,0.9456,,0.850,0,
3916,7,83,fog-92,1,fog,1500.0,0.0000,0.0000,0,100.000,,0,0.9417,,0.850,0,
3917,7,83,fog-92,1,fog,1600.0,0.0000,0.0000,0,100.000,,0,0.9378,,0.850,0,
3918,7,83,fog-92,1,fog,1700.0,0.0000,0.0000,0,100.000,,0,0.9339,,0.850,0,
3919,7,83,fog-92,1,fog,1800.0,0.0000,0.0000,0,100.000,,0,0.9300,,0.850,0,
3920,7,83,fog-92,1,fog,1900.0,0.0000,0.0000,0,100.000,,0,0.9262,,0.850,0,
3921,7,83,fog-92,1,fog,2000.0,0.0000,0.0000,0,100.000,,0,0.9223,,0.850,0,
3922,7,83,fog-92,1,fog,2100.0,0.0000,0.0000,5,100.250,0.0000,0,0.9184,,0.850,0,
3923,7,83,fog-92,1,fog,2200.0,0.0000,0.0000,0,100.000,,0,0.9145,,0.850,0,
3924,7,83,fog-92,1,fog,2300.0,0.0000,0.0000,0,100.000,,0,0.9106,,0.850,0,
3925,7,83,fog-92,1,fog,2400.0,0.0000,0.0000,0,100.000,,0,0.9067,,0.850,0,
3926,7,83,fog-92,1,fog,2500.0,0.0000,0.0000,0,100.000,,0,0.9028,,0.850,0,
3927,7,83,fog-92,1,fog,2600.0,0.0000,0.0000,0,100.000,,0,0.8990,,0.850,0,
3928,7,83,fog-92,1,fog,2700.0,0.0000,0.0000,0,100.000,,0,0.8951,,0.850,0,
3929,7,83,fog-92,1,fog,2800.0,0.0000,0.0000,0,100.000,,0,0.8912,,0.850,0,
3930,7,83,fog-92,1,fog,2900.0,0.0000,0.0000,0,100.000,,0,0.8873,,0.850,0,
3931,7,83,fog-92,1,fog,3000.0,0.0000,0.0000,0,100.000,,0,0.8834,,0.850,0,
3932,7,83,fog-92,1,fog,3100.0,0.0000,0.0000,0,100.000,,0,0.8795,,0.850,0,
3933,7,83,fog-92,1,fog,3200.0,0.0000,0.0000,0,100.000,,0,0.8756,,0.850,0,
3934,7,83,fog-92,1,fog,3300.0,0.0000,0.0000,5,100.250,0.0000,0,0.8717,,0.850,0,
3935,7,83,fog-92,1,fog,3400.0,0.0000,0.0000,0,100.000,,0,0.8679,,0.850,0,
3936,7,83,fog-92,1,fog,3500.0,0.0000,0.0000,0,100.000,,0,0.8640,,0.850,0,
3937,7,83,fog-92,1,fog,3600.0,0.0000,0.0000,0,100.000,,0,0.8601,,0.850,0,
3938,7,83,fog-92,1,fog,3700.0,0.0000,0.0000,0,100.000,,0,0.8562,,0.850,0,
3939,7,83,fog-92,1,fog,3800.0,0.0000,0.0000,0,100.000,,0,0.8523,,0.850,0,
3940,7,83,fog-92,1,fog,3900.0,0.0000,0.0000,0,100.000,,0,0.8484,,0.850,0,
3941,7,83,fog-92,1,fog,4000.0,0.0000,0.0000,0,100.000,,0,0.8445,,0.850,0,
3942,7,83,fog-92,1,fog,4100.0,0.0000,0.0000,0,100.000,,0,0.8407,,0.850,0,
3943,7,83,fog-92,1,fog,4200.0,0.0000,0.0000,4,100.200,0.0000,0,0.8368,,0.850,0,
3944,7,83,fog-92,1,fog,4300.0,0.0000,0.0000,5,100.250,0.0000,0,0.8329,,0.850,0,
3945,7,83,fog-92,1,fog,4400.0,0.0000,0.0000,0,100.000,,0,0.8290,,0.850,0,
3946,7,83,fog-92,1,fog,4500.0,0.0000,0.0000,0,100.000,,0,0.8251,,0.850,0,
3947,7,83,fog-92,1,fog,4600.0,0.0000,0.0000,5,100.250,0.0000,0,0.8212,,0.850,0,
3948,7,83,fog-92,1,fog,4700.0,0.0000,0.0000,5,100.250,0.0000,0,0.8173,,0.850,0,
3949,7,83,fog-92,1,fog,4800.0,0.0000,0.0000,0,100.000,,0,0.8135,,0.850,0,
3950,7,83,fog-92,1,fog,4900.0,0.0000,0.0000,0,100.000,,0,0.8096,,0.850,0,
3951,7,83,fog-92,1,fog,5000.0,0.0000,0.0000,0,100.000,,0,0.8057,,0.850,0,
3952,7,84,fog-93,1,fog,0.0,0.0000,0.0000,0,100.000,,0,1.0000,,0.850,0,2472.2
3953,7,84,fog-93,1,fog,100.0,0.0000,0.0000,0,100.000,,0,0.9961,,0.850,0,2472.2
3954,7,84,fog-93,1,fog,200.0,0.0000,0.0000,0,100.000,,0,0.9922,,0.850,0,2472.2
3955,7,84,fog-93,1,fog,300.0,0.0000,0.0000,0,100.000,,0,0.9883,,0.850,0,2472.2
3956,7,84,fog-93,1,fog,400.0,0.0000,0.0000,0,100.000,,0,0.9845,,0.850,0,2472.2
3957,7,84,fog-93,1,fog,500.0,0.0000,0.0000,0,100.000,,0,0.9806,,0.850,0,2472.2
3958,7,84,fog-93,1,fog,600.0,0.0000,0.0000,0,100.000,,0,0.9767,,0.850,0,2472.2
3959,7,84,fog-93,1,fog,700.0,0.0000,0.0000,0,100.000,,0,0.9728,,0.850,0,2472.2
3960,7,84,fog-93,1,fog,800.0,0.0000,0.0000,0,100.000,,0,0.9689,,0.850,0,2472.2
3961,7,84,fog-93,1,fog,900.0,0.0000,0.0000,0,100.000,,0,0.9650,,0.850,0,2472.2
3962,7,84,fog-93,1,fog,1000.0,0.0000,0.0000,0,100.000,,0,0.9611,,0.850,0,2472.2
3963,7,84,fog-93,1,fog,1100.0,0.0000,0.0000,0,100.000,,0,0.9572,,0.850,0,2472.2
3964,7,84,fog-93,1,fog,1200.0,0.0000,0.0000,0,100.000,,0,0.9534,,0.850,0,2472.2
3965,7,84,fog-93,1,fog,1300.0,0.0000,0.0000,0,100.000,,0,0.9495,,0.850,0,2472.2
3966,7,84,fog-93,1,fog,1400.0,0.0000,0.0000,0,100.000,,0,0.9456,,0.850,0,2472.2
3967,7,84,fog-93,1,fog,1500.0,0.0000,0.0000,0,100.000,,0,0.9417,,0.850,0,2472.2
3968,7,84,fog-93,1,fog,1600.0,0.0000,0.0000,0,100.000,,0,0.9378,,0.850,0,2472.2
3969,7,84,fog-93,1,fog,1700.0,0.0000,0.0000,0,100.000,,0,0.9339,,0.850,0,2472.2
3970,7,84,fog-93,1,fog,1800.0,0.0000,0.0000,0,100.000,,0,0.9300,,0.850,0,2472.2
3971,7,84,fog-93,1,fog,1900.0,0.0000,0.0000,0,100.000,,0,0.9262,,0.850,0,2472.2
3972,7,84,fog-93,1,fog,2000.0,0.0000,0.0000,0,100.000,,0,0.9223,,0.850,0,2472.2
3973,7,84,fog-93,1,fog,2100.0,0.0000,0.0000,0,100.000,,0,0.9184,,0.850,0,2472.2
3974,7,84,fog-93,1,fog,2200.0,0.0000,0.0000,0,100.000,,0,0.9145,,0.850,0,2472.2
3975,7,84,fog-93,1,fog,2300.0,0.0000,0.0000,0,100.000,,0,0.9106,,0.850,1,2472.2
3976,7,84,fog-93,1,fog,2400.0,0.0000,0.0000,0,100.000,,0,0.9067,,0.850,1,2472.2
3977,7,85,fog-94,1,fog,0.0,0.0000,0.0000,0,100.000,,0,1.0000,,0.850,0,
3978,7,85,fog-94,1,fog,100.0,0.0000,0.0000,0,100.000,,0,0.9961,,0.850,0,
3979,7,85,fog-94,1,fog,200.0,0.0000,0.0000,0,100.000,,0,0.9922,,0.850,0,
3980,7,85,fog-94,1,fog,300.0,0.0000,0.0000,0,100.000,,0,0.9883,,0.850,0,
3981,7,85,fog-94,1,fog,400.0,0.0000,0.0000,0,100.000,,0,0.9845,,0.850,0,
3982,7,85,fog-94,1,fog,500.0,0.0000,0.0000,0,100.000,,0,0.9806,,0.850,0,
3983,7,85,fog-94,1,fog,600.0,0.0000,0.0000,0,100.000,,0,0.9767,,0.850,0,
3984,7,85,fog-94,1,fog,700.0,0.0000,0.0000,0,100.000,,0,0.9728,,0.850,0,
3985,7,85,fog-94,1,fog,800.0,0.0000,0.0000,0,100.000,,0,0.9689,,0.850,0,
3986,7,85,fog-94,1,fog,900.0,0.0000,0.0000,0,100.000,,0,0.9650,,0.850,0,
3987,7,85,fog-94,1,fog,1000.0,0.0000,0.0000,0,100.000,,0,0.9611,,0.850,0,
3988,7,85,fog-94,1,fog,1100.0,0.0000,0.0000,0,100.000,,0,0.9572,,0.850,0,
3989,7,85,fog-94,1,fog,1200.0,0.0000,0.0000,0,100.000,,0,0.9534,,0.850,0,
3990,7,85,fog-94,1,fog,1300.0,0.0000,0.0000,0,100.000,,0,0.9495,,0.850,0,
3991,7,85,fog-94,1,fog,1400.0,0.0000,0.0000,0,100.000,,0,0.9456,,0.850,0,
3992,7,85,fog-94,1,fog,1500.0,0.0000,0.0000,0,100.000,,0,0.9417,,0.850,0,
3993,7,85,fog-94,1,fog,1600.0,0.0000,0.0000,0,100.000,,0,0.9378,,0.850,0,
3994,7,85,fog-94,1,fog,1700.0,0.0000,0.0000,0,100.000,,0,0.9339,,0.850,0,
3995,7,85,fog-94,1,fog,1800.0,0.0000,0.0000,0,100.000,,0,0.9300,,0.850,0,
3996,7,85,fog-94,1,fog,1900.0,0.0000,0.0000,0,100.000,,0,0.9262,,0.850,0,
3997,7,85,fog-94,1,fog,2000.0,0.0000,0.0000,0,100.000,,0,0.9223,,0.850,0,
3998,7,85,fog-94,1,fog,2100.0,0.0000,0.0000,0,100.000,,0,0.9184,,0.850,0,
3999,7,85,fog-94,1,fog,2200.0,0.0000,0.0000,0,100.000,,0,0.9145,,0.850,0,
4000,7,85,fog-94,1,fog,2300.0,0.0000,0.0000,0,100.000,,0,0.9106,,0.850,0,
4001,7,85,fog-94,1,fog,2400.0,0.0000,0.0000,0,100.000,,0,0.9067,,0.850,0,
4002,7,85,fog-94,1,fog,2500.0,0.0000,0.0000,0,100.000,,0,0.9028,,0.850,0,
4003,7,85,fog-94,1,fog,2600.0,0.0000,0.0000,0,100.000,,0,0.8990,,0.850,0,
4004,7,85,fog-94,1,fog,2700.0,0.0000,0.0000,0,100.000,,0,0.8951,,0.850,0,
4005,7,85,fog-94,1,fog,2800.0,0.0000,0.0000,0,100.000,,0,0.8912,,0.850,0,
4006,7,85,fog-94,1,fog,2900.0,0.0000,0.0000,0,100.000,,0,0.8873,,0.850,0,
4007,7,85,fog-94,1,fog,3000.0,0.0000,0.0000,0,100.000,,0,0.8834,,0.850,0,
4008,7,85,fog-94,1,fog,3100.0,0.0000,0.0000,0,100.000,,0,0.8795,,0.850,0,
4009,7,85,fog-94,1,fog,3200.0,0.0000,0.0000,0,100.000,,0,0.8756,,0.850,0,
4010,7,85,fog-94,1,fog,3300.0,0.0000,0.0000,0,100.000,,0,0.8717,,0.850,0,
4011,7,85,fog-94,1,fog,3400.0,0.0000,0.0000,0,100.000,,0,0.8679,,0.850,0,
4012,7,85,fog-94,1,fog,3500.0,0.0000,0.0000,0,100.000,,0,0.8640,,0.850,0,
4013,7,85,fog-94,1,fog,3600.0,0.0000,0.0000,0,100.000,,0,0.8601,,0.850,0,
4014,7,85,fog-94,1,fog,3700.0,0.0000,0.0000,0,100.000,,0,0.8562,,0.850,0,
4015,7,85,fog-94,1,fog,3800.0,0.0000,0.0000,0,100.000,,0,0.8523,,0.850,0,
4016,7,85,fog-94,1,fog,3900.0,0.0000,0.0000,0,100.000,,0,0.8484,,0.850,0,
4017,7,85,fog-94,1,fog,4000.0,0.0000,0.0000,0,100.000,,0,0.8445,,0.850,0,
4018,7,85,fog-94,1,fog,4100.0,0.0000,0.0000,0,100.000,,0,0.8407,,0.850,0,
4019,7,85,fog-94,1,fog,4200.0,0.0000,0.0000,0,100.000,,0,0.8368,,0.850,0,
4020,7,85,fog-94,1,fog,4300.0,0.0000,0.0000,0,100.000,,0,0.8329,,0.850,0,
4021,7,85,fog-94,1,fog,4400.0,0.0000,0.0000,0,100.000,,0,0.8290,,0.850,0,
4022,7,85,fog-94,1,fog,4500.0,0.0000,0.0000,0,100.000,,0,0.8251,,0.850,0,
4023,7,85,fog-94,1,fog,4600.0,0.0000,0.0000,0,100.000,,0,0.8212,,0.850,0,
4024,7,85,fog-94,1,fog,4700.0,0.0000,0.0000,0,100.000,,0,0.8173,,0.850,0,
4025,7,85,fog-94,1,fog,4800.0,0.0000,0.0000,0,100.000,,0,0.8135,,0.850,0,
4026,7,85,fog-94,1,fog,4900.0,0.0000,0.0000,0,100.000,,0,0.8096,,0.850,0,
4027,7,85,fog-94,1,fog,5000.0,0.0000,0.0000,0,100.000,,0,0.8057,,0.850,0,
4028,7,86,fog-95,1,fog,0.0,0.0000,0.0000,0,100.000,,0,1.0000,,0.850,0,
4029,7,86,fog-95,1,fog,100.0,0.0000,0.0000,0,100.000,,0,0.9961,,0.850,0,
4030,7,86,fog-95,1,fog,200.0,0.0000,0.0000,0,100.000,,0,0.9922,,0.850,0,
4031,7,86,fog-95,1,fog,300.0,0.0000,0.0000,0,100.000,,0,0.9883,,0.850,0,
4032,7,86,fog-95,1,fog,400.0,0.0000,0.0000,0,100.000,,0,0.9845,,0.850,0,
4033,7,86,fog-95,1,fog,500.0,0.0000,0.0000,0,100.000,,0,0.9806,,0.850,0,
4034,7,86,fog-95,1,fog,600.0,0.0000,0.0000,0,100.000,,0,0.9767,,0.850,0,
4035,7,86,fog-95,1,fog,700.0,0.0000,0.0000,0,100.000,,0,0.9728,,0.850,0,
4036,7,86,fog-95,1,fog,800.0,0.0000,0.0000,5,100.250,0.0000,0,0.9689,,0.850,0,
4037,7,86,fog-95,1,fog,900.0,0.0000,0.0000,0,100.000,,0,0.9650,,0.850,0,
4038,7,86,fog-95,1,fog,1000.0,0.0000,0.0000,0,100.000,,0,0.9611,,0.850,0,
4039,7,86,fog-95,1,fog,1100.0,0.0000,0.0000,4,100.200,0.0000,0,0.9572,,0.850,0,
4040,7,86,fog-95,1,fog,1200.0,0.0000,0.0000,0,100.000,,0,0.9534,,0.850,0,
4041,7,86,fog-95,1,fog,1300.0,0.0000,0.0000,0,100.000,,0,0.9495,,0.850,0,
4042,7,86,fog-95,1,fog,1400.0,0.0000,0.0000,0,100.000,,0,0.9456,,0.850,0,
4043,7,86,fog-95,1,fog,1500.0,0.0000,0.0000,0,100.000,,0,0.9417,,0.850,0,
4044,7,86,fog-95,1,fog,1600.0,0.0000,0.0000,0,100.000,,0,0.9378,,0.850,0,
4045,7,86,fog-95,1,fog,1700.0,0.0000,0.0000,0,100.000,,0,0.9339,,0.850,0,
4046,7,86,fog-95,1,fog,1800.0,0.0000,0.0000,4,100.200,0.3536,0,0.9300,,0.850,0,
4047,7,86,fog-95,1,fog,1900.0,0.0000,0.0000,0,100.000,,0,0.9262,,0.850,0,
4048,7,86,fog-95,1,fog,2000.0,0.0000,0.0000,0,100.000,,0,0.9223,,0.850,0,
4049,7,86,fog-95,1,fog,2100.0,0.0000,0.0000,0,100.000,,0,0.9184,,0.850,0,
4050,7,86,fog-95,1,fog,2200.0,0.0000,0.0000,0,100.000,,0,0.9145,,0.850,0,
4051,7,86,fog-95,1,fog,2300.0,0.0000,0.0000,0,100.000,,0,0.9106,,0.850,0,
4052,7,86,fog-95,1,fog,2400.0,0.0000,0.0000,0,100.000,,0,0.9067,,0.850,0,
4053,7,86,fog-95,1,fog,2500.0,0.0000,0.0000,0,100.000,,0,0.9028,,0.850,0,
4054,7,86,fog-95,1,fog,2600.0,0.0000,0.0000,0,100.000,,0,0.8990,,0.850,0,
4055,7,86,fog-95,1,fog,2700.0,0.0000,0.0000,0,100.000,,0,0.8951,,0.850,0,
4056,7,86,fog-95,1,fog,2800.0,0.0000,0.0000,0,100.000,,0,0.8912,,0.850,0,
4057,7,86,fog-95,1,fog,2900.0,0.0000,0.0000,0,100.000,,0,0.8873,,0.850,0,
4058,7,86,fog-95,1,fog,3000.0,0.0000,0.0000,5,100.250,0.0000,0,0.8834,,0.850,0,
4059,7,86,fog-95,1,fog,3100.0,0.0000,0.0000,0,100.000,,0,0.8795,,0.850,0,
4060,7,86,fog-95,1,fog,3200.0,0.0000,0.0000,0,100.000,,0,0.8756,,0.850,0,
4061,7,86,fog-95,1,fog,3300.0,0.0000,0.0000,0,100.000,,0,0.8717,,0.850,0,
4062,7,86,fog-95,1,fog,3400.0,0.0000,0.0000,4,100.200,0.3536,0,0.8679,,0.850,0,
4063,7,86,fog-95,1,fog,3500.0,0.0000,0.0000,0,100.000,,0,0.8640,,0.850,0,
4064,7,86,fog-95,1,fog,3600.0,0.0000,0.0000,0,100.000,,0,0.8601,,0.850,0,
4065,7,86,fog-95,1,fog,3700.0,0.0000,0.0000,0,100.000,,0,0.8562,,0.850,0,
4066,7,86,fog-95,1,fog,3800.0,0.0000,0.0000,0,100.000,,0,0.8523,,0.850,0,
4067,7,86,fog-95,1,fog,3900.0,0.0000,0.0000,0,100.000,,0,0.8484,,0.850,0,
4068,7,86,fog-95,1,fog,4000.0,0.0000,0.0000,0,100.000,,0,0.8445,,0.850,0,
4069,7,86,fog-95,1,fog,4100.0,0.0000,0.0000,0,100.000,,0,0.8407,,0.850,0,
4070,7,86,fog-95,1,fog,4200.0,0.0000,0.0000,0,100.000,,0,0.8368,,0.850,0,
4071,7,86,fog-95,1,fog,4300.0,0.0000,0.0000,0,100.000,,0,0.8329,,0.850,0,
4072,7,86,fog-95,1,fog,4400.0,0.0000,0.0000,0,100.000,,0,0.8290,,0.850,0,
4073,7,86,fog-95,1,fog,4500.0,0.0000,0.0000,0,100.000,,0,0.8251,,0.850,0,
4074,7,86,fog-95,1,fog,4600.0,0.0000,0.0000,0,100.000,,0,0.8212,,0.850,0,
4075,7,86,fog-95,1,fog,4700.0,0.0000,0.0000,0,100.000,,0,0.8173,,0.850,0,
4076,7,86,fog-95,1,fog,4800.0,0.0000,0.0000,0,100.000,,0,0.8135,,0.850,0,
4077,7,86,fog-95,1,fog,4900.0,0.0000,0.0000,0,100.000,,0,0.8096,,0.850,0,
4078,7,86,fog-95,1,fog,5000.0,0.0000,0.0000,4,100.200,0.0000,0,0.8057,,0.850,0,
4079,7,87,fog-96,1,fog,0.0,0.0000,0.0000,0,100.000,,0,1.0000,,0.850,0,
4080,7,87,fog-96,1,fog,100.0,0.0000,0.0000,6,100.300,1.0000,0,0.9961,,0.850,0,
4081,7,87,fog-96,1,fog,200.0,0.0000,0.0000,15,100.750,1.0000,0,0.9922,,0.850,0,
4082,7,87,fog-96,1,fog,300.0,0.0000,0.0000,14,100.700,1.0000,0,0.9883,,0.850,0,
4083,7,87,fog-96,1,fog,400.0,0.0000,0.0000,13,100.650,1.0000,0,0.9845,,0.850,0,
4084,7,87,fog-96,1,fog,500.0,0.0000,0.0000,13,100.650,1.0000,0,0.9806,,0.850,0,
4085,7,87,fog-96,1,fog,600.0,0.0000,0.0000,14,100.700,1.0000,0,0.9767,,0.850,0,
4086,7,87,fog-96,1,fog,700.0,0.0000,0.0000,14,100.700,1.0000,0,0.9728,,0.850,0,
4087,7,87,fog-96,1,fog,800.0,0.0000,0.0000,12,100.600,1.0000,0,0.9689,,0.850,0,
4088,7,87,fog-96,1,fog,900.0,0.0000,0.0000,9,100.450,1.0000,0,0.9650,,0.850,0,
4089,7,87,fog-96,1,fog,1000.0,0.0000,0.0000,15,100.750,1.0000,0,0.9611,,0.850,0,
4090,7,87,fog-96,1,fog,1100.0,0.0000,0.0000,18,100.900,1.0000,0,0.9572,,0.850,0,
4091,7,87,fog-96,1,fog,1200.0,0.0000,0.0000,17,100.850,1.0000,0,0.9534,,0.850,0,
4092,7,87,fog-96,1,fog,1300.0,0.0000,0.0000,17,100.850,1.0000,0,0.9495,,0.850,0,
4093,7,87,fog-96,1,fog,1400.0,0.0000,0.0000,14,100.700,1.0000,0,0.9456,,0.850,0,
4094,7,87,fog-96,1,fog,1500.0,0.0000,0.0000,12,100.600,1.0000,0,0.9417,,0.850,0,
4095,7,87,fog-96,1,fog,1600.0,0.0000,0.0000,8,100.400,0.8660,0,0.9378,,0.850,0,
4096,7,87,fog-96,1,fog,1700.0,0.0000,0.0000,9,100.450,1.0000,0,0.9339,,0.850,0,
4097,7,87,fog-96,1,fog,1800.0,0.0000,0.0000,8,100.400,0.8660,0,0.9300,,0.850,0,
4098,7,87,fog-96,1,fog,1900.0,0.0000,0.0000,5,100.250,0.0000,0,0.9262,,0.850,0,
4099,7,87,fog-96,1,fog,2000.0,0.0000,0.0000,5,100.250,0.0000,0,0.9223,,0.850,0,
4100,7,87,fog-96,1,fog,2100.0,0.0000,0.0000,5,100.250,0.0000,0,0.9184,,0.850,0,
4101,7,87,fog-96,1,fog,2200.0,0.0000,0.0000,4,100.200,0.0000,0,0.9145,,0.850,0,
4102,7,87,fog-96,1,fog,2300.0,0.0000,0.0000,4,100.200,0.3536,0,0.9106,,0.850,0,
4103,7,87,fog-96,1,fog,2400.0,0.0000,0.0000,5,100.250,0.0000,0,0.9067,,0.850,0,
4104,7,87,fog-96,1,fog,2500.0,0.0000,0.0000,5,100.250,0.0000,0,0.9028,,0.850,0,
4105,7,87,fog-96,1,fog,2600.0,0.0000,0.0000,5,100.250,0.0000,0,0.8990,,0.850,0,
4106,7,87,fog-96,1,fog,2700.0,0.0000,0.0000,5,100.250,0.0000,0,0.8951,,0.850,0,
4107,7,87,fog-96,1,fog,2800.0,0.0000,0.0000,9,100.450,1.0000,0,0.8912,,0.850,0,
4108,7,87,fog-96,1,fog,2900.0,0.0000,0.0000,5,100.250,0.0000,0,0.8873,,0.850,0,
4109,7,87,fog-96,1,fog,3000.0,0.0000,0.0000,4,100.200,0.0000,0,0.8834,,0.850,0,
4110,7,87,fog-96,1,fog,3100.0,0.0000,0.0000,8,100.400,0.8660,0,0.8795,,0.850,0,
4111,7,87,fog-96,1,fog,3200.0,0.0000,0.0000,9,100.450,1.0000,0,0.8756,,0.850,0,
4112,7,87,fog-96,1,fog,3300.0,0.0000,0.0000,9,100.450,1.0000,0,0.8717,,0.850,0,
4113,7,87,fog-96,1,fog,3400.0,0.0000,0.0000,8,100.400,0.8660,0,0.8679,,0.850,0,
4114,7,87,fog-96,1,fog,3500.0,0.0000,0.0000,9,100.450,1.0000,0,0.8640,,0.850,0,
4115,7,87,fog-96,1,fog,3600.0,0.0000,0.0000,10,100.500,1.0000,0,0.8601,,0.850,0,
4116,7,87,fog-96,1,fog,3700.0,0.0000,0.0000,4,100.200,0.3536,0,0.8562,,0.850,0,
4117,7,87,fog-96,1,fog,3800.0,0.0000,0.0000,9,100.450,1.0000,0,0.8523,,0.850,0,
4118,7,87,fog-96,1,fog,3900.0,0.0000,0.0000,7,100.350,0.7071,0,0.8484,,0.850,0,
4119,7,87,fog-96,1,fog,4000.0,0.0000,0.0000,5,100.250,0.0000,0,0.8445,,0.850,0,
4120,7,87,fog-96,1,fog,4100.0,0.0000,0.0000,5,100.250,0.0000,0,0.8407,,0.850,0,
4121,7,87,fog-96,1,fog,4200.0,0.0000,0.0000,4,100.200,0.3536,0,0.8368,,0.850,0,
4122,7,87,fog-96,1,fog,4300.0,0.0000,0.0000,5,100.250,0.0000,0,0.8329,,0.850,0,
4123,7,87,fog-96,1,fog,4400.0,0.0000,0.0000,5,100.250,0.0000,0,0.8290,,0.850,0,
4124,7,87,fog-96,1,fog,4500.0,0.0000,0.0000,5,100.250,0.0000,0,0.8251,,0.850,0,
4125,7,87,fog-96,1,fog,4600.0,0.0000,0.0000,4,100.200,0.3536,0,0.8212,,0.850,0,
4126,7,87,fog-96,1,fog,4700.0,0.0000,0.0000,0,100.000,,0,0.8173,,0.850,0,
4127,7,87,fog-96,1,fog,4800.0,0.0000,0.0000,0,100.000,,0,0.8135,,0.850,0,
4128,7,87,fog-96,1,fog,4900.0,0.0000,0.0000,0,100.000,,0,0.8096,,0.850,0,
4129,7,87,fog-96,1,fog,5000.0,0.0000,0.0000,5,100.250,0.0000,0,0.8057,,0.850,0,
4130,7,88,fog-97,1,fog,0.0,0.0000,0.0000,0,100.000,,0,1.0000,,0.850,0,
4131,7,88,fog-97,1,fog,100.0,0.0000,0.0000,0,100.000,,0,0.9961,,0.850,0,
4132,7,88,fog-97,1,fog,200.0,0.0000,0.0000,0,100.000,,0,0.9922,,0.850,0,
4133,7,88,fog-97,1,fog,300.0,0.0000,0.0000,8,100.400,0.8655,0,0.9883,,0.850,0,
4134,7,88,fog-97,1,fog,400.0,0.0000,0.0000,0,100.000,,0,0.9845,,0.850,0,
4135,7,88,fog-97,1,fog,500.0,0.0000,0.0000,0,100.000,,0,0.9806,,0.850,0,
4136,7,88,fog-97,1,fog,600.0,0.0000,0.0000,0,100.000,,0,0.9767,,0.850,0,
4137,7,88,fog-97,1,fog,700.0,0.0000,0.0000,0,100.000,,0,0.9728,,0.850,0,
4138,7,88,fog-97,1,fog,800.0,0.0000,0.0000,4,100.200,0.0000,0,0.9689,,0.850,0,
4139,7,88,fog-97,1,fog,900.0,0.0000,0.0000,5,100.250,0.0000,0,0.9650,,0.850,0,
4140,7,88,fog-97,1,fog,1000.0,0.0000,0.0000,0,100.000,,0,0.9611,,0.850,0,
4141,7,88,fog-97,1,fog,1100.0,0.0000,0.0000,5,100.250,0.0000,0,0.9572,,0.850,0,
4142,7,88,fog-97,1,fog,1200.0,0.0000,0.0000,0,100.000,,0,0.9534,,0.850,0,
4143,7,88,fog-97,1,fog,1300.0,0.0000,0.0000,0,100.000,,0,0.9495,,0.850,0,
4144,7,88,fog-97,1,fog,1400.0,0.0000,0.0000,0,100.000,,0,0.9456,,0.850,0,
4145,7,88,fog-97,1,fog,1500.0,0.0000,0.0000,0,100.000,,0,0.9417,,0.850,0,
4146,7,88,fog-97,1,fog,1600.0,0.0000,0.0000,4,100.200,0.0000,0,0.9378,,0.850,0,
4147,7,88,fog-97,1,fog,1700.0,0.0000,0.0000,5,100.250,0.0000,0,0.9339,,0.850,0,
4148,7,88,fog-97,1,fog,1800.0,0.0000,0.0000,5,100.250,0.0000,0,0.9300,,0.850,0,
4149,7,88,fog-97,1,fog,1900.0,0.0000,0.0000,0,100.000,,0,0.9262,,0.850,0,
4150,7,88,fog-97,1,fog,2000.0,0.0000,0.0000,5,100.250,0.0000,0,0.9223,,0.850,0,
4151,7,88,fog-97,1,fog,2100.0,0.0000,0.0000,5,100.250,0.0000,0,0.9184,,0.850,0,
4152,7,88,fog-97,1,fog,2200.0,0.0000,0.0000,0,100.000,,0,0.9145,,0.850,0,
4153,7,88,fog-97,1,fog,2300.0,0.0000,0.0000,0,100.000,,0,0.9106,,0.850,0,
4154,7,88,fog-97,1,fog,2400.0,0.0000,0.0000,0,100.000,,0,0.9067,,0.850,0,
4155,7,88,fog-97,1,fog,2500.0,0.0000,0.0000,4,100.200,0.3536,0,0.9028,,0.850,0,
4156,7,88,fog-97,1,fog,2600.0,0.0000,0.0000,0,100.000,,0,0.8990,,0.850,0,
4157,7,88,fog-97,1,fog,2700.0,0.0000,0.0000,5,100.250,0.0000,0,0.8951,,0.850,0,
4158,7,88,fog-97,1,fog,2800.0,0.0000,0.0000,0,100.000,,0,0.8912,,0.850,0,
4159,7,88,fog-97,1,fog,2900.0,0.0000,0.0000,0,100.000,,0,0.8873,,0.850,0,
4160,7,88,fog-97,1,fog,3000.0,0.0000,0.0000,5,100.250,0.0000,0,0.8834,,0.850,0,
4161,7,88,fog-97,1,fog,3100.0,0.0000,0.0000,4,100.200,0.3536,0,0.8795,,0.850,0,
4162,7,88,fog-97,1,fog,3200.0,0.0000,0.0000,0,100.000,,0,0.8756,,0.850,0,
4163,7,88,fog-97,1,fog,3300.0,0.0000,0.0000,0,100.000,,0,0.8717,,0.850,0,
4164,7,88,fog-97,1,fog,3400.0,0.0000,0.0000,0,100.000,,0,0.8679,,0.850,0,
4165,7,88,fog-97,1,fog,3500.0,0.0000,0.0000,5,100.250,0.0000,0,0.8640,,0.850,0,
4166,7,88,fog-97,1,fog,3600.0,0.0000,0.0000,0,100.000,,0,0.8601,,0.850,0,
4167,7,88,fog-97,1,fog,3700.0,0.0000,0.0000,0,100.000,,0,0.8562,,0.850,0,
4168,7,88,fog-97,1,fog,3800.0,0.0000,0.0000,0,100.000,,0,0.8523,,0.850,0,
4169,7,88,fog-97,1,fog,3900.0,0.0000,0.0000,0,100.000,,0,0.8484,,0.850,0,
4170,7,88,fog-97,1,fog,4000.0,0.0000,0.0000,5,100.250,0.0000,0,0.8445,,0.850,0,
4171,7,88,fog-97,1,fog,4100.0,0.0000,0.0000,0,100.000,,0,0.8407,,0.850,0,
4172,7,88,fog-97,1,fog,4200.0,0.0000,0.0000,0,100.000,,0,0.8368,,0.850,0,
4173,7,88,fog-97,1,fog,4300.0,0.0000,0.0000,0,100.000,,0,0.8329,,0.850,0,
4174,7,88,fog-97,1,fog,4400.0,0.0000,0.0000,0,100.000,,0,0.8290,,0.850,0,
4175,7,88,fog-97,1,fog,4500.0,0.0000,0.0000,0,100.000,,0,0.8251,,0.850,0,
4176,7,88,fog-97,1,fog,4600.0,0.0000,0.0000,0,100.000,,0,0.8212,,0.850,0,
4177,7,88,fog-97,1,fog,4700.0,0.0000,0.0000,0,100.000,,0,0.8173,,0.850,0,
4178,7,88,fog-97,1,fog,4800.0,0.0000,0.0000,5,100.250,0.0000,0,0.8135,,0.850,0,
4179,7,88,fog-97,1,fog,4900.0,0.0000,0.0000,5,100.250,0.0000,0,0.8096,,0.850,0,
4180,7,88,fog-97,1,fog,5000.0,0.0000,0.0000,4,100.200,0.3536,0,0.8057,,0.850,0,
4181,7,89,fog-98,1,fog,0.0,0.0000,0.0000,0,100.000,,0,1.0000,,0.850,0,
4182,7,89,fog-98,1,fog,100.0,0.0000,0.0000,0,100.000,,0,0.9961,,0.850,0,
4183,7,89,fog-98,1,fog,200.0,0.0000,0.0000,0,100.000,,0,0.9922,,0.850,0,
4184,7,89,fog-98,1,fog,300.0,0.0000,0.0000,0,100.000,,0,0.9883,,0.850,0,
4185,7,89,fog-98,1,fog,400.0,0.0000,0.0000,0,100.000,,0,0.9845,,0.850,0,
4186,7,89,fog-98,1,fog,500.0,0.0000,0.0000,0,100.000,,0,0.9806,,0.850,0,
4187,7,89,fog-98,1,fog,600.0,0.0000,0.0000,9,100.450,1.0000,0,0.9767,,0.850,0,
4188,7,89,fog-98,1,fog,700.0,0.0000,0.0000,9,100.450,1.0000,0,0.9728,,0.850,0,
4189,7,89,fog-98,1,fog,800.0,0.0000,0.0000,5,100.250,0.0000,0,0.9689,,0.850,0,
4190,7,89,fog-98,1,fog,900.0,0.0000,0.0000,5,100.250,0.0000,0,0.9650,,0.850,0,
4191,7,89,fog-98,1,fog,1000.0,0.0000,0.0000,10,100.500,1.0000,0,0.9611,,0.850,0,
4192,7,89,fog-98,1,fog,1100.0,0.0000,0.0000,5,100.250,0.0000,0,0.9572,,0.850,0,
4193,7,89,fog-98,1,fog,1200.0,0.0000,0.0000,0,100.000,,0,0.9534,,0.850,0,
4194,7,89,fog-98,1,fog,1300.0,0.0000,0.0000,0,100.000,,0,0.9495,,0.850,0,
4195,7,89,fog-98,1,fog,1400.0,0.0000,0.0000,0,100.000,,0,0.9456,,0.850,0,
4196,7,89,fog-98,1,fog,1500.0,0.0000,0.0000,0,100.000,,0,0.9417,,0.850,0,
4197,7,89,fog-98,1,fog,1600.0,0.0000,0.0000,0,100.000,,0,0.9378,,0.850,0,
4198,7,89,fog-98,1,fog,1700.0,0.0000,0.0000,0,100.000,,0,0.9339,,0.850,0,
4199,7,89,fog-98,1,fog,1800.0,0.0000,0.0000,0,100.000,,0,0.9300,,0.850,0,
4200,7,89,fog-98,1,fog,1900.0,0.0000,0.0000,0,100.000,,0,0.9262,,0.850,0,
4201,7,89,fog-98,1,fog,2000.0,0.0000,0.0000,3,100.150,0.0000,0,0.9223,,0.850,0,
4202,7,89,fog-98,1,fog,2100.0,0.0000,0.0000,9,100.450,0.9952,0,0.9184,,0.850,0,
4203,7,89,fog-98,1,fog,2200.0,0.0000,0.0000,3,100.150,0.0000,0,0.9145,,0.850,0,
4204,7,89,fog-98,1,fog,2300.0,0.0000,0.0000,9,100.450,1.0000,0,0.9106,,0.850,0,
4205,7,89,fog-98,1,fog,2400.0,0.0000,0.0000,5,100.250,0.0000,0,0.9067,,0.850,0,
4206,7,89,fog-98,1,fog,2500.0,0.0000,0.0000,0,100.000,,0,0.9028,,0.850,0,
4207,7,89,fog-98,1,fog,2600.0,0.0000,0.0000,0,100.000,,0,0.8990,,0.850,0,
4208,7,89,fog-98,1,fog,2700.0,0.0000,0.0000,0,100.000,,0,0.8951,,0.850,0,
4209,7,89,fog-98,1,fog,2800.0,0.0000,0.0000,0,100.000,,0,0.8912,,0.850,0,
4210,7,89,fog-98,1,fog,2900.0,0.0000,0.0000,5,100.250,0.0000,0,0.8873,,0.850,0,
4211,7,89,fog-98,1,fog,3000.0,0.0000,0.0000,0,100.000,,0,0.8834,,0.850,0,
4212,7,89,fog-98,1,fog,3100.0,0.0000,0.0000,0,100.000,,0,0.8795,,0.850,0,
4213,7,89,fog-98,1,fog,3200.0,0.0000,0.0000,0,100.000,,0,0.8756,,0.850,0,
4214,7,89,fog-98,1,fog,3300.0,0.0000,0.0000,0,100.000,,0,0.8717,,0.850,0,
4215,7,89,fog-98,1,fog,3400.0,0.0000,0.0000,4,100.200,0.0000,0,0.8679,,0.850,0,
4216,7,89,fog-98,1,fog,3500.0,0.0000,0.0000,5,100.250,0.0000,0,0.8640,,0.850,0,
4217,7,89,fog-98,1,fog,3600.0,0.0000,0.0000,10,100.500,1.0000,0,0.8601,,0.850,0,
4218,7,89,fog-98,1,fog,3700.0,0.0000,0.0000,0,100.000,,0,0.8562,,0.850,0,
4219,7,89,fog-98,1,fog,3800.0,0.0000,0.0000,5,100.250,0.0000,0,0.8523,,0.850,0,
4220,7,89,fog-98,1,fog,3900.0,0.0000,0.0000,0,100.000,,0,0.8484,,0.850,0,
4221,7,89,fog-98,1,fog,4000.0,0.0000,0.0000,0,100.000,,0,0.8445,,0.850,0,
4222,7,89,fog-98,1,fog,4100.0,0.0000,0.0000,0,100.000,,0,0.8407,,0.850,0,
4223,7,89,fog-98,1,fog,4200.0,0.0000,0.0000,5,100.250,0.0000,0,0.8368,,0.850,0,
4224,7,89,fog-98,1,fog,4300.0,0.0000,0.0000,9,100.450,0.9952,0,0.8329,,0.850,0,
4225,7,89,fog-98,1,fog,4400.0,0.0000,0.0000,0,100.000,,0,0.8290,,0.850,0,
4226,7,89,fog-98,1,fog,4500.0,0.0000,0.0000,4,100.200,0.0000,0,0.8251,,0.850,0,
4227,7,89,fog-98,1,fog,4600.0,0.0000,0.0000,0,100.000,,0,0.8212,,0.850,0,
4228,7,89,fog-98,1,fog,4700.0,0.0000,0.0000,0,100.000,,0,0.8173,,0.850,0,
4229,7,89,fog-98,1,fog,4800.0,0.0000,0.0000,5,100.250,0.0000,0,0.8135,,0.850,0,
4230,7,89,fog-98,1,fog,4900.0,0.0000,0.0000,5,100.250,0.0000,0,0.8096,,0.850,0,
4231,7,89,fog-98,1,fog,5000.0,0.0000,0.0000,0,100.000,,0,0.8057,,0.850,0,
4232,7,90,fog-99,1,fog,0.0,0.0000,0.0000,0,100.000,,0,1.0000,,0.850,0,
4233,7,90,fog-99,1,fog,100.0,0.0000,0.0000,0,100.000,,0,0.9961,,0.850,0,
4234,7,90,fog-99,1,fog,200.0,0.0000,0.0000,5,100.250,0.0000,0,0.9922,,0.850,0,
4235,7,90,fog-99,1,fog,300.0,0.0000,0.0000,5,100.250,0.0000,0,0.9883,,0.850,0,
4236,7,90,fog-99,1,fog,400.0,0.0000,0.0000,5,100.250,0.0000,0,0.9845,,0.850,0,
4237,7,90,fog-99,1,fog,500.0,0.0000,0.0000,5,100.250,0.0000,0,0.9806,,0.850,0,
4238,7,90,fog-99,1,fog,600.0,0.0000,0.0000,0,100.000,,0,0.9767,,0.850,0,
4239,7,90,fog-99,1,fog,700.0,0.0000,0.0000,4,100.200,0.0000,0,0.9728,,0.850,0,
4240,7,90,fog-99,1,fog,800.0,0.0000,0.0000,5,100.250,0.0000,0,0.9689,,0.850,0,
4241,7,90,fog-99,1,fog,900.0,0.0000,0.0000,3,100.150,0.3333,0,0.9650,,0.850,0,
4242,7,90,fog-99,1,fog,1000.0,0.0000,0.0000,0,100.000,,0,0.9611,,0.850,0,
4243,7,90,fog-99,1,fog,1100.0,0.0000,0.0000,4,100.200,0.3536,0,0.9572,,0.850,0,
4244,7,90,fog-99,1,fog,1200.0,0.0000,0.0000,8,100.400,0.8646,0,0.9534,,0.850,0,
4245,7,90,fog-99,1,fog,1300.0,0.0000,0.0000,9,100.450,0.9982,0,0.9495,,0.850,0,
4246,7,90,fog-99,1,fog,1400.0,0.0000,0.0000,14,100.700,1.0000,0,0.9456,,0.850,0,
4247,7,90,fog-99,1,fog,1500.0,0.0000,0.0000,9,100.450,0.9982,0,0.9417,,0.850,0,
4248,7,90,fog-99,1,fog,1600.0,0.0000,0.0000,5,100.250,0.0000,0,0.9378,,0.850,0,
4249,7,90,fog-99,1,fog,1700.0,0.0000,0.0000,15,100.750,1.0000,0,0.9339,,0.850,0,
4250,7,90,fog-99,1,fog,1800.0,0.0000,0.0000,8,100.400,0.8660,0,0.9300,,0.850,0,
4251,7,90,fog-99,1,fog,1900.0,0.0000,0.0000,13,100.650,1.0000,0,0.9262,,0.850,0,
4252,7,90,fog-99,1,fog,2000.0,0.0000,0.0000,4,100.200,0.3536,0,0.9223,,0.850,0,
4253,7,90,fog-99,1,fog,2100.0,0.0000,0.0000,4,100.200,0.0000,0,0.9184,,0.850,0,
4254,7,90,fog-99,1,fog,2200.0,0.0000,0.0000,5,100.250,0.0000,0,0.9145,,0.850,0,
4255,7,90,fog-99,1,fog,2300.0,0.0000,0.0000,8,100.400,0.8531,0,0.9106,,0.850,0,
4256,7,90,fog-99,1,fog,2400.0,0.0000,0.0000,0,100.000,,0,0.9067,,0.850,0,
4257,7,90,fog-99,1,fog,2500.0,0.0000,0.0000,0,100.000,,0,0.9028,,0.850,0,
4258,7,90,fog-99,1,fog,2600.0,0.0000,0.0000,5,100.250,0.0000,0,0.8990,,0.850,0,
4259,7,90,fog-99,1,fog,2700.0,0.0000,0.0000,5,100.250,0.0000,0,0.8951,,0.850,0,
4260,7,90,fog-99,1,fog,2800.0,0.0000,0.0000,5,100.250,0.0000,0,0.8912,,0.850,0,
4261,7,90,fog-99,1,fog,2900.0,0.0000,0.0000,5,100.250,0.0000,0,0.8873,,0.850,0,
4262,7,90,fog-99,1,fog,3000.0,0.0000,0.0000,5,100.250,0.0000,0,0.8834,,0.850,0,
4263,7,90,fog-99,1,fog,3100.0,0.0000,0.0000,0,100.000,,0,0.8795,,0.850,0,
4264,7,90,fog-99,1,fog,3200.0,0.0000,0.0000,0,100.000,,0,0.8756,,0.850,0,
4265,7,90,fog-99,1,fog,3300.0,0.0000,0.0000,5,100.250,0.0000,0,0.8717,,0.850,0,
4266,7,90,fog-99,1,fog,3400.0,0.0000,0.0000,5,100.250,0.0000,0,0.8679,,0.850,0,
4267,7,90,fog-99,1,fog,3500.0,0.0000,0.0000,4,100.200,0.3536,0,0.8640,,0.850,0,
4268,7,90,fog-99,1,fog,3600.0,0.0000,0.0000,0,100.000,,0,0.8601,,0.850,0,
4269,7,90,fog-99,1,fog,3700.0,0.0000,0.0000,3,100.150,0.0000,0,0.8562,,0.850,0,
4270,7,90,fog-99,1,fog,3800.0,0.0000,0.0000,4,100.200,0.3536,0,0.8523,,0.850,0,
4271,7,90,fog-99,1,fog,3900.0,0.0000,0.0000,10,100.500,1.0000,0,0.8484,,0.850,0,
4272,7,90,fog-99,1,fog,4000.0,0.0000,0.0000,0,100.000,,0,0.8445,,0.850,0,
4273,7,90,fog-99,1,fog,4100.0,0.0000,0.0000,0,100.000,,0,0.8407,,0.850,0,
4274,7,90,fog-99,1,fog,4200.0,0.0000,0.0000,4,100.200,0.0000,0,0.8368,,0.850,0,
4275,7,90,fog-99,1,fog,4300.0,0.0000,0.0000,5,100.250,0.0000,0,0.8329,,0.850,0,
4276,7,90,fog-99,1,fog,4400.0,0.0000,0.0000,6,100.300,0.9343,0,0.8290,,0.850,0,
4277,7,90,fog-99,1,fog,4500.0,0.0000,0.0000,5,100.250,0.0000,0,0.8251,,0.850,0,
4278,7,90,fog-99,1,fog,4600.0,0.0000,0.0000,0,100.000,,0,0.8212,,0.850,0,
4279,7,90,fog-99,1,fog,4700.0,0.0000,0.0000,0,100.000,,0,0.8173,,0.850,0,
4280,7,90,fog-99,1,fog,4800.0,0.0000,0.0000,5,100.250,0.0000,0,0.8135,,0.850,0,
4281,7,90,fog-99,1,fog,4900.0,0.0000,0.0000,5,100.250,0.0000,0,0.8096,,0.850,0,
4282,7,90,fog-99,1,fog,5000.0,0.0000,0.0000,9,100.450,0.9826,0,0.8057,,0.850,0,
4283,7,91,fog-100,1,fog,0.0,0.0000,0.0000,0,100.000,,0,1.0000,,0.850,0,
4284,7,91,fog-100,1,fog,100.0,0.0000,0.0000,33,101.300,1.0000,0,0.9961,,0.850,0,
4285,7,91,fog-100,1,fog,200.0,0.0000,0.0000,71,102.250,1.0000,0,0.9922,,0.850,0,
4286,7,91,fog-100,1,fog,300.0,0.0000,0.0000,95,102.850,1.0000,0,0.9883,,0.850,0,
4287,7,91,fog-100,1,fog,400.0,0.0000,0.0000,73,102.300,1.0000,0,0.9845,,0.850,0,
4288,7,91,fog-100,1,fog,500.0,0.0000,0.0000,65,102.100,1.0000,0,0.9806,,0.850,0,
4289,7,91,fog-100,1,fog,600.0,0.0000,0.0000,75,102.350,1.0000,0,0.9767,,0.850,0,
4290,7,91,fog-100,1,fog,700.0,0.0000,0.0000,93,102.800,1.0000,0,0.9728,,0.850,0,
4291,7,91,fog-100,1,fog,800.0,0.0000,0.0000,97,102.900,1.0000,0,0.9689,,0.850,0,
4292,7,91,fog-100,1,fog,900.0,0.0000,0.0000,105,103.100,1.0000,0,0.9650,,0.850,0,
4293,7,91,fog-100,1,fog,1000.0,0.0000,0.0000,91,102.750,1.0000,0,0.9611,,0.850,0,
4294,7,91,fog-100,1,fog,1100.0,0.0000,0.0000,109,103.200,1.0000,0,0.9572,,0.850,0,
4295,7,91,fog-100,1,fog,1200.0,0.0000,0.0000,139,103.950,1.0000,0,0.9534,,0.850,0,
4296,7,91,fog-100,1,fog,1300.0,0.0000,0.0000,113,103.300,1.0000,0,0.9495,,0.850,0,
4297,7,91,fog-100,1,fog,1400.0,0.0000,0.0000,123,103.550,1.0000,0,0.9456,,0.850,0,
4298,7,91,fog-100,1,fog,1500.0,0.0000,0.0000,91,102.750,1.0000,0,0.9417,,0.850,0,
4299,7,91,fog-100,1,fog,1600.0,0.0000,0.0000,115,103.350,1.0000,0,0.9378,,0.850,0,
4300,7,91,fog-100,1,fog,1700.0,0.0000,0.0000,51,101.750,1.0000,0,0.9339,,0.850,0,
4301,7,91,fog-100,1,fog,1800.0,0.0000,0.0000,95,102.850,1.0000,0,0.9300,,0.850,0,
4302,7,91,fog-100,1,fog,1900.0,0.0000,0.0000,119,103.450,1.0000,0,0.9262,,0.850,0,
4303,7,91,fog-100,1,fog,2000.0,0.0000,0.0000,139,103.950,1.0000,0,0.9223,,0.850,0,
4304,7,91,fog-100,1,fog,2100.0,0.0000,0.0000,79,102.450,1.0000,0,0.9184,,0.850,0,
4305,7,91,fog-100,1,fog,2200.0,0.0000,0.0000,69,102.200,1.0000,0,0.9145,,0.850,0,
4306,7,91,fog-100,1,fog,2300.0,0.0000,0.0000,77,102.400,1.0000,0,0.9106,,0.850,0,
4307,7,91,fog-100,1,fog,2400.0,0.0000,0.0000,91,102.750,1.0000,0,0.9067,,0.850,0,
4308,7,91,fog-100,1,fog,2500.0,0.0000,0.0000,89,102.700,1.0000,0,0.9028,,0.850,0,
4309,7,91,fog-100,1,fog,2600.0,0.0000,0.0000,77,102.400,1.0000,0,0.8990,,0.850,0,
4310,7,91,fog-100,1,fog,2700.0,0.0000,0.0000,59,101.950,1.0000,0,0.8951,,0.850,0,
4311,7,91,fog-100,1,fog,2800.0,0.0000,0.0000,77,102.400,1.0000,0,0.8912,,0.850,0,
4312,7,91,fog-100,1,fog,2900.0,0.0000,0.0000,51,101.750,1.0000,0,0.8873,,0.850,0,
4313,7,91,fog-100,1,fog,3000.0,0.0000,0.0000,69,102.200,1.0000,0,0.8834,,0.850,0,
4314,7,91,fog-100,1,fog,3100.0,0.0000,0.0000,73,102.300,1.0000,0,0.8795,,0.850,0,
4315,7,91,fog-100,1,fog,3200.0,0.0000,0.0000,107,103.150,1.0000,0,0.8756,,0.850,0,
4316,7,91,fog-100,1,fog,3300.0,0.0000,0.0000,97,102.900,1.0000,0,0.8717,,0.850,0,
4317,7,91,fog-100,1,fog,3400.0,0.0000,0.0000,101,103.000,1.0000,0,0.8679,,0.850,0,
4318,7,91,fog-100,1,fog,3500.0,0.0000,0.0000,103,103.050,1.0000,0,0.8640,,0.850,0,
4319,7,91,fog-100,1,fog,3600.0,0.0000,0.0000,99,102.950,1.0000,0,0.8601,,0.850,0,
4320,7,91,fog-100,1,fog,3700.0,0.0000,0.0000,89,102.700,1.0000,0,0.8562,,0.850,0,
4321,7,91,fog-100,1,fog,3800.0,0.0000,0.0000,89,102.700,1.0000,0,0.8523,,0.850,0,
4322,7,91,fog-100,1,fog,3900.0,0.0000,0.0000,117,103.400,1.0000,0,0.8484,,0.850,0,
4323,7,91,fog-100,1,fog,4000.0,0.0000,0.0000,149,104.200,1.0000,0,0.8445,,0.850,0,
4324,7,91,fog-100,1,fog,4100.0,0.0000,0.0000,119,103.450,1.0000,0,0.8407,,0.850,0,
4325,7,91,fog-100,1,fog,4200.0,0.0000,0.0000,91,102.750,1.0000,0,0.8368,,0.850,0,
4326,7,91,fog-100,1,fog,4300.0,0.0000,0.0000,95,102.850,1.0000,0,0.8329,,0.850,0,
4327,7,91,fog-100,1,fog,4400.0,0.0000,0.0000,111,103.250,1.0000,0,0.8290,,0.850,0,
4328,7,91,fog-100,1,fog,4500.0,0.0000,0.0000,99,102.950,1.0000,0,0.8251,,0.850,0,
4329,7,91,fog-100,1,fog,4600.0,0.0000,0.0000,115,103.350,1.0000,0,0.8212,,0.850,0,
4330,7,91,fog-100,1,fog,4700.0,0.0000,0.0000,89,102.700,1.0000,0,0.8173,,0.850,0,
4331,7,91,fog-100,1,fog,4800.0,0.0000,0.0000,77,102.400,1.0000,0,0.8135,,0.850,0,
4332,7,91,fog-100,1,fog,4900.0,0.0000,0.0000,97,102.900,1.0000,0,0.8096,,0.850,0,
4333,7,91,fog-100,1,fog,5000.0,0.0000,0.0000,69,102.200,1.0000,0,0.8057,,0.850,0,
4334,7,92,fog-101,1,fog,0.0,0.0000,0.0000,0,100.000,,0,1.0000,,0.850,0,
4335,7,92,fog-101,1,fog,100.0,0.0000,0.0000,4,100.200,1.0000,0,0.9961,,0.850,0,
4336,7,92,fog-101,1,fog,200.0,0.0000,0.0000,9,100.450,1.0000,0,0.9922,,0.850,0,
4337,7,92,fog-101,1,fog,300.0,0.0000,0.0000,14,100.700,1.0000,0,0.9883,,0.850,0,
4338,7,92,fog-101,1,fog,400.0,0.0000,0.0000,19,100.950,1.0000,0,0.9845,,0.850,0,
4339,7,92,fog-101,1,fog,500.0,0.0000,0.0000,13,100.650,1.0000,0,0.9806,,0.850,0,
4340,7,92,fog-101,1,fog,600.0,0.0000,0.0000,15,100.750,1.0000,0,0.9767,,0.850,0,
4341,7,92,fog-101,1,fog,700.0,0.0000,0.0000,9,100.450,1.0000,0,0.9728,,0.850,0,
4342,7,92,fog-101,1,fog,800.0,0.0000,0.0000,8,100.400,0.8660,0,0.9689,,0.850,0,
4343,7,92,fog-101,1,fog,900.0,0.0000,0.0000,10,100.500,1.0000,0,0.9650,,0.850,0,
4344,7,92,fog-101,1,fog,1000.0,0.0000,0.0000,4,100.200,0.0000,0,0.9611,,0.850,0,
4345,7,92,fog-101,1,fog,1100.0,0.0000,0.0000,0,100.000,,0,0.9572,,0.850,0,
4346,7,92,fog-101,1,fog,1200.0,0.0000,0.0000,0,100.000,,0,0.9534,,0.850,0,
4347,7,92,fog-101,1,fog,1300.0,0.0000,0.0000,5,100.250,0.0000,0,0.9495,,0.850,0,
4348,7,92,fog-101,1,fog,1400.0,0.0000,0.0000,5,100.250,0.0000,0,0.9456,,0.850,0,
4349,7,92,fog-101,1,fog,1500.0,0.0000,0.0000,5,100.250,0.0000,0,0.9417,,0.850,0,
4350,7,92,fog-101,1,fog,1600.0,0.0000,0.0000,4,100.200,0.0000,0,0.9378,,0.850,0,
4351,7,92,fog-101,1,fog,1700.0,0.0000,0.0000,4,100.200,0.3536,0,0.9339,,0.850,0,
4352,7,92,fog-101,1,fog,1800.0,0.0000,0.0000,5,100.250,0.0000,0,0.9300,,0.850,0,
4353,7,92,fog-101,1,fog,1900.0,0.0000,0.0000,5,100.250,0.0000,0,0.9262,,0.850,0,
4354,7,92,fog-101,1,fog,2000.0,0.0000,0.0000,0,100.000,,0,0.9223,,0.850,0,
4355,7,92,fog-101,1,fog,2100.0,0.0000,0.0000,5,100.250,0.0000,0,0.9184,,0.850,0,
4356,7,92,fog-101,1,fog,2200.0,0.0000,0.0000,4,100.200,0.3536,0,0.9145,,0.850,0,
4357,7,92,fog-101,1,fog,2300.0,0.0000,0.0000,5,100.250,0.0000,0,0.9106,,0.850,0,
4358,7,92,fog-101,1,fog,2400.0,0.0000,0.0000,9,100.450,1.0000,0,0.9067,,0.850,0,
4359,7,92,fog-101,1,fog,2500.0,0.0000,0.0000,8,100.400,0.8660,0,0.9028,,0.850,0,
4360,7,92,fog-101,1,fog,2600.0,0.0000,0.0000,9,100.450,1.0000,0,0.8990,,0.850,0,
4361,7,92,fog-101,1,fog,2700.0,0.0000,0.0000,10,100.500,1.0000,0,0.8951,,0.850,0,
4362,7,92,fog-101,1,fog,2800.0,0.0000,0.0000,5,100.250,0.0000,0,0.8912,,0.850,0,
4363,7,92,fog-101,1,fog,2900.0,0.0000,0.0000,4,100.200,0.3536,0,0.8873,,0.850,0,
4364,7,92,fog-101,1,fog,3000.0,0.0000,0.0000,5,100.250,0.0000,0,0.8834,,0.850,0,
4365,7,92,fog-101,1,fog,3100.0,0.0000,0.0000,5,100.250,0.0000,0,0.8795,,0.850,0,
4366,7,92,fog-101,1,fog,3200.0,0.0000,0.0000,5,100.250,0.0000,0,0.8756,,0.850,0,
4367,7,92,fog-101,1,fog,3300.0,0.0000,0.0000,4,100.200,0.3536,0,0.8717,,0.850,0,
4368,7,92,fog-101,1,fog,3400.0,0.0000,0.0000,5,100.250,0.0000,0,0.8679,,0.850,0,
4369,7,92,fog-101,1,fog,3500.0,0.0000,0.0000,4,100.200,0.0000,0,0.8640,,0.850,0,
4370,7,92,fog-101,1,fog,3600.0,0.0000,0.0000,5,100.250,0.0000,0,0.8601,,0.850,0,
4371,7,92,fog-101,1,fog,3700.0,0.0000,0.0000,4,100.200,0.0000,0,0.8562,,0.850,0,
4372,7,92,fog-101,1,fog,3800.0,0.0000,0.0000,0,100.000,,0,0.8523,,0.850,0,
4373,7,92,fog-101,1,fog,3900.0,0.0000,0.0000,0,100.000,,0,0.8484,,0.850,0,
4374,7,92,fog-101,1,fog,4000.0,0.0000,0.0000,0,100.000,,0,0.8445,,0.850,0,
4375,7,92,fog-101,1,fog,4100.0,0.0000,0.0000,0,100.000,,0,0.8407,,0.850,0,
4376,7,92,fog-101,1,fog,4200.0,0.0000,0.0000,0,100.000,,0,0.8368,,0.850,0,
4377,7,92,fog-101,1,fog,4300.0,0.0000,0.0000,5,100.250,0.0000,0,0.8329,,0.850,0,
4378,7,92,fog-101,1,fog,4400.0,0.0000,0.0000,5,100.250,0.0000,0,0.8290,,0.850,0,
4379,7,92,fog-101,1,fog,4500.0,0.0000,0.0000,5,100.250,0.0000,0,0.8251,,0.850,0,
4380,7,92,fog-101,1,fog,4600.0,0.0000,0.0000,5,100.250,0.0000,0,0.8212,,0.850,0,
4381,7,92,fog-101,1,fog,4700.0,0.0000,0.0000,8,100.400,0.8660,0,0.8173,,0.850,0,
4382,7,92,fog-101,1,fog,4800.0,0.0000,0.0000,10,100.500,1.0000,0,0.8135,,0.850,0,
4383,7,92,fog-101,1,fog,4900.0,0.0000,0.0000,9,100.450,1.0000,0,0.8096,,0.850,0,
4384,7,92,fog-101,1,fog,5000.0,0.0000,0.0000,4,100.200,0.3536,0,0.8057,,0.850,0,
4385,7,93,fog-102,1,fog,0.0,0.0000,0.0000,0,100.000,,0,1.0000,,0.850,0,
4386,7,93,fog-102,1,fog,100.0,0.0000,0.0000,0,100.000,,0,0.9961,,0.850,0,
4387,7,93,fog-102,1,fog,200.0,0.0000,0.0000,0,100.000,,0,0.9922,,0.850,0,
4388,7,93,fog-102,1,fog,300.0,0.0000,0.0000,0,100.000,,0,0.9883,,0.850,0,
4389,7,93,fog-102,1,fog,400.0,0.0000,0.0000,0,100.000,,0,0.9845,,0.850,0,
4390,7,93,fog-102,1,fog,500.0,0.0000,0.0000,0,100.000,,0,0.9806,,0.850,0,
4391,7,93,fog-102,1,fog,600.0,0.0000,0.0000,0,100.000,,0,0.9767,,0.850,0,
4392,7,93,fog-102,1,fog,700.0,0.0000,0.0000,0,100.000,,0,0.9728,,0.850,0,
4393,7,93,fog-102,1,fog,800.0,0.0000,0.0000,0,100.000,,0,0.9689,,0.850,0,
4394,7,93,fog-102,1,fog,900.0,0.0000,0.0000,0,100.000,,0,0.9650,,0.850,0,
4395,7,93,fog-102,1,fog,1000.0,0.0000,0.0000,0,100.000,,0,0.9611,,0.850,0,
4396,7,93,fog-102,1,fog,1100.0,0.0000,0.0000,0,100.000,,0,0.9572,,0.850,0,
4397,7,93,fog-102,1,fog,1200.0,0.0000,0.0000,0,100.000,,0,0.9534,,0.850,0,
4398,7,93,fog-102,1,fog,1300.0,0.0000,0.0000,0,100.000,,0,0.9495,,0.850,0,
4399,7,93,fog-102,1,fog,1400.0,0.0000,0.0000,0,100.000,,0,0.9456,,0.850,0,
4400,7,93,fog-102,1,fog,1500.0,0.0000,0.0000,0,100.000,,0,0.9417,,0.850,0,
4401,7,93,fog-102,1,fog,1600.0,0.0000,0.0000,0,100.000,,0,0.9378,,0.850,0,
4402,7,93,fog-102,1,fog,1700.0,0.0000,0.0000,0,100.000,,0,0.9339,,0.850,0,
4403,7,93,fog-102,1,fog,1800.0,0.0000,0.0000,0,100.000,,0,0.9300,,0.850,0,
4404,7,93,fog-102,1,fog,1900.0,0.0000,0.0000,0,100.000,,0,0.9262,,0.850,0,
4405,7,93,fog-102,1,fog,2000.0,0.0000,0.0000,0,100.000,,0,0.9223,,0.850,0,
4406,7,93,fog-102,1,fog,2100.0,0.0000,0.0000,0,100.000,,0,0.9184,,0.850,0,
4407,7,93,fog-102,1,fog,2200.0,0.0000,0.0000,0,100.000,,0,0.9145,,0.850,0,
4408,7,93,fog-102,1,fog,2300.0,0.0000,0.0000,0,100.000,,0,0.9106,,0.850,0,
4409,7,93,fog-102,1,fog,2400.0,0.0000,0.0000,0,100.000,,0,0.9067,,0.850,0,
4410,7,93,fog-102,1,fog,2500.0,0.0000,0.0000,0,100.000,,0,0.9028,,0.850,0,
4411,7,93,fog-102,1,fog,2600.0,0.0000,0.0000,0,100.000,,0,0.8990,,0.850,0,
4412,7,93,fog-102,1,fog,2700.0,0.0000,0.0000,0,100.000,,0,0.8951,,0.850,0,
4413,7,93,fog-102,1,fog,2800.0,0.0000,0.0000,0,100.000,,0,0.8912,,0.850,0,
4414,7,93,fog-102,1,fog,2900.0,0.0000,0.0000,0,100.000,,0,0.8873,,0.850,0,
4415,7,93,fog-102,1,fog,3000.0,0.0000,0.0000,0,100.000,,0,0.8834,,0.850,0,
4416,7,93,fog-102,1,fog,3100.0,0.0000,0.0000,0,100.000,,0,0.8795,,0.850,0,
4417,7,93,fog-102,1,fog,3200.0,0.0000,0.0000,0,100.000,,0,0.8756,,0.850,0,
4418,7,93,fog-102,1,fog,3300.0,0.0000,0.0000,0,100.000,,0,0.8717,,0.850,0,
4419,7,93,fog-102,1,fog,3400.0,0.0000,0.0000,0,100.000,,0,0.8679,,0.850,0,
4420,7,93,fog-102,1,fog,3500.0,0.0000,0.0000,0,100.000,,0,0.8640,,0.850,0,
4421,7,93,fog-102,1,fog,3600.0,0.0000,0.0000,0,100.000,,0,0.8601,,0.850,0,
4422,7,93,fog-102,1,fog,3700.0,0.0000,0.0000,0,100.000,,0,0.8562,,0.850,0,
4423,7,93,fog-102,1,fog,3800.0,0.0000,0.0000,0,100.000,,0,0.8523,,0.850,0,
4424,7,93,fog-102,1,fog,3900.0,0.0000,0.0000,0,100.000,,0,0.8484,,0.850,0,
4425,7,93,fog-102,1,fog,4000.0,0.0000,0.0000,0,100.000,,0,0.8445,,0.850,0,
4426,7,93,fog-102,1,fog,4100.0,0.0000,0.0000,0,100.000,,0,0.8407,,0.850,0,
4427,7,93,fog-102,1,fog,4200.0,0.0000,0.0000,0,100.000,,0,0.8368,,0.850,0,
4428,7,93,fog-102,1,fog,4300.0,0.0000,0.0000,0,100.000,,0,0.8329,,0.850,0,
4429,7,93,fog-102,1,fog,4400.0,0.0000,0.0000,0,100.000,,0,0.8290,,0.850,0,
4430,7,93,fog-102,1,fog,4500.0,0.0000,0.0000,0,100.000,,0,0.8251,,0.850,0,
4431,7,93,fog-102,1,fog,4600.0,0.0000,0.0000,0,100.000,,0,0.8212,,0.850,0,
4432,7,93,fog-102,1,fog,4700.0,0.0000,0.0000,0,100.000,,0,0.8173,,0.850,0,
4433,7,93,fog-102,1,fog,4800.0,0.0000,0.0000,0,100.000,,0,0.8135,,0.850,0,
4434,7,93,fog-102,1,fog,4900.0,0.0000,0.0000,0,100.000,,0,0.8096,,0.850,0,
4435,7,93,fog-102,1,fog,5000.0,0.0000,0.0000,0,100.000,,0,0.8057,,0.850,0,
4436,7,94,fog-103,1,fog,0.0,0.0000,0.0000,0,100.000,,0,1.0000,,0.850,0,
4437,7,94,fog-103,1,fog,100.0,0.0000,0.0000,0,100.000,,0,0.9961,,0.850,0,
4438,7,94,fog-103,1,fog,200.0,0.0000,0.0000,0,100.000,,0,0.9922,,0.850,0,
4439,7,94,fog-103,1,fog,300.0,0.0000,0.0000,0,100.000,,0,0.9883,,0.850,0,
4440,7,94,fog-103,1,fog,400.0,0.0000,0.0000,0,100.000,,0,0.9845,,0.850,0,
4441,7,94,fog-103,1,fog,500.0,0.0000,0.0000,0,100.000,,0,0.9806,,0.850,0,
4442,7,94,fog-103,1,fog,600.0,0.0000,0.0000,0,100.000,,0,0.9767,,0.850,0,
4443,7,94,fog-103,1,fog,700.0,0.0000,0.0000,0,100.000,,0,0.9728,,0.850,0,
4444,7,94,fog-103,1,fog,800.0,0.0000,0.0000,0,100.000,,0,0.9689,,0.850,0,
4445,7,94,fog-103,1,fog,900.0,0.0000,0.0000,0,100.000,,0,0.9650,,0.850,0,
4446,7,94,fog-103,1,fog,1000.0,0.0000,0.0000,0,100.000,,0,0.9611,,0.850,0,
4447,7,94,fog-103,1,fog,1100.0,0.0000,0.0000,0,100.000,,0,0.9572,,0.850,0,
4448,7,94,fog-103,1,fog,1200.0,0.0000,0.0000,0,100.000,,0,0.9534,,0.850,0,
4449,7,94,fog-103,1,fog,1300.0,0.0000,0.0000,0,100.000,,0,0.9495,,0.850,0,
4450,7,94,fog-103,1,fog,1400.0,0.0000,0.0000,0,100.000,,0,0.9456,,0.850,0,
4451,7,94,fog-103,1,fog,1500.0,0.0000,0.0000,0,100.000,,0,0.9417,,0.850,0,
4452,7,94,fog-103,1,fog,1600.0,0.0000,0.0000,0,100.000,,0,0.9378,,0.850,0,
4453,7,94,fog-103,1,fog,1700.0,0.0000,0.0000,0,100.000,,0,0.9339,,0.850,0,
4454,7,94,fog-103,1,fog,1800.0,0.0000,0.0000,0,100.000,,0,0.9300,,0.850,0,
4455,7,94,fog-103,1,fog,1900.0,0.0000,0.0000,0,100.000,,0,0.9262,,0.850,0,
4456,7,94,fog-103,1,fog,2000.0,0.0000,0.0000,0,100.000,,0,0.9223,,0.850,0,
4457,7,94,fog-103,1,fog,2100.0,0.0000,0.0000,0,100.000,,0,0.9184,,0.850,0,
4458,7,94,fog-103,1,fog,2200.0,0.0000,0.0000,0,100.000,,0,0.9145,,0.850,0,
4459,7,94,fog-103,1,fog,2300.0,0.0000,0.0000,0,100.000,,0,0.9106,,0.850,0,
4460,7,94,fog-103,1,fog,2400.0,0.0000,0.0000,0,100.000,,0,0.9067,,0.850,0,
4461,7,94,fog-103,1,fog,2500.0,0.0000,0.0000,0,100.000,,0,0.9028,,0.850,0,
4462,7,94,fog-103,1,fog,2600.0,0.0000,0.0000,0,100.000,,0,0.8990,,0.850,0,
4463,7,94,fog-103,1,fog,2700.0,0.0000,0.0000,0,100.000,,0,0.8951,,0.850,0,
4464,7,94,fog-103,1,fog,2800.0,0.0000,0.0000,0,100.000,,0,0.8912,,0.850,0,
4465,7,94,fog-103,1,fog,2900.0,0.0000,0.0000,0,100.000,,0,0.8873,,0.850,0,
4466,7,94,fog-103,1,fog,3000.0,0.0000,0.0000,0,100.000,,0,0.8834,,0.850,0,
4467,7,94,fog-103,1,fog,3100.0,0.0000,0.0000,0,100.000,,0,0.8795,,0.850,0,
4468,7,94,fog-103,1,fog,3200.0,0.0000,0.0000,0,100.000,,0,0.8756,,0.850,0,
4469,7,94,fog-103,1,fog,3300.0,0.0000,0.0000,0,100.000,,0,0.8717,,0.850,0,
4470,7,94,fog-103,1,fog,3400.0,0.0000,0.0000,0,100.000,,0,0.8679,,0.850,0,
4471,7,94,fog-103,1,fog,3500.0,0.0000,0.0000,0,100.000,,0,0.8640,,0.850,0,
4472,7,94,fog-103,1,fog,3600.0,0.0000,0.0000,0,100.000,,0,0.8601,,0.850,0,
4473,7,94,fog-103,1,fog,3700.0,0.0000,0.0000,0,100.000,,0,0.8562,,0.850,0,
4474,7,94,fog-103,1,fog,3800.0,0.0000,0.0000,0,100.000,,0,0.8523,,0.850,0,
4475,7,94,fog-103,1,fog,3900.0,0.0000,0.0000,0,100.000,,0,0.8484,,0.850,0,
4476,7,94,fog-103,1,fog,4000.0,0.0000,0.0000,0,100.000,,0,0.8445,,0.850,0,
4477,7,94,fog-103,1,fog,4100.0,0.0000,0.0000,0,100.000,,0,0.8407,,0.850,0,
4478,7,94,fog-103,1,fog,4200.0,0.0000,0.0000,0,100.000,,0,0.8368,,0.850,0,
4479,7,94,fog-103,1,fog,4300.0,0.0000,0.0000,0,100.000,,0,0.8329,,0.850,0,
4480,7,94,fog-103,1,fog,4400.0,0.0000,0.0000,0,100.000,,0,0.8290,,0.850,0,
4481,7,94,fog-103,1,fog,4500.0,0.0000,0.0000,0,100.000,,0,0.8251,,0.850,0,
4482,7,94,fog-103,1,fog,4600.0,0.0000,0.0000,0,100.000,,0,0.8212,,0.850,0,
4483,7,94,fog-103,1,fog,4700.0,0.0000,0.0000,0,100.000,,0,0.8173,,0.850,0,
4484,7,94,fog-103,1,fog,4800.0,0.0000,0.0000,0,100.000,,0,0.8135,,0.850,0,
4485,7,94,fog-103,1,fog,4900.0,0.0000,0.0000,0,100.000,,0,0.8096,,0.850,0,
4486,7,94,fog-103,1,fog,5000.0,0.0000,0.0000,0,100.000,,0,0.8057,,0.850,0,
4487,7,95,fog-104,1,fog,0.0,0.0000,0.0000,0,100.000,,0,1.0000,,0.850,0,3977.3
4488,7,95,fog-104,1,fog,100.0,0.0000,0.0000,0,100.000,,0,0.9961,,0.850,0,3977.3
4489,7,95,fog-104,1,fog,200.0,0.0000,0.0000,0,100.000,,0,0.9922,,0.850,0,3977.3
4490,7,95,fog-104,1,fog,300.0,0.0000,0.0000,0,100.000,,0,0.9883,,0.850,0,3977.3
4491,7,95,fog-104,1,fog,400.0,0.0000,0.0000,0,100.000,,0,0.9845,,0.850,0,3977.3
4492,7,95,fog-104,1,fog,500.0,0.0000,0.0000,0,100.000,,0,0.9806,,0.850,0,3977.3
4493,7,95,fog-104,1,fog,600.0,0.0000,0.0000,0,100.000,,0,0.9767,,0.850,0,3977.3
4494,7,95,fog-104,1,fog,700.0,0.0000,0.0000,0,100.000,,0,0.9728,,0.850,0,3977.3
4495,7,95,fog-104,1,fog,800.0,0.0000,0.0000,0,100.000,,0,0.9689,,0.850,0,3977.3
4496,7,95,fog-104,1,fog,900.0,0.0000,0.0000,0,100.000,,0,0.9650,,0.850,0,3977.3
4497,7,95,fog-104,1,fog,1000.0,0.0000,0.0000,0,100.000,,0,0.9611,,0.850,0,3977.3
4498,7,95,fog-104,1,fog,1100.0,0.0000,0.0000,0,100.000,,0,0.9572,,0.850,0,3977.3
4499,7,95,fog-104,1,fog,1200.0,0.0000,0.0000,5,100.250,0.0000,0,0.9534,,0.850,0,3977.3
4500,7,95,fog-104,1,fog,1300.0,0.0000,0.0000,0,100.000,,0,0.9495,,0.850,0,3977.3
4501,7,95,fog-104,1,fog,1400.0,0.0000,0.0000,0,100.000,,0,0.9456,,0.850,0,3977.3
4502,7,95,fog-104,1,fog,1500.0,0.0000,0.0000,0,100.000,,0,0.9417,,0.850,0,3977.3
4503,7,95,fog-104,1,fog,1600.0,0.0000,0.0000,0,100.000,,0,0.9378,,0.850,0,3977.3
4504,7,95,fog-104,1,fog,1700.0,0.0000,0.0000,0,100.000,,0,0.9339,,0.850,0,3977.3
4505,7,95,fog-104,1,fog,1800.0,0.0000,0.0000,0,100.000,,0,0.9300,,0.850,0,3977.3
4506,7,95,fog-104,1,fog,1900.0,0.0000,0.0000,0,100.000,,0,0.9262,,0.850,0,3977.3
4507,7,95,fog-104,1,fog,2000.0,0.0000,0.0000,0,100.000,,0,0.9223,,0.850,0,3977.3
4508,7,95,fog-104,1,fog,2100.0,0.0000,0.0000,0,100.000,,0,0.9184,,0.850,0,3977.3
4509,7,95,fog-104,1,fog,2200.0,0.0000,0.0000,0,100.000,,0,0.9145,,0.850,0,3977.3
4510,7,95,fog-104,1,fog,2300.0,0.0000,0.0000,0,100.000,,0,0.9106,,0.850,0,3977.3
4511,7,95,fog-104,1,fog,2400.0,0.0000,0.0000,0,100.000,,0,0.9067,,0.850,0,3977.3
4512,7,95,fog-104,1,fog,2500.0,0.0000,0.0000,0,100.000,,0,0.9028,,0.850,0,3977.3
4513,7,95,fog-104,1,fog,2600.0,0.0000,0.0000,0,100.000,,0,0.8990,,0.850,0,3977.3
4514,7,95,fog-104,1,fog,2700.0,0.0000,0.0000,0,100.000,,0,0.8951,,0.850,0,3977.3
4515,7,95,fog-104,1,fog,2800.0,0.0000,0.0000,10,100.500,1.0000,0,0.8912,,0.850,0,3977.3
4516,7,95,fog-104,1,fog,2900.0,0.0000,0.0000,0,100.000,,0,0.8873,,0.850,0,3977.3
4517,7,95,fog-104,1,fog,3000.0,0.0000,0.0000,0,100.000,,0,0.8834,,0.850,0,3977.3
4518,7,95,fog-104,1,fog,3100.0,0.0000,0.0000,5,100.250,0.0000,0,0.8795,,0.850,0,3977.3
4519,7,95,fog-104,1,fog,3200.0,0.0000,0.0000,4,100.200,0.0000,0,0.8756,,0.850,0,3977.3
4520,7,95,fog-104,1,fog,3300.0,0.0000,0.0000,0,100.000,,0,0.8717,,0.850,0,3977.3
4521,7,95,fog-104,1,fog,3400.0,0.0000,0.0000,0,100.000,,0,0.8679,,0.850,0,3977.3
4522,7,95,fog-104,1,fog,3500.0,0.0000,0.0000,0,100.000,,0,0.8640,,0.850,0,3977.3
4523,7,95,fog-104,1,fog,3600.0,0.0000,0.0000,0,100.000,,0,0.8601,,0.850,0,3977.3
4524,7,95,fog-104,1,fog,3700.0,0.0000,0.0000,0,100.000,,0,0.8562,,0.850,0,3977.3
4525,7,95,fog-104,1,fog,3800.0,0.0000,0.0000,0,100.000,,0,0.8523,,0.850,1,3977.3
4526,7,95,fog-104,1,fog,3900.0,0.0000,0.0000,0,100.000,,0,0.8484,,0.850,1,3977.3
4527,7,96,fog-105,1,fog,0.0,0.0000,0.0000,0,100.000,,0,1.0000,,0.850,0,
4528,7,96,fog-105,1,fog,100.0,0.0000,0.0000,0,100.000,,0,0.9961,,0.850,0,
4529,7,96,fog-105,1,fog,200.0,0.0000,0.0000,0,100.000,,0,0.9922,,0.850,0,
4530,7,96,fog-105,1,fog,300.0,0.0000,0.0000,0,100.000,,0,0.9883,,0.850,0,
4531,7,96,fog-105,1,fog,400.0,0.0000,0.0000,0,100.000,,0,0.9845,,0.850,0,
4532,7,96,fog-105,1,fog,500.0,0.0000,0.0000,0,100.000,,0,0.9806,,0.850,0,
4533,7,96,fog-105,1,fog,600.0,0.0000,0.0000,0,100.000,,0,0.9767,,0.850,0,
4534,7,96,fog-105,1,fog,700.0,0.0000,0.0000,0,100.000,,0,0.9728,,0.850,0,
4535,7,96,fog-105,1,fog,800.0,0.0000,0.0000,0,100.000,,0,0.9689,,0.850,0,
4536,7,96,fog-105,1,fog,900.0,0.0000,0.0000,0,100.000,,0,0.9650,,0.850,0,
4537,7,96,fog-105,1,fog,1000.0,0.0000,0.0000,0,100.000,,0,0.9611,,0.850,0,
4538,7,96,fog-105,1,fog,1100.0,0.0000,0.0000,0,100.000,,0,0.9572,,0.850,0,
4539,7,96,fog-105,1,fog,1200.0,0.0000,0.0000,0,100.000,,0,0.9534,,0.850,0,
4540,7,96,fog-105,1,fog,1300.0,0.0000,0.0000,0,100.000,,0,0.9495,,0.850,0,
4541,7,96,fog-105,1,fog,1400.0,0.0000,0.0000,0,100.000,,0,0.9456,,0.850,0,
4542,7,96,fog-105,1,fog,1500.0,0.0000,0.0000,0,100.000,,0,0.9417,,0.850,0,
4543,7,96,fog-105,1,fog,1600.0,0.0000,0.0000,0,100.000,,0,0.9378,,0.850,0,
4544,7,96,fog-105,1,fog,1700.0,0.0000,0.0000,0,100.000,,0,0.9339,,0.850,0,
4545,7,96,fog-105,1,fog,1800.0,0.0000,0.0000,0,100.000,,0,0.9300,,0.850,0,
4546,7,96,fog-105,1,fog,1900.0,0.0000,0.0000,0,100.000,,0,0.9262,,0.850,0,
4547,7,96,fog-105,1,fog,2000.0,0.0000,0.0000,0,100.000,,0,0.9223,,0.850,0,
4548,7,96,fog-105,1,fog,2100.0,0.0000,0.0000,0,100.000,,0,0.9184,,0.850,0,
4549,7,96,fog-105,1,fog,2200.0,0.0000,0.0000,0,100.000,,0,0.9145,,0.850,0,
4550,7,96,fog-105,1,fog,2300.0,0.0000,0.0000,0,100.000,,0,0.9106,,0.850,0,
4551,7,96,fog-105,1,fog,2400.0,0.0000,0.0000,0,100.000,,0,0.9067,,0.850,0,
4552,7,96,fog-105,1,fog,2500.0,0.0000,0.0000,0,100.000,,0,0.9028,,0.850,0,
4553,7,96,fog-105,1,fog,2600.0,0.0000,0.0000,0,100.000,,0,0.8990,,0.850,0,
4554,7,96,fog-105,1,fog,2700.0,0.0000,0.0000,0,100.000,,0,0.8951,,0.850,0,
4555,7,96,fog-105,1,fog,2800.0,0.0000,0.0000,0,100.000,,0,0.8912,,0.850,0,
4556,7,96,fog-105,1,fog,2900.0,0.0000,0.0000,0,100.000,,0,0.8873,,0.850,0,
4557,7,96,fog-105,1,fog,3000.0,0.0000,0.0000,0,100.000,,0,0.8834,,0.850,0,
4558,7,96,fog-105,1,fog,3100.0,0.0000,0.0000,0,100.000,,0,0.8795,,0.850,0,
4559,7,96,fog-105,1,fog,3200.0,0.0000,0.0000,0,100.000,,0,0.8756,,0.850,0,
4560,7,96,fog-105,1,fog,3300.0,0.0000,0.0000,0,100.000,,0,0.8717,,0.850,0,
4561,7,96,fog-105,1,fog,3400.0,0.0000,0.0000,0,100.000,,0,0.8679,,0.850,0,
4562,7,96,fog-105,1,fog,3500.0,0.0000,0.0000,0,100.000,,0,0.8640,,0.850,0,
4563,7,96,fog-105,1,fog,3600.0,0.0000,0.0000,0,100.000,,0,0.8601,,0.850,0,
4564,7,96,fog-105,1,fog,3700.0,0.0000,0.0000,0,100.000,,0,0.8562,,0.850,0,
4565,7,96,fog-105,1,fog,3800.0,0.0000,0.0000,0,100.000,,0,0.8523,,0.850,0,
4566,7,96,fog-105,1,fog,3900.0,0.0000,0.0000,0,100.000,,0,0.8484,,0.850,0,
4567,7,96,fog-105,1,fog,4000.0,0.0000,0.0000,0,100.000,,0,0.8445,,0.850,0,
4568,7,96,fog-105,1,fog,4100.0,0.0000,0.0000,0,100.000,,0,0.8407,,0.850,0,
4569,7,96,fog-105,1,fog,4200.0,0.0000,0.0000,0,100.000,,0,0.8368,,0.850,0,
4570,7,96,fog-105,1,fog,4300.0,0.0000,0.0000,0,100.000,,0,0.8329,,0.850,0,
4571,7,96,fog-105,1,fog,4400.0,0.0000,0.0000,0,100.000,,0,0.8290,,0.850,0,
4572,7,96,fog-105,1,fog,4500.0,0.0000,0.0000,0,100.000,,0,0.8251,,0.850,0,
4573,7,96,fog-105,1,fog,4600.0,0.0000,0.0000,0,100.000,,0,0.8212,,0.850,0,
4574,7,96,fog-105,1,fog,4700.0,0.0000,0.0000,0,100.000,,0,0.8173,,0.850,0,
4575,7,96,fog-105,1,fog,4800.0,0.0000,0.0000,0,100.000,,0,0.8135,,0.850,0,
4576,7,96,fog-105,1,fog,4900.0,0.0000,0.0000,0,100.000,,0,0.8096,,0.850,0,
4577,7,96,fog-105,1,fog,5000.0,0.0000,0.0000,0,100.000,,0,0.8057,,0.850,0,
4578,7,97,fog-106,1,fog,0.0,0.0000,0.0000,0,100.000,,0,1.0000,,0.850,0,
4579,7,97,fog-106,1,fog,100.0,0.0000,0.0000,0,100.000,,0,0.9961,,0.850,0,
4580,7,97,fog-106,1,fog,200.0,0.0000,0.0000,0,100.000,,0,0.9922,,0.850,0,
4581,7,97,fog-106,1,fog,300.0,0.0000,0.0000,0,100.000,,0,0.9883,,0.850,0,
4582,7,97,fog-106,1,fog,400.0,0.0000,0.0000,0,100.000,,0,0.9845,,0.850,0,
4583,7,97,fog-106,1,fog,500.0,0.0000,0.0000,0,100.000,,0,0.9806,,0.850,0,
4584,7,97,fog-106,1,fog,600.0,0.0000,0.0000,0,100.000,,0,0.9767,,0.850,0,
4585,7,97,fog-106,1,fog,700.0,0.0000,0.0000,0,100.000,,0,0.9728,,0.850,0,
4586,7,97,fog-106,1,fog,800.0,0.0000,0.0000,0,100.000,,0,0.9689,,0.850,0,
4587,7,97,fog-106,1,fog,900.0,0.0000,0.0000,0,100.000,,0,0.9650,,0.850,0,
4588,7,97,fog-106,1,fog,1000.0,0.0000,0.0000,0,100.000,,0,0.9611,,0.850,0,
4589,7,97,fog-106,1,fog,1100.0,0.0000,0.0000,0,100.000,,0,0.9572,,0.850,0,
4590,7,97,fog-106,1,fog,1200.0,0.0000,0.0000,0,100.000,,0,0.9534,,0.850,0,
4591,7,97,fog-106,1,fog,1300.0,0.0000,0.0000,0,100.000,,0,0.9495,,0.850,0,
4592,7,97,fog-106,1,fog,1400.0,0.0000,0.0000,0,100.000,,0,0.9456,,0.850,0,
4593,7,97,fog-106,1,fog,1500.0,0.0000,0.0000,0,100.000,,0,0.9417,,0.850,0,
4594,7,97,fog-106,1,fog,1600.0,0.0000,0.0000,0,100.000,,0,0.9378,,0.850,0,
4595,7,97,fog-106,1,fog,1700.0,0.0000,0.0000,0,100.000,,0,0.9339,,0.850,0,
4596,7,97,fog-106,1,fog,1800.0,0.0000,0.0000,0,100.000,,0,0.9300,,0.850,0,
4597,7,97,fog-106,1,fog,1900.0,0.0000,0.0000,0,100.000,,0,0.9262,,0.850,0,
4598,7,97,fog-106,1,fog,2000.0,0.0000,0.0000,0,100.000,,0,0.9223,,0.850,0,
4599,7,97,fog-106,1,fog,2100.0,0.0000,0.0000,0,100.000,,0,0.9184,,0.850,0,
4600,7,97,fog-106,1,fog,2200.0,0.0000,0.0000,0,100.000,,0,0.9145,,0.850,0,
4601,7,97,fog-106,1,fog,2300.0,0.0000,0.0000,0,100.000,,0,0.9106,,0.850,0,
4602,7,97,fog-106,1,fog,2400.0,0.0000,0.0000,0,100.000,,0,0.9067,,0.850,0,
4603,7,97,fog-106,1,fog,2500.0,0.0000,0.0000,0,100.000,,0,0.9028,,0.850,0,
4604,7,97,fog-106,1,fog,2600.0,0.0000,0.0000,0,100.000,,0,0.8990,,0.850,0,
4605,7,97,fog-106,1,fog,2700.0,0.0000,0.0000,0,100.000,,0,0.8951,,0.850,0,
4606,7,97,fog-106,1,fog,2800.0,0.0000,0.0000,0,100.000,,0,0.8912,,0.850,0,
4607,7,97,fog-106,1,fog,2900.0,0.0000,0.0000,0,100.000,,0,0.8873,,0.850,0,
4608,7,97,fog-106,1,fog,3000.0,0.0000,0.0000,0,100.000,,0,0.8834,,0.850,0,
4609,7,97,fog-106,1,fog,3100.0,0.0000,0.0000,0,100.000,,0,0.8795,,0.850,0,
4610,7,97,fog-106,1,fog,3200.0,0.0000,0.0000,0,100.000,,0,0.8756,,0.850,0,
4611,7,97,fog-106,1,fog,3300.0,0.0000,0.0000,0,100.000,,0,0.8717,,0.850,0,
4612,7,97,fog-106,1,fog,3400.0,0.0000,0.0000,0,100.000,,0,0.8679,,0.850,0,
4613,7,97,fog-106,1,fog,3500.0,0.0000,0.0000,0,100.000,,0,0.8640,,0.850,0,
4614,7,97,fog-106,1,fog,3600.0,0.0000,0.0000,0,100.000,,0,0.8601,,0.850,0,
4615,7,97,fog-106,1,fog,3700.0,0.0000,0.0000,0,100.000,,0,0.8562,,0.850,0,
4616,7,97,fog-106,1,fog,3800.0,0.0000,0.0000,0,100.000,,0,0.8523,,0.850,0,
4617,7,97,fog-106,1,fog,3900.0,0.0000,0.0000,0,100.000,,0,0.8484,,0.850,0,
4618,7,97,fog-106,1,fog,4000.0,0.0000,0.0000,0,100.000,,0,0.8445,,0.850,0,
4619,7,97,fog-106,1,fog,4100.0,0.0000,0.0000,0,100.000,,0,0.8407,,0.850,0,
4620,7,97,fog-106,1,fog,4200.0,0.0000,0.0000,0,100.000,,0,0.8368,,0.850,0,
4621,7,97,fog-106,1,fog,4300.0,0.0000,0.0000,0,100.000,,0,0.8329,,0.850,0,
4622,7,97,fog-106,1,fog,4400.0,0.0000,0.0000,0,100.000,,0,0.8290,,0.850,0,
4623,7,97,fog-106,1,fog,4500.0,0.0000,0.0000,0,100.000,,0,0.8251,,0.850,0,
4624,7,97,fog-106,1,fog,4600.0,0.0000,0.0000,0,100.000,,0,0.8212,,0.850,0,
4625,7,97,fog-106,1,fog,4700.0,0.0000,0.0000,0,100.000,,0,0.8173,,0.850,0,
4626,7,97,fog-106,1,fog,4800.0,0.0000,0.0000,0,100.000,,0,0.8135,,0.850,0,
4627,7,97,fog-106,1,fog,4900.0,0.0000,0.0000,0,100.000,,0,0.8096,,0.850,0,
4628,7,97,fog-106,1,fog,5000.0,0.0000,0.0000,0,100.000,,0,0.8057,,0.850,0,
4629,7,98,fog-107,1,fog,0.0,0.0000,0.0000,0,100.000,,0,1.0000,,0.850,0,
4630,7,98,fog-107,1,fog,100.0,0.0000,0.0000,0,100.000,,0,0.9961,,0.850,0,
4631,7,98,fog-107,1,fog,200.0,0.0000,0.0000,0,100.000,,0,0.9922,,0.850,0,
4632,7,98,fog-107,1,fog,300.0,0.0000,0.0000,0,100.000,,0,0.9883,,0.850,0,
4633,7,98,fog-107,1,fog,400.0,0.0000,0.0000,0,100.000,,0,0.9845,,0.850,0,
4634,7,98,fog-107,1,fog,500.0,0.0000,0.0000,0,100.000,,0,0.9806,,0.850,0,
4635,7,98,fog-107,1,fog,600.0,0.0000,0.0000,0,100.000,,0,0.9767,,0.850,0,
4636,7,98,fog-107,1,fog,700.0,0.0000,0.0000,0,100.000,,0,0.9728,,0.850,0,
4637,7,98,fog-107,1,fog,800.0,0.0000,0.0000,0,100.000,,0,0.9689,,0.850,0,
4638,7,98,fog-107,1,fog,900.0,0.0000,0.0000,0,100.000,,0,0.9650,,0.850,0,
4639,7,98,fog-107,1,fog,1000.0,0.0000,0.0000,0,100.000,,0,0.9611,,0.850,0,
4640,7,98,fog-107,1,fog,1100.0,0.0000,0.0000,0,100.000,,0,0.9572,,0.850,0,
4641,7,98,fog-107,1,fog,1200.0,0.0000,0.0000,0,100.000,,0,0.9534,,0.850,0,
4642,7,98,fog-107,1,fog,1300.0,0.0000,0.0000,0,100.000,,0,0.9495,,0.850,0,
4643,7,98,fog-107,1,fog,1400.0,0.0000,0.0000,0,100.000,,0,0.9456,,0.850,0,
4644,7,98,fog-107,1,fog,1500.0,0.0000,0.0000,0,100.000,,0,0.9417,,0.850,0,
4645,7,98,fog-107,1,fog,1600.0,0.0000,0.0000,0,100.000,,0,0.9378,,0.850,0,
4646,7,98,fog-107,1,fog,1700.0,0.0000,0.0000,0,100.000,,0,0.9339,,0.850,0,
4647,7,98,fog-107,1,fog,1800.0,0.0000,0.0000,0,100.000,,0,0.9300,,0.850,0,
4648,7,98,fog-107,1,fog,1900.0,0.0000,0.0000,0,100.000,,0,0.9262,,0.850,0,
4649,7,98,fog-107,1,fog,2000.0,0.0000,0.0000,0,100.000,,0,0.9223,,0.850,0,
4650,7,98,fog-107,1,fog,2100.0,0.0000,0.0000,0,100.000,,0,0.9184,,0.850,0,
4651,7,98,fog-107,1,fog,2200.0,0.0000,0.0000,0,100.000,,0,0.9145,,0.850,0,
4652,7,98,fog-107,1,fog,2300.0,0.0000,0.0000,0,100.000,,0,0.9106,,0.850,0,
4653,7,98,fog-107,1,fog,2400.0,0.0000,0.0000,0,100.000,,0,0.9067,,0.850,0,
4654,7,98,fog-107,1,fog,2500.0,0.0000,0.0000,0,100.000,,0,0.9028,,0.850,0,
4655,7,98,fog-107,1,fog,2600.0,0.0000,0.0000,0,100.000,,0,0.8990,,0.850,0,
4656,7,98,fog-107,1,fog,2700.0,0.0000,0.0000,0,100.000,,0,0.8951,,0.850,0,
4657,7,98,fog-107,1,fog,2800.0,0.0000,0.0000,0,100.000,,0,0.8912,,0.850,0,
4658,7,98,fog-107,1,fog,2900.0,0.0000,0.0000,0,100.000,,0,0.8873,,0.850,0,
4659,7,98,fog-107,1,fog,3000.0,0.0000,0.0000,0,100.000,,0,0.8834,,0.850,0,
4660,7,98,fog-107,1,fog,3100.0,0.0000,0.0000,0,100.000,,0,0.8795,,0.850,0,
4661,7,98,fog-107,1,fog,3200.0,0.0000,0.0000,0,100.000,,0,0.8756,,0.850,0,
4662,7,98,fog-107,1,fog,3300.0,0.0000,0.0000,0,100.000,,0,0.8717,,0.850,0,
4663,7,98,fog-107,1,fog,3400.0,0.0000,0.0000,0,100.000,,0,0.8679,,0.850,0,
4664,7,98,fog-107,1,fog,3500.0,0.0000,0.0000,0,100.000,,0,0.8640,,0.850,0,
4665,7,98,fog-107,1,fog,3600.0,0.0000,0.0000,0,100.000,,0,0.8601,,0.850,0,
4666,7,98,fog-107,1,fog,3700.0,0.0000,0.0000,0,100.000,,0,0.8562,,0.850,0,
4667,7,98,fog-107,1,fog,3800.0,0.0000,0.0000,0,100.000,,0,0.8523,,0.850,0,
4668,7,98,fog-107,1,fog,3900.0,0.0000,0.0000,0,100.000,,0,0.8484,,0.850,0,
4669,7,98,fog-107,1,fog,4000.0,0.0000,0.0000,0,100.000,,0,0.8445,,0.850,0,
4670,7,98,fog-107,1,fog,4100.0,0.0000,0.0000,0,100.000,,0,0.8407,,0.850,0,
4671,7,98,fog-107,1,fog,4200.0,0.0000,0.0000,0,100.000,,0,0.8368,,0.850,0,
4672,7,98,fog-107,1,fog,4300.0,0.0000,0.0000,0,100.000,,0,0.8329,,0.850,0,
4673,7,98,fog-107,1,fog,4400.0,0.0000,0.0000,0,100.000,,0,0.8290,,0.850,0,
4674,7,98,fog-107,1,fog,4500.0,0.0000,0.0000,0,100.000,,0,0.8251,,0.850,0,
4675,7,98,fog-107,1,fog,4600.0,0.0000,0.0000,0,100.000,,0,0.8212,,0.850,0,
4676,7,98,fog-107,1,fog,4700.0,0.0000,0.0000,0,100.000,,0,0.8173,,0.850,0,
4677,7,98,fog-107,1,fog,4800.0,0.0000,0.0000,0,100.000,,0,0.8135,,0.850,0,
4678,7,98,fog-107,1,fog,4900.0,0.0000,0.0000,0,100.000,,0,0.8096,,0.850,0,
4679,7,98,fog-107,1,fog,5000.0,0.0000,0.0000,0,100.000,,0,0.8057,,0.850,0,
4680,7,99,fog-108,1,fog,0.0,0.0000,0.0000,0,100.000,,0,1.0000,,0.850,0,
4681,7,99,fog-108,1,fog,100.0,0.0000,0.0000,0,100.000,,0,0.9961,,0.850,0,
4682,7,99,fog-108,1,fog,200.0,0.0000,0.0000,0,100.000,,0,0.9922,,0.850,0,
4683,7,99,fog-108,1,fog,300.0,0.0000,0.0000,0,100.000,,0,0.9883,,0.850,0,
4684,7,99,fog-108,1,fog,400.0,0.0000,0.0000,0,100.000,,0,0.9845,,0.850,0,
4685,7,99,fog-108,1,fog,500.0,0.0000,0.0000,0,100.000,,0,0.9806,,0.850,0,
4686,7,99,fog-108,1,fog,600.0,0.0000,0.0000,0,100.000,,0,0.9767,,0.850,0,
4687,7,99,fog-108,1,fog,700.0,0.0000,0.0000,0,100.000,,0,0.9728,,0.850,0,
4688,7,99,fog-108,1,fog,800.0,0.0000,0.0000,0,100.000,,0,0.9689,,0.850,0,
4689,7,99,fog-108,1,fog,900.0,0.0000,0.0000,0,100.000,,0,0.9650,,0.850,0,
4690,7,99,fog-108,1,fog,1000.0,0.0000,0.0000,0,100.000,,0,0.9611,,0.850,0,
4691,7,99,fog-108,1,fog,1100.0,0.0000,0.0000,0,100.000,,0,0.9572,,0.850,0,
4692,7,99,fog-108,1,fog,1200.0,0.0000,0.0000,0,100.000,,0,0.9534,,0.850,0,
4693,7,99,fog-108,1,fog,1300.0,0.0000,0.0000,0,100.000,,0,0.9495,,0.850,0,
4694,7,99,fog-108,1,fog,1400.0,0.0000,0.0000,0,100.000,,0,0.9456,,0.850,0,
4695,7,99,fog-108,1,fog,1500.0,0.0000,0.0000,0,100.000,,0,0.9417,,0.850,0,
4696,7,99,fog-108,1,fog,1600.0,0.0000,0.0000,0,100.000,,0,0.9378,,0.850,0,
4697,7,99,fog-108,1,fog,1700.0,0.0000,0.0000,0,100.000,,0,0.9339,,0.850,0,
4698,7,99,fog-108,1,fog,1800.0,0.0000,0.0000,0,100.000,,0,0.9300,,0.850,0,
4699,7,99,fog-108,1,fog,1900.0,0.0000,0.0000,0,100.000,,0,0.9262,,0.850,0,
4700,7,99,fog-108,1,fog,2000.0,0.0000,0.0000,0,100.000,,0,0.9223,,0.850,0,
4701,7,99,fog-108,1,fog,2100.0,0.0000,0.0000,0,100.000,,0,0.9184,,0.850,0,
4702,7,99,fog-108,1,fog,2200.0,0.0000,0.0000,0,100.000,,0,0.9145,,0.850,0,
4703,7,99,fog-108,1,fog,2300.0,0.0000,0.0000,0,100.000,,0,0.9106,,0.850,0,
4704,7,99,fog-108,1,fog,2400.0,0.0000,0.0000,0,100.000,,0,0.9067,,0.850,0,
4705,7,99,fog-108,1,fog,2500.0,0.0000,0.0000,0,100.000,,0,0.9028,,0.850,0,
4706,7,99,fog-108,1,fog,2600.0,0.0000,0.0000,0,100.000,,0,0.8990,,0.850,0,
4707,7,99,fog-108,1,fog,2700.0,0.0000,0.0000,0,100.000,,0,0.8951,,0.850,0,
4708,7,99,fog-108,1,fog,2800.0,0.0000,0.0000,0,100.000,,0,0.8912,,0.850,0,
4709,7,99,fog-108,1,fog,2900.0,0.0000,0.0000,0,100.000,,0,0.8873,,0.850,0,
4710,7,99,fog-108,1,fog,3000.0,0.0000,0.0000,0,100.000,,0,0.8834,,0.850,0,
4711,7,99,fog-108,1,fog,3100.0,0.0000,0.0000,0,100.000,,0,0.8795,,0.850,0,
4712,7,99,fog-108,1,fog,3200.0,0.0000,0.0000,0,100.000,,0,0.8756,,0.850,0,
4713,7,99,fog-108,1,fog,3300.0,0.0000,0.0000,0,100.000,,0,0.8717,,0.850,0,
4714,7,99,fog-108,1,fog,3400.0,0.0000,0.0000,0,100.000,,0,0.8679,,0.850,0,
4715,7,99,fog-108,1,fog,3500.0,0.0000,0.0000,0,100.000,,0,0.8640,,0.850,0,
4716,7,99,fog-108,1,fog,3600.0,0.0000,0.0000,0,100.000,,0,0.8601,,0.850,0,
4717,7,99,fog-108,1,fog,3700.0,0.0000,0.0000,0,100.000,,0,0.8562,,0.850,0,
4718,7,99,fog-108,1,fog,3800.0,0.0000,0.0000,0,100.000,,0,0.8523,,0.850,0,
4719,7,99,fog-108,1,fog,3900.0,0.0000,0.0000,0,100.000,,0,0.8484,,0.850,0,
4720,7,99,fog-108,1,fog,4000.0,0.0000,0.0000,0,100.000,,0,0.8445,,0.850,0,
4721,7,99,fog-108,1,fog,4100.0,0.0000,0.0000,0,100.000,,0,0.8407,,0.850,0,
4722,7,99,fog-108,1,fog,4200.0,0.0000,0.0000,0,100.000,,0,0.8368,,0.850,0,
4723,7,99,fog-108,1,fog,4300.0,0.0000,0.0000,0,100.000,,0,0.8329,,0.850,0,
4724,7,99,fog-108,1,fog,4400.0,0.0000,0.0000,0,100.000,,0,0.8290,,0.850,0,
4725,7,99,fog-108,1,fog,4500.0,0.0000,0.0000,0,100.000,,0,0.8251,,0.850,0,
4726,7,99,fog-108,1,fog,4600.0,0.0000,0.0000,0,100.000,,0,0.8212,,0.850,0,
4727,7,99,fog-108,1,fog,4700.0,0.0000,0.0000,0,100.000,,0,0.8173,,0.850,0,
4728,7,99,fog-108,1,fog,4800.0,0.0000,0.0000,0,100.000,,0,0.8135,,0.850,0,
4729,7,99,fog-108,1,fog,4900.0,0.0000,0.0000,0,100.000,,0,0.8096,,0.850,0,
4730,7,99,fog-108,1,fog,5000.0,0.0000,0.0000,0,100.000,,0,0.8057,,0.850,0,
4731,7,100,fog-109,1,fog,0.0,0.0000,0.0000,0,100.000,,0,1.0000,,0.850,0,
4732,7,100,fog-109,1,fog,100.0,0.0000,0.0000,0,100.000,,0,0.9961,,0.850,0,
4733,7,100,fog-109,1,fog,200.0,0.0000,0.0000,0,100.000,,0,0.9922,,0.850,0,
4734,7,100,fog-109,1,fog,300.0,0.0000,0.0000,0,100.000,,0,0.9883,,0.850,0,
4735,7,100,fog-109,1,fog,400.0,0.0000,0.0000,0,100.000,,0,0.9845,,0.850,0,
4736,7,100,fog-109,1,fog,500.0,0.0000,0.0000,0,100.000,,0,0.9806,,0.850,0,
4737,7,100,fog-109,1,fog,600.0,0.0000,0.0000,0,100.000,,0,0.9767,,0.850,0,
4738,7,100,fog-109,1,fog,700.0,0.0000,0.0000,0,100.000,,0,0.9728,,0.850,0,
4739,7,100,fog-109,1,fog,800.0,0.0000,0.0000,0,100.000,,0,0.9689,,0.850,0,
4740,7,100,fog-109,1,fog,900.0,0.0000,0.0000,0,100.000,,0,0.9650,,0.850,0,
4741,7,100,fog-109,1,fog,1000.0,0.0000,0.0000,0,100.000,,0,0.9611,,0.850,0,
4742,7,100,fog-109,1,fog,1100.0,0.0000,0.0000,0,100.000,,0,0.9572,,0.850,0,
4743,7,100,fog-109,1,fog,1200.0,0.0000,0.0000,0,100.000,,0,0.9534,,0.850,0,
4744,7,100,fog-109,1,fog,1300.0,0.0000,0.0000,0,100.000,,0,0.9495,,0.850,0,
4745,7,100,fog-109,1,fog,1400.0,0.0000,0.0000,0,100.000,,0,0.9456,,0.850,0,
4746,7,100,fog-109,1,fog,1500.0,0.0000,0.0000,0,100.000,,0,0.9417,,0.850,0,
4747,7,100,fog-109,1,fog,1600.0,0.0000,0.0000,0,100.000,,0,0.9378,,0.850,0,
4748,7,100,fog-109,1,fog,1700.0,0.0000,0.0000,0,100.000,,0,0.9339,,0.850,0,
4749,7,100,fog-109,1,fog,1800.0,0.0000,0.0000,0,100.000,,0,0.9300,,0.850,0,
4750,7,100,fog-109,1,fog,1900.0,0.0000,0.0000,0,100.000,,0,0.9262,,0.850,0,
4751,7,100,fog-109,1,fog,2000.0,0.0000,0.0000,0,100.000,,0,0.9223,,0.850,0,
4752,7,100,fog-109,1,fog,2100.0,0.0000,0.0000,0,100.000,,0,0.9184,,0.850,0,
4753,7,100,fog-109,1,fog,2200.0,0.0000,0.0000,0,100.000,,0,0.9145,,0.850,0,
4754,7,100,fog-109,1,fog,2300.0,0.0000,0.0000,0,100.000,,0,0.9106,,0.850,0,
4755,7,100,fog-109,1,fog,2400.0,0.0000,0.0000,0,100.000,,0,0.9067,,0.850,0,
4756,7,100,fog-109,1,fog,2500.0,0.0000,0.0000,0,100.000,,0,0.9028,,0.850,0,
4757,7,100,fog-109,1,fog,2600.0,0.0000,0.0000,0,100.000,,0,0.8990,,0.850,0,
4758,7,100,fog-109,1,fog,2700.0,0.0000,0.0000,0,100.000,,0,0.8951,,0.850,0,
4759,7,100,fog-109,1,fog,2800.0,0.0000,0.0000,0,100.000,,0,0.8912,,0.850,0,
4760,7,100,fog-109,1,fog,2900.0,0.0000,0.0000,0,100.000,,0,0.8873,,0.850,0,
4761,7,100,fog-109,1,fog,3000.0,0.0000,0.0000,0,100.000,,0,0.8834,,0.850,0,
4762,7,100,fog-109,1,fog,3100.0,0.0000,0.0000,0,100.000,,0,0.8795,,0.850,0,
4763,7,100,fog-109,1,fog,3200.0,0.0000,0.0000,0,100.000,,0,0.8756,,0.850,0,
4764,7,100,fog-109,1,fog,3300.0,0.0000,0.0000,0,100.000,,0,0.8717,,0.850,0,
4765,7,100,fog-109,1,fog,3400.0,0.0000,0.0000,0,100.000,,0,0.8679,,0.850,0,
4766,7,100,fog-109,1,fog,3500.0,0.0000,0.0000,0,100.000,,0,0.8640,,0.850,0,
4767,7,100,fog-109,1,fog,3600.0,0.0000,0.0000,0,100.000,,0,0.8601,,0.850,0,
4768,7,100,fog-109,1,fog,3700.0,0.0000,0.0000,0,100.000,,0,0.8562,,0.850,0,
4769,7,100,fog-109,1,fog,3800.0,0.0000,0.0000,0,100.000,,0,0.8523,,0.850,0,
4770,7,100,fog-109,1,fog,3900.0,0.0000,0.0000,0,100.000,,0,0.8484,,0.850,0,
4771,7,100,fog-109,1,fog,4000.0,0.0000,0.0000,0,100.000,,0,0.8445,,0.850,0,
4772,7,100,fog-109,1,fog,4100.0,0.0000,0.0000,0,100.000,,0,0.8407,,0.850,0,
4773,7,100,fog-109,1,fog,4200.0,0.0000,0.0000,0,100.000,,0,0.8368,,0.850,0,
4774,7,100,fog-109,1,fog,4300.0,0.0000,0.0000,0,100.000,,0,0.8329,,0.850,0,
4775,7,100,fog-109,1,fog,4400.0,0.0000,0.0000,0,100.000,,0,0.8290,,0.850,0,
4776,7,100,fog-109,1,fog,4500.0,0.0000,0.0000,0,100.000,,0,0.8251,,0.850,0,
4777,7,100,fog-109,1,fog,4600.0,0.0000,0.0000,0,100.000,,0,0.8212,,0.850,0,
4778,7,100,fog-109,1,fog,4700.0,0.0000,0.0000,0,100.000,,0,0.8173,,0.850,0,
4779,7,100,fog-109,1,fog,4800.0,0.0000,0.0000,0,100.000,,0,0.8135,,0.850,0,
4780,7,100,fog-109,1,fog,4900.0,0.0000,0.0000,0,100.000,,0,0.8096,,0.850,0,
4781,7,100,fog-109,1,fog,5000.0,0.0000,0.0000,0,100.000,,0,0.8057,,0.850,0,
4782,7,101,fog-110,1,fog,0.0,0.0000,0.0000,0,100.000,,0,1.0000,,0.850,0,
4783,7,101,fog-110,1,fog,100.0,0.0000,0.0000,0,100.000,,0,0.9961,,0.850,0,
4784,7,101,fog-110,1,fog,200.0,0.0000,0.0000,0,100.000,,0,0.9922,,0.850,0,
4785,7,101,fog-110,1,fog,300.0,0.0000,0.0000,0,100.000,,0,0.9883,,0.850,0,
4786,7,101,fog-110,1,fog,400.0,0.0000,0.0000,0,100.000,,0,0.9845,,0.850,0,
4787,7,101,fog-110,1,fog,500.0,0.0000,0.0000,0,100.000,,0,0.9806,,0.850,0,
4788,7,101,fog-110,1,fog,600.0,0.0000,0.0000,0,100.000,,0,0.9767,,0.850,0,
4789,7,101,fog-110,1,fog,700.0,0.0000,0.0000,0,100.000,,0,0.9728,,0.850,0,
4790,7,101,fog-110,1,fog,800.0,0.0000,0.0000,0,100.000,,0,0.9689,,0.850,0,
4791,7,101,fog-110,1,fog,900.0,0.0000,0.0000,0,100.000,,0,0.9650,,0.850,0,
4792,7,101,fog-110,1,fog,1000.0,0.0000,0.0000,0,100.000,,0,0.9611,,0.850,0,
4793,7,101,fog-110,1,fog,1100.0,0.0000,0.0000,0,100.000,,0,0.9572,,0.850,0,
4794,7,101,fog-110,1,fog,1200.0,0.0000,0.0000,0,100.000,,0,0.9534,,0.850,0,
4795,7,101,fog-110,1,fog,1300.0,0.0000,0.0000,0,100.000,,0,0.9495,,0.850,0,
4796,7,101,fog-110,1,fog,1400.0,0.0000,0.0000,0,100.000,,0,0.9456,,0.850,0,
4797,7,101,fog-110,1,fog,1500.0,0.0000,0.0000,0,100.000,,0,0.9417,,0.850,0,
4798,7,101,fog-110,1,fog,1600.0,0.0000,0.0000,0,100.000,,0,0.9378,,0.850,0,
4799,7,101,fog-110,1,fog,1700.0,0.0000,0.0000,0,100.000,,0,0.9339,,0.850,0,
4800,7,101,fog-110,1,fog,1800.0,0.0000,0.0000,0,100.000,,0,0.9300,,0.850,0,
4801,7,101,fog-110,1,fog,1900.0,0.0000,0.0000,0,100.000,,0,0.9262,,0.850,0,
4802,7,101,fog-110,1,fog,2000.0,0.0000,0.0000,0,100.000,,0,0.9223,,0.850,0,
4803,7,101,fog-110,1,fog,2100.0,0.0000,0.0000,0,100.000,,0,0.9184,,0.850,0,
4804,7,101,fog-110,1,fog,2200.0,0.0000,0.0000,0,100.000,,0,0.9145,,0.850,0,
4805,7,101,fog-110,1,fog,2300.0,0.0000,0.0000,0,100.000,,0,0.9106,,0.850,0,
4806,7,101,fog-110,1,fog,2400.0,0.0000,0.0000,0,100.000,,0,0.9067,,0.850,0,
4807,7,101,fog-110,1,fog,2500.0,0.0000,0.0000,0,100.000,,0,0.9028,,0.850,0,
4808,7,101,fog-110,1,fog,2600.0,0.0000,0.0000,0,100.000,,0,0.8990,,0.850,0,
4809,7,101,fog-110,1,fog,2700.0,0.0000,0.0000,0,100.000,,0,0.8951,,0.850,0,
4810,7,101,fog-110,1,fog,2800.0,0.0000,0.0000,0,100.000,,0,0.8912,,0.850,0,
4811,7,101,fog-110,1,fog,2900.0,0.0000,0.0000,0,100.000,,0,0.8873,,0.850,0,
4812,7,101,fog-110,1,fog,3000.0,0.0000,0.0000,0,100.000,,0,0.8834,,0.850,0,
4813,7,101,fog-110,1,fog,3100.0,0.0000,0.0000,0,100.000,,0,0.8795,,0.850,0,
4814,7,101,fog-110,1,fog,3200.0,0.0000,0.0000,0,100.000,,0,0.8756,,0.850,0,
4815,7,101,fog-110,1,fog,3300.0,0.0000,0.0000,0,100.000,,0,0.8717,,0.850,0,
4816,7,101,fog-110,1,fog,3400.0,0.0000,0.0000,0,100.000,,0,0.8679,,0.850,0,
4817,7,101,fog-110,1,fog,3500.0,0.0000,0.0000,0,100.000,,0,0.8640,,0.850,0,
4818,7,101,fog-110,1,fog,3600.0,0.0000,0.0000,0,100.000,,0,0.8601,,0.850,0,
4819,7,101,fog-110,1,fog,3700.0,0.0000,0.0000,0,100.000,,0,0.8562,,0.850,0,
4820,7,101,fog-110,1,fog,3800.0,0.0000,0.0000,0,100.000,,0,0.8523,,0.850,0,
4821,7,101,fog-110,1,fog,3900.0,0.0000,0.0000,0,100.000,,0,0.8484,,0.850,0,
4822,7,101,fog-110,1,fog,4000.0,0.0000,0.0000,0,100.000,,0,0.8445,,0.850,0,
4823,7,101,fog-110,1,fog,4100.0,0.0000,0.0000,0,100.000,,0,0.8407,,0.850,0,
4824,7,101,fog-110,1,fog,4200.0,0.0000,0.0000,0,100.000,,0,0.8368,,0.850,0,
4825,7,101,fog-110,1,fog,4300.0,0.0000,0.0000,0,100.000,,0,0.8329,,0.850,0,
4826,7,101,fog-110,1,fog,4400.0,0.0000,0.0000,0,100.000,,0,0.8290,,0.850,0,
4827,7,101,fog-110,1,fog,4500.0,0.0000,0.0000,0,100.000,,0,0.8251,,0.850,0,
4828,7,101,fog-110,1,fog,4600.0,0.0000,0.0000,0,100.000,,0,0.8212,,0.850,0,
4829,7,101,fog-110,1,fog,4700.0,0.0000,0.0000,0,100.000,,0,0.8173,,0.850,0,
4830,7,101,fog-110,1,fog,4800.0,0.0000,0.0000,0,100.000,,0,0.8135,,0.850,0,
4831,7,101,fog-110,1,fog,4900.0,0.0000,0.0000,0,100.000,,0,0.8096,,0.850,0,
4832,7,101,fog-110,1,fog,5000.0,0.0000,0.0000,0,100.000,,0,0.8057,,0.850,0,
4833,7,102,fog-111,1,fog,0.0,0.0000,0.0000,0,100.000,,0,1.0000,,0.850,0,
4834,7,102,fog-111,1,fog,100.0,0.0000,0.0000,0,100.000,,0,0.9961,,0.850,0,
4835,7,102,fog-111,1,fog,200.0,0.0000,0.0000,0,100.000,,0,0.9922,,0.850,0,
4836,7,102,fog-111,1,fog,300.0,0.0000,0.0000,0,100.000,,0,0.9883,,0.850,0,
4837,7,102,fog-111,1,fog,400.0,0.0000,0.0000,0,100.000,,0,0.9845,,0.850,0,
4838,7,102,fog-111,1,fog,500.0,0.0000,0.0000,0,100.000,,0,0.9806,,0.850,0,
4839,7,102,fog-111,1,fog,600.0,0.0000,0.0000,0,100.000,,0,0.9767,,0.850,0,
4840,7,102,fog-111,1,fog,700.0,0.0000,0.0000,0,100.000,,0,0.9728,,0.850,0,
4841,7,102,fog-111,1,fog,800.0,0.0000,0.0000,0,100.000,,0,0.9689,,0.850,0,
4842,7,102,fog-111,1,fog,900.0,0.0000,0.0000,0,100.000,,0,0.9650,,0.850,0,
4843,7,102,fog-111,1,fog,1000.0,0.0000,0.0000,0,100.000,,0,0.9611,,0.850,0,
4844,7,102,fog-111,1,fog,1100.0,0.0000,0.0000,0,100.000,,0,0.9572,,0.850,0,
4845,7,102,fog-111,1,fog,1200.0,0.0000,0.0000,0,100.000,,0,0.9534,,0.850,0,
4846,7,102,fog-111,1,fog,1300.0,0.0000,0.0000,0,100.000,,0,0.9495,,0.850,0,
4847,7,102,fog-111,1,fog,1400.0,0.0000,0.0000,0,100.000,,0,0.9456,,0.850,0,
4848,7,102,fog-111,1,fog,1500.0,0.0000,0.0000,0,100.000,,0,0.9417,,0.850,0,
4849,7,102,fog-111,1,fog,1600.0,0.0000,0.0000,0,100.000,,0,0.9378,,0.850,0,
4850,7,102,fog-111,1,fog,1700.0,0.0000,0.0000,0,100.000,,0,0.9339,,0.850,0,
4851,7,102,fog-111,1,fog,1800.0,0.0000,0.0000,0,100.000,,0,0.9300,,0.850,0,
4852,7,102,fog-111,1,fog,1900.0,0.0000,0.0000,0,100.000,,0,0.9262,,0.850,0,
4853,7,102,fog-111,1,fog,2000.0,0.0000,0.0000,0,100.000,,0,0.9223,,0.850,0,
4854,7,102,fog-111,1,fog,2100.0,0.0000,0.0000,0,100.000,,0,0.9184,,0.850,0,
4855,7,102,fog-111,1,fog,2200.0,0.0000,0.0000,0,100.000,,0,0.9145,,0.850,0,
4856,7,102,fog-111,1,fog,2300.0,0.0000,0.0000,0,100.000,,0,0.9106,,0.850,0,
4857,7,102,fog-111,1,fog,2400.0,0.0000,0.0000,0,100.000,,0,0.9067,,0.850,0,
4858,7,102,fog-111,1,fog,2500.0,0.0000,0.0000,0,100.000,,0,0.9028,,0.850,0,
4859,7,102,fog-111,1,fog,2600.0,0.0000,0.0000,0,100.000,,0,0.8990,,0.850,0,
4860,7,102,fog-111,1,fog,2700.0,0.0000,0.0000,0,100.000,,0,0.8951,,0.850,0,
4861,7,102,fog-111,1,fog,2800.0,0.0000,0.0000,0,100.000,,0,0.8912,,0.850,0,
4862,7,102,fog-111,1,fog,2900.0,0.0000,0.0000,0,100.000,,0,0.8873,,0.850,0,
4863,7,102,fog-111,1,fog,3000.0,0.0000,0.0000,0,100.000,,0,0.8834,,0.850,0,
4864,7,102,fog-111,1,fog,3100.0,0.0000,0.0000,0,100.000,,0,0.8795,,0.850,0,
4865,7,102,fog-111,1,fog,3200.0,0.0000,0.0000,0,100.000,,0,0.8756,,0.850,0,
4866,7,102,fog-111,1,fog,3300.0,0.0000,0.0000,0,100.000,,0,0.8717,,0.850,0,
4867,7,102,fog-111,1,fog,3400.0,0.0000,0.0000,0,100.000,,0,0.8679,,0.850,0,
4868,7,102,fog-111,1,fog,3500.0,0.0000,0.0000,0,100.000,,0,0.8640,,0.850,0,
4869,7,102,fog-111,1,fog,3600.0,0.0000,0.0000,0,100.000,,0,0.8601,,0.850,0,
4870,7,102,fog-111,1,fog,3700.0,0.0000,0.0000,0,100.000,,0,0.8562,,0.850,0,
4871,7,102,fog-111,1,fog,3800.0,0.0000,0.0000,0,100.000,,0,0.8523,,0.850,0,
4872,7,102,fog-111,1,fog,3900.0,0.0000,0.0000,0,100.000,,0,0.8484,,0.850,0,
4873,7,102,fog-111,1,fog,4000.0,0.0000,0.0000,0,100.000,,0,0.8445,,0.850,0,
4874,7,102,fog-111,1,fog,4100.0,0.0000,0.0000,0,100.000,,0,0.8407,,0.850,0,
4875,7,102,fog-111,1,fog,4200.0,0.0000,0.0000,0,100.000,,0,0.8368,,0.850,0,
4876,7,102,fog-111,1,fog,4300.0,0.0000,0.0000,0,100.000,,0,0.8329,,0.850,0,
4877,7,102,fog-111,1,fog,4400.0,0.0000,0.0000,0,100.000,,0,0.8290,,0.850,0,
4878,7,102,fog-111,1,fog,4500.0,0.0000,0.0000,0,100.000,,0,0.8251,,0.850,0,
4879,7,102,fog-111,1,fog,4600.0,0.0000,0.0000,0,100.000,,0,0.8212,,0.850,0,
4880,7,102,fog-111,1,fog,4700.0,0.0000,0.0000,0,100.000,,0,0.8173,,0.850,0,
4881,7,102,fog-111,1,fog,4800.0,0.0000,0.0000,0,100.000,,0,0.8135,,0.850,0,
4882,7,102,fog-111,1,fog,4900.0,0.0000,0.0000,0,100.000,,0,0.8096,,0.850,0,
4883,7,102,fog-111,1,fog,5000.0,0.0000,0.0000,0,100.000,,0,0.8057,,0.850,0,
4884,7,103,fog-112,1,fog,0.0,0.0000,0.0000,0,100.000,,0,1.0000,,0.850,0,
4885,7,103,fog-112,1,fog,100.0,0.0000,0.0000,0,100.000,,0,0.9961,,0.850,0,
4886,7,103,fog-112,1,fog,200.0,0.0000,0.0000,0,100.000,,0,0.9922,,0.850,0,
4887,7,103,fog-112,1,fog,300.0,0.0000,0.0000,0,100.000,,0,0.9883,,0.850,0,
4888,7,103,fog-112,1,fog,400.0,0.0000,0.0000,0,100.000,,0,0.9845,,0.850,0,
4889,7,103,fog-112,1,fog,500.0,0.0000,0.0000,0,100.000,,0,0.9806,,0.850,0,
4890,7,103,fog-112,1,fog,600.0,0.0000,0.0000,0,100.000,,0,0.9767,,0.850,0,
4891,7,103,fog-112,1,fog,700.0,0.0000,0.0000,0,100.000,,0,0.9728,,0.850,0,
4892,7,103,fog-112,1,fog,800.0,0.0000,0.0000,0,100.000,,0,0.9689,,0.850,0,
4893,7,103,fog-112,1,fog,900.0,0.0000,0.0000,0,100.000,,0,0.9650,,0.850,0,
4894,7,103,fog-112,1,fog,1000.0,0.0000,0.0000,0,100.000,,0,0.9611,,0.850,0,
4895,7,103,fog-112,1,fog,1100.0,0.0000,0.0000,0,100.000,,0,0.9572,,0.850,0,
4896,7,103,fog-112,1,fog,1200.0,0.0000,0.0000,0,100.000,,0,0.9534,,0.850,0,
4897,7,103,fog-112,1,fog,1300.0,0.0000,0.0000,0,100.000,,0,0.9495,,0.850,0,
4898,7,103,fog-112,1,fog,1400.0,0.0000,0.0000,0,100.000,,0,0.9456,,0.850,0,
4899,7,103,fog-112,1,fog,1500.0,0.0000,0.0000,0,100.000,,0,0.9417,,0.850,0,
4900,7,103,fog-112,1,fog,1600.0,0.0000,0.0000,0,100.000,,0,0.9378,,0.850,0,
4901,7,103,fog-112,1,fog,1700.0,0.0000,0.0000,0,100.000,,0,0.9339,,0.850,0,
4902,7,103,fog-112,1,fog,1800.0,0.0000,0.0000,0,100.000,,0,0.9300,,0.850,0,
4903,7,103,fog-112,1,fog,1900.0,0.0000,0.0000,0,100.000,,0,0.9262,,0.850,0,
4904,7,103,fog-112,1,fog,2000.0,0.0000,0.0000,0,100.000,,0,0.9223,,0.850,0,
4905,7,103,fog-112,1,fog,2100.0,0.0000,0.0000,0,100.000,,0,0.9184,,0.850,0,
4906,7,103,fog-112,1,fog,2200.0,0.0000,0.0000,0,100.000,,0,0.9145,,0.850,0,
4907,7,103,fog-112,1,fog,2300.0,0.0000,0.0000,0,100.000,,0,0.9106,,0.850,0,
4908,7,103,fog-112,1,fog,2400.0,0.0000,0.0000,0,100.000,,0,0.9067,,0.850,0,
4909,7,103,fog-112,1,fog,2500.0,0.0000,0.0000,0,100.000,,0,0.9028,,0.850,0,
4910,7,103,fog-112,1,fog,2600.0,0.0000,0.0000,0,100.000,,0,0.8990,,0.850,0,
4911,7,103,fog-112,1,fog,2700.0,0.0000,0.0000,0,100.000,,0,0.8951,,0.850,0,
4912,7,103,fog-112,1,fog,2800.0,0.0000,0.0000,0,100.000,,0,0.8912,,0.850,0,
4913,7,103,fog-112,1,fog,2900.0,0.0000,0.0000,0,100.000,,0,0.8873,,0.850,0,
4914,7,103,fog-112,1,fog,3000.0,0.0000,0.0000,0,100.000,,0,0.8834,,0.850,0,
4915,7,103,fog-112,1,fog,3100.0,0.0000,0.0000,0,100.000,,0,0.8795,,0.850,0,
4916,7,103,fog-112,1,fog,3200.0,0.0000,0.0000,0,100.000,,0,0.8756,,0.850,0,
4917,7,103,fog-112,1,fog,3300.0,0.0000,0.0000,0,100.000,,0,0.8717,,0.850,0,
4918,7,103,fog-112,1,fog,3400.0,0.0000,0.0000,0,100.000,,0,0.8679,,0.850,0,
4919,7,103,fog-112,1,fog,3500.0,0.0000,0.0000,0,100.000,,0,0.8640,,0.850,0,
4920,7,103,fog-112,1,fog,3600.0,0.0000,0.0000,0,100.000,,0,0.8601,,0.850,0,
4921,7,103,fog-112,1,fog,3700.0,0.0000,0.0000,0,100.000,,0,0.8562,,0.850,0,
4922,7,103,fog-112,1,fog,3800.0,0.0000,0.0000,0,100.000,,0,0.8523,,0.850,0,
4923,7,103,fog-112,1,fog,3900.0,0.0000,0.0000,0,100.000,,0,0.8484,,0.850,0,
4924,7,103,fog-112,1,fog,4000.0,0.0000,0.0000,0,100.000,,0,0.8445,,0.850,0,
4925,7,103,fog-112,1,fog,4100.0,0.0000,0.0000,0,100.000,,0,0.8407,,0.850,0,
4926,7,103,fog-112,1,fog,4200.0,0.0000,0.0000,0,100.000,,0,0.8368,,0.850,0,
4927,7,103,fog-112,1,fog,4300.0,0.0000,0.0000,0,100.000,,0,0.8329,,0.850,0,
4928,7,103,fog-112,1,fog,4400.0,0.0000,0.0000,0,100.000,,0,0.8290,,0.850,0,
4929,7,103,fog-112,1,fog,4500.0,0.0000,0.0000,0,100.000,,0,0.8251,,0.850,0,
4930,7,103,fog-112,1,fog,4600.0,0.0000,0.0000,0,100.000,,0,0.8212,,0.850,0,
4931,7,103,fog-112,1,fog,4700.0,0.0000,0.0000,0,100.000,,0,0.8173,,0.850,0,
4932,7,103,fog-112,1,fog,4800.0,0.0000,0.0000,0,100.000,,0,0.8135,,0.850,0,
4933,7,103,fog-112,1,fog,4900.0,0.0000,0.0000,0,100.000,,0,0.8096,,0.850,0,
4934,7,103,fog-112,1,fog,5000.0,0.0000,0.0000,0,100.000,,0,0.8057,,0.850,0,
4935,7,104,fog-113,1,fog,0.0,0.0000,0.0000,0,100.000,,0,1.0000,,0.850,0,
4936,7,104,fog-113,1,fog,100.0,0.0000,0.0000,0,100.000,,0,0.9961,,0.850,0,
4937,7,104,fog-113,1,fog,200.0,0.0000,0.0000,0,100.000,,0,0.9922,,0.850,0,
4938,7,104,fog-113,1,fog,300.0,0.0000,0.0000,0,100.000,,0,0.9883,,0.850,0,
4939,7,104,fog-113,1,fog,400.0,0.0000,0.0000,0,100.000,,0,0.9845,,0.850,0,
4940,7,104,fog-113,1,fog,500.0,0.0000,0.0000,0,100.000,,0,0.9806,,0.850,0,
4941,7,104,fog-113,1,fog,600.0,0.0000,0.0000,0,100.000,,0,0.9767,,0.850,0,
4942,7,104,fog-113,1,fog,700.0,0.0000,0.0000,0,100.000,,0,0.9728,,0.850,0,
4943,7,104,fog-113,1,fog,800.0,0.0000,0.0000,0,100.000,,0,0.9689,,0.850,0,
4944,7,104,fog-113,1,fog,900.0,0.0000,0.0000,0,100.000,,0,0.9650,,0.850,0,
4945,7,104,fog-113,1,fog,1000.0,0.0000,0.0000,0,100.000,,0,0.9611,,0.850,0,
4946,7,104,fog-113,1,fog,1100.0,0.0000,0.0000,0,100.000,,0,0.9572,,0.850,0,
4947,7,104,fog-113,1,fog,1200.0,0.0000,0.0000,0,100.000,,0,0.9534,,0.850,0,
4948,7,104,fog-113,1,fog,1300.0,0.0000,0.0000,0,100.000,,0,0.9495,,0.850,0,
4949,7,104,fog-113,1,fog,1400.0,0.0000,0.0000,0,100.000,,0,0.9456,,0.850,0,
4950,7,104,fog-113,1,fog,1500.0,0.0000,0.0000,0,100.000,,0,0.9417,,0.850,0,
4951,7,104,fog-113,1,fog,1600.0,0.0000,0.0000,0,100.000,,0,0.9378,,0.850,0,
4952,7,104,fog-113,1,fog,1700.0,0.0000,0.0000,0,100.000,,0,0.9339,,0.850,0,
4953,7,104,fog-113,1,fog,1800.0,0.0000,0.0000,0,100.000,,0,0.9300,,0.850,0,
4954,7,104,fog-113,1,fog,1900.0,0.0000,0.0000,0,100.000,,0,0.9262,,0.850,0,
4955,7,104,fog-113,1,fog,2000.0,0.0000,0.0000,0,100.000,,0,0.9223,,0.850,0,
4956,7,104,fog-113,1,fog,2100.0,0.0000,0.0000,0,100.000,,0,0.9184,,0.850,0,
4957,7,104,fog-113,1,fog,2200.0,0.0000,0.0000,0,100.000,,0,0.9145,,0.850,0,
4958,7,104,fog-113,1,fog,2300.0,0.0000,0.0000,0,100.000,,0,0.9106,,0.850,0,
4959,7,104,fog-113,1,fog,2400.0,0.0000,0.0000,0,100.000,,0,0.9067,,0.850,0,
4960,7,104,fog-113,1,fog,2500.0,0.0000,0.0000,0,100.000,,0,0.9028,,0.850,0,
4961,7,104,fog-113,1,fog,2600.0,0.0000,0.0000,0,100.000,,0,0.8990,,0.850,0,
4962,7,104,fog-113,1,fog,2700.0,0.0000,0.0000,0,100.000,,0,0.8951,,0.850,0,
4963,7,104,fog-113,1,fog,2800.0,0.0000,0.0000,0,100.000,,0,0.8912,,0.850,0,
4964,7,104,fog-113,1,fog,2900.0,0.0000,0.0000,0,100.000,,0,0.8873,,0.850,0,
4965,7,104,fog-113,1,fog,3000.0,0.0000,0.0000,0,100.000,,0,0.8834,,0.850,0,
4966,7,104,fog-113,1,fog,3100.0,0.0000,0.0000,0,100.000,,0,0.8795,,0.850,0,
4967,7,104,fog-113,1,fog,3200.0,0.0000,0.0000,0,100.000,,0,0.8756,,0.850,0,
4968,7,104,fog-113,1,fog,3300.0,0.0000,0.0000,0,100.000,,0,0.8717,,0.850,0,
4969,7,104,fog-113,1,fog,3400.0,0.0000,0.0000,0,100.000,,0,0.8679,,0.850,0,
4970,7,104,fog-113,1,fog,3500.0,0.0000,0.0000,0,100.000,,0,0.8640,,0.850,0,
4971,7,104,fog-113,1,fog,3600.0,0.0000,0.0000,0,100.000,,0,0.8601,,0.850,0,
4972,7,104,fog-113,1,fog,3700.0,0.0000,0.0000,0,100.000,,0,0.8562,,0.850,0,
4973,7,104,fog-113,1,fog,3800.0,0.0000,0.0000,0,100.000,,0,0.8523,,0.850,0,
4974,7,104,fog-113,1,fog,3900.0,0.0000,0.0000,0,100.000,,0,0.8484,,0.850,0,
4975,7,104,fog-113,1,fog,4000.0,0.0000,0.0000,0,100.000,,0,0.8445,,0.850,0,
4976,7,104,fog-113,1,fog,4100.0,0.0000,0.0000,0,100.000,,0,0.8407,,0.850,0,
4977,7,104,fog-113,1,fog,4200.0,0.0000,0.0000,0,100.000,,0,0.8368,,0.850,0,
4978,7,104,fog-113,1,fog,4300.0,0.0000,0.0000,0,100.000,,0,0.8329,,0.850,0,
4979,7,104,fog-113,1,fog,4400.0,0.0000,0.0000,0,100.000,,0,0.8290,,0.850,0,
4980,7,104,fog-113,1,fog,4500.0,0.0000,0.0000,0,100.000,,0,0.8251,,0.850,0,
4981,7,104,fog-113,1,fog,4600.0,0.0000,0.0000,0,100.000,,0,0.8212,,0.850,0,
4982,7,104,fog-113,1,fog,4700.0,0.0000,0.0000,0,100.000,,0,0.8173,,0.850,0,
4983,7,104,fog-113,1,fog,4800.0,0.0000,0.0000,0,100.000,,0,0.8135,,0.850,0,
4984,7,104,fog-113,1,fog,4900.0,0.0000,0.0000,0,100.000,,0,0.8096,,0.850,0,
4985,7,104,fog-113,1,fog,5000.0,0.0000,0.0000,0,100.000,,0,0.8057,,0.850,0,
4986,7,105,fog-114,1,fog,0.0,0.0000,0.0000,0,100.000,,0,1.0000,,0.850,0,
4987,7,105,fog-114,1,fog,100.0,0.0000,0.0000,0,100.000,,0,0.9961,,0.850,0,
4988,7,105,fog-114,1,fog,200.0,0.0000,0.0000,0,100.000,,0,0.9922,,0.850,0,
4989,7,105,fog-114,1,fog,300.0,0.0000,0.0000,0,100.000,,0,0.9883,,0.850,0,
4990,7,105,fog-114,1,fog,400.0,0.0000,0.0000,0,100.000,,0,0.9845,,0.850,0,
4991,7,105,fog-114,1,fog,500.0,0.0000,0.0000,0,100.000,,0,0.9806,,0.850,0,
4992,7,105,fog-114,1,fog,600.0,0.0000,0.0000,0,100.000,,0,0.9767,,0.850,0,
4993,7,105,fog-114,1,fog,700.0,0.0000,0.0000,0,100.000,,0,0.9728,,0.850,0,
4994,7,105,fog-114,1,fog,800.0,0.0000,0.0000,0,100.000,,0,0.9689,,0.850,0,
4995,7,105,fog-114,1,fog,900.0,0.0000,0.0000,0,100.000,,0,0.9650,,0.850,0,
4996,7,105,fog-114,1,fog,1000.0,0.0000,0.0000,0,100.000,,0,0.9611,,0.850,0,
4997,7,105,fog-114,1,fog,1100.0,0.0000,0.0000,0,100.000,,0,0.9572,,0.850,0,
4998,7,105,fog-114,1,fog,1200.0,0.0000,0.0000,0,100.000,,0,0.9534,,0.850,0,
4999,7,105,fog-114,1,fog,1300.0,0.0000,0.0000,0,100.000,,0,0.9495,,0.850,0,
5000,7,105,fog-114,1,fog,1400.0,0.0000,0.0000,0,100.000,,0,0.9456,,0.850,0,
5001,7,105,fog-114,1,fog,1500.0,0.0000,0.0000,0,100.000,,0,0.9417,,0.850,0,
5002,7,105,fog-114,1,fog,1600.0,0.0000,0.0000,0,100.000,,0,0.9378,,0.850,0,
5003,7,105,fog-114,1,fog,1700.0,0.0000,0.0000,0,100.000,,0,0.9339,,0.850,0,
5004,7,105,fog-114,1,fog,1800.0,0.0000,0.0000,0,100.000,,0,0.9300,,0.850,0,
5005,7,105,fog-114,1,fog,1900.0,0.0000,0.0000,0,100.000,,0,0.9262,,0.850,0,
5006,7,105,fog-114,1,fog,2000.0,0.0000,0.0000,0,100.000,,0,0.9223,,0.850,0,
5007,7,105,fog-114,1,fog,2100.0,0.0000,0.0000,0,100.000,,0,0.9184,,0.850,0,
5008,7,105,fog-114,1,fog,2200.0,0.0000,0.0000,0,100.000,,0,0.9145,,0.850,0,
5009,7,105,fog-114,1,fog,2300.0,0.0000,0.0000,0,100.000,,0,0.9106,,0.850,0,
5010,7,105,fog-114,1,fog,2400.0,0.0000,0.0000,0,100.000,,0,0.9067,,0.850,0,
5011,7,105,fog-114,1,fog,2500.0,0.0000,0.0000,0,100.000,,0,0.9028,,0.850,0,
5012,7,105,fog-114,1,fog,2600.0,0.0000,0.0000,0,100.000,,0,0.8990,,0.850,0,
5013,7,105,fog-114,1,fog,2700.0,0.0000,0.0000,0,100.000,,0,0.8951,,0.850,0,
5014,7,105,fog-114,1,fog,2800.0,0.0000,0.0000,0,100.000,,0,0.8912,,0.850,0,
5015,7,105,fog-114,1,fog,2900.0,0.0000,0.0000,0,100.000,,0,0.8873,,0.850,0,
5016,7,105,fog-114,1,fog,3000.0,0.0000,0.0000,0,100.000,,0,0.8834,,0.850,0,
5017,7,105,fog-114,1,fog,3100.0,0.0000,0.0000,0,100.000,,0,0.8795,,0.850,0,
5018,7,105,fog-114,1,fog,3200.0,0.0000,0.0000,0,100.000,,0,0.8756,,0.850,0,
5019,7,105,fog-114,1,fog,3300.0,0.0000,0.0000,0,100.000,,0,0.8717,,0.850,0,
5020,7,105,fog-114,1,fog,3400.0,0.0000,0.0000,0,100.000,,0,0.8679,,0.850,0,
5021,7,105,fog-114,1,fog,3500.0,0.0000,0.0000,0,100.000,,0,0.8640,,0.850,0,
5022,7,105,fog-114,1,fog,3600.0,0.0000,0.0000,0,100.000,,0,0.8601,,0.850,0,
5023,7,105,fog-114,1,fog,3700.0,0.0000,0.0000,0,100.000,,0,0.8562,,0.850,0,
5024,7,105,fog-114,1,fog,3800.0,0.0000,0.0000,0,100.000,,0,0.8523,,0.850,0,
5025,7,105,fog-114,1,fog,3900.0,0.0000,0.0000,0,100.000,,0,0.8484,,0.850,0,
5026,7,105,fog-114,1,fog,4000.0,0.0000,0.0000,0,100.000,,0,0.8445,,0.850,0,
5027,7,105,fog-114,1,fog,4100.0,0.0000,0.0000,0,100.000,,0,0.8407,,0.850,0,
5028,7,105,fog-114,1,fog,4200.0,0.0000,0.0000,0,100.000,,0,0.8368,,0.850,0,
5029,7,105,fog-114,1,fog,4300.0,0.0000,0.0000,0,100.000,,0,0.8329,,0.850,0,
5030,7,105,fog-114,1,fog,4400.0,0.0000,0.0000,0,100.000,,0,0.8290,,0.850,0,
5031,7,105,fog-114,1,fog,4500.0,0.0000,0.0000,0,100.000,,0,0.8251,,0.850,0,
5032,7,105,fog-114,1,fog,4600.0,0.0000,0.0000,0,100.000,,0,0.8212,,0.850,0,
5033,7,105,fog-114,1,fog,4700.0,0.0000,0.0000,0,100.000,,0,0.8173,,0.850,0,
5034,7,105,fog-114,1,fog,4800.0,0.0000,0.0000,0,100.000,,0,0.8135,,0.850,0,
5035,7,105,fog-114,1,fog,4900.0,0.0000,0.0000,0,100.000,,0,0.8096,,0.850,0,
5036,7,105,fog-114,1,fog,5000.0,0.0000,0.0000,0,100.000,,0,0.8057,,0.850,0,
5037,7,106,fog-115,1,fog,0.0,0.0000,0.0000,0,100.000,,0,1.0000,,0.850,0,921.4
5038,7,106,fog-115,1,fog,100.0,0.0000,0.0000,0,100.000,,0,0.9961,,0.850,0,921.4
5039,7,106,fog-115,1,fog,200.0,0.0000,0.0000,0,100.000,,0,0.9922,,0.850,0,921.4
5040,7,106,fog-115,1,fog,300.0,0.0000,0.0000,0,100.000,,0,0.9883,,0.850,0,921.4
5041,7,106,fog-115,1,fog,400.0,0.0000,0.0000,0,100.000,,0,0.9845,,0.850,0,921.4
5042,7,106,fog-115,1,fog,500.0,0.0000,0.0000,0,100.000,,0,0.9806,,0.850,0,921.4
5043,7,106,fog-115,1,fog,600.0,0.0000,0.0000,0,100.000,,0,0.9767,,0.850,0,921.4
5044,7,106,fog-115,1,fog,700.0,0.0000,0.0000,0,100.000,,0,0.9728,,0.850,0,921.4
5045,7,106,fog-115,1,fog,800.0,0.0000,0.0000,5,100.250,0.0000,0,0.9689,,0.850,1,921.4
5046,7,106,fog-115,1,fog,900.0,0.0000,0.0000,5,100.250,0.0000,0,0.9650,,0.850,1,921.4
5047,7,107,fog-116,1,fog,0.0,0.0000,0.0000,0,100.000,,0,1.0000,,0.850,0,
5048,7,107,fog-116,1,fog,100.0,0.0000,0.0000,0,100.000,,0,0.9961,,0.850,0,
5049,7,107,fog-116,1,fog,200.0,0.0000,0.0000,0,100.000,,0,0.9922,,0.850,0,
5050,7,107,fog-116,1,fog,300.0,0.0000,0.0000,0,100.000,,0,0.9883,,0.850,0,
5051,7,107,fog-116,1,fog,400.0,0.0000,0.0000,0,100.000,,0,0.9845,,0.850,0,
5052,7,107,fog-116,1,fog,500.0,0.0000,0.0000,0,100.000,,0,0.9806,,0.850,0,
5053,7,107,fog-116,1,fog,600.0,0.0000,0.0000,0,100.000,,0,0.9767,,0.850,0,
5054,7,107,fog-116,1,fog,700.0,0.0000,0.0000,0,100.000,,0,0.9728,,0.850,0,
5055,7,107,fog-116,1,fog,800.0,0.0000,0.0000,0,100.000,,0,0.9689,,0.850,0,
5056,7,107,fog-116,1,fog,900.0,0.0000,0.0000,0,100.000,,0,0.9650,,0.850,0,
5057,7,107,fog-116,1,fog,1000.0,0.0000,0.0000,0,100.000,,0,0.9611,,0.850,0,
5058,7,107,fog-116,1,fog,1100.0,0.0000,0.0000,0,100.000,,0,0.9572,,0.850,0,
5059,7,107,fog-116,1,fog,1200.0,0.0000,0.0000,0,100.000,,0,0.9534,,0.850,0,
5060,7,107,fog-116,1,fog,1300.0,0.0000,0.0000,0,100.000,,0,0.9495,,0.850,0,
5061,7,107,fog-116,1,fog,1400.0,0.0000,0.0000,0,100.000,,0,0.9456,,0.850,0,
5062,7,107,fog-116,1,fog,1500.0,0.0000,0.0000,0,100.000,,0,0.9417,,0.850,0,
5063,7,107,fog-116,1,fog,1600.0,0.0000,0.0000,0,100.000,,0,0.9378,,0.850,0,
5064,7,107,fog-116,1,fog,1700.0,0.0000,0.0000,0,100.000,,0,0.9339,,0.850,0,
5065,7,107,fog-116,1,fog,1800.0,0.0000,0.0000,0,100.000,,0,0.9300,,0.850,0,
5066,7,107,fog-116,1,fog,1900.0,0.0000,0.0000,0,100.000,,0,0.9262,,0.850,0,
5067,7,107,fog-116,1,fog,2000.0,0.0000,0.0000,0,100.000,,0,0.9223,,0.850,0,
5068,7,107,fog-116,1,fog,2100.0,0.0000,0.0000,0,100.000,,0,0.9184,,0.850,0,
5069,7,107,fog-116,1,fog,2200.0,0.0000,0.0000,0,100.000,,0,0.9145,,0.850,0,
5070,7,107,fog-116,1,fog,2300.0,0.0000,0.0000,0,100.000,,0,0.9106,,0.850,0,
5071,7,107,fog-116,1,fog,2400.0,0.0000,0.0000,0,100.000,,0,0.9067,,0.850,0,
5072,7,107,fog-116,1,fog,2500.0,0.0000,0.0000,0,100.000,,0,0.9028,,0.850,0,
5073,7,107,fog-116,1,fog,2600.0,0.0000,0.0000,0,100.000,,0,0.8990,,0.850,0,
5074,7,107,fog-116,1,fog,2700.0,0.0000,0.0000,0,100.000,,0,0.8951,,0.850,0,
5075,7,107,fog-116,1,fog,2800.0,0.0000,0.0000,0,100.000,,0,0.8912,,0.850,0,
5076,7,107,fog-116,1,fog,2900.0,0.0000,0.0000,0,100.000,,0,0.8873,,0.850,0,
5077,7,107,fog-116,1,fog,3000.0,0.0000,0.0000,0,100.000,,0,0.8834,,0.850,0,
5078,7,107,fog-116,1,fog,3100.0,0.0000,0.0000,0,100.000,,0,0.8795,,0.850,0,
5079,7,107,fog-116,1,fog,3200.0,0.0000,0.0000,0,100.000,,0,0.8756,,0.850,0,
5080,7,107,fog-116,1,fog,3300.0,0.0000,0.0000,0,100.000,,0,0.8717,,0.850,0,
5081,7,107,fog-116,1,fog,3400.0,0.0000,0.0000,0,100.000,,0,0.8679,,0.850,0,
5082,7,107,fog-116,1,fog,3500.0,0.0000,0.0000,0,100.000,,0,0.8640,,0.850,0,
5083,7,107,fog-116,1,fog,3600.0,0.0000,0.0000,0,100.000,,0,0.8601,,0.850,0,
5084,7,107,fog-116,1,fog,3700.0,0.0000,0.0000,0,100.000,,0,0.8562,,0.850,0,
5085,7,107,fog-116,1,fog,3800.0,0.0000,0.0000,0,100.000,,0,0.8523,,0.850,0,
5086,7,107,fog-116,1,fog,3900.0,0.0000,0.0000,0,100.000,,0,0.8484,,0.850,0,
5087,7,107,fog-116,1,fog,4000.0,0.0000,0.0000,0,100.000,,0,0.8445,,0.850,0,
5088,7,107,fog-116,1,fog,4100.0,0.0000,0.0000,0,100.000,,0,0.8407,,0.850,0,
5089,7,107,fog-116,1,fog,4200.0,0.0000,0.0000,0,100.000,,0,0.8368,,0.850,0,
5090,7,107,fog-116,1,fog,4300.0,0.0000,0.0000,0,100.000,,0,0.8329,,0.850,0,
5091,7,107,fog-116,1,fog,4400.0,0.0000,0.0000,0,100.000,,0,0.8290,,0.850,0,
5092,7,107,fog-116,1,fog,4500.0,0.0000,0.0000,0,100.000,,0,0.8251,,0.850,0,
5093,7,107,fog-116,1,fog,4600.0,0.0000,0.0000,0,100.000,,0,0.8212,,0.850,0,
5094,7,107,fog-116,1,fog,4700.0,0.0000,0.0000,0,100.000,,0,0.8173,,0.850,0,
5095,7,107,fog-116,1,fog,4800.0,0.0000,0.0000,0,100.000,,0,0.8135,,0.850,0,
5096,7,107,fog-116,1,fog,4900.0,0.0000,0.0000,0,100.000,,0,0.8096,,0.850,0,
5097,7,107,fog-116,1,fog,5000.0,0.0000,0.0000,0,100.000,,0,0.8057,,0.850,0,
5098,7,108,fog-117,1,fog,0.0,0.0000,0.0000,0,100.000,,0,1.0000,,0.850,0,
5099,7,108,fog-117,1,fog,100.0,0.0000,0.0000,0,100.000,,0,0.9961,,0.850,0,
5100,7,108,fog-117,1,fog,200.0,0.0000,0.0000,0,100.000,,0,0.9922,,0.850,0,
5101,7,108,fog-117,1,fog,300.0,0.0000,0.0000,0,100.000,,0,0.9883,,0.850,0,
5102,7,108,fog-117,1,fog,400.0,0.0000,0.0000,0,100.000,,0,0.9845,,0.850,0,
5103,7,108,fog-117,1,fog,500.0,0.0000,0.0000,0,100.000,,0,0.9806,,0.850,0,
5104,7,108,fog-117,1,fog,600.0,0.0000,0.0000,0,100.000,,0,0.9767,,0.850,0,
5105,7,108,fog-117,1,fog,700.0,0.0000,0.0000,0,100.000,,0,0.9728,,0.850,0,
5106,7,108,fog-117,1,fog,800.0,0.0000,0.0000,0,100.000,,0,0.9689,,0.850,0,
5107,7,108,fog-117,1,fog,900.0,0.0000,0.0000,0,100.000,,0,0.9650,,0.850,0,
5108,7,108,fog-117,1,fog,1000.0,0.0000,0.0000,0,100.000,,0,0.9611,,0.850,0,
5109,7,108,fog-117,1,fog,1100.0,0.0000,0.0000,0,100.000,,0,0.9572,,0.850,0,
5110,7,108,fog-117,1,fog,1200.0,0.0000,0.0000,0,100.000,,0,0.9534,,0.850,0,
5111,7,108,fog-117,1,fog,1300.0,0.0000,0.0000,0,100.000,,0,0.9495,,0.850,0,
5112,7,108,fog-117,1,fog,1400.0,0.0000,0.0000,0,100.000,,0,0.9456,,0.850,0,
5113,7,108,fog-117,1,fog,1500.0,0.0000,0.0000,0,100.000,,0,0.9417,,0.850,0,
5114,7,108,fog-117,1,fog,1600.0,0.0000,0.0000,0,100.000,,0,0.9378,,0.850,0,
5115,7,108,fog-117,1,fog,1700.0,0.0000,0.0000,0,100.000,,0,0.9339,,0.850,0,
5116,7,108,fog-117,1,fog,1800.0,0.0000,0.0000,0,100.000,,0,0.9300,,0.850,0,
5117,7,108,fog-117,1,fog,1900.0,0.0000,0.0000,0,100.000,,0,0.9262,,0.850,0,
5118,7,108,fog-117,1,fog,2000.0,0.0000,0.0000,0,100.000,,0,0.9223,,0.850,0,
5119,7,108,fog-117,1,fog,2100.0,0.0000,0.0000,0,100.000,,0,0.9184,,0.850,0,
5120,7,108,fog-117,1,fog,2200.0,0.0000,0.0000,0,100.000,,0,0.9145,,0.850,0,
5121,7,108,fog-117,1,fog,2300.0,0.0000,0.0000,0,100.000,,0,0.9106,,0.850,0,
5122,7,108,fog-117,1,fog,2400.0,0.0000,0.0000,0,100.000,,0,0.9067,,0.850,0,
5123,7,108,fog-117,1,fog,2500.0,0.0000,0.0000,0,100.000,,0,0.9028,,0.850,0,
5124,7,108,fog-117,1,fog,2600.0,0.0000,0.0000,0,100.000,,0,0.8990,,0.850,0,
5125,7,108,fog-117,1,fog,2700.0,0.0000,0.0000,0,100.000,,0,0.8951,,0.850,0,
5126,7,108,fog-117,1,fog,2800.0,0.0000,0.0000,0,100.000,,0,0.8912,,0.850,0,
5127,7,108,fog-117,1,fog,2900.0,0.0000,0.0000,0,100.000,,0,0.8873,,0.850,0,
5128,7,108,fog-117,1,fog,3000.0,0.0000,0.0000,0,100.000,,0,0.8834,,0.850,0,
5129,7,108,fog-117,1,fog,3100.0,0.0000,0.0000,0,100.000,,0,0.8795,,0.850,0,
5130,7,108,fog-117,1,fog,3200.0,0.0000,0.0000,0,100.000,,0,0.8756,,0.850,0,
5131,7,108,fog-117,1,fog,3300.0,0.0000,0.0000,0,100.000,,0,0.8717,,0.850,0,
5132,7,108,fog-117,1,fog,3400.0,0.0000,0.0000,0,100.000,,0,0.8679,,0.850,0,
5133,7,108,fog-117,1,fog,3500.0,0.0000,0.0000,0,100.000,,0,0.8640,,0.850,0,
5134,7,108,fog-117,1,fog,3600.0,0.0000,0.0000,0,100.000,,0,0.8601,,0.850,0,
5135,7,108,fog-117,1,fog,3700.0,0.0000,0.0000,0,100.000,,0,0.8562,,0.850,0,
5136,7,108,fog-117,1,fog,3800.0,0.0000,0.0000,0,100.000,,0,0.8523,,0.850,0,
5137,7,108,fog-117,1,fog,3900.0,0.0000,0.0000,0,100.000,,0,0.8484,,0.850,0,
5138,7,108,fog-117,1,fog,4000.0,0.0000,0.0000,0,100.000,,0,0.8445,,0.850,0,
5139,7,108,fog-117,1,fog,4100.0,0.0000,0.0000,0,100.000,,0,0.8407,,0.850,0,
5140,7,108,fog-117,1,fog,4200.0,0.0000,0.0000,0,100.000,,0,0.8368,,0.850,0,
5141,7,108,fog-117,1,fog,4300.0,0.0000,0.0000,0,100.000,,0,0.8329,,0.850,0,
5142,7,108,fog-117,1,fog,4400.0,0.0000,0.0000,0,100.000,,0,0.8290,,0.850,0,
5143,7,108,fog-117,1,fog,4500.0,0.0000,0.0000,0,100.000,,0,0.8251,,0.850,0,
5144,7,108,fog-117,1,fog,4600.0,0.0000,0.0000,0,100.000,,0,0.8212,,0.850,0,
5145,7,108,fog-117,1,fog,4700.0,0.0000,0.0000,0,100.000,,0,0.8173,,0.850,0,
5146,7,108,fog-117,1,fog,4800.0,0.0000,0.0000,0,100.000,,0,0.8135,,0.850,0,
5147,7,108,fog-117,1,fog,4900.0,0.0000,0.0000,0,100.000,,0,0.8096,,0.850,0,
5148,7,108,fog-117,1,fog,5000.0,0.0000,0.0000,0,100.000,,0,0.8057,,0.850,0,
5149,7,109,fog-118,1,fog,0.0,0.0000,0.0000,0,100.000,,0,1.0000,,0.850,0,
5150,7,109,fog-118,1,fog,100.0,0.0000,0.0000,0,100.000,,0,0.9961,,0.850,0,
5151,7,109,fog-118,1,fog,200.0,0.0000,0.0000,0,100.000,,0,0.9922,,0.850,0,
5152,7,109,fog-118,1,fog,300.0,0.0000,0.0000,0,100.000,,0,0.9883,,0.850,0,
5153,7,109,fog-118,1,fog,400.0,0.0000,0.0000,0,100.000,,0,0.9845,,0.850,0,
5154,7,109,fog-118,1,fog,500.0,0.0000,0.0000,0,100.000,,0,0.9806,,0.850,0,
5155,7,109,fog-118,1,fog,600.0,0.0000,0.0000,0,100.000,,0,0.9767,,0.850,0,
5156,7,109,fog-118,1,fog,700.0,0.0000,0.0000,0,100.000,,0,0.9728,,0.850,0,
5157,7,109,fog-118,1,fog,800.0,0.0000,0.0000,0,100.000,,0,0.9689,,0.850,0,
5158,7,109,fog-118,1,fog,900.0,0.0000,0.0000,0,100.000,,0,0.9650,,0.850,0,
5159,7,109,fog-118,1,fog,1000.0,0.0000,0.0000,0,100.000,,0,0.9611,,0.850,0,
5160,7,109,fog-118,1,fog,1100.0,0.0000,0.0000,0,100.000,,0,0.9572,,0.850,0,
5161,7,109,fog-118,1,fog,1200.0,0.0000,0.0000,0,100.000,,0,0.9534,,0.850,0,
5162,7,109,fog-118,1,fog,1300.0,0.0000,0.0000,0,100.000,,0,0.9495,,0.850,0,
5163,7,109,fog-118,1,fog,1400.0,0.0000,0.0000,0,100.000,,0,0.9456,,0.850,0,
5164,7,109,fog-118,1,fog,1500.0,0.0000,0.0000,0,100.000,,0,0.9417,,0.850,0,
5165,7,109,fog-118,1,fog,1600.0,0.0000,0.0000,0,100.000,,0,0.9378,,0.850,0,
5166,7,109,fog-118,1,fog,1700.0,0.0000,0.0000,0,100.000,,0,0.9339,,0.850,0,
5167,7,109,fog-118,1,fog,1800.0,0.0000,0.0000,0,100.000,,0,0.9300,,0.850,0,
5168,7,109,fog-118,1,fog,1900.0,0.0000,0.0000,0,100.000,,0,0.9262,,0.850,0,
5169,7,109,fog-118,1,fog,2000.0,0.0000,0.0000,0,100.000,,0,0.9223,,0.850,0,
5170,7,109,fog-118,1,fog,2100.0,0.0000,0.0000,0,100.000,,0,0.9184,,0.850,0,
5171,7,109,fog-118,1,fog,2200.0,0.0000,0.0000,0,100.000,,0,0.9145,,0.850,0,
5172,7,109,fog-118,1,fog,2300.0,0.0000,0.0000,0,100.000,,0,0.9106,,0.850,0,
5173,7,109,fog-118,1,fog,2400.0,0.0000,0.0000,0,100.000,,0,0.9067,,0.850,0,
5174,7,109,fog-118,1,fog,2500.0,0.0000,0.0000,0,100.000,,0,0.9028,,0.850,0,
5175,7,109,fog-118,1,fog,2600.0,0.0000,0.0000,0,100.000,,0,0.8990,,0.850,0,
5176,7,109,fog-118,1,fog,2700.0,0.0000,0.0000,0,100.000,,0,0.8951,,0.850,0,
5177,7,109,fog-118,1,fog,2800.0,0.0000,0.0000,0,100.000,,0,0.8912,,0.850,0,
5178,7,109,fog-118,1,fog,2900.0,0.0000,0.0000,0,100.000,,0,0.8873,,0.850,0,
5179,7,109,fog-118,1,fog,3000.0,0.0000,0.0000,0,100.000,,0,0.8834,,0.850,0,
5180,7,109,fog-118,1,fog,3100.0,0.0000,0.0000,0,100.000,,0,0.8795,,0.850,0,
5181,7,109,fog-118,1,fog,3200.0,0.0000,0.0000,0,100.000,,0,0.8756,,0.850,0,
5182,7,109,fog-118,1,fog,3300.0,0.0000,0.0000,0,100.000,,0,0.8717,,0.850,0,
5183,7,109,fog-118,1,fog,3400.0,0.0000,0.0000,0,100.000,,0,0.8679,,0.850,0,
5184,7,109,fog-118,1,fog,3500.0,0.0000,0.0000,0,100.000,,0,0.8640,,0.850,0,
5185,7,109,fog-118,1,fog,3600.0,0.0000,0.0000,0,100.000,,0,0.8601,,0.850,0,
5186,7,109,fog-118,1,fog,3700.0,0.0000,0.0000,0,100.000,,0,0.8562,,0.850,0,
5187,7,109,fog-118,1,fog,3800.0,0.0000,0.0000,0,100.000,,0,0.8523,,0.850,0,
5188,7,109,fog-118,1,fog,3900.0,0.0000,0.0000,0,100.000,,0,0.8484,,0.850,0,
5189,7,109,fog-118,1,fog,4000.0,0.0000,0.0000,0,100.000,,0,0.8445,,0.850,0,
5190,7,109,fog-118,1,fog,4100.0,0.0000,0.0000,0,100.000,,0,0.8407,,0.850,0,
5191,7,109,fog-118,1,fog,4200.0,0.0000,0.0000,0,100.000,,0,0.8368,,0.850,0,
5192,7,109,fog-118,1,fog,4300.0,0.0000,0.0000,0,100.000,,0,0.8329,,0.850,0,
5193,7,109,fog-118,1,fog,4400.0,0.0000,0.0000,0,100.000,,0,0.8290,,0.850,0,
5194,7,109,fog-118,1,fog,4500.0,0.0000,0.0000,0,100.000,,0,0.8251,,0.850,0,
5195,7,109,fog-118,1,fog,4600.0,0.0000,0.0000,0,100.000,,0,0.8212,,0.850,0,
5196,7,109,fog-118,1,fog,4700.0,0.0000,0.0000,0,100.000,,0,0.8173,,0.850,0,
5197,7,109,fog-118,1,fog,4800.0,0.0000,0.0000,0,100.000,,0,0.8135,,0.850,0,
5198,7,109,fog-118,1,fog,4900.0,0.0000,0.0000,0,100.000,,0,0.8096,,0.850,0,
5199,7,109,fog-118,1,fog,5000.0,0.0000,0.0000,0,100.000,,0,0.8057,,0.850,0,
5200,7,110,fog-119,1,fog,0.0,0.0000,0.0000,0,100.000,,0,1.0000,,0.850,0,2349.1
5201,7,110,fog-119,1,fog,100.0,0.0000,0.0000,0,100.000,,0,0.9961,,0.850,0,2349.1
5202,7,110,fog-119,1,fog,200.0,0.0000,0.0000,0,100.000,,0,0.9922,,0.850,0,2349.1
5203,7,110,fog-119,1,fog,300.0,0.0000,0.0000,0,100.000,,0,0.9883,,0.850,0,2349.1
5204,7,110,fog-119,1,fog,400.0,0.0000,0.0000,0,100.000,,0,0.9845,,0.850,0,2349.1
5205,7,110,fog-119,1,fog,500.0,0.0000,0.0000,0,100.000,,0,0.9806,,0.850,0,2349.1
5206,7,110,fog-119,1,fog,600.0,0.0000,0.0000,0,100.000,,0,0.9767,,0.850,0,2349.1
5207,7,110,fog-119,1,fog,700.0,0.0000,0.0000,0,100.000,,0,0.9728,,0.850,0,2349.1
5208,7,110,fog-119,1,fog,800.0,0.0000,0.0000,0,100.000,,0,0.9689,,0.850,0,2349.1
5209,7,110,fog-119,1,fog,900.0,0.0000,0.0000,0,100.000,,0,0.9650,,0.850,0,2349.1
5210,7,110,fog-119,1,fog,1000.0,0.0000,0.0000,0,100.000,,0,0.9611,,0.850,0,2349.1
5211,7,110,fog-119,1,fog,1100.0,0.0000,0.0000,0,100.000,,0,0.9572,,0.850,0,2349.1
5212,7,110,fog-119,1,fog,1200.0,0.0000,0.0000,0,100.000,,0,0.9534,,0.850,0,2349.1
5213,7,110,fog-119,1,fog,1300.0,0.0000,0.0000,0,100.000,,0,0.9495,,0.850,0,2349.1
5214,7,110,fog-119,1,fog,1400.0,0.0000,0.0000,0,100.000,,0,0.9456,,0.850,0,2349.1
5215,7,110,fog-119,1,fog,1500.0,0.0000,0.0000,0,100.000,,0,0.9417,,0.850,0,2349.1
5216,7,110,fog-119,1,fog,1600.0,0.0000,0.0000,0,100.000,,0,0.9378,,0.850,0,2349.1
5217,7,110,fog-119,1,fog,1700.0,0.0000,0.0000,0,100.000,,0,0.9339,,0.850,0,2349.1
5218,7,110,fog-119,1,fog,1800.0,0.0000,0.0000,0,100.000,,0,0.9300,,0.850,0,2349.1
5219,7,110,fog-119,1,fog,1900.0,0.0000,0.0000,0,100.000,,0,0.9262,,0.850,0,2349.1
5220,7,110,fog-119,1,fog,2000.0,0.0000,0.0000,0,100.000,,0,0.9223,,0.850,0,2349.1
5221,7,110,fog-119,1,fog,2100.0,0.0000,0.0000,0,100.000,,0,0.9184,,0.850,0,2349.1
5222,7,110,fog-119,1,fog,2200.0,0.0000,0.0000,0,100.000,,0,0.9145,,0.850,1,2349.1
5223,7,110,fog-119,1,fog,2300.0,0.0000,0.0000,0,100.000,,0,0.9106,,0.850,1,2349.1
5224,7,111,fog-120,1,fog,0.0,0.0000,0.0000,0,100.000,,0,1.0000,,0.850,0,
5225,7,111,fog-120,1,fog,100.0,0.0000,0.0000,0,100.000,,0,0.9961,,0.850,0,
5226,7,111,fog-120,1,fog,200.0,0.0000,0.0000,0,100.000,,0,0.9922,,0.850,0,
5227,7,111,fog-120,1,fog,300.0,0.0000,0.0000,0,100.000,,0,0.9883,,0.850,0,
5228,7,111,fog-120,1,fog,400.0,0.0000,0.0000,0,100.000,,0,0.9845,,0.850,0,
5229,7,111,fog-120,1,fog,500.0,0.0000,0.0000,7,100.350,0.7063,0,0.9806,,0.850,0,
5230,7,111,fog-120,1,fog,600.0,0.0000,0.0000,4,100.200,0.0000,0,0.9767,,0.850,0,
5231,7,111,fog-120,1,fog,700.0,0.0000,0.0000,5,100.250,0.0000,0,0.9728,,0.850,0,
5232,7,111,fog-120,1,fog,800.0,0.0000,0.0000,8,100.400,0.8637,0,0.9689,,0.850,0,
5233,7,111,fog-120,1,fog,900.0,0.0000,0.0000,0,100.000,,0,0.9650,,0.850,0,
5234,7,111,fog-120,1,fog,1000.0,0.0000,0.0000,5,100.250,0.0000,0,0.9611,,0.850,0,
5235,7,111,fog-120,1,fog,1100.0,0.0000,0.0000,4,100.200,0.3536,0,0.9572,,0.850,0,
5236,7,111,fog-120,1,fog,1200.0,0.0000,0.0000,10,100.500,1.0000,0,0.9534,,0.850,0,
5237,7,111,fog-120,1,fog,1300.0,0.0000,0.0000,10,100.500,1.0000,0,0.9495,,0.850,0,
5238,7,111,fog-120,1,fog,1400.0,0.0000,0.0000,17,100.850,1.0000,0,0.9456,,0.850,0,
5239,7,111,fog-120,1,fog,1500.0,0.0000,0.0000,9,100.450,0.9685,0,0.9417,,0.850,0,
5240,7,111,fog-120,1,fog,1600.0,0.0000,0.0000,9,100.450,0.9716,0,0.9378,,0.850,0,
5241,7,111,fog-120,1,fog,1700.0,0.0000,0.0000,4,100.200,0.3536,0,0.9339,,0.850,0,
5242,7,111,fog-120,1,fog,1800.0,0.0000,0.0000,0,100.000,,0,0.9300,,0.850,0,
5243,7,111,fog-120,1,fog,1900.0,0.0000,0.0000,5,100.250,0.0000,0,0.9262,,0.850,0,
5244,7,111,fog-120,1,fog,2000.0,0.0000,0.0000,3,100.150,0.3333,0,0.9223,,0.850,0,
5245,7,111,fog-120,1,fog,2100.0,0.0000,0.0000,7,100.350,0.9701,0,0.9184,,0.850,0,
5246,7,111,fog-120,1,fog,2200.0,0.0000,0.0000,9,100.450,0.9683,0,0.9145,,0.850,0,
5247,7,111,fog-120,1,fog,2300.0,0.0000,0.0000,5,100.250,0.0000,0,0.9106,,0.850,0,
5248,7,111,fog-120,1,fog,2400.0,0.0000,0.0000,14,100.700,1.0000,0,0.9067,,0.850,0,
5249,7,111,fog-120,1,fog,2500.0,0.0000,0.0000,15,100.750,1.0000,0,0.9028,,0.850,0,
5250,7,111,fog-120,1,fog,2600.0,0.0000,0.0000,10,100.500,1.0000,0,0.8990,,0.850,0,
5251,7,111,fog-120,1,fog,2700.0,0.0000,0.0000,10,100.500,1.0000,0,0.8951,,0.850,0,
5252,7,111,fog-120,1,fog,2800.0,0.0000,0.0000,13,100.650,1.0000,0,0.8912,,0.850,0,
5253,7,111,fog-120,1,fog,2900.0,0.0000,0.0000,5,100.250,0.0000,0,0.8873,,0.850,0,
5254,7,111,fog-120,1,fog,3000.0,0.0000,0.0000,0,100.000,,0,0.8834,,0.850,0,
5255,7,111,fog-120,1,fog,3100.0,0.0000,0.0000,8,100.400,0.8642,0,0.8795,,0.850,0,
5256,7,111,fog-120,1,fog,3200.0,0.0000,0.0000,0,100.000,,0,0.8756,,0.850,0,
5257,7,111,fog-120,1,fog,3300.0,0.0000,0.0000,0,100.000,,0,0.8717,,0.850,0,
5258,7,111,fog-120,1,fog,3400.0,0.0000,0.0000,4,100.200,0.3536,0,0.8679,,0.850,0,
5259,7,111,fog-120,1,fog,3500.0,0.0000,0.0000,10,100.500,1.0000,0,0.8640,,0.850,0,
5260,7,111,fog-120,1,fog,3600.0,0.0000,0.0000,4,100.200,0.3536,0,0.8601,,0.850,0,
5261,7,111,fog-120,1,fog,3700.0,0.0000,0.0000,5,100.250,0.0000,0,0.8562,,0.850,0,
5262,7,111,fog-120,1,fog,3800.0,0.0000,0.0000,5,100.250,0.0000,0,0.8523,,0.850,0,
5263,7,111,fog-120,1,fog,3900.0,0.0000,0.0000,5,100.250,0.0000,0,0.8484,,0.850,0,
5264,7,111,fog-120,1,fog,4000.0,0.0000,0.0000,4,100.200,0.0000,0,0.8445,,0.850,0,
5265,7,111,fog-120,1,fog,4100.0,0.0000,0.0000,5,100.250,0.0000,0,0.8407,,0.850,0,
5266,7,111,fog-120,1,fog,4200.0,0.0000,0.0000,5,100.250,0.0000,0,0.8368,,0.850,0,
5267,7,111,fog-120,1,fog,4300.0,0.0000,0.0000,9,100.450,0.9714,0,0.8329,,0.850,0,
5268,7,111,fog-120,1,fog,4400.0,0.0000,0.0000,5,100.250,0.0000,0,0.8290,,0.850,0,
5269,7,111,fog-120,1,fog,4500.0,0.0000,0.0000,9,100.450,0.9984,0,0.8251,,0.850,0,
5270,7,111,fog-120,1,fog,4600.0,0.0000,0.0000,4,100.200,0.3536,0,0.8212,,0.850,0,
5271,7,111,fog-120,1,fog,4700.0,0.0000,0.0000,13,100.650,1.0000,0,0.8173,,0.850,0,
5272,7,111,fog-120,1,fog,4800.0,0.0000,0.0000,3,100.150,0.3333,0,0.8135,,0.850,0,
5273,7,111,fog-120,1,fog,4900.0,0.0000,0.0000,0,100.000,,0,0.8096,,0.850,0,
5274,7,111,fog-120,1,fog,5000.0,0.0000,0.0000,0,100.000,,0,0.8057,,0.850,0,
5275,7,112,fog-121,1,fog,0.0,0.0000,0.0000,0,100.000,,0,1.0000,,0.850,0,
5276,7,112,fog-121,1,fog,100.0,0.0000,0.0000,0,100.000,,0,0.9961,,0.850,0,
5277,7,112,fog-121,1,fog,200.0,0.0000,0.0000,0,100.000,,0,0.9922,,0.850,0,
5278,7,112,fog-121,1,fog,300.0,0.0000,0.0000,0,100.000,,0,0.9883,,0.850,0,
5279,7,112,fog-121,1,fog,400.0,0.0000,0.0000,0,100.000,,0,0.9845,,0.850,0,
5280,7,112,fog-121,1,fog,500.0,0.0000,0.0000,0,100.000,,0,0.9806,,0.850,0,
5281,7,112,fog-121,1,fog,600.0,0.0000,0.0000,0,100.000,,0,0.9767,,0.850,0,
5282,7,112,fog-121,1,fog,700.0,0.0000,0.0000,0,100.000,,0,0.9728,,0.850,0,
5283,7,112,fog-121,1,fog,800.0,0.0000,0.0000,0,100.000,,0,0.9689,,0.850,0,
5284,7,112,fog-121,1,fog,900.0,0.0000,0.0000,0,100.000,,0,0.9650,,0.850,0,
5285,7,112,fog-121,1,fog,1000.0,0.0000,0.0000,0,100.000,,0,0.9611,,0.850,0,
5286,7,112,fog-121,1,fog,1100.0,0.0000,0.0000,0,100.000,,0,0.9572,,0.850,0,
5287,7,112,fog-121,1,fog,1200.0,0.0000,0.0000,0,100.000,,0,0.9534,,0.850,0,
5288,7,112,fog-121,1,fog,1300.0,0.0000,0.0000,0,100.000,,0,0.9495,,0.850,0,
5289,7,112,fog-121,1,fog,1400.0,0.0000,0.0000,0,100.000,,0,0.9456,,0.850,0,
5290,7,112,fog-121,1,fog,1500.0,0.0000,0.0000,0,100.000,,0,0.9417,,0.850,0,
5291,7,112,fog-121,1,fog,1600.0,0.0000,0.0000,0,100.000,,0,0.9378,,0.850,0,
5292,7,112,fog-121,1,fog,1700.0,0.0000,0.0000,0,100.000,,0,0.9339,,0.850,0,
5293,7,112,fog-121,1,fog,1800.0,0.0000,0.0000,0,100.000,,0,0.9300,,0.850,0,
5294,7,112,fog-121,1,fog,1900.0,0.0000,0.0000,0,100.000,,0,0.9262,,0.850,0,
5295,7,112,fog-121,1,fog,2000.0,0.0000,0.0000,0,100.000,,0,0.9223,,0.850,0,
5296,7,112,fog-121,1,fog,2100.0,0.0000,0.0000,0,100.000,,0,0.9184,,0.850,0,
5297,7,112,fog-121,1,fog,2200.0,0.0000,0.0000,0,100.000,,0,0.9145,,0.850,0,
5298,7,112,fog-121,1,fog,2300.0,0.0000,0.0000,0,100.000,,0,0.9106,,0.850,0,
5299,7,112,fog-121,1,fog,2400.0,0.0000,0.0000,0,100.000,,0,0.9067,,0.850,0,
5300,7,112,fog-121,1,fog,2500.0,0.0000,0.0000,0,100.000,,0,0.9028,,0.850,0,
5301,7,112,fog-121,1,fog,2600.0,0.0000,0.0000,0,100.000,,0,0.8990,,0.850,0,
5302,7,112,fog-121,1,fog,2700.0,0.0000,0.0000,0,100.000,,0,0.8951,,0.850,0,
5303,7,112,fog-121,1,fog,2800.0,0.0000,0.0000,0,100.000,,0,0.8912,,0.850,0,
5304,7,112,fog-121,1,fog,2900.0,0.0000,0.0000,0,100.000,,0,0.8873,,0.850,0,
5305,7,112,fog-121,1,fog,3000.0,0.0000,0.0000,0,100.000,,0,0.8834,,0.850,0,
5306,7,112,fog-121,1,fog,3100.0,0.0000,0.0000,0,100.000,,0,0.8795,,0.850,0,
5307,7,112,fog-121,1,fog,3200.0,0.0000,0.0000,0,100.000,,0,0.8756,,0.850,0,
5308,7,112,fog-121,1,fog,3300.0,0.0000,0.0000,0,100.000,,0,0.8717,,0.850,0,
5309,7,112,fog-121,1,fog,3400.0,0.0000,0.0000,0,100.000,,0,0.8679,,0.850,0,
5310,7,112,fog-121,1,fog,3500.0,0.0000,0.0000,0,100.000,,0,0.8640,,0.850,0,
5311,7,112,fog-121,1,fog,3600.0,0.0000,0.0000,0,100.000,,0,0.8601,,0.850,0,
5312,7,112,fog-121,1,fog,3700.0,0.0000,0.0000,0,100.000,,0,0.8562,,0.850,0,
5313,7,112,fog-121,1,fog,3800.0,0.0000,0.0000,0,100.000,,0,0.8523,,0.850,0,
5314,7,112,fog-121,1,fog,3900.0,0.0000,0.0000,0,100.000,,0,0.8484,,0.850,0,
5315,7,112,fog-121,1,fog,4000.0,0.0000,0.0000,0,100.000,,0,0.8445,,0.850,0,
5316,7,112,fog-121,1,fog,4100.0,0.0000,0.0000,0,100.000,,0,0.8407,,0.850,0,
5317,7,112,fog-121,1,fog,4200.0,0.0000,0.0000,0,100.000,,0,0.8368,,0.850,0,
5318,7,112,fog-121,1,fog,4300.0,0.0000,0.0000,0,100.000,,0,0.8329,,0.850,0,
5319,7,112,fog-121,1,fog,4400.0,0.0000,0.0000,0,100.000,,0,0.8290,,0.850,0,
5320,7,112,fog-121,1,fog,4500.0,0.0000,0.0000,0,100.000,,0,0.8251,,0.850,0,
5321,7,112,fog-121,1,fog,4600.0,0.0000,0.0000,0,100.000,,0,0.8212,,0.850,0,
5322,7,112,fog-121,1,fog,4700.0,0.0000,0.0000,0,100.000,,0,0.8173,,0.850,0,
5323,7,112,fog-121,1,fog,4800.0,0.0000,0.0000,0,100.000,,0,0.8135,,0.850,0,
5324,7,112,fog-121,1,fog,4900.0,0.0000,0.0000,0,100.000,,0,0.8096,,0.850,0,
5325,7,112,fog-121,1,fog,5000.0,0.0000,0.0000,0,100.000,,0,0.8057,,0.850,0,
5326,7,113,fog-122,1,fog,0.0,0.0000,0.0000,0,100.000,,0,1.0000,,0.850,0,
5327,7,113,fog-122,1,fog,100.0,0.0000,0.0000,0,100.000,,0,0.9961,,0.850,0,
5328,7,113,fog-122,1,fog,200.0,0.0000,0.0000,0,100.000,,0,0.9922,,0.850,0,
5329,7,113,fog-122,1,fog,300.0,0.0000,0.0000,0,100.000,,0,0.9883,,0.850,0,
5330,7,113,fog-122,1,fog,400.0,0.0000,0.0000,0,100.000,,0,0.9845,,0.850,0,
5331,7,113,fog-122,1,fog,500.0,0.0000,0.0000,0,100.000,,0,0.9806,,0.850,0,
5332,7,113,fog-122,1,fog,600.0,0.0000,0.0000,0,100.000,,0,0.9767,,0.850,0,
5333,7,113,fog-122,1,fog,700.0,0.0000,0.0000,0,100.000,,0,0.9728,,0.850,0,
5334,7,113,fog-122,1,fog,800.0,0.0000,0.0000,0,100.000,,0,0.9689,,0.850,0,
5335,7,113,fog-122,1,fog,900.0,0.0000,0.0000,0,100.000,,0,0.9650,,0.850,0,
5336,7,113,fog-122,1,fog,1000.0,0.0000,0.0000,0,100.000,,0,0.9611,,0.850,0,
5337,7,113,fog-122,1,fog,1100.0,0.0000,0.0000,0,100.000,,0,0.9572,,0.850,0,
5338,7,113,fog-122,1,fog,1200.0,0.0000,0.0000,0,100.000,,0,0.9534,,0.850,0,
5339,7,113,fog-122,1,fog,1300.0,0.0000,0.0000,0,100.000,,0,0.9495,,0.850,0,
5340,7,113,fog-122,1,fog,1400.0,0.0000,0.0000,0,100.000,,0,0.9456,,0.850,0,
5341,7,113,fog-122,1,fog,1500.0,0.0000,0.0000,0,100.000,,0,0.9417,,0.850,0,
5342,7,113,fog-122,1,fog,1600.0,0.0000,0.0000,0,100.000,,0,0.9378,,0.850,0,
5343,7,113,fog-122,1,fog,1700.0,0.0000,0.0000,0,100.000,,0,0.9339,,0.850,0,
5344,7,113,fog-122,1,fog,1800.0,0.0000,0.0000,0,100.000,,0,0.9300,,0.850,0,
5345,7,113,fog-122,1,fog,1900.0,0.0000,0.0000,0,100.000,,0,0.9262,,0.850,0,
5346,7,113,fog-122,1,fog,2000.0,0.0000,0.0000,0,100.000,,0,0.9223,,0.850,0,
5347,7,113,fog-122,1,fog,2100.0,0.0000,0.0000,0,100.000,,0,0.9184,,0.850,0,
5348,7,113,fog-122,1,fog,2200.0,0.0000,0.0000,0,100.000,,0,0.9145,,0.850,0,
5349,7,113,fog-122,1,fog,2300.0,0.0000,0.0000,0,100.000,,0,0.9106,,0.850,0,
5350,7,113,fog-122,1,fog,2400.0,0.0000,0.0000,0,100.000,,0,0.9067,,0.850,0,
5351,7,113,fog-122,1,fog,2500.0,0.0000,0.0000,0,100.000,,0,0.9028,,0.850,0,
5352,7,113,fog-122,1,fog,2600.0,0.0000,0.0000,0,100.000,,0,0.8990,,0.850,0,
5353,7,113,fog-122,1,fog,2700.0,0.0000,0.0000,0,100.000,,0,0.8951,,0.850,0,
5354,7,113,fog-122,1,fog,2800.0,0.0000,0.0000,0,100.000,,0,0.8912,,0.850,0,
5355,7,113,fog-122,1,fog,2900.0,0.0000,0.0000,0,100.000,,0,0.8873,,0.850,0,
5356,7,113,fog-122,1,fog,3000.0,0.0000,0.0000,0,100.000,,0,0.8834,,0.850,0,
5357,7,113,fog-122,1,fog,3100.0,0.0000,0.0000,0,100.000,,0,0.8795,,0.850,0,
5358,7,113,fog-122,1,fog,3200.0,0.0000,0.0000,0,100.000,,0,0.8756,,0.850,0,
5359,7,113,fog-122,1,fog,3300.0,0.0000,0.0000,0,100.000,,0,0.8717,,0.850,0,
5360,7,113,fog-122,1,fog,3400.0,0.0000,0.0000,0,100.000,,0,0.8679,,0.850,0,
5361,7,113,fog-122,1,fog,3500.0,0.0000,0.0000,0,100.000,,0,0.8640,,0.850,0,
5362,7,113,fog-122,1,fog,3600.0,0.0000,0.0000,0,100.000,,0,0.8601,,0.850,0,
5363,7,113,fog-122,1,fog,3700.0,0.0000,0.0000,0,100.000,,0,0.8562,,0.850,0,
5364,7,113,fog-122,1,fog,3800.0,0.0000,0.0000,0,100.000,,0,0.8523,,0.850,0,
5365,7,113,fog-122,1,fog,3900.0,0.0000,0.0000,0,100.000,,0,0.8484,,0.850,0,
5366,7,113,fog-122,1,fog,4000.0,0.0000,0.0000,0,100.000,,0,0.8445,,0.850,0,
5367,7,113,fog-122,1,fog,4100.0,0.0000,0.0000,0,100.000,,0,0.8407,,0.850,0,
5368,7,113,fog-122,1,fog,4200.0,0.0000,0.0000,0,100.000,,0,0.8368,,0.850,0,
5369,7,113,fog-122,1,fog,4300.0,0.0000,0.0000,0,100.000,,0,0.8329,,0.850,0,
5370,7,113,fog-122,1,fog,4400.0,0.0000,0.0000,0,100.000,,0,0.8290,,0.850,0,
5371,7,113,fog-122,1,fog,4500.0,0.0000,0.0000,0,100.000,,0,0.8251,,0.850,0,
5372,7,113,fog-122,1,fog,4600.0,0.0000,0.0000,0,100.000,,0,0.8212,,0.850,0,
5373,7,113,fog-122,1,fog,4700.0,0.0000,0.0000,0,100.000,,0,0.8173,,0.850,0,
5374,7,113,fog-122,1,fog,4800.0,0.0000,0.0000,0,100.000,,0,0.8135,,0.850,0,
5375,7,113,fog-122,1,fog,4900.0,0.0000,0.0000,0,100.000,,0,0.8096,,0.850,0,
5376,7,113,fog-122,1,fog,5000.0,0.0000,0.0000,0,100.000,,0,0.8057,,0.850,0,
5377,7,114,fog-123,1,fog,0.0,0.0000,0.0000,0,100.000,,0,1.0000,,0.850,0,
5378,7,114,fog-123,1,fog,100.0,0.0000,0.0000,0,100.000,,0,0.9961,,0.850,0,
5379,7,114,fog-123,1,fog,200.0,0.0000,0.0000,5,100.250,0.0000,0,0.9922,,0.850,0,
5380,7,114,fog-123,1,fog,300.0,0.0000,0.0000,0,100.000,,0,0.9883,,0.850,0,
5381,7,114,fog-123,1,fog,400.0,0.0000,0.0000,0,100.000,,0,0.9845,,0.850,0,
5382,7,114,fog-123,1,fog,500.0,0.0000,0.0000,0,100.000,,0,0.9806,,0.850,0,
5383,7,114,fog-123,1,fog,600.0,0.0000,0.0000,0,100.000,,0,0.9767,,0.850,0,
5384,7,114,fog-123,1,fog,700.0,0.0000,0.0000,0,100.000,,0,0.9728,,0.850,0,
5385,7,114,fog-123,1,fog,800.0,0.0000,0.0000,0,100.000,,0,0.9689,,0.850,0,
5386,7,114,fog-123,1,fog,900.0,0.0000,0.0000,0,100.000,,0,0.9650,,0.850,0,
5387,7,114,fog-123,1,fog,1000.0,0.0000,0.0000,0,100.000,,0,0.9611,,0.850,0,
5388,7,114,fog-123,1,fog,1100.0,0.0000,0.0000,0,100.000,,0,0.9572,,0.850,0,
5389,7,114,fog-123,1,fog,1200.0,0.0000,0.0000,5,100.250,0.0000,0,0.9534,,0.850,0,
5390,7,114,fog-123,1,fog,1300.0,0.0000,0.0000,0,100.000,,0,0.9495,,0.850,0,
5391,7,114,fog-123,1,fog,1400.0,0.0000,0.0000,0,100.000,,0,0.9456,,0.850,0,
5392,7,114,fog-123,1,fog,1500.0,0.0000,0.0000,0,100.000,,0,0.9417,,0.850,0,
5393,7,114,fog-123,1,fog,1600.0,0.0000,0.0000,0,100.000,,0,0.9378,,0.850,0,
5394,7,114,fog-123,1,fog,1700.0,0.0000,0.0000,0,100.000,,0,0.9339,,0.850,0,
5395,7,114,fog-123,1,fog,1800.0,0.0000,0.0000,5,100.250,0.0000,0,0.9300,,0.850,0,
5396,7,114,fog-123,1,fog,1900.0,0.0000,0.0000,0,100.000,,0,0.9262,,0.850,0,
5397,7,114,fog-123,1,fog,2000.0,0.0000,0.0000,0,100.000,,0,0.9223,,0.850,0,
5398,7,114,fog-123,1,fog,2100.0,0.0000,0.0000,5,100.250,0.0000,0,0.9184,,0.850,0,
5399,7,114,fog-123,1,fog,2200.0,0.0000,0.0000,0,100.000,,0,0.9145,,0.850,0,
5400,7,114,fog-123,1,fog,2300.0,0.0000,0.0000,0,100.000,,0,0.9106,,0.850,0,
5401,7,114,fog-123,1,fog,2400.0,0.0000,0.0000,0,100.000,,0,0.9067,,0.850,0,
5402,7,114,fog-123,1,fog,2500.0,0.0000,0.0000,0,100.000,,0,0.9028,,0.850,0,
5403,7,114,fog-123,1,fog,2600.0,0.0000,0.0000,0,100.000,,0,0.8990,,0.850,0,
5404,7,114,fog-123,1,fog,2700.0,0.0000,0.0000,5,100.250,0.0000,0,0.8951,,0.850,0,
5405,7,114,fog-123,1,fog,2800.0,0.0000,0.0000,0,100.000,,0,0.8912,,0.850,0,
5406,7,114,fog-123,1,fog,2900.0,0.0000,0.0000,5,100.250,0.0000,0,0.8873,,0.850,0,
5407,7,114,fog-123,1,fog,3000.0,0.0000,0.0000,0,100.000,,0,0.8834,,0.850,0,
5408,7,114,fog-123,1,fog,3100.0,0.0000,0.0000,4,100.200,0.3536,0,0.8795,,0.850,0,
5409,7,114,fog-123,1,fog,3200.0,0.0000,0.0000,0,100.000,,0,0.8756,,0.850,0,
5410,7,114,fog-123,1,fog,3300.0,0.0000,0.0000,0,100.000,,0,0.8717,,0.850,0,
5411,7,114,fog-123,1,fog,3400.0,0.0000,0.0000,0,100.000,,0,0.8679,,0.850,0,
5412,7,114,fog-123,1,fog,3500.0,0.0000,0.0000,0,100.000,,0,0.8640,,0.850,0,
5413,7,114,fog-123,1,fog,3600.0,0.0000,0.0000,3,100.150,0.3333,0,0.8601,,0.850,0,
5414,7,114,fog-123,1,fog,3700.0,0.0000,0.0000,10,100.500,1.0000,0,0.8562,,0.850,0,
5415,7,114,fog-123,1,fog,3800.0,0.0000,0.0000,4,100.200,0.0000,0,0.8523,,0.850,0,
5416,7,114,fog-123,1,fog,3900.0,0.0000,0.0000,0,100.000,,0,0.8484,,0.850,0,
5417,7,114,fog-123,1,fog,4000.0,0.0000,0.0000,0,100.000,,0,0.8445,,0.850,0,
5418,7,114,fog-123,1,fog,4100.0,0.0000,0.0000,4,100.200,0.0000,0,0.8407,,0.850,0,
5419,7,114,fog-123,1,fog,4200.0,0.0000,0.0000,0,100.000,,0,0.8368,,0.850,0,
5420,7,114,fog-123,1,fog,4300.0,0.0000,0.0000,0,100.000,,0,0.8329,,0.850,0,
5421,7,114,fog-123,1,fog,4400.0,0.0000,0.0000,4,100.200,0.3536,0,0.8290,,0.850,0,
5422,7,114,fog-123,1,fog,4500.0,0.0000,0.0000,5,100.250,0.0000,0,0.8251,,0.850,0,
5423,7,114,fog-123,1,fog,4600.0,0.0000,0.0000,0,100.000,,0,0.8212,,0.850,0,
5424,7,114,fog-123,1,fog,4700.0,0.0000,0.0000,0,100.000,,0,0.8173,,0.850,0,
5425,7,114,fog-123,1,fog,4800.0,0.0000,0.0000,0,100.000,,0,0.8135,,0.850,0,
5426,7,114,fog-123,1,fog,4900.0,0.0000,0.0000,5,100.250,0.0000,0,0.8096,,0.850,0,
5427,7,114,fog-123,1,fog,5000.0,0.0000,0.0000,0,100.000,,0,0.8057,,0.850,0,
5428,7,115,fog-124,1,fog,0.0,0.0000,0.0000,0,100.000,,0,1.0000,,0.850,0,
5429,7,115,fog-124,1,fog,100.0,0.0000,0.0000,0,100.000,,0,0.9961,,0.850,0,
5430,7,115,fog-124,1,fog,200.0,0.0000,0.0000,0,100.000,,0,0.9922,,0.850,0,
5431,7,115,fog-124,1,fog,300.0,0.0000,0.0000,0,100.000,,0,0.9883,,0.850,0,
5432,7,115,fog-124,1,fog,400.0,0.0000,0.0000,0,100.000,,0,0.9845,,0.850,0,
5433,7,115,fog-124,1,fog,500.0,0.0000,0.0000,0,100.000,,0,0.9806,,0.850,0,
5434,7,115,fog-124,1,fog,600.0,0.0000,0.0000,0,100.000,,0,0.9767,,0.850,0,
5435,7,115,fog-124,1,fog,700.0,0.0000,0.0000,0,100.000,,0,0.9728,,0.850,0,
5436,7,115,fog-124,1,fog,800.0,0.0000,0.0000,0,100.000,,0,0.9689,,0.850,0,
5437,7,115,fog-124,1,fog,900.0,0.0000,0.0000,0,100.000,,0,0.9650,,0.850,0,
5438,7,115,fog-124,1,fog,1000.0,0.0000,0.0000,0,100.000,,0,0.9611,,0.850,0,
5439,7,115,fog-124,1,fog,1100.0,0.0000,0.0000,0,100.000,,0,0.9572,,0.850,0,
5440,7,115,fog-124,1,fog,1200.0,0.0000,0.0000,0,100.000,,0,0.9534,,0.850,0,
5441,7,115,fog-124,1,fog,1300.0,0.0000,0.0000,0,100.000,,0,0.9495,,0.850,0,
5442,7,115,fog-124,1,fog,1400.0,0.0000,0.0000,0,100.000,,0,0.9456,,0.850,0,
5443,7,115,fog-124,1,fog,1500.0,0.0000,0.0000,0,100.000,,0,0.9417,,0.850,0,
5444,7,115,fog-124,1,fog,1600.0,0.0000,0.0000,0,100.000,,0,0.9378,,0.850,0,
5445,7,115,fog-124,1,fog,1700.0,0.0000,0.0000,0,100.000,,0,0.9339,,0.850,0,
5446,7,115,fog-124,1,fog,1800.0,0.0000,0.0000,0,100.000,,0,0.9300,,0.850,0,
5447,7,115,fog-124,1,fog,1900.0,0.0000,0.0000,0,100.000,,0,0.9262,,0.850,0,
5448,7,115,fog-124,1,fog,2000.0,0.0000,0.0000,0,100.000,,0,0.9223,,0.850,0,
5449,7,115,fog-124,1,fog,2100.0,0.0000,0.0000,0,100.000,,0,0.9184,,0.850,0,
5450,7,115,fog-124,1,fog,2200.0,0.0000,0.0000,0,100.000,,0,0.9145,,0.850,0,
5451,7,115,fog-124,1,fog,2300.0,0.0000,0.0000,0,100.000,,0,0.9106,,0.850,0,
5452,7,115,fog-124,1,fog,2400.0,0.0000,0.0000,0,100.000,,0,0.9067,,0.850,0,
5453,7,115,fog-124,1,fog,2500.0,0.0000,0.0000,0,100.000,,0,0.9028,,0.850,0,
5454,7,115,fog-124,1,fog,2600.0,0.0000,0.0000,0,100.000,,0,0.8990,,0.850,0,
5455,7,115,fog-124,1,fog,2700.0,0.0000,0.0000,0,100.000,,0,0.8951,,0.850,0,
5456,7,115,fog-124,1,fog,2800.0,0.0000,0.0000,0,100.000,,0,0.8912,,0.850,0,
5457,7,115,fog-124,1,fog,2900.0,0.0000,0.0000,0,100.000,,0,0.8873,,0.850,0,
5458,7,115,fog-124,1,fog,3000.0,0.0000,0.0000,0,100.000,,0,0.8834,,0.850,0,
5459,7,115,fog-124,1,fog,3100.0,0.0000,0.0000,0,100.000,,0,0.8795,,0.850,0,
5460,7,115,fog-124,1,fog,3200.0,0.0000,0.0000,0,100.000,,0,0.8756,,0.850,0,
5461,7,115,fog-124,1,fog,3300.0,0.0000,0.0000,0,100.000,,0,0.8717,,0.850,0,
5462,7,115,fog-124,1,fog,3400.0,0.0000,0.0000,0,100.000,,0,0.8679,,0.850,0,
5463,7,115,fog-124,1,fog,3500.0,0.0000,0.0000,0,100.000,,0,0.8640,,0.850,0,
5464,7,115,fog-124,1,fog,3600.0,0.0000,0.0000,0,100.000,,0,0.8601,,0.850,0,
5465,7,115,fog-124,1,fog,3700.0,0.0000,0.0000,0,100.000,,0,0.8562,,0.850,0,
5466,7,115,fog-124,1,fog,3800.0,0.0000,0.0000,0,100.000,,0,0.8523,,0.850,0,
5467,7,115,fog-124,1,fog,3900.0,0.0000,0.0000,0,100.000,,0,0.8484,,0.850,0,
5468,7,115,fog-124,1,fog,4000.0,0.0000,0.0000,0,100.000,,0,0.8445,,0.850,0,
5469,7,115,fog-124,1,fog,4100.0,0.0000,0.0000,0,100.000,,0,0.8407,,0.850,0,
5470,7,115,fog-124,1,fog,4200.0,0.0000,0.0000,0,100.000,,0,0.8368,,0.850,0,
5471,7,115,fog-124,1,fog,4300.0,0.0000,0.0000,0,100.000,,0,0.8329,,0.850,0,
5472,7,115,fog-124,1,fog,4400.0,0.0000,0.0000,0,100.000,,0,0.8290,,0.850,0,
5473,7,115,fog-124,1,fog,4500.0,0.0000,0.0000,0,100.000,,0,0.8251,,0.850,0,
5474,7,115,fog-124,1,fog,4600.0,0.0000,0.0000,0,100.000,,0,0.8212,,0.850,0,
5475,7,115,fog-124,1,fog,4700.0,0.0000,0.0000,0,100.000,,0,0.8173,,0.850,0,
5476,7,115,fog-124,1,fog,4800.0,0.0000,0.0000,0,100.000,,0,0.8135,,0.850,0,
5477,7,115,fog-124,1,fog,4900.0,0.0000,0.0000,0,100.000,,0,0.8096,,0.850,0,
5478,7,115,fog-124,1,fog,5000.0,0.0000,0.0000,0,100.000,,0,0.8057,,0.850,0,
5479,7,116,fog-125,1,fog,0.0,0.0000,0.0000,0,100.000,,0,1.0000,,0.850,0,
5480,7,116,fog-125,1,fog,100.0,0.0000,0.0000,0,100.000,,0,0.9961,,0.850,0,
5481,7,116,fog-125,1,fog,200.0,0.0000,0.0000,0,100.000,,0,0.9922,,0.850,0,
5482,7,116,fog-125,1,fog,300.0,0.0000,0.0000,0,100.000,,0,0.9883,,0.850,0,
5483,7,116,fog-125,1,fog,400.0,0.0000,0.0000,0,100.000,,0,0.9845,,0.850,0,
5484,7,116,fog-125,1,fog,500.0,0.0000,0.0000,0,100.000,,0,0.9806,,0.850,0,
5485,7,116,fog-125,1,fog,600.0,0.0000,0.0000,0,100.000,,0,0.9767,,0.850,0,
5486,7,116,fog-125,1,fog,700.0,0.0000,0.0000,0,100.000,,0,0.9728,,0.850,0,
5487,7,116,fog-125,1,fog,800.0,0.0000,0.0000,0,100.000,,0,0.9689,,0.850,0,
5488,7,116,fog-125,1,fog,900.0,0.0000,0.0000,0,100.000,,0,0.9650,,0.850,0,
5489,7,116,fog-125,1,fog,1000.0,0.0000,0.0000,0,100.000,,0,0.9611,,0.850,0,
5490,7,116,fog-125,1,fog,1100.0,0.0000,0.0000,0,100.000,,0,0.9572,,0.850,0,
5491,7,116,fog-125,1,fog,1200.0,0.0000,0.0000,0,100.000,,0,0.9534,,0.850,0,
5492,7,116,fog-125,1,fog,1300.0,0.0000,0.0000,0,100.000,,0,0.9495,,0.850,0,
5493,7,116,fog-125,1,fog,1400.0,0.0000,0.0000,0,100.000,,0,0.9456,,0.850,0,
5494,7,116,fog-125,1,fog,1500.0,0.0000,0.0000,0,100.000,,0,0.9417,,0.850,0,
5495,7,116,fog-125,1,fog,1600.0,0.0000,0.0000,0,100.000,,0,0.9378,,0.850,0,
5496,7,116,fog-125,1,fog,1700.0,0.0000,0.0000,0,100.000,,0,0.9339,,0.850,0,
5497,7,116,fog-125,1,fog,1800.0,0.0000,0.0000,0,100.000,,0,0.9300,,0.850,0,
5498,7,116,fog-125,1,fog,1900.0,0.0000,0.0000,0,100.000,,0,0.9262,,0.850,0,
5499,7,116,fog-125,1,fog,2000.0,0.0000,0.0000,0,100.000,,0,0.9223,,0.850,0,
5500,7,116,fog-125,1,fog,2100.0,0.0000,0.0000,0,100.000,,0,0.9184,,0.850,0,
5501,7,116,fog-125,1,fog,2200.0,0.0000,0.0000,0,100.000,,0,0.9145,,0.850,0,
5502,7,116,fog-125,1,fog,2300.0,0.0000,0.0000,0,100.000,,0,0.9106,,0.850,0,
5503,7,116,fog-125,1,fog,2400.0,0.0000,0.0000,0,100.000,,0,0.9067,,0.850,0,
5504,7,116,fog-125,1,fog,2500.0,0.0000,0.0000,0,100.000,,0,0.9028,,0.850,0,
5505,7,116,fog-125,1,fog,2600.0,0.0000,0.0000,0,100.000,,0,0.8990,,0.850,0,
5506,7,116,fog-125,1,fog,2700.0,0.0000,0.0000,0,100.000,,0,0.8951,,0.850,0,
5507,7,116,fog-125,1,fog,2800.0,0.0000,0.0000,0,100.000,,0,0.8912,,0.850,0,
5508,7,116,fog-125,1,fog,2900.0,0.0000,0.0000,0,100.000,,0,0.8873,,0.850,0,
5509,7,116,fog-125,1,fog,3000.0,0.0000,0.0000,0,100.000,,0,0.8834,,0.850,0,
5510,7,116,fog-125,1,fog,3100.0,0.0000,0.0000,0,100.000,,0,0.8795,,0.850,0,
5511,7,116,fog-125,1,fog,3200.0,0.0000,0.0000,0,100.000,,0,0.8756,,0.850,0,
5512,7,116,fog-125,1,fog,3300.0,0.0000,0.0000,0,100.000,,0,0.8717,,0.850,0,
5513,7,116,fog-125,1,fog,3400.0,0.0000,0.0000,0,100.000,,0,0.8679,,0.850,0,
5514,7,116,fog-125,1,fog,3500.0,0.0000,0.0000,0,100.000,,0,0.8640,,0.850,0,
5515,7,116,fog-125,1,fog,3600.0,0.0000,0.0000,0,100.000,,0,0.8601,,0.850,0,
5516,7,116,fog-125,1,fog,3700.0,0.0000,0.0000,0,100.000,,0,0.8562,,0.850,0,
5517,7,116,fog-125,1,fog,3800.0,0.0000,0.0000,0,100.000,,0,0.8523,,0.850,0,
5518,7,116,fog-125,1,fog,3900.0,0.0000,0.0000,0,100.000,,0,0.8484,,0.850,0,
5519,7,116,fog-125,1,fog,4000.0,0.0000,0.0000,0,100.000,,0,0.8445,,0.850,0,
5520,7,116,fog-125,1,fog,4100.0,0.0000,0.0000,0,100.000,,0,0.8407,,0.850,0,
5521,7,116,fog-125,1,fog,4200.0,0.0000,0.0000,0,100.000,,0,0.8368,,0.850,0,
5522,7,116,fog-125,1,fog,4300.0,0.0000,0.0000,0,100.000,,0,0.8329,,0.850,0,
5523,7,116,fog-125,1,fog,4400.0,0.0000,0.0000,0,100.000,,0,0.8290,,0.850,0,
5524,7,116,fog-125,1,fog,4500.0,0.0000,0.0000,0,100.000,,0,0.8251,,0.850,0,
5525,7,116,fog-125,1,fog,4600.0,0.0000,0.0000,0,100.000,,0,0.8212,,0.850,0,
5526,7,116,fog-125,1,fog,4700.0,0.0000,0.0000,0,100.000,,0,0.8173,,0.850,0,
5527,7,116,fog-125,1,fog,4800.0,0.0000,0.0000,0,100.000,,0,0.8135,,0.850,0,
5528,7,116,fog-125,1,fog,4900.0,0.0000,0.0000,0,100.000,,0,0.8096,,0.850,0,
5529,7,116,fog-125,1,fog,5000.0,0.0000,0.0000,0,100.000,,0,0.8057,,0.850,0,
5530,7,117,fog-126,1,fog,0.0,0.0000,0.0000,0,100.000,,0,1.0000,,0.850,0,1784.6
5531,7,117,fog-126,1,fog,100.0,0.0000,0.0000,0,100.000,,0,0.9961,,0.850,0,1784.6
5532,7,117,fog-126,1,fog,200.0,0.0000,0.0000,0,100.000,,0,0.9922,,0.850,0,1784.6
5533,7,117,fog-126,1,fog,300.0,0.0000,0.0000,0,100.000,,0,0.9883,,0.850,0,1784.6
5534,7,117,fog-126,1,fog,400.0,0.0000,0.0000,0,100.000,,0,0.9845,,0.850,0,1784.6
5535,7,117,fog-126,1,fog,500.0,0.0000,0.0000,0,100.000,,0,0.9806,,0.850,0,1784.6
5536,7,117,fog-126,1,fog,600.0,0.0000,0.0000,0,100.000,,0,0.9767,,0.850,0,1784.6
5537,7,117,fog-126,1,fog,700.0,0.0000,0.0000,0,100.000,,0,0.9728,,0.850,0,1784.6
5538,7,117,fog-126,1,fog,800.0,0.0000,0.0000,0,100.000,,0,0.9689,,0.850,0,1784.6
5539,7,117,fog-126,1,fog,900.0,0.0000,0.0000,0,100.000,,0,0.9650,,0.850,0,1784.6
5540,7,117,fog-126,1,fog,1000.0,0.0000,0.0000,0,100.000,,0,0.9611,,0.850,0,1784.6
5541,7,117,fog-126,1,fog,1100.0,0.0000,0.0000,0,100.000,,0,0.9572,,0.850,0,1784.6
5542,7,117,fog-126,1,fog,1200.0,0.0000,0.0000,0,100.000,,0,0.9534,,0.850,0,1784.6
5543,7,117,fog-126,1,fog,1300.0,0.0000,0.0000,0,100.000,,0,0.9495,,0.850,0,1784.6
5544,7,117,fog-126,1,fog,1400.0,0.0000,0.0000,0,100.000,,0,0.9456,,0.850,0,1784.6
5545,7,117,fog-126,1,fog,1500.0,0.0000,0.0000,0,100.000,,0,0.9417,,0.850,0,1784.6
5546,7,117,fog-126,1,fog,1600.0,0.0000,0.0000,0,100.000,,0,0.9378,,0.850,1,1784.6
5547,7,117,fog-126,1,fog,1700.0,0.0000,0.0000,0,100.000,,0,0.9339,,0.850,1,1784.6
5548,7,118,fog-127,1,fog,0.0,0.0000,0.0000,0,100.000,,0,1.0000,,0.850,0,
5549,7,118,fog-127,1,fog,100.0,0.0000,0.0000,2,100.100,,0,0.9961,,0.850,0,
5550,7,118,fog-127,1,fog,200.0,0.0000,0.0000,10,100.500,1.0000,0,0.9922,,0.850,0,
5551,7,118,fog-127,1,fog,300.0,0.0000,0.0000,5,100.250,0.0000,0,0.9883,,0.850,0,
5552,7,118,fog-127,1,fog,400.0,0.0000,0.0000,9,100.450,0.9750,0,0.9845,,0.850,0,
5553,7,118,fog-127,1,fog,500.0,0.0000,0.0000,14,100.700,1.0000,0,0.9806,,0.850,0,
5554,7,118,fog-127,1,fog,600.0,0.0000,0.0000,9,100.450,0.9845,0,0.9767,,0.850,0,
5555,7,118,fog-127,1,fog,700.0,0.0000,0.0000,0,100.000,,0,0.9728,,0.850,0,
5556,7,118,fog-127,1,fog,800.0,0.0000,0.0000,0,100.000,,0,0.9689,,0.850,0,
5557,7,118,fog-127,1,fog,900.0,0.0000,0.0000,0,100.000,,0,0.9650,,0.850,0,
5558,7,118,fog-127,1,fog,1000.0,0.0000,0.0000,9,100.450,0.9918,0,0.9611,,0.850,0,
5559,7,118,fog-127,1,fog,1100.0,0.0000,0.0000,17,100.850,1.0000,0,0.9572,,0.850,0,
5560,7,118,fog-127,1,fog,1200.0,0.0000,0.0000,5,100.250,0.0000,0,0.9534,,0.850,0,
5561,7,118,fog-127,1,fog,1300.0,0.0000,0.0000,5,100.250,0.0000,0,0.9495,,0.850,0,
5562,7,118,fog-127,1,fog,1400.0,0.0000,0.0000,4,100.200,0.3536,0,0.9456,,0.850,0,
5563,7,118,fog-127,1,fog,1500.0,0.0000,0.0000,0,100.000,,0,0.9417,,0.850,0,
5564,7,118,fog-127,1,fog,1600.0,0.0000,0.0000,5,100.250,0.0000,0,0.9378,,0.850,0,
5565,7,118,fog-127,1,fog,1700.0,0.0000,0.0000,5,100.250,0.0000,0,0.9339,,0.850,0,
5566,7,118,fog-127,1,fog,1800.0,0.0000,0.0000,16,100.800,1.0000,0,0.9300,,0.850,0,
5567,7,118,fog-127,1,fog,1900.0,0.0000,0.0000,5,100.250,0.0000,0,0.9262,,0.850,0,
5568,7,118,fog-127,1,fog,2000.0,0.0000,0.0000,0,100.000,,0,0.9223,,0.850,0,
5569,7,118,fog-127,1,fog,2100.0,0.0000,0.0000,0,100.000,,0,0.9184,,0.850,0,
5570,7,118,fog-127,1,fog,2200.0,0.0000,0.0000,0,100.000,,0,0.9145,,0.850,0,
5571,7,118,fog-127,1,fog,2300.0,0.0000,0.0000,4,100.200,0.0000,0,0.9106,,0.850,0,
5572,7,118,fog-127,1,fog,2400.0,0.0000,0.0000,10,100.500,1.0000,0,0.9067,,0.850,0,
5573,7,118,fog-127,1,fog,2500.0,0.0000,0.0000,5,100.250,0.0000,0,0.9028,,0.850,0,
5574,7,118,fog-127,1,fog,2600.0,0.0000,0.0000,5,100.250,0.0000,0,0.8990,,0.850,0,
5575,7,118,fog-127,1,fog,2700.0,0.0000,0.0000,4,100.200,0.3536,0,0.8951,,0.850,0,
5576,7,118,fog-127,1,fog,2800.0,0.0000,0.0000,9,100.450,0.9918,0,0.8912,,0.850,0,
5577,7,118,fog-127,1,fog,2900.0,0.0000,0.0000,5,100.250,0.0000,0,0.8873,,0.850,0,
5578,7,118,fog-127,1,fog,3000.0,0.0000,0.0000,3,100.150,0.3333,0,0.8834,,0.850,0,
5579,7,118,fog-127,1,fog,3100.0,0.0000,0.0000,8,100.400,0.8629,0,0.8795,,0.850,0,
5580,7,118,fog-127,1,fog,3200.0,0.0000,0.0000,9,100.450,0.9763,0,0.8756,,0.850,0,
5581,7,118,fog-127,1,fog,3300.0,0.0000,0.0000,9,100.450,0.9963,0,0.8717,,0.850,0,
5582,7,118,fog-127,1,fog,3400.0,0.0000,0.0000,13,100.650,1.0000,0,0.8679,,0.850,0,
5583,7,118,fog-127,1,fog,3500.0,0.0000,0.0000,4,100.200,0.3536,0,0.8640,,0.850,0,
5584,7,118,fog-127,1,fog,3600.0,0.0000,0.0000,5,100.250,0.0000,0,0.8601,,0.850,0,
5585,7,118,fog-127,1,fog,3700.0,0.0000,0.0000,11,100.550,1.0000,0,0.8562,,0.850,0,
5586,7,118,fog-127,1,fog,3800.0,0.0000,0.0000,14,100.700,1.0000,0,0.8523,,0.850,0,
5587,7,118,fog-127,1,fog,3900.0,0.0000,0.0000,9,100.450,0.9753,0,0.8484,,0.850,0,
5588,7,118,fog-127,1,fog,4000.0,0.0000,0.0000,0,100.000,,0,0.8445,,0.850,0,
5589,7,118,fog-127,1,fog,4100.0,0.0000,0.0000,4,100.200,0.0000,0,0.8407,,0.850,0,
5590,7,118,fog-127,1,fog,4200.0,0.0000,0.0000,10,100.500,1.0000,0,0.8368,,0.850,0,
5591,7,118,fog-127,1,fog,4300.0,0.0000,0.0000,5,100.250,0.0000,0,0.8329,,0.850,0,
5592,7,118,fog-127,1,fog,4400.0,0.0000,0.0000,8,100.400,0.8660,0,0.8290,,0.850,0,
5593,7,118,fog-127,1,fog,4500.0,0.0000,0.0000,5,100.250,0.0000,0,0.8251,,0.850,0,
5594,7,118,fog-127,1,fog,4600.0,0.0000,0.0000,13,100.650,1.0000,0,0.8212,,0.850,0,
5595,7,118,fog-127,1,fog,4700.0,0.0000,0.0000,14,100.700,1.0000,0,0.8173,,0.850,0,
5596,7,118,fog-127,1,fog,4800.0,0.0000,0.0000,29,101.200,1.0000,0,0.8135,,0.850,0,
5597,7,118,fog-127,1,fog,4900.0,0.0000,0.0000,5,100.250,0.0000,0,0.8096,,0.850,0,
5598,7,118,fog-127,1,fog,5000.0,0.0000,0.0000,9,100.450,0.9798,0,0.8057,,0.850,0,
5599,7,119,fog-128,1,fog,0.0,0.0000,0.0000,0,100.000,,0,1.0000,,0.850,0,
5600,7,119,fog-128,1,fog,100.0,0.0000,0.0000,0,100.000,,0,0.9961,,0.850,0,
5601,7,119,fog-128,1,fog,200.0,0.0000,0.0000,0,100.000,,0,0.9922,,0.850,0,
5602,7,119,fog-128,1,fog,300.0,0.0000,0.0000,0,100.000,,0,0.9883,,0.850,0,
5603,7,119,fog-128,1,fog,400.0,0.0000,0.0000,0,100.000,,0,0.9845,,0.850,0,
5604,7,119,fog-128,1,fog,500.0,0.0000,0.0000,0,100.000,,0,0.9806,,0.850,0,
5605,7,119,fog-128,1,fog,600.0,0.0000,0.0000,0,100.000,,0,0.9767,,0.850,0,
5606,7,119,fog-128,1,fog,700.0,0.0000,0.0000,0,100.000,,0,0.9728,,0.850,0,
5607,7,119,fog-128,1,fog,800.0,0.0000,0.0000,0,100.000,,0,0.9689,,0.850,0,
5608,7,119,fog-128,1,fog,900.0,0.0000,0.0000,0,100.000,,0,0.9650,,0.850,0,
5609,7,119,fog-128,1,fog,1000.0,0.0000,0.0000,0,100.000,,0,0.9611,,0.850,0,
5610,7,119,fog-128,1,fog,1100.0,0.0000,0.0000,0,100.000,,0,0.9572,,0.850,0,
5611,7,119,fog-128,1,fog,1200.0,0.0000,0.0000,0,100.000,,0,0.9534,,0.850,0,
5612,7,119,fog-128,1,fog,1300.0,0.0000,0.0000,0,100.000,,0,0.9495,,0.850,0,
5613,7,119,fog-128,1,fog,1400.0,0.0000,0.0000,0,100.000,,0,0.9456,,0.850,0,
5614,7,119,fog-128,1,fog,1500.0,0.0000,0.0000,0,100.000,,0,0.9417,,0.850,0,
5615,7,119,fog-128,1,fog,1600.0,0.0000,0.0000,0,100.000,,0,0.9378,,0.850,0,
5616,7,119,fog-128,1,fog,1700.0,0.0000,0.0000,0,100.000,,0,0.9339,,0.850,0,
5617,7,119,fog-128,1,fog,1800.0,0.0000,0.0000,0,100.000,,0,0.9300,,0.850,0,
5618,7,119,fog-128,1,fog,1900.0,0.0000,0.0000,0,100.000,,0,0.9262,,0.850,0,
5619,7,119,fog-128,1,fog,2000.0,0.0000,0.0000,0,100.000,,0,0.9223,,0.850,0,
5620,7,119,fog-128,1,fog,2100.0,0.0000,0.0000,0,100.000,,0,0.9184,,0.850,0,
5621,7,119,fog-128,1,fog,2200.0,0.0000,0.0000,0,100.000,,0,0.9145,,0.850,0,
5622,7,119,fog-128,1,fog,2300.0,0.0000,0.0000,0,100.000,,0,0.9106,,0.850,0,
5623,7,119,fog-128,1,fog,2400.0,0.0000,0.0000,0,100.000,,0,0.9067,,0.850,0,
5624,7,119,fog-128,1,fog,2500.0,0.0000,0.0000,0,100.000,,0,0.9028,,0.850,0,
5625,7,119,fog-128,1,fog,2600.0,0.0000,0.0000,0,100.000,,0,0.8990,,0.850,0,
5626,7,119,fog-128,1,fog,2700.0,0.0000,0.0000,0,100.000,,0,0.8951,,0.850,0,
5627,7,119,fog-128,1,fog,2800.0,0.0000,0.0000,0,100.000,,0,0.8912,,0.850,0,
5628,7,119,fog-128,1,fog,2900.0,0.0000,0.0000,0,100.000,,0,0.8873,,0.850,0,
5629,7,119,fog-128,1,fog,3000.0,0.0000,0.0000,0,100.000,,0,0.8834,,0.850,0,
5630,7,119,fog-128,1,fog,3100.0,0.0000,0.0000,0,100.000,,0,0.8795,,0.850,0,
5631,7,119,fog-128,1,fog,3200.0,0.0000,0.0000,0,100.000,,0,0.8756,,0.850,0,
5632,7,119,fog-128,1,fog,3300.0,0.0000,0.0000,0,100.000,,0,0.8717,,0.850,0,
5633,7,119,fog-128,1,fog,3400.0,0.0000,0.0000,0,100.000,,0,0.8679,,0.850,0,
5634,7,119,fog-128,1,fog,3500.0,0.0000,0.0000,0,100.000,,0,0.8640,,0.850,0,
5635,7,119,fog-128,1,fog,3600.0,0.0000,0.0000,0,100.000,,0,0.8601,,0.850,0,
5636,7,119,fog-128,1,fog,3700.0,0.0000,0.0000,0,100.000,,0,0.8562,,0.850,0,
5637,7,119,fog-128,1,fog,3800.0,0.0000,0.0000,0,100.000,,0,0.8523,,0.850,0,
5638,7,119,fog-128,1,fog,3900.0,0.0000,0.0000,0,100.000,,0,0.8484,,0.850,0,
5639,7,119,fog-128,1,fog,4000.0,0.0000,0.0000,0,100.000,,0,0.8445,,0.850,0,
5640,7,119,fog-128,1,fog,4100.0,0.0000,0.0000,0,100.000,,0,0.8407,,0.850,0,
5641,7,119,fog-128,1,fog,4200.0,0.0000,0.0000,0,100.000,,0,0.8368,,0.850,0,
5642,7,119,fog-128,1,fog,4300.0,0.0000,0.0000,0,100.000,,0,0.8329,,0.850,0,
5643,7,119,fog-128,1,fog,4400.0,0.0000,0.0000,0,100.000,,0,0.8290,,0.850,0,
5644,7,119,fog-128,1,fog,4500.0,0.0000,0.0000,0,100.000,,0,0.8251,,0.850,0,
5645,7,119,fog-128,1,fog,4600.0,0.0000,0.0000,0,100.000,,0,0.8212,,0.850,0,
5646,7,119,fog-128,1,fog,4700.0,0.0000,0.0000,0,100.000,,0,0.8173,,0.850,0,
5647,7,119,fog-128,1,fog,4800.0,0.0000,0.0000,0,100.000,,0,0.8135,,0.850,0,
5648,7,119,fog-128,1,fog,4900.0,0.0000,0.0000,0,100.000,,0,0.8096,,0.850,0,
5649,7,119,fog-128,1,fog,5000.0,0.0000,0.0000,0,100.000,,0,0.8057,,0.850,0,
5650,7,120,fog-129,1,fog,0.0,0.0000,0.0000,0,100.000,,0,1.0000,,0.850,0,
5651,7,120,fog-129,1,fog,100.0,0.0000,0.0000,0,100.000,,0,0.9961,,0.850,0,
5652,7,120,fog-129,1,fog,200.0,0.0000,0.0000,0,100.000,,0,0.9922,,0.850,0,
5653,7,120,fog-129,1,fog,300.0,0.0000,0.0000,0,100.000,,0,0.9883,,0.850,0,
5654,7,120,fog-129,1,fog,400.0,0.0000,0.0000,0,100.000,,0,0.9845,,0.850,0,
5655,7,120,fog-129,1,fog,500.0,0.0000,0.0000,0,100.000,,0,0.9806,,0.850,0,
5656,7,120,fog-129,1,fog,600.0,0.0000,0.0000,0,100.000,,0,0.9767,,0.850,0,
5657,7,120,fog-129,1,fog,700.0,0.0000,0.0000,0,100.000,,0,0.9728,,0.850,0,
5658,7,120,fog-129,1,fog,800.0,0.0000,0.0000,0,100.000,,0,0.9689,,0.850,0,
5659,7,120,fog-129,1,fog,900.0,0.0000,0.0000,0,100.000,,0,0.9650,,0.850,0,
5660,7,120,fog-129,1,fog,1000.0,0.0000,0.0000,0,100.000,,0,0.9611,,0.850,0,
5661,7,120,fog-129,1,fog,1100.0,0.0000,0.0000,0,100.000,,0,0.9572,,0.850,0,
5662,7,120,fog-129,1,fog,1200.0,0.0000,0.0000,0,100.000,,0,0.9534,,0.850,0,
5663,7,120,fog-129,1,fog,1300.0,0.0000,0.0000,0,100.000,,0,0.9495,,0.850,0,
5664,7,120,fog-129,1,fog,1400.0,0.0000,0.0000,0,100.000,,0,0.9456,,0.850,0,
5665,7,120,fog-129,1,fog,1500.0,0.0000,0.0000,0,100.000,,0,0.9417,,0.850,0,
5666,7,120,fog-129,1,fog,1600.0,0.0000,0.0000,0,100.000,,0,0.9378,,0.850,0,
5667,7,120,fog-129,1,fog,1700.0,0.0000,0.0000,0,100.000,,0,0.9339,,0.850,0,
5668,7,120,fog-129,1,fog,1800.0,0.0000,0.0000,0,100.000,,0,0.9300,,0.850,0,
5669,7,120,fog-129,1,fog,1900.0,0.0000,0.0000,0,100.000,,0,0.9262,,0.850,0,
5670,7,120,fog-129,1,fog,2000.0,0.0000,0.0000,0,100.000,,0,0.9223,,0.850,0,
5671,7,120,fog-129,1,fog,2100.0,0.0000,0.0000,0,100.000,,0,0.9184,,0.850,0,
5672,7,120,fog-129,1,fog,2200.0,0.0000,0.0000,0,100.000,,0,0.9145,,0.850,0,
5673,7,120,fog-129,1,fog,2300.0,0.0000,0.0000,0,100.000,,0,0.9106,,0.850,0,
5674,7,120,fog-129,1,fog,2400.0,0.0000,0.0000,0,100.000,,0,0.9067,,0.850,0,
5675,7,120,fog-129,1,fog,2500.0,0.0000,0.0000,0,100.000,,0,0.9028,,0.850,0,
5676,7,120,fog-129,1,fog,2600.0,0.0000,0.0000,0,100.000,,0,0.8990,,0.850,0,
5677,7,120,fog-129,1,fog,2700.0,0.0000,0.0000,0,100.000,,0,0.8951,,0.850,0,
5678,7,120,fog-129,1,fog,2800.0,0.0000,0.0000,0,100.000,,0,0.8912,,0.850,0,
5679,7,120,fog-129,1,fog,2900.0,0.0000,0.0000,0,100.000,,0,0.8873,,0.850,0,
5680,7,120,fog-129,1,fog,3000.0,0.0000,0.0000,0,100.000,,0,0.8834,,0.850,0,
5681,7,120,fog-129,1,fog,3100.0,0.0000,0.0000,0,100.000,,0,0.8795,,0.850,0,
5682,7,120,fog-129,1,fog,3200.0,0.0000,0.0000,0,100.000,,0,0.8756,,0.850,0,
5683,7,120,fog-129,1,fog,3300.0,0.0000,0.0000,0,100.000,,0,0.8717,,0.850,0,
5684,7,120,fog-129,1,fog,3400.0,0.0000,0.0000,0,100.000,,0,0.8679,,0.850,0,
5685,7,120,fog-129,1,fog,3500.0,0.0000,0.0000,0,100.000,,0,0.8640,,0.850,0,
5686,7,120,fog-129,1,fog,3600.0,0.0000,0.0000,0,100.000,,0,0.8601,,0.850,0,
5687,7,120,fog-129,1,fog,3700.0,0.0000,0.0000,0,100.000,,0,0.8562,,0.850,0,
5688,7,120,fog-129,1,fog,3800.0,0.0000,0.0000,0,100.000,,0,0.8523,,0.850,0,
5689,7,120,fog-129,1,fog,3900.0,0.0000,0.0000,0,100.000,,0,0.8484,,0.850,0,
5690,7,120,fog-129,1,fog,4000.0,0.0000,0.0000,0,100.000,,0,0.8445,,0.850,0,
5691,7,120,fog-129,1,fog,4100.0,0.0000,0.0000,0,100.000,,0,0.8407,,0.850,0,
5692,7,120,fog-129,1,fog,4200.0,0.0000,0.0000,0,100.000,,0,0.8368,,0.850,0,
5693,7,120,fog-129,1,fog,4300.0,0.0000,0.0000,0,100.000,,0,0.8329,,0.850,0,
5694,7,120,fog-129,1,fog,4400.0,0.0000,0.0000,0,100.000,,0,0.8290,,0.850,0,
5695,7,120,fog-129,1,fog,4500.0,0.0000,0.0000,0,100.000,,0,0.8251,,0.850,0,
5696,7,120,fog-129,1,fog,4600.0,0.0000,0.0000,0,100.000,,0,0.8212,,0.850,0,
5697,7,120,fog-129,1,fog,4700.0,0.0000,0.0000,0,100.000,,0,0.8173,,0.850,0,
5698,7,120,fog-129,1,fog,4800.0,0.0000,0.0000,0,100.000,,0,0.8135,,0.850,0,
5699,7,120,fog-129,1,fog,4900.0,0.0000,0.0000,0,100.000,,0,0.8096,,0.850,0,
5700,7,120,fog-129,1,fog,5000.0,0.0000,0.0000,0,100.000,,0,0.8057,,0.850,0,
5701,7,121,fog-130,1,fog,0.0,0.0000,0.0000,0,100.000,,0,1.0000,,0.850,0,
5702,7,121,fog-130,1,fog,100.0,0.0000,0.0000,10,100.500,1.0000,0,0.9961,,0.850,0,
5703,7,121,fog-130,1,fog,200.0,0.0000,0.0000,16,100.800,1.0000,0,0.9922,,0.850,0,
5704,7,121,fog-130,1,fog,300.0,0.0000,0.0000,15,100.750,1.0000,0,0.9883,,0.850,0,
5705,7,121,fog-130,1,fog,400.0,0.0000,0.0000,13,100.650,1.0000,0,0.9845,,0.850,0,
5706,7,121,fog-130,1,fog,500.0,0.0000,0.0000,9,100.450,1.0000,0,0.9806,,0.850,0,
5707,7,121,fog-130,1,fog,600.0,0.0000,0.0000,10,100.500,1.0000,0,0.9767,,0.850,0,
5708,7,121,fog-130,1,fog,700.0,0.0000,0.0000,21,101.000,1.0000,0,0.9728,,0.850,0,
5709,7,121,fog-130,1,fog,800.0,0.0000,0.0000,18,100.900,1.0000,0,0.9689,,0.850,0,
5710,7,121,fog-130,1,fog,900.0,0.0000,0.0000,27,101.150,1.0000,0,0.9650,,0.850,0,
5711,7,121,fog-130,1,fog,1000.0,0.0000,0.0000,16,100.800,1.0000,0,0.9611,,0.850,0,
5712,7,121,fog-130,1,fog,1100.0,0.0000,0.0000,9,100.450,1.0000,0,0.9572,,0.850,0,
5713,7,121,fog-130,1,fog,1200.0,0.0000,0.0000,10,100.500,1.0000,0,0.9534,,0.850,0,
5714,7,121,fog-130,1,fog,1300.0,0.0000,0.0000,0,100.000,,0,0.9495,,0.850,0,
5715,7,121,fog-130,1,fog,1400.0,0.0000,0.0000,10,100.500,1.0000,0,0.9456,,0.850,0,
5716,7,121,fog-130,1,fog,1500.0,0.0000,0.0000,13,100.650,1.0000,0,0.9417,,0.850,0,
5717,7,121,fog-130,1,fog,1600.0,0.0000,0.0000,23,101.050,1.0000,0,0.9378,,0.850,0,
5718,7,121,fog-130,1,fog,1700.0,0.0000,0.0000,29,101.200,1.0000,0,0.9339,,0.850,0,
5719,7,121,fog-130,1,fog,1800.0,0.0000,0.0000,10,100.500,1.0000,0,0.9300,,0.850,0,
5720,7,121,fog-130,1,fog,1900.0,0.0000,0.0000,19,100.950,1.0000,0,0.9262,,0.850,0,
5721,7,121,fog-130,1,fog,2000.0,0.0000,0.0000,17,100.850,1.0000,0,0.9223,,0.850,0,
5722,7,121,fog-130,1,fog,2100.0,0.0000,0.0000,21,101.000,1.0000,0,0.9184,,0.850,0,
5723,7,121,fog-130,1,fog,2200.0,0.0000,0.0000,37,101.400,1.0000,0,0.9145,,0.850,0,
5724,7,121,fog-130,1,fog,2300.0,0.0000,0.0000,17,100.850,1.0000,0,0.9106,,0.850,0,
5725,7,121,fog-130,1,fog,2400.0,0.0000,0.0000,19,100.950,1.0000,0,0.9067,,0.850,0,
5726,7,121,fog-130,1,fog,2500.0,0.0000,0.0000,25,101.100,1.0000,0,0.9028,,0.850,0,
5727,7,121,fog-130,1,fog,2600.0,0.0000,0.0000,37,101.400,1.0000,0,0.8990,,0.850,0,
5728,7,121,fog-130,1,fog,2700.0,0.0000,0.0000,13,100.650,1.0000,0,0.8951,,0.850,0,
5729,7,121,fog-130,1,fog,2800.0,0.0000,0.0000,18,100.900,1.0000,0,0.8912,,0.850,0,
5730,7,121,fog-130,1,fog,2900.0,0.0000,0.0000,47,101.650,1.0000,0,0.8873,,0.850,0,
5731,7,121,fog-130,1,fog,3000.0,0.0000,0.0000,19,100.950,1.0000,0,0.8834,,0.850,0,
5732,7,121,fog-130,1,fog,3100.0,0.0000,0.0000,15,100.750,1.0000,0,0.8795,,0.850,0,
5733,7,121,fog-130,1,fog,3200.0,0.0000,0.0000,12,100.600,1.0000,0,0.8756,,0.850,0,
5734,7,121,fog-130,1,fog,3300.0,0.0000,0.0000,13,100.650,1.0000,0,0.8717,,0.850,0,
5735,7,121,fog-130,1,fog,3400.0,0.0000,0.0000,17,100.850,1.0000,0,0.8679,,0.850,0,
5736,7,121,fog-130,1,fog,3500.0,0.0000,0.0000,19,100.950,1.0000,0,0.8640,,0.850,0,
5737,7,121,fog-130,1,fog,3600.0,0.0000,0.0000,25,101.100,1.0000,0,0.8601,,0.850,0,
5738,7,121,fog-130,1,fog,3700.0,0.0000,0.0000,21,101.000,1.0000,0,0.8562,,0.850,0,
5739,7,121,fog-130,1,fog,3800.0,0.0000,0.0000,35,101.350,1.0000,0,0.8523,,0.850,0,
5740,7,121,fog-130,1,fog,3900.0,0.0000,0.0000,31,101.250,1.0000,0,0.8484,,0.850,0,
5741,7,121,fog-130,1,fog,4000.0,0.0000,0.0000,29,101.200,1.0000,0,0.8445,,0.850,0,
5742,7,121,fog-130,1,fog,4100.0,0.0000,0.0000,9,100.450,1.0000,0,0.8407,,0.850,0,
5743,7,121,fog-130,1,fog,4200.0,0.0000,0.0000,13,100.650,1.0000,0,0.8368,,0.850,0,
5744,7,121,fog-130,1,fog,4300.0,0.0000,0.0000,10,100.500,1.0000,0,0.8329,,0.850,0,
5745,7,121,fog-130,1,fog,4400.0,0.0000,0.0000,5,100.250,0.0000,0,0.8290,,0.850,0,
5746,7,121,fog-130,1,fog,4500.0,0.0000,0.0000,4,100.200,0.3536,0,0.8251,,0.850,0,
5747,7,121,fog-130,1,fog,4600.0,0.0000,0.0000,10,100.500,1.0000,0,0.8212,,0.850,0,
5748,7,121,fog-130,1,fog,4700.0,0.0000,0.0000,16,100.800,1.0000,0,0.8173,,0.850,0,
5749,7,121,fog-130,1,fog,4800.0,0.0000,0.0000,16,100.800,1.0000,0,0.8135,,0.850,0,
5750,7,121,fog-130,1,fog,4900.0,0.0000,0.0000,18,100.900,1.0000,0,0.8096,,0.850,0,
5751,7,121,fog-130,1,fog,5000.0,0.0000,0.0000,13,100.650,1.0000,0,0.8057,,0.850,0,
5752,7,122,edge-0,2,edge,0.0,0.0000,0.0100,0,1.519,,1,1.0000,,0.700,0,
5753,7,122,edge-0,2,edge,100.0,0.0200,0.0100,4,1.719,1.0000,1,0.9904,,0.700,0,
5754,7,122,edge-0,2,edge,200.0,0.0500,0.0100,9,1.969,0.9008,1,0.9858,,0.700,0,
5755,7,122,edge-0,2,edge,300.0,0.0500,0.0100,10,2.019,0.9926,1,0.9812,,0.700,0,
5756,7,122,edge-0,2,edge,400.0,0.0500,0.0100,9,2.233,0.9008,2,0.9765,,0.700,0,
5757,7,122,edge-0,2,edge,500.0,0.0500,0.0100,10,2.283,0.9926,1,0.9719,,0.700,0,
5758,7,122,edge-0,2,edge,600.0,0.0500,0.0100,10,2.283,0.9926,1,0.9672,,0.700,0,
5759,7,122,edge-0,2,edge,700.0,0.0500,0.0100,10,2.270,0.9926,2,0.9626,,0.700,0,
5760,7,122,edge-0,2,edge,800.0,0.0500,0.0100,10,2.270,0.9926,2,0.9579,,0.700,0,
5761,7,122,edge-0,2,edge,900.0,0.0500,0.0100,10,2.270,0.9926,1,0.9533,,0.700,0,
5762,7,122,edge-0,2,edge,1000.0,0.0500,0.0100,9,2.220,0.9008,1,0.9486,,0.700,0,
5763,7,122,edge-0,2,edge,1100.0,0.0500,0.0100,10,2.031,0.9926,2,0.9440,,0.700,0,
5764,7,122,edge-0,2,edge,1200.0,0.0500,0.0100,10,2.269,0.9926,2,0.9393,,0.700,0,
5765,7,122,edge-0,2,edge,1300.0,0.0500,0.0100,10,2.165,0.9926,3,0.9347,,0.700,0,
5766,7,122,edge-0,2,edge,1400.0,0.0500,0.0100,9,2.115,0.9008,3,0.9300,,0.700,0,
5767,7,122,edge-0,2,edge,1500.0,0.0500,0.0100,8,2.169,0.7911,4,0.9254,,0.700,0,
5768,7,122,edge-0,2,edge,1600.0,0.0500,0.0100,10,2.179,0.9926,4,0.9207,,0.700,0,
5769,7,122,edge-0,2,edge,1700.0,0.0500,0.0100,9,2.129,0.9008,3,0.9161,,0.700,0,
5770,7,122,edge-0,2,edge,1800.0,0.0500,0.0100,10,2.179,0.9926,2,0.9114,,0.700,0,
5771,7,122,edge-0,2,edge,1900.0,0.0500,0.0100,10,2.179,0.9926,2,0.9068,,0.700,0,
5772,7,122,edge-0,2,edge,2000.0,0.0500,0.0100,10,2.179,0.9926,1,0.9021,,0.700,0,
5773,7,122,edge-0,2,edge,2100.0,0.0500,0.0100,8,2.079,0.7911,0,0.8975,,0.700,0,
5774,7,122,edge-0,2,edge,2200.0,0.0500,0.0100,10,2.179,0.9926,0,0.8928,,0.700,0,
5775,7,122,edge-0,2,edge,2300.0,0.0500,0.0100,10,2.077,0.9926,1,0.8882,,0.700,0,
5776,7,122,edge-0,2,edge,2400.0,0.0500,0.0100,10,2.278,0.9926,2,0.8836,,0.700,0,
5777,7,122,edge-0,2,edge,2500.0,0.0500,0.0100,8,2.115,0.7911,3,0.8789,,0.700,0,
5778,7,122,edge-0,2,edge,2600.0,0.0500,0.0100,8,2.204,0.7900,4,0.8743,,0.700,0,
5779,7,122,edge-0,2,edge,2700.0,0.0500,0.0100,10,2.475,0.9926,5,0.8715,,0.700,0,
5780,7,122,edge-0,2,edge,2800.0,0.0500,0.0100,10,2.348,0.9926,5,0.8668,,0.700,0,
5781,7,122,edge-0,2,edge,2900.0,0.0500,0.0100,10,2.348,0.9926,4,0.8622,,0.700,0,
5782,7,122,edge-0,2,edge,3000.0,0.0500,0.0100,8,2.248,0.7911,3,0.8576,,0.700,0,
5783,7,122,edge-0,2,edge,3100.0,0.0500,0.0100,9,2.298,0.9008,2,0.8529,,0.700,0,
5784,7,122,edge-0,2,edge,3200.0,0.0500,0.0100,9,2.298,0.8990,1,0.8483,,0.700,0,
5785,7,122,edge-0,2,edge,3300.0,0.0500,0.0100,9,2.298,0.8990,0,0.8455,,0.700,0,
5786,7,122,edge-0,2,edge,3400.0,0.0500,0.0100,10,2.558,0.9926,1,0.8427,,0.700,0,
5787,7,122,edge-0,2,edge,3500.0,0.0500,0.0100,9,2.508,0.9008,1,0.8381,,0.700,0,
5788,7,122,edge-0,2,edge,3600.0,0.0500,0.0100,10,2.558,0.9926,1,0.8334,,0.700,0,
5789,7,122,edge-0,2,edge,3700.0,0.0500,0.0100,9,2.508,0.9008,1,0.8288,,0.700,0,
5790,7,122,edge-0,2,edge,3800.0,0.0500,0.0100,10,2.297,0.9926,1,0.8241,,0.700,0,
5791,7,122,edge-0,2,edge,3900.0,0.0500,0.0100,9,2.407,0.9008,1,0.8195,,0.700,0,
5792,7,122,edge-0,2,edge,4000.0,0.0500,0.0100,10,2.369,0.9926,2,0.8148,,0.700,0,
5793,7,122,edge-0,2,edge,4100.0,0.0500,0.0100,10,2.162,0.9926,3,0.8102,,0.700,0,
5794,7,122,edge-0,2,edge,4200.0,0.0500,0.0100,9,2.325,0.9008,4,0.8056,,0.700,0,
5795,7,122,edge-0,2,edge,4300.0,0.0500,0.0100,10,2.375,0.9926,4,0.8009,,0.700,0,
5796,7,122,edge-0,2,edge,4400.0,0.0500,0.0100,10,2.375,0.9926,3,0.7963,,0.700,0,
5797,7,122,edge-0,2,edge,4500.0,0.0500,0.0100,10,2.379,0.9926,3,0.7916,,0.700,0,
5798,7,122,edge-0,2,edge,4600.0,0.0500,0.0100,9,2.356,0.8990,3,0.7870,,0.700,0,
5799,7,122,edge-0,2,edge,4700.0,0.0500,0.0100,10,2.406,0.9926,2,0.7842,,0.700,0,
5800,7,122,edge-0,2,edge,4800.0,0.0500,0.0100,9,2.410,0.9008,2,0.7796,,0.700,0,
5801,7,122,edge-0,2,edge,4900.0,0.0500,0.0100,9,2.087,0.9008,3,0.7749,,0.700,0,
5802,7,122,edge-0,2,edge,5000.0,0.0500,0.0100,10,2.137,0.9926,2,0.7703,,0.700,0,
5803,7,125,edge-1,2,edge,0.0,0.0000,0.0100,0,1.633,,1,1.0000,,0.700,0,
5804,7,125,edge-1,2,edge,100.0,0.0200,0.0100,4,1.833,1.0000,1,0.9904,,0.700,0,
5805,7,125,edge-1,2,edge,200.0,0.0500,0.0100,9,2.083,0.8990,1,0.9858,,0.700,0,
5806,7,125,edge-1,2,edge,300.0,0.0500,0.0100,9,2.083,0.9008,1,0.9830,,0.700,0,
5807,7,125,edge-1,2,edge,400.0,0.0500,0.0100,10,2.270,0.9926,2,0.9784,,0.700,0,
5808,7,125,edge-1,2,edge,500.0,0.0500,0.0100,9,2.220,0.8990,1,0.9737,,0.700,0,
5809,7,125,edge-1,2,edge,600.0,0.0500,0.0100,10,2.270,0.9926,1,0.9710,,0.700,0,
5810,7,125,edge-1,2,edge,700.0,0.0500,0.0100,10,2.270,0.9926,1,0.9663,,0.700,0,
5811,7,125,edge-1,2,edge,800.0,0.0500,0.0100,10,2.088,0.9926,2,0.9617,,0.700,0,
5812,7,125,edge-1,2,edge,900.0,0.0500,0.0100,9,2.154,0.9008,2,0.9570,,0.700,0,
5813,7,125,edge-1,2,edge,1000.0,0.0500,0.0100,9,2.065,0.9008,3,0.9524,,0.700,0,
5814,7,125,edge-1,2,edge,1100.0,0.0500,0.0100,10,2.400,0.9926,4,0.9477,,0.700,0,
5815,7,125,edge-1,2,edge,1200.0,0.0500,0.0100,10,2.400,0.9926,4,0.9431,,0.700,0,
5816,7,125,edge-1,2,edge,1300.0,0.0500,0.0100,8,2.300,0.7911,3,0.9384,,0.700,0,
5817,7,125,edge-1,2,edge,1400.0,0.0500,0.0100,10,2.400,0.9926,2,0.9338,,0.700,0,
5818,7,125,edge-1,2,edge,1500.0,0.0500,0.0100,10,2.400,0.9926,1,0.9292,,0.700,0,
5819,7,125,edge-1,2,edge,1600.0,0.0500,0.0100,9,2.350,0.9008,0,0.9245,,0.700,0,
5820,7,125,edge-1,2,edge,1700.0,0.0500,0.0100,10,2.611,0.9926,1,0.9199,,0.700,0,
5821,7,125,edge-1,2,edge,1800.0,0.0500,0.0100,10,2.611,0.9926,1,0.9152,,0.700,0,
5822,7,125,edge-1,2,edge,1900.0,0.0500,0.0100,10,2.611,0.9926,1,0.9106,,0.700,0,
5823,7,125,edge-1,2,edge,2000.0,0.0500,0.0100,10,2.335,0.9926,2,0.9059,,0.700,0,
5824,7,125,edge-1,2,edge,2100.0,0.0500,0.0100,9,2.299,0.8990,3,0.9013,,0.700,0,
5825,7,125,edge-1,2,edge,2200.0,0.0500,0.0100,9,2.299,0.9008,2,0.8985,,0.700,0,
5826,7,125,edge-1,2,edge,2300.0,0.0500,0.0100,9,2.299,0.8990,2,0.8939,,0.700,0,
5827,7,125,edge-1,2,edge,2400.0,0.0500,0.0100,10,2.349,0.9926,2,0.8911,,0.700,0,
5828,7,125,edge-1,2,edge,2500.0,0.0500,0.0100,9,2.502,0.9008,2,0.8864,,0.700,0,
5829,7,125,edge-1,2,edge,2600.0,0.0500,0.0100,9,2.502,0.8990,1,0.8818,,0.700,0,
5830,7,125,edge-1,2,edge,2700.0,0.0500,0.0100,9,2.502,0.9008,1,0.8790,,0.700,0,
5831,7,125,edge-1,2,edge,2800.0,0.0500,0.0100,9,2.502,0.9008,1,0.8744,,0.700,0,
5832,7,125,edge-1,2,edge,2900.0,0.0500,0.0100,10,2.552,0.9926,1,0.8697,,0.700,0,
5833,7,125,edge-1,2,edge,3000.0,0.0500,0.0100,9,2.502,0.9008,0,0.8651,,0.700,0,
5834,7,125,edge-1,2,edge,3100.0,0.0500,0.0100,10,2.415,0.9926,1,0.8604,,0.700,0,
5835,7,125,edge-1,2,edge,3200.0,0.0500,0.0100,9,2.365,0.9008,1,0.8558,,0.700,0,
5836,7,125,edge-1,2,edge,3300.0,0.0500,0.0100,8,2.315,0.7911,1,0.8512,,0.700,0,
5837,7,125,edge-1,2,edge,3400.0,0.0500,0.0100,10,2.415,0.9926,1,0.8465,,0.700,0,
5838,7,125,edge-1,2,edge,3500.0,0.0500,0.0100,8,2.315,0.7900,1,0.8419,,0.700,0,
5839,7,125,edge-1,2,edge,3600.0,0.0500,0.0100,10,2.301,0.9926,1,0.8391,,0.700,0,
5840,7,125,edge-1,2,edge,3700.0,0.0500,0.0100,8,2.078,0.7911,2,0.8344,,0.700,0,
5841,7,125,edge-1,2,edge,3800.0,0.0500,0.0100,10,2.313,0.9926,3,0.8298,,0.700,0,
5842,7,125,edge-1,2,edge,3900.0,0.0500,0.0100,10,2.164,0.9926,4,0.8252,,0.700,0,
5843,7,125,edge-1,2,edge,4000.0,0.0500,0.0100,10,2.218,0.9926,5,0.8205,,0.700,0,
5844,7,125,edge-1,2,edge,4100.0,0.0500,0.0100,10,2.127,0.9926,5,0.8159,,0.700,0,
5845,7,125,edge-1,2,edge,4200.0,0.0500,0.0100,10,2.360,0.9926,5,0.8112,,0.700,0,
5846,7,125,edge-1,2,edge,4300.0,0.0500,0.0100,9,2.067,0.8990,5,0.8066,,0.700,0,
5847,7,125,edge-1,2,edge,4400.0,0.0500,0.0100,10,2.095,0.9926,5,0.8038,,0.700,0,
5848,7,125,edge-1,2,edge,4500.0,0.0500,0.0100,10,2.247,0.9926,5,0.7992,,0.700,0,
5849,7,125,edge-1,2,edge,4600.0,0.0500,0.0100,9,2.215,0.8990,5,0.7945,,0.700,0,
5850,7,125,edge-1,2,edge,4700.0,0.0500,0.0100,10,2.265,0.9926,4,0.7917,,0.700,0,
5851,7,125,edge-1,2,edge,4800.0,0.0500,0.0100,8,2.165,0.7911,3,0.7871,,0.700,0,
5852,7,125,edge-1,2,edge,4900.0,0.0500,0.0100,9,2.154,0.8990,3,0.7824,,0.700,0,
5853,7,125,edge-1,2,edge,5000.0,0.0500,0.0100,9,2.274,0.9008,3,0.7797,,0.700,0,
5854,7,128,edge-2,2,edge,0.0,0.0000,0.0100,0,1.691,,1,1.0000,,0.700,0,
5855,7,128,edge-2,2,edge,100.0,0.0200,0.0100,4,1.891,1.0000,1,0.9904,,0.700,0,
5856,7,128,edge-2,2,edge,200.0,0.0500,0.0100,8,2.091,0.7911,1,0.9858,,0.700,0,
5857,7,128,edge-2,2,edge,300.0,0.0500,0.0100,9,2.141,0.8990,1,0.9812,,0.700,0,
5858,7,128,edge-2,2,edge,400.0,0.0500,0.0100,10,2.191,0.9926,1,0.9784,,0.700,0,
5859,7,128,edge-2,2,edge,500.0,0.0500,0.0100,9,2.146,0.8990,1,0.9737,,0.700,0,
5860,7,128,edge-2,2,edge,600.0,0.0500,0.0100,10,2.244,0.9926,2,0.9710,,0.700,0,
5861,7,128,edge-2,2,edge,700.0,0.0500,0.0100,10,2.184,0.9926,3,0.9663,,0.700,0,
5862,7,128,edge-2,2,edge,800.0,0.0500,0.0100,10,2.239,0.9926,4,0.9617,,0.700,0,
5863,7,128,edge-2,2,edge,900.0,0.0500,0.0100,10,2.111,0.9926,5,0.9570,,0.700,0,
5864,7,128,edge-2,2,edge,1000.0,0.0500,0.0100,10,2.111,0.9926,4,0.9524,,0.700,0,
5865,7,128,edge-2,2,edge,1100.0,0.0500,0.0100,9,2.179,0.9008,4,0.9477,,0.700,0,
5866,7,128,edge-2,2,edge,1200.0,0.0500,0.0100,9,2.299,0.9008,4,0.9431,,0.700,0,
5867,7,128,edge-2,2,edge,1300.0,0.0500,0.0100,9,2.208,0.9008,4,0.9384,,0.700,0,
5868,7,128,edge-2,2,edge,1400.0,0.0500,0.0100,9,2.208,0.9008,3,0.9338,,0.700,0,
5869,7,128,edge-2,2,edge,1500.0,0.0500,0.0100,10,2.079,0.9926,4,0.9292,,0.700,0,
5870,7,128,edge-2,2,edge,1600.0,0.0500,0.0100,8,1.979,0.7911,3,0.9245,,0.700,0,
5871,7,128,edge-2,2,edge,1700.0,0.0500,0.0100,9,2.029,0.9008,2,0.9199,,0.700,0,
5872,7,128,edge-2,2,edge,1800.0,0.0500,0.0100,9,2.029,0.9008,1,0.9152,,0.700,0,
5873,7,128,edge-2,2,edge,1900.0,0.0500,0.0100,10,2.368,0.9926,2,0.9106,,0.700,0,
5874,7,128,edge-2,2,edge,2000.0,0.0500,0.0100,8,2.268,0.7911,1,0.9059,,0.700,0,
5875,7,128,edge-2,2,edge,2100.0,0.0500,0.0100,9,2.318,0.9008,1,0.9013,,0.700,0,
5876,7,128,edge-2,2,edge,2200.0,0.0500,0.0100,10,2.368,0.9926,1,0.8966,,0.700,0,
5877,7,128,edge-2,2,edge,2300.0,0.0500,0.0100,10,2.368,0.9926,1,0.8920,,0.700,0,
5878,7,128,edge-2,2,edge,2400.0,0.0500,0.0100,10,2.368,0.9926,0,0.8873,,0.700,0,
5879,7,128,edge-2,2,edge,2500.0,0.0500,0.0100,9,2.242,0.8990,1,0.8827,,0.700,0,
5880,7,128,edge-2,2,edge,2600.0,0.0500,0.0100,9,2.242,0.9008,1,0.8799,,0.700,0,
5881,7,128,edge-2,2,edge,2700.0,0.0500,0.0100,10,2.292,0.9926,1,0.8753,,0.700,0,
5882,7,128,edge-2,2,edge,2800.0,0.0500,0.0100,10,2.218,0.9926,2,0.8706,,0.700,0,
5883,7,128,edge-2,2,edge,2900.0,0.0500,0.0100,9,2.138,0.9008,3,0.8660,,0.700,0,
5884,7,128,edge-2,2,edge,3000.0,0.0500,0.0100,10,2.189,0.9926,3,0.8613,,0.700,0,
5885,7,128,edge-2,2,edge,3100.0,0.0500,0.0100,9,2.139,0.9008,3,0.8567,,0.700,0,
5886,7,128,edge-2,2,edge,3200.0,0.0500,0.0100,10,2.189,0.9926,3,0.8520,,0.700,0,
5887,7,128,edge-2,2,edge,3300.0,0.0500,0.0100,10,2.065,0.9926,3,0.8474,,0.700,0,
5888,7,128,edge-2,2,edge,3400.0,0.0500,0.0100,10,2.065,0.9926,2,0.8427,,0.700,0,
5889,7,128,edge-2,2,edge,3500.0,0.0500,0.0100,9,2.233,0.9008,2,0.8381,,0.700,0,
5890,7,128,edge-2,2,edge,3600.0,0.0500,0.0100,9,2.233,0.9008,2,0.8334,,0.700,0,
5891,7,128,edge-2,2,edge,3700.0,0.0500,0.0100,10,2.283,0.9926,2,0.8288,,0.700,0,
5892,7,128,edge-2,2,edge,3800.0,0.0500,0.0100,9,2.170,0.9008,2,0.8241,,0.700,0,
5893,7,128,edge-2,2,edge,3900.0,0.0500,0.0100,10,2.328,0.9926,3,0.8195,,0.700,0,
5894,7,128,edge-2,2,edge,4000.0,0.0500,0.0100,10,2.328,0.9926,2,0.8148,,0.700,0,
5895,7,128,edge-2,2,edge,4100.0,0.0500,0.0100,9,2.512,0.9008,3,0.8102,,0.700,0,
5896,7,128,edge-2,2,edge,4200.0,0.0500,0.0100,10,2.562,0.9926,3,0.8056,,0.700,0,
5897,7,128,edge-2,2,edge,4300.0,0.0500,0.0100,9,2.512,0.9008,2,0.8009,,0.700,0,
5898,7,128,edge-2,2,edge,4400.0,0.0500,0.0100,10,2.562,0.9926,1,0.7963,,0.700,0,
5899,7,128,edge-2,2,edge,4500.0,0.0500,0.0100,9,2.512,0.9008,1,0.7916,,0.700,0,
5900,7,128,edge-2,2,edge,4600.0,0.0500,0.0100,10,2.562,0.9926,0,0.7870,,0.700,0,
5901,7,128,edge-2,2,edge,4700.0,0.0500,0.0100,10,2.562,0.9926,0,0.7823,,0.700,0,
5902,7,128,edge-2,2,edge,4800.0,0.0500,0.0100,10,2.205,0.9926,0,0.7777,,0.700,0,
5903,7,128,edge-2,2,edge,4900.0,0.0500,0.0100,10,2.205,0.9926,0,0.7730,,0.700,0,
5904,7,128,edge-2,2,edge,5000.0,0.0500,0.0100,10,2.205,0.9926,0,0.7684,,0.700,0,
5905,7,131,edge-3,2,edge,0.0,0.0000,0.0100,0,1.823,,1,1.0000,,0.700,0,4083.5
5906,7,131,edge-3,2,edge,100.0,0.0200,0.0100,4,2.023,1.0000,1,0.9904,,0.700,0,4083.5
5907,7,131,edge-3,2,edge,200.0,0.0500,0.0100,10,2.361,0.9926,2,0.9858,,0.700,0,4083.5
5908,7,131,edge-3,2,edge,300.0,0.0500,0.0100,10,2.247,0.9926,3,0.9812,,0.700,0,4083.5
5909,7,131,edge-3,2,edge,400.0,0.0500,0.0100,9,2.197,0.9008,3,0.9765,,0.700,0,4083.5
5910,7,131,edge-3,2,edge,500.0,0.0500,0.0100,10,2.247,0.9926,2,0.9719,,0.700,0,4083.5
5911,7,131,edge-3,2,edge,600.0,0.0500,0.0100,9,2.197,0.9008,2,0.9672,,0.700,0,4083.5
5912,7,131,edge-3,2,edge,700.0,0.0500,0.0100,10,2.487,0.9926,1,0.9626,,0.700,0,4083.5
5913,7,131,edge-3,2,edge,800.0,0.0500,0.0100,10,2.200,0.9926,0,0.9579,,0.700,0,4083.5
5914,7,131,edge-3,2,edge,900.0,0.0500,0.0100,9,2.049,0.9008,1,0.9533,,0.700,0,4083.5
5915,7,131,edge-3,2,edge,1000.0,0.0500,0.0100,9,2.049,0.9008,1,0.9486,,0.700,0,4083.5
5916,7,131,edge-3,2,edge,1100.0,0.0500,0.0100,9,2.330,0.9008,2,0.9440,,0.700,0,4083.5
5917,7,131,edge-3,2,edge,1200.0,0.0500,0.0100,9,2.330,0.9008,2,0.9393,,0.700,0,4083.5
5918,7,131,edge-3,2,edge,1300.0,0.0500,0.0100,10,2.380,0.9926,2,0.9347,,0.700,0,4083.5
5919,7,131,edge-3,2,edge,1400.0,0.0500,0.0100,10,2.200,0.9926,2,0.9300,,0.700,0,4083.5
5920,7,131,edge-3,2,edge,1500.0,0.0500,0.0100,10,2.356,0.9926,3,0.9254,,0.700,0,4083.5
5921,7,131,edge-3,2,edge,1600.0,0.0500,0.0100,10,2.186,0.9926,3,0.9207,,0.700,0,4083.5
5922,7,131,edge-3,2,edge,1700.0,0.0500,0.0100,9,2.136,0.9008,3,0.9161,,0.700,0,4083.5
5923,7,131,edge-3,2,edge,1800.0,0.0500,0.0100,10,2.368,0.9926,4,0.9114,,0.700,0,4083.5
5924,7,131,edge-3,2,edge,1900.0,0.0500,0.0100,10,2.151,0.9926,4,0.9068,,0.700,0,4083.5
5925,7,131,edge-3,2,edge,2000.0,0.0500,0.0100,9,2.132,0.8990,4,0.9021,,0.700,0,4083.5
5926,7,131,edge-3,2,edge,2100.0,0.0500,0.0100,9,2.132,0.8990,3,0.8994,,0.700,0,4083.5
5927,7,131,edge-3,2,edge,2200.0,0.0500,0.0100,8,2.102,0.7911,4,0.8966,,0.700,0,4083.5
5928,7,131,edge-3,2,edge,2300.0,0.0500,0.0100,8,2.288,0.7911,4,0.8920,,0.700,0,4083.5
5929,7,131,edge-3,2,edge,2400.0,0.0500,0.0100,10,2.388,0.9926,3,0.8873,,0.700,0,4083.5
5930,7,131,edge-3,2,edge,2500.0,0.0500,0.0100,10,2.388,0.9926,2,0.8827,,0.700,0,4083.5
5931,7,131,edge-3,2,edge,2600.0,0.0500,0.0100,9,2.338,0.9008,2,0.8780,,0.700,0,4083.5
5932,7,131,edge-3,2,edge,2700.0,0.0500,0.0100,10,2.388,0.9926,1,0.8734,,0.700,0,4083.5
5933,7,131,edge-3,2,edge,2800.0,0.0500,0.0100,10,2.388,0.9926,0,0.8687,,0.700,0,4083.5
5934,7,131,edge-3,2,edge,2900.0,0.0500,0.0100,10,2.388,0.9926,0,0.8641,,0.700,0,4083.5
5935,7,131,edge-3,2,edge,3000.0,0.0500,0.0100,10,2.228,0.9926,1,0.8594,,0.700,0,4083.5
5936,7,131,edge-3,2,edge,3100.0,0.0500,0.0100,9,2.178,0.8990,1,0.8548,,0.700,0,4083.5
5937,7,131,edge-3,2,edge,3200.0,0.0500,0.0100,10,2.228,0.9926,1,0.8520,,0.700,0,4083.5
5938,7,131,edge-3,2,edge,3300.0,0.0500,0.0100,10,2.228,0.9926,1,0.8474,,0.700,0,4083.5
5939,7,131,edge-3,2,edge,3400.0,0.0500,0.0100,10,2.209,0.9926,1,0.8427,,0.700,0,4083.5
5940,7,131,edge-3,2,edge,3500.0,0.0500,0.0100,10,2.040,0.9926,1,0.8381,,0.700,0,4083.5
5941,7,131,edge-3,2,edge,3600.0,0.0500,0.0100,10,2.040,0.9926,1,0.8334,,0.700,0,4083.5
5942,7,131,edge-3,2,edge,3700.0,0.0500,0.0100,10,2.260,0.9926,2,0.8288,,0.700,0,4083.5
5943,7,131,edge-3,2,edge,3800.0,0.0500,0.0100,9,1.986,0.9008,3,0.8241,,0.700,0,4083.5
5944,7,131,edge-3,2,edge,3900.0,0.0500,0.0100,10,2.516,0.9926,3,0.8195,,0.700,1,4083.5
5945,7,131,edge-3,2,edge,4000.0,0.0500,0.0100,10,2.516,0.9926,2,0.8148,,0.700,1,4083.5
5946,7,134,edge-4,2,edge,0.0,0.0000,0.0100,0,2.062,,1,1.0000,,0.700,0,
5947,7,134,edge-4,2,edge,100.0,0.0200,0.0100,4,2.262,1.0000,1,0.9904,,0.700,0,
5948,7,134,edge-4,2,edge,200.0,0.0500,0.0100,10,2.562,0.9926,1,0.9858,,0.700,0,
5949,7,134,edge-4,2,edge,300.0,0.0500,0.0100,9,2.315,0.9008,2,0.9812,,0.700,0,
5950,7,134,edge-4,2,edge,400.0,0.0500,0.0100,8,1.933,0.7911,3,0.9765,,0.700,0,
5951,7,134,edge-4,2,edge,500.0,0.0500,0.0100,9,1.983,0.9008,2,0.9719,,0.700,0,
5952,7,134,edge-4,2,edge,600.0,0.0500,0.0100,10,2.105,0.9926,3,0.9672,,0.700,0,
5953,7,134,edge-4,2,edge,700.0,0.0500,0.0100,10,2.184,0.9926,4,0.9626,,0.700,0,
5954,7,134,edge-4,2,edge,800.0,0.0500,0.0100,10,2.184,0.9926,3,0.9579,,0.700,0,
5955,7,134,edge-4,2,edge,900.0,0.0500,0.0100,9,2.134,0.9008,2,0.9533,,0.700,0,
5956,7,134,edge-4,2,edge,1000.0,0.0500,0.0100,9,2.251,0.9008,2,0.9486,,0.700,0,
5957,7,134,edge-4,2,edge,1100.0,0.0500,0.0100,10,2.301,0.9926,1,0.9440,,0.700,0,
5958,7,134,edge-4,2,edge,1200.0,0.0500,0.0100,10,2.301,0.9926,0,0.9393,,0.700,0,
5959,7,134,edge-4,2,edge,1300.0,0.0500,0.0100,10,2.301,0.9926,0,0.9347,,0.700,0,
5960,7,134,edge-4,2,edge,1400.0,0.0500,0.0100,10,2.301,0.9926,0,0.9300,,0.700,0,
5961,7,134,edge-4,2,edge,1500.0,0.0500,0.0100,9,2.384,0.8990,1,0.9254,,0.700,0,
5962,7,134,edge-4,2,edge,1600.0,0.0500,0.0100,10,2.195,0.9926,1,0.9226,,0.700,0,
5963,7,134,edge-4,2,edge,1700.0,0.0500,0.0100,9,2.145,0.9008,1,0.9180,,0.700,0,
5964,7,134,edge-4,2,edge,1800.0,0.0500,0.0100,10,2.195,0.9926,1,0.9133,,0.700,0,
5965,7,134,edge-4,2,edge,1900.0,0.0500,0.0100,10,2.452,0.9926,2,0.9087,,0.700,0,
5966,7,134,edge-4,2,edge,2000.0,0.0500,0.0100,10,2.452,0.9926,1,0.9040,,0.700,0,
5967,7,134,edge-4,2,edge,2100.0,0.0500,0.0100,10,2.452,0.9926,1,0.8994,,0.700,0,
5968,7,134,edge-4,2,edge,2200.0,0.0500,0.0100,9,2.402,0.9008,1,0.8947,,0.700,0,
5969,7,134,edge-4,2,edge,2300.0,0.0500,0.0100,10,2.452,0.9926,1,0.8901,,0.700,0,
5970,7,134,edge-4,2,edge,2400.0,0.0500,0.0100,9,2.402,0.9008,0,0.8854,,0.700,0,
5971,7,134,edge-4,2,edge,2500.0,0.0500,0.0100,10,2.452,0.9926,0,0.8808,,0.700,0,
5972,7,134,edge-4,2,edge,2600.0,0.0500,0.0100,10,2.452,0.9926,0,0.8761,,0.700,0,
5973,7,134,edge-4,2,edge,2700.0,0.0500,0.0100,9,2.402,0.9008,0,0.8715,,0.700,0,
5974,7,134,edge-4,2,edge,2800.0,0.0500,0.0100,8,1.997,0.7911,1,0.8668,,0.700,0,
5975,7,134,edge-4,2,edge,2900.0,0.0500,0.0100,10,2.210,0.9926,2,0.8622,,0.700,0,
5976,7,134,edge-4,2,edge,3000.0,0.0500,0.0100,10,2.255,0.9926,3,0.8576,,0.700,0,
5977,7,134,edge-4,2,edge,3100.0,0.0500,0.0100,10,2.255,0.9926,3,0.8529,,0.700,0,
5978,7,134,edge-4,2,edge,3200.0,0.0500,0.0100,10,2.255,0.9926,3,0.8483,,0.700,0,
5979,7,134,edge-4,2,edge,3300.0,0.0500,0.0100,10,2.083,0.9926,3,0.8436,,0.700,0,
5980,7,134,edge-4,2,edge,3400.0,0.0500,0.0100,10,2.083,0.9926,2,0.8390,,0.700,0,
5981,7,134,edge-4,2,edge,3500.0,0.0500,0.0100,10,2.083,0.9926,1,0.8343,,0.700,0,
5982,7,134,edge-4,2,edge,3600.0,0.0500,0.0100,10,2.083,0.9926,1,0.8297,,0.700,0,
5983,7,134,edge-4,2,edge,3700.0,0.0500,0.0100,9,2.033,0.9008,1,0.8250,,0.700,0,
5984,7,134,edge-4,2,edge,3800.0,0.0500,0.0100,9,2.141,0.9008,1,0.8204,,0.700,0,
5985,7,134,edge-4,2,edge,3900.0,0.0500,0.0100,10,2.191,0.9926,1,0.8157,,0.700,0,
5986,7,134,edge-4,2,edge,4000.0,0.0500,0.0100,10,2.191,0.9926,1,0.8111,,0.700,0,
5987,7,134,edge-4,2,edge,4100.0,0.0500,0.0100,9,2.158,0.9008,2,0.8064,,0.700,0,
5988,7,134,edge-4,2,edge,4200.0,0.0500,0.0100,10,2.192,0.9926,2,0.8018,,0.700,0,
5989,7,134,edge-4,2,edge,4300.0,0.0500,0.0100,10,2.300,0.9926,2,0.7971,,0.700,0,
5990,7,134,edge-4,2,edge,4400.0,0.0500,0.0100,9,2.250,0.9008,2,0.7925,,0.700,0,
5991,7,134,edge-4,2,edge,4500.0,0.0500,0.0100,10,2.300,0.9926,2,0.7878,,0.700,0,
5992,7,134,edge-4,2,edge,4600.0,0.0500,0.0100,9,2.311,0.8990,1,0.7832,,0.700,0,
5993,7,134,edge-4,2,edge,4700.0,0.0500,0.0100,10,2.126,0.9926,2,0.7804,,0.700,0,
5994,7,134,edge-4,2,edge,4800.0,0.0500,0.0100,9,2.209,0.9008,2,0.7758,,0.700,0,
5995,7,134,edge-4,2,edge,4900.0,0.0500,0.0100,9,2.140,0.9008,3,0.7711,,0.700,0,
5996,7,134,edge-4,2,edge,5000.0,0.0500,0.0100,9,2.065,0.8990,4,0.7665,,0.700,0,
5997,7,137,edge-5,2,edge,0.0,0.0000,0.0100,0,2.058,,1,1.0000,,0.700,0,
5998,7,137,edge-5,2,edge,100.0,0.0200,0.0100,3,2.208,0.8990,1,0.9904,,0.700,0,
5999,7,137,edge-5,2,edge,200.0,0.0500,0.0100,10,2.558,0.9926,1,0.9877,,0.700,0,
6000,7,137,edge-5,2,edge,300.0,0.0500,0.0100,10,2.558,0.9926,1,0.9830,,0.700,0,
6001,7,137,edge-5,2,edge,400.0,0.0500,0.0100,9,2.247,0.9008,1,0.9784,,0.700,0,
6002,7,137,edge-5,2,edge,500.0,0.0500,0.0100,8,2.357,0.7900,1,0.9737,,0.700,0,
6003,7,137,edge-5,2,edge,600.0,0.0500,0.0100,9,2.319,0.9008,2,0.9710,,0.700,0,
6004,7,137,edge-5,2,edge,700.0,0.0500,0.0100,10,2.162,0.9926,3,0.9663,,0.700,0,
6005,7,137,edge-5,2,edge,800.0,0.0500,0.0100,9,2.325,0.9008,4,0.9617,,0.700,0,
6006,7,137,edge-5,2,edge,900.0,0.0500,0.0100,10,2.375,0.9926,4,0.9570,,0.700,0,
6007,7,137,edge-5,2,edge,1000.0,0.0500,0.0100,10,2.375,0.9926,3,0.9524,,0.700,0,
6008,7,137,edge-5,2,edge,1100.0,0.0500,0.0100,10,2.379,0.9926,3,0.9477,,0.700,0,
6009,7,137,edge-5,2,edge,1200.0,0.0500,0.0100,9,2.356,0.9008,3,0.9431,,0.700,0,
6010,7,137,edge-5,2,edge,1300.0,0.0500,0.0100,10,2.406,0.9926,2,0.9384,,0.700,0,
6011,7,137,edge-5,2,edge,1400.0,0.0500,0.0100,10,2.460,0.9926,2,0.9338,,0.700,0,
6012,7,137,edge-5,2,edge,1500.0,0.0500,0.0100,9,2.087,0.9008,3,0.9292,,0.700,0,
6013,7,137,edge-5,2,edge,1600.0,0.0500,0.0100,10,2.137,0.9926,2,0.9245,,0.700,0,
6014,7,137,edge-5,2,edge,1700.0,0.0500,0.0100,10,2.137,0.9926,1,0.9199,,0.700,0,
6015,7,137,edge-5,2,edge,1800.0,0.0500,0.0100,9,2.087,0.8990,1,0.9152,,0.700,0,
6016,7,137,edge-5,2,edge,1900.0,0.0500,0.0100,8,2.037,0.7911,1,0.9124,,0.700,0,
6017,7,137,edge-5,2,edge,2000.0,0.0500,0.0100,10,2.137,0.9926,0,0.9078,,0.700,0,
6018,7,137,edge-5,2,edge,2100.0,0.0500,0.0100,10,2.137,0.9926,0,0.9032,,0.700,0,
6019,7,137,edge-5,2,edge,2200.0,0.0500,0.0100,10,2.191,0.9926,1,0.8985,,0.700,0,
6020,7,137,edge-5,2,edge,2300.0,0.0500,0.0100,10,2.191,0.9926,1,0.8939,,0.700,0,
6021,7,137,edge-5,2,edge,2400.0,0.0500,0.0100,10,2.191,0.9926,1,0.8892,,0.700,0,
6022,7,137,edge-5,2,edge,2500.0,0.0500,0.0100,9,2.141,0.9008,1,0.8846,,0.700,0,
6023,7,137,edge-5,2,edge,2600.0,0.0500,0.0100,9,2.141,0.9008,1,0.8799,,0.700,0,
6024,7,137,edge-5,2,edge,2700.0,0.0500,0.0100,10,2.191,0.9926,0,0.8753,,0.700,0,
6025,7,137,edge-5,2,edge,2800.0,0.0500,0.0100,9,2.238,0.9008,1,0.8706,,0.700,0,
6026,7,137,edge-5,2,edge,2900.0,0.0500,0.0100,10,2.101,0.9926,2,0.8660,,0.700,0,
6027,7,137,edge-5,2,edge,3000.0,0.0500,0.0100,9,2.030,0.8990,3,0.8613,,0.700,0,
6028,7,137,edge-5,2,edge,3100.0,0.0500,0.0100,10,2.298,0.9926,4,0.8586,,0.700,0,
6029,7,137,edge-5,2,edge,3200.0,0.0500,0.0100,9,2.008,0.9008,5,0.8539,,0.700,0,
6030,7,137,edge-5,2,edge,3300.0,0.0500,0.0100,10,2.282,0.9926,4,0.8493,,0.700,0,
6031,7,137,edge-5,2,edge,3400.0,0.0500,0.0100,9,2.232,0.8990,3,0.8446,,0.700,0,
6032,7,137,edge-5,2,edge,3500.0,0.0500,0.0100,9,2.232,0.8990,2,0.8419,,0.700,0,
6033,7,137,edge-5,2,edge,3600.0,0.0500,0.0100,10,2.282,0.9926,1,0.8391,,0.700,0,
6034,7,137,edge-5,2,edge,3700.0,0.0500,0.0100,8,2.085,0.7911,1,0.8344,,0.700,0,
6035,7,137,edge-5,2,edge,3800.0,0.0500,0.0100,9,2.135,0.8990,1,0.8298,,0.700,0,
6036,7,137,edge-5,2,edge,3900.0,0.0500,0.0100,9,2.135,0.9008,1,0.8270,,0.700,0,
6037,7,137,edge-5,2,edge,4000.0,0.0500,0.0100,10,2.185,0.9926,1,0.8224,,0.700,0,
6038,7,137,edge-5,2,edge,4100.0,0.0500,0.0100,8,2.085,0.7911,1,0.8177,,0.700,0,
6039,7,137,edge-5,2,edge,4200.0,0.0500,0.0100,10,2.185,0.9926,0,0.8131,,0.700,0,
6040,7,137,edge-5,2,edge,4300.0,0.0500,0.0100,10,2.185,0.9926,0,0.8084,,0.700,0,
6041,7,137,edge-5,2,edge,4400.0,0.0500,0.0100,9,2.135,0.9008,0,0.8038,,0.700,0,
6042,7,137,edge-5,2,edge,4500.0,0.0500,0.0100,10,2.117,0.9926,1,0.7992,,0.700,0,
6043,7,137,edge-5,2,edge,4600.0,0.0500,0.0100,9,2.289,0.9008,2,0.7945,,0.700,0,
6044,7,137,edge-5,2,edge,4700.0,0.0500,0.0100,10,2.098,0.9926,2,0.7899,,0.700,0,
6045,7,137,edge-5,2,edge,4800.0,0.0500,0.0100,10,2.339,0.9926,3,0.7852,,0.700,0,
6046,7,137,edge-5,2,edge,4900.0,0.0500,0.0100,9,2.289,0.8990,3,0.7806,,0.700,0,
6047,7,137,edge-5,2,edge,5000.0,0.0500,0.0100,9,2.033,0.9008,3,0.7778,,0.700,0,
6048,7,140,edge-6,2,edge,0.0,0.0000,0.0100,0,1.642,,1,1.0000,,0.700,0,
6049,7,140,edge-6,2,edge,100.0,0.0200,0.0100,4,1.842,1.0000,1,0.9904,,0.700,0,
6050,7,140,edge-6,2,edge,200.0,0.0500,0.0100,10,2.142,0.9926,1,0.9858,,0.700,0,
6051,7,140,edge-6,2,edge,300.0,0.0500,0.0100,10,2.142,0.9926,1,0.9812,,0.700,0,
6052,7,140,edge-6,2,edge,400.0,0.0500,0.0100,10,2.142,0.9926,1,0.9765,,0.700,0,
6053,7,140,edge-6,2,edge,500.0,0.0500,0.0100,9,2.238,0.9008,1,0.9719,,0.700,0,
6054,7,140,edge-6,2,edge,600.0,0.0500,0.0100,9,2.238,0.8990,1,0.9672,,0.700,0,
6055,7,140,edge-6,2,edge,700.0,0.0500,0.0100,9,2.238,0.9008,1,0.9644,,0.700,0,
6056,7,140,edge-6,2,edge,800.0,0.0500,0.0100,9,2.238,0.9008,1,0.9598,,0.700,0,
6057,7,140,edge-6,2,edge,900.0,0.0500,0.0100,10,2.288,0.9926,1,0.9552,,0.700,0,
6058,7,140,edge-6,2,edge,1000.0,0.0500,0.0100,10,2.288,0.9926,0,0.9505,,0.700,0,
6059,7,140,edge-6,2,edge,1100.0,0.0500,0.0100,10,2.288,0.9926,0,0.9459,,0.700,0,
6060,7,140,edge-6,2,edge,1200.0,0.0500,0.0100,10,2.288,0.9926,0,0.9412,,0.700,0,
6061,7,140,edge-6,2,edge,1300.0,0.0500,0.0100,9,2.238,0.9008,0,0.9366,,0.700,0,
6062,7,140,edge-6,2,edge,1400.0,0.0500,0.0100,10,2.191,0.9926,1,0.9319,,0.700,0,
6063,7,140,edge-6,2,edge,1500.0,0.0500,0.0100,10,2.191,0.9926,1,0.9273,,0.700,0,
6064,7,140,edge-6,2,edge,1600.0,0.0500,0.0100,10,2.191,0.9926,1,0.9226,,0.700,0,
6065,7,140,edge-6,2,edge,1700.0,0.0500,0.0100,10,2.191,0.9926,1,0.9180,,0.700,0,
6066,7,140,edge-6,2,edge,1800.0,0.0500,0.0100,7,2.169,0.6547,2,0.9133,,0.700,0,
6067,7,140,edge-6,2,edge,1900.0,0.0500,0.0100,10,2.110,0.9926,2,0.9087,,0.700,0,
6068,7,140,edge-6,2,edge,2000.0,0.0500,0.0100,8,2.311,0.7911,2,0.9040,,0.700,0,
6069,7,140,edge-6,2,edge,2100.0,0.0500,0.0100,8,2.311,0.7911,2,0.8994,,0.700,0,
6070,7,140,edge-6,2,edge,2200.0,0.0500,0.0100,10,2.094,0.9926,2,0.8947,,0.700,0,
6071,7,140,edge-6,2,edge,2300.0,0.0500,0.0100,9,2.217,0.9008,2,0.8901,,0.700,0,
6072,7,140,edge-6,2,edge,2400.0,0.0500,0.0100,10,2.298,0.9926,2,0.8854,,0.700,0,
6073,7,140,edge-6,2,edge,2500.0,0.0500,0.0100,9,2.026,0.9008,3,0.8808,,0.700,0,
6074,7,140,edge-6,2,edge,2600.0,0.0500,0.0100,10,2.157,0.9926,4,0.8761,,0.700,0,
6075,7,140,edge-6,2,edge,2700.0,0.0500,0.0100,10,2.310,0.9926,5,0.8715,,0.700,0,
6076,7,140,edge-6,2,edge,2800.0,0.0500,0.0100,9,2.260,0.8990,4,0.8668,,0.700,0,
6077,7,140,edge-6,2,edge,2900.0,0.0500,0.0100,8,1.917,0.7911,4,0.8641,,0.700,0,
6078,7,140,edge-6,2,edge,3000.0,0.0500,0.0100,10,2.328,0.9926,4,0.8594,,0.700,0,
6079,7,140,edge-6,2,edge,3100.0,0.0500,0.0100,10,2.205,0.9926,4,0.8548,,0.700,0,
6080,7,140,edge-6,2,edge,3200.0,0.0500,0.0100,9,2.285,0.9008,4,0.8501,,0.700,0,
6081,7,140,edge-6,2,edge,3300.0,0.0500,0.0100,9,2.285,0.9008,4,0.8455,,0.700,0,
6082,7,140,edge-6,2,edge,3400.0,0.0500,0.0100,10,2.134,0.9926,4,0.8408,,0.700,0,
6083,7,140,edge-6,2,edge,3500.0,0.0500,0.0100,9,2.149,0.8990,4,0.8362,,0.700,0,
6084,7,140,edge-6,2,edge,3600.0,0.0500,0.0100,10,2.133,0.9926,4,0.8334,,0.700,0,
6085,7,140,edge-6,2,edge,3700.0,0.0500,0.0100,9,2.083,0.9008,3,0.8288,,0.700,0,
6086,7,140,edge-6,2,edge,3800.0,0.0500,0.0100,10,2.133,0.9926,3,0.8241,,0.700,0,
6087,7,140,edge-6,2,edge,3900.0,0.0500,0.0100,10,2.270,0.9926,3,0.8195,,0.700,0,
6088,7,140,edge-6,2,edge,4000.0,0.0500,0.0100,10,2.270,0.9926,2,0.8148,,0.700,0,
6089,7,140,edge-6,2,edge,4100.0,0.0500,0.0100,10,2.270,0.9926,1,0.8102,,0.700,0,
6090,7,140,edge-6,2,edge,4200.0,0.0500,0.0100,9,2.220,0.9008,1,0.8056,,0.700,0,
6091,7,140,edge-6,2,edge,4300.0,0.0500,0.0100,9,2.038,0.9008,2,0.8009,,0.700,0,
6092,7,140,edge-6,2,edge,4400.0,0.0500,0.0100,9,2.154,0.9008,2,0.7963,,0.700,0,
6093,7,140,edge-6,2,edge,4500.0,0.0500,0.0100,10,2.115,0.9926,3,0.7916,,0.700,0,
6094,7,140,edge-6,2,edge,4600.0,0.0500,0.0100,10,2.400,0.9926,4,0.7870,,0.700,0,
6095,7,140,edge-6,2,edge,4700.0,0.0500,0.0100,10,2.400,0.9926,4,0.7823,,0.700,0,
6096,7,140,edge-6,2,edge,4800.0,0.0500,0.0100,10,2.400,0.9926,3,0.7777,,0.700,0,
6097,7,140,edge-6,2,edge,4900.0,0.0500,0.0100,10,2.400,0.9926,2,0.7730,,0.700,0,
6098,7,140,edge-6,2,edge,5000.0,0.0500,0.0100,8,2.300,0.7900,1,0.7684,,0.700,0,
6099,7,143,edge-7,2,edge,0.0,0.0000,0.0100,0,1.828,,1,1.0000,,0.700,0,
6100,7,143,edge-7,2,edge,100.0,0.0200,0.0100,4,2.028,1.0000,1,0.9904,,0.700,0,
6101,7,143,edge-7,2,edge,200.0,0.0500,0.0100,10,2.328,0.9926,1,0.9858,,0.700,0,
6102,7,143,edge-7,2,edge,300.0,0.0500,0.0100,10,2.562,0.9926,2,0.9812,,0.700,0,
6103,7,143,edge-7,2,edge,400.0,0.0500,0.0100,10,2.562,0.9926,2,0.9765,,0.700,0,
6104,7,143,edge-7,2,edge,500.0,0.0500,0.0100,9,2.512,0.8990,1,0.9719,,0.700,0,
6105,7,143,edge-7,2,edge,600.0,0.0500,0.0100,10,2.562,0.9926,1,0.9691,,0.700,0,
6106,7,143,edge-7,2,edge,700.0,0.0500,0.0100,9,2.512,0.9008,1,0.9644,,0.700,0,
6107,7,143,edge-7,2,edge,800.0,0.0500,0.0100,9,2.512,0.9008,0,0.9598,,0.700,0,
6108,7,143,edge-7,2,edge,900.0,0.0500,0.0100,10,2.562,0.9926,0,0.9552,,0.700,0,
6109,7,143,edge-7,2,edge,1000.0,0.0500,0.0100,10,2.205,0.9926,0,0.9505,,0.700,0,
6110,7,143,edge-7,2,edge,1100.0,0.0500,0.0100,8,2.105,0.7900,0,0.9459,,0.700,0,
6111,7,143,edge-7,2,edge,1200.0,0.0500,0.0100,8,2.105,0.7900,0,0.9431,,0.700,0,
6112,7,143,edge-7,2,edge,1300.0,0.0500,0.0100,10,2.205,0.9926,0,0.9403,,0.700,0,
6113,7,143,edge-7,2,edge,1400.0,0.0500,0.0100,10,2.334,0.9926,1,0.9357,,0.700,0,
6114,7,143,edge-7,2,edge,1500.0,0.0500,0.0100,10,2.334,0.9926,1,0.9310,,0.700,0,
6115,7,143,edge-7,2,edge,1600.0,0.0500,0.0100,10,2.151,0.9926,2,0.9264,,0.700,0,
6116,7,143,edge-7,2,edge,1700.0,0.0500,0.0100,10,2.151,0.9926,2,0.9217,,0.700,0,
6117,7,143,edge-7,2,edge,1800.0,0.0500,0.0100,10,2.353,0.9926,3,0.9171,,0.700,0,
6118,7,143,edge-7,2,edge,1900.0,0.0500,0.0100,10,2.353,0.9926,2,0.9124,,0.700,0,
6119,7,143,edge-7,2,edge,2000.0,0.0500,0.0100,9,2.303,0.9008,2,0.9078,,0.700,0,
6120,7,143,edge-7,2,edge,2100.0,0.0500,0.0100,10,2.319,0.9926,2,0.9032,,0.700,0,
6121,7,143,edge-7,2,edge,2200.0,0.0500,0.0100,10,2.319,0.9926,2,0.8985,,0.700,0,
6122,7,143,edge-7,2,edge,2300.0,0.0500,0.0100,9,2.269,0.9008,1,0.8939,,0.700,0,
6123,7,143,edge-7,2,edge,2400.0,0.0500,0.0100,10,2.319,0.9926,1,0.8892,,0.700,0,
6124,7,143,edge-7,2,edge,2500.0,0.0500,0.0100,10,2.076,0.9926,2,0.8846,,0.700,0,
6125,7,143,edge-7,2,edge,2600.0,0.0500,0.0100,10,2.076,0.9926,1,0.8799,,0.700,0,
6126,7,143,edge-7,2,edge,2700.0,0.0500,0.0100,9,2.026,0.9008,1,0.8753,,0.700,0,
6127,7,143,edge-7,2,edge,2800.0,0.0500,0.0100,10,2.350,0.9926,2,0.8706,,0.700,0,
6128,7,143,edge-7,2,edge,2900.0,0.0500,0.0100,10,2.350,0.9926,2,0.8660,,0.700,0,
6129,7,143,edge-7,2,edge,3000.0,0.0500,0.0100,10,2.116,0.9926,2,0.8613,,0.700,0,
6130,7,143,edge-7,2,edge,3100.0,0.0500,0.0100,10,2.362,0.9926,3,0.8567,,0.700,0,
6131,7,143,edge-7,2,edge,3200.0,0.0500,0.0100,10,2.059,0.9926,4,0.8520,,0.700,0,
6132,7,143,edge-7,2,edge,3300.0,0.0500,0.0100,9,2.147,0.9008,4,0.8474,,0.700,0,
6133,7,143,edge-7,2,edge,3400.0,0.0500,0.0100,9,2.363,0.9008,5,0.8427,,0.700,0,
6134,7,143,edge-7,2,edge,3500.0,0.0500,0.0100,9,2.018,0.8990,5,0.8381,,0.700,0,
6135,7,143,edge-7,2,edge,3600.0,0.0500,0.0100,10,2.068,0.9926,4,0.8353,,0.700,0,
6136,7,143,edge-7,2,edge,3700.0,0.0500,0.0100,9,2.156,0.8990,4,0.8307,,0.700,0,
6137,7,143,edge-7,2,edge,3800.0,0.0500,0.0100,10,2.261,0.9926,4,0.8279,,0.700,0,
6138,7,143,edge-7,2,edge,3900.0,0.0500,0.0100,10,2.231,0.9926,4,0.8233,,0.700,0,
6139,7,143,edge-7,2,edge,4000.0,0.0500,0.0100,10,2.231,0.9926,3,0.8186,,0.700,0,
6140,7,143,edge-7,2,edge,4100.0,0.0500,0.0100,10,2.231,0.9926,3,0.8140,,0.700,0,
6141,7,143,edge-7,2,edge,4200.0,0.0500,0.0100,10,2.068,0.9926,3,0.8093,,0.700,0,
6142,7,143,edge-7,2,edge,4300.0,0.0500,0.0100,9,2.018,0.9008,2,0.8047,,0.700,0,
6143,7,143,edge-7,2,edge,4400.0,0.0500,0.0100,10,2.068,0.9926,1,0.8000,,0.700,0,
6144,7,143,edge-7,2,edge,4500.0,0.0500,0.0100,7,1.918,0.6543,1,0.7954,,0.700,0,
6145,7,143,edge-7,2,edge,4600.0,0.0500,0.0100,10,2.068,0.9926,1,0.7926,,0.700,0,
6146,7,143,edge-7,2,edge,4700.0,0.0500,0.0100,10,2.068,0.9926,0,0.7880,,0.700,0,
6147,7,143,edge-7,2,edge,4800.0,0.0500,0.0100,10,2.068,0.9926,0,0.7833,,0.700,0,
6148,7,143,edge-7,2,edge,4900.0,0.0500,0.0100,10,2.068,0.9926,0,0.7787,,0.700,0,
6149,7,143,edge-7,2,edge,5000.0,0.0500,0.0100,8,1.968,0.7911,0,0.7740,,0.700,0,
6150,7,146,edge-8,2,edge,0.0,0.0000,0.0100,0,1.888,,1,1.0000,,0.700,0,
6151,7,146,edge-8,2,edge,100.0,0.0200,0.0100,4,2.088,1.0000,1,0.9904,,0.700,0,
6152,7,146,edge-8,2,edge,200.0,0.0500,0.0100,10,2.388,0.9926,1,0.9858,,0.700,0,
6153,7,146,edge-8,2,edge,300.0,0.0500,0.0100,9,2.338,0.9008,1,0.9812,,0.700,0,
6154,7,146,edge-8,2,edge,400.0,0.0500,0.0100,9,2.338,0.9008,1,0.9765,,0.700,0,
6155,7,146,edge-8,2,edge,500.0,0.0500,0.0100,10,2.228,0.9926,1,0.9719,,0.700,0,
6156,7,146,edge-8,2,edge,600.0,0.0500,0.0100,10,2.228,0.9926,1,0.9672,,0.700,0,
6157,7,146,edge-8,2,edge,700.0,0.0500,0.0100,10,2.228,0.9926,1,0.9626,,0.700,0,
6158,7,146,edge-8,2,edge,800.0,0.0500,0.0100,9,2.178,0.9008,1,0.9579,,0.700,0,
6159,7,146,edge-8,2,edge,900.0,0.0500,0.0100,9,2.159,0.9008,1,0.9533,,0.700,0,
6160,7,146,edge-8,2,edge,1000.0,0.0500,0.0100,10,2.040,0.9926,1,0.9486,,0.700,0,
6161,7,146,edge-8,2,edge,1100.0,0.0500,0.0100,10,2.040,0.9926,1,0.9440,,0.700,0,
6162,7,146,edge-8,2,edge,1200.0,0.0500,0.0100,9,2.210,0.9008,2,0.9393,,0.700,0,
6163,7,146,edge-8,2,edge,1300.0,0.0500,0.0100,9,1.986,0.9008,3,0.9347,,0.700,0,
6164,7,146,edge-8,2,edge,1400.0,0.0500,0.0100,10,2.516,0.9926,3,0.9300,,0.700,0,
6165,7,146,edge-8,2,edge,1500.0,0.0500,0.0100,10,2.516,0.9926,2,0.9254,,0.700,0,
6166,7,146,edge-8,2,edge,1600.0,0.0500,0.0100,8,2.416,0.7900,2,0.9207,,0.700,0,
6167,7,146,edge-8,2,edge,1700.0,0.0500,0.0100,9,2.439,0.9008,2,0.9180,,0.700,0,
6168,7,146,edge-8,2,edge,1800.0,0.0500,0.0100,9,2.439,0.9008,1,0.9133,,0.700,0,
6169,7,146,edge-8,2,edge,1900.0,0.0500,0.0100,9,2.211,0.9008,2,0.9087,,0.700,0,
6170,7,146,edge-8,2,edge,2000.0,0.0500,0.0100,9,2.211,0.9008,2,0.9040,,0.700,0,
6171,7,146,edge-8,2,edge,2100.0,0.0500,0.0100,10,2.261,0.9926,2,0.8994,,0.700,0,
6172,7,146,edge-8,2,edge,2200.0,0.0500,0.0100,10,2.261,0.9926,1,0.8947,,0.700,0,
6173,7,146,edge-8,2,edge,2300.0,0.0500,0.0100,9,2.211,0.9008,1,0.8901,,0.700,0,
6174,7,146,edge-8,2,edge,2400.0,0.0500,0.0100,10,2.261,0.9926,0,0.8854,,0.700,0,
6175,7,146,edge-8,2,edge,2500.0,0.0500,0.0100,10,2.286,0.9926,0,0.8808,,0.700,0,
6176,7,146,edge-8,2,edge,2600.0,0.0500,0.0100,10,2.211,0.9926,0,0.8761,,0.700,0,
6177,7,146,edge-8,2,edge,2700.0,0.0500,0.0100,9,2.161,0.9008,0,0.8715,,0.700,0,
6178,7,146,edge-8,2,edge,2800.0,0.0500,0.0100,9,2.161,0.9008,0,0.8668,,0.700,0,
6179,7,146,edge-8,2,edge,2900.0,0.0500,0.0100,10,2.191,0.9926,1,0.8622,,0.700,0,
6180,7,146,edge-8,2,edge,3000.0,0.0500,0.0100,9,2.264,0.8990,1,0.8576,,0.700,0,
6181,7,146,edge-8,2,edge,3100.0,0.0500,0.0100,10,2.295,0.9926,2,0.8548,,0.700,0,
6182,7,146,edge-8,2,edge,3200.0,0.0500,0.0100,9,2.003,0.9008,3,0.8501,,0.700,0,
6183,7,146,edge-8,2,edge,3300.0,0.0500,0.0100,10,2.249,0.9926,4,0.8455,,0.700,0,
6184,7,146,edge-8,2,edge,3400.0,0.0500,0.0100,10,2.145,0.9926,4,0.8408,,0.700,0,
6185,7,146,edge-8,2,edge,3500.0,0.0500,0.0100,10,2.145,0.9926,4,0.8362,,0.700,0,
6186,7,146,edge-8,2,edge,3600.0,0.0500,0.0100,10,2.145,0.9926,3,0.8316,,0.700,0,
6187,7,146,edge-8,2,edge,3700.0,0.0500,0.0100,10,2.145,0.9926,2,0.8269,,0.700,0,
6188,7,146,edge-8,2,edge,3800.0,0.0500,0.0100,10,2.290,0.9926,2,0.8223,,0.700,0,
6189,7,146,edge-8,2,edge,3900.0,0.0500,0.0100,10,2.239,0.9926,2,0.8176,,0.700,0,
6190,7,146,edge-8,2,edge,4000.0,0.0500,0.0100,9,2.464,0.9008,2,0.8130,,0.700,0,
6191,7,146,edge-8,2,edge,4100.0,0.0500,0.0100,9,2.464,0.8990,2,0.8083,,0.700,0,
6192,7,146,edge-8,2,edge,4200.0,0.0500,0.0100,9,2.464,0.9008,2,0.8056,,0.700,0,
6193,7,146,edge-8,2,edge,4300.0,0.0500,0.0100,10,2.514,0.9926,1,0.8009,,0.700,0,
6194,7,146,edge-8,2,edge,4400.0,0.0500,0.0100,9,2.464,0.8990,0,0.7963,,0.700,0,
6195,7,146,edge-8,2,edge,4500.0,0.0500,0.0100,10,2.514,0.9926,0,0.7935,,0.700,0,
6196,7,146,edge-8,2,edge,4600.0,0.0500,0.0100,10,2.521,0.9926,1,0.7888,,0.700,0,
6197,7,146,edge-8,2,edge,4700.0,0.0500,0.0100,9,2.471,0.9008,1,0.7842,,0.700,0,
6198,7,146,edge-8,2,edge,4800.0,0.0500,0.0100,10,2.253,0.9926,2,0.7796,,0.700,0,
6199,7,146,edge-8,2,edge,4900.0,0.0500,0.0100,9,2.187,0.9008,3,0.7749,,0.700,0,
6200,7,146,edge-8,2,edge,5000.0,0.0500,0.0100,10,2.447,0.9926,4,0.7703,,0.700,0,
6201,7,149,edge-9,2,edge,0.0,0.0000,0.0100,0,2.062,,1,1.0000,,0.700,0,4619.9
6202,7,149,edge-9,2,edge,100.0,0.0200,0.0100,4,2.262,1.0000,1,0.9904,,0.700,0,4619.9
6203,7,149,edge-9,2,edge,200.0,0.0500,0.0100,9,2.512,0.9008,1,0.9858,,0.700,0,4619.9
6204,7,149,edge-9,2,edge,300.0,0.0500,0.0100,9,2.315,0.9008,2,0.9812,,0.700,0,4619.9
6205,7,149,edge-9,2,edge,400.0,0.0500,0.0100,10,2.033,0.9926,3,0.9765,,0.700,0,4619.9
6206,7,149,edge-9,2,edge,500.0,0.0500,0.0100,9,1.983,0.9008,2,0.9719,,0.700,0,4619.9
6207,7,149,edge-9,2,edge,600.0,0.0500,0.0100,10,2.105,0.9926,3,0.9672,,0.700,0,4619.9
6208,7,149,edge-9,2,edge,700.0,0.0500,0.0100,10,2.184,0.9926,4,0.9626,,0.700,0,4619.9
6209,7,149,edge-9,2,edge,800.0,0.0500,0.0100,7,2.034,0.6547,3,0.9579,,0.700,0,4619.9
6210,7,149,edge-9,2,edge,900.0,0.0500,0.0100,10,2.184,0.9926,2,0.9533,,0.700,0,4619.9
6211,7,149,edge-9,2,edge,1000.0,0.0500,0.0100,10,2.301,0.9926,2,0.9486,,0.700,0,4619.9
6212,7,149,edge-9,2,edge,1100.0,0.0500,0.0100,9,2.251,0.8990,1,0.9440,,0.700,0,4619.9
6213,7,149,edge-9,2,edge,1200.0,0.0500,0.0100,9,2.251,0.9008,0,0.9412,,0.700,0,4619.9
6214,7,149,edge-9,2,edge,1300.0,0.0500,0.0100,10,2.301,0.9926,0,0.9366,,0.700,0,4619.9
6215,7,149,edge-9,2,edge,1400.0,0.0500,0.0100,10,2.301,0.9926,0,0.9319,,0.700,0,4619.9
6216,7,149,edge-9,2,edge,1500.0,0.0500,0.0100,10,2.434,0.9926,1,0.9273,,0.700,0,4619.9
6217,7,149,edge-9,2,edge,1600.0,0.0500,0.0100,10,2.195,0.9926,1,0.9226,,0.700,0,4619.9
6218,7,149,edge-9,2,edge,1700.0,0.0500,0.0100,10,2.195,0.9926,1,0.9180,,0.700,0,4619.9
6219,7,149,edge-9,2,edge,1800.0,0.0500,0.0100,10,2.195,0.9926,1,0.9133,,0.700,0,4619.9
6220,7,149,edge-9,2,edge,1900.0,0.0500,0.0100,10,2.452,0.9926,2,0.9087,,0.700,0,4619.9
6221,7,149,edge-9,2,edge,2000.0,0.0500,0.0100,10,2.452,0.9926,1,0.9040,,0.700,0,4619.9
6222,7,149,edge-9,2,edge,2100.0,0.0500,0.0100,9,2.402,0.9008,1,0.8994,,0.700,0,4619.9
6223,7,149,edge-9,2,edge,2200.0,0.0500,0.0100,10,2.452,0.9926,1,0.8947,,0.700,0,4619.9
6224,7,149,edge-9,2,edge,2300.0,0.0500,0.0100,10,2.452,0.9926,1,0.8901,,0.700,0,4619.9
6225,7,149,edge-9,2,edge,2400.0,0.0500,0.0100,9,2.402,0.9008,0,0.8854,,0.700,0,4619.9
6226,7,149,edge-9,2,edge,2500.0,0.0500,0.0100,10,2.452,0.9926,0,0.8808,,0.700,0,4619.9
6227,7,149,edge-9,2,edge,2600.0,0.0500,0.0100,10,2.452,0.9926,0,0.8761,,0.700,0,4619.9
6228,7,149,edge-9,2,edge,2700.0,0.0500,0.0100,9,2.402,0.9008,0,0.8715,,0.700,0,4619.9
6229,7,149,edge-9,2,edge,2800.0,0.0500,0.0100,9,2.047,0.9008,1,0.8668,,0.700,0,4619.9
6230,7,149,edge-9,2,edge,2900.0,0.0500,0.0100,9,2.160,0.9008,2,0.8622,,0.700,0,4619.9
6231,7,149,edge-9,2,edge,3000.0,0.0500,0.0100,10,2.255,0.9926,3,0.8576,,0.700,0,4619.9
6232,7,149,edge-9,2,edge,3100.0,0.0500,0.0100,10,2.255,0.9926,3,0.8529,,0.700,0,4619.9
6233,7,149,edge-9,2,edge,3200.0,0.0500,0.0100,9,2.205,0.9008,3,0.8483,,0.700,0,4619.9
6234,7,149,edge-9,2,edge,3300.0,0.0500,0.0100,8,1.983,0.7900,3,0.8436,,0.700,0,4619.9
6235,7,149,edge-9,2,edge,3400.0,0.0500,0.0100,9,2.033,0.9008,2,0.8408,,0.700,0,4619.9
6236,7,149,edge-9,2,edge,3500.0,0.0500,0.0100,10,2.083,0.9926,1,0.8362,,0.700,0,4619.9
6237,7,149,edge-9,2,edge,3600.0,0.0500,0.0100,10,2.083,0.9926,1,0.8316,,0.700,0,4619.9
6238,7,149,edge-9,2,edge,3700.0,0.0500,0.0100,9,2.033,0.9008,1,0.8269,,0.700,0,4619.9
6239,7,149,edge-9,2,edge,3800.0,0.0500,0.0100,9,2.141,0.9008,1,0.8223,,0.700,0,4619.9
6240,7,149,edge-9,2,edge,3900.0,0.0500,0.0100,10,2.191,0.9926,1,0.8176,,0.700,0,4619.9
6241,7,149,edge-9,2,edge,4000.0,0.0500,0.0100,10,2.191,0.9926,1,0.8130,,0.700,0,4619.9
6242,7,149,edge-9,2,edge,4100.0,0.0500,0.0100,10,2.208,0.9926,2,0.8083,,0.700,0,4619.9
6243,7,149,edge-9,2,edge,4200.0,0.0500,0.0100,10,2.192,0.9926,2,0.8037,,0.700,0,4619.9
6244,7,149,edge-9,2,edge,4300.0,0.0500,0.0100,9,2.250,0.8990,2,0.7990,,0.700,0,4619.9
6245,7,149,edge-9,2,edge,4400.0,0.0500,0.0100,10,2.300,0.9926,2,0.7963,,0.700,0,4619.9
6246,7,149,edge-9,2,edge,4500.0,0.0500,0.0100,10,2.300,0.9926,2,0.7916,,0.700,1,4619.9
6247,7,149,edge-9,2,edge,4600.0,0.0500,0.0100,10,2.361,0.9926,1,0.7870,,0.700,1,4619.9
6248,7,152,edge-10,2,edge,0.0,0.0000,0.0100,0,2.058,,1,1.0000,,0.700,0,
6249,7,152,edge-10,2,edge,100.0,0.0200,0.0100,4,2.258,1.0000,1,0.9904,,0.700,0,
6250,7,152,edge-10,2,edge,200.0,0.0500,0.0100,9,2.508,0.9008,1,0.9858,,0.700,0,
6251,7,152,edge-10,2,edge,300.0,0.0500,0.0100,10,2.297,0.9926,1,0.9812,,0.700,0,
6252,7,152,edge-10,2,edge,400.0,0.0500,0.0100,10,2.457,0.9926,2,0.9765,,0.700,0,
6253,7,152,edge-10,2,edge,500.0,0.0500,0.0100,10,2.369,0.9926,2,0.9719,,0.700,0,
6254,7,152,edge-10,2,edge,600.0,0.0500,0.0100,10,2.162,0.9926,3,0.9672,,0.700,0,
6255,7,152,edge-10,2,edge,700.0,0.0500,0.0100,8,2.275,0.7900,4,0.9626,,0.700,0,
6256,7,152,edge-10,2,edge,800.0,0.0500,0.0100,10,2.375,0.9926,4,0.9598,,0.700,0,
6257,7,152,edge-10,2,edge,900.0,0.0500,0.0100,9,2.325,0.9008,3,0.9552,,0.700,0,
6258,7,152,edge-10,2,edge,1000.0,0.0500,0.0100,9,2.329,0.9008,3,0.9505,,0.700,0,
6259,7,152,edge-10,2,edge,1100.0,0.0500,0.0100,9,2.356,0.8990,3,0.9459,,0.700,0,
6260,7,152,edge-10,2,edge,1200.0,0.0500,0.0100,9,2.356,0.9008,2,0.9431,,0.700,0,
6261,7,152,edge-10,2,edge,1300.0,0.0500,0.0100,9,2.410,0.9008,2,0.9384,,0.700,0,
6262,7,152,edge-10,2,edge,1400.0,0.0500,0.0100,10,2.137,0.9926,3,0.9338,,0.700,0,
6263,7,152,edge-10,2,edge,1500.0,0.0500,0.0100,8,2.037,0.7900,2,0.9292,,0.700,0,
6264,7,152,edge-10,2,edge,1600.0,0.0500,0.0100,10,2.137,0.9926,1,0.9264,,0.700,0,
6265,7,152,edge-10,2,edge,1700.0,0.0500,0.0100,10,2.137,0.9926,1,0.9217,,0.700,0,
6266,7,152,edge-10,2,edge,1800.0,0.0500,0.0100,10,2.137,0.9926,1,0.9171,,0.700,0,
6267,7,152,edge-10,2,edge,1900.0,0.0500,0.0100,10,2.137,0.9926,0,0.9124,,0.700,0,
6268,7,152,edge-10,2,edge,2000.0,0.0500,0.0100,8,2.037,0.7900,0,0.9078,,0.700,0,
6269,7,152,edge-10,2,edge,2100.0,0.0500,0.0100,9,2.141,0.9008,1,0.9050,,0.700,0,
6270,7,152,edge-10,2,edge,2200.0,0.0500,0.0100,9,2.141,0.9008,1,0.9004,,0.700,0,
6271,7,152,edge-10,2,edge,2300.0,0.0500,0.0100,8,2.091,0.7911,1,0.8957,,0.700,0,
6272,7,152,edge-10,2,edge,2400.0,0.0500,0.0100,10,2.191,0.9926,1,0.8911,,0.700,0,
6273,7,152,edge-10,2,edge,2500.0,0.0500,0.0100,10,2.191,0.9926,1,0.8864,,0.700,0,
6274,7,152,edge-10,2,edge,2600.0,0.0500,0.0100,10,2.191,0.9926,0,0.8818,,0.700,0,
6275,7,152,edge-10,2,edge,2700.0,0.0500,0.0100,9,2.238,0.8990,1,0.8772,,0.700,0,
6276,7,152,edge-10,2,edge,2800.0,0.0500,0.0100,9,2.051,0.9008,2,0.8744,,0.700,0,
6277,7,152,edge-10,2,edge,2900.0,0.0500,0.0100,10,2.080,0.9926,3,0.8697,,0.700,0,
6278,7,152,edge-10,2,edge,3000.0,0.0500,0.0100,8,2.198,0.7911,4,0.8651,,0.700,0,
6279,7,152,edge-10,2,edge,3100.0,0.0500,0.0100,9,2.008,0.9008,5,0.8604,,0.700,0,
6280,7,152,edge-10,2,edge,3200.0,0.0500,0.0100,10,2.282,0.9926,4,0.8558,,0.700,0,
6281,7,152,edge-10,2,edge,3300.0,0.0500,0.0100,9,2.232,0.9008,3,0.8512,,0.700,0,
6282,7,152,edge-10,2,edge,3400.0,0.0500,0.0100,8,2.182,0.7900,2,0.8465,,0.700,0,
6283,7,152,edge-10,2,edge,3500.0,0.0500,0.0100,9,2.232,0.9008,1,0.8437,,0.700,0,
6284,7,152,edge-10,2,edge,3600.0,0.0500,0.0100,10,2.185,0.9926,1,0.8391,,0.700,0,
6285,7,152,edge-10,2,edge,3700.0,0.0500,0.0100,8,2.085,0.7911,1,0.8344,,0.700,0,
6286,7,152,edge-10,2,edge,3800.0,0.0500,0.0100,9,2.135,0.9008,1,0.8298,,0.700,0,
6287,7,152,edge-10,2,edge,3900.0,0.0500,0.0100,10,2.185,0.9926,1,0.8252,,0.700,0,
6288,7,152,edge-10,2,edge,4000.0,0.0500,0.0100,10,2.185,0.9926,1,0.8205,,0.700,0,
6289,7,152,edge-10,2,edge,4100.0,0.0500,0.0100,9,2.135,0.9008,0,0.8159,,0.700,0,
6290,7,152,edge-10,2,edge,4200.0,0.0500,0.0100,8,2.085,0.7900,0,0.8112,,0.700,0,
6291,7,152,edge-10,2,edge,4300.0,0.0500,0.0100,10,2.185,0.9926,0,0.8084,,0.700,0,
6292,7,152,edge-10,2,edge,4400.0,0.0500,0.0100,9,2.067,0.9008,1,0.8038,,0.700,0,
6293,7,152,edge-10,2,edge,4500.0,0.0500,0.0100,10,2.339,0.9926,2,0.7992,,0.700,0,
6294,7,152,edge-10,2,edge,4600.0,0.0500,0.0100,9,2.048,0.9008,2,0.7945,,0.700,0,
6295,7,152,edge-10,2,edge,4700.0,0.0500,0.0100,10,2.339,0.9926,3,0.7899,,0.700,0,
6296,7,152,edge-10,2,edge,4800.0,0.0500,0.0100,10,2.339,0.9926,3,0.7852,,0.700,0,
6297,7,152,edge-10,2,edge,4900.0,0.0500,0.0100,10,2.083,0.9926,3,0.7806,,0.700,0,
6298,7,152,edge-10,2,edge,5000.0,0.0500,0.0100,10,2.288,0.9926,3,0.7759,,0.700,0,
6299,7,155,edge-11,2,edge,0.0,0.0000,0.0100,0,1.701,,1,1.0000,,0.700,0,
6300,7,155,edge-11,2,edge,100.0,0.0200,0.0100,4,1.901,1.0000,1,0.9904,,0.700,0,
6301,7,155,edge-11,2,edge,200.0,0.0500,0.0100,9,2.155,0.9008,2,0.9858,,0.700,0,
6302,7,155,edge-11,2,edge,300.0,0.0500,0.0100,10,2.200,0.9926,3,0.9812,,0.700,0,
6303,7,155,edge-11,2,edge,400.0,0.0500,0.0100,10,2.180,0.9926,4,0.9765,,0.700,0,
6304,7,155,edge-11,2,edge,500.0,0.0500,0.0100,10,2.056,0.9926,4,0.9719,,0.700,0,
6305,7,155,edge-11,2,edge,600.0,0.0500,0.0100,10,2.221,0.9926,5,0.9672,,0.700,0,
6306,7,155,edge-11,2,edge,700.0,0.0500,0.0100,7,2.024,0.6547,5,0.9626,,0.700,0,
6307,7,155,edge-11,2,edge,800.0,0.0500,0.0100,8,2.074,0.7911,4,0.9579,,0.700,0,
6308,7,155,edge-11,2,edge,900.0,0.0500,0.0100,10,2.174,0.9926,3,0.9533,,0.700,0,
6309,7,155,edge-11,2,edge,1000.0,0.0500,0.0100,10,2.196,0.9926,3,0.9486,,0.700,0,
6310,7,155,edge-11,2,edge,1100.0,0.0500,0.0100,10,2.196,0.9926,2,0.9440,,0.700,0,
6311,7,155,edge-11,2,edge,1200.0,0.0500,0.0100,9,2.146,0.9008,1,0.9393,,0.700,0,
6312,7,155,edge-11,2,edge,1300.0,0.0500,0.0100,10,2.142,0.9926,2,0.9347,,0.700,0,
6313,7,155,edge-11,2,edge,1400.0,0.0500,0.0100,10,2.142,0.9926,2,0.9300,,0.700,0,
6314,7,155,edge-11,2,edge,1500.0,0.0500,0.0100,10,2.142,0.9926,1,0.9254,,0.700,0,
6315,7,155,edge-11,2,edge,1600.0,0.0500,0.0100,9,2.092,0.9008,1,0.9207,,0.700,0,
6316,7,155,edge-11,2,edge,1700.0,0.0500,0.0100,9,2.092,0.9008,1,0.9161,,0.700,0,
6317,7,155,edge-11,2,edge,1800.0,0.0500,0.0100,10,2.142,0.9926,0,0.9114,,0.700,0,
6318,7,155,edge-11,2,edge,1900.0,0.0500,0.0100,10,2.142,0.9926,0,0.9068,,0.700,0,
6319,7,155,edge-11,2,edge,2000.0,0.0500,0.0100,10,2.288,0.9926,1,0.9021,,0.700,0,
6320,7,155,edge-11,2,edge,2100.0,0.0500,0.0100,10,2.288,0.9926,1,0.8975,,0.700,0,
6321,7,155,edge-11,2,edge,2200.0,0.0500,0.0100,9,2.238,0.8990,1,0.8928,,0.700,0,
6322,7,155,edge-11,2,edge,2300.0,0.0500,0.0100,9,2.238,0.9008,1,0.8901,,0.700,0,
6323,7,155,edge-11,2,edge,2400.0,0.0500,0.0100,10,2.288,0.9926,1,0.8854,,0.700,0,
6324,7,155,edge-11,2,edge,2500.0,0.0500,0.0100,10,2.288,0.9926,0,0.8808,,0.700,0,
6325,7,155,edge-11,2,edge,2600.0,0.0500,0.0100,10,2.288,0.9926,0,0.8761,,0.700,0,
6326,7,155,edge-11,2,edge,2700.0,0.0500,0.0100,10,2.288,0.9926,0,0.8715,,0.700,0,
6327,7,155,edge-11,2,edge,2800.0,0.0500,0.0100,10,2.288,0.9926,0,0.8668,,0.700,0,
6328,7,155,edge-11,2,edge,2900.0,0.0500,0.0100,10,2.191,0.9926,1,0.8622,,0.700,0,
6329,7,155,edge-11,2,edge,3000.0,0.0500,0.0100,10,2.191,0.9926,1,0.8576,,0.700,0,
6330,7,155,edge-11,2,edge,3100.0,0.0500,0.0100,10,2.191,0.9926,1,0.8529,,0.700,0,
6331,7,155,edge-11,2,edge,3200.0,0.0500,0.0100,9,2.141,0.9008,1,0.8483,,0.700,0,
6332,7,155,edge-11,2,edge,3300.0,0.0500,0.0100,10,2.319,0.9926,2,0.8436,,0.700,0,
6333,7,155,edge-11,2,edge,3400.0,0.0500,0.0100,9,2.060,0.9008,2,0.8390,,0.700,0,
6334,7,155,edge-11,2,edge,3500.0,0.0500,0.0100,10,2.411,0.9926,2,0.8343,,0.700,0,
6335,7,155,edge-11,2,edge,3600.0,0.0500,0.0100,9,2.361,0.9008,2,0.8297,,0.700,0,
6336,7,155,edge-11,2,edge,3700.0,0.0500,0.0100,10,2.094,0.9926,2,0.8250,,0.700,0,
6337,7,155,edge-11,2,edge,3800.0,0.0500,0.0100,10,2.267,0.9926,2,0.8204,,0.700,0,
6338,7,155,edge-11,2,edge,3900.0,0.0500,0.0100,10,2.298,0.9926,2,0.8157,,0.700,0,
6339,7,155,edge-11,2,edge,4000.0,0.0500,0.0100,10,2.076,0.9926,3,0.8111,,0.700,0,
6340,7,155,edge-11,2,edge,4100.0,0.0500,0.0100,9,2.107,0.8990,4,0.8064,,0.700,0,
6341,7,155,edge-11,2,edge,4200.0,0.0500,0.0100,9,2.260,0.9008,5,0.8037,,0.700,0,
6342,7,155,edge-11,2,edge,4300.0,0.0500,0.0100,10,2.310,0.9926,4,0.7990,,0.700,0,
6343,7,155,edge-11,2,edge,4400.0,0.0500,0.0100,10,2.017,0.9926,4,0.7944,,0.700,0,
6344,7,155,edge-11,2,edge,4500.0,0.0500,0.0100,10,2.328,0.9926,4,0.7897,,0.700,0,
6345,7,155,edge-11,2,edge,4600.0,0.0500,0.0100,10,2.205,0.9926,4,0.7851,,0.700,0,
6346,7,155,edge-11,2,edge,4700.0,0.0500,0.0100,9,2.285,0.9008,4,0.7804,,0.700,0,
6347,7,155,edge-11,2,edge,4800.0,0.0500,0.0100,9,2.285,0.9008,4,0.7758,,0.700,0,
6348,7,155,edge-11,2,edge,4900.0,0.0500,0.0100,7,1.984,0.6543,4,0.7711,,0.700,0,
6349,7,155,edge-11,2,edge,5000.0,0.0500,0.0100,10,2.199,0.9926,4,0.7684,,0.700,0,
6350,7,158,edge-12,2,edge,0.0,0.0000,0.0100,0,1.828,,1,1.0000,,0.700,0,
6351,7,158,edge-12,2,edge,100.0,0.0200,0.0100,4,2.028,1.0000,1,0.9904,,0.700,0,
6352,7,158,edge-12,2,edge,200.0,0.0500,0.0100,10,2.562,0.9926,2,0.9858,,0.700,0,
6353,7,158,edge-12,2,edge,300.0,0.0500,0.0100,10,2.562,0.9926,2,0.9812,,0.700,0,
6354,7,158,edge-12,2,edge,400.0,0.0500,0.0100,8,2.462,0.7911,2,0.9765,,0.700,0,
6355,7,158,edge-12,2,edge,500.0,0.0500,0.0100,8,2.462,0.7911,1,0.9719,,0.700,0,
6356,7,158,edge-12,2,edge,600.0,0.0500,0.0100,10,2.562,0.9926,1,0.9672,,0.700,0,
6357,7,158,edge-12,2,edge,700.0,0.0500,0.0100,8,2.462,0.7911,0,0.9626,,0.700,0,
6358,7,158,edge-12,2,edge,800.0,0.0500,0.0100,10,2.562,0.9926,0,0.9579,,0.700,0,
6359,7,158,edge-12,2,edge,900.0,0.0500,0.0100,9,2.155,0.9008,0,0.9533,,0.700,0,
6360,7,158,edge-12,2,edge,1000.0,0.0500,0.0100,10,2.205,0.9926,0,0.9486,,0.700,0,
6361,7,158,edge-12,2,edge,1100.0,0.0500,0.0100,9,2.155,0.8990,0,0.9440,,0.700,0,
6362,7,158,edge-12,2,edge,1200.0,0.0500,0.0100,9,2.155,0.9008,0,0.9412,,0.700,0,
6363,7,158,edge-12,2,edge,1300.0,0.0500,0.0100,10,2.334,0.9926,1,0.9366,,0.700,0,
6364,7,158,edge-12,2,edge,1400.0,0.0500,0.0100,10,2.334,0.9926,1,0.9319,,0.700,0,
6365,7,158,edge-12,2,edge,1500.0,0.0500,0.0100,10,2.151,0.9926,2,0.9273,,0.700,0,
6366,7,158,edge-12,2,edge,1600.0,0.0500,0.0100,10,2.151,0.9926,2,0.9226,,0.700,0,
6367,7,158,edge-12,2,edge,1700.0,0.0500,0.0100,10,2.353,0.9926,3,0.9180,,0.700,0,
6368,7,158,edge-12,2,edge,1800.0,0.0500,0.0100,8,2.253,0.7911,2,0.9133,,0.700,0,
6369,7,158,edge-12,2,edge,1900.0,0.0500,0.0100,9,2.303,0.9008,2,0.9087,,0.700,0,
6370,7,158,edge-12,2,edge,2000.0,0.0500,0.0100,10,2.319,0.9926,2,0.9040,,0.700,0,
6371,7,158,edge-12,2,edge,2100.0,0.0500,0.0100,9,2.269,0.9008,2,0.8994,,0.700,0,
6372,7,158,edge-12,2,edge,2200.0,0.0500,0.0100,9,2.269,0.9008,1,0.8947,,0.700,0,
6373,7,158,edge-12,2,edge,2300.0,0.0500,0.0100,10,2.319,0.9926,1,0.8901,,0.700,0,
6374,7,158,edge-12,2,edge,2400.0,0.0500,0.0100,9,2.026,0.9008,2,0.8854,,0.700,0,
6375,7,158,edge-12,2,edge,2500.0,0.0500,0.0100,10,2.076,0.9926,1,0.8808,,0.700,0,
6376,7,158,edge-12,2,edge,2600.0,0.0500,0.0100,10,2.076,0.9926,1,0.8761,,0.700,0,
6377,7,158,edge-12,2,edge,2700.0,0.0500,0.0100,10,2.350,0.9926,2,0.8715,,0.700,0,
6378,7,158,edge-12,2,edge,2800.0,0.0500,0.0100,10,2.350,0.9926,2,0.8668,,0.700,0,
6379,7,158,edge-12,2,edge,2900.0,0.0500,0.0100,10,2.116,0.9926,2,0.8622,,0.700,0,
6380,7,158,edge-12,2,edge,3000.0,0.0500,0.0100,10,2.362,0.9926,3,0.8576,,0.700,0,
6381,7,158,edge-12,2,edge,3100.0,0.0500,0.0100,8,1.959,0.7900,4,0.8529,,0.700,0,
6382,7,158,edge-12,2,edge,3200.0,0.0500,0.0100,10,2.197,0.9926,4,0.8501,,0.700,0,
6383,7,158,edge-12,2,edge,3300.0,0.0500,0.0100,10,2.413,0.9926,5,0.8455,,0.700,0,
6384,7,158,edge-12,2,edge,3400.0,0.0500,0.0100,9,2.018,0.8990,5,0.8408,,0.700,0,
6385,7,158,edge-12,2,edge,3500.0,0.0500,0.0100,10,2.068,0.9926,4,0.8381,,0.700,0,
6386,7,158,edge-12,2,edge,3600.0,0.0500,0.0100,10,2.206,0.9926,4,0.8334,,0.700,0,
6387,7,158,edge-12,2,edge,3700.0,0.0500,0.0100,9,2.211,0.9008,4,0.8288,,0.700,0,
6388,7,158,edge-12,2,edge,3800.0,0.0500,0.0100,10,2.231,0.9926,4,0.8241,,0.700,0,
6389,7,158,edge-12,2,edge,3900.0,0.0500,0.0100,8,2.131,0.7911,3,0.8195,,0.700,0,
6390,7,158,edge-12,2,edge,4000.0,0.0500,0.0100,10,2.231,0.9926,3,0.8148,,0.700,0,
6391,7,158,edge-12,2,edge,4100.0,0.0500,0.0100,9,2.018,0.8990,3,0.8102,,0.700,0,
6392,7,158,edge-12,2,edge,4200.0,0.0500,0.0100,10,2.068,0.9926,2,0.8074,,0.700,0,
6393,7,158,edge-12,2,edge,4300.0,0.0500,0.0100,10,2.068,0.9926,1,0.8028,,0.700,0,
6394,7,158,edge-12,2,edge,4400.0,0.0500,0.0100,9,2.018,0.9008,1,0.7981,,0.700,0,
6395,7,158,edge-12,2,edge,4500.0,0.0500,0.0100,9,2.018,0.9008,1,0.7935,,0.700,0,
6396,7,158,edge-12,2,edge,4600.0,0.0500,0.0100,10,2.068,0.9926,0,0.7888,,0.700,0,
6397,7,158,edge-12,2,edge,4700.0,0.0500,0.0100,10,2.068,0.9926,0,0.7842,,0.700,0,
6398,7,158,edge-12,2,edge,4800.0,0.0500,0.0100,10,2.068,0.9926,0,0.7796,,0.700,0,
6399,7,158,edge-12,2,edge,4900.0,0.0500,0.0100,9,2.018,0.9008,0,0.7749,,0.700,0,
6400,7,158,edge-12,2,edge,5000.0,0.0500,0.0100,8,1.968,0.7911,0,0.7703,,0.700,0,
6401,7,161,edge-13,2,edge,0.0,0.0000,0.0100,0,1.739,,1,1.0000,,0.700,0,
6402,7,161,edge-13,2,edge,100.0,0.0200,0.0100,4,1.939,1.0000,1,0.9904,,0.700,0,
6403,7,161,edge-13,2,edge,200.0,0.0500,0.0100,10,2.514,0.9926,1,0.9858,,0.700,0,
6404,7,161,edge-13,2,edge,300.0,0.0500,0.0100,8,2.414,0.7900,1,0.9812,,0.700,0,
6405,7,161,edge-13,2,edge,400.0,0.0500,0.0100,10,2.514,0.9926,1,0.9784,,0.700,0,
6406,7,161,edge-13,2,edge,500.0,0.0500,0.0100,10,2.514,0.9926,0,0.9737,,0.700,0,
6407,7,161,edge-13,2,edge,600.0,0.0500,0.0100,9,2.464,0.9008,0,0.9691,,0.700,0,
6408,7,161,edge-13,2,edge,700.0,0.0500,0.0100,10,2.514,0.9926,0,0.9644,,0.700,0,
6409,7,161,edge-13,2,edge,800.0,0.0500,0.0100,10,2.521,0.9926,1,0.9598,,0.700,0,
6410,7,161,edge-13,2,edge,900.0,0.0500,0.0100,10,2.521,0.9926,1,0.9552,,0.700,0,
6411,7,161,edge-13,2,edge,1000.0,0.0500,0.0100,9,2.203,0.8990,2,0.9505,,0.700,0,
6412,7,161,edge-13,2,edge,1100.0,0.0500,0.0100,9,2.187,0.9008,3,0.9477,,0.700,0,
6413,7,161,edge-13,2,edge,1200.0,0.0500,0.0100,10,2.447,0.9926,4,0.9431,,0.700,0,
6414,7,161,edge-13,2,edge,1300.0,0.0500,0.0100,10,2.425,0.9926,3,0.9384,,0.700,0,
6415,7,161,edge-13,2,edge,1400.0,0.0500,0.0100,10,2.641,0.9926,4,0.9338,,0.700,0,
6416,7,161,edge-13,2,edge,1500.0,0.0500,0.0100,10,2.207,0.9926,4,0.9292,,0.700,0,
6417,7,161,edge-13,2,edge,1600.0,0.0500,0.0100,10,2.526,0.9926,4,0.9245,,0.700,0,
6418,7,161,edge-13,2,edge,1700.0,0.0500,0.0100,9,2.405,0.9008,4,0.9199,,0.700,0,
6419,7,161,edge-13,2,edge,1800.0,0.0500,0.0100,10,2.455,0.9926,4,0.9152,,0.700,0,
6420,7,161,edge-13,2,edge,1900.0,0.0500,0.0100,9,2.405,0.9008,3,0.9106,,0.700,0,
6421,7,161,edge-13,2,edge,2000.0,0.0500,0.0100,9,2.405,0.9008,2,0.9059,,0.700,0,
6422,7,161,edge-13,2,edge,2100.0,0.0500,0.0100,9,2.405,0.9008,1,0.9013,,0.700,0,
6423,7,161,edge-13,2,edge,2200.0,0.0500,0.0100,10,2.585,0.9926,1,0.8966,,0.700,0,
6424,7,161,edge-13,2,edge,2300.0,0.0500,0.0100,9,2.535,0.8990,1,0.8920,,0.700,0,
6425,7,161,edge-13,2,edge,2400.0,0.0500,0.0100,10,2.285,0.9926,2,0.8892,,0.700,0,
6426,7,161,edge-13,2,edge,2500.0,0.0500,0.0100,10,2.285,0.9926,2,0.8846,,0.700,0,
6427,7,161,edge-13,2,edge,2600.0,0.0500,0.0100,9,2.235,0.8990,2,0.8799,,0.700,0,
6428,7,161,edge-13,2,edge,2700.0,0.0500,0.0100,10,2.285,0.9926,1,0.8772,,0.700,0,
6429,7,161,edge-13,2,edge,2800.0,0.0500,0.0100,10,2.601,0.9926,1,0.8725,,0.700,0,
6430,7,161,edge-13,2,edge,2900.0,0.0500,0.0100,9,2.220,0.9008,1,0.8679,,0.700,0,
6431,7,161,edge-13,2,edge,3000.0,0.0500,0.0100,9,2.220,0.9008,1,0.8632,,0.700,0,
6432,7,161,edge-13,2,edge,3100.0,0.0500,0.0100,9,2.229,0.9008,2,0.8586,,0.700,0,
6433,7,161,edge-13,2,edge,3200.0,0.0500,0.0100,10,2.477,0.9926,3,0.8539,,0.700,0,
6434,7,161,edge-13,2,edge,3300.0,0.0500,0.0100,9,2.427,0.9008,3,0.8493,,0.700,0,
6435,7,161,edge-13,2,edge,3400.0,0.0500,0.0100,10,2.155,0.9926,3,0.8446,,0.700,0,
6436,7,161,edge-13,2,edge,3500.0,0.0500,0.0100,10,2.155,0.9926,3,0.8400,,0.700,0,
6437,7,161,edge-13,2,edge,3600.0,0.0500,0.0100,10,2.155,0.9926,2,0.8353,,0.700,0,
6438,7,161,edge-13,2,edge,3700.0,0.0500,0.0100,9,2.317,0.9008,2,0.8307,,0.700,0,
6439,7,161,edge-13,2,edge,3800.0,0.0500,0.0100,10,2.323,0.9926,3,0.8260,,0.700,0,
6440,7,161,edge-13,2,edge,3900.0,0.0500,0.0100,10,2.361,0.9926,3,0.8214,,0.700,0,
6441,7,161,edge-13,2,edge,4000.0,0.0500,0.0100,10,2.247,0.9926,4,0.8167,,0.700,0,
6442,7,161,edge-13,2,edge,4100.0,0.0500,0.0100,9,2.197,0.9008,4,0.8121,,0.700,0,
6443,7,161,edge-13,2,edge,4200.0,0.0500,0.0100,10,2.247,0.9926,3,0.8074,,0.700,0,
6444,7,161,edge-13,2,edge,4300.0,0.0500,0.0100,10,2.247,0.9926,2,0.8028,,0.700,0,
6445,7,161,edge-13,2,edge,4400.0,0.0500,0.0100,10,2.487,0.9926,1,0.7981,,0.700,0,
6446,7,161,edge-13,2,edge,4500.0,0.0500,0.0100,10,2.200,0.9926,0,0.7935,,0.700,0,
6447,7,161,edge-13,2,edge,4600.0,0.0500,0.0100,8,1.999,0.7911,1,0.7888,,0.700,0,
6448,7,161,edge-13,2,edge,4700.0,0.0500,0.0100,9,2.049,0.9008,1,0.7842,,0.700,0,
6449,7,161,edge-13,2,edge,4800.0,0.0500,0.0100,9,2.330,0.9008,2,0.7796,,0.700,0,
6450,7,161,edge-13,2,edge,4900.0,0.0500,0.0100,10,2.380,0.9926,2,0.7749,,0.700,0,
6451,7,161,edge-13,2,edge,5000.0,0.0500,0.0100,10,2.380,0.9926,2,0.7703,,0.700,0,
6452,7,164,edge-14,2,edge,0.0,0.0000,0.0100,0,1.533,,1,1.0000,,0.700,0,
6453,7,164,edge-14,2,edge,100.0,0.0200,0.0100,4,1.733,1.0000,1,0.9904,,0.700,0,
6454,7,164,edge-14,2,edge,200.0,0.0500,0.0100,10,2.105,0.9926,2,0.9858,,0.700,0,
6455,7,164,edge-14,2,edge,300.0,0.0500,0.0100,9,2.134,0.8990,3,0.9812,,0.700,0,
6456,7,164,edge-14,2,edge,400.0,0.0500,0.0100,10,2.184,0.9926,3,0.9784,,0.700,0,
6457,7,164,edge-14,2,edge,500.0,0.0500,0.0100,10,2.184,0.9926,2,0.9737,,0.700,0,
6458,7,164,edge-14,2,edge,600.0,0.0500,0.0100,9,2.251,0.8990,2,0.9691,,0.700,0,
6459,7,164,edge-14,2,edge,700.0,0.0500,0.0100,10,2.301,0.9926,1,0.9663,,0.700,0,
6460,7,164,edge-14,2,edge,800.0,0.0500,0.0100,10,2.301,0.9926,0,0.9617,,0.700,0,
6461,7,164,edge-14,2,edge,900.0,0.0500,0.0100,10,2.301,0.9926,0,0.9570,,0.700,0,
6462,7,164,edge-14,2,edge,1000.0,0.0500,0.0100,10,2.301,0.9926,0,0.9524,,0.700,0,
6463,7,164,edge-14,2,edge,1100.0,0.0500,0.0100,10,2.434,0.9926,1,0.9477,,0.700,0,
6464,7,164,edge-14,2,edge,1200.0,0.0500,0.0100,10,2.195,0.9926,1,0.9431,,0.700,0,
6465,7,164,edge-14,2,edge,1300.0,0.0500,0.0100,9,2.145,0.9008,1,0.9384,,0.700,0,
6466,7,164,edge-14,2,edge,1400.0,0.0500,0.0100,10,2.195,0.9926,1,0.9338,,0.700,0,
6467,7,164,edge-14,2,edge,1500.0,0.0500,0.0100,10,2.452,0.9926,2,0.9292,,0.700,0,
6468,7,164,edge-14,2,edge,1600.0,0.0500,0.0100,10,2.452,0.9926,1,0.9245,,0.700,0,
6469,7,164,edge-14,2,edge,1700.0,0.0500,0.0100,10,2.452,0.9926,1,0.9199,,0.700,0,
6470,7,164,edge-14,2,edge,1800.0,0.0500,0.0100,10,2.452,0.9926,1,0.9152,,0.700,0,
6471,7,164,edge-14,2,edge,1900.0,0.0500,0.0100,10,2.452,0.9926,1,0.9106,,0.700,0,
6472,7,164,edge-14,2,edge,2000.0,0.0500,0.0100,9,2.402,0.9008,0,0.9059,,0.700,0,
6473,7,164,edge-14,2,edge,2100.0,0.0500,0.0100,10,2.452,0.9926,0,0.9013,,0.700,0,
6474,7,164,edge-14,2,edge,2200.0,0.0500,0.0100,9,2.402,0.8990,0,0.8966,,0.700,0,
6475,7,164,edge-14,2,edge,2300.0,0.0500,0.0100,9,2.402,0.9008,0,0.8939,,0.700,0,
6476,7,164,edge-14,2,edge,2400.0,0.0500,0.0100,9,2.047,0.9008,1,0.8892,,0.700,0,
6477,7,164,edge-14,2,edge,2500.0,0.0500,0.0100,9,2.160,0.9008,2,0.8846,,0.700,0,
6478,7,164,edge-14,2,edge,2600.0,0.0500,0.0100,8,2.155,0.7911,3,0.8799,,0.700,0,
6479,7,164,edge-14,2,edge,2700.0,0.0500,0.0100,10,2.255,0.9926,3,0.8753,,0.700,0,
6480,7,164,edge-14,2,edge,2800.0,0.0500,0.0100,10,2.255,0.9926,3,0.8706,,0.700,0,
6481,7,164,edge-14,2,edge,2900.0,0.0500,0.0100,10,2.083,0.9926,3,0.8660,,0.700,0,
6482,7,164,edge-14,2,edge,3000.0,0.0500,0.0100,9,2.033,0.9008,2,0.8613,,0.700,0,
6483,7,164,edge-14,2,edge,3100.0,0.0500,0.0100,10,2.083,0.9926,1,0.8567,,0.700,0,
6484,7,164,edge-14,2,edge,3200.0,0.0500,0.0100,9,2.033,0.9008,1,0.8520,,0.700,0,
6485,7,164,edge-14,2,edge,3300.0,0.0500,0.0100,10,2.083,0.9926,1,0.8474,,0.700,0,
6486,7,164,edge-14,2,edge,3400.0,0.0500,0.0100,8,2.091,0.7911,1,0.8427,,0.700,0,
6487,7,164,edge-14,2,edge,3500.0,0.0500,0.0100,9,2.141,0.9008,1,0.8381,,0.700,0,
6488,7,164,edge-14,2,edge,3600.0,0.0500,0.0100,9,2.141,0.9008,1,0.8334,,0.700,0,
6489,7,164,edge-14,2,edge,3700.0,0.0500,0.0100,8,2.108,0.7911,2,0.8288,,0.700,0,
6490,7,164,edge-14,2,edge,3800.0,0.0500,0.0100,10,2.192,0.9926,2,0.8241,,0.700,0,
6491,7,164,edge-14,2,edge,3900.0,0.0500,0.0100,9,2.250,0.9008,2,0.8195,,0.700,0,
6492,7,164,edge-14,2,edge,4000.0,0.0500,0.0100,10,2.300,0.9926,2,0.8148,,0.700,0,
6493,7,164,edge-14,2,edge,4100.0,0.0500,0.0100,10,2.300,0.9926,2,0.8102,,0.700,0,
6494,7,164,edge-14,2,edge,4200.0,0.0500,0.0100,10,2.361,0.9926,1,0.8056,,0.700,0,
6495,7,164,edge-14,2,edge,4300.0,0.0500,0.0100,10,2.126,0.9926,2,0.8009,,0.700,0,
6496,7,164,edge-14,2,edge,4400.0,0.0500,0.0100,9,2.209,0.9008,2,0.7963,,0.700,0,
6497,7,164,edge-14,2,edge,4500.0,0.0500,0.0100,9,2.140,0.8990,3,0.7916,,0.700,0,
6498,7,164,edge-14,2,edge,4600.0,0.0500,0.0100,10,2.115,0.9926,4,0.7888,,0.700,0,
6499,7,164,edge-14,2,edge,4700.0,0.0500,0.0100,10,2.107,0.9926,5,0.7842,,0.700,0,
6500,7,164,edge-14,2,edge,4800.0,0.0500,0.0100,9,2.358,0.9008,4,0.7796,,0.700,0,
6501,7,164,edge-14,2,edge,4900.0,0.0500,0.0100,10,2.408,0.9926,3,0.7749,,0.700,0,
6502,7,164,edge-14,2,edge,5000.0,0.0500,0.0100,7,1.889,0.6543,3,0.7703,,0.700,0,
6503,7,167,edge-15,2,edge,0.0,0.0000,0.0100,0,1.782,,1,1.0000,,0.700,0,
6504,7,167,edge-15,2,edge,100.0,0.0200,0.0100,4,1.982,1.0000,1,0.9904,,0.700,0,
6505,7,167,edge-15,2,edge,200.0,0.0500,0.0100,9,2.232,0.9008,1,0.9858,,0.700,0,
6506,7,167,edge-15,2,edge,300.0,0.0500,0.0100,9,2.232,0.9008,1,0.9812,,0.700,0,
6507,7,167,edge-15,2,edge,400.0,0.0500,0.0100,10,2.185,0.9926,2,0.9765,,0.700,0,
6508,7,167,edge-15,2,edge,500.0,0.0500,0.0100,10,2.185,0.9926,1,0.9719,,0.700,0,
6509,7,167,edge-15,2,edge,600.0,0.0500,0.0100,9,2.135,0.9008,1,0.9672,,0.700,0,
6510,7,167,edge-15,2,edge,700.0,0.0500,0.0100,10,2.185,0.9926,1,0.9626,,0.700,0,
6511,7,167,edge-15,2,edge,800.0,0.0500,0.0100,9,2.135,0.8990,1,0.9579,,0.700,0,
6512,7,167,edge-15,2,edge,900.0,0.0500,0.0100,9,2.135,0.9008,0,0.9552,,0.700,0,
6513,7,167,edge-15,2,edge,1000.0,0.0500,0.0100,10,2.185,0.9926,0,0.9505,,0.700,0,
6514,7,167,edge-15,2,edge,1100.0,0.0500,0.0100,10,2.185,0.9926,0,0.9459,,0.700,0,
6515,7,167,edge-15,2,edge,1200.0,0.0500,0.0100,10,2.117,0.9926,1,0.9412,,0.700,0,
6516,7,167,edge-15,2,edge,1300.0,0.0500,0.0100,10,2.339,0.9926,2,0.9366,,0.700,0,
6517,7,167,edge-15,2,edge,1400.0,0.0500,0.0100,9,2.048,0.9008,2,0.9319,,0.700,0,
6518,7,167,edge-15,2,edge,1500.0,0.0500,0.0100,10,2.339,0.9926,3,0.9273,,0.700,0,
6519,7,167,edge-15,2,edge,1600.0,0.0500,0.0100,10,2.339,0.9926,3,0.9226,,0.700,0,
6520,7,167,edge-15,2,edge,1700.0,0.0500,0.0100,10,2.083,0.9926,3,0.9180,,0.700,0,
6521,7,167,edge-15,2,edge,1800.0,0.0500,0.0100,10,2.288,0.9926,3,0.9133,,0.700,0,
6522,7,167,edge-15,2,edge,1900.0,0.0500,0.0100,10,2.212,0.9926,4,0.9087,,0.700,0,
6523,7,167,edge-15,2,edge,2000.0,0.0500,0.0100,10,2.095,0.9926,3,0.9040,,0.700,0,
6524,7,167,edge-15,2,edge,2100.0,0.0500,0.0100,10,2.073,0.9926,4,0.8994,,0.700,0,
6525,7,167,edge-15,2,edge,2200.0,0.0500,0.0100,9,2.192,0.9008,4,0.8947,,0.700,0,
6526,7,167,edge-15,2,edge,2300.0,0.0500,0.0100,10,2.183,0.9926,4,0.8901,,0.700,0,
6527,7,167,edge-15,2,edge,2400.0,0.0500,0.0100,10,2.215,0.9926,4,0.8854,,0.700,0,
6528,7,167,edge-15,2,edge,2500.0,0.0500,0.0100,10,2.215,0.9926,4,0.8808,,0.700,0,
6529,7,167,edge-15,2,edge,2600.0,0.0500,0.0100,10,2.328,0.9926,4,0.8761,,0.700,0,
6530,7,167,edge-15,2,edge,2700.0,0.0500,0.0100,10,2.328,0.9926,3,0.8715,,0.700,0,
6531,7,167,edge-15,2,edge,2800.0,0.0500,0.0100,9,2.008,0.9008,3,0.8668,,0.700,0,
6532,7,167,edge-15,2,edge,2900.0,0.0500,0.0100,9,2.224,0.9008,3,0.8622,,0.700,0,
6533,7,167,edge-15,2,edge,3000.0,0.0500,0.0100,9,2.224,0.9008,3,0.8576,,0.700,0,
6534,7,167,edge-15,2,edge,3100.0,0.0500,0.0100,10,2.274,0.9926,2,0.8529,,0.700,0,
6535,7,167,edge-15,2,edge,3200.0,0.0500,0.0100,9,1.969,0.8990,3,0.8483,,0.700,0,
6536,7,167,edge-15,2,edge,3300.0,0.0500,0.0100,9,1.969,0.9008,2,0.8455,,0.700,0,
6537,7,167,edge-15,2,edge,3400.0,0.0500,0.0100,10,2.019,0.9926,1,0.8408,,0.700,0,
6538,7,167,edge-15,2,edge,3500.0,0.0500,0.0100,9,1.969,0.9008,1,0.8362,,0.700,0,
6539,7,167,edge-15,2,edge,3600.0,0.0500,0.0100,10,2.019,0.9926,1,0.8316,,0.700,0,
6540,7,167,edge-15,2,edge,3700.0,0.0500,0.0100,10,2.283,0.9926,1,0.8269,,0.700,0,
6541,7,167,edge-15,2,edge,3800.0,0.0500,0.0100,10,2.283,0.9926,1,0.8223,,0.700,0,
6542,7,167,edge-15,2,edge,3900.0,0.0500,0.0100,8,2.183,0.7911,1,0.8176,,0.700,0,
6543,7,167,edge-15,2,edge,4000.0,0.0500,0.0100,10,2.270,0.9926,2,0.8130,,0.700,0,
6544,7,167,edge-15,2,edge,4100.0,0.0500,0.0100,10,2.270,0.9926,2,0.8083,,0.700,0,
6545,7,167,edge-15,2,edge,4200.0,0.0500,0.0100,10,2.270,0.9926,1,0.8037,,0.700,0,
6546,7,167,edge-15,2,edge,4300.0,0.0500,0.0100,10,2.270,0.9926,1,0.7990,,0.700,0,
6547,7,167,edge-15,2,edge,4400.0,0.0500,0.0100,9,1.981,0.9008,2,0.7944,,0.700,0,
6548,7,167,edge-15,2,edge,4500.0,0.0500,0.0100,10,2.269,0.9926,2,0.7897,,0.700,0,
6549,7,167,edge-15,2,edge,4600.0,0.0500,0.0100,9,2.115,0.8990,3,0.7851,,0.700,0,
6550,7,167,edge-15,2,edge,4700.0,0.0500,0.0100,9,2.115,0.9008,3,0.7823,,0.700,0,
6551,7,167,edge-15,2,edge,4800.0,0.0500,0.0100,10,2.269,0.9926,4,0.7777,,0.700,0,
6552,7,167,edge-15,2,edge,4900.0,0.0500,0.0100,10,2.179,0.9926,4,0.7730,,0.700,0,
6553,7,167,edge-15,2,edge,5000.0,0.0500,0.0100,8,2.079,0.7911,3,0.7684,,0.700,0,
6554,7,170,edge-16,2,edge,0.0,0.0000,0.0100,0,1.788,,1,1.0000,,0.700,0,
6555,7,170,edge-16,2,edge,100.0,0.0200,0.0100,4,1.988,1.0000,1,0.9904,,0.700,0,
6556,7,170,edge-16,2,edge,200.0,0.0500,0.0100,10,2.288,0.9926,1,0.9858,,0.700,0,
6557,7,170,edge-16,2,edge,300.0,0.0500,0.0100,10,2.288,0.9926,1,0.9812,,0.700,0,
6558,7,170,edge-16,2,edge,400.0,0.0500,0.0100,9,2.238,0.9008,1,0.9765,,0.700,0,
6559,7,170,edge-16,2,edge,500.0,0.0500,0.0100,10,2.288,0.9926,0,0.9719,,0.700,0,
6560,7,170,edge-16,2,edge,600.0,0.0500,0.0100,10,2.288,0.9926,0,0.9672,,0.700,0,
6561,7,170,edge-16,2,edge,700.0,0.0500,0.0100,10,2.191,0.9926,1,0.9626,,0.700,0,
6562,7,170,edge-16,2,edge,800.0,0.0500,0.0100,9,2.141,0.8990,1,0.9579,,0.700,0,
6563,7,170,edge-16,2,edge,900.0,0.0500,0.0100,9,2.141,0.9008,1,0.9552,,0.700,0,
6564,7,170,edge-16,2,edge,1000.0,0.0500,0.0100,9,2.141,0.9008,1,0.9505,,0.700,0,
6565,7,170,edge-16,2,edge,1100.0,0.0500,0.0100,10,2.319,0.9926,2,0.9459,,0.700,0,
6566,7,170,edge-16,2,edge,1200.0,0.0500,0.0100,10,2.110,0.9926,2,0.9412,,0.700,0,
6567,7,170,edge-16,2,edge,1300.0,0.0500,0.0100,10,2.411,0.9926,2,0.9366,,0.700,0,
6568,7,170,edge-16,2,edge,1400.0,0.0500,0.0100,7,2.261,0.6543,2,0.9319,,0.700,0,
6569,7,170,edge-16,2,edge,1500.0,0.0500,0.0100,10,2.094,0.9926,2,0.9292,,0.700,0,
6570,7,170,edge-16,2,edge,1600.0,0.0500,0.0100,9,2.217,0.9008,2,0.9245,,0.700,0,
6571,7,170,edge-16,2,edge,1700.0,0.0500,0.0100,10,2.298,0.9926,2,0.9199,,0.700,0,
6572,7,170,edge-16,2,edge,1800.0,0.0500,0.0100,10,2.076,0.9926,3,0.9152,,0.700,0,
6573,7,170,edge-16,2,edge,1900.0,0.0500,0.0100,10,2.157,0.9926,4,0.9106,,0.700,0,
6574,7,170,edge-16,2,edge,2000.0,0.0500,0.0100,10,2.310,0.9926,5,0.9059,,0.700,0,
6575,7,170,edge-16,2,edge,2100.0,0.0500,0.0100,10,2.310,0.9926,4,0.9013,,0.700,0,
6576,7,170,edge-16,2,edge,2200.0,0.0500,0.0100,10,2.017,0.9926,4,0.8966,,0.700,0,
6577,7,170,edge-16,2,edge,2300.0,0.0500,0.0100,10,2.328,0.9926,4,0.8920,,0.700,0,
6578,7,170,edge-16,2,edge,2400.0,0.0500,0.0100,10,2.205,0.9926,4,0.8873,,0.700,0,
6579,7,170,edge-16,2,edge,2500.0,0.0500,0.0100,10,2.335,0.9926,4,0.8827,,0.700,0,
6580,7,170,edge-16,2,edge,2600.0,0.0500,0.0100,10,2.335,0.9926,4,0.8780,,0.700,0,
6581,7,170,edge-16,2,edge,2700.0,0.0500,0.0100,8,2.034,0.7900,4,0.8734,,0.700,0,
6582,7,170,edge-16,2,edge,2800.0,0.0500,0.0100,10,2.199,0.9926,4,0.8706,,0.700,0,
6583,7,170,edge-16,2,edge,2900.0,0.0500,0.0100,10,2.133,0.9926,4,0.8660,,0.700,0,
6584,7,170,edge-16,2,edge,3000.0,0.0500,0.0100,8,2.033,0.7911,3,0.8613,,0.700,0,
6585,7,170,edge-16,2,edge,3100.0,0.0500,0.0100,10,2.133,0.9926,3,0.8567,,0.700,0,
6586,7,170,edge-16,2,edge,3200.0,0.0500,0.0100,10,2.270,0.9926,3,0.8520,,0.700,0,
6587,7,170,edge-16,2,edge,3300.0,0.0500,0.0100,10,2.270,0.9926,2,0.8474,,0.700,0,
6588,7,170,edge-16,2,edge,3400.0,0.0500,0.0100,9,2.220,0.9008,1,0.8427,,0.700,0,
6589,7,170,edge-16,2,edge,3500.0,0.0500,0.0100,10,2.270,0.9926,1,0.8381,,0.700,0,
6590,7,170,edge-16,2,edge,3600.0,0.0500,0.0100,10,2.088,0.9926,2,0.8334,,0.700,0,
6591,7,170,edge-16,2,edge,3700.0,0.0500,0.0100,9,2.154,0.9008,2,0.8288,,0.700,0,
6592,7,170,edge-16,2,edge,3800.0,0.0500,0.0100,9,2.065,0.9008,3,0.8241,,0.700,0,
6593,7,170,edge-16,2,edge,3900.0,0.0500,0.0100,8,2.300,0.7911,4,0.8195,,0.700,0,
6594,7,170,edge-16,2,edge,4000.0,0.0500,0.0100,10,2.400,0.9926,4,0.8148,,0.700,0,
6595,7,170,edge-16,2,edge,4100.0,0.0500,0.0100,10,2.400,0.9926,3,0.8102,,0.700,0,
6596,7,170,edge-16,2,edge,4200.0,0.0500,0.0100,9,2.350,0.9008,2,0.8056,,0.700,0,
6597,7,170,edge-16,2,edge,4300.0,0.0500,0.0100,10,2.400,0.9926,1,0.8009,,0.700,0,
6598,7,170,edge-16,2,edge,4400.0,0.0500,0.0100,9,2.350,0.9008,0,0.7963,,0.700,0,
6599,7,170,edge-16,2,edge,4500.0,0.0500,0.0100,9,2.561,0.8990,1,0.7916,,0.700,0,
6600,7,170,edge-16,2,edge,4600.0,0.0500,0.0100,10,2.611,0.9926,1,0.7888,,0.700,0,
6601,7,170,edge-16,2,edge,4700.0,0.0500,0.0100,10,2.611,0.9926,1,0.7842,,0.700,0,
6602,7,170,edge-16,2,edge,4800.0,0.0500,0.0100,9,2.285,0.8990,2,0.7796,,0.700,0,
6603,7,170,edge-16,2,edge,4900.0,0.0500,0.0100,10,2.349,0.9926,3,0.7768,,0.700,0,
6604,7,170,edge-16,2,edge,5000.0,0.0500,0.0100,9,2.299,0.9008,2,0.7721,,0.700,0,
6605,7,173,edge-17,2,edge,0.0,0.0000,0.0100,0,1.761,,1,1.0000,,0.700,0,
6606,7,173,edge-17,2,edge,100.0,0.0200,0.0100,4,1.961,1.0000,1,0.9904,,0.700,0,
6607,7,173,edge-17,2,edge,200.0,0.0500,0.0100,10,2.231,0.9926,2,0.9858,,0.700,0,
6608,7,173,edge-17,2,edge,300.0,0.0500,0.0100,10,2.231,0.9926,2,0.9812,,0.700,0,
6609,7,173,edge-17,2,edge,400.0,0.0500,0.0100,9,2.181,0.8990,2,0.9765,,0.700,0,
6610,7,173,edge-17,2,edge,500.0,0.0500,0.0100,10,2.068,0.9926,2,0.9737,,0.700,0,
6611,7,173,edge-17,2,edge,600.0,0.0500,0.0100,10,2.068,0.9926,2,0.9691,,0.700,0,
6612,7,173,edge-17,2,edge,700.0,0.0500,0.0100,9,2.018,0.9008,1,0.9644,,0.700,0,
6613,7,173,edge-17,2,edge,800.0,0.0500,0.0100,9,2.018,0.9008,1,0.9598,,0.700,0,
6614,7,173,edge-17,2,edge,900.0,0.0500,0.0100,10,2.068,0.9926,1,0.9552,,0.700,0,
6615,7,173,edge-17,2,edge,1000.0,0.0500,0.0100,10,2.068,0.9926,0,0.9505,,0.700,0,
6616,7,173,edge-17,2,edge,1100.0,0.0500,0.0100,10,2.068,0.9926,0,0.9459,,0.700,0,
6617,7,173,edge-17,2,edge,1200.0,0.0500,0.0100,9,2.018,0.9008,0,0.9412,,0.700,0,
6618,7,173,edge-17,2,edge,1300.0,0.0500,0.0100,9,2.018,0.8990,0,0.9366,,0.700,0,
6619,7,173,edge-17,2,edge,1400.0,0.0500,0.0100,10,2.068,0.9926,0,0.9338,,0.700,0,
6620,7,173,edge-17,2,edge,1500.0,0.0500,0.0100,10,2.068,0.9926,0,0.9292,,0.700,0,
6621,7,173,edge-17,2,edge,1600.0,0.0500,0.0100,9,2.018,0.9008,0,0.9245,,0.700,0,
6622,7,173,edge-17,2,edge,1700.0,0.0500,0.0100,10,2.068,0.9926,0,0.9199,,0.700,0,
6623,7,173,edge-17,2,edge,1800.0,0.0500,0.0100,10,2.068,0.9926,0,0.9152,,0.700,0,
6624,7,173,edge-17,2,edge,1900.0,0.0500,0.0100,10,2.068,0.9926,0,0.9106,,0.700,0,
6625,7,173,edge-17,2,edge,2000.0,0.0500,0.0100,10,2.068,0.9926,0,0.9059,,0.700,0,
6626,7,173,edge-17,2,edge,2100.0,0.0500,0.0100,9,2.018,0.9008,0,0.9013,,0.700,0,
6627,7,173,edge-17,2,edge,2200.0,0.0500,0.0100,9,2.018,0.8990,0,0.8966,,0.700,0,
6628,7,173,edge-17,2,edge,2300.0,0.0500,0.0100,9,2.018,0.9008,0,0.8939,,0.700,0,
6629,7,173,edge-17,2,edge,2400.0,0.0500,0.0100,10,2.068,0.9926,0,0.8892,,0.700,0,
6630,7,173,edge-17,2,edge,2500.0,0.0500,0.0100,9,2.018,0.8990,0,0.8846,,0.700,0,
6631,7,173,edge-17,2,edge,2600.0,0.0500,0.0100,10,2.191,0.9926,1,0.8818,,0.700,0,
6632,7,173,edge-17,2,edge,2700.0,0.0500,0.0100,9,2.141,0.8990,1,0.8772,,0.700,0,
6633,7,173,edge-17,2,edge,2800.0,0.0500,0.0100,10,2.191,0.9926,1,0.8744,,0.700,0,
6634,7,173,edge-17,2,edge,2900.0,0.0500,0.0100,10,2.191,0.9926,1,0.8697,,0.700,0,
6635,7,173,edge-17,2,edge,3000.0,0.0500,0.0100,9,2.146,0.9008,2,0.8651,,0.700,0,
6636,7,173,edge-17,2,edge,3100.0,0.0500,0.0100,9,2.194,0.9008,2,0.8604,,0.700,0,
6637,7,173,edge-17,2,edge,3200.0,0.0500,0.0100,10,2.184,0.9926,3,0.8558,,0.700,0,
6638,7,173,edge-17,2,edge,3300.0,0.0500,0.0100,10,2.239,0.9926,4,0.8512,,0.700,0,
6639,7,173,edge-17,2,edge,3400.0,0.0500,0.0100,8,2.011,0.7900,5,0.8465,,0.700,0,
6640,7,173,edge-17,2,edge,3500.0,0.0500,0.0100,10,2.111,0.9926,4,0.8437,,0.700,0,
6641,7,173,edge-17,2,edge,3600.0,0.0500,0.0100,10,2.229,0.9926,4,0.8391,,0.700,0,
6642,7,173,edge-17,2,edge,3700.0,0.0500,0.0100,10,2.349,0.9926,4,0.8344,,0.700,0,
6643,7,173,edge-17,2,edge,3800.0,0.0500,0.0100,9,2.208,0.9008,4,0.8298,,0.700,0,
6644,7,173,edge-17,2,edge,3900.0,0.0500,0.0100,8,2.158,0.7911,3,0.8252,,0.700,0,
6645,7,173,edge-17,2,edge,4000.0,0.0500,0.0100,8,1.979,0.7911,4,0.8205,,0.700,0,
6646,7,173,edge-17,2,edge,4100.0,0.0500,0.0100,10,2.079,0.9926,3,0.8159,,0.700,0,
6647,7,173,edge-17,2,edge,4200.0,0.0500,0.0100,8,1.979,0.7911,2,0.8112,,0.700,0,
6648,7,173,edge-17,2,edge,4300.0,0.0500,0.0100,10,2.079,0.9926,1,0.8066,,0.700,0,
6649,7,173,edge-17,2,edge,4400.0,0.0500,0.0100,9,2.318,0.8990,2,0.8019,,0.700,0,
6650,7,173,edge-17,2,edge,4500.0,0.0500,0.0100,10,2.368,0.9926,1,0.7992,,0.700,0,
6651,7,173,edge-17,2,edge,4600.0,0.0500,0.0100,10,2.368,0.9926,1,0.7945,,0.700,0,
6652,7,173,edge-17,2,edge,4700.0,0.0500,0.0100,10,2.368,0.9926,1,0.7899,,0.700,0,
6653,7,173,edge-17,2,edge,4800.0,0.0500,0.0100,9,2.318,0.9008,1,0.7852,,0.700,0,
6654,7,173,edge-17,2,edge,4900.0,0.0500,0.0100,10,2.368,0.9926,0,0.7806,,0.700,0,
6655,7,173,edge-17,2,edge,5000.0,0.0500,0.0100,9,2.242,0.9008,1,0.7759,,0.700,0,
6656,7,176,edge-18,2,edge,0.0,0.0000,0.0100,0,1.761,,1,1.0000,,0.700,0,
6657,7,176,edge-18,2,edge,100.0,0.0200,0.0100,4,1.961,1.0000,1,0.9904,,0.700,0,
6658,7,176,edge-18,2,edge,200.0,0.0500,0.0100,10,2.261,0.9926,1,0.9858,,0.700,0,
6659,7,176,edge-18,2,edge,300.0,0.0500,0.0100,9,2.211,0.8990,1,0.9812,,0.700,0,
6660,7,176,edge-18,2,edge,400.0,0.0500,0.0100,10,2.261,0.9926,1,0.9784,,0.700,0,
6661,7,176,edge-18,2,edge,500.0,0.0500,0.0100,10,2.286,0.9926,0,0.9737,,0.700,0,
6662,7,176,edge-18,2,edge,600.0,0.0500,0.0100,8,2.111,0.7900,0,0.9691,,0.700,0,
6663,7,176,edge-18,2,edge,700.0,0.0500,0.0100,9,2.161,0.9008,0,0.9663,,0.700,0,
6664,7,176,edge-18,2,edge,800.0,0.0500,0.0100,9,2.161,0.9008,0,0.9617,,0.700,0,
6665,7,176,edge-18,2,edge,900.0,0.0500,0.0100,10,2.191,0.9926,1,0.9570,,0.700,0,
6666,7,176,edge-18,2,edge,1000.0,0.0500,0.0100,9,2.264,0.9008,1,0.9524,,0.700,0,
6667,7,176,edge-18,2,edge,1100.0,0.0500,0.0100,10,2.295,0.9926,2,0.9477,,0.700,0,
6668,7,176,edge-18,2,edge,1200.0,0.0500,0.0100,10,2.053,0.9926,3,0.9431,,0.700,0,
6669,7,176,edge-18,2,edge,1300.0,0.0500,0.0100,10,2.249,0.9926,4,0.9384,,0.700,0,
6670,7,176,edge-18,2,edge,1400.0,0.0500,0.0100,9,2.095,0.9008,4,0.9338,,0.700,0,
6671,7,176,edge-18,2,edge,1500.0,0.0500,0.0100,10,2.145,0.9926,4,0.9292,,0.700,0,
6672,7,176,edge-18,2,edge,1600.0,0.0500,0.0100,10,2.145,0.9926,3,0.9245,,0.700,0,
6673,7,176,edge-18,2,edge,1700.0,0.0500,0.0100,10,2.145,0.9926,2,0.9199,,0.700,0,
6674,7,176,edge-18,2,edge,1800.0,0.0500,0.0100,10,2.290,0.9926,2,0.9152,,0.700,0,
6675,7,176,edge-18,2,edge,1900.0,0.0500,0.0100,10,2.239,0.9926,2,0.9106,,0.700,0,
6676,7,176,edge-18,2,edge,2000.0,0.0500,0.0100,10,2.514,0.9926,2,0.9059,,0.700,0,
6677,7,176,edge-18,2,edge,2100.0,0.0500,0.0100,10,2.514,0.9926,2,0.9013,,0.700,0,
6678,7,176,edge-18,2,edge,2200.0,0.0500,0.0100,9,2.464,0.9008,2,0.8966,,0.700,0,
6679,7,176,edge-18,2,edge,2300.0,0.0500,0.0100,9,2.464,0.9008,1,0.8920,,0.700,0,
6680,7,176,edge-18,2,edge,2400.0,0.0500,0.0100,10,2.514,0.9926,0,0.8873,,0.700,0,
6681,7,176,edge-18,2,edge,2500.0,0.0500,0.0100,10,2.514,0.9926,0,0.8827,,0.700,0,
6682,7,176,edge-18,2,edge,2600.0,0.0500,0.0100,10,2.521,0.9926,1,0.8780,,0.700,0,
6683,7,176,edge-18,2,edge,2700.0,0.0500,0.0100,10,2.521,0.9926,1,0.8734,,0.700,0,
6684,7,176,edge-18,2,edge,2800.0,0.0500,0.0100,10,2.253,0.9926,2,0.8687,,0.700,0,
6685,7,176,edge-18,2,edge,2900.0,0.0500,0.0100,9,2.187,0.8990,3,0.8641,,0.700,0,
6686,7,176,edge-18,2,edge,3000.0,0.0500,0.0100,8,2.347,0.7900,4,0.8613,,0.700,0,
6687,7,176,edge-18,2,edge,3100.0,0.0500,0.0100,9,2.375,0.9008,3,0.8586,,0.700,0,
6688,7,176,edge-18,2,edge,3200.0,0.0500,0.0100,9,2.591,0.9008,4,0.8539,,0.700,0,
6689,7,176,edge-18,2,edge,3300.0,0.0500,0.0100,8,2.107,0.7911,4,0.8493,,0.700,0,
6690,7,176,edge-18,2,edge,3400.0,0.0500,0.0100,10,2.526,0.9926,4,0.8446,,0.700,0,
6691,7,176,edge-18,2,edge,3500.0,0.0500,0.0100,10,2.455,0.9926,4,0.8400,,0.700,0,
6692,7,176,edge-18,2,edge,3600.0,0.0500,0.0100,10,2.455,0.9926,4,0.8353,,0.700,0,
6693,7,176,edge-18,2,edge,3700.0,0.0500,0.0100,10,2.455,0.9926,3,0.8307,,0.700,0,
6694,7,176,edge-18,2,edge,3800.0,0.0500,0.0100,10,2.455,0.9926,2,0.8260,,0.700,0,
6695,7,176,edge-18,2,edge,3900.0,0.0500,0.0100,9,2.405,0.9008,1,0.8214,,0.700,0,
6696,7,176,edge-18,2,edge,4000.0,0.0500,0.0100,9,2.535,0.9008,1,0.8167,,0.700,0,
6697,7,176,edge-18,2,edge,4100.0,0.0500,0.0100,10,2.585,0.9926,1,0.8121,,0.700,0,
6698,7,176,edge-18,2,edge,4200.0,0.0500,0.0100,9,2.235,0.9008,2,0.8074,,0.700,0,
6699,7,176,edge-18,2,edge,4300.0,0.0500,0.0100,10,2.285,0.9926,2,0.8028,,0.700,0,
6700,7,176,edge-18,2,edge,4400.0,0.0500,0.0100,10,2.285,0.9926,2,0.7981,,0.700,0,
6701,7,176,edge-18,2,edge,4500.0,0.0500,0.0100,10,2.285,0.9926,1,0.7935,,0.700,0,
6702,7,176,edge-18,2,edge,4600.0,0.0500,0.0100,10,2.601,0.9926,1,0.7888,,0.700,0,
6703,7,176,edge-18,2,edge,4700.0,0.0500,0.0100,10,2.270,0.9926,1,0.7842,,0.700,0,
6704,7,176,edge-18,2,edge,4800.0,0.0500,0.0100,10,2.270,0.9926,1,0.7796,,0.700,0,
6705,7,176,edge-18,2,edge,4900.0,0.0500,0.0100,10,2.279,0.9926,2,0.7749,,0.700,0,
6706,7,176,edge-18,2,edge,5000.0,0.0500,0.0100,9,2.427,0.9008,3,0.7703,,0.700,0,
6707,7,179,edge-19,2,edge,0.0,0.0000,0.0100,0,1.768,,1,1.0000,,0.700,0,
6708,7,179,edge-19,2,edge,100.0,0.0200,0.0100,4,1.968,1.0000,1,0.9904,,0.700,0,
6709,7,179,edge-19,2,edge,200.0,0.0500,0.0100,10,2.268,0.9926,1,0.9858,,0.700,0,
6710,7,179,edge-19,2,edge,300.0,0.0500,0.0100,10,2.268,0.9926,1,0.9812,,0.700,0,
6711,7,179,edge-19,2,edge,400.0,0.0500,0.0100,10,2.267,0.9926,2,0.9765,,0.700,0,
6712,7,179,edge-19,2,edge,500.0,0.0500,0.0100,10,2.267,0.9926,1,0.9719,,0.700,0,
6713,7,179,edge-19,2,edge,600.0,0.0500,0.0100,10,2.267,0.9926,1,0.9672,,0.700,0,
6714,7,179,edge-19,2,edge,700.0,0.0500,0.0100,9,2.217,0.9008,1,0.9626,,0.700,0,
6715,7,179,edge-19,2,edge,800.0,0.0500,0.0100,8,2.167,0.7911,1,0.9579,,0.700,0,
6716,7,179,edge-19,2,edge,900.0,0.0500,0.0100,10,2.267,0.9926,0,0.9533,,0.700,0,
6717,7,179,edge-19,2,edge,1000.0,0.0500,0.0100,9,2.057,0.9008,1,0.9486,,0.700,0,
6718,7,179,edge-19,2,edge,1100.0,0.0500,0.0100,10,2.278,0.9926,2,0.9440,,0.700,0,
6719,7,179,edge-19,2,edge,1200.0,0.0500,0.0100,9,2.094,0.9008,2,0.9393,,0.700,0,
6720,7,179,edge-19,2,edge,1300.0,0.0500,0.0100,10,2.126,0.9926,3,0.9347,,0.700,0,
6721,7,179,edge-19,2,edge,1400.0,0.0500,0.0100,10,2.049,0.9926,4,0.9300,,0.700,0,
6722,7,179,edge-19,2,edge,1500.0,0.0500,0.0100,10,2.049,0.9926,3,0.9254,,0.700,0,
6723,7,179,edge-19,2,edge,1600.0,0.0500,0.0100,10,2.125,0.9926,3,0.9207,,0.700,0,
6724,7,179,edge-19,2,edge,1700.0,0.0500,0.0100,10,2.125,0.9926,3,0.9161,,0.700,0,
6725,7,179,edge-19,2,edge,1800.0,0.0500,0.0100,10,2.088,0.9926,3,0.9114,,0.700,0,
6726,7,179,edge-19,2,edge,1900.0,0.0500,0.0100,10,2.022,0.9926,3,0.9068,,0.700,0,
6727,7,179,edge-19,2,edge,2000.0,0.0500,0.0100,9,2.119,0.9008,4,0.9021,,0.700,0,
6728,7,179,edge-19,2,edge,2100.0,0.0500,0.0100,10,2.111,0.9926,4,0.8975,,0.700,0,
6729,7,179,edge-19,2,edge,2200.0,0.0500,0.0100,8,2.011,0.7900,4,0.8928,,0.700,0,
6730,7,179,edge-19,2,edge,2300.0,0.0500,0.0100,9,2.061,0.8990,3,0.8901,,0.700,0,
6731,7,179,edge-19,2,edge,2400.0,0.0500,0.0100,10,2.111,0.9926,2,0.8873,,0.700,0,
6732,7,179,edge-19,2,edge,2500.0,0.0500,0.0100,10,2.111,0.9926,1,0.8827,,0.700,0,
6733,7,179,edge-19,2,edge,2600.0,0.0500,0.0100,9,2.173,0.9008,1,0.8780,,0.700,0,
6734,7,179,edge-19,2,edge,2700.0,0.0500,0.0100,10,2.131,0.9926,2,0.8734,,0.700,0,
6735,7,179,edge-19,2,edge,2800.0,0.0500,0.0100,10,2.228,0.9926,3,0.8687,,0.700,0,
6736,7,179,edge-19,2,edge,2900.0,0.0500,0.0100,9,2.565,0.9008,4,0.8641,,0.700,0,
6737,7,179,edge-19,2,edge,3000.0,0.0500,0.0100,10,2.301,0.9926,5,0.8594,,0.700,0,
6738,7,179,edge-19,2,edge,3100.0,0.0500,0.0100,10,2.387,0.9926,5,0.8548,,0.700,0,
6739,7,179,edge-19,2,edge,3200.0,0.0500,0.0100,9,2.337,0.9008,4,0.8501,,0.700,0,
6740,7,179,edge-19,2,edge,3300.0,0.0500,0.0100,10,2.393,0.9926,4,0.8455,,0.700,0,
6741,7,179,edge-19,2,edge,3400.0,0.0500,0.0100,9,2.343,0.9008,3,0.8408,,0.700,0,
6742,7,179,edge-19,2,edge,3500.0,0.0500,0.0100,10,2.538,0.9926,2,0.8362,,0.700,0,
6743,7,179,edge-19,2,edge,3600.0,0.0500,0.0100,10,2.562,0.9926,2,0.8316,,0.700,0,
6744,7,179,edge-19,2,edge,3700.0,0.0500,0.0100,10,2.562,0.9926,2,0.8269,,0.700,0,
6745,7,179,edge-19,2,edge,3800.0,0.0500,0.0100,10,2.562,0.9926,1,0.8223,,0.700,0,
6746,7,179,edge-19,2,edge,3900.0,0.0500,0.0100,10,2.562,0.9926,1,0.8176,,0.700,0,
6747,7,179,edge-19,2,edge,4000.0,0.0500,0.0100,9,2.315,0.9008,2,0.8130,,0.700,0,
6748,7,179,edge-19,2,edge,4100.0,0.0500,0.0100,10,2.033,0.9926,2,0.8083,,0.700,0,
6749,7,179,edge-19,2,edge,4200.0,0.0500,0.0100,10,2.033,0.9926,2,0.8037,,0.700,0,
6750,7,179,edge-19,2,edge,4300.0,0.0500,0.0100,10,2.105,0.9926,3,0.7990,,0.700,0,
6751,7,179,edge-19,2,edge,4400.0,0.0500,0.0100,10,2.184,0.9926,4,0.7944,,0.700,0,
6752,7,179,edge-19,2,edge,4500.0,0.0500,0.0100,10,2.184,0.9926,3,0.7897,,0.700,0,
6753,7,179,edge-19,2,edge,4600.0,0.0500,0.0100,10,2.184,0.9926,2,0.7851,,0.700,0,
6754,7,179,edge-19,2,edge,4700.0,0.0500,0.0100,10,2.301,0.9926,2,0.7804,,0.700,0,
6755,7,179,edge-19,2,edge,4800.0,0.0500,0.0100,9,2.251,0.8990,1,0.7758,,0.700,0,
6756,7,179,edge-19,2,edge,4900.0,0.0500,0.0100,9,2.251,0.9008,0,0.7730,,0.700,0,
6757,7,179,edge-19,2,edge,5000.0,0.0500,0.0100,8,2.201,0.7911,0,0.7684,,0.700,0,
6758,7,182,edge-20,2,edge,0.0,0.0000,0.0100,0,1.715,,1,1.0000,,0.700,0,
6759,7,182,edge-20,2,edge,100.0,0.0200,0.0100,4,1.915,1.0000,1,0.9904,,0.700,0,
6760,7,182,edge-20,2,edge,200.0,0.0500,0.0100,10,2.304,0.9926,2,0.9858,,0.700,0,
6761,7,182,edge-20,2,edge,300.0,0.0500,0.0100,10,2.475,0.9926,3,0.9812,,0.700,0,
6762,7,182,edge-20,2,edge,400.0,0.0500,0.0100,10,2.348,0.9926,4,0.9765,,0.700,0,
6763,7,182,edge-20,2,edge,500.0,0.0500,0.0100,9,2.298,0.9008,3,0.9719,,0.700,0,
6764,7,182,edge-20,2,edge,600.0,0.0500,0.0100,10,2.348,0.9926,3,0.9672,,0.700,0,
6765,7,182,edge-20,2,edge,700.0,0.0500,0.0100,10,2.348,0.9926,2,0.9626,,0.700,0,
6766,7,182,edge-20,2,edge,800.0,0.0500,0.0100,9,2.298,0.9008,1,0.9579,,0.700,0,
6767,7,182,edge-20,2,edge,900.0,0.0500,0.0100,8,2.248,0.7900,0,0.9533,,0.700,0,
6768,7,182,edge-20,2,edge,1000.0,0.0500,0.0100,10,2.558,0.9926,1,0.9505,,0.700,0,
6769,7,182,edge-20,2,edge,1100.0,0.0500,0.0100,8,2.458,0.7911,1,0.9459,,0.700,0,
6770,7,182,edge-20,2,edge,1200.0,0.0500,0.0100,10,2.558,0.9926,1,0.9412,,0.700,0,
6771,7,182,edge-20,2,edge,1300.0,0.0500,0.0100,9,2.508,0.9008,1,0.9366,,0.700,0,
6772,7,182,edge-20,2,edge,1400.0,0.0500,0.0100,10,2.297,0.9926,1,0.9319,,0.700,0,
6773,7,182,edge-20,2,edge,1500.0,0.0500,0.0100,10,2.457,0.9926,1,0.9273,,0.700,0,
6774,7,182,edge-20,2,edge,1600.0,0.0500,0.0100,9,2.319,0.9008,2,0.9226,,0.700,0,
6775,7,182,edge-20,2,edge,1700.0,0.0500,0.0100,9,2.112,0.8990,3,0.9180,,0.700,0,
6776,7,182,edge-20,2,edge,1800.0,0.0500,0.0100,9,2.325,0.9008,4,0.9152,,0.700,0,
6777,7,182,edge-20,2,edge,1900.0,0.0500,0.0100,9,2.325,0.8990,4,0.9106,,0.700,0,
6778,7,182,edge-20,2,edge,2000.0,0.0500,0.0100,10,2.375,0.9926,3,0.9078,,0.700,0,
6779,7,182,edge-20,2,edge,2100.0,0.0500,0.0100,10,2.379,0.9926,3,0.9032,,0.700,0,
6780,7,182,edge-20,2,edge,2200.0,0.0500,0.0100,10,2.406,0.9926,3,0.8985,,0.700,0,
6781,7,182,edge-20,2,edge,2300.0,0.0500,0.0100,9,2.356,0.9008,2,0.8939,,0.700,0,
6782,7,182,edge-20,2,edge,2400.0,0.0500,0.0100,10,2.460,0.9926,2,0.8892,,0.700,0,
6783,7,182,edge-20,2,edge,2500.0,0.0500,0.0100,9,2.087,0.9008,3,0.8846,,0.700,0,
6784,7,182,edge-20,2,edge,2600.0,0.0500,0.0100,10,2.137,0.9926,2,0.8799,,0.700,0,
6785,7,182,edge-20,2,edge,2700.0,0.0500,0.0100,8,2.037,0.7911,1,0.8753,,0.700,0,
6786,7,182,edge-20,2,edge,2800.0,0.0500,0.0100,9,2.087,0.9008,1,0.8706,,0.700,0,
6787,7,182,edge-20,2,edge,2900.0,0.0500,0.0100,10,2.137,0.9926,1,0.8660,,0.700,0,
6788,7,182,edge-20,2,edge,3000.0,0.0500,0.0100,10,2.137,0.9926,0,0.8613,,0.700,0,
6789,7,182,edge-20,2,edge,3100.0,0.0500,0.0100,10,2.137,0.9926,0,0.8567,,0.700,0,
6790,7,182,edge-20,2,edge,3200.0,0.0500,0.0100,9,2.141,0.9008,1,0.8520,,0.700,0,
6791,7,182,edge-20,2,edge,3300.0,0.0500,0.0100,9,2.141,0.9008,1,0.8474,,0.700,0,
6792,7,182,edge-20,2,edge,3400.0,0.0500,0.0100,10,2.191,0.9926,1,0.8427,,0.700,0,
6793,7,182,edge-20,2,edge,3500.0,0.0500,0.0100,10,2.191,0.9926,1,0.8381,,0.700,0,
6794,7,182,edge-20,2,edge,3600.0,0.0500,0.0100,10,2.191,0.9926,1,0.8334,,0.700,0,
6795,7,182,edge-20,2,edge,3700.0,0.0500,0.0100,9,2.141,0.9008,0,0.8288,,0.700,0,
6796,7,182,edge-20,2,edge,3800.0,0.0500,0.0100,10,2.288,0.9926,1,0.8241,,0.700,0,
6797,7,182,edge-20,2,edge,3900.0,0.0500,0.0100,10,2.101,0.9926,2,0.8195,,0.700,0,
6798,7,182,edge-20,2,edge,4000.0,0.0500,0.0100,9,2.030,0.9008,3,0.8148,,0.700,0,
6799,7,182,edge-20,2,edge,4100.0,0.0500,0.0100,9,2.248,0.8990,4,0.8102,,0.700,0,
6800,7,182,edge-20,2,edge,4200.0,0.0500,0.0100,9,2.008,0.9008,5,0.8074,,0.700,0,
6801,7,182,edge-20,2,edge,4300.0,0.0500,0.0100,9,2.232,0.9008,4,0.8028,,0.700,0,
6802,7,182,edge-20,2,edge,4400.0,0.0500,0.0100,10,2.282,0.9926,3,0.7981,,0.700,0,
6803,7,182,edge-20,2,edge,4500.0,0.0500,0.0100,10,2.282,0.9926,2,0.7935,,0.700,0,
6804,7,182,edge-20,2,edge,4600.0,0.0500,0.0100,8,2.182,0.7900,1,0.7888,,0.700,0,
6805,7,182,edge-20,2,edge,4700.0,0.0500,0.0100,9,2.135,0.9008,1,0.7861,,0.700,0,
6806,7,182,edge-20,2,edge,4800.0,0.0500,0.0100,9,2.135,0.9008,1,0.7814,,0.700,0,
6807,7,182,edge-20,2,edge,4900.0,0.0500,0.0100,10,2.185,0.9926,1,0.7768,,0.700,0,
6808,7,182,edge-20,2,edge,5000.0,0.0500,0.0100,10,2.185,0.9926,1,0.7721,,0.700,0,
6809,7,185,edge-21,2,edge,0.0,0.0000,0.0100,0,1.788,,1,1.0000,,0.700,0,
6810,7,185,edge-21,2,edge,100.0,0.0200,0.0100,4,1.988,1.0000,1,0.9904,,0.700,0,
6811,7,185,edge-21,2,edge,200.0,0.0500,0.0100,10,2.288,0.9926,1,0.9858,,0.700,0,
6812,7,185,edge-21,2,edge,300.0,0.0500,0.0100,10,2.288,0.9926,1,0.9812,,0.700,0,
6813,7,185,edge-21,2,edge,400.0,0.0500,0.0100,9,2.238,0.9008,1,0.9765,,0.700,0,
6814,7,185,edge-21,2,edge,500.0,0.0500,0.0100,10,2.191,0.9926,1,0.9719,,0.700,0,
6815,7,185,edge-21,2,edge,600.0,0.0500,0.0100,10,2.191,0.9926,1,0.9672,,0.700,0,
6816,7,185,edge-21,2,edge,700.0,0.0500,0.0100,8,2.091,0.7911,1,0.9626,,0.700,0,
6817,7,185,edge-21,2,edge,800.0,0.0500,0.0100,9,2.141,0.9008,1,0.9579,,0.700,0,
6818,7,185,edge-21,2,edge,900.0,0.0500,0.0100,10,2.319,0.9926,2,0.9533,,0.700,0,
6819,7,185,edge-21,2,edge,1000.0,0.0500,0.0100,10,2.110,0.9926,2,0.9486,,0.700,0,
6820,7,185,edge-21,2,edge,1100.0,0.0500,0.0100,9,2.361,0.9008,2,0.9440,,0.700,0,
6821,7,185,edge-21,2,edge,1200.0,0.0500,0.0100,10,2.411,0.9926,2,0.9393,,0.700,0,
6822,7,185,edge-21,2,edge,1300.0,0.0500,0.0100,10,2.094,0.9926,2,0.9347,,0.700,0,
6823,7,185,edge-21,2,edge,1400.0,0.0500,0.0100,9,2.217,0.9008,2,0.9300,,0.700,0,
6824,7,185,edge-21,2,edge,1500.0,0.0500,0.0100,10,2.298,0.9926,2,0.9254,,0.700,0,
6825,7,185,edge-21,2,edge,1600.0,0.0500,0.0100,9,2.026,0.8990,3,0.9207,,0.700,0,
6826,7,185,edge-21,2,edge,1700.0,0.0500,0.0100,9,2.107,0.9008,4,0.9180,,0.700,0,
6827,7,185,edge-21,2,edge,1800.0,0.0500,0.0100,10,2.310,0.9926,5,0.9133,,0.700,0,
6828,7,185,edge-21,2,edge,1900.0,0.0500,0.0100,9,2.260,0.9008,4,0.9087,,0.700,0,
6829,7,185,edge-21,2,edge,2000.0,0.0500,0.0100,8,1.917,0.7911,4,0.9040,,0.700,0,
6830,7,185,edge-21,2,edge,2100.0,0.0500,0.0100,9,2.278,0.9008,4,0.8994,,0.700,0,
6831,7,185,edge-21,2,edge,2200.0,0.0500,0.0100,10,2.205,0.9926,4,0.8947,,0.700,0,
6832,7,185,edge-21,2,edge,2300.0,0.0500,0.0100,9,2.285,0.9008,4,0.8901,,0.700,0,
6833,7,185,edge-21,2,edge,2400.0,0.0500,0.0100,10,2.335,0.9926,4,0.8854,,0.700,0,
6834,7,185,edge-21,2,edge,2500.0,0.0500,0.0100,8,2.034,0.7900,4,0.8808,,0.700,0,
6835,7,185,edge-21,2,edge,2600.0,0.0500,0.0100,10,2.199,0.9926,4,0.8780,,0.700,0,
6836,7,185,edge-21,2,edge,2700.0,0.0500,0.0100,10,2.133,0.9926,4,0.8734,,0.700,0,
6837,7,185,edge-21,2,edge,2800.0,0.0500,0.0100,10,2.133,0.9926,3,0.8687,,0.700,0,
6838,7,185,edge-21,2,edge,2900.0,0.0500,0.0100,10,2.133,0.9926,3,0.8641,,0.700,0,
6839,7,185,edge-21,2,edge,3000.0,0.0500,0.0100,9,2.220,0.9008,3,0.8594,,0.700,0,
6840,7,185,edge-21,2,edge,3100.0,0.0500,0.0100,8,2.170,0.7900,2,0.8548,,0.700,0,
6841,7,185,edge-21,2,edge,3200.0,0.0500,0.0100,10,2.270,0.9926,1,0.8520,,0.700,0,
6842,7,185,edge-21,2,edge,3300.0,0.0500,0.0100,9,2.220,0.9008,1,0.8474,,0.700,0,
6843,7,185,edge-21,2,edge,3400.0,0.0500,0.0100,9,2.038,0.8990,2,0.8427,,0.700,0,
6844,7,185,edge-21,2,edge,3500.0,0.0500,0.0100,8,2.104,0.7900,2,0.8400,,0.700,0,
6845,7,185,edge-21,2,edge,3600.0,0.0500,0.0100,9,2.065,0.8990,3,0.8372,,0.700,0,
6846,7,185,edge-21,2,edge,3700.0,0.0500,0.0100,10,2.400,0.9926,4,0.8344,,0.700,0,
6847,7,185,edge-21,2,edge,3800.0,0.0500,0.0100,10,2.400,0.9926,4,0.8298,,0.700,0,
6848,7,185,edge-21,2,edge,3900.0,0.0500,0.0100,9,2.350,0.9008,3,0.8252,,0.700,0,
6849,7,185,edge-21,2,edge,4000.0,0.0500,0.0100,9,2.350,0.9008,2,0.8205,,0.700,0,
6850,7,185,edge-21,2,edge,4100.0,0.0500,0.0100,9,2.350,0.9008,1,0.8159,,0.700,0,
6851,7,185,edge-21,2,edge,4200.0,0.0500,0.0100,10,2.400,0.9926,0,0.8112,,0.700,0,
6852,7,185,edge-21,2,edge,4300.0,0.0500,0.0100,10,2.611,0.9926,1,0.8066,,0.700,0,
6853,7,185,edge-21,2,edge,4400.0,0.0500,0.0100,10,2.611,0.9926,1,0.8019,,0.700,0,
6854,7,185,edge-21,2,edge,4500.0,0.0500,0.0100,9,2.561,0.8990,1,0.7973,,0.700,0,
6855,7,185,edge-21,2,edge,4600.0,0.0500,0.0100,10,2.335,0.9926,2,0.7945,,0.700,0,
6856,7,185,edge-21,2,edge,4700.0,0.0500,0.0100,10,2.349,0.9926,3,0.7899,,0.700,0,
6857,7,185,edge-21,2,edge,4800.0,0.0500,0.0100,10,2.349,0.9926,2,0.7852,,0.700,0,
6858,7,185,edge-21,2,edge,4900.0,0.0500,0.0100,10,2.349,0.9926,2,0.7806,,0.700,0,
6859,7,185,edge-21,2,edge,5000.0,0.0500,0.0100,10,2.349,0.9926,2,0.7759,,0.700,0,
6860,7,188,edge-22,2,edge,0.0,0.0000,0.0100,0,1.651,,1,1.0000,,0.700,0,
6861,7,188,edge-22,2,edge,100.0,0.0200,0.0100,4,1.851,1.0000,1,0.9904,,0.700,0,
6862,7,188,edge-22,2,edge,200.0,0.0500,0.0100,10,2.353,0.9926,2,0.9858,,0.700,0,
6863,7,188,edge-22,2,edge,300.0,0.0500,0.0100,10,2.353,0.9926,2,0.9812,,0.700,0,
6864,7,188,edge-22,2,edge,400.0,0.0500,0.0100,10,2.353,0.9926,2,0.9765,,0.700,0,
6865,7,188,edge-22,2,edge,500.0,0.0500,0.0100,10,2.319,0.9926,2,0.9719,,0.700,0,
6866,7,188,edge-22,2,edge,600.0,0.0500,0.0100,10,2.319,0.9926,2,0.9672,,0.700,0,
6867,7,188,edge-22,2,edge,700.0,0.0500,0.0100,9,2.269,0.9008,1,0.9626,,0.700,0,
6868,7,188,edge-22,2,edge,800.0,0.0500,0.0100,10,2.319,0.9926,1,0.9579,,0.700,0,
6869,7,188,edge-22,2,edge,900.0,0.0500,0.0100,9,2.026,0.9008,2,0.9533,,0.700,0,
6870,7,188,edge-22,2,edge,1000.0,0.0500,0.0100,9,2.026,0.9008,1,0.9486,,0.700,0,
6871,7,188,edge-22,2,edge,1100.0,0.0500,0.0100,9,2.026,0.9008,1,0.9440,,0.700,0,
6872,7,188,edge-22,2,edge,1200.0,0.0500,0.0100,10,2.350,0.9926,2,0.9393,,0.700,0,
6873,7,188,edge-22,2,edge,1300.0,0.0500,0.0100,9,2.300,0.8990,2,0.9347,,0.700,0,
6874,7,188,edge-22,2,edge,1400.0,0.0500,0.0100,9,2.066,0.9008,2,0.9319,,0.700,0,
6875,7,188,edge-22,2,edge,1500.0,0.0500,0.0100,8,2.262,0.7900,3,0.9273,,0.700,0,
6876,7,188,edge-22,2,edge,1600.0,0.0500,0.0100,10,2.059,0.9926,4,0.9245,,0.700,0,
6877,7,188,edge-22,2,edge,1700.0,0.0500,0.0100,10,2.197,0.9926,4,0.9199,,0.700,0,
6878,7,188,edge-22,2,edge,1800.0,0.0500,0.0100,9,2.363,0.9008,5,0.9152,,0.700,0,
6879,7,188,edge-22,2,edge,1900.0,0.0500,0.0100,10,2.068,0.9926,5,0.9106,,0.700,0,
6880,7,188,edge-22,2,edge,2000.0,0.0500,0.0100,10,2.068,0.9926,4,0.9059,,0.700,0,
6881,7,188,edge-22,2,edge,2100.0,0.0500,0.0100,8,2.106,0.7900,4,0.9013,,0.700,0,
6882,7,188,edge-22,2,edge,2200.0,0.0500,0.0100,10,2.261,0.9926,4,0.8985,,0.700,0,
6883,7,188,edge-22,2,edge,2300.0,0.0500,0.0100,10,2.231,0.9926,4,0.8939,,0.700,0,
6884,7,188,edge-22,2,edge,2400.0,0.0500,0.0100,9,2.181,0.9008,3,0.8892,,0.700,0,
6885,7,188,edge-22,2,edge,2500.0,0.0500,0.0100,10,2.231,0.9926,3,0.8846,,0.700,0,
6886,7,188,edge-22,2,edge,2600.0,0.0500,0.0100,8,1.968,0.7900,3,0.8799,,0.700,0,
6887,7,188,edge-22,2,edge,2700.0,0.0500,0.0100,10,2.068,0.9926,2,0.8772,,0.700,0,
6888,7,188,edge-22,2,edge,2800.0,0.0500,0.0100,9,2.018,0.9008,1,0.8725,,0.700,0,
6889,7,188,edge-22,2,edge,2900.0,0.0500,0.0100,8,1.968,0.7911,1,0.8679,,0.700,0,
6890,7,188,edge-22,2,edge,3000.0,0.0500,0.0100,9,2.018,0.9008,1,0.8632,,0.700,0,
6891,7,188,edge-22,2,edge,3100.0,0.0500,0.0100,9,2.018,0.9008,0,0.8586,,0.700,0,
6892,7,188,edge-22,2,edge,3200.0,0.0500,0.0100,9,2.018,0.9008,0,0.8539,,0.700,0,
6893,7,188,edge-22,2,edge,3300.0,0.0500,0.0100,9,2.018,0.9008,0,0.8493,,0.700,0,
6894,7,188,edge-22,2,edge,3400.0,0.0500,0.0100,10,2.068,0.9926,0,0.8446,,0.700,0,
6895,7,188,edge-22,2,edge,3500.0,0.0500,0.0100,9,2.018,0.9008,0,0.8400,,0.700,0,
6896,7,188,edge-22,2,edge,3600.0,0.0500,0.0100,8,1.968,0.7911,0,0.8353,,0.700,0,
6897,7,188,edge-22,2,edge,3700.0,0.0500,0.0100,9,2.018,0.9008,0,0.8307,,0.700,0,
6898,7,188,edge-22,2,edge,3800.0,0.0500,0.0100,9,2.018,0.9008,0,0.8260,,0.700,0,
6899,7,188,edge-22,2,edge,3900.0,0.0500,0.0100,10,2.068,0.9926,0,0.8214,,0.700,0,
6900,7,188,edge-22,2,edge,4000.0,0.0500,0.0100,10,2.068,0.9926,0,0.8167,,0.700,0,
6901,7,188,edge-22,2,edge,4100.0,0.0500,0.0100,10,2.068,0.9926,0,0.8121,,0.700,0,
6902,7,188,edge-22,2,edge,4200.0,0.0500,0.0100,9,2.018,0.9008,0,0.8074,,0.700,0,
6903,7,188,edge-22,2,edge,4300.0,0.0500,0.0100,10,2.068,0.9926,0,0.8028,,0.700,0,
6904,7,188,edge-22,2,edge,4400.0,0.0500,0.0100,9,2.018,0.9008,0,0.7981,,0.700,0,
6905,7,188,edge-22,2,edge,4500.0,0.0500,0.0100,10,2.068,0.9926,0,0.7935,,0.700,0,
6906,7,188,edge-22,2,edge,4600.0,0.0500,0.0100,10,2.068,0.9926,0,0.7888,,0.700,0,
6907,7,188,edge-22,2,edge,4700.0,0.0500,0.0100,9,2.141,0.8990,1,0.7842,,0.700,0,
6908,7,188,edge-22,2,edge,4800.0,0.0500,0.0100,8,2.091,0.7900,1,0.7814,,0.700,0,
6909,7,188,edge-22,2,edge,4900.0,0.0500,0.0100,10,2.191,0.9926,1,0.7787,,0.700,0,
6910,7,188,edge-22,2,edge,5000.0,0.0500,0.0100,10,2.191,0.9926,1,0.7740,,0.700,0,
6911,7,191,edge-23,2,edge,0.0,0.0000,0.0100,0,1.728,,1,1.0000,,0.700,0,
6912,7,191,edge-23,2,edge,100.0,0.0200,0.0100,4,1.928,1.0000,1,0.9904,,0.700,0,
6913,7,191,edge-23,2,edge,200.0,0.0500,0.0100,10,2.228,0.9926,1,0.9858,,0.700,0,
6914,7,191,edge-23,2,edge,300.0,0.0500,0.0100,10,2.228,0.9926,1,0.9812,,0.700,0,
6915,7,191,edge-23,2,edge,400.0,0.0500,0.0100,9,2.178,0.9008,1,0.9765,,0.700,0,
6916,7,191,edge-23,2,edge,500.0,0.0500,0.0100,9,2.159,0.9008,0,0.9719,,0.700,0,
6917,7,191,edge-23,2,edge,600.0,0.0500,0.0100,10,2.040,0.9926,1,0.9672,,0.700,0,
6918,7,191,edge-23,2,edge,700.0,0.0500,0.0100,9,1.990,0.8990,1,0.9626,,0.700,0,
6919,7,191,edge-23,2,edge,800.0,0.0500,0.0100,9,2.210,0.9008,2,0.9598,,0.700,0,
6920,7,191,edge-23,2,edge,900.0,0.0500,0.0100,10,2.036,0.9926,3,0.9552,,0.700,0,
6921,7,191,edge-23,2,edge,1000.0,0.0500,0.0100,10,2.516,0.9926,3,0.9505,,0.700,0,
6922,7,191,edge-23,2,edge,1100.0,0.0500,0.0100,10,2.516,0.9926,2,0.9459,,0.700,0,
6923,7,191,edge-23,2,edge,1200.0,0.0500,0.0100,10,2.516,0.9926,2,0.9412,,0.700,0,
6924,7,191,edge-23,2,edge,1300.0,0.0500,0.0100,10,2.489,0.9926,2,0.9366,,0.700,0,
6925,7,191,edge-23,2,edge,1400.0,0.0500,0.0100,10,2.489,0.9926,1,0.9319,,0.700,0,
6926,7,191,edge-23,2,edge,1500.0,0.0500,0.0100,10,2.261,0.9926,2,0.9273,,0.700,0,
6927,7,191,edge-23,2,edge,1600.0,0.0500,0.0100,10,2.261,0.9926,2,0.9226,,0.700,0,
6928,7,191,edge-23,2,edge,1700.0,0.0500,0.0100,10,2.261,0.9926,2,0.9180,,0.700,0,
6929,7,191,edge-23,2,edge,1800.0,0.0500,0.0100,8,2.161,0.7900,1,0.9133,,0.700,0,
6930,7,191,edge-23,2,edge,1900.0,0.0500,0.0100,9,2.211,0.8990,1,0.9106,,0.700,0,
6931,7,191,edge-23,2,edge,2000.0,0.0500,0.0100,10,2.261,0.9926,0,0.9078,,0.700,0,
6932,7,191,edge-23,2,edge,2100.0,0.0500,0.0100,9,2.236,0.9008,0,0.9032,,0.700,0,
6933,7,191,edge-23,2,edge,2200.0,0.0500,0.0100,10,2.211,0.9926,0,0.8985,,0.700,0,
6934,7,191,edge-23,2,edge,2300.0,0.0500,0.0100,9,2.161,0.9008,0,0.8939,,0.700,0,
6935,7,191,edge-23,2,edge,2400.0,0.0500,0.0100,10,2.211,0.9926,0,0.8892,,0.700,0,
6936,7,191,edge-23,2,edge,2500.0,0.0500,0.0100,10,2.191,0.9926,1,0.8846,,0.700,0,
6937,7,191,edge-23,2,edge,2600.0,0.0500,0.0100,10,2.314,0.9926,1,0.8799,,0.700,0,
6938,7,191,edge-23,2,edge,2700.0,0.0500,0.0100,10,2.295,0.9926,2,0.8753,,0.700,0,
6939,7,191,edge-23,2,edge,2800.0,0.0500,0.0100,10,2.053,0.9926,3,0.8706,,0.700,0,
6940,7,191,edge-23,2,edge,2900.0,0.0500,0.0100,9,2.199,0.8990,4,0.8660,,0.700,0,
6941,7,191,edge-23,2,edge,3000.0,0.0500,0.0100,10,2.145,0.9926,4,0.8632,,0.700,0,
6942,7,191,edge-23,2,edge,3100.0,0.0500,0.0100,10,2.145,0.9926,4,0.8586,,0.700,0,
6943,7,191,edge-23,2,edge,3200.0,0.0500,0.0100,10,2.145,0.9926,3,0.8539,,0.700,0,
6944,7,191,edge-23,2,edge,3300.0,0.0500,0.0100,8,2.045,0.7900,2,0.8493,,0.700,0,
6945,7,191,edge-23,2,edge,3400.0,0.0500,0.0100,10,2.290,0.9926,2,0.8465,,0.700,0,
6946,7,191,edge-23,2,edge,3500.0,0.0500,0.0100,9,2.189,0.8990,2,0.8419,,0.700,0,
6947,7,191,edge-23,2,edge,3600.0,0.0500,0.0100,8,2.414,0.7911,2,0.8391,,0.700,0,
6948,7,191,edge-23,2,edge,3700.0,0.0500,0.0100,10,2.514,0.9926,2,0.8344,,0.700,0,
6949,7,191,edge-23,2,edge,3800.0,0.0500,0.0100,9,2.464,0.9008,2,0.8298,,0.700,0,
6950,7,191,edge-23,2,edge,3900.0,0.0500,0.0100,10,2.514,0.9926,1,0.8252,,0.700,0,
6951,7,191,edge-23,2,edge,4000.0,0.0500,0.0100,9,2.464,0.9008,0,0.8205,,0.700,0,
6952,7,191,edge-23,2,edge,4100.0,0.0500,0.0100,10,2.514,0.9926,0,0.8159,,0.700,0,
6953,7,191,edge-23,2,edge,4200.0,0.0500,0.0100,9,2.471,0.8990,1,0.8112,,0.700,0,
6954,7,191,edge-23,2,edge,4300.0,0.0500,0.0100,10,2.521,0.9926,1,0.8084,,0.700,0,
6955,7,191,edge-23,2,edge,4400.0,0.0500,0.0100,10,2.253,0.9926,2,0.8038,,0.700,0,
6956,7,191,edge-23,2,edge,4500.0,0.0500,0.0100,10,2.237,0.9926,3,0.7992,,0.700,0,
6957,7,191,edge-23,2,edge,4600.0,0.0500,0.0100,9,2.397,0.9008,4,0.7945,,0.700,0,
6958,7,191,edge-23,2,edge,4700.0,0.0500,0.0100,8,2.325,0.7900,3,0.7899,,0.700,0,
6959,7,191,edge-23,2,edge,4800.0,0.0500,0.0100,8,2.541,0.7911,4,0.7871,,0.700,0,
6960,7,191,edge-23,2,edge,4900.0,0.0500,0.0100,10,2.207,0.9926,4,0.7824,,0.700,0,
6961,7,191,edge-23,2,edge,5000.0,0.0500,0.0100,9,2.476,0.9008,4,0.7778,,0.700,0,
6962,7,194,edge-24,2,edge,0.0,0.0000,0.0100,0,1.801,,1,1.0000,,0.700,0,
6963,7,194,edge-24,2,edge,100.0,0.0200,0.0100,4,2.001,1.0000,1,0.9904,,0.700,0,
6964,7,194,edge-24,2,edge,200.0,0.0500,0.0100,10,2.301,0.9926,1,0.9858,,0.700,0,
6965,7,194,edge-24,2,edge,300.0,0.0500,0.0100,9,2.251,0.8990,1,0.9812,,0.700,0,
6966,7,194,edge-24,2,edge,400.0,0.0500,0.0100,10,2.301,0.9926,1,0.9784,,0.700,0,
6967,7,194,edge-24,2,edge,500.0,0.0500,0.0100,10,2.301,0.9926,0,0.9737,,0.700,0,
6968,7,194,edge-24,2,edge,600.0,0.0500,0.0100,9,2.384,0.9008,1,0.9691,,0.700,0,
6969,7,194,edge-24,2,edge,700.0,0.0500,0.0100,10,2.195,0.9926,1,0.9644,,0.700,0,
6970,7,194,edge-24,2,edge,800.0,0.0500,0.0100,9,2.145,0.9008,1,0.9598,,0.700,0,
6971,7,194,edge-24,2,edge,900.0,0.0500,0.0100,10,2.195,0.9926,1,0.9552,,0.700,0,
6972,7,194,edge-24,2,edge,1000.0,0.0500,0.0100,9,2.402,0.9008,2,0.9505,,0.700,0,
6973,7,194,edge-24,2,edge,1100.0,0.0500,0.0100,9,2.402,0.8990,1,0.9459,,0.700,0,
6974,7,194,edge-24,2,edge,1200.0,0.0500,0.0100,10,2.452,0.9926,1,0.9431,,0.700,0,
6975,7,194,edge-24,2,edge,1300.0,0.0500,0.0100,10,2.452,0.9926,1,0.9384,,0.700,0,
6976,7,194,edge-24,2,edge,1400.0,0.0500,0.0100,9,2.402,0.9008,1,0.9338,,0.700,0,
6977,7,194,edge-24,2,edge,1500.0,0.0500,0.0100,10,2.452,0.9926,0,0.9292,,0.700,0,
6978,7,194,edge-24,2,edge,1600.0,0.0500,0.0100,10,2.452,0.9926,0,0.9245,,0.700,0,
6979,7,194,edge-24,2,edge,1700.0,0.0500,0.0100,8,2.352,0.7900,0,0.9199,,0.700,0,
6980,7,194,edge-24,2,edge,1800.0,0.0500,0.0100,9,2.402,0.8990,0,0.9171,,0.700,0,
6981,7,194,edge-24,2,edge,1900.0,0.0500,0.0100,10,2.097,0.9926,1,0.9143,,0.700,0,
6982,7,194,edge-24,2,edge,2000.0,0.0500,0.0100,9,2.160,0.9008,2,0.9097,,0.700,0,
6983,7,194,edge-24,2,edge,2100.0,0.0500,0.0100,9,2.205,0.9008,3,0.9050,,0.700,0,
6984,7,194,edge-24,2,edge,2200.0,0.0500,0.0100,10,2.255,0.9926,3,0.9004,,0.700,0,
6985,7,194,edge-24,2,edge,2300.0,0.0500,0.0100,10,2.255,0.9926,3,0.8957,,0.700,0,
6986,7,194,edge-24,2,edge,2400.0,0.0500,0.0100,10,2.083,0.9926,3,0.8911,,0.700,0,
6987,7,194,edge-24,2,edge,2500.0,0.0500,0.0100,9,2.033,0.9008,2,0.8864,,0.700,0,
6988,7,194,edge-24,2,edge,2600.0,0.0500,0.0100,8,1.983,0.7900,1,0.8818,,0.700,0,
6989,7,194,edge-24,2,edge,2700.0,0.0500,0.0100,10,2.083,0.9926,1,0.8790,,0.700,0,
6990,7,194,edge-24,2,edge,2800.0,0.0500,0.0100,10,2.083,0.9926,1,0.8744,,0.700,0,
6991,7,194,edge-24,2,edge,2900.0,0.0500,0.0100,9,2.141,0.9008,1,0.8697,,0.700,0,
6992,7,194,edge-24,2,edge,3000.0,0.0500,0.0100,10,2.191,0.9926,1,0.8651,,0.700,0,
6993,7,194,edge-24,2,edge,3100.0,0.0500,0.0100,10,2.191,0.9926,1,0.8604,,0.700,0,
6994,7,194,edge-24,2,edge,3200.0,0.0500,0.0100,10,2.208,0.9926,2,0.8558,,0.700,0,
6995,7,194,edge-24,2,edge,3300.0,0.0500,0.0100,10,2.192,0.9926,2,0.8512,,0.700,0,
6996,7,194,edge-24,2,edge,3400.0,0.0500,0.0100,8,2.200,0.7911,2,0.8465,,0.700,0,
6997,7,194,edge-24,2,edge,3500.0,0.0500,0.0100,9,2.250,0.9008,2,0.8419,,0.700,0,
6998,7,194,edge-24,2,edge,3600.0,0.0500,0.0100,9,2.250,0.9008,2,0.8372,,0.700,0,
6999,7,194,edge-24,2,edge,3700.0,0.0500,0.0100,10,2.361,0.9926,1,0.8326,,0.700,0,
7000,7,194,edge-24,2,edge,3800.0,0.0500,0.0100,10,2.126,0.9926,2,0.8279,,0.700,0,
7001,7,194,edge-24,2,edge,3900.0,0.0500,0.0100,10,2.259,0.9926,2,0.8233,,0.700,0,
7002,7,194,edge-24,2,edge,4000.0,0.0500,0.0100,10,2.190,0.9926,3,0.8186,,0.700,0,
7003,7,194,edge-24,2,edge,4100.0,0.0500,0.0100,9,2.065,0.8990,4,0.8140,,0.700,0,
7004,7,194,edge-24,2,edge,4200.0,0.0500,0.0100,9,2.057,0.9008,5,0.8112,,0.700,0,
7005,7,194,edge-24,2,edge,4300.0,0.0500,0.0100,9,2.358,0.9008,4,0.8066,,0.700,0,
7006,7,194,edge-24,2,edge,4400.0,0.0500,0.0100,8,2.308,0.7911,3,0.8019,,0.700,0,
7007,7,194,edge-24,2,edge,4500.0,0.0500,0.0100,9,1.989,0.9008,3,0.7973,,0.700,0,
7008,7,194,edge-24,2,edge,4600.0,0.0500,0.0100,9,1.989,0.9008,2,0.7926,,0.700,0,
7009,7,194,edge-24,2,edge,4700.0,0.0500,0.0100,10,2.177,0.9926,2,0.7880,,0.700,0,
7010,7,194,edge-24,2,edge,4800.0,0.0500,0.0100,10,2.177,0.9926,2,0.7833,,0.700,0,
7011,7,194,edge-24,2,edge,4900.0,0.0500,0.0100,9,2.046,0.9008,3,0.7787,,0.700,0,
7012,7,194,edge-24,2,edge,5000.0,0.0500,0.0100,10,2.096,0.9926,2,0.7740,,0.700,0,
7013,7,197,edge-25,2,edge,0.0,0.0000,0.0100,0,1.580,,1,1.0000,,0.700,0,778.7
7014,7,197,edge-25,2,edge,100.0,0.0200,0.0100,4,1.780,1.0000,1,0.9904,,0.700,0,778.7
7015,7,197,edge-25,2,edge,200.0,0.0500,0.0100,10,2.298,0.9926,2,0.9858,,0.700,0,778.7
7016,7,197,edge-25,2,edge,300.0,0.0500,0.0100,10,2.058,0.9926,3,0.9812,,0.700,0,778.7
7017,7,197,edge-25,2,edge,400.0,0.0500,0.0100,9,2.232,0.9008,3,0.9765,,0.700,0,778.7
7018,7,197,edge-25,2,edge,500.0,0.0500,0.0100,10,2.282,0.9926,2,0.9719,,0.700,0,778.7
7019,7,197,edge-25,2,edge,600.0,0.0500,0.0100,10,2.282,0.9926,2,0.9672,,0.700,1,778.7
7020,7,197,edge-25,2,edge,700.0,0.0500,0.0100,9,2.232,0.9008,1,0.9626,,0.700,1,778.7
7021,7,200,edge-26,2,edge,0.0,0.0000,0.0100,0,1.915,,1,1.0000,,0.700,0,
7022,7,200,edge-26,2,edge,100.0,0.0200,0.0100,4,2.115,1.0000,1,0.9904,,0.700,0,
7023,7,200,edge-26,2,edge,200.0,0.0500,0.0100,9,2.365,0.9008,1,0.9858,,0.700,0,
7024,7,200,edge-26,2,edge,300.0,0.0500,0.0100,10,2.415,0.9926,1,0.9812,,0.700,0,
7025,7,200,edge-26,2,edge,400.0,0.0500,0.0100,10,2.301,0.9926,2,0.9765,,0.700,0,
7026,7,200,edge-26,2,edge,500.0,0.0500,0.0100,10,2.178,0.9926,2,0.9719,,0.700,0,
7027,7,200,edge-26,2,edge,600.0,0.0500,0.0100,10,2.313,0.9926,3,0.9672,,0.700,0,
7028,7,200,edge-26,2,edge,700.0,0.0500,0.0100,9,2.114,0.8990,4,0.9626,,0.700,0,
7029,7,200,edge-26,2,edge,800.0,0.0500,0.0100,10,2.218,0.9926,5,0.9598,,0.700,0,
7030,7,200,edge-26,2,edge,900.0,0.0500,0.0100,10,2.127,0.9926,5,0.9552,,0.700,0,
7031,7,200,edge-26,2,edge,1000.0,0.0500,0.0100,10,2.360,0.9926,5,0.9505,,0.700,0,
7032,7,200,edge-26,2,edge,1100.0,0.0500,0.0100,10,2.117,0.9926,5,0.9459,,0.700,0,
7033,7,200,edge-26,2,edge,1200.0,0.0500,0.0100,10,2.095,0.9926,5,0.9412,,0.700,0,
7034,7,200,edge-26,2,edge,1300.0,0.0500,0.0100,10,2.247,0.9926,5,0.9366,,0.700,0,
7035,7,200,edge-26,2,edge,1400.0,0.0500,0.0100,9,2.215,0.9008,5,0.9319,,0.700,0,
7036,7,200,edge-26,2,edge,1500.0,0.0500,0.0100,8,2.165,0.7911,4,0.9273,,0.700,0,
7037,7,200,edge-26,2,edge,1600.0,0.0500,0.0100,10,2.265,0.9926,3,0.9226,,0.700,0,
7038,7,200,edge-26,2,edge,1700.0,0.0500,0.0100,9,2.154,0.9008,3,0.9180,,0.700,0,
7039,7,200,edge-26,2,edge,1800.0,0.0500,0.0100,9,2.274,0.9008,3,0.9133,,0.700,0,
7040,7,200,edge-26,2,edge,1900.0,0.0500,0.0100,10,2.201,0.9926,3,0.9087,,0.700,0,
7041,7,200,edge-26,2,edge,2000.0,0.0500,0.0100,9,2.155,0.8990,4,0.9040,,0.700,0,
7042,7,200,edge-26,2,edge,2100.0,0.0500,0.0100,9,2.150,0.9008,5,0.9013,,0.700,0,
7043,7,200,edge-26,2,edge,2200.0,0.0500,0.0100,10,2.180,0.9926,5,0.8966,,0.700,0,
7044,7,200,edge-26,2,edge,2300.0,0.0500,0.0100,9,2.006,0.9008,5,0.8920,,0.700,0,
7045,7,200,edge-26,2,edge,2400.0,0.0500,0.0100,9,2.171,0.9008,5,0.8873,,0.700,0,
7046,7,200,edge-26,2,edge,2500.0,0.0500,0.0100,10,2.174,0.9926,5,0.8827,,0.700,0,
7047,7,200,edge-26,2,edge,2600.0,0.0500,0.0100,10,2.174,0.9926,4,0.8780,,0.700,0,
7048,7,200,edge-26,2,edge,2700.0,0.0500,0.0100,10,2.174,0.9926,3,0.8734,,0.700,0,
7049,7,200,edge-26,2,edge,2800.0,0.0500,0.0100,10,2.196,0.9926,3,0.8687,,0.700,0,
7050,7,200,edge-26,2,edge,2900.0,0.0500,0.0100,10,2.196,0.9926,2,0.8641,,0.700,0,
7051,7,200,edge-26,2,edge,3000.0,0.0500,0.0100,10,2.196,0.9926,1,0.8594,,0.700,0,
7052,7,200,edge-26,2,edge,3100.0,0.0500,0.0100,10,2.142,0.9926,2,0.8548,,0.700,0,
7053,7,200,edge-26,2,edge,3200.0,0.0500,0.0100,10,2.142,0.9926,2,0.8501,,0.700,0,
7054,7,200,edge-26,2,edge,3300.0,0.0500,0.0100,9,2.092,0.9008,1,0.8455,,0.700,0,
7055,7,200,edge-26,2,edge,3400.0,0.0500,0.0100,10,2.142,0.9926,1,0.8408,,0.700,0,
7056,7,200,edge-26,2,edge,3500.0,0.0500,0.0100,9,2.092,0.8990,1,0.8362,,0.700,0,
7057,7,200,edge-26,2,edge,3600.0,0.0500,0.0100,10,2.142,0.9926,0,0.8334,,0.700,0,
7058,7,200,edge-26,2,edge,3700.0,0.0500,0.0100,9,2.092,0.8990,0,0.8288,,0.700,0,
7059,7,200,edge-26,2,edge,3800.0,0.0500,0.0100,9,2.238,0.8990,1,0.8260,,0.700,0,
7060,7,200,edge-26,2,edge,3900.0,0.0500,0.0100,9,2.238,0.9008,1,0.8233,,0.700,0,
7061,7,200,edge-26,2,edge,4000.0,0.0500,0.0100,10,2.288,0.9926,1,0.8186,,0.700,0,
7062,7,200,edge-26,2,edge,4100.0,0.0500,0.0100,10,2.288,0.9926,1,0.8140,,0.700,0,
7063,7,200,edge-26,2,edge,4200.0,0.0500,0.0100,9,2.238,0.9008,1,0.8093,,0.700,0,
7064,7,200,edge-26,2,edge,4300.0,0.0500,0.0100,10,2.288,0.9926,0,0.8047,,0.700,0,
7065,7,200,edge-26,2,edge,4400.0,0.0500,0.0100,10,2.288,0.9926,0,0.8000,,0.700,0,
7066,7,200,edge-26,2,edge,4500.0,0.0500,0.0100,10,2.288,0.9926,0,0.7954,,0.700,0,
7067,7,200,edge-26,2,edge,4600.0,0.0500,0.0100,9,2.238,0.9008,0,0.7907,,0.700,0,
7068,7,200,edge-26,2,edge,4700.0,0.0500,0.0100,8,2.091,0.7900,1,0.7861,,0.700,0,
7069,7,200,edge-26,2,edge,4800.0,0.0500,0.0100,8,2.091,0.7900,1,0.7833,,0.700,0,
7070,7,200,edge-26,2,edge,4900.0,0.0500,0.0100,10,2.191,0.9926,1,0.7806,,0.700,0,
7071,7,200,edge-26,2,edge,5000.0,0.0500,0.0100,9,2.141,0.9008,1,0.7759,,0.700,0,
7072,7,203,edge-27,2,edge,0.0,0.0000,0.0100,0,1.689,,1,1.0000,,0.700,0,1719.9
7073,7,203,edge-27,2,edge,100.0,0.0200,0.0100,4,1.889,1.0000,1,0.9904,,0.700,0,1719.9
7074,7,203,edge-27,2,edge,200.0,0.0500,0.0100,8,2.089,0.7911,1,0.9858,,0.700,0,1719.9
7075,7,203,edge-27,2,edge,300.0,0.0500,0.0100,10,2.065,0.9926,2,0.9812,,0.700,0,1719.9
7076,7,203,edge-27,2,edge,400.0,0.0500,0.0100,9,2.015,0.9008,2,0.9765,,0.700,0,1719.9
7077,7,203,edge-27,2,edge,500.0,0.0500,0.0100,9,2.233,0.9008,2,0.9719,,0.700,0,1719.9
7078,7,203,edge-27,2,edge,600.0,0.0500,0.0100,9,2.233,0.9008,2,0.9672,,0.700,0,1719.9
7079,7,203,edge-27,2,edge,700.0,0.0500,0.0100,10,2.283,0.9926,2,0.9626,,0.700,0,1719.9
7080,7,203,edge-27,2,edge,800.0,0.0500,0.0100,9,2.170,0.9008,2,0.9579,,0.700,0,1719.9
7081,7,203,edge-27,2,edge,900.0,0.0500,0.0100,10,2.328,0.9926,3,0.9533,,0.700,0,1719.9
7082,7,203,edge-27,2,edge,1000.0,0.0500,0.0100,10,2.328,0.9926,2,0.9486,,0.700,0,1719.9
7083,7,203,edge-27,2,edge,1100.0,0.0500,0.0100,10,2.562,0.9926,3,0.9440,,0.700,0,1719.9
7084,7,203,edge-27,2,edge,1200.0,0.0500,0.0100,10,2.562,0.9926,3,0.9393,,0.700,0,1719.9
7085,7,203,edge-27,2,edge,1300.0,0.0500,0.0100,10,2.562,0.9926,2,0.9347,,0.700,0,1719.9
7086,7,203,edge-27,2,edge,1400.0,0.0500,0.0100,9,2.512,0.8990,1,0.9300,,0.700,0,1719.9
7087,7,203,edge-27,2,edge,1500.0,0.0500,0.0100,10,2.562,0.9926,1,0.9273,,0.700,0,1719.9
7088,7,203,edge-27,2,edge,1600.0,0.0500,0.0100,10,2.562,0.9926,0,0.9226,,0.700,1,1719.9
7089,7,203,edge-27,2,edge,1700.0,0.0500,0.0100,9,2.512,0.8990,0,0.9180,,0.700,1,1719.9
7090,7,206,edge-28,2,edge,0.0,0.0000,0.0100,0,2.014,,1,1.0000,,0.700,0,
7091,7,206,edge-28,2,edge,100.0,0.0200,0.0100,4,2.214,1.0000,1,0.9904,,0.700,0,
7092,7,206,edge-28,2,edge,200.0,0.0500,0.0100,8,2.414,0.7911,1,0.9858,,0.700,0,
7093,7,206,edge-28,2,edge,300.0,0.0500,0.0100,9,2.471,0.9008,2,0.9812,,0.700,0,
7094,7,206,edge-28,2,edge,400.0,0.0500,0.0100,9,2.471,0.9008,2,0.9765,,0.700,0,
7095,7,206,edge-28,2,edge,500.0,0.0500,0.0100,10,2.253,0.9926,2,0.9719,,0.700,0,
7096,7,206,edge-28,2,edge,600.0,0.0500,0.0100,10,2.237,0.9926,3,0.9672,,0.700,0,
7097,7,206,edge-28,2,edge,700.0,0.0500,0.0100,10,2.447,0.9926,4,0.9626,,0.700,0,
7098,7,206,edge-28,2,edge,800.0,0.0500,0.0100,10,2.425,0.9926,3,0.9579,,0.700,0,
7099,7,206,edge-28,2,edge,900.0,0.0500,0.0100,10,2.641,0.9926,4,0.9533,,0.700,0,
7100,7,206,edge-28,2,edge,1000.0,0.0500,0.0100,9,2.157,0.9008,4,0.9486,,0.700,0,
7101,7,206,edge-28,2,edge,1100.0,0.0500,0.0100,10,2.526,0.9926,4,0.9440,,0.700,0,
7102,7,206,edge-28,2,edge,1200.0,0.0500,0.0100,10,2.455,0.9926,4,0.9393,,0.700,0,
7103,7,206,edge-28,2,edge,1300.0,0.0500,0.0100,8,2.355,0.7900,4,0.9347,,0.700,0,
7104,7,206,edge-28,2,edge,1400.0,0.0500,0.0100,8,2.355,0.7900,3,0.9319,,0.700,0,
7105,7,206,edge-28,2,edge,1500.0,0.0500,0.0100,10,2.455,0.9926,2,0.9292,,0.700,0,
7106,7,206,edge-28,2,edge,1600.0,0.0500,0.0100,10,2.455,0.9926,1,0.9245,,0.700,0,
7107,7,206,edge-28,2,edge,1700.0,0.0500,0.0100,7,2.435,0.6547,1,0.9199,,0.700,0,
7108,7,206,edge-28,2,edge,1800.0,0.0500,0.0100,9,2.535,0.9008,1,0.9152,,0.700,0,
7109,7,206,edge-28,2,edge,1900.0,0.0500,0.0100,9,2.235,0.9008,2,0.9106,,0.700,0,
7110,7,206,edge-28,2,edge,2000.0,0.0500,0.0100,10,2.285,0.9926,2,0.9059,,0.700,0,
7111,7,206,edge-28,2,edge,2100.0,0.0500,0.0100,8,2.185,0.7900,2,0.9013,,0.700,0,
7112,7,206,edge-28,2,edge,2200.0,0.0500,0.0100,10,2.285,0.9926,1,0.8985,,0.700,0,
7113,7,206,edge-28,2,edge,2300.0,0.0500,0.0100,8,2.501,0.7900,1,0.8939,,0.700,0,
7114,7,206,edge-28,2,edge,2400.0,0.0500,0.0100,10,2.270,0.9926,1,0.8911,,0.700,0,
7115,7,206,edge-28,2,edge,2500.0,0.0500,0.0100,9,2.220,0.8990,1,0.8864,,0.700,0,
7116,7,206,edge-28,2,edge,2600.0,0.0500,0.0100,10,2.279,0.9926,2,0.8837,,0.700,0,
7117,7,206,edge-28,2,edge,2700.0,0.0500,0.0100,9,2.427,0.9008,3,0.8790,,0.700,0,
7118,7,206,edge-28,2,edge,2800.0,0.0500,0.0100,9,2.427,0.9008,3,0.8744,,0.700,0,
7119,7,206,edge-28,2,edge,2900.0,0.0500,0.0100,10,2.155,0.9926,3,0.8697,,0.700,0,
7120,7,206,edge-28,2,edge,3000.0,0.0500,0.0100,10,2.155,0.9926,3,0.8651,,0.700,0,
7121,7,206,edge-28,2,edge,3100.0,0.0500,0.0100,10,2.155,0.9926,2,0.8604,,0.700,0,
7122,7,206,edge-28,2,edge,3200.0,0.0500,0.0100,10,2.367,0.9926,2,0.8558,,0.700,0,
7123,7,206,edge-28,2,edge,3300.0,0.0500,0.0100,8,2.223,0.7900,3,0.8512,,0.700,0,
7124,7,206,edge-28,2,edge,3400.0,0.0500,0.0100,10,2.361,0.9926,3,0.8484,,0.700,0,
7125,7,206,edge-28,2,edge,3500.0,0.0500,0.0100,9,2.197,0.9008,4,0.8437,,0.700,0,
7126,7,206,edge-28,2,edge,3600.0,0.0500,0.0100,9,2.197,0.9008,4,0.8391,,0.700,0,
7127,7,206,edge-28,2,edge,3700.0,0.0500,0.0100,10,2.247,0.9926,3,0.8344,,0.700,0,
7128,7,206,edge-28,2,edge,3800.0,0.0500,0.0100,10,2.247,0.9926,2,0.8298,,0.700,0,
7129,7,206,edge-28,2,edge,3900.0,0.0500,0.0100,9,2.437,0.9008,1,0.8252,,0.700,0,
7130,7,206,edge-28,2,edge,4000.0,0.0500,0.0100,10,2.200,0.9926,0,0.8205,,0.700,0,
7131,7,206,edge-28,2,edge,4100.0,0.0500,0.0100,10,2.099,0.9926,1,0.8159,,0.700,0,
7132,7,206,edge-28,2,edge,4200.0,0.0500,0.0100,10,2.099,0.9926,1,0.8112,,0.700,0,
7133,7,206,edge-28,2,edge,4300.0,0.0500,0.0100,10,2.380,0.9926,2,0.8066,,0.700,0,
7134,7,206,edge-28,2,edge,4400.0,0.0500,0.0100,10,2.380,0.9926,2,0.8019,,0.700,0,
7135,7,206,edge-28,2,edge,4500.0,0.0500,0.0100,10,2.380,0.9926,2,0.7973,,0.700,0,
7136,7,206,edge-28,2,edge,4600.0,0.0500,0.0100,10,2.200,0.9926,2,0.7926,,0.700,0,
7137,7,206,edge-28,2,edge,4700.0,0.0500,0.0100,9,2.306,0.8990,3,0.7880,,0.700,0,
7138,7,206,edge-28,2,edge,4800.0,0.0500,0.0100,10,2.186,0.9926,3,0.7852,,0.700,0,
7139,7,206,edge-28,2,edge,4900.0,0.0500,0.0100,10,2.186,0.9926,3,0.7806,,0.700,0,
7140,7,206,edge-28,2,edge,5000.0,0.0500,0.0100,10,2.368,0.9926,4,0.7759,,0.700,0,
7141,7,209,edge-29,2,edge,0.0,0.0000,0.0100,0,1.691,,1,1.0000,,0.700,0,
7142,7,209,edge-29,2,edge,100.0,0.0200,0.0100,4,1.891,1.0000,1,0.9904,,0.700,0,
7143,7,209,edge-29,2,edge,200.0,0.0500,0.0100,10,2.208,0.9926,2,0.9858,,0.700,0,
7144,7,209,edge-29,2,edge,300.0,0.0500,0.0100,9,2.142,0.9008,2,0.9812,,0.700,0,
7145,7,209,edge-29,2,edge,400.0,0.0500,0.0100,9,2.250,0.9008,3,0.9765,,0.700,0,
7146,7,209,edge-29,2,edge,500.0,0.0500,0.0100,8,2.200,0.7911,2,0.9719,,0.700,0,
7147,7,209,edge-29,2,edge,600.0,0.0500,0.0100,9,2.250,0.9008,2,0.9672,,0.700,0,
7148,7,209,edge-29,2,edge,700.0,0.0500,0.0100,9,2.311,0.9008,1,0.9626,,0.700,0,
7149,7,209,edge-29,2,edge,800.0,0.0500,0.0100,8,2.026,0.7900,2,0.9579,,0.700,0,
7150,7,209,edge-29,2,edge,900.0,0.0500,0.0100,10,2.259,0.9926,2,0.9552,,0.700,0,
7151,7,209,edge-29,2,edge,1000.0,0.0500,0.0100,10,2.190,0.9926,3,0.9505,,0.700,0,
7152,7,209,edge-29,2,edge,1100.0,0.0500,0.0100,10,2.115,0.9926,4,0.9459,,0.700,0,
7153,7,209,edge-29,2,edge,1200.0,0.0500,0.0100,10,2.107,0.9926,5,0.9412,,0.700,0,
7154,7,209,edge-29,2,edge,1300.0,0.0500,0.0100,10,2.408,0.9926,4,0.9366,,0.700,0,
7155,7,209,edge-29,2,edge,1400.0,0.0500,0.0100,9,2.358,0.8990,3,0.9319,,0.700,0,
7156,7,209,edge-29,2,edge,1500.0,0.0500,0.0100,9,1.989,0.9008,3,0.9292,,0.700,0,
7157,7,209,edge-29,2,edge,1600.0,0.0500,0.0100,10,2.039,0.9926,2,0.9245,,0.700,0,
7158,7,209,edge-29,2,edge,1700.0,0.0500,0.0100,10,2.177,0.9926,2,0.9199,,0.700,0,
7159,7,209,edge-29,2,edge,1800.0,0.0500,0.0100,9,2.127,0.8990,2,0.9152,,0.700,0,
7160,7,209,edge-29,2,edge,1900.0,0.0500,0.0100,10,2.096,0.9926,3,0.9124,,0.700,0,
7161,7,209,edge-29,2,edge,2000.0,0.0500,0.0100,10,2.096,0.9926,2,0.9078,,0.700,0,
7162,7,209,edge-29,2,edge,2100.0,0.0500,0.0100,10,2.295,0.9926,3,0.9032,,0.700,0,
7163,7,209,edge-29,2,edge,2200.0,0.0500,0.0100,9,2.093,0.9008,3,0.8985,,0.700,0,
7164,7,209,edge-29,2,edge,2300.0,0.0500,0.0100,10,2.166,0.9926,4,0.8939,,0.700,0,
7165,7,209,edge-29,2,edge,2400.0,0.0500,0.0100,10,2.268,0.9926,4,0.8892,,0.700,0,
7166,7,209,edge-29,2,edge,2500.0,0.0500,0.0100,10,2.268,0.9926,4,0.8846,,0.700,0,
7167,7,209,edge-29,2,edge,2600.0,0.0500,0.0100,10,2.268,0.9926,3,0.8799,,0.700,0,
7168,7,209,edge-29,2,edge,2700.0,0.0500,0.0100,10,2.268,0.9926,2,0.8753,,0.700,0,
7169,7,209,edge-29,2,edge,2800.0,0.0500,0.0100,10,2.267,0.9926,2,0.8706,,0.700,0,
7170,7,209,edge-29,2,edge,2900.0,0.0500,0.0100,9,2.217,0.9008,1,0.8660,,0.700,0,
7171,7,209,edge-29,2,edge,3000.0,0.0500,0.0100,10,2.267,0.9926,1,0.8613,,0.700,0,
7172,7,209,edge-29,2,edge,3100.0,0.0500,0.0100,10,2.267,0.9926,1,0.8567,,0.700,0,
7173,7,209,edge-29,2,edge,3200.0,0.0500,0.0100,10,2.267,0.9926,1,0.8520,,0.700,0,
7174,7,209,edge-29,2,edge,3300.0,0.0500,0.0100,9,2.217,0.9008,0,0.8474,,0.700,0,
7175,7,209,edge-29,2,edge,3400.0,0.0500,0.0100,10,2.107,0.9926,1,0.8427,,0.700,0,
7176,7,209,edge-29,2,edge,3500.0,0.0500,0.0100,10,2.278,0.9926,2,0.8381,,0.700,0,
7177,7,209,edge-29,2,edge,3600.0,0.0500,0.0100,9,2.094,0.8990,2,0.8334,,0.700,0,
7178,7,209,edge-29,2,edge,3700.0,0.0500,0.0100,10,2.126,0.9926,3,0.8307,,0.700,0,
7179,7,209,edge-29,2,edge,3800.0,0.0500,0.0100,10,2.049,0.9926,4,0.8260,,0.700,0,
7180,7,209,edge-29,2,edge,3900.0,0.0500,0.0100,9,1.999,0.9008,3,0.8214,,0.700,0,
7181,7,209,edge-29,2,edge,4000.0,0.0500,0.0100,10,2.125,0.9926,3,0.8167,,0.700,0,
7182,7,209,edge-29,2,edge,4100.0,0.0500,0.0100,9,2.075,0.9008,3,0.8121,,0.700,0,
7183,7,209,edge-29,2,edge,4200.0,0.0500,0.0100,10,2.088,0.9926,3,0.8074,,0.700,0,
7184,7,209,edge-29,2,edge,4300.0,0.0500,0.0100,8,1.922,0.7900,3,0.8028,,0.700,0,
7185,7,209,edge-29,2,edge,4400.0,0.0500,0.0100,10,2.169,0.9926,4,0.8000,,0.700,0,
7186,7,209,edge-29,2,edge,4500.0,0.0500,0.0100,10,2.111,0.9926,4,0.7954,,0.700,0,
7187,7,209,edge-29,2,edge,4600.0,0.0500,0.0100,10,2.111,0.9926,4,0.7907,,0.700,0,
7188,7,209,edge-29,2,edge,4700.0,0.0500,0.0100,9,2.061,0.9008,3,0.7861,,0.700,0,
7189,7,209,edge-29,2,edge,4800.0,0.0500,0.0100,9,2.061,0.9008,2,0.7814,,0.700,0,
7190,7,209,edge-29,2,edge,4900.0,0.0500,0.0100,10,2.111,0.9926,1,0.7768,,0.700,0,
7191,7,209,edge-29,2,edge,5000.0,0.0500,0.0100,9,2.173,0.9008,1,0.7721,,0.700,0,
7192,7,212,edge-30,2,edge,0.0,0.0000,0.0100,0,1.531,,1,1.0000,,0.700,0,
7193,7,212,edge-30,2,edge,100.0,0.0200,0.0100,3,1.681,0.8990,1,0.9904,,0.700,0,
7194,7,212,edge-30,2,edge,200.0,0.0500,0.0100,10,2.269,0.9926,2,0.9877,,0.700,0,
7195,7,212,edge-30,2,edge,300.0,0.0500,0.0100,9,2.115,0.9008,3,0.9830,,0.700,0,
7196,7,212,edge-30,2,edge,400.0,0.0500,0.0100,10,2.165,0.9926,3,0.9784,,0.700,0,
7197,7,212,edge-30,2,edge,500.0,0.0500,0.0100,10,2.269,0.9926,3,0.9737,,0.700,0,
7198,7,212,edge-30,2,edge,600.0,0.0500,0.0100,9,2.129,0.9008,4,0.9691,,0.700,0,
7199,7,212,edge-30,2,edge,700.0,0.0500,0.0100,9,2.129,0.8990,3,0.9644,,0.700,0,
7200,7,212,edge-30,2,edge,800.0,0.0500,0.0100,10,2.179,0.9926,2,0.9617,,0.700,0,
7201,7,212,edge-30,2,edge,900.0,0.0500,0.0100,8,2.079,0.7911,2,0.9570,,0.700,0,
7202,7,212,edge-30,2,edge,1000.0,0.0500,0.0100,9,2.129,0.8990,1,0.9524,,0.700,0,
7203,7,212,edge-30,2,edge,1100.0,0.0500,0.0100,9,2.129,0.9008,0,0.9496,,0.700,0,
7204,7,212,edge-30,2,edge,1200.0,0.0500,0.0100,9,2.129,0.9008,0,0.9450,,0.700,0,
7205,7,212,edge-30,2,edge,1300.0,0.0500,0.0100,10,2.077,0.9926,1,0.9403,,0.700,0,
7206,7,212,edge-30,2,edge,1400.0,0.0500,0.0100,10,2.278,0.9926,2,0.9357,,0.700,0,
7207,7,212,edge-30,2,edge,1500.0,0.0500,0.0100,10,2.215,0.9926,3,0.9310,,0.700,0,
7208,7,212,edge-30,2,edge,1600.0,0.0500,0.0100,9,2.254,0.9008,4,0.9264,,0.700,0,
7209,7,212,edge-30,2,edge,1700.0,0.0500,0.0100,10,2.475,0.9926,5,0.9217,,0.700,0,
7210,7,212,edge-30,2,edge,1800.0,0.0500,0.0100,10,2.348,0.9926,5,0.9171,,0.700,0,
7211,7,212,edge-30,2,edge,1900.0,0.0500,0.0100,9,2.298,0.9008,4,0.9124,,0.700,0,
7212,7,212,edge-30,2,edge,2000.0,0.0500,0.0100,8,2.248,0.7911,3,0.9078,,0.700,0,
7213,7,212,edge-30,2,edge,2100.0,0.0500,0.0100,10,2.348,0.9926,2,0.9032,,0.700,0,
7214,7,212,edge-30,2,edge,2200.0,0.0500,0.0100,10,2.348,0.9926,1,0.8985,,0.700,0,
7215,7,212,edge-30,2,edge,2300.0,0.0500,0.0100,10,2.348,0.9926,0,0.8939,,0.700,0,
7216,7,212,edge-30,2,edge,2400.0,0.0500,0.0100,9,2.508,0.9008,1,0.8892,,0.700,0,
7217,7,212,edge-30,2,edge,2500.0,0.0500,0.0100,10,2.558,0.9926,1,0.8846,,0.700,0,
7218,7,212,edge-30,2,edge,2600.0,0.0500,0.0100,10,2.558,0.9926,1,0.8799,,0.700,0,
7219,7,212,edge-30,2,edge,2700.0,0.0500,0.0100,10,2.558,0.9926,1,0.8753,,0.700,0,
7220,7,212,edge-30,2,edge,2800.0,0.0500,0.0100,10,2.297,0.9926,1,0.8706,,0.700,0,
7221,7,212,edge-30,2,edge,2900.0,0.0500,0.0100,9,2.407,0.9008,1,0.8660,,0.700,0,
7222,7,212,edge-30,2,edge,3000.0,0.0500,0.0100,10,2.369,0.9926,2,0.8613,,0.700,0,
7223,7,212,edge-30,2,edge,3100.0,0.0500,0.0100,9,2.112,0.9008,3,0.8567,,0.700,0,
7224,7,212,edge-30,2,edge,3200.0,0.0500,0.0100,10,2.375,0.9926,4,0.8520,,0.700,0,
7225,7,212,edge-30,2,edge,3300.0,0.0500,0.0100,10,2.375,0.9926,4,0.8474,,0.700,0,
7226,7,212,edge-30,2,edge,3400.0,0.0500,0.0100,10,2.375,0.9926,3,0.8427,,0.700,0,
7227,7,212,edge-30,2,edge,3500.0,0.0500,0.0100,10,2.379,0.9926,3,0.8381,,0.700,0,
7228,7,212,edge-30,2,edge,3600.0,0.0500,0.0100,10,2.406,0.9926,3,0.8334,,0.700,0,
7229,7,212,edge-30,2,edge,3700.0,0.0500,0.0100,10,2.406,0.9926,2,0.8288,,0.700,0,
7230,7,212,edge-30,2,edge,3800.0,0.0500,0.0100,10,2.460,0.9926,2,0.8241,,0.700,0,
7231,7,212,edge-30,2,edge,3900.0,0.0500,0.0100,10,2.137,0.9926,3,0.8195,,0.700,0,
7232,7,212,edge-30,2,edge,4000.0,0.0500,0.0100,9,2.087,0.9008,2,0.8148,,0.700,0,
7233,7,212,edge-30,2,edge,4100.0,0.0500,0.0100,10,2.137,0.9926,1,0.8102,,0.700,0,
7234,7,212,edge-30,2,edge,4200.0,0.0500,0.0100,9,2.087,0.8990,1,0.8056,,0.700,0,
7235,7,212,edge-30,2,edge,4300.0,0.0500,0.0100,9,2.087,0.9008,1,0.8028,,0.700,0,
7236,7,212,edge-30,2,edge,4400.0,0.0500,0.0100,10,2.137,0.9926,0,0.7981,,0.700,0,
7237,7,212,edge-30,2,edge,4500.0,0.0500,0.0100,9,2.087,0.8990,0,0.7935,,0.700,0,
7238,7,212,edge-30,2,edge,4600.0,0.0500,0.0100,10,2.191,0.9926,1,0.7907,,0.700,0,
7239,7,212,edge-30,2,edge,4700.0,0.0500,0.0100,9,2.141,0.9008,1,0.7861,,0.700,0,
7240,7,212,edge-30,2,edge,4800.0,0.0500,0.0100,10,2.191,0.9926,1,0.7814,,0.700,0,
7241,7,212,edge-30,2,edge,4900.0,0.0500,0.0100,10,2.191,0.9926,1,0.7768,,0.700,0,
7242,7,212,edge-30,2,edge,5000.0,0.0500,0.0100,9,2.141,0.9008,1,0.7721,,0.700,0,
7243,7,215,edge-31,2,edge,0.0,0.0000,0.0100,0,2.111,,1,1.0000,,0.700,0,
7244,7,215,edge-31,2,edge,100.0,0.0200,0.0100,3,2.261,0.9039,1,0.9904,,0.700,0,
7245,7,215,edge-31,2,edge,200.0,0.0500,0.0100,10,2.611,0.9926,1,0.9858,,0.700,0,
7246,7,215,edge-31,2,edge,300.0,0.0500,0.0100,10,2.611,0.9926,1,0.9812,,0.700,0,
7247,7,215,edge-31,2,edge,400.0,0.0500,0.0100,10,2.335,0.9926,2,0.9765,,0.700,0,
7248,7,215,edge-31,2,edge,500.0,0.0500,0.0100,9,2.299,0.9008,2,0.9719,,0.700,0,
7249,7,215,edge-31,2,edge,600.0,0.0500,0.0100,9,2.299,0.9008,2,0.9672,,0.700,0,
7250,7,215,edge-31,2,edge,700.0,0.0500,0.0100,10,2.349,0.9926,2,0.9626,,0.700,0,
7251,7,215,edge-31,2,edge,800.0,0.0500,0.0100,9,2.299,0.9008,2,0.9579,,0.700,0,
7252,7,215,edge-31,2,edge,900.0,0.0500,0.0100,10,2.552,0.9926,2,0.9533,,0.700,0,
7253,7,215,edge-31,2,edge,1000.0,0.0500,0.0100,10,2.552,0.9926,1,0.9486,,0.700,0,
7254,7,215,edge-31,2,edge,1100.0,0.0500,0.0100,9,2.502,0.9008,1,0.9440,,0.700,0,
7255,7,215,edge-31,2,edge,1200.0,0.0500,0.0100,9,2.502,0.9008,1,0.9393,,0.700,0,
7256,7,215,edge-31,2,edge,1300.0,0.0500,0.0100,9,2.502,0.9008,1,0.9347,,0.700,0,
7257,7,215,edge-31,2,edge,1400.0,0.0500,0.0100,8,2.452,0.7911,0,0.9300,,0.700,0,
7258,7,215,edge-31,2,edge,1500.0,0.0500,0.0100,10,2.415,0.9926,1,0.9254,,0.700,0,
7259,7,215,edge-31,2,edge,1600.0,0.0500,0.0100,10,2.415,0.9926,1,0.9207,,0.700,0,
7260,7,215,edge-31,2,edge,1700.0,0.0500,0.0100,10,2.415,0.9926,1,0.9161,,0.700,0,
7261,7,215,edge-31,2,edge,1800.0,0.0500,0.0100,10,2.415,0.9926,1,0.9114,,0.700,0,
7262,7,215,edge-31,2,edge,1900.0,0.0500,0.0100,10,2.415,0.9926,1,0.9068,,0.700,0,
7263,7,215,edge-31,2,edge,2000.0,0.0500,0.0100,9,2.251,0.9008,1,0.9021,,0.700,0,
7264,7,215,edge-31,2,edge,2100.0,0.0500,0.0100,9,2.128,0.8990,2,0.8975,,0.700,0,
7265,7,215,edge-31,2,edge,2200.0,0.0500,0.0100,10,2.313,0.9926,3,0.8947,,0.700,0,
7266,7,215,edge-31,2,edge,2300.0,0.0500,0.0100,8,2.064,0.7911,4,0.8901,,0.700,0,
7267,7,215,edge-31,2,edge,2400.0,0.0500,0.0100,10,2.218,0.9926,5,0.8854,,0.700,0,
7268,7,215,edge-31,2,edge,2500.0,0.0500,0.0100,10,2.127,0.9926,5,0.8808,,0.700,0,
7269,7,215,edge-31,2,edge,2600.0,0.0500,0.0100,9,2.310,0.9008,5,0.8761,,0.700,0,
7270,7,215,edge-31,2,edge,2700.0,0.0500,0.0100,9,2.067,0.9008,5,0.8715,,0.700,0,
7271,7,215,edge-31,2,edge,2800.0,0.0500,0.0100,10,2.095,0.9926,5,0.8668,,0.700,0,
7272,7,215,edge-31,2,edge,2900.0,0.0500,0.0100,10,2.247,0.9926,5,0.8622,,0.700,0,
7273,7,215,edge-31,2,edge,3000.0,0.0500,0.0100,10,2.265,0.9926,5,0.8576,,0.700,0,
7274,7,215,edge-31,2,edge,3100.0,0.0500,0.0100,9,2.215,0.9008,4,0.8529,,0.700,0,
7275,7,215,edge-31,2,edge,3200.0,0.0500,0.0100,10,2.265,0.9926,3,0.8483,,0.700,0,
7276,7,215,edge-31,2,edge,3300.0,0.0500,0.0100,8,2.104,0.7911,3,0.8436,,0.700,0,
7277,7,215,edge-31,2,edge,3400.0,0.0500,0.0100,9,2.274,0.9008,3,0.8390,,0.700,0,
7278,7,215,edge-31,2,edge,3500.0,0.0500,0.0100,10,2.201,0.9926,3,0.8343,,0.700,0,
7279,7,215,edge-31,2,edge,3600.0,0.0500,0.0100,9,2.155,0.9008,4,0.8297,,0.700,0,
7280,7,215,edge-31,2,edge,3700.0,0.0500,0.0100,7,2.050,0.6547,5,0.8250,,0.700,0,
7281,7,215,edge-31,2,edge,3800.0,0.0500,0.0100,9,2.130,0.9008,5,0.8204,,0.700,0,
7282,7,215,edge-31,2,edge,3900.0,0.0500,0.0100,10,2.056,0.9926,5,0.8157,,0.700,0,
7283,7,215,edge-31,2,edge,4000.0,0.0500,0.0100,10,2.221,0.9926,5,0.8111,,0.700,0,
7284,7,215,edge-31,2,edge,4100.0,0.0500,0.0100,9,2.124,0.9008,5,0.8064,,0.700,0,
7285,7,215,edge-31,2,edge,4200.0,0.0500,0.0100,10,2.174,0.9926,4,0.8018,,0.700,0,
7286,7,215,edge-31,2,edge,4300.0,0.0500,0.0100,9,2.124,0.9008,3,0.7971,,0.700,0,
7287,7,215,edge-31,2,edge,4400.0,0.0500,0.0100,8,2.096,0.7911,3,0.7925,,0.700,0,
7288,7,215,edge-31,2,edge,4500.0,0.0500,0.0100,9,2.146,0.9008,2,0.7878,,0.700,0,
7289,7,215,edge-31,2,edge,4600.0,0.0500,0.0100,10,2.196,0.9926,1,0.7832,,0.700,0,
7290,7,215,edge-31,2,edge,4700.0,0.0500,0.0100,9,2.092,0.9008,2,0.7785,,0.700,0,
7291,7,215,edge-31,2,edge,4800.0,0.0500,0.0100,10,2.142,0.9926,2,0.7739,,0.700,0,
7292,7,215,edge-31,2,edge,4900.0,0.0500,0.0100,9,2.092,0.9008,1,0.7692,,0.700,0,
7293,7,215,edge-31,2,edge,5000.0,0.0500,0.0100,9,2.092,0.9008,1,0.7646,,0.700,0,
7294,7,218,edge-32,2,edge,0.0,0.0000,0.0100,0,1.868,,1,1.0000,,0.700,0,
7295,7,218,edge-32,2,edge,100.0,0.0200,0.0100,3,2.018,0.9039,1,0.9904,,0.700,0,
7296,7,218,edge-32,2,edge,200.0,0.0500,0.0100,9,2.242,0.9008,2,0.9858,,0.700,0,
7297,7,218,edge-32,2,edge,300.0,0.0500,0.0100,9,2.242,0.9008,2,0.9812,,0.700,0,
7298,7,218,edge-32,2,edge,400.0,0.0500,0.0100,9,2.242,0.9008,2,0.9765,,0.700,0,
7299,7,218,edge-32,2,edge,500.0,0.0500,0.0100,9,2.168,0.9008,2,0.9719,,0.700,0,
7300,7,218,edge-32,2,edge,600.0,0.0500,0.0100,9,2.138,0.9008,3,0.9672,,0.700,0,
7301,7,218,edge-32,2,edge,700.0,0.0500,0.0100,9,2.139,0.9008,3,0.9626,,0.700,0,
7302,7,218,edge-32,2,edge,800.0,0.0500,0.0100,9,2.139,0.9008,3,0.9579,,0.700,0,
7303,7,218,edge-32,2,edge,900.0,0.0500,0.0100,10,2.189,0.9926,3,0.9533,,0.700,0,
7304,7,218,edge-32,2,edge,1000.0,0.0500,0.0100,10,2.065,0.9926,3,0.9486,,0.700,0,
7305,7,218,edge-32,2,edge,1100.0,0.0500,0.0100,10,2.065,0.9926,2,0.9440,,0.700,0,
7306,7,218,edge-32,2,edge,1200.0,0.0500,0.0100,10,2.283,0.9926,2,0.9393,,0.700,0,
7307,7,218,edge-32,2,edge,1300.0,0.0500,0.0100,9,2.233,0.9008,2,0.9347,,0.700,0,
7308,7,218,edge-32,2,edge,1400.0,0.0500,0.0100,10,2.283,0.9926,2,0.9300,,0.700,0,
7309,7,218,edge-32,2,edge,1500.0,0.0500,0.0100,10,2.220,0.9926,2,0.9254,,0.700,0,
7310,7,218,edge-32,2,edge,1600.0,0.0500,0.0100,9,2.278,0.9008,3,0.9207,,0.700,0,
7311,7,218,edge-32,2,edge,1700.0,0.0500,0.0100,9,2.278,0.9008,2,0.9161,,0.700,0,
7312,7,218,edge-32,2,edge,1800.0,0.0500,0.0100,8,2.462,0.7900,3,0.9114,,0.700,0,
7313,7,218,edge-32,2,edge,1900.0,0.0500,0.0100,8,2.462,0.7900,3,0.9087,,0.700,0,
7314,7,218,edge-32,2,edge,2000.0,0.0500,0.0100,9,2.512,0.9008,2,0.9059,,0.700,0,
7315,7,218,edge-32,2,edge,2100.0,0.0500,0.0100,8,2.462,0.7911,1,0.9013,,0.700,0,
7316,7,218,edge-32,2,edge,2200.0,0.0500,0.0100,10,2.562,0.9926,1,0.8966,,0.700,0,
7317,7,218,edge-32,2,edge,2300.0,0.0500,0.0100,10,2.562,0.9926,0,0.8920,,0.700,0,
7318,7,218,edge-32,2,edge,2400.0,0.0500,0.0100,9,2.512,0.9008,0,0.8873,,0.700,0,
7319,7,218,edge-32,2,edge,2500.0,0.0500,0.0100,10,2.205,0.9926,0,0.8827,,0.700,0,
7320,7,218,edge-32,2,edge,2600.0,0.0500,0.0100,9,2.155,0.8990,0,0.8780,,0.700,0,
7321,7,218,edge-32,2,edge,2700.0,0.0500,0.0100,10,2.205,0.9926,0,0.8753,,0.700,0,
7322,7,218,edge-32,2,edge,2800.0,0.0500,0.0100,10,2.205,0.9926,0,0.8706,,0.700,0,
7323,7,218,edge-32,2,edge,2900.0,0.0500,0.0100,10,2.334,0.9926,1,0.8660,,0.700,0,
7324,7,218,edge-32,2,edge,3000.0,0.0500,0.0100,10,2.334,0.9926,1,0.8613,,0.700,0,
7325,7,218,edge-32,2,edge,3100.0,0.0500,0.0100,10,2.151,0.9926,2,0.8567,,0.700,0,
7326,7,218,edge-32,2,edge,3200.0,0.0500,0.0100,10,2.151,0.9926,2,0.8520,,0.700,0,
7327,7,218,edge-32,2,edge,3300.0,0.0500,0.0100,10,2.353,0.9926,3,0.8474,,0.700,0,
7328,7,218,edge-32,2,edge,3400.0,0.0500,0.0100,10,2.353,0.9926,2,0.8427,,0.700,0,
7329,7,218,edge-32,2,edge,3500.0,0.0500,0.0100,9,2.303,0.9008,2,0.8381,,0.700,0,
7330,7,218,edge-32,2,edge,3600.0,0.0500,0.0100,9,2.269,0.9008,2,0.8334,,0.700,0,
7331,7,218,edge-32,2,edge,3700.0,0.0500,0.0100,9,2.269,0.8990,2,0.8288,,0.700,0,
7332,7,218,edge-32,2,edge,3800.0,0.0500,0.0100,10,2.319,0.9926,1,0.8260,,0.700,0,
7333,7,218,edge-32,2,edge,3900.0,0.0500,0.0100,9,2.269,0.9008,1,0.8214,,0.700,0,
7334,7,218,edge-32,2,edge,4000.0,0.0500,0.0100,9,2.026,0.9008,2,0.8167,,0.700,0,
7335,7,218,edge-32,2,edge,4100.0,0.0500,0.0100,9,2.026,0.9008,1,0.8121,,0.700,0,
7336,7,218,edge-32,2,edge,4200.0,0.0500,0.0100,8,1.976,0.7911,1,0.8074,,0.700,0,
7337,7,218,edge-32,2,edge,4300.0,0.0500,0.0100,10,2.350,0.9926,2,0.8028,,0.700,0,
7338,7,218,edge-32,2,edge,4400.0,0.0500,0.0100,10,2.350,0.9926,2,0.7981,,0.700,0,
7339,7,218,edge-32,2,edge,4500.0,0.0500,0.0100,10,2.116,0.9926,2,0.7935,,0.700,0,
7340,7,218,edge-32,2,edge,4600.0,0.0500,0.0100,9,2.312,0.8990,3,0.7888,,0.700,0,
7341,7,218,edge-32,2,edge,4700.0,0.0500,0.0100,10,2.059,0.9926,4,0.7861,,0.700,0,
7342,7,218,edge-32,2,edge,4800.0,0.0500,0.0100,10,2.197,0.9926,4,0.7814,,0.700,0,
7343,7,218,edge-32,2,edge,4900.0,0.0500,0.0100,9,2.363,0.9008,5,0.7768,,0.700,0,
7344,7,218,edge-32,2,edge,5000.0,0.0500,0.0100,9,2.018,0.9008,5,0.7721,,0.700,0,
7345,7,221,edge-33,2,edge,0.0,0.0000,0.0100,0,1.728,,1,1.0000,,0.700,0,
7346,7,221,edge-33,2,edge,100.0,0.0200,0.0100,4,1.928,1.0000,1,0.9904,,0.700,0,
7347,7,221,edge-33,2,edge,200.0,0.0500,0.0100,9,2.178,0.9008,1,0.9858,,0.700,0,
7348,7,221,edge-33,2,edge,300.0,0.0500,0.0100,10,2.228,0.9926,1,0.9812,,0.700,0,
7349,7,221,edge-33,2,edge,400.0,0.0500,0.0100,10,2.228,0.9926,1,0.9765,,0.700,0,
7350,7,221,edge-33,2,edge,500.0,0.0500,0.0100,9,2.159,0.9008,0,0.9719,,0.700,0,
7351,7,221,edge-33,2,edge,600.0,0.0500,0.0100,9,1.990,0.9008,1,0.9672,,0.700,0,
7352,7,221,edge-33,2,edge,700.0,0.0500,0.0100,10,2.040,0.9926,1,0.9626,,0.700,0,
7353,7,221,edge-33,2,edge,800.0,0.0500,0.0100,10,2.260,0.9926,2,0.9579,,0.700,0,
7354,7,221,edge-33,2,edge,900.0,0.0500,0.0100,8,1.936,0.7900,3,0.9533,,0.700,0,
7355,7,221,edge-33,2,edge,1000.0,0.0500,0.0100,10,2.516,0.9926,3,0.9505,,0.700,0,
7356,7,221,edge-33,2,edge,1100.0,0.0500,0.0100,10,2.516,0.9926,2,0.9459,,0.700,0,
7357,7,221,edge-33,2,edge,1200.0,0.0500,0.0100,10,2.516,0.9926,2,0.9412,,0.700,0,
7358,7,221,edge-33,2,edge,1300.0,0.0500,0.0100,9,2.439,0.8990,2,0.9366,,0.700,0,
7359,7,221,edge-33,2,edge,1400.0,0.0500,0.0100,10,2.489,0.9926,1,0.9338,,0.700,0,
7360,7,221,edge-33,2,edge,1500.0,0.0500,0.0100,9,2.211,0.9008,2,0.9292,,0.700,0,
7361,7,221,edge-33,2,edge,1600.0,0.0500,0.0100,10,2.261,0.9926,2,0.9245,,0.700,0,
7362,7,221,edge-33,2,edge,1700.0,0.0500,0.0100,10,2.261,0.9926,2,0.9199,,0.700,0,
7363,7,221,edge-33,2,edge,1800.0,0.0500,0.0100,8,2.161,0.7900,1,0.9152,,0.700,0,
7364,7,221,edge-33,2,edge,1900.0,0.0500,0.0100,9,2.211,0.9008,1,0.9124,,0.700,0,
7365,7,221,edge-33,2,edge,2000.0,0.0500,0.0100,10,2.261,0.9926,0,0.9078,,0.700,0,
7366,7,221,edge-33,2,edge,2100.0,0.0500,0.0100,9,2.236,0.9008,0,0.9032,,0.700,0,
7367,7,221,edge-33,2,edge,2200.0,0.0500,0.0100,10,2.211,0.9926,0,0.8985,,0.700,0,
7368,7,221,edge-33,2,edge,2300.0,0.0500,0.0100,9,2.161,0.9008,0,0.8939,,0.700,0,
7369,7,221,edge-33,2,edge,2400.0,0.0500,0.0100,10,2.211,0.9926,0,0.8892,,0.700,0,
7370,7,221,edge-33,2,edge,2500.0,0.0500,0.0100,9,2.141,0.9008,1,0.8846,,0.700,0,
7371,7,221,edge-33,2,edge,2600.0,0.0500,0.0100,10,2.314,0.9926,1,0.8799,,0.700,0,
7372,7,221,edge-33,2,edge,2700.0,0.0500,0.0100,9,2.245,0.9008,2,0.8753,,0.700,0,
7373,7,221,edge-33,2,edge,2800.0,0.0500,0.0100,10,2.053,0.9926,3,0.8706,,0.700,0,
7374,7,221,edge-33,2,edge,2900.0,0.0500,0.0100,10,2.249,0.9926,4,0.8660,,0.700,0,
7375,7,221,edge-33,2,edge,3000.0,0.0500,0.0100,10,2.145,0.9926,4,0.8613,,0.700,0,
7376,7,221,edge-33,2,edge,3100.0,0.0500,0.0100,9,2.095,0.8990,4,0.8567,,0.700,0,
7377,7,221,edge-33,2,edge,3200.0,0.0500,0.0100,9,2.095,0.9008,3,0.8539,,0.700,0,
7378,7,221,edge-33,2,edge,3300.0,0.0500,0.0100,7,1.995,0.6547,2,0.8493,,0.700,0,
7379,7,221,edge-33,2,edge,3400.0,0.0500,0.0100,9,2.240,0.9008,2,0.8446,,0.700,0,
7380,7,221,edge-33,2,edge,3500.0,0.0500,0.0100,9,2.189,0.8990,2,0.8400,,0.700,0,
7381,7,221,edge-33,2,edge,3600.0,0.0500,0.0100,9,2.464,0.9008,2,0.8372,,0.700,0,
7382,7,221,edge-33,2,edge,3700.0,0.0500,0.0100,10,2.514,0.9926,2,0.8326,,0.700,0,
7383,7,221,edge-33,2,edge,3800.0,0.0500,0.0100,9,2.464,0.8990,2,0.8279,,0.700,0,
7384,7,221,edge-33,2,edge,3900.0,0.0500,0.0100,10,2.514,0.9926,1,0.8252,,0.700,0,
7385,7,221,edge-33,2,edge,4000.0,0.0500,0.0100,10,2.514,0.9926,0,0.8205,,0.700,0,
7386,7,221,edge-33,2,edge,4100.0,0.0500,0.0100,10,2.514,0.9926,0,0.8159,,0.700,0,
7387,7,221,edge-33,2,edge,4200.0,0.0500,0.0100,10,2.521,0.9926,1,0.8112,,0.700,0,
7388,7,221,edge-33,2,edge,4300.0,0.0500,0.0100,10,2.521,0.9926,1,0.8066,,0.700,0,
7389,7,221,edge-33,2,edge,4400.0,0.0500,0.0100,8,2.153,0.7900,2,0.8019,,0.700,0,
7390,7,221,edge-33,2,edge,4500.0,0.0500,0.0100,9,2.187,0.9008,3,0.7992,,0.700,0,
7391,7,221,edge-33,2,edge,4600.0,0.0500,0.0100,10,2.447,0.9926,4,0.7945,,0.700,0,
7392,7,221,edge-33,2,edge,4700.0,0.0500,0.0100,10,2.425,0.9926,3,0.7899,,0.700,0,
7393,7,221,edge-33,2,edge,4800.0,0.0500,0.0100,9,2.591,0.9008,4,0.7852,,0.700,0,
7394,7,221,edge-33,2,edge,4900.0,0.0500,0.0100,10,2.207,0.9926,4,0.7806,,0.700,0,
7395,7,221,edge-33,2,edge,5000.0,0.0500,0.0100,7,2.376,0.6543,4,0.7759,,0.700,0,
7396,7,224,edge-34,2,edge,0.0,0.0000,0.0100,0,1.755,,1,1.0000,,0.700,0,
7397,7,224,edge-34,2,edge,100.0,0.0200,0.0100,4,1.955,1.0000,1,0.9904,,0.700,0,
7398,7,224,edge-34,2,edge,200.0,0.0500,0.0100,9,2.033,0.9008,2,0.9858,,0.700,0,
7399,7,224,edge-34,2,edge,300.0,0.0500,0.0100,10,2.083,0.9926,2,0.9812,,0.700,0,
7400,7,224,edge-34,2,edge,400.0,0.0500,0.0100,10,2.083,0.9926,2,0.9765,,0.700,0,
7401,7,224,edge-34,2,edge,500.0,0.0500,0.0100,10,2.083,0.9926,1,0.9719,,0.700,0,
7402,7,224,edge-34,2,edge,600.0,0.0500,0.0100,10,2.083,0.9926,1,0.9672,,0.700,0,
7403,7,224,edge-34,2,edge,700.0,0.0500,0.0100,9,2.141,0.9008,1,0.9626,,0.700,0,
7404,7,224,edge-34,2,edge,800.0,0.0500,0.0100,10,2.191,0.9926,1,0.9579,,0.700,0,
7405,7,224,edge-34,2,edge,900.0,0.0500,0.0100,9,2.141,0.9008,1,0.9533,,0.700,0,
7406,7,224,edge-34,2,edge,1000.0,0.0500,0.0100,9,2.158,0.9008,2,0.9486,,0.700,0,
7407,7,224,edge-34,2,edge,1100.0,0.0500,0.0100,10,2.192,0.9926,2,0.9440,,0.700,0,
7408,7,224,edge-34,2,edge,1200.0,0.0500,0.0100,8,2.200,0.7911,2,0.9393,,0.700,0,
7409,7,224,edge-34,2,edge,1300.0,0.0500,0.0100,10,2.300,0.9926,2,0.9347,,0.700,0,
7410,7,224,edge-34,2,edge,1400.0,0.0500,0.0100,6,2.100,0.4688,2,0.9300,,0.700,0,
7411,7,224,edge-34,2,edge,1500.0,0.0500,0.0100,10,2.361,0.9926,1,0.9254,,0.700,0,
7412,7,224,edge-34,2,edge,1600.0,0.0500,0.0100,10,2.126,0.9926,2,0.9207,,0.700,0,
7413,7,224,edge-34,2,edge,1700.0,0.0500,0.0100,9,2.209,0.9008,2,0.9161,,0.700,0,
7414,7,224,edge-34,2,edge,1800.0,0.0500,0.0100,10,2.190,0.9926,3,0.9114,,0.700,0,
7415,7,224,edge-34,2,edge,1900.0,0.0500,0.0100,9,2.065,0.9008,4,0.9068,,0.700,0,
7416,7,224,edge-34,2,edge,2000.0,0.0500,0.0100,10,2.107,0.9926,5,0.9021,,0.700,0,
7417,7,224,edge-34,2,edge,2100.0,0.0500,0.0100,10,2.408,0.9926,4,0.8975,,0.700,0,
7418,7,224,edge-34,2,edge,2200.0,0.0500,0.0100,9,2.358,0.9008,3,0.8928,,0.700,0,
7419,7,224,edge-34,2,edge,2300.0,0.0500,0.0100,10,2.039,0.9926,3,0.8882,,0.700,0,
7420,7,224,edge-34,2,edge,2400.0,0.0500,0.0100,10,2.039,0.9926,2,0.8836,,0.700,0,
7421,7,224,edge-34,2,edge,2500.0,0.0500,0.0100,10,2.177,0.9926,2,0.8789,,0.700,0,
7422,7,224,edge-34,2,edge,2600.0,0.0500,0.0100,10,2.177,0.9926,2,0.8743,,0.700,0,
7423,7,224,edge-34,2,edge,2700.0,0.0500,0.0100,10,2.096,0.9926,3,0.8696,,0.700,0,
7424,7,224,edge-34,2,edge,2800.0,0.0500,0.0100,9,2.046,0.9008,2,0.8650,,0.700,0,
7425,7,224,edge-34,2,edge,2900.0,0.0500,0.0100,10,2.295,0.9926,3,0.8603,,0.700,0,
7426,7,224,edge-34,2,edge,3000.0,0.0500,0.0100,9,2.093,0.9008,3,0.8557,,0.700,0,
7427,7,224,edge-34,2,edge,3100.0,0.0500,0.0100,9,2.116,0.9008,4,0.8510,,0.700,0,
7428,7,224,edge-34,2,edge,3200.0,0.0500,0.0100,10,2.268,0.9926,4,0.8464,,0.700,0,
7429,7,224,edge-34,2,edge,3300.0,0.0500,0.0100,10,2.268,0.9926,4,0.8417,,0.700,0,
7430,7,224,edge-34,2,edge,3400.0,0.0500,0.0100,10,2.268,0.9926,3,0.8371,,0.700,0,
7431,7,224,edge-34,2,edge,3500.0,0.0500,0.0100,9,2.218,0.8990,2,0.8324,,0.700,0,
7432,7,224,edge-34,2,edge,3600.0,0.0500,0.0100,9,2.217,0.9008,2,0.8297,,0.700,0,
7433,7,224,edge-34,2,edge,3700.0,0.0500,0.0100,10,2.267,0.9926,1,0.8250,,0.700,0,
7434,7,224,edge-34,2,edge,3800.0,0.0500,0.0100,10,2.267,0.9926,1,0.8204,,0.700,0,
7435,7,224,edge-34,2,edge,3900.0,0.0500,0.0100,10,2.267,0.9926,1,0.8157,,0.700,0,
7436,7,224,edge-34,2,edge,4000.0,0.0500,0.0100,10,2.267,0.9926,1,0.8111,,0.700,0,
7437,7,224,edge-34,2,edge,4100.0,0.0500,0.0100,10,2.267,0.9926,0,0.8064,,0.700,0,
7438,7,224,edge-34,2,edge,4200.0,0.0500,0.0100,9,2.057,0.8990,1,0.8018,,0.700,0,
7439,7,224,edge-34,2,edge,4300.0,0.0500,0.0100,10,2.278,0.9926,2,0.7990,,0.700,0,
7440,7,224,edge-34,2,edge,4400.0,0.0500,0.0100,10,2.144,0.9926,2,0.7944,,0.700,0,
7441,7,224,edge-34,2,edge,4500.0,0.0500,0.0100,8,2.026,0.7900,3,0.7897,,0.700,0,
7442,7,224,edge-34,2,edge,4600.0,0.0500,0.0100,9,1.999,0.9008,4,0.7870,,0.700,0,
7443,7,224,edge-34,2,edge,4700.0,0.0500,0.0100,9,1.999,0.9008,3,0.7823,,0.700,0,
7444,7,224,edge-34,2,edge,4800.0,0.0500,0.0100,10,2.125,0.9926,3,0.7777,,0.700,0,
7445,7,224,edge-34,2,edge,4900.0,0.0500,0.0100,10,2.125,0.9926,3,0.7730,,0.700,0,
7446,7,224,edge-34,2,edge,5000.0,0.0500,0.0100,10,2.088,0.9926,3,0.7684,,0.700,0,
7447,7,227,edge-35,2,edge,0.0,0.0000,0.0100,0,1.685,,1,1.0000,,0.700,0,
7448,7,227,edge-35,2,edge,100.0,0.0200,0.0100,4,1.885,1.0000,1,0.9904,,0.700,0,
7449,7,227,edge-35,2,edge,200.0,0.0500,0.0100,9,2.135,0.9008,1,0.9858,,0.700,0,
7450,7,227,edge-35,2,edge,300.0,0.0500,0.0100,9,2.067,0.8990,2,0.9812,,0.700,0,
7451,7,227,edge-35,2,edge,400.0,0.0500,0.0100,9,2.289,0.9008,3,0.9784,,0.700,0,
7452,7,227,edge-35,2,edge,500.0,0.0500,0.0100,9,2.048,0.9008,2,0.9737,,0.700,0,
7453,7,227,edge-35,2,edge,600.0,0.0500,0.0100,10,2.339,0.9926,3,0.9691,,0.700,0,
7454,7,227,edge-35,2,edge,700.0,0.0500,0.0100,10,2.339,0.9926,3,0.9644,,0.700,0,
7455,7,227,edge-35,2,edge,800.0,0.0500,0.0100,9,2.033,0.8990,3,0.9598,,0.700,0,
7456,7,227,edge-35,2,edge,900.0,0.0500,0.0100,10,2.288,0.9926,3,0.9570,,0.700,0,
7457,7,227,edge-35,2,edge,1000.0,0.0500,0.0100,10,2.212,0.9926,4,0.9524,,0.700,0,
7458,7,227,edge-35,2,edge,1100.0,0.0500,0.0100,10,2.095,0.9926,3,0.9477,,0.700,0,
7459,7,227,edge-35,2,edge,1200.0,0.0500,0.0100,9,2.023,0.9008,4,0.9431,,0.700,0,
7460,7,227,edge-35,2,edge,1300.0,0.0500,0.0100,10,2.242,0.9926,4,0.9384,,0.700,0,
7461,7,227,edge-35,2,edge,1400.0,0.0500,0.0100,10,2.183,0.9926,4,0.9338,,0.700,0,
7462,7,227,edge-35,2,edge,1500.0,0.0500,0.0100,8,2.115,0.7900,4,0.9292,,0.700,0,
7463,7,227,edge-35,2,edge,1600.0,0.0500,0.0100,10,2.215,0.9926,4,0.9264,,0.700,0,
7464,7,227,edge-35,2,edge,1700.0,0.0500,0.0100,10,2.328,0.9926,4,0.9217,,0.700,0,
7465,7,227,edge-35,2,edge,1800.0,0.0500,0.0100,10,2.328,0.9926,3,0.9171,,0.700,0,
7466,7,227,edge-35,2,edge,1900.0,0.0500,0.0100,9,2.008,0.9008,3,0.9124,,0.700,0,
7467,7,227,edge-35,2,edge,2000.0,0.0500,0.0100,10,2.274,0.9926,3,0.9078,,0.700,0,
7468,7,227,edge-35,2,edge,2100.0,0.0500,0.0100,10,2.274,0.9926,3,0.9032,,0.700,0,
7469,7,227,edge-35,2,edge,2200.0,0.0500,0.0100,9,2.224,0.9008,2,0.8985,,0.700,0,
7470,7,227,edge-35,2,edge,2300.0,0.0500,0.0100,9,1.969,0.9008,3,0.8939,,0.700,0,
7471,7,227,edge-35,2,edge,2400.0,0.0500,0.0100,10,2.019,0.9926,2,0.8892,,0.700,0,
7472,7,227,edge-35,2,edge,2500.0,0.0500,0.0100,8,1.919,0.7911,1,0.8846,,0.700,0,
7473,7,227,edge-35,2,edge,2600.0,0.0500,0.0100,10,2.019,0.9926,1,0.8799,,0.700,0,
7474,7,227,edge-35,2,edge,2700.0,0.0500,0.0100,9,1.969,0.9008,1,0.8753,,0.700,0,
7475,7,227,edge-35,2,edge,2800.0,0.0500,0.0100,10,2.283,0.9926,1,0.8706,,0.700,0,
7476,7,227,edge-35,2,edge,2900.0,0.0500,0.0100,9,2.233,0.9008,1,0.8660,,0.700,0,
7477,7,227,edge-35,2,edge,3000.0,0.0500,0.0100,10,2.283,0.9926,1,0.8613,,0.700,0,
7478,7,227,edge-35,2,edge,3100.0,0.0500,0.0100,10,2.270,0.9926,2,0.8567,,0.700,0,
7479,7,227,edge-35,2,edge,3200.0,0.0500,0.0100,9,2.220,0.9008,2,0.8520,,0.700,0,
7480,7,227,edge-35,2,edge,3300.0,0.0500,0.0100,10,2.270,0.9926,1,0.8474,,0.700,0,
7481,7,227,edge-35,2,edge,3400.0,0.0500,0.0100,10,2.270,0.9926,1,0.8427,,0.700,0,
7482,7,227,edge-35,2,edge,3500.0,0.0500,0.0100,10,2.031,0.9926,2,0.8381,,0.700,0,
7483,7,227,edge-35,2,edge,3600.0,0.0500,0.0100,8,2.169,0.7911,2,0.8334,,0.700,0,
7484,7,227,edge-35,2,edge,3700.0,0.0500,0.0100,10,2.165,0.9926,3,0.8288,,0.700,0,
7485,7,227,edge-35,2,edge,3800.0,0.0500,0.0100,10,2.165,0.9926,3,0.8241,,0.700,0,
7486,7,227,edge-35,2,edge,3900.0,0.0500,0.0100,10,2.269,0.9926,4,0.8195,,0.700,0,
7487,7,227,edge-35,2,edge,4000.0,0.0500,0.0100,9,2.129,0.9008,4,0.8148,,0.700,0,
7488,7,227,edge-35,2,edge,4100.0,0.0500,0.0100,10,2.179,0.9926,3,0.8102,,0.700,0,
7489,7,227,edge-35,2,edge,4200.0,0.0500,0.0100,10,2.179,0.9926,2,0.8056,,0.700,0,
7490,7,227,edge-35,2,edge,4300.0,0.0500,0.0100,9,2.129,0.8990,2,0.8009,,0.700,0,
7491,7,227,edge-35,2,edge,4400.0,0.0500,0.0100,10,2.179,0.9926,1,0.7981,,0.700,0,
7492,7,227,edge-35,2,edge,4500.0,0.0500,0.0100,10,2.179,0.9926,0,0.7935,,0.700,0,
7493,7,227,edge-35,2,edge,4600.0,0.0500,0.0100,9,2.129,0.8990,0,0.7888,,0.700,0,
7494,7,227,edge-35,2,edge,4700.0,0.0500,0.0100,10,2.077,0.9926,1,0.7861,,0.700,0,
7495,7,227,edge-35,2,edge,4800.0,0.0500,0.0100,10,2.278,0.9926,2,0.7814,,0.700,0,
7496,7,227,edge-35,2,edge,4900.0,0.0500,0.0100,9,2.165,0.9008,3,0.7768,,0.700,0,
7497,7,227,edge-35,2,edge,5000.0,0.0500,0.0100,9,2.254,0.9008,4,0.7721,,0.700,0,
7498,7,230,edge-36,2,edge,0.0,0.0000,0.0100,0,1.767,,1,1.0000,,0.700,0,
7499,7,230,edge-36,2,edge,100.0,0.0200,0.0100,4,1.967,1.0000,1,0.9904,,0.700,0,
7500,7,230,edge-36,2,edge,200.0,0.0500,0.0100,10,2.298,0.9926,2,0.9858,,0.700,0,
7501,7,230,edge-36,2,edge,300.0,0.0500,0.0100,9,2.026,0.9008,3,0.9812,,0.700,0,
7502,7,230,edge-36,2,edge,400.0,0.0500,0.0100,10,2.157,0.9926,4,0.9765,,0.700,0,
7503,7,230,edge-36,2,edge,500.0,0.0500,0.0100,10,2.310,0.9926,4,0.9719,,0.700,0,
7504,7,230,edge-36,2,edge,600.0,0.0500,0.0100,10,2.310,0.9926,4,0.9672,,0.700,0,
7505,7,230,edge-36,2,edge,700.0,0.0500,0.0100,9,1.967,0.8990,4,0.9626,,0.700,0,
7506,7,230,edge-36,2,edge,800.0,0.0500,0.0100,10,2.328,0.9926,4,0.9598,,0.700,0,
7507,7,230,edge-36,2,edge,900.0,0.0500,0.0100,10,2.205,0.9926,4,0.9552,,0.700,0,
7508,7,230,edge-36,2,edge,1000.0,0.0500,0.0100,10,2.335,0.9926,4,0.9505,,0.700,0,
7509,7,230,edge-36,2,edge,1100.0,0.0500,0.0100,10,2.335,0.9926,4,0.9459,,0.700,0,
7510,7,230,edge-36,2,edge,1200.0,0.0500,0.0100,10,2.134,0.9926,4,0.9412,,0.700,0,
7511,7,230,edge-36,2,edge,1300.0,0.0500,0.0100,10,2.199,0.9926,4,0.9366,,0.700,0,
7512,7,230,edge-36,2,edge,1400.0,0.0500,0.0100,9,2.083,0.9008,4,0.9319,,0.700,0,
7513,7,230,edge-36,2,edge,1500.0,0.0500,0.0100,8,2.033,0.7911,3,0.9273,,0.700,0,
7514,7,230,edge-36,2,edge,1600.0,0.0500,0.0100,10,2.133,0.9926,3,0.9226,,0.700,0,
7515,7,230,edge-36,2,edge,1700.0,0.0500,0.0100,8,2.170,0.7911,3,0.9180,,0.700,0,
7516,7,230,edge-36,2,edge,1800.0,0.0500,0.0100,10,2.270,0.9926,2,0.9133,,0.700,0,
7517,7,230,edge-36,2,edge,1900.0,0.0500,0.0100,10,2.270,0.9926,1,0.9087,,0.700,0,
7518,7,230,edge-36,2,edge,2000.0,0.0500,0.0100,9,2.220,0.9008,1,0.9040,,0.700,0,
7519,7,230,edge-36,2,edge,2100.0,0.0500,0.0100,10,2.088,0.9926,2,0.8994,,0.700,0,
7520,7,230,edge-36,2,edge,2200.0,0.0500,0.0100,9,2.154,0.9008,2,0.8947,,0.700,0,
7521,7,230,edge-36,2,edge,2300.0,0.0500,0.0100,9,2.065,0.9008,3,0.8901,,0.700,0,
7522,7,230,edge-36,2,edge,2400.0,0.0500,0.0100,10,2.400,0.9926,4,0.8854,,0.700,0,
7523,7,230,edge-36,2,edge,2500.0,0.0500,0.0100,8,2.300,0.7911,4,0.8808,,0.700,0,
7524,7,230,edge-36,2,edge,2600.0,0.0500,0.0100,9,2.350,0.9008,3,0.8761,,0.700,0,
7525,7,230,edge-36,2,edge,2700.0,0.0500,0.0100,10,2.400,0.9926,2,0.8715,,0.700,0,
7526,7,230,edge-36,2,edge,2800.0,0.0500,0.0100,10,2.400,0.9926,1,0.8668,,0.700,0,
7527,7,230,edge-36,2,edge,2900.0,0.0500,0.0100,9,2.350,0.9008,0,0.8622,,0.700,0,
7528,7,230,edge-36,2,edge,3000.0,0.0500,0.0100,10,2.611,0.9926,1,0.8576,,0.700,0,
7529,7,230,edge-36,2,edge,3100.0,0.0500,0.0100,10,2.611,0.9926,1,0.8529,,0.700,0,
7530,7,230,edge-36,2,edge,3200.0,0.0500,0.0100,9,2.561,0.9008,1,0.8483,,0.700,0,
7531,7,230,edge-36,2,edge,3300.0,0.0500,0.0100,8,2.235,0.7900,2,0.8436,,0.700,0,
7532,7,230,edge-36,2,edge,3400.0,0.0500,0.0100,10,2.349,0.9926,3,0.8408,,0.700,0,
7533,7,230,edge-36,2,edge,3500.0,0.0500,0.0100,9,2.299,0.9008,2,0.8362,,0.700,0,
7534,7,230,edge-36,2,edge,3600.0,0.0500,0.0100,9,2.299,0.9008,2,0.8316,,0.700,0,
7535,7,230,edge-36,2,edge,3700.0,0.0500,0.0100,10,2.349,0.9926,2,0.8269,,0.700,0,
7536,7,230,edge-36,2,edge,3800.0,0.0500,0.0100,8,2.452,0.7911,2,0.8223,,0.700,0,
7537,7,230,edge-36,2,edge,3900.0,0.0500,0.0100,10,2.552,0.9926,1,0.8176,,0.700,0,
7538,7,230,edge-36,2,edge,4000.0,0.0500,0.0100,10,2.552,0.9926,1,0.8130,,0.700,0,
7539,7,230,edge-36,2,edge,4100.0,0.0500,0.0100,9,2.502,0.9008,1,0.8083,,0.700,0,
7540,7,230,edge-36,2,edge,4200.0,0.0500,0.0100,9,2.502,0.9008,1,0.8037,,0.700,0,
7541,7,230,edge-36,2,edge,4300.0,0.0500,0.0100,10,2.552,0.9926,0,0.7990,,0.700,0,
7542,7,230,edge-36,2,edge,4400.0,0.0500,0.0100,9,2.365,0.9008,1,0.7944,,0.700,0,
7543,7,230,edge-36,2,edge,4500.0,0.0500,0.0100,9,2.365,0.8990,1,0.7897,,0.700,0,
7544,7,230,edge-36,2,edge,4600.0,0.0500,0.0100,9,2.365,0.8990,1,0.7870,,0.700,0,
7545,7,230,edge-36,2,edge,4700.0,0.0500,0.0100,9,2.365,0.9008,1,0.7842,,0.700,0,
7546,7,230,edge-36,2,edge,4800.0,0.0500,0.0100,9,2.365,0.9008,1,0.7796,,0.700,0,
7547,7,230,edge-36,2,edge,4900.0,0.0500,0.0100,10,2.301,0.9926,1,0.7749,,0.700,0,
7548,7,230,edge-36,2,edge,5000.0,0.0500,0.0100,9,2.128,0.9008,2,0.7703,,0.700,0,
7549,7,233,edge-37,2,edge,0.0,0.0000,0.0100,0,1.579,,1,1.0000,,0.700,1,96.5
7550,7,236,edge-38,2,edge,0.0,0.0000,0.0100,0,1.700,,1,1.0000,,0.700,0,
7551,7,236,edge-38,2,edge,100.0,0.0200,0.0100,3,1.850,0.8990,1,0.9904,,0.700,0,
7552,7,236,edge-38,2,edge,200.0,0.0500,0.0100,10,2.356,0.9926,2,0.9877,,0.700,0,
7553,7,236,edge-38,2,edge,300.0,0.0500,0.0100,9,2.136,0.9008,3,0.9830,,0.700,0,
7554,7,236,edge-38,2,edge,400.0,0.0500,0.0100,10,2.186,0.9926,3,0.9784,,0.700,0,
7555,7,236,edge-38,2,edge,500.0,0.0500,0.0100,9,2.318,0.9008,3,0.9737,,0.700,0,
7556,7,236,edge-38,2,edge,600.0,0.0500,0.0100,10,2.151,0.9926,4,0.9691,,0.700,0,
7557,7,236,edge-38,2,edge,700.0,0.0500,0.0100,9,2.132,0.9008,4,0.9644,,0.700,0,
7558,7,236,edge-38,2,edge,800.0,0.0500,0.0100,10,2.182,0.9926,3,0.9598,,0.700,0,
7559,7,236,edge-38,2,edge,900.0,0.0500,0.0100,9,2.152,0.9008,4,0.9552,,0.700,0,
7560,7,236,edge-38,2,edge,1000.0,0.0500,0.0100,8,2.288,0.7900,4,0.9505,,0.700,0,
7561,7,236,edge-38,2,edge,1100.0,0.0500,0.0100,9,2.338,0.9008,3,0.9477,,0.700,0,
7562,7,236,edge-38,2,edge,1200.0,0.0500,0.0100,9,2.338,0.9008,2,0.9431,,0.700,0,
7563,7,236,edge-38,2,edge,1300.0,0.0500,0.0100,10,2.388,0.9926,2,0.9384,,0.700,0,
7564,7,236,edge-38,2,edge,1400.0,0.0500,0.0100,10,2.388,0.9926,1,0.9338,,0.700,0,
7565,7,236,edge-38,2,edge,1500.0,0.0500,0.0100,9,2.338,0.8990,0,0.9292,,0.700,0,
7566,7,236,edge-38,2,edge,1600.0,0.0500,0.0100,10,2.388,0.9926,0,0.9264,,0.700,0,
7567,7,236,edge-38,2,edge,1700.0,0.0500,0.0100,10,2.228,0.9926,1,0.9217,,0.700,0,
7568,7,236,edge-38,2,edge,1800.0,0.0500,0.0100,10,2.228,0.9926,1,0.9171,,0.700,0,
7569,7,236,edge-38,2,edge,1900.0,0.0500,0.0100,10,2.228,0.9926,1,0.9124,,0.700,0,
7570,7,236,edge-38,2,edge,2000.0,0.0500,0.0100,10,2.228,0.9926,1,0.9078,,0.700,0,
7571,7,236,edge-38,2,edge,2100.0,0.0500,0.0100,10,2.209,0.9926,1,0.9032,,0.700,0,
7572,7,236,edge-38,2,edge,2200.0,0.0500,0.0100,8,1.940,0.7900,1,0.8985,,0.700,0,
7573,7,236,edge-38,2,edge,2300.0,0.0500,0.0100,9,1.990,0.9008,1,0.8957,,0.700,0,
7574,7,236,edge-38,2,edge,2400.0,0.0500,0.0100,10,2.260,0.9926,2,0.8911,,0.700,0,
7575,7,236,edge-38,2,edge,2500.0,0.0500,0.0100,10,2.036,0.9926,3,0.8864,,0.700,0,
7576,7,236,edge-38,2,edge,2600.0,0.0500,0.0100,9,2.466,0.9008,3,0.8818,,0.700,0,
7577,7,236,edge-38,2,edge,2700.0,0.0500,0.0100,10,2.516,0.9926,2,0.8772,,0.700,0,
7578,7,236,edge-38,2,edge,2800.0,0.0500,0.0100,7,2.366,0.6547,2,0.8725,,0.700,0,
7579,7,236,edge-38,2,edge,2900.0,0.0500,0.0100,9,2.439,0.9008,2,0.8679,,0.700,0,
7580,7,236,edge-38,2,edge,3000.0,0.0500,0.0100,10,2.489,0.9926,1,0.8632,,0.700,0,
7581,7,236,edge-38,2,edge,3100.0,0.0500,0.0100,9,2.211,0.9008,2,0.8586,,0.700,0,
7582,7,236,edge-38,2,edge,3200.0,0.0500,0.0100,10,2.261,0.9926,2,0.8539,,0.700,0,
7583,7,236,edge-38,2,edge,3300.0,0.0500,0.0100,9,2.211,0.9008,2,0.8493,,0.700,0,
7584,7,236,edge-38,2,edge,3400.0,0.0500,0.0100,10,2.261,0.9926,1,0.8446,,0.700,0,
7585,7,236,edge-38,2,edge,3500.0,0.0500,0.0100,10,2.261,0.9926,1,0.8400,,0.700,0,
7586,7,236,edge-38,2,edge,3600.0,0.0500,0.0100,10,2.261,0.9926,0,0.8353,,0.700,0,
7587,7,236,edge-38,2,edge,3700.0,0.0500,0.0100,10,2.286,0.9926,0,0.8307,,0.700,0,
7588,7,236,edge-38,2,edge,3800.0,0.0500,0.0100,10,2.211,0.9926,0,0.8260,,0.700,0,
7589,7,236,edge-38,2,edge,3900.0,0.0500,0.0100,10,2.211,0.9926,0,0.8214,,0.700,0,
7590,7,236,edge-38,2,edge,4000.0,0.0500,0.0100,9,2.161,0.9008,0,0.8167,,0.700,0,
7591,7,236,edge-38,2,edge,4100.0,0.0500,0.0100,10,2.191,0.9926,1,0.8121,,0.700,0,
7592,7,236,edge-38,2,edge,4200.0,0.0500,0.0100,9,2.264,0.9008,1,0.8074,,0.700,0,
7593,7,236,edge-38,2,edge,4300.0,0.0500,0.0100,9,2.245,0.9008,2,0.8028,,0.700,0,
7594,7,236,edge-38,2,edge,4400.0,0.0500,0.0100,10,2.053,0.9926,3,0.7981,,0.700,0,
7595,7,236,edge-38,2,edge,4500.0,0.0500,0.0100,9,2.199,0.8990,4,0.7935,,0.700,0,
7596,7,236,edge-38,2,edge,4600.0,0.0500,0.0100,10,2.145,0.9926,4,0.7907,,0.700,0,
7597,7,236,edge-38,2,edge,4700.0,0.0500,0.0100,10,2.145,0.9926,4,0.7861,,0.700,0,
7598,7,236,edge-38,2,edge,4800.0,0.0500,0.0100,10,2.145,0.9926,3,0.7814,,0.700,0,
7599,7,236,edge-38,2,edge,4900.0,0.0500,0.0100,10,2.145,0.9926,2,0.7768,,0.700,0,
7600,7,236,edge-38,2,edge,5000.0,0.0500,0.0100,9,2.240,0.8990,2,0.7721,,0.700,0,
7601,7,239,edge-39,2,edge,0.0,0.0000,0.0100,0,1.800,,1,1.0000,,0.700,0,
7602,7,239,edge-39,2,edge,100.0,0.0200,0.0100,4,2.000,1.0000,1,0.9904,,0.700,0,
7603,7,239,edge-39,2,edge,200.0,0.0500,0.0100,10,2.300,0.9926,1,0.9858,,0.700,0,
7604,7,239,edge-39,2,edge,300.0,0.0500,0.0100,10,2.300,0.9926,1,0.9812,,0.700,0,
7605,7,239,edge-39,2,edge,400.0,0.0500,0.0100,10,2.361,0.9926,1,0.9765,,0.700,0,
7606,7,239,edge-39,2,edge,500.0,0.0500,0.0100,7,1.976,0.6543,1,0.9719,,0.700,0,
7607,7,239,edge-39,2,edge,600.0,0.0500,0.0100,10,2.259,0.9926,2,0.9691,,0.700,0,
7608,7,239,edge-39,2,edge,700.0,0.0500,0.0100,10,2.190,0.9926,3,0.9644,,0.700,0,
7609,7,239,edge-39,2,edge,800.0,0.0500,0.0100,9,2.065,0.9008,4,0.9598,,0.700,0,
7610,7,239,edge-39,2,edge,900.0,0.0500,0.0100,9,2.057,0.9008,5,0.9552,,0.700,0,
7611,7,239,edge-39,2,edge,1000.0,0.0500,0.0100,9,2.358,0.9008,4,0.9505,,0.700,0,
7612,7,239,edge-39,2,edge,1100.0,0.0500,0.0100,10,2.408,0.9926,3,0.9459,,0.700,0,
7613,7,239,edge-39,2,edge,1200.0,0.0500,0.0100,9,1.989,0.8990,3,0.9412,,0.700,0,
7614,7,239,edge-39,2,edge,1300.0,0.0500,0.0100,9,1.989,0.9008,2,0.9384,,0.700,0,
7615,7,239,edge-39,2,edge,1400.0,0.0500,0.0100,8,2.077,0.7900,2,0.9338,,0.700,0,
7616,7,239,edge-39,2,edge,1500.0,0.0500,0.0100,10,2.177,0.9926,2,0.9310,,0.700,0,
7617,7,239,edge-39,2,edge,1600.0,0.0500,0.0100,10,2.096,0.9926,3,0.9264,,0.700,0,
7618,7,239,edge-39,2,edge,1700.0,0.0500,0.0100,10,2.096,0.9926,2,0.9217,,0.700,0,
7619,7,239,edge-39,2,edge,1800.0,0.0500,0.0100,10,2.295,0.9926,3,0.9171,,0.700,0,
7620,7,239,edge-39,2,edge,1900.0,0.0500,0.0100,9,2.093,0.9008,3,0.9124,,0.700,0,
7621,7,239,edge-39,2,edge,2000.0,0.0500,0.0100,10,2.166,0.9926,4,0.9078,,0.700,0,
7622,7,239,edge-39,2,edge,2100.0,0.0500,0.0100,9,2.218,0.8990,4,0.9032,,0.700,0,
7623,7,239,edge-39,2,edge,2200.0,0.0500,0.0100,9,2.218,0.8990,4,0.9004,,0.700,0,
7624,7,239,edge-39,2,edge,2300.0,0.0500,0.0100,9,2.218,0.9008,3,0.8976,,0.700,0,
7625,7,239,edge-39,2,edge,2400.0,0.0500,0.0100,10,2.268,0.9926,2,0.8930,,0.700,0,
7626,7,239,edge-39,2,edge,2500.0,0.0500,0.0100,9,2.217,0.9008,2,0.8883,,0.700,0,
7627,7,239,edge-39,2,edge,2600.0,0.0500,0.0100,10,2.267,0.9926,1,0.8837,,0.700,0,
7628,7,239,edge-39,2,edge,2700.0,0.0500,0.0100,9,2.217,0.9008,1,0.8790,,0.700,0,
7629,7,239,edge-39,2,edge,2800.0,0.0500,0.0100,10,2.267,0.9926,1,0.8744,,0.700,0,
7630,7,239,edge-39,2,edge,2900.0,0.0500,0.0100,9,2.217,0.9008,1,0.8697,,0.700,0,
7631,7,239,edge-39,2,edge,3000.0,0.0500,0.0100,10,2.267,0.9926,0,0.8651,,0.700,0,
7632,7,239,edge-39,2,edge,3100.0,0.0500,0.0100,9,2.057,0.9008,1,0.8604,,0.700,0,
7633,7,239,edge-39,2,edge,3200.0,0.0500,0.0100,9,2.228,0.9008,2,0.8558,,0.700,0,
7634,7,239,edge-39,2,edge,3300.0,0.0500,0.0100,9,2.094,0.8990,2,0.8512,,0.700,0,
7635,7,239,edge-39,2,edge,3400.0,0.0500,0.0100,9,2.076,0.9008,3,0.8484,,0.700,0,
7636,7,239,edge-39,2,edge,3500.0,0.0500,0.0100,8,1.949,0.7900,4,0.8437,,0.700,0,
7637,7,239,edge-39,2,edge,3600.0,0.0500,0.0100,10,2.049,0.9926,3,0.8410,,0.700,0,
7638,7,239,edge-39,2,edge,3700.0,0.0500,0.0100,10,2.125,0.9926,3,0.8363,,0.700,0,
7639,7,239,edge-39,2,edge,3800.0,0.0500,0.0100,9,2.075,0.9008,3,0.8317,,0.700,0,
7640,7,239,edge-39,2,edge,3900.0,0.0500,0.0100,10,2.088,0.9926,3,0.8270,,0.700,0,
7641,7,239,edge-39,2,edge,4000.0,0.0500,0.0100,9,1.972,0.9008,3,0.8224,,0.700,0,
7642,7,239,edge-39,2,edge,4100.0,0.0500,0.0100,10,2.169,0.9926,4,0.8177,,0.700,0,
7643,7,239,edge-39,2,edge,4200.0,0.0500,0.0100,10,2.111,0.9926,4,0.8131,,0.700,0,
7644,7,239,edge-39,2,edge,4300.0,0.0500,0.0100,10,2.111,0.9926,4,0.8084,,0.700,0,
7645,7,239,edge-39,2,edge,4400.0,0.0500,0.0100,9,2.061,0.8990,3,0.8038,,0.700,0,
7646,7,239,edge-39,2,edge,4500.0,0.0500,0.0100,10,2.111,0.9926,2,0.8010,,0.700,0,
7647,7,239,edge-39,2,edge,4600.0,0.0500,0.0100,10,2.111,0.9926,1,0.7964,,0.700,0,
7648,7,239,edge-39,2,edge,4700.0,0.0500,0.0100,10,2.223,0.9926,1,0.7917,,0.700,0,
7649,7,239,edge-39,2,edge,4800.0,0.0500,0.0100,10,2.131,0.9926,2,0.7871,,0.700,0,
7650,7,239,edge-39,2,edge,4900.0,0.0500,0.0100,10,2.228,0.9926,3,0.7824,,0.700,0,
7651,7,239,edge-39,2,edge,5000.0,0.0500,0.0100,10,2.615,0.9926,4,0.7778,,0.700,0,
7652,7,242,edge-40,2,edge,0.0,0.0000,0.0100,0,1.778,,1,1.0000,,0.700,0,
7653,7,242,edge-40,2,edge,100.0,0.0200,0.0100,4,1.978,1.0000,1,0.9904,,0.700,0,
7654,7,242,edge-40,2,edge,200.0,0.0500,0.0100,10,2.215,0.9926,2,0.9858,,0.700,0,
7655,7,242,edge-40,2,edge,300.0,0.0500,0.0100,9,2.254,0.9008,3,0.9812,,0.700,0,
7656,7,242,edge-40,2,edge,400.0,0.0500,0.0100,10,2.475,0.9926,4,0.9765,,0.700,0,
7657,7,242,edge-40,2,edge,500.0,0.0500,0.0100,10,2.348,0.9926,4,0.9719,,0.700,0,
7658,7,242,edge-40,2,edge,600.0,0.0500,0.0100,10,2.348,0.9926,4,0.9672,,0.700,0,
7659,7,242,edge-40,2,edge,700.0,0.0500,0.0100,10,2.348,0.9926,3,0.9626,,0.700,0,
7660,7,242,edge-40,2,edge,800.0,0.0500,0.0100,9,2.298,0.9008,2,0.9579,,0.700,0,
7661,7,242,edge-40,2,edge,900.0,0.0500,0.0100,10,2.348,0.9926,1,0.9533,,0.700,0,
7662,7,242,edge-40,2,edge,1000.0,0.0500,0.0100,8,2.248,0.7911,0,0.9486,,0.700,0,
7663,7,242,edge-40,2,edge,1100.0,0.0500,0.0100,10,2.558,0.9926,1,0.9440,,0.700,0,
7664,7,242,edge-40,2,edge,1200.0,0.0500,0.0100,10,2.558,0.9926,1,0.9393,,0.700,0,
7665,7,242,edge-40,2,edge,1300.0,0.0500,0.0100,9,2.508,0.8990,1,0.9347,,0.700,0,
7666,7,242,edge-40,2,edge,1400.0,0.0500,0.0100,10,2.558,0.9926,1,0.9319,,0.700,0,
7667,7,242,edge-40,2,edge,1500.0,0.0500,0.0100,9,2.247,0.9008,1,0.9273,,0.700,0,
7668,7,242,edge-40,2,edge,1600.0,0.0500,0.0100,8,2.357,0.7900,1,0.9226,,0.700,0,
7669,7,242,edge-40,2,edge,1700.0,0.0500,0.0100,8,2.269,0.7911,2,0.9199,,0.700,0,
7670,7,242,edge-40,2,edge,1800.0,0.0500,0.0100,10,2.162,0.9926,3,0.9152,,0.700,0,
7671,7,242,edge-40,2,edge,1900.0,0.0500,0.0100,9,2.325,0.9008,4,0.9106,,0.700,0,
7672,7,242,edge-40,2,edge,2000.0,0.0500,0.0100,10,2.375,0.9926,4,0.9059,,0.700,0,
7673,7,242,edge-40,2,edge,2100.0,0.0500,0.0100,9,2.325,0.9008,3,0.9013,,0.700,0,
7674,7,242,edge-40,2,edge,2200.0,0.0500,0.0100,9,2.329,0.9008,3,0.8966,,0.700,0,
7675,7,242,edge-40,2,edge,2300.0,0.0500,0.0100,9,2.356,0.9008,3,0.8920,,0.700,0,
7676,7,242,edge-40,2,edge,2400.0,0.0500,0.0100,9,2.356,0.9008,2,0.8873,,0.700,0,
7677,7,242,edge-40,2,edge,2500.0,0.0500,0.0100,10,2.460,0.9926,2,0.8827,,0.700,0,
7678,7,242,edge-40,2,edge,2600.0,0.0500,0.0100,10,2.137,0.9926,3,0.8780,,0.700,0,
7679,7,242,edge-40,2,edge,2700.0,0.0500,0.0100,7,1.987,0.6543,2,0.8734,,0.700,0,
7680,7,242,edge-40,2,edge,2800.0,0.0500,0.0100,10,2.137,0.9926,1,0.8706,,0.700,0,
7681,7,242,edge-40,2,edge,2900.0,0.0500,0.0100,10,2.137,0.9926,1,0.8660,,0.700,0,
7682,7,242,edge-40,2,edge,3000.0,0.0500,0.0100,10,2.137,0.9926,1,0.8613,,0.700,0,
7683,7,242,edge-40,2,edge,3100.0,0.0500,0.0100,9,2.087,0.8990,0,0.8567,,0.700,0,
7684,7,242,edge-40,2,edge,3200.0,0.0500,0.0100,9,2.087,0.9008,0,0.8539,,0.700,0,
7685,7,242,edge-40,2,edge,3300.0,0.0500,0.0100,10,2.191,0.9926,1,0.8493,,0.700,0,
7686,7,242,edge-40,2,edge,3400.0,0.0500,0.0100,10,2.191,0.9926,1,0.8446,,0.700,0,
7687,7,242,edge-40,2,edge,3500.0,0.0500,0.0100,10,2.191,0.9926,1,0.8400,,0.700,0,
7688,7,242,edge-40,2,edge,3600.0,0.0500,0.0100,9,2.141,0.9008,1,0.8353,,0.700,0,
7689,7,242,edge-40,2,edge,3700.0,0.0500,0.0100,10,2.191,0.9926,1,0.8307,,0.700,0,
7690,7,242,edge-40,2,edge,3800.0,0.0500,0.0100,10,2.191,0.9926,0,0.8260,,0.700,0,
7691,7,242,edge-40,2,edge,3900.0,0.0500,0.0100,10,2.288,0.9926,1,0.8214,,0.700,0,
7692,7,242,edge-40,2,edge,4000.0,0.0500,0.0100,9,2.051,0.8990,2,0.8167,,0.700,0,
7693,7,242,edge-40,2,edge,4100.0,0.0500,0.0100,10,2.080,0.9926,3,0.8140,,0.700,0,
7694,7,242,edge-40,2,edge,4200.0,0.0500,0.0100,10,2.298,0.9926,4,0.8093,,0.700,0,
7695,7,242,edge-40,2,edge,4300.0,0.0500,0.0100,9,2.008,0.8990,5,0.8047,,0.700,0,
7696,7,242,edge-40,2,edge,4400.0,0.0500,0.0100,8,2.182,0.7900,4,0.8019,,0.700,0,
7697,7,242,edge-40,2,edge,4500.0,0.0500,0.0100,9,2.232,0.8990,3,0.7992,,0.700,0,
7698,7,242,edge-40,2,edge,4600.0,0.0500,0.0100,10,2.282,0.9926,2,0.7964,,0.700,0,
7699,7,242,edge-40,2,edge,4700.0,0.0500,0.0100,10,2.282,0.9926,1,0.7917,,0.700,0,
7700,7,242,edge-40,2,edge,4800.0,0.0500,0.0100,9,2.135,0.9008,1,0.7871,,0.700,0,
7701,7,242,edge-40,2,edge,4900.0,0.0500,0.0100,10,2.185,0.9926,1,0.7824,,0.700,0,
7702,7,242,edge-40,2,edge,5000.0,0.0500,0.0100,9,2.135,0.9008,1,0.7778,,0.700,0,
7703,7,245,edge-41,2,edge,0.0,0.0000,0.0100,0,1.691,,1,1.0000,,0.700,0,
7704,7,245,edge-41,2,edge,100.0,0.0200,0.0100,4,1.891,1.0000,1,0.9904,,0.700,0,
7705,7,245,edge-41,2,edge,200.0,0.0500,0.0100,10,2.191,0.9926,1,0.9858,,0.700,0,
7706,7,245,edge-41,2,edge,300.0,0.0500,0.0100,9,2.141,0.9008,1,0.9812,,0.700,0,
7707,7,245,edge-41,2,edge,400.0,0.0500,0.0100,10,2.319,0.9926,2,0.9765,,0.700,0,
7708,7,245,edge-41,2,edge,500.0,0.0500,0.0100,10,2.110,0.9926,2,0.9719,,0.700,0,
7709,7,245,edge-41,2,edge,600.0,0.0500,0.0100,9,2.361,0.8990,2,0.9672,,0.700,0,
7710,7,245,edge-41,2,edge,700.0,0.0500,0.0100,10,2.411,0.9926,2,0.9644,,0.700,0,
7711,7,245,edge-41,2,edge,800.0,0.0500,0.0100,10,2.094,0.9926,2,0.9598,,0.700,0,
7712,7,245,edge-41,2,edge,900.0,0.0500,0.0100,9,2.217,0.9008,2,0.9552,,0.700,0,
7713,7,245,edge-41,2,edge,1000.0,0.0500,0.0100,9,2.248,0.9008,2,0.9505,,0.700,0,
7714,7,245,edge-41,2,edge,1100.0,0.0500,0.0100,10,2.076,0.9926,3,0.9459,,0.700,0,
7715,7,245,edge-41,2,edge,1200.0,0.0500,0.0100,10,2.157,0.9926,4,0.9412,,0.700,0,
7716,7,245,edge-41,2,edge,1300.0,0.0500,0.0100,8,2.210,0.7900,5,0.9366,,0.700,0,
7717,7,245,edge-41,2,edge,1400.0,0.0500,0.0100,9,2.260,0.8990,4,0.9338,,0.700,0,
7718,7,245,edge-41,2,edge,1500.0,0.0500,0.0100,10,2.017,0.9926,4,0.9310,,0.700,0,
7719,7,245,edge-41,2,edge,1600.0,0.0500,0.0100,9,2.278,0.9008,4,0.9264,,0.700,0,
7720,7,245,edge-41,2,edge,1700.0,0.0500,0.0100,10,2.205,0.9926,4,0.9217,,0.700,0,
7721,7,245,edge-41,2,edge,1800.0,0.0500,0.0100,9,2.285,0.9008,4,0.9171,,0.700,0,
7722,7,245,edge-41,2,edge,1900.0,0.0500,0.0100,10,2.335,0.9926,4,0.9124,,0.700,0,
7723,7,245,edge-41,2,edge,2000.0,0.0500,0.0100,10,2.134,0.9926,4,0.9078,,0.700,0,
7724,7,245,edge-41,2,edge,2100.0,0.0500,0.0100,10,2.199,0.9926,4,0.9032,,0.700,0,
7725,7,245,edge-41,2,edge,2200.0,0.0500,0.0100,9,2.083,0.9008,4,0.8985,,0.700,0,
7726,7,245,edge-41,2,edge,2300.0,0.0500,0.0100,10,2.133,0.9926,3,0.8939,,0.700,0,
7727,7,245,edge-41,2,edge,2400.0,0.0500,0.0100,10,2.133,0.9926,3,0.8892,,0.700,0,
7728,7,245,edge-41,2,edge,2500.0,0.0500,0.0100,10,2.270,0.9926,3,0.8846,,0.700,0,
7729,7,245,edge-41,2,edge,2600.0,0.0500,0.0100,9,2.220,0.9008,2,0.8799,,0.700,0,
7730,7,245,edge-41,2,edge,2700.0,0.0500,0.0100,9,2.220,0.9008,1,0.8753,,0.700,0,
7731,7,245,edge-41,2,edge,2800.0,0.0500,0.0100,9,2.220,0.9008,1,0.8706,,0.700,0,
7732,7,245,edge-41,2,edge,2900.0,0.0500,0.0100,10,2.088,0.9926,2,0.8660,,0.700,0,
7733,7,245,edge-41,2,edge,3000.0,0.0500,0.0100,8,2.104,0.7911,2,0.8613,,0.700,0,
7734,7,245,edge-41,2,edge,3100.0,0.0500,0.0100,10,2.115,0.9926,3,0.8567,,0.700,0,
7735,7,245,edge-41,2,edge,3200.0,0.0500,0.0100,9,2.350,0.9008,4,0.8520,,0.700,0,
7736,7,245,edge-41,2,edge,3300.0,0.0500,0.0100,8,2.300,0.7911,4,0.8474,,0.700,0,
7737,7,245,edge-41,2,edge,3400.0,0.0500,0.0100,10,2.400,0.9926,3,0.8427,,0.700,0,
7738,7,245,edge-41,2,edge,3500.0,0.0500,0.0100,8,2.300,0.7911,2,0.8381,,0.700,0,
7739,7,245,edge-41,2,edge,3600.0,0.0500,0.0100,9,2.350,0.9008,1,0.8334,,0.700,0,
7740,7,245,edge-41,2,edge,3700.0,0.0500,0.0100,9,2.350,0.9008,0,0.8288,,0.700,0,
7741,7,245,edge-41,2,edge,3800.0,0.0500,0.0100,10,2.611,0.9926,1,0.8241,,0.700,0,
7742,7,245,edge-41,2,edge,3900.0,0.0500,0.0100,10,2.611,0.9926,1,0.8195,,0.700,0,
7743,7,245,edge-41,2,edge,4000.0,0.0500,0.0100,9,2.561,0.9008,1,0.8148,,0.700,0,
7744,7,245,edge-41,2,edge,4100.0,0.0500,0.0100,10,2.335,0.9926,2,0.8102,,0.700,0,
7745,7,245,edge-41,2,edge,4200.0,0.0500,0.0100,10,2.349,0.9926,3,0.8056,,0.700,0,
7746,7,245,edge-41,2,edge,4300.0,0.0500,0.0100,10,2.349,0.9926,2,0.8009,,0.700,0,
7747,7,245,edge-41,2,edge,4400.0,0.0500,0.0100,10,2.349,0.9926,2,0.7963,,0.700,0,
7748,7,245,edge-41,2,edge,4500.0,0.0500,0.0100,10,2.349,0.9926,2,0.7916,,0.700,0,
7749,7,245,edge-41,2,edge,4600.0,0.0500,0.0100,10,2.552,0.9926,2,0.7870,,0.700,0,
7750,7,245,edge-41,2,edge,4700.0,0.0500,0.0100,10,2.552,0.9926,1,0.7823,,0.700,0,
7751,7,245,edge-41,2,edge,4800.0,0.0500,0.0100,10,2.552,0.9926,1,0.7777,,0.700,0,
7752,7,245,edge-41,2,edge,4900.0,0.0500,0.0100,10,2.552,0.9926,1,0.7730,,0.700,0,
7753,7,245,edge-41,2,edge,5000.0,0.0500,0.0100,9,2.502,0.9008,1,0.7684,,0.700,0,
7754,7,248,edge-42,2,edge,0.0,0.0000,0.0100,0,1.850,,1,1.0000,,0.700,0,1380.2
7755,7,248,edge-42,2,edge,100.0,0.0200,0.0100,4,2.050,1.0000,1,0.9904,,0.700,0,1380.2
7756,7,248,edge-42,2,edge,200.0,0.0500,0.0100,10,2.350,0.9926,1,0.9858,,0.700,0,1380.2
7757,7,248,edge-42,2,edge,300.0,0.0500,0.0100,9,2.066,0.9008,2,0.9812,,0.700,0,1380.2
7758,7,248,edge-42,2,edge,400.0,0.0500,0.0100,10,2.362,0.9926,3,0.9765,,0.700,0,1380.2
7759,7,248,edge-42,2,edge,500.0,0.0500,0.0100,10,2.059,0.9926,3,0.9719,,0.700,0,1380.2
7760,7,248,edge-42,2,edge,600.0,0.0500,0.0100,10,2.197,0.9926,4,0.9672,,0.700,0,1380.2
7761,7,248,edge-42,2,edge,700.0,0.0500,0.0100,10,2.413,0.9926,5,0.9626,,0.700,0,1380.2
7762,7,248,edge-42,2,edge,800.0,0.0500,0.0100,10,2.068,0.9926,5,0.9579,,0.700,0,1380.2
7763,7,248,edge-42,2,edge,900.0,0.0500,0.0100,10,2.068,0.9926,4,0.9533,,0.700,0,1380.2
7764,7,248,edge-42,2,edge,1000.0,0.0500,0.0100,10,2.206,0.9926,4,0.9486,,0.700,0,1380.2
7765,7,248,edge-42,2,edge,1100.0,0.0500,0.0100,9,2.211,0.9008,4,0.9440,,0.700,0,1380.2
7766,7,248,edge-42,2,edge,1200.0,0.0500,0.0100,9,2.181,0.8990,4,0.9393,,0.700,1,1380.2
7767,7,248,edge-42,2,edge,1300.0,0.0500,0.0100,10,2.231,0.9926,3,0.9366,,0.700,1,1380.2
7768,7,251,edge-43,2,edge,0.0,0.0000,0.0100,0,1.753,,1,1.0000,,0.700,0,
7769,7,251,edge-43,2,edge,100.0,0.0200,0.0100,4,1.953,1.0000,1,0.9904,,0.700,0,
7770,7,251,edge-43,2,edge,200.0,0.0500,0.0100,9,2.187,0.8990,2,0.9858,,0.700,0,
7771,7,251,edge-43,2,edge,300.0,0.0500,0.0100,10,2.447,0.9926,3,0.9830,,0.700,0,
7772,7,251,edge-43,2,edge,400.0,0.0500,0.0100,10,2.425,0.9926,3,0.9784,,0.700,0,
7773,7,251,edge-43,2,edge,500.0,0.0500,0.0100,10,2.641,0.9926,3,0.9737,,0.700,0,
7774,7,251,edge-43,2,edge,600.0,0.0500,0.0100,10,2.207,0.9926,4,0.9691,,0.700,0,
7775,7,251,edge-43,2,edge,700.0,0.0500,0.0100,10,2.526,0.9926,4,0.9644,,0.700,0,
7776,7,251,edge-43,2,edge,800.0,0.0500,0.0100,10,2.455,0.9926,4,0.9598,,0.700,0,
7777,7,251,edge-43,2,edge,900.0,0.0500,0.0100,9,2.405,0.9008,4,0.9552,,0.700,0,
7778,7,251,edge-43,2,edge,1000.0,0.0500,0.0100,9,2.405,0.9008,3,0.9505,,0.700,0,
7779,7,251,edge-43,2,edge,1100.0,0.0500,0.0100,8,2.355,0.7911,2,0.9459,,0.700,0,
7780,7,251,edge-43,2,edge,1200.0,0.0500,0.0100,8,2.355,0.7911,1,0.9412,,0.700,0,
7781,7,251,edge-43,2,edge,1300.0,0.0500,0.0100,10,2.585,0.9926,1,0.9366,,0.700,0,
7782,7,251,edge-43,2,edge,1400.0,0.0500,0.0100,8,2.485,0.7911,1,0.9319,,0.700,0,
7783,7,251,edge-43,2,edge,1500.0,0.0500,0.0100,9,2.235,0.8990,2,0.9273,,0.700,0,
7784,7,251,edge-43,2,edge,1600.0,0.0500,0.0100,10,2.285,0.9926,2,0.9245,,0.700,0,
7785,7,251,edge-43,2,edge,1700.0,0.0500,0.0100,10,2.285,0.9926,2,0.9199,,0.700,0,
7786,7,251,edge-43,2,edge,1800.0,0.0500,0.0100,10,2.285,0.9926,1,0.9152,,0.700,0,
7787,7,251,edge-43,2,edge,1900.0,0.0500,0.0100,10,2.601,0.9926,1,0.9106,,0.700,0,
7788,7,251,edge-43,2,edge,2000.0,0.0500,0.0100,10,2.270,0.9926,1,0.9059,,0.700,0,
7789,7,251,edge-43,2,edge,2100.0,0.0500,0.0100,8,2.170,0.7911,1,0.9013,,0.700,0,
7790,7,251,edge-43,2,edge,2200.0,0.0500,0.0100,10,2.279,0.9926,2,0.8966,,0.700,0,
7791,7,251,edge-43,2,edge,2300.0,0.0500,0.0100,10,2.477,0.9926,3,0.8920,,0.700,0,
7792,7,251,edge-43,2,edge,2400.0,0.0500,0.0100,9,2.427,0.9008,3,0.8873,,0.700,0,
7793,7,251,edge-43,2,edge,2500.0,0.0500,0.0100,10,2.155,0.9926,3,0.8827,,0.700,0,
7794,7,251,edge-43,2,edge,2600.0,0.0500,0.0100,7,2.005,0.6547,3,0.8780,,0.700,0,
7795,7,251,edge-43,2,edge,2700.0,0.0500,0.0100,10,2.155,0.9926,2,0.8734,,0.700,0,
7796,7,251,edge-43,2,edge,2800.0,0.0500,0.0100,10,2.367,0.9926,2,0.8687,,0.700,0,
7797,7,251,edge-43,2,edge,2900.0,0.0500,0.0100,10,2.323,0.9926,3,0.8641,,0.700,0,
7798,7,251,edge-43,2,edge,3000.0,0.0500,0.0100,9,2.311,0.8990,3,0.8594,,0.700,0,
7799,7,251,edge-43,2,edge,3100.0,0.0500,0.0100,9,2.197,0.9008,4,0.8567,,0.700,0,
7800,7,251,edge-43,2,edge,3200.0,0.0500,0.0100,9,2.197,0.9008,4,0.8520,,0.700,0,
7801,7,251,edge-43,2,edge,3300.0,0.0500,0.0100,10,2.247,0.9926,3,0.8474,,0.700,0,
7802,7,251,edge-43,2,edge,3400.0,0.0500,0.0100,10,2.247,0.9926,2,0.8427,,0.700,0,
7803,7,251,edge-43,2,edge,3500.0,0.0500,0.0100,9,2.437,0.9008,1,0.8381,,0.700,0,
7804,7,251,edge-43,2,edge,3600.0,0.0500,0.0100,10,2.200,0.9926,0,0.8334,,0.700,0,
7805,7,251,edge-43,2,edge,3700.0,0.0500,0.0100,10,2.099,0.9926,1,0.8288,,0.700,0,
7806,7,251,edge-43,2,edge,3800.0,0.0500,0.0100,9,2.049,0.8990,1,0.8241,,0.700,0,
7807,7,251,edge-43,2,edge,3900.0,0.0500,0.0100,9,2.330,0.9008,2,0.8214,,0.700,0,
7808,7,251,edge-43,2,edge,4000.0,0.0500,0.0100,10,2.380,0.9926,2,0.8167,,0.700,0,
7809,7,251,edge-43,2,edge,4100.0,0.0500,0.0100,9,2.330,0.9008,2,0.8121,,0.700,0,
7810,7,251,edge-43,2,edge,4200.0,0.0500,0.0100,9,2.150,0.8990,2,0.8074,,0.700,0,
7811,7,251,edge-43,2,edge,4300.0,0.0500,0.0100,10,2.356,0.9926,3,0.8047,,0.700,0,
7812,7,251,edge-43,2,edge,4400.0,0.0500,0.0100,9,2.136,0.9008,3,0.8000,,0.700,0,
7813,7,251,edge-43,2,edge,4500.0,0.0500,0.0100,10,2.186,0.9926,3,0.7954,,0.700,0,
7814,7,251,edge-43,2,edge,4600.0,0.0500,0.0100,9,2.318,0.9008,4,0.7907,,0.700,0,
7815,7,251,edge-43,2,edge,4700.0,0.0500,0.0100,10,2.151,0.9926,4,0.7861,,0.700,0,
7816,7,251,edge-43,2,edge,4800.0,0.0500,0.0100,8,2.082,0.7911,4,0.7814,,0.700,0,
7817,7,251,edge-43,2,edge,4900.0,0.0500,0.0100,10,2.182,0.9926,3,0.7768,,0.700,0,
7818,7,251,edge-43,2,edge,5000.0,0.0500,0.0100,9,2.152,0.9008,4,0.7721,,0.700,0,
7819,7,254,edge-44,2,edge,0.0,0.0000,0.0100,0,1.549,,1,1.0000,,0.700,0,
7820,7,254,edge-44,2,edge,100.0,0.0200,0.0100,4,1.749,1.0000,1,0.9904,,0.700,0,
7821,7,254,edge-44,2,edge,200.0,0.0500,0.0100,9,2.075,0.9008,2,0.9858,,0.700,0,
7822,7,254,edge-44,2,edge,300.0,0.0500,0.0100,9,2.075,0.9008,2,0.9812,,0.700,0,
7823,7,254,edge-44,2,edge,400.0,0.0500,0.0100,10,2.088,0.9926,3,0.9765,,0.700,0,
7824,7,254,edge-44,2,edge,500.0,0.0500,0.0100,10,2.022,0.9926,3,0.9719,,0.700,0,
7825,7,254,edge-44,2,edge,600.0,0.0500,0.0100,10,2.169,0.9926,4,0.9672,,0.700,0,
7826,7,254,edge-44,2,edge,700.0,0.0500,0.0100,10,2.111,0.9926,4,0.9626,,0.700,0,
7827,7,254,edge-44,2,edge,800.0,0.0500,0.0100,10,2.111,0.9926,4,0.9579,,0.700,0,
7828,7,254,edge-44,2,edge,900.0,0.0500,0.0100,10,2.111,0.9926,3,0.9533,,0.700,0,
7829,7,254,edge-44,2,edge,1000.0,0.0500,0.0100,10,2.111,0.9926,2,0.9486,,0.700,0,
7830,7,254,edge-44,2,edge,1100.0,0.0500,0.0100,9,2.061,0.9008,1,0.9440,,0.700,0,
7831,7,254,edge-44,2,edge,1200.0,0.0500,0.0100,10,2.223,0.9926,1,0.9393,,0.700,0,
7832,7,254,edge-44,2,edge,1300.0,0.0500,0.0100,10,2.131,0.9926,2,0.9347,,0.700,0,
7833,7,254,edge-44,2,edge,1400.0,0.0500,0.0100,9,2.178,0.9008,3,0.9300,,0.700,0,
7834,7,254,edge-44,2,edge,1500.0,0.0500,0.0100,9,2.565,0.9008,4,0.9254,,0.700,0,
7835,7,254,edge-44,2,edge,1600.0,0.0500,0.0100,10,2.301,0.9926,5,0.9207,,0.700,0,
7836,7,254,edge-44,2,edge,1700.0,0.0500,0.0100,10,2.387,0.9926,5,0.9161,,0.700,0,
7837,7,254,edge-44,2,edge,1800.0,0.0500,0.0100,9,2.337,0.9008,4,0.9114,,0.700,0,
7838,7,254,edge-44,2,edge,1900.0,0.0500,0.0100,10,2.393,0.9926,4,0.9068,,0.700,0,
7839,7,254,edge-44,2,edge,2000.0,0.0500,0.0100,10,2.393,0.9926,3,0.9021,,0.700,0,
7840,7,254,edge-44,2,edge,2100.0,0.0500,0.0100,10,2.538,0.9926,2,0.8975,,0.700,0,
7841,7,254,edge-44,2,edge,2200.0,0.0500,0.0100,10,2.562,0.9926,2,0.8928,,0.700,0,
7842,7,254,edge-44,2,edge,2300.0,0.0500,0.0100,9,2.512,0.9008,2,0.8882,,0.700,0,
7843,7,254,edge-44,2,edge,2400.0,0.0500,0.0100,10,2.562,0.9926,1,0.8836,,0.700,0,
7844,7,254,edge-44,2,edge,2500.0,0.0500,0.0100,10,2.562,0.9926,1,0.8789,,0.700,0,
7845,7,254,edge-44,2,edge,2600.0,0.0500,0.0100,9,2.315,0.8990,2,0.8743,,0.700,0,
7846,7,254,edge-44,2,edge,2700.0,0.0500,0.0100,10,2.033,0.9926,2,0.8715,,0.700,0,
7847,7,254,edge-44,2,edge,2800.0,0.0500,0.0100,10,2.033,0.9926,2,0.8668,,0.700,0,
7848,7,254,edge-44,2,edge,2900.0,0.0500,0.0100,10,2.105,0.9926,3,0.8622,,0.700,0,
7849,7,254,edge-44,2,edge,3000.0,0.0500,0.0100,10,2.184,0.9926,4,0.8576,,0.700,0,
7850,7,254,edge-44,2,edge,3100.0,0.0500,0.0100,10,2.184,0.9926,3,0.8529,,0.700,0,
7851,7,254,edge-44,2,edge,3200.0,0.0500,0.0100,9,2.134,0.9008,2,0.8483,,0.700,0,
7852,7,254,edge-44,2,edge,3300.0,0.0500,0.0100,10,2.301,0.9926,2,0.8436,,0.700,0,
7853,7,254,edge-44,2,edge,3400.0,0.0500,0.0100,10,2.301,0.9926,1,0.8390,,0.700,0,
7854,7,254,edge-44,2,edge,3500.0,0.0500,0.0100,9,2.251,0.9008,0,0.8343,,0.700,0,
7855,7,254,edge-44,2,edge,3600.0,0.0500,0.0100,10,2.301,0.9926,0,0.8297,,0.700,0,
7856,7,254,edge-44,2,edge,3700.0,0.0500,0.0100,10,2.301,0.9926,0,0.8250,,0.700,0,
7857,7,254,edge-44,2,edge,3800.0,0.0500,0.0100,9,2.384,0.8990,1,0.8204,,0.700,0,
7858,7,254,edge-44,2,edge,3900.0,0.0500,0.0100,10,2.195,0.9926,1,0.8176,,0.700,0,
7859,7,254,edge-44,2,edge,4000.0,0.0500,0.0100,10,2.195,0.9926,1,0.8130,,0.700,0,
7860,7,254,edge-44,2,edge,4100.0,0.0500,0.0100,10,2.195,0.9926,1,0.8083,,0.700,0,
7861,7,254,edge-44,2,edge,4200.0,0.0500,0.0100,9,2.402,0.9008,2,0.8037,,0.700,0,
7862,7,254,edge-44,2,edge,4300.0,0.0500,0.0100,8,2.352,0.7900,1,0.7990,,0.700,0,
7863,7,254,edge-44,2,edge,4400.0,0.0500,0.0100,10,2.452,0.9926,1,0.7963,,0.700,0,
7864,7,254,edge-44,2,edge,4500.0,0.0500,0.0100,9,2.402,0.9008,1,0.7916,,0.700,0,
7865,7,254,edge-44,2,edge,4600.0,0.0500,0.0100,9,2.402,0.9008,1,0.7870,,0.700,0,
7866,7,254,edge-44,2,edge,4700.0,0.0500,0.0100,10,2.452,0.9926,0,0.7823,,0.700,0,
7867,7,254,edge-44,2,edge,4800.0,0.0500,0.0100,10,2.452,0.9926,0,0.7777,,0.700,0,
7868,7,254,edge-44,2,edge,4900.0,0.0500,0.0100,10,2.452,0.9926,0,0.7730,,0.700,0,
7869,7,254,edge-44,2,edge,5000.0,0.0500,0.0100,8,2.352,0.7911,0,0.7684,,0.700,0,
7870,7,257,edge-45,2,edge,0.0,0.0000,0.0100,0,1.848,,1,1.0000,,0.700,0,
7871,7,257,edge-45,2,edge,100.0,0.0200,0.0100,3,1.998,0.8990,1,0.9904,,0.700,0,
7872,7,257,edge-45,2,edge,200.0,0.0500,0.0100,10,2.558,0.9926,2,0.9877,,0.700,0,
7873,7,257,edge-45,2,edge,300.0,0.0500,0.0100,10,2.558,0.9926,2,0.9830,,0.700,0,
7874,7,257,edge-45,2,edge,400.0,0.0500,0.0100,10,2.558,0.9926,2,0.9784,,0.700,0,
7875,7,257,edge-45,2,edge,500.0,0.0500,0.0100,8,2.458,0.7900,1,0.9737,,0.700,0,
7876,7,257,edge-45,2,edge,600.0,0.0500,0.0100,10,2.297,0.9926,1,0.9710,,0.700,0,
7877,7,257,edge-45,2,edge,700.0,0.0500,0.0100,9,2.407,0.9008,1,0.9663,,0.700,0,
7878,7,257,edge-45,2,edge,800.0,0.0500,0.0100,10,2.369,0.9926,2,0.9617,,0.700,0,
7879,7,257,edge-45,2,edge,900.0,0.0500,0.0100,10,2.162,0.9926,3,0.9570,,0.700,0,
7880,7,257,edge-45,2,edge,1000.0,0.0500,0.0100,9,2.325,0.9008,4,0.9524,,0.700,0,
7881,7,257,edge-45,2,edge,1100.0,0.0500,0.0100,10,2.375,0.9926,4,0.9477,,0.700,0,
7882,7,257,edge-45,2,edge,1200.0,0.0500,0.0100,9,2.325,0.9008,3,0.9431,,0.700,0,
7883,7,257,edge-45,2,edge,1300.0,0.0500,0.0100,10,2.379,0.9926,3,0.9384,,0.700,0,
7884,7,257,edge-45,2,edge,1400.0,0.0500,0.0100,10,2.406,0.9926,3,0.9338,,0.700,0,
7885,7,257,edge-45,2,edge,1500.0,0.0500,0.0100,10,2.406,0.9926,2,0.9292,,0.700,0,
7886,7,257,edge-45,2,edge,1600.0,0.0500,0.0100,10,2.460,0.9926,2,0.9245,,0.700,0,
7887,7,257,edge-45,2,edge,1700.0,0.0500,0.0100,8,2.037,0.7900,3,0.9199,,0.700,0,
7888,7,257,edge-45,2,edge,1800.0,0.0500,0.0100,10,2.137,0.9926,2,0.9171,,0.700,0,
7889,7,257,edge-45,2,edge,1900.0,0.0500,0.0100,10,2.137,0.9926,1,0.9124,,0.700,0,
7890,7,257,edge-45,2,edge,2000.0,0.0500,0.0100,10,2.137,0.9926,1,0.9078,,0.700,0,
7891,7,257,edge-45,2,edge,2100.0,0.0500,0.0100,10,2.137,0.9926,1,0.9032,,0.700,0,
7892,7,257,edge-45,2,edge,2200.0,0.0500,0.0100,10,2.137,0.9926,0,0.8985,,0.700,0,
7893,7,257,edge-45,2,edge,2300.0,0.0500,0.0100,10,2.137,0.9926,0,0.8939,,0.700,0,
7894,7,257,edge-45,2,edge,2400.0,0.0500,0.0100,10,2.191,0.9926,1,0.8892,,0.700,0,
7895,7,257,edge-45,2,edge,2500.0,0.0500,0.0100,9,2.141,0.9008,1,0.8846,,0.700,0,
7896,7,257,edge-45,2,edge,2600.0,0.0500,0.0100,9,2.141,0.8990,1,0.8799,,0.700,0,
7897,7,257,edge-45,2,edge,2700.0,0.0500,0.0100,9,2.141,0.9008,1,0.8772,,0.700,0,
7898,7,257,edge-45,2,edge,2800.0,0.0500,0.0100,10,2.191,0.9926,1,0.8725,,0.700,0,
7899,7,257,edge-45,2,edge,2900.0,0.0500,0.0100,9,2.141,0.9008,0,0.8679,,0.700,0,
7900,7,257,edge-45,2,edge,3000.0,0.0500,0.0100,10,2.288,0.9926,1,0.8632,,0.700,0,
7901,7,257,edge-45,2,edge,3100.0,0.0500,0.0100,9,2.051,0.9008,2,0.8586,,0.700,0,
7902,7,257,edge-45,2,edge,3200.0,0.0500,0.0100,9,2.030,0.9008,3,0.8539,,0.700,0,
7903,7,257,edge-45,2,edge,3300.0,0.0500,0.0100,10,2.298,0.9926,4,0.8493,,0.700,0,
7904,7,257,edge-45,2,edge,3400.0,0.0500,0.0100,8,1.958,0.7900,5,0.8446,,0.700,0,
7905,7,257,edge-45,2,edge,3500.0,0.0500,0.0100,10,2.282,0.9926,4,0.8419,,0.700,0,
7906,7,257,edge-45,2,edge,3600.0,0.0500,0.0100,9,2.232,0.8990,3,0.8372,,0.700,0,
7907,7,257,edge-45,2,edge,3700.0,0.0500,0.0100,10,2.282,0.9926,2,0.8344,,0.700,0,
7908,7,257,edge-45,2,edge,3800.0,0.0500,0.0100,9,2.232,0.9008,1,0.8298,,0.700,0,
7909,7,257,edge-45,2,edge,3900.0,0.0500,0.0100,10,2.185,0.9926,1,0.8252,,0.700,0,
7910,7,257,edge-45,2,edge,4000.0,0.0500,0.0100,10,2.185,0.9926,1,0.8205,,0.700,0,
7911,7,257,edge-45,2,edge,4100.0,0.0500,0.0100,9,2.135,0.9008,1,0.8159,,0.700,0,
7912,7,257,edge-45,2,edge,4200.0,0.0500,0.0100,10,2.185,0.9926,1,0.8112,,0.700,0,
7913,7,257,edge-45,2,edge,4300.0,0.0500,0.0100,10,2.185,0.9926,1,0.8066,,0.700,0,
7914,7,257,edge-45,2,edge,4400.0,0.0500,0.0100,9,2.135,0.9008,0,0.8019,,0.700,0,
7915,7,257,edge-45,2,edge,4500.0,0.0500,0.0100,9,2.135,0.9008,0,0.7973,,0.700,0,
7916,7,257,edge-45,2,edge,4600.0,0.0500,0.0100,10,2.185,0.9926,0,0.7926,,0.700,0,
7917,7,257,edge-45,2,edge,4700.0,0.0500,0.0100,9,2.067,0.9008,1,0.7880,,0.700,0,
7918,7,257,edge-45,2,edge,4800.0,0.0500,0.0100,10,2.339,0.9926,2,0.7833,,0.700,0,
7919,7,257,edge-45,2,edge,4900.0,0.0500,0.0100,10,2.098,0.9926,2,0.7787,,0.700,0,
7920,7,257,edge-45,2,edge,5000.0,0.0500,0.0100,10,2.339,0.9926,3,0.7740,,0.700,0,
7921,7,260,edge-46,2,edge,0.0,0.0000,0.0100,0,1.696,,1,1.0000,,0.700,0,
7922,7,260,edge-46,2,edge,100.0,0.0200,0.0100,4,1.896,1.0000,1,0.9904,,0.700,0,
7923,7,260,edge-46,2,edge,200.0,0.0500,0.0100,10,2.196,0.9926,1,0.9858,,0.700,0,
7924,7,260,edge-46,2,edge,300.0,0.0500,0.0100,9,2.092,0.9008,2,0.9812,,0.700,0,
7925,7,260,edge-46,2,edge,400.0,0.0500,0.0100,10,2.142,0.9926,2,0.9765,,0.700,0,
7926,7,260,edge-46,2,edge,500.0,0.0500,0.0100,9,2.092,0.9008,1,0.9719,,0.700,0,
7927,7,260,edge-46,2,edge,600.0,0.0500,0.0100,10,2.142,0.9926,1,0.9672,,0.700,0,
7928,7,260,edge-46,2,edge,700.0,0.0500,0.0100,9,2.092,0.9008,1,0.9626,,0.700,0,
7929,7,260,edge-46,2,edge,800.0,0.0500,0.0100,10,2.142,0.9926,0,0.9579,,0.700,0,
7930,7,260,edge-46,2,edge,900.0,0.0500,0.0100,10,2.142,0.9926,0,0.9533,,0.700,0,
7931,7,260,edge-46,2,edge,1000.0,0.0500,0.0100,10,2.288,0.9926,1,0.9486,,0.700,0,
7932,7,260,edge-46,2,edge,1100.0,0.0500,0.0100,8,2.188,0.7900,1,0.9440,,0.700,0,
7933,7,260,edge-46,2,edge,1200.0,0.0500,0.0100,8,2.188,0.7911,1,0.9412,,0.700,0,
7934,7,260,edge-46,2,edge,1300.0,0.0500,0.0100,10,2.288,0.9926,1,0.9366,,0.700,0,
7935,7,260,edge-46,2,edge,1400.0,0.0500,0.0100,10,2.288,0.9926,1,0.9319,,0.700,0,
7936,7,260,edge-46,2,edge,1500.0,0.0500,0.0100,9,2.238,0.9008,0,0.9273,,0.700,0,
7937,7,260,edge-46,2,edge,1600.0,0.0500,0.0100,8,2.188,0.7911,0,0.9226,,0.700,0,
7938,7,260,edge-46,2,edge,1700.0,0.0500,0.0100,9,2.238,0.9008,0,0.9180,,0.700,0,
7939,7,260,edge-46,2,edge,1800.0,0.0500,0.0100,10,2.288,0.9926,0,0.9133,,0.700,0,
7940,7,260,edge-46,2,edge,1900.0,0.0500,0.0100,10,2.191,0.9926,1,0.9087,,0.700,0,
7941,7,260,edge-46,2,edge,2000.0,0.0500,0.0100,8,2.091,0.7900,1,0.9040,,0.700,0,
7942,7,260,edge-46,2,edge,2100.0,0.0500,0.0100,9,2.141,0.9008,1,0.9013,,0.700,0,
7943,7,260,edge-46,2,edge,2200.0,0.0500,0.0100,9,2.141,0.9008,1,0.8966,,0.700,0,
7944,7,260,edge-46,2,edge,2300.0,0.0500,0.0100,9,2.269,0.9008,2,0.8920,,0.700,0,
7945,7,260,edge-46,2,edge,2400.0,0.0500,0.0100,9,2.060,0.9008,2,0.8873,,0.700,0,
7946,7,260,edge-46,2,edge,2500.0,0.0500,0.0100,10,2.411,0.9926,2,0.8827,,0.700,0,
7947,7,260,edge-46,2,edge,2600.0,0.0500,0.0100,10,2.411,0.9926,2,0.8780,,0.700,0,
7948,7,260,edge-46,2,edge,2700.0,0.0500,0.0100,10,2.094,0.9926,2,0.8734,,0.700,0,
7949,7,260,edge-46,2,edge,2800.0,0.0500,0.0100,10,2.267,0.9926,2,0.8687,,0.700,0,
7950,7,260,edge-46,2,edge,2900.0,0.0500,0.0100,10,2.298,0.9926,2,0.8641,,0.700,0,
7951,7,260,edge-46,2,edge,3000.0,0.0500,0.0100,10,2.076,0.9926,3,0.8594,,0.700,0,
7952,7,260,edge-46,2,edge,3100.0,0.0500,0.0100,10,2.157,0.9926,4,0.8548,,0.700,0,
7953,7,260,edge-46,2,edge,3200.0,0.0500,0.0100,9,2.260,0.9008,5,0.8501,,0.700,0,
7954,7,260,edge-46,2,edge,3300.0,0.0500,0.0100,8,2.210,0.7900,4,0.8455,,0.700,0,
7955,7,260,edge-46,2,edge,3400.0,0.0500,0.0100,10,2.017,0.9926,4,0.8427,,0.700,0,
7956,7,260,edge-46,2,edge,3500.0,0.0500,0.0100,10,2.328,0.9926,4,0.8381,,0.700,0,
7957,7,260,edge-46,2,edge,3600.0,0.0500,0.0100,10,2.205,0.9926,4,0.8334,,0.700,0,
7958,7,260,edge-46,2,edge,3700.0,0.0500,0.0100,9,2.285,0.9008,4,0.8288,,0.700,0,
7959,7,260,edge-46,2,edge,3800.0,0.0500,0.0100,10,2.335,0.9926,4,0.8241,,0.700,0,
7960,7,260,edge-46,2,edge,3900.0,0.0500,0.0100,8,2.034,0.7900,4,0.8195,,0.700,0,
7961,7,260,edge-46,2,edge,4000.0,0.0500,0.0100,10,2.199,0.9926,4,0.8167,,0.700,0,
7962,7,260,edge-46,2,edge,4100.0,0.0500,0.0100,9,2.083,0.8990,4,0.8121,,0.700,0,
7963,7,260,edge-46,2,edge,4200.0,0.0500,0.0100,9,2.083,0.9008,3,0.8093,,0.700,0,
7964,7,260,edge-46,2,edge,4300.0,0.0500,0.0100,9,2.083,0.9008,3,0.8047,,0.700,0,
7965,7,260,edge-46,2,edge,4400.0,0.0500,0.0100,10,2.270,0.9926,3,0.8000,,0.700,0,
7966,7,260,edge-46,2,edge,4500.0,0.0500,0.0100,9,2.220,0.9008,2,0.7954,,0.700,0,
7967,7,260,edge-46,2,edge,4600.0,0.0500,0.0100,10,2.270,0.9926,1,0.7907,,0.700,0,
7968,7,260,edge-46,2,edge,4700.0,0.0500,0.0100,10,2.270,0.9926,1,0.7861,,0.700,0,
7969,7,260,edge-46,2,edge,4800.0,0.0500,0.0100,10,2.088,0.9926,2,0.7814,,0.700,0,
7970,7,260,edge-46,2,edge,4900.0,0.0500,0.0100,9,2.154,0.9008,2,0.7768,,0.700,0,
7971,7,260,edge-46,2,edge,5000.0,0.0500,0.0100,10,2.115,0.9926,3,0.7721,,0.700,0,
7972,7,263,edge-47,2,edge,0.0,0.0000,0.0100,0,1.691,,1,1.0000,,0.700,0,1885.1
7973,7,263,edge-47,2,edge,100.0,0.0200,0.0100,4,1.891,1.0000,1,0.9904,,0.700,0,1885.1
7974,7,263,edge-47,2,edge,200.0,0.0500,0.0100,9,2.141,0.9008,1,0.9858,,0.700,0,1885.1
7975,7,263,edge-47,2,edge,300.0,0.0500,0.0100,7,2.041,0.6543,1,0.9812,,0.700,0,1885.1
7976,7,263,edge-47,2,edge,400.0,0.0500,0.0100,9,2.141,0.9008,1,0.9784,,0.700,0,1885.1
7977,7,263,edge-47,2,edge,500.0,0.0500,0.0100,10,2.196,0.9926,1,0.9737,,0.700,0,1885.1
7978,7,263,edge-47,2,edge,600.0,0.0500,0.0100,10,2.244,0.9926,2,0.9691,,0.700,0,1885.1
7979,7,263,edge-47,2,edge,700.0,0.0500,0.0100,10,2.184,0.9926,3,0.9644,,0.700,0,1885.1
7980,7,263,edge-47,2,edge,800.0,0.0500,0.0100,10,2.239,0.9926,4,0.9598,,0.700,0,1885.1
7981,7,263,edge-47,2,edge,900.0,0.0500,0.0100,9,2.061,0.8990,5,0.9552,,0.700,0,1885.1
7982,7,263,edge-47,2,edge,1000.0,0.0500,0.0100,10,2.111,0.9926,4,0.9524,,0.700,0,1885.1
7983,7,263,edge-47,2,edge,1100.0,0.0500,0.0100,10,2.229,0.9926,4,0.9477,,0.700,0,1885.1
7984,7,263,edge-47,2,edge,1200.0,0.0500,0.0100,10,2.349,0.9926,4,0.9431,,0.700,0,1885.1
7985,7,263,edge-47,2,edge,1300.0,0.0500,0.0100,10,2.258,0.9926,4,0.9384,,0.700,0,1885.1
7986,7,263,edge-47,2,edge,1400.0,0.0500,0.0100,9,2.208,0.9008,3,0.9338,,0.700,0,1885.1
7987,7,263,edge-47,2,edge,1500.0,0.0500,0.0100,10,2.079,0.9926,4,0.9292,,0.700,0,1885.1
7988,7,263,edge-47,2,edge,1600.0,0.0500,0.0100,10,2.079,0.9926,3,0.9245,,0.700,0,1885.1
7989,7,263,edge-47,2,edge,1700.0,0.0500,0.0100,10,2.079,0.9926,2,0.9199,,0.700,1,1885.1
7990,7,263,edge-47,2,edge,1800.0,0.0500,0.0100,10,2.079,0.9926,1,0.9152,,0.700,1,1885.1
7991,7,266,edge-48,2,edge,0.0,0.0000,0.0100,0,2.021,,1,1.0000,,0.700,0,
7992,7,266,edge-48,2,edge,100.0,0.0200,0.0100,3,2.171,0.9039,1,0.9904,,0.700,0,
7993,7,266,edge-48,2,edge,200.0,0.0500,0.0100,10,2.253,0.9926,2,0.9858,,0.700,0,
7994,7,266,edge-48,2,edge,300.0,0.0500,0.0100,10,2.237,0.9926,3,0.9812,,0.700,0,
7995,7,266,edge-48,2,edge,400.0,0.0500,0.0100,9,2.397,0.8990,4,0.9765,,0.700,0,
7996,7,266,edge-48,2,edge,500.0,0.0500,0.0100,9,2.375,0.9008,3,0.9737,,0.700,0,
7997,7,266,edge-48,2,edge,600.0,0.0500,0.0100,9,2.591,0.9008,4,0.9691,,0.700,0,
7998,7,266,edge-48,2,edge,700.0,0.0500,0.0100,10,2.207,0.9926,4,0.9644,,0.700,0,
7999,7,266,edge-48,2,edge,800.0,0.0500,0.0100,10,2.526,0.9926,4,0.9598,,0.700,0,
8000,7,266,edge-48,2,edge,900.0,0.0500,0.0100,10,2.455,0.9926,4,0.9552,,0.700,0,
8001,7,266,edge-48,2,edge,1000.0,0.0500,0.0100,10,2.455,0.9926,4,0.9505,,0.700,0,
8002,7,266,edge-48,2,edge,1100.0,0.0500,0.0100,10,2.455,0.9926,3,0.9459,,0.700,0,
8003,7,266,edge-48,2,edge,1200.0,0.0500,0.0100,8,2.355,0.7900,2,0.9412,,0.700,0,
8004,7,266,edge-48,2,edge,1300.0,0.0500,0.0100,10,2.455,0.9926,1,0.9384,,0.700,0,
8005,7,266,edge-48,2,edge,1400.0,0.0500,0.0100,9,2.535,0.9008,1,0.9338,,0.700,0,
8006,7,266,edge-48,2,edge,1500.0,0.0500,0.0100,10,2.585,0.9926,1,0.9292,,0.700,0,
8007,7,266,edge-48,2,edge,1600.0,0.0500,0.0100,9,2.235,0.9008,2,0.9245,,0.700,0,
8008,7,266,edge-48,2,edge,1700.0,0.0500,0.0100,9,2.235,0.9008,2,0.9199,,0.700,0,
8009,7,266,edge-48,2,edge,1800.0,0.0500,0.0100,8,2.185,0.7900,2,0.9152,,0.700,0,
8010,7,266,edge-48,2,edge,1900.0,0.0500,0.0100,10,2.285,0.9926,1,0.9124,,0.700,0,
8011,7,266,edge-48,2,edge,2000.0,0.0500,0.0100,8,2.501,0.7911,1,0.9078,,0.700,0,
8012,7,266,edge-48,2,edge,2100.0,0.0500,0.0100,10,2.270,0.9926,1,0.9032,,0.700,0,
8013,7,266,edge-48,2,edge,2200.0,0.0500,0.0100,9,2.220,0.8990,1,0.8985,,0.700,0,
8014,7,266,edge-48,2,edge,2300.0,0.0500,0.0100,10,2.279,0.9926,2,0.8957,,0.700,0,
8015,7,266,edge-48,2,edge,2400.0,0.0500,0.0100,10,2.477,0.9926,3,0.8911,,0.700,0,
8016,7,266,edge-48,2,edge,2500.0,0.0500,0.0100,8,2.377,0.7911,3,0.8864,,0.700,0,
8017,7,266,edge-48,2,edge,2600.0,0.0500,0.0100,10,2.155,0.9926,3,0.8818,,0.700,0,
8018,7,266,edge-48,2,edge,2700.0,0.0500,0.0100,10,2.155,0.9926,3,0.8772,,0.700,0,
8019,7,266,edge-48,2,edge,2800.0,0.0500,0.0100,9,2.105,0.9008,2,0.8725,,0.700,0,
8020,7,266,edge-48,2,edge,2900.0,0.0500,0.0100,10,2.367,0.9926,2,0.8679,,0.700,0,
8021,7,266,edge-48,2,edge,3000.0,0.0500,0.0100,10,2.323,0.9926,3,0.8632,,0.700,0,
8022,7,266,edge-48,2,edge,3100.0,0.0500,0.0100,8,2.261,0.7911,3,0.8586,,0.700,0,
8023,7,266,edge-48,2,edge,3200.0,0.0500,0.0100,10,2.247,0.9926,4,0.8539,,0.700,0,
8024,7,266,edge-48,2,edge,3300.0,0.0500,0.0100,9,2.197,0.9008,4,0.8493,,0.700,0,
8025,7,266,edge-48,2,edge,3400.0,0.0500,0.0100,10,2.247,0.9926,3,0.8446,,0.700,0,
8026,7,266,edge-48,2,edge,3500.0,0.0500,0.0100,10,2.247,0.9926,2,0.8400,,0.700,0,
8027,7,266,edge-48,2,edge,3600.0,0.0500,0.0100,10,2.487,0.9926,1,0.8353,,0.700,0,
8028,7,266,edge-48,2,edge,3700.0,0.0500,0.0100,10,2.200,0.9926,0,0.8307,,0.700,0,
8029,7,266,edge-48,2,edge,3800.0,0.0500,0.0100,9,2.049,0.9008,1,0.8260,,0.700,0,
8030,7,266,edge-48,2,edge,3900.0,0.0500,0.0100,10,2.099,0.9926,1,0.8214,,0.700,0,
8031,7,266,edge-48,2,edge,4000.0,0.0500,0.0100,10,2.380,0.9926,2,0.8167,,0.700,0,
8032,7,266,edge-48,2,edge,4100.0,0.0500,0.0100,10,2.380,0.9926,2,0.8121,,0.700,0,
8033,7,266,edge-48,2,edge,4200.0,0.0500,0.0100,9,2.330,0.9008,2,0.8074,,0.700,0,
8034,7,266,edge-48,2,edge,4300.0,0.0500,0.0100,10,2.200,0.9926,2,0.8028,,0.700,0,
8035,7,266,edge-48,2,edge,4400.0,0.0500,0.0100,10,2.356,0.9926,3,0.7981,,0.700,0,
8036,7,266,edge-48,2,edge,4500.0,0.0500,0.0100,9,2.136,0.9008,3,0.7935,,0.700,0,
8037,7,266,edge-48,2,edge,4600.0,0.0500,0.0100,9,2.136,0.9008,3,0.7888,,0.700,0,
8038,7,266,edge-48,2,edge,4700.0,0.0500,0.0100,8,2.268,0.7900,4,0.7842,,0.700,0,
8039,7,266,edge-48,2,edge,4800.0,0.0500,0.0100,10,2.151,0.9926,4,0.7814,,0.700,0,
8040,7,266,edge-48,2,edge,4900.0,0.0500,0.0100,8,2.082,0.7911,4,0.7768,,0.700,0,
8041,7,266,edge-48,2,edge,5000.0,0.0500,0.0100,10,2.182,0.9926,3,0.7721,,0.700,0,
8042,7,269,edge-49,2,edge,0.0,0.0000,0.0100,0,1.611,,1,1.0000,,0.700,0,
8043,7,269,edge-49,2,edge,100.0,0.0200,0.0100,3,1.761,0.8990,1,0.9904,,0.700,0,
8044,7,269,edge-49,2,edge,200.0,0.0500,0.0100,9,2.061,0.9008,1,0.9877,,0.700,0,
8045,7,269,edge-49,2,edge,300.0,0.0500,0.0100,9,2.061,0.9008,1,0.9830,,0.700,0,
8046,7,269,edge-49,2,edge,400.0,0.0500,0.0100,10,2.111,0.9926,1,0.9784,,0.700,0,
8047,7,269,edge-49,2,edge,500.0,0.0500,0.0100,10,2.223,0.9926,1,0.9737,,0.700,0,
8048,7,269,edge-49,2,edge,600.0,0.0500,0.0100,10,2.131,0.9926,2,0.9691,,0.700,0,
8049,7,269,edge-49,2,edge,700.0,0.0500,0.0100,10,2.228,0.9926,3,0.9644,,0.700,0,
8050,7,269,edge-49,2,edge,800.0,0.0500,0.0100,9,2.565,0.9008,4,0.9598,,0.700,0,
8051,7,269,edge-49,2,edge,900.0,0.0500,0.0100,8,2.201,0.7900,5,0.9552,,0.700,0,
8052,7,269,edge-49,2,edge,1000.0,0.0500,0.0100,10,2.387,0.9926,5,0.9524,,0.700,0,
8053,7,269,edge-49,2,edge,1100.0,0.0500,0.0100,10,2.387,0.9926,4,0.9477,,0.700,0,
8054,7,269,edge-49,2,edge,1200.0,0.0500,0.0100,9,2.343,0.9008,4,0.9431,,0.700,0,
8055,7,269,edge-49,2,edge,1300.0,0.0500,0.0100,10,2.393,0.9926,3,0.9384,,0.700,0,
8056,7,269,edge-49,2,edge,1400.0,0.0500,0.0100,9,2.488,0.9008,2,0.9338,,0.700,0,
8057,7,269,edge-49,2,edge,1500.0,0.0500,0.0100,9,2.512,0.9008,2,0.9292,,0.700,0,
8058,7,269,edge-49,2,edge,1600.0,0.0500,0.0100,10,2.562,0.9926,2,0.9245,,0.700,0,
8059,7,269,edge-49,2,edge,1700.0,0.0500,0.0100,10,2.562,0.9926,1,0.9199,,0.700,0,
8060,7,269,edge-49,2,edge,1800.0,0.0500,0.0100,9,2.512,0.9008,1,0.9152,,0.700,0,
8061,7,269,edge-49,2,edge,1900.0,0.0500,0.0100,10,2.365,0.9926,2,0.9106,,0.700,0,
8062,7,269,edge-49,2,edge,2000.0,0.0500,0.0100,10,2.033,0.9926,2,0.9059,,0.700,0,
8063,7,269,edge-49,2,edge,2100.0,0.0500,0.0100,10,2.033,0.9926,2,0.9013,,0.700,0,
8064,7,269,edge-49,2,edge,2200.0,0.0500,0.0100,9,2.055,0.9008,3,0.8966,,0.700,0,
8065,7,269,edge-49,2,edge,2300.0,0.0500,0.0100,10,2.184,0.9926,4,0.8920,,0.700,0,
8066,7,269,edge-49,2,edge,2400.0,0.0500,0.0100,9,2.134,0.9008,3,0.8873,,0.700,0,
8067,7,269,edge-49,2,edge,2500.0,0.0500,0.0100,10,2.184,0.9926,2,0.8827,,0.700,0,
8068,7,269,edge-49,2,edge,2600.0,0.0500,0.0100,9,2.251,0.9008,2,0.8780,,0.700,0,
8069,7,269,edge-49,2,edge,2700.0,0.0500,0.0100,9,2.251,0.8990,1,0.8734,,0.700,0,
8070,7,269,edge-49,2,edge,2800.0,0.0500,0.0100,10,2.301,0.9926,0,0.8706,,0.700,0,
8071,7,269,edge-49,2,edge,2900.0,0.0500,0.0100,9,2.251,0.9008,0,0.8660,,0.700,0,
8072,7,269,edge-49,2,edge,3000.0,0.0500,0.0100,8,2.201,0.7911,0,0.8613,,0.700,0,
8073,7,269,edge-49,2,edge,3100.0,0.0500,0.0100,10,2.434,0.9926,1,0.8567,,0.700,0,
8074,7,269,edge-49,2,edge,3200.0,0.0500,0.0100,9,2.145,0.9008,1,0.8520,,0.700,0,
8075,7,269,edge-49,2,edge,3300.0,0.0500,0.0100,10,2.195,0.9926,1,0.8474,,0.700,0,
8076,7,269,edge-49,2,edge,3400.0,0.0500,0.0100,9,2.145,0.9008,1,0.8427,,0.700,0,
8077,7,269,edge-49,2,edge,3500.0,0.0500,0.0100,8,2.352,0.7911,2,0.8381,,0.700,0,
8078,7,269,edge-49,2,edge,3600.0,0.0500,0.0100,10,2.452,0.9926,1,0.8334,,0.700,0,
8079,7,269,edge-49,2,edge,3700.0,0.0500,0.0100,8,2.352,0.7911,1,0.8288,,0.700,0,
8080,7,269,edge-49,2,edge,3800.0,0.0500,0.0100,9,2.402,0.9008,1,0.8241,,0.700,0,
8081,7,269,edge-49,2,edge,3900.0,0.0500,0.0100,10,2.452,0.9926,1,0.8195,,0.700,0,
8082,7,269,edge-49,2,edge,4000.0,0.0500,0.0100,10,2.452,0.9926,0,0.8148,,0.700,0,
8083,7,269,edge-49,2,edge,4100.0,0.0500,0.0100,10,2.452,0.9926,0,0.8102,,0.700,0,
8084,7,269,edge-49,2,edge,4200.0,0.0500,0.0100,10,2.452,0.9926,0,0.8056,,0.700,0,
8085,7,269,edge-49,2,edge,4300.0,0.0500,0.0100,10,2.452,0.9926,0,0.8009,,0.700,0,
8086,7,269,edge-49,2,edge,4400.0,0.0500,0.0100,9,2.047,0.9008,1,0.7963,,0.700,0,
8087,7,269,edge-49,2,edge,4500.0,0.0500,0.0100,9,2.160,0.9008,2,0.7916,,0.700,0,
8088,7,269,edge-49,2,edge,4600.0,0.0500,0.0100,10,2.255,0.9926,3,0.7870,,0.700,0,
8089,7,269,edge-49,2,edge,4700.0,0.0500,0.0100,9,2.205,0.9008,3,0.7823,,0.700,0,
8090,7,269,edge-49,2,edge,4800.0,0.0500,0.0100,9,2.205,0.8990,3,0.7777,,0.700,0,
8091,7,269,edge-49,2,edge,4900.0,0.0500,0.0100,9,2.033,0.9008,3,0.7749,,0.700,0,
8092,7,269,edge-49,2,edge,5000.0,0.0500,0.0100,10,2.083,0.9926,2,0.7703,,0.700,0,
8093,7,272,edge-50,2,edge,0.0,0.0000,0.0100,0,1.685,,1,1.0000,,0.700,0,698.3
8094,7,272,edge-50,2,edge,100.0,0.0200,0.0100,4,1.885,1.0000,1,0.9904,,0.700,0,698.3
8095,7,272,edge-50,2,edge,200.0,0.0500,0.0100,9,2.135,0.8990,1,0.9858,,0.700,0,698.3
8096,7,272,edge-50,2,edge,300.0,0.0500,0.0100,9,2.135,0.9008,1,0.9830,,0.700,0,698.3
8097,7,272,edge-50,2,edge,400.0,0.0500,0.0100,9,2.067,0.9008,2,0.9784,,0.700,0,698.3
8098,7,272,edge-50,2,edge,500.0,0.0500,0.0100,10,2.339,0.9926,2,0.9737,,0.700,1,698.3
8099,7,272,edge-50,2,edge,600.0,0.0500,0.0100,10,2.098,0.9926,2,0.9691,,0.700,1,698.3
8100,7,275,edge-51,2,edge,0.0,0.0000,0.0100,0,1.696,,1,1.0000,,0.700,0,
8101,7,275,edge-51,2,edge,100.0,0.0200,0.0100,4,1.896,1.0000,1,0.9904,,0.700,0,
8102,7,275,edge-51,2,edge,200.0,0.0500,0.0100,9,2.146,0.9008,1,0.9858,,0.700,0,
8103,7,275,edge-51,2,edge,300.0,0.0500,0.0100,10,2.196,0.9926,1,0.9812,,0.700,0,
8104,7,275,edge-51,2,edge,400.0,0.0500,0.0100,10,2.142,0.9926,2,0.9765,,0.700,0,
8105,7,275,edge-51,2,edge,500.0,0.0500,0.0100,9,2.092,0.9008,1,0.9719,,0.700,0,
8106,7,275,edge-51,2,edge,600.0,0.0500,0.0100,10,2.142,0.9926,1,0.9672,,0.700,0,
8107,7,275,edge-51,2,edge,700.0,0.0500,0.0100,10,2.142,0.9926,1,0.9626,,0.700,0,
8108,7,275,edge-51,2,edge,800.0,0.0500,0.0100,8,2.042,0.7911,1,0.9579,,0.700,0,
8109,7,275,edge-51,2,edge,900.0,0.0500,0.0100,10,2.142,0.9926,0,0.9533,,0.700,0,
8110,7,275,edge-51,2,edge,1000.0,0.0500,0.0100,9,2.092,0.9008,0,0.9486,,0.700,0,
8111,7,275,edge-51,2,edge,1100.0,0.0500,0.0100,10,2.288,0.9926,1,0.9440,,0.700,0,
8112,7,275,edge-51,2,edge,1200.0,0.0500,0.0100,10,2.288,0.9926,1,0.9393,,0.700,0,
8113,7,275,edge-51,2,edge,1300.0,0.0500,0.0100,9,2.238,0.9008,1,0.9347,,0.700,0,
8114,7,275,edge-51,2,edge,1400.0,0.0500,0.0100,9,2.238,0.9008,1,0.9300,,0.700,0,
8115,7,275,edge-51,2,edge,1500.0,0.0500,0.0100,9,2.238,0.9008,1,0.9254,,0.700,0,
8116,7,275,edge-51,2,edge,1600.0,0.0500,0.0100,10,2.288,0.9926,0,0.9207,,0.700,0,
8117,7,275,edge-51,2,edge,1700.0,0.0500,0.0100,10,2.288,0.9926,0,0.9161,,0.700,0,
8118,7,275,edge-51,2,edge,1800.0,0.0500,0.0100,8,2.188,0.7900,0,0.9114,,0.700,0,
8119,7,275,edge-51,2,edge,1900.0,0.0500,0.0100,10,2.288,0.9926,0,0.9087,,0.700,0,
8120,7,275,edge-51,2,edge,2000.0,0.0500,0.0100,10,2.191,0.9926,1,0.9040,,0.700,0,
8121,7,275,edge-51,2,edge,2100.0,0.0500,0.0100,8,2.091,0.7900,1,0.8994,,0.700,0,
8122,7,275,edge-51,2,edge,2200.0,0.0500,0.0100,10,2.191,0.9926,1,0.8966,,0.700,0,
8123,7,275,edge-51,2,edge,2300.0,0.0500,0.0100,9,2.141,0.8990,1,0.8920,,0.700,0,
8124,7,275,edge-51,2,edge,2400.0,0.0500,0.0100,9,2.269,0.9008,2,0.8892,,0.700,0,
8125,7,275,edge-51,2,edge,2500.0,0.0500,0.0100,10,2.110,0.9926,2,0.8846,,0.700,0,
8126,7,275,edge-51,2,edge,2600.0,0.0500,0.0100,10,2.411,0.9926,2,0.8799,,0.700,0,
8127,7,275,edge-51,2,edge,2700.0,0.0500,0.0100,10,2.411,0.9926,2,0.8753,,0.700,0,
8128,7,275,edge-51,2,edge,2800.0,0.0500,0.0100,9,2.044,0.8990,2,0.8706,,0.700,0,
8129,7,275,edge-51,2,edge,2900.0,0.0500,0.0100,10,2.267,0.9926,2,0.8679,,0.700,0,
8130,7,275,edge-51,2,edge,3000.0,0.0500,0.0100,10,2.298,0.9926,2,0.8632,,0.700,0,
8131,7,275,edge-51,2,edge,3100.0,0.0500,0.0100,9,2.026,0.9008,3,0.8586,,0.700,0,
8132,7,275,edge-51,2,edge,3200.0,0.0500,0.0100,9,2.107,0.9008,4,0.8539,,0.700,0,
8133,7,275,edge-51,2,edge,3300.0,0.0500,0.0100,10,2.310,0.9926,5,0.8493,,0.700,0,
8134,7,275,edge-51,2,edge,3400.0,0.0500,0.0100,9,2.260,0.9008,4,0.8446,,0.700,0,
8135,7,275,edge-51,2,edge,3500.0,0.0500,0.0100,10,2.017,0.9926,4,0.8400,,0.700,0,
8136,7,275,edge-51,2,edge,3600.0,0.0500,0.0100,9,2.278,0.9008,4,0.8353,,0.700,0,
8137,7,275,edge-51,2,edge,3700.0,0.0500,0.0100,9,2.155,0.8990,4,0.8307,,0.700,0,
8138,7,275,edge-51,2,edge,3800.0,0.0500,0.0100,9,2.285,0.9008,4,0.8279,,0.700,0,
8139,7,275,edge-51,2,edge,3900.0,0.0500,0.0100,9,2.285,0.8990,4,0.8233,,0.700,0,
8140,7,275,edge-51,2,edge,4000.0,0.0500,0.0100,10,2.134,0.9926,4,0.8205,,0.700,0,
8141,7,275,edge-51,2,edge,4100.0,0.0500,0.0100,9,2.149,0.9008,4,0.8159,,0.700,0,
8142,7,275,edge-51,2,edge,4200.0,0.0500,0.0100,10,2.133,0.9926,4,0.8112,,0.700,0,
8143,7,275,edge-51,2,edge,4300.0,0.0500,0.0100,10,2.133,0.9926,3,0.8066,,0.700,0,
8144,7,275,edge-51,2,edge,4400.0,0.0500,0.0100,10,2.133,0.9926,3,0.8019,,0.700,0,
8145,7,275,edge-51,2,edge,4500.0,0.0500,0.0100,10,2.270,0.9926,3,0.7973,,0.700,0,
8146,7,275,edge-51,2,edge,4600.0,0.0500,0.0100,10,2.270,0.9926,2,0.7926,,0.700,0,
8147,7,275,edge-51,2,edge,4700.0,0.0500,0.0100,10,2.270,0.9926,1,0.7880,,0.700,0,
8148,7,275,edge-51,2,edge,4800.0,0.0500,0.0100,8,2.170,0.7900,1,0.7833,,0.700,0,
8149,7,275,edge-51,2,edge,4900.0,0.0500,0.0100,10,2.088,0.9926,2,0.7806,,0.700,0,
8150,7,275,edge-51,2,edge,5000.0,0.0500,0.0100,10,2.204,0.9926,2,0.7759,,0.700,0,
8151,7,278,edge-52,2,edge,0.0,0.0000,0.0100,0,1.691,,1,1.0000,,0.700,0,
8152,7,278,edge-52,2,edge,100.0,0.0200,0.0100,4,1.891,1.0000,1,0.9904,,0.700,0,
8153,7,278,edge-52,2,edge,200.0,0.0500,0.0100,9,2.141,0.9008,1,0.9858,,0.700,0,
8154,7,278,edge-52,2,edge,300.0,0.0500,0.0100,10,2.191,0.9926,1,0.9812,,0.700,0,
8155,7,278,edge-52,2,edge,400.0,0.0500,0.0100,9,2.141,0.9008,1,0.9765,,0.700,0,
8156,7,278,edge-52,2,edge,500.0,0.0500,0.0100,10,2.196,0.9926,1,0.9719,,0.700,0,
8157,7,278,edge-52,2,edge,600.0,0.0500,0.0100,9,2.194,0.9008,2,0.9672,,0.700,0,
8158,7,278,edge-52,2,edge,700.0,0.0500,0.0100,10,2.184,0.9926,3,0.9626,,0.700,0,
8159,7,278,edge-52,2,edge,800.0,0.0500,0.0100,10,2.239,0.9926,4,0.9579,,0.700,0,
8160,7,278,edge-52,2,edge,900.0,0.0500,0.0100,10,2.111,0.9926,5,0.9533,,0.700,0,
8161,7,278,edge-52,2,edge,1000.0,0.0500,0.0100,10,2.111,0.9926,4,0.9486,,0.700,0,
8162,7,278,edge-52,2,edge,1100.0,0.0500,0.0100,8,2.129,0.7911,4,0.9440,,0.700,0,
8163,7,278,edge-52,2,edge,1200.0,0.0500,0.0100,10,2.349,0.9926,4,0.9393,,0.700,0,
8164,7,278,edge-52,2,edge,1300.0,0.0500,0.0100,10,2.258,0.9926,4,0.9347,,0.700,0,
8165,7,278,edge-52,2,edge,1400.0,0.0500,0.0100,10,2.258,0.9926,3,0.9300,,0.700,0,
8166,7,278,edge-52,2,edge,1500.0,0.0500,0.0100,9,2.029,0.8990,4,0.9254,,0.700,0,
8167,7,278,edge-52,2,edge,1600.0,0.0500,0.0100,8,1.979,0.7911,3,0.9226,,0.700,0,
8168,7,278,edge-52,2,edge,1700.0,0.0500,0.0100,10,2.079,0.9926,2,0.9180,,0.700,0,
8169,7,278,edge-52,2,edge,1800.0,0.0500,0.0100,10,2.079,0.9926,1,0.9133,,0.700,0,
8170,7,278,edge-52,2,edge,1900.0,0.0500,0.0100,10,2.368,0.9926,2,0.9087,,0.700,0,
8171,7,278,edge-52,2,edge,2000.0,0.0500,0.0100,8,2.268,0.7900,1,0.9040,,0.700,0,
8172,7,278,edge-52,2,edge,2100.0,0.0500,0.0100,10,2.368,0.9926,1,0.9013,,0.700,0,
8173,7,278,edge-52,2,edge,2200.0,0.0500,0.0100,10,2.368,0.9926,1,0.8966,,0.700,0,
8174,7,278,edge-52,2,edge,2300.0,0.0500,0.0100,10,2.368,0.9926,1,0.8920,,0.700,0,
8175,7,278,edge-52,2,edge,2400.0,0.0500,0.0100,10,2.368,0.9926,0,0.8873,,0.700,0,
8176,7,278,edge-52,2,edge,2500.0,0.0500,0.0100,9,2.242,0.8990,1,0.8827,,0.700,0,
8177,7,278,edge-52,2,edge,2600.0,0.0500,0.0100,10,2.292,0.9926,1,0.8799,,0.700,0,
8178,7,278,edge-52,2,edge,2700.0,0.0500,0.0100,9,2.242,0.9008,1,0.8753,,0.700,0,
8179,7,278,edge-52,2,edge,2800.0,0.0500,0.0100,10,2.218,0.9926,2,0.8706,,0.700,0,
8180,7,278,edge-52,2,edge,2900.0,0.0500,0.0100,10,2.188,0.9926,3,0.8660,,0.700,0,
8181,7,278,edge-52,2,edge,3000.0,0.0500,0.0100,9,2.139,0.9008,3,0.8613,,0.700,0,
8182,7,278,edge-52,2,edge,3100.0,0.0500,0.0100,9,2.139,0.9008,3,0.8567,,0.700,0,
8183,7,278,edge-52,2,edge,3200.0,0.0500,0.0100,10,2.189,0.9926,3,0.8520,,0.700,0,
8184,7,278,edge-52,2,edge,3300.0,0.0500,0.0100,10,2.065,0.9926,3,0.8474,,0.700,0,
8185,7,278,edge-52,2,edge,3400.0,0.0500,0.0100,9,2.015,0.9008,2,0.8427,,0.700,0,
8186,7,278,edge-52,2,edge,3500.0,0.0500,0.0100,10,2.283,0.9926,2,0.8381,,0.700,0,
8187,7,278,edge-52,2,edge,3600.0,0.0500,0.0100,10,2.283,0.9926,2,0.8334,,0.700,0,
8188,7,278,edge-52,2,edge,3700.0,0.0500,0.0100,10,2.283,0.9926,2,0.8288,,0.700,0,
8189,7,278,edge-52,2,edge,3800.0,0.0500,0.0100,9,2.170,0.9008,2,0.8241,,0.700,0,
8190,7,278,edge-52,2,edge,3900.0,0.0500,0.0100,10,2.328,0.9926,3,0.8195,,0.700,0,
8191,7,278,edge-52,2,edge,4000.0,0.0500,0.0100,10,2.328,0.9926,2,0.8148,,0.700,0,
8192,7,278,edge-52,2,edge,4100.0,0.0500,0.0100,10,2.562,0.9926,3,0.8102,,0.700,0,
8193,7,278,edge-52,2,edge,4200.0,0.0500,0.0100,10,2.562,0.9926,3,0.8056,,0.700,0,
8194,7,278,edge-52,2,edge,4300.0,0.0500,0.0100,10,2.562,0.9926,2,0.8009,,0.700,0,
8195,7,278,edge-52,2,edge,4400.0,0.0500,0.0100,9,2.512,0.9008,1,0.7963,,0.700,0,
8196,7,278,edge-52,2,edge,4500.0,0.0500,0.0100,9,2.512,0.9008,1,0.7916,,0.700,0,
8197,7,278,edge-52,2,edge,4600.0,0.0500,0.0100,8,2.462,0.7911,0,0.7870,,0.700,0,
8198,7,278,edge-52,2,edge,4700.0,0.0500,0.0100,9,2.512,0.9008,0,0.7823,,0.700,0,
8199,7,278,edge-52,2,edge,4800.0,0.0500,0.0100,9,2.155,0.9008,0,0.7777,,0.700,0,
8200,7,278,edge-52,2,edge,4900.0,0.0500,0.0100,9,2.155,0.9008,0,0.7730,,0.700,0,
8201,7,278,edge-52,2,edge,5000.0,0.0500,0.0100,10,2.205,0.9926,0,0.7684,,0.700,0,
8202,7,281,edge-53,2,edge,0.0,0.0000,0.0100,0,1.779,,1,1.0000,,0.700,0,
8203,7,281,edge-53,2,edge,100.0,0.0200,0.0100,3,1.929,0.8990,1,0.9904,,0.700,0,
8204,7,281,edge-53,2,edge,200.0,0.0500,0.0100,9,2.427,0.9008,2,0.9877,,0.700,0,
8205,7,281,edge-53,2,edge,300.0,0.0500,0.0100,10,2.477,0.9926,2,0.9830,,0.700,0,
8206,7,281,edge-53,2,edge,400.0,0.0500,0.0100,10,2.155,0.9926,3,0.9784,,0.700,0,
8207,7,281,edge-53,2,edge,500.0,0.0500,0.0100,9,2.105,0.9008,2,0.9737,,0.700,0,
8208,7,281,edge-53,2,edge,600.0,0.0500,0.0100,9,2.105,0.9008,2,0.9691,,0.700,0,
8209,7,281,edge-53,2,edge,700.0,0.0500,0.0100,10,2.367,0.9926,2,0.9644,,0.700,0,
8210,7,281,edge-53,2,edge,800.0,0.0500,0.0100,10,2.323,0.9926,3,0.9598,,0.700,0,
8211,7,281,edge-53,2,edge,900.0,0.0500,0.0100,10,2.361,0.9926,3,0.9552,,0.700,0,
8212,7,281,edge-53,2,edge,1000.0,0.0500,0.0100,9,2.197,0.9008,4,0.9505,,0.700,0,
8213,7,281,edge-53,2,edge,1100.0,0.0500,0.0100,9,2.197,0.9008,4,0.9459,,0.700,0,
8214,7,281,edge-53,2,edge,1200.0,0.0500,0.0100,10,2.247,0.9926,3,0.9412,,0.700,0,
8215,7,281,edge-53,2,edge,1300.0,0.0500,0.0100,10,2.247,0.9926,2,0.9366,,0.700,0,
8216,7,281,edge-53,2,edge,1400.0,0.0500,0.0100,9,2.437,0.9008,1,0.9319,,0.700,0,
8217,7,281,edge-53,2,edge,1500.0,0.0500,0.0100,10,2.200,0.9926,0,0.9273,,0.700,0,
8218,7,281,edge-53,2,edge,1600.0,0.0500,0.0100,10,2.099,0.9926,1,0.9226,,0.700,0,
8219,7,281,edge-53,2,edge,1700.0,0.0500,0.0100,10,2.099,0.9926,1,0.9180,,0.700,0,
8220,7,281,edge-53,2,edge,1800.0,0.0500,0.0100,10,2.380,0.9926,2,0.9133,,0.700,0,
8221,7,281,edge-53,2,edge,1900.0,0.0500,0.0100,9,2.330,0.9008,2,0.9087,,0.700,0,
8222,7,281,edge-53,2,edge,2000.0,0.0500,0.0100,10,2.380,0.9926,2,0.9040,,0.700,0,
8223,7,281,edge-53,2,edge,2100.0,0.0500,0.0100,10,2.200,0.9926,2,0.8994,,0.700,0,
8224,7,281,edge-53,2,edge,2200.0,0.0500,0.0100,10,2.356,0.9926,3,0.8947,,0.700,0,
8225,7,281,edge-53,2,edge,2300.0,0.0500,0.0100,10,2.186,0.9926,3,0.8901,,0.700,0,
8226,7,281,edge-53,2,edge,2400.0,0.0500,0.0100,10,2.186,0.9926,3,0.8854,,0.700,0,
8227,7,281,edge-53,2,edge,2500.0,0.0500,0.0100,10,2.368,0.9926,4,0.8808,,0.700,0,
8228,7,281,edge-53,2,edge,2600.0,0.0500,0.0100,9,2.101,0.9008,4,0.8761,,0.700,0,
8229,7,281,edge-53,2,edge,2700.0,0.0500,0.0100,9,2.132,0.9008,4,0.8715,,0.700,0,
8230,7,281,edge-53,2,edge,2800.0,0.0500,0.0100,9,2.132,0.9008,3,0.8668,,0.700,0,
8231,7,281,edge-53,2,edge,2900.0,0.0500,0.0100,9,2.152,0.9008,4,0.8622,,0.700,0,
8232,7,281,edge-53,2,edge,3000.0,0.0500,0.0100,9,2.338,0.9008,4,0.8576,,0.700,0,
8233,7,281,edge-53,2,edge,3100.0,0.0500,0.0100,9,2.338,0.9008,3,0.8529,,0.700,0,
8234,7,281,edge-53,2,edge,3200.0,0.0500,0.0100,10,2.388,0.9926,2,0.8483,,0.700,0,
8235,7,281,edge-53,2,edge,3300.0,0.0500,0.0100,9,2.338,0.8990,2,0.8436,,0.700,0,
8236,7,281,edge-53,2,edge,3400.0,0.0500,0.0100,9,2.338,0.9008,1,0.8408,,0.700,0,
8237,7,281,edge-53,2,edge,3500.0,0.0500,0.0100,10,2.388,0.9926,0,0.8362,,0.700,0,
8238,7,281,edge-53,2,edge,3600.0,0.0500,0.0100,9,2.338,0.9008,0,0.8316,,0.700,0,
8239,7,281,edge-53,2,edge,3700.0,0.0500,0.0100,10,2.228,0.9926,1,0.8269,,0.700,0,
8240,7,281,edge-53,2,edge,3800.0,0.0500,0.0100,10,2.228,0.9926,1,0.8223,,0.700,0,
8241,7,281,edge-53,2,edge,3900.0,0.0500,0.0100,10,2.228,0.9926,1,0.8176,,0.700,0,
8242,7,281,edge-53,2,edge,4000.0,0.0500,0.0100,10,2.228,0.9926,1,0.8130,,0.700,0,
8243,7,281,edge-53,2,edge,4100.0,0.0500,0.0100,9,2.159,0.9008,1,0.8083,,0.700,0,
8244,7,281,edge-53,2,edge,4200.0,0.0500,0.0100,10,2.040,0.9926,1,0.8037,,0.700,0,
8245,7,281,edge-53,2,edge,4300.0,0.0500,0.0100,10,2.040,0.9926,1,0.7990,,0.700,0,
8246,7,281,edge-53,2,edge,4400.0,0.0500,0.0100,10,2.260,0.9926,2,0.7944,,0.700,0,
8247,7,281,edge-53,2,edge,4500.0,0.0500,0.0100,9,1.986,0.9008,3,0.7897,,0.700,0,
8248,7,281,edge-53,2,edge,4600.0,0.0500,0.0100,10,2.516,0.9926,3,0.7851,,0.700,0,
8249,7,281,edge-53,2,edge,4700.0,0.0500,0.0100,10,2.516,0.9926,2,0.7804,,0.700,0,
8250,7,281,edge-53,2,edge,4800.0,0.0500,0.0100,10,2.516,0.9926,2,0.7758,,0.700,0,
8251,7,281,edge-53,2,edge,4900.0,0.0500,0.0100,10,2.489,0.9926,2,0.7711,,0.700,0,
8252,7,281,edge-53,2,edge,5000.0,0.0500,0.0100,9,2.439,0.8990,1,0.7665,,0.700,0,
8253,7,284,edge-54,2,edge,0.0,0.0000,0.0100,0,1.952,,1,1.0000,,0.700,0,
8254,7,284,edge-54,2,edge,100.0,0.0200,0.0100,3,2.102,0.8990,1,0.9904,,0.700,0,
8255,7,284,edge-54,2,edge,200.0,0.0500,0.0100,9,2.402,0.9008,1,0.9877,,0.700,0,
8256,7,284,edge-54,2,edge,300.0,0.0500,0.0100,9,2.402,0.9008,1,0.9830,,0.700,0,
8257,7,284,edge-54,2,edge,400.0,0.0500,0.0100,10,2.452,0.9926,1,0.9784,,0.700,0,
8258,7,284,edge-54,2,edge,500.0,0.0500,0.0100,8,2.352,0.7911,0,0.9737,,0.700,0,
8259,7,284,edge-54,2,edge,600.0,0.0500,0.0100,8,2.352,0.7911,0,0.9691,,0.700,0,
8260,7,284,edge-54,2,edge,700.0,0.0500,0.0100,9,2.402,0.9008,0,0.9644,,0.700,0,
8261,7,284,edge-54,2,edge,800.0,0.0500,0.0100,10,2.452,0.9926,0,0.9598,,0.700,0,
8262,7,284,edge-54,2,edge,900.0,0.0500,0.0100,8,1.997,0.7911,1,0.9552,,0.700,0,
8263,7,284,edge-54,2,edge,1000.0,0.0500,0.0100,10,2.210,0.9926,2,0.9505,,0.700,0,
8264,7,284,edge-54,2,edge,1100.0,0.0500,0.0100,10,2.255,0.9926,3,0.9459,,0.700,0,
8265,7,284,edge-54,2,edge,1200.0,0.0500,0.0100,10,2.255,0.9926,3,0.9412,,0.700,0,
8266,7,284,edge-54,2,edge,1300.0,0.0500,0.0100,10,2.255,0.9926,3,0.9366,,0.700,0,
8267,7,284,edge-54,2,edge,1400.0,0.0500,0.0100,9,2.033,0.9008,3,0.9319,,0.700,0,
8268,7,284,edge-54,2,edge,1500.0,0.0500,0.0100,10,2.083,0.9926,2,0.9273,,0.700,0,
8269,7,284,edge-54,2,edge,1600.0,0.0500,0.0100,10,2.083,0.9926,1,0.9226,,0.700,0,
8270,7,284,edge-54,2,edge,1700.0,0.0500,0.0100,10,2.083,0.9926,1,0.9180,,0.700,0,
8271,7,284,edge-54,2,edge,1800.0,0.0500,0.0100,10,2.083,0.9926,1,0.9133,,0.700,0,
8272,7,284,edge-54,2,edge,1900.0,0.0500,0.0100,10,2.191,0.9926,1,0.9087,,0.700,0,
8273,7,284,edge-54,2,edge,2000.0,0.0500,0.0100,10,2.191,0.9926,1,0.9040,,0.700,0,
8274,7,284,edge-54,2,edge,2100.0,0.0500,0.0100,10,2.191,0.9926,1,0.8994,,0.700,0,
8275,7,284,edge-54,2,edge,2200.0,0.0500,0.0100,10,2.208,0.9926,2,0.8947,,0.700,0,
8276,7,284,edge-54,2,edge,2300.0,0.0500,0.0100,8,2.092,0.7911,2,0.8901,,0.700,0,
8277,7,284,edge-54,2,edge,2400.0,0.0500,0.0100,9,2.250,0.9008,2,0.8854,,0.700,0,
8278,7,284,edge-54,2,edge,2500.0,0.0500,0.0100,10,2.300,0.9926,2,0.8808,,0.700,0,
8279,7,284,edge-54,2,edge,2600.0,0.0500,0.0100,10,2.300,0.9926,2,0.8761,,0.700,0,
8280,7,284,edge-54,2,edge,2700.0,0.0500,0.0100,10,2.361,0.9926,1,0.8715,,0.700,0,
8281,7,284,edge-54,2,edge,2800.0,0.0500,0.0100,10,2.126,0.9926,2,0.8668,,0.700,0,
8282,7,284,edge-54,2,edge,2900.0,0.0500,0.0100,10,2.259,0.9926,2,0.8622,,0.700,0,
8283,7,284,edge-54,2,edge,3000.0,0.0500,0.0100,10,2.190,0.9926,3,0.8576,,0.700,0,
8284,7,284,edge-54,2,edge,3100.0,0.0500,0.0100,9,2.065,0.9008,4,0.8529,,0.700,0,
8285,7,284,edge-54,2,edge,3200.0,0.0500,0.0100,10,2.107,0.9926,5,0.8483,,0.700,0,
8286,7,284,edge-54,2,edge,3300.0,0.0500,0.0100,10,2.408,0.9926,4,0.8436,,0.700,0,
8287,7,284,edge-54,2,edge,3400.0,0.0500,0.0100,10,2.408,0.9926,3,0.8390,,0.700,0,
8288,7,284,edge-54,2,edge,3500.0,0.0500,0.0100,10,2.039,0.9926,3,0.8343,,0.700,0,
8289,7,284,edge-54,2,edge,3600.0,0.0500,0.0100,10,2.039,0.9926,2,0.8297,,0.700,0,
8290,7,284,edge-54,2,edge,3700.0,0.0500,0.0100,9,2.127,0.9008,2,0.8250,,0.700,0,
8291,7,284,edge-54,2,edge,3800.0,0.0500,0.0100,9,2.127,0.9008,2,0.8204,,0.700,0,
8292,7,284,edge-54,2,edge,3900.0,0.0500,0.0100,10,2.096,0.9926,3,0.8157,,0.700,0,
8293,7,284,edge-54,2,edge,4000.0,0.0500,0.0100,10,2.096,0.9926,2,0.8111,,0.700,0,
8294,7,284,edge-54,2,edge,4100.0,0.0500,0.0100,9,2.245,0.9008,3,0.8064,,0.700,0,
8295,7,284,edge-54,2,edge,4200.0,0.0500,0.0100,9,2.093,0.8990,3,0.8018,,0.700,0,
8296,7,284,edge-54,2,edge,4300.0,0.0500,0.0100,10,2.166,0.9926,4,0.7990,,0.700,0,
8297,7,284,edge-54,2,edge,4400.0,0.0500,0.0100,9,2.218,0.9008,4,0.7944,,0.700,0,
8298,7,284,edge-54,2,edge,4500.0,0.0500,0.0100,9,2.218,0.9008,4,0.7897,,0.700,0,
8299,7,284,edge-54,2,edge,4600.0,0.0500,0.0100,10,2.268,0.9926,3,0.7851,,0.700,0,
8300,7,284,edge-54,2,edge,4700.0,0.0500,0.0100,8,2.168,0.7911,2,0.7804,,0.700,0,
8301,7,284,edge-54,2,edge,4800.0,0.0500,0.0100,9,2.217,0.9008,2,0.7758,,0.700,0,
8302,7,284,edge-54,2,edge,4900.0,0.0500,0.0100,10,2.267,0.9926,1,0.7711,,0.700,0,
8303,7,284,edge-54,2,edge,5000.0,0.0500,0.0100,9,2.217,0.8990,1,0.7665,,0.700,0,
8304,7,287,edge-55,2,edge,0.0,0.0000,0.0100,0,1.665,,1,1.0000,,0.700,0,
8305,7,287,edge-55,2,edge,100.0,0.0200,0.0100,4,1.865,1.0000,1,0.9904,,0.700,0,
8306,7,287,edge-55,2,edge,200.0,0.0500,0.0100,10,2.165,0.9926,1,0.9858,,0.700,0,
8307,7,287,edge-55,2,edge,300.0,0.0500,0.0100,10,2.269,0.9926,2,0.9812,,0.700,0,
8308,7,287,edge-55,2,edge,400.0,0.0500,0.0100,9,2.129,0.9008,3,0.9765,,0.700,0,
8309,7,287,edge-55,2,edge,500.0,0.0500,0.0100,10,2.179,0.9926,2,0.9719,,0.700,0,
8310,7,287,edge-55,2,edge,600.0,0.0500,0.0100,10,2.179,0.9926,2,0.9672,,0.700,0,
8311,7,287,edge-55,2,edge,700.0,0.0500,0.0100,9,2.129,0.9008,2,0.9626,,0.700,0,
8312,7,287,edge-55,2,edge,800.0,0.0500,0.0100,9,2.129,0.9008,1,0.9579,,0.700,0,
8313,7,287,edge-55,2,edge,900.0,0.0500,0.0100,9,2.129,0.9008,0,0.9533,,0.700,0,
8314,7,287,edge-55,2,edge,1000.0,0.0500,0.0100,10,2.179,0.9926,0,0.9486,,0.700,0,
8315,7,287,edge-55,2,edge,1100.0,0.0500,0.0100,10,2.077,0.9926,1,0.9440,,0.700,0,
8316,7,287,edge-55,2,edge,1200.0,0.0500,0.0100,10,2.278,0.9926,2,0.9393,,0.700,0,
8317,7,287,edge-55,2,edge,1300.0,0.0500,0.0100,10,2.215,0.9926,3,0.9347,,0.700,0,
8318,7,287,edge-55,2,edge,1400.0,0.0500,0.0100,10,2.304,0.9926,4,0.9300,,0.700,0,
8319,7,287,edge-55,2,edge,1500.0,0.0500,0.0100,10,2.475,0.9926,5,0.9254,,0.700,0,
8320,7,287,edge-55,2,edge,1600.0,0.0500,0.0100,10,2.348,0.9926,5,0.9207,,0.700,0,
8321,7,287,edge-55,2,edge,1700.0,0.0500,0.0100,9,2.298,0.9008,4,0.9161,,0.700,0,
8322,7,287,edge-55,2,edge,1800.0,0.0500,0.0100,10,2.348,0.9926,3,0.9114,,0.700,0,
8323,7,287,edge-55,2,edge,1900.0,0.0500,0.0100,10,2.348,0.9926,2,0.9068,,0.700,0,
8324,7,287,edge-55,2,edge,2000.0,0.0500,0.0100,10,2.348,0.9926,1,0.9021,,0.700,0,
8325,7,287,edge-55,2,edge,2100.0,0.0500,0.0100,10,2.348,0.9926,0,0.8975,,0.700,0,
8326,7,287,edge-55,2,edge,2200.0,0.0500,0.0100,9,2.508,0.9008,1,0.8928,,0.700,0,
8327,7,287,edge-55,2,edge,2300.0,0.0500,0.0100,10,2.558,0.9926,1,0.8882,,0.700,0,
8328,7,287,edge-55,2,edge,2400.0,0.0500,0.0100,10,2.558,0.9926,1,0.8836,,0.700,0,
8329,7,287,edge-55,2,edge,2500.0,0.0500,0.0100,10,2.558,0.9926,1,0.8789,,0.700,0,
8330,7,287,edge-55,2,edge,2600.0,0.0500,0.0100,9,2.247,0.8990,1,0.8743,,0.700,0,
8331,7,287,edge-55,2,edge,2700.0,0.0500,0.0100,9,2.407,0.8990,1,0.8715,,0.700,0,
8332,7,287,edge-55,2,edge,2800.0,0.0500,0.0100,8,2.269,0.7911,2,0.8687,,0.700,0,
8333,7,287,edge-55,2,edge,2900.0,0.0500,0.0100,9,2.112,0.8990,3,0.8641,,0.700,0,
8334,7,287,edge-55,2,edge,3000.0,0.0500,0.0100,9,2.325,0.9008,4,0.8613,,0.700,0,
8335,7,287,edge-55,2,edge,3100.0,0.0500,0.0100,9,2.325,0.9008,4,0.8567,,0.700,0,
8336,7,287,edge-55,2,edge,3200.0,0.0500,0.0100,9,2.325,0.9008,3,0.8520,,0.700,0,
8337,7,287,edge-55,2,edge,3300.0,0.0500,0.0100,10,2.379,0.9926,3,0.8474,,0.700,0,
8338,7,287,edge-55,2,edge,3400.0,0.0500,0.0100,9,2.356,0.9008,3,0.8427,,0.700,0,
8339,7,287,edge-55,2,edge,3500.0,0.0500,0.0100,9,2.356,0.9008,2,0.8381,,0.700,0,
8340,7,287,edge-55,2,edge,3600.0,0.0500,0.0100,10,2.460,0.9926,2,0.8334,,0.700,0,
8341,7,287,edge-55,2,edge,3700.0,0.0500,0.0100,9,2.087,0.9008,3,0.8288,,0.700,0,
8342,7,287,edge-55,2,edge,3800.0,0.0500,0.0100,9,2.087,0.9008,2,0.8241,,0.700,0,
8343,7,287,edge-55,2,edge,3900.0,0.0500,0.0100,10,2.137,0.9926,1,0.8195,,0.700,0,
8344,7,287,edge-55,2,edge,4000.0,0.0500,0.0100,9,2.087,0.8990,1,0.8148,,0.700,0,
8345,7,287,edge-55,2,edge,4100.0,0.0500,0.0100,10,2.137,0.9926,1,0.8121,,0.700,0,
8346,7,287,edge-55,2,edge,4200.0,0.0500,0.0100,8,2.037,0.7900,0,0.8074,,0.700,0,
8347,7,287,edge-55,2,edge,4300.0,0.0500,0.0100,10,2.137,0.9926,0,0.8047,,0.700,0,
8348,7,287,edge-55,2,edge,4400.0,0.0500,0.0100,10,2.191,0.9926,1,0.8000,,0.700,0,
8349,7,287,edge-55,2,edge,4500.0,0.0500,0.0100,9,2.141,0.9008,1,0.7954,,0.700,0,
8350,7,287,edge-55,2,edge,4600.0,0.0500,0.0100,10,2.191,0.9926,1,0.7907,,0.700,0,
8351,7,287,edge-55,2,edge,4700.0,0.0500,0.0100,10,2.191,0.9926,1,0.7861,,0.700,0,
8352,7,287,edge-55,2,edge,4800.0,0.0500,0.0100,10,2.191,0.9926,1,0.7814,,0.700,0,
8353,7,287,edge-55,2,edge,4900.0,0.0500,0.0100,8,2.091,0.7911,0,0.7768,,0.700,0,
8354,7,287,edge-55,2,edge,5000.0,0.0500,0.0100,9,2.238,0.9008,1,0.7721,,0.700,0,
8355,7,290,edge-56,2,edge,0.0,0.0000,0.0100,0,1.718,,1,1.0000,,0.700,0,
8356,7,290,edge-56,2,edge,100.0,0.0200,0.0100,4,1.918,1.0000,1,0.9904,,0.700,0,
8357,7,290,edge-56,2,edge,200.0,0.0500,0.0100,10,2.127,0.9926,2,0.9858,,0.700,0,
8358,7,290,edge-56,2,edge,300.0,0.0500,0.0100,10,2.360,0.9926,3,0.9812,,0.700,0,
8359,7,290,edge-56,2,edge,400.0,0.0500,0.0100,10,2.117,0.9926,4,0.9765,,0.700,0,
8360,7,290,edge-56,2,edge,500.0,0.0500,0.0100,9,2.045,0.9008,4,0.9719,,0.700,0,
8361,7,290,edge-56,2,edge,600.0,0.0500,0.0100,8,2.147,0.7911,5,0.9672,,0.700,0,
8362,7,290,edge-56,2,edge,700.0,0.0500,0.0100,10,2.265,0.9926,5,0.9626,,0.700,0,
8363,7,290,edge-56,2,edge,800.0,0.0500,0.0100,10,2.265,0.9926,4,0.9579,,0.700,0,
8364,7,290,edge-56,2,edge,900.0,0.0500,0.0100,10,2.265,0.9926,3,0.9533,,0.700,0,
8365,7,290,edge-56,2,edge,1000.0,0.0500,0.0100,9,2.154,0.9008,3,0.9486,,0.700,0,
8366,7,290,edge-56,2,edge,1100.0,0.0500,0.0100,9,2.274,0.9008,3,0.9440,,0.700,0,
8367,7,290,edge-56,2,edge,1200.0,0.0500,0.0100,10,2.201,0.9926,3,0.9393,,0.700,0,
8368,7,290,edge-56,2,edge,1300.0,0.0500,0.0100,10,2.205,0.9926,4,0.9347,,0.700,0,
8369,7,290,edge-56,2,edge,1400.0,0.0500,0.0100,8,2.100,0.7911,5,0.9300,,0.700,0,
8370,7,290,edge-56,2,edge,1500.0,0.0500,0.0100,10,2.180,0.9926,5,0.9254,,0.700,0,
8371,7,290,edge-56,2,edge,1600.0,0.0500,0.0100,10,2.056,0.9926,5,0.9207,,0.700,0,
8372,7,290,edge-56,2,edge,1700.0,0.0500,0.0100,10,2.221,0.9926,5,0.9161,,0.700,0,
8373,7,290,edge-56,2,edge,1800.0,0.0500,0.0100,10,2.174,0.9926,5,0.9114,,0.700,0,
8374,7,290,edge-56,2,edge,1900.0,0.0500,0.0100,10,2.174,0.9926,4,0.9068,,0.700,0,
8375,7,290,edge-56,2,edge,2000.0,0.0500,0.0100,9,2.124,0.9008,3,0.9021,,0.700,0,
8376,7,290,edge-56,2,edge,2100.0,0.0500,0.0100,10,2.196,0.9926,3,0.8975,,0.700,0,
8377,7,290,edge-56,2,edge,2200.0,0.0500,0.0100,10,2.196,0.9926,2,0.8928,,0.700,0,
8378,7,290,edge-56,2,edge,2300.0,0.0500,0.0100,8,2.096,0.7900,1,0.8882,,0.700,0,
8379,7,290,edge-56,2,edge,2400.0,0.0500,0.0100,9,2.092,0.9008,2,0.8854,,0.700,0,
8380,7,290,edge-56,2,edge,2500.0,0.0500,0.0100,9,2.092,0.8990,2,0.8808,,0.700,0,
8381,7,290,edge-56,2,edge,2600.0,0.0500,0.0100,9,2.092,0.9008,1,0.8780,,0.700,0,
8382,7,290,edge-56,2,edge,2700.0,0.0500,0.0100,10,2.142,0.9926,1,0.8734,,0.700,0,
8383,7,290,edge-56,2,edge,2800.0,0.0500,0.0100,10,2.142,0.9926,1,0.8687,,0.700,0,
8384,7,290,edge-56,2,edge,2900.0,0.0500,0.0100,9,2.092,0.9008,0,0.8641,,0.700,0,
8385,7,290,edge-56,2,edge,3000.0,0.0500,0.0100,10,2.142,0.9926,0,0.8594,,0.700,0,
8386,7,290,edge-56,2,edge,3100.0,0.0500,0.0100,8,2.188,0.7900,1,0.8548,,0.700,0,
8387,7,290,edge-56,2,edge,3200.0,0.0500,0.0100,9,2.238,0.9008,1,0.8520,,0.700,0,
8388,7,290,edge-56,2,edge,3300.0,0.0500,0.0100,10,2.288,0.9926,1,0.8474,,0.700,0,
8389,7,290,edge-56,2,edge,3400.0,0.0500,0.0100,8,2.188,0.7911,1,0.8427,,0.700,0,
8390,7,290,edge-56,2,edge,3500.0,0.0500,0.0100,9,2.238,0.9008,1,0.8381,,0.700,0,
8391,7,290,edge-56,2,edge,3600.0,0.0500,0.0100,10,2.288,0.9926,0,0.8334,,0.700,0,
8392,7,290,edge-56,2,edge,3700.0,0.0500,0.0100,9,2.238,0.9008,0,0.8288,,0.700,0,
8393,7,290,edge-56,2,edge,3800.0,0.0500,0.0100,10,2.288,0.9926,0,0.8241,,0.700,0,
8394,7,290,edge-56,2,edge,3900.0,0.0500,0.0100,8,2.188,0.7900,0,0.8195,,0.700,0,
8395,7,290,edge-56,2,edge,4000.0,0.0500,0.0100,10,2.191,0.9926,1,0.8167,,0.700,0,
8396,7,290,edge-56,2,edge,4100.0,0.0500,0.0100,9,2.141,0.9008,1,0.8121,,0.700,0,
8397,7,290,edge-56,2,edge,4200.0,0.0500,0.0100,9,2.141,0.8990,1,0.8074,,0.700,0,
8398,7,290,edge-56,2,edge,4300.0,0.0500,0.0100,10,2.191,0.9926,1,0.8047,,0.700,0,
8399,7,290,edge-56,2,edge,4400.0,0.0500,0.0100,9,2.269,0.8990,2,0.8000,,0.700,0,
8400,7,290,edge-56,2,edge,4500.0,0.0500,0.0100,9,2.060,0.9008,2,0.7973,,0.700,0,
8401,7,290,edge-56,2,edge,4600.0,0.0500,0.0100,9,2.361,0.9008,2,0.7926,,0.700,0,
8402,7,290,edge-56,2,edge,4700.0,0.0500,0.0100,9,2.361,0.9008,2,0.7880,,0.700,0,
8403,7,290,edge-56,2,edge,4800.0,0.0500,0.0100,8,1.994,0.7900,2,0.7833,,0.700,0,
8404,7,290,edge-56,2,edge,4900.0,0.0500,0.0100,10,2.267,0.9926,2,0.7806,,0.700,0,
8405,7,290,edge-56,2,edge,5000.0,0.0500,0.0100,10,2.298,0.9926,2,0.7759,,0.700,0,
8406,7,293,edge-57,2,edge,0.0,0.0000,0.0100,0,1.568,,1,1.0000,,0.700,0,
8407,7,293,edge-57,2,edge,100.0,0.0200,0.0100,4,1.768,1.0000,1,0.9904,,0.700,0,
8408,7,293,edge-57,2,edge,200.0,0.0500,0.0100,8,1.968,0.7900,1,0.9858,,0.700,0,
8409,7,293,edge-57,2,edge,300.0,0.0500,0.0100,10,2.068,0.9926,1,0.9830,,0.700,0,
8410,7,293,edge-57,2,edge,400.0,0.0500,0.0100,9,2.018,0.9008,1,0.9784,,0.700,0,
8411,7,293,edge-57,2,edge,500.0,0.0500,0.0100,10,2.068,0.9926,0,0.9737,,0.700,0,
8412,7,293,edge-57,2,edge,600.0,0.0500,0.0100,10,2.068,0.9926,0,0.9691,,0.700,0,
8413,7,293,edge-57,2,edge,700.0,0.0500,0.0100,10,2.068,0.9926,0,0.9644,,0.700,0,
8414,7,293,edge-57,2,edge,800.0,0.0500,0.0100,9,2.018,0.8990,0,0.9598,,0.700,0,
8415,7,293,edge-57,2,edge,900.0,0.0500,0.0100,10,2.068,0.9926,0,0.9570,,0.700,0,
8416,7,293,edge-57,2,edge,1000.0,0.0500,0.0100,10,2.068,0.9926,0,0.9524,,0.700,0,
8417,7,293,edge-57,2,edge,1100.0,0.0500,0.0100,10,2.068,0.9926,0,0.9477,,0.700,0,
8418,7,293,edge-57,2,edge,1200.0,0.0500,0.0100,10,2.068,0.9926,0,0.9431,,0.700,0,
8419,7,293,edge-57,2,edge,1300.0,0.0500,0.0100,10,2.068,0.9926,0,0.9384,,0.700,0,
8420,7,293,edge-57,2,edge,1400.0,0.0500,0.0100,10,2.191,0.9926,1,0.9338,,0.700,0,
8421,7,293,edge-57,2,edge,1500.0,0.0500,0.0100,9,2.141,0.9008,1,0.9292,,0.700,0,
8422,7,293,edge-57,2,edge,1600.0,0.0500,0.0100,9,2.141,0.9008,1,0.9245,,0.700,0,
8423,7,293,edge-57,2,edge,1700.0,0.0500,0.0100,9,2.141,0.9008,1,0.9199,,0.700,0,
8424,7,293,edge-57,2,edge,1800.0,0.0500,0.0100,9,2.146,0.9008,2,0.9152,,0.700,0,
8425,7,293,edge-57,2,edge,1900.0,0.0500,0.0100,10,2.244,0.9926,2,0.9106,,0.700,0,
8426,7,293,edge-57,2,edge,2000.0,0.0500,0.0100,10,2.184,0.9926,3,0.9059,,0.700,0,
8427,7,293,edge-57,2,edge,2100.0,0.0500,0.0100,10,2.239,0.9926,4,0.9013,,0.700,0,
8428,7,293,edge-57,2,edge,2200.0,0.0500,0.0100,10,2.111,0.9926,5,0.8966,,0.700,0,
8429,7,293,edge-57,2,edge,2300.0,0.0500,0.0100,9,2.061,0.8990,4,0.8920,,0.700,0,
8430,7,293,edge-57,2,edge,2400.0,0.0500,0.0100,10,2.229,0.9926,4,0.8892,,0.700,0,
8431,7,293,edge-57,2,edge,2500.0,0.0500,0.0100,10,2.349,0.9926,4,0.8846,,0.700,0,
8432,7,293,edge-57,2,edge,2600.0,0.0500,0.0100,10,2.258,0.9926,4,0.8799,,0.700,0,
8433,7,293,edge-57,2,edge,2700.0,0.0500,0.0100,10,2.258,0.9926,3,0.8753,,0.700,0,
8434,7,293,edge-57,2,edge,2800.0,0.0500,0.0100,9,2.029,0.9008,4,0.8706,,0.700,0,
8435,7,293,edge-57,2,edge,2900.0,0.0500,0.0100,9,2.029,0.9008,3,0.8660,,0.700,0,
8436,7,293,edge-57,2,edge,3000.0,0.0500,0.0100,10,2.079,0.9926,2,0.8613,,0.700,0,
8437,7,293,edge-57,2,edge,3100.0,0.0500,0.0100,8,1.979,0.7911,1,0.8567,,0.700,0,
8438,7,293,edge-57,2,edge,3200.0,0.0500,0.0100,10,2.368,0.9926,2,0.8520,,0.700,0,
8439,7,293,edge-57,2,edge,3300.0,0.0500,0.0100,8,2.268,0.7900,1,0.8474,,0.700,0,
8440,7,293,edge-57,2,edge,3400.0,0.0500,0.0100,10,2.368,0.9926,1,0.8446,,0.700,0,
8441,7,293,edge-57,2,edge,3500.0,0.0500,0.0100,9,2.318,0.9008,1,0.8400,,0.700,0,
8442,7,293,edge-57,2,edge,3600.0,0.0500,0.0100,10,2.368,0.9926,1,0.8353,,0.700,0,
8443,7,293,edge-57,2,edge,3700.0,0.0500,0.0100,9,2.318,0.9008,0,0.8307,,0.700,0,
8444,7,293,edge-57,2,edge,3800.0,0.0500,0.0100,10,2.292,0.9926,1,0.8260,,0.700,0,
8445,7,293,edge-57,2,edge,3900.0,0.0500,0.0100,9,2.242,0.9008,1,0.8214,,0.700,0,
8446,7,293,edge-57,2,edge,4000.0,0.0500,0.0100,9,2.242,0.9008,1,0.8167,,0.700,0,
8447,7,293,edge-57,2,edge,4100.0,0.0500,0.0100,10,2.218,0.9926,2,0.8121,,0.700,0,
8448,7,293,edge-57,2,edge,4200.0,0.0500,0.0100,10,2.188,0.9926,3,0.8074,,0.700,0,
8449,7,293,edge-57,2,edge,4300.0,0.0500,0.0100,8,2.089,0.7900,3,0.8028,,0.700,0,
8450,7,293,edge-57,2,edge,4400.0,0.0500,0.0100,10,2.189,0.9926,3,0.8000,,0.700,0,
8451,7,293,edge-57,2,edge,4500.0,0.0500,0.0100,9,2.139,0.9008,3,0.7954,,0.700,0,
8452,7,293,edge-57,2,edge,4600.0,0.0500,0.0100,10,2.065,0.9926,3,0.7907,,0.700,0,
8453,7,293,edge-57,2,edge,4700.0,0.0500,0.0100,9,2.015,0.9008,2,0.7861,,0.700,0,
8454,7,293,edge-57,2,edge,4800.0,0.0500,0.0100,9,2.233,0.8990,2,0.7814,,0.700,0,
8455,7,293,edge-57,2,edge,4900.0,0.0500,0.0100,8,2.183,0.7900,2,0.7787,,0.700,0,
8456,7,293,edge-57,2,edge,5000.0,0.0500,0.0100,10,2.283,0.9926,2,0.7759,,0.700,0,
8457,7,296,edge-58,2,edge,0.0,0.0000,0.0100,0,1.955,,1,1.0000,,0.700,0,
8458,7,296,edge-58,2,edge,100.0,0.0200,0.0100,3,2.105,0.8990,1,0.9904,,0.700,0,
8459,7,296,edge-58,2,edge,200.0,0.0500,0.0100,9,2.405,0.9008,1,0.9877,,0.700,0,
8460,7,296,edge-58,2,edge,300.0,0.0500,0.0100,10,2.455,0.9926,1,0.9830,,0.700,0,
8461,7,296,edge-58,2,edge,400.0,0.0500,0.0100,10,2.585,0.9926,2,0.9784,,0.700,0,
8462,7,296,edge-58,2,edge,500.0,0.0500,0.0100,10,2.585,0.9926,1,0.9737,,0.700,0,
8463,7,296,edge-58,2,edge,600.0,0.0500,0.0100,10,2.285,0.9926,2,0.9691,,0.700,0,
8464,7,296,edge-58,2,edge,700.0,0.0500,0.0100,9,2.235,0.8990,2,0.9644,,0.700,0,
8465,7,296,edge-58,2,edge,800.0,0.0500,0.0100,8,2.185,0.7911,2,0.9617,,0.700,0,
8466,7,296,edge-58,2,edge,900.0,0.0500,0.0100,9,2.235,0.9008,1,0.9570,,0.700,0,
8467,7,296,edge-58,2,edge,1000.0,0.0500,0.0100,10,2.601,0.9926,1,0.9524,,0.700,0,
8468,7,296,edge-58,2,edge,1100.0,0.0500,0.0100,9,2.220,0.9008,1,0.9477,,0.700,0,
8469,7,296,edge-58,2,edge,1200.0,0.0500,0.0100,9,2.220,0.9008,1,0.9431,,0.700,0,
8470,7,296,edge-58,2,edge,1300.0,0.0500,0.0100,8,2.179,0.7911,2,0.9384,,0.700,0,
8471,7,296,edge-58,2,edge,1400.0,0.0500,0.0100,10,2.477,0.9926,3,0.9338,,0.700,0,
8472,7,296,edge-58,2,edge,1500.0,0.0500,0.0100,9,2.427,0.9008,3,0.9292,,0.700,0,
8473,7,296,edge-58,2,edge,1600.0,0.0500,0.0100,10,2.155,0.9926,3,0.9245,,0.700,0,
8474,7,296,edge-58,2,edge,1700.0,0.0500,0.0100,9,2.105,0.9008,3,0.9199,,0.700,0,
8475,7,296,edge-58,2,edge,1800.0,0.0500,0.0100,9,2.105,0.9008,2,0.9152,,0.700,0,
8476,7,296,edge-58,2,edge,1900.0,0.0500,0.0100,9,2.317,0.9008,2,0.9106,,0.700,0,
8477,7,296,edge-58,2,edge,2000.0,0.0500,0.0100,9,2.273,0.9008,3,0.9059,,0.700,0,
8478,7,296,edge-58,2,edge,2100.0,0.0500,0.0100,9,2.311,0.9008,3,0.9013,,0.700,0,
8479,7,296,edge-58,2,edge,2200.0,0.0500,0.0100,9,2.197,0.9008,4,0.8966,,0.700,0,
8480,7,296,edge-58,2,edge,2300.0,0.0500,0.0100,10,2.247,0.9926,4,0.8920,,0.700,0,
8481,7,296,edge-58,2,edge,2400.0,0.0500,0.0100,9,2.197,0.9008,3,0.8873,,0.700,0,
8482,7,296,edge-58,2,edge,2500.0,0.0500,0.0100,8,2.147,0.7911,2,0.8827,,0.700,0,
8483,7,296,edge-58,2,edge,2600.0,0.0500,0.0100,9,2.437,0.8990,1,0.8780,,0.700,0,
8484,7,296,edge-58,2,edge,2700.0,0.0500,0.0100,10,2.200,0.9926,0,0.8753,,0.700,0,
8485,7,296,edge-58,2,edge,2800.0,0.0500,0.0100,10,2.099,0.9926,1,0.8706,,0.700,0,
8486,7,296,edge-58,2,edge,2900.0,0.0500,0.0100,10,2.099,0.9926,1,0.8660,,0.700,0,
8487,7,296,edge-58,2,edge,3000.0,0.0500,0.0100,10,2.380,0.9926,2,0.8613,,0.700,0,
8488,7,296,edge-58,2,edge,3100.0,0.0500,0.0100,9,2.330,0.9008,2,0.8567,,0.700,0,
8489,7,296,edge-58,2,edge,3200.0,0.0500,0.0100,9,2.330,0.9008,2,0.8520,,0.700,0,
8490,7,296,edge-58,2,edge,3300.0,0.0500,0.0100,10,2.200,0.9926,2,0.8474,,0.700,0,
8491,7,296,edge-58,2,edge,3400.0,0.0500,0.0100,10,2.356,0.9926,3,0.8427,,0.700,0,
8492,7,296,edge-58,2,edge,3500.0,0.0500,0.0100,10,2.186,0.9926,3,0.8381,,0.700,0,
8493,7,296,edge-58,2,edge,3600.0,0.0500,0.0100,9,2.136,0.9008,3,0.8334,,0.700,0,
8494,7,296,edge-58,2,edge,3700.0,0.0500,0.0100,10,2.368,0.9926,4,0.8288,,0.700,0,
8495,7,296,edge-58,2,edge,3800.0,0.0500,0.0100,10,2.151,0.9926,4,0.8241,,0.700,0,
8496,7,296,edge-58,2,edge,3900.0,0.0500,0.0100,10,2.182,0.9926,4,0.8195,,0.700,0,
8497,7,296,edge-58,2,edge,4000.0,0.0500,0.0100,10,2.182,0.9926,3,0.8148,,0.700,0,
8498,7,296,edge-58,2,edge,4100.0,0.0500,0.0100,9,2.152,0.9008,4,0.8102,,0.700,0,
8499,7,296,edge-58,2,edge,4200.0,0.0500,0.0100,9,2.338,0.9008,4,0.8056,,0.700,0,
8500,7,296,edge-58,2,edge,4300.0,0.0500,0.0100,10,2.388,0.9926,3,0.8009,,0.700,0,
8501,7,296,edge-58,2,edge,4400.0,0.0500,0.0100,10,2.388,0.9926,2,0.7963,,0.700,0,
8502,7,296,edge-58,2,edge,4500.0,0.0500,0.0100,9,2.338,0.9008,2,0.7916,,0.700,0,
8503,7,296,edge-58,2,edge,4600.0,0.0500,0.0100,9,2.338,0.9008,1,0.7870,,0.700,0,
8504,7,296,edge-58,2,edge,4700.0,0.0500,0.0100,10,2.388,0.9926,0,0.7823,,0.700,0,
8505,7,296,edge-58,2,edge,4800.0,0.0500,0.0100,10,2.388,0.9926,0,0.7777,,0.700,0,
8506,7,296,edge-58,2,edge,4900.0,0.0500,0.0100,9,2.178,0.8990,1,0.7730,,0.700,0,
8507,7,296,edge-58,2,edge,5000.0,0.0500,0.0100,10,2.228,0.9926,1,0.7703,,0.700,0,
8508,7,299,edge-59,2,edge,0.0,0.0000,0.0100,0,1.952,,1,1.0000,,0.700,0,3391.2
8509,7,299,edge-59,2,edge,100.0,0.0200,0.0100,4,2.152,1.0000,1,0.9904,,0.700,0,3391.2
8510,7,299,edge-59,2,edge,200.0,0.0500,0.0100,9,2.402,0.9008,1,0.9858,,0.700,0,3391.2
8511,7,299,edge-59,2,edge,300.0,0.0500,0.0100,8,2.352,0.7911,1,0.9812,,0.700,0,3391.2
8512,7,299,edge-59,2,edge,400.0,0.0500,0.0100,10,2.452,0.9926,1,0.9765,,0.700,0,3391.2
8513,7,299,edge-59,2,edge,500.0,0.0500,0.0100,10,2.452,0.9926,0,0.9719,,0.700,0,3391.2
8514,7,299,edge-59,2,edge,600.0,0.0500,0.0100,10,2.097,0.9926,1,0.9672,,0.700,0,3391.2
8515,7,299,edge-59,2,edge,700.0,0.0500,0.0100,10,2.210,0.9926,2,0.9626,,0.700,0,3391.2
8516,7,299,edge-59,2,edge,800.0,0.0500,0.0100,10,2.255,0.9926,3,0.9579,,0.700,0,3391.2
8517,7,299,edge-59,2,edge,900.0,0.0500,0.0100,9,2.205,0.8990,3,0.9533,,0.700,0,3391.2
8518,7,299,edge-59,2,edge,1000.0,0.0500,0.0100,10,2.255,0.9926,3,0.9505,,0.700,0,3391.2
8519,7,299,edge-59,2,edge,1100.0,0.0500,0.0100,9,2.033,0.9008,3,0.9459,,0.700,0,3391.2
8520,7,299,edge-59,2,edge,1200.0,0.0500,0.0100,10,2.083,0.9926,2,0.9412,,0.700,0,3391.2
8521,7,299,edge-59,2,edge,1300.0,0.0500,0.0100,8,1.983,0.7911,1,0.9366,,0.700,0,3391.2
8522,7,299,edge-59,2,edge,1400.0,0.0500,0.0100,9,2.033,0.9008,1,0.9319,,0.700,0,3391.2
8523,7,299,edge-59,2,edge,1500.0,0.0500,0.0100,10,2.083,0.9926,1,0.9273,,0.700,0,3391.2
8524,7,299,edge-59,2,edge,1600.0,0.0500,0.0100,8,2.091,0.7900,1,0.9226,,0.700,0,3391.2
8525,7,299,edge-59,2,edge,1700.0,0.0500,0.0100,10,2.191,0.9926,1,0.9199,,0.700,0,3391.2
8526,7,299,edge-59,2,edge,1800.0,0.0500,0.0100,10,2.191,0.9926,1,0.9152,,0.700,0,3391.2
8527,7,299,edge-59,2,edge,1900.0,0.0500,0.0100,10,2.208,0.9926,2,0.9106,,0.700,0,3391.2
8528,7,299,edge-59,2,edge,2000.0,0.0500,0.0100,9,2.142,0.9008,2,0.9059,,0.700,0,3391.2
8529,7,299,edge-59,2,edge,2100.0,0.0500,0.0100,10,2.300,0.9926,2,0.9013,,0.700,0,3391.2
8530,7,299,edge-59,2,edge,2200.0,0.0500,0.0100,8,2.200,0.7911,2,0.8966,,0.700,0,3391.2
8531,7,299,edge-59,2,edge,2300.0,0.0500,0.0100,8,2.200,0.7911,2,0.8920,,0.700,0,3391.2
8532,7,299,edge-59,2,edge,2400.0,0.0500,0.0100,9,2.311,0.9008,1,0.8873,,0.700,0,3391.2
8533,7,299,edge-59,2,edge,2500.0,0.0500,0.0100,10,2.126,0.9926,2,0.8827,,0.700,0,3391.2
8534,7,299,edge-59,2,edge,2600.0,0.0500,0.0100,10,2.259,0.9926,2,0.8780,,0.700,0,3391.2
8535,7,299,edge-59,2,edge,2700.0,0.0500,0.0100,10,2.190,0.9926,3,0.8734,,0.700,0,3391.2
8536,7,299,edge-59,2,edge,2800.0,0.0500,0.0100,10,2.115,0.9926,4,0.8687,,0.700,0,3391.2
8537,7,299,edge-59,2,edge,2900.0,0.0500,0.0100,10,2.107,0.9926,5,0.8641,,0.700,0,3391.2
8538,7,299,edge-59,2,edge,3000.0,0.0500,0.0100,10,2.408,0.9926,4,0.8594,,0.700,0,3391.2
8539,7,299,edge-59,2,edge,3100.0,0.0500,0.0100,9,2.358,0.9008,3,0.8548,,0.700,0,3391.2
8540,7,299,edge-59,2,edge,3200.0,0.0500,0.0100,10,2.039,0.9926,3,0.8501,,0.700,1,3391.2
8541,7,299,edge-59,2,edge,3300.0,0.0500,0.0100,10,2.039,0.9926,2,0.8455,,0.700,1,3391.2
8542,7,302,edge-60,2,edge,0.0,0.0000,0.0100,0,1.637,,1,1.0000,,0.700,0,
8543,7,302,edge-60,2,edge,100.0,0.0200,0.0100,4,1.837,1.0000,1,0.9904,,0.700,0,
8544,7,302,edge-60,2,edge,200.0,0.0500,0.0100,10,2.137,0.9926,1,0.9858,,0.700,0,
8545,7,302,edge-60,2,edge,300.0,0.0500,0.0100,10,2.137,0.9926,1,0.9812,,0.700,0,
8546,7,302,edge-60,2,edge,400.0,0.0500,0.0100,10,2.137,0.9926,1,0.9765,,0.700,0,
8547,7,302,edge-60,2,edge,500.0,0.0500,0.0100,10,2.137,0.9926,0,0.9719,,0.700,0,
8548,7,302,edge-60,2,edge,600.0,0.0500,0.0100,10,2.137,0.9926,0,0.9672,,0.700,0,
8549,7,302,edge-60,2,edge,700.0,0.0500,0.0100,8,2.091,0.7900,1,0.9626,,0.700,0,
8550,7,302,edge-60,2,edge,800.0,0.0500,0.0100,10,2.191,0.9926,1,0.9598,,0.700,0,
8551,7,302,edge-60,2,edge,900.0,0.0500,0.0100,10,2.191,0.9926,1,0.9552,,0.700,0,
8552,7,302,edge-60,2,edge,1000.0,0.0500,0.0100,9,2.141,0.9008,1,0.9505,,0.700,0,
8553,7,302,edge-60,2,edge,1100.0,0.0500,0.0100,10,2.191,0.9926,1,0.9459,,0.700,0,
8554,7,302,edge-60,2,edge,1200.0,0.0500,0.0100,10,2.191,0.9926,0,0.9412,,0.700,0,
8555,7,302,edge-60,2,edge,1300.0,0.0500,0.0100,10,2.288,0.9926,1,0.9366,,0.700,0,
8556,7,302,edge-60,2,edge,1400.0,0.0500,0.0100,10,2.101,0.9926,2,0.9319,,0.700,0,
8557,7,302,edge-60,2,edge,1500.0,0.0500,0.0100,9,2.030,0.9008,3,0.9273,,0.700,0,
8558,7,302,edge-60,2,edge,1600.0,0.0500,0.0100,10,2.298,0.9926,4,0.9226,,0.700,0,
8559,7,302,edge-60,2,edge,1700.0,0.0500,0.0100,10,2.058,0.9926,5,0.9180,,0.700,0,
8560,7,302,edge-60,2,edge,1800.0,0.0500,0.0100,10,2.282,0.9926,4,0.9133,,0.700,0,
8561,7,302,edge-60,2,edge,1900.0,0.0500,0.0100,10,2.282,0.9926,3,0.9087,,0.700,0,
8562,7,302,edge-60,2,edge,2000.0,0.0500,0.0100,10,2.282,0.9926,2,0.9040,,0.700,0,
8563,7,302,edge-60,2,edge,2100.0,0.0500,0.0100,9,2.232,0.9008,1,0.8994,,0.700,0,
8564,7,302,edge-60,2,edge,2200.0,0.0500,0.0100,9,2.135,0.8990,1,0.8947,,0.700,0,
8565,7,302,edge-60,2,edge,2300.0,0.0500,0.0100,9,2.135,0.9008,1,0.8920,,0.700,0,
8566,7,302,edge-60,2,edge,2400.0,0.0500,0.0100,10,2.185,0.9926,1,0.8873,,0.700,0,
8567,7,302,edge-60,2,edge,2500.0,0.0500,0.0100,10,2.185,0.9926,1,0.8827,,0.700,0,
8568,7,302,edge-60,2,edge,2600.0,0.0500,0.0100,10,2.185,0.9926,1,0.8780,,0.700,0,
8569,7,302,edge-60,2,edge,2700.0,0.0500,0.0100,9,2.135,0.8990,0,0.8734,,0.700,0,
8570,7,302,edge-60,2,edge,2800.0,0.0500,0.0100,9,2.135,0.9008,0,0.8706,,0.700,0,
8571,7,302,edge-60,2,edge,2900.0,0.0500,0.0100,10,2.185,0.9926,0,0.8660,,0.700,0,
8572,7,302,edge-60,2,edge,3000.0,0.0500,0.0100,10,2.117,0.9926,1,0.8613,,0.700,0,
8573,7,302,edge-60,2,edge,3100.0,0.0500,0.0100,8,2.239,0.7900,2,0.8567,,0.700,0,
8574,7,302,edge-60,2,edge,3200.0,0.0500,0.0100,10,2.098,0.9926,2,0.8539,,0.700,0,
8575,7,302,edge-60,2,edge,3300.0,0.0500,0.0100,10,2.339,0.9926,3,0.8493,,0.700,0,
8576,7,302,edge-60,2,edge,3400.0,0.0500,0.0100,10,2.339,0.9926,3,0.8446,,0.700,0,
8577,7,302,edge-60,2,edge,3500.0,0.0500,0.0100,10,2.083,0.9926,3,0.8400,,0.700,0,
8578,7,302,edge-60,2,edge,3600.0,0.0500,0.0100,10,2.288,0.9926,3,0.8353,,0.700,0,
8579,7,302,edge-60,2,edge,3700.0,0.0500,0.0100,9,2.162,0.9008,4,0.8307,,0.700,0,
8580,7,302,edge-60,2,edge,3800.0,0.0500,0.0100,10,2.095,0.9926,3,0.8260,,0.700,0,
8581,7,302,edge-60,2,edge,3900.0,0.0500,0.0100,8,1.973,0.7911,4,0.8214,,0.700,0,
8582,7,302,edge-60,2,edge,4000.0,0.0500,0.0100,9,2.192,0.8990,4,0.8167,,0.700,0,
8583,7,302,edge-60,2,edge,4100.0,0.0500,0.0100,9,2.133,0.9008,4,0.8140,,0.700,0,
8584,7,302,edge-60,2,edge,4200.0,0.0500,0.0100,10,2.215,0.9926,4,0.8093,,0.700,0,
8585,7,302,edge-60,2,edge,4300.0,0.0500,0.0100,9,2.165,0.9008,4,0.8047,,0.700,0,
8586,7,302,edge-60,2,edge,4400.0,0.0500,0.0100,10,2.328,0.9926,4,0.8000,,0.700,0,
8587,7,302,edge-60,2,edge,4500.0,0.0500,0.0100,10,2.328,0.9926,3,0.7954,,0.700,0,
8588,7,302,edge-60,2,edge,4600.0,0.0500,0.0100,10,2.058,0.9926,3,0.7907,,0.700,0,
8589,7,302,edge-60,2,edge,4700.0,0.0500,0.0100,9,2.224,0.9008,3,0.7861,,0.700,0,
8590,7,302,edge-60,2,edge,4800.0,0.0500,0.0100,10,2.274,0.9926,3,0.7814,,0.700,0,
8591,7,302,edge-60,2,edge,4900.0,0.0500,0.0100,10,2.274,0.9926,2,0.7768,,0.700,0,
8592,7,302,edge-60,2,edge,5000.0,0.0500,0.0100,10,2.019,0.9926,3,0.7721,,0.700,0,
8593,7,305,edge-61,2,edge,0.0,0.0000,0.0100,0,1.788,,1,1.0000,,0.700,0,2606.8
8594,7,305,edge-61,2,edge,100.0,0.0200,0.0100,4,1.988,1.0000,1,0.9904,,0.700,0,2606.8
8595,7,305,edge-61,2,edge,200.0,0.0500,0.0100,10,2.288,0.9926,1,0.9858,,0.700,0,2606.8
8596,7,305,edge-61,2,edge,300.0,0.0500,0.0100,9,2.238,0.9008,1,0.9812,,0.700,0,2606.8
8597,7,305,edge-61,2,edge,400.0,0.0500,0.0100,10,2.288,0.9926,1,0.9765,,0.700,0,2606.8
8598,7,305,edge-61,2,edge,500.0,0.0500,0.0100,9,2.238,0.9008,0,0.9719,,0.700,0,2606.8
8599,7,305,edge-61,2,edge,600.0,0.0500,0.0100,10,2.288,0.9926,0,0.9672,,0.700,0,2606.8
8600,7,305,edge-61,2,edge,700.0,0.0500,0.0100,10,2.288,0.9926,0,0.9626,,0.700,0,2606.8
8601,7,305,edge-61,2,edge,800.0,0.0500,0.0100,9,2.238,0.8990,0,0.9579,,0.700,0,2606.8
8602,7,305,edge-61,2,edge,900.0,0.0500,0.0100,10,2.191,0.9926,1,0.9552,,0.700,0,2606.8
8603,7,305,edge-61,2,edge,1000.0,0.0500,0.0100,9,2.141,0.8990,1,0.9505,,0.700,0,2606.8
8604,7,305,edge-61,2,edge,1100.0,0.0500,0.0100,9,2.141,0.9008,1,0.9477,,0.700,0,2606.8
8605,7,305,edge-61,2,edge,1200.0,0.0500,0.0100,10,2.191,0.9926,1,0.9431,,0.700,0,2606.8
8606,7,305,edge-61,2,edge,1300.0,0.0500,0.0100,9,2.269,0.9008,2,0.9384,,0.700,0,2606.8
8607,7,305,edge-61,2,edge,1400.0,0.0500,0.0100,10,2.110,0.9926,2,0.9338,,0.700,0,2606.8
8608,7,305,edge-61,2,edge,1500.0,0.0500,0.0100,9,2.361,0.9008,2,0.9292,,0.700,0,2606.8
8609,7,305,edge-61,2,edge,1600.0,0.0500,0.0100,9,2.361,0.9008,2,0.9245,,0.700,0,2606.8
8610,7,305,edge-61,2,edge,1700.0,0.0500,0.0100,9,2.044,0.9008,2,0.9199,,0.700,0,2606.8
8611,7,305,edge-61,2,edge,1800.0,0.0500,0.0100,10,2.267,0.9926,2,0.9152,,0.700,0,2606.8
8612,7,305,edge-61,2,edge,1900.0,0.0500,0.0100,10,2.298,0.9926,2,0.9106,,0.700,0,2606.8
8613,7,305,edge-61,2,edge,2000.0,0.0500,0.0100,10,2.076,0.9926,3,0.9059,,0.700,0,2606.8
8614,7,305,edge-61,2,edge,2100.0,0.0500,0.0100,9,2.107,0.9008,4,0.9013,,0.700,0,2606.8
8615,7,305,edge-61,2,edge,2200.0,0.0500,0.0100,10,2.310,0.9926,5,0.8966,,0.700,0,2606.8
8616,7,305,edge-61,2,edge,2300.0,0.0500,0.0100,10,2.310,0.9926,4,0.8920,,0.700,0,2606.8
8617,7,305,edge-61,2,edge,2400.0,0.0500,0.0100,10,2.017,0.9926,4,0.8873,,0.700,0,2606.8
8618,7,305,edge-61,2,edge,2500.0,0.0500,0.0100,10,2.328,0.9926,4,0.8827,,0.700,1,2606.8
8619,7,305,edge-61,2,edge,2600.0,0.0500,0.0100,9,2.155,0.9008,4,0.8780,,0.700,1,2606.8
8620,7,308,edge-62,2,edge,0.0,0.0000,0.0100,0,2.062,,1,1.0000,,0.700,0,
8621,7,308,edge-62,2,edge,100.0,0.0200,0.0100,4,2.262,1.0000,1,0.9904,,0.700,0,
8622,7,308,edge-62,2,edge,200.0,0.0500,0.0100,10,2.562,0.9926,1,0.9858,,0.700,0,
8623,7,308,edge-62,2,edge,300.0,0.0500,0.0100,10,2.562,0.9926,1,0.9812,,0.700,0,
8624,7,308,edge-62,2,edge,400.0,0.0500,0.0100,8,2.462,0.7911,1,0.9765,,0.700,0,
8625,7,308,edge-62,2,edge,500.0,0.0500,0.0100,10,2.562,0.9926,0,0.9719,,0.700,0,
8626,7,308,edge-62,2,edge,600.0,0.0500,0.0100,9,2.512,0.9008,0,0.9672,,0.700,0,
8627,7,308,edge-62,2,edge,700.0,0.0500,0.0100,10,2.205,0.9926,0,0.9626,,0.700,0,
8628,7,308,edge-62,2,edge,800.0,0.0500,0.0100,10,2.205,0.9926,0,0.9579,,0.700,0,
8629,7,308,edge-62,2,edge,900.0,0.0500,0.0100,8,2.105,0.7911,0,0.9533,,0.700,0,
8630,7,308,edge-62,2,edge,1000.0,0.0500,0.0100,9,2.155,0.9008,0,0.9486,,0.700,0,
8631,7,308,edge-62,2,edge,1100.0,0.0500,0.0100,9,2.284,0.9008,1,0.9440,,0.700,0,
8632,7,308,edge-62,2,edge,1200.0,0.0500,0.0100,8,2.234,0.7900,1,0.9393,,0.700,0,
8633,7,308,edge-62,2,edge,1300.0,0.0500,0.0100,10,2.151,0.9926,2,0.9366,,0.700,0,
8634,7,308,edge-62,2,edge,1400.0,0.0500,0.0100,10,2.151,0.9926,2,0.9319,,0.700,0,
8635,7,308,edge-62,2,edge,1500.0,0.0500,0.0100,9,2.303,0.8990,3,0.9273,,0.700,0,
8636,7,308,edge-62,2,edge,1600.0,0.0500,0.0100,10,2.353,0.9926,2,0.9245,,0.700,0,
8637,7,308,edge-62,2,edge,1700.0,0.0500,0.0100,10,2.353,0.9926,2,0.9199,,0.700,0,
8638,7,308,edge-62,2,edge,1800.0,0.0500,0.0100,10,2.319,0.9926,2,0.9152,,0.700,0,
8639,7,308,edge-62,2,edge,1900.0,0.0500,0.0100,9,2.269,0.9008,2,0.9106,,0.700,0,
8640,7,308,edge-62,2,edge,2000.0,0.0500,0.0100,10,2.319,0.9926,1,0.9059,,0.700,0,
8641,7,308,edge-62,2,edge,2100.0,0.0500,0.0100,9,2.269,0.9008,1,0.9013,,0.700,0,
8642,7,308,edge-62,2,edge,2200.0,0.0500,0.0100,10,2.076,0.9926,2,0.8966,,0.700,0,
8643,7,308,edge-62,2,edge,2300.0,0.0500,0.0100,9,2.026,0.9008,1,0.8920,,0.700,0,
8644,7,308,edge-62,2,edge,2400.0,0.0500,0.0100,8,1.976,0.7900,1,0.8873,,0.700,0,
8645,7,308,edge-62,2,edge,2500.0,0.0500,0.0100,10,2.350,0.9926,2,0.8846,,0.700,0,
8646,7,308,edge-62,2,edge,2600.0,0.0500,0.0100,10,2.350,0.9926,2,0.8799,,0.700,0,
8647,7,308,edge-62,2,edge,2700.0,0.0500,0.0100,10,2.116,0.9926,2,0.8753,,0.700,0,
8648,7,308,edge-62,2,edge,2800.0,0.0500,0.0100,9,2.312,0.9008,3,0.8706,,0.700,0,
8649,7,308,edge-62,2,edge,2900.0,0.0500,0.0100,9,2.009,0.9008,4,0.8660,,0.700,0,
8650,7,308,edge-62,2,edge,3000.0,0.0500,0.0100,10,2.197,0.9926,4,0.8613,,0.700,0,
8651,7,308,edge-62,2,edge,3100.0,0.0500,0.0100,9,2.363,0.8990,5,0.8567,,0.700,0,
8652,7,308,edge-62,2,edge,3200.0,0.0500,0.0100,9,2.018,0.9008,5,0.8539,,0.700,0,
8653,7,308,edge-62,2,edge,3300.0,0.0500,0.0100,9,2.018,0.9008,4,0.8493,,0.700,0,
8654,7,308,edge-62,2,edge,3400.0,0.0500,0.0100,10,2.206,0.9926,4,0.8446,,0.700,0,
8655,7,308,edge-62,2,edge,3500.0,0.0500,0.0100,9,2.211,0.8990,4,0.8400,,0.700,0,
8656,7,308,edge-62,2,edge,3600.0,0.0500,0.0100,10,2.231,0.9926,4,0.8372,,0.700,0,
8657,7,308,edge-62,2,edge,3700.0,0.0500,0.0100,10,2.231,0.9926,3,0.8326,,0.700,0,
8658,7,308,edge-62,2,edge,3800.0,0.0500,0.0100,10,2.231,0.9926,3,0.8279,,0.700,0,
8659,7,308,edge-62,2,edge,3900.0,0.0500,0.0100,10,2.068,0.9926,3,0.8233,,0.700,0,
8660,7,308,edge-62,2,edge,4000.0,0.0500,0.0100,10,2.068,0.9926,2,0.8186,,0.700,0,
8661,7,308,edge-62,2,edge,4100.0,0.0500,0.0100,10,2.068,0.9926,1,0.8140,,0.700,0,
8662,7,308,edge-62,2,edge,4200.0,0.0500,0.0100,9,2.018,0.8990,1,0.8093,,0.700,0,
8663,7,308,edge-62,2,edge,4300.0,0.0500,0.0100,9,2.018,0.9008,1,0.8066,,0.700,0,
8664,7,308,edge-62,2,edge,4400.0,0.0500,0.0100,10,2.068,0.9926,0,0.8019,,0.700,0,
8665,7,308,edge-62,2,edge,4500.0,0.0500,0.0100,10,2.068,0.9926,0,0.7973,,0.700,0,
8666,7,308,edge-62,2,edge,4600.0,0.0500,0.0100,9,2.018,0.9008,0,0.7926,,0.700,0,
8667,7,308,edge-62,2,edge,4700.0,0.0500,0.0100,9,2.018,0.9008,0,0.7880,,0.700,0,
8668,7,308,edge-62,2,edge,4800.0,0.0500,0.0100,10,2.068,0.9926,0,0.7833,,0.700,0,
8669,7,308,edge-62,2,edge,4900.0,0.0500,0.0100,10,2.068,0.9926,0,0.7787,,0.700,0,
8670,7,308,edge-62,2,edge,5000.0,0.0500,0.0100,8,1.968,0.7911,0,0.7740,,0.700,0,
8671,7,311,edge-63,2,edge,0.0,0.0000,0.0100,0,1.880,,1,1.0000,,0.700,0,
8672,7,311,edge-63,2,edge,100.0,0.0200,0.0100,4,2.080,1.0000,1,0.9904,,0.700,0,
8673,7,311,edge-63,2,edge,200.0,0.0500,0.0100,10,2.200,0.9926,2,0.9858,,0.700,0,
8674,7,311,edge-63,2,edge,300.0,0.0500,0.0100,9,2.306,0.9008,3,0.9812,,0.700,0,
8675,7,311,edge-63,2,edge,400.0,0.0500,0.0100,10,2.186,0.9926,4,0.9765,,0.700,0,
8676,7,311,edge-63,2,edge,500.0,0.0500,0.0100,10,2.186,0.9926,3,0.9719,,0.700,0,
8677,7,311,edge-63,2,edge,600.0,0.0500,0.0100,8,2.268,0.7911,4,0.9672,,0.700,0,
8678,7,311,edge-63,2,edge,700.0,0.0500,0.0100,10,2.151,0.9926,4,0.9626,,0.700,0,
8679,7,311,edge-63,2,edge,800.0,0.0500,0.0100,10,2.182,0.9926,4,0.9579,,0.700,0,
8680,7,311,edge-63,2,edge,900.0,0.0500,0.0100,9,2.132,0.8990,3,0.9533,,0.700,0,
8681,7,311,edge-63,2,edge,1000.0,0.0500,0.0100,9,2.152,0.9008,4,0.9505,,0.700,0,
8682,7,311,edge-63,2,edge,1100.0,0.0500,0.0100,10,2.388,0.9926,4,0.9459,,0.700,0,
8683,7,311,edge-63,2,edge,1200.0,0.0500,0.0100,10,2.388,0.9926,3,0.9412,,0.700,0,
8684,7,311,edge-63,2,edge,1300.0,0.0500,0.0100,8,2.288,0.7900,2,0.9366,,0.700,0,
8685,7,311,edge-63,2,edge,1400.0,0.0500,0.0100,10,2.388,0.9926,2,0.9338,,0.700,0,
8686,7,311,edge-63,2,edge,1500.0,0.0500,0.0100,10,2.388,0.9926,1,0.9292,,0.700,0,
8687,7,311,edge-63,2,edge,1600.0,0.0500,0.0100,9,2.338,0.9008,0,0.9245,,0.700,0,
8688,7,311,edge-63,2,edge,1700.0,0.0500,0.0100,9,2.338,0.9008,0,0.9199,,0.700,0,
8689,7,311,edge-63,2,edge,1800.0,0.0500,0.0100,9,2.178,0.9008,1,0.9152,,0.700,0,
8690,7,311,edge-63,2,edge,1900.0,0.0500,0.0100,9,2.178,0.9008,1,0.9106,,0.700,0,
8691,7,311,edge-63,2,edge,2000.0,0.0500,0.0100,10,2.228,0.9926,1,0.9059,,0.700,0,
8692,7,311,edge-63,2,edge,2100.0,0.0500,0.0100,10,2.228,0.9926,1,0.9013,,0.700,0,
8693,7,311,edge-63,2,edge,2200.0,0.0500,0.0100,9,2.159,0.9008,1,0.8966,,0.700,0,
8694,7,311,edge-63,2,edge,2300.0,0.0500,0.0100,10,2.040,0.9926,1,0.8920,,0.700,0,
8695,7,311,edge-63,2,edge,2400.0,0.0500,0.0100,10,2.040,0.9926,1,0.8873,,0.700,0,
8696,7,311,edge-63,2,edge,2500.0,0.0500,0.0100,10,2.260,0.9926,2,0.8827,,0.700,0,
8697,7,311,edge-63,2,edge,2600.0,0.0500,0.0100,9,1.986,0.8990,3,0.8780,,0.700,0,
8698,7,311,edge-63,2,edge,2700.0,0.0500,0.0100,10,2.516,0.9926,3,0.8753,,0.700,0,
8699,7,311,edge-63,2,edge,2800.0,0.0500,0.0100,9,2.466,0.9008,2,0.8706,,0.700,0,
8700,7,311,edge-63,2,edge,2900.0,0.0500,0.0100,10,2.516,0.9926,2,0.8660,,0.700,0,
8701,7,311,edge-63,2,edge,3000.0,0.0500,0.0100,10,2.489,0.9926,2,0.8613,,0.700,0,
8702,7,311,edge-63,2,edge,3100.0,0.0500,0.0100,10,2.489,0.9926,1,0.8567,,0.700,0,
8703,7,311,edge-63,2,edge,3200.0,0.0500,0.0100,8,2.161,0.7900,2,0.8520,,0.700,0,
8704,7,311,edge-63,2,edge,3300.0,0.0500,0.0100,9,2.211,0.9008,2,0.8493,,0.700,0,
8705,7,311,edge-63,2,edge,3400.0,0.0500,0.0100,8,2.161,0.7911,2,0.8446,,0.700,0,
8706,7,311,edge-63,2,edge,3500.0,0.0500,0.0100,9,2.211,0.9008,1,0.8400,,0.700,0,
8707,7,311,edge-63,2,edge,3600.0,0.0500,0.0100,10,2.261,0.9926,1,0.8353,,0.700,0,
8708,7,311,edge-63,2,edge,3700.0,0.0500,0.0100,8,2.161,0.7911,0,0.8307,,0.700,0,
8709,7,311,edge-63,2,edge,3800.0,0.0500,0.0100,10,2.286,0.9926,0,0.8260,,0.700,0,
8710,7,311,edge-63,2,edge,3900.0,0.0500,0.0100,10,2.211,0.9926,0,0.8214,,0.700,0,
8711,7,311,edge-63,2,edge,4000.0,0.0500,0.0100,9,2.161,0.9008,0,0.8167,,0.700,0,
8712,7,311,edge-63,2,edge,4100.0,0.0500,0.0100,10,2.211,0.9926,0,0.8121,,0.700,0,
8713,7,311,edge-63,2,edge,4200.0,0.0500,0.0100,10,2.191,0.9926,1,0.8074,,0.700,0,
8714,7,311,edge-63,2,edge,4300.0,0.0500,0.0100,10,2.314,0.9926,1,0.8028,,0.700,0,
8715,7,311,edge-63,2,edge,4400.0,0.0500,0.0100,10,2.295,0.9926,2,0.7981,,0.700,0,
8716,7,311,edge-63,2,edge,4500.0,0.0500,0.0100,10,2.053,0.9926,3,0.7935,,0.700,0,
8717,7,311,edge-63,2,edge,4600.0,0.0500,0.0100,9,2.199,0.9008,4,0.7888,,0.700,0,
8718,7,311,edge-63,2,edge,4700.0,0.0500,0.0100,9,2.095,0.9008,4,0.7842,,0.700,0,
8719,7,311,edge-63,2,edge,4800.0,0.0500,0.0100,10,2.145,0.9926,4,0.7796,,0.700,0,
8720,7,311,edge-63,2,edge,4900.0,0.0500,0.0100,9,2.095,0.8990,3,0.7749,,0.700,0,
8721,7,311,edge-63,2,edge,5000.0,0.0500,0.0100,10,2.145,0.9926,2,0.7721,,0.700,0,
8722,7,314,edge-64,2,edge,0.0,0.0000,0.0100,0,1.767,,1,1.0000,,0.700,0,
8723,7,314,edge-64,2,edge,100.0,0.0200,0.0100,4,1.967,1.0000,1,0.9904,,0.700,0,
8724,7,314,edge-64,2,edge,200.0,0.0500,0.0100,9,2.217,0.8990,1,0.9858,,0.700,0,
8725,7,314,edge-64,2,edge,300.0,0.0500,0.0100,10,2.267,0.9926,1,0.9830,,0.700,0,
8726,7,314,edge-64,2,edge,400.0,0.0500,0.0100,10,2.107,0.9926,2,0.9784,,0.700,0,
8727,7,314,edge-64,2,edge,500.0,0.0500,0.0100,10,2.278,0.9926,2,0.9737,,0.700,0,
8728,7,314,edge-64,2,edge,600.0,0.0500,0.0100,10,2.144,0.9926,2,0.9691,,0.700,0,
8729,7,314,edge-64,2,edge,700.0,0.0500,0.0100,8,2.026,0.7911,3,0.9644,,0.700,0,
8730,7,314,edge-64,2,edge,800.0,0.0500,0.0100,10,2.049,0.9926,4,0.9598,,0.700,0,
8731,7,314,edge-64,2,edge,900.0,0.0500,0.0100,9,1.999,0.9008,3,0.9552,,0.700,0,
8732,7,314,edge-64,2,edge,1000.0,0.0500,0.0100,10,2.125,0.9926,3,0.9505,,0.700,0,
8733,7,314,edge-64,2,edge,1100.0,0.0500,0.0100,10,2.125,0.9926,3,0.9459,,0.700,0,
8734,7,314,edge-64,2,edge,1200.0,0.0500,0.0100,10,2.088,0.9926,3,0.9412,,0.700,0,
8735,7,314,edge-64,2,edge,1300.0,0.0500,0.0100,7,1.872,0.6543,3,0.9366,,0.700,0,
8736,7,314,edge-64,2,edge,1400.0,0.0500,0.0100,9,2.119,0.9008,4,0.9338,,0.700,0,
8737,7,314,edge-64,2,edge,1500.0,0.0500,0.0100,8,2.011,0.7911,4,0.9292,,0.700,0,
8738,7,314,edge-64,2,edge,1600.0,0.0500,0.0100,10,2.111,0.9926,4,0.9245,,0.700,0,
8739,7,314,edge-64,2,edge,1700.0,0.0500,0.0100,10,2.111,0.9926,3,0.9199,,0.700,0,
8740,7,314,edge-64,2,edge,1800.0,0.0500,0.0100,9,2.061,0.8990,2,0.9152,,0.700,0,
8741,7,314,edge-64,2,edge,1900.0,0.0500,0.0100,10,2.111,0.9926,1,0.9124,,0.700,0,
8742,7,314,edge-64,2,edge,2000.0,0.0500,0.0100,10,2.223,0.9926,1,0.9078,,0.700,0,
8743,7,314,edge-64,2,edge,2100.0,0.0500,0.0100,10,2.131,0.9926,2,0.9032,,0.700,0,
8744,7,314,edge-64,2,edge,2200.0,0.0500,0.0100,9,2.178,0.9008,3,0.8985,,0.700,0,
8745,7,314,edge-64,2,edge,2300.0,0.0500,0.0100,10,2.615,0.9926,4,0.8939,,0.700,0,
8746,7,314,edge-64,2,edge,2400.0,0.0500,0.0100,9,2.251,0.9008,5,0.8892,,0.700,0,
8747,7,314,edge-64,2,edge,2500.0,0.0500,0.0100,10,2.387,0.9926,5,0.8846,,0.700,0,
8748,7,314,edge-64,2,edge,2600.0,0.0500,0.0100,10,2.387,0.9926,4,0.8799,,0.700,0,
8749,7,314,edge-64,2,edge,2700.0,0.0500,0.0100,10,2.393,0.9926,4,0.8753,,0.700,0,
8750,7,314,edge-64,2,edge,2800.0,0.0500,0.0100,10,2.393,0.9926,3,0.8706,,0.700,0,
8751,7,314,edge-64,2,edge,2900.0,0.0500,0.0100,7,2.388,0.6543,2,0.8660,,0.700,0,
8752,7,314,edge-64,2,edge,3000.0,0.0500,0.0100,9,2.512,0.8990,2,0.8632,,0.700,0,
8753,7,314,edge-64,2,edge,3100.0,0.0500,0.0100,9,2.512,0.8990,2,0.8604,,0.700,0,
8754,7,314,edge-64,2,edge,3200.0,0.0500,0.0100,10,2.562,0.9926,1,0.8577,,0.700,0,
8755,7,314,edge-64,2,edge,3300.0,0.0500,0.0100,9,2.512,0.9008,1,0.8530,,0.700,0,
8756,7,314,edge-64,2,edge,3400.0,0.0500,0.0100,10,2.365,0.9926,2,0.8484,,0.700,0,
8757,7,314,edge-64,2,edge,3500.0,0.0500,0.0100,10,2.033,0.9926,2,0.8437,,0.700,0,
8758,7,314,edge-64,2,edge,3600.0,0.0500,0.0100,10,2.033,0.9926,2,0.8391,,0.700,0,
8759,7,314,edge-64,2,edge,3700.0,0.0500,0.0100,10,2.105,0.9926,3,0.8344,,0.700,0,
8760,7,314,edge-64,2,edge,3800.0,0.0500,0.0100,8,2.084,0.7911,4,0.8298,,0.700,0,
8761,7,314,edge-64,2,edge,3900.0,0.0500,0.0100,9,2.134,0.9008,3,0.8252,,0.700,0,
8762,7,314,edge-64,2,edge,4000.0,0.0500,0.0100,10,2.184,0.9926,2,0.8205,,0.700,0,
8763,7,314,edge-64,2,edge,4100.0,0.0500,0.0100,9,2.251,0.9008,2,0.8159,,0.700,0,
8764,7,314,edge-64,2,edge,4200.0,0.0500,0.0100,10,2.301,0.9926,1,0.8112,,0.700,0,
8765,7,314,edge-64,2,edge,4300.0,0.0500,0.0100,9,2.251,0.9008,0,0.8066,,0.700,0,
8766,7,314,edge-64,2,edge,4400.0,0.0500,0.0100,10,2.301,0.9926,0,0.8019,,0.700,0,
8767,7,314,edge-64,2,edge,4500.0,0.0500,0.0100,9,2.251,0.8990,0,0.7973,,0.700,0,
8768,7,314,edge-64,2,edge,4600.0,0.0500,0.0100,9,2.384,0.8990,1,0.7945,,0.700,0,
8769,7,314,edge-64,2,edge,4700.0,0.0500,0.0100,9,2.145,0.8990,1,0.7917,,0.700,0,
8770,7,314,edge-64,2,edge,4800.0,0.0500,0.0100,9,2.145,0.9008,1,0.7890,,0.700,0,
8771,7,314,edge-64,2,edge,4900.0,0.0500,0.0100,10,2.195,0.9926,1,0.7843,,0.700,0,
8772,7,314,edge-64,2,edge,5000.0,0.0500,0.0100,10,2.452,0.9926,2,0.7797,,0.700,0,
8773,7,317,edge-65,2,edge,0.0,0.0000,0.0100,0,1.577,,1,1.0000,,0.700,0,
8774,7,317,edge-65,2,edge,100.0,0.0200,0.0100,4,1.777,1.0000,1,0.9904,,0.700,0,
8775,7,317,edge-65,2,edge,200.0,0.0500,0.0100,8,2.178,0.7911,2,0.9858,,0.700,0,
8776,7,317,edge-65,2,edge,300.0,0.0500,0.0100,10,2.215,0.9926,3,0.9812,,0.700,0,
8777,7,317,edge-65,2,edge,400.0,0.0500,0.0100,10,2.304,0.9926,4,0.9765,,0.700,0,
8778,7,317,edge-65,2,edge,500.0,0.0500,0.0100,8,2.375,0.7911,4,0.9719,,0.700,0,
8779,7,317,edge-65,2,edge,600.0,0.0500,0.0100,7,2.198,0.6543,5,0.9672,,0.700,0,
8780,7,317,edge-65,2,edge,700.0,0.0500,0.0100,10,2.348,0.9926,4,0.9644,,0.700,0,
8781,7,317,edge-65,2,edge,800.0,0.0500,0.0100,10,2.348,0.9926,3,0.9598,,0.700,0,
8782,7,317,edge-65,2,edge,900.0,0.0500,0.0100,10,2.348,0.9926,2,0.9552,,0.700,0,
8783,7,317,edge-65,2,edge,1000.0,0.0500,0.0100,9,2.298,0.8990,1,0.9505,,0.700,0,
8784,7,317,edge-65,2,edge,1100.0,0.0500,0.0100,9,2.298,0.9008,0,0.9477,,0.700,0,
8785,7,317,edge-65,2,edge,1200.0,0.0500,0.0100,10,2.558,0.9926,1,0.9431,,0.700,0,
8786,7,317,edge-65,2,edge,1300.0,0.0500,0.0100,9,2.508,0.9008,1,0.9384,,0.700,0,
8787,7,317,edge-65,2,edge,1400.0,0.0500,0.0100,10,2.558,0.9926,1,0.9338,,0.700,0,
8788,7,317,edge-65,2,edge,1500.0,0.0500,0.0100,10,2.558,0.9926,1,0.9292,,0.700,0,
8789,7,317,edge-65,2,edge,1600.0,0.0500,0.0100,9,2.247,0.9008,1,0.9245,,0.700,0,
8790,7,317,edge-65,2,edge,1700.0,0.0500,0.0100,10,2.457,0.9926,1,0.9199,,0.700,0,
8791,7,317,edge-65,2,edge,1800.0,0.0500,0.0100,10,2.369,0.9926,2,0.9152,,0.700,0,
8792,7,317,edge-65,2,edge,1900.0,0.0500,0.0100,9,2.112,0.8990,3,0.9106,,0.700,0,
8793,7,317,edge-65,2,edge,2000.0,0.0500,0.0100,10,2.375,0.9926,4,0.9078,,0.700,0,
8794,7,317,edge-65,2,edge,2100.0,0.0500,0.0100,9,2.325,0.8990,4,0.9032,,0.700,0,
8795,7,317,edge-65,2,edge,2200.0,0.0500,0.0100,10,2.375,0.9926,3,0.9004,,0.700,0,
8796,7,317,edge-65,2,edge,2300.0,0.0500,0.0100,9,2.329,0.9008,3,0.8957,,0.700,0,
8797,7,317,edge-65,2,edge,2400.0,0.0500,0.0100,10,2.406,0.9926,3,0.8911,,0.700,0,
8798,7,317,edge-65,2,edge,2500.0,0.0500,0.0100,9,2.356,0.9008,2,0.8864,,0.700,0,
8799,7,317,edge-65,2,edge,2600.0,0.0500,0.0100,9,2.410,0.9008,2,0.8818,,0.700,0,
8800,7,317,edge-65,2,edge,2700.0,0.0500,0.0100,10,2.137,0.9926,3,0.8772,,0.700,0,
8801,7,317,edge-65,2,edge,2800.0,0.0500,0.0100,10,2.137,0.9926,2,0.8725,,0.700,0,
8802,7,317,edge-65,2,edge,2900.0,0.0500,0.0100,9,2.087,0.9008,1,0.8679,,0.700,0,
8803,7,317,edge-65,2,edge,3000.0,0.0500,0.0100,9,2.087,0.9008,1,0.8632,,0.700,0,
8804,7,317,edge-65,2,edge,3100.0,0.0500,0.0100,10,2.137,0.9926,1,0.8586,,0.700,0,
8805,7,317,edge-65,2,edge,3200.0,0.0500,0.0100,10,2.137,0.9926,0,0.8539,,0.700,0,
8806,7,317,edge-65,2,edge,3300.0,0.0500,0.0100,8,2.037,0.7900,0,0.8493,,0.700,0,
8807,7,317,edge-65,2,edge,3400.0,0.0500,0.0100,9,2.141,0.8990,1,0.8465,,0.700,0,
8808,7,317,edge-65,2,edge,3500.0,0.0500,0.0100,10,2.191,0.9926,1,0.8437,,0.700,0,
8809,7,317,edge-65,2,edge,3600.0,0.0500,0.0100,10,2.191,0.9926,1,0.8391,,0.700,0,
8810,7,317,edge-65,2,edge,3700.0,0.0500,0.0100,9,2.141,0.9008,1,0.8344,,0.700,0,
8811,7,317,edge-65,2,edge,3800.0,0.0500,0.0100,9,2.141,0.8990,1,0.8298,,0.700,0,
8812,7,317,edge-65,2,edge,3900.0,0.0500,0.0100,8,2.091,0.7900,0,0.8270,,0.700,0,
8813,7,317,edge-65,2,edge,4000.0,0.0500,0.0100,10,2.288,0.9926,1,0.8243,,0.700,0,
8814,7,317,edge-65,2,edge,4100.0,0.0500,0.0100,10,2.101,0.9926,2,0.8196,,0.700,0,
8815,7,317,edge-65,2,edge,4200.0,0.0500,0.0100,10,2.080,0.9926,3,0.8150,,0.700,0,
8816,7,317,edge-65,2,edge,4300.0,0.0500,0.0100,10,2.298,0.9926,4,0.8103,,0.700,0,
8817,7,317,edge-65,2,edge,4400.0,0.0500,0.0100,8,1.958,0.7911,5,0.8057,,0.700,0,
8818,7,317,edge-65,2,edge,4500.0,0.0500,0.0100,10,2.282,0.9926,4,0.8010,,0.700,0,
8819,7,317,edge-65,2,edge,4600.0,0.0500,0.0100,9,2.232,0.9008,3,0.7964,,0.700,0,
8820,7,317,edge-65,2,edge,4700.0,0.0500,0.0100,9,2.232,0.9008,2,0.7917,,0.700,0,
8821,7,317,edge-65,2,edge,4800.0,0.0500,0.0100,9,2.232,0.9008,1,0.7871,,0.700,0,
8822,7,317,edge-65,2,edge,4900.0,0.0500,0.0100,10,2.185,0.9926,1,0.7824,,0.700,0,
8823,7,317,edge-65,2,edge,5000.0,0.0500,0.0100,10,2.185,0.9926,1,0.7778,,0.700,0,
8824,7,320,edge-66,2,edge,0.0,0.0000,0.0100,0,1.617,,1,1.0000,,0.700,0,
8825,7,320,edge-66,2,edge,100.0,0.0200,0.0100,4,1.817,1.0000,1,0.9904,,0.700,0,
8826,7,320,edge-66,2,edge,200.0,0.0500,0.0100,10,2.095,0.9926,2,0.9858,,0.700,0,
8827,7,320,edge-66,2,edge,300.0,0.0500,0.0100,10,2.247,0.9926,3,0.9812,,0.700,0,
8828,7,320,edge-66,2,edge,400.0,0.0500,0.0100,9,2.215,0.9008,4,0.9765,,0.700,0,
8829,7,320,edge-66,2,edge,500.0,0.0500,0.0100,9,2.215,0.9008,3,0.9719,,0.700,0,
8830,7,320,edge-66,2,edge,600.0,0.0500,0.0100,10,2.265,0.9926,3,0.9672,,0.700,0,
8831,7,320,edge-66,2,edge,700.0,0.0500,0.0100,9,2.154,0.9008,3,0.9626,,0.700,0,
8832,7,320,edge-66,2,edge,800.0,0.0500,0.0100,10,2.324,0.9926,3,0.9579,,0.700,0,
8833,7,320,edge-66,2,edge,900.0,0.0500,0.0100,10,2.201,0.9926,3,0.9533,,0.700,0,
8834,7,320,edge-66,2,edge,1000.0,0.0500,0.0100,9,2.155,0.9008,4,0.9486,,0.700,0,
8835,7,320,edge-66,2,edge,1100.0,0.0500,0.0100,9,2.150,0.8990,5,0.9440,,0.700,0,
8836,7,320,edge-66,2,edge,1200.0,0.0500,0.0100,9,2.130,0.9008,5,0.9412,,0.700,0,
8837,7,320,edge-66,2,edge,1300.0,0.0500,0.0100,10,2.056,0.9926,5,0.9366,,0.700,0,
8838,7,320,edge-66,2,edge,1400.0,0.0500,0.0100,10,2.221,0.9926,5,0.9319,,0.700,0,
8839,7,320,edge-66,2,edge,1500.0,0.0500,0.0100,9,2.124,0.9008,5,0.9273,,0.700,0,
8840,7,320,edge-66,2,edge,1600.0,0.0500,0.0100,10,2.174,0.9926,4,0.9226,,0.700,0,
8841,7,320,edge-66,2,edge,1700.0,0.0500,0.0100,10,2.174,0.9926,3,0.9180,,0.700,0,
8842,7,320,edge-66,2,edge,1800.0,0.0500,0.0100,9,2.146,0.9008,3,0.9133,,0.700,0,
8843,7,320,edge-66,2,edge,1900.0,0.0500,0.0100,10,2.196,0.9926,2,0.9087,,0.700,0,
8844,7,320,edge-66,2,edge,2000.0,0.0500,0.0100,10,2.196,0.9926,1,0.9040,,0.700,0,
8845,7,320,edge-66,2,edge,2100.0,0.0500,0.0100,10,2.142,0.9926,2,0.8994,,0.700,0,
8846,7,320,edge-66,2,edge,2200.0,0.0500,0.0100,9,2.092,0.9008,2,0.8947,,0.700,0,
8847,7,320,edge-66,2,edge,2300.0,0.0500,0.0100,10,2.142,0.9926,1,0.8901,,0.700,0,
8848,7,320,edge-66,2,edge,2400.0,0.0500,0.0100,10,2.142,0.9926,1,0.8854,,0.700,0,
8849,7,320,edge-66,2,edge,2500.0,0.0500,0.0100,9,2.092,0.9008,1,0.8808,,0.700,0,
8850,7,320,edge-66,2,edge,2600.0,0.0500,0.0100,10,2.142,0.9926,0,0.8761,,0.700,0,
8851,7,320,edge-66,2,edge,2700.0,0.0500,0.0100,10,2.142,0.9926,0,0.8715,,0.700,0,
8852,7,320,edge-66,2,edge,2800.0,0.0500,0.0100,9,2.238,0.9008,1,0.8668,,0.700,0,
8853,7,320,edge-66,2,edge,2900.0,0.0500,0.0100,10,2.288,0.9926,1,0.8622,,0.700,0,
8854,7,320,edge-66,2,edge,3000.0,0.0500,0.0100,9,2.238,0.9008,1,0.8576,,0.700,0,
8855,7,320,edge-66,2,edge,3100.0,0.0500,0.0100,10,2.288,0.9926,1,0.8529,,0.700,0,
8856,7,320,edge-66,2,edge,3200.0,0.0500,0.0100,10,2.288,0.9926,1,0.8483,,0.700,0,
8857,7,320,edge-66,2,edge,3300.0,0.0500,0.0100,9,2.238,0.9008,0,0.8436,,0.700,0,
8858,7,320,edge-66,2,edge,3400.0,0.0500,0.0100,10,2.288,0.9926,0,0.8390,,0.700,0,
8859,7,320,edge-66,2,edge,3500.0,0.0500,0.0100,10,2.288,0.9926,0,0.8343,,0.700,0,
8860,7,320,edge-66,2,edge,3600.0,0.0500,0.0100,10,2.288,0.9926,0,0.8297,,0.700,0,
8861,7,320,edge-66,2,edge,3700.0,0.0500,0.0100,9,2.141,0.9008,1,0.8250,,0.700,0,
8862,7,320,edge-66,2,edge,3800.0,0.0500,0.0100,10,2.191,0.9926,1,0.8204,,0.700,0,
8863,7,320,edge-66,2,edge,3900.0,0.0500,0.0100,9,2.141,0.8990,1,0.8157,,0.700,0,
8864,7,320,edge-66,2,edge,4000.0,0.0500,0.0100,10,2.191,0.9926,1,0.8130,,0.700,0,
8865,7,320,edge-66,2,edge,4100.0,0.0500,0.0100,10,2.319,0.9926,2,0.8083,,0.700,0,
8866,7,320,edge-66,2,edge,4200.0,0.0500,0.0100,10,2.110,0.9926,2,0.8037,,0.700,0,
8867,7,320,edge-66,2,edge,4300.0,0.0500,0.0100,9,2.361,0.8990,2,0.7990,,0.700,0,
8868,7,320,edge-66,2,edge,4400.0,0.0500,0.0100,10,2.411,0.9926,2,0.7963,,0.700,0,
8869,7,320,edge-66,2,edge,4500.0,0.0500,0.0100,10,2.094,0.9926,2,0.7916,,0.700,0,
8870,7,320,edge-66,2,edge,4600.0,0.0500,0.0100,9,2.217,0.9008,2,0.7870,,0.700,0,
8871,7,320,edge-66,2,edge,4700.0,0.0500,0.0100,9,2.248,0.8990,2,0.7823,,0.700,0,
8872,7,320,edge-66,2,edge,4800.0,0.0500,0.0100,10,2.076,0.9926,3,0.7796,,0.700,0,
8873,7,320,edge-66,2,edge,4900.0,0.0500,0.0100,10,2.157,0.9926,4,0.7749,,0.700,0,
8874,7,320,edge-66,2,edge,5000.0,0.0500,0.0100,10,2.310,0.9926,5,0.7703,,0.700,0,
8875,7,323,edge-67,2,edge,0.0,0.0000,0.0100,0,1.568,,1,1.0000,,0.700,0,
8876,7,323,edge-67,2,edge,100.0,0.0200,0.0100,3,1.718,0.9039,1,0.9904,,0.700,0,
8877,7,323,edge-67,2,edge,200.0,0.0500,0.0100,9,2.018,0.8990,1,0.9858,,0.700,0,
8878,7,323,edge-67,2,edge,300.0,0.0500,0.0100,10,2.068,0.9926,1,0.9830,,0.700,0,
8879,7,323,edge-67,2,edge,400.0,0.0500,0.0100,9,2.018,0.9008,1,0.9784,,0.700,0,
8880,7,323,edge-67,2,edge,500.0,0.0500,0.0100,9,2.018,0.9008,0,0.9737,,0.700,0,
8881,7,323,edge-67,2,edge,600.0,0.0500,0.0100,9,2.018,0.9008,0,0.9691,,0.700,0,
8882,7,323,edge-67,2,edge,700.0,0.0500,0.0100,8,1.968,0.7911,0,0.9644,,0.700,0,
8883,7,323,edge-67,2,edge,800.0,0.0500,0.0100,9,2.018,0.9008,0,0.9598,,0.700,0,
8884,7,323,edge-67,2,edge,900.0,0.0500,0.0100,10,2.068,0.9926,0,0.9552,,0.700,0,
8885,7,323,edge-67,2,edge,1000.0,0.0500,0.0100,10,2.068,0.9926,0,0.9505,,0.700,0,
8886,7,323,edge-67,2,edge,1100.0,0.0500,0.0100,10,2.068,0.9926,0,0.9459,,0.700,0,
8887,7,323,edge-67,2,edge,1200.0,0.0500,0.0100,10,2.068,0.9926,0,0.9412,,0.700,0,
8888,7,323,edge-67,2,edge,1300.0,0.0500,0.0100,10,2.068,0.9926,0,0.9366,,0.700,0,
8889,7,323,edge-67,2,edge,1400.0,0.0500,0.0100,10,2.068,0.9926,0,0.9319,,0.700,0,
8890,7,323,edge-67,2,edge,1500.0,0.0500,0.0100,9,2.018,0.9008,0,0.9273,,0.700,0,
8891,7,323,edge-67,2,edge,1600.0,0.0500,0.0100,10,2.068,0.9926,0,0.9226,,0.700,0,
8892,7,323,edge-67,2,edge,1700.0,0.0500,0.0100,10,2.068,0.9926,0,0.9180,,0.700,0,
8893,7,323,edge-67,2,edge,1800.0,0.0500,0.0100,9,2.018,0.9008,0,0.9133,,0.700,0,
8894,7,323,edge-67,2,edge,1900.0,0.0500,0.0100,10,2.191,0.9926,1,0.9087,,0.700,0,
8895,7,323,edge-67,2,edge,2000.0,0.0500,0.0100,9,2.141,0.9008,1,0.9040,,0.700,0,
8896,7,323,edge-67,2,edge,2100.0,0.0500,0.0100,9,2.141,0.9008,1,0.8994,,0.700,0,
8897,7,323,edge-67,2,edge,2200.0,0.0500,0.0100,10,2.191,0.9926,1,0.8947,,0.700,0,
8898,7,323,edge-67,2,edge,2300.0,0.0500,0.0100,9,2.146,0.9008,2,0.8901,,0.700,0,
8899,7,323,edge-67,2,edge,2400.0,0.0500,0.0100,8,2.144,0.7911,2,0.8854,,0.700,0,
8900,7,323,edge-67,2,edge,2500.0,0.0500,0.0100,9,2.134,0.8990,3,0.8808,,0.700,0,
8901,7,323,edge-67,2,edge,2600.0,0.0500,0.0100,8,2.139,0.7900,4,0.8780,,0.700,0,
8902,7,323,edge-67,2,edge,2700.0,0.0500,0.0100,10,2.111,0.9926,5,0.8753,,0.700,0,
8903,7,323,edge-67,2,edge,2800.0,0.0500,0.0100,9,2.061,0.9008,4,0.8706,,0.700,0,
8904,7,323,edge-67,2,edge,2900.0,0.0500,0.0100,10,2.229,0.9926,4,0.8660,,0.700,0,
8905,7,323,edge-67,2,edge,3000.0,0.0500,0.0100,8,2.249,0.7911,4,0.8613,,0.700,0,
8906,7,323,edge-67,2,edge,3100.0,0.0500,0.0100,10,2.258,0.9926,4,0.8567,,0.700,0,
8907,7,323,edge-67,2,edge,3200.0,0.0500,0.0100,10,2.258,0.9926,3,0.8520,,0.700,0,
8908,7,323,edge-67,2,edge,3300.0,0.0500,0.0100,8,1.979,0.7911,4,0.8474,,0.700,0,
8909,7,323,edge-67,2,edge,3400.0,0.0500,0.0100,10,2.079,0.9926,3,0.8427,,0.700,0,
8910,7,323,edge-67,2,edge,3500.0,0.0500,0.0100,9,2.029,0.9008,2,0.8381,,0.700,0,
8911,7,323,edge-67,2,edge,3600.0,0.0500,0.0100,10,2.079,0.9926,1,0.8334,,0.700,0,
8912,7,323,edge-67,2,edge,3700.0,0.0500,0.0100,9,2.318,0.9008,2,0.8288,,0.700,0,
8913,7,323,edge-67,2,edge,3800.0,0.0500,0.0100,10,2.368,0.9926,1,0.8241,,0.700,0,
8914,7,323,edge-67,2,edge,3900.0,0.0500,0.0100,9,2.318,0.9008,1,0.8195,,0.700,0,
8915,7,323,edge-67,2,edge,4000.0,0.0500,0.0100,10,2.368,0.9926,1,0.8148,,0.700,0,
8916,7,323,edge-67,2,edge,4100.0,0.0500,0.0100,9,2.318,0.9008,1,0.8102,,0.700,0,
8917,7,323,edge-67,2,edge,4200.0,0.0500,0.0100,10,2.368,0.9926,0,0.8056,,0.700,0,
8918,7,323,edge-67,2,edge,4300.0,0.0500,0.0100,10,2.292,0.9926,1,0.8009,,0.700,0,
8919,7,323,edge-67,2,edge,4400.0,0.0500,0.0100,10,2.292,0.9926,1,0.7963,,0.700,0,
8920,7,323,edge-67,2,edge,4500.0,0.0500,0.0100,9,2.242,0.8990,1,0.7916,,0.700,0,
8921,7,323,edge-67,2,edge,4600.0,0.0500,0.0100,10,2.218,0.9926,2,0.7888,,0.700,0,
8922,7,323,edge-67,2,edge,4700.0,0.0500,0.0100,10,2.188,0.9926,3,0.7842,,0.700,0,
8923,7,323,edge-67,2,edge,4800.0,0.0500,0.0100,10,2.189,0.9926,3,0.7796,,0.700,0,
8924,7,323,edge-67,2,edge,4900.0,0.0500,0.0100,8,2.089,0.7911,3,0.7749,,0.700,0,
8925,7,323,edge-67,2,edge,5000.0,0.0500,0.0100,9,2.139,0.9008,3,0.7703,,0.700,0,
8926,7,326,edge-68,2,edge,0.0,0.0000,0.0100,0,2.014,,1,1.0000,,0.700,0,
8927,7,326,edge-68,2,edge,100.0,0.0200,0.0100,4,2.214,1.0000,1,0.9904,,0.700,0,
8928,7,326,edge-68,2,edge,200.0,0.0500,0.0100,9,2.464,0.8990,1,0.9858,,0.700,0,
8929,7,326,edge-68,2,edge,300.0,0.0500,0.0100,10,2.514,0.9926,1,0.9830,,0.700,0,
8930,7,326,edge-68,2,edge,400.0,0.0500,0.0100,9,2.471,0.9008,2,0.9784,,0.700,0,
8931,7,326,edge-68,2,edge,500.0,0.0500,0.0100,10,2.521,0.9926,1,0.9737,,0.700,0,
8932,7,326,edge-68,2,edge,600.0,0.0500,0.0100,9,2.203,0.9008,2,0.9691,,0.700,0,
8933,7,326,edge-68,2,edge,700.0,0.0500,0.0100,10,2.237,0.9926,3,0.9644,,0.700,0,
8934,7,326,edge-68,2,edge,800.0,0.0500,0.0100,10,2.447,0.9926,4,0.9598,,0.700,0,
8935,7,326,edge-68,2,edge,900.0,0.0500,0.0100,10,2.425,0.9926,3,0.9552,,0.700,0,
8936,7,326,edge-68,2,edge,1000.0,0.0500,0.0100,9,2.591,0.9008,4,0.9505,,0.700,0,
8937,7,326,edge-68,2,edge,1100.0,0.0500,0.0100,9,2.157,0.9008,4,0.9459,,0.700,0,
8938,7,326,edge-68,2,edge,1200.0,0.0500,0.0100,10,2.526,0.9926,4,0.9412,,0.700,0,
8939,7,326,edge-68,2,edge,1300.0,0.0500,0.0100,10,2.455,0.9926,4,0.9366,,0.700,0,
8940,7,326,edge-68,2,edge,1400.0,0.0500,0.0100,10,2.455,0.9926,4,0.9319,,0.700,0,
8941,7,326,edge-68,2,edge,1500.0,0.0500,0.0100,10,2.455,0.9926,3,0.9273,,0.700,0,
8942,7,326,edge-68,2,edge,1600.0,0.0500,0.0100,10,2.455,0.9926,2,0.9226,,0.700,0,
8943,7,326,edge-68,2,edge,1700.0,0.0500,0.0100,7,2.305,0.6543,1,0.9180,,0.700,0,
8944,7,326,edge-68,2,edge,1800.0,0.0500,0.0100,8,2.485,0.7900,1,0.9152,,0.700,0,
8945,7,326,edge-68,2,edge,1900.0,0.0500,0.0100,10,2.585,0.9926,1,0.9124,,0.700,0,
8946,7,326,edge-68,2,edge,2000.0,0.0500,0.0100,9,2.235,0.9008,2,0.9078,,0.700,0,
8947,7,326,edge-68,2,edge,2100.0,0.0500,0.0100,10,2.285,0.9926,2,0.9032,,0.700,0,
8948,7,326,edge-68,2,edge,2200.0,0.0500,0.0100,8,2.185,0.7900,2,0.8985,,0.700,0,
8949,7,326,edge-68,2,edge,2300.0,0.0500,0.0100,10,2.285,0.9926,1,0.8957,,0.700,0,
8950,7,326,edge-68,2,edge,2400.0,0.0500,0.0100,9,2.551,0.8990,1,0.8911,,0.700,0,
8951,7,326,edge-68,2,edge,2500.0,0.0500,0.0100,9,2.220,0.8990,1,0.8883,,0.700,0,
8952,7,326,edge-68,2,edge,2600.0,0.0500,0.0100,9,2.220,0.9008,1,0.8856,,0.700,0,
8953,7,326,edge-68,2,edge,2700.0,0.0500,0.0100,9,2.229,0.9008,2,0.8809,,0.700,0,
8954,7,326,edge-68,2,edge,2800.0,0.0500,0.0100,10,2.477,0.9926,3,0.8763,,0.700,0,
8955,7,326,edge-68,2,edge,2900.0,0.0500,0.0100,10,2.477,0.9926,3,0.8716,,0.700,0,
8956,7,326,edge-68,2,edge,3000.0,0.0500,0.0100,10,2.155,0.9926,3,0.8670,,0.700,0,
8957,7,326,edge-68,2,edge,3100.0,0.0500,0.0100,10,2.155,0.9926,3,0.8623,,0.700,0,
8958,7,326,edge-68,2,edge,3200.0,0.0500,0.0100,10,2.155,0.9926,2,0.8577,,0.700,0,
8959,7,326,edge-68,2,edge,3300.0,0.0500,0.0100,10,2.367,0.9926,2,0.8530,,0.700,0,
8960,7,326,edge-68,2,edge,3400.0,0.0500,0.0100,9,2.273,0.9008,3,0.8484,,0.700,0,
8961,7,326,edge-68,2,edge,3500.0,0.0500,0.0100,9,2.311,0.9008,3,0.8437,,0.700,0,
8962,7,326,edge-68,2,edge,3600.0,0.0500,0.0100,8,2.147,0.7900,4,0.8391,,0.700,0,
8963,7,326,edge-68,2,edge,3700.0,0.0500,0.0100,10,2.247,0.9926,4,0.8363,,0.700,0,
8964,7,326,edge-68,2,edge,3800.0,0.0500,0.0100,9,2.197,0.9008,3,0.8317,,0.700,0,
8965,7,326,edge-68,2,edge,3900.0,0.0500,0.0100,9,2.197,0.9008,2,0.8270,,0.700,0,
8966,7,326,edge-68,2,edge,4000.0,0.0500,0.0100,10,2.487,0.9926,1,0.8224,,0.700,0,
8967,7,326,edge-68,2,edge,4100.0,0.0500,0.0100,9,2.150,0.9008,0,0.8177,,0.700,0,
8968,7,326,edge-68,2,edge,4200.0,0.0500,0.0100,10,2.099,0.9926,1,0.8131,,0.700,0,
8969,7,326,edge-68,2,edge,4300.0,0.0500,0.0100,10,2.099,0.9926,1,0.8084,,0.700,0,
8970,7,326,edge-68,2,edge,4400.0,0.0500,0.0100,10,2.380,0.9926,2,0.8038,,0.700,0,
8971,7,326,edge-68,2,edge,4500.0,0.0500,0.0100,9,2.330,0.9008,2,0.7992,,0.700,0,
8972,7,326,edge-68,2,edge,4600.0,0.0500,0.0100,10,2.380,0.9926,2,0.7945,,0.700,0,
8973,7,326,edge-68,2,edge,4700.0,0.0500,0.0100,10,2.200,0.9926,2,0.7899,,0.700,0,
8974,7,326,edge-68,2,edge,4800.0,0.0500,0.0100,9,2.306,0.9008,3,0.7852,,0.700,0,
8975,7,326,edge-68,2,edge,4900.0,0.0500,0.0100,10,2.186,0.9926,3,0.7806,,0.700,0,
8976,7,326,edge-68,2,edge,5000.0,0.0500,0.0100,10,2.186,0.9926,3,0.7759,,0.700,0,
8977,7,329,edge-69,2,edge,0.0,0.0000,0.0100,0,1.583,,1,1.0000,,0.700,0,
8978,7,329,edge-69,2,edge,100.0,0.0200,0.0100,4,1.783,1.0000,1,0.9904,,0.700,0,
8979,7,329,edge-69,2,edge,200.0,0.0500,0.0100,10,2.083,0.9926,1,0.9858,,0.700,0,
8980,7,329,edge-69,2,edge,300.0,0.0500,0.0100,10,2.083,0.9926,1,0.9812,,0.700,0,
8981,7,329,edge-69,2,edge,400.0,0.0500,0.0100,10,2.083,0.9926,1,0.9765,,0.700,0,
8982,7,329,edge-69,2,edge,500.0,0.0500,0.0100,9,2.141,0.9008,1,0.9719,,0.700,0,
8983,7,329,edge-69,2,edge,600.0,0.0500,0.0100,10,2.191,0.9926,1,0.9672,,0.700,0,
8984,7,329,edge-69,2,edge,700.0,0.0500,0.0100,10,2.191,0.9926,1,0.9626,,0.700,0,
8985,7,329,edge-69,2,edge,800.0,0.0500,0.0100,10,2.208,0.9926,2,0.9579,,0.700,0,
8986,7,329,edge-69,2,edge,900.0,0.0500,0.0100,10,2.192,0.9926,2,0.9533,,0.700,0,
8987,7,329,edge-69,2,edge,1000.0,0.0500,0.0100,10,2.300,0.9926,2,0.9486,,0.700,0,
8988,7,329,edge-69,2,edge,1100.0,0.0500,0.0100,10,2.300,0.9926,2,0.9440,,0.700,0,
8989,7,329,edge-69,2,edge,1200.0,0.0500,0.0100,8,2.200,0.7900,2,0.9393,,0.700,0,
8990,7,329,edge-69,2,edge,1300.0,0.0500,0.0100,9,2.311,0.8990,1,0.9366,,0.700,0,
8991,7,329,edge-69,2,edge,1400.0,0.0500,0.0100,10,2.126,0.9926,2,0.9338,,0.700,0,
8992,7,329,edge-69,2,edge,1500.0,0.0500,0.0100,10,2.259,0.9926,2,0.9292,,0.700,0,
8993,7,329,edge-69,2,edge,1600.0,0.0500,0.0100,8,2.090,0.7900,3,0.9245,,0.700,0,
8994,7,329,edge-69,2,edge,1700.0,0.0500,0.0100,9,2.065,0.9008,4,0.9217,,0.700,0,
8995,7,329,edge-69,2,edge,1800.0,0.0500,0.0100,10,2.107,0.9926,5,0.9171,,0.700,0,
8996,7,329,edge-69,2,edge,1900.0,0.0500,0.0100,9,2.358,0.9008,4,0.9124,,0.700,0,
8997,7,329,edge-69,2,edge,2000.0,0.0500,0.0100,10,2.408,0.9926,3,0.9078,,0.700,0,
8998,7,329,edge-69,2,edge,2100.0,0.0500,0.0100,10,2.039,0.9926,3,0.9032,,0.700,0,
8999,7,329,edge-69,2,edge,2200.0,0.0500,0.0100,9,1.989,0.9008,2,0.8985,,0.700,0,
9000,7,329,edge-69,2,edge,2300.0,0.0500,0.0100,9,2.127,0.9008,2,0.8939,,0.700,0,
9001,7,329,edge-69,2,edge,2400.0,0.0500,0.0100,9,2.127,0.9008,2,0.8892,,0.700,0,
9002,7,329,edge-69,2,edge,2500.0,0.0500,0.0100,9,2.046,0.9008,3,0.8846,,0.700,0,
9003,7,329,edge-69,2,edge,2600.0,0.0500,0.0100,10,2.096,0.9926,2,0.8799,,0.700,0,
9004,7,329,edge-69,2,edge,2700.0,0.0500,0.0100,10,2.295,0.9926,3,0.8753,,0.700,0,
9005,7,329,edge-69,2,edge,2800.0,0.0500,0.0100,9,2.093,0.9008,3,0.8706,,0.700,0,
9006,7,329,edge-69,2,edge,2900.0,0.0500,0.0100,9,2.116,0.9008,4,0.8660,,0.700,0,
9007,7,329,edge-69,2,edge,3000.0,0.0500,0.0100,8,2.168,0.7911,4,0.8613,,0.700,0,
9008,7,329,edge-69,2,edge,3100.0,0.0500,0.0100,10,2.268,0.9926,4,0.8567,,0.700,0,
9009,7,329,edge-69,2,edge,3200.0,0.0500,0.0100,9,2.218,0.8990,3,0.8520,,0.700,0,
9010,7,329,edge-69,2,edge,3300.0,0.0500,0.0100,10,2.268,0.9926,2,0.8493,,0.700,0,
9011,7,329,edge-69,2,edge,3400.0,0.0500,0.0100,10,2.267,0.9926,2,0.8446,,0.700,0,
9012,7,329,edge-69,2,edge,3500.0,0.0500,0.0100,10,2.267,0.9926,1,0.8400,,0.700,0,
9013,7,329,edge-69,2,edge,3600.0,0.0500,0.0100,10,2.267,0.9926,1,0.8353,,0.700,0,
9014,7,329,edge-69,2,edge,3700.0,0.0500,0.0100,10,2.267,0.9926,1,0.8307,,0.700,0,
9015,7,329,edge-69,2,edge,3800.0,0.0500,0.0100,9,2.217,0.9008,1,0.8260,,0.700,0,
9016,7,329,edge-69,2,edge,3900.0,0.0500,0.0100,10,2.267,0.9926,0,0.8214,,0.700,0,
9017,7,329,edge-69,2,edge,4000.0,0.0500,0.0100,10,2.107,0.9926,1,0.8167,,0.700,0,
9018,7,329,edge-69,2,edge,4100.0,0.0500,0.0100,9,2.228,0.9008,2,0.8121,,0.700,0,
9019,7,329,edge-69,2,edge,4200.0,0.0500,0.0100,10,2.144,0.9926,2,0.8074,,0.700,0,
9020,7,329,edge-69,2,edge,4300.0,0.0500,0.0100,9,2.076,0.9008,3,0.8028,,0.700,0,
9021,7,329,edge-69,2,edge,4400.0,0.0500,0.0100,10,2.049,0.9926,4,0.7981,,0.700,0,
9022,7,329,edge-69,2,edge,4500.0,0.0500,0.0100,10,2.049,0.9926,3,0.7935,,0.700,0,
9023,7,329,edge-69,2,edge,4600.0,0.0500,0.0100,7,1.975,0.6543,3,0.7888,,0.700,0,
9024,7,329,edge-69,2,edge,4700.0,0.0500,0.0100,10,2.125,0.9926,3,0.7861,,0.700,0,
9025,7,329,edge-69,2,edge,4800.0,0.0500,0.0100,10,2.088,0.9926,3,0.7814,,0.700,0,
9026,7,329,edge-69,2,edge,4900.0,0.0500,0.0100,10,2.022,0.9926,3,0.7768,,0.700,0,
9027,7,329,edge-69,2,edge,5000.0,0.0500,0.0100,8,2.069,0.7911,4,0.7721,,0.700,0,
9028,7,332,edge-70,2,edge,0.0,0.0000,0.0100,0,1.848,,1,1.0000,,0.700,0,
9029,7,332,edge-70,2,edge,100.0,0.0200,0.0100,4,2.048,1.0000,1,0.9904,,0.700,0,
9030,7,332,edge-70,2,edge,200.0,0.0500,0.0100,10,2.348,0.9926,1,0.9858,,0.700,0,
9031,7,332,edge-70,2,edge,300.0,0.0500,0.0100,9,2.298,0.9008,1,0.9812,,0.700,0,
9032,7,332,edge-70,2,edge,400.0,0.0500,0.0100,10,2.348,0.9926,1,0.9765,,0.700,0,
9033,7,332,edge-70,2,edge,500.0,0.0500,0.0100,10,2.348,0.9926,0,0.9719,,0.700,0,
9034,7,332,edge-70,2,edge,600.0,0.0500,0.0100,10,2.558,0.9926,1,0.9672,,0.700,0,
9035,7,332,edge-70,2,edge,700.0,0.0500,0.0100,10,2.558,0.9926,1,0.9626,,0.700,0,
9036,7,332,edge-70,2,edge,800.0,0.0500,0.0100,10,2.558,0.9926,1,0.9579,,0.700,0,
9037,7,332,edge-70,2,edge,900.0,0.0500,0.0100,10,2.558,0.9926,1,0.9533,,0.700,0,
9038,7,332,edge-70,2,edge,1000.0,0.0500,0.0100,10,2.297,0.9926,1,0.9486,,0.700,0,
9039,7,332,edge-70,2,edge,1100.0,0.0500,0.0100,10,2.457,0.9926,1,0.9440,,0.700,0,
9040,7,332,edge-70,2,edge,1200.0,0.0500,0.0100,10,2.369,0.9926,2,0.9393,,0.700,0,
9041,7,332,edge-70,2,edge,1300.0,0.0500,0.0100,8,2.062,0.7911,3,0.9347,,0.700,0,
9042,7,332,edge-70,2,edge,1400.0,0.0500,0.0100,10,2.375,0.9926,4,0.9300,,0.700,0,
9043,7,332,edge-70,2,edge,1500.0,0.0500,0.0100,8,2.275,0.7911,4,0.9254,,0.700,0,
9044,7,332,edge-70,2,edge,1600.0,0.0500,0.0100,10,2.375,0.9926,3,0.9207,,0.700,0,
9045,7,332,edge-70,2,edge,1700.0,0.0500,0.0100,10,2.379,0.9926,3,0.9161,,0.700,0,
9046,7,332,edge-70,2,edge,1800.0,0.0500,0.0100,10,2.406,0.9926,3,0.9114,,0.700,0,
9047,7,332,edge-70,2,edge,1900.0,0.0500,0.0100,10,2.406,0.9926,2,0.9068,,0.700,0,
9048,7,332,edge-70,2,edge,2000.0,0.0500,0.0100,10,2.460,0.9926,2,0.9021,,0.700,0,
9049,7,332,edge-70,2,edge,2100.0,0.0500,0.0100,10,2.137,0.9926,3,0.8975,,0.700,0,
9050,7,332,edge-70,2,edge,2200.0,0.0500,0.0100,10,2.137,0.9926,2,0.8928,,0.700,0,
9051,7,332,edge-70,2,edge,2300.0,0.0500,0.0100,9,2.087,0.9008,1,0.8882,,0.700,0,
9052,7,332,edge-70,2,edge,2400.0,0.0500,0.0100,10,2.137,0.9926,1,0.8836,,0.700,0,
9053,7,332,edge-70,2,edge,2500.0,0.0500,0.0100,9,2.087,0.8990,1,0.8789,,0.700,0,
9054,7,332,edge-70,2,edge,2600.0,0.0500,0.0100,10,2.137,0.9926,0,0.8761,,0.700,0,
9055,7,332,edge-70,2,edge,2700.0,0.0500,0.0100,10,2.137,0.9926,0,0.8715,,0.700,0,
9056,7,332,edge-70,2,edge,2800.0,0.0500,0.0100,9,2.141,0.9008,1,0.8668,,0.700,0,
9057,7,332,edge-70,2,edge,2900.0,0.0500,0.0100,10,2.191,0.9926,1,0.8622,,0.700,0,
9058,7,332,edge-70,2,edge,3000.0,0.0500,0.0100,10,2.191,0.9926,1,0.8576,,0.700,0,
9059,7,332,edge-70,2,edge,3100.0,0.0500,0.0100,10,2.191,0.9926,1,0.8529,,0.700,0,
9060,7,332,edge-70,2,edge,3200.0,0.0500,0.0100,9,2.141,0.9008,1,0.8483,,0.700,0,
9061,7,332,edge-70,2,edge,3300.0,0.0500,0.0100,9,2.141,0.9008,0,0.8436,,0.700,0,
9062,7,332,edge-70,2,edge,3400.0,0.0500,0.0100,10,2.288,0.9926,1,0.8390,,0.700,0,
9063,7,332,edge-70,2,edge,3500.0,0.0500,0.0100,10,2.101,0.9926,2,0.8343,,0.700,0,
9064,7,332,edge-70,2,edge,3600.0,0.0500,0.0100,10,2.080,0.9926,3,0.8297,,0.700,0,
9065,7,332,edge-70,2,edge,3700.0,0.0500,0.0100,8,2.198,0.7911,4,0.8250,,0.700,0,
9066,7,332,edge-70,2,edge,3800.0,0.0500,0.0100,10,2.058,0.9926,5,0.8204,,0.700,0,
9067,7,332,edge-70,2,edge,3900.0,0.0500,0.0100,10,2.282,0.9926,4,0.8157,,0.700,0,
9068,7,332,edge-70,2,edge,4000.0,0.0500,0.0100,9,2.232,0.9008,3,0.8111,,0.700,0,
9069,7,332,edge-70,2,edge,4100.0,0.0500,0.0100,10,2.282,0.9926,2,0.8064,,0.700,0,
9070,7,332,edge-70,2,edge,4200.0,0.0500,0.0100,10,2.282,0.9926,1,0.8018,,0.700,0,
9071,7,332,edge-70,2,edge,4300.0,0.0500,0.0100,10,2.185,0.9926,1,0.7971,,0.700,0,
9072,7,332,edge-70,2,edge,4400.0,0.0500,0.0100,9,2.135,0.9008,1,0.7925,,0.700,0,
9073,7,332,edge-70,2,edge,4500.0,0.0500,0.0100,9,2.135,0.9008,1,0.7878,,0.700,0,
9074,7,332,edge-70,2,edge,4600.0,0.0500,0.0100,9,2.135,0.9008,1,0.7832,,0.700,0,
9075,7,332,edge-70,2,edge,4700.0,0.0500,0.0100,10,2.185,0.9926,1,0.7785,,0.700,0,
9076,7,332,edge-70,2,edge,4800.0,0.0500,0.0100,9,2.135,0.9008,0,0.7739,,0.700,0,
9077,7,332,edge-70,2,edge,4900.0,0.0500,0.0100,10,2.185,0.9926,0,0.7692,,0.700,0,
9078,7,332,edge-70,2,edge,5000.0,0.0500,0.0100,10,2.185,0.9926,0,0.7646,,0.700,0,
9079,7,335,edge-71,2,edge,0.0,0.0000,0.0100,0,1.642,,1,1.0000,,0.700,1,117.1
9080,7,335,edge-71,2,edge,100.0,0.0200,0.0100,4,1.842,1.0000,1,0.9904,,0.700,1,117.1
9081,7,338,edge-72,2,edge,0.0,0.0000,0.0100,0,1.611,,1,1.0000,,0.700,0,
9082,7,338,edge-72,2,edge,100.0,0.0200,0.0100,4,1.811,1.0000,1,0.9904,,0.700,0,
9083,7,338,edge-72,2,edge,200.0,0.0500,0.0100,10,2.111,0.9926,1,0.9858,,0.700,0,
9084,7,338,edge-72,2,edge,300.0,0.0500,0.0100,10,2.229,0.9926,2,0.9812,,0.700,0,
9085,7,338,edge-72,2,edge,400.0,0.0500,0.0100,9,2.299,0.9008,3,0.9765,,0.700,0,
9086,7,338,edge-72,2,edge,500.0,0.0500,0.0100,9,2.208,0.9008,3,0.9719,,0.700,0,
9087,7,338,edge-72,2,edge,600.0,0.0500,0.0100,8,2.158,0.7911,3,0.9672,,0.700,0,
9088,7,338,edge-72,2,edge,700.0,0.0500,0.0100,8,1.979,0.7900,4,0.9626,,0.700,0,
9089,7,338,edge-72,2,edge,800.0,0.0500,0.0100,10,2.079,0.9926,3,0.9598,,0.700,0,
9090,7,338,edge-72,2,edge,900.0,0.0500,0.0100,10,2.079,0.9926,2,0.9552,,0.700,0,
9091,7,338,edge-72,2,edge,1000.0,0.0500,0.0100,9,2.029,0.9008,1,0.9505,,0.700,0,
9092,7,338,edge-72,2,edge,1100.0,0.0500,0.0100,10,2.368,0.9926,2,0.9459,,0.700,0,
9093,7,338,edge-72,2,edge,1200.0,0.0500,0.0100,10,2.368,0.9926,1,0.9412,,0.700,0,
9094,7,338,edge-72,2,edge,1300.0,0.0500,0.0100,10,2.368,0.9926,1,0.9366,,0.700,0,
9095,7,338,edge-72,2,edge,1400.0,0.0500,0.0100,9,2.318,0.8990,1,0.9319,,0.700,0,
9096,7,338,edge-72,2,edge,1500.0,0.0500,0.0100,9,2.318,0.9008,1,0.9292,,0.700,0,
9097,7,338,edge-72,2,edge,1600.0,0.0500,0.0100,9,2.318,0.9008,0,0.9245,,0.700,0,
9098,7,338,edge-72,2,edge,1700.0,0.0500,0.0100,8,2.192,0.7900,1,0.9199,,0.700,0,
9099,7,338,edge-72,2,edge,1800.0,0.0500,0.0100,10,2.292,0.9926,1,0.9171,,0.700,0,
9100,7,338,edge-72,2,edge,1900.0,0.0500,0.0100,8,2.192,0.7900,1,0.9124,,0.700,0,
9101,7,338,edge-72,2,edge,2000.0,0.0500,0.0100,10,2.218,0.9926,2,0.9097,,0.700,0,
9102,7,338,edge-72,2,edge,2100.0,0.0500,0.0100,10,2.188,0.9926,3,0.9050,,0.700,0,
9103,7,338,edge-72,2,edge,2200.0,0.0500,0.0100,10,2.189,0.9926,3,0.9004,,0.700,0,
9104,7,338,edge-72,2,edge,2300.0,0.0500,0.0100,9,2.139,0.9008,3,0.8957,,0.700,0,
9105,7,338,edge-72,2,edge,2400.0,0.0500,0.0100,10,2.189,0.9926,3,0.8911,,0.700,0,
9106,7,338,edge-72,2,edge,2500.0,0.0500,0.0100,10,2.065,0.9926,3,0.8864,,0.700,0,
9107,7,338,edge-72,2,edge,2600.0,0.0500,0.0100,10,2.065,0.9926,2,0.8818,,0.700,0,
9108,7,338,edge-72,2,edge,2700.0,0.0500,0.0100,10,2.283,0.9926,2,0.8772,,0.700,0,
9109,7,338,edge-72,2,edge,2800.0,0.0500,0.0100,10,2.283,0.9926,2,0.8725,,0.700,0,
9110,7,338,edge-72,2,edge,2900.0,0.0500,0.0100,10,2.283,0.9926,2,0.8679,,0.700,0,
9111,7,338,edge-72,2,edge,3000.0,0.0500,0.0100,10,2.220,0.9926,2,0.8632,,0.700,0,
9112,7,338,edge-72,2,edge,3100.0,0.0500,0.0100,10,2.328,0.9926,3,0.8586,,0.700,0,
9113,7,338,edge-72,2,edge,3200.0,0.0500,0.0100,10,2.328,0.9926,2,0.8539,,0.700,0,
9114,7,338,edge-72,2,edge,3300.0,0.0500,0.0100,10,2.562,0.9926,3,0.8493,,0.700,0,
9115,7,338,edge-72,2,edge,3400.0,0.0500,0.0100,10,2.562,0.9926,3,0.8446,,0.700,0,
9116,7,338,edge-72,2,edge,3500.0,0.0500,0.0100,10,2.562,0.9926,2,0.8400,,0.700,0,
9117,7,338,edge-72,2,edge,3600.0,0.0500,0.0100,10,2.562,0.9926,1,0.8353,,0.700,0,
9118,7,338,edge-72,2,edge,3700.0,0.0500,0.0100,7,2.412,0.6543,1,0.8307,,0.700,0,
9119,7,338,edge-72,2,edge,3800.0,0.0500,0.0100,10,2.562,0.9926,0,0.8279,,0.700,0,
9120,7,338,edge-72,2,edge,3900.0,0.0500,0.0100,9,2.512,0.9008,0,0.8233,,0.700,0,
9121,7,338,edge-72,2,edge,4000.0,0.0500,0.0100,10,2.205,0.9926,0,0.8186,,0.700,0,
9122,7,338,edge-72,2,edge,4100.0,0.0500,0.0100,10,2.205,0.9926,0,0.8140,,0.700,0,
9123,7,338,edge-72,2,edge,4200.0,0.0500,0.0100,9,2.155,0.9008,0,0.8093,,0.700,0,
9124,7,338,edge-72,2,edge,4300.0,0.0500,0.0100,7,2.055,0.6543,0,0.8047,,0.700,0,
9125,7,338,edge-72,2,edge,4400.0,0.0500,0.0100,9,2.284,0.9008,1,0.8019,,0.700,0,
9126,7,338,edge-72,2,edge,4500.0,0.0500,0.0100,10,2.334,0.9926,1,0.7973,,0.700,0,
9127,7,338,edge-72,2,edge,4600.0,0.0500,0.0100,10,2.151,0.9926,2,0.7926,,0.700,0,
9128,7,338,edge-72,2,edge,4700.0,0.0500,0.0100,9,2.101,0.8990,2,0.7880,,0.700,0,
9129,7,338,edge-72,2,edge,4800.0,0.0500,0.0100,10,2.353,0.9926,3,0.7852,,0.700,0,
9130,7,338,edge-72,2,edge,4900.0,0.0500,0.0100,10,2.353,0.9926,2,0.7806,,0.700,0,
9131,7,338,edge-72,2,edge,5000.0,0.0500,0.0100,10,2.353,0.9926,2,0.7759,,0.700,0,
9132,7,341,edge-73,2,edge,0.0,0.0000,0.0100,0,1.686,,1,1.0000,,0.700,0,4595.0
9133,7,341,edge-73,2,edge,100.0,0.0200,0.0100,4,1.886,1.0000,1,0.9904,,0.700,0,4595.0
9134,7,341,edge-73,2,edge,200.0,0.0500,0.0100,9,2.136,0.9008,1,0.9858,,0.700,0,4595.0
9135,7,341,edge-73,2,edge,300.0,0.0500,0.0100,10,2.368,0.9926,2,0.9812,,0.700,0,4595.0
9136,7,341,edge-73,2,edge,400.0,0.0500,0.0100,9,2.101,0.9008,3,0.9765,,0.700,0,4595.0
9137,7,341,edge-73,2,edge,500.0,0.0500,0.0100,10,2.182,0.9926,3,0.9719,,0.700,0,4595.0
9138,7,341,edge-73,2,edge,600.0,0.0500,0.0100,9,2.132,0.9008,3,0.9672,,0.700,0,4595.0
9139,7,341,edge-73,2,edge,700.0,0.0500,0.0100,9,2.152,0.9008,4,0.9626,,0.700,0,4595.0
9140,7,341,edge-73,2,edge,800.0,0.0500,0.0100,9,2.338,0.9008,4,0.9579,,0.700,0,4595.0
9141,7,341,edge-73,2,edge,900.0,0.0500,0.0100,8,2.288,0.7911,3,0.9533,,0.700,0,4595.0
9142,7,341,edge-73,2,edge,1000.0,0.0500,0.0100,9,2.338,0.9008,2,0.9486,,0.700,0,4595.0
9143,7,341,edge-73,2,edge,1100.0,0.0500,0.0100,10,2.388,0.9926,2,0.9440,,0.700,0,4595.0
9144,7,341,edge-73,2,edge,1200.0,0.0500,0.0100,10,2.388,0.9926,1,0.9393,,0.700,0,4595.0
9145,7,341,edge-73,2,edge,1300.0,0.0500,0.0100,10,2.388,0.9926,0,0.9347,,0.700,0,4595.0
9146,7,341,edge-73,2,edge,1400.0,0.0500,0.0100,10,2.388,0.9926,0,0.9300,,0.700,0,4595.0
9147,7,341,edge-73,2,edge,1500.0,0.0500,0.0100,8,2.128,0.7911,1,0.9254,,0.700,0,4595.0
9148,7,341,edge-73,2,edge,1600.0,0.0500,0.0100,8,2.128,0.7911,1,0.9207,,0.700,0,4595.0
9149,7,341,edge-73,2,edge,1700.0,0.0500,0.0100,10,2.228,0.9926,1,0.9161,,0.700,0,4595.0
9150,7,341,edge-73,2,edge,1800.0,0.0500,0.0100,10,2.228,0.9926,1,0.9114,,0.700,0,4595.0
9151,7,341,edge-73,2,edge,1900.0,0.0500,0.0100,9,2.159,0.8990,1,0.9068,,0.700,0,4595.0
9152,7,341,edge-73,2,edge,2000.0,0.0500,0.0100,8,1.940,0.7911,1,0.9040,,0.700,0,4595.0
9153,7,341,edge-73,2,edge,2100.0,0.0500,0.0100,9,1.990,0.8990,1,0.8994,,0.700,0,4595.0
9154,7,341,edge-73,2,edge,2200.0,0.0500,0.0100,10,2.260,0.9926,2,0.8966,,0.700,0,4595.0
9155,7,341,edge-73,2,edge,2300.0,0.0500,0.0100,10,2.036,0.9926,3,0.8920,,0.700,0,4595.0
9156,7,341,edge-73,2,edge,2400.0,0.0500,0.0100,10,2.516,0.9926,3,0.8873,,0.700,0,4595.0
9157,7,341,edge-73,2,edge,2500.0,0.0500,0.0100,9,2.466,0.9008,2,0.8827,,0.700,0,4595.0
9158,7,341,edge-73,2,edge,2600.0,0.0500,0.0100,9,2.466,0.9008,2,0.8780,,0.700,0,4595.0
9159,7,341,edge-73,2,edge,2700.0,0.0500,0.0100,10,2.489,0.9926,2,0.8734,,0.700,0,4595.0
9160,7,341,edge-73,2,edge,2800.0,0.0500,0.0100,9,2.439,0.9008,1,0.8687,,0.700,0,4595.0
9161,7,341,edge-73,2,edge,2900.0,0.0500,0.0100,9,2.211,0.9008,2,0.8641,,0.700,0,4595.0
9162,7,341,edge-73,2,edge,3000.0,0.0500,0.0100,10,2.261,0.9926,2,0.8594,,0.700,0,4595.0
9163,7,341,edge-73,2,edge,3100.0,0.0500,0.0100,10,2.261,0.9926,2,0.8548,,0.700,0,4595.0
9164,7,341,edge-73,2,edge,3200.0,0.0500,0.0100,9,2.211,0.9008,1,0.8501,,0.700,0,4595.0
9165,7,341,edge-73,2,edge,3300.0,0.0500,0.0100,10,2.261,0.9926,1,0.8455,,0.700,0,4595.0
9166,7,341,edge-73,2,edge,3400.0,0.0500,0.0100,10,2.261,0.9926,0,0.8408,,0.700,0,4595.0
9167,7,341,edge-73,2,edge,3500.0,0.0500,0.0100,9,2.236,0.9008,0,0.8362,,0.700,0,4595.0
9168,7,341,edge-73,2,edge,3600.0,0.0500,0.0100,10,2.211,0.9926,0,0.8316,,0.700,0,4595.0
9169,7,341,edge-73,2,edge,3700.0,0.0500,0.0100,10,2.211,0.9926,0,0.8269,,0.700,0,4595.0
9170,7,341,edge-73,2,edge,3800.0,0.0500,0.0100,10,2.211,0.9926,0,0.8223,,0.700,0,4595.0
9171,7,341,edge-73,2,edge,3900.0,0.0500,0.0100,8,2.091,0.7911,1,0.8176,,0.700,0,4595.0
9172,7,341,edge-73,2,edge,4000.0,0.0500,0.0100,9,2.264,0.9008,1,0.8130,,0.700,0,4595.0
9173,7,341,edge-73,2,edge,4100.0,0.0500,0.0100,9,2.245,0.8990,2,0.8083,,0.700,0,4595.0
9174,7,341,edge-73,2,edge,4200.0,0.0500,0.0100,9,2.003,0.9008,3,0.8056,,0.700,0,4595.0
9175,7,341,edge-73,2,edge,4300.0,0.0500,0.0100,10,2.249,0.9926,4,0.8009,,0.700,0,4595.0
9176,7,341,edge-73,2,edge,4400.0,0.0500,0.0100,9,2.095,0.8990,4,0.7963,,0.700,1,4595.0
9177,7,341,edge-73,2,edge,4500.0,0.0500,0.0100,9,2.095,0.9008,4,0.7935,,0.700,1,4595.0
9178,7,344,edge-74,2,edge,0.0,0.0000,0.0100,0,1.952,,1,1.0000,,0.700,0,829.1
9179,7,344,edge-74,2,edge,100.0,0.0200,0.0100,4,2.152,1.0000,1,0.9904,,0.700,0,829.1
9180,7,344,edge-74,2,edge,200.0,0.0500,0.0100,10,2.452,0.9926,1,0.9858,,0.700,0,829.1
9181,7,344,edge-74,2,edge,300.0,0.0500,0.0100,9,2.402,0.9008,1,0.9812,,0.700,0,829.1
9182,7,344,edge-74,2,edge,400.0,0.0500,0.0100,10,2.452,0.9926,1,0.9765,,0.700,0,829.1
9183,7,344,edge-74,2,edge,500.0,0.0500,0.0100,10,2.097,0.9926,1,0.9719,,0.700,0,829.1
9184,7,344,edge-74,2,edge,600.0,0.0500,0.0100,10,2.210,0.9926,2,0.9672,,0.700,0,829.1
9185,7,344,edge-74,2,edge,700.0,0.0500,0.0100,9,2.205,0.9008,3,0.9626,,0.700,1,829.1
9186,7,344,edge-74,2,edge,800.0,0.0500,0.0100,9,2.205,0.9008,3,0.9579,,0.700,1,829.1
9187,7,347,edge-75,2,edge,0.0,0.0000,0.0100,0,1.839,,1,1.0000,,0.700,0,
9188,7,347,edge-75,2,edge,100.0,0.0200,0.0100,4,2.039,1.0000,1,0.9904,,0.700,0,
9189,7,347,edge-75,2,edge,200.0,0.0500,0.0100,9,2.289,0.9008,1,0.9858,,0.700,0,
9190,7,347,edge-75,2,edge,300.0,0.0500,0.0100,9,2.033,0.9008,2,0.9812,,0.700,0,
9191,7,347,edge-75,2,edge,400.0,0.0500,0.0100,10,2.288,0.9926,3,0.9765,,0.700,0,
9192,7,347,edge-75,2,edge,500.0,0.0500,0.0100,10,2.212,0.9926,3,0.9719,,0.700,0,
9193,7,347,edge-75,2,edge,600.0,0.0500,0.0100,8,1.995,0.7911,3,0.9672,,0.700,0,
9194,7,347,edge-75,2,edge,700.0,0.0500,0.0100,10,2.073,0.9926,4,0.9626,,0.700,0,
9195,7,347,edge-75,2,edge,800.0,0.0500,0.0100,10,2.242,0.9926,4,0.9579,,0.700,0,
9196,7,347,edge-75,2,edge,900.0,0.0500,0.0100,10,2.183,0.9926,4,0.9533,,0.700,0,
9197,7,347,edge-75,2,edge,1000.0,0.0500,0.0100,10,2.215,0.9926,4,0.9486,,0.700,0,
9198,7,347,edge-75,2,edge,1100.0,0.0500,0.0100,10,2.215,0.9926,4,0.9440,,0.700,0,
9199,7,347,edge-75,2,edge,1200.0,0.0500,0.0100,10,2.328,0.9926,4,0.9393,,0.700,0,
9200,7,347,edge-75,2,edge,1300.0,0.0500,0.0100,9,2.278,0.9008,3,0.9347,,0.700,0,
9201,7,347,edge-75,2,edge,1400.0,0.0500,0.0100,9,2.008,0.9008,3,0.9300,,0.700,0,
9202,7,347,edge-75,2,edge,1500.0,0.0500,0.0100,9,2.224,0.9008,3,0.9254,,0.700,0,
9203,7,347,edge-75,2,edge,1600.0,0.0500,0.0100,10,2.274,0.9926,3,0.9207,,0.700,0,
9204,7,347,edge-75,2,edge,1700.0,0.0500,0.0100,9,2.224,0.8990,2,0.9161,,0.700,0,
9205,7,347,edge-75,2,edge,1800.0,0.0500,0.0100,10,2.019,0.9926,3,0.9133,,0.700,0,
9206,7,347,edge-75,2,edge,1900.0,0.0500,0.0100,8,1.919,0.7911,2,0.9087,,0.700,0,
9207,7,347,edge-75,2,edge,2000.0,0.0500,0.0100,10,2.019,0.9926,1,0.9040,,0.700,0,
9208,7,347,edge-75,2,edge,2100.0,0.0500,0.0100,9,1.969,0.8990,1,0.8994,,0.700,0,
9209,7,347,edge-75,2,edge,2200.0,0.0500,0.0100,10,2.019,0.9926,1,0.8966,,0.700,0,
9210,7,347,edge-75,2,edge,2300.0,0.0500,0.0100,9,2.233,0.8990,1,0.8920,,0.700,0,
9211,7,347,edge-75,2,edge,2400.0,0.0500,0.0100,9,2.233,0.9008,1,0.8892,,0.700,0,
9212,7,347,edge-75,2,edge,2500.0,0.0500,0.0100,9,2.233,0.9008,1,0.8846,,0.700,0,
9213,7,347,edge-75,2,edge,2600.0,0.0500,0.0100,10,2.270,0.9926,2,0.8799,,0.700,0,
9214,7,347,edge-75,2,edge,2700.0,0.0500,0.0100,8,2.170,0.7911,2,0.8753,,0.700,0,
9215,7,347,edge-75,2,edge,2800.0,0.0500,0.0100,10,2.270,0.9926,1,0.8706,,0.700,0,
9216,7,347,edge-75,2,edge,2900.0,0.0500,0.0100,10,2.270,0.9926,1,0.8660,,0.700,0,
9217,7,347,edge-75,2,edge,3000.0,0.0500,0.0100,7,1.881,0.6547,2,0.8613,,0.700,0,
9218,7,347,edge-75,2,edge,3100.0,0.0500,0.0100,9,2.219,0.9008,2,0.8567,,0.700,0,
9219,7,347,edge-75,2,edge,3200.0,0.0500,0.0100,10,2.165,0.9926,3,0.8520,,0.700,0,
9220,7,347,edge-75,2,edge,3300.0,0.0500,0.0100,9,2.115,0.9008,3,0.8474,,0.700,0,
9221,7,347,edge-75,2,edge,3400.0,0.0500,0.0100,9,2.219,0.8990,4,0.8427,,0.700,0,
9222,7,347,edge-75,2,edge,3500.0,0.0500,0.0100,9,2.129,0.9008,4,0.8400,,0.700,0,
9223,7,347,edge-75,2,edge,3600.0,0.0500,0.0100,9,2.129,0.9008,3,0.8353,,0.700,0,
9224,7,347,edge-75,2,edge,3700.0,0.0500,0.0100,7,2.029,0.6547,2,0.8307,,0.700,0,
9225,7,347,edge-75,2,edge,3800.0,0.0500,0.0100,10,2.179,0.9926,2,0.8260,,0.700,0,
9226,7,347,edge-75,2,edge,3900.0,0.0500,0.0100,10,2.179,0.9926,1,0.8214,,0.700,0,
9227,7,347,edge-75,2,edge,4000.0,0.0500,0.0100,10,2.179,0.9926,0,0.8167,,0.700,0,
9228,7,347,edge-75,2,edge,4100.0,0.0500,0.0100,10,2.179,0.9926,0,0.8121,,0.700,0,
9229,7,347,edge-75,2,edge,4200.0,0.0500,0.0100,9,2.027,0.9008,1,0.8074,,0.700,0,
9230,7,347,edge-75,2,edge,4300.0,0.0500,0.0100,10,2.278,0.9926,2,0.8028,,0.700,0,
9231,7,347,edge-75,2,edge,4400.0,0.0500,0.0100,8,2.115,0.7911,3,0.7981,,0.700,0,
9232,7,347,edge-75,2,edge,4500.0,0.0500,0.0100,10,2.304,0.9926,4,0.7935,,0.700,0,
9233,7,347,edge-75,2,edge,4600.0,0.0500,0.0100,9,2.425,0.9008,5,0.7888,,0.700,0,
9234,7,347,edge-75,2,edge,4700.0,0.0500,0.0100,10,2.348,0.9926,5,0.7842,,0.700,0,
9235,7,347,edge-75,2,edge,4800.0,0.0500,0.0100,10,2.348,0.9926,4,0.7796,,0.700,0,
9236,7,347,edge-75,2,edge,4900.0,0.0500,0.0100,10,2.348,0.9926,3,0.7749,,0.700,0,
9237,7,347,edge-75,2,edge,5000.0,0.0500,0.0100,10,2.348,0.9926,2,0.7703,,0.700,0,
9238,7,350,edge-76,2,edge,0.0,0.0000,0.0100,0,1.849,,1,1.0000,,0.700,0,
9239,7,350,edge-76,2,edge,100.0,0.0200,0.0100,4,2.049,1.0000,1,0.9904,,0.700,0,
9240,7,350,edge-76,2,edge,200.0,0.0500,0.0100,9,2.299,0.9008,1,0.9858,,0.700,0,
9241,7,350,edge-76,2,edge,300.0,0.0500,0.0100,8,2.249,0.7900,1,0.9812,,0.700,0,
9242,7,350,edge-76,2,edge,400.0,0.0500,0.0100,10,2.349,0.9926,1,0.9784,,0.700,0,
9243,7,350,edge-76,2,edge,500.0,0.0500,0.0100,10,2.552,0.9926,1,0.9737,,0.700,0,
9244,7,350,edge-76,2,edge,600.0,0.0500,0.0100,10,2.552,0.9926,1,0.9691,,0.700,0,
9245,7,350,edge-76,2,edge,700.0,0.0500,0.0100,10,2.552,0.9926,1,0.9644,,0.700,0,
9246,7,350,edge-76,2,edge,800.0,0.0500,0.0100,9,2.502,0.9008,1,0.9598,,0.700,0,
9247,7,350,edge-76,2,edge,900.0,0.0500,0.0100,9,2.502,0.9008,1,0.9552,,0.700,0,
9248,7,350,edge-76,2,edge,1000.0,0.0500,0.0100,8,2.452,0.7911,0,0.9505,,0.700,0,
9249,7,350,edge-76,2,edge,1100.0,0.0500,0.0100,10,2.415,0.9926,1,0.9459,,0.700,0,
9250,7,350,edge-76,2,edge,1200.0,0.0500,0.0100,10,2.415,0.9926,1,0.9412,,0.700,0,
9251,7,350,edge-76,2,edge,1300.0,0.0500,0.0100,9,2.365,0.9008,1,0.9366,,0.700,0,
9252,7,350,edge-76,2,edge,1400.0,0.0500,0.0100,9,2.365,0.9008,1,0.9319,,0.700,0,
9253,7,350,edge-76,2,edge,1500.0,0.0500,0.0100,10,2.415,0.9926,1,0.9273,,0.700,0,
9254,7,350,edge-76,2,edge,1600.0,0.0500,0.0100,9,2.251,0.9008,1,0.9226,,0.700,0,
9255,7,350,edge-76,2,edge,1700.0,0.0500,0.0100,10,2.178,0.9926,2,0.9180,,0.700,0,
9256,7,350,edge-76,2,edge,1800.0,0.0500,0.0100,10,2.313,0.9926,3,0.9133,,0.700,0,
9257,7,350,edge-76,2,edge,1900.0,0.0500,0.0100,9,2.114,0.8990,4,0.9087,,0.700,0,
9258,7,350,edge-76,2,edge,2000.0,0.0500,0.0100,8,2.118,0.7900,5,0.9059,,0.700,0,
9259,7,350,edge-76,2,edge,2100.0,0.0500,0.0100,9,2.077,0.8990,5,0.9032,,0.700,0,
9260,7,350,edge-76,2,edge,2200.0,0.0500,0.0100,10,2.360,0.9926,5,0.9004,,0.700,0,
9261,7,350,edge-76,2,edge,2300.0,0.0500,0.0100,8,2.017,0.7911,5,0.8957,,0.700,0,
9262,7,350,edge-76,2,edge,2400.0,0.0500,0.0100,8,1.995,0.7900,5,0.8911,,0.700,0,
9263,7,350,edge-76,2,edge,2500.0,0.0500,0.0100,9,2.197,0.9008,5,0.8883,,0.700,0,
9264,7,350,edge-76,2,edge,2600.0,0.0500,0.0100,9,2.215,0.9008,5,0.8837,,0.700,0,
9265,7,350,edge-76,2,edge,2700.0,0.0500,0.0100,10,2.265,0.9926,4,0.8790,,0.700,0,
9266,7,350,edge-76,2,edge,2800.0,0.0500,0.0100,10,2.265,0.9926,3,0.8744,,0.700,0,
9267,7,350,edge-76,2,edge,2900.0,0.0500,0.0100,10,2.204,0.9926,3,0.8697,,0.700,0,
9268,7,350,edge-76,2,edge,3000.0,0.0500,0.0100,10,2.324,0.9926,3,0.8651,,0.700,0,
9269,7,350,edge-76,2,edge,3100.0,0.0500,0.0100,10,2.201,0.9926,3,0.8604,,0.700,0,
9270,7,350,edge-76,2,edge,3200.0,0.0500,0.0100,10,2.205,0.9926,4,0.8558,,0.700,0,
9271,7,350,edge-76,2,edge,3300.0,0.0500,0.0100,10,2.200,0.9926,5,0.8512,,0.700,0,
9272,7,350,edge-76,2,edge,3400.0,0.0500,0.0100,10,2.180,0.9926,5,0.8465,,0.700,0,
9273,7,350,edge-76,2,edge,3500.0,0.0500,0.0100,10,2.056,0.9926,5,0.8419,,0.700,0,
9274,7,350,edge-76,2,edge,3600.0,0.0500,0.0100,9,2.171,0.8990,5,0.8372,,0.700,0,
9275,7,350,edge-76,2,edge,3700.0,0.0500,0.0100,10,2.174,0.9926,5,0.8344,,0.700,0,
9276,7,350,edge-76,2,edge,3800.0,0.0500,0.0100,9,2.124,0.9008,4,0.8298,,0.700,0,
9277,7,350,edge-76,2,edge,3900.0,0.0500,0.0100,9,2.124,0.9008,3,0.8252,,0.700,0,
9278,7,350,edge-76,2,edge,4000.0,0.0500,0.0100,10,2.196,0.9926,3,0.8205,,0.700,0,
9279,7,350,edge-76,2,edge,4100.0,0.0500,0.0100,10,2.196,0.9926,2,0.8159,,0.700,0,
9280,7,350,edge-76,2,edge,4200.0,0.0500,0.0100,9,2.146,0.8990,1,0.8112,,0.700,0,
9281,7,350,edge-76,2,edge,4300.0,0.0500,0.0100,10,2.142,0.9926,2,0.8084,,0.700,0,
9282,7,350,edge-76,2,edge,4400.0,0.0500,0.0100,10,2.142,0.9926,2,0.8038,,0.700,0,
9283,7,350,edge-76,2,edge,4500.0,0.0500,0.0100,10,2.142,0.9926,1,0.7992,,0.700,0,
9284,7,350,edge-76,2,edge,4600.0,0.0500,0.0100,10,2.142,0.9926,1,0.7945,,0.700,0,
9285,7,350,edge-76,2,edge,4700.0,0.0500,0.0100,9,2.092,0.9008,1,0.7899,,0.700,0,
9286,7,350,edge-76,2,edge,4800.0,0.0500,0.0100,10,2.142,0.9926,0,0.7852,,0.700,0,
9287,7,350,edge-76,2,edge,4900.0,0.0500,0.0100,10,2.142,0.9926,0,0.7806,,0.700,0,
9288,7,350,edge-76,2,edge,5000.0,0.0500,0.0100,10,2.288,0.9926,1,0.7759,,0.700,0,
9289,7,353,edge-77,2,edge,0.0,0.0000,0.0100,0,2.062,,1,1.0000,,0.700,0,
9290,7,353,edge-77,2,edge,100.0,0.0200,0.0100,4,2.262,1.0000,1,0.9904,,0.700,0,
9291,7,353,edge-77,2,edge,200.0,0.0500,0.0100,9,2.512,0.9008,1,0.9858,,0.700,0,
9292,7,353,edge-77,2,edge,300.0,0.0500,0.0100,10,2.562,0.9926,1,0.9812,,0.700,0,
9293,7,353,edge-77,2,edge,400.0,0.0500,0.0100,10,2.205,0.9926,1,0.9765,,0.700,0,
9294,7,353,edge-77,2,edge,500.0,0.0500,0.0100,10,2.205,0.9926,0,0.9719,,0.700,0,
9295,7,353,edge-77,2,edge,600.0,0.0500,0.0100,10,2.205,0.9926,0,0.9672,,0.700,0,
9296,7,353,edge-77,2,edge,700.0,0.0500,0.0100,7,2.055,0.6543,0,0.9626,,0.700,0,
9297,7,353,edge-77,2,edge,800.0,0.0500,0.0100,10,2.334,0.9926,1,0.9598,,0.700,0,
9298,7,353,edge-77,2,edge,900.0,0.0500,0.0100,8,2.234,0.7900,1,0.9552,,0.700,0,
9299,7,353,edge-77,2,edge,1000.0,0.0500,0.0100,10,2.151,0.9926,2,0.9524,,0.700,0,
9300,7,353,edge-77,2,edge,1100.0,0.0500,0.0100,9,2.101,0.9008,2,0.9477,,0.700,0,
9301,7,353,edge-77,2,edge,1200.0,0.0500,0.0100,10,2.353,0.9926,3,0.9431,,0.700,0,
9302,7,353,edge-77,2,edge,1300.0,0.0500,0.0100,9,2.303,0.9008,2,0.9384,,0.700,0,
9303,7,353,edge-77,2,edge,1400.0,0.0500,0.0100,9,2.303,0.9008,2,0.9338,,0.700,0,
9304,7,353,edge-77,2,edge,1500.0,0.0500,0.0100,9,2.269,0.8990,2,0.9292,,0.700,0,
9305,7,353,edge-77,2,edge,1600.0,0.0500,0.0100,10,2.319,0.9926,2,0.9264,,0.700,0,
9306,7,353,edge-77,2,edge,1700.0,0.0500,0.0100,10,2.319,0.9926,1,0.9217,,0.700,0,
9307,7,353,edge-77,2,edge,1800.0,0.0500,0.0100,10,2.319,0.9926,1,0.9171,,0.700,0,
9308,7,353,edge-77,2,edge,1900.0,0.0500,0.0100,9,2.026,0.9008,2,0.9124,,0.700,0,
9309,7,353,edge-77,2,edge,2000.0,0.0500,0.0100,9,2.026,0.9008,1,0.9078,,0.700,0,
9310,7,353,edge-77,2,edge,2100.0,0.0500,0.0100,10,2.076,0.9926,1,0.9032,,0.700,0,
9311,7,353,edge-77,2,edge,2200.0,0.0500,0.0100,9,2.300,0.9008,2,0.8985,,0.700,0,
9312,7,353,edge-77,2,edge,2300.0,0.0500,0.0100,7,2.200,0.6543,2,0.8939,,0.700,0,
9313,7,353,edge-77,2,edge,2400.0,0.0500,0.0100,10,2.116,0.9926,2,0.8911,,0.700,0,
9314,7,353,edge-77,2,edge,2500.0,0.0500,0.0100,10,2.362,0.9926,3,0.8864,,0.700,0,
9315,7,353,edge-77,2,edge,2600.0,0.0500,0.0100,10,2.059,0.9926,4,0.8818,,0.700,0,
9316,7,353,edge-77,2,edge,2700.0,0.0500,0.0100,9,2.147,0.9008,4,0.8772,,0.700,0,
9317,7,353,edge-77,2,edge,2800.0,0.0500,0.0100,10,2.413,0.9926,5,0.8725,,0.700,0,
9318,7,353,edge-77,2,edge,2900.0,0.0500,0.0100,10,2.068,0.9926,5,0.8679,,0.700,0,
9319,7,353,edge-77,2,edge,3000.0,0.0500,0.0100,10,2.068,0.9926,4,0.8632,,0.700,0,
9320,7,353,edge-77,2,edge,3100.0,0.0500,0.0100,10,2.206,0.9926,4,0.8586,,0.700,0,
9321,7,353,edge-77,2,edge,3200.0,0.0500,0.0100,9,2.211,0.9008,4,0.8539,,0.700,0,
9322,7,353,edge-77,2,edge,3300.0,0.0500,0.0100,8,2.131,0.7911,4,0.8493,,0.700,0,
9323,7,353,edge-77,2,edge,3400.0,0.0500,0.0100,9,2.181,0.9008,3,0.8446,,0.700,0,
9324,7,353,edge-77,2,edge,3500.0,0.0500,0.0100,10,2.231,0.9926,3,0.8400,,0.700,0,
9325,7,353,edge-77,2,edge,3600.0,0.0500,0.0100,10,2.068,0.9926,3,0.8353,,0.700,0,
9326,7,353,edge-77,2,edge,3700.0,0.0500,0.0100,10,2.068,0.9926,2,0.8307,,0.700,0,
9327,7,353,edge-77,2,edge,3800.0,0.0500,0.0100,9,2.018,0.9008,1,0.8260,,0.700,0,
9328,7,353,edge-77,2,edge,3900.0,0.0500,0.0100,8,1.968,0.7911,1,0.8214,,0.700,0,
9329,7,353,edge-77,2,edge,4000.0,0.0500,0.0100,9,2.018,0.8990,1,0.8167,,0.700,0,
9330,7,353,edge-77,2,edge,4100.0,0.0500,0.0100,9,2.018,0.9008,0,0.8140,,0.700,0,
9331,7,353,edge-77,2,edge,4200.0,0.0500,0.0100,9,2.018,0.8990,0,0.8093,,0.700,0,
9332,7,353,edge-77,2,edge,4300.0,0.0500,0.0100,10,2.068,0.9926,0,0.8066,,0.700,0,
9333,7,353,edge-77,2,edge,4400.0,0.0500,0.0100,10,2.068,0.9926,0,0.8019,,0.700,0,
9334,7,353,edge-77,2,edge,4500.0,0.0500,0.0100,9,2.018,0.9008,0,0.7973,,0.700,0,
9335,7,353,edge-77,2,edge,4600.0,0.0500,0.0100,9,2.018,0.9008,0,0.7926,,0.700,0,
9336,7,353,edge-77,2,edge,4700.0,0.0500,0.0100,9,2.018,0.9008,0,0.7880,,0.700,0,
9337,7,353,edge-77,2,edge,4800.0,0.0500,0.0100,9,2.018,0.8990,0,0.7833,,0.700,0,
9338,7,353,edge-77,2,edge,4900.0,0.0500,0.0100,9,2.018,0.8990,0,0.7806,,0.700,0,
9339,7,353,edge-77,2,edge,5000.0,0.0500,0.0100,8,1.968,0.7911,0,0.7778,,0.700,0,
9340,7,356,edge-78,2,edge,0.0,0.0000,0.0100,0,1.888,,1,1.0000,,0.700,0,
9341,7,356,edge-78,2,edge,100.0,0.0200,0.0100,4,2.088,1.0000,1,0.9904,,0.700,0,
9342,7,356,edge-78,2,edge,200.0,0.0500,0.0100,10,2.388,0.9926,1,0.9858,,0.700,0,
9343,7,356,edge-78,2,edge,300.0,0.0500,0.0100,10,2.388,0.9926,1,0.9812,,0.700,0,
9344,7,356,edge-78,2,edge,400.0,0.0500,0.0100,10,2.228,0.9926,2,0.9765,,0.700,0,
9345,7,356,edge-78,2,edge,500.0,0.0500,0.0100,10,2.228,0.9926,1,0.9719,,0.700,0,
9346,7,356,edge-78,2,edge,600.0,0.0500,0.0100,10,2.228,0.9926,1,0.9672,,0.700,0,
9347,7,356,edge-78,2,edge,700.0,0.0500,0.0100,9,2.178,0.8990,1,0.9626,,0.700,0,
9348,7,356,edge-78,2,edge,800.0,0.0500,0.0100,7,2.059,0.6543,1,0.9598,,0.700,0,
9349,7,356,edge-78,2,edge,900.0,0.0500,0.0100,10,2.040,0.9926,1,0.9570,,0.700,0,
9350,7,356,edge-78,2,edge,1000.0,0.0500,0.0100,10,2.040,0.9926,1,0.9524,,0.700,0,
9351,7,356,edge-78,2,edge,1100.0,0.0500,0.0100,9,2.210,0.9008,2,0.9477,,0.700,0,
9352,7,356,edge-78,2,edge,1200.0,0.0500,0.0100,10,2.036,0.9926,3,0.9431,,0.700,0,
9353,7,356,edge-78,2,edge,1300.0,0.0500,0.0100,10,2.516,0.9926,3,0.9384,,0.700,0,
9354,7,356,edge-78,2,edge,1400.0,0.0500,0.0100,10,2.516,0.9926,2,0.9338,,0.700,0,
9355,7,356,edge-78,2,edge,1500.0,0.0500,0.0100,10,2.516,0.9926,2,0.9292,,0.700,0,
9356,7,356,edge-78,2,edge,1600.0,0.0500,0.0100,9,2.439,0.9008,2,0.9245,,0.700,0,
9357,7,356,edge-78,2,edge,1700.0,0.0500,0.0100,9,2.439,0.8990,1,0.9199,,0.700,0,
9358,7,356,edge-78,2,edge,1800.0,0.0500,0.0100,8,2.161,0.7900,2,0.9171,,0.700,0,
9359,7,356,edge-78,2,edge,1900.0,0.0500,0.0100,10,2.261,0.9926,2,0.9143,,0.700,0,
9360,7,356,edge-78,2,edge,2000.0,0.0500,0.0100,10,2.261,0.9926,2,0.9097,,0.700,0,
9361,7,356,edge-78,2,edge,2100.0,0.0500,0.0100,10,2.261,0.9926,1,0.9050,,0.700,0,
9362,7,356,edge-78,2,edge,2200.0,0.0500,0.0100,9,2.211,0.8990,1,0.9004,,0.700,0,
9363,7,356,edge-78,2,edge,2300.0,0.0500,0.0100,10,2.261,0.9926,0,0.8976,,0.700,0,
9364,7,356,edge-78,2,edge,2400.0,0.0500,0.0100,10,2.286,0.9926,0,0.8930,,0.700,0,
9365,7,356,edge-78,2,edge,2500.0,0.0500,0.0100,9,2.161,0.9008,0,0.8883,,0.700,0,
9366,7,356,edge-78,2,edge,2600.0,0.0500,0.0100,9,2.161,0.9008,0,0.8837,,0.700,0,
9367,7,356,edge-78,2,edge,2700.0,0.0500,0.0100,10,2.211,0.9926,0,0.8790,,0.700,0,
9368,7,356,edge-78,2,edge,2800.0,0.0500,0.0100,9,2.141,0.9008,1,0.8744,,0.700,0,
9369,7,356,edge-78,2,edge,2900.0,0.0500,0.0100,10,2.314,0.9926,1,0.8697,,0.700,0,
9370,7,356,edge-78,2,edge,3000.0,0.0500,0.0100,10,2.295,0.9926,2,0.8651,,0.700,0,
9371,7,356,edge-78,2,edge,3100.0,0.0500,0.0100,10,2.053,0.9926,3,0.8604,,0.700,0,
9372,7,356,edge-78,2,edge,3200.0,0.0500,0.0100,9,2.199,0.8990,4,0.8558,,0.700,0,
9373,7,356,edge-78,2,edge,3300.0,0.0500,0.0100,10,2.145,0.9926,4,0.8530,,0.700,0,
9374,7,356,edge-78,2,edge,3400.0,0.0500,0.0100,10,2.145,0.9926,4,0.8484,,0.700,0,
9375,7,356,edge-78,2,edge,3500.0,0.0500,0.0100,10,2.145,0.9926,3,0.8437,,0.700,0,
9376,7,356,edge-78,2,edge,3600.0,0.0500,0.0100,9,2.095,0.9008,2,0.8391,,0.700,0,
9377,7,356,edge-78,2,edge,3700.0,0.0500,0.0100,9,2.240,0.9008,2,0.8344,,0.700,0,
9378,7,356,edge-78,2,edge,3800.0,0.0500,0.0100,10,2.239,0.9926,2,0.8298,,0.700,0,
9379,7,356,edge-78,2,edge,3900.0,0.0500,0.0100,10,2.514,0.9926,2,0.8252,,0.700,0,
9380,7,356,edge-78,2,edge,4000.0,0.0500,0.0100,9,2.464,0.9008,2,0.8205,,0.700,0,
9381,7,356,edge-78,2,edge,4100.0,0.0500,0.0100,10,2.514,0.9926,2,0.8159,,0.700,0,
9382,7,356,edge-78,2,edge,4200.0,0.0500,0.0100,9,2.464,0.9008,1,0.8112,,0.700,0,
9383,7,356,edge-78,2,edge,4300.0,0.0500,0.0100,10,2.514,0.9926,0,0.8066,,0.700,0,
9384,7,356,edge-78,2,edge,4400.0,0.0500,0.0100,9,2.464,0.9008,0,0.8019,,0.700,0,
9385,7,356,edge-78,2,edge,4500.0,0.0500,0.0100,9,2.471,0.8990,1,0.7973,,0.700,0,
9386,7,356,edge-78,2,edge,4600.0,0.0500,0.0100,10,2.521,0.9926,1,0.7945,,0.700,0,
9387,7,356,edge-78,2,edge,4700.0,0.0500,0.0100,10,2.253,0.9926,2,0.7899,,0.700,0,
9388,7,356,edge-78,2,edge,4800.0,0.0500,0.0100,10,2.237,0.9926,3,0.7852,,0.700,0,
9389,7,356,edge-78,2,edge,4900.0,0.0500,0.0100,10,2.447,0.9926,4,0.7806,,0.700,0,
9390,7,356,edge-78,2,edge,5000.0,0.0500,0.0100,9,2.375,0.9008,3,0.7759,,0.700,0,
9391,7,359,edge-79,2,edge,0.0,0.0000,0.0100,0,1.695,,1,1.0000,,0.700,0,
9392,7,359,edge-79,2,edge,100.0,0.0200,0.0100,4,1.895,1.0000,1,0.9904,,0.700,0,
9393,7,359,edge-79,2,edge,200.0,0.0500,0.0100,9,2.145,0.9008,1,0.9858,,0.700,0,
9394,7,359,edge-79,2,edge,300.0,0.0500,0.0100,9,2.402,0.9008,2,0.9812,,0.700,0,
9395,7,359,edge-79,2,edge,400.0,0.0500,0.0100,10,2.452,0.9926,2,0.9765,,0.700,0,
9396,7,359,edge-79,2,edge,500.0,0.0500,0.0100,10,2.452,0.9926,1,0.9719,,0.700,0,
9397,7,359,edge-79,2,edge,600.0,0.0500,0.0100,9,2.402,0.9008,1,0.9672,,0.700,0,
9398,7,359,edge-79,2,edge,700.0,0.0500,0.0100,10,2.452,0.9926,1,0.9626,,0.700,0,
9399,7,359,edge-79,2,edge,800.0,0.0500,0.0100,10,2.452,0.9926,0,0.9579,,0.700,0,
9400,7,359,edge-79,2,edge,900.0,0.0500,0.0100,10,2.452,0.9926,0,0.9533,,0.700,0,
9401,7,359,edge-79,2,edge,1000.0,0.0500,0.0100,7,2.302,0.6547,0,0.9486,,0.700,0,
9402,7,359,edge-79,2,edge,1100.0,0.0500,0.0100,10,2.452,0.9926,0,0.9440,,0.700,0,
9403,7,359,edge-79,2,edge,1200.0,0.0500,0.0100,10,2.097,0.9926,1,0.9393,,0.700,0,
9404,7,359,edge-79,2,edge,1300.0,0.0500,0.0100,10,2.210,0.9926,2,0.9347,,0.700,0,
9405,7,359,edge-79,2,edge,1400.0,0.0500,0.0100,9,2.205,0.9008,3,0.9300,,0.700,0,
9406,7,359,edge-79,2,edge,1500.0,0.0500,0.0100,10,2.255,0.9926,3,0.9254,,0.700,0,
9407,7,359,edge-79,2,edge,1600.0,0.0500,0.0100,10,2.255,0.9926,3,0.9207,,0.700,0,
9408,7,359,edge-79,2,edge,1700.0,0.0500,0.0100,10,2.083,0.9926,3,0.9161,,0.700,0,
9409,7,359,edge-79,2,edge,1800.0,0.0500,0.0100,9,2.033,0.9008,2,0.9114,,0.700,0,
9410,7,359,edge-79,2,edge,1900.0,0.0500,0.0100,10,2.083,0.9926,1,0.9068,,0.700,0,
9411,7,359,edge-79,2,edge,2000.0,0.0500,0.0100,10,2.083,0.9926,1,0.9021,,0.700,0,
9412,7,359,edge-79,2,edge,2100.0,0.0500,0.0100,10,2.083,0.9926,1,0.8975,,0.700,0,
9413,7,359,edge-79,2,edge,2200.0,0.0500,0.0100,10,2.191,0.9926,1,0.8928,,0.700,0,
9414,7,359,edge-79,2,edge,2300.0,0.0500,0.0100,10,2.191,0.9926,1,0.8882,,0.700,0,
9415,7,359,edge-79,2,edge,2400.0,0.0500,0.0100,9,2.141,0.9008,1,0.8836,,0.700,0,
9416,7,359,edge-79,2,edge,2500.0,0.0500,0.0100,10,2.208,0.9926,2,0.8789,,0.700,0,
9417,7,359,edge-79,2,edge,2600.0,0.0500,0.0100,10,2.192,0.9926,2,0.8743,,0.700,0,
9418,7,359,edge-79,2,edge,2700.0,0.0500,0.0100,9,2.250,0.9008,2,0.8696,,0.700,0,
9419,7,359,edge-79,2,edge,2800.0,0.0500,0.0100,9,2.250,0.9008,2,0.8650,,0.700,0,
9420,7,359,edge-79,2,edge,2900.0,0.0500,0.0100,9,2.250,0.9008,2,0.8603,,0.700,0,
9421,7,359,edge-79,2,edge,3000.0,0.0500,0.0100,10,2.361,0.9926,1,0.8557,,0.700,0,
9422,7,359,edge-79,2,edge,3100.0,0.0500,0.0100,9,2.076,0.9008,2,0.8510,,0.700,0,
9423,7,359,edge-79,2,edge,3200.0,0.0500,0.0100,9,2.209,0.9008,2,0.8464,,0.700,0,
9424,7,359,edge-79,2,edge,3300.0,0.0500,0.0100,10,2.190,0.9926,3,0.8417,,0.700,0,
9425,7,359,edge-79,2,edge,3400.0,0.0500,0.0100,10,2.115,0.9926,4,0.8371,,0.700,0,
9426,7,359,edge-79,2,edge,3500.0,0.0500,0.0100,10,2.107,0.9926,5,0.8324,,0.700,0,
9427,7,359,edge-79,2,edge,3600.0,0.0500,0.0100,9,2.358,0.9008,4,0.8278,,0.700,0,
9428,7,359,edge-79,2,edge,3700.0,0.0500,0.0100,10,2.408,0.9926,3,0.8231,,0.700,0,
9429,7,359,edge-79,2,edge,3800.0,0.0500,0.0100,9,1.989,0.9008,3,0.8185,,0.700,0,
9430,7,359,edge-79,2,edge,3900.0,0.0500,0.0100,10,2.039,0.9926,2,0.8138,,0.700,0,
9431,7,359,edge-79,2,edge,4000.0,0.0500,0.0100,10,2.177,0.9926,2,0.8092,,0.700,0,
9432,7,359,edge-79,2,edge,4100.0,0.0500,0.0100,10,2.177,0.9926,2,0.8045,,0.700,0,
9433,7,359,edge-79,2,edge,4200.0,0.0500,0.0100,7,1.946,0.6547,3,0.7999,,0.700,0,
9434,7,359,edge-79,2,edge,4300.0,0.0500,0.0100,10,2.096,0.9926,2,0.7952,,0.700,0,
9435,7,359,edge-79,2,edge,4400.0,0.0500,0.0100,9,2.245,0.9008,3,0.7906,,0.700,0,
9436,7,359,edge-79,2,edge,4500.0,0.0500,0.0100,10,2.143,0.9926,3,0.7860,,0.700,0,
9437,7,359,edge-79,2,edge,4600.0,0.0500,0.0100,10,2.166,0.9926,4,0.7813,,0.700,0,
9438,7,359,edge-79,2,edge,4700.0,0.0500,0.0100,10,2.268,0.9926,4,0.7767,,0.700,0,
9439,7,359,edge-79,2,edge,4800.0,0.0500,0.0100,10,2.268,0.9926,4,0.7720,,0.700,0,
9440,7,359,edge-79,2,edge,4900.0,0.0500,0.0100,8,2.168,0.7911,3,0.7674,,0.700,0,
9441,7,359,edge-79,2,edge,5000.0,0.0500,0.0100,10,2.268,0.9926,2,0.7627,,0.700,0,
