case_id,scenario_id,node_id,node_name,level,device_class,epoch,cpu_util,ram_util,queue_depth,uplink_latency,jitter_pktloss,handover_rate,residual_energy,temperature,reliability_prior,ground_truth_fail,failure_time
1,3,3,cloud,0,cloud,0.0,0.0000,0.0025,0,0.000,,0,1.0000,,0.990,0,
2,3,3,cloud,0,cloud,100.0,0.0000,0.0025,0,0.000,,0,0.9959,,0.990,0,
3,3,3,cloud,0,cloud,200.0,0.0000,0.0025,95,475.000,1.0000,0,0.9918,,0.990,0,
4,3,3,cloud,0,cloud,300.0,0.0031,0.0025,257,1355.000,1.0000,0,0.9877,,0.990,0,
5,3,3,cloud,0,cloud,400.0,0.0042,0.0025,234,1265.000,1.0000,0,0.9835,,0.990,0,
6,3,3,cloud,0,cloud,500.0,0.0051,0.0025,254,1385.000,1.0000,0,0.9794,,0.990,0,
7,3,3,cloud,0,cloud,600.0,0.0063,0.0025,282,1550.000,1.0000,0,0.9753,,0.990,0,
8,3,3,cloud,0,cloud,700.0,0.0074,0.0025,247,1400.000,1.0000,0,0.9711,,0.990,0,
9,3,3,cloud,0,cloud,800.0,0.0089,0.0025,304,1720.000,1.0000,0,0.9669,,0.990,0,
10,3,3,cloud,0,cloud,900.0,0.0096,0.0025,330,1865.000,1.0000,0,0.9628,,0.990,0,
11,3,3,cloud,0,cloud,1000.0,0.0103,0.0025,307,1765.000,1.0000,0,0.9586,,0.990,0,
12,3,3,cloud,0,cloud,1100.0,0.0109,0.0025,289,1690.000,1.0000,0,0.9545,,0.990,0,
13,3,3,cloud,0,cloud,1200.0,0.0121,0.0025,306,1800.000,1.0000,0,0.9503,,0.990,0,
14,3,3,cloud,0,cloud,1300.0,0.0127,0.0025,330,1935.000,1.0000,0,0.9462,,0.990,0,
15,3,3,cloud,0,cloud,1400.0,0.0136,0.0025,289,1750.000,1.0000,0,0.9420,,0.990,0,
16,3,3,cloud,0,cloud,1500.0,0.0152,0.0025,299,1835.000,1.0000,0,0.9379,,0.990,0,
17,3,3,cloud,0,cloud,1600.0,0.0161,0.0025,289,1805.000,1.0000,0,0.9337,,0.990,0,
18,3,3,cloud,0,cloud,1700.0,0.0179,0.0025,360,2200.000,1.0000,0,0.9295,,0.990,0,
19,3,3,cloud,0,cloud,1800.0,0.0181,0.0025,301,1910.000,1.0000,0,0.9254,,0.990,0,
20,3,3,cloud,0,cloud,1900.0,0.0196,0.0025,344,2160.000,1.0000,0,0.9212,,0.990,0,
21,3,3,cloud,0,cloud,2000.0,0.0201,0.0025,358,2240.000,1.0000,0,0.9170,,0.990,0,
22,3,3,cloud,0,cloud,2100.0,0.0205,0.0025,360,2260.000,1.0000,0,0.9129,,0.990,0,
23,3,3,cloud,0,cloud,2200.0,0.0208,0.0025,355,2240.000,1.0000,0,0.9087,,0.990,0,
24,3,3,cloud,0,cloud,2300.0,0.0219,0.0025,375,2365.000,1.0000,0,0.9045,,0.990,0,
25,3,3,cloud,0,cloud,2400.0,0.0225,0.0025,363,2320.000,1.0000,0,0.9004,,0.990,0,
26,3,3,cloud,0,cloud,2500.0,0.0228,0.0025,373,2375.000,1.0000,0,0.8962,,0.990,0,
27,3,3,cloud,0,cloud,2600.0,0.0237,0.0025,345,2255.000,1.0000,0,0.8920,,0.990,0,
28,3,3,cloud,0,cloud,2700.0,0.0248,0.0025,332,2215.000,1.0000,0,0.8879,,0.990,0,
29,3,3,cloud,0,cloud,2800.0,0.0261,0.0025,318,2175.000,1.0000,0,0.8837,,0.990,0,
30,3,3,cloud,0,cloud,2900.0,0.0277,0.0025,372,2480.000,1.0000,0,0.8795,,0.990,0,
31,3,3,cloud,0,cloud,3000.0,0.0286,0.0025,338,2330.000,1.0000,0,0.8753,,0.990,0,
32,3,3,cloud,0,cloud,3100.0,0.0304,0.0025,375,2555.000,1.0000,0,0.8711,,0.990,0,
33,3,3,cloud,0,cloud,3200.0,0.0310,0.0025,360,2495.000,1.0000,0,0.8670,,0.990,0,
34,3,3,cloud,0,cloud,3300.0,0.0319,0.0025,414,2785.000,1.0000,0,0.8628,,0.990,0,
35,3,3,cloud,0,cloud,3400.0,0.0326,0.0025,370,2580.000,1.0000,0,0.8586,,0.990,0,
36,3,3,cloud,0,cloud,3500.0,0.0339,0.0025,394,2730.000,1.0000,0,0.8544,,0.990,0,
37,3,3,cloud,0,cloud,3600.0,0.0344,0.0025,385,2695.000,1.0000,0,0.8502,,0.990,0,
38,3,3,cloud,0,cloud,3700.0,0.0353,0.0025,422,2900.000,1.0000,0,0.8460,,0.990,0,
39,3,3,cloud,0,cloud,3800.0,0.0357,0.0025,388,2740.000,1.0000,0,0.8418,,0.990,0,
40,3,3,cloud,0,cloud,3900.0,0.0371,0.0025,427,2965.000,1.0000,0,0.8377,,0.990,0,
41,3,3,cloud,0,cloud,4000.0,0.0375,0.0025,399,2835.000,1.0000,0,0.8335,,0.990,0,
42,3,3,cloud,0,cloud,4100.0,0.0386,0.0025,443,3080.000,1.0000,0,0.8293,,0.990,0,
43,3,3,cloud,0,cloud,4200.0,0.0393,0.0025,409,2925.000,1.0000,0,0.8251,,0.990,0,
44,3,3,cloud,0,cloud,4300.0,0.0402,0.0025,374,2770.000,1.0000,0,0.8209,,0.990,0,
45,3,3,cloud,0,cloud,4400.0,0.0417,0.0025,389,2880.000,1.0000,0,0.8167,,0.990,0,
46,3,3,cloud,0,cloud,4500.0,0.0426,0.0025,402,2965.000,1.0000,0,0.8125,,0.990,0,
47,3,3,cloud,0,cloud,4600.0,0.0440,0.0025,372,2845.000,1.0000,0,0.8083,,0.990,0,
48,3,3,cloud,0,cloud,4700.0,0.0453,0.0025,400,3015.000,1.0000,0,0.8041,,0.990,0,
49,3,3,cloud,0,cloud,4800.0,0.0460,0.0025,419,3125.000,1.0000,0,0.7999,,0.990,0,
50,3,3,cloud,0,cloud,4900.0,0.0469,0.0025,429,3195.000,1.0000,0,0.7957,,0.990,0,
51,3,3,cloud,0,cloud,5000.0,0.0482,0.0025,465,3405.000,1.0000,0,0.7915,,0.990,0,
52,3,4,fog-13,1,fog,0.0,0.0000,0.5000,0,100.000,,0,1.0000,,0.850,0,4970.0
53,3,4,fog-13,1,fog,100.0,0.0000,0.5000,0,100.000,,0,0.9950,,0.850,0,4970.0
54,3,4,fog-13,1,fog,200.0,0.0000,0.5000,0,100.000,,0,0.9900,,0.850,0,4970.0
55,3,4,fog-13,1,fog,300.0,0.0000,0.5000,0,100.000,,0,0.9850,,0.850,0,4970.0
56,3,4,fog-13,1,fog,400.0,0.0000,0.5000,0,100.000,,0,0.9800,,0.850,0,4970.0
57,3,4,fog-13,1,fog,500.0,1.0000,0.5000,25,100.800,0.8151,0,0.9750,,0.850,0,4970.0
58,3,4,fog-13,1,fog,600.0,1.0000,0.5000,31,100.950,0.8766,0,0.9700,,0.850,0,4970.0
59,3,4,fog-13,1,fog,700.0,0.9643,0.5000,33,101.000,0.9337,0,0.9650,,0.850,0,4970.0
60,3,4,fog-13,1,fog,800.0,0.8571,0.5000,30,100.950,0.8766,0,0.9600,,0.850,0,4970.0
61,3,4,fog-13,1,fog,900.0,1.0000,0.5000,35,101.050,0.9877,0,0.9550,,0.850,0,4970.0
62,3,4,fog-13,1,fog,1000.0,1.0000,0.5000,38,101.000,0.9338,0,0.9500,,0.850,0,4970.0
63,3,4,fog-13,1,fog,1100.0,1.0000,0.5000,42,101.000,0.9338,0,0.9450,,0.850,0,4970.0
64,3,4,fog-13,1,fog,1200.0,0.9643,0.5000,40,100.950,0.8766,0,0.9400,,0.850,0,4970.0
65,3,4,fog-13,1,fog,1300.0,0.9643,0.5000,43,101.000,0.9338,0,0.9350,,0.850,0,4970.0
66,3,4,fog-13,1,fog,1400.0,1.0000,0.5000,47,101.100,1.0000,0,0.9300,,0.850,0,4970.0
67,3,4,fog-13,1,fog,1500.0,0.9643,0.5000,44,100.950,0.8766,0,0.9250,,0.850,0,4970.0
68,3,4,fog-13,1,fog,1600.0,0.8571,0.5000,41,101.000,0.9340,0,0.9200,,0.850,0,4970.0
69,3,4,fog-13,1,fog,1700.0,0.9643,0.5000,41,101.000,0.9340,0,0.9150,,0.850,0,4970.0
70,3,4,fog-13,1,fog,1800.0,0.9643,0.5000,40,100.950,0.8766,0,0.9100,,0.850,0,4970.0
71,3,4,fog-13,1,fog,1900.0,1.0000,0.5000,47,101.050,0.9877,0,0.9050,,0.850,0,4970.0
72,3,4,fog-13,1,fog,2000.0,1.0000,0.5000,48,101.000,0.9338,0,0.9000,,0.850,0,4970.0
73,3,4,fog-13,1,fog,2100.0,0.9643,0.5000,47,101.000,0.9337,0,0.8950,,0.850,0,4970.0
74,3,4,fog-13,1,fog,2200.0,0.9643,0.5000,48,100.950,0.8766,0,0.8900,,0.850,0,4970.0
75,3,4,fog-13,1,fog,2300.0,0.8571,0.5000,45,101.000,0.9337,0,0.8850,,0.850,0,4970.0
76,3,4,fog-13,1,fog,2400.0,1.0000,0.5000,49,101.050,0.9879,0,0.8800,,0.850,0,4970.0
77,3,4,fog-13,1,fog,2500.0,0.9643,0.5000,49,101.000,0.9338,0,0.8750,,0.850,0,4970.0
78,3,4,fog-13,1,fog,2600.0,0.8571,0.5000,44,100.950,0.9531,0,0.8700,,0.850,0,4970.0
79,3,4,fog-13,1,fog,2700.0,1.0000,0.5000,51,101.150,1.0000,0,0.8650,,0.850,0,4970.0
80,3,4,fog-13,1,fog,2800.0,0.8571,0.5000,45,101.050,1.0000,0,0.8600,,0.850,0,4970.0
81,3,4,fog-13,1,fog,2900.0,0.7500,0.5000,38,101.100,0.9882,0,0.8550,,0.850,0,4970.0
82,3,4,fog-13,1,fog,3000.0,0.9643,0.5000,38,101.100,1.0000,0,0.8500,,0.850,0,4970.0
83,3,4,fog-13,1,fog,3100.0,0.8571,0.5000,35,101.050,0.9340,0,0.8450,,0.850,0,4970.0
84,3,4,fog-13,1,fog,3200.0,0.8571,0.5000,32,101.100,0.9882,0,0.8400,,0.850,0,4970.0
85,3,4,fog-13,1,fog,3300.0,0.8571,0.5000,29,101.050,0.9340,0,0.8350,,0.850,0,4970.0
86,3,4,fog-13,1,fog,3400.0,1.0000,0.5000,37,101.150,1.0000,0,0.8300,,0.850,0,4970.0
87,3,4,fog-13,1,fog,3500.0,0.8571,0.5000,31,101.050,0.9340,0,0.8250,,0.850,0,4970.0
88,3,4,fog-13,1,fog,3600.0,0.8571,0.5000,27,101.050,1.0000,0,0.8200,,0.850,0,4970.0
89,3,4,fog-13,1,fog,3700.0,0.9643,0.5000,29,101.050,0.9339,0,0.8150,,0.850,0,4970.0
90,3,4,fog-13,1,fog,3800.0,0.9643,0.5000,32,101.100,0.9878,0,0.8100,,0.850,0,4970.0
91,3,4,fog-13,1,fog,3900.0,1.0000,0.5000,38,101.100,0.9879,0,0.8050,,0.850,0,4970.0
92,3,4,fog-13,1,fog,4000.0,1.0000,0.5000,41,101.050,0.9340,0,0.8000,,0.850,0,4970.0
93,3,4,fog-13,1,fog,4100.0,1.0000,0.5000,89,101.450,1.0000,0,0.7950,,0.850,0,4970.0
94,3,4,fog-13,1,fog,4200.0,1.0000,0.5000,151,101.800,1.0000,0,0.7900,,0.850,0,4970.0
95,3,4,fog-13,1,fog,4300.0,1.0000,0.5000,205,101.900,1.0000,0,0.7850,,0.850,0,4970.0
96,3,4,fog-13,1,fog,4400.0,1.0000,0.5000,253,101.850,1.0000,0,0.7800,,0.850,0,4970.0
97,3,4,fog-13,1,fog,4500.0,1.0000,0.5000,291,101.750,1.0000,0,0.7750,,0.850,0,4970.0
98,3,4,fog-13,1,fog,4600.0,1.0000,0.5000,344,101.900,1.0000,0,0.7700,,0.850,0,4970.0
99,3,4,fog-13,1,fog,4700.0,1.0000,0.5000,360,101.450,1.0000,0,0.7650,,0.850,0,4970.0
100,3,4,fog-13,1,fog,4800.0,1.0000,0.5000,390,101.400,1.0000,0,0.7600,,0.850,1,4970.0
101,3,4,fog-13,1,fog,4900.0,1.0000,0.5000,413,101.300,1.0000,0,0.7550,,0.850,1,4970.0
102,3,5,fog-14,1,fog,0.0,0.0000,0.5000,0,100.000,,0,1.0000,,0.850,0,362.9
103,3,5,fog-14,1,fog,100.0,0.4286,0.5000,9,100.250,0.5766,0,0.9950,,0.850,0,362.9
104,3,5,fog-14,1,fog,200.0,0.9643,0.5000,24,100.950,0.8735,0,0.9900,,0.850,1,362.9
105,3,5,fog-14,1,fog,300.0,0.9643,0.5000,26,100.950,0.8735,0,0.9850,,0.850,1,362.9
106,3,6,fog-15,1,fog,0.0,0.0000,0.5000,0,100.000,,0,1.0000,,0.850,0,
107,3,6,fog-15,1,fog,100.0,0.4286,0.5000,9,100.250,0.5766,0,0.9950,,0.850,0,
108,3,6,fog-15,1,fog,200.0,0.0000,0.5000,4,100.250,0.3714,0,0.9924,,0.850,0,
109,3,6,fog-15,1,fog,300.0,0.0000,0.5000,1,100.100,,0,0.9874,,0.850,0,
110,3,6,fog-15,1,fog,400.0,0.0000,0.5000,1,100.100,,0,0.9824,,0.850,0,
111,3,6,fog-15,1,fog,500.0,0.0000,0.5000,1,100.100,,0,0.9774,,0.850,0,
112,3,6,fog-15,1,fog,600.0,1.0000,0.5000,26,100.900,0.8132,0,0.9724,,0.850,0,
113,3,6,fog-15,1,fog,700.0,0.0000,0.5000,5,100.300,0.6056,0,0.9695,,0.850,0,
114,3,6,fog-15,1,fog,800.0,0.0000,0.5000,1,100.100,,0,0.9645,,0.850,0,
115,3,6,fog-15,1,fog,900.0,0.0000,0.5000,1,100.100,,0,0.9595,,0.850,0,
116,3,6,fog-15,1,fog,1000.0,0.0000,0.5000,1,100.100,,0,0.9545,,0.850,0,
117,3,6,fog-15,1,fog,1100.0,0.0000,0.5000,1,100.100,,0,0.9495,,0.850,0,
118,3,6,fog-15,1,fog,1200.0,0.0000,0.5000,1,100.100,,0,0.9445,,0.850,0,
119,3,6,fog-15,1,fog,1300.0,0.0000,0.5000,1,100.100,,0,0.9395,,0.850,0,
120,3,6,fog-15,1,fog,1400.0,0.0000,0.5000,1,100.100,,0,0.9345,,0.850,0,
121,3,6,fog-15,1,fog,1500.0,0.0000,0.5000,1,100.100,,0,0.9295,,0.850,0,
122,3,6,fog-15,1,fog,1600.0,0.0000,0.5000,1,100.100,,0,0.9245,,0.850,0,
123,3,6,fog-15,1,fog,1700.0,1.0000,0.5000,67,101.150,1.0000,0,0.9195,,0.850,0,
124,3,6,fog-15,1,fog,1800.0,0.0000,0.5000,28,100.750,1.0000,0,0.9145,,0.850,0,
125,3,6,fog-15,1,fog,1900.0,1.0000,0.5000,39,101.400,1.0000,0,0.9095,,0.850,0,
126,3,6,fog-15,1,fog,2000.0,0.0000,0.5000,9,100.600,0.8545,0,0.9062,,0.850,0,
127,3,6,fog-15,1,fog,2100.0,0.0000,0.5000,3,100.300,0.0000,0,0.9012,,0.850,0,
128,3,6,fog-15,1,fog,2200.0,0.0000,0.5000,3,100.300,0.0000,0,0.8962,,0.850,0,
129,3,6,fog-15,1,fog,2300.0,0.0000,0.5000,3,100.300,0.0000,0,0.8912,,0.850,0,
130,3,6,fog-15,1,fog,2400.0,0.9643,0.5000,24,101.050,0.8750,0,0.8862,,0.850,0,
131,3,6,fog-15,1,fog,2500.0,0.0000,0.5000,6,100.450,1.0000,0,0.8836,,0.850,0,
132,3,6,fog-15,1,fog,2600.0,0.0000,0.5000,3,100.300,0.0000,0,0.8786,,0.850,0,
133,3,6,fog-15,1,fog,2700.0,0.0000,0.5000,3,100.300,0.0000,0,0.8736,,0.850,0,
134,3,6,fog-15,1,fog,2800.0,0.0000,0.5000,3,100.300,0.0000,0,0.8686,,0.850,0,
135,3,6,fog-15,1,fog,2900.0,0.0000,0.5000,3,100.300,0.0000,0,0.8636,,0.850,0,
136,3,6,fog-15,1,fog,3000.0,0.0000,0.5000,3,100.300,0.0000,0,0.8586,,0.850,0,
137,3,6,fog-15,1,fog,3100.0,0.0000,0.5000,3,100.300,0.0000,0,0.8536,,0.850,0,
138,3,6,fog-15,1,fog,3200.0,1.0000,0.5000,29,101.100,0.9325,0,0.8486,,0.850,0,
139,3,6,fog-15,1,fog,3300.0,1.0000,0.5000,68,101.450,1.0000,0,0.8436,,0.850,0,
140,3,6,fog-15,1,fog,3400.0,0.0000,0.5000,28,101.100,1.0000,0,0.8386,,0.850,0,
141,3,6,fog-15,1,fog,3500.0,0.9643,0.5000,35,101.650,1.0000,0,0.8336,,0.850,0,
142,3,6,fog-15,1,fog,3600.0,0.0000,0.5000,10,100.800,1.0000,0,0.8307,,0.850,0,
143,3,6,fog-15,1,fog,3700.0,0.0000,0.5000,6,100.600,0.0000,0,0.8257,,0.850,0,
144,3,6,fog-15,1,fog,3800.0,0.0000,0.5000,6,100.600,0.0000,0,0.8207,,0.850,0,
145,3,6,fog-15,1,fog,3900.0,0.0000,0.5000,6,100.600,0.0000,0,0.8157,,0.850,0,
146,3,6,fog-15,1,fog,4000.0,1.0000,0.5000,32,101.400,1.0000,0,0.8107,,0.850,0,
147,3,6,fog-15,1,fog,4100.0,0.8571,0.5000,30,101.400,1.0000,0,0.8057,,0.850,0,
148,3,6,fog-15,1,fog,4200.0,0.0000,0.5000,11,100.900,1.0000,0,0.8027,,0.850,0,
149,3,6,fog-15,1,fog,4300.0,0.0000,0.5000,7,100.700,0.0000,0,0.7977,,0.850,0,
150,3,6,fog-15,1,fog,4400.0,0.0000,0.5000,7,100.700,0.0000,0,0.7927,,0.850,0,
151,3,6,fog-15,1,fog,4500.0,0.0000,0.5000,7,100.700,0.0000,0,0.7877,,0.850,0,
152,3,6,fog-15,1,fog,4600.0,0.0000,0.5000,7,100.700,0.0000,0,0.7827,,0.850,0,
153,3,6,fog-15,1,fog,4700.0,0.0000,0.5000,7,100.700,0.0000,0,0.7777,,0.850,0,
154,3,6,fog-15,1,fog,4800.0,1.0000,0.5000,34,101.500,1.0000,0,0.7727,,0.850,0,
155,3,6,fog-15,1,fog,4900.0,0.9643,0.5000,35,101.600,1.0000,0,0.7677,,0.850,0,
156,3,6,fog-15,1,fog,5000.0,0.0000,0.5000,15,101.200,1.0000,0,0.7648,,0.850,0,
157,3,7,fog-16,1,fog,0.0,0.0000,0.5000,0,100.000,,0,1.0000,,0.850,0,
158,3,7,fog-16,1,fog,100.0,0.0000,0.5000,0,100.000,,0,0.9950,,0.850,0,
159,3,7,fog-16,1,fog,200.0,0.0000,0.5000,0,100.000,,0,0.9900,,0.850,0,
160,3,7,fog-16,1,fog,300.0,0.0000,0.5000,0,100.000,,0,0.9850,,0.850,0,
161,3,7,fog-16,1,fog,400.0,0.0000,0.5000,0,100.000,,0,0.9800,,0.850,0,
162,3,7,fog-16,1,fog,500.0,0.0000,0.5000,0,100.000,,0,0.9750,,0.850,0,
163,3,7,fog-16,1,fog,600.0,0.0000,0.5000,0,100.000,,0,0.9700,,0.850,0,
164,3,7,fog-16,1,fog,700.0,0.0000,0.5000,0,100.000,,0,0.9650,,0.850,0,
165,3,7,fog-16,1,fog,800.0,0.0000,0.5000,0,100.000,,0,0.9600,,0.850,0,
166,3,7,fog-16,1,fog,900.0,0.0000,0.5000,0,100.000,,0,0.9550,,0.850,0,
167,3,7,fog-16,1,fog,1000.0,0.0000,0.5000,0,100.000,,0,0.9500,,0.850,0,
168,3,7,fog-16,1,fog,1100.0,0.0000,0.5000,0,100.000,,0,0.9450,,0.850,0,
169,3,7,fog-16,1,fog,1200.0,0.0000,0.5000,0,100.000,,0,0.9400,,0.850,0,
170,3,7,fog-16,1,fog,1300.0,0.0000,0.5000,0,100.000,,0,0.9350,,0.850,0,
171,3,7,fog-16,1,fog,1400.0,0.0000,0.5000,0,100.000,,0,0.9300,,0.850,0,
172,3,7,fog-16,1,fog,1500.0,0.0000,0.5000,0,100.000,,0,0.9250,,0.850,0,
173,3,7,fog-16,1,fog,1600.0,0.0000,0.5000,0,100.000,,0,0.9200,,0.850,0,
174,3,7,fog-16,1,fog,1700.0,0.0000,0.5000,0,100.000,,0,0.9150,,0.850,0,
175,3,7,fog-16,1,fog,1800.0,0.0000,0.5000,0,100.000,,0,0.9100,,0.850,0,
176,3,7,fog-16,1,fog,1900.0,0.0000,0.5000,0,100.000,,0,0.9050,,0.850,0,
177,3,7,fog-16,1,fog,2000.0,0.0000,0.5000,0,100.000,,0,0.9000,,0.850,0,
178,3,7,fog-16,1,fog,2100.0,0.0000,0.5000,0,100.000,,0,0.8950,,0.850,0,
179,3,7,fog-16,1,fog,2200.0,0.0000,0.5000,0,100.000,,0,0.8900,,0.850,0,
180,3,7,fog-16,1,fog,2300.0,0.0000,0.5000,0,100.000,,0,0.8850,,0.850,0,
181,3,7,fog-16,1,fog,2400.0,0.0000,0.5000,0,100.000,,0,0.8800,,0.850,0,
182,3,7,fog-16,1,fog,2500.0,0.0000,0.5000,0,100.000,,0,0.8750,,0.850,0,
183,3,7,fog-16,1,fog,2600.0,0.0000,0.5000,0,100.000,,0,0.8700,,0.850,0,
184,3,7,fog-16,1,fog,2700.0,0.0000,0.5000,0,100.000,,0,0.8650,,0.850,0,
185,3,7,fog-16,1,fog,2800.0,0.0000,0.5000,0,100.000,,0,0.8600,,0.850,0,
186,3,7,fog-16,1,fog,2900.0,0.0000,0.5000,0,100.000,,0,0.8550,,0.850,0,
187,3,7,fog-16,1,fog,3000.0,0.0000,0.5000,0,100.000,,0,0.8500,,0.850,0,
188,3,7,fog-16,1,fog,3100.0,0.0000,0.5000,0,100.000,,0,0.8450,,0.850,0,
189,3,7,fog-16,1,fog,3200.0,0.0000,0.5000,0,100.000,,0,0.8400,,0.850,0,
190,3,7,fog-16,1,fog,3300.0,0.0000,0.5000,0,100.000,,0,0.8350,,0.850,0,
191,3,7,fog-16,1,fog,3400.0,0.0000,0.5000,0,100.000,,0,0.8300,,0.850,0,
192,3,7,fog-16,1,fog,3500.0,0.0000,0.5000,0,100.000,,0,0.8250,,0.850,0,
193,3,7,fog-16,1,fog,3600.0,0.0000,0.5000,0,100.000,,0,0.8200,,0.850,0,
194,3,7,fog-16,1,fog,3700.0,0.0000,0.5000,0,100.000,,0,0.8150,,0.850,0,
195,3,7,fog-16,1,fog,3800.0,0.0000,0.5000,0,100.000,,0,0.8100,,0.850,0,
196,3,7,fog-16,1,fog,3900.0,0.0000,0.5000,0,100.000,,0,0.8050,,0.850,0,
197,3,7,fog-16,1,fog,4000.0,0.0000,0.5000,0,100.000,,0,0.8000,,0.850,0,
198,3,7,fog-16,1,fog,4100.0,0.0000,0.5000,0,100.000,,0,0.7950,,0.850,0,
199,3,7,fog-16,1,fog,4200.0,0.0000,0.5000,0,100.000,,0,0.7900,,0.850,0,
200,3,7,fog-16,1,fog,4300.0,0.0000,0.5000,0,100.000,,0,0.7850,,0.850,0,
201,3,7,fog-16,1,fog,4400.0,0.0000,0.5000,0,100.000,,0,0.7800,,0.850,0,
202,3,7,fog-16,1,fog,4500.0,0.0000,0.5000,0,100.000,,0,0.7750,,0.850,0,
203,3,7,fog-16,1,fog,4600.0,0.0000,0.5000,0,100.000,,0,0.7700,,0.850,0,
204,3,7,fog-16,1,fog,4700.0,0.0000,0.5000,0,100.000,,0,0.7650,,0.850,0,
205,3,7,fog-16,1,fog,4800.0,0.0000,0.5000,0,100.000,,0,0.7600,,0.850,0,
206,3,7,fog-16,1,fog,4900.0,0.0000,0.5000,0,100.000,,0,0.7550,,0.850,0,
207,3,7,fog-16,1,fog,5000.0,0.0000,0.5000,0,100.000,,0,0.7500,,0.850,0,
208,3,8,fog-17,1,fog,0.0,0.0000,0.5000,0,100.000,,0,1.0000,,0.850,0,2641.9
209,3,8,fog-17,1,fog,100.0,0.0000,0.5000,0,100.000,,0,0.9950,,0.850,0,2641.9
210,3,8,fog-17,1,fog,200.0,0.0000,0.5000,0,100.000,,0,0.9900,,0.850,0,2641.9
211,3,8,fog-17,1,fog,300.0,0.0000,0.5000,0,100.000,,0,0.9850,,0.850,0,2641.9
212,3,8,fog-17,1,fog,400.0,0.0000,0.5000,0,100.000,,0,0.9800,,0.850,0,2641.9
213,3,8,fog-17,1,fog,500.0,0.0000,0.5000,0,100.000,,0,0.9750,,0.850,0,2641.9
214,3,8,fog-17,1,fog,600.0,0.0000,0.5000,0,100.000,,0,0.9700,,0.850,0,2641.9
215,3,8,fog-17,1,fog,700.0,0.0000,0.5000,0,100.000,,0,0.9650,,0.850,0,2641.9
216,3,8,fog-17,1,fog,800.0,0.0000,0.5000,0,100.000,,0,0.9600,,0.850,0,2641.9
217,3,8,fog-17,1,fog,900.0,0.0000,0.5000,0,100.000,,0,0.9550,,0.850,0,2641.9
218,3,8,fog-17,1,fog,1000.0,0.0000,0.5000,0,100.000,,0,0.9500,,0.850,0,2641.9
219,3,8,fog-17,1,fog,1100.0,0.0000,0.5000,0,100.000,,0,0.9450,,0.850,0,2641.9
220,3,8,fog-17,1,fog,1200.0,0.9643,0.5000,20,100.700,0.6657,0,0.9400,,0.850,0,2641.9
221,3,8,fog-17,1,fog,1300.0,1.0000,0.5000,65,101.250,1.0000,0,0.9350,,0.850,0,2641.9
222,3,8,fog-17,1,fog,1400.0,0.0000,0.5000,21,100.700,1.0000,0,0.9300,,0.850,0,2641.9
223,3,8,fog-17,1,fog,1500.0,0.0000,0.5000,10,100.650,1.0000,0,0.9277,,0.850,0,2641.9
224,3,8,fog-17,1,fog,1600.0,0.0000,0.5000,3,100.300,0.0000,0,0.9227,,0.850,0,2641.9
225,3,8,fog-17,1,fog,1700.0,0.0000,0.5000,3,100.300,0.0000,0,0.9177,,0.850,0,2641.9
226,3,8,fog-17,1,fog,1800.0,0.0000,0.5000,3,100.300,0.0000,0,0.9127,,0.850,0,2641.9
227,3,8,fog-17,1,fog,1900.0,0.7500,0.5000,20,100.850,1.0000,0,0.9077,,0.850,0,2641.9
228,3,8,fog-17,1,fog,2000.0,0.0000,0.5000,6,100.450,0.9539,0,0.9051,,0.850,0,2641.9
229,3,8,fog-17,1,fog,2100.0,1.0000,0.5000,29,101.100,0.9342,0,0.9001,,0.850,0,2641.9
230,3,8,fog-17,1,fog,2200.0,0.0000,0.5000,8,100.600,1.0000,0,0.8972,,0.850,0,2641.9
231,3,8,fog-17,1,fog,2300.0,0.0000,0.5000,4,100.400,0.0000,0,0.8922,,0.850,0,2641.9
232,3,8,fog-17,1,fog,2400.0,0.0000,0.5000,4,100.400,0.0000,0,0.8872,,0.850,0,2641.9
233,3,8,fog-17,1,fog,2500.0,0.9643,0.5000,25,101.150,0.9344,0,0.8822,,0.850,1,2641.9
234,3,8,fog-17,1,fog,2600.0,0.9643,0.5000,30,101.350,1.0000,0,0.8772,,0.850,1,2641.9
235,3,9,fog-18,1,fog,0.0,0.0000,0.5000,0,100.000,,0,1.0000,,0.850,0,1423.6
236,3,9,fog-18,1,fog,100.0,0.0000,0.5000,0,100.000,,0,0.9950,,0.850,0,1423.6
237,3,9,fog-18,1,fog,200.0,0.0000,0.5000,0,100.000,,0,0.9900,,0.850,0,1423.6
238,3,9,fog-18,1,fog,300.0,0.0000,0.5000,0,100.000,,0,0.9850,,0.850,0,1423.6
239,3,9,fog-18,1,fog,400.0,0.0000,0.5000,0,100.000,,0,0.9800,,0.850,0,1423.6
240,3,9,fog-18,1,fog,500.0,0.0000,0.5000,0,100.000,,0,0.9750,,0.850,0,1423.6
241,3,9,fog-18,1,fog,600.0,0.0000,0.5000,0,100.000,,0,0.9700,,0.850,0,1423.6
242,3,9,fog-18,1,fog,700.0,0.0000,0.5000,0,100.000,,0,0.9650,,0.850,0,1423.6
243,3,9,fog-18,1,fog,800.0,0.0000,0.5000,0,100.000,,0,0.9600,,0.850,0,1423.6
244,3,9,fog-18,1,fog,900.0,0.0000,0.5000,0,100.000,,0,0.9550,,0.850,0,1423.6
245,3,9,fog-18,1,fog,1000.0,0.0000,0.5000,0,100.000,,0,0.9500,,0.850,0,1423.6
246,3,9,fog-18,1,fog,1100.0,0.0000,0.5000,0,100.000,,0,0.9450,,0.850,0,1423.6
247,3,9,fog-18,1,fog,1200.0,0.0000,0.5000,0,100.000,,0,0.9400,,0.850,0,1423.6
248,3,9,fog-18,1,fog,1300.0,0.0000,0.5000,0,100.000,,0,0.9350,,0.850,1,1423.6
249,3,9,fog-18,1,fog,1400.0,0.0000,0.5000,0,100.000,,0,0.9300,,0.850,1,1423.6
250,3,10,fog-19,1,fog,0.0,0.0000,0.5000,0,100.000,,0,1.0000,,0.850,0,
251,3,10,fog-19,1,fog,100.0,0.0000,0.5000,0,100.000,,0,0.9950,,0.850,0,
252,3,10,fog-19,1,fog,200.0,0.0000,0.5000,0,100.000,,0,0.9900,,0.850,0,
253,3,10,fog-19,1,fog,300.0,0.0000,0.5000,0,100.000,,0,0.9850,,0.850,0,
254,3,10,fog-19,1,fog,400.0,0.0000,0.5000,0,100.000,,0,0.9800,,0.850,0,
255,3,10,fog-19,1,fog,500.0,0.0000,0.5000,0,100.000,,0,0.9750,,0.850,0,
256,3,10,fog-19,1,fog,600.0,0.0000,0.5000,0,100.000,,0,0.9700,,0.850,0,
257,3,10,fog-19,1,fog,700.0,0.0000,0.5000,0,100.000,,0,0.9650,,0.850,0,
258,3,10,fog-19,1,fog,800.0,0.0000,0.5000,0,100.000,,0,0.9600,,0.850,0,
259,3,10,fog-19,1,fog,900.0,0.0000,0.5000,0,100.000,,0,0.9550,,0.850,0,
260,3,10,fog-19,1,fog,1000.0,0.0000,0.5000,0,100.000,,0,0.9500,,0.850,0,
261,3,10,fog-19,1,fog,1100.0,0.0000,0.5000,0,100.000,,0,0.9450,,0.850,0,
262,3,10,fog-19,1,fog,1200.0,0.0000,0.5000,0,100.000,,0,0.9400,,0.850,0,
263,3,10,fog-19,1,fog,1300.0,0.0000,0.5000,0,100.000,,0,0.9350,,0.850,0,
264,3,10,fog-19,1,fog,1400.0,0.0000,0.5000,0,100.000,,0,0.9300,,0.850,0,
265,3,10,fog-19,1,fog,1500.0,0.0000,0.5000,0,100.000,,0,0.9250,,0.850,0,
266,3,10,fog-19,1,fog,1600.0,0.0000,0.5000,0,100.000,,0,0.9200,,0.850,0,
267,3,10,fog-19,1,fog,1700.0,0.0000,0.5000,0,100.000,,0,0.9150,,0.850,0,
268,3,10,fog-19,1,fog,1800.0,0.0000,0.5000,0,100.000,,0,0.9100,,0.850,0,
269,3,10,fog-19,1,fog,1900.0,0.0000,0.5000,0,100.000,,0,0.9050,,0.850,0,
270,3,10,fog-19,1,fog,2000.0,0.0000,0.5000,0,100.000,,0,0.9000,,0.850,0,
271,3,10,fog-19,1,fog,2100.0,0.0000,0.5000,0,100.000,,0,0.8950,,0.850,0,
272,3,10,fog-19,1,fog,2200.0,0.0000,0.5000,0,100.000,,0,0.8900,,0.850,0,
273,3,10,fog-19,1,fog,2300.0,0.0000,0.5000,0,100.000,,0,0.8850,,0.850,0,
274,3,10,fog-19,1,fog,2400.0,0.0000,0.5000,0,100.000,,0,0.8800,,0.850,0,
275,3,10,fog-19,1,fog,2500.0,0.0000,0.5000,0,100.000,,0,0.8750,,0.850,0,
276,3,10,fog-19,1,fog,2600.0,0.0000,0.5000,0,100.000,,0,0.8700,,0.850,0,
277,3,10,fog-19,1,fog,2700.0,0.0000,0.5000,0,100.000,,0,0.8650,,0.850,0,
278,3,10,fog-19,1,fog,2800.0,0.0000,0.5000,0,100.000,,0,0.8600,,0.850,0,
279,3,10,fog-19,1,fog,2900.0,0.0000,0.5000,0,100.000,,0,0.8550,,0.850,0,
280,3,10,fog-19,1,fog,3000.0,0.0000,0.5000,0,100.000,,0,0.8500,,0.850,0,
281,3,10,fog-19,1,fog,3100.0,0.0000,0.5000,0,100.000,,0,0.8450,,0.850,0,
282,3,10,fog-19,1,fog,3200.0,0.0000,0.5000,0,100.000,,0,0.8400,,0.850,0,
283,3,10,fog-19,1,fog,3300.0,0.0000,0.5000,0,100.000,,0,0.8350,,0.850,0,
284,3,10,fog-19,1,fog,3400.0,0.0000,0.5000,0,100.000,,0,0.8300,,0.850,0,
285,3,10,fog-19,1,fog,3500.0,0.0000,0.5000,0,100.000,,0,0.8250,,0.850,0,
286,3,10,fog-19,1,fog,3600.0,0.0000,0.5000,0,100.000,,0,0.8200,,0.850,0,
287,3,10,fog-19,1,fog,3700.0,0.0000,0.5000,0,100.000,,0,0.8150,,0.850,0,
288,3,10,fog-19,1,fog,3800.0,0.0000,0.5000,0,100.000,,0,0.8100,,0.850,0,
289,3,10,fog-19,1,fog,3900.0,0.0000,0.5000,0,100.000,,0,0.8050,,0.850,0,
290,3,10,fog-19,1,fog,4000.0,0.0000,0.5000,0,100.000,,0,0.8000,,0.850,0,
291,3,10,fog-19,1,fog,4100.0,0.0000,0.5000,0,100.000,,0,0.7950,,0.850,0,
292,3,10,fog-19,1,fog,4200.0,0.0000,0.5000,0,100.000,,0,0.7900,,0.850,0,
293,3,10,fog-19,1,fog,4300.0,0.0000,0.5000,0,100.000,,0,0.7850,,0.850,0,
294,3,10,fog-19,1,fog,4400.0,0.0000,0.5000,0,100.000,,0,0.7800,,0.850,0,
295,3,10,fog-19,1,fog,4500.0,0.0000,0.5000,0,100.000,,0,0.7750,,0.850,0,
296,3,10,fog-19,1,fog,4600.0,0.0000,0.5000,0,100.000,,0,0.7700,,0.850,0,
297,3,10,fog-19,1,fog,4700.0,0.0000,0.5000,0,100.000,,0,0.7650,,0.850,0,
298,3,10,fog-19,1,fog,4800.0,0.0000,0.5000,0,100.000,,0,0.7600,,0.850,0,
299,3,10,fog-19,1,fog,4900.0,0.0000,0.5000,0,100.000,,0,0.7550,,0.850,0,
300,3,10,fog-19,1,fog,5000.0,0.0000,0.5000,0,100.000,,0,0.7500,,0.850,0,
301,3,11,fog-20,1,fog,0.0,0.0000,0.5000,0,100.000,,0,1.0000,,0.850,0,4355.5
302,3,11,fog-20,1,fog,100.0,0.0000,0.5000,0,100.000,,0,0.9950,,0.850,0,4355.5
303,3,11,fog-20,1,fog,200.0,0.0000,0.5000,0,100.000,,0,0.9900,,0.850,0,4355.5
304,3,11,fog-20,1,fog,300.0,0.0000,0.5000,0,100.000,,0,0.9850,,0.850,0,4355.5
305,3,11,fog-20,1,fog,400.0,0.0000,0.5000,0,100.000,,0,0.9800,,0.850,0,4355.5
306,3,11,fog-20,1,fog,500.0,0.0000,0.5000,0,100.000,,0,0.9750,,0.850,0,4355.5
307,3,11,fog-20,1,fog,600.0,1.0000,0.5000,25,100.800,0.8151,0,0.9700,,0.850,0,4355.5
308,3,11,fog-20,1,fog,700.0,0.0000,0.5000,5,100.300,0.6059,0,0.9671,,0.850,0,4355.5
309,3,11,fog-20,1,fog,800.0,0.0000,0.5000,1,100.100,,0,0.9621,,0.850,0,4355.5
310,3,11,fog-20,1,fog,900.0,0.0000,0.5000,1,100.100,,0,0.9571,,0.850,0,4355.5
311,3,11,fog-20,1,fog,1000.0,0.0000,0.5000,1,100.100,,0,0.9521,,0.850,0,4355.5
312,3,11,fog-20,1,fog,1100.0,0.9643,0.5000,23,100.800,0.6742,0,0.9474,,0.850,0,4355.5
313,3,11,fog-20,1,fog,1200.0,0.0000,0.5000,6,100.400,0.9423,0,0.9447,,0.850,0,4355.5
314,3,11,fog-20,1,fog,1300.0,0.0000,0.5000,2,100.200,,0,0.9397,,0.850,0,4355.5
315,3,11,fog-20,1,fog,1400.0,0.0000,0.5000,2,100.200,,0,0.9347,,0.850,0,4355.5
316,3,11,fog-20,1,fog,1500.0,0.0000,0.5000,2,100.200,,0,0.9297,,0.850,0,4355.5
317,3,11,fog-20,1,fog,1600.0,0.0000,0.5000,2,100.200,,0,0.9247,,0.850,0,4355.5
318,3,11,fog-20,1,fog,1700.0,0.0000,0.5000,2,100.200,,0,0.9197,,0.850,0,4355.5
319,3,11,fog-20,1,fog,1800.0,0.0000,0.5000,2,100.200,,0,0.9147,,0.850,0,4355.5
320,3,11,fog-20,1,fog,1900.0,0.0000,0.5000,2,100.200,,0,0.9097,,0.850,0,4355.5
321,3,11,fog-20,1,fog,2000.0,0.0000,0.5000,2,100.200,,0,0.9047,,0.850,0,4355.5
322,3,11,fog-20,1,fog,2100.0,0.0000,0.5000,2,100.200,,0,0.8997,,0.850,0,4355.5
323,3,11,fog-20,1,fog,2200.0,0.0000,0.5000,2,100.200,,0,0.8947,,0.850,0,4355.5
324,3,11,fog-20,1,fog,2300.0,0.0000,0.5000,2,100.200,,0,0.8897,,0.850,0,4355.5
325,3,11,fog-20,1,fog,2400.0,0.0000,0.5000,2,100.200,,0,0.8847,,0.850,0,4355.5
326,3,11,fog-20,1,fog,2500.0,0.0000,0.5000,2,100.200,,0,0.8797,,0.850,0,4355.5
327,3,11,fog-20,1,fog,2600.0,0.0000,0.5000,2,100.200,,0,0.8747,,0.850,0,4355.5
328,3,11,fog-20,1,fog,2700.0,1.0000,0.5000,68,101.350,1.0000,0,0.8697,,0.850,0,4355.5
329,3,11,fog-20,1,fog,2800.0,0.0000,0.5000,27,100.750,1.0000,0,0.8647,,0.850,0,4355.5
330,3,11,fog-20,1,fog,2900.0,0.0000,0.5000,12,100.800,1.0000,0,0.8621,,0.850,0,4355.5
331,3,11,fog-20,1,fog,3000.0,0.0000,0.5000,4,100.400,0.0000,0,0.8571,,0.850,0,4355.5
332,3,11,fog-20,1,fog,3100.0,1.0000,0.5000,51,101.300,1.0000,0,0.8521,,0.850,0,4355.5
333,3,11,fog-20,1,fog,3200.0,0.0000,0.5000,18,101.200,1.0000,0,0.8476,,0.850,0,4355.5
334,3,11,fog-20,1,fog,3300.0,0.0000,0.5000,6,100.600,0.0000,0,0.8426,,0.850,0,4355.5
335,3,11,fog-20,1,fog,3400.0,0.0000,0.5000,6,100.600,0.0000,0,0.8376,,0.850,0,4355.5
336,3,11,fog-20,1,fog,3500.0,0.0000,0.5000,6,100.600,0.0000,0,0.8326,,0.850,0,4355.5
337,3,11,fog-20,1,fog,3600.0,0.0000,0.5000,6,100.600,0.0000,0,0.8276,,0.850,0,4355.5
338,3,11,fog-20,1,fog,3700.0,0.0000,0.5000,6,100.600,0.0000,0,0.8226,,0.850,0,4355.5
339,3,11,fog-20,1,fog,3800.0,0.0000,0.5000,6,100.600,0.0000,0,0.8176,,0.850,0,4355.5
340,3,11,fog-20,1,fog,3900.0,0.0000,0.5000,6,100.600,0.0000,0,0.8126,,0.850,0,4355.5
341,3,11,fog-20,1,fog,4000.0,0.0000,0.5000,6,100.600,0.0000,0,0.8076,,0.850,0,4355.5
342,3,11,fog-20,1,fog,4100.0,0.0000,0.5000,6,100.600,0.0000,0,0.8026,,0.850,0,4355.5
343,3,11,fog-20,1,fog,4200.0,0.0000,0.5000,6,100.600,0.0000,0,0.7976,,0.850,1,4355.5
344,3,11,fog-20,1,fog,4300.0,0.9643,0.5000,28,101.300,1.0000,0,0.7926,,0.850,1,4355.5
345,3,12,fog-21,1,fog,0.0,0.0000,0.5000,0,100.000,,0,1.0000,,0.850,0,2739.9
346,3,12,fog-21,1,fog,100.0,0.4286,0.5000,9,100.250,0.5766,0,0.9950,,0.850,0,2739.9
347,3,12,fog-21,1,fog,200.0,0.9643,0.5000,24,100.950,1.0000,0,0.9900,,0.850,0,2739.9
348,3,12,fog-21,1,fog,300.0,1.0000,0.5000,31,100.950,0.8720,0,0.9850,,0.850,0,2739.9
349,3,12,fog-21,1,fog,400.0,0.9643,0.5000,32,101.050,0.9826,0,0.9800,,0.850,0,2739.9
350,3,12,fog-21,1,fog,500.0,0.6429,0.5000,22,100.900,0.7440,0,0.9750,,0.850,0,2739.9
351,3,12,fog-21,1,fog,600.0,0.0000,0.5000,7,100.500,1.0000,0,0.9727,,0.850,0,2739.9
352,3,12,fog-21,1,fog,700.0,0.0000,0.5000,3,100.300,0.0000,0,0.9677,,0.850,0,2739.9
353,3,12,fog-21,1,fog,800.0,0.0000,0.5000,3,100.300,0.0000,0,0.9627,,0.850,0,2739.9
354,3,12,fog-21,1,fog,900.0,0.0000,0.5000,3,100.300,0.0000,0,0.9577,,0.850,0,2739.9
355,3,12,fog-21,1,fog,1000.0,0.8571,0.5000,19,101.000,1.0000,0,0.9527,,0.850,0,2739.9
356,3,12,fog-21,1,fog,1100.0,1.0000,0.5000,30,101.150,0.9841,0,0.9477,,0.850,0,2739.9
357,3,12,fog-21,1,fog,1200.0,0.0000,0.5000,8,100.550,0.9578,0,0.9448,,0.850,0,2739.9
358,3,12,fog-21,1,fog,1300.0,1.0000,0.5000,62,101.250,1.0000,0,0.9398,,0.850,0,2739.9
359,3,12,fog-21,1,fog,1400.0,1.0000,0.5000,107,101.700,1.0000,0,0.9348,,0.850,0,2739.9
360,3,12,fog-21,1,fog,1500.0,1.0000,0.5000,129,101.700,1.0000,0,0.9298,,0.850,0,2739.9
361,3,12,fog-21,1,fog,1600.0,1.0000,0.5000,122,101.350,0.9847,0,0.9248,,0.850,0,2739.9
362,3,12,fog-21,1,fog,1700.0,1.0000,0.5000,171,101.800,1.0000,0,0.9198,,0.850,0,2739.9
363,3,12,fog-21,1,fog,1800.0,1.0000,0.5000,197,101.850,1.0000,0,0.9148,,0.850,0,2739.9
364,3,12,fog-21,1,fog,1900.0,0.9643,0.5000,183,101.550,1.0000,0,0.9098,,0.850,0,2739.9
365,3,12,fog-21,1,fog,2000.0,0.0000,0.5000,158,101.100,1.0000,0,0.9048,,0.850,0,2739.9
366,3,12,fog-21,1,fog,2100.0,0.9643,0.5000,175,101.700,1.0000,0,0.8998,,0.850,0,2739.9
367,3,12,fog-21,1,fog,2200.0,0.0000,0.5000,145,101.350,1.0000,0,0.8948,,0.850,0,2739.9
368,3,12,fog-21,1,fog,2300.0,0.0000,0.5000,125,101.150,1.0000,0,0.8898,,0.850,0,2739.9
369,3,12,fog-21,1,fog,2400.0,0.0000,0.5000,99,101.650,1.0000,0,0.8848,,0.850,0,2739.9
370,3,12,fog-21,1,fog,2500.0,0.0000,0.5000,47,102.750,1.0000,0,0.8799,,0.850,0,2739.9
371,3,12,fog-21,1,fog,2600.0,0.0000,0.5000,8,100.800,0.0000,0,0.8749,,0.850,1,2739.9
372,3,12,fog-21,1,fog,2700.0,0.0000,0.5000,8,100.800,0.0000,0,0.8699,,0.850,1,2739.9
373,3,13,fog-22,1,fog,0.0,0.0000,0.5000,0,100.000,,0,1.0000,,0.850,0,714.9
374,3,13,fog-22,1,fog,100.0,0.4286,0.5000,9,100.250,0.5766,0,0.9950,,0.850,0,714.9
375,3,13,fog-22,1,fog,200.0,1.0000,0.5000,68,101.250,1.0000,0,0.9900,,0.850,0,714.9
376,3,13,fog-22,1,fog,300.0,1.0000,0.5000,96,101.250,1.0000,0,0.9850,,0.850,0,714.9
377,3,13,fog-22,1,fog,400.0,1.0000,0.5000,89,101.000,0.8773,0,0.9800,,0.850,0,714.9
378,3,13,fog-22,1,fog,500.0,1.0000,0.5000,132,101.300,1.0000,0,0.9750,,0.850,0,714.9
379,3,13,fog-22,1,fog,600.0,1.0000,0.5000,159,101.450,1.0000,0,0.9700,,0.850,1,714.9
380,3,13,fog-22,1,fog,700.0,0.8571,0.5000,144,101.050,1.0000,0,0.9650,,0.850,1,714.9
381,3,14,fog-23,1,fog,0.0,0.0000,0.5000,0,100.000,,0,1.0000,,0.850,0,
382,3,14,fog-23,1,fog,100.0,0.0000,0.5000,0,100.000,,0,0.9950,,0.850,0,
383,3,14,fog-23,1,fog,200.0,0.0000,0.5000,0,100.000,,0,0.9900,,0.850,0,
384,3,14,fog-23,1,fog,300.0,0.0000,0.5000,0,100.000,,0,0.9850,,0.850,0,
385,3,14,fog-23,1,fog,400.0,0.0000,0.5000,0,100.000,,0,0.9800,,0.850,0,
386,3,14,fog-23,1,fog,500.0,0.0000,0.5000,0,100.000,,0,0.9750,,0.850,0,
387,3,14,fog-23,1,fog,600.0,0.0000,0.5000,0,100.000,,0,0.9700,,0.850,0,
388,3,14,fog-23,1,fog,700.0,0.0000,0.5000,0,100.000,,0,0.9650,,0.850,0,
389,3,14,fog-23,1,fog,800.0,0.0000,0.5000,0,100.000,,0,0.9600,,0.850,0,
390,3,14,fog-23,1,fog,900.0,0.0000,0.5000,0,100.000,,0,0.9550,,0.850,0,
391,3,14,fog-23,1,fog,1000.0,0.0000,0.5000,0,100.000,,0,0.9500,,0.850,0,
392,3,14,fog-23,1,fog,1100.0,0.0000,0.5000,0,100.000,,0,0.9450,,0.850,0,
393,3,14,fog-23,1,fog,1200.0,0.0000,0.5000,0,100.000,,0,0.9400,,0.850,0,
394,3,14,fog-23,1,fog,1300.0,0.0000,0.5000,0,100.000,,0,0.9350,,0.850,0,
395,3,14,fog-23,1,fog,1400.0,0.0000,0.5000,0,100.000,,0,0.9300,,0.850,0,
396,3,14,fog-23,1,fog,1500.0,0.0000,0.5000,0,100.000,,0,0.9250,,0.850,0,
397,3,14,fog-23,1,fog,1600.0,0.0000,0.5000,0,100.000,,0,0.9200,,0.850,0,
398,3,14,fog-23,1,fog,1700.0,0.0000,0.5000,0,100.000,,0,0.9150,,0.850,0,
399,3,14,fog-23,1,fog,1800.0,0.0000,0.5000,0,100.000,,0,0.9100,,0.850,0,
400,3,14,fog-23,1,fog,1900.0,0.0000,0.5000,0,100.000,,0,0.9050,,0.850,0,
401,3,14,fog-23,1,fog,2000.0,0.0000,0.5000,0,100.000,,0,0.9000,,0.850,0,
402,3,14,fog-23,1,fog,2100.0,0.0000,0.5000,0,100.000,,0,0.8950,,0.850,0,
403,3,14,fog-23,1,fog,2200.0,0.0000,0.5000,0,100.000,,0,0.8900,,0.850,0,
404,3,14,fog-23,1,fog,2300.0,0.0000,0.5000,0,100.000,,0,0.8850,,0.850,0,
405,3,14,fog-23,1,fog,2400.0,0.0000,0.5000,0,100.000,,0,0.8800,,0.850,0,
406,3,14,fog-23,1,fog,2500.0,0.0000,0.5000,0,100.000,,0,0.8750,,0.850,0,
407,3,14,fog-23,1,fog,2600.0,0.0000,0.5000,0,100.000,,0,0.8700,,0.850,0,
408,3,14,fog-23,1,fog,2700.0,0.0000,0.5000,0,100.000,,0,0.8650,,0.850,0,
409,3,14,fog-23,1,fog,2800.0,0.0000,0.5000,0,100.000,,0,0.8600,,0.850,0,
410,3,14,fog-23,1,fog,2900.0,0.0000,0.5000,0,100.000,,0,0.8550,,0.850,0,
411,3,14,fog-23,1,fog,3000.0,0.0000,0.5000,0,100.000,,0,0.8500,,0.850,0,
412,3,14,fog-23,1,fog,3100.0,0.0000,0.5000,0,100.000,,0,0.8450,,0.850,0,
413,3,14,fog-23,1,fog,3200.0,0.0000,0.5000,0,100.000,,0,0.8400,,0.850,0,
414,3,14,fog-23,1,fog,3300.0,0.0000,0.5000,0,100.000,,0,0.8350,,0.850,0,
415,3,14,fog-23,1,fog,3400.0,0.0000,0.5000,0,100.000,,0,0.8300,,0.850,0,
416,3,14,fog-23,1,fog,3500.0,0.0000,0.5000,0,100.000,,0,0.8250,,0.850,0,
417,3,14,fog-23,1,fog,3600.0,0.0000,0.5000,0,100.000,,0,0.8200,,0.850,0,
418,3,14,fog-23,1,fog,3700.0,0.0000,0.5000,0,100.000,,0,0.8150,,0.850,0,
419,3,14,fog-23,1,fog,3800.0,0.0000,0.5000,0,100.000,,0,0.8100,,0.850,0,
420,3,14,fog-23,1,fog,3900.0,0.0000,0.5000,0,100.000,,0,0.8050,,0.850,0,
421,3,14,fog-23,1,fog,4000.0,0.0000,0.5000,0,100.000,,0,0.8000,,0.850,0,
422,3,14,fog-23,1,fog,4100.0,0.0000,0.5000,0,100.000,,0,0.7950,,0.850,0,
423,3,14,fog-23,1,fog,4200.0,0.0000,0.5000,0,100.000,,0,0.7900,,0.850,0,
424,3,14,fog-23,1,fog,4300.0,0.0000,0.5000,0,100.000,,0,0.7850,,0.850,0,
425,3,14,fog-23,1,fog,4400.0,0.0000,0.5000,0,100.000,,0,0.7800,,0.850,0,
426,3,14,fog-23,1,fog,4500.0,0.0000,0.5000,0,100.000,,0,0.7750,,0.850,0,
427,3,14,fog-23,1,fog,4600.0,0.0000,0.5000,0,100.000,,0,0.7700,,0.850,0,
428,3,14,fog-23,1,fog,4700.0,0.0000,0.5000,0,100.000,,0,0.7650,,0.850,0,
429,3,14,fog-23,1,fog,4800.0,0.0000,0.5000,0,100.000,,0,0.7600,,0.850,0,
430,3,14,fog-23,1,fog,4900.0,0.0000,0.5000,0,100.000,,0,0.7550,,0.850,0,
431,3,14,fog-23,1,fog,5000.0,0.0000,0.5000,0,100.000,,0,0.7500,,0.850,0,
432,3,15,fog-24,1,fog,0.0,0.0000,0.5000,0,100.000,,0,1.0000,,0.850,0,
433,3,15,fog-24,1,fog,100.0,0.0000,0.5000,0,100.000,,0,0.9950,,0.850,0,
434,3,15,fog-24,1,fog,200.0,0.0000,0.5000,0,100.000,,0,0.9900,,0.850,0,
435,3,15,fog-24,1,fog,300.0,0.0000,0.5000,0,100.000,,0,0.9850,,0.850,0,
436,3,15,fog-24,1,fog,400.0,0.0000,0.5000,0,100.000,,0,0.9800,,0.850,0,
437,3,15,fog-24,1,fog,500.0,0.0000,0.5000,0,100.000,,0,0.9750,,0.850,0,
438,3,15,fog-24,1,fog,600.0,0.0000,0.5000,0,100.000,,0,0.9700,,0.850,0,
439,3,15,fog-24,1,fog,700.0,0.0000,0.5000,0,100.000,,0,0.9650,,0.850,0,
440,3,15,fog-24,1,fog,800.0,0.0000,0.5000,0,100.000,,0,0.9600,,0.850,0,
441,3,15,fog-24,1,fog,900.0,0.0000,0.5000,0,100.000,,0,0.9550,,0.850,0,
442,3,15,fog-24,1,fog,1000.0,0.0000,0.5000,0,100.000,,0,0.9500,,0.850,0,
443,3,15,fog-24,1,fog,1100.0,0.0000,0.5000,0,100.000,,0,0.9450,,0.850,0,
444,3,15,fog-24,1,fog,1200.0,0.0000,0.5000,0,100.000,,0,0.9400,,0.850,0,
445,3,15,fog-24,1,fog,1300.0,0.0000,0.5000,0,100.000,,0,0.9350,,0.850,0,
446,3,15,fog-24,1,fog,1400.0,0.0000,0.5000,0,100.000,,0,0.9300,,0.850,0,
447,3,15,fog-24,1,fog,1500.0,0.0000,0.5000,0,100.000,,0,0.9250,,0.850,0,
448,3,15,fog-24,1,fog,1600.0,0.0000,0.5000,0,100.000,,0,0.9200,,0.850,0,
449,3,15,fog-24,1,fog,1700.0,0.0000,0.5000,0,100.000,,0,0.9150,,0.850,0,
450,3,15,fog-24,1,fog,1800.0,0.0000,0.5000,0,100.000,,0,0.9100,,0.850,0,
451,3,15,fog-24,1,fog,1900.0,0.0000,0.5000,0,100.000,,0,0.9050,,0.850,0,
452,3,15,fog-24,1,fog,2000.0,0.0000,0.5000,0,100.000,,0,0.9000,,0.850,0,
453,3,15,fog-24,1,fog,2100.0,0.0000,0.5000,0,100.000,,0,0.8950,,0.850,0,
454,3,15,fog-24,1,fog,2200.0,0.0000,0.5000,0,100.000,,0,0.8900,,0.850,0,
455,3,15,fog-24,1,fog,2300.0,0.0000,0.5000,0,100.000,,0,0.8850,,0.850,0,
456,3,15,fog-24,1,fog,2400.0,0.0000,0.5000,0,100.000,,0,0.8800,,0.850,0,
457,3,15,fog-24,1,fog,2500.0,0.0000,0.5000,0,100.000,,0,0.8750,,0.850,0,
458,3,15,fog-24,1,fog,2600.0,0.0000,0.5000,0,100.000,,0,0.8700,,0.850,0,
459,3,15,fog-24,1,fog,2700.0,0.0000,0.5000,0,100.000,,0,0.8650,,0.850,0,
460,3,15,fog-24,1,fog,2800.0,0.0000,0.5000,0,100.000,,0,0.8600,,0.850,0,
461,3,15,fog-24,1,fog,2900.0,0.0000,0.5000,0,100.000,,0,0.8550,,0.850,0,
462,3,15,fog-24,1,fog,3000.0,0.0000,0.5000,0,100.000,,0,0.8500,,0.850,0,
463,3,15,fog-24,1,fog,3100.0,0.0000,0.5000,0,100.000,,0,0.8450,,0.850,0,
464,3,15,fog-24,1,fog,3200.0,0.0000,0.5000,0,100.000,,0,0.8400,,0.850,0,
465,3,15,fog-24,1,fog,3300.0,0.0000,0.5000,0,100.000,,0,0.8350,,0.850,0,
466,3,15,fog-24,1,fog,3400.0,0.0000,0.5000,0,100.000,,0,0.8300,,0.850,0,
467,3,15,fog-24,1,fog,3500.0,0.0000,0.5000,0,100.000,,0,0.8250,,0.850,0,
468,3,15,fog-24,1,fog,3600.0,0.0000,0.5000,0,100.000,,0,0.8200,,0.850,0,
469,3,15,fog-24,1,fog,3700.0,0.0000,0.5000,0,100.000,,0,0.8150,,0.850,0,
470,3,15,fog-24,1,fog,3800.0,0.0000,0.5000,0,100.000,,0,0.8100,,0.850,0,
471,3,15,fog-24,1,fog,3900.0,0.0000,0.5000,0,100.000,,0,0.8050,,0.850,0,
472,3,15,fog-24,1,fog,4000.0,0.0000,0.5000,0,100.000,,0,0.8000,,0.850,0,
473,3,15,fog-24,1,fog,4100.0,0.0000,0.5000,0,100.000,,0,0.7950,,0.850,0,
474,3,15,fog-24,1,fog,4200.0,0.0000,0.5000,0,100.000,,0,0.7900,,0.850,0,
475,3,15,fog-24,1,fog,4300.0,0.0000,0.5000,0,100.000,,0,0.7850,,0.850,0,
476,3,15,fog-24,1,fog,4400.0,0.0000,0.5000,0,100.000,,0,0.7800,,0.850,0,
477,3,15,fog-24,1,fog,4500.0,0.0000,0.5000,0,100.000,,0,0.7750,,0.850,0,
478,3,15,fog-24,1,fog,4600.0,0.0000,0.5000,0,100.000,,0,0.7700,,0.850,0,
479,3,15,fog-24,1,fog,4700.0,0.0000,0.5000,0,100.000,,0,0.7650,,0.850,0,
480,3,15,fog-24,1,fog,4800.0,0.0000,0.5000,0,100.000,,0,0.7600,,0.850,0,
481,3,15,fog-24,1,fog,4900.0,0.0000,0.5000,0,100.000,,0,0.7550,,0.850,0,
482,3,15,fog-24,1,fog,5000.0,0.0000,0.5000,0,100.000,,0,0.7500,,0.850,0,
483,3,16,fog-25,1,fog,0.0,0.0000,0.5000,0,100.000,,0,1.0000,,0.850,0,2685.6
484,3,16,fog-25,1,fog,100.0,0.0000,0.5000,0,100.000,,0,0.9950,,0.850,0,2685.6
485,3,16,fog-25,1,fog,200.0,0.0000,0.5000,0,100.000,,0,0.9900,,0.850,0,2685.6
486,3,16,fog-25,1,fog,300.0,0.0000,0.5000,0,100.000,,0,0.9850,,0.850,0,2685.6
487,3,16,fog-25,1,fog,400.0,0.0000,0.5000,0,100.000,,0,0.9800,,0.850,0,2685.6
488,3,16,fog-25,1,fog,500.0,0.0000,0.5000,0,100.000,,0,0.9750,,0.850,0,2685.6
489,3,16,fog-25,1,fog,600.0,0.0000,0.5000,0,100.000,,0,0.9700,,0.850,0,2685.6
490,3,16,fog-25,1,fog,700.0,1.0000,0.5000,25,100.800,0.8151,0,0.9650,,0.850,0,2685.6
491,3,16,fog-25,1,fog,800.0,0.0000,0.5000,5,100.300,0.6052,0,0.9621,,0.850,0,2685.6
492,3,16,fog-25,1,fog,900.0,0.0000,0.5000,1,100.100,,0,0.9571,,0.850,0,2685.6
493,3,16,fog-25,1,fog,1000.0,1.0000,0.5000,26,100.900,0.8137,0,0.9521,,0.850,0,2685.6
494,3,16,fog-25,1,fog,1100.0,0.0000,0.5000,6,100.400,0.8413,0,0.9491,,0.850,0,2685.6
495,3,16,fog-25,1,fog,1200.0,0.0000,0.5000,2,100.200,,0,0.9441,,0.850,0,2685.6
496,3,16,fog-25,1,fog,1300.0,0.0000,0.5000,2,100.200,,0,0.9391,,0.850,0,2685.6
497,3,16,fog-25,1,fog,1400.0,0.0000,0.5000,2,100.200,,0,0.9341,,0.850,0,2685.6
498,3,16,fog-25,1,fog,1500.0,0.0000,0.5000,2,100.200,,0,0.9291,,0.850,0,2685.6
499,3,16,fog-25,1,fog,1600.0,0.0000,0.5000,2,100.200,,0,0.9241,,0.850,0,2685.6
500,3,16,fog-25,1,fog,1700.0,0.0000,0.5000,2,100.200,,0,0.9191,,0.850,0,2685.6
501,3,16,fog-25,1,fog,1800.0,1.0000,0.5000,27,101.000,0.8752,0,0.9141,,0.850,0,2685.6
502,3,16,fog-25,1,fog,1900.0,0.0000,0.5000,7,100.500,1.0000,0,0.9112,,0.850,0,2685.6
503,3,16,fog-25,1,fog,2000.0,0.0000,0.5000,3,100.300,0.0000,0,0.9062,,0.850,0,2685.6
504,3,16,fog-25,1,fog,2100.0,0.0000,0.5000,3,100.300,0.0000,0,0.9012,,0.850,0,2685.6
505,3,16,fog-25,1,fog,2200.0,0.0000,0.5000,3,100.300,0.0000,0,0.8962,,0.850,0,2685.6
506,3,16,fog-25,1,fog,2300.0,0.0000,0.5000,3,100.300,0.0000,0,0.8912,,0.850,0,2685.6
507,3,16,fog-25,1,fog,2400.0,0.0000,0.5000,3,100.300,0.0000,0,0.8862,,0.850,0,2685.6
508,3,16,fog-25,1,fog,2500.0,0.0000,0.5000,3,100.300,0.0000,0,0.8812,,0.850,1,2685.6
509,3,16,fog-25,1,fog,2600.0,0.0000,0.5000,3,100.300,0.0000,0,0.8762,,0.850,1,2685.6
510,3,17,fog-26,1,fog,0.0,0.0000,0.5000,0,100.000,,0,1.0000,,0.850,0,
511,3,17,fog-26,1,fog,100.0,0.4286,0.5000,9,100.250,0.5766,0,0.9950,,0.850,0,
512,3,17,fog-26,1,fog,200.0,0.0000,0.5000,4,100.250,0.3804,0,0.9924,,0.850,0,
513,3,17,fog-26,1,fog,300.0,0.0000,0.5000,1,100.100,,0,0.9874,,0.850,0,
514,3,17,fog-26,1,fog,400.0,0.0000,0.5000,1,100.100,,0,0.9824,,0.850,0,
515,3,17,fog-26,1,fog,500.0,0.0000,0.5000,1,100.100,,0,0.9774,,0.850,0,
516,3,17,fog-26,1,fog,600.0,0.9643,0.5000,22,100.850,0.7464,0,0.9724,,0.850,0,
517,3,17,fog-26,1,fog,700.0,0.0000,0.5000,5,100.350,0.7162,0,0.9698,,0.850,0,
518,3,17,fog-26,1,fog,800.0,1.0000,0.5000,27,101.000,0.8745,0,0.9648,,0.850,0,
519,3,17,fog-26,1,fog,900.0,1.0000,0.5000,34,101.150,0.9856,0,0.9598,,0.850,0,
520,3,17,fog-26,1,fog,1000.0,0.0000,0.5000,11,100.750,1.0000,0,0.9565,,0.850,0,
521,3,17,fog-26,1,fog,1100.0,0.0000,0.5000,4,100.400,0.0000,0,0.9515,,0.850,0,
522,3,17,fog-26,1,fog,1200.0,0.0000,0.5000,4,100.400,0.0000,0,0.9465,,0.850,0,
523,3,17,fog-26,1,fog,1300.0,0.8571,0.5000,23,101.050,1.0000,0,0.9418,,0.850,0,
524,3,17,fog-26,1,fog,1400.0,0.0000,0.5000,8,100.650,1.0000,0,0.9392,,0.850,0,
525,3,17,fog-26,1,fog,1500.0,0.0000,0.5000,5,100.500,0.0000,0,0.9342,,0.850,0,
526,3,17,fog-26,1,fog,1600.0,0.0000,0.5000,5,100.500,0.0000,0,0.9292,,0.850,0,
527,3,17,fog-26,1,fog,1700.0,0.9643,0.5000,26,101.250,0.9861,0,0.9242,,0.850,0,
528,3,17,fog-26,1,fog,1800.0,0.0000,0.5000,9,100.750,1.0000,0,0.9216,,0.850,0,
529,3,17,fog-26,1,fog,1900.0,0.0000,0.5000,6,100.600,0.0000,0,0.9166,,0.850,0,
530,3,17,fog-26,1,fog,2000.0,0.0000,0.5000,6,100.600,0.0000,0,0.9116,,0.850,0,
531,3,17,fog-26,1,fog,2100.0,0.0000,0.5000,6,100.600,0.0000,0,0.9066,,0.850,0,
532,3,17,fog-26,1,fog,2200.0,0.0000,0.5000,6,100.600,0.0000,0,0.9016,,0.850,0,
533,3,17,fog-26,1,fog,2300.0,0.0000,0.5000,6,100.600,0.0000,0,0.8966,,0.850,0,
534,3,17,fog-26,1,fog,2400.0,0.0000,0.5000,6,100.600,0.0000,0,0.8916,,0.850,0,
535,3,17,fog-26,1,fog,2500.0,0.0000,0.5000,6,100.600,0.0000,0,0.8866,,0.850,0,
536,3,17,fog-26,1,fog,2600.0,0.0000,0.5000,6,100.600,0.0000,0,0.8816,,0.850,0,
537,3,17,fog-26,1,fog,2700.0,0.0000,0.5000,6,100.600,0.0000,0,0.8766,,0.850,0,
538,3,17,fog-26,1,fog,2800.0,0.0000,0.5000,6,100.600,0.0000,0,0.8716,,0.850,0,
539,3,17,fog-26,1,fog,2900.0,1.0000,0.5000,109,101.950,1.0000,0,0.8666,,0.850,0,
540,3,17,fog-26,1,fog,3000.0,0.9643,0.5000,88,101.500,1.0000,0,0.8616,,0.850,0,
541,3,17,fog-26,1,fog,3100.0,0.0000,0.5000,70,101.300,1.0000,0,0.8566,,0.850,0,
542,3,17,fog-26,1,fog,3200.0,0.0000,0.5000,34,102.100,1.0000,0,0.8516,,0.850,0,
543,3,17,fog-26,1,fog,3300.0,1.0000,0.5000,80,102.200,1.0000,0,0.8466,,0.850,0,
544,3,17,fog-26,1,fog,3400.0,0.0000,0.5000,24,101.800,1.0000,0,0.8416,,0.850,0,
545,3,17,fog-26,1,fog,3500.0,0.0000,0.5000,15,101.350,1.0000,0,0.8396,,0.850,0,
546,3,17,fog-26,1,fog,3600.0,0.0000,0.5000,12,101.200,0.0000,0,0.8346,,0.850,0,
547,3,17,fog-26,1,fog,3700.0,0.0000,0.5000,12,101.200,0.0000,0,0.8296,,0.850,0,
548,3,17,fog-26,1,fog,3800.0,0.0000,0.5000,12,101.200,0.0000,0,0.8246,,0.850,0,
549,3,17,fog-26,1,fog,3900.0,0.9643,0.5000,32,101.950,1.0000,0,0.8196,,0.850,0,
550,3,17,fog-26,1,fog,4000.0,0.8571,0.5000,35,102.100,1.0000,0,0.8146,,0.850,0,
551,3,17,fog-26,1,fog,4100.0,0.0000,0.5000,17,101.550,1.0000,0,0.8123,,0.850,0,
552,3,17,fog-26,1,fog,4200.0,0.0000,0.5000,14,101.400,0.0000,0,0.8073,,0.850,0,
553,3,17,fog-26,1,fog,4300.0,0.0000,0.5000,14,101.400,0.0000,0,0.8023,,0.850,0,
554,3,17,fog-26,1,fog,4400.0,0.8571,0.5000,30,102.100,1.0000,0,0.7973,,0.850,0,
555,3,17,fog-26,1,fog,4500.0,0.8571,0.5000,33,102.300,1.0000,0,0.7923,,0.850,0,
556,3,17,fog-26,1,fog,4600.0,0.0000,0.5000,18,101.700,1.0000,0,0.7903,,0.850,0,
557,3,17,fog-26,1,fog,4700.0,0.0000,0.5000,16,101.600,0.0000,0,0.7853,,0.850,0,
558,3,17,fog-26,1,fog,4800.0,1.0000,0.5000,85,102.700,1.0000,0,0.7803,,0.850,0,
559,3,17,fog-26,1,fog,4900.0,0.0000,0.5000,35,102.150,1.0000,0,0.7753,,0.850,0,
560,3,17,fog-26,1,fog,5000.0,0.0000,0.5000,25,102.150,1.0000,0,0.7730,,0.850,0,
561,3,18,fog-27,1,fog,0.0,0.0000,0.5000,0,100.000,,0,1.0000,,0.850,0,
562,3,18,fog-27,1,fog,100.0,0.0000,0.5000,0,100.000,,0,0.9950,,0.850,0,
563,3,18,fog-27,1,fog,200.0,0.0000,0.5000,0,100.000,,0,0.9900,,0.850,0,
564,3,18,fog-27,1,fog,300.0,0.0000,0.5000,0,100.000,,0,0.9850,,0.850,0,
565,3,18,fog-27,1,fog,400.0,0.9643,0.5000,22,100.700,0.7893,0,0.9800,,0.850,0,
566,3,18,fog-27,1,fog,500.0,1.0000,0.5000,31,100.950,0.8737,0,0.9750,,0.850,0,
567,3,18,fog-27,1,fog,600.0,1.0000,0.5000,36,101.000,0.9310,0,0.9700,,0.850,0,
568,3,18,fog-27,1,fog,700.0,0.0000,0.5000,10,100.550,0.7733,0,0.9664,,0.850,0,
569,3,18,fog-27,1,fog,800.0,0.0000,0.5000,1,100.100,,0,0.9614,,0.850,0,
570,3,18,fog-27,1,fog,900.0,0.0000,0.5000,1,100.100,,0,0.9564,,0.850,0,
571,3,18,fog-27,1,fog,1000.0,0.0000,0.5000,1,100.100,,0,0.9514,,0.850,0,
572,3,18,fog-27,1,fog,1100.0,0.0000,0.5000,1,100.100,,0,0.9464,,0.850,0,
573,3,18,fog-27,1,fog,1200.0,0.0000,0.5000,1,100.100,,0,0.9414,,0.850,0,
574,3,18,fog-27,1,fog,1300.0,0.0000,0.5000,1,100.100,,0,0.9364,,0.850,0,
575,3,18,fog-27,1,fog,1400.0,0.0000,0.5000,1,100.100,,0,0.9314,,0.850,0,
576,3,18,fog-27,1,fog,1500.0,0.0000,0.5000,1,100.100,,0,0.9264,,0.850,0,
577,3,18,fog-27,1,fog,1600.0,0.0000,0.5000,1,100.100,,0,0.9214,,0.850,0,
578,3,18,fog-27,1,fog,1700.0,0.0000,0.5000,1,100.100,,0,0.9164,,0.850,0,
579,3,18,fog-27,1,fog,1800.0,0.0000,0.5000,1,100.100,,0,0.9114,,0.850,0,
580,3,18,fog-27,1,fog,1900.0,0.0000,0.5000,1,100.100,,0,0.9064,,0.850,0,
581,3,18,fog-27,1,fog,2000.0,0.0000,0.5000,1,100.100,,0,0.9014,,0.850,0,
582,3,18,fog-27,1,fog,2100.0,0.0000,0.5000,1,100.100,,0,0.8964,,0.850,0,
583,3,18,fog-27,1,fog,2200.0,0.0000,0.5000,1,100.100,,0,0.8914,,0.850,0,
584,3,18,fog-27,1,fog,2300.0,0.0000,0.5000,1,100.100,,0,0.8864,,0.850,0,
585,3,18,fog-27,1,fog,2400.0,0.0000,0.5000,1,100.100,,0,0.8814,,0.850,0,
586,3,18,fog-27,1,fog,2500.0,0.0000,0.5000,1,100.100,,0,0.8764,,0.850,0,
587,3,18,fog-27,1,fog,2600.0,0.0000,0.5000,1,100.100,,0,0.8714,,0.850,0,
588,3,18,fog-27,1,fog,2700.0,0.0000,0.5000,1,100.100,,0,0.8664,,0.850,0,
589,3,18,fog-27,1,fog,2800.0,1.0000,0.5000,26,100.900,0.8124,0,0.8614,,0.850,0,
590,3,18,fog-27,1,fog,2900.0,0.9643,0.5000,28,101.000,0.9547,0,0.8564,,0.850,0,
591,3,18,fog-27,1,fog,3000.0,0.7500,0.5000,23,101.050,0.9312,0,0.8514,,0.850,0,
592,3,18,fog-27,1,fog,3100.0,0.0000,0.5000,5,100.350,0.7149,0,0.8488,,0.850,0,
593,3,18,fog-27,1,fog,3200.0,0.0000,0.5000,2,100.200,,0,0.8438,,0.850,0,
594,3,18,fog-27,1,fog,3300.0,0.0000,0.5000,2,100.200,,0,0.8388,,0.850,0,
595,3,18,fog-27,1,fog,3400.0,0.0000,0.5000,2,100.200,,0,0.8338,,0.850,0,
596,3,18,fog-27,1,fog,3500.0,0.0000,0.5000,2,100.200,,0,0.8288,,0.850,0,
597,3,18,fog-27,1,fog,3600.0,0.0000,0.5000,2,100.200,,0,0.8238,,0.850,0,
598,3,18,fog-27,1,fog,3700.0,0.9643,0.5000,22,100.900,0.9471,0,0.8188,,0.850,0,
599,3,18,fog-27,1,fog,3800.0,0.9643,0.5000,28,101.150,0.9853,0,0.8138,,0.850,0,
600,3,18,fog-27,1,fog,3900.0,0.8571,0.5000,28,101.150,0.9853,0,0.8088,,0.850,0,
601,3,18,fog-27,1,fog,4000.0,0.0000,0.5000,7,100.500,1.0000,0,0.8062,,0.850,0,
602,3,18,fog-27,1,fog,4100.0,0.9643,0.5000,25,101.000,0.8942,0,0.8012,,0.850,0,
603,3,18,fog-27,1,fog,4200.0,1.0000,0.5000,35,101.250,1.0000,0,0.7962,,0.850,0,
604,3,18,fog-27,1,fog,4300.0,0.9643,0.5000,34,101.300,1.0000,0,0.7912,,0.850,0,
605,3,18,fog-27,1,fog,4400.0,0.0000,0.5000,11,100.750,1.0000,0,0.7880,,0.850,0,
606,3,18,fog-27,1,fog,4500.0,0.0000,0.5000,4,100.400,0.0000,0,0.7830,,0.850,0,
607,3,18,fog-27,1,fog,4600.0,0.0000,0.5000,4,100.400,0.0000,0,0.7780,,0.850,0,
608,3,18,fog-27,1,fog,4700.0,0.0000,0.5000,4,100.400,0.0000,0,0.7730,,0.850,0,
609,3,18,fog-27,1,fog,4800.0,0.0000,0.5000,4,100.400,0.0000,0,0.7680,,0.850,0,
610,3,18,fog-27,1,fog,4900.0,0.0000,0.5000,4,100.400,0.0000,0,0.7630,,0.850,0,
611,3,18,fog-27,1,fog,5000.0,0.0000,0.5000,4,100.400,0.0000,0,0.7580,,0.850,0,
612,3,19,fog-28,1,fog,0.0,0.0000,0.5000,0,100.000,,0,1.0000,,0.850,0,
613,3,19,fog-28,1,fog,100.0,0.0000,0.5000,0,100.000,,0,0.9950,,0.850,0,
614,3,19,fog-28,1,fog,200.0,0.0000,0.5000,0,100.000,,0,0.9900,,0.850,0,
615,3,19,fog-28,1,fog,300.0,0.0000,0.5000,0,100.000,,0,0.9850,,0.850,0,
616,3,19,fog-28,1,fog,400.0,0.0000,0.5000,0,100.000,,0,0.9800,,0.850,0,
617,3,19,fog-28,1,fog,500.0,0.0000,0.5000,0,100.000,,0,0.9750,,0.850,0,
618,3,19,fog-28,1,fog,600.0,0.0000,0.5000,0,100.000,,0,0.9700,,0.850,0,
619,3,19,fog-28,1,fog,700.0,0.0000,0.5000,0,100.000,,0,0.9650,,0.850,0,
620,3,19,fog-28,1,fog,800.0,0.0000,0.5000,0,100.000,,0,0.9600,,0.850,0,
621,3,19,fog-28,1,fog,900.0,0.0000,0.5000,0,100.000,,0,0.9550,,0.850,0,
622,3,19,fog-28,1,fog,1000.0,0.0000,0.5000,0,100.000,,0,0.9500,,0.850,0,
623,3,19,fog-28,1,fog,1100.0,0.0000,0.5000,0,100.000,,0,0.9450,,0.850,0,
624,3,19,fog-28,1,fog,1200.0,0.0000,0.5000,0,100.000,,0,0.9400,,0.850,0,
625,3,19,fog-28,1,fog,1300.0,0.0000,0.5000,0,100.000,,0,0.9350,,0.850,0,
626,3,19,fog-28,1,fog,1400.0,0.0000,0.5000,0,100.000,,0,0.9300,,0.850,0,
627,3,19,fog-28,1,fog,1500.0,0.0000,0.5000,0,100.000,,0,0.9250,,0.850,0,
628,3,19,fog-28,1,fog,1600.0,0.0000,0.5000,0,100.000,,0,0.9200,,0.850,0,
629,3,19,fog-28,1,fog,1700.0,0.0000,0.5000,0,100.000,,0,0.9150,,0.850,0,
630,3,19,fog-28,1,fog,1800.0,0.0000,0.5000,0,100.000,,0,0.9100,,0.850,0,
631,3,19,fog-28,1,fog,1900.0,0.0000,0.5000,0,100.000,,0,0.9050,,0.850,0,
632,3,19,fog-28,1,fog,2000.0,0.0000,0.5000,0,100.000,,0,0.9000,,0.850,0,
633,3,19,fog-28,1,fog,2100.0,0.0000,0.5000,0,100.000,,0,0.8950,,0.850,0,
634,3,19,fog-28,1,fog,2200.0,0.0000,0.5000,0,100.000,,0,0.8900,,0.850,0,
635,3,19,fog-28,1,fog,2300.0,0.0000,0.5000,0,100.000,,0,0.8850,,0.850,0,
636,3,19,fog-28,1,fog,2400.0,0.0000,0.5000,0,100.000,,0,0.8800,,0.850,0,
637,3,19,fog-28,1,fog,2500.0,0.0000,0.5000,0,100.000,,0,0.8750,,0.850,0,
638,3,19,fog-28,1,fog,2600.0,0.0000,0.5000,0,100.000,,0,0.8700,,0.850,0,
639,3,19,fog-28,1,fog,2700.0,0.0000,0.5000,0,100.000,,0,0.8650,,0.850,0,
640,3,19,fog-28,1,fog,2800.0,0.0000,0.5000,0,100.000,,0,0.8600,,0.850,0,
641,3,19,fog-28,1,fog,2900.0,0.0000,0.5000,0,100.000,,0,0.8550,,0.850,0,
642,3,19,fog-28,1,fog,3000.0,0.0000,0.5000,0,100.000,,0,0.8500,,0.850,0,
643,3,19,fog-28,1,fog,3100.0,0.0000,0.5000,0,100.000,,0,0.8450,,0.850,0,
644,3,19,fog-28,1,fog,3200.0,0.0000,0.5000,0,100.000,,0,0.8400,,0.850,0,
645,3,19,fog-28,1,fog,3300.0,0.0000,0.5000,0,100.000,,0,0.8350,,0.850,0,
646,3,19,fog-28,1,fog,3400.0,0.0000,0.5000,0,100.000,,0,0.8300,,0.850,0,
647,3,19,fog-28,1,fog,3500.0,0.0000,0.5000,0,100.000,,0,0.8250,,0.850,0,
648,3,19,fog-28,1,fog,3600.0,0.0000,0.5000,0,100.000,,0,0.8200,,0.850,0,
649,3,19,fog-28,1,fog,3700.0,0.0000,0.5000,0,100.000,,0,0.8150,,0.850,0,
650,3,19,fog-28,1,fog,3800.0,0.0000,0.5000,0,100.000,,0,0.8100,,0.850,0,
651,3,19,fog-28,1,fog,3900.0,0.0000,0.5000,0,100.000,,0,0.8050,,0.850,0,
652,3,19,fog-28,1,fog,4000.0,0.0000,0.5000,0,100.000,,0,0.8000,,0.850,0,
653,3,19,fog-28,1,fog,4100.0,0.0000,0.5000,0,100.000,,0,0.7950,,0.850,0,
654,3,19,fog-28,1,fog,4200.0,0.0000,0.5000,0,100.000,,0,0.7900,,0.850,0,
655,3,19,fog-28,1,fog,4300.0,0.0000,0.5000,0,100.000,,0,0.7850,,0.850,0,
656,3,19,fog-28,1,fog,4400.0,0.0000,0.5000,0,100.000,,0,0.7800,,0.850,0,
657,3,19,fog-28,1,fog,4500.0,0.0000,0.5000,0,100.000,,0,0.7750,,0.850,0,
658,3,19,fog-28,1,fog,4600.0,0.0000,0.5000,0,100.000,,0,0.7700,,0.850,0,
659,3,19,fog-28,1,fog,4700.0,0.0000,0.5000,0,100.000,,0,0.7650,,0.850,0,
660,3,19,fog-28,1,fog,4800.0,0.0000,0.5000,0,100.000,,0,0.7600,,0.850,0,
661,3,19,fog-28,1,fog,4900.0,0.0000,0.5000,0,100.000,,0,0.7550,,0.850,0,
662,3,19,fog-28,1,fog,5000.0,0.0000,0.5000,0,100.000,,0,0.7500,,0.850,0,
663,3,20,fog-29,1,fog,0.0,0.0000,0.5000,0,100.000,,0,1.0000,,0.850,0,
664,3,20,fog-29,1,fog,100.0,0.0000,0.5000,0,100.000,,0,0.9950,,0.850,0,
665,3,20,fog-29,1,fog,200.0,0.0000,0.5000,0,100.000,,0,0.9900,,0.850,0,
666,3,20,fog-29,1,fog,300.0,0.0000,0.5000,0,100.000,,0,0.9850,,0.850,0,
667,3,20,fog-29,1,fog,400.0,0.0000,0.5000,0,100.000,,0,0.9800,,0.850,0,
668,3,20,fog-29,1,fog,500.0,0.0000,0.5000,0,100.000,,0,0.9750,,0.850,0,
669,3,20,fog-29,1,fog,600.0,0.0000,0.5000,0,100.000,,0,0.9700,,0.850,0,
670,3,20,fog-29,1,fog,700.0,0.0000,0.5000,0,100.000,,0,0.9650,,0.850,0,
671,3,20,fog-29,1,fog,800.0,0.0000,0.5000,0,100.000,,0,0.9600,,0.850,0,
672,3,20,fog-29,1,fog,900.0,0.0000,0.5000,0,100.000,,0,0.9550,,0.850,0,
673,3,20,fog-29,1,fog,1000.0,0.0000,0.5000,0,100.000,,0,0.9500,,0.850,0,
674,3,20,fog-29,1,fog,1100.0,0.0000,0.5000,0,100.000,,0,0.9450,,0.850,0,
675,3,20,fog-29,1,fog,1200.0,0.0000,0.5000,0,100.000,,0,0.9400,,0.850,0,
676,3,20,fog-29,1,fog,1300.0,0.0000,0.5000,0,100.000,,0,0.9350,,0.850,0,
677,3,20,fog-29,1,fog,1400.0,0.0000,0.5000,0,100.000,,0,0.9300,,0.850,0,
678,3,20,fog-29,1,fog,1500.0,0.0000,0.5000,0,100.000,,0,0.9250,,0.850,0,
679,3,20,fog-29,1,fog,1600.0,0.0000,0.5000,0,100.000,,0,0.9200,,0.850,0,
680,3,20,fog-29,1,fog,1700.0,0.0000,0.5000,0,100.000,,0,0.9150,,0.850,0,
681,3,20,fog-29,1,fog,1800.0,0.0000,0.5000,0,100.000,,0,0.9100,,0.850,0,
682,3,20,fog-29,1,fog,1900.0,0.0000,0.5000,0,100.000,,0,0.9050,,0.850,0,
683,3,20,fog-29,1,fog,2000.0,0.0000,0.5000,0,100.000,,0,0.9000,,0.850,0,
684,3,20,fog-29,1,fog,2100.0,0.0000,0.5000,0,100.000,,0,0.8950,,0.850,0,
685,3,20,fog-29,1,fog,2200.0,0.0000,0.5000,0,100.000,,0,0.8900,,0.850,0,
686,3,20,fog-29,1,fog,2300.0,0.0000,0.5000,0,100.000,,0,0.8850,,0.850,0,
687,3,20,fog-29,1,fog,2400.0,0.0000,0.5000,0,100.000,,0,0.8800,,0.850,0,
688,3,20,fog-29,1,fog,2500.0,0.0000,0.5000,0,100.000,,0,0.8750,,0.850,0,
689,3,20,fog-29,1,fog,2600.0,0.0000,0.5000,0,100.000,,0,0.8700,,0.850,0,
690,3,20,fog-29,1,fog,2700.0,0.0000,0.5000,0,100.000,,0,0.8650,,0.850,0,
691,3,20,fog-29,1,fog,2800.0,0.0000,0.5000,0,100.000,,0,0.8600,,0.850,0,
692,3,20,fog-29,1,fog,2900.0,0.0000,0.5000,0,100.000,,0,0.8550,,0.850,0,
693,3,20,fog-29,1,fog,3000.0,0.0000,0.5000,0,100.000,,0,0.8500,,0.850,0,
694,3,20,fog-29,1,fog,3100.0,0.0000,0.5000,0,100.000,,0,0.8450,,0.850,0,
695,3,20,fog-29,1,fog,3200.0,0.0000,0.5000,0,100.000,,0,0.8400,,0.850,0,
696,3,20,fog-29,1,fog,3300.0,0.0000,0.5000,0,100.000,,0,0.8350,,0.850,0,
697,3,20,fog-29,1,fog,3400.0,0.0000,0.5000,0,100.000,,0,0.8300,,0.850,0,
698,3,20,fog-29,1,fog,3500.0,0.0000,0.5000,0,100.000,,0,0.8250,,0.850,0,
699,3,20,fog-29,1,fog,3600.0,0.0000,0.5000,0,100.000,,0,0.8200,,0.850,0,
700,3,20,fog-29,1,fog,3700.0,0.0000,0.5000,0,100.000,,0,0.8150,,0.850,0,
701,3,20,fog-29,1,fog,3800.0,0.0000,0.5000,0,100.000,,0,0.8100,,0.850,0,
702,3,20,fog-29,1,fog,3900.0,0.0000,0.5000,0,100.000,,0,0.8050,,0.850,0,
703,3,20,fog-29,1,fog,4000.0,0.0000,0.5000,0,100.000,,0,0.8000,,0.850,0,
704,3,20,fog-29,1,fog,4100.0,0.0000,0.5000,0,100.000,,0,0.7950,,0.850,0,
705,3,20,fog-29,1,fog,4200.0,0.0000,0.5000,0,100.000,,0,0.7900,,0.850,0,
706,3,20,fog-29,1,fog,4300.0,0.0000,0.5000,0,100.000,,0,0.7850,,0.850,0,
707,3,20,fog-29,1,fog,4400.0,0.0000,0.5000,0,100.000,,0,0.7800,,0.850,0,
708,3,20,fog-29,1,fog,4500.0,0.0000,0.5000,0,100.000,,0,0.7750,,0.850,0,
709,3,20,fog-29,1,fog,4600.0,0.0000,0.5000,0,100.000,,0,0.7700,,0.850,0,
710,3,20,fog-29,1,fog,4700.0,0.0000,0.5000,0,100.000,,0,0.7650,,0.850,0,
711,3,20,fog-29,1,fog,4800.0,0.0000,0.5000,0,100.000,,0,0.7600,,0.850,0,
712,3,20,fog-29,1,fog,4900.0,0.0000,0.5000,0,100.000,,0,0.7550,,0.850,0,
713,3,20,fog-29,1,fog,5000.0,0.0000,0.5000,0,100.000,,0,0.7500,,0.850,0,
714,3,21,fog-30,1,fog,0.0,0.0000,0.5000,0,100.000,,0,1.0000,,0.850,0,972.4
715,3,21,fog-30,1,fog,100.0,0.3214,0.5000,8,100.200,0.7060,0,0.9950,,0.850,0,972.4
716,3,21,fog-30,1,fog,200.0,1.0000,0.5000,66,101.200,1.0000,0,0.9900,,0.850,0,972.4
717,3,21,fog-30,1,fog,300.0,1.0000,0.5000,141,101.750,1.0000,0,0.9850,,0.850,0,972.4
718,3,21,fog-30,1,fog,400.0,0.8571,0.5000,110,101.000,1.0000,0,0.9800,,0.850,0,972.4
719,3,21,fog-30,1,fog,500.0,0.0000,0.5000,94,100.600,1.0000,0,0.9750,,0.850,0,972.4
720,3,21,fog-30,1,fog,600.0,1.0000,0.5000,147,101.550,1.0000,0,0.9700,,0.850,0,972.4
721,3,21,fog-30,1,fog,700.0,1.0000,0.5000,139,101.300,1.0000,0,0.9650,,0.850,0,972.4
722,3,21,fog-30,1,fog,800.0,1.0000,0.5000,140,101.700,1.0000,0,0.9600,,0.850,1,972.4
723,3,21,fog-30,1,fog,900.0,1.0000,0.5000,178,102.150,1.0000,0,0.9550,,0.850,1,972.4
724,3,22,fog-31,1,fog,0.0,0.0000,0.5000,0,100.000,,0,1.0000,,0.850,0,
725,3,22,fog-31,1,fog,100.0,0.0000,0.5000,0,100.000,,0,0.9950,,0.850,0,
726,3,22,fog-31,1,fog,200.0,0.0000,0.5000,0,100.000,,0,0.9900,,0.850,0,
727,3,22,fog-31,1,fog,300.0,0.0000,0.5000,0,100.000,,0,0.9850,,0.850,0,
728,3,22,fog-31,1,fog,400.0,0.0000,0.5000,0,100.000,,0,0.9800,,0.850,0,
729,3,22,fog-31,1,fog,500.0,0.0000,0.5000,0,100.000,,0,0.9750,,0.850,0,
730,3,22,fog-31,1,fog,600.0,0.0000,0.5000,0,100.000,,0,0.9700,,0.850,0,
731,3,22,fog-31,1,fog,700.0,0.0000,0.5000,0,100.000,,0,0.9650,,0.850,0,
732,3,22,fog-31,1,fog,800.0,0.0000,0.5000,0,100.000,,0,0.9600,,0.850,0,
733,3,22,fog-31,1,fog,900.0,0.0000,0.5000,0,100.000,,0,0.9550,,0.850,0,
734,3,22,fog-31,1,fog,1000.0,0.9643,0.5000,20,100.700,0.8738,0,0.9500,,0.850,0,
735,3,22,fog-31,1,fog,1100.0,0.0000,0.5000,5,100.300,0.7111,0,0.9474,,0.850,0,
736,3,22,fog-31,1,fog,1200.0,0.0000,0.5000,1,100.100,,0,0.9424,,0.850,0,
737,3,22,fog-31,1,fog,1300.0,0.0000,0.5000,1,100.100,,0,0.9374,,0.850,0,
738,3,22,fog-31,1,fog,1400.0,0.0000,0.5000,1,100.100,,0,0.9324,,0.850,0,
739,3,22,fog-31,1,fog,1500.0,0.0000,0.5000,1,100.100,,0,0.9274,,0.850,0,
740,3,22,fog-31,1,fog,1600.0,0.0000,0.5000,1,100.100,,0,0.9224,,0.850,0,
741,3,22,fog-31,1,fog,1700.0,0.0000,0.5000,1,100.100,,0,0.9174,,0.850,0,
742,3,22,fog-31,1,fog,1800.0,0.0000,0.5000,1,100.100,,0,0.9124,,0.850,0,
743,3,22,fog-31,1,fog,1900.0,0.0000,0.5000,1,100.100,,0,0.9074,,0.850,0,
744,3,22,fog-31,1,fog,2000.0,0.0000,0.5000,1,100.100,,0,0.9024,,0.850,0,
745,3,22,fog-31,1,fog,2100.0,0.0000,0.5000,1,100.100,,0,0.8974,,0.850,0,
746,3,22,fog-31,1,fog,2200.0,0.0000,0.5000,1,100.100,,0,0.8924,,0.850,0,
747,3,22,fog-31,1,fog,2300.0,0.0000,0.5000,1,100.100,,0,0.8874,,0.850,0,
748,3,22,fog-31,1,fog,2400.0,0.0000,0.5000,1,100.100,,0,0.8824,,0.850,0,
749,3,22,fog-31,1,fog,2500.0,0.0000,0.5000,1,100.100,,0,0.8774,,0.850,0,
750,3,22,fog-31,1,fog,2600.0,0.9643,0.5000,22,100.850,0.9458,0,0.8724,,0.850,0,
751,3,22,fog-31,1,fog,2700.0,0.0000,0.5000,5,100.350,1.0000,0,0.8698,,0.850,0,
752,3,22,fog-31,1,fog,2800.0,0.0000,0.5000,2,100.200,,0,0.8648,,0.850,0,
753,3,22,fog-31,1,fog,2900.0,0.0000,0.5000,2,100.200,,0,0.8598,,0.850,0,
754,3,22,fog-31,1,fog,3000.0,0.0000,0.5000,2,100.200,,0,0.8548,,0.850,0,
755,3,22,fog-31,1,fog,3100.0,0.0000,0.5000,2,100.200,,0,0.8498,,0.850,0,
756,3,22,fog-31,1,fog,3200.0,0.0000,0.5000,2,100.200,,0,0.8448,,0.850,0,
757,3,22,fog-31,1,fog,3300.0,0.0000,0.5000,2,100.200,,0,0.8398,,0.850,0,
758,3,22,fog-31,1,fog,3400.0,0.0000,0.5000,2,100.200,,0,0.8348,,0.850,0,
759,3,22,fog-31,1,fog,3500.0,0.0000,0.5000,2,100.200,,0,0.8298,,0.850,0,
760,3,22,fog-31,1,fog,3600.0,0.0000,0.5000,2,100.200,,0,0.8248,,0.850,0,
761,3,22,fog-31,1,fog,3700.0,0.0000,0.5000,2,100.200,,0,0.8198,,0.850,0,
762,3,22,fog-31,1,fog,3800.0,0.0000,0.5000,2,100.200,,0,0.8148,,0.850,0,
763,3,22,fog-31,1,fog,3900.0,0.0000,0.5000,2,100.200,,0,0.8098,,0.850,0,
764,3,22,fog-31,1,fog,4000.0,0.0000,0.5000,2,100.200,,0,0.8048,,0.850,0,
765,3,22,fog-31,1,fog,4100.0,0.0000,0.5000,2,100.200,,0,0.7998,,0.850,0,
766,3,22,fog-31,1,fog,4200.0,1.0000,0.5000,27,101.000,0.8729,0,0.7948,,0.850,0,
767,3,22,fog-31,1,fog,4300.0,0.0000,0.5000,7,100.500,1.0000,0,0.7918,,0.850,0,
768,3,22,fog-31,1,fog,4400.0,0.0000,0.5000,3,100.300,0.0000,0,0.7868,,0.850,0,
769,3,22,fog-31,1,fog,4500.0,0.0000,0.5000,3,100.300,0.0000,0,0.7818,,0.850,0,
770,3,22,fog-31,1,fog,4600.0,0.0000,0.5000,3,100.300,0.0000,0,0.7768,,0.850,0,
771,3,22,fog-31,1,fog,4700.0,0.0000,0.5000,3,100.300,0.0000,0,0.7718,,0.850,0,
772,3,22,fog-31,1,fog,4800.0,0.0000,0.5000,3,100.300,0.0000,0,0.7668,,0.850,0,
773,3,22,fog-31,1,fog,4900.0,0.0000,0.5000,3,100.300,0.0000,0,0.7618,,0.850,0,
774,3,22,fog-31,1,fog,5000.0,0.0000,0.5000,3,100.300,0.0000,0,0.7568,,0.850,0,
775,3,23,fog-32,1,fog,0.0,0.0000,0.5000,0,100.000,,0,1.0000,,0.850,0,
776,3,23,fog-32,1,fog,100.0,0.0000,0.5000,0,100.000,,0,0.9950,,0.850,0,
777,3,23,fog-32,1,fog,200.0,0.9643,0.5000,21,100.750,0.7442,0,0.9900,,0.850,0,
778,3,23,fog-32,1,fog,300.0,0.0000,0.5000,4,100.250,0.3786,0,0.9874,,0.850,0,
779,3,23,fog-32,1,fog,400.0,0.0000,0.5000,1,100.100,,0,0.9824,,0.850,0,
780,3,23,fog-32,1,fog,500.0,0.0000,0.5000,1,100.100,,0,0.9774,,0.850,0,
781,3,23,fog-32,1,fog,600.0,1.0000,0.5000,71,101.200,1.0000,0,0.9724,,0.850,0,
782,3,23,fog-32,1,fog,700.0,0.0000,0.5000,29,100.600,1.0000,0,0.9674,,0.850,0,
783,3,23,fog-32,1,fog,800.0,0.0000,0.5000,15,100.900,1.0000,0,0.9645,,0.850,0,
784,3,23,fog-32,1,fog,900.0,0.0000,0.5000,3,100.300,0.0000,0,0.9595,,0.850,0,
785,3,23,fog-32,1,fog,1000.0,0.0000,0.5000,3,100.300,0.0000,0,0.9545,,0.850,0,
786,3,23,fog-32,1,fog,1100.0,0.0000,0.5000,3,100.300,0.0000,0,0.9495,,0.850,0,
787,3,23,fog-32,1,fog,1200.0,0.0000,0.5000,3,100.300,0.0000,0,0.9445,,0.850,0,
788,3,23,fog-32,1,fog,1300.0,0.0000,0.5000,3,100.300,0.0000,0,0.9395,,0.850,0,
789,3,23,fog-32,1,fog,1400.0,1.0000,0.5000,57,101.250,1.0000,0,0.9345,,0.850,0,
790,3,23,fog-32,1,fog,1500.0,1.0000,0.5000,102,101.800,1.0000,0,0.9295,,0.850,0,
791,3,23,fog-32,1,fog,1600.0,0.0000,0.5000,55,100.700,1.0000,0,0.9245,,0.850,0,
792,3,23,fog-32,1,fog,1700.0,0.9643,0.5000,65,101.400,1.0000,0,0.9195,,0.850,0,
793,3,23,fog-32,1,fog,1800.0,0.9643,0.5000,65,101.750,1.0000,0,0.9145,,0.850,0,
794,3,23,fog-32,1,fog,1900.0,0.0000,0.5000,24,101.300,1.0000,0,0.9095,,0.850,0,
795,3,23,fog-32,1,fog,2000.0,0.8571,0.5000,28,101.400,1.0000,0,0.9051,,0.850,0,
796,3,23,fog-32,1,fog,2100.0,0.0000,0.5000,10,100.800,1.0000,0,0.9025,,0.850,0,
797,3,23,fog-32,1,fog,2200.0,0.0000,0.5000,6,100.600,0.0000,0,0.8975,,0.850,0,
798,3,23,fog-32,1,fog,2300.0,0.0000,0.5000,6,100.600,0.0000,0,0.8925,,0.850,0,
799,3,23,fog-32,1,fog,2400.0,0.0000,0.5000,6,100.600,0.0000,0,0.8875,,0.850,0,
800,3,23,fog-32,1,fog,2500.0,0.9643,0.5000,27,101.350,1.0000,0,0.8825,,0.850,0,
801,3,23,fog-32,1,fog,2600.0,1.0000,0.5000,37,101.550,1.0000,0,0.8775,,0.850,0,
802,3,23,fog-32,1,fog,2700.0,0.0000,0.5000,13,101.000,1.0000,0,0.8742,,0.850,0,
803,3,23,fog-32,1,fog,2800.0,0.0000,0.5000,7,100.700,0.0000,0,0.8692,,0.850,0,
804,3,23,fog-32,1,fog,2900.0,0.0000,0.5000,7,100.700,0.0000,0,0.8642,,0.850,0,
805,3,23,fog-32,1,fog,3000.0,0.0000,0.5000,7,100.700,0.0000,0,0.8592,,0.850,0,
806,3,23,fog-32,1,fog,3100.0,0.0000,0.5000,7,100.700,0.0000,0,0.8542,,0.850,0,
807,3,23,fog-32,1,fog,3200.0,0.0000,0.5000,7,100.700,0.0000,0,0.8492,,0.850,0,
808,3,23,fog-32,1,fog,3300.0,0.0000,0.5000,7,100.700,0.0000,0,0.8442,,0.850,0,
809,3,23,fog-32,1,fog,3400.0,0.0000,0.5000,7,100.700,0.0000,0,0.8392,,0.850,0,
810,3,23,fog-32,1,fog,3500.0,0.8571,0.5000,23,101.400,1.0000,0,0.8342,,0.850,0,
811,3,23,fog-32,1,fog,3600.0,0.9643,0.5000,29,101.500,1.0000,0,0.8292,,0.850,0,
812,3,23,fog-32,1,fog,3700.0,0.0000,0.5000,11,100.900,1.0000,0,0.8266,,0.850,0,
813,3,23,fog-32,1,fog,3800.0,0.9643,0.5000,26,101.450,1.0000,0,0.8216,,0.850,0,
814,3,23,fog-32,1,fog,3900.0,0.9643,0.5000,30,101.550,1.0000,0,0.8166,,0.850,0,
815,3,23,fog-32,1,fog,4000.0,0.0000,0.5000,11,100.900,1.0000,0,0.8140,,0.850,0,
816,3,23,fog-32,1,fog,4100.0,1.0000,0.5000,34,101.500,1.0000,0,0.8090,,0.850,0,
817,3,23,fog-32,1,fog,4200.0,0.0000,0.5000,11,100.900,1.0000,0,0.8061,,0.850,0,
818,3,23,fog-32,1,fog,4300.0,0.9643,0.5000,27,101.400,1.0000,0,0.8014,,0.850,0,
819,3,23,fog-32,1,fog,4400.0,1.0000,0.5000,40,101.600,1.0000,0,0.7964,,0.850,0,
820,3,23,fog-32,1,fog,4500.0,0.0000,0.5000,13,101.000,1.0000,0,0.7931,,0.850,0,
821,3,23,fog-32,1,fog,4600.0,0.8571,0.5000,24,101.350,0.9904,0,0.7884,,0.850,0,
822,3,23,fog-32,1,fog,4700.0,1.0000,0.5000,73,101.800,1.0000,0,0.7834,,0.850,0,
823,3,23,fog-32,1,fog,4800.0,0.9643,0.5000,60,101.500,1.0000,0,0.7784,,0.850,0,
824,3,23,fog-32,1,fog,4900.0,0.0000,0.5000,29,101.550,1.0000,0,0.7734,,0.850,0,
825,3,23,fog-32,1,fog,5000.0,0.0000,0.5000,12,101.000,1.0000,0,0.7714,,0.850,0,
826,3,24,fog-33,1,fog,0.0,0.0000,0.5000,0,100.000,,0,1.0000,,0.850,0,
827,3,24,fog-33,1,fog,100.0,0.0000,0.5000,0,100.000,,0,0.9950,,0.850,0,
828,3,24,fog-33,1,fog,200.0,0.0000,0.5000,0,100.000,,0,0.9900,,0.850,0,
829,3,24,fog-33,1,fog,300.0,0.0000,0.5000,0,100.000,,0,0.9850,,0.850,0,
830,3,24,fog-33,1,fog,400.0,0.0000,0.5000,0,100.000,,0,0.9800,,0.850,0,
831,3,24,fog-33,1,fog,500.0,0.0000,0.5000,0,100.000,,0,0.9750,,0.850,0,
832,3,24,fog-33,1,fog,600.0,0.0000,0.5000,0,100.000,,0,0.9700,,0.850,0,
833,3,24,fog-33,1,fog,700.0,0.0000,0.5000,0,100.000,,0,0.9650,,0.850,0,
834,3,24,fog-33,1,fog,800.0,0.0000,0.5000,0,100.000,,0,0.9600,,0.850,0,
835,3,24,fog-33,1,fog,900.0,0.0000,0.5000,0,100.000,,0,0.9550,,0.850,0,
836,3,24,fog-33,1,fog,1000.0,0.0000,0.5000,0,100.000,,0,0.9500,,0.850,0,
837,3,24,fog-33,1,fog,1100.0,0.0000,0.5000,0,100.000,,0,0.9450,,0.850,0,
838,3,24,fog-33,1,fog,1200.0,0.0000,0.5000,0,100.000,,0,0.9400,,0.850,0,
839,3,24,fog-33,1,fog,1300.0,0.0000,0.5000,0,100.000,,0,0.9350,,0.850,0,
840,3,24,fog-33,1,fog,1400.0,0.0000,0.5000,0,100.000,,0,0.9300,,0.850,0,
841,3,24,fog-33,1,fog,1500.0,0.7500,0.5000,14,100.600,0.6115,0,0.9250,,0.850,0,
842,3,24,fog-33,1,fog,1600.0,0.0000,0.5000,3,100.200,1.0000,0,0.9230,,0.850,0,
843,3,24,fog-33,1,fog,1700.0,0.0000,0.5000,1,100.100,,0,0.9180,,0.850,0,
844,3,24,fog-33,1,fog,1800.0,0.0000,0.5000,1,100.100,,0,0.9130,,0.850,0,
845,3,24,fog-33,1,fog,1900.0,0.0000,0.5000,1,100.100,,0,0.9080,,0.850,0,
846,3,24,fog-33,1,fog,2000.0,0.0000,0.5000,1,100.100,,0,0.9030,,0.850,0,
847,3,24,fog-33,1,fog,2100.0,0.0000,0.5000,1,100.100,,0,0.8980,,0.850,0,
848,3,24,fog-33,1,fog,2200.0,0.0000,0.5000,1,100.100,,0,0.8930,,0.850,0,
849,3,24,fog-33,1,fog,2300.0,0.0000,0.5000,1,100.100,,0,0.8880,,0.850,0,
850,3,24,fog-33,1,fog,2400.0,0.0000,0.5000,1,100.100,,0,0.8830,,0.850,0,
851,3,24,fog-33,1,fog,2500.0,0.0000,0.5000,1,100.100,,0,0.8780,,0.850,0,
852,3,24,fog-33,1,fog,2600.0,0.0000,0.5000,1,100.100,,0,0.8730,,0.850,0,
853,3,24,fog-33,1,fog,2700.0,0.0000,0.5000,1,100.100,,0,0.8680,,0.850,0,
854,3,24,fog-33,1,fog,2800.0,0.0000,0.5000,1,100.100,,0,0.8630,,0.850,0,
855,3,24,fog-33,1,fog,2900.0,0.0000,0.5000,1,100.100,,0,0.8580,,0.850,0,
856,3,24,fog-33,1,fog,3000.0,0.9643,0.5000,20,100.850,0.7450,0,0.8530,,0.850,0,
857,3,24,fog-33,1,fog,3100.0,0.8571,0.5000,22,101.000,0.8729,0,0.8480,,0.850,0,
858,3,24,fog-33,1,fog,3200.0,0.0000,0.5000,6,100.450,1.0000,0,0.8457,,0.850,0,
859,3,24,fog-33,1,fog,3300.0,0.0000,0.5000,3,100.300,0.0000,0,0.8407,,0.850,0,
860,3,24,fog-33,1,fog,3400.0,0.0000,0.5000,3,100.300,0.0000,0,0.8357,,0.850,0,
861,3,24,fog-33,1,fog,3500.0,0.0000,0.5000,3,100.300,0.0000,0,0.8307,,0.850,0,
862,3,24,fog-33,1,fog,3600.0,0.0000,0.5000,3,100.300,0.0000,0,0.8257,,0.850,0,
863,3,24,fog-33,1,fog,3700.0,0.0000,0.5000,3,100.300,0.0000,0,0.8207,,0.850,0,
864,3,24,fog-33,1,fog,3800.0,0.0000,0.5000,3,100.300,0.0000,0,0.8157,,0.850,0,
865,3,24,fog-33,1,fog,3900.0,0.7500,0.5000,18,100.950,0.9463,0,0.8107,,0.850,0,
866,3,24,fog-33,1,fog,4000.0,0.0000,0.5000,5,100.450,1.0000,0,0.8087,,0.850,0,
867,3,24,fog-33,1,fog,4100.0,0.0000,0.5000,4,100.400,0.0000,0,0.8037,,0.850,0,
868,3,24,fog-33,1,fog,4200.0,0.0000,0.5000,4,100.400,0.0000,0,0.7987,,0.850,0,
869,3,24,fog-33,1,fog,4300.0,0.0000,0.5000,4,100.400,0.0000,0,0.7937,,0.850,0,
870,3,24,fog-33,1,fog,4400.0,0.0000,0.5000,4,100.400,0.0000,0,0.7887,,0.850,0,
871,3,24,fog-33,1,fog,4500.0,0.0000,0.5000,4,100.400,0.0000,0,0.7837,,0.850,0,
872,3,24,fog-33,1,fog,4600.0,0.9643,0.5000,25,101.150,0.9306,0,0.7787,,0.850,0,
873,3,24,fog-33,1,fog,4700.0,0.0000,0.5000,8,100.650,1.0000,0,0.7760,,0.850,0,
874,3,24,fog-33,1,fog,4800.0,0.0000,0.5000,5,100.500,0.0000,0,0.7710,,0.850,0,
875,3,24,fog-33,1,fog,4900.0,0.0000,0.5000,5,100.500,0.0000,0,0.7660,,0.850,0,
876,3,24,fog-33,1,fog,5000.0,0.0000,0.5000,5,100.500,0.0000,0,0.7610,,0.850,0,
877,3,25,fog-34,1,fog,0.0,0.0000,0.5000,0,100.000,,0,1.0000,,0.850,0,
878,3,25,fog-34,1,fog,100.0,0.0000,0.5000,0,100.000,,0,0.9950,,0.850,0,
879,3,25,fog-34,1,fog,200.0,0.0000,0.5000,0,100.000,,0,0.9900,,0.850,0,
880,3,25,fog-34,1,fog,300.0,0.0000,0.5000,0,100.000,,0,0.9850,,0.850,0,
881,3,25,fog-34,1,fog,400.0,0.0000,0.5000,0,100.000,,0,0.9800,,0.850,0,
882,3,25,fog-34,1,fog,500.0,0.0000,0.5000,0,100.000,,0,0.9750,,0.850,0,
883,3,25,fog-34,1,fog,600.0,0.0000,0.5000,0,100.000,,0,0.9700,,0.850,0,
884,3,25,fog-34,1,fog,700.0,0.0000,0.5000,0,100.000,,0,0.9650,,0.850,0,
885,3,25,fog-34,1,fog,800.0,0.0000,0.5000,0,100.000,,0,0.9600,,0.850,0,
886,3,25,fog-34,1,fog,900.0,0.0000,0.5000,0,100.000,,0,0.9550,,0.850,0,
887,3,25,fog-34,1,fog,1000.0,0.0000,0.5000,0,100.000,,0,0.9500,,0.850,0,
888,3,25,fog-34,1,fog,1100.0,0.0000,0.5000,0,100.000,,0,0.9450,,0.850,0,
889,3,25,fog-34,1,fog,1200.0,0.0000,0.5000,0,100.000,,0,0.9400,,0.850,0,
890,3,25,fog-34,1,fog,1300.0,0.0000,0.5000,0,100.000,,0,0.9350,,0.850,0,
891,3,25,fog-34,1,fog,1400.0,0.0000,0.5000,0,100.000,,0,0.9300,,0.850,0,
892,3,25,fog-34,1,fog,1500.0,0.0000,0.5000,0,100.000,,0,0.9250,,0.850,0,
893,3,25,fog-34,1,fog,1600.0,0.0000,0.5000,0,100.000,,0,0.9200,,0.850,0,
894,3,25,fog-34,1,fog,1700.0,0.0000,0.5000,0,100.000,,0,0.9150,,0.850,0,
895,3,25,fog-34,1,fog,1800.0,0.0000,0.5000,0,100.000,,0,0.9100,,0.850,0,
896,3,25,fog-34,1,fog,1900.0,0.0000,0.5000,0,100.000,,0,0.9050,,0.850,0,
897,3,25,fog-34,1,fog,2000.0,0.0000,0.5000,0,100.000,,0,0.9000,,0.850,0,
898,3,25,fog-34,1,fog,2100.0,0.0000,0.5000,0,100.000,,0,0.8950,,0.850,0,
899,3,25,fog-34,1,fog,2200.0,0.0000,0.5000,0,100.000,,0,0.8900,,0.850,0,
900,3,25,fog-34,1,fog,2300.0,0.0000,0.5000,0,100.000,,0,0.8850,,0.850,0,
901,3,25,fog-34,1,fog,2400.0,0.0000,0.5000,0,100.000,,0,0.8800,,0.850,0,
902,3,25,fog-34,1,fog,2500.0,0.0000,0.5000,0,100.000,,0,0.8750,,0.850,0,
903,3,25,fog-34,1,fog,2600.0,0.0000,0.5000,0,100.000,,0,0.8700,,0.850,0,
904,3,25,fog-34,1,fog,2700.0,0.0000,0.5000,0,100.000,,0,0.8650,,0.850,0,
905,3,25,fog-34,1,fog,2800.0,0.0000,0.5000,0,100.000,,0,0.8600,,0.850,0,
906,3,25,fog-34,1,fog,2900.0,0.0000,0.5000,0,100.000,,0,0.8550,,0.850,0,
907,3,25,fog-34,1,fog,3000.0,0.0000,0.5000,0,100.000,,0,0.8500,,0.850,0,
908,3,25,fog-34,1,fog,3100.0,0.0000,0.5000,0,100.000,,0,0.8450,,0.850,0,
909,3,25,fog-34,1,fog,3200.0,0.0000,0.5000,0,100.000,,0,0.8400,,0.850,0,
910,3,25,fog-34,1,fog,3300.0,0.0000,0.5000,0,100.000,,0,0.8350,,0.850,0,
911,3,25,fog-34,1,fog,3400.0,0.0000,0.5000,0,100.000,,0,0.8300,,0.850,0,
912,3,25,fog-34,1,fog,3500.0,0.0000,0.5000,0,100.000,,0,0.8250,,0.850,0,
913,3,25,fog-34,1,fog,3600.0,0.0000,0.5000,0,100.000,,0,0.8200,,0.850,0,
914,3,25,fog-34,1,fog,3700.0,0.0000,0.5000,0,100.000,,0,0.8150,,0.850,0,
915,3,25,fog-34,1,fog,3800.0,0.0000,0.5000,0,100.000,,0,0.8100,,0.850,0,
916,3,25,fog-34,1,fog,3900.0,0.0000,0.5000,0,100.000,,0,0.8050,,0.850,0,
917,3,25,fog-34,1,fog,4000.0,0.0000,0.5000,0,100.000,,0,0.8000,,0.850,0,
918,3,25,fog-34,1,fog,4100.0,0.0000,0.5000,0,100.000,,0,0.7950,,0.850,0,
919,3,25,fog-34,1,fog,4200.0,0.0000,0.5000,0,100.000,,0,0.7900,,0.850,0,
920,3,25,fog-34,1,fog,4300.0,0.0000,0.5000,0,100.000,,0,0.7850,,0.850,0,
921,3,25,fog-34,1,fog,4400.0,0.0000,0.5000,0,100.000,,0,0.7800,,0.850,0,
922,3,25,fog-34,1,fog,4500.0,0.0000,0.5000,0,100.000,,0,0.7750,,0.850,0,
923,3,25,fog-34,1,fog,4600.0,0.0000,0.5000,0,100.000,,0,0.7700,,0.850,0,
924,3,25,fog-34,1,fog,4700.0,0.0000,0.5000,0,100.000,,0,0.7650,,0.850,0,
925,3,25,fog-34,1,fog,4800.0,0.0000,0.5000,0,100.000,,0,0.7600,,0.850,0,
926,3,25,fog-34,1,fog,4900.0,0.0000,0.5000,0,100.000,,0,0.7550,,0.850,0,
927,3,25,fog-34,1,fog,5000.0,0.0000,0.5000,0,100.000,,0,0.7500,,0.850,0,
928,3,26,fog-35,1,fog,0.0,0.0000,0.5000,0,100.000,,0,1.0000,,0.850,0,4775.0
929,3,26,fog-35,1,fog,100.0,0.0000,0.5000,0,100.000,,0,0.9950,,0.850,0,4775.0
930,3,26,fog-35,1,fog,200.0,0.8571,0.5000,16,100.700,0.6657,0,0.9900,,0.850,0,4775.0
931,3,26,fog-35,1,fog,300.0,1.0000,0.5000,27,100.950,0.8744,0,0.9850,,0.850,0,4775.0
932,3,26,fog-35,1,fog,400.0,0.8571,0.5000,25,100.900,1.0000,0,0.9800,,0.850,0,4775.0
933,3,26,fog-35,1,fog,500.0,0.0000,0.5000,6,100.350,0.6137,0,0.9771,,0.850,0,4775.0
934,3,26,fog-35,1,fog,600.0,0.0000,0.5000,1,100.100,,0,0.9721,,0.850,0,4775.0
935,3,26,fog-35,1,fog,700.0,0.0000,0.5000,1,100.100,,0,0.9671,,0.850,0,4775.0
936,3,26,fog-35,1,fog,800.0,0.0000,0.5000,1,100.100,,0,0.9621,,0.850,0,4775.0
937,3,26,fog-35,1,fog,900.0,0.0000,0.5000,1,100.100,,0,0.9571,,0.850,0,4775.0
938,3,26,fog-35,1,fog,1000.0,0.9643,0.5000,21,100.800,0.6756,0,0.9524,,0.850,0,4775.0
939,3,26,fog-35,1,fog,1100.0,1.0000,0.5000,34,101.100,0.9862,0,0.9474,,0.850,0,4775.0
940,3,26,fog-35,1,fog,1200.0,0.9643,0.5000,33,101.050,0.9323,0,0.9424,,0.850,0,4775.0
941,3,26,fog-35,1,fog,1300.0,0.0000,0.5000,9,100.550,0.8546,0,0.9391,,0.850,0,4775.0
942,3,26,fog-35,1,fog,1400.0,0.0000,0.5000,2,100.200,,0,0.9341,,0.850,0,4775.0
943,3,26,fog-35,1,fog,1500.0,0.0000,0.5000,2,100.200,,0,0.9291,,0.850,0,4775.0
944,3,26,fog-35,1,fog,1600.0,0.0000,0.5000,2,100.200,,0,0.9241,,0.850,0,4775.0
945,3,26,fog-35,1,fog,1700.0,0.0000,0.5000,2,100.200,,0,0.9191,,0.850,0,4775.0
946,3,26,fog-35,1,fog,1800.0,0.0000,0.5000,2,100.200,,0,0.9141,,0.850,0,4775.0
947,3,26,fog-35,1,fog,1900.0,0.0000,0.5000,2,100.200,,0,0.9091,,0.850,0,4775.0
948,3,26,fog-35,1,fog,2000.0,0.0000,0.5000,2,100.200,,0,0.9041,,0.850,0,4775.0
949,3,26,fog-35,1,fog,2100.0,0.7500,0.5000,17,100.850,0.6745,0,0.8991,,0.850,0,4775.0
950,3,26,fog-35,1,fog,2200.0,0.0000,0.5000,4,100.350,1.0000,0,0.8971,,0.850,0,4775.0
951,3,26,fog-35,1,fog,2300.0,0.9643,0.5000,23,101.000,1.0000,0,0.8921,,0.850,0,4775.0
952,3,26,fog-35,1,fog,2400.0,0.7500,0.5000,23,101.100,0.9323,0,0.8871,,0.850,0,4775.0
953,3,26,fog-35,1,fog,2500.0,1.0000,0.5000,30,101.150,0.9860,0,0.8821,,0.850,0,4775.0
954,3,26,fog-35,1,fog,2600.0,0.0000,0.5000,8,100.550,0.9629,0,0.8792,,0.850,0,4775.0
955,3,26,fog-35,1,fog,2700.0,0.0000,0.5000,3,100.300,0.0000,0,0.8742,,0.850,0,4775.0
956,3,26,fog-35,1,fog,2800.0,0.9643,0.5000,23,101.000,1.0000,0,0.8692,,0.850,0,4775.0
957,3,26,fog-35,1,fog,2900.0,1.0000,0.5000,36,101.300,1.0000,0,0.8642,,0.850,0,4775.0
958,3,26,fog-35,1,fog,3000.0,0.9643,0.5000,35,101.250,1.0000,0,0.8592,,0.850,0,4775.0
959,3,26,fog-35,1,fog,3100.0,0.0000,0.5000,11,100.750,1.0000,0,0.8559,,0.850,0,4775.0
960,3,26,fog-35,1,fog,3200.0,0.0000,0.5000,4,100.400,0.0000,0,0.8509,,0.850,0,4775.0
961,3,26,fog-35,1,fog,3300.0,0.0000,0.5000,4,100.400,0.0000,0,0.8459,,0.850,0,4775.0
962,3,26,fog-35,1,fog,3400.0,0.0000,0.5000,4,100.400,0.0000,0,0.8409,,0.850,0,4775.0
963,3,26,fog-35,1,fog,3500.0,0.0000,0.5000,4,100.400,0.0000,0,0.8359,,0.850,0,4775.0
964,3,26,fog-35,1,fog,3600.0,1.0000,0.5000,30,101.200,0.9865,0,0.8309,,0.850,0,4775.0
965,3,26,fog-35,1,fog,3700.0,0.9643,0.5000,31,101.300,1.0000,0,0.8259,,0.850,0,4775.0
966,3,26,fog-35,1,fog,3800.0,0.9643,0.5000,34,101.500,1.0000,0,0.8209,,0.850,0,4775.0
967,3,26,fog-35,1,fog,3900.0,1.0000,0.5000,76,101.750,1.0000,0,0.8159,,0.850,0,4775.0
968,3,26,fog-35,1,fog,4000.0,1.0000,0.5000,112,101.800,1.0000,0,0.8109,,0.850,0,4775.0
969,3,26,fog-35,1,fog,4100.0,1.0000,0.5000,101,101.250,0.9330,0,0.8059,,0.850,0,4775.0
970,3,26,fog-35,1,fog,4200.0,0.0000,0.5000,80,100.900,1.0000,0,0.8009,,0.850,0,4775.0
971,3,26,fog-35,1,fog,4300.0,0.0000,0.5000,58,101.200,1.0000,0,0.7959,,0.850,0,4775.0
972,3,26,fog-35,1,fog,4400.0,0.8571,0.5000,48,102.100,1.0000,0,0.7909,,0.850,0,4775.0
973,3,26,fog-35,1,fog,4500.0,1.0000,0.5000,81,101.900,1.0000,0,0.7859,,0.850,0,4775.0
974,3,26,fog-35,1,fog,4600.0,0.9643,0.5000,63,101.450,1.0000,0,0.7809,,0.850,1,4775.0
975,3,26,fog-35,1,fog,4700.0,1.0000,0.5000,74,101.750,1.0000,0,0.7759,,0.850,1,4775.0
976,3,27,fog-36,1,fog,0.0,0.0000,0.5000,0,100.000,,0,1.0000,,0.850,0,
977,3,27,fog-36,1,fog,100.0,0.0000,0.5000,0,100.000,,0,0.9950,,0.850,0,
978,3,27,fog-36,1,fog,200.0,0.0000,0.5000,0,100.000,,0,0.9900,,0.850,0,
979,3,27,fog-36,1,fog,300.0,0.0000,0.5000,0,100.000,,0,0.9850,,0.850,0,
980,3,27,fog-36,1,fog,400.0,0.0000,0.5000,0,100.000,,0,0.9800,,0.850,0,
981,3,27,fog-36,1,fog,500.0,0.0000,0.5000,0,100.000,,0,0.9750,,0.850,0,
982,3,27,fog-36,1,fog,600.0,0.0000,0.5000,0,100.000,,0,0.9700,,0.850,0,
983,3,27,fog-36,1,fog,700.0,0.0000,0.5000,0,100.000,,0,0.9650,,0.850,0,
984,3,27,fog-36,1,fog,800.0,0.0000,0.5000,0,100.000,,0,0.9600,,0.850,0,
985,3,27,fog-36,1,fog,900.0,0.0000,0.5000,0,100.000,,0,0.9550,,0.850,0,
986,3,27,fog-36,1,fog,1000.0,0.0000,0.5000,0,100.000,,0,0.9500,,0.850,0,
987,3,27,fog-36,1,fog,1100.0,0.0000,0.5000,0,100.000,,0,0.9450,,0.850,0,
988,3,27,fog-36,1,fog,1200.0,0.0000,0.5000,0,100.000,,0,0.9400,,0.850,0,
989,3,27,fog-36,1,fog,1300.0,0.0000,0.5000,0,100.000,,0,0.9350,,0.850,0,
990,3,27,fog-36,1,fog,1400.0,0.0000,0.5000,0,100.000,,0,0.9300,,0.850,0,
991,3,27,fog-36,1,fog,1500.0,0.0000,0.5000,0,100.000,,0,0.9250,,0.850,0,
992,3,27,fog-36,1,fog,1600.0,0.0000,0.5000,0,100.000,,0,0.9200,,0.850,0,
993,3,27,fog-36,1,fog,1700.0,0.0000,0.5000,0,100.000,,0,0.9150,,0.850,0,
994,3,27,fog-36,1,fog,1800.0,0.0000,0.5000,0,100.000,,0,0.9100,,0.850,0,
995,3,27,fog-36,1,fog,1900.0,0.0000,0.5000,0,100.000,,0,0.9050,,0.850,0,
996,3,27,fog-36,1,fog,2000.0,0.0000,0.5000,0,100.000,,0,0.9000,,0.850,0,
997,3,27,fog-36,1,fog,2100.0,0.0000,0.5000,0,100.000,,0,0.8950,,0.850,0,
998,3,27,fog-36,1,fog,2200.0,0.0000,0.5000,0,100.000,,0,0.8900,,0.850,0,
999,3,27,fog-36,1,fog,2300.0,0.0000,0.5000,0,100.000,,0,0.8850,,0.850,0,
1000,3,27,fog-36,1,fog,2400.0,0.0000,0.5000,0,100.000,,0,0.8800,,0.850,0,
1001,3,27,fog-36,1,fog,2500.0,0.0000,0.5000,0,100.000,,0,0.8750,,0.850,0,
1002,3,27,fog-36,1,fog,2600.0,0.0000,0.5000,0,100.000,,0,0.8700,,0.850,0,
1003,3,27,fog-36,1,fog,2700.0,0.0000,0.5000,0,100.000,,0,0.8650,,0.850,0,
1004,3,27,fog-36,1,fog,2800.0,0.0000,0.5000,0,100.000,,0,0.8600,,0.850,0,
1005,3,27,fog-36,1,fog,2900.0,0.0000,0.5000,0,100.000,,0,0.8550,,0.850,0,
1006,3,27,fog-36,1,fog,3000.0,0.0000,0.5000,0,100.000,,0,0.8500,,0.850,0,
1007,3,27,fog-36,1,fog,3100.0,0.0000,0.5000,0,100.000,,0,0.8450,,0.850,0,
1008,3,27,fog-36,1,fog,3200.0,0.0000,0.5000,0,100.000,,0,0.8400,,0.850,0,
1009,3,27,fog-36,1,fog,3300.0,0.0000,0.5000,0,100.000,,0,0.8350,,0.850,0,
1010,3,27,fog-36,1,fog,3400.0,0.0000,0.5000,0,100.000,,0,0.8300,,0.850,0,
1011,3,27,fog-36,1,fog,3500.0,0.0000,0.5000,0,100.000,,0,0.8250,,0.850,0,
1012,3,27,fog-36,1,fog,3600.0,0.0000,0.5000,0,100.000,,0,0.8200,,0.850,0,
1013,3,27,fog-36,1,fog,3700.0,0.0000,0.5000,0,100.000,,0,0.8150,,0.850,0,
1014,3,27,fog-36,1,fog,3800.0,0.0000,0.5000,0,100.000,,0,0.8100,,0.850,0,
1015,3,27,fog-36,1,fog,3900.0,0.0000,0.5000,0,100.000,,0,0.8050,,0.850,0,
1016,3,27,fog-36,1,fog,4000.0,0.0000,0.5000,0,100.000,,0,0.8000,,0.850,0,
1017,3,27,fog-36,1,fog,4100.0,0.0000,0.5000,0,100.000,,0,0.7950,,0.850,0,
1018,3,27,fog-36,1,fog,4200.0,0.0000,0.5000,0,100.000,,0,0.7900,,0.850,0,
1019,3,27,fog-36,1,fog,4300.0,0.0000,0.5000,0,100.000,,0,0.7850,,0.850,0,
1020,3,27,fog-36,1,fog,4400.0,0.0000,0.5000,0,100.000,,0,0.7800,,0.850,0,
1021,3,27,fog-36,1,fog,4500.0,0.0000,0.5000,0,100.000,,0,0.7750,,0.850,0,
1022,3,27,fog-36,1,fog,4600.0,0.0000,0.5000,0,100.000,,0,0.7700,,0.850,0,
1023,3,27,fog-36,1,fog,4700.0,0.0000,0.5000,0,100.000,,0,0.7650,,0.850,0,
1024,3,27,fog-36,1,fog,4800.0,0.0000,0.5000,0,100.000,,0,0.7600,,0.850,0,
1025,3,27,fog-36,1,fog,4900.0,0.0000,0.5000,0,100.000,,0,0.7550,,0.850,0,
1026,3,27,fog-36,1,fog,5000.0,0.0000,0.5000,0,100.000,,0,0.7500,,0.850,0,
1027,3,28,fog-37,1,fog,0.0,0.0000,0.5000,0,100.000,,0,1.0000,,0.850,0,
1028,3,28,fog-37,1,fog,100.0,0.0000,0.5000,0,100.000,,0,0.9950,,0.850,0,
1029,3,28,fog-37,1,fog,200.0,0.0000,0.5000,0,100.000,,0,0.9900,,0.850,0,
1030,3,28,fog-37,1,fog,300.0,0.0000,0.5000,0,100.000,,0,0.9850,,0.850,0,
1031,3,28,fog-37,1,fog,400.0,0.0000,0.5000,0,100.000,,0,0.9800,,0.850,0,
1032,3,28,fog-37,1,fog,500.0,0.0000,0.5000,0,100.000,,0,0.9750,,0.850,0,
1033,3,28,fog-37,1,fog,600.0,0.0000,0.5000,0,100.000,,0,0.9700,,0.850,0,
1034,3,28,fog-37,1,fog,700.0,0.0000,0.5000,0,100.000,,0,0.9650,,0.850,0,
1035,3,28,fog-37,1,fog,800.0,0.0000,0.5000,0,100.000,,0,0.9600,,0.850,0,
1036,3,28,fog-37,1,fog,900.0,0.0000,0.5000,0,100.000,,0,0.9550,,0.850,0,
1037,3,28,fog-37,1,fog,1000.0,0.0000,0.5000,0,100.000,,0,0.9500,,0.850,0,
1038,3,28,fog-37,1,fog,1100.0,0.0000,0.5000,0,100.000,,0,0.9450,,0.850,0,
1039,3,28,fog-37,1,fog,1200.0,0.0000,0.5000,0,100.000,,0,0.9400,,0.850,0,
1040,3,28,fog-37,1,fog,1300.0,0.0000,0.5000,0,100.000,,0,0.9350,,0.850,0,
1041,3,28,fog-37,1,fog,1400.0,0.0000,0.5000,0,100.000,,0,0.9300,,0.850,0,
1042,3,28,fog-37,1,fog,1500.0,0.0000,0.5000,0,100.000,,0,0.9250,,0.850,0,
1043,3,28,fog-37,1,fog,1600.0,0.0000,0.5000,0,100.000,,0,0.9200,,0.850,0,
1044,3,28,fog-37,1,fog,1700.0,0.0000,0.5000,0,100.000,,0,0.9150,,0.850,0,
1045,3,28,fog-37,1,fog,1800.0,0.0000,0.5000,0,100.000,,0,0.9100,,0.850,0,
1046,3,28,fog-37,1,fog,1900.0,0.0000,0.5000,0,100.000,,0,0.9050,,0.850,0,
1047,3,28,fog-37,1,fog,2000.0,0.0000,0.5000,0,100.000,,0,0.9000,,0.850,0,
1048,3,28,fog-37,1,fog,2100.0,0.0000,0.5000,0,100.000,,0,0.8950,,0.850,0,
1049,3,28,fog-37,1,fog,2200.0,0.0000,0.5000,0,100.000,,0,0.8900,,0.850,0,
1050,3,28,fog-37,1,fog,2300.0,0.0000,0.5000,0,100.000,,0,0.8850,,0.850,0,
1051,3,28,fog-37,1,fog,2400.0,0.0000,0.5000,0,100.000,,0,0.8800,,0.850,0,
1052,3,28,fog-37,1,fog,2500.0,0.0000,0.5000,0,100.000,,0,0.8750,,0.850,0,
1053,3,28,fog-37,1,fog,2600.0,0.0000,0.5000,0,100.000,,0,0.8700,,0.850,0,
1054,3,28,fog-37,1,fog,2700.0,0.0000,0.5000,0,100.000,,0,0.8650,,0.850,0,
1055,3,28,fog-37,1,fog,2800.0,0.0000,0.5000,0,100.000,,0,0.8600,,0.850,0,
1056,3,28,fog-37,1,fog,2900.0,0.0000,0.5000,0,100.000,,0,0.8550,,0.850,0,
1057,3,28,fog-37,1,fog,3000.0,0.0000,0.5000,0,100.000,,0,0.8500,,0.850,0,
1058,3,28,fog-37,1,fog,3100.0,0.0000,0.5000,0,100.000,,0,0.8450,,0.850,0,
1059,3,28,fog-37,1,fog,3200.0,0.0000,0.5000,0,100.000,,0,0.8400,,0.850,0,
1060,3,28,fog-37,1,fog,3300.0,0.0000,0.5000,0,100.000,,0,0.8350,,0.850,0,
1061,3,28,fog-37,1,fog,3400.0,0.0000,0.5000,0,100.000,,0,0.8300,,0.850,0,
1062,3,28,fog-37,1,fog,3500.0,0.0000,0.5000,0,100.000,,0,0.8250,,0.850,0,
1063,3,28,fog-37,1,fog,3600.0,0.0000,0.5000,0,100.000,,0,0.8200,,0.850,0,
1064,3,28,fog-37,1,fog,3700.0,0.0000,0.5000,0,100.000,,0,0.8150,,0.850,0,
1065,3,28,fog-37,1,fog,3800.0,0.0000,0.5000,0,100.000,,0,0.8100,,0.850,0,
1066,3,28,fog-37,1,fog,3900.0,0.0000,0.5000,0,100.000,,0,0.8050,,0.850,0,
1067,3,28,fog-37,1,fog,4000.0,0.0000,0.5000,0,100.000,,0,0.8000,,0.850,0,
1068,3,28,fog-37,1,fog,4100.0,0.0000,0.5000,0,100.000,,0,0.7950,,0.850,0,
1069,3,28,fog-37,1,fog,4200.0,0.0000,0.5000,0,100.000,,0,0.7900,,0.850,0,
1070,3,28,fog-37,1,fog,4300.0,0.0000,0.5000,0,100.000,,0,0.7850,,0.850,0,
1071,3,28,fog-37,1,fog,4400.0,0.0000,0.5000,0,100.000,,0,0.7800,,0.850,0,
1072,3,28,fog-37,1,fog,4500.0,0.0000,0.5000,0,100.000,,0,0.7750,,0.850,0,
1073,3,28,fog-37,1,fog,4600.0,0.0000,0.5000,0,100.000,,0,0.7700,,0.850,0,
1074,3,28,fog-37,1,fog,4700.0,0.0000,0.5000,0,100.000,,0,0.7650,,0.850,0,
1075,3,28,fog-37,1,fog,4800.0,0.0000,0.5000,0,100.000,,0,0.7600,,0.850,0,
1076,3,28,fog-37,1,fog,4900.0,0.0000,0.5000,0,100.000,,0,0.7550,,0.850,0,
1077,3,28,fog-37,1,fog,5000.0,0.0000,0.5000,0,100.000,,0,0.7500,,0.850,0,
1078,3,29,fog-38,1,fog,0.0,0.0000,0.5000,0,100.000,,0,1.0000,,0.850,0,839.2
1079,3,29,fog-38,1,fog,100.0,1.0000,0.5000,35,100.550,1.0000,0,0.9950,,0.850,0,839.2
1080,3,29,fog-38,1,fog,200.0,0.9643,0.5000,49,100.900,0.7885,0,0.9900,,0.850,0,839.2
1081,3,29,fog-38,1,fog,300.0,1.0000,0.5000,92,101.600,1.0000,0,0.9850,,0.850,0,839.2
1082,3,29,fog-38,1,fog,400.0,1.0000,0.5000,195,102.350,1.0000,0,0.9800,,0.850,0,839.2
1083,3,29,fog-38,1,fog,500.0,1.0000,0.5000,301,102.900,1.0000,0,0.9750,,0.850,0,839.2
1084,3,29,fog-38,1,fog,600.0,1.0000,0.5000,316,102.050,1.0000,0,0.9700,,0.850,0,839.2
1085,3,29,fog-38,1,fog,700.0,1.0000,0.5000,413,102.650,1.0000,0,0.9650,,0.850,1,839.2
1086,3,29,fog-38,1,fog,800.0,1.0000,0.5000,473,102.500,1.0000,0,0.9600,,0.850,1,839.2
1087,3,30,fog-39,1,fog,0.0,0.0000,0.5000,0,100.000,,0,1.0000,,0.850,0,
1088,3,30,fog-39,1,fog,100.0,0.0000,0.5000,0,100.000,,0,0.9950,,0.850,0,
1089,3,30,fog-39,1,fog,200.0,0.0000,0.5000,0,100.000,,0,0.9900,,0.850,0,
1090,3,30,fog-39,1,fog,300.0,0.0000,0.5000,0,100.000,,0,0.9850,,0.850,0,
1091,3,30,fog-39,1,fog,400.0,0.0000,0.5000,0,100.000,,0,0.9800,,0.850,0,
1092,3,30,fog-39,1,fog,500.0,0.0000,0.5000,0,100.000,,0,0.9750,,0.850,0,
1093,3,30,fog-39,1,fog,600.0,0.0000,0.5000,0,100.000,,0,0.9700,,0.850,0,
1094,3,30,fog-39,1,fog,700.0,0.0000,0.5000,0,100.000,,0,0.9650,,0.850,0,
1095,3,30,fog-39,1,fog,800.0,0.0000,0.5000,0,100.000,,0,0.9600,,0.850,0,
1096,3,30,fog-39,1,fog,900.0,0.0000,0.5000,0,100.000,,0,0.9550,,0.850,0,
1097,3,30,fog-39,1,fog,1000.0,0.0000,0.5000,0,100.000,,0,0.9500,,0.850,0,
1098,3,30,fog-39,1,fog,1100.0,0.0000,0.5000,0,100.000,,0,0.9450,,0.850,0,
1099,3,30,fog-39,1,fog,1200.0,0.0000,0.5000,0,100.000,,0,0.9400,,0.850,0,
1100,3,30,fog-39,1,fog,1300.0,0.0000,0.5000,0,100.000,,0,0.9350,,0.850,0,
1101,3,30,fog-39,1,fog,1400.0,0.0000,0.5000,0,100.000,,0,0.9300,,0.850,0,
1102,3,30,fog-39,1,fog,1500.0,0.0000,0.5000,0,100.000,,0,0.9250,,0.850,0,
1103,3,30,fog-39,1,fog,1600.0,0.0000,0.5000,0,100.000,,0,0.9200,,0.850,0,
1104,3,30,fog-39,1,fog,1700.0,0.0000,0.5000,0,100.000,,0,0.9150,,0.850,0,
1105,3,30,fog-39,1,fog,1800.0,0.0000,0.5000,0,100.000,,0,0.9100,,0.850,0,
1106,3,30,fog-39,1,fog,1900.0,0.0000,0.5000,0,100.000,,0,0.9050,,0.850,0,
1107,3,30,fog-39,1,fog,2000.0,0.0000,0.5000,0,100.000,,0,0.9000,,0.850,0,
1108,3,30,fog-39,1,fog,2100.0,0.0000,0.5000,0,100.000,,0,0.8950,,0.850,0,
1109,3,30,fog-39,1,fog,2200.0,0.0000,0.5000,0,100.000,,0,0.8900,,0.850,0,
1110,3,30,fog-39,1,fog,2300.0,0.0000,0.5000,0,100.000,,0,0.8850,,0.850,0,
1111,3,30,fog-39,1,fog,2400.0,0.0000,0.5000,0,100.000,,0,0.8800,,0.850,0,
1112,3,30,fog-39,1,fog,2500.0,0.0000,0.5000,0,100.000,,0,0.8750,,0.850,0,
1113,3,30,fog-39,1,fog,2600.0,0.0000,0.5000,0,100.000,,0,0.8700,,0.850,0,
1114,3,30,fog-39,1,fog,2700.0,0.0000,0.5000,0,100.000,,0,0.8650,,0.850,0,
1115,3,30,fog-39,1,fog,2800.0,0.0000,0.5000,0,100.000,,0,0.8600,,0.850,0,
1116,3,30,fog-39,1,fog,2900.0,0.0000,0.5000,0,100.000,,0,0.8550,,0.850,0,
1117,3,30,fog-39,1,fog,3000.0,0.0000,0.5000,0,100.000,,0,0.8500,,0.850,0,
1118,3,30,fog-39,1,fog,3100.0,0.0000,0.5000,0,100.000,,0,0.8450,,0.850,0,
1119,3,30,fog-39,1,fog,3200.0,0.0000,0.5000,0,100.000,,0,0.8400,,0.850,0,
1120,3,30,fog-39,1,fog,3300.0,0.0000,0.5000,0,100.000,,0,0.8350,,0.850,0,
1121,3,30,fog-39,1,fog,3400.0,0.0000,0.5000,0,100.000,,0,0.8300,,0.850,0,
1122,3,30,fog-39,1,fog,3500.0,0.0000,0.5000,0,100.000,,0,0.8250,,0.850,0,
1123,3,30,fog-39,1,fog,3600.0,0.0000,0.5000,0,100.000,,0,0.8200,,0.850,0,
1124,3,30,fog-39,1,fog,3700.0,0.0000,0.5000,0,100.000,,0,0.8150,,0.850,0,
1125,3,30,fog-39,1,fog,3800.0,0.0000,0.5000,0,100.000,,0,0.8100,,0.850,0,
1126,3,30,fog-39,1,fog,3900.0,0.0000,0.5000,0,100.000,,0,0.8050,,0.850,0,
1127,3,30,fog-39,1,fog,4000.0,0.0000,0.5000,0,100.000,,0,0.8000,,0.850,0,
1128,3,30,fog-39,1,fog,4100.0,0.0000,0.5000,0,100.000,,0,0.7950,,0.850,0,
1129,3,30,fog-39,1,fog,4200.0,0.0000,0.5000,0,100.000,,0,0.7900,,0.850,0,
1130,3,30,fog-39,1,fog,4300.0,0.0000,0.5000,0,100.000,,0,0.7850,,0.850,0,
1131,3,30,fog-39,1,fog,4400.0,0.0000,0.5000,0,100.000,,0,0.7800,,0.850,0,
1132,3,30,fog-39,1,fog,4500.0,0.0000,0.5000,0,100.000,,0,0.7750,,0.850,0,
1133,3,30,fog-39,1,fog,4600.0,0.0000,0.5000,0,100.000,,0,0.7700,,0.850,0,
1134,3,30,fog-39,1,fog,4700.0,0.0000,0.5000,0,100.000,,0,0.7650,,0.850,0,
1135,3,30,fog-39,1,fog,4800.0,0.0000,0.5000,0,100.000,,0,0.7600,,0.850,0,
1136,3,30,fog-39,1,fog,4900.0,0.0000,0.5000,0,100.000,,0,0.7550,,0.850,0,
1137,3,30,fog-39,1,fog,5000.0,0.0000,0.5000,0,100.000,,0,0.7500,,0.850,0,
1138,3,31,fog-40,1,fog,0.0,0.0000,0.5000,0,100.000,,0,1.0000,,0.850,0,4876.8
1139,3,31,fog-40,1,fog,100.0,0.0000,0.5000,0,100.000,,0,0.9950,,0.850,0,4876.8
1140,3,31,fog-40,1,fog,200.0,0.0000,0.5000,0,100.000,,0,0.9900,,0.850,0,4876.8
1141,3,31,fog-40,1,fog,300.0,0.0000,0.5000,0,100.000,,0,0.9850,,0.850,0,4876.8
1142,3,31,fog-40,1,fog,400.0,0.0000,0.5000,0,100.000,,0,0.9800,,0.850,0,4876.8
1143,3,31,fog-40,1,fog,500.0,0.0000,0.5000,0,100.000,,0,0.9750,,0.850,0,4876.8
1144,3,31,fog-40,1,fog,600.0,0.0000,0.5000,0,100.000,,0,0.9700,,0.850,0,4876.8
1145,3,31,fog-40,1,fog,700.0,0.0000,0.5000,0,100.000,,0,0.9650,,0.850,0,4876.8
1146,3,31,fog-40,1,fog,800.0,0.0000,0.5000,0,100.000,,0,0.9600,,0.850,0,4876.8
1147,3,31,fog-40,1,fog,900.0,0.0000,0.5000,0,100.000,,0,0.9550,,0.850,0,4876.8
1148,3,31,fog-40,1,fog,1000.0,0.0000,0.5000,0,100.000,,0,0.9500,,0.850,0,4876.8
1149,3,31,fog-40,1,fog,1100.0,0.0000,0.5000,0,100.000,,0,0.9450,,0.850,0,4876.8
1150,3,31,fog-40,1,fog,1200.0,0.0000,0.5000,0,100.000,,0,0.9400,,0.850,0,4876.8
1151,3,31,fog-40,1,fog,1300.0,0.0000,0.5000,0,100.000,,0,0.9350,,0.850,0,4876.8
1152,3,31,fog-40,1,fog,1400.0,0.0000,0.5000,0,100.000,,0,0.9300,,0.850,0,4876.8
1153,3,31,fog-40,1,fog,1500.0,0.0000,0.5000,0,100.000,,0,0.9250,,0.850,0,4876.8
1154,3,31,fog-40,1,fog,1600.0,0.0000,0.5000,0,100.000,,0,0.9200,,0.850,0,4876.8
1155,3,31,fog-40,1,fog,1700.0,0.0000,0.5000,0,100.000,,0,0.9150,,0.850,0,4876.8
1156,3,31,fog-40,1,fog,1800.0,0.0000,0.5000,0,100.000,,0,0.9100,,0.850,0,4876.8
1157,3,31,fog-40,1,fog,1900.0,0.0000,0.5000,0,100.000,,0,0.9050,,0.850,0,4876.8
1158,3,31,fog-40,1,fog,2000.0,0.0000,0.5000,0,100.000,,0,0.9000,,0.850,0,4876.8
1159,3,31,fog-40,1,fog,2100.0,0.0000,0.5000,0,100.000,,0,0.8950,,0.850,0,4876.8
1160,3,31,fog-40,1,fog,2200.0,0.0000,0.5000,0,100.000,,0,0.8900,,0.850,0,4876.8
1161,3,31,fog-40,1,fog,2300.0,0.0000,0.5000,0,100.000,,0,0.8850,,0.850,0,4876.8
1162,3,31,fog-40,1,fog,2400.0,0.0000,0.5000,0,100.000,,0,0.8800,,0.850,0,4876.8
1163,3,31,fog-40,1,fog,2500.0,0.0000,0.5000,0,100.000,,0,0.8750,,0.850,0,4876.8
1164,3,31,fog-40,1,fog,2600.0,0.0000,0.5000,0,100.000,,0,0.8700,,0.850,0,4876.8
1165,3,31,fog-40,1,fog,2700.0,0.0000,0.5000,0,100.000,,0,0.8650,,0.850,0,4876.8
1166,3,31,fog-40,1,fog,2800.0,0.0000,0.5000,0,100.000,,0,0.8600,,0.850,0,4876.8
1167,3,31,fog-40,1,fog,2900.0,0.0000,0.5000,0,100.000,,0,0.8550,,0.850,0,4876.8
1168,3,31,fog-40,1,fog,3000.0,0.0000,0.5000,0,100.000,,0,0.8500,,0.850,0,4876.8
1169,3,31,fog-40,1,fog,3100.0,0.0000,0.5000,0,100.000,,0,0.8450,,0.850,0,4876.8
1170,3,31,fog-40,1,fog,3200.0,0.0000,0.5000,0,100.000,,0,0.8400,,0.850,0,4876.8
1171,3,31,fog-40,1,fog,3300.0,0.0000,0.5000,0,100.000,,0,0.8350,,0.850,0,4876.8
1172,3,31,fog-40,1,fog,3400.0,0.0000,0.5000,0,100.000,,0,0.8300,,0.850,0,4876.8
1173,3,31,fog-40,1,fog,3500.0,0.0000,0.5000,0,100.000,,0,0.8250,,0.850,0,4876.8
1174,3,31,fog-40,1,fog,3600.0,0.0000,0.5000,0,100.000,,0,0.8200,,0.850,0,4876.8
1175,3,31,fog-40,1,fog,3700.0,0.0000,0.5000,0,100.000,,0,0.8150,,0.850,0,4876.8
1176,3,31,fog-40,1,fog,3800.0,0.0000,0.5000,0,100.000,,0,0.8100,,0.850,0,4876.8
1177,3,31,fog-40,1,fog,3900.0,0.0000,0.5000,0,100.000,,0,0.8050,,0.850,0,4876.8
1178,3,31,fog-40,1,fog,4000.0,0.0000,0.5000,0,100.000,,0,0.8000,,0.850,0,4876.8
1179,3,31,fog-40,1,fog,4100.0,0.0000,0.5000,0,100.000,,0,0.7950,,0.850,0,4876.8
1180,3,31,fog-40,1,fog,4200.0,0.0000,0.5000,0,100.000,,0,0.7900,,0.850,0,4876.8
1181,3,31,fog-40,1,fog,4300.0,0.0000,0.5000,0,100.000,,0,0.7850,,0.850,0,4876.8
1182,3,31,fog-40,1,fog,4400.0,0.0000,0.5000,0,100.000,,0,0.7800,,0.850,0,4876.8
1183,3,31,fog-40,1,fog,4500.0,0.0000,0.5000,0,100.000,,0,0.7750,,0.850,0,4876.8
1184,3,31,fog-40,1,fog,4600.0,0.0000,0.5000,0,100.000,,0,0.7700,,0.850,0,4876.8
1185,3,31,fog-40,1,fog,4700.0,0.0000,0.5000,0,100.000,,0,0.7650,,0.850,1,4876.8
1186,3,31,fog-40,1,fog,4800.0,0.0000,0.5000,0,100.000,,0,0.7600,,0.850,1,4876.8
1187,3,32,fog-41,1,fog,0.0,0.0000,0.5000,0,100.000,,0,1.0000,,0.850,0,2604.0
1188,3,32,fog-41,1,fog,100.0,0.8571,0.5000,24,100.400,1.0000,0,0.9950,,0.850,0,2604.0
1189,3,32,fog-41,1,fog,200.0,1.0000,0.5000,80,101.300,1.0000,0,0.9900,,0.850,0,2604.0
1190,3,32,fog-41,1,fog,300.0,1.0000,0.5000,174,102.050,1.0000,0,0.9850,,0.850,0,2604.0
1191,3,32,fog-41,1,fog,400.0,1.0000,0.5000,214,101.950,1.0000,0,0.9800,,0.850,0,2604.0
1192,3,32,fog-41,1,fog,500.0,0.0000,0.5000,158,100.500,1.0000,0,0.9750,,0.850,0,2604.0
1193,3,32,fog-41,1,fog,600.0,0.7500,0.5000,173,100.850,1.0000,0,0.9700,,0.850,0,2604.0
1194,3,32,fog-41,1,fog,700.0,0.0000,0.5000,164,100.650,1.0000,0,0.9650,,0.850,0,2604.0
1195,3,32,fog-41,1,fog,800.0,0.0000,0.5000,154,100.750,1.0000,0,0.9600,,0.850,0,2604.0
1196,3,32,fog-41,1,fog,900.0,0.0000,0.5000,141,100.700,1.0000,0,0.9550,,0.850,0,2604.0
1197,3,32,fog-41,1,fog,1000.0,1.0000,0.5000,200,102.250,1.0000,0,0.9500,,0.850,0,2604.0
1198,3,32,fog-41,1,fog,1100.0,1.0000,0.5000,158,102.200,1.0000,0,0.9450,,0.850,0,2604.0
1199,3,32,fog-41,1,fog,1200.0,0.0000,0.5000,99,101.750,1.0000,0,0.9400,,0.850,0,2604.0
1200,3,32,fog-41,1,fog,1300.0,1.0000,0.5000,172,102.250,1.0000,0,0.9350,,0.850,0,2604.0
1201,3,32,fog-41,1,fog,1400.0,1.0000,0.5000,179,101.650,1.0000,0,0.9300,,0.850,0,2604.0
1202,3,32,fog-41,1,fog,1500.0,1.0000,0.5000,256,102.250,1.0000,0,0.9250,,0.850,0,2604.0
1203,3,32,fog-41,1,fog,1600.0,1.0000,0.5000,308,102.800,1.0000,0,0.9200,,0.850,0,2604.0
1204,3,32,fog-41,1,fog,1700.0,1.0000,0.5000,348,102.950,1.0000,0,0.9150,,0.850,0,2604.0
1205,3,32,fog-41,1,fog,1800.0,1.0000,0.5000,347,102.250,1.0000,0,0.9100,,0.850,0,2604.0
1206,3,32,fog-41,1,fog,1900.0,1.0000,0.5000,360,102.050,1.0000,0,0.9050,,0.850,0,2604.0
1207,3,32,fog-41,1,fog,2000.0,1.0000,0.5000,486,103.200,1.0000,0,0.9000,,0.850,0,2604.0
1208,3,32,fog-41,1,fog,2100.0,0.9643,0.5000,434,101.650,1.0000,0,0.8950,,0.850,0,2604.0
1209,3,32,fog-41,1,fog,2200.0,1.0000,0.5000,489,102.050,1.0000,0,0.8900,,0.850,0,2604.0
1210,3,32,fog-41,1,fog,2300.0,1.0000,0.5000,529,102.200,1.0000,0,0.8850,,0.850,0,2604.0
1211,3,32,fog-41,1,fog,2400.0,0.0000,0.5000,495,101.300,0.0000,0,0.8800,,0.850,0,2604.0
1212,3,32,fog-41,1,fog,2500.0,0.0000,0.5000,492,101.450,1.0000,0,0.8750,,0.850,1,2604.0
1213,3,32,fog-41,1,fog,2600.0,1.0000,0.5000,551,102.350,1.0000,0,0.8700,,0.850,1,2604.0
1214,3,33,fog-42,1,fog,0.0,0.0000,0.5000,0,100.000,,0,1.0000,,0.850,0,
1215,3,33,fog-42,1,fog,100.0,0.0000,0.5000,0,100.000,,0,0.9950,,0.850,0,
1216,3,33,fog-42,1,fog,200.0,0.0000,0.5000,0,100.000,,0,0.9900,,0.850,0,
1217,3,33,fog-42,1,fog,300.0,0.0000,0.5000,0,100.000,,0,0.9850,,0.850,0,
1218,3,33,fog-42,1,fog,400.0,0.0000,0.5000,0,100.000,,0,0.9800,,0.850,0,
1219,3,33,fog-42,1,fog,500.0,0.0000,0.5000,0,100.000,,0,0.9750,,0.850,0,
1220,3,33,fog-42,1,fog,600.0,0.0000,0.5000,0,100.000,,0,0.9700,,0.850,0,
1221,3,33,fog-42,1,fog,700.0,0.0000,0.5000,0,100.000,,0,0.9650,,0.850,0,
1222,3,33,fog-42,1,fog,800.0,0.0000,0.5000,0,100.000,,0,0.9600,,0.850,0,
1223,3,33,fog-42,1,fog,900.0,0.0000,0.5000,0,100.000,,0,0.9550,,0.850,0,
1224,3,33,fog-42,1,fog,1000.0,0.0000,0.5000,0,100.000,,0,0.9500,,0.850,0,
1225,3,33,fog-42,1,fog,1100.0,0.0000,0.5000,0,100.000,,0,0.9450,,0.850,0,
1226,3,33,fog-42,1,fog,1200.0,0.0000,0.5000,0,100.000,,0,0.9400,,0.850,0,
1227,3,33,fog-42,1,fog,1300.0,0.0000,0.5000,0,100.000,,0,0.9350,,0.850,0,
1228,3,33,fog-42,1,fog,1400.0,0.0000,0.5000,0,100.000,,0,0.9300,,0.850,0,
1229,3,33,fog-42,1,fog,1500.0,0.0000,0.5000,0,100.000,,0,0.9250,,0.850,0,
1230,3,33,fog-42,1,fog,1600.0,0.0000,0.5000,0,100.000,,0,0.9200,,0.850,0,
1231,3,33,fog-42,1,fog,1700.0,0.0000,0.5000,0,100.000,,0,0.9150,,0.850,0,
1232,3,33,fog-42,1,fog,1800.0,0.0000,0.5000,0,100.000,,0,0.9100,,0.850,0,
1233,3,33,fog-42,1,fog,1900.0,0.0000,0.5000,0,100.000,,0,0.9050,,0.850,0,
1234,3,33,fog-42,1,fog,2000.0,0.0000,0.5000,0,100.000,,0,0.9000,,0.850,0,
1235,3,33,fog-42,1,fog,2100.0,0.0000,0.5000,0,100.000,,0,0.8950,,0.850,0,
1236,3,33,fog-42,1,fog,2200.0,0.0000,0.5000,0,100.000,,0,0.8900,,0.850,0,
1237,3,33,fog-42,1,fog,2300.0,0.0000,0.5000,0,100.000,,0,0.8850,,0.850,0,
1238,3,33,fog-42,1,fog,2400.0,0.0000,0.5000,0,100.000,,0,0.8800,,0.850,0,
1239,3,33,fog-42,1,fog,2500.0,0.0000,0.5000,0,100.000,,0,0.8750,,0.850,0,
1240,3,33,fog-42,1,fog,2600.0,0.0000,0.5000,0,100.000,,0,0.8700,,0.850,0,
1241,3,33,fog-42,1,fog,2700.0,0.0000,0.5000,0,100.000,,0,0.8650,,0.850,0,
1242,3,33,fog-42,1,fog,2800.0,0.0000,0.5000,0,100.000,,0,0.8600,,0.850,0,
1243,3,33,fog-42,1,fog,2900.0,0.0000,0.5000,0,100.000,,0,0.8550,,0.850,0,
1244,3,33,fog-42,1,fog,3000.0,0.0000,0.5000,0,100.000,,0,0.8500,,0.850,0,
1245,3,33,fog-42,1,fog,3100.0,0.0000,0.5000,0,100.000,,0,0.8450,,0.850,0,
1246,3,33,fog-42,1,fog,3200.0,0.0000,0.5000,0,100.000,,0,0.8400,,0.850,0,
1247,3,33,fog-42,1,fog,3300.0,0.0000,0.5000,0,100.000,,0,0.8350,,0.850,0,
1248,3,33,fog-42,1,fog,3400.0,0.0000,0.5000,0,100.000,,0,0.8300,,0.850,0,
1249,3,33,fog-42,1,fog,3500.0,0.0000,0.5000,0,100.000,,0,0.8250,,0.850,0,
1250,3,33,fog-42,1,fog,3600.0,0.0000,0.5000,0,100.000,,0,0.8200,,0.850,0,
1251,3,33,fog-42,1,fog,3700.0,0.0000,0.5000,0,100.000,,0,0.8150,,0.850,0,
1252,3,33,fog-42,1,fog,3800.0,0.0000,0.5000,0,100.000,,0,0.8100,,0.850,0,
1253,3,33,fog-42,1,fog,3900.0,0.0000,0.5000,0,100.000,,0,0.8050,,0.850,0,
1254,3,33,fog-42,1,fog,4000.0,0.0000,0.5000,0,100.000,,0,0.8000,,0.850,0,
1255,3,33,fog-42,1,fog,4100.0,0.0000,0.5000,0,100.000,,0,0.7950,,0.850,0,
1256,3,33,fog-42,1,fog,4200.0,0.0000,0.5000,0,100.000,,0,0.7900,,0.850,0,
1257,3,33,fog-42,1,fog,4300.0,0.0000,0.5000,0,100.000,,0,0.7850,,0.850,0,
1258,3,33,fog-42,1,fog,4400.0,0.0000,0.5000,0,100.000,,0,0.7800,,0.850,0,
1259,3,33,fog-42,1,fog,4500.0,0.0000,0.5000,0,100.000,,0,0.7750,,0.850,0,
1260,3,33,fog-42,1,fog,4600.0,0.0000,0.5000,0,100.000,,0,0.7700,,0.850,0,
1261,3,33,fog-42,1,fog,4700.0,0.0000,0.5000,0,100.000,,0,0.7650,,0.850,0,
1262,3,33,fog-42,1,fog,4800.0,0.0000,0.5000,0,100.000,,0,0.7600,,0.850,0,
1263,3,33,fog-42,1,fog,4900.0,0.0000,0.5000,0,100.000,,0,0.7550,,0.850,0,
1264,3,33,fog-42,1,fog,5000.0,0.0000,0.5000,0,100.000,,0,0.7500,,0.850,0,
1265,3,34,fog-43,1,fog,0.0,0.0000,0.5000,0,100.000,,0,1.0000,,0.850,0,
1266,3,34,fog-43,1,fog,100.0,0.0000,0.5000,0,100.000,,0,0.9950,,0.850,0,
1267,3,34,fog-43,1,fog,200.0,0.0000,0.5000,0,100.000,,0,0.9900,,0.850,0,
1268,3,34,fog-43,1,fog,300.0,0.0000,0.5000,0,100.000,,0,0.9850,,0.850,0,
1269,3,34,fog-43,1,fog,400.0,0.0000,0.5000,0,100.000,,0,0.9800,,0.850,0,
1270,3,34,fog-43,1,fog,500.0,0.0000,0.5000,0,100.000,,0,0.9750,,0.850,0,
1271,3,34,fog-43,1,fog,600.0,0.0000,0.5000,0,100.000,,0,0.9700,,0.850,0,
1272,3,34,fog-43,1,fog,700.0,0.0000,0.5000,0,100.000,,0,0.9650,,0.850,0,
1273,3,34,fog-43,1,fog,800.0,0.0000,0.5000,0,100.000,,0,0.9600,,0.850,0,
1274,3,34,fog-43,1,fog,900.0,0.0000,0.5000,0,100.000,,0,0.9550,,0.850,0,
1275,3,34,fog-43,1,fog,1000.0,0.0000,0.5000,0,100.000,,0,0.9500,,0.850,0,
1276,3,34,fog-43,1,fog,1100.0,0.0000,0.5000,0,100.000,,0,0.9450,,0.850,0,
1277,3,34,fog-43,1,fog,1200.0,0.9643,0.5000,20,100.700,0.8739,0,0.9400,,0.850,0,
1278,3,34,fog-43,1,fog,1300.0,0.0000,0.5000,5,100.300,0.7247,0,0.9374,,0.850,0,
1279,3,34,fog-43,1,fog,1400.0,0.0000,0.5000,1,100.100,,0,0.9324,,0.850,0,
1280,3,34,fog-43,1,fog,1500.0,0.0000,0.5000,1,100.100,,0,0.9274,,0.850,0,
1281,3,34,fog-43,1,fog,1600.0,0.0000,0.5000,1,100.100,,0,0.9224,,0.850,0,
1282,3,34,fog-43,1,fog,1700.0,0.0000,0.5000,1,100.100,,0,0.9174,,0.850,0,
1283,3,34,fog-43,1,fog,1800.0,0.0000,0.5000,1,100.100,,0,0.9124,,0.850,0,
1284,3,34,fog-43,1,fog,1900.0,0.0000,0.5000,1,100.100,,0,0.9074,,0.850,0,
1285,3,34,fog-43,1,fog,2000.0,0.0000,0.5000,1,100.100,,0,0.9024,,0.850,0,
1286,3,34,fog-43,1,fog,2100.0,0.0000,0.5000,1,100.100,,0,0.8974,,0.850,0,
1287,3,34,fog-43,1,fog,2200.0,0.0000,0.5000,1,100.100,,0,0.8924,,0.850,0,
1288,3,34,fog-43,1,fog,2300.0,0.0000,0.5000,1,100.100,,0,0.8874,,0.850,0,
1289,3,34,fog-43,1,fog,2400.0,0.0000,0.5000,1,100.100,,0,0.8824,,0.850,0,
1290,3,34,fog-43,1,fog,2500.0,0.0000,0.5000,1,100.100,,0,0.8774,,0.850,0,
1291,3,34,fog-43,1,fog,2600.0,0.0000,0.5000,1,100.100,,0,0.8724,,0.850,0,
1292,3,34,fog-43,1,fog,2700.0,0.0000,0.5000,1,100.100,,0,0.8674,,0.850,0,
1293,3,34,fog-43,1,fog,2800.0,1.0000,0.5000,26,100.900,0.8149,0,0.8624,,0.850,0,
1294,3,34,fog-43,1,fog,2900.0,0.0000,0.5000,6,100.400,0.8402,0,0.8595,,0.850,0,
1295,3,34,fog-43,1,fog,3000.0,0.0000,0.5000,2,100.200,,0,0.8545,,0.850,0,
1296,3,34,fog-43,1,fog,3100.0,0.0000,0.5000,2,100.200,,0,0.8495,,0.850,0,
1297,3,34,fog-43,1,fog,3200.0,0.0000,0.5000,2,100.200,,0,0.8445,,0.850,0,
1298,3,34,fog-43,1,fog,3300.0,0.0000,0.5000,2,100.200,,0,0.8395,,0.850,0,
1299,3,34,fog-43,1,fog,3400.0,0.0000,0.5000,2,100.200,,0,0.8345,,0.850,0,
1300,3,34,fog-43,1,fog,3500.0,0.0000,0.5000,2,100.200,,0,0.8295,,0.850,0,
1301,3,34,fog-43,1,fog,3600.0,0.0000,0.5000,2,100.200,,0,0.8245,,0.850,0,
1302,3,34,fog-43,1,fog,3700.0,0.0000,0.5000,2,100.200,,0,0.8195,,0.850,0,
1303,3,34,fog-43,1,fog,3800.0,0.0000,0.5000,2,100.200,,0,0.8145,,0.850,0,
1304,3,34,fog-43,1,fog,3900.0,0.0000,0.5000,2,100.200,,0,0.8095,,0.850,0,
1305,3,34,fog-43,1,fog,4000.0,0.0000,0.5000,2,100.200,,0,0.8045,,0.850,0,
1306,3,34,fog-43,1,fog,4100.0,0.0000,0.5000,2,100.200,,0,0.7995,,0.850,0,
1307,3,34,fog-43,1,fog,4200.0,0.0000,0.5000,2,100.200,,0,0.7945,,0.850,0,
1308,3,34,fog-43,1,fog,4300.0,0.0000,0.5000,2,100.200,,0,0.7895,,0.850,0,
1309,3,34,fog-43,1,fog,4400.0,1.0000,0.5000,27,101.000,0.8764,0,0.7845,,0.850,0,
1310,3,34,fog-43,1,fog,4500.0,0.0000,0.5000,7,100.500,1.0000,0,0.7815,,0.850,0,
1311,3,34,fog-43,1,fog,4600.0,0.0000,0.5000,3,100.300,0.0000,0,0.7765,,0.850,0,
1312,3,34,fog-43,1,fog,4700.0,0.0000,0.5000,3,100.300,0.0000,0,0.7715,,0.850,0,
1313,3,34,fog-43,1,fog,4800.0,0.0000,0.5000,3,100.300,0.0000,0,0.7665,,0.850,0,
1314,3,34,fog-43,1,fog,4900.0,0.0000,0.5000,3,100.300,0.0000,0,0.7615,,0.850,0,
1315,3,34,fog-43,1,fog,5000.0,0.0000,0.5000,3,100.300,0.0000,0,0.7565,,0.850,0,
1316,3,35,fog-44,1,fog,0.0,0.0000,0.5000,0,100.000,,0,1.0000,,0.850,0,
1317,3,35,fog-44,1,fog,100.0,0.0000,0.5000,0,100.000,,0,0.9950,,0.850,0,
1318,3,35,fog-44,1,fog,200.0,0.0000,0.5000,0,100.000,,0,0.9900,,0.850,0,
1319,3,35,fog-44,1,fog,300.0,0.0000,0.5000,0,100.000,,0,0.9850,,0.850,0,
1320,3,35,fog-44,1,fog,400.0,0.0000,0.5000,0,100.000,,0,0.9800,,0.850,0,
1321,3,35,fog-44,1,fog,500.0,0.0000,0.5000,0,100.000,,0,0.9750,,0.850,0,
1322,3,35,fog-44,1,fog,600.0,0.0000,0.5000,0,100.000,,0,0.9700,,0.850,0,
1323,3,35,fog-44,1,fog,700.0,0.0000,0.5000,0,100.000,,0,0.9650,,0.850,0,
1324,3,35,fog-44,1,fog,800.0,0.0000,0.5000,0,100.000,,0,0.9600,,0.850,0,
1325,3,35,fog-44,1,fog,900.0,0.0000,0.5000,0,100.000,,0,0.9550,,0.850,0,
1326,3,35,fog-44,1,fog,1000.0,0.0000,0.5000,0,100.000,,0,0.9500,,0.850,0,
1327,3,35,fog-44,1,fog,1100.0,0.0000,0.5000,0,100.000,,0,0.9450,,0.850,0,
1328,3,35,fog-44,1,fog,1200.0,0.0000,0.5000,0,100.000,,0,0.9400,,0.850,0,
1329,3,35,fog-44,1,fog,1300.0,0.0000,0.5000,0,100.000,,0,0.9350,,0.850,0,
1330,3,35,fog-44,1,fog,1400.0,0.0000,0.5000,0,100.000,,0,0.9300,,0.850,0,
1331,3,35,fog-44,1,fog,1500.0,0.0000,0.5000,0,100.000,,0,0.9250,,0.850,0,
1332,3,35,fog-44,1,fog,1600.0,0.0000,0.5000,0,100.000,,0,0.9200,,0.850,0,
1333,3,35,fog-44,1,fog,1700.0,0.0000,0.5000,0,100.000,,0,0.9150,,0.850,0,
1334,3,35,fog-44,1,fog,1800.0,0.0000,0.5000,0,100.000,,0,0.9100,,0.850,0,
1335,3,35,fog-44,1,fog,1900.0,0.0000,0.5000,0,100.000,,0,0.9050,,0.850,0,
1336,3,35,fog-44,1,fog,2000.0,0.0000,0.5000,0,100.000,,0,0.9000,,0.850,0,
1337,3,35,fog-44,1,fog,2100.0,0.0000,0.5000,0,100.000,,0,0.8950,,0.850,0,
1338,3,35,fog-44,1,fog,2200.0,0.0000,0.5000,0,100.000,,0,0.8900,,0.850,0,
1339,3,35,fog-44,1,fog,2300.0,0.0000,0.5000,0,100.000,,0,0.8850,,0.850,0,
1340,3,35,fog-44,1,fog,2400.0,0.0000,0.5000,0,100.000,,0,0.8800,,0.850,0,
1341,3,35,fog-44,1,fog,2500.0,0.0000,0.5000,0,100.000,,0,0.8750,,0.850,0,
1342,3,35,fog-44,1,fog,2600.0,0.0000,0.5000,0,100.000,,0,0.8700,,0.850,0,
1343,3,35,fog-44,1,fog,2700.0,0.0000,0.5000,0,100.000,,0,0.8650,,0.850,0,
1344,3,35,fog-44,1,fog,2800.0,0.0000,0.5000,0,100.000,,0,0.8600,,0.850,0,
1345,3,35,fog-44,1,fog,2900.0,0.0000,0.5000,0,100.000,,0,0.8550,,0.850,0,
1346,3,35,fog-44,1,fog,3000.0,0.0000,0.5000,0,100.000,,0,0.8500,,0.850,0,
1347,3,35,fog-44,1,fog,3100.0,0.0000,0.5000,0,100.000,,0,0.8450,,0.850,0,
1348,3,35,fog-44,1,fog,3200.0,0.0000,0.5000,0,100.000,,0,0.8400,,0.850,0,
1349,3,35,fog-44,1,fog,3300.0,0.0000,0.5000,0,100.000,,0,0.8350,,0.850,0,
1350,3,35,fog-44,1,fog,3400.0,0.0000,0.5000,0,100.000,,0,0.8300,,0.850,0,
1351,3,35,fog-44,1,fog,3500.0,0.0000,0.5000,0,100.000,,0,0.8250,,0.850,0,
1352,3,35,fog-44,1,fog,3600.0,0.0000,0.5000,0,100.000,,0,0.8200,,0.850,0,
1353,3,35,fog-44,1,fog,3700.0,0.0000,0.5000,0,100.000,,0,0.8150,,0.850,0,
1354,3,35,fog-44,1,fog,3800.0,0.0000,0.5000,0,100.000,,0,0.8100,,0.850,0,
1355,3,35,fog-44,1,fog,3900.0,0.0000,0.5000,0,100.000,,0,0.8050,,0.850,0,
1356,3,35,fog-44,1,fog,4000.0,0.0000,0.5000,0,100.000,,0,0.8000,,0.850,0,
1357,3,35,fog-44,1,fog,4100.0,0.0000,0.5000,0,100.000,,0,0.7950,,0.850,0,
1358,3,35,fog-44,1,fog,4200.0,0.0000,0.5000,0,100.000,,0,0.7900,,0.850,0,
1359,3,35,fog-44,1,fog,4300.0,0.0000,0.5000,0,100.000,,0,0.7850,,0.850,0,
1360,3,35,fog-44,1,fog,4400.0,0.0000,0.5000,0,100.000,,0,0.7800,,0.850,0,
1361,3,35,fog-44,1,fog,4500.0,0.0000,0.5000,0,100.000,,0,0.7750,,0.850,0,
1362,3,35,fog-44,1,fog,4600.0,0.0000,0.5000,0,100.000,,0,0.7700,,0.850,0,
1363,3,35,fog-44,1,fog,4700.0,0.0000,0.5000,0,100.000,,0,0.7650,,0.850,0,
1364,3,35,fog-44,1,fog,4800.0,0.0000,0.5000,0,100.000,,0,0.7600,,0.850,0,
1365,3,35,fog-44,1,fog,4900.0,0.0000,0.5000,0,100.000,,0,0.7550,,0.850,0,
1366,3,35,fog-44,1,fog,5000.0,0.0000,0.5000,0,100.000,,0,0.7500,,0.850,0,
1367,3,36,fog-45,1,fog,0.0,0.0000,0.5000,0,100.000,,0,1.0000,,0.850,0,
1368,3,36,fog-45,1,fog,100.0,0.0000,0.5000,0,100.000,,0,0.9950,,0.850,0,
1369,3,36,fog-45,1,fog,200.0,0.0000,0.5000,0,100.000,,0,0.9900,,0.850,0,
1370,3,36,fog-45,1,fog,300.0,0.0000,0.5000,0,100.000,,0,0.9850,,0.850,0,
1371,3,36,fog-45,1,fog,400.0,0.0000,0.5000,0,100.000,,0,0.9800,,0.850,0,
1372,3,36,fog-45,1,fog,500.0,0.0000,0.5000,0,100.000,,0,0.9750,,0.850,0,
1373,3,36,fog-45,1,fog,600.0,0.0000,0.5000,0,100.000,,0,0.9700,,0.850,0,
1374,3,36,fog-45,1,fog,700.0,0.0000,0.5000,0,100.000,,0,0.9650,,0.850,0,
1375,3,36,fog-45,1,fog,800.0,0.0000,0.5000,0,100.000,,0,0.9600,,0.850,0,
1376,3,36,fog-45,1,fog,900.0,0.0000,0.5000,0,100.000,,0,0.9550,,0.850,0,
1377,3,36,fog-45,1,fog,1000.0,0.0000,0.5000,0,100.000,,0,0.9500,,0.850,0,
1378,3,36,fog-45,1,fog,1100.0,0.0000,0.5000,0,100.000,,0,0.9450,,0.850,0,
1379,3,36,fog-45,1,fog,1200.0,0.0000,0.5000,0,100.000,,0,0.9400,,0.850,0,
1380,3,36,fog-45,1,fog,1300.0,0.0000,0.5000,0,100.000,,0,0.9350,,0.850,0,
1381,3,36,fog-45,1,fog,1400.0,0.0000,0.5000,0,100.000,,0,0.9300,,0.850,0,
1382,3,36,fog-45,1,fog,1500.0,0.0000,0.5000,0,100.000,,0,0.9250,,0.850,0,
1383,3,36,fog-45,1,fog,1600.0,0.0000,0.5000,0,100.000,,0,0.9200,,0.850,0,
1384,3,36,fog-45,1,fog,1700.0,0.0000,0.5000,0,100.000,,0,0.9150,,0.850,0,
1385,3,36,fog-45,1,fog,1800.0,0.0000,0.5000,0,100.000,,0,0.9100,,0.850,0,
1386,3,36,fog-45,1,fog,1900.0,0.0000,0.5000,0,100.000,,0,0.9050,,0.850,0,
1387,3,36,fog-45,1,fog,2000.0,0.0000,0.5000,0,100.000,,0,0.9000,,0.850,0,
1388,3,36,fog-45,1,fog,2100.0,0.0000,0.5000,0,100.000,,0,0.8950,,0.850,0,
1389,3,36,fog-45,1,fog,2200.0,0.0000,0.5000,0,100.000,,0,0.8900,,0.850,0,
1390,3,36,fog-45,1,fog,2300.0,0.0000,0.5000,0,100.000,,0,0.8850,,0.850,0,
1391,3,36,fog-45,1,fog,2400.0,0.0000,0.5000,0,100.000,,0,0.8800,,0.850,0,
1392,3,36,fog-45,1,fog,2500.0,0.0000,0.5000,0,100.000,,0,0.8750,,0.850,0,
1393,3,36,fog-45,1,fog,2600.0,0.0000,0.5000,0,100.000,,0,0.8700,,0.850,0,
1394,3,36,fog-45,1,fog,2700.0,0.0000,0.5000,0,100.000,,0,0.8650,,0.850,0,
1395,3,36,fog-45,1,fog,2800.0,0.0000,0.5000,0,100.000,,0,0.8600,,0.850,0,
1396,3,36,fog-45,1,fog,2900.0,0.0000,0.5000,0,100.000,,0,0.8550,,0.850,0,
1397,3,36,fog-45,1,fog,3000.0,0.0000,0.5000,0,100.000,,0,0.8500,,0.850,0,
1398,3,36,fog-45,1,fog,3100.0,0.0000,0.5000,0,100.000,,0,0.8450,,0.850,0,
1399,3,36,fog-45,1,fog,3200.0,0.0000,0.5000,0,100.000,,0,0.8400,,0.850,0,
1400,3,36,fog-45,1,fog,3300.0,0.0000,0.5000,0,100.000,,0,0.8350,,0.850,0,
1401,3,36,fog-45,1,fog,3400.0,0.0000,0.5000,0,100.000,,0,0.8300,,0.850,0,
1402,3,36,fog-45,1,fog,3500.0,0.0000,0.5000,0,100.000,,0,0.8250,,0.850,0,
1403,3,36,fog-45,1,fog,3600.0,0.0000,0.5000,0,100.000,,0,0.8200,,0.850,0,
1404,3,36,fog-45,1,fog,3700.0,0.0000,0.5000,0,100.000,,0,0.8150,,0.850,0,
1405,3,36,fog-45,1,fog,3800.0,0.0000,0.5000,0,100.000,,0,0.8100,,0.850,0,
1406,3,36,fog-45,1,fog,3900.0,0.0000,0.5000,0,100.000,,0,0.8050,,0.850,0,
1407,3,36,fog-45,1,fog,4000.0,0.0000,0.5000,0,100.000,,0,0.8000,,0.850,0,
1408,3,36,fog-45,1,fog,4100.0,0.0000,0.5000,0,100.000,,0,0.7950,,0.850,0,
1409,3,36,fog-45,1,fog,4200.0,0.0000,0.5000,0,100.000,,0,0.7900,,0.850,0,
1410,3,36,fog-45,1,fog,4300.0,0.0000,0.5000,0,100.000,,0,0.7850,,0.850,0,
1411,3,36,fog-45,1,fog,4400.0,0.0000,0.5000,0,100.000,,0,0.7800,,0.850,0,
1412,3,36,fog-45,1,fog,4500.0,0.0000,0.5000,0,100.000,,0,0.7750,,0.850,0,
1413,3,36,fog-45,1,fog,4600.0,0.0000,0.5000,0,100.000,,0,0.7700,,0.850,0,
1414,3,36,fog-45,1,fog,4700.0,0.0000,0.5000,0,100.000,,0,0.7650,,0.850,0,
1415,3,36,fog-45,1,fog,4800.0,0.0000,0.5000,0,100.000,,0,0.7600,,0.850,0,
1416,3,36,fog-45,1,fog,4900.0,0.0000,0.5000,0,100.000,,0,0.7550,,0.850,0,
1417,3,36,fog-45,1,fog,5000.0,0.0000,0.5000,0,100.000,,0,0.7500,,0.850,0,
1418,3,37,fog-46,1,fog,0.0,0.0000,0.5000,0,100.000,,0,1.0000,,0.850,0,4371.4
1419,3,37,fog-46,1,fog,100.0,0.4286,0.5000,9,100.250,0.5766,0,0.9950,,0.850,0,4371.4
1420,3,37,fog-46,1,fog,200.0,0.0000,0.5000,4,100.250,0.3669,0,0.9924,,0.850,0,4371.4
1421,3,37,fog-46,1,fog,300.0,0.0000,0.5000,1,100.100,,0,0.9874,,0.850,0,4371.4
1422,3,37,fog-46,1,fog,400.0,0.0000,0.5000,1,100.100,,0,0.9824,,0.850,0,4371.4
1423,3,37,fog-46,1,fog,500.0,0.0000,0.5000,1,100.100,,0,0.9774,,0.850,0,4371.4
1424,3,37,fog-46,1,fog,600.0,0.0000,0.5000,1,100.100,,0,0.9724,,0.850,0,4371.4
1425,3,37,fog-46,1,fog,700.0,0.7500,0.5000,18,100.650,0.4897,0,0.9680,,0.850,0,4371.4
1426,3,37,fog-46,1,fog,800.0,0.6429,0.5000,17,100.850,0.8677,0,0.9636,,0.850,0,4371.4
1427,3,37,fog-46,1,fog,900.0,1.0000,0.5000,29,101.050,0.9326,0,0.9586,,0.850,0,4371.4
1428,3,37,fog-46,1,fog,1000.0,0.0000,0.5000,7,100.450,0.8095,0,0.9556,,0.850,0,4371.4
1429,3,37,fog-46,1,fog,1100.0,0.0000,0.5000,2,100.200,,0,0.9506,,0.850,0,4371.4
1430,3,37,fog-46,1,fog,1200.0,0.0000,0.5000,2,100.200,,0,0.9456,,0.850,0,4371.4
1431,3,37,fog-46,1,fog,1300.0,0.0000,0.5000,2,100.200,,0,0.9406,,0.850,0,4371.4
1432,3,37,fog-46,1,fog,1400.0,0.0000,0.5000,2,100.200,,0,0.9356,,0.850,0,4371.4
1433,3,37,fog-46,1,fog,1500.0,0.0000,0.5000,2,100.200,,0,0.9306,,0.850,0,4371.4
1434,3,37,fog-46,1,fog,1600.0,0.0000,0.5000,2,100.200,,0,0.9256,,0.850,0,4371.4
1435,3,37,fog-46,1,fog,1700.0,0.0000,0.5000,2,100.200,,0,0.9206,,0.850,0,4371.4
1436,3,37,fog-46,1,fog,1800.0,0.0000,0.5000,2,100.200,,0,0.9156,,0.850,0,4371.4
1437,3,37,fog-46,1,fog,1900.0,0.0000,0.5000,2,100.200,,0,0.9106,,0.850,0,4371.4
1438,3,37,fog-46,1,fog,2000.0,0.0000,0.5000,2,100.200,,0,0.9056,,0.850,0,4371.4
1439,3,37,fog-46,1,fog,2100.0,0.0000,0.5000,2,100.200,,0,0.9006,,0.850,0,4371.4
1440,3,37,fog-46,1,fog,2200.0,1.0000,0.5000,27,101.000,0.8742,0,0.8956,,0.850,0,4371.4
1441,3,37,fog-46,1,fog,2300.0,0.0000,0.5000,7,100.500,1.0000,0,0.8927,,0.850,0,4371.4
1442,3,37,fog-46,1,fog,2400.0,0.0000,0.5000,3,100.300,0.0000,0,0.8877,,0.850,0,4371.4
1443,3,37,fog-46,1,fog,2500.0,0.9643,0.5000,24,101.050,0.8756,0,0.8827,,0.850,0,4371.4
1444,3,37,fog-46,1,fog,2600.0,1.0000,0.5000,33,101.250,1.0000,0,0.8777,,0.850,0,4371.4
1445,3,37,fog-46,1,fog,2700.0,1.0000,0.5000,38,101.300,1.0000,0,0.8727,,0.850,0,4371.4
1446,3,37,fog-46,1,fog,2800.0,0.0000,0.5000,12,100.800,0.9788,0,0.8691,,0.850,0,4371.4
1447,3,37,fog-46,1,fog,2900.0,0.0000,0.5000,4,100.400,0.0000,0,0.8641,,0.850,0,4371.4
1448,3,37,fog-46,1,fog,3000.0,0.0000,0.5000,4,100.400,0.0000,0,0.8591,,0.850,0,4371.4
1449,3,37,fog-46,1,fog,3100.0,0.0000,0.5000,4,100.400,0.0000,0,0.8541,,0.850,0,4371.4
1450,3,37,fog-46,1,fog,3200.0,0.0000,0.5000,4,100.400,0.0000,0,0.8491,,0.850,0,4371.4
1451,3,37,fog-46,1,fog,3300.0,0.0000,0.5000,4,100.400,0.0000,0,0.8441,,0.850,0,4371.4
1452,3,37,fog-46,1,fog,3400.0,0.0000,0.5000,4,100.400,0.0000,0,0.8391,,0.850,0,4371.4
1453,3,37,fog-46,1,fog,3500.0,0.0000,0.5000,4,100.400,0.0000,0,0.8341,,0.850,0,4371.4
1454,3,37,fog-46,1,fog,3600.0,0.0000,0.5000,4,100.400,0.0000,0,0.8291,,0.850,0,4371.4
1455,3,37,fog-46,1,fog,3700.0,0.9643,0.5000,26,101.100,0.9549,0,0.8241,,0.850,0,4371.4
1456,3,37,fog-46,1,fog,3800.0,1.0000,0.5000,36,101.350,1.0000,0,0.8191,,0.850,0,4371.4
1457,3,37,fog-46,1,fog,3900.0,0.0000,0.5000,13,100.950,1.0000,0,0.8159,,0.850,0,4371.4
1458,3,37,fog-46,1,fog,4000.0,0.0000,0.5000,6,100.600,0.0000,0,0.8109,,0.850,0,4371.4
1459,3,37,fog-46,1,fog,4100.0,0.8571,0.5000,24,101.300,1.0000,0,0.8059,,0.850,0,4371.4
1460,3,37,fog-46,1,fog,4200.0,0.9643,0.5000,29,101.500,1.0000,0,0.8009,,0.850,1,4371.4
1461,3,37,fog-46,1,fog,4300.0,0.7500,0.5000,27,101.500,1.0000,0,0.7959,,0.850,1,4371.4
1462,3,38,fog-47,1,fog,0.0,0.0000,0.5000,0,100.000,,0,1.0000,,0.850,0,
1463,3,38,fog-47,1,fog,100.0,0.0000,0.5000,0,100.000,,0,0.9950,,0.850,0,
1464,3,38,fog-47,1,fog,200.0,0.0000,0.5000,0,100.000,,0,0.9900,,0.850,0,
1465,3,38,fog-47,1,fog,300.0,0.0000,0.5000,0,100.000,,0,0.9850,,0.850,0,
1466,3,38,fog-47,1,fog,400.0,0.0000,0.5000,0,100.000,,0,0.9800,,0.850,0,
1467,3,38,fog-47,1,fog,500.0,0.0000,0.5000,0,100.000,,0,0.9750,,0.850,0,
1468,3,38,fog-47,1,fog,600.0,0.0000,0.5000,0,100.000,,0,0.9700,,0.850,0,
1469,3,38,fog-47,1,fog,700.0,0.0000,0.5000,0,100.000,,0,0.9650,,0.850,0,
1470,3,38,fog-47,1,fog,800.0,0.0000,0.5000,0,100.000,,0,0.9600,,0.850,0,
1471,3,38,fog-47,1,fog,900.0,0.0000,0.5000,0,100.000,,0,0.9550,,0.850,0,
1472,3,38,fog-47,1,fog,1000.0,0.0000,0.5000,0,100.000,,0,0.9500,,0.850,0,
1473,3,38,fog-47,1,fog,1100.0,0.0000,0.5000,0,100.000,,0,0.9450,,0.850,0,
1474,3,38,fog-47,1,fog,1200.0,0.0000,0.5000,0,100.000,,0,0.9400,,0.850,0,
1475,3,38,fog-47,1,fog,1300.0,0.0000,0.5000,0,100.000,,0,0.9350,,0.850,0,
1476,3,38,fog-47,1,fog,1400.0,0.0000,0.5000,0,100.000,,0,0.9300,,0.850,0,
1477,3,38,fog-47,1,fog,1500.0,0.0000,0.5000,0,100.000,,0,0.9250,,0.850,0,
1478,3,38,fog-47,1,fog,1600.0,0.0000,0.5000,0,100.000,,0,0.9200,,0.850,0,
1479,3,38,fog-47,1,fog,1700.0,0.0000,0.5000,0,100.000,,0,0.9150,,0.850,0,
1480,3,38,fog-47,1,fog,1800.0,0.0000,0.5000,0,100.000,,0,0.9100,,0.850,0,
1481,3,38,fog-47,1,fog,1900.0,0.0000,0.5000,0,100.000,,0,0.9050,,0.850,0,
1482,3,38,fog-47,1,fog,2000.0,0.0000,0.5000,0,100.000,,0,0.9000,,0.850,0,
1483,3,38,fog-47,1,fog,2100.0,0.0000,0.5000,0,100.000,,0,0.8950,,0.850,0,
1484,3,38,fog-47,1,fog,2200.0,0.0000,0.5000,0,100.000,,0,0.8900,,0.850,0,
1485,3,38,fog-47,1,fog,2300.0,0.0000,0.5000,0,100.000,,0,0.8850,,0.850,0,
1486,3,38,fog-47,1,fog,2400.0,0.0000,0.5000,0,100.000,,0,0.8800,,0.850,0,
1487,3,38,fog-47,1,fog,2500.0,0.0000,0.5000,0,100.000,,0,0.8750,,0.850,0,
1488,3,38,fog-47,1,fog,2600.0,0.0000,0.5000,0,100.000,,0,0.8700,,0.850,0,
1489,3,38,fog-47,1,fog,2700.0,0.0000,0.5000,0,100.000,,0,0.8650,,0.850,0,
1490,3,38,fog-47,1,fog,2800.0,0.0000,0.5000,0,100.000,,0,0.8600,,0.850,0,
1491,3,38,fog-47,1,fog,2900.0,0.0000,0.5000,0,100.000,,0,0.8550,,0.850,0,
1492,3,38,fog-47,1,fog,3000.0,0.0000,0.5000,0,100.000,,0,0.8500,,0.850,0,
1493,3,38,fog-47,1,fog,3100.0,0.0000,0.5000,0,100.000,,0,0.8450,,0.850,0,
1494,3,38,fog-47,1,fog,3200.0,0.0000,0.5000,0,100.000,,0,0.8400,,0.850,0,
1495,3,38,fog-47,1,fog,3300.0,0.0000,0.5000,0,100.000,,0,0.8350,,0.850,0,
1496,3,38,fog-47,1,fog,3400.0,0.0000,0.5000,0,100.000,,0,0.8300,,0.850,0,
1497,3,38,fog-47,1,fog,3500.0,0.0000,0.5000,0,100.000,,0,0.8250,,0.850,0,
1498,3,38,fog-47,1,fog,3600.0,0.0000,0.5000,0,100.000,,0,0.8200,,0.850,0,
1499,3,38,fog-47,1,fog,3700.0,0.0000,0.5000,0,100.000,,0,0.8150,,0.850,0,
1500,3,38,fog-47,1,fog,3800.0,0.0000,0.5000,0,100.000,,0,0.8100,,0.850,0,
1501,3,38,fog-47,1,fog,3900.0,0.0000,0.5000,0,100.000,,0,0.8050,,0.850,0,
1502,3,38,fog-47,1,fog,4000.0,0.0000,0.5000,0,100.000,,0,0.8000,,0.850,0,
1503,3,38,fog-47,1,fog,4100.0,0.0000,0.5000,0,100.000,,0,0.7950,,0.850,0,
1504,3,38,fog-47,1,fog,4200.0,0.0000,0.5000,0,100.000,,0,0.7900,,0.850,0,
1505,3,38,fog-47,1,fog,4300.0,0.0000,0.5000,0,100.000,,0,0.7850,,0.850,0,
1506,3,38,fog-47,1,fog,4400.0,0.0000,0.5000,0,100.000,,0,0.7800,,0.850,0,
1507,3,38,fog-47,1,fog,4500.0,0.0000,0.5000,0,100.000,,0,0.7750,,0.850,0,
1508,3,38,fog-47,1,fog,4600.0,0.0000,0.5000,0,100.000,,0,0.7700,,0.850,0,
1509,3,38,fog-47,1,fog,4700.0,0.0000,0.5000,0,100.000,,0,0.7650,,0.850,0,
1510,3,38,fog-47,1,fog,4800.0,0.0000,0.5000,0,100.000,,0,0.7600,,0.850,0,
1511,3,38,fog-47,1,fog,4900.0,0.0000,0.5000,0,100.000,,0,0.7550,,0.850,0,
1512,3,38,fog-47,1,fog,5000.0,0.0000,0.5000,0,100.000,,0,0.7500,,0.850,0,
1513,3,39,fog-48,1,fog,0.0,0.0000,0.5000,0,100.000,,0,1.0000,,0.850,0,
1514,3,39,fog-48,1,fog,100.0,0.3214,0.5000,7,100.250,0.5766,0,0.9950,,0.850,0,
1515,3,39,fog-48,1,fog,200.0,0.0000,0.5000,2,100.150,,0,0.9930,,0.850,0,
1516,3,39,fog-48,1,fog,300.0,0.0000,0.5000,1,100.100,,0,0.9880,,0.850,0,
1517,3,39,fog-48,1,fog,400.0,0.0000,0.5000,1,100.100,,0,0.9830,,0.850,0,
1518,3,39,fog-48,1,fog,500.0,0.0000,0.5000,1,100.100,,0,0.9780,,0.850,0,
1519,3,39,fog-48,1,fog,600.0,0.0000,0.5000,1,100.100,,0,0.9730,,0.850,0,
1520,3,39,fog-48,1,fog,700.0,0.0000,0.5000,1,100.100,,0,0.9680,,0.850,0,
1521,3,39,fog-48,1,fog,800.0,0.0000,0.5000,1,100.100,,0,0.9630,,0.850,0,
1522,3,39,fog-48,1,fog,900.0,0.0000,0.5000,1,100.100,,0,0.9580,,0.850,0,
1523,3,39,fog-48,1,fog,1000.0,0.0000,0.5000,1,100.100,,0,0.9530,,0.850,0,
1524,3,39,fog-48,1,fog,1100.0,1.0000,0.5000,26,100.900,0.8158,0,0.9480,,0.850,0,
1525,3,39,fog-48,1,fog,1200.0,0.0000,0.5000,6,100.400,0.8395,0,0.9451,,0.850,0,
1526,3,39,fog-48,1,fog,1300.0,0.0000,0.5000,2,100.200,,0,0.9401,,0.850,0,
1527,3,39,fog-48,1,fog,1400.0,0.0000,0.5000,2,100.200,,0,0.9351,,0.850,0,
1528,3,39,fog-48,1,fog,1500.0,0.0000,0.5000,2,100.200,,0,0.9301,,0.850,0,
1529,3,39,fog-48,1,fog,1600.0,0.0000,0.5000,2,100.200,,0,0.9251,,0.850,0,
1530,3,39,fog-48,1,fog,1700.0,0.0000,0.5000,2,100.200,,0,0.9201,,0.850,0,
1531,3,39,fog-48,1,fog,1800.0,0.0000,0.5000,2,100.200,,0,0.9151,,0.850,0,
1532,3,39,fog-48,1,fog,1900.0,0.0000,0.5000,2,100.200,,0,0.9101,,0.850,0,
1533,3,39,fog-48,1,fog,2000.0,0.0000,0.5000,2,100.200,,0,0.9051,,0.850,0,
1534,3,39,fog-48,1,fog,2100.0,0.0000,0.5000,2,100.200,,0,0.9001,,0.850,0,
1535,3,39,fog-48,1,fog,2200.0,0.0000,0.5000,2,100.200,,0,0.8951,,0.850,0,
1536,3,39,fog-48,1,fog,2300.0,0.0000,0.5000,2,100.200,,0,0.8901,,0.850,0,
1537,3,39,fog-48,1,fog,2400.0,0.0000,0.5000,2,100.200,,0,0.8851,,0.850,0,
1538,3,39,fog-48,1,fog,2500.0,0.0000,0.5000,2,100.200,,0,0.8801,,0.850,0,
1539,3,39,fog-48,1,fog,2600.0,0.0000,0.5000,2,100.200,,0,0.8751,,0.850,0,
1540,3,39,fog-48,1,fog,2700.0,0.0000,0.5000,2,100.200,,0,0.8701,,0.850,0,
1541,3,39,fog-48,1,fog,2800.0,0.0000,0.5000,2,100.200,,0,0.8651,,0.850,0,
1542,3,39,fog-48,1,fog,2900.0,0.0000,0.5000,2,100.200,,0,0.8601,,0.850,0,
1543,3,39,fog-48,1,fog,3000.0,0.0000,0.5000,2,100.200,,0,0.8551,,0.850,0,
1544,3,39,fog-48,1,fog,3100.0,0.0000,0.5000,2,100.200,,0,0.8501,,0.850,0,
1545,3,39,fog-48,1,fog,3200.0,0.0000,0.5000,2,100.200,,0,0.8451,,0.850,0,
1546,3,39,fog-48,1,fog,3300.0,0.0000,0.5000,2,100.200,,0,0.8401,,0.850,0,
1547,3,39,fog-48,1,fog,3400.0,0.0000,0.5000,2,100.200,,0,0.8351,,0.850,0,
1548,3,39,fog-48,1,fog,3500.0,0.9643,0.5000,23,100.950,0.8161,0,0.8301,,0.850,0,
1549,3,39,fog-48,1,fog,3600.0,0.0000,0.5000,6,100.450,0.9554,0,0.8275,,0.850,0,
1550,3,39,fog-48,1,fog,3700.0,0.0000,0.5000,3,100.300,0.0000,0,0.8225,,0.850,0,
1551,3,39,fog-48,1,fog,3800.0,0.0000,0.5000,3,100.300,0.0000,0,0.8175,,0.850,0,
1552,3,39,fog-48,1,fog,3900.0,0.0000,0.5000,3,100.300,0.0000,0,0.8125,,0.850,0,
1553,3,39,fog-48,1,fog,4000.0,0.0000,0.5000,3,100.300,0.0000,0,0.8075,,0.850,0,
1554,3,39,fog-48,1,fog,4100.0,0.0000,0.5000,3,100.300,0.0000,0,0.8025,,0.850,0,
1555,3,39,fog-48,1,fog,4200.0,0.0000,0.5000,3,100.300,0.0000,0,0.7975,,0.850,0,
1556,3,39,fog-48,1,fog,4300.0,0.0000,0.5000,3,100.300,0.0000,0,0.7925,,0.850,0,
1557,3,39,fog-48,1,fog,4400.0,0.9643,0.5000,23,101.000,0.8163,0,0.7875,,0.850,0,
1558,3,39,fog-48,1,fog,4500.0,0.0000,0.5000,8,100.600,1.0000,0,0.7848,,0.850,0,
1559,3,39,fog-48,1,fog,4600.0,0.0000,0.5000,4,100.400,0.0000,0,0.7798,,0.850,0,
1560,3,39,fog-48,1,fog,4700.0,0.0000,0.5000,4,100.400,0.0000,0,0.7748,,0.850,0,
1561,3,39,fog-48,1,fog,4800.0,0.9643,0.5000,23,101.150,0.9350,0,0.7698,,0.850,0,
1562,3,39,fog-48,1,fog,4900.0,0.0000,0.5000,8,100.650,1.0000,0,0.7672,,0.850,0,
1563,3,39,fog-48,1,fog,5000.0,0.0000,0.5000,5,100.500,0.0000,0,0.7622,,0.850,0,
1564,3,40,fog-49,1,fog,0.0,0.0000,0.5000,0,100.000,,0,1.0000,,0.850,0,344.4
1565,3,40,fog-49,1,fog,100.0,0.4286,0.5000,9,100.250,0.5766,0,0.9950,,0.850,0,344.4
1566,3,40,fog-49,1,fog,200.0,1.0000,0.5000,68,101.250,1.0000,0,0.9900,,0.850,1,344.4
1567,3,40,fog-49,1,fog,300.0,1.0000,0.5000,91,101.250,1.0000,0,0.9850,,0.850,1,344.4
1568,3,41,fog-50,1,fog,0.0,0.0000,0.5000,0,100.000,,0,1.0000,,0.850,0,
1569,3,41,fog-50,1,fog,100.0,0.0000,0.5000,0,100.000,,0,0.9950,,0.850,0,
1570,3,41,fog-50,1,fog,200.0,0.0000,0.5000,0,100.000,,0,0.9900,,0.850,0,
1571,3,41,fog-50,1,fog,300.0,0.0000,0.5000,0,100.000,,0,0.9850,,0.850,0,
1572,3,41,fog-50,1,fog,400.0,0.0000,0.5000,0,100.000,,0,0.9800,,0.850,0,
1573,3,41,fog-50,1,fog,500.0,0.0000,0.5000,0,100.000,,0,0.9750,,0.850,0,
1574,3,41,fog-50,1,fog,600.0,0.0000,0.5000,0,100.000,,0,0.9700,,0.850,0,
1575,3,41,fog-50,1,fog,700.0,0.0000,0.5000,0,100.000,,0,0.9650,,0.850,0,
1576,3,41,fog-50,1,fog,800.0,0.0000,0.5000,0,100.000,,0,0.9600,,0.850,0,
1577,3,41,fog-50,1,fog,900.0,0.0000,0.5000,0,100.000,,0,0.9550,,0.850,0,
1578,3,41,fog-50,1,fog,1000.0,0.0000,0.5000,0,100.000,,0,0.9500,,0.850,0,
1579,3,41,fog-50,1,fog,1100.0,0.0000,0.5000,0,100.000,,0,0.9450,,0.850,0,
1580,3,41,fog-50,1,fog,1200.0,0.0000,0.5000,0,100.000,,0,0.9400,,0.850,0,
1581,3,41,fog-50,1,fog,1300.0,0.0000,0.5000,0,100.000,,0,0.9350,,0.850,0,
1582,3,41,fog-50,1,fog,1400.0,0.0000,0.5000,0,100.000,,0,0.9300,,0.850,0,
1583,3,41,fog-50,1,fog,1500.0,0.0000,0.5000,0,100.000,,0,0.9250,,0.850,0,
1584,3,41,fog-50,1,fog,1600.0,0.0000,0.5000,0,100.000,,0,0.9200,,0.850,0,
1585,3,41,fog-50,1,fog,1700.0,0.0000,0.5000,0,100.000,,0,0.9150,,0.850,0,
1586,3,41,fog-50,1,fog,1800.0,0.0000,0.5000,0,100.000,,0,0.9100,,0.850,0,
1587,3,41,fog-50,1,fog,1900.0,0.0000,0.5000,0,100.000,,0,0.9050,,0.850,0,
1588,3,41,fog-50,1,fog,2000.0,0.0000,0.5000,0,100.000,,0,0.9000,,0.850,0,
1589,3,41,fog-50,1,fog,2100.0,0.0000,0.5000,0,100.000,,0,0.8950,,0.850,0,
1590,3,41,fog-50,1,fog,2200.0,0.0000,0.5000,0,100.000,,0,0.8900,,0.850,0,
1591,3,41,fog-50,1,fog,2300.0,0.0000,0.5000,0,100.000,,0,0.8850,,0.850,0,
1592,3,41,fog-50,1,fog,2400.0,0.0000,0.5000,0,100.000,,0,0.8800,,0.850,0,
1593,3,41,fog-50,1,fog,2500.0,0.0000,0.5000,0,100.000,,0,0.8750,,0.850,0,
1594,3,41,fog-50,1,fog,2600.0,0.0000,0.5000,0,100.000,,0,0.8700,,0.850,0,
1595,3,41,fog-50,1,fog,2700.0,0.0000,0.5000,0,100.000,,0,0.8650,,0.850,0,
1596,3,41,fog-50,1,fog,2800.0,0.0000,0.5000,0,100.000,,0,0.8600,,0.850,0,
1597,3,41,fog-50,1,fog,2900.0,0.0000,0.5000,0,100.000,,0,0.8550,,0.850,0,
1598,3,41,fog-50,1,fog,3000.0,0.0000,0.5000,0,100.000,,0,0.8500,,0.850,0,
1599,3,41,fog-50,1,fog,3100.0,0.0000,0.5000,0,100.000,,0,0.8450,,0.850,0,
1600,3,41,fog-50,1,fog,3200.0,0.0000,0.5000,0,100.000,,0,0.8400,,0.850,0,
1601,3,41,fog-50,1,fog,3300.0,0.0000,0.5000,0,100.000,,0,0.8350,,0.850,0,
1602,3,41,fog-50,1,fog,3400.0,0.0000,0.5000,0,100.000,,0,0.8300,,0.850,0,
1603,3,41,fog-50,1,fog,3500.0,0.0000,0.5000,0,100.000,,0,0.8250,,0.850,0,
1604,3,41,fog-50,1,fog,3600.0,0.0000,0.5000,0,100.000,,0,0.8200,,0.850,0,
1605,3,41,fog-50,1,fog,3700.0,0.0000,0.5000,0,100.000,,0,0.8150,,0.850,0,
1606,3,41,fog-50,1,fog,3800.0,0.0000,0.5000,0,100.000,,0,0.8100,,0.850,0,
1607,3,41,fog-50,1,fog,3900.0,0.0000,0.5000,0,100.000,,0,0.8050,,0.850,0,
1608,3,41,fog-50,1,fog,4000.0,0.0000,0.5000,0,100.000,,0,0.8000,,0.850,0,
1609,3,41,fog-50,1,fog,4100.0,0.0000,0.5000,0,100.000,,0,0.7950,,0.850,0,
1610,3,41,fog-50,1,fog,4200.0,0.0000,0.5000,0,100.000,,0,0.7900,,0.850,0,
1611,3,41,fog-50,1,fog,4300.0,0.0000,0.5000,0,100.000,,0,0.7850,,0.850,0,
1612,3,41,fog-50,1,fog,4400.0,0.0000,0.5000,0,100.000,,0,0.7800,,0.850,0,
1613,3,41,fog-50,1,fog,4500.0,0.0000,0.5000,0,100.000,,0,0.7750,,0.850,0,
1614,3,41,fog-50,1,fog,4600.0,0.0000,0.5000,0,100.000,,0,0.7700,,0.850,0,
1615,3,41,fog-50,1,fog,4700.0,0.0000,0.5000,0,100.000,,0,0.7650,,0.850,0,
1616,3,41,fog-50,1,fog,4800.0,0.0000,0.5000,0,100.000,,0,0.7600,,0.850,0,
1617,3,41,fog-50,1,fog,4900.0,0.0000,0.5000,0,100.000,,0,0.7550,,0.850,0,
1618,3,41,fog-50,1,fog,5000.0,0.0000,0.5000,0,100.000,,0,0.7500,,0.850,0,
1619,3,42,fog-51,1,fog,0.0,0.0000,0.5000,0,100.000,,0,1.0000,,0.850,0,
1620,3,42,fog-51,1,fog,100.0,0.0000,0.5000,0,100.000,,0,0.9950,,0.850,0,
1621,3,42,fog-51,1,fog,200.0,0.0000,0.5000,0,100.000,,0,0.9900,,0.850,0,
1622,3,42,fog-51,1,fog,300.0,0.0000,0.5000,0,100.000,,0,0.9850,,0.850,0,
1623,3,42,fog-51,1,fog,400.0,0.0000,0.5000,0,100.000,,0,0.9800,,0.850,0,
1624,3,42,fog-51,1,fog,500.0,0.0000,0.5000,0,100.000,,0,0.9750,,0.850,0,
1625,3,42,fog-51,1,fog,600.0,0.0000,0.5000,0,100.000,,0,0.9700,,0.850,0,
1626,3,42,fog-51,1,fog,700.0,0.0000,0.5000,0,100.000,,0,0.9650,,0.850,0,
1627,3,42,fog-51,1,fog,800.0,0.0000,0.5000,0,100.000,,0,0.9600,,0.850,0,
1628,3,42,fog-51,1,fog,900.0,0.0000,0.5000,0,100.000,,0,0.9550,,0.850,0,
1629,3,42,fog-51,1,fog,1000.0,0.0000,0.5000,0,100.000,,0,0.9500,,0.850,0,
1630,3,42,fog-51,1,fog,1100.0,0.0000,0.5000,0,100.000,,0,0.9450,,0.850,0,
1631,3,42,fog-51,1,fog,1200.0,0.0000,0.5000,0,100.000,,0,0.9400,,0.850,0,
1632,3,42,fog-51,1,fog,1300.0,0.0000,0.5000,0,100.000,,0,0.9350,,0.850,0,
1633,3,42,fog-51,1,fog,1400.0,0.0000,0.5000,0,100.000,,0,0.9300,,0.850,0,
1634,3,42,fog-51,1,fog,1500.0,0.0000,0.5000,0,100.000,,0,0.9250,,0.850,0,
1635,3,42,fog-51,1,fog,1600.0,0.0000,0.5000,0,100.000,,0,0.9200,,0.850,0,
1636,3,42,fog-51,1,fog,1700.0,0.0000,0.5000,0,100.000,,0,0.9150,,0.850,0,
1637,3,42,fog-51,1,fog,1800.0,0.0000,0.5000,0,100.000,,0,0.9100,,0.850,0,
1638,3,42,fog-51,1,fog,1900.0,0.0000,0.5000,0,100.000,,0,0.9050,,0.850,0,
1639,3,42,fog-51,1,fog,2000.0,0.0000,0.5000,0,100.000,,0,0.9000,,0.850,0,
1640,3,42,fog-51,1,fog,2100.0,0.0000,0.5000,0,100.000,,0,0.8950,,0.850,0,
1641,3,42,fog-51,1,fog,2200.0,0.0000,0.5000,0,100.000,,0,0.8900,,0.850,0,
1642,3,42,fog-51,1,fog,2300.0,0.0000,0.5000,0,100.000,,0,0.8850,,0.850,0,
1643,3,42,fog-51,1,fog,2400.0,0.0000,0.5000,0,100.000,,0,0.8800,,0.850,0,
1644,3,42,fog-51,1,fog,2500.0,0.0000,0.5000,0,100.000,,0,0.8750,,0.850,0,
1645,3,42,fog-51,1,fog,2600.0,0.0000,0.5000,0,100.000,,0,0.8700,,0.850,0,
1646,3,42,fog-51,1,fog,2700.0,0.0000,0.5000,0,100.000,,0,0.8650,,0.850,0,
1647,3,42,fog-51,1,fog,2800.0,0.0000,0.5000,0,100.000,,0,0.8600,,0.850,0,
1648,3,42,fog-51,1,fog,2900.0,0.0000,0.5000,0,100.000,,0,0.8550,,0.850,0,
1649,3,42,fog-51,1,fog,3000.0,0.0000,0.5000,0,100.000,,0,0.8500,,0.850,0,
1650,3,42,fog-51,1,fog,3100.0,0.0000,0.5000,0,100.000,,0,0.8450,,0.850,0,
1651,3,42,fog-51,1,fog,3200.0,0.0000,0.5000,0,100.000,,0,0.8400,,0.850,0,
1652,3,42,fog-51,1,fog,3300.0,0.0000,0.5000,0,100.000,,0,0.8350,,0.850,0,
1653,3,42,fog-51,1,fog,3400.0,0.0000,0.5000,0,100.000,,0,0.8300,,0.850,0,
1654,3,42,fog-51,1,fog,3500.0,0.0000,0.5000,0,100.000,,0,0.8250,,0.850,0,
1655,3,42,fog-51,1,fog,3600.0,0.0000,0.5000,0,100.000,,0,0.8200,,0.850,0,
1656,3,42,fog-51,1,fog,3700.0,0.0000,0.5000,0,100.000,,0,0.8150,,0.850,0,
1657,3,42,fog-51,1,fog,3800.0,0.0000,0.5000,0,100.000,,0,0.8100,,0.850,0,
1658,3,42,fog-51,1,fog,3900.0,0.0000,0.5000,0,100.000,,0,0.8050,,0.850,0,
1659,3,42,fog-51,1,fog,4000.0,0.0000,0.5000,0,100.000,,0,0.8000,,0.850,0,
1660,3,42,fog-51,1,fog,4100.0,0.0000,0.5000,0,100.000,,0,0.7950,,0.850,0,
1661,3,42,fog-51,1,fog,4200.0,0.0000,0.5000,0,100.000,,0,0.7900,,0.850,0,
1662,3,42,fog-51,1,fog,4300.0,0.0000,0.5000,0,100.000,,0,0.7850,,0.850,0,
1663,3,42,fog-51,1,fog,4400.0,0.0000,0.5000,0,100.000,,0,0.7800,,0.850,0,
1664,3,42,fog-51,1,fog,4500.0,0.0000,0.5000,0,100.000,,0,0.7750,,0.850,0,
1665,3,42,fog-51,1,fog,4600.0,0.0000,0.5000,0,100.000,,0,0.7700,,0.850,0,
1666,3,42,fog-51,1,fog,4700.0,0.0000,0.5000,0,100.000,,0,0.7650,,0.850,0,
1667,3,42,fog-51,1,fog,4800.0,0.0000,0.5000,0,100.000,,0,0.7600,,0.850,0,
1668,3,42,fog-51,1,fog,4900.0,0.0000,0.5000,0,100.000,,0,0.7550,,0.850,0,
1669,3,42,fog-51,1,fog,5000.0,0.0000,0.5000,0,100.000,,0,0.7500,,0.850,0,
1670,3,43,fog-52,1,fog,0.0,0.0000,0.5000,0,100.000,,0,1.0000,,0.850,0,
1671,3,43,fog-52,1,fog,100.0,0.0000,0.5000,0,100.000,,0,0.9950,,0.850,0,
1672,3,43,fog-52,1,fog,200.0,0.0000,0.5000,0,100.000,,0,0.9900,,0.850,0,
1673,3,43,fog-52,1,fog,300.0,0.0000,0.5000,0,100.000,,0,0.9850,,0.850,0,
1674,3,43,fog-52,1,fog,400.0,0.0000,0.5000,0,100.000,,0,0.9800,,0.850,0,
1675,3,43,fog-52,1,fog,500.0,0.0000,0.5000,0,100.000,,0,0.9750,,0.850,0,
1676,3,43,fog-52,1,fog,600.0,0.0000,0.5000,0,100.000,,0,0.9700,,0.850,0,
1677,3,43,fog-52,1,fog,700.0,0.0000,0.5000,0,100.000,,0,0.9650,,0.850,0,
1678,3,43,fog-52,1,fog,800.0,0.0000,0.5000,0,100.000,,0,0.9600,,0.850,0,
1679,3,43,fog-52,1,fog,900.0,0.0000,0.5000,0,100.000,,0,0.9550,,0.850,0,
1680,3,43,fog-52,1,fog,1000.0,0.0000,0.5000,0,100.000,,0,0.9500,,0.850,0,
1681,3,43,fog-52,1,fog,1100.0,0.0000,0.5000,0,100.000,,0,0.9450,,0.850,0,
1682,3,43,fog-52,1,fog,1200.0,0.0000,0.5000,0,100.000,,0,0.9400,,0.850,0,
1683,3,43,fog-52,1,fog,1300.0,0.0000,0.5000,0,100.000,,0,0.9350,,0.850,0,
1684,3,43,fog-52,1,fog,1400.0,0.0000,0.5000,0,100.000,,0,0.9300,,0.850,0,
1685,3,43,fog-52,1,fog,1500.0,0.0000,0.5000,0,100.000,,0,0.9250,,0.850,0,
1686,3,43,fog-52,1,fog,1600.0,0.0000,0.5000,0,100.000,,0,0.9200,,0.850,0,
1687,3,43,fog-52,1,fog,1700.0,0.0000,0.5000,0,100.000,,0,0.9150,,0.850,0,
1688,3,43,fog-52,1,fog,1800.0,0.0000,0.5000,0,100.000,,0,0.9100,,0.850,0,
1689,3,43,fog-52,1,fog,1900.0,0.0000,0.5000,0,100.000,,0,0.9050,,0.850,0,
1690,3,43,fog-52,1,fog,2000.0,0.0000,0.5000,0,100.000,,0,0.9000,,0.850,0,
1691,3,43,fog-52,1,fog,2100.0,0.0000,0.5000,0,100.000,,0,0.8950,,0.850,0,
1692,3,43,fog-52,1,fog,2200.0,0.0000,0.5000,0,100.000,,0,0.8900,,0.850,0,
1693,3,43,fog-52,1,fog,2300.0,0.0000,0.5000,0,100.000,,0,0.8850,,0.850,0,
1694,3,43,fog-52,1,fog,2400.0,0.0000,0.5000,0,100.000,,0,0.8800,,0.850,0,
1695,3,43,fog-52,1,fog,2500.0,0.0000,0.5000,0,100.000,,0,0.8750,,0.850,0,
1696,3,43,fog-52,1,fog,2600.0,0.0000,0.5000,0,100.000,,0,0.8700,,0.850,0,
1697,3,43,fog-52,1,fog,2700.0,0.0000,0.5000,0,100.000,,0,0.8650,,0.850,0,
1698,3,43,fog-52,1,fog,2800.0,0.0000,0.5000,0,100.000,,0,0.8600,,0.850,0,
1699,3,43,fog-52,1,fog,2900.0,0.0000,0.5000,0,100.000,,0,0.8550,,0.850,0,
1700,3,43,fog-52,1,fog,3000.0,0.0000,0.5000,0,100.000,,0,0.8500,,0.850,0,
1701,3,43,fog-52,1,fog,3100.0,0.0000,0.5000,0,100.000,,0,0.8450,,0.850,0,
1702,3,43,fog-52,1,fog,3200.0,0.0000,0.5000,0,100.000,,0,0.8400,,0.850,0,
1703,3,43,fog-52,1,fog,3300.0,0.0000,0.5000,0,100.000,,0,0.8350,,0.850,0,
1704,3,43,fog-52,1,fog,3400.0,0.0000,0.5000,0,100.000,,0,0.8300,,0.850,0,
1705,3,43,fog-52,1,fog,3500.0,0.0000,0.5000,0,100.000,,0,0.8250,,0.850,0,
1706,3,43,fog-52,1,fog,3600.0,0.0000,0.5000,0,100.000,,0,0.8200,,0.850,0,
1707,3,43,fog-52,1,fog,3700.0,0.0000,0.5000,0,100.000,,0,0.8150,,0.850,0,
1708,3,43,fog-52,1,fog,3800.0,0.0000,0.5000,0,100.000,,0,0.8100,,0.850,0,
1709,3,43,fog-52,1,fog,3900.0,0.0000,0.5000,0,100.000,,0,0.8050,,0.850,0,
1710,3,43,fog-52,1,fog,4000.0,0.0000,0.5000,0,100.000,,0,0.8000,,0.850,0,
1711,3,43,fog-52,1,fog,4100.0,0.0000,0.5000,0,100.000,,0,0.7950,,0.850,0,
1712,3,43,fog-52,1,fog,4200.0,0.0000,0.5000,0,100.000,,0,0.7900,,0.850,0,
1713,3,43,fog-52,1,fog,4300.0,0.0000,0.5000,0,100.000,,0,0.7850,,0.850,0,
1714,3,43,fog-52,1,fog,4400.0,0.0000,0.5000,0,100.000,,0,0.7800,,0.850,0,
1715,3,43,fog-52,1,fog,4500.0,0.0000,0.5000,0,100.000,,0,0.7750,,0.850,0,
1716,3,43,fog-52,1,fog,4600.0,0.0000,0.5000,0,100.000,,0,0.7700,,0.850,0,
1717,3,43,fog-52,1,fog,4700.0,0.0000,0.5000,0,100.000,,0,0.7650,,0.850,0,
1718,3,43,fog-52,1,fog,4800.0,0.0000,0.5000,0,100.000,,0,0.7600,,0.850,0,
1719,3,43,fog-52,1,fog,4900.0,0.0000,0.5000,0,100.000,,0,0.7550,,0.850,0,
1720,3,43,fog-52,1,fog,5000.0,0.0000,0.5000,0,100.000,,0,0.7500,,0.850,0,
1721,3,44,fog-53,1,fog,0.0,0.0000,0.0000,0,100.000,,0,1.0000,,0.850,0,3456.1
1722,3,44,fog-53,1,fog,100.0,0.0000,0.0000,0,100.000,,0,0.9981,,0.850,0,3456.1
1723,3,44,fog-53,1,fog,200.0,0.0000,0.0000,0,100.000,,0,0.9963,,0.850,0,3456.1
1724,3,44,fog-53,1,fog,300.0,0.0000,0.0000,0,100.000,,0,0.9944,,0.850,0,3456.1
1725,3,44,fog-53,1,fog,400.0,0.0000,0.0000,0,100.000,,0,0.9925,,0.850,0,3456.1
1726,3,44,fog-53,1,fog,500.0,0.0000,0.0000,0,100.000,,0,0.9906,,0.850,0,3456.1
1727,3,44,fog-53,1,fog,600.0,0.0000,0.0000,0,100.000,,0,0.9888,,0.850,0,3456.1
1728,3,44,fog-53,1,fog,700.0,0.0000,0.0000,0,100.000,,0,0.9869,,0.850,0,3456.1
1729,3,44,fog-53,1,fog,800.0,0.0000,0.0000,0,100.000,,0,0.9850,,0.850,0,3456.1
1730,3,44,fog-53,1,fog,900.0,0.0000,0.0000,0,100.000,,0,0.9831,,0.850,0,3456.1
1731,3,44,fog-53,1,fog,1000.0,0.0000,0.0000,0,100.000,,0,0.9813,,0.850,0,3456.1
1732,3,44,fog-53,1,fog,1100.0,0.0000,0.0000,0,100.000,,0,0.9794,,0.850,0,3456.1
1733,3,44,fog-53,1,fog,1200.0,0.0000,0.0000,0,100.000,,0,0.9775,,0.850,0,3456.1
1734,3,44,fog-53,1,fog,1300.0,0.0000,0.0000,0,100.000,,0,0.9756,,0.850,0,3456.1
1735,3,44,fog-53,1,fog,1400.0,0.0000,0.0000,0,100.000,,0,0.9738,,0.850,0,3456.1
1736,3,44,fog-53,1,fog,1500.0,0.0000,0.0000,0,100.000,,0,0.9719,,0.850,0,3456.1
1737,3,44,fog-53,1,fog,1600.0,0.0000,0.0000,0,100.000,,0,0.9700,,0.850,0,3456.1
1738,3,44,fog-53,1,fog,1700.0,0.0000,0.0000,0,100.000,,0,0.9681,,0.850,0,3456.1
1739,3,44,fog-53,1,fog,1800.0,0.0000,0.0000,0,100.000,,0,0.9663,,0.850,0,3456.1
1740,3,44,fog-53,1,fog,1900.0,0.0000,0.0000,0,100.000,,0,0.9644,,0.850,0,3456.1
1741,3,44,fog-53,1,fog,2000.0,0.0000,0.0000,0,100.000,,0,0.9625,,0.850,0,3456.1
1742,3,44,fog-53,1,fog,2100.0,0.0000,0.0000,0,100.000,,0,0.9606,,0.850,0,3456.1
1743,3,44,fog-53,1,fog,2200.0,0.0000,0.0000,0,100.000,,0,0.9588,,0.850,0,3456.1
1744,3,44,fog-53,1,fog,2300.0,0.0000,0.0000,0,100.000,,0,0.9569,,0.850,0,3456.1
1745,3,44,fog-53,1,fog,2400.0,0.0000,0.0000,0,100.000,,0,0.9550,,0.850,0,3456.1
1746,3,44,fog-53,1,fog,2500.0,0.0000,0.0000,0,100.000,,0,0.9531,,0.850,0,3456.1
1747,3,44,fog-53,1,fog,2600.0,0.0000,0.0000,0,100.000,,0,0.9513,,0.850,0,3456.1
1748,3,44,fog-53,1,fog,2700.0,0.0000,0.0000,0,100.000,,0,0.9494,,0.850,0,3456.1
1749,3,44,fog-53,1,fog,2800.0,0.0000,0.0000,0,100.000,,0,0.9475,,0.850,0,3456.1
1750,3,44,fog-53,1,fog,2900.0,0.0000,0.0000,0,100.000,,0,0.9456,,0.850,0,3456.1
1751,3,44,fog-53,1,fog,3000.0,0.0000,0.0000,0,100.000,,0,0.9438,,0.850,0,3456.1
1752,3,44,fog-53,1,fog,3100.0,0.0000,0.0000,0,100.000,,0,0.9419,,0.850,0,3456.1
1753,3,44,fog-53,1,fog,3200.0,0.0000,0.0000,0,100.000,,0,0.9400,,0.850,0,3456.1
1754,3,44,fog-53,1,fog,3300.0,0.0000,0.0000,0,100.000,,0,0.9381,,0.850,1,3456.1
1755,3,44,fog-53,1,fog,3400.0,0.0000,0.0000,0,100.000,,0,0.9363,,0.850,1,3456.1
1756,3,45,fog-54,1,fog,0.0,0.0000,0.0000,0,100.000,,0,1.0000,,0.850,0,
1757,3,45,fog-54,1,fog,100.0,0.0000,0.0000,0,100.000,,0,0.9981,,0.850,0,
1758,3,45,fog-54,1,fog,200.0,0.0000,0.0000,0,100.000,,0,0.9963,,0.850,0,
1759,3,45,fog-54,1,fog,300.0,0.0000,0.0000,0,100.000,,0,0.9944,,0.850,0,
1760,3,45,fog-54,1,fog,400.0,0.0000,0.0000,0,100.000,,0,0.9925,,0.850,0,
1761,3,45,fog-54,1,fog,500.0,0.0000,0.0000,0,100.000,,0,0.9906,,0.850,0,
1762,3,45,fog-54,1,fog,600.0,0.0000,0.0000,0,100.000,,0,0.9888,,0.850,0,
1763,3,45,fog-54,1,fog,700.0,0.0000,0.0000,0,100.000,,0,0.9869,,0.850,0,
1764,3,45,fog-54,1,fog,800.0,0.0000,0.0000,0,100.000,,0,0.9850,,0.850,0,
1765,3,45,fog-54,1,fog,900.0,0.0000,0.0000,0,100.000,,0,0.9831,,0.850,0,
1766,3,45,fog-54,1,fog,1000.0,0.0000,0.0000,0,100.000,,0,0.9813,,0.850,0,
1767,3,45,fog-54,1,fog,1100.0,0.0000,0.0000,0,100.000,,0,0.9794,,0.850,0,
1768,3,45,fog-54,1,fog,1200.0,0.0000,0.0000,0,100.000,,0,0.9775,,0.850,0,
1769,3,45,fog-54,1,fog,1300.0,0.0000,0.0000,0,100.000,,0,0.9756,,0.850,0,
1770,3,45,fog-54,1,fog,1400.0,0.0000,0.0000,0,100.000,,0,0.9738,,0.850,0,
1771,3,45,fog-54,1,fog,1500.0,0.0000,0.0000,0,100.000,,0,0.9719,,0.850,0,
1772,3,45,fog-54,1,fog,1600.0,0.0000,0.0000,0,100.000,,0,0.9700,,0.850,0,
1773,3,45,fog-54,1,fog,1700.0,0.0000,0.0000,0,100.000,,0,0.9681,,0.850,0,
1774,3,45,fog-54,1,fog,1800.0,0.0000,0.0000,0,100.000,,0,0.9663,,0.850,0,
1775,3,45,fog-54,1,fog,1900.0,0.0000,0.0000,0,100.000,,0,0.9644,,0.850,0,
1776,3,45,fog-54,1,fog,2000.0,0.0000,0.0000,0,100.000,,0,0.9625,,0.850,0,
1777,3,45,fog-54,1,fog,2100.0,0.0000,0.0000,0,100.000,,0,0.9606,,0.850,0,
1778,3,45,fog-54,1,fog,2200.0,0.0000,0.0000,0,100.000,,0,0.9588,,0.850,0,
1779,3,45,fog-54,1,fog,2300.0,0.0000,0.0000,0,100.000,,0,0.9569,,0.850,0,
1780,3,45,fog-54,1,fog,2400.0,0.0000,0.0000,0,100.000,,0,0.9550,,0.850,0,
1781,3,45,fog-54,1,fog,2500.0,0.0000,0.0000,0,100.000,,0,0.9531,,0.850,0,
1782,3,45,fog-54,1,fog,2600.0,0.0000,0.0000,0,100.000,,0,0.9513,,0.850,0,
1783,3,45,fog-54,1,fog,2700.0,0.0000,0.0000,0,100.000,,0,0.9494,,0.850,0,
1784,3,45,fog-54,1,fog,2800.0,0.0000,0.0000,0,100.000,,0,0.9475,,0.850,0,
1785,3,45,fog-54,1,fog,2900.0,0.0000,0.0000,0,100.000,,0,0.9456,,0.850,0,
1786,3,45,fog-54,1,fog,3000.0,0.0000,0.0000,0,100.000,,0,0.9438,,0.850,0,
1787,3,45,fog-54,1,fog,3100.0,0.0000,0.0000,0,100.000,,0,0.9419,,0.850,0,
1788,3,45,fog-54,1,fog,3200.0,0.0000,0.0000,0,100.000,,0,0.9400,,0.850,0,
1789,3,45,fog-54,1,fog,3300.0,0.0000,0.0000,0,100.000,,0,0.9381,,0.850,0,
1790,3,45,fog-54,1,fog,3400.0,0.0000,0.0000,0,100.000,,0,0.9363,,0.850,0,
1791,3,45,fog-54,1,fog,3500.0,0.0000,0.0000,0,100.000,,0,0.9344,,0.850,0,
1792,3,45,fog-54,1,fog,3600.0,0.0000,0.0000,0,100.000,,0,0.9325,,0.850,0,
1793,3,45,fog-54,1,fog,3700.0,0.0000,0.0000,0,100.000,,0,0.9306,,0.850,0,
1794,3,45,fog-54,1,fog,3800.0,0.0000,0.0000,0,100.000,,0,0.9288,,0.850,0,
1795,3,45,fog-54,1,fog,3900.0,0.0000,0.0000,0,100.000,,0,0.9269,,0.850,0,
1796,3,45,fog-54,1,fog,4000.0,0.0000,0.0000,0,100.000,,0,0.9250,,0.850,0,
1797,3,45,fog-54,1,fog,4100.0,0.0000,0.0000,0,100.000,,0,0.9231,,0.850,0,
1798,3,45,fog-54,1,fog,4200.0,0.0000,0.0000,0,100.000,,0,0.9213,,0.850,0,
1799,3,45,fog-54,1,fog,4300.0,0.0000,0.0000,0,100.000,,0,0.9194,,0.850,0,
1800,3,45,fog-54,1,fog,4400.0,0.0000,0.0000,0,100.000,,0,0.9175,,0.850,0,
1801,3,45,fog-54,1,fog,4500.0,0.0000,0.0000,0,100.000,,0,0.9156,,0.850,0,
1802,3,45,fog-54,1,fog,4600.0,0.0000,0.0000,0,100.000,,0,0.9138,,0.850,0,
1803,3,45,fog-54,1,fog,4700.0,0.0000,0.0000,0,100.000,,0,0.9119,,0.850,0,
1804,3,45,fog-54,1,fog,4800.0,0.0000,0.0000,0,100.000,,0,0.9100,,0.850,0,
1805,3,45,fog-54,1,fog,4900.0,0.0000,0.0000,0,100.000,,0,0.9081,,0.850,0,
1806,3,45,fog-54,1,fog,5000.0,0.0000,0.0000,0,100.000,,0,0.9063,,0.850,0,
1807,3,46,fog-55,1,fog,0.0,0.0000,0.0000,0,100.000,,0,1.0000,,0.850,0,
1808,3,46,fog-55,1,fog,100.0,0.0000,0.0000,0,100.000,,0,0.9981,,0.850,0,
1809,3,46,fog-55,1,fog,200.0,0.0000,0.0000,0,100.000,,0,0.9963,,0.850,0,
1810,3,46,fog-55,1,fog,300.0,0.0000,0.0000,0,100.000,,0,0.9944,,0.850,0,
1811,3,46,fog-55,1,fog,400.0,0.0000,0.0000,0,100.000,,0,0.9925,,0.850,0,
1812,3,46,fog-55,1,fog,500.0,0.0000,0.0000,0,100.000,,0,0.9906,,0.850,0,
1813,3,46,fog-55,1,fog,600.0,0.0000,0.0000,0,100.000,,0,0.9888,,0.850,0,
1814,3,46,fog-55,1,fog,700.0,0.0000,0.0000,0,100.000,,0,0.9869,,0.850,0,
1815,3,46,fog-55,1,fog,800.0,0.0000,0.0000,0,100.000,,0,0.9850,,0.850,0,
1816,3,46,fog-55,1,fog,900.0,0.0000,0.0000,0,100.000,,0,0.9831,,0.850,0,
1817,3,46,fog-55,1,fog,1000.0,0.0000,0.0000,0,100.000,,0,0.9813,,0.850,0,
1818,3,46,fog-55,1,fog,1100.0,0.0000,0.0000,0,100.000,,0,0.9794,,0.850,0,
1819,3,46,fog-55,1,fog,1200.0,0.0000,0.0000,0,100.000,,0,0.9775,,0.850,0,
1820,3,46,fog-55,1,fog,1300.0,0.0000,0.0000,0,100.000,,0,0.9756,,0.850,0,
1821,3,46,fog-55,1,fog,1400.0,0.0000,0.0000,0,100.000,,0,0.9738,,0.850,0,
1822,3,46,fog-55,1,fog,1500.0,0.0000,0.0000,0,100.000,,0,0.9719,,0.850,0,
1823,3,46,fog-55,1,fog,1600.0,0.0000,0.0000,0,100.000,,0,0.9700,,0.850,0,
1824,3,46,fog-55,1,fog,1700.0,0.0000,0.0000,0,100.000,,0,0.9681,,0.850,0,
1825,3,46,fog-55,1,fog,1800.0,0.0000,0.0000,0,100.000,,0,0.9663,,0.850,0,
1826,3,46,fog-55,1,fog,1900.0,0.0000,0.0000,0,100.000,,0,0.9644,,0.850,0,
1827,3,46,fog-55,1,fog,2000.0,0.0000,0.0000,0,100.000,,0,0.9625,,0.850,0,
1828,3,46,fog-55,1,fog,2100.0,0.0000,0.0000,0,100.000,,0,0.9606,,0.850,0,
1829,3,46,fog-55,1,fog,2200.0,0.0000,0.0000,0,100.000,,0,0.9588,,0.850,0,
1830,3,46,fog-55,1,fog,2300.0,0.0000,0.0000,0,100.000,,0,0.9569,,0.850,0,
1831,3,46,fog-55,1,fog,2400.0,0.0000,0.0000,0,100.000,,0,0.9550,,0.850,0,
1832,3,46,fog-55,1,fog,2500.0,0.0000,0.0000,0,100.000,,0,0.9531,,0.850,0,
1833,3,46,fog-55,1,fog,2600.0,0.0000,0.0000,0,100.000,,0,0.9513,,0.850,0,
1834,3,46,fog-55,1,fog,2700.0,0.0000,0.0000,0,100.000,,0,0.9494,,0.850,0,
1835,3,46,fog-55,1,fog,2800.0,0.0000,0.0000,0,100.000,,0,0.9475,,0.850,0,
1836,3,46,fog-55,1,fog,2900.0,0.0000,0.0000,0,100.000,,0,0.9456,,0.850,0,
1837,3,46,fog-55,1,fog,3000.0,0.0000,0.0000,0,100.000,,0,0.9438,,0.850,0,
1838,3,46,fog-55,1,fog,3100.0,0.0000,0.0000,0,100.000,,0,0.9419,,0.850,0,
1839,3,46,fog-55,1,fog,3200.0,0.0000,0.0000,0,100.000,,0,0.9400,,0.850,0,
1840,3,46,fog-55,1,fog,3300.0,0.0000,0.0000,0,100.000,,0,0.9381,,0.850,0,
1841,3,46,fog-55,1,fog,3400.0,0.0000,0.0000,0,100.000,,0,0.9363,,0.850,0,
1842,3,46,fog-55,1,fog,3500.0,0.0000,0.0000,0,100.000,,0,0.9344,,0.850,0,
1843,3,46,fog-55,1,fog,3600.0,0.0000,0.0000,0,100.000,,0,0.9325,,0.850,0,
1844,3,46,fog-55,1,fog,3700.0,0.0000,0.0000,0,100.000,,0,0.9306,,0.850,0,
1845,3,46,fog-55,1,fog,3800.0,0.0000,0.0000,0,100.000,,0,0.9288,,0.850,0,
1846,3,46,fog-55,1,fog,3900.0,0.0000,0.0000,0,100.000,,0,0.9269,,0.850,0,
1847,3,46,fog-55,1,fog,4000.0,0.0000,0.0000,0,100.000,,0,0.9250,,0.850,0,
1848,3,46,fog-55,1,fog,4100.0,0.0000,0.0000,0,100.000,,0,0.9231,,0.850,0,
1849,3,46,fog-55,1,fog,4200.0,0.0000,0.0000,0,100.000,,0,0.9213,,0.850,0,
1850,3,46,fog-55,1,fog,4300.0,0.0000,0.0000,0,100.000,,0,0.9194,,0.850,0,
1851,3,46,fog-55,1,fog,4400.0,0.0000,0.0000,0,100.000,,0,0.9175,,0.850,0,
1852,3,46,fog-55,1,fog,4500.0,0.0000,0.0000,0,100.000,,0,0.9156,,0.850,0,
1853,3,46,fog-55,1,fog,4600.0,0.0000,0.0000,0,100.000,,0,0.9138,,0.850,0,
1854,3,46,fog-55,1,fog,4700.0,0.0000,0.0000,0,100.000,,0,0.9119,,0.850,0,
1855,3,46,fog-55,1,fog,4800.0,0.0000,0.0000,0,100.000,,0,0.9100,,0.850,0,
1856,3,46,fog-55,1,fog,4900.0,0.0000,0.0000,0,100.000,,0,0.9081,,0.850,0,
1857,3,46,fog-55,1,fog,5000.0,0.0000,0.0000,0,100.000,,0,0.9063,,0.850,0,
1858,3,47,fog-56,1,fog,0.0,0.0000,0.0000,0,100.000,,0,1.0000,,0.850,0,
1859,3,47,fog-56,1,fog,100.0,0.0000,0.0000,0,100.000,,0,0.9981,,0.850,0,
1860,3,47,fog-56,1,fog,200.0,0.0000,0.0000,0,100.000,,0,0.9963,,0.850,0,
1861,3,47,fog-56,1,fog,300.0,0.0000,0.0000,0,100.000,,0,0.9944,,0.850,0,
1862,3,47,fog-56,1,fog,400.0,0.0000,0.0000,0,100.000,,0,0.9925,,0.850,0,
1863,3,47,fog-56,1,fog,500.0,0.0000,0.0000,0,100.000,,0,0.9906,,0.850,0,
1864,3,47,fog-56,1,fog,600.0,0.0000,0.0000,0,100.000,,0,0.9888,,0.850,0,
1865,3,47,fog-56,1,fog,700.0,0.0000,0.0000,0,100.000,,0,0.9869,,0.850,0,
1866,3,47,fog-56,1,fog,800.0,0.0000,0.0000,0,100.000,,0,0.9850,,0.850,0,
1867,3,47,fog-56,1,fog,900.0,0.0000,0.0000,0,100.000,,0,0.9831,,0.850,0,
1868,3,47,fog-56,1,fog,1000.0,0.0000,0.0000,0,100.000,,0,0.9813,,0.850,0,
1869,3,47,fog-56,1,fog,1100.0,0.0000,0.0000,0,100.000,,0,0.9794,,0.850,0,
1870,3,47,fog-56,1,fog,1200.0,0.0000,0.0000,0,100.000,,0,0.9775,,0.850,0,
1871,3,47,fog-56,1,fog,1300.0,0.0000,0.0000,0,100.000,,0,0.9756,,0.850,0,
1872,3,47,fog-56,1,fog,1400.0,0.0000,0.0000,0,100.000,,0,0.9738,,0.850,0,
1873,3,47,fog-56,1,fog,1500.0,0.0000,0.0000,0,100.000,,0,0.9719,,0.850,0,
1874,3,47,fog-56,1,fog,1600.0,0.0000,0.0000,0,100.000,,0,0.9700,,0.850,0,
1875,3,47,fog-56,1,fog,1700.0,0.0000,0.0000,0,100.000,,0,0.9681,,0.850,0,
1876,3,47,fog-56,1,fog,1800.0,0.0000,0.0000,0,100.000,,0,0.9663,,0.850,0,
1877,3,47,fog-56,1,fog,1900.0,0.0000,0.0000,0,100.000,,0,0.9644,,0.850,0,
1878,3,47,fog-56,1,fog,2000.0,0.0000,0.0000,0,100.000,,0,0.9625,,0.850,0,
1879,3,47,fog-56,1,fog,2100.0,0.0000,0.0000,0,100.000,,0,0.9606,,0.850,0,
1880,3,47,fog-56,1,fog,2200.0,0.0000,0.0000,0,100.000,,0,0.9588,,0.850,0,
1881,3,47,fog-56,1,fog,2300.0,0.0000,0.0000,0,100.000,,0,0.9569,,0.850,0,
1882,3,47,fog-56,1,fog,2400.0,0.0000,0.0000,0,100.000,,0,0.9550,,0.850,0,
1883,3,47,fog-56,1,fog,2500.0,0.0000,0.0000,0,100.000,,0,0.9531,,0.850,0,
1884,3,47,fog-56,1,fog,2600.0,0.0000,0.0000,0,100.000,,0,0.9513,,0.850,0,
1885,3,47,fog-56,1,fog,2700.0,0.0000,0.0000,0,100.000,,0,0.9494,,0.850,0,
1886,3,47,fog-56,1,fog,2800.0,0.0000,0.0000,0,100.000,,0,0.9475,,0.850,0,
1887,3,47,fog-56,1,fog,2900.0,0.0000,0.0000,0,100.000,,0,0.9456,,0.850,0,
1888,3,47,fog-56,1,fog,3000.0,0.0000,0.0000,0,100.000,,0,0.9438,,0.850,0,
1889,3,47,fog-56,1,fog,3100.0,0.0000,0.0000,0,100.000,,0,0.9419,,0.850,0,
1890,3,47,fog-56,1,fog,3200.0,0.0000,0.0000,0,100.000,,0,0.9400,,0.850,0,
1891,3,47,fog-56,1,fog,3300.0,0.0000,0.0000,0,100.000,,0,0.9381,,0.850,0,
1892,3,47,fog-56,1,fog,3400.0,0.0000,0.0000,0,100.000,,0,0.9363,,0.850,0,
1893,3,47,fog-56,1,fog,3500.0,0.0000,0.0000,0,100.000,,0,0.9344,,0.850,0,
1894,3,47,fog-56,1,fog,3600.0,0.0000,0.0000,0,100.000,,0,0.9325,,0.850,0,
1895,3,47,fog-56,1,fog,3700.0,0.0000,0.0000,0,100.000,,0,0.9306,,0.850,0,
1896,3,47,fog-56,1,fog,3800.0,0.0000,0.0000,0,100.000,,0,0.9288,,0.850,0,
1897,3,47,fog-56,1,fog,3900.0,0.0000,0.0000,0,100.000,,0,0.9269,,0.850,0,
1898,3,47,fog-56,1,fog,4000.0,0.0000,0.0000,0,100.000,,0,0.9250,,0.850,0,
1899,3,47,fog-56,1,fog,4100.0,0.0000,0.0000,0,100.000,,0,0.9231,,0.850,0,
1900,3,47,fog-56,1,fog,4200.0,0.0000,0.0000,0,100.000,,0,0.9213,,0.850,0,
1901,3,47,fog-56,1,fog,4300.0,0.0000,0.0000,0,100.000,,0,0.9194,,0.850,0,
1902,3,47,fog-56,1,fog,4400.0,0.0000,0.0000,0,100.000,,0,0.9175,,0.850,0,
1903,3,47,fog-56,1,fog,4500.0,0.0000,0.0000,0,100.000,,0,0.9156,,0.850,0,
1904,3,47,fog-56,1,fog,4600.0,0.0000,0.0000,0,100.000,,0,0.9138,,0.850,0,
1905,3,47,fog-56,1,fog,4700.0,0.0000,0.0000,0,100.000,,0,0.9119,,0.850,0,
1906,3,47,fog-56,1,fog,4800.0,0.0000,0.0000,0,100.000,,0,0.9100,,0.850,0,
1907,3,47,fog-56,1,fog,4900.0,0.0000,0.0000,0,100.000,,0,0.9081,,0.850,0,
1908,3,47,fog-56,1,fog,5000.0,0.0000,0.0000,0,100.000,,0,0.9063,,0.850,0,
1909,3,48,fog-57,1,fog,0.0,0.0000,0.0000,0,100.000,,0,1.0000,,0.850,0,
1910,3,48,fog-57,1,fog,100.0,0.0000,0.0000,0,100.000,,0,0.9981,,0.850,0,
1911,3,48,fog-57,1,fog,200.0,0.0000,0.0000,0,100.000,,0,0.9963,,0.850,0,
1912,3,48,fog-57,1,fog,300.0,0.0000,0.0000,0,100.000,,0,0.9944,,0.850,0,
1913,3,48,fog-57,1,fog,400.0,0.0000,0.0000,0,100.000,,0,0.9925,,0.850,0,
1914,3,48,fog-57,1,fog,500.0,0.0000,0.0000,0,100.000,,0,0.9906,,0.850,0,
1915,3,48,fog-57,1,fog,600.0,0.0000,0.0000,0,100.000,,0,0.9888,,0.850,0,
1916,3,48,fog-57,1,fog,700.0,0.0000,0.0000,0,100.000,,0,0.9869,,0.850,0,
1917,3,48,fog-57,1,fog,800.0,0.0000,0.0000,0,100.000,,0,0.9850,,0.850,0,
1918,3,48,fog-57,1,fog,900.0,0.0000,0.0000,0,100.000,,0,0.9831,,0.850,0,
1919,3,48,fog-57,1,fog,1000.0,0.0000,0.0000,0,100.000,,0,0.9813,,0.850,0,
1920,3,48,fog-57,1,fog,1100.0,0.0000,0.0000,0,100.000,,0,0.9794,,0.850,0,
1921,3,48,fog-57,1,fog,1200.0,0.0000,0.0000,0,100.000,,0,0.9775,,0.850,0,
1922,3,48,fog-57,1,fog,1300.0,0.0000,0.0000,0,100.000,,0,0.9756,,0.850,0,
1923,3,48,fog-57,1,fog,1400.0,0.0000,0.0000,0,100.000,,0,0.9738,,0.850,0,
1924,3,48,fog-57,1,fog,1500.0,0.0000,0.0000,0,100.000,,0,0.9719,,0.850,0,
1925,3,48,fog-57,1,fog,1600.0,0.0000,0.0000,0,100.000,,0,0.9700,,0.850,0,
1926,3,48,fog-57,1,fog,1700.0,0.0000,0.0000,0,100.000,,0,0.9681,,0.850,0,
1927,3,48,fog-57,1,fog,1800.0,0.0000,0.0000,0,100.000,,0,0.9663,,0.850,0,
1928,3,48,fog-57,1,fog,1900.0,0.0000,0.0000,0,100.000,,0,0.9644,,0.850,0,
1929,3,48,fog-57,1,fog,2000.0,0.0000,0.0000,0,100.000,,0,0.9625,,0.850,0,
1930,3,48,fog-57,1,fog,2100.0,0.0000,0.0000,0,100.000,,0,0.9606,,0.850,0,
1931,3,48,fog-57,1,fog,2200.0,0.0000,0.0000,0,100.000,,0,0.9588,,0.850,0,
1932,3,48,fog-57,1,fog,2300.0,0.0000,0.0000,0,100.000,,0,0.9569,,0.850,0,
1933,3,48,fog-57,1,fog,2400.0,0.0000,0.0000,0,100.000,,0,0.9550,,0.850,0,
1934,3,48,fog-57,1,fog,2500.0,0.0000,0.0000,0,100.000,,0,0.9531,,0.850,0,
1935,3,48,fog-57,1,fog,2600.0,0.0000,0.0000,0,100.000,,0,0.9513,,0.850,0,
1936,3,48,fog-57,1,fog,2700.0,0.0000,0.0000,0,100.000,,0,0.9494,,0.850,0,
1937,3,48,fog-57,1,fog,2800.0,0.0000,0.0000,0,100.000,,0,0.9475,,0.850,0,
1938,3,48,fog-57,1,fog,2900.0,0.0000,0.0000,0,100.000,,0,0.9456,,0.850,0,
1939,3,48,fog-57,1,fog,3000.0,0.0000,0.0000,0,100.000,,0,0.9438,,0.850,0,
1940,3,48,fog-57,1,fog,3100.0,0.0000,0.0000,0,100.000,,0,0.9419,,0.850,0,
1941,3,48,fog-57,1,fog,3200.0,0.0000,0.0000,0,100.000,,0,0.9400,,0.850,0,
1942,3,48,fog-57,1,fog,3300.0,0.0000,0.0000,0,100.000,,0,0.9381,,0.850,0,
1943,3,48,fog-57,1,fog,3400.0,0.0000,0.0000,0,100.000,,0,0.9363,,0.850,0,
1944,3,48,fog-57,1,fog,3500.0,0.0000,0.0000,0,100.000,,0,0.9344,,0.850,0,
1945,3,48,fog-57,1,fog,3600.0,0.0000,0.0000,0,100.000,,0,0.9325,,0.850,0,
1946,3,48,fog-57,1,fog,3700.0,0.0000,0.0000,0,100.000,,0,0.9306,,0.850,0,
1947,3,48,fog-57,1,fog,3800.0,0.0000,0.0000,0,100.000,,0,0.9288,,0.850,0,
1948,3,48,fog-57,1,fog,3900.0,0.0000,0.0000,0,100.000,,0,0.9269,,0.850,0,
1949,3,48,fog-57,1,fog,4000.0,0.0000,0.0000,0,100.000,,0,0.9250,,0.850,0,
1950,3,48,fog-57,1,fog,4100.0,0.0000,0.0000,0,100.000,,0,0.9231,,0.850,0,
1951,3,48,fog-57,1,fog,4200.0,0.0000,0.0000,0,100.000,,0,0.9213,,0.850,0,
1952,3,48,fog-57,1,fog,4300.0,0.0000,0.0000,0,100.000,,0,0.9194,,0.850,0,
1953,3,48,fog-57,1,fog,4400.0,0.0000,0.0000,0,100.000,,0,0.9175,,0.850,0,
1954,3,48,fog-57,1,fog,4500.0,0.0000,0.0000,0,100.000,,0,0.9156,,0.850,0,
1955,3,48,fog-57,1,fog,4600.0,0.0000,0.0000,0,100.000,,0,0.9138,,0.850,0,
1956,3,48,fog-57,1,fog,4700.0,0.0000,0.0000,0,100.000,,0,0.9119,,0.850,0,
1957,3,48,fog-57,1,fog,4800.0,0.0000,0.0000,0,100.000,,0,0.9100,,0.850,0,
1958,3,48,fog-57,1,fog,4900.0,0.0000,0.0000,0,100.000,,0,0.9081,,0.850,0,
1959,3,48,fog-57,1,fog,5000.0,0.0000,0.0000,0,100.000,,0,0.9063,,0.850,0,
1960,3,49,fog-58,1,fog,0.0,0.0000,0.0000,0,100.000,,0,1.0000,,0.850,0,
1961,3,49,fog-58,1,fog,100.0,0.0000,0.0000,0,100.000,,0,0.9981,,0.850,0,
1962,3,49,fog-58,1,fog,200.0,0.0000,0.0000,0,100.000,,0,0.9963,,0.850,0,
1963,3,49,fog-58,1,fog,300.0,0.0000,0.0000,0,100.000,,0,0.9944,,0.850,0,
1964,3,49,fog-58,1,fog,400.0,0.0000,0.0000,0,100.000,,0,0.9925,,0.850,0,
1965,3,49,fog-58,1,fog,500.0,0.0000,0.0000,0,100.000,,0,0.9906,,0.850,0,
1966,3,49,fog-58,1,fog,600.0,0.0000,0.0000,0,100.000,,0,0.9888,,0.850,0,
1967,3,49,fog-58,1,fog,700.0,0.0000,0.0000,0,100.000,,0,0.9869,,0.850,0,
1968,3,49,fog-58,1,fog,800.0,0.0000,0.0000,0,100.000,,0,0.9850,,0.850,0,
1969,3,49,fog-58,1,fog,900.0,0.0000,0.0000,0,100.000,,0,0.9831,,0.850,0,
1970,3,49,fog-58,1,fog,1000.0,0.0000,0.0000,0,100.000,,0,0.9813,,0.850,0,
1971,3,49,fog-58,1,fog,1100.0,0.0000,0.0000,0,100.000,,0,0.9794,,0.850,0,
1972,3,49,fog-58,1,fog,1200.0,0.0000,0.0000,0,100.000,,0,0.9775,,0.850,0,
1973,3,49,fog-58,1,fog,1300.0,0.0000,0.0000,0,100.000,,0,0.9756,,0.850,0,
1974,3,49,fog-58,1,fog,1400.0,0.0000,0.0000,0,100.000,,0,0.9738,,0.850,0,
1975,3,49,fog-58,1,fog,1500.0,0.0000,0.0000,0,100.000,,0,0.9719,,0.850,0,
1976,3,49,fog-58,1,fog,1600.0,0.0000,0.0000,0,100.000,,0,0.9700,,0.850,0,
1977,3,49,fog-58,1,fog,1700.0,0.0000,0.0000,0,100.000,,0,0.9681,,0.850,0,
1978,3,49,fog-58,1,fog,1800.0,0.0000,0.0000,0,100.000,,0,0.9663,,0.850,0,
1979,3,49,fog-58,1,fog,1900.0,0.0000,0.0000,0,100.000,,0,0.9644,,0.850,0,
1980,3,49,fog-58,1,fog,2000.0,0.0000,0.0000,0,100.000,,0,0.9625,,0.850,0,
1981,3,49,fog-58,1,fog,2100.0,0.0000,0.0000,0,100.000,,0,0.9606,,0.850,0,
1982,3,49,fog-58,1,fog,2200.0,0.0000,0.0000,0,100.000,,0,0.9588,,0.850,0,
1983,3,49,fog-58,1,fog,2300.0,0.0000,0.0000,0,100.000,,0,0.9569,,0.850,0,
1984,3,49,fog-58,1,fog,2400.0,0.0000,0.0000,0,100.000,,0,0.9550,,0.850,0,
1985,3,49,fog-58,1,fog,2500.0,0.0000,0.0000,0,100.000,,0,0.9531,,0.850,0,
1986,3,49,fog-58,1,fog,2600.0,0.0000,0.0000,0,100.000,,0,0.9513,,0.850,0,
1987,3,49,fog-58,1,fog,2700.0,0.0000,0.0000,0,100.000,,0,0.9494,,0.850,0,
1988,3,49,fog-58,1,fog,2800.0,0.0000,0.0000,0,100.000,,0,0.9475,,0.850,0,
1989,3,49,fog-58,1,fog,2900.0,0.0000,0.0000,0,100.000,,0,0.9456,,0.850,0,
1990,3,49,fog-58,1,fog,3000.0,0.0000,0.0000,0,100.000,,0,0.9438,,0.850,0,
1991,3,49,fog-58,1,fog,3100.0,0.0000,0.0000,0,100.000,,0,0.9419,,0.850,0,
1992,3,49,fog-58,1,fog,3200.0,0.0000,0.0000,0,100.000,,0,0.9400,,0.850,0,
1993,3,49,fog-58,1,fog,3300.0,0.0000,0.0000,0,100.000,,0,0.9381,,0.850,0,
1994,3,49,fog-58,1,fog,3400.0,0.0000,0.0000,0,100.000,,0,0.9363,,0.850,0,
1995,3,49,fog-58,1,fog,3500.0,0.0000,0.0000,0,100.000,,0,0.9344,,0.850,0,
1996,3,49,fog-58,1,fog,3600.0,0.0000,0.0000,0,100.000,,0,0.9325,,0.850,0,
1997,3,49,fog-58,1,fog,3700.0,0.0000,0.0000,0,100.000,,0,0.9306,,0.850,0,
1998,3,49,fog-58,1,fog,3800.0,0.0000,0.0000,0,100.000,,0,0.9288,,0.850,0,
1999,3,49,fog-58,1,fog,3900.0,0.0000,0.0000,0,100.000,,0,0.9269,,0.850,0,
2000,3,49,fog-58,1,fog,4000.0,0.0000,0.0000,0,100.000,,0,0.9250,,0.850,0,
2001,3,49,fog-58,1,fog,4100.0,0.0000,0.0000,0,100.000,,0,0.9231,,0.850,0,
2002,3,49,fog-58,1,fog,4200.0,0.0000,0.0000,0,100.000,,0,0.9213,,0.850,0,
2003,3,49,fog-58,1,fog,4300.0,0.0000,0.0000,0,100.000,,0,0.9194,,0.850,0,
2004,3,49,fog-58,1,fog,4400.0,0.0000,0.0000,0,100.000,,0,0.9175,,0.850,0,
2005,3,49,fog-58,1,fog,4500.0,0.0000,0.0000,0,100.000,,0,0.9156,,0.850,0,
2006,3,49,fog-58,1,fog,4600.0,0.0000,0.0000,0,100.000,,0,0.9138,,0.850,0,
2007,3,49,fog-58,1,fog,4700.0,0.0000,0.0000,0,100.000,,0,0.9119,,0.850,0,
2008,3,49,fog-58,1,fog,4800.0,0.0000,0.0000,0,100.000,,0,0.9100,,0.850,0,
2009,3,49,fog-58,1,fog,4900.0,0.0000,0.0000,0,100.000,,0,0.9081,,0.850,0,
2010,3,49,fog-58,1,fog,5000.0,0.0000,0.0000,0,100.000,,0,0.9063,,0.850,0,
2011,3,50,fog-59,1,fog,0.0,0.0000,0.0000,0,100.000,,0,1.0000,,0.850,0,
2012,3,50,fog-59,1,fog,100.0,0.0000,0.0000,0,100.000,,0,0.9981,,0.850,0,
2013,3,50,fog-59,1,fog,200.0,0.0000,0.0000,11,100.500,0.0000,0,0.9963,,0.850,0,
2014,3,50,fog-59,1,fog,300.0,0.0000,0.0000,9,100.450,0.2940,0,0.9944,,0.850,0,
2015,3,50,fog-59,1,fog,400.0,0.0000,0.0000,0,100.000,,0,0.9925,,0.850,0,
2016,3,50,fog-59,1,fog,500.0,0.0000,0.0000,9,100.450,0.2940,0,0.9906,,0.850,0,
2017,3,50,fog-59,1,fog,600.0,0.0000,0.0000,0,100.000,,0,0.9888,,0.850,0,
2018,3,50,fog-59,1,fog,700.0,0.0000,0.0000,0,100.000,,0,0.9869,,0.850,0,
2019,3,50,fog-59,1,fog,800.0,0.0000,0.0000,0,100.000,,0,0.9850,,0.850,0,
2020,3,50,fog-59,1,fog,900.0,0.0000,0.0000,11,100.500,0.0000,0,0.9831,,0.850,0,
2021,3,50,fog-59,1,fog,1000.0,0.0000,0.0000,9,100.450,0.2940,0,0.9813,,0.850,0,
2022,3,50,fog-59,1,fog,1100.0,0.0000,0.0000,29,100.950,0.9746,0,0.9794,,0.850,0,
2023,3,50,fog-59,1,fog,1200.0,0.0000,0.0000,0,100.000,,0,0.9775,,0.850,0,
2024,3,50,fog-59,1,fog,1300.0,0.0000,0.0000,0,100.000,,0,0.9756,,0.850,0,
2025,3,50,fog-59,1,fog,1400.0,0.0000,0.0000,0,100.000,,0,0.9738,,0.850,0,
2026,3,50,fog-59,1,fog,1500.0,0.0000,0.0000,0,100.000,,0,0.9719,,0.850,0,
2027,3,50,fog-59,1,fog,1600.0,0.0000,0.0000,0,100.000,,0,0.9700,,0.850,0,
2028,3,50,fog-59,1,fog,1700.0,0.0000,0.0000,0,100.000,,0,0.9681,,0.850,0,
2029,3,50,fog-59,1,fog,1800.0,0.0000,0.0000,7,100.350,0.3536,0,0.9663,,0.850,0,
2030,3,50,fog-59,1,fog,1900.0,0.0000,0.0000,0,100.000,,0,0.9644,,0.850,0,
2031,3,50,fog-59,1,fog,2000.0,0.0000,0.0000,0,100.000,,0,0.9625,,0.850,0,
2032,3,50,fog-59,1,fog,2100.0,0.0000,0.0000,0,100.000,,0,0.9606,,0.850,0,
2033,3,50,fog-59,1,fog,2200.0,0.0000,0.0000,0,100.000,,0,0.9588,,0.850,0,
2034,3,50,fog-59,1,fog,2300.0,0.0000,0.0000,0,100.000,,0,0.9569,,0.850,0,
2035,3,50,fog-59,1,fog,2400.0,0.0000,0.0000,0,100.000,,0,0.9550,,0.850,0,
2036,3,50,fog-59,1,fog,2500.0,0.0000,0.0000,0,100.000,,0,0.9531,,0.850,0,
2037,3,50,fog-59,1,fog,2600.0,0.0000,0.0000,0,100.000,,0,0.9513,,0.850,0,
2038,3,50,fog-59,1,fog,2700.0,0.0000,0.0000,8,100.400,0.5443,0,0.9494,,0.850,0,
2039,3,50,fog-59,1,fog,2800.0,0.0000,0.0000,9,100.450,0.0000,0,0.9475,,0.850,0,
2040,3,50,fog-59,1,fog,2900.0,0.0000,0.0000,0,100.000,,0,0.9456,,0.850,0,
2041,3,50,fog-59,1,fog,3000.0,0.0000,0.0000,9,100.450,0.2940,0,0.9438,,0.850,0,
2042,3,50,fog-59,1,fog,3100.0,0.0000,0.0000,0,100.000,,0,0.9419,,0.850,0,
2043,3,50,fog-59,1,fog,3200.0,0.0000,0.0000,11,100.500,0.0000,0,0.9400,,0.850,0,
2044,3,50,fog-59,1,fog,3300.0,0.0000,0.0000,29,100.950,0.9746,0,0.9381,,0.850,0,
2045,3,50,fog-59,1,fog,3400.0,0.0000,0.0000,0,100.000,,0,0.9363,,0.850,0,
2046,3,50,fog-59,1,fog,3500.0,0.0000,0.0000,0,100.000,,0,0.9344,,0.850,0,
2047,3,50,fog-59,1,fog,3600.0,0.0000,0.0000,0,100.000,,0,0.9325,,0.850,0,
2048,3,50,fog-59,1,fog,3700.0,0.0000,0.0000,7,100.350,0.5590,0,0.9306,,0.850,0,
2049,3,50,fog-59,1,fog,3800.0,0.0000,0.0000,29,100.950,0.9808,0,0.9288,,0.850,0,
2050,3,50,fog-59,1,fog,3900.0,0.0000,0.0000,0,100.000,,0,0.9269,,0.850,0,
2051,3,50,fog-59,1,fog,4000.0,0.0000,0.0000,0,100.000,,0,0.9250,,0.850,0,
2052,3,50,fog-59,1,fog,4100.0,0.0000,0.0000,29,100.950,1.0000,0,0.9231,,0.850,0,
2053,3,50,fog-59,1,fog,4200.0,0.0000,0.0000,29,100.950,1.0000,0,0.9213,,0.850,0,
2054,3,50,fog-59,1,fog,4300.0,0.0000,0.0000,0,100.000,,0,0.9194,,0.850,0,
2055,3,50,fog-59,1,fog,4400.0,0.0000,0.0000,0,100.000,,0,0.9175,,0.850,0,
2056,3,50,fog-59,1,fog,4500.0,0.0000,0.0000,0,100.000,,0,0.9156,,0.850,0,
2057,3,50,fog-59,1,fog,4600.0,0.0000,0.0000,0,100.000,,0,0.9138,,0.850,0,
2058,3,50,fog-59,1,fog,4700.0,0.0000,0.0000,0,100.000,,0,0.9119,,0.850,0,
2059,3,50,fog-59,1,fog,4800.0,0.0000,0.0000,0,100.000,,0,0.9100,,0.850,0,
2060,3,50,fog-59,1,fog,4900.0,0.0000,0.0000,0,100.000,,0,0.9081,,0.850,0,
2061,3,50,fog-59,1,fog,5000.0,0.0000,0.0000,0,100.000,,0,0.9063,,0.850,0,
2062,3,51,fog-60,1,fog,0.0,0.0000,0.0000,0,100.000,,0,1.0000,,0.850,0,
2063,3,51,fog-60,1,fog,100.0,0.0000,0.0000,0,100.000,,0,0.9981,,0.850,0,
2064,3,51,fog-60,1,fog,200.0,0.0000,0.0000,0,100.000,,0,0.9963,,0.850,0,
2065,3,51,fog-60,1,fog,300.0,0.0000,0.0000,0,100.000,,0,0.9944,,0.850,0,
2066,3,51,fog-60,1,fog,400.0,0.0000,0.0000,0,100.000,,0,0.9925,,0.850,0,
2067,3,51,fog-60,1,fog,500.0,0.0000,0.0000,0,100.000,,0,0.9906,,0.850,0,
2068,3,51,fog-60,1,fog,600.0,0.0000,0.0000,0,100.000,,0,0.9888,,0.850,0,
2069,3,51,fog-60,1,fog,700.0,0.0000,0.0000,0,100.000,,0,0.9869,,0.850,0,
2070,3,51,fog-60,1,fog,800.0,0.0000,0.0000,0,100.000,,0,0.9850,,0.850,0,
2071,3,51,fog-60,1,fog,900.0,0.0000,0.0000,0,100.000,,0,0.9831,,0.850,0,
2072,3,51,fog-60,1,fog,1000.0,0.0000,0.0000,0,100.000,,0,0.9813,,0.850,0,
2073,3,51,fog-60,1,fog,1100.0,0.0000,0.0000,0,100.000,,0,0.9794,,0.850,0,
2074,3,51,fog-60,1,fog,1200.0,0.0000,0.0000,0,100.000,,0,0.9775,,0.850,0,
2075,3,51,fog-60,1,fog,1300.0,0.0000,0.0000,0,100.000,,0,0.9756,,0.850,0,
2076,3,51,fog-60,1,fog,1400.0,0.0000,0.0000,0,100.000,,0,0.9738,,0.850,0,
2077,3,51,fog-60,1,fog,1500.0,0.0000,0.0000,0,100.000,,0,0.9719,,0.850,0,
2078,3,51,fog-60,1,fog,1600.0,0.0000,0.0000,0,100.000,,0,0.9700,,0.850,0,
2079,3,51,fog-60,1,fog,1700.0,0.0000,0.0000,0,100.000,,0,0.9681,,0.850,0,
2080,3,51,fog-60,1,fog,1800.0,0.0000,0.0000,0,100.000,,0,0.9663,,0.850,0,
2081,3,51,fog-60,1,fog,1900.0,0.0000,0.0000,0,100.000,,0,0.9644,,0.850,0,
2082,3,51,fog-60,1,fog,2000.0,0.0000,0.0000,0,100.000,,0,0.9625,,0.850,0,
2083,3,51,fog-60,1,fog,2100.0,0.0000,0.0000,0,100.000,,0,0.9606,,0.850,0,
2084,3,51,fog-60,1,fog,2200.0,0.0000,0.0000,0,100.000,,0,0.9588,,0.850,0,
2085,3,51,fog-60,1,fog,2300.0,0.0000,0.0000,0,100.000,,0,0.9569,,0.850,0,
2086,3,51,fog-60,1,fog,2400.0,0.0000,0.0000,0,100.000,,0,0.9550,,0.850,0,
2087,3,51,fog-60,1,fog,2500.0,0.0000,0.0000,0,100.000,,0,0.9531,,0.850,0,
2088,3,51,fog-60,1,fog,2600.0,0.0000,0.0000,0,100.000,,0,0.9513,,0.850,0,
2089,3,51,fog-60,1,fog,2700.0,0.0000,0.0000,0,100.000,,0,0.9494,,0.850,0,
2090,3,51,fog-60,1,fog,2800.0,0.0000,0.0000,0,100.000,,0,0.9475,,0.850,0,
2091,3,51,fog-60,1,fog,2900.0,0.0000,0.0000,0,100.000,,0,0.9456,,0.850,0,
2092,3,51,fog-60,1,fog,3000.0,0.0000,0.0000,0,100.000,,0,0.9438,,0.850,0,
2093,3,51,fog-60,1,fog,3100.0,0.0000,0.0000,0,100.000,,0,0.9419,,0.850,0,
2094,3,51,fog-60,1,fog,3200.0,0.0000,0.0000,0,100.000,,0,0.9400,,0.850,0,
2095,3,51,fog-60,1,fog,3300.0,0.0000,0.0000,0,100.000,,0,0.9381,,0.850,0,
2096,3,51,fog-60,1,fog,3400.0,0.0000,0.0000,0,100.000,,0,0.9363,,0.850,0,
2097,3,51,fog-60,1,fog,3500.0,0.0000,0.0000,0,100.000,,0,0.9344,,0.850,0,
2098,3,51,fog-60,1,fog,3600.0,0.0000,0.0000,0,100.000,,0,0.9325,,0.850,0,
2099,3,51,fog-60,1,fog,3700.0,0.0000,0.0000,0,100.000,,0,0.9306,,0.850,0,
2100,3,51,fog-60,1,fog,3800.0,0.0000,0.0000,0,100.000,,0,0.9288,,0.850,0,
2101,3,51,fog-60,1,fog,3900.0,0.0000,0.0000,0,100.000,,0,0.9269,,0.850,0,
2102,3,51,fog-60,1,fog,4000.0,0.0000,0.0000,0,100.000,,0,0.9250,,0.850,0,
2103,3,51,fog-60,1,fog,4100.0,0.0000,0.0000,0,100.000,,0,0.9231,,0.850,0,
2104,3,51,fog-60,1,fog,4200.0,0.0000,0.0000,0,100.000,,0,0.9213,,0.850,0,
2105,3,51,fog-60,1,fog,4300.0,0.0000,0.0000,0,100.000,,0,0.9194,,0.850,0,
2106,3,51,fog-60,1,fog,4400.0,0.0000,0.0000,0,100.000,,0,0.9175,,0.850,0,
2107,3,51,fog-60,1,fog,4500.0,0.0000,0.0000,0,100.000,,0,0.9156,,0.850,0,
2108,3,51,fog-60,1,fog,4600.0,0.0000,0.0000,0,100.000,,0,0.9138,,0.850,0,
2109,3,51,fog-60,1,fog,4700.0,0.0000,0.0000,0,100.000,,0,0.9119,,0.850,0,
2110,3,51,fog-60,1,fog,4800.0,0.0000,0.0000,0,100.000,,0,0.9100,,0.850,0,
2111,3,51,fog-60,1,fog,4900.0,0.0000,0.0000,0,100.000,,0,0.9081,,0.850,0,
2112,3,51,fog-60,1,fog,5000.0,0.0000,0.0000,0,100.000,,0,0.9063,,0.850,0,
2113,3,52,fog-61,1,fog,0.0,0.0000,0.0000,0,100.000,,0,1.0000,,0.850,0,
2114,3,52,fog-61,1,fog,100.0,0.0000,0.0000,8,100.400,1.0000,0,0.9981,,0.850,0,
2115,3,52,fog-61,1,fog,200.0,0.0000,0.0000,45,101.350,1.0000,0,0.9963,,0.850,0,
2116,3,52,fog-61,1,fog,300.0,0.0000,0.0000,63,101.800,1.0000,0,0.9944,,0.850,0,
2117,3,52,fog-61,1,fog,400.0,0.0000,0.0000,47,101.400,1.0000,0,0.9925,,0.850,0,
2118,3,52,fog-61,1,fog,500.0,0.0000,0.0000,45,101.350,1.0000,0,0.9906,,0.850,0,
2119,3,52,fog-61,1,fog,600.0,0.0000,0.0000,29,100.950,0.9847,0,0.9888,,0.850,0,
2120,3,52,fog-61,1,fog,700.0,0.0000,0.0000,11,100.500,0.0000,0,0.9869,,0.850,0,
2121,3,52,fog-61,1,fog,800.0,0.0000,0.0000,45,101.350,1.0000,0,0.9850,,0.850,0,
2122,3,52,fog-61,1,fog,900.0,0.0000,0.0000,47,101.400,1.0000,0,0.9831,,0.850,0,
2123,3,52,fog-61,1,fog,1000.0,0.0000,0.0000,0,100.000,,0,0.9813,,0.850,0,
2124,3,52,fog-61,1,fog,1100.0,0.0000,0.0000,0,100.000,,0,0.9794,,0.850,0,
2125,3,52,fog-61,1,fog,1200.0,0.0000,0.0000,45,101.350,1.0000,0,0.9775,,0.850,0,
2126,3,52,fog-61,1,fog,1300.0,0.0000,0.0000,0,100.000,,0,0.9756,,0.850,0,
2127,3,52,fog-61,1,fog,1400.0,0.0000,0.0000,0,100.000,,0,0.9738,,0.850,0,
2128,3,52,fog-61,1,fog,1500.0,0.0000,0.0000,9,100.450,0.2940,0,0.9719,,0.850,0,
2129,3,52,fog-61,1,fog,1600.0,0.0000,0.0000,45,101.350,1.0000,0,0.9700,,0.850,0,
2130,3,52,fog-61,1,fog,1700.0,0.0000,0.0000,67,101.900,1.0000,0,0.9681,,0.850,0,
2131,3,52,fog-61,1,fog,1800.0,0.0000,0.0000,27,100.900,0.9321,0,0.9663,,0.850,0,
2132,3,52,fog-61,1,fog,1900.0,0.0000,0.0000,51,101.500,1.0000,0,0.9644,,0.850,0,
2133,3,52,fog-61,1,fog,2000.0,0.0000,0.0000,29,100.950,0.9964,0,0.9625,,0.850,0,
2134,3,52,fog-61,1,fog,2100.0,0.0000,0.0000,11,100.500,0.0000,0,0.9606,,0.850,0,
2135,3,52,fog-61,1,fog,2200.0,0.0000,0.0000,25,100.850,0.8684,0,0.9588,,0.850,0,
2136,3,52,fog-61,1,fog,2300.0,0.0000,0.0000,0,100.000,,0,0.9569,,0.850,0,
2137,3,52,fog-61,1,fog,2400.0,0.0000,0.0000,29,100.950,0.9923,0,0.9550,,0.850,0,
2138,3,52,fog-61,1,fog,2500.0,0.0000,0.0000,25,100.850,0.8701,0,0.9531,,0.850,0,
2139,3,52,fog-61,1,fog,2600.0,0.0000,0.0000,0,100.000,,0,0.9513,,0.850,0,
2140,3,52,fog-61,1,fog,2700.0,0.0000,0.0000,27,100.900,0.9423,0,0.9494,,0.850,0,
2141,3,52,fog-61,1,fog,2800.0,0.0000,0.0000,0,100.000,,0,0.9475,,0.850,0,
2142,3,52,fog-61,1,fog,2900.0,0.0000,0.0000,27,100.900,0.9428,0,0.9456,,0.850,0,
2143,3,52,fog-61,1,fog,3000.0,0.0000,0.0000,9,100.450,0.0000,0,0.9438,,0.850,0,
2144,3,52,fog-61,1,fog,3100.0,0.0000,0.0000,8,100.400,0.5443,0,0.9419,,0.850,0,
2145,3,52,fog-61,1,fog,3200.0,0.0000,0.0000,9,100.450,0.2940,0,0.9400,,0.850,0,
2146,3,52,fog-61,1,fog,3300.0,0.0000,0.0000,11,100.500,0.0000,0,0.9381,,0.850,0,
2147,3,52,fog-61,1,fog,3400.0,0.0000,0.0000,31,101.000,1.0000,0,0.9363,,0.850,0,
2148,3,52,fog-61,1,fog,3500.0,0.0000,0.0000,0,100.000,,0,0.9344,,0.850,0,
2149,3,52,fog-61,1,fog,3600.0,0.0000,0.0000,0,100.000,,0,0.9325,,0.850,0,
2150,3,52,fog-61,1,fog,3700.0,0.0000,0.0000,31,101.000,1.0000,0,0.9306,,0.850,0,
2151,3,52,fog-61,1,fog,3800.0,0.0000,0.0000,8,100.400,0.5443,0,0.9288,,0.850,0,
2152,3,52,fog-61,1,fog,3900.0,0.0000,0.0000,9,100.450,0.0000,0,0.9269,,0.850,0,
2153,3,52,fog-61,1,fog,4000.0,0.0000,0.0000,29,100.950,0.9794,0,0.9250,,0.850,0,
2154,3,52,fog-61,1,fog,4100.0,0.0000,0.0000,8,100.400,0.5443,0,0.9231,,0.850,0,
2155,3,52,fog-61,1,fog,4200.0,0.0000,0.0000,0,100.000,,0,0.9213,,0.850,0,
2156,3,52,fog-61,1,fog,4300.0,0.0000,0.0000,7,100.350,0.3536,0,0.9194,,0.850,0,
2157,3,52,fog-61,1,fog,4400.0,0.0000,0.0000,9,100.450,0.2940,0,0.9175,,0.850,0,
2158,3,52,fog-61,1,fog,4500.0,0.0000,0.0000,9,100.450,0.2940,0,0.9156,,0.850,0,
2159,3,52,fog-61,1,fog,4600.0,0.0000,0.0000,0,100.000,,0,0.9138,,0.850,0,
2160,3,52,fog-61,1,fog,4700.0,0.0000,0.0000,0,100.000,,0,0.9119,,0.850,0,
2161,3,52,fog-61,1,fog,4800.0,0.0000,0.0000,45,101.350,1.0000,0,0.9100,,0.850,0,
2162,3,52,fog-61,1,fog,4900.0,0.0000,0.0000,45,101.350,1.0000,0,0.9081,,0.850,0,
2163,3,52,fog-61,1,fog,5000.0,0.0000,0.0000,11,100.500,0.0000,0,0.9063,,0.850,0,
2164,3,53,fog-62,1,fog,0.0,0.0000,0.0000,0,100.000,,0,1.0000,,0.850,0,
2165,3,53,fog-62,1,fog,100.0,0.0000,0.0000,0,100.000,,0,0.9981,,0.850,0,
2166,3,53,fog-62,1,fog,200.0,0.0000,0.0000,0,100.000,,0,0.9963,,0.850,0,
2167,3,53,fog-62,1,fog,300.0,0.0000,0.0000,0,100.000,,0,0.9944,,0.850,0,
2168,3,53,fog-62,1,fog,400.0,0.0000,0.0000,0,100.000,,0,0.9925,,0.850,0,
2169,3,53,fog-62,1,fog,500.0,0.0000,0.0000,0,100.000,,0,0.9906,,0.850,0,
2170,3,53,fog-62,1,fog,600.0,0.0000,0.0000,0,100.000,,0,0.9888,,0.850,0,
2171,3,53,fog-62,1,fog,700.0,0.0000,0.0000,0,100.000,,0,0.9869,,0.850,0,
2172,3,53,fog-62,1,fog,800.0,0.0000,0.0000,0,100.000,,0,0.9850,,0.850,0,
2173,3,53,fog-62,1,fog,900.0,0.0000,0.0000,0,100.000,,0,0.9831,,0.850,0,
2174,3,53,fog-62,1,fog,1000.0,0.0000,0.0000,0,100.000,,0,0.9813,,0.850,0,
2175,3,53,fog-62,1,fog,1100.0,0.0000,0.0000,0,100.000,,0,0.9794,,0.850,0,
2176,3,53,fog-62,1,fog,1200.0,0.0000,0.0000,0,100.000,,0,0.9775,,0.850,0,
2177,3,53,fog-62,1,fog,1300.0,0.0000,0.0000,0,100.000,,0,0.9756,,0.850,0,
2178,3,53,fog-62,1,fog,1400.0,0.0000,0.0000,0,100.000,,0,0.9738,,0.850,0,
2179,3,53,fog-62,1,fog,1500.0,0.0000,0.0000,0,100.000,,0,0.9719,,0.850,0,
2180,3,53,fog-62,1,fog,1600.0,0.0000,0.0000,0,100.000,,0,0.9700,,0.850,0,
2181,3,53,fog-62,1,fog,1700.0,0.0000,0.0000,0,100.000,,0,0.9681,,0.850,0,
2182,3,53,fog-62,1,fog,1800.0,0.0000,0.0000,0,100.000,,0,0.9663,,0.850,0,
2183,3,53,fog-62,1,fog,1900.0,0.0000,0.0000,0,100.000,,0,0.9644,,0.850,0,
2184,3,53,fog-62,1,fog,2000.0,0.0000,0.0000,0,100.000,,0,0.9625,,0.850,0,
2185,3,53,fog-62,1,fog,2100.0,0.0000,0.0000,0,100.000,,0,0.9606,,0.850,0,
2186,3,53,fog-62,1,fog,2200.0,0.0000,0.0000,0,100.000,,0,0.9588,,0.850,0,
2187,3,53,fog-62,1,fog,2300.0,0.0000,0.0000,0,100.000,,0,0.9569,,0.850,0,
2188,3,53,fog-62,1,fog,2400.0,0.0000,0.0000,0,100.000,,0,0.9550,,0.850,0,
2189,3,53,fog-62,1,fog,2500.0,0.0000,0.0000,0,100.000,,0,0.9531,,0.850,0,
2190,3,53,fog-62,1,fog,2600.0,0.0000,0.0000,0,100.000,,0,0.9513,,0.850,0,
2191,3,53,fog-62,1,fog,2700.0,0.0000,0.0000,0,100.000,,0,0.9494,,0.850,0,
2192,3,53,fog-62,1,fog,2800.0,0.0000,0.0000,0,100.000,,0,0.9475,,0.850,0,
2193,3,53,fog-62,1,fog,2900.0,0.0000,0.0000,0,100.000,,0,0.9456,,0.850,0,
2194,3,53,fog-62,1,fog,3000.0,0.0000,0.0000,0,100.000,,0,0.9438,,0.850,0,
2195,3,53,fog-62,1,fog,3100.0,0.0000,0.0000,0,100.000,,0,0.9419,,0.850,0,
2196,3,53,fog-62,1,fog,3200.0,0.0000,0.0000,0,100.000,,0,0.9400,,0.850,0,
2197,3,53,fog-62,1,fog,3300.0,0.0000,0.0000,0,100.000,,0,0.9381,,0.850,0,
2198,3,53,fog-62,1,fog,3400.0,0.0000,0.0000,0,100.000,,0,0.9363,,0.850,0,
2199,3,53,fog-62,1,fog,3500.0,0.0000,0.0000,0,100.000,,0,0.9344,,0.850,0,
2200,3,53,fog-62,1,fog,3600.0,0.0000,0.0000,0,100.000,,0,0.9325,,0.850,0,
2201,3,53,fog-62,1,fog,3700.0,0.0000,0.0000,0,100.000,,0,0.9306,,0.850,0,
2202,3,53,fog-62,1,fog,3800.0,0.0000,0.0000,0,100.000,,0,0.9288,,0.850,0,
2203,3,53,fog-62,1,fog,3900.0,0.0000,0.0000,0,100.000,,0,0.9269,,0.850,0,
2204,3,53,fog-62,1,fog,4000.0,0.0000,0.0000,0,100.000,,0,0.9250,,0.850,0,
2205,3,53,fog-62,1,fog,4100.0,0.0000,0.0000,0,100.000,,0,0.9231,,0.850,0,
2206,3,53,fog-62,1,fog,4200.0,0.0000,0.0000,0,100.000,,0,0.9213,,0.850,0,
2207,3,53,fog-62,1,fog,4300.0,0.0000,0.0000,0,100.000,,0,0.9194,,0.850,0,
2208,3,53,fog-62,1,fog,4400.0,0.0000,0.0000,0,100.000,,0,0.9175,,0.850,0,
2209,3,53,fog-62,1,fog,4500.0,0.0000,0.0000,0,100.000,,0,0.9156,,0.850,0,
2210,3,53,fog-62,1,fog,4600.0,0.0000,0.0000,0,100.000,,0,0.9138,,0.850,0,
2211,3,53,fog-62,1,fog,4700.0,0.0000,0.0000,0,100.000,,0,0.9119,,0.850,0,
2212,3,53,fog-62,1,fog,4800.0,0.0000,0.0000,0,100.000,,0,0.9100,,0.850,0,
2213,3,53,fog-62,1,fog,4900.0,0.0000,0.0000,0,100.000,,0,0.9081,,0.850,0,
2214,3,53,fog-62,1,fog,5000.0,0.0000,0.0000,0,100.000,,0,0.9063,,0.850,0,
2215,3,54,fog-63,1,fog,0.0,0.0000,0.0000,0,100.000,,0,1.0000,,0.850,0,
2216,3,54,fog-63,1,fog,100.0,0.0000,0.0000,4,100.200,0.0000,0,0.9981,,0.850,0,
2217,3,54,fog-63,1,fog,200.0,0.0000,0.0000,0,100.000,,0,0.9963,,0.850,0,
2218,3,54,fog-63,1,fog,300.0,0.0000,0.0000,0,100.000,,0,0.9944,,0.850,0,
2219,3,54,fog-63,1,fog,400.0,0.0000,0.0000,0,100.000,,0,0.9925,,0.850,0,
2220,3,54,fog-63,1,fog,500.0,0.0000,0.0000,0,100.000,,0,0.9906,,0.850,0,
2221,3,54,fog-63,1,fog,600.0,0.0000,0.0000,0,100.000,,0,0.9888,,0.850,0,
2222,3,54,fog-63,1,fog,700.0,0.0000,0.0000,0,100.000,,0,0.9869,,0.850,0,
2223,3,54,fog-63,1,fog,800.0,0.0000,0.0000,0,100.000,,0,0.9850,,0.850,0,
2224,3,54,fog-63,1,fog,900.0,0.0000,0.0000,0,100.000,,0,0.9831,,0.850,0,
2225,3,54,fog-63,1,fog,1000.0,0.0000,0.0000,0,100.000,,0,0.9813,,0.850,0,
2226,3,54,fog-63,1,fog,1100.0,0.0000,0.0000,0,100.000,,0,0.9794,,0.850,0,
2227,3,54,fog-63,1,fog,1200.0,0.0000,0.0000,0,100.000,,0,0.9775,,0.850,0,
2228,3,54,fog-63,1,fog,1300.0,0.0000,0.0000,0,100.000,,0,0.9756,,0.850,0,
2229,3,54,fog-63,1,fog,1400.0,0.0000,0.0000,0,100.000,,0,0.9738,,0.850,0,
2230,3,54,fog-63,1,fog,1500.0,0.0000,0.0000,9,100.450,0.0000,0,0.9719,,0.850,0,
2231,3,54,fog-63,1,fog,1600.0,0.0000,0.0000,27,100.900,0.9428,0,0.9700,,0.850,0,
2232,3,54,fog-63,1,fog,1700.0,0.0000,0.0000,11,100.500,0.0000,0,0.9681,,0.850,0,
2233,3,54,fog-63,1,fog,1800.0,0.0000,0.0000,0,100.000,,0,0.9663,,0.850,0,
2234,3,54,fog-63,1,fog,1900.0,0.0000,0.0000,0,100.000,,0,0.9644,,0.850,0,
2235,3,54,fog-63,1,fog,2000.0,0.0000,0.0000,0,100.000,,0,0.9625,,0.850,0,
2236,3,54,fog-63,1,fog,2100.0,0.0000,0.0000,0,100.000,,0,0.9606,,0.850,0,
2237,3,54,fog-63,1,fog,2200.0,0.0000,0.0000,0,100.000,,0,0.9588,,0.850,0,
2238,3,54,fog-63,1,fog,2300.0,0.0000,0.0000,0,100.000,,0,0.9569,,0.850,0,
2239,3,54,fog-63,1,fog,2400.0,0.0000,0.0000,8,100.400,0.3514,0,0.9550,,0.850,0,
2240,3,54,fog-63,1,fog,2500.0,0.0000,0.0000,9,100.450,0.0000,0,0.9531,,0.850,0,
2241,3,54,fog-63,1,fog,2600.0,0.0000,0.0000,0,100.000,,0,0.9513,,0.850,0,
2242,3,54,fog-63,1,fog,2700.0,0.0000,0.0000,0,100.000,,0,0.9494,,0.850,0,
2243,3,54,fog-63,1,fog,2800.0,0.0000,0.0000,0,100.000,,0,0.9475,,0.850,0,
2244,3,54,fog-63,1,fog,2900.0,0.0000,0.0000,0,100.000,,0,0.9456,,0.850,0,
2245,3,54,fog-63,1,fog,3000.0,0.0000,0.0000,0,100.000,,0,0.9438,,0.850,0,
2246,3,54,fog-63,1,fog,3100.0,0.0000,0.0000,11,100.500,0.0000,0,0.9419,,0.850,0,
2247,3,54,fog-63,1,fog,3200.0,0.0000,0.0000,11,100.500,0.0000,0,0.9400,,0.850,0,
2248,3,54,fog-63,1,fog,3300.0,0.0000,0.0000,0,100.000,,0,0.9381,,0.850,0,
2249,3,54,fog-63,1,fog,3400.0,0.0000,0.0000,0,100.000,,0,0.9363,,0.850,0,
2250,3,54,fog-63,1,fog,3500.0,0.0000,0.0000,0,100.000,,0,0.9344,,0.850,0,
2251,3,54,fog-63,1,fog,3600.0,0.0000,0.0000,0,100.000,,0,0.9325,,0.850,0,
2252,3,54,fog-63,1,fog,3700.0,0.0000,0.0000,0,100.000,,0,0.9306,,0.850,0,
2253,3,54,fog-63,1,fog,3800.0,0.0000,0.0000,0,100.000,,0,0.9288,,0.850,0,
2254,3,54,fog-63,1,fog,3900.0,0.0000,0.0000,0,100.000,,0,0.9269,,0.850,0,
2255,3,54,fog-63,1,fog,4000.0,0.0000,0.0000,9,100.450,0.0000,0,0.9250,,0.850,0,
2256,3,54,fog-63,1,fog,4100.0,0.0000,0.0000,9,100.450,0.2940,0,0.9231,,0.850,0,
2257,3,54,fog-63,1,fog,4200.0,0.0000,0.0000,0,100.000,,0,0.9213,,0.850,0,
2258,3,54,fog-63,1,fog,4300.0,0.0000,0.0000,0,100.000,,0,0.9194,,0.850,0,
2259,3,54,fog-63,1,fog,4400.0,0.0000,0.0000,0,100.000,,0,0.9175,,0.850,0,
2260,3,54,fog-63,1,fog,4500.0,0.0000,0.0000,0,100.000,,0,0.9156,,0.850,0,
2261,3,54,fog-63,1,fog,4600.0,0.0000,0.0000,0,100.000,,0,0.9138,,0.850,0,
2262,3,54,fog-63,1,fog,4700.0,0.0000,0.0000,0,100.000,,0,0.9119,,0.850,0,
2263,3,54,fog-63,1,fog,4800.0,0.0000,0.0000,0,100.000,,0,0.9100,,0.850,0,
2264,3,54,fog-63,1,fog,4900.0,0.0000,0.0000,0,100.000,,0,0.9081,,0.850,0,
2265,3,54,fog-63,1,fog,5000.0,0.0000,0.0000,0,100.000,,0,0.9063,,0.850,0,
2266,3,55,fog-64,1,fog,0.0,0.0000,0.0000,0,100.000,,0,1.0000,,0.850,0,
2267,3,55,fog-64,1,fog,100.0,0.0000,0.0000,0,100.000,,0,0.9981,,0.850,0,
2268,3,55,fog-64,1,fog,200.0,0.0000,0.0000,0,100.000,,0,0.9963,,0.850,0,
2269,3,55,fog-64,1,fog,300.0,0.0000,0.0000,0,100.000,,0,0.9944,,0.850,0,
2270,3,55,fog-64,1,fog,400.0,0.0000,0.0000,11,100.500,0.0000,0,0.9925,,0.850,0,
2271,3,55,fog-64,1,fog,500.0,0.0000,0.0000,0,100.000,,0,0.9906,,0.850,0,
2272,3,55,fog-64,1,fog,600.0,0.0000,0.0000,0,100.000,,0,0.9888,,0.850,0,
2273,3,55,fog-64,1,fog,700.0,0.0000,0.0000,0,100.000,,0,0.9869,,0.850,0,
2274,3,55,fog-64,1,fog,800.0,0.0000,0.0000,9,100.450,0.0000,0,0.9850,,0.850,0,
2275,3,55,fog-64,1,fog,900.0,0.0000,0.0000,0,100.000,,0,0.9831,,0.850,0,
2276,3,55,fog-64,1,fog,1000.0,0.0000,0.0000,0,100.000,,0,0.9813,,0.850,0,
2277,3,55,fog-64,1,fog,1100.0,0.0000,0.0000,29,100.950,0.9676,0,0.9794,,0.850,0,
2278,3,55,fog-64,1,fog,1200.0,0.0000,0.0000,25,100.850,0.8498,0,0.9775,,0.850,0,
2279,3,55,fog-64,1,fog,1300.0,0.0000,0.0000,0,100.000,,0,0.9756,,0.850,0,
2280,3,55,fog-64,1,fog,1400.0,0.0000,0.0000,11,100.500,0.0000,0,0.9738,,0.850,0,
2281,3,55,fog-64,1,fog,1500.0,0.0000,0.0000,0,100.000,,0,0.9719,,0.850,0,
2282,3,55,fog-64,1,fog,1600.0,0.0000,0.0000,0,100.000,,0,0.9700,,0.850,0,
2283,3,55,fog-64,1,fog,1700.0,0.0000,0.0000,8,100.400,0.3514,0,0.9681,,0.850,0,
2284,3,55,fog-64,1,fog,1800.0,0.0000,0.0000,0,100.000,,0,0.9663,,0.850,0,
2285,3,55,fog-64,1,fog,1900.0,0.0000,0.0000,29,100.950,0.9916,0,0.9644,,0.850,0,
2286,3,55,fog-64,1,fog,2000.0,0.0000,0.0000,0,100.000,,0,0.9625,,0.850,0,
2287,3,55,fog-64,1,fog,2100.0,0.0000,0.0000,0,100.000,,0,0.9606,,0.850,0,
2288,3,55,fog-64,1,fog,2200.0,0.0000,0.0000,0,100.000,,0,0.9588,,0.850,0,
2289,3,55,fog-64,1,fog,2300.0,0.0000,0.0000,0,100.000,,0,0.9569,,0.850,0,
2290,3,55,fog-64,1,fog,2400.0,0.0000,0.0000,9,100.450,0.2940,0,0.9550,,0.850,0,
2291,3,55,fog-64,1,fog,2500.0,0.0000,0.0000,0,100.000,,0,0.9531,,0.850,0,
2292,3,55,fog-64,1,fog,2600.0,0.0000,0.0000,11,100.500,0.0000,0,0.9513,,0.850,0,
2293,3,55,fog-64,1,fog,2700.0,0.0000,0.0000,0,100.000,,0,0.9494,,0.850,0,
2294,3,55,fog-64,1,fog,2800.0,0.0000,0.0000,0,100.000,,0,0.9475,,0.850,0,
2295,3,55,fog-64,1,fog,2900.0,0.0000,0.0000,0,100.000,,0,0.9456,,0.850,0,
2296,3,55,fog-64,1,fog,3000.0,0.0000,0.0000,0,100.000,,0,0.9438,,0.850,0,
2297,3,55,fog-64,1,fog,3100.0,0.0000,0.0000,0,100.000,,0,0.9419,,0.850,0,
2298,3,55,fog-64,1,fog,3200.0,0.0000,0.0000,8,100.400,0.3062,0,0.9400,,0.850,0,
2299,3,55,fog-64,1,fog,3300.0,0.0000,0.0000,9,100.450,0.2940,0,0.9381,,0.850,0,
2300,3,55,fog-64,1,fog,3400.0,0.0000,0.0000,0,100.000,,0,0.9363,,0.850,0,
2301,3,55,fog-64,1,fog,3500.0,0.0000,0.0000,11,100.500,0.0000,0,0.9344,,0.850,0,
2302,3,55,fog-64,1,fog,3600.0,0.0000,0.0000,9,100.450,0.2940,0,0.9325,,0.850,0,
2303,3,55,fog-64,1,fog,3700.0,0.0000,0.0000,9,100.450,0.2940,0,0.9306,,0.850,0,
2304,3,55,fog-64,1,fog,3800.0,0.0000,0.0000,0,100.000,,0,0.9288,,0.850,0,
2305,3,55,fog-64,1,fog,3900.0,0.0000,0.0000,0,100.000,,0,0.9269,,0.850,0,
2306,3,55,fog-64,1,fog,4000.0,0.0000,0.0000,0,100.000,,0,0.9250,,0.850,0,
2307,3,55,fog-64,1,fog,4100.0,0.0000,0.0000,23,100.800,1.0000,0,0.9231,,0.850,0,
2308,3,55,fog-64,1,fog,4200.0,0.0000,0.0000,0,100.000,,0,0.9213,,0.850,0,
2309,3,55,fog-64,1,fog,4300.0,0.0000,0.0000,11,100.500,0.0000,0,0.9194,,0.850,0,
2310,3,55,fog-64,1,fog,4400.0,0.0000,0.0000,9,100.450,0.0000,0,0.9175,,0.850,0,
2311,3,55,fog-64,1,fog,4500.0,0.0000,0.0000,0,100.000,,0,0.9156,,0.850,0,
2312,3,55,fog-64,1,fog,4600.0,0.0000,0.0000,11,100.500,0.0000,0,0.9138,,0.850,0,
2313,3,55,fog-64,1,fog,4700.0,0.0000,0.0000,0,100.000,,0,0.9119,,0.850,0,
2314,3,55,fog-64,1,fog,4800.0,0.0000,0.0000,11,100.500,0.0000,0,0.9100,,0.850,0,
2315,3,55,fog-64,1,fog,4900.0,0.0000,0.0000,0,100.000,,0,0.9081,,0.850,0,
2316,3,55,fog-64,1,fog,5000.0,0.0000,0.0000,21,100.750,0.7454,0,0.9063,,0.850,0,
2317,3,56,fog-65,1,fog,0.0,0.0000,0.0000,0,100.000,,0,1.0000,,0.850,0,1711.4
2318,3,56,fog-65,1,fog,100.0,0.0000,0.0000,0,100.000,,0,0.9981,,0.850,0,1711.4
2319,3,56,fog-65,1,fog,200.0,0.0000,0.0000,0,100.000,,0,0.9963,,0.850,0,1711.4
2320,3,56,fog-65,1,fog,300.0,0.0000,0.0000,0,100.000,,0,0.9944,,0.850,0,1711.4
2321,3,56,fog-65,1,fog,400.0,0.0000,0.0000,0,100.000,,0,0.9925,,0.850,0,1711.4
2322,3,56,fog-65,1,fog,500.0,0.0000,0.0000,11,100.500,0.0000,0,0.9906,,0.850,0,1711.4
2323,3,56,fog-65,1,fog,600.0,0.0000,0.0000,9,100.450,0.2940,0,0.9888,,0.850,0,1711.4
2324,3,56,fog-65,1,fog,700.0,0.0000,0.0000,9,100.450,0.2940,0,0.9869,,0.850,0,1711.4
2325,3,56,fog-65,1,fog,800.0,0.0000,0.0000,11,100.500,0.0000,0,0.9850,,0.850,0,1711.4
2326,3,56,fog-65,1,fog,900.0,0.0000,0.0000,11,100.500,0.0000,0,0.9831,,0.850,0,1711.4
2327,3,56,fog-65,1,fog,1000.0,0.0000,0.0000,0,100.000,,0,0.9813,,0.850,0,1711.4
2328,3,56,fog-65,1,fog,1100.0,0.0000,0.0000,9,100.450,0.0000,0,0.9794,,0.850,0,1711.4
2329,3,56,fog-65,1,fog,1200.0,0.0000,0.0000,8,100.400,0.3062,0,0.9775,,0.850,0,1711.4
2330,3,56,fog-65,1,fog,1300.0,0.0000,0.0000,9,100.450,0.2940,0,0.9756,,0.850,0,1711.4
2331,3,56,fog-65,1,fog,1400.0,0.0000,0.0000,0,100.000,,0,0.9738,,0.850,0,1711.4
2332,3,56,fog-65,1,fog,1500.0,0.0000,0.0000,0,100.000,,0,0.9719,,0.850,0,1711.4
2333,3,56,fog-65,1,fog,1600.0,0.0000,0.0000,0,100.000,,0,0.9700,,0.850,1,1711.4
2334,3,56,fog-65,1,fog,1700.0,0.0000,0.0000,0,100.000,,0,0.9681,,0.850,1,1711.4
2335,3,57,fog-66,1,fog,0.0,0.0000,0.0000,0,100.000,,0,1.0000,,0.850,0,
2336,3,57,fog-66,1,fog,100.0,0.0000,0.0000,0,100.000,,0,0.9981,,0.850,0,
2337,3,57,fog-66,1,fog,200.0,0.0000,0.0000,0,100.000,,0,0.9963,,0.850,0,
2338,3,57,fog-66,1,fog,300.0,0.0000,0.0000,0,100.000,,0,0.9944,,0.850,0,
2339,3,57,fog-66,1,fog,400.0,0.0000,0.0000,0,100.000,,0,0.9925,,0.850,0,
2340,3,57,fog-66,1,fog,500.0,0.0000,0.0000,0,100.000,,0,0.9906,,0.850,0,
2341,3,57,fog-66,1,fog,600.0,0.0000,0.0000,0,100.000,,0,0.9888,,0.850,0,
2342,3,57,fog-66,1,fog,700.0,0.0000,0.0000,11,100.500,0.0000,0,0.9869,,0.850,0,
2343,3,57,fog-66,1,fog,800.0,0.0000,0.0000,0,100.000,,0,0.9850,,0.850,0,
2344,3,57,fog-66,1,fog,900.0,0.0000,0.0000,11,100.500,0.0000,0,0.9831,,0.850,0,
2345,3,57,fog-66,1,fog,1000.0,0.0000,0.0000,11,100.500,0.0000,0,0.9813,,0.850,0,
2346,3,57,fog-66,1,fog,1100.0,0.0000,0.0000,0,100.000,,0,0.9794,,0.850,0,
2347,3,57,fog-66,1,fog,1200.0,0.0000,0.0000,0,100.000,,0,0.9775,,0.850,0,
2348,3,57,fog-66,1,fog,1300.0,0.0000,0.0000,0,100.000,,0,0.9756,,0.850,0,
2349,3,57,fog-66,1,fog,1400.0,0.0000,0.0000,9,100.450,0.2940,0,0.9738,,0.850,0,
2350,3,57,fog-66,1,fog,1500.0,0.0000,0.0000,9,100.450,0.2940,0,0.9719,,0.850,0,
2351,3,57,fog-66,1,fog,1600.0,0.0000,0.0000,11,100.500,0.0000,0,0.9700,,0.850,0,
2352,3,57,fog-66,1,fog,1700.0,0.0000,0.0000,9,100.450,0.2940,0,0.9681,,0.850,0,
2353,3,57,fog-66,1,fog,1800.0,0.0000,0.0000,0,100.000,,0,0.9663,,0.850,0,
2354,3,57,fog-66,1,fog,1900.0,0.0000,0.0000,0,100.000,,0,0.9644,,0.850,0,
2355,3,57,fog-66,1,fog,2000.0,0.0000,0.0000,0,100.000,,0,0.9625,,0.850,0,
2356,3,57,fog-66,1,fog,2100.0,0.0000,0.0000,0,100.000,,0,0.9606,,0.850,0,
2357,3,57,fog-66,1,fog,2200.0,0.0000,0.0000,0,100.000,,0,0.9588,,0.850,0,
2358,3,57,fog-66,1,fog,2300.0,0.0000,0.0000,0,100.000,,0,0.9569,,0.850,0,
2359,3,57,fog-66,1,fog,2400.0,0.0000,0.0000,0,100.000,,0,0.9550,,0.850,0,
2360,3,57,fog-66,1,fog,2500.0,0.0000,0.0000,0,100.000,,0,0.9531,,0.850,0,
2361,3,57,fog-66,1,fog,2600.0,0.0000,0.0000,0,100.000,,0,0.9513,,0.850,0,
2362,3,57,fog-66,1,fog,2700.0,0.0000,0.0000,0,100.000,,0,0.9494,,0.850,0,
2363,3,57,fog-66,1,fog,2800.0,0.0000,0.0000,0,100.000,,0,0.9475,,0.850,0,
2364,3,57,fog-66,1,fog,2900.0,0.0000,0.0000,0,100.000,,0,0.9456,,0.850,0,
2365,3,57,fog-66,1,fog,3000.0,0.0000,0.0000,31,101.000,1.0000,0,0.9438,,0.850,0,
2366,3,57,fog-66,1,fog,3100.0,0.0000,0.0000,29,100.950,1.0000,0,0.9419,,0.850,0,
2367,3,57,fog-66,1,fog,3200.0,0.0000,0.0000,43,101.300,1.0000,0,0.9400,,0.850,0,
2368,3,57,fog-66,1,fog,3300.0,0.0000,0.0000,19,100.700,0.8749,0,0.9381,,0.850,0,
2369,3,57,fog-66,1,fog,3400.0,0.0000,0.0000,27,100.900,0.9368,0,0.9363,,0.850,0,
2370,3,57,fog-66,1,fog,3500.0,0.0000,0.0000,29,100.950,0.9932,0,0.9344,,0.850,0,
2371,3,57,fog-66,1,fog,3600.0,0.0000,0.0000,11,100.500,0.0000,0,0.9325,,0.850,0,
2372,3,57,fog-66,1,fog,3700.0,0.0000,0.0000,11,100.500,0.0000,0,0.9306,,0.850,0,
2373,3,57,fog-66,1,fog,3800.0,0.0000,0.0000,0,100.000,,0,0.9288,,0.850,0,
2374,3,57,fog-66,1,fog,3900.0,0.0000,0.0000,0,100.000,,0,0.9269,,0.850,0,
2375,3,57,fog-66,1,fog,4000.0,0.0000,0.0000,0,100.000,,0,0.9250,,0.850,0,
2376,3,57,fog-66,1,fog,4100.0,0.0000,0.0000,0,100.000,,0,0.9231,,0.850,0,
2377,3,57,fog-66,1,fog,4200.0,0.0000,0.0000,0,100.000,,0,0.9213,,0.850,0,
2378,3,57,fog-66,1,fog,4300.0,0.0000,0.0000,0,100.000,,0,0.9194,,0.850,0,
2379,3,57,fog-66,1,fog,4400.0,0.0000,0.0000,0,100.000,,0,0.9175,,0.850,0,
2380,3,57,fog-66,1,fog,4500.0,0.0000,0.0000,0,100.000,,0,0.9156,,0.850,0,
2381,3,57,fog-66,1,fog,4600.0,0.0000,0.0000,11,100.500,0.0000,0,0.9138,,0.850,0,
2382,3,57,fog-66,1,fog,4700.0,0.0000,0.0000,11,100.500,0.0000,0,0.9119,,0.850,0,
2383,3,57,fog-66,1,fog,4800.0,0.0000,0.0000,11,100.500,0.0000,0,0.9100,,0.850,0,
2384,3,57,fog-66,1,fog,4900.0,0.0000,0.0000,11,100.500,0.0000,0,0.9081,,0.850,0,
2385,3,57,fog-66,1,fog,5000.0,0.0000,0.0000,0,100.000,,0,0.9063,,0.850,0,
2386,3,58,fog-67,1,fog,0.0,0.0000,0.0000,0,100.000,,0,1.0000,,0.850,0,4546.4
2387,3,58,fog-67,1,fog,100.0,0.0000,0.0000,4,100.200,0.0000,0,0.9981,,0.850,0,4546.4
2388,3,58,fog-67,1,fog,200.0,0.0000,0.0000,0,100.000,,0,0.9963,,0.850,0,4546.4
2389,3,58,fog-67,1,fog,300.0,0.0000,0.0000,0,100.000,,0,0.9944,,0.850,0,4546.4
2390,3,58,fog-67,1,fog,400.0,0.0000,0.0000,0,100.000,,0,0.9925,,0.850,0,4546.4
2391,3,58,fog-67,1,fog,500.0,0.0000,0.0000,0,100.000,,0,0.9906,,0.850,0,4546.4
2392,3,58,fog-67,1,fog,600.0,0.0000,0.0000,0,100.000,,0,0.9888,,0.850,0,4546.4
2393,3,58,fog-67,1,fog,700.0,0.0000,0.0000,0,100.000,,0,0.9869,,0.850,0,4546.4
2394,3,58,fog-67,1,fog,800.0,0.0000,0.0000,0,100.000,,0,0.9850,,0.850,0,4546.4
2395,3,58,fog-67,1,fog,900.0,0.0000,0.0000,0,100.000,,0,0.9831,,0.850,0,4546.4
2396,3,58,fog-67,1,fog,1000.0,0.0000,0.0000,11,100.500,0.0000,0,0.9813,,0.850,0,4546.4
2397,3,58,fog-67,1,fog,1100.0,0.0000,0.0000,11,100.500,0.0000,0,0.9794,,0.850,0,4546.4
2398,3,58,fog-67,1,fog,1200.0,0.0000,0.0000,0,100.000,,0,0.9775,,0.850,0,4546.4
2399,3,58,fog-67,1,fog,1300.0,0.0000,0.0000,0,100.000,,0,0.9756,,0.850,0,4546.4
2400,3,58,fog-67,1,fog,1400.0,0.0000,0.0000,9,100.450,0.2940,0,0.9738,,0.850,0,4546.4
2401,3,58,fog-67,1,fog,1500.0,0.0000,0.0000,7,100.350,0.5092,0,0.9719,,0.850,0,4546.4
2402,3,58,fog-67,1,fog,1600.0,0.0000,0.0000,29,100.950,0.9896,0,0.9700,,0.850,0,4546.4
2403,3,58,fog-67,1,fog,1700.0,0.0000,0.0000,0,100.000,,0,0.9681,,0.850,0,4546.4
2404,3,58,fog-67,1,fog,1800.0,0.0000,0.0000,0,100.000,,0,0.9663,,0.850,0,4546.4
2405,3,58,fog-67,1,fog,1900.0,0.0000,0.0000,29,100.950,0.9862,0,0.9644,,0.850,0,4546.4
2406,3,58,fog-67,1,fog,2000.0,0.0000,0.0000,11,100.500,0.0000,0,0.9625,,0.850,0,4546.4
2407,3,58,fog-67,1,fog,2100.0,0.0000,0.0000,0,100.000,,0,0.9606,,0.850,0,4546.4
2408,3,58,fog-67,1,fog,2200.0,0.0000,0.0000,8,100.400,0.3062,0,0.9588,,0.850,0,4546.4
2409,3,58,fog-67,1,fog,2300.0,0.0000,0.0000,19,100.700,0.6614,0,0.9569,,0.850,0,4546.4
2410,3,58,fog-67,1,fog,2400.0,0.0000,0.0000,31,101.000,1.0000,0,0.9550,,0.850,0,4546.4
2411,3,58,fog-67,1,fog,2500.0,0.0000,0.0000,11,100.500,0.0000,0,0.9531,,0.850,0,4546.4
2412,3,58,fog-67,1,fog,2600.0,0.0000,0.0000,0,100.000,,0,0.9513,,0.850,0,4546.4
2413,3,58,fog-67,1,fog,2700.0,0.0000,0.0000,0,100.000,,0,0.9494,,0.850,0,4546.4
2414,3,58,fog-67,1,fog,2800.0,0.0000,0.0000,9,100.450,0.2940,0,0.9475,,0.850,0,4546.4
2415,3,58,fog-67,1,fog,2900.0,0.0000,0.0000,9,100.450,0.2940,0,0.9456,,0.850,0,4546.4
2416,3,58,fog-67,1,fog,3000.0,0.0000,0.0000,9,100.450,0.2940,0,0.9438,,0.850,0,4546.4
2417,3,58,fog-67,1,fog,3100.0,0.0000,0.0000,0,100.000,,0,0.9419,,0.850,0,4546.4
2418,3,58,fog-67,1,fog,3200.0,0.0000,0.0000,0,100.000,,0,0.9400,,0.850,0,4546.4
2419,3,58,fog-67,1,fog,3300.0,0.0000,0.0000,0,100.000,,0,0.9381,,0.850,0,4546.4
2420,3,58,fog-67,1,fog,3400.0,0.0000,0.0000,0,100.000,,0,0.9363,,0.850,0,4546.4
2421,3,58,fog-67,1,fog,3500.0,0.0000,0.0000,0,100.000,,0,0.9344,,0.850,0,4546.4
2422,3,58,fog-67,1,fog,3600.0,0.0000,0.0000,0,100.000,,0,0.9325,,0.850,0,4546.4
2423,3,58,fog-67,1,fog,3700.0,0.0000,0.0000,0,100.000,,0,0.9306,,0.850,0,4546.4
2424,3,58,fog-67,1,fog,3800.0,0.0000,0.0000,9,100.450,0.2940,0,0.9288,,0.850,0,4546.4
2425,3,58,fog-67,1,fog,3900.0,0.0000,0.0000,0,100.000,,0,0.9269,,0.850,0,4546.4
2426,3,58,fog-67,1,fog,4000.0,0.0000,0.0000,0,100.000,,0,0.9250,,0.850,0,4546.4
2427,3,58,fog-67,1,fog,4100.0,0.0000,0.0000,0,100.000,,0,0.9231,,0.850,0,4546.4
2428,3,58,fog-67,1,fog,4200.0,0.0000,0.0000,0,100.000,,0,0.9213,,0.850,0,4546.4
2429,3,58,fog-67,1,fog,4300.0,0.0000,0.0000,0,100.000,,0,0.9194,,0.850,0,4546.4
2430,3,58,fog-67,1,fog,4400.0,0.0000,0.0000,0,100.000,,0,0.9175,,0.850,1,4546.4
2431,3,58,fog-67,1,fog,4500.0,0.0000,0.0000,0,100.000,,0,0.9156,,0.850,1,4546.4
2432,3,59,fog-68,1,fog,0.0,0.0000,0.0000,0,100.000,,0,1.0000,,0.850,0,
2433,3,59,fog-68,1,fog,100.0,0.0000,0.0000,0,100.000,,0,0.9981,,0.850,0,
2434,3,59,fog-68,1,fog,200.0,0.0000,0.0000,0,100.000,,0,0.9963,,0.850,0,
2435,3,59,fog-68,1,fog,300.0,0.0000,0.0000,0,100.000,,0,0.9944,,0.850,0,
2436,3,59,fog-68,1,fog,400.0,0.0000,0.0000,0,100.000,,0,0.9925,,0.850,0,
2437,3,59,fog-68,1,fog,500.0,0.0000,0.0000,0,100.000,,0,0.9906,,0.850,0,
2438,3,59,fog-68,1,fog,600.0,0.0000,0.0000,0,100.000,,0,0.9888,,0.850,0,
2439,3,59,fog-68,1,fog,700.0,0.0000,0.0000,0,100.000,,0,0.9869,,0.850,0,
2440,3,59,fog-68,1,fog,800.0,0.0000,0.0000,0,100.000,,0,0.9850,,0.850,0,
2441,3,59,fog-68,1,fog,900.0,0.0000,0.0000,0,100.000,,0,0.9831,,0.850,0,
2442,3,59,fog-68,1,fog,1000.0,0.0000,0.0000,0,100.000,,0,0.9813,,0.850,0,
2443,3,59,fog-68,1,fog,1100.0,0.0000,0.0000,0,100.000,,0,0.9794,,0.850,0,
2444,3,59,fog-68,1,fog,1200.0,0.0000,0.0000,0,100.000,,0,0.9775,,0.850,0,
2445,3,59,fog-68,1,fog,1300.0,0.0000,0.0000,0,100.000,,0,0.9756,,0.850,0,
2446,3,59,fog-68,1,fog,1400.0,0.0000,0.0000,0,100.000,,0,0.9738,,0.850,0,
2447,3,59,fog-68,1,fog,1500.0,0.0000,0.0000,0,100.000,,0,0.9719,,0.850,0,
2448,3,59,fog-68,1,fog,1600.0,0.0000,0.0000,0,100.000,,0,0.9700,,0.850,0,
2449,3,59,fog-68,1,fog,1700.0,0.0000,0.0000,0,100.000,,0,0.9681,,0.850,0,
2450,3,59,fog-68,1,fog,1800.0,0.0000,0.0000,0,100.000,,0,0.9663,,0.850,0,
2451,3,59,fog-68,1,fog,1900.0,0.0000,0.0000,0,100.000,,0,0.9644,,0.850,0,
2452,3,59,fog-68,1,fog,2000.0,0.0000,0.0000,0,100.000,,0,0.9625,,0.850,0,
2453,3,59,fog-68,1,fog,2100.0,0.0000,0.0000,0,100.000,,0,0.9606,,0.850,0,
2454,3,59,fog-68,1,fog,2200.0,0.0000,0.0000,0,100.000,,0,0.9588,,0.850,0,
2455,3,59,fog-68,1,fog,2300.0,0.0000,0.0000,0,100.000,,0,0.9569,,0.850,0,
2456,3,59,fog-68,1,fog,2400.0,0.0000,0.0000,0,100.000,,0,0.9550,,0.850,0,
2457,3,59,fog-68,1,fog,2500.0,0.0000,0.0000,0,100.000,,0,0.9531,,0.850,0,
2458,3,59,fog-68,1,fog,2600.0,0.0000,0.0000,0,100.000,,0,0.9513,,0.850,0,
2459,3,59,fog-68,1,fog,2700.0,0.0000,0.0000,0,100.000,,0,0.9494,,0.850,0,
2460,3,59,fog-68,1,fog,2800.0,0.0000,0.0000,0,100.000,,0,0.9475,,0.850,0,
2461,3,59,fog-68,1,fog,2900.0,0.0000,0.0000,0,100.000,,0,0.9456,,0.850,0,
2462,3,59,fog-68,1,fog,3000.0,0.0000,0.0000,0,100.000,,0,0.9438,,0.850,0,
2463,3,59,fog-68,1,fog,3100.0,0.0000,0.0000,0,100.000,,0,0.9419,,0.850,0,
2464,3,59,fog-68,1,fog,3200.0,0.0000,0.0000,0,100.000,,0,0.9400,,0.850,0,
2465,3,59,fog-68,1,fog,3300.0,0.0000,0.0000,0,100.000,,0,0.9381,,0.850,0,
2466,3,59,fog-68,1,fog,3400.0,0.0000,0.0000,0,100.000,,0,0.9363,,0.850,0,
2467,3,59,fog-68,1,fog,3500.0,0.0000,0.0000,0,100.000,,0,0.9344,,0.850,0,
2468,3,59,fog-68,1,fog,3600.0,0.0000,0.0000,0,100.000,,0,0.9325,,0.850,0,
2469,3,59,fog-68,1,fog,3700.0,0.0000,0.0000,0,100.000,,0,0.9306,,0.850,0,
2470,3,59,fog-68,1,fog,3800.0,0.0000,0.0000,0,100.000,,0,0.9288,,0.850,0,
2471,3,59,fog-68,1,fog,3900.0,0.0000,0.0000,0,100.000,,0,0.9269,,0.850,0,
2472,3,59,fog-68,1,fog,4000.0,0.0000,0.0000,0,100.000,,0,0.9250,,0.850,0,
2473,3,59,fog-68,1,fog,4100.0,0.0000,0.0000,0,100.000,,0,0.9231,,0.850,0,
2474,3,59,fog-68,1,fog,4200.0,0.0000,0.0000,0,100.000,,0,0.9213,,0.850,0,
2475,3,59,fog-68,1,fog,4300.0,0.0000,0.0000,0,100.000,,0,0.9194,,0.850,0,
2476,3,59,fog-68,1,fog,4400.0,0.0000,0.0000,0,100.000,,0,0.9175,,0.850,0,
2477,3,59,fog-68,1,fog,4500.0,0.0000,0.0000,0,100.000,,0,0.9156,,0.850,0,
2478,3,59,fog-68,1,fog,4600.0,0.0000,0.0000,0,100.000,,0,0.9138,,0.850,0,
2479,3,59,fog-68,1,fog,4700.0,0.0000,0.0000,0,100.000,,0,0.9119,,0.850,0,
2480,3,59,fog-68,1,fog,4800.0,0.0000,0.0000,0,100.000,,0,0.9100,,0.850,0,
2481,3,59,fog-68,1,fog,4900.0,0.0000,0.0000,0,100.000,,0,0.9081,,0.850,0,
2482,3,59,fog-68,1,fog,5000.0,0.0000,0.0000,0,100.000,,0,0.9063,,0.850,0,
2483,3,60,fog-69,1,fog,0.0,0.0000,0.0000,0,100.000,,0,1.0000,,0.850,0,
2484,3,60,fog-69,1,fog,100.0,0.0000,0.0000,0,100.000,,0,0.9981,,0.850,0,
2485,3,60,fog-69,1,fog,200.0,0.0000,0.0000,0,100.000,,0,0.9963,,0.850,0,
2486,3,60,fog-69,1,fog,300.0,0.0000,0.0000,0,100.000,,0,0.9944,,0.850,0,
2487,3,60,fog-69,1,fog,400.0,0.0000,0.0000,0,100.000,,0,0.9925,,0.850,0,
2488,3,60,fog-69,1,fog,500.0,0.0000,0.0000,0,100.000,,0,0.9906,,0.850,0,
2489,3,60,fog-69,1,fog,600.0,0.0000,0.0000,0,100.000,,0,0.9888,,0.850,0,
2490,3,60,fog-69,1,fog,700.0,0.0000,0.0000,0,100.000,,0,0.9869,,0.850,0,
2491,3,60,fog-69,1,fog,800.0,0.0000,0.0000,0,100.000,,0,0.9850,,0.850,0,
2492,3,60,fog-69,1,fog,900.0,0.0000,0.0000,0,100.000,,0,0.9831,,0.850,0,
2493,3,60,fog-69,1,fog,1000.0,0.0000,0.0000,0,100.000,,0,0.9813,,0.850,0,
2494,3,60,fog-69,1,fog,1100.0,0.0000,0.0000,0,100.000,,0,0.9794,,0.850,0,
2495,3,60,fog-69,1,fog,1200.0,0.0000,0.0000,0,100.000,,0,0.9775,,0.850,0,
2496,3,60,fog-69,1,fog,1300.0,0.0000,0.0000,11,100.500,0.0000,0,0.9756,,0.850,0,
2497,3,60,fog-69,1,fog,1400.0,0.0000,0.0000,9,100.450,0.2940,0,0.9738,,0.850,0,
2498,3,60,fog-69,1,fog,1500.0,0.0000,0.0000,0,100.000,,0,0.9719,,0.850,0,
2499,3,60,fog-69,1,fog,1600.0,0.0000,0.0000,0,100.000,,0,0.9700,,0.850,0,
2500,3,60,fog-69,1,fog,1700.0,0.0000,0.0000,0,100.000,,0,0.9681,,0.850,0,
2501,3,60,fog-69,1,fog,1800.0,0.0000,0.0000,0,100.000,,0,0.9663,,0.850,0,
2502,3,60,fog-69,1,fog,1900.0,0.0000,0.0000,0,100.000,,0,0.9644,,0.850,0,
2503,3,60,fog-69,1,fog,2000.0,0.0000,0.0000,0,100.000,,0,0.9625,,0.850,0,
2504,3,60,fog-69,1,fog,2100.0,0.0000,0.0000,0,100.000,,0,0.9606,,0.850,0,
2505,3,60,fog-69,1,fog,2200.0,0.0000,0.0000,0,100.000,,0,0.9588,,0.850,0,
2506,3,60,fog-69,1,fog,2300.0,0.0000,0.0000,0,100.000,,0,0.9569,,0.850,0,
2507,3,60,fog-69,1,fog,2400.0,0.0000,0.0000,0,100.000,,0,0.9550,,0.850,0,
2508,3,60,fog-69,1,fog,2500.0,0.0000,0.0000,0,100.000,,0,0.9531,,0.850,0,
2509,3,60,fog-69,1,fog,2600.0,0.0000,0.0000,0,100.000,,0,0.9513,,0.850,0,
2510,3,60,fog-69,1,fog,2700.0,0.0000,0.0000,0,100.000,,0,0.9494,,0.850,0,
2511,3,60,fog-69,1,fog,2800.0,0.0000,0.0000,0,100.000,,0,0.9475,,0.850,0,
2512,3,60,fog-69,1,fog,2900.0,0.0000,0.0000,31,101.000,1.0000,0,0.9456,,0.850,0,
2513,3,60,fog-69,1,fog,3000.0,0.0000,0.0000,11,100.500,0.0000,0,0.9438,,0.850,0,
2514,3,60,fog-69,1,fog,3100.0,0.0000,0.0000,0,100.000,,0,0.9419,,0.850,0,
2515,3,60,fog-69,1,fog,3200.0,0.0000,0.0000,0,100.000,,0,0.9400,,0.850,0,
2516,3,60,fog-69,1,fog,3300.0,0.0000,0.0000,0,100.000,,0,0.9381,,0.850,0,
2517,3,60,fog-69,1,fog,3400.0,0.0000,0.0000,0,100.000,,0,0.9363,,0.850,0,
2518,3,60,fog-69,1,fog,3500.0,0.0000,0.0000,0,100.000,,0,0.9344,,0.850,0,
2519,3,60,fog-69,1,fog,3600.0,0.0000,0.0000,0,100.000,,0,0.9325,,0.850,0,
2520,3,60,fog-69,1,fog,3700.0,0.0000,0.0000,0,100.000,,0,0.9306,,0.850,0,
2521,3,60,fog-69,1,fog,3800.0,0.0000,0.0000,9,100.450,0.2940,0,0.9288,,0.850,0,
2522,3,60,fog-69,1,fog,3900.0,0.0000,0.0000,0,100.000,,0,0.9269,,0.850,0,
2523,3,60,fog-69,1,fog,4000.0,0.0000,0.0000,0,100.000,,0,0.9250,,0.850,0,
2524,3,60,fog-69,1,fog,4100.0,0.0000,0.0000,0,100.000,,0,0.9231,,0.850,0,
2525,3,60,fog-69,1,fog,4200.0,0.0000,0.0000,0,100.000,,0,0.9213,,0.850,0,
2526,3,60,fog-69,1,fog,4300.0,0.0000,0.0000,0,100.000,,0,0.9194,,0.850,0,
2527,3,60,fog-69,1,fog,4400.0,0.0000,0.0000,0,100.000,,0,0.9175,,0.850,0,
2528,3,60,fog-69,1,fog,4500.0,0.0000,0.0000,31,101.000,1.0000,0,0.9156,,0.850,0,
2529,3,60,fog-69,1,fog,4600.0,0.0000,0.0000,0,100.000,,0,0.9138,,0.850,0,
2530,3,60,fog-69,1,fog,4700.0,0.0000,0.0000,0,100.000,,0,0.9119,,0.850,0,
2531,3,60,fog-69,1,fog,4800.0,0.0000,0.0000,0,100.000,,0,0.9100,,0.850,0,
2532,3,60,fog-69,1,fog,4900.0,0.0000,0.0000,0,100.000,,0,0.9081,,0.850,0,
2533,3,60,fog-69,1,fog,5000.0,0.0000,0.0000,0,100.000,,0,0.9063,,0.850,0,
2534,3,61,fog-70,1,fog,0.0,0.0000,0.0000,0,100.000,,0,1.0000,,0.850,0,
2535,3,61,fog-70,1,fog,100.0,0.0000,0.0000,0,100.000,,0,0.9981,,0.850,0,
2536,3,61,fog-70,1,fog,200.0,0.0000,0.0000,0,100.000,,0,0.9963,,0.850,0,
2537,3,61,fog-70,1,fog,300.0,0.0000,0.0000,0,100.000,,0,0.9944,,0.850,0,
2538,3,61,fog-70,1,fog,400.0,0.0000,0.0000,0,100.000,,0,0.9925,,0.850,0,
2539,3,61,fog-70,1,fog,500.0,0.0000,0.0000,0,100.000,,0,0.9906,,0.850,0,
2540,3,61,fog-70,1,fog,600.0,0.0000,0.0000,0,100.000,,0,0.9888,,0.850,0,
2541,3,61,fog-70,1,fog,700.0,0.0000,0.0000,0,100.000,,0,0.9869,,0.850,0,
2542,3,61,fog-70,1,fog,800.0,0.0000,0.0000,0,100.000,,0,0.9850,,0.850,0,
2543,3,61,fog-70,1,fog,900.0,0.0000,0.0000,0,100.000,,0,0.9831,,0.850,0,
2544,3,61,fog-70,1,fog,1000.0,0.0000,0.0000,0,100.000,,0,0.9813,,0.850,0,
2545,3,61,fog-70,1,fog,1100.0,0.0000,0.0000,0,100.000,,0,0.9794,,0.850,0,
2546,3,61,fog-70,1,fog,1200.0,0.0000,0.0000,0,100.000,,0,0.9775,,0.850,0,
2547,3,61,fog-70,1,fog,1300.0,0.0000,0.0000,0,100.000,,0,0.9756,,0.850,0,
2548,3,61,fog-70,1,fog,1400.0,0.0000,0.0000,0,100.000,,0,0.9738,,0.850,0,
2549,3,61,fog-70,1,fog,1500.0,0.0000,0.0000,0,100.000,,0,0.9719,,0.850,0,
2550,3,61,fog-70,1,fog,1600.0,0.0000,0.0000,0,100.000,,0,0.9700,,0.850,0,
2551,3,61,fog-70,1,fog,1700.0,0.0000,0.0000,0,100.000,,0,0.9681,,0.850,0,
2552,3,61,fog-70,1,fog,1800.0,0.0000,0.0000,0,100.000,,0,0.9663,,0.850,0,
2553,3,61,fog-70,1,fog,1900.0,0.0000,0.0000,0,100.000,,0,0.9644,,0.850,0,
2554,3,61,fog-70,1,fog,2000.0,0.0000,0.0000,0,100.000,,0,0.9625,,0.850,0,
2555,3,61,fog-70,1,fog,2100.0,0.0000,0.0000,0,100.000,,0,0.9606,,0.850,0,
2556,3,61,fog-70,1,fog,2200.0,0.0000,0.0000,0,100.000,,0,0.9588,,0.850,0,
2557,3,61,fog-70,1,fog,2300.0,0.0000,0.0000,0,100.000,,0,0.9569,,0.850,0,
2558,3,61,fog-70,1,fog,2400.0,0.0000,0.0000,0,100.000,,0,0.9550,,0.850,0,
2559,3,61,fog-70,1,fog,2500.0,0.0000,0.0000,0,100.000,,0,0.9531,,0.850,0,
2560,3,61,fog-70,1,fog,2600.0,0.0000,0.0000,0,100.000,,0,0.9513,,0.850,0,
2561,3,61,fog-70,1,fog,2700.0,0.0000,0.0000,0,100.000,,0,0.9494,,0.850,0,
2562,3,61,fog-70,1,fog,2800.0,0.0000,0.0000,0,100.000,,0,0.9475,,0.850,0,
2563,3,61,fog-70,1,fog,2900.0,0.0000,0.0000,0,100.000,,0,0.9456,,0.850,0,
2564,3,61,fog-70,1,fog,3000.0,0.0000,0.0000,0,100.000,,0,0.9438,,0.850,0,
2565,3,61,fog-70,1,fog,3100.0,0.0000,0.0000,0,100.000,,0,0.9419,,0.850,0,
2566,3,61,fog-70,1,fog,3200.0,0.0000,0.0000,0,100.000,,0,0.9400,,0.850,0,
2567,3,61,fog-70,1,fog,3300.0,0.0000,0.0000,0,100.000,,0,0.9381,,0.850,0,
2568,3,61,fog-70,1,fog,3400.0,0.0000,0.0000,0,100.000,,0,0.9363,,0.850,0,
2569,3,61,fog-70,1,fog,3500.0,0.0000,0.0000,0,100.000,,0,0.9344,,0.850,0,
2570,3,61,fog-70,1,fog,3600.0,0.0000,0.0000,0,100.000,,0,0.9325,,0.850,0,
2571,3,61,fog-70,1,fog,3700.0,0.0000,0.0000,0,100.000,,0,0.9306,,0.850,0,
2572,3,61,fog-70,1,fog,3800.0,0.0000,0.0000,0,100.000,,0,0.9288,,0.850,0,
2573,3,61,fog-70,1,fog,3900.0,0.0000,0.0000,0,100.000,,0,0.9269,,0.850,0,
2574,3,61,fog-70,1,fog,4000.0,0.0000,0.0000,0,100.000,,0,0.9250,,0.850,0,
2575,3,61,fog-70,1,fog,4100.0,0.0000,0.0000,0,100.000,,0,0.9231,,0.850,0,
2576,3,61,fog-70,1,fog,4200.0,0.0000,0.0000,0,100.000,,0,0.9213,,0.850,0,
2577,3,61,fog-70,1,fog,4300.0,0.0000,0.0000,0,100.000,,0,0.9194,,0.850,0,
2578,3,61,fog-70,1,fog,4400.0,0.0000,0.0000,0,100.000,,0,0.9175,,0.850,0,
2579,3,61,fog-70,1,fog,4500.0,0.0000,0.0000,0,100.000,,0,0.9156,,0.850,0,
2580,3,61,fog-70,1,fog,4600.0,0.0000,0.0000,0,100.000,,0,0.9138,,0.850,0,
2581,3,61,fog-70,1,fog,4700.0,0.0000,0.0000,0,100.000,,0,0.9119,,0.850,0,
2582,3,61,fog-70,1,fog,4800.0,0.0000,0.0000,0,100.000,,0,0.9100,,0.850,0,
2583,3,61,fog-70,1,fog,4900.0,0.0000,0.0000,0,100.000,,0,0.9081,,0.850,0,
2584,3,61,fog-70,1,fog,5000.0,0.0000,0.0000,0,100.000,,0,0.9063,,0.850,0,
2585,3,62,fog-71,1,fog,0.0,0.0000,0.0000,0,100.000,,0,1.0000,,0.850,0,
2586,3,62,fog-71,1,fog,100.0,0.0000,0.0000,0,100.000,,0,0.9981,,0.850,0,
2587,3,62,fog-71,1,fog,200.0,0.0000,0.0000,0,100.000,,0,0.9963,,0.850,0,
2588,3,62,fog-71,1,fog,300.0,0.0000,0.0000,0,100.000,,0,0.9944,,0.850,0,
2589,3,62,fog-71,1,fog,400.0,0.0000,0.0000,0,100.000,,0,0.9925,,0.850,0,
2590,3,62,fog-71,1,fog,500.0,0.0000,0.0000,0,100.000,,0,0.9906,,0.850,0,
2591,3,62,fog-71,1,fog,600.0,0.0000,0.0000,0,100.000,,0,0.9888,,0.850,0,
2592,3,62,fog-71,1,fog,700.0,0.0000,0.0000,0,100.000,,0,0.9869,,0.850,0,
2593,3,62,fog-71,1,fog,800.0,0.0000,0.0000,0,100.000,,0,0.9850,,0.850,0,
2594,3,62,fog-71,1,fog,900.0,0.0000,0.0000,0,100.000,,0,0.9831,,0.850,0,
2595,3,62,fog-71,1,fog,1000.0,0.0000,0.0000,0,100.000,,0,0.9813,,0.850,0,
2596,3,62,fog-71,1,fog,1100.0,0.0000,0.0000,0,100.000,,0,0.9794,,0.850,0,
2597,3,62,fog-71,1,fog,1200.0,0.0000,0.0000,0,100.000,,0,0.9775,,0.850,0,
2598,3,62,fog-71,1,fog,1300.0,0.0000,0.0000,0,100.000,,0,0.9756,,0.850,0,
2599,3,62,fog-71,1,fog,1400.0,0.0000,0.0000,0,100.000,,0,0.9738,,0.850,0,
2600,3,62,fog-71,1,fog,1500.0,0.0000,0.0000,0,100.000,,0,0.9719,,0.850,0,
2601,3,62,fog-71,1,fog,1600.0,0.0000,0.0000,0,100.000,,0,0.9700,,0.850,0,
2602,3,62,fog-71,1,fog,1700.0,0.0000,0.0000,0,100.000,,0,0.9681,,0.850,0,
2603,3,62,fog-71,1,fog,1800.0,0.0000,0.0000,0,100.000,,0,0.9663,,0.850,0,
2604,3,62,fog-71,1,fog,1900.0,0.0000,0.0000,0,100.000,,0,0.9644,,0.850,0,
2605,3,62,fog-71,1,fog,2000.0,0.0000,0.0000,0,100.000,,0,0.9625,,0.850,0,
2606,3,62,fog-71,1,fog,2100.0,0.0000,0.0000,0,100.000,,0,0.9606,,0.850,0,
2607,3,62,fog-71,1,fog,2200.0,0.0000,0.0000,0,100.000,,0,0.9588,,0.850,0,
2608,3,62,fog-71,1,fog,2300.0,0.0000,0.0000,0,100.000,,0,0.9569,,0.850,0,
2609,3,62,fog-71,1,fog,2400.0,0.0000,0.0000,0,100.000,,0,0.9550,,0.850,0,
2610,3,62,fog-71,1,fog,2500.0,0.0000,0.0000,0,100.000,,0,0.9531,,0.850,0,
2611,3,62,fog-71,1,fog,2600.0,0.0000,0.0000,0,100.000,,0,0.9513,,0.850,0,
2612,3,62,fog-71,1,fog,2700.0,0.0000,0.0000,0,100.000,,0,0.9494,,0.850,0,
2613,3,62,fog-71,1,fog,2800.0,0.0000,0.0000,0,100.000,,0,0.9475,,0.850,0,
2614,3,62,fog-71,1,fog,2900.0,0.0000,0.0000,0,100.000,,0,0.9456,,0.850,0,
2615,3,62,fog-71,1,fog,3000.0,0.0000,0.0000,0,100.000,,0,0.9438,,0.850,0,
2616,3,62,fog-71,1,fog,3100.0,0.0000,0.0000,0,100.000,,0,0.9419,,0.850,0,
2617,3,62,fog-71,1,fog,3200.0,0.0000,0.0000,0,100.000,,0,0.9400,,0.850,0,
2618,3,62,fog-71,1,fog,3300.0,0.0000,0.0000,0,100.000,,0,0.9381,,0.850,0,
2619,3,62,fog-71,1,fog,3400.0,0.0000,0.0000,0,100.000,,0,0.9363,,0.850,0,
2620,3,62,fog-71,1,fog,3500.0,0.0000,0.0000,0,100.000,,0,0.9344,,0.850,0,
2621,3,62,fog-71,1,fog,3600.0,0.0000,0.0000,0,100.000,,0,0.9325,,0.850,0,
2622,3,62,fog-71,1,fog,3700.0,0.0000,0.0000,0,100.000,,0,0.9306,,0.850,0,
2623,3,62,fog-71,1,fog,3800.0,0.0000,0.0000,0,100.000,,0,0.9288,,0.850,0,
2624,3,62,fog-71,1,fog,3900.0,0.0000,0.0000,0,100.000,,0,0.9269,,0.850,0,
2625,3,62,fog-71,1,fog,4000.0,0.0000,0.0000,0,100.000,,0,0.9250,,0.850,0,
2626,3,62,fog-71,1,fog,4100.0,0.0000,0.0000,0,100.000,,0,0.9231,,0.850,0,
2627,3,62,fog-71,1,fog,4200.0,0.0000,0.0000,0,100.000,,0,0.9213,,0.850,0,
2628,3,62,fog-71,1,fog,4300.0,0.0000,0.0000,0,100.000,,0,0.9194,,0.850,0,
2629,3,62,fog-71,1,fog,4400.0,0.0000,0.0000,0,100.000,,0,0.9175,,0.850,0,
2630,3,62,fog-71,1,fog,4500.0,0.0000,0.0000,0,100.000,,0,0.9156,,0.850,0,
2631,3,62,fog-71,1,fog,4600.0,0.0000,0.0000,0,100.000,,0,0.9138,,0.850,0,
2632,3,62,fog-71,1,fog,4700.0,0.0000,0.0000,0,100.000,,0,0.9119,,0.850,0,
2633,3,62,fog-71,1,fog,4800.0,0.0000,0.0000,0,100.000,,0,0.9100,,0.850,0,
2634,3,62,fog-71,1,fog,4900.0,0.0000,0.0000,0,100.000,,0,0.9081,,0.850,0,
2635,3,62,fog-71,1,fog,5000.0,0.0000,0.0000,0,100.000,,0,0.9063,,0.850,0,
2636,3,63,fog-72,1,fog,0.0,0.0000,0.0000,0,100.000,,0,1.0000,,0.850,0,
2637,3,63,fog-72,1,fog,100.0,0.0000,0.0000,0,100.000,,0,0.9981,,0.850,0,
2638,3,63,fog-72,1,fog,200.0,0.0000,0.0000,0,100.000,,0,0.9963,,0.850,0,
2639,3,63,fog-72,1,fog,300.0,0.0000,0.0000,0,100.000,,0,0.9944,,0.850,0,
2640,3,63,fog-72,1,fog,400.0,0.0000,0.0000,0,100.000,,0,0.9925,,0.850,0,
2641,3,63,fog-72,1,fog,500.0,0.0000,0.0000,0,100.000,,0,0.9906,,0.850,0,
2642,3,63,fog-72,1,fog,600.0,0.0000,0.0000,0,100.000,,0,0.9888,,0.850,0,
2643,3,63,fog-72,1,fog,700.0,0.0000,0.0000,0,100.000,,0,0.9869,,0.850,0,
2644,3,63,fog-72,1,fog,800.0,0.0000,0.0000,11,100.500,0.0000,0,0.9850,,0.850,0,
2645,3,63,fog-72,1,fog,900.0,0.0000,0.0000,7,100.350,0.5092,0,0.9831,,0.850,0,
2646,3,63,fog-72,1,fog,1000.0,0.0000,0.0000,8,100.400,0.3514,0,0.9813,,0.850,0,
2647,3,63,fog-72,1,fog,1100.0,0.0000,0.0000,8,100.400,0.5443,0,0.9794,,0.850,0,
2648,3,63,fog-72,1,fog,1200.0,0.0000,0.0000,0,100.000,,0,0.9775,,0.850,0,
2649,3,63,fog-72,1,fog,1300.0,0.0000,0.0000,0,100.000,,0,0.9756,,0.850,0,
2650,3,63,fog-72,1,fog,1400.0,0.0000,0.0000,0,100.000,,0,0.9738,,0.850,0,
2651,3,63,fog-72,1,fog,1500.0,0.0000,0.0000,0,100.000,,0,0.9719,,0.850,0,
2652,3,63,fog-72,1,fog,1600.0,0.0000,0.0000,0,100.000,,0,0.9700,,0.850,0,
2653,3,63,fog-72,1,fog,1700.0,0.0000,0.0000,0,100.000,,0,0.9681,,0.850,0,
2654,3,63,fog-72,1,fog,1800.0,0.0000,0.0000,0,100.000,,0,0.9663,,0.850,0,
2655,3,63,fog-72,1,fog,1900.0,0.0000,0.0000,0,100.000,,0,0.9644,,0.850,0,
2656,3,63,fog-72,1,fog,2000.0,0.0000,0.0000,0,100.000,,0,0.9625,,0.850,0,
2657,3,63,fog-72,1,fog,2100.0,0.0000,0.0000,0,100.000,,0,0.9606,,0.850,0,
2658,3,63,fog-72,1,fog,2200.0,0.0000,0.0000,0,100.000,,0,0.9588,,0.850,0,
2659,3,63,fog-72,1,fog,2300.0,0.0000,0.0000,0,100.000,,0,0.9569,,0.850,0,
2660,3,63,fog-72,1,fog,2400.0,0.0000,0.0000,29,100.950,0.9717,0,0.9550,,0.850,0,
2661,3,63,fog-72,1,fog,2500.0,0.0000,0.0000,29,100.950,1.0000,0,0.9531,,0.850,0,
2662,3,63,fog-72,1,fog,2600.0,0.0000,0.0000,29,100.950,1.0000,0,0.9513,,0.850,0,
2663,3,63,fog-72,1,fog,2700.0,0.0000,0.0000,7,100.350,0.5590,0,0.9494,,0.850,0,
2664,3,63,fog-72,1,fog,2800.0,0.0000,0.0000,0,100.000,,0,0.9475,,0.850,0,
2665,3,63,fog-72,1,fog,2900.0,0.0000,0.0000,0,100.000,,0,0.9456,,0.850,0,
2666,3,63,fog-72,1,fog,3000.0,0.0000,0.0000,0,100.000,,0,0.9438,,0.850,0,
2667,3,63,fog-72,1,fog,3100.0,0.0000,0.0000,0,100.000,,0,0.9419,,0.850,0,
2668,3,63,fog-72,1,fog,3200.0,0.0000,0.0000,0,100.000,,0,0.9400,,0.850,0,
2669,3,63,fog-72,1,fog,3300.0,0.0000,0.0000,6,100.300,0.3499,0,0.9381,,0.850,0,
2670,3,63,fog-72,1,fog,3400.0,0.0000,0.0000,11,100.500,0.0000,0,0.9363,,0.850,0,
2671,3,63,fog-72,1,fog,3500.0,0.0000,0.0000,8,100.400,0.3514,0,0.9344,,0.850,0,
2672,3,63,fog-72,1,fog,3600.0,0.0000,0.0000,0,100.000,,0,0.9325,,0.850,0,
2673,3,63,fog-72,1,fog,3700.0,0.0000,0.0000,0,100.000,,0,0.9306,,0.850,0,
2674,3,63,fog-72,1,fog,3800.0,0.0000,0.0000,0,100.000,,0,0.9288,,0.850,0,
2675,3,63,fog-72,1,fog,3900.0,0.0000,0.0000,0,100.000,,0,0.9269,,0.850,0,
2676,3,63,fog-72,1,fog,4000.0,0.0000,0.0000,27,100.900,0.9176,0,0.9250,,0.850,0,
2677,3,63,fog-72,1,fog,4100.0,0.0000,0.0000,9,100.450,0.2940,0,0.9231,,0.850,0,
2678,3,63,fog-72,1,fog,4200.0,0.0000,0.0000,7,100.350,0.3333,0,0.9213,,0.850,0,
2679,3,63,fog-72,1,fog,4300.0,0.0000,0.0000,0,100.000,,0,0.9194,,0.850,0,
2680,3,63,fog-72,1,fog,4400.0,0.0000,0.0000,0,100.000,,0,0.9175,,0.850,0,
2681,3,63,fog-72,1,fog,4500.0,0.0000,0.0000,0,100.000,,0,0.9156,,0.850,0,
2682,3,63,fog-72,1,fog,4600.0,0.0000,0.0000,0,100.000,,0,0.9138,,0.850,0,
2683,3,63,fog-72,1,fog,4700.0,0.0000,0.0000,0,100.000,,0,0.9119,,0.850,0,
2684,3,63,fog-72,1,fog,4800.0,0.0000,0.0000,0,100.000,,0,0.9100,,0.850,0,
2685,3,63,fog-72,1,fog,4900.0,0.0000,0.0000,9,100.450,0.0000,0,0.9081,,0.850,0,
2686,3,63,fog-72,1,fog,5000.0,0.0000,0.0000,7,100.350,0.5092,0,0.9063,,0.850,0,
2687,3,64,fog-73,1,fog,0.0,0.0000,0.0000,0,100.000,,0,1.0000,,0.850,0,
2688,3,64,fog-73,1,fog,100.0,0.0000,0.0000,0,100.000,,0,0.9981,,0.850,0,
2689,3,64,fog-73,1,fog,200.0,0.0000,0.0000,0,100.000,,0,0.9963,,0.850,0,
2690,3,64,fog-73,1,fog,300.0,0.0000,0.0000,0,100.000,,0,0.9944,,0.850,0,
2691,3,64,fog-73,1,fog,400.0,0.0000,0.0000,0,100.000,,0,0.9925,,0.850,0,
2692,3,64,fog-73,1,fog,500.0,0.0000,0.0000,0,100.000,,0,0.9906,,0.850,0,
2693,3,64,fog-73,1,fog,600.0,0.0000,0.0000,0,100.000,,0,0.9888,,0.850,0,
2694,3,64,fog-73,1,fog,700.0,0.0000,0.0000,0,100.000,,0,0.9869,,0.850,0,
2695,3,64,fog-73,1,fog,800.0,0.0000,0.0000,0,100.000,,0,0.9850,,0.850,0,
2696,3,64,fog-73,1,fog,900.0,0.0000,0.0000,0,100.000,,0,0.9831,,0.850,0,
2697,3,64,fog-73,1,fog,1000.0,0.0000,0.0000,0,100.000,,0,0.9813,,0.850,0,
2698,3,64,fog-73,1,fog,1100.0,0.0000,0.0000,0,100.000,,0,0.9794,,0.850,0,
2699,3,64,fog-73,1,fog,1200.0,0.0000,0.0000,0,100.000,,0,0.9775,,0.850,0,
2700,3,64,fog-73,1,fog,1300.0,0.0000,0.0000,0,100.000,,0,0.9756,,0.850,0,
2701,3,64,fog-73,1,fog,1400.0,0.0000,0.0000,0,100.000,,0,0.9738,,0.850,0,
2702,3,64,fog-73,1,fog,1500.0,0.0000,0.0000,0,100.000,,0,0.9719,,0.850,0,
2703,3,64,fog-73,1,fog,1600.0,0.0000,0.0000,0,100.000,,0,0.9700,,0.850,0,
2704,3,64,fog-73,1,fog,1700.0,0.0000,0.0000,0,100.000,,0,0.9681,,0.850,0,
2705,3,64,fog-73,1,fog,1800.0,0.0000,0.0000,0,100.000,,0,0.9663,,0.850,0,
2706,3,64,fog-73,1,fog,1900.0,0.0000,0.0000,0,100.000,,0,0.9644,,0.850,0,
2707,3,64,fog-73,1,fog,2000.0,0.0000,0.0000,0,100.000,,0,0.9625,,0.850,0,
2708,3,64,fog-73,1,fog,2100.0,0.0000,0.0000,0,100.000,,0,0.9606,,0.850,0,
2709,3,64,fog-73,1,fog,2200.0,0.0000,0.0000,0,100.000,,0,0.9588,,0.850,0,
2710,3,64,fog-73,1,fog,2300.0,0.0000,0.0000,0,100.000,,0,0.9569,,0.850,0,
2711,3,64,fog-73,1,fog,2400.0,0.0000,0.0000,0,100.000,,0,0.9550,,0.850,0,
2712,3,64,fog-73,1,fog,2500.0,0.0000,0.0000,0,100.000,,0,0.9531,,0.850,0,
2713,3,64,fog-73,1,fog,2600.0,0.0000,0.0000,0,100.000,,0,0.9513,,0.850,0,
2714,3,64,fog-73,1,fog,2700.0,0.0000,0.0000,0,100.000,,0,0.9494,,0.850,0,
2715,3,64,fog-73,1,fog,2800.0,0.0000,0.0000,0,100.000,,0,0.9475,,0.850,0,
2716,3,64,fog-73,1,fog,2900.0,0.0000,0.0000,0,100.000,,0,0.9456,,0.850,0,
2717,3,64,fog-73,1,fog,3000.0,0.0000,0.0000,0,100.000,,0,0.9438,,0.850,0,
2718,3,64,fog-73,1,fog,3100.0,0.0000,0.0000,0,100.000,,0,0.9419,,0.850,0,
2719,3,64,fog-73,1,fog,3200.0,0.0000,0.0000,0,100.000,,0,0.9400,,0.850,0,
2720,3,64,fog-73,1,fog,3300.0,0.0000,0.0000,0,100.000,,0,0.9381,,0.850,0,
2721,3,64,fog-73,1,fog,3400.0,0.0000,0.0000,0,100.000,,0,0.9363,,0.850,0,
2722,3,64,fog-73,1,fog,3500.0,0.0000,0.0000,0,100.000,,0,0.9344,,0.850,0,
2723,3,64,fog-73,1,fog,3600.0,0.0000,0.0000,0,100.000,,0,0.9325,,0.850,0,
2724,3,64,fog-73,1,fog,3700.0,0.0000,0.0000,0,100.000,,0,0.9306,,0.850,0,
2725,3,64,fog-73,1,fog,3800.0,0.0000,0.0000,0,100.000,,0,0.9288,,0.850,0,
2726,3,64,fog-73,1,fog,3900.0,0.0000,0.0000,0,100.000,,0,0.9269,,0.850,0,
2727,3,64,fog-73,1,fog,4000.0,0.0000,0.0000,0,100.000,,0,0.9250,,0.850,0,
2728,3,64,fog-73,1,fog,4100.0,0.0000,0.0000,0,100.000,,0,0.9231,,0.850,0,
2729,3,64,fog-73,1,fog,4200.0,0.0000,0.0000,0,100.000,,0,0.9213,,0.850,0,
2730,3,64,fog-73,1,fog,4300.0,0.0000,0.0000,0,100.000,,0,0.9194,,0.850,0,
2731,3,64,fog-73,1,fog,4400.0,0.0000,0.0000,0,100.000,,0,0.9175,,0.850,0,
2732,3,64,fog-73,1,fog,4500.0,0.0000,0.0000,0,100.000,,0,0.9156,,0.850,0,
2733,3,64,fog-73,1,fog,4600.0,0.0000,0.0000,0,100.000,,0,0.9138,,0.850,0,
2734,3,64,fog-73,1,fog,4700.0,0.0000,0.0000,0,100.000,,0,0.9119,,0.850,0,
2735,3,64,fog-73,1,fog,4800.0,0.0000,0.0000,0,100.000,,0,0.9100,,0.850,0,
2736,3,64,fog-73,1,fog,4900.0,0.0000,0.0000,0,100.000,,0,0.9081,,0.850,0,
2737,3,64,fog-73,1,fog,5000.0,0.0000,0.0000,0,100.000,,0,0.9063,,0.850,0,
2738,3,65,fog-74,1,fog,0.0,0.0000,0.0000,0,100.000,,0,1.0000,,0.850,0,
2739,3,65,fog-74,1,fog,100.0,0.0000,0.0000,0,100.000,,0,0.9981,,0.850,0,
2740,3,65,fog-74,1,fog,200.0,0.0000,0.0000,0,100.000,,0,0.9963,,0.850,0,
2741,3,65,fog-74,1,fog,300.0,0.0000,0.0000,11,100.500,0.0000,0,0.9944,,0.850,0,
2742,3,65,fog-74,1,fog,400.0,0.0000,0.0000,0,100.000,,0,0.9925,,0.850,0,
2743,3,65,fog-74,1,fog,500.0,0.0000,0.0000,0,100.000,,0,0.9906,,0.850,0,
2744,3,65,fog-74,1,fog,600.0,0.0000,0.0000,0,100.000,,0,0.9888,,0.850,0,
2745,3,65,fog-74,1,fog,700.0,0.0000,0.0000,0,100.000,,0,0.9869,,0.850,0,
2746,3,65,fog-74,1,fog,800.0,0.0000,0.0000,0,100.000,,0,0.9850,,0.850,0,
2747,3,65,fog-74,1,fog,900.0,0.0000,0.0000,0,100.000,,0,0.9831,,0.850,0,
2748,3,65,fog-74,1,fog,1000.0,0.0000,0.0000,0,100.000,,0,0.9813,,0.850,0,
2749,3,65,fog-74,1,fog,1100.0,0.0000,0.0000,0,100.000,,0,0.9794,,0.850,0,
2750,3,65,fog-74,1,fog,1200.0,0.0000,0.0000,0,100.000,,0,0.9775,,0.850,0,
2751,3,65,fog-74,1,fog,1300.0,0.0000,0.0000,0,100.000,,0,0.9756,,0.850,0,
2752,3,65,fog-74,1,fog,1400.0,0.0000,0.0000,9,100.450,0.0000,0,0.9738,,0.850,0,
2753,3,65,fog-74,1,fog,1500.0,0.0000,0.0000,7,100.350,0.5092,0,0.9719,,0.850,0,
2754,3,65,fog-74,1,fog,1600.0,0.0000,0.0000,11,100.500,0.0000,0,0.9700,,0.850,0,
2755,3,65,fog-74,1,fog,1700.0,0.0000,0.0000,0,100.000,,0,0.9681,,0.850,0,
2756,3,65,fog-74,1,fog,1800.0,0.0000,0.0000,0,100.000,,0,0.9663,,0.850,0,
2757,3,65,fog-74,1,fog,1900.0,0.0000,0.0000,0,100.000,,0,0.9644,,0.850,0,
2758,3,65,fog-74,1,fog,2000.0,0.0000,0.0000,0,100.000,,0,0.9625,,0.850,0,
2759,3,65,fog-74,1,fog,2100.0,0.0000,0.0000,9,100.450,0.2940,0,0.9606,,0.850,0,
2760,3,65,fog-74,1,fog,2200.0,0.0000,0.0000,0,100.000,,0,0.9588,,0.850,0,
2761,3,65,fog-74,1,fog,2300.0,0.0000,0.0000,0,100.000,,0,0.9569,,0.850,0,
2762,3,65,fog-74,1,fog,2400.0,0.0000,0.0000,0,100.000,,0,0.9550,,0.850,0,
2763,3,65,fog-74,1,fog,2500.0,0.0000,0.0000,0,100.000,,0,0.9531,,0.850,0,
2764,3,65,fog-74,1,fog,2600.0,0.0000,0.0000,0,100.000,,0,0.9513,,0.850,0,
2765,3,65,fog-74,1,fog,2700.0,0.0000,0.0000,0,100.000,,0,0.9494,,0.850,0,
2766,3,65,fog-74,1,fog,2800.0,0.0000,0.0000,0,100.000,,0,0.9475,,0.850,0,
2767,3,65,fog-74,1,fog,2900.0,0.0000,0.0000,0,100.000,,0,0.9456,,0.850,0,
2768,3,65,fog-74,1,fog,3000.0,0.0000,0.0000,11,100.500,0.0000,0,0.9438,,0.850,0,
2769,3,65,fog-74,1,fog,3100.0,0.0000,0.0000,8,100.400,0.5443,0,0.9419,,0.850,0,
2770,3,65,fog-74,1,fog,3200.0,0.0000,0.0000,11,100.500,0.0000,0,0.9400,,0.850,0,
2771,3,65,fog-74,1,fog,3300.0,0.0000,0.0000,0,100.000,,0,0.9381,,0.850,0,
2772,3,65,fog-74,1,fog,3400.0,0.0000,0.0000,0,100.000,,0,0.9363,,0.850,0,
2773,3,65,fog-74,1,fog,3500.0,0.0000,0.0000,0,100.000,,0,0.9344,,0.850,0,
2774,3,65,fog-74,1,fog,3600.0,0.0000,0.0000,0,100.000,,0,0.9325,,0.850,0,
2775,3,65,fog-74,1,fog,3700.0,0.0000,0.0000,7,100.350,0.3536,0,0.9306,,0.850,0,
2776,3,65,fog-74,1,fog,3800.0,0.0000,0.0000,0,100.000,,0,0.9288,,0.850,0,
2777,3,65,fog-74,1,fog,3900.0,0.0000,0.0000,0,100.000,,0,0.9269,,0.850,0,
2778,3,65,fog-74,1,fog,4000.0,0.0000,0.0000,0,100.000,,0,0.9250,,0.850,0,
2779,3,65,fog-74,1,fog,4100.0,0.0000,0.0000,0,100.000,,0,0.9231,,0.850,0,
2780,3,65,fog-74,1,fog,4200.0,0.0000,0.0000,0,100.000,,0,0.9213,,0.850,0,
2781,3,65,fog-74,1,fog,4300.0,0.0000,0.0000,0,100.000,,0,0.9194,,0.850,0,
2782,3,65,fog-74,1,fog,4400.0,0.0000,0.0000,0,100.000,,0,0.9175,,0.850,0,
2783,3,65,fog-74,1,fog,4500.0,0.0000,0.0000,0,100.000,,0,0.9156,,0.850,0,
2784,3,65,fog-74,1,fog,4600.0,0.0000,0.0000,9,100.450,0.2940,0,0.9138,,0.850,0,
2785,3,65,fog-74,1,fog,4700.0,0.0000,0.0000,11,100.500,0.0000,0,0.9119,,0.850,0,
2786,3,65,fog-74,1,fog,4800.0,0.0000,0.0000,8,100.400,0.3514,0,0.9100,,0.850,0,
2787,3,65,fog-74,1,fog,4900.0,0.0000,0.0000,0,100.000,,0,0.9081,,0.850,0,
2788,3,65,fog-74,1,fog,5000.0,0.0000,0.0000,0,100.000,,0,0.9063,,0.850,0,
2789,3,66,fog-75,1,fog,0.0,0.0000,0.0000,0,100.000,,0,1.0000,,0.850,0,
2790,3,66,fog-75,1,fog,100.0,0.0000,0.0000,0,100.000,,0,0.9981,,0.850,0,
2791,3,66,fog-75,1,fog,200.0,0.0000,0.0000,0,100.000,,0,0.9963,,0.850,0,
2792,3,66,fog-75,1,fog,300.0,0.0000,0.0000,0,100.000,,0,0.9944,,0.850,0,
2793,3,66,fog-75,1,fog,400.0,0.0000,0.0000,0,100.000,,0,0.9925,,0.850,0,
2794,3,66,fog-75,1,fog,500.0,0.0000,0.0000,9,100.450,0.2940,0,0.9906,,0.850,0,
2795,3,66,fog-75,1,fog,600.0,0.0000,0.0000,0,100.000,,0,0.9888,,0.850,0,
2796,3,66,fog-75,1,fog,700.0,0.0000,0.0000,0,100.000,,0,0.9869,,0.850,0,
2797,3,66,fog-75,1,fog,800.0,0.0000,0.0000,0,100.000,,0,0.9850,,0.850,0,
2798,3,66,fog-75,1,fog,900.0,0.0000,0.0000,0,100.000,,0,0.9831,,0.850,0,
2799,3,66,fog-75,1,fog,1000.0,0.0000,0.0000,0,100.000,,0,0.9813,,0.850,0,
2800,3,66,fog-75,1,fog,1100.0,0.0000,0.0000,0,100.000,,0,0.9794,,0.850,0,
2801,3,66,fog-75,1,fog,1200.0,0.0000,0.0000,0,100.000,,0,0.9775,,0.850,0,
2802,3,66,fog-75,1,fog,1300.0,0.0000,0.0000,0,100.000,,0,0.9756,,0.850,0,
2803,3,66,fog-75,1,fog,1400.0,0.0000,0.0000,0,100.000,,0,0.9738,,0.850,0,
2804,3,66,fog-75,1,fog,1500.0,0.0000,0.0000,0,100.000,,0,0.9719,,0.850,0,
2805,3,66,fog-75,1,fog,1600.0,0.0000,0.0000,11,100.500,0.0000,0,0.9700,,0.850,0,
2806,3,66,fog-75,1,fog,1700.0,0.0000,0.0000,0,100.000,,0,0.9681,,0.850,0,
2807,3,66,fog-75,1,fog,1800.0,0.0000,0.0000,0,100.000,,0,0.9663,,0.850,0,
2808,3,66,fog-75,1,fog,1900.0,0.0000,0.0000,0,100.000,,0,0.9644,,0.850,0,
2809,3,66,fog-75,1,fog,2000.0,0.0000,0.0000,0,100.000,,0,0.9625,,0.850,0,
2810,3,66,fog-75,1,fog,2100.0,0.0000,0.0000,0,100.000,,0,0.9606,,0.850,0,
2811,3,66,fog-75,1,fog,2200.0,0.0000,0.0000,0,100.000,,0,0.9588,,0.850,0,
2812,3,66,fog-75,1,fog,2300.0,0.0000,0.0000,9,100.450,0.2940,0,0.9569,,0.850,0,
2813,3,66,fog-75,1,fog,2400.0,0.0000,0.0000,0,100.000,,0,0.9550,,0.850,0,
2814,3,66,fog-75,1,fog,2500.0,0.0000,0.0000,0,100.000,,0,0.9531,,0.850,0,
2815,3,66,fog-75,1,fog,2600.0,0.0000,0.0000,0,100.000,,0,0.9513,,0.850,0,
2816,3,66,fog-75,1,fog,2700.0,0.0000,0.0000,0,100.000,,0,0.9494,,0.850,0,
2817,3,66,fog-75,1,fog,2800.0,0.0000,0.0000,0,100.000,,0,0.9475,,0.850,0,
2818,3,66,fog-75,1,fog,2900.0,0.0000,0.0000,0,100.000,,0,0.9456,,0.850,0,
2819,3,66,fog-75,1,fog,3000.0,0.0000,0.0000,0,100.000,,0,0.9438,,0.850,0,
2820,3,66,fog-75,1,fog,3100.0,0.0000,0.0000,7,100.350,0.5092,0,0.9419,,0.850,0,
2821,3,66,fog-75,1,fog,3200.0,0.0000,0.0000,11,100.500,0.0000,0,0.9400,,0.850,0,
2822,3,66,fog-75,1,fog,3300.0,0.0000,0.0000,0,100.000,,0,0.9381,,0.850,0,
2823,3,66,fog-75,1,fog,3400.0,0.0000,0.0000,0,100.000,,0,0.9363,,0.850,0,
2824,3,66,fog-75,1,fog,3500.0,0.0000,0.0000,0,100.000,,0,0.9344,,0.850,0,
2825,3,66,fog-75,1,fog,3600.0,0.0000,0.0000,0,100.000,,0,0.9325,,0.850,0,
2826,3,66,fog-75,1,fog,3700.0,0.0000,0.0000,0,100.000,,0,0.9306,,0.850,0,
2827,3,66,fog-75,1,fog,3800.0,0.0000,0.0000,0,100.000,,0,0.9288,,0.850,0,
2828,3,66,fog-75,1,fog,3900.0,0.0000,0.0000,9,100.450,0.2940,0,0.9269,,0.850,0,
2829,3,66,fog-75,1,fog,4000.0,0.0000,0.0000,11,100.500,0.0000,0,0.9250,,0.850,0,
2830,3,66,fog-75,1,fog,4100.0,0.0000,0.0000,0,100.000,,0,0.9231,,0.850,0,
2831,3,66,fog-75,1,fog,4200.0,0.0000,0.0000,0,100.000,,0,0.9213,,0.850,0,
2832,3,66,fog-75,1,fog,4300.0,0.0000,0.0000,0,100.000,,0,0.9194,,0.850,0,
2833,3,66,fog-75,1,fog,4400.0,0.0000,0.0000,0,100.000,,0,0.9175,,0.850,0,
2834,3,66,fog-75,1,fog,4500.0,0.0000,0.0000,0,100.000,,0,0.9156,,0.850,0,
2835,3,66,fog-75,1,fog,4600.0,0.0000,0.0000,0,100.000,,0,0.9138,,0.850,0,
2836,3,66,fog-75,1,fog,4700.0,0.0000,0.0000,9,100.450,0.0000,0,0.9119,,0.850,0,
2837,3,66,fog-75,1,fog,4800.0,0.0000,0.0000,0,100.000,,0,0.9100,,0.850,0,
2838,3,66,fog-75,1,fog,4900.0,0.0000,0.0000,0,100.000,,0,0.9081,,0.850,0,
2839,3,66,fog-75,1,fog,5000.0,0.0000,0.0000,0,100.000,,0,0.9063,,0.850,0,
2840,3,67,fog-76,1,fog,0.0,0.0000,0.0000,0,100.000,,0,1.0000,,0.850,0,
2841,3,67,fog-76,1,fog,100.0,0.0000,0.0000,0,100.000,,0,0.9981,,0.850,0,
2842,3,67,fog-76,1,fog,200.0,0.0000,0.0000,0,100.000,,0,0.9963,,0.850,0,
2843,3,67,fog-76,1,fog,300.0,0.0000,0.0000,0,100.000,,0,0.9944,,0.850,0,
2844,3,67,fog-76,1,fog,400.0,0.0000,0.0000,0,100.000,,0,0.9925,,0.850,0,
2845,3,67,fog-76,1,fog,500.0,0.0000,0.0000,0,100.000,,0,0.9906,,0.850,0,
2846,3,67,fog-76,1,fog,600.0,0.0000,0.0000,0,100.000,,0,0.9888,,0.850,0,
2847,3,67,fog-76,1,fog,700.0,0.0000,0.0000,0,100.000,,0,0.9869,,0.850,0,
2848,3,67,fog-76,1,fog,800.0,0.0000,0.0000,0,100.000,,0,0.9850,,0.850,0,
2849,3,67,fog-76,1,fog,900.0,0.0000,0.0000,0,100.000,,0,0.9831,,0.850,0,
2850,3,67,fog-76,1,fog,1000.0,0.0000,0.0000,0,100.000,,0,0.9813,,0.850,0,
2851,3,67,fog-76,1,fog,1100.0,0.0000,0.0000,0,100.000,,0,0.9794,,0.850,0,
2852,3,67,fog-76,1,fog,1200.0,0.0000,0.0000,0,100.000,,0,0.9775,,0.850,0,
2853,3,67,fog-76,1,fog,1300.0,0.0000,0.0000,0,100.000,,0,0.9756,,0.850,0,
2854,3,67,fog-76,1,fog,1400.0,0.0000,0.0000,0,100.000,,0,0.9738,,0.850,0,
2855,3,67,fog-76,1,fog,1500.0,0.0000,0.0000,0,100.000,,0,0.9719,,0.850,0,
2856,3,67,fog-76,1,fog,1600.0,0.0000,0.0000,0,100.000,,0,0.9700,,0.850,0,
2857,3,67,fog-76,1,fog,1700.0,0.0000,0.0000,0,100.000,,0,0.9681,,0.850,0,
2858,3,67,fog-76,1,fog,1800.0,0.0000,0.0000,0,100.000,,0,0.9663,,0.850,0,
2859,3,67,fog-76,1,fog,1900.0,0.0000,0.0000,0,100.000,,0,0.9644,,0.850,0,
2860,3,67,fog-76,1,fog,2000.0,0.0000,0.0000,0,100.000,,0,0.9625,,0.850,0,
2861,3,67,fog-76,1,fog,2100.0,0.0000,0.0000,0,100.000,,0,0.9606,,0.850,0,
2862,3,67,fog-76,1,fog,2200.0,0.0000,0.0000,0,100.000,,0,0.9588,,0.850,0,
2863,3,67,fog-76,1,fog,2300.0,0.0000,0.0000,0,100.000,,0,0.9569,,0.850,0,
2864,3,67,fog-76,1,fog,2400.0,0.0000,0.0000,0,100.000,,0,0.9550,,0.850,0,
2865,3,67,fog-76,1,fog,2500.0,0.0000,0.0000,0,100.000,,0,0.9531,,0.850,0,
2866,3,67,fog-76,1,fog,2600.0,0.0000,0.0000,0,100.000,,0,0.9513,,0.850,0,
2867,3,67,fog-76,1,fog,2700.0,0.0000,0.0000,0,100.000,,0,0.9494,,0.850,0,
2868,3,67,fog-76,1,fog,2800.0,0.0000,0.0000,0,100.000,,0,0.9475,,0.850,0,
2869,3,67,fog-76,1,fog,2900.0,0.0000,0.0000,0,100.000,,0,0.9456,,0.850,0,
2870,3,67,fog-76,1,fog,3000.0,0.0000,0.0000,0,100.000,,0,0.9438,,0.850,0,
2871,3,67,fog-76,1,fog,3100.0,0.0000,0.0000,0,100.000,,0,0.9419,,0.850,0,
2872,3,67,fog-76,1,fog,3200.0,0.0000,0.0000,0,100.000,,0,0.9400,,0.850,0,
2873,3,67,fog-76,1,fog,3300.0,0.0000,0.0000,0,100.000,,0,0.9381,,0.850,0,
2874,3,67,fog-76,1,fog,3400.0,0.0000,0.0000,0,100.000,,0,0.9363,,0.850,0,
2875,3,67,fog-76,1,fog,3500.0,0.0000,0.0000,0,100.000,,0,0.9344,,0.850,0,
2876,3,67,fog-76,1,fog,3600.0,0.0000,0.0000,0,100.000,,0,0.9325,,0.850,0,
2877,3,67,fog-76,1,fog,3700.0,0.0000,0.0000,0,100.000,,0,0.9306,,0.850,0,
2878,3,67,fog-76,1,fog,3800.0,0.0000,0.0000,0,100.000,,0,0.9288,,0.850,0,
2879,3,67,fog-76,1,fog,3900.0,0.0000,0.0000,0,100.000,,0,0.9269,,0.850,0,
2880,3,67,fog-76,1,fog,4000.0,0.0000,0.0000,0,100.000,,0,0.9250,,0.850,0,
2881,3,67,fog-76,1,fog,4100.0,0.0000,0.0000,0,100.000,,0,0.9231,,0.850,0,
2882,3,67,fog-76,1,fog,4200.0,0.0000,0.0000,0,100.000,,0,0.9213,,0.850,0,
2883,3,67,fog-76,1,fog,4300.0,0.0000,0.0000,0,100.000,,0,0.9194,,0.850,0,
2884,3,67,fog-76,1,fog,4400.0,0.0000,0.0000,0,100.000,,0,0.9175,,0.850,0,
2885,3,67,fog-76,1,fog,4500.0,0.0000,0.0000,0,100.000,,0,0.9156,,0.850,0,
2886,3,67,fog-76,1,fog,4600.0,0.0000,0.0000,0,100.000,,0,0.9138,,0.850,0,
2887,3,67,fog-76,1,fog,4700.0,0.0000,0.0000,0,100.000,,0,0.9119,,0.850,0,
2888,3,67,fog-76,1,fog,4800.0,0.0000,0.0000,0,100.000,,0,0.9100,,0.850,0,
2889,3,67,fog-76,1,fog,4900.0,0.0000,0.0000,0,100.000,,0,0.9081,,0.850,0,
2890,3,67,fog-76,1,fog,5000.0,0.0000,0.0000,0,100.000,,0,0.9063,,0.850,0,
2891,3,68,fog-77,1,fog,0.0,0.0000,0.0000,0,100.000,,0,1.0000,,0.850,0,
2892,3,68,fog-77,1,fog,100.0,0.0000,0.0000,0,100.000,,0,0.9981,,0.850,0,
2893,3,68,fog-77,1,fog,200.0,0.0000,0.0000,0,100.000,,0,0.9963,,0.850,0,
2894,3,68,fog-77,1,fog,300.0,0.0000,0.0000,0,100.000,,0,0.9944,,0.850,0,
2895,3,68,fog-77,1,fog,400.0,0.0000,0.0000,0,100.000,,0,0.9925,,0.850,0,
2896,3,68,fog-77,1,fog,500.0,0.0000,0.0000,0,100.000,,0,0.9906,,0.850,0,
2897,3,68,fog-77,1,fog,600.0,0.0000,0.0000,0,100.000,,0,0.9888,,0.850,0,
2898,3,68,fog-77,1,fog,700.0,0.0000,0.0000,0,100.000,,0,0.9869,,0.850,0,
2899,3,68,fog-77,1,fog,800.0,0.0000,0.0000,0,100.000,,0,0.9850,,0.850,0,
2900,3,68,fog-77,1,fog,900.0,0.0000,0.0000,0,100.000,,0,0.9831,,0.850,0,
2901,3,68,fog-77,1,fog,1000.0,0.0000,0.0000,0,100.000,,0,0.9813,,0.850,0,
2902,3,68,fog-77,1,fog,1100.0,0.0000,0.0000,0,100.000,,0,0.9794,,0.850,0,
2903,3,68,fog-77,1,fog,1200.0,0.0000,0.0000,0,100.000,,0,0.9775,,0.850,0,
2904,3,68,fog-77,1,fog,1300.0,0.0000,0.0000,0,100.000,,0,0.9756,,0.850,0,
2905,3,68,fog-77,1,fog,1400.0,0.0000,0.0000,0,100.000,,0,0.9738,,0.850,0,
2906,3,68,fog-77,1,fog,1500.0,0.0000,0.0000,0,100.000,,0,0.9719,,0.850,0,
2907,3,68,fog-77,1,fog,1600.0,0.0000,0.0000,0,100.000,,0,0.9700,,0.850,0,
2908,3,68,fog-77,1,fog,1700.0,0.0000,0.0000,0,100.000,,0,0.9681,,0.850,0,
2909,3,68,fog-77,1,fog,1800.0,0.0000,0.0000,0,100.000,,0,0.9663,,0.850,0,
2910,3,68,fog-77,1,fog,1900.0,0.0000,0.0000,0,100.000,,0,0.9644,,0.850,0,
2911,3,68,fog-77,1,fog,2000.0,0.0000,0.0000,0,100.000,,0,0.9625,,0.850,0,
2912,3,68,fog-77,1,fog,2100.0,0.0000,0.0000,0,100.000,,0,0.9606,,0.850,0,
2913,3,68,fog-77,1,fog,2200.0,0.0000,0.0000,0,100.000,,0,0.9588,,0.850,0,
2914,3,68,fog-77,1,fog,2300.0,0.0000,0.0000,0,100.000,,0,0.9569,,0.850,0,
2915,3,68,fog-77,1,fog,2400.0,0.0000,0.0000,0,100.000,,0,0.9550,,0.850,0,
2916,3,68,fog-77,1,fog,2500.0,0.0000,0.0000,0,100.000,,0,0.9531,,0.850,0,
2917,3,68,fog-77,1,fog,2600.0,0.0000,0.0000,0,100.000,,0,0.9513,,0.850,0,
2918,3,68,fog-77,1,fog,2700.0,0.0000,0.0000,0,100.000,,0,0.9494,,0.850,0,
2919,3,68,fog-77,1,fog,2800.0,0.0000,0.0000,0,100.000,,0,0.9475,,0.850,0,
2920,3,68,fog-77,1,fog,2900.0,0.0000,0.0000,0,100.000,,0,0.9456,,0.850,0,
2921,3,68,fog-77,1,fog,3000.0,0.0000,0.0000,0,100.000,,0,0.9438,,0.850,0,
2922,3,68,fog-77,1,fog,3100.0,0.0000,0.0000,0,100.000,,0,0.9419,,0.850,0,
2923,3,68,fog-77,1,fog,3200.0,0.0000,0.0000,0,100.000,,0,0.9400,,0.850,0,
2924,3,68,fog-77,1,fog,3300.0,0.0000,0.0000,0,100.000,,0,0.9381,,0.850,0,
2925,3,68,fog-77,1,fog,3400.0,0.0000,0.0000,0,100.000,,0,0.9363,,0.850,0,
2926,3,68,fog-77,1,fog,3500.0,0.0000,0.0000,0,100.000,,0,0.9344,,0.850,0,
2927,3,68,fog-77,1,fog,3600.0,0.0000,0.0000,0,100.000,,0,0.9325,,0.850,0,
2928,3,68,fog-77,1,fog,3700.0,0.0000,0.0000,0,100.000,,0,0.9306,,0.850,0,
2929,3,68,fog-77,1,fog,3800.0,0.0000,0.0000,0,100.000,,0,0.9288,,0.850,0,
2930,3,68,fog-77,1,fog,3900.0,0.0000,0.0000,0,100.000,,0,0.9269,,0.850,0,
2931,3,68,fog-77,1,fog,4000.0,0.0000,0.0000,0,100.000,,0,0.9250,,0.850,0,
2932,3,68,fog-77,1,fog,4100.0,0.0000,0.0000,0,100.000,,0,0.9231,,0.850,0,
2933,3,68,fog-77,1,fog,4200.0,0.0000,0.0000,0,100.000,,0,0.9213,,0.850,0,
2934,3,68,fog-77,1,fog,4300.0,0.0000,0.0000,0,100.000,,0,0.9194,,0.850,0,
2935,3,68,fog-77,1,fog,4400.0,0.0000,0.0000,0,100.000,,0,0.9175,,0.850,0,
2936,3,68,fog-77,1,fog,4500.0,0.0000,0.0000,0,100.000,,0,0.9156,,0.850,0,
2937,3,68,fog-77,1,fog,4600.0,0.0000,0.0000,0,100.000,,0,0.9138,,0.850,0,
2938,3,68,fog-77,1,fog,4700.0,0.0000,0.0000,0,100.000,,0,0.9119,,0.850,0,
2939,3,68,fog-77,1,fog,4800.0,0.0000,0.0000,0,100.000,,0,0.9100,,0.850,0,
2940,3,68,fog-77,1,fog,4900.0,0.0000,0.0000,0,100.000,,0,0.9081,,0.850,0,
2941,3,68,fog-77,1,fog,5000.0,0.0000,0.0000,0,100.000,,0,0.9063,,0.850,0,
2942,3,69,fog-78,1,fog,0.0,0.0000,0.0000,0,100.000,,0,1.0000,,0.850,0,
2943,3,69,fog-78,1,fog,100.0,0.0000,0.0000,0,100.000,,0,0.9981,,0.850,0,
2944,3,69,fog-78,1,fog,200.0,0.0000,0.0000,0,100.000,,0,0.9963,,0.850,0,
2945,3,69,fog-78,1,fog,300.0,0.0000,0.0000,0,100.000,,0,0.9944,,0.850,0,
2946,3,69,fog-78,1,fog,400.0,0.0000,0.0000,0,100.000,,0,0.9925,,0.850,0,
2947,3,69,fog-78,1,fog,500.0,0.0000,0.0000,0,100.000,,0,0.9906,,0.850,0,
2948,3,69,fog-78,1,fog,600.0,0.0000,0.0000,0,100.000,,0,0.9888,,0.850,0,
2949,3,69,fog-78,1,fog,700.0,0.0000,0.0000,0,100.000,,0,0.9869,,0.850,0,
2950,3,69,fog-78,1,fog,800.0,0.0000,0.0000,0,100.000,,0,0.9850,,0.850,0,
2951,3,69,fog-78,1,fog,900.0,0.0000,0.0000,0,100.000,,0,0.9831,,0.850,0,
2952,3,69,fog-78,1,fog,1000.0,0.0000,0.0000,0,100.000,,0,0.9813,,0.850,0,
2953,3,69,fog-78,1,fog,1100.0,0.0000,0.0000,0,100.000,,0,0.9794,,0.850,0,
2954,3,69,fog-78,1,fog,1200.0,0.0000,0.0000,0,100.000,,0,0.9775,,0.850,0,
2955,3,69,fog-78,1,fog,1300.0,0.0000,0.0000,0,100.000,,0,0.9756,,0.850,0,
2956,3,69,fog-78,1,fog,1400.0,0.0000,0.0000,0,100.000,,0,0.9738,,0.850,0,
2957,3,69,fog-78,1,fog,1500.0,0.0000,0.0000,0,100.000,,0,0.9719,,0.850,0,
2958,3,69,fog-78,1,fog,1600.0,0.0000,0.0000,0,100.000,,0,0.9700,,0.850,0,
2959,3,69,fog-78,1,fog,1700.0,0.0000,0.0000,0,100.000,,0,0.9681,,0.850,0,
2960,3,69,fog-78,1,fog,1800.0,0.0000,0.0000,0,100.000,,0,0.9663,,0.850,0,
2961,3,69,fog-78,1,fog,1900.0,0.0000,0.0000,0,100.000,,0,0.9644,,0.850,0,
2962,3,69,fog-78,1,fog,2000.0,0.0000,0.0000,0,100.000,,0,0.9625,,0.850,0,
2963,3,69,fog-78,1,fog,2100.0,0.0000,0.0000,0,100.000,,0,0.9606,,0.850,0,
2964,3,69,fog-78,1,fog,2200.0,0.0000,0.0000,0,100.000,,0,0.9588,,0.850,0,
2965,3,69,fog-78,1,fog,2300.0,0.0000,0.0000,0,100.000,,0,0.9569,,0.850,0,
2966,3,69,fog-78,1,fog,2400.0,0.0000,0.0000,0,100.000,,0,0.9550,,0.850,0,
2967,3,69,fog-78,1,fog,2500.0,0.0000,0.0000,0,100.000,,0,0.9531,,0.850,0,
2968,3,69,fog-78,1,fog,2600.0,0.0000,0.0000,0,100.000,,0,0.9513,,0.850,0,
2969,3,69,fog-78,1,fog,2700.0,0.0000,0.0000,0,100.000,,0,0.9494,,0.850,0,
2970,3,69,fog-78,1,fog,2800.0,0.0000,0.0000,0,100.000,,0,0.9475,,0.850,0,
2971,3,69,fog-78,1,fog,2900.0,0.0000,0.0000,0,100.000,,0,0.9456,,0.850,0,
2972,3,69,fog-78,1,fog,3000.0,0.0000,0.0000,0,100.000,,0,0.9438,,0.850,0,
2973,3,69,fog-78,1,fog,3100.0,0.0000,0.0000,0,100.000,,0,0.9419,,0.850,0,
2974,3,69,fog-78,1,fog,3200.0,0.0000,0.0000,0,100.000,,0,0.9400,,0.850,0,
2975,3,69,fog-78,1,fog,3300.0,0.0000,0.0000,0,100.000,,0,0.9381,,0.850,0,
2976,3,69,fog-78,1,fog,3400.0,0.0000,0.0000,0,100.000,,0,0.9363,,0.850,0,
2977,3,69,fog-78,1,fog,3500.0,0.0000,0.0000,0,100.000,,0,0.9344,,0.850,0,
2978,3,69,fog-78,1,fog,3600.0,0.0000,0.0000,0,100.000,,0,0.9325,,0.850,0,
2979,3,69,fog-78,1,fog,3700.0,0.0000,0.0000,0,100.000,,0,0.9306,,0.850,0,
2980,3,69,fog-78,1,fog,3800.0,0.0000,0.0000,0,100.000,,0,0.9288,,0.850,0,
2981,3,69,fog-78,1,fog,3900.0,0.0000,0.0000,0,100.000,,0,0.9269,,0.850,0,
2982,3,69,fog-78,1,fog,4000.0,0.0000,0.0000,0,100.000,,0,0.9250,,0.850,0,
2983,3,69,fog-78,1,fog,4100.0,0.0000,0.0000,0,100.000,,0,0.9231,,0.850,0,
2984,3,69,fog-78,1,fog,4200.0,0.0000,0.0000,0,100.000,,0,0.9213,,0.850,0,
2985,3,69,fog-78,1,fog,4300.0,0.0000,0.0000,0,100.000,,0,0.9194,,0.850,0,
2986,3,69,fog-78,1,fog,4400.0,0.0000,0.0000,0,100.000,,0,0.9175,,0.850,0,
2987,3,69,fog-78,1,fog,4500.0,0.0000,0.0000,0,100.000,,0,0.9156,,0.850,0,
2988,3,69,fog-78,1,fog,4600.0,0.0000,0.0000,0,100.000,,0,0.9138,,0.850,0,
2989,3,69,fog-78,1,fog,4700.0,0.0000,0.0000,0,100.000,,0,0.9119,,0.850,0,
2990,3,69,fog-78,1,fog,4800.0,0.0000,0.0000,0,100.000,,0,0.9100,,0.850,0,
2991,3,69,fog-78,1,fog,4900.0,0.0000,0.0000,0,100.000,,0,0.9081,,0.850,0,
2992,3,69,fog-78,1,fog,5000.0,0.0000,0.0000,0,100.000,,0,0.9063,,0.850,0,
2993,3,70,fog-79,1,fog,0.0,0.0000,0.0000,0,100.000,,0,1.0000,,0.850,0,2031.8
2994,3,70,fog-79,1,fog,100.0,0.0000,0.0000,0,100.000,,0,0.9981,,0.850,0,2031.8
2995,3,70,fog-79,1,fog,200.0,0.0000,0.0000,0,100.000,,0,0.9963,,0.850,0,2031.8
2996,3,70,fog-79,1,fog,300.0,0.0000,0.0000,0,100.000,,0,0.9944,,0.850,0,2031.8
2997,3,70,fog-79,1,fog,400.0,0.0000,0.0000,0,100.000,,0,0.9925,,0.850,0,2031.8
2998,3,70,fog-79,1,fog,500.0,0.0000,0.0000,0,100.000,,0,0.9906,,0.850,0,2031.8
2999,3,70,fog-79,1,fog,600.0,0.0000,0.0000,0,100.000,,0,0.9888,,0.850,0,2031.8
3000,3,70,fog-79,1,fog,700.0,0.0000,0.0000,0,100.000,,0,0.9869,,0.850,0,2031.8
3001,3,70,fog-79,1,fog,800.0,0.0000,0.0000,0,100.000,,0,0.9850,,0.850,0,2031.8
3002,3,70,fog-79,1,fog,900.0,0.0000,0.0000,0,100.000,,0,0.9831,,0.850,0,2031.8
3003,3,70,fog-79,1,fog,1000.0,0.0000,0.0000,0,100.000,,0,0.9813,,0.850,0,2031.8
3004,3,70,fog-79,1,fog,1100.0,0.0000,0.0000,0,100.000,,0,0.9794,,0.850,0,2031.8
3005,3,70,fog-79,1,fog,1200.0,0.0000,0.0000,0,100.000,,0,0.9775,,0.850,0,2031.8
3006,3,70,fog-79,1,fog,1300.0,0.0000,0.0000,0,100.000,,0,0.9756,,0.850,0,2031.8
3007,3,70,fog-79,1,fog,1400.0,0.0000,0.0000,0,100.000,,0,0.9738,,0.850,0,2031.8
3008,3,70,fog-79,1,fog,1500.0,0.0000,0.0000,0,100.000,,0,0.9719,,0.850,0,2031.8
3009,3,70,fog-79,1,fog,1600.0,0.0000,0.0000,0,100.000,,0,0.9700,,0.850,0,2031.8
3010,3,70,fog-79,1,fog,1700.0,0.0000,0.0000,0,100.000,,0,0.9681,,0.850,0,2031.8
3011,3,70,fog-79,1,fog,1800.0,0.0000,0.0000,0,100.000,,0,0.9663,,0.850,0,2031.8
3012,3,70,fog-79,1,fog,1900.0,0.0000,0.0000,0,100.000,,0,0.9644,,0.850,1,2031.8
3013,3,70,fog-79,1,fog,2000.0,0.0000,0.0000,0,100.000,,0,0.9625,,0.850,1,2031.8
3014,3,71,fog-80,1,fog,0.0,0.0000,0.0000,0,100.000,,0,1.0000,,0.850,0,
3015,3,71,fog-80,1,fog,100.0,0.0000,0.0000,0,100.000,,0,0.9981,,0.850,0,
3016,3,71,fog-80,1,fog,200.0,0.0000,0.0000,0,100.000,,0,0.9963,,0.850,0,
3017,3,71,fog-80,1,fog,300.0,0.0000,0.0000,0,100.000,,0,0.9944,,0.850,0,
3018,3,71,fog-80,1,fog,400.0,0.0000,0.0000,0,100.000,,0,0.9925,,0.850,0,
3019,3,71,fog-80,1,fog,500.0,0.0000,0.0000,0,100.000,,0,0.9906,,0.850,0,
3020,3,71,fog-80,1,fog,600.0,0.0000,0.0000,0,100.000,,0,0.9888,,0.850,0,
3021,3,71,fog-80,1,fog,700.0,0.0000,0.0000,0,100.000,,0,0.9869,,0.850,0,
3022,3,71,fog-80,1,fog,800.0,0.0000,0.0000,0,100.000,,0,0.9850,,0.850,0,
3023,3,71,fog-80,1,fog,900.0,0.0000,0.0000,0,100.000,,0,0.9831,,0.850,0,
3024,3,71,fog-80,1,fog,1000.0,0.0000,0.0000,0,100.000,,0,0.9813,,0.850,0,
3025,3,71,fog-80,1,fog,1100.0,0.0000,0.0000,0,100.000,,0,0.9794,,0.850,0,
3026,3,71,fog-80,1,fog,1200.0,0.0000,0.0000,0,100.000,,0,0.9775,,0.850,0,
3027,3,71,fog-80,1,fog,1300.0,0.0000,0.0000,0,100.000,,0,0.9756,,0.850,0,
3028,3,71,fog-80,1,fog,1400.0,0.0000,0.0000,0,100.000,,0,0.9738,,0.850,0,
3029,3,71,fog-80,1,fog,1500.0,0.0000,0.0000,0,100.000,,0,0.9719,,0.850,0,
3030,3,71,fog-80,1,fog,1600.0,0.0000,0.0000,0,100.000,,0,0.9700,,0.850,0,
3031,3,71,fog-80,1,fog,1700.0,0.0000,0.0000,0,100.000,,0,0.9681,,0.850,0,
3032,3,71,fog-80,1,fog,1800.0,0.0000,0.0000,0,100.000,,0,0.9663,,0.850,0,
3033,3,71,fog-80,1,fog,1900.0,0.0000,0.0000,0,100.000,,0,0.9644,,0.850,0,
3034,3,71,fog-80,1,fog,2000.0,0.0000,0.0000,0,100.000,,0,0.9625,,0.850,0,
3035,3,71,fog-80,1,fog,2100.0,0.0000,0.0000,0,100.000,,0,0.9606,,0.850,0,
3036,3,71,fog-80,1,fog,2200.0,0.0000,0.0000,0,100.000,,0,0.9588,,0.850,0,
3037,3,71,fog-80,1,fog,2300.0,0.0000,0.0000,0,100.000,,0,0.9569,,0.850,0,
3038,3,71,fog-80,1,fog,2400.0,0.0000,0.0000,0,100.000,,0,0.9550,,0.850,0,
3039,3,71,fog-80,1,fog,2500.0,0.0000,0.0000,0,100.000,,0,0.9531,,0.850,0,
3040,3,71,fog-80,1,fog,2600.0,0.0000,0.0000,0,100.000,,0,0.9513,,0.850,0,
3041,3,71,fog-80,1,fog,2700.0,0.0000,0.0000,0,100.000,,0,0.9494,,0.850,0,
3042,3,71,fog-80,1,fog,2800.0,0.0000,0.0000,0,100.000,,0,0.9475,,0.850,0,
3043,3,71,fog-80,1,fog,2900.0,0.0000,0.0000,0,100.000,,0,0.9456,,0.850,0,
3044,3,71,fog-80,1,fog,3000.0,0.0000,0.0000,0,100.000,,0,0.9438,,0.850,0,
3045,3,71,fog-80,1,fog,3100.0,0.0000,0.0000,0,100.000,,0,0.9419,,0.850,0,
3046,3,71,fog-80,1,fog,3200.0,0.0000,0.0000,0,100.000,,0,0.9400,,0.850,0,
3047,3,71,fog-80,1,fog,3300.0,0.0000,0.0000,0,100.000,,0,0.9381,,0.850,0,
3048,3,71,fog-80,1,fog,3400.0,0.0000,0.0000,0,100.000,,0,0.9363,,0.850,0,
3049,3,71,fog-80,1,fog,3500.0,0.0000,0.0000,0,100.000,,0,0.9344,,0.850,0,
3050,3,71,fog-80,1,fog,3600.0,0.0000,0.0000,0,100.000,,0,0.9325,,0.850,0,
3051,3,71,fog-80,1,fog,3700.0,0.0000,0.0000,0,100.000,,0,0.9306,,0.850,0,
3052,3,71,fog-80,1,fog,3800.0,0.0000,0.0000,0,100.000,,0,0.9288,,0.850,0,
3053,3,71,fog-80,1,fog,3900.0,0.0000,0.0000,0,100.000,,0,0.9269,,0.850,0,
3054,3,71,fog-80,1,fog,4000.0,0.0000,0.0000,0,100.000,,0,0.9250,,0.850,0,
3055,3,71,fog-80,1,fog,4100.0,0.0000,0.0000,0,100.000,,0,0.9231,,0.850,0,
3056,3,71,fog-80,1,fog,4200.0,0.0000,0.0000,0,100.000,,0,0.9213,,0.850,0,
3057,3,71,fog-80,1,fog,4300.0,0.0000,0.0000,0,100.000,,0,0.9194,,0.850,0,
3058,3,71,fog-80,1,fog,4400.0,0.0000,0.0000,0,100.000,,0,0.9175,,0.850,0,
3059,3,71,fog-80,1,fog,4500.0,0.0000,0.0000,0,100.000,,0,0.9156,,0.850,0,
3060,3,71,fog-80,1,fog,4600.0,0.0000,0.0000,0,100.000,,0,0.9138,,0.850,0,
3061,3,71,fog-80,1,fog,4700.0,0.0000,0.0000,0,100.000,,0,0.9119,,0.850,0,
3062,3,71,fog-80,1,fog,4800.0,0.0000,0.0000,0,100.000,,0,0.9100,,0.850,0,
3063,3,71,fog-80,1,fog,4900.0,0.0000,0.0000,0,100.000,,0,0.9081,,0.850,0,
3064,3,71,fog-80,1,fog,5000.0,0.0000,0.0000,0,100.000,,0,0.9063,,0.850,0,
3065,3,72,fog-81,1,fog,0.0,0.0000,0.0000,0,100.000,,0,1.0000,,0.850,0,
3066,3,72,fog-81,1,fog,100.0,0.0000,0.0000,0,100.000,,0,0.9981,,0.850,0,
3067,3,72,fog-81,1,fog,200.0,0.0000,0.0000,0,100.000,,0,0.9963,,0.850,0,
3068,3,72,fog-81,1,fog,300.0,0.0000,0.0000,0,100.000,,0,0.9944,,0.850,0,
3069,3,72,fog-81,1,fog,400.0,0.0000,0.0000,0,100.000,,0,0.9925,,0.850,0,
3070,3,72,fog-81,1,fog,500.0,0.0000,0.0000,0,100.000,,0,0.9906,,0.850,0,
3071,3,72,fog-81,1,fog,600.0,0.0000,0.0000,0,100.000,,0,0.9888,,0.850,0,
3072,3,72,fog-81,1,fog,700.0,0.0000,0.0000,0,100.000,,0,0.9869,,0.850,0,
3073,3,72,fog-81,1,fog,800.0,0.0000,0.0000,0,100.000,,0,0.9850,,0.850,0,
3074,3,72,fog-81,1,fog,900.0,0.0000,0.0000,0,100.000,,0,0.9831,,0.850,0,
3075,3,72,fog-81,1,fog,1000.0,0.0000,0.0000,0,100.000,,0,0.9813,,0.850,0,
3076,3,72,fog-81,1,fog,1100.0,0.0000,0.0000,0,100.000,,0,0.9794,,0.850,0,
3077,3,72,fog-81,1,fog,1200.0,0.0000,0.0000,0,100.000,,0,0.9775,,0.850,0,
3078,3,72,fog-81,1,fog,1300.0,0.0000,0.0000,0,100.000,,0,0.9756,,0.850,0,
3079,3,72,fog-81,1,fog,1400.0,0.0000,0.0000,0,100.000,,0,0.9738,,0.850,0,
3080,3,72,fog-81,1,fog,1500.0,0.0000,0.0000,0,100.000,,0,0.9719,,0.850,0,
3081,3,72,fog-81,1,fog,1600.0,0.0000,0.0000,0,100.000,,0,0.9700,,0.850,0,
3082,3,72,fog-81,1,fog,1700.0,0.0000,0.0000,0,100.000,,0,0.9681,,0.850,0,
3083,3,72,fog-81,1,fog,1800.0,0.0000,0.0000,0,100.000,,0,0.9663,,0.850,0,
3084,3,72,fog-81,1,fog,1900.0,0.0000,0.0000,0,100.000,,0,0.9644,,0.850,0,
3085,3,72,fog-81,1,fog,2000.0,0.0000,0.0000,0,100.000,,0,0.9625,,0.850,0,
3086,3,72,fog-81,1,fog,2100.0,0.0000,0.0000,0,100.000,,0,0.9606,,0.850,0,
3087,3,72,fog-81,1,fog,2200.0,0.0000,0.0000,0,100.000,,0,0.9588,,0.850,0,
3088,3,72,fog-81,1,fog,2300.0,0.0000,0.0000,0,100.000,,0,0.9569,,0.850,0,
3089,3,72,fog-81,1,fog,2400.0,0.0000,0.0000,0,100.000,,0,0.9550,,0.850,0,
3090,3,72,fog-81,1,fog,2500.0,0.0000,0.0000,0,100.000,,0,0.9531,,0.850,0,
3091,3,72,fog-81,1,fog,2600.0,0.0000,0.0000,0,100.000,,0,0.9513,,0.850,0,
3092,3,72,fog-81,1,fog,2700.0,0.0000,0.0000,0,100.000,,0,0.9494,,0.850,0,
3093,3,72,fog-81,1,fog,2800.0,0.0000,0.0000,0,100.000,,0,0.9475,,0.850,0,
3094,3,72,fog-81,1,fog,2900.0,0.0000,0.0000,0,100.000,,0,0.9456,,0.850,0,
3095,3,72,fog-81,1,fog,3000.0,0.0000,0.0000,0,100.000,,0,0.9438,,0.850,0,
3096,3,72,fog-81,1,fog,3100.0,0.0000,0.0000,0,100.000,,0,0.9419,,0.850,0,
3097,3,72,fog-81,1,fog,3200.0,0.0000,0.0000,0,100.000,,0,0.9400,,0.850,0,
3098,3,72,fog-81,1,fog,3300.0,0.0000,0.0000,0,100.000,,0,0.9381,,0.850,0,
3099,3,72,fog-81,1,fog,3400.0,0.0000,0.0000,0,100.000,,0,0.9363,,0.850,0,
3100,3,72,fog-81,1,fog,3500.0,0.0000,0.0000,0,100.000,,0,0.9344,,0.850,0,
3101,3,72,fog-81,1,fog,3600.0,0.0000,0.0000,0,100.000,,0,0.9325,,0.850,0,
3102,3,72,fog-81,1,fog,3700.0,0.0000,0.0000,0,100.000,,0,0.9306,,0.850,0,
3103,3,72,fog-81,1,fog,3800.0,0.0000,0.0000,0,100.000,,0,0.9288,,0.850,0,
3104,3,72,fog-81,1,fog,3900.0,0.0000,0.0000,0,100.000,,0,0.9269,,0.850,0,
3105,3,72,fog-81,1,fog,4000.0,0.0000,0.0000,0,100.000,,0,0.9250,,0.850,0,
3106,3,72,fog-81,1,fog,4100.0,0.0000,0.0000,0,100.000,,0,0.9231,,0.850,0,
3107,3,72,fog-81,1,fog,4200.0,0.0000,0.0000,0,100.000,,0,0.9213,,0.850,0,
3108,3,72,fog-81,1,fog,4300.0,0.0000,0.0000,0,100.000,,0,0.9194,,0.850,0,
3109,3,72,fog-81,1,fog,4400.0,0.0000,0.0000,0,100.000,,0,0.9175,,0.850,0,
3110,3,72,fog-81,1,fog,4500.0,0.0000,0.0000,0,100.000,,0,0.9156,,0.850,0,
3111,3,72,fog-81,1,fog,4600.0,0.0000,0.0000,0,100.000,,0,0.9138,,0.850,0,
3112,3,72,fog-81,1,fog,4700.0,0.0000,0.0000,0,100.000,,0,0.9119,,0.850,0,
3113,3,72,fog-81,1,fog,4800.0,0.0000,0.0000,0,100.000,,0,0.9100,,0.850,0,
3114,3,72,fog-81,1,fog,4900.0,0.0000,0.0000,0,100.000,,0,0.9081,,0.850,0,
3115,3,72,fog-81,1,fog,5000.0,0.0000,0.0000,0,100.000,,0,0.9063,,0.850,0,
3116,3,73,fog-82,1,fog,0.0,0.0000,0.0000,0,100.000,,0,1.0000,,0.850,0,
3117,3,73,fog-82,1,fog,100.0,0.0000,0.0000,0,100.000,,0,0.9981,,0.850,0,
3118,3,73,fog-82,1,fog,200.0,0.0000,0.0000,8,100.400,0.3514,0,0.9963,,0.850,0,
3119,3,73,fog-82,1,fog,300.0,0.0000,0.0000,0,100.000,,0,0.9944,,0.850,0,
3120,3,73,fog-82,1,fog,400.0,0.0000,0.0000,11,100.500,0.0000,0,0.9925,,0.850,0,
3121,3,73,fog-82,1,fog,500.0,0.0000,0.0000,0,100.000,,0,0.9906,,0.850,0,
3122,3,73,fog-82,1,fog,600.0,0.0000,0.0000,0,100.000,,0,0.9888,,0.850,0,
3123,3,73,fog-82,1,fog,700.0,0.0000,0.0000,0,100.000,,0,0.9869,,0.850,0,
3124,3,73,fog-82,1,fog,800.0,0.0000,0.0000,0,100.000,,0,0.9850,,0.850,0,
3125,3,73,fog-82,1,fog,900.0,0.0000,0.0000,0,100.000,,0,0.9831,,0.850,0,
3126,3,73,fog-82,1,fog,1000.0,0.0000,0.0000,0,100.000,,0,0.9813,,0.850,0,
3127,3,73,fog-82,1,fog,1100.0,0.0000,0.0000,0,100.000,,0,0.9794,,0.850,0,
3128,3,73,fog-82,1,fog,1200.0,0.0000,0.0000,0,100.000,,0,0.9775,,0.850,0,
3129,3,73,fog-82,1,fog,1300.0,0.0000,0.0000,0,100.000,,0,0.9756,,0.850,0,
3130,3,73,fog-82,1,fog,1400.0,0.0000,0.0000,0,100.000,,0,0.9738,,0.850,0,
3131,3,73,fog-82,1,fog,1500.0,0.0000,0.0000,0,100.000,,0,0.9719,,0.850,0,
3132,3,73,fog-82,1,fog,1600.0,0.0000,0.0000,0,100.000,,0,0.9700,,0.850,0,
3133,3,73,fog-82,1,fog,1700.0,0.0000,0.0000,0,100.000,,0,0.9681,,0.850,0,
3134,3,73,fog-82,1,fog,1800.0,0.0000,0.0000,9,100.450,0.2940,0,0.9663,,0.850,0,
3135,3,73,fog-82,1,fog,1900.0,0.0000,0.0000,0,100.000,,0,0.9644,,0.850,0,
3136,3,73,fog-82,1,fog,2000.0,0.0000,0.0000,9,100.450,0.2940,0,0.9625,,0.850,0,
3137,3,73,fog-82,1,fog,2100.0,0.0000,0.0000,0,100.000,,0,0.9606,,0.850,0,
3138,3,73,fog-82,1,fog,2200.0,0.0000,0.0000,9,100.450,0.2940,0,0.9588,,0.850,0,
3139,3,73,fog-82,1,fog,2300.0,0.0000,0.0000,0,100.000,,0,0.9569,,0.850,0,
3140,3,73,fog-82,1,fog,2400.0,0.0000,0.0000,0,100.000,,0,0.9550,,0.850,0,
3141,3,73,fog-82,1,fog,2500.0,0.0000,0.0000,0,100.000,,0,0.9531,,0.850,0,
3142,3,73,fog-82,1,fog,2600.0,0.0000,0.0000,0,100.000,,0,0.9513,,0.850,0,
3143,3,73,fog-82,1,fog,2700.0,0.0000,0.0000,0,100.000,,0,0.9494,,0.850,0,
3144,3,73,fog-82,1,fog,2800.0,0.0000,0.0000,0,100.000,,0,0.9475,,0.850,0,
3145,3,73,fog-82,1,fog,2900.0,0.0000,0.0000,0,100.000,,0,0.9456,,0.850,0,
3146,3,73,fog-82,1,fog,3000.0,0.0000,0.0000,0,100.000,,0,0.9438,,0.850,0,
3147,3,73,fog-82,1,fog,3100.0,0.0000,0.0000,0,100.000,,0,0.9419,,0.850,0,
3148,3,73,fog-82,1,fog,3200.0,0.0000,0.0000,0,100.000,,0,0.9400,,0.850,0,
3149,3,73,fog-82,1,fog,3300.0,0.0000,0.0000,11,100.500,0.0000,0,0.9381,,0.850,0,
3150,3,73,fog-82,1,fog,3400.0,0.0000,0.0000,9,100.450,0.0000,0,0.9363,,0.850,0,
3151,3,73,fog-82,1,fog,3500.0,0.0000,0.0000,0,100.000,,0,0.9344,,0.850,0,
3152,3,73,fog-82,1,fog,3600.0,0.0000,0.0000,9,100.450,0.2940,0,0.9325,,0.850,0,
3153,3,73,fog-82,1,fog,3700.0,0.0000,0.0000,0,100.000,,0,0.9306,,0.850,0,
3154,3,73,fog-82,1,fog,3800.0,0.0000,0.0000,9,100.450,0.2940,0,0.9288,,0.850,0,
3155,3,73,fog-82,1,fog,3900.0,0.0000,0.0000,0,100.000,,0,0.9269,,0.850,0,
3156,3,73,fog-82,1,fog,4000.0,0.0000,0.0000,0,100.000,,0,0.9250,,0.850,0,
3157,3,73,fog-82,1,fog,4100.0,0.0000,0.0000,0,100.000,,0,0.9231,,0.850,0,
3158,3,73,fog-82,1,fog,4200.0,0.0000,0.0000,11,100.500,0.0000,0,0.9213,,0.850,0,
3159,3,73,fog-82,1,fog,4300.0,0.0000,0.0000,0,100.000,,0,0.9194,,0.850,0,
3160,3,73,fog-82,1,fog,4400.0,0.0000,0.0000,0,100.000,,0,0.9175,,0.850,0,
3161,3,73,fog-82,1,fog,4500.0,0.0000,0.0000,0,100.000,,0,0.9156,,0.850,0,
3162,3,73,fog-82,1,fog,4600.0,0.0000,0.0000,0,100.000,,0,0.9138,,0.850,0,
3163,3,73,fog-82,1,fog,4700.0,0.0000,0.0000,0,100.000,,0,0.9119,,0.850,0,
3164,3,73,fog-82,1,fog,4800.0,0.0000,0.0000,0,100.000,,0,0.9100,,0.850,0,
3165,3,73,fog-82,1,fog,4900.0,0.0000,0.0000,9,100.450,0.2940,0,0.9081,,0.850,0,
3166,3,73,fog-82,1,fog,5000.0,0.0000,0.0000,0,100.000,,0,0.9063,,0.850,0,
3167,3,74,fog-83,1,fog,0.0,0.0000,0.0000,0,100.000,,0,1.0000,,0.850,0,
3168,3,74,fog-83,1,fog,100.0,0.0000,0.0000,0,100.000,,0,0.9981,,0.850,0,
3169,3,74,fog-83,1,fog,200.0,0.0000,0.0000,0,100.000,,0,0.9963,,0.850,0,
3170,3,74,fog-83,1,fog,300.0,0.0000,0.0000,0,100.000,,0,0.9944,,0.850,0,
3171,3,74,fog-83,1,fog,400.0,0.0000,0.0000,0,100.000,,0,0.9925,,0.850,0,
3172,3,74,fog-83,1,fog,500.0,0.0000,0.0000,0,100.000,,0,0.9906,,0.850,0,
3173,3,74,fog-83,1,fog,600.0,0.0000,0.0000,0,100.000,,0,0.9888,,0.850,0,
3174,3,74,fog-83,1,fog,700.0,0.0000,0.0000,0,100.000,,0,0.9869,,0.850,0,
3175,3,74,fog-83,1,fog,800.0,0.0000,0.0000,0,100.000,,0,0.9850,,0.850,0,
3176,3,74,fog-83,1,fog,900.0,0.0000,0.0000,0,100.000,,0,0.9831,,0.850,0,
3177,3,74,fog-83,1,fog,1000.0,0.0000,0.0000,0,100.000,,0,0.9813,,0.850,0,
3178,3,74,fog-83,1,fog,1100.0,0.0000,0.0000,0,100.000,,0,0.9794,,0.850,0,
3179,3,74,fog-83,1,fog,1200.0,0.0000,0.0000,0,100.000,,0,0.9775,,0.850,0,
3180,3,74,fog-83,1,fog,1300.0,0.0000,0.0000,0,100.000,,0,0.9756,,0.850,0,
3181,3,74,fog-83,1,fog,1400.0,0.0000,0.0000,0,100.000,,0,0.9738,,0.850,0,
3182,3,74,fog-83,1,fog,1500.0,0.0000,0.0000,0,100.000,,0,0.9719,,0.850,0,
3183,3,74,fog-83,1,fog,1600.0,0.0000,0.0000,0,100.000,,0,0.9700,,0.850,0,
3184,3,74,fog-83,1,fog,1700.0,0.0000,0.0000,0,100.000,,0,0.9681,,0.850,0,
3185,3,74,fog-83,1,fog,1800.0,0.0000,0.0000,0,100.000,,0,0.9663,,0.850,0,
3186,3,74,fog-83,1,fog,1900.0,0.0000,0.0000,0,100.000,,0,0.9644,,0.850,0,
3187,3,74,fog-83,1,fog,2000.0,0.0000,0.0000,0,100.000,,0,0.9625,,0.850,0,
3188,3,74,fog-83,1,fog,2100.0,0.0000,0.0000,0,100.000,,0,0.9606,,0.850,0,
3189,3,74,fog-83,1,fog,2200.0,0.0000,0.0000,0,100.000,,0,0.9588,,0.850,0,
3190,3,74,fog-83,1,fog,2300.0,0.0000,0.0000,0,100.000,,0,0.9569,,0.850,0,
3191,3,74,fog-83,1,fog,2400.0,0.0000,0.0000,0,100.000,,0,0.9550,,0.850,0,
3192,3,74,fog-83,1,fog,2500.0,0.0000,0.0000,0,100.000,,0,0.9531,,0.850,0,
3193,3,74,fog-83,1,fog,2600.0,0.0000,0.0000,0,100.000,,0,0.9513,,0.850,0,
3194,3,74,fog-83,1,fog,2700.0,0.0000,0.0000,0,100.000,,0,0.9494,,0.850,0,
3195,3,74,fog-83,1,fog,2800.0,0.0000,0.0000,0,100.000,,0,0.9475,,0.850,0,
3196,3,74,fog-83,1,fog,2900.0,0.0000,0.0000,0,100.000,,0,0.9456,,0.850,0,
3197,3,74,fog-83,1,fog,3000.0,0.0000,0.0000,0,100.000,,0,0.9438,,0.850,0,
3198,3,74,fog-83,1,fog,3100.0,0.0000,0.0000,0,100.000,,0,0.9419,,0.850,0,
3199,3,74,fog-83,1,fog,3200.0,0.0000,0.0000,0,100.000,,0,0.9400,,0.850,0,
3200,3,74,fog-83,1,fog,3300.0,0.0000,0.0000,0,100.000,,0,0.9381,,0.850,0,
3201,3,74,fog-83,1,fog,3400.0,0.0000,0.0000,0,100.000,,0,0.9363,,0.850,0,
3202,3,74,fog-83,1,fog,3500.0,0.0000,0.0000,0,100.000,,0,0.9344,,0.850,0,
3203,3,74,fog-83,1,fog,3600.0,0.0000,0.0000,0,100.000,,0,0.9325,,0.850,0,
3204,3,74,fog-83,1,fog,3700.0,0.0000,0.0000,0,100.000,,0,0.9306,,0.850,0,
3205,3,74,fog-83,1,fog,3800.0,0.0000,0.0000,0,100.000,,0,0.9288,,0.850,0,
3206,3,74,fog-83,1,fog,3900.0,0.0000,0.0000,0,100.000,,0,0.9269,,0.850,0,
3207,3,74,fog-83,1,fog,4000.0,0.0000,0.0000,0,100.000,,0,0.9250,,0.850,0,
3208,3,74,fog-83,1,fog,4100.0,0.0000,0.0000,0,100.000,,0,0.9231,,0.850,0,
3209,3,74,fog-83,1,fog,4200.0,0.0000,0.0000,0,100.000,,0,0.9213,,0.850,0,
3210,3,74,fog-83,1,fog,4300.0,0.0000,0.0000,0,100.000,,0,0.9194,,0.850,0,
3211,3,74,fog-83,1,fog,4400.0,0.0000,0.0000,0,100.000,,0,0.9175,,0.850,0,
3212,3,74,fog-83,1,fog,4500.0,0.0000,0.0000,0,100.000,,0,0.9156,,0.850,0,
3213,3,74,fog-83,1,fog,4600.0,0.0000,0.0000,0,100.000,,0,0.9138,,0.850,0,
3214,3,74,fog-83,1,fog,4700.0,0.0000,0.0000,0,100.000,,0,0.9119,,0.850,0,
3215,3,74,fog-83,1,fog,4800.0,0.0000,0.0000,0,100.000,,0,0.9100,,0.850,0,
3216,3,74,fog-83,1,fog,4900.0,0.0000,0.0000,0,100.000,,0,0.9081,,0.850,0,
3217,3,74,fog-83,1,fog,5000.0,0.0000,0.0000,0,100.000,,0,0.9063,,0.850,0,
3218,3,75,fog-84,1,fog,0.0,0.0000,0.0000,0,100.000,,0,1.0000,,0.850,0,
3219,3,75,fog-84,1,fog,100.0,0.0000,0.0000,0,100.000,,0,0.9981,,0.850,0,
3220,3,75,fog-84,1,fog,200.0,0.0000,0.0000,0,100.000,,0,0.9963,,0.850,0,
3221,3,75,fog-84,1,fog,300.0,0.0000,0.0000,0,100.000,,0,0.9944,,0.850,0,
3222,3,75,fog-84,1,fog,400.0,0.0000,0.0000,0,100.000,,0,0.9925,,0.850,0,
3223,3,75,fog-84,1,fog,500.0,0.0000,0.0000,0,100.000,,0,0.9906,,0.850,0,
3224,3,75,fog-84,1,fog,600.0,0.0000,0.0000,0,100.000,,0,0.9888,,0.850,0,
3225,3,75,fog-84,1,fog,700.0,0.0000,0.0000,0,100.000,,0,0.9869,,0.850,0,
3226,3,75,fog-84,1,fog,800.0,0.0000,0.0000,0,100.000,,0,0.9850,,0.850,0,
3227,3,75,fog-84,1,fog,900.0,0.0000,0.0000,0,100.000,,0,0.9831,,0.850,0,
3228,3,75,fog-84,1,fog,1000.0,0.0000,0.0000,0,100.000,,0,0.9813,,0.850,0,
3229,3,75,fog-84,1,fog,1100.0,0.0000,0.0000,0,100.000,,0,0.9794,,0.850,0,
3230,3,75,fog-84,1,fog,1200.0,0.0000,0.0000,0,100.000,,0,0.9775,,0.850,0,
3231,3,75,fog-84,1,fog,1300.0,0.0000,0.0000,0,100.000,,0,0.9756,,0.850,0,
3232,3,75,fog-84,1,fog,1400.0,0.0000,0.0000,0,100.000,,0,0.9738,,0.850,0,
3233,3,75,fog-84,1,fog,1500.0,0.0000,0.0000,0,100.000,,0,0.9719,,0.850,0,
3234,3,75,fog-84,1,fog,1600.0,0.0000,0.0000,0,100.000,,0,0.9700,,0.850,0,
3235,3,75,fog-84,1,fog,1700.0,0.0000,0.0000,0,100.000,,0,0.9681,,0.850,0,
3236,3,75,fog-84,1,fog,1800.0,0.0000,0.0000,0,100.000,,0,0.9663,,0.850,0,
3237,3,75,fog-84,1,fog,1900.0,0.0000,0.0000,0,100.000,,0,0.9644,,0.850,0,
3238,3,75,fog-84,1,fog,2000.0,0.0000,0.0000,0,100.000,,0,0.9625,,0.850,0,
3239,3,75,fog-84,1,fog,2100.0,0.0000,0.0000,0,100.000,,0,0.9606,,0.850,0,
3240,3,75,fog-84,1,fog,2200.0,0.0000,0.0000,0,100.000,,0,0.9588,,0.850,0,
3241,3,75,fog-84,1,fog,2300.0,0.0000,0.0000,0,100.000,,0,0.9569,,0.850,0,
3242,3,75,fog-84,1,fog,2400.0,0.0000,0.0000,0,100.000,,0,0.9550,,0.850,0,
3243,3,75,fog-84,1,fog,2500.0,0.0000,0.0000,0,100.000,,0,0.9531,,0.850,0,
3244,3,75,fog-84,1,fog,2600.0,0.0000,0.0000,0,100.000,,0,0.9513,,0.850,0,
3245,3,75,fog-84,1,fog,2700.0,0.0000,0.0000,0,100.000,,0,0.9494,,0.850,0,
3246,3,75,fog-84,1,fog,2800.0,0.0000,0.0000,0,100.000,,0,0.9475,,0.850,0,
3247,3,75,fog-84,1,fog,2900.0,0.0000,0.0000,0,100.000,,0,0.9456,,0.850,0,
3248,3,75,fog-84,1,fog,3000.0,0.0000,0.0000,0,100.000,,0,0.9438,,0.850,0,
3249,3,75,fog-84,1,fog,3100.0,0.0000,0.0000,0,100.000,,0,0.9419,,0.850,0,
3250,3,75,fog-84,1,fog,3200.0,0.0000,0.0000,0,100.000,,0,0.9400,,0.850,0,
3251,3,75,fog-84,1,fog,3300.0,0.0000,0.0000,0,100.000,,0,0.9381,,0.850,0,
3252,3,75,fog-84,1,fog,3400.0,0.0000,0.0000,0,100.000,,0,0.9363,,0.850,0,
3253,3,75,fog-84,1,fog,3500.0,0.0000,0.0000,0,100.000,,0,0.9344,,0.850,0,
3254,3,75,fog-84,1,fog,3600.0,0.0000,0.0000,0,100.000,,0,0.9325,,0.850,0,
3255,3,75,fog-84,1,fog,3700.0,0.0000,0.0000,0,100.000,,0,0.9306,,0.850,0,
3256,3,75,fog-84,1,fog,3800.0,0.0000,0.0000,0,100.000,,0,0.9288,,0.850,0,
3257,3,75,fog-84,1,fog,3900.0,0.0000,0.0000,0,100.000,,0,0.9269,,0.850,0,
3258,3,75,fog-84,1,fog,4000.0,0.0000,0.0000,0,100.000,,0,0.9250,,0.850,0,
3259,3,75,fog-84,1,fog,4100.0,0.0000,0.0000,0,100.000,,0,0.9231,,0.850,0,
3260,3,75,fog-84,1,fog,4200.0,0.0000,0.0000,0,100.000,,0,0.9213,,0.850,0,
3261,3,75,fog-84,1,fog,4300.0,0.0000,0.0000,0,100.000,,0,0.9194,,0.850,0,
3262,3,75,fog-84,1,fog,4400.0,0.0000,0.0000,0,100.000,,0,0.9175,,0.850,0,
3263,3,75,fog-84,1,fog,4500.0,0.0000,0.0000,0,100.000,,0,0.9156,,0.850,0,
3264,3,75,fog-84,1,fog,4600.0,0.0000,0.0000,0,100.000,,0,0.9138,,0.850,0,
3265,3,75,fog-84,1,fog,4700.0,0.0000,0.0000,0,100.000,,0,0.9119,,0.850,0,
3266,3,75,fog-84,1,fog,4800.0,0.0000,0.0000,0,100.000,,0,0.9100,,0.850,0,
3267,3,75,fog-84,1,fog,4900.0,0.0000,0.0000,0,100.000,,0,0.9081,,0.850,0,
3268,3,75,fog-84,1,fog,5000.0,0.0000,0.0000,0,100.000,,0,0.9063,,0.850,0,
3269,3,76,fog-85,1,fog,0.0,0.0000,0.0000,0,100.000,,0,1.0000,,0.850,0,
3270,3,76,fog-85,1,fog,100.0,0.0000,0.0000,0,100.000,,0,0.9981,,0.850,0,
3271,3,76,fog-85,1,fog,200.0,0.0000,0.0000,0,100.000,,0,0.9963,,0.850,0,
3272,3,76,fog-85,1,fog,300.0,0.0000,0.0000,0,100.000,,0,0.9944,,0.850,0,
3273,3,76,fog-85,1,fog,400.0,0.0000,0.0000,0,100.000,,0,0.9925,,0.850,0,
3274,3,76,fog-85,1,fog,500.0,0.0000,0.0000,0,100.000,,0,0.9906,,0.850,0,
3275,3,76,fog-85,1,fog,600.0,0.0000,0.0000,0,100.000,,0,0.9888,,0.850,0,
3276,3,76,fog-85,1,fog,700.0,0.0000,0.0000,0,100.000,,0,0.9869,,0.850,0,
3277,3,76,fog-85,1,fog,800.0,0.0000,0.0000,0,100.000,,0,0.9850,,0.850,0,
3278,3,76,fog-85,1,fog,900.0,0.0000,0.0000,0,100.000,,0,0.9831,,0.850,0,
3279,3,76,fog-85,1,fog,1000.0,0.0000,0.0000,0,100.000,,0,0.9813,,0.850,0,
3280,3,76,fog-85,1,fog,1100.0,0.0000,0.0000,0,100.000,,0,0.9794,,0.850,0,
3281,3,76,fog-85,1,fog,1200.0,0.0000,0.0000,0,100.000,,0,0.9775,,0.850,0,
3282,3,76,fog-85,1,fog,1300.0,0.0000,0.0000,0,100.000,,0,0.9756,,0.850,0,
3283,3,76,fog-85,1,fog,1400.0,0.0000,0.0000,0,100.000,,0,0.9738,,0.850,0,
3284,3,76,fog-85,1,fog,1500.0,0.0000,0.0000,0,100.000,,0,0.9719,,0.850,0,
3285,3,76,fog-85,1,fog,1600.0,0.0000,0.0000,0,100.000,,0,0.9700,,0.850,0,
3286,3,76,fog-85,1,fog,1700.0,0.0000,0.0000,0,100.000,,0,0.9681,,0.850,0,
3287,3,76,fog-85,1,fog,1800.0,0.0000,0.0000,0,100.000,,0,0.9663,,0.850,0,
3288,3,76,fog-85,1,fog,1900.0,0.0000,0.0000,0,100.000,,0,0.9644,,0.850,0,
3289,3,76,fog-85,1,fog,2000.0,0.0000,0.0000,0,100.000,,0,0.9625,,0.850,0,
3290,3,76,fog-85,1,fog,2100.0,0.0000,0.0000,0,100.000,,0,0.9606,,0.850,0,
3291,3,76,fog-85,1,fog,2200.0,0.0000,0.0000,0,100.000,,0,0.9588,,0.850,0,
3292,3,76,fog-85,1,fog,2300.0,0.0000,0.0000,0,100.000,,0,0.9569,,0.850,0,
3293,3,76,fog-85,1,fog,2400.0,0.0000,0.0000,0,100.000,,0,0.9550,,0.850,0,
3294,3,76,fog-85,1,fog,2500.0,0.0000,0.0000,0,100.000,,0,0.9531,,0.850,0,
3295,3,76,fog-85,1,fog,2600.0,0.0000,0.0000,0,100.000,,0,0.9513,,0.850,0,
3296,3,76,fog-85,1,fog,2700.0,0.0000,0.0000,0,100.000,,0,0.9494,,0.850,0,
3297,3,76,fog-85,1,fog,2800.0,0.0000,0.0000,0,100.000,,0,0.9475,,0.850,0,
3298,3,76,fog-85,1,fog,2900.0,0.0000,0.0000,0,100.000,,0,0.9456,,0.850,0,
3299,3,76,fog-85,1,fog,3000.0,0.0000,0.0000,0,100.000,,0,0.9438,,0.850,0,
3300,3,76,fog-85,1,fog,3100.0,0.0000,0.0000,0,100.000,,0,0.9419,,0.850,0,
3301,3,76,fog-85,1,fog,3200.0,0.0000,0.0000,0,100.000,,0,0.9400,,0.850,0,
3302,3,76,fog-85,1,fog,3300.0,0.0000,0.0000,0,100.000,,0,0.9381,,0.850,0,
3303,3,76,fog-85,1,fog,3400.0,0.0000,0.0000,0,100.000,,0,0.9363,,0.850,0,
3304,3,76,fog-85,1,fog,3500.0,0.0000,0.0000,0,100.000,,0,0.9344,,0.850,0,
3305,3,76,fog-85,1,fog,3600.0,0.0000,0.0000,0,100.000,,0,0.9325,,0.850,0,
3306,3,76,fog-85,1,fog,3700.0,0.0000,0.0000,0,100.000,,0,0.9306,,0.850,0,
3307,3,76,fog-85,1,fog,3800.0,0.0000,0.0000,0,100.000,,0,0.9288,,0.850,0,
3308,3,76,fog-85,1,fog,3900.0,0.0000,0.0000,0,100.000,,0,0.9269,,0.850,0,
3309,3,76,fog-85,1,fog,4000.0,0.0000,0.0000,0,100.000,,0,0.9250,,0.850,0,
3310,3,76,fog-85,1,fog,4100.0,0.0000,0.0000,0,100.000,,0,0.9231,,0.850,0,
3311,3,76,fog-85,1,fog,4200.0,0.0000,0.0000,0,100.000,,0,0.9213,,0.850,0,
3312,3,76,fog-85,1,fog,4300.0,0.0000,0.0000,0,100.000,,0,0.9194,,0.850,0,
3313,3,76,fog-85,1,fog,4400.0,0.0000,0.0000,0,100.000,,0,0.9175,,0.850,0,
3314,3,76,fog-85,1,fog,4500.0,0.0000,0.0000,0,100.000,,0,0.9156,,0.850,0,
3315,3,76,fog-85,1,fog,4600.0,0.0000,0.0000,0,100.000,,0,0.9138,,0.850,0,
3316,3,76,fog-85,1,fog,4700.0,0.0000,0.0000,0,100.000,,0,0.9119,,0.850,0,
3317,3,76,fog-85,1,fog,4800.0,0.0000,0.0000,0,100.000,,0,0.9100,,0.850,0,
3318,3,76,fog-85,1,fog,4900.0,0.0000,0.0000,0,100.000,,0,0.9081,,0.850,0,
3319,3,76,fog-85,1,fog,5000.0,0.0000,0.0000,0,100.000,,0,0.9063,,0.850,0,
3320,3,77,fog-86,1,fog,0.0,0.0000,0.0000,0,100.000,,0,1.0000,,0.850,0,
3321,3,77,fog-86,1,fog,100.0,0.0000,0.0000,0,100.000,,0,0.9981,,0.850,0,
3322,3,77,fog-86,1,fog,200.0,0.0000,0.0000,11,100.500,0.0000,0,0.9963,,0.850,0,
3323,3,77,fog-86,1,fog,300.0,0.0000,0.0000,0,100.000,,0,0.9944,,0.850,0,
3324,3,77,fog-86,1,fog,400.0,0.0000,0.0000,0,100.000,,0,0.9925,,0.850,0,
3325,3,77,fog-86,1,fog,500.0,0.0000,0.0000,29,100.950,0.9960,0,0.9906,,0.850,0,
3326,3,77,fog-86,1,fog,600.0,0.0000,0.0000,27,100.900,0.9392,0,0.9888,,0.850,0,
3327,3,77,fog-86,1,fog,700.0,0.0000,0.0000,11,100.500,0.0000,0,0.9869,,0.850,0,
3328,3,77,fog-86,1,fog,800.0,0.0000,0.0000,8,100.400,0.3514,0,0.9850,,0.850,0,
3329,3,77,fog-86,1,fog,900.0,0.0000,0.0000,11,100.500,0.0000,0,0.9831,,0.850,0,
3330,3,77,fog-86,1,fog,1000.0,0.0000,0.0000,9,100.450,0.2940,0,0.9813,,0.850,0,
3331,3,77,fog-86,1,fog,1100.0,0.0000,0.0000,9,100.450,0.2940,0,0.9794,,0.850,0,
3332,3,77,fog-86,1,fog,1200.0,0.0000,0.0000,11,100.500,0.0000,0,0.9775,,0.850,0,
3333,3,77,fog-86,1,fog,1300.0,0.0000,0.0000,7,100.350,0.3536,0,0.9756,,0.850,0,
3334,3,77,fog-86,1,fog,1400.0,0.0000,0.0000,25,100.850,0.8524,0,0.9738,,0.850,0,
3335,3,77,fog-86,1,fog,1500.0,0.0000,0.0000,45,101.350,1.0000,0,0.9719,,0.850,0,
3336,3,77,fog-86,1,fog,1600.0,0.0000,0.0000,49,101.450,1.0000,0,0.9700,,0.850,0,
3337,3,77,fog-86,1,fog,1700.0,0.0000,0.0000,35,101.100,1.0000,0,0.9681,,0.850,0,
3338,3,77,fog-86,1,fog,1800.0,0.0000,0.0000,41,101.250,1.0000,0,0.9663,,0.850,0,
3339,3,77,fog-86,1,fog,1900.0,0.0000,0.0000,51,101.500,1.0000,0,0.9644,,0.850,0,
3340,3,77,fog-86,1,fog,2000.0,0.0000,0.0000,49,101.450,1.0000,0,0.9625,,0.850,0,
3341,3,77,fog-86,1,fog,2100.0,0.0000,0.0000,67,101.900,1.0000,0,0.9606,,0.850,0,
3342,3,77,fog-86,1,fog,2200.0,0.0000,0.0000,81,102.250,1.0000,0,0.9588,,0.850,0,
3343,3,77,fog-86,1,fog,2300.0,0.0000,0.0000,79,102.200,1.0000,0,0.9569,,0.850,0,
3344,3,77,fog-86,1,fog,2400.0,0.0000,0.0000,45,101.350,1.0000,0,0.9550,,0.850,0,
3345,3,77,fog-86,1,fog,2500.0,0.0000,0.0000,31,101.000,1.0000,0,0.9531,,0.850,0,
3346,3,77,fog-86,1,fog,2600.0,0.0000,0.0000,27,100.900,0.9428,0,0.9513,,0.850,0,
3347,3,77,fog-86,1,fog,2700.0,0.0000,0.0000,25,100.850,1.0000,0,0.9494,,0.850,0,
3348,3,77,fog-86,1,fog,2800.0,0.0000,0.0000,0,100.000,,0,0.9475,,0.850,0,
3349,3,77,fog-86,1,fog,2900.0,0.0000,0.0000,9,100.450,0.2940,0,0.9456,,0.850,0,
3350,3,77,fog-86,1,fog,3000.0,0.0000,0.0000,11,100.500,0.0000,0,0.9438,,0.850,0,
3351,3,77,fog-86,1,fog,3100.0,0.0000,0.0000,9,100.450,0.2940,0,0.9419,,0.850,0,
3352,3,77,fog-86,1,fog,3200.0,0.0000,0.0000,25,100.850,0.8425,0,0.9400,,0.850,0,
3353,3,77,fog-86,1,fog,3300.0,0.0000,0.0000,0,100.000,,0,0.9381,,0.850,0,
3354,3,77,fog-86,1,fog,3400.0,0.0000,0.0000,11,100.500,0.0000,0,0.9363,,0.850,0,
3355,3,77,fog-86,1,fog,3500.0,0.0000,0.0000,9,100.450,0.2940,0,0.9344,,0.850,0,
3356,3,77,fog-86,1,fog,3600.0,0.0000,0.0000,8,100.400,0.3062,0,0.9325,,0.850,0,
3357,3,77,fog-86,1,fog,3700.0,0.0000,0.0000,11,100.500,0.0000,0,0.9306,,0.850,0,
3358,3,77,fog-86,1,fog,3800.0,0.0000,0.0000,0,100.000,,0,0.9288,,0.850,0,
3359,3,77,fog-86,1,fog,3900.0,0.0000,0.0000,0,100.000,,0,0.9269,,0.850,0,
3360,3,77,fog-86,1,fog,4000.0,0.0000,0.0000,27,100.900,0.9045,0,0.9250,,0.850,0,
3361,3,77,fog-86,1,fog,4100.0,0.0000,0.0000,9,100.450,0.2940,0,0.9231,,0.850,0,
3362,3,77,fog-86,1,fog,4200.0,0.0000,0.0000,0,100.000,,0,0.9213,,0.850,0,
3363,3,77,fog-86,1,fog,4300.0,0.0000,0.0000,0,100.000,,0,0.9194,,0.850,0,
3364,3,77,fog-86,1,fog,4400.0,0.0000,0.0000,0,100.000,,0,0.9175,,0.850,0,
3365,3,77,fog-86,1,fog,4500.0,0.0000,0.0000,0,100.000,,0,0.9156,,0.850,0,
3366,3,77,fog-86,1,fog,4600.0,0.0000,0.0000,0,100.000,,0,0.9138,,0.850,0,
3367,3,77,fog-86,1,fog,4700.0,0.0000,0.0000,27,100.900,0.9416,0,0.9119,,0.850,0,
3368,3,77,fog-86,1,fog,4800.0,0.0000,0.0000,45,101.350,1.0000,0,0.9100,,0.850,0,
3369,3,77,fog-86,1,fog,4900.0,0.0000,0.0000,31,101.000,1.0000,0,0.9081,,0.850,0,
3370,3,77,fog-86,1,fog,5000.0,0.0000,0.0000,47,101.400,1.0000,0,0.9063,,0.850,0,
3371,3,78,fog-87,1,fog,0.0,0.0000,0.0000,0,100.000,,0,1.0000,,0.850,0,
3372,3,78,fog-87,1,fog,100.0,0.0000,0.0000,0,100.000,,0,0.9981,,0.850,0,
3373,3,78,fog-87,1,fog,200.0,0.0000,0.0000,0,100.000,,0,0.9963,,0.850,0,
3374,3,78,fog-87,1,fog,300.0,0.0000,0.0000,0,100.000,,0,0.9944,,0.850,0,
3375,3,78,fog-87,1,fog,400.0,0.0000,0.0000,0,100.000,,0,0.9925,,0.850,0,
3376,3,78,fog-87,1,fog,500.0,0.0000,0.0000,0,100.000,,0,0.9906,,0.850,0,
3377,3,78,fog-87,1,fog,600.0,0.0000,0.0000,0,100.000,,0,0.9888,,0.850,0,
3378,3,78,fog-87,1,fog,700.0,0.0000,0.0000,0,100.000,,0,0.9869,,0.850,0,
3379,3,78,fog-87,1,fog,800.0,0.0000,0.0000,0,100.000,,0,0.9850,,0.850,0,
3380,3,78,fog-87,1,fog,900.0,0.0000,0.0000,0,100.000,,0,0.9831,,0.850,0,
3381,3,78,fog-87,1,fog,1000.0,0.0000,0.0000,0,100.000,,0,0.9813,,0.850,0,
3382,3,78,fog-87,1,fog,1100.0,0.0000,0.0000,0,100.000,,0,0.9794,,0.850,0,
3383,3,78,fog-87,1,fog,1200.0,0.0000,0.0000,0,100.000,,0,0.9775,,0.850,0,
3384,3,78,fog-87,1,fog,1300.0,0.0000,0.0000,0,100.000,,0,0.9756,,0.850,0,
3385,3,78,fog-87,1,fog,1400.0,0.0000,0.0000,0,100.000,,0,0.9738,,0.850,0,
3386,3,78,fog-87,1,fog,1500.0,0.0000,0.0000,0,100.000,,0,0.9719,,0.850,0,
3387,3,78,fog-87,1,fog,1600.0,0.0000,0.0000,0,100.000,,0,0.9700,,0.850,0,
3388,3,78,fog-87,1,fog,1700.0,0.0000,0.0000,0,100.000,,0,0.9681,,0.850,0,
3389,3,78,fog-87,1,fog,1800.0,0.0000,0.0000,0,100.000,,0,0.9663,,0.850,0,
3390,3,78,fog-87,1,fog,1900.0,0.0000,0.0000,0,100.000,,0,0.9644,,0.850,0,
3391,3,78,fog-87,1,fog,2000.0,0.0000,0.0000,0,100.000,,0,0.9625,,0.850,0,
3392,3,78,fog-87,1,fog,2100.0,0.0000,0.0000,0,100.000,,0,0.9606,,0.850,0,
3393,3,78,fog-87,1,fog,2200.0,0.0000,0.0000,0,100.000,,0,0.9588,,0.850,0,
3394,3,78,fog-87,1,fog,2300.0,0.0000,0.0000,0,100.000,,0,0.9569,,0.850,0,
3395,3,78,fog-87,1,fog,2400.0,0.0000,0.0000,0,100.000,,0,0.9550,,0.850,0,
3396,3,78,fog-87,1,fog,2500.0,0.0000,0.0000,0,100.000,,0,0.9531,,0.850,0,
3397,3,78,fog-87,1,fog,2600.0,0.0000,0.0000,0,100.000,,0,0.9513,,0.850,0,
3398,3,78,fog-87,1,fog,2700.0,0.0000,0.0000,0,100.000,,0,0.9494,,0.850,0,
3399,3,78,fog-87,1,fog,2800.0,0.0000,0.0000,0,100.000,,0,0.9475,,0.850,0,
3400,3,78,fog-87,1,fog,2900.0,0.0000,0.0000,0,100.000,,0,0.9456,,0.850,0,
3401,3,78,fog-87,1,fog,3000.0,0.0000,0.0000,0,100.000,,0,0.9438,,0.850,0,
3402,3,78,fog-87,1,fog,3100.0,0.0000,0.0000,0,100.000,,0,0.9419,,0.850,0,
3403,3,78,fog-87,1,fog,3200.0,0.0000,0.0000,0,100.000,,0,0.9400,,0.850,0,
3404,3,78,fog-87,1,fog,3300.0,0.0000,0.0000,0,100.000,,0,0.9381,,0.850,0,
3405,3,78,fog-87,1,fog,3400.0,0.0000,0.0000,0,100.000,,0,0.9363,,0.850,0,
3406,3,78,fog-87,1,fog,3500.0,0.0000,0.0000,0,100.000,,0,0.9344,,0.850,0,
3407,3,78,fog-87,1,fog,3600.0,0.0000,0.0000,0,100.000,,0,0.9325,,0.850,0,
3408,3,78,fog-87,1,fog,3700.0,0.0000,0.0000,0,100.000,,0,0.9306,,0.850,0,
3409,3,78,fog-87,1,fog,3800.0,0.0000,0.0000,0,100.000,,0,0.9288,,0.850,0,
3410,3,78,fog-87,1,fog,3900.0,0.0000,0.0000,0,100.000,,0,0.9269,,0.850,0,
3411,3,78,fog-87,1,fog,4000.0,0.0000,0.0000,0,100.000,,0,0.9250,,0.850,0,
3412,3,78,fog-87,1,fog,4100.0,0.0000,0.0000,0,100.000,,0,0.9231,,0.850,0,
3413,3,78,fog-87,1,fog,4200.0,0.0000,0.0000,0,100.000,,0,0.9213,,0.850,0,
3414,3,78,fog-87,1,fog,4300.0,0.0000,0.0000,0,100.000,,0,0.9194,,0.850,0,
3415,3,78,fog-87,1,fog,4400.0,0.0000,0.0000,0,100.000,,0,0.9175,,0.850,0,
3416,3,78,fog-87,1,fog,4500.0,0.0000,0.0000,0,100.000,,0,0.9156,,0.850,0,
3417,3,78,fog-87,1,fog,4600.0,0.0000,0.0000,0,100.000,,0,0.9138,,0.850,0,
3418,3,78,fog-87,1,fog,4700.0,0.0000,0.0000,0,100.000,,0,0.9119,,0.850,0,
3419,3,78,fog-87,1,fog,4800.0,0.0000,0.0000,0,100.000,,0,0.9100,,0.850,0,
3420,3,78,fog-87,1,fog,4900.0,0.0000,0.0000,0,100.000,,0,0.9081,,0.850,0,
3421,3,78,fog-87,1,fog,5000.0,0.0000,0.0000,0,100.000,,0,0.9063,,0.850,0,
3422,3,79,fog-88,1,fog,0.0,0.0000,0.0000,0,100.000,,0,1.0000,,0.850,0,
3423,3,79,fog-88,1,fog,100.0,0.0000,0.0000,8,100.400,1.0000,0,0.9981,,0.850,0,
3424,3,79,fog-88,1,fog,200.0,0.0000,0.0000,8,100.400,0.3062,0,0.9963,,0.850,0,
3425,3,79,fog-88,1,fog,300.0,0.0000,0.0000,0,100.000,,0,0.9944,,0.850,0,
3426,3,79,fog-88,1,fog,400.0,0.0000,0.0000,9,100.450,0.2940,0,0.9925,,0.850,0,
3427,3,79,fog-88,1,fog,500.0,0.0000,0.0000,11,100.500,0.0000,0,0.9906,,0.850,0,
3428,3,79,fog-88,1,fog,600.0,0.0000,0.0000,9,100.450,0.2940,0,0.9888,,0.850,0,
3429,3,79,fog-88,1,fog,700.0,0.0000,0.0000,43,101.300,1.0000,0,0.9869,,0.850,0,
3430,3,79,fog-88,1,fog,800.0,0.0000,0.0000,41,101.250,1.0000,0,0.9850,,0.850,0,
3431,3,79,fog-88,1,fog,900.0,0.0000,0.0000,25,100.850,0.8819,0,0.9831,,0.850,0,
3432,3,79,fog-88,1,fog,1000.0,0.0000,0.0000,29,100.950,1.0000,0,0.9813,,0.850,0,
3433,3,79,fog-88,1,fog,1100.0,0.0000,0.0000,29,100.950,1.0000,0,0.9794,,0.850,0,
3434,3,79,fog-88,1,fog,1200.0,0.0000,0.0000,27,100.900,0.9169,0,0.9775,,0.850,0,
3435,3,79,fog-88,1,fog,1300.0,0.0000,0.0000,43,101.300,1.0000,0,0.9756,,0.850,0,
3436,3,79,fog-88,1,fog,1400.0,0.0000,0.0000,23,100.800,0.8065,0,0.9738,,0.850,0,
3437,3,79,fog-88,1,fog,1500.0,0.0000,0.0000,29,100.950,0.9708,0,0.9719,,0.850,0,
3438,3,79,fog-88,1,fog,1600.0,0.0000,0.0000,8,100.400,0.3062,0,0.9700,,0.850,0,
3439,3,79,fog-88,1,fog,1700.0,0.0000,0.0000,0,100.000,,0,0.9681,,0.850,0,
3440,3,79,fog-88,1,fog,1800.0,0.0000,0.0000,0,100.000,,0,0.9663,,0.850,0,
3441,3,79,fog-88,1,fog,1900.0,0.0000,0.0000,0,100.000,,0,0.9644,,0.850,0,
3442,3,79,fog-88,1,fog,2000.0,0.0000,0.0000,25,100.850,0.8561,0,0.9625,,0.850,0,
3443,3,79,fog-88,1,fog,2100.0,0.0000,0.0000,23,100.800,0.8066,0,0.9606,,0.850,0,
3444,3,79,fog-88,1,fog,2200.0,0.0000,0.0000,29,100.950,0.9525,0,0.9588,,0.850,0,
3445,3,79,fog-88,1,fog,2300.0,0.0000,0.0000,31,101.000,1.0000,0,0.9569,,0.850,0,
3446,3,79,fog-88,1,fog,2400.0,0.0000,0.0000,11,100.500,0.0000,0,0.9550,,0.850,0,
3447,3,79,fog-88,1,fog,2500.0,0.0000,0.0000,0,100.000,,0,0.9531,,0.850,0,
3448,3,79,fog-88,1,fog,2600.0,0.0000,0.0000,8,100.400,0.3514,0,0.9513,,0.850,0,
3449,3,79,fog-88,1,fog,2700.0,0.0000,0.0000,11,100.500,0.0000,0,0.9494,,0.850,0,
3450,3,79,fog-88,1,fog,2800.0,0.0000,0.0000,11,100.500,0.0000,0,0.9475,,0.850,0,
3451,3,79,fog-88,1,fog,2900.0,0.0000,0.0000,8,100.400,0.3062,0,0.9456,,0.850,0,
3452,3,79,fog-88,1,fog,3000.0,0.0000,0.0000,27,100.900,0.9428,0,0.9438,,0.850,0,
3453,3,79,fog-88,1,fog,3100.0,0.0000,0.0000,31,101.000,1.0000,0,0.9419,,0.850,0,
3454,3,79,fog-88,1,fog,3200.0,0.0000,0.0000,25,100.850,1.0000,0,0.9400,,0.850,0,
3455,3,79,fog-88,1,fog,3300.0,0.0000,0.0000,0,100.000,,0,0.9381,,0.850,0,
3456,3,79,fog-88,1,fog,3400.0,0.0000,0.0000,0,100.000,,0,0.9363,,0.850,0,
3457,3,79,fog-88,1,fog,3500.0,0.0000,0.0000,0,100.000,,0,0.9344,,0.850,0,
3458,3,79,fog-88,1,fog,3600.0,0.0000,0.0000,9,100.450,0.2940,0,0.9325,,0.850,0,
3459,3,79,fog-88,1,fog,3700.0,0.0000,0.0000,23,100.800,1.0000,0,0.9306,,0.850,0,
3460,3,79,fog-88,1,fog,3800.0,0.0000,0.0000,39,101.200,1.0000,0,0.9288,,0.850,0,
3461,3,79,fog-88,1,fog,3900.0,0.0000,0.0000,41,101.250,1.0000,0,0.9269,,0.850,0,
3462,3,79,fog-88,1,fog,4000.0,0.0000,0.0000,31,101.000,1.0000,0,0.9250,,0.850,0,
3463,3,79,fog-88,1,fog,4100.0,0.0000,0.0000,23,100.800,0.8165,0,0.9231,,0.850,0,
3464,3,79,fog-88,1,fog,4200.0,0.0000,0.0000,27,100.900,0.9428,0,0.9213,,0.850,0,
3465,3,79,fog-88,1,fog,4300.0,0.0000,0.0000,31,101.000,1.0000,0,0.9194,,0.850,0,
3466,3,79,fog-88,1,fog,4400.0,0.0000,0.0000,27,100.900,0.9130,0,0.9175,,0.850,0,
3467,3,79,fog-88,1,fog,4500.0,0.0000,0.0000,8,100.400,0.3062,0,0.9156,,0.850,0,
3468,3,79,fog-88,1,fog,4600.0,0.0000,0.0000,8,100.400,0.0000,0,0.9138,,0.850,0,
3469,3,79,fog-88,1,fog,4700.0,0.0000,0.0000,8,100.400,0.3514,0,0.9119,,0.850,0,
3470,3,79,fog-88,1,fog,4800.0,0.0000,0.0000,9,100.450,0.0000,0,0.9100,,0.850,0,
3471,3,79,fog-88,1,fog,4900.0,0.0000,0.0000,11,100.500,0.0000,0,0.9081,,0.850,0,
3472,3,79,fog-88,1,fog,5000.0,0.0000,0.0000,23,100.800,0.7967,0,0.9063,,0.850,0,
3473,3,80,fog-89,1,fog,0.0,0.0000,0.0000,0,100.000,,0,1.0000,,0.850,0,
3474,3,80,fog-89,1,fog,100.0,0.0000,0.0000,23,100.800,1.0000,0,0.9981,,0.850,0,
3475,3,80,fog-89,1,fog,200.0,0.0000,0.0000,97,102.650,1.0000,0,0.9963,,0.850,0,
3476,3,80,fog-89,1,fog,300.0,0.0000,0.0000,81,102.250,1.0000,0,0.9944,,0.850,0,
3477,3,80,fog-89,1,fog,400.0,0.0000,0.0000,79,102.200,1.0000,0,0.9925,,0.850,0,
3478,3,80,fog-89,1,fog,500.0,0.0000,0.0000,45,101.350,1.0000,0,0.9906,,0.850,0,
3479,3,80,fog-89,1,fog,600.0,0.0000,0.0000,65,101.850,1.0000,0,0.9888,,0.850,0,
3480,3,80,fog-89,1,fog,700.0,0.0000,0.0000,41,101.250,1.0000,0,0.9869,,0.850,0,
3481,3,80,fog-89,1,fog,800.0,0.0000,0.0000,43,101.300,1.0000,0,0.9850,,0.850,0,
3482,3,80,fog-89,1,fog,900.0,0.0000,0.0000,27,100.900,0.8794,0,0.9831,,0.850,0,
3483,3,80,fog-89,1,fog,1000.0,0.0000,0.0000,49,101.450,1.0000,0,0.9813,,0.850,0,
3484,3,80,fog-89,1,fog,1100.0,0.0000,0.0000,57,101.650,1.0000,0,0.9794,,0.850,0,
3485,3,80,fog-89,1,fog,1200.0,0.0000,0.0000,85,102.350,1.0000,0,0.9775,,0.850,0,
3486,3,80,fog-89,1,fog,1300.0,0.0000,0.0000,65,101.850,1.0000,0,0.9756,,0.850,0,
3487,3,80,fog-89,1,fog,1400.0,0.0000,0.0000,45,101.350,1.0000,0,0.9738,,0.850,0,
3488,3,80,fog-89,1,fog,1500.0,0.0000,0.0000,63,101.800,1.0000,0,0.9719,,0.850,0,
3489,3,80,fog-89,1,fog,1600.0,0.0000,0.0000,65,101.850,1.0000,0,0.9700,,0.850,0,
3490,3,80,fog-89,1,fog,1700.0,0.0000,0.0000,65,101.850,1.0000,0,0.9681,,0.850,0,
3491,3,80,fog-89,1,fog,1800.0,0.0000,0.0000,73,102.050,1.0000,0,0.9663,,0.850,0,
3492,3,80,fog-89,1,fog,1900.0,0.0000,0.0000,89,102.450,1.0000,0,0.9644,,0.850,0,
3493,3,80,fog-89,1,fog,2000.0,0.0000,0.0000,113,103.050,1.0000,0,0.9625,,0.850,0,
3494,3,80,fog-89,1,fog,2100.0,0.0000,0.0000,97,102.650,1.0000,0,0.9606,,0.850,0,
3495,3,80,fog-89,1,fog,2200.0,0.0000,0.0000,85,102.350,1.0000,0,0.9588,,0.850,0,
3496,3,80,fog-89,1,fog,2300.0,0.0000,0.0000,63,101.800,1.0000,0,0.9569,,0.850,0,
3497,3,80,fog-89,1,fog,2400.0,0.0000,0.0000,87,102.400,1.0000,0,0.9550,,0.850,0,
3498,3,80,fog-89,1,fog,2500.0,0.0000,0.0000,45,101.350,1.0000,0,0.9531,,0.850,0,
3499,3,80,fog-89,1,fog,2600.0,0.0000,0.0000,49,101.450,1.0000,0,0.9513,,0.850,0,
3500,3,80,fog-89,1,fog,2700.0,0.0000,0.0000,67,101.900,1.0000,0,0.9494,,0.850,0,
3501,3,80,fog-89,1,fog,2800.0,0.0000,0.0000,65,101.850,1.0000,0,0.9475,,0.850,0,
3502,3,80,fog-89,1,fog,2900.0,0.0000,0.0000,31,101.000,0.9640,0,0.9456,,0.850,0,
3503,3,80,fog-89,1,fog,3000.0,0.0000,0.0000,31,101.000,0.9640,0,0.9438,,0.850,0,
3504,3,80,fog-89,1,fog,3100.0,0.0000,0.0000,49,101.450,1.0000,0,0.9419,,0.850,0,
3505,3,80,fog-89,1,fog,3200.0,0.0000,0.0000,27,100.900,0.8896,0,0.9400,,0.850,0,
3506,3,80,fog-89,1,fog,3300.0,0.0000,0.0000,23,100.800,0.7758,0,0.9381,,0.850,0,
3507,3,80,fog-89,1,fog,3400.0,0.0000,0.0000,65,101.850,1.0000,0,0.9363,,0.850,0,
3508,3,80,fog-89,1,fog,3500.0,0.0000,0.0000,89,102.450,1.0000,0,0.9344,,0.850,0,
3509,3,80,fog-89,1,fog,3600.0,0.0000,0.0000,121,103.250,1.0000,0,0.9325,,0.850,0,
3510,3,80,fog-89,1,fog,3700.0,0.0000,0.0000,85,102.350,1.0000,0,0.9306,,0.850,0,
3511,3,80,fog-89,1,fog,3800.0,0.0000,0.0000,89,102.450,1.0000,0,0.9288,,0.850,0,
3512,3,80,fog-89,1,fog,3900.0,0.0000,0.0000,49,101.450,1.0000,0,0.9269,,0.850,0,
3513,3,80,fog-89,1,fog,4000.0,0.0000,0.0000,8,100.400,0.3062,0,0.9250,,0.850,0,
3514,3,80,fog-89,1,fog,4100.0,0.0000,0.0000,8,100.400,0.3062,0,0.9231,,0.850,0,
3515,3,80,fog-89,1,fog,4200.0,0.0000,0.0000,11,100.500,0.0000,0,0.9213,,0.850,0,
3516,3,80,fog-89,1,fog,4300.0,0.0000,0.0000,8,100.400,0.3514,0,0.9194,,0.850,0,
3517,3,80,fog-89,1,fog,4400.0,0.0000,0.0000,25,100.850,1.0000,0,0.9175,,0.850,0,
3518,3,80,fog-89,1,fog,4500.0,0.0000,0.0000,27,100.900,0.8896,0,0.9156,,0.850,0,
3519,3,80,fog-89,1,fog,4600.0,0.0000,0.0000,25,100.850,0.8351,0,0.9138,,0.850,0,
3520,3,80,fog-89,1,fog,4700.0,0.0000,0.0000,31,101.000,0.9874,0,0.9119,,0.850,0,
3521,3,80,fog-89,1,fog,4800.0,0.0000,0.0000,27,100.900,0.9329,0,0.9100,,0.850,0,
3522,3,80,fog-89,1,fog,4900.0,0.0000,0.0000,47,101.400,1.0000,0,0.9081,,0.850,0,
3523,3,80,fog-89,1,fog,5000.0,0.0000,0.0000,27,100.900,0.9284,0,0.9063,,0.850,0,
3524,3,81,fog-90,1,fog,0.0,0.0000,0.0000,0,100.000,,0,1.0000,,0.850,0,
3525,3,81,fog-90,1,fog,100.0,0.0000,0.0000,0,100.000,,0,0.9981,,0.850,0,
3526,3,81,fog-90,1,fog,200.0,0.0000,0.0000,0,100.000,,0,0.9963,,0.850,0,
3527,3,81,fog-90,1,fog,300.0,0.0000,0.0000,0,100.000,,0,0.9944,,0.850,0,
3528,3,81,fog-90,1,fog,400.0,0.0000,0.0000,0,100.000,,0,0.9925,,0.850,0,
3529,3,81,fog-90,1,fog,500.0,0.0000,0.0000,0,100.000,,0,0.9906,,0.850,0,
3530,3,81,fog-90,1,fog,600.0,0.0000,0.0000,0,100.000,,0,0.9888,,0.850,0,
3531,3,81,fog-90,1,fog,700.0,0.0000,0.0000,0,100.000,,0,0.9869,,0.850,0,
3532,3,81,fog-90,1,fog,800.0,0.0000,0.0000,0,100.000,,0,0.9850,,0.850,0,
3533,3,81,fog-90,1,fog,900.0,0.0000,0.0000,0,100.000,,0,0.9831,,0.850,0,
3534,3,81,fog-90,1,fog,1000.0,0.0000,0.0000,0,100.000,,0,0.9813,,0.850,0,
3535,3,81,fog-90,1,fog,1100.0,0.0000,0.0000,0,100.000,,0,0.9794,,0.850,0,
3536,3,81,fog-90,1,fog,1200.0,0.0000,0.0000,0,100.000,,0,0.9775,,0.850,0,
3537,3,81,fog-90,1,fog,1300.0,0.0000,0.0000,0,100.000,,0,0.9756,,0.850,0,
3538,3,81,fog-90,1,fog,1400.0,0.0000,0.0000,0,100.000,,0,0.9738,,0.850,0,
3539,3,81,fog-90,1,fog,1500.0,0.0000,0.0000,0,100.000,,0,0.9719,,0.850,0,
3540,3,81,fog-90,1,fog,1600.0,0.0000,0.0000,0,100.000,,0,0.9700,,0.850,0,
3541,3,81,fog-90,1,fog,1700.0,0.0000,0.0000,0,100.000,,0,0.9681,,0.850,0,
3542,3,81,fog-90,1,fog,1800.0,0.0000,0.0000,0,100.000,,0,0.9663,,0.850,0,
3543,3,81,fog-90,1,fog,1900.0,0.0000,0.0000,0,100.000,,0,0.9644,,0.850,0,
3544,3,81,fog-90,1,fog,2000.0,0.0000,0.0000,0,100.000,,0,0.9625,,0.850,0,
3545,3,81,fog-90,1,fog,2100.0,0.0000,0.0000,0,100.000,,0,0.9606,,0.850,0,
3546,3,81,fog-90,1,fog,2200.0,0.0000,0.0000,0,100.000,,0,0.9588,,0.850,0,
3547,3,81,fog-90,1,fog,2300.0,0.0000,0.0000,0,100.000,,0,0.9569,,0.850,0,
3548,3,81,fog-90,1,fog,2400.0,0.0000,0.0000,0,100.000,,0,0.9550,,0.850,0,
3549,3,81,fog-90,1,fog,2500.0,0.0000,0.0000,0,100.000,,0,0.9531,,0.850,0,
3550,3,81,fog-90,1,fog,2600.0,0.0000,0.0000,0,100.000,,0,0.9513,,0.850,0,
3551,3,81,fog-90,1,fog,2700.0,0.0000,0.0000,0,100.000,,0,0.9494,,0.850,0,
3552,3,81,fog-90,1,fog,2800.0,0.0000,0.0000,0,100.000,,0,0.9475,,0.850,0,
3553,3,81,fog-90,1,fog,2900.0,0.0000,0.0000,0,100.000,,0,0.9456,,0.850,0,
3554,3,81,fog-90,1,fog,3000.0,0.0000,0.0000,0,100.000,,0,0.9438,,0.850,0,
3555,3,81,fog-90,1,fog,3100.0,0.0000,0.0000,0,100.000,,0,0.9419,,0.850,0,
3556,3,81,fog-90,1,fog,3200.0,0.0000,0.0000,0,100.000,,0,0.9400,,0.850,0,
3557,3,81,fog-90,1,fog,3300.0,0.0000,0.0000,0,100.000,,0,0.9381,,0.850,0,
3558,3,81,fog-90,1,fog,3400.0,0.0000,0.0000,0,100.000,,0,0.9363,,0.850,0,
3559,3,81,fog-90,1,fog,3500.0,0.0000,0.0000,0,100.000,,0,0.9344,,0.850,0,
3560,3,81,fog-90,1,fog,3600.0,0.0000,0.0000,0,100.000,,0,0.9325,,0.850,0,
3561,3,81,fog-90,1,fog,3700.0,0.0000,0.0000,0,100.000,,0,0.9306,,0.850,0,
3562,3,81,fog-90,1,fog,3800.0,0.0000,0.0000,0,100.000,,0,0.9288,,0.850,0,
3563,3,81,fog-90,1,fog,3900.0,0.0000,0.0000,0,100.000,,0,0.9269,,0.850,0,
3564,3,81,fog-90,1,fog,4000.0,0.0000,0.0000,0,100.000,,0,0.9250,,0.850,0,
3565,3,81,fog-90,1,fog,4100.0,0.0000,0.0000,0,100.000,,0,0.9231,,0.850,0,
3566,3,81,fog-90,1,fog,4200.0,0.0000,0.0000,0,100.000,,0,0.9213,,0.850,0,
3567,3,81,fog-90,1,fog,4300.0,0.0000,0.0000,0,100.000,,0,0.9194,,0.850,0,
3568,3,81,fog-90,1,fog,4400.0,0.0000,0.0000,0,100.000,,0,0.9175,,0.850,0,
3569,3,81,fog-90,1,fog,4500.0,0.0000,0.0000,0,100.000,,0,0.9156,,0.850,0,
3570,3,81,fog-90,1,fog,4600.0,0.0000,0.0000,0,100.000,,0,0.9138,,0.850,0,
3571,3,81,fog-90,1,fog,4700.0,0.0000,0.0000,0,100.000,,0,0.9119,,0.850,0,
3572,3,81,fog-90,1,fog,4800.0,0.0000,0.0000,0,100.000,,0,0.9100,,0.850,0,
3573,3,81,fog-90,1,fog,4900.0,0.0000,0.0000,0,100.000,,0,0.9081,,0.850,0,
3574,3,81,fog-90,1,fog,5000.0,0.0000,0.0000,0,100.000,,0,0.9063,,0.850,0,
3575,3,82,fog-91,1,fog,0.0,0.0000,0.0000,0,100.000,,0,1.0000,,0.850,0,1281.3
3576,3,82,fog-91,1,fog,100.0,0.0000,0.0000,6,100.300,0.7927,0,0.9981,,0.850,0,1281.3
3577,3,82,fog-91,1,fog,200.0,0.0000,0.0000,7,100.350,0.3194,0,0.9963,,0.850,0,1281.3
3578,3,82,fog-91,1,fog,300.0,0.0000,0.0000,0,100.000,,0,0.9944,,0.850,0,1281.3
3579,3,82,fog-91,1,fog,400.0,0.0000,0.0000,31,101.000,1.0000,0,0.9925,,0.850,0,1281.3
3580,3,82,fog-91,1,fog,500.0,0.0000,0.0000,65,101.850,1.0000,0,0.9906,,0.850,0,1281.3
3581,3,82,fog-91,1,fog,600.0,0.0000,0.0000,63,101.800,1.0000,0,0.9888,,0.850,0,1281.3
3582,3,82,fog-91,1,fog,700.0,0.0000,0.0000,95,102.600,1.0000,0,0.9869,,0.850,0,1281.3
3583,3,82,fog-91,1,fog,800.0,0.0000,0.0000,81,102.250,1.0000,0,0.9850,,0.850,0,1281.3
3584,3,82,fog-91,1,fog,900.0,0.0000,0.0000,79,102.200,1.0000,0,0.9831,,0.850,0,1281.3
3585,3,82,fog-91,1,fog,1000.0,0.0000,0.0000,41,101.250,1.0000,0,0.9813,,0.850,0,1281.3
3586,3,82,fog-91,1,fog,1100.0,0.0000,0.0000,9,100.450,0.2940,0,0.9794,,0.850,1,1281.3
3587,3,82,fog-91,1,fog,1200.0,0.0000,0.0000,9,100.450,0.2940,0,0.9775,,0.850,1,1281.3
3588,3,83,fog-92,1,fog,0.0,0.0000,0.0000,0,100.000,,0,1.0000,,0.850,0,
3589,3,83,fog-92,1,fog,100.0,0.0000,0.0000,3,100.150,0.3333,0,0.9981,,0.850,0,
3590,3,83,fog-92,1,fog,200.0,0.0000,0.0000,0,100.000,,0,0.9963,,0.850,0,
3591,3,83,fog-92,1,fog,300.0,0.0000,0.0000,0,100.000,,0,0.9944,,0.850,0,
3592,3,83,fog-92,1,fog,400.0,0.0000,0.0000,0,100.000,,0,0.9925,,0.850,0,
3593,3,83,fog-92,1,fog,500.0,0.0000,0.0000,0,100.000,,0,0.9906,,0.850,0,
3594,3,83,fog-92,1,fog,600.0,0.0000,0.0000,0,100.000,,0,0.9888,,0.850,0,
3595,3,83,fog-92,1,fog,700.0,0.0000,0.0000,0,100.000,,0,0.9869,,0.850,0,
3596,3,83,fog-92,1,fog,800.0,0.0000,0.0000,0,100.000,,0,0.9850,,0.850,0,
3597,3,83,fog-92,1,fog,900.0,0.0000,0.0000,0,100.000,,0,0.9831,,0.850,0,
3598,3,83,fog-92,1,fog,1000.0,0.0000,0.0000,0,100.000,,0,0.9813,,0.850,0,
3599,3,83,fog-92,1,fog,1100.0,0.0000,0.0000,0,100.000,,0,0.9794,,0.850,0,
3600,3,83,fog-92,1,fog,1200.0,0.0000,0.0000,0,100.000,,0,0.9775,,0.850,0,
3601,3,83,fog-92,1,fog,1300.0,0.0000,0.0000,0,100.000,,0,0.9756,,0.850,0,
3602,3,83,fog-92,1,fog,1400.0,0.0000,0.0000,8,100.400,0.3514,0,0.9738,,0.850,0,
3603,3,83,fog-92,1,fog,1500.0,0.0000,0.0000,0,100.000,,0,0.9719,,0.850,0,
3604,3,83,fog-92,1,fog,1600.0,0.0000,0.0000,0,100.000,,0,0.9700,,0.850,0,
3605,3,83,fog-92,1,fog,1700.0,0.0000,0.0000,0,100.000,,0,0.9681,,0.850,0,
3606,3,83,fog-92,1,fog,1800.0,0.0000,0.0000,0,100.000,,0,0.9663,,0.850,0,
3607,3,83,fog-92,1,fog,1900.0,0.0000,0.0000,0,100.000,,0,0.9644,,0.850,0,
3608,3,83,fog-92,1,fog,2000.0,0.0000,0.0000,0,100.000,,0,0.9625,,0.850,0,
3609,3,83,fog-92,1,fog,2100.0,0.0000,0.0000,0,100.000,,0,0.9606,,0.850,0,
3610,3,83,fog-92,1,fog,2200.0,0.0000,0.0000,0,100.000,,0,0.9588,,0.850,0,
3611,3,83,fog-92,1,fog,2300.0,0.0000,0.0000,0,100.000,,0,0.9569,,0.850,0,
3612,3,83,fog-92,1,fog,2400.0,0.0000,0.0000,0,100.000,,0,0.9550,,0.850,0,
3613,3,83,fog-92,1,fog,2500.0,0.0000,0.0000,0,100.000,,0,0.9531,,0.850,0,
3614,3,83,fog-92,1,fog,2600.0,0.0000,0.0000,0,100.000,,0,0.9513,,0.850,0,
3615,3,83,fog-92,1,fog,2700.0,0.0000,0.0000,0,100.000,,0,0.9494,,0.850,0,
3616,3,83,fog-92,1,fog,2800.0,0.0000,0.0000,0,100.000,,0,0.9475,,0.850,0,
3617,3,83,fog-92,1,fog,2900.0,0.0000,0.0000,0,100.000,,0,0.9456,,0.850,0,
3618,3,83,fog-92,1,fog,3000.0,0.0000,0.0000,0,100.000,,0,0.9438,,0.850,0,
3619,3,83,fog-92,1,fog,3100.0,0.0000,0.0000,0,100.000,,0,0.9419,,0.850,0,
3620,3,83,fog-92,1,fog,3200.0,0.0000,0.0000,0,100.000,,0,0.9400,,0.850,0,
3621,3,83,fog-92,1,fog,3300.0,0.0000,0.0000,0,100.000,,0,0.9381,,0.850,0,
3622,3,83,fog-92,1,fog,3400.0,0.0000,0.0000,0,100.000,,0,0.9363,,0.850,0,
3623,3,83,fog-92,1,fog,3500.0,0.0000,0.0000,0,100.000,,0,0.9344,,0.850,0,
3624,3,83,fog-92,1,fog,3600.0,0.0000,0.0000,0,100.000,,0,0.9325,,0.850,0,
3625,3,83,fog-92,1,fog,3700.0,0.0000,0.0000,0,100.000,,0,0.9306,,0.850,0,
3626,3,83,fog-92,1,fog,3800.0,0.0000,0.0000,0,100.000,,0,0.9288,,0.850,0,
3627,3,83,fog-92,1,fog,3900.0,0.0000,0.0000,0,100.000,,0,0.9269,,0.850,0,
3628,3,83,fog-92,1,fog,4000.0,0.0000,0.0000,0,100.000,,0,0.9250,,0.850,0,
3629,3,83,fog-92,1,fog,4100.0,0.0000,0.0000,0,100.000,,0,0.9231,,0.850,0,
3630,3,83,fog-92,1,fog,4200.0,0.0000,0.0000,0,100.000,,0,0.9213,,0.850,0,
3631,3,83,fog-92,1,fog,4300.0,0.0000,0.0000,0,100.000,,0,0.9194,,0.850,0,
3632,3,83,fog-92,1,fog,4400.0,0.0000,0.0000,0,100.000,,0,0.9175,,0.850,0,
3633,3,83,fog-92,1,fog,4500.0,0.0000,0.0000,0,100.000,,0,0.9156,,0.850,0,
3634,3,83,fog-92,1,fog,4600.0,0.0000,0.0000,11,100.500,0.0000,0,0.9138,,0.850,0,
3635,3,83,fog-92,1,fog,4700.0,0.0000,0.0000,0,100.000,,0,0.9119,,0.850,0,
3636,3,83,fog-92,1,fog,4800.0,0.0000,0.0000,0,100.000,,0,0.9100,,0.850,0,
3637,3,83,fog-92,1,fog,4900.0,0.0000,0.0000,0,100.000,,0,0.9081,,0.850,0,
3638,3,83,fog-92,1,fog,5000.0,0.0000,0.0000,0,100.000,,0,0.9063,,0.850,0,
3639,3,84,fog-93,1,fog,0.0,0.0000,0.0000,0,100.000,,0,1.0000,,0.850,0,
3640,3,84,fog-93,1,fog,100.0,0.0000,0.0000,0,100.000,,0,0.9981,,0.850,0,
3641,3,84,fog-93,1,fog,200.0,0.0000,0.0000,0,100.000,,0,0.9963,,0.850,0,
3642,3,84,fog-93,1,fog,300.0,0.0000,0.0000,0,100.000,,0,0.9944,,0.850,0,
3643,3,84,fog-93,1,fog,400.0,0.0000,0.0000,0,100.000,,0,0.9925,,0.850,0,
3644,3,84,fog-93,1,fog,500.0,0.0000,0.0000,0,100.000,,0,0.9906,,0.850,0,
3645,3,84,fog-93,1,fog,600.0,0.0000,0.0000,0,100.000,,0,0.9888,,0.850,0,
3646,3,84,fog-93,1,fog,700.0,0.0000,0.0000,0,100.000,,0,0.9869,,0.850,0,
3647,3,84,fog-93,1,fog,800.0,0.0000,0.0000,0,100.000,,0,0.9850,,0.850,0,
3648,3,84,fog-93,1,fog,900.0,0.0000,0.0000,0,100.000,,0,0.9831,,0.850,0,
3649,3,84,fog-93,1,fog,1000.0,0.0000,0.0000,0,100.000,,0,0.9813,,0.850,0,
3650,3,84,fog-93,1,fog,1100.0,0.0000,0.0000,0,100.000,,0,0.9794,,0.850,0,
3651,3,84,fog-93,1,fog,1200.0,0.0000,0.0000,0,100.000,,0,0.9775,,0.850,0,
3652,3,84,fog-93,1,fog,1300.0,0.0000,0.0000,0,100.000,,0,0.9756,,0.850,0,
3653,3,84,fog-93,1,fog,1400.0,0.0000,0.0000,0,100.000,,0,0.9738,,0.850,0,
3654,3,84,fog-93,1,fog,1500.0,0.0000,0.0000,0,100.000,,0,0.9719,,0.850,0,
3655,3,84,fog-93,1,fog,1600.0,0.0000,0.0000,0,100.000,,0,0.9700,,0.850,0,
3656,3,84,fog-93,1,fog,1700.0,0.0000,0.0000,0,100.000,,0,0.9681,,0.850,0,
3657,3,84,fog-93,1,fog,1800.0,0.0000,0.0000,0,100.000,,0,0.9663,,0.850,0,
3658,3,84,fog-93,1,fog,1900.0,0.0000,0.0000,0,100.000,,0,0.9644,,0.850,0,
3659,3,84,fog-93,1,fog,2000.0,0.0000,0.0000,0,100.000,,0,0.9625,,0.850,0,
3660,3,84,fog-93,1,fog,2100.0,0.0000,0.0000,0,100.000,,0,0.9606,,0.850,0,
3661,3,84,fog-93,1,fog,2200.0,0.0000,0.0000,0,100.000,,0,0.9588,,0.850,0,
3662,3,84,fog-93,1,fog,2300.0,0.0000,0.0000,0,100.000,,0,0.9569,,0.850,0,
3663,3,84,fog-93,1,fog,2400.0,0.0000,0.0000,0,100.000,,0,0.9550,,0.850,0,
3664,3,84,fog-93,1,fog,2500.0,0.0000,0.0000,0,100.000,,0,0.9531,,0.850,0,
3665,3,84,fog-93,1,fog,2600.0,0.0000,0.0000,0,100.000,,0,0.9513,,0.850,0,
3666,3,84,fog-93,1,fog,2700.0,0.0000,0.0000,0,100.000,,0,0.9494,,0.850,0,
3667,3,84,fog-93,1,fog,2800.0,0.0000,0.0000,0,100.000,,0,0.9475,,0.850,0,
3668,3,84,fog-93,1,fog,2900.0,0.0000,0.0000,0,100.000,,0,0.9456,,0.850,0,
3669,3,84,fog-93,1,fog,3000.0,0.0000,0.0000,0,100.000,,0,0.9438,,0.850,0,
3670,3,84,fog-93,1,fog,3100.0,0.0000,0.0000,0,100.000,,0,0.9419,,0.850,0,
3671,3,84,fog-93,1,fog,3200.0,0.0000,0.0000,0,100.000,,0,0.9400,,0.850,0,
3672,3,84,fog-93,1,fog,3300.0,0.0000,0.0000,0,100.000,,0,0.9381,,0.850,0,
3673,3,84,fog-93,1,fog,3400.0,0.0000,0.0000,0,100.000,,0,0.9363,,0.850,0,
3674,3,84,fog-93,1,fog,3500.0,0.0000,0.0000,0,100.000,,0,0.9344,,0.850,0,
3675,3,84,fog-93,1,fog,3600.0,0.0000,0.0000,0,100.000,,0,0.9325,,0.850,0,
3676,3,84,fog-93,1,fog,3700.0,0.0000,0.0000,0,100.000,,0,0.9306,,0.850,0,
3677,3,84,fog-93,1,fog,3800.0,0.0000,0.0000,0,100.000,,0,0.9288,,0.850,0,
3678,3,84,fog-93,1,fog,3900.0,0.0000,0.0000,0,100.000,,0,0.9269,,0.850,0,
3679,3,84,fog-93,1,fog,4000.0,0.0000,0.0000,0,100.000,,0,0.9250,,0.850,0,
3680,3,84,fog-93,1,fog,4100.0,0.0000,0.0000,0,100.000,,0,0.9231,,0.850,0,
3681,3,84,fog-93,1,fog,4200.0,0.0000,0.0000,0,100.000,,0,0.9213,,0.850,0,
3682,3,84,fog-93,1,fog,4300.0,0.0000,0.0000,0,100.000,,0,0.9194,,0.850,0,
3683,3,84,fog-93,1,fog,4400.0,0.0000,0.0000,0,100.000,,0,0.9175,,0.850,0,
3684,3,84,fog-93,1,fog,4500.0,0.0000,0.0000,0,100.000,,0,0.9156,,0.850,0,
3685,3,84,fog-93,1,fog,4600.0,0.0000,0.0000,0,100.000,,0,0.9138,,0.850,0,
3686,3,84,fog-93,1,fog,4700.0,0.0000,0.0000,0,100.000,,0,0.9119,,0.850,0,
3687,3,84,fog-93,1,fog,4800.0,0.0000,0.0000,0,100.000,,0,0.9100,,0.850,0,
3688,3,84,fog-93,1,fog,4900.0,0.0000,0.0000,0,100.000,,0,0.9081,,0.850,0,
3689,3,84,fog-93,1,fog,5000.0,0.0000,0.0000,0,100.000,,0,0.9063,,0.850,0,
3690,3,85,fog-94,1,fog,0.0,0.0000,0.0000,0,100.000,,0,1.0000,,0.850,0,
3691,3,85,fog-94,1,fog,100.0,0.0000,0.0000,0,100.000,,0,0.9981,,0.850,0,
3692,3,85,fog-94,1,fog,200.0,0.0000,0.0000,0,100.000,,0,0.9963,,0.850,0,
3693,3,85,fog-94,1,fog,300.0,0.0000,0.0000,0,100.000,,0,0.9944,,0.850,0,
3694,3,85,fog-94,1,fog,400.0,0.0000,0.0000,0,100.000,,0,0.9925,,0.850,0,
3695,3,85,fog-94,1,fog,500.0,0.0000,0.0000,0,100.000,,0,0.9906,,0.850,0,
3696,3,85,fog-94,1,fog,600.0,0.0000,0.0000,0,100.000,,0,0.9888,,0.850,0,
3697,3,85,fog-94,1,fog,700.0,0.0000,0.0000,0,100.000,,0,0.9869,,0.850,0,
3698,3,85,fog-94,1,fog,800.0,0.0000,0.0000,0,100.000,,0,0.9850,,0.850,0,
3699,3,85,fog-94,1,fog,900.0,0.0000,0.0000,0,100.000,,0,0.9831,,0.850,0,
3700,3,85,fog-94,1,fog,1000.0,0.0000,0.0000,0,100.000,,0,0.9813,,0.850,0,
3701,3,85,fog-94,1,fog,1100.0,0.0000,0.0000,0,100.000,,0,0.9794,,0.850,0,
3702,3,85,fog-94,1,fog,1200.0,0.0000,0.0000,0,100.000,,0,0.9775,,0.850,0,
3703,3,85,fog-94,1,fog,1300.0,0.0000,0.0000,0,100.000,,0,0.9756,,0.850,0,
3704,3,85,fog-94,1,fog,1400.0,0.0000,0.0000,0,100.000,,0,0.9738,,0.850,0,
3705,3,85,fog-94,1,fog,1500.0,0.0000,0.0000,0,100.000,,0,0.9719,,0.850,0,
3706,3,85,fog-94,1,fog,1600.0,0.0000,0.0000,0,100.000,,0,0.9700,,0.850,0,
3707,3,85,fog-94,1,fog,1700.0,0.0000,0.0000,0,100.000,,0,0.9681,,0.850,0,
3708,3,85,fog-94,1,fog,1800.0,0.0000,0.0000,0,100.000,,0,0.9663,,0.850,0,
3709,3,85,fog-94,1,fog,1900.0,0.0000,0.0000,0,100.000,,0,0.9644,,0.850,0,
3710,3,85,fog-94,1,fog,2000.0,0.0000,0.0000,0,100.000,,0,0.9625,,0.850,0,
3711,3,85,fog-94,1,fog,2100.0,0.0000,0.0000,0,100.000,,0,0.9606,,0.850,0,
3712,3,85,fog-94,1,fog,2200.0,0.0000,0.0000,0,100.000,,0,0.9588,,0.850,0,
3713,3,85,fog-94,1,fog,2300.0,0.0000,0.0000,0,100.000,,0,0.9569,,0.850,0,
3714,3,85,fog-94,1,fog,2400.0,0.0000,0.0000,0,100.000,,0,0.9550,,0.850,0,
3715,3,85,fog-94,1,fog,2500.0,0.0000,0.0000,0,100.000,,0,0.9531,,0.850,0,
3716,3,85,fog-94,1,fog,2600.0,0.0000,0.0000,0,100.000,,0,0.9513,,0.850,0,
3717,3,85,fog-94,1,fog,2700.0,0.0000,0.0000,0,100.000,,0,0.9494,,0.850,0,
3718,3,85,fog-94,1,fog,2800.0,0.0000,0.0000,0,100.000,,0,0.9475,,0.850,0,
3719,3,85,fog-94,1,fog,2900.0,0.0000,0.0000,0,100.000,,0,0.9456,,0.850,0,
3720,3,85,fog-94,1,fog,3000.0,0.0000,0.0000,0,100.000,,0,0.9438,,0.850,0,
3721,3,85,fog-94,1,fog,3100.0,0.0000,0.0000,0,100.000,,0,0.9419,,0.850,0,
3722,3,85,fog-94,1,fog,3200.0,0.0000,0.0000,0,100.000,,0,0.9400,,0.850,0,
3723,3,85,fog-94,1,fog,3300.0,0.0000,0.0000,0,100.000,,0,0.9381,,0.850,0,
3724,3,85,fog-94,1,fog,3400.0,0.0000,0.0000,0,100.000,,0,0.9363,,0.850,0,
3725,3,85,fog-94,1,fog,3500.0,0.0000,0.0000,0,100.000,,0,0.9344,,0.850,0,
3726,3,85,fog-94,1,fog,3600.0,0.0000,0.0000,0,100.000,,0,0.9325,,0.850,0,
3727,3,85,fog-94,1,fog,3700.0,0.0000,0.0000,0,100.000,,0,0.9306,,0.850,0,
3728,3,85,fog-94,1,fog,3800.0,0.0000,0.0000,0,100.000,,0,0.9288,,0.850,0,
3729,3,85,fog-94,1,fog,3900.0,0.0000,0.0000,0,100.000,,0,0.9269,,0.850,0,
3730,3,85,fog-94,1,fog,4000.0,0.0000,0.0000,0,100.000,,0,0.9250,,0.850,0,
3731,3,85,fog-94,1,fog,4100.0,0.0000,0.0000,0,100.000,,0,0.9231,,0.850,0,
3732,3,85,fog-94,1,fog,4200.0,0.0000,0.0000,0,100.000,,0,0.9213,,0.850,0,
3733,3,85,fog-94,1,fog,4300.0,0.0000,0.0000,0,100.000,,0,0.9194,,0.850,0,
3734,3,85,fog-94,1,fog,4400.0,0.0000,0.0000,0,100.000,,0,0.9175,,0.850,0,
3735,3,85,fog-94,1,fog,4500.0,0.0000,0.0000,0,100.000,,0,0.9156,,0.850,0,
3736,3,85,fog-94,1,fog,4600.0,0.0000,0.0000,0,100.000,,0,0.9138,,0.850,0,
3737,3,85,fog-94,1,fog,4700.0,0.0000,0.0000,0,100.000,,0,0.9119,,0.850,0,
3738,3,85,fog-94,1,fog,4800.0,0.0000,0.0000,0,100.000,,0,0.9100,,0.850,0,
3739,3,85,fog-94,1,fog,4900.0,0.0000,0.0000,0,100.000,,0,0.9081,,0.850,0,
3740,3,85,fog-94,1,fog,5000.0,0.0000,0.0000,0,100.000,,0,0.9063,,0.850,0,
3741,3,86,fog-95,1,fog,0.0,0.0000,0.0000,0,100.000,,0,1.0000,,0.850,0,
3742,3,86,fog-95,1,fog,100.0,0.0000,0.0000,0,100.000,,0,0.9981,,0.850,0,
3743,3,86,fog-95,1,fog,200.0,0.0000,0.0000,0,100.000,,0,0.9963,,0.850,0,
3744,3,86,fog-95,1,fog,300.0,0.0000,0.0000,0,100.000,,0,0.9944,,0.850,0,
3745,3,86,fog-95,1,fog,400.0,0.0000,0.0000,0,100.000,,0,0.9925,,0.850,0,
3746,3,86,fog-95,1,fog,500.0,0.0000,0.0000,0,100.000,,0,0.9906,,0.850,0,
3747,3,86,fog-95,1,fog,600.0,0.0000,0.0000,0,100.000,,0,0.9888,,0.850,0,
3748,3,86,fog-95,1,fog,700.0,0.0000,0.0000,0,100.000,,0,0.9869,,0.850,0,
3749,3,86,fog-95,1,fog,800.0,0.0000,0.0000,0,100.000,,0,0.9850,,0.850,0,
3750,3,86,fog-95,1,fog,900.0,0.0000,0.0000,0,100.000,,0,0.9831,,0.850,0,
3751,3,86,fog-95,1,fog,1000.0,0.0000,0.0000,0,100.000,,0,0.9813,,0.850,0,
3752,3,86,fog-95,1,fog,1100.0,0.0000,0.0000,0,100.000,,0,0.9794,,0.850,0,
3753,3,86,fog-95,1,fog,1200.0,0.0000,0.0000,0,100.000,,0,0.9775,,0.850,0,
3754,3,86,fog-95,1,fog,1300.0,0.0000,0.0000,0,100.000,,0,0.9756,,0.850,0,
3755,3,86,fog-95,1,fog,1400.0,0.0000,0.0000,0,100.000,,0,0.9738,,0.850,0,
3756,3,86,fog-95,1,fog,1500.0,0.0000,0.0000,0,100.000,,0,0.9719,,0.850,0,
3757,3,86,fog-95,1,fog,1600.0,0.0000,0.0000,0,100.000,,0,0.9700,,0.850,0,
3758,3,86,fog-95,1,fog,1700.0,0.0000,0.0000,0,100.000,,0,0.9681,,0.850,0,
3759,3,86,fog-95,1,fog,1800.0,0.0000,0.0000,8,100.400,0.3514,0,0.9663,,0.850,0,
3760,3,86,fog-95,1,fog,1900.0,0.0000,0.0000,0,100.000,,0,0.9644,,0.850,0,
3761,3,86,fog-95,1,fog,2000.0,0.0000,0.0000,0,100.000,,0,0.9625,,0.850,0,
3762,3,86,fog-95,1,fog,2100.0,0.0000,0.0000,0,100.000,,0,0.9606,,0.850,0,
3763,3,86,fog-95,1,fog,2200.0,0.0000,0.0000,0,100.000,,0,0.9588,,0.850,0,
3764,3,86,fog-95,1,fog,2300.0,0.0000,0.0000,0,100.000,,0,0.9569,,0.850,0,
3765,3,86,fog-95,1,fog,2400.0,0.0000,0.0000,0,100.000,,0,0.9550,,0.850,0,
3766,3,86,fog-95,1,fog,2500.0,0.0000,0.0000,0,100.000,,0,0.9531,,0.850,0,
3767,3,86,fog-95,1,fog,2600.0,0.0000,0.0000,0,100.000,,0,0.9513,,0.850,0,
3768,3,86,fog-95,1,fog,2700.0,0.0000,0.0000,0,100.000,,0,0.9494,,0.850,0,
3769,3,86,fog-95,1,fog,2800.0,0.0000,0.0000,0,100.000,,0,0.9475,,0.850,0,
3770,3,86,fog-95,1,fog,2900.0,0.0000,0.0000,0,100.000,,0,0.9456,,0.850,0,
3771,3,86,fog-95,1,fog,3000.0,0.0000,0.0000,0,100.000,,0,0.9438,,0.850,0,
3772,3,86,fog-95,1,fog,3100.0,0.0000,0.0000,0,100.000,,0,0.9419,,0.850,0,
3773,3,86,fog-95,1,fog,3200.0,0.0000,0.0000,0,100.000,,0,0.9400,,0.850,0,
3774,3,86,fog-95,1,fog,3300.0,0.0000,0.0000,0,100.000,,0,0.9381,,0.850,0,
3775,3,86,fog-95,1,fog,3400.0,0.0000,0.0000,8,100.400,0.3514,0,0.9363,,0.850,0,
3776,3,86,fog-95,1,fog,3500.0,0.0000,0.0000,0,100.000,,0,0.9344,,0.850,0,
3777,3,86,fog-95,1,fog,3600.0,0.0000,0.0000,0,100.000,,0,0.9325,,0.850,0,
3778,3,86,fog-95,1,fog,3700.0,0.0000,0.0000,0,100.000,,0,0.9306,,0.850,0,
3779,3,86,fog-95,1,fog,3800.0,0.0000,0.0000,0,100.000,,0,0.9288,,0.850,0,
3780,3,86,fog-95,1,fog,3900.0,0.0000,0.0000,0,100.000,,0,0.9269,,0.850,0,
3781,3,86,fog-95,1,fog,4000.0,0.0000,0.0000,0,100.000,,0,0.9250,,0.850,0,
3782,3,86,fog-95,1,fog,4100.0,0.0000,0.0000,0,100.000,,0,0.9231,,0.850,0,
3783,3,86,fog-95,1,fog,4200.0,0.0000,0.0000,0,100.000,,0,0.9213,,0.850,0,
3784,3,86,fog-95,1,fog,4300.0,0.0000,0.0000,0,100.000,,0,0.9194,,0.850,0,
3785,3,86,fog-95,1,fog,4400.0,0.0000,0.0000,0,100.000,,0,0.9175,,0.850,0,
3786,3,86,fog-95,1,fog,4500.0,0.0000,0.0000,0,100.000,,0,0.9156,,0.850,0,
3787,3,86,fog-95,1,fog,4600.0,0.0000,0.0000,0,100.000,,0,0.9138,,0.850,0,
3788,3,86,fog-95,1,fog,4700.0,0.0000,0.0000,0,100.000,,0,0.9119,,0.850,0,
3789,3,86,fog-95,1,fog,4800.0,0.0000,0.0000,0,100.000,,0,0.9100,,0.850,0,
3790,3,86,fog-95,1,fog,4900.0,0.0000,0.0000,0,100.000,,0,0.9081,,0.850,0,
3791,3,86,fog-95,1,fog,5000.0,0.0000,0.0000,8,100.400,0.3062,0,0.9063,,0.850,0,
3792,3,87,fog-96,1,fog,0.0,0.0000,0.0000,0,100.000,,0,1.0000,,0.850,0,
3793,3,87,fog-96,1,fog,100.0,0.0000,0.0000,8,100.400,1.0000,0,0.9981,,0.850,0,
3794,3,87,fog-96,1,fog,200.0,0.0000,0.0000,31,101.000,1.0000,0,0.9963,,0.850,0,
3795,3,87,fog-96,1,fog,300.0,0.0000,0.0000,29,100.950,1.0000,0,0.9944,,0.850,0,
3796,3,87,fog-96,1,fog,400.0,0.0000,0.0000,27,100.900,0.9428,0,0.9925,,0.850,0,
3797,3,87,fog-96,1,fog,500.0,0.0000,0.0000,25,100.850,0.8819,0,0.9906,,0.850,0,
3798,3,87,fog-96,1,fog,600.0,0.0000,0.0000,25,100.850,0.8819,0,0.9888,,0.850,0,
3799,3,87,fog-96,1,fog,700.0,0.0000,0.0000,8,100.400,0.3062,0,0.9869,,0.850,0,
3800,3,87,fog-96,1,fog,800.0,0.0000,0.0000,9,100.450,0.2940,0,0.9850,,0.850,0,
3801,3,87,fog-96,1,fog,900.0,0.0000,0.0000,11,100.500,0.0000,0,0.9831,,0.850,0,
3802,3,87,fog-96,1,fog,1000.0,0.0000,0.0000,11,100.500,0.0000,0,0.9813,,0.850,0,
3803,3,87,fog-96,1,fog,1100.0,0.0000,0.0000,8,100.400,0.3062,0,0.9794,,0.850,0,
3804,3,87,fog-96,1,fog,1200.0,0.0000,0.0000,8,100.400,0.3514,0,0.9775,,0.850,0,
3805,3,87,fog-96,1,fog,1300.0,0.0000,0.0000,9,100.450,0.0000,0,0.9756,,0.850,0,
3806,3,87,fog-96,1,fog,1400.0,0.0000,0.0000,0,100.000,,0,0.9738,,0.850,0,
3807,3,87,fog-96,1,fog,1500.0,0.0000,0.0000,0,100.000,,0,0.9719,,0.850,0,
3808,3,87,fog-96,1,fog,1600.0,0.0000,0.0000,0,100.000,,0,0.9700,,0.850,0,
3809,3,87,fog-96,1,fog,1700.0,0.0000,0.0000,0,100.000,,0,0.9681,,0.850,0,
3810,3,87,fog-96,1,fog,1800.0,0.0000,0.0000,0,100.000,,0,0.9663,,0.850,0,
3811,3,87,fog-96,1,fog,1900.0,0.0000,0.0000,0,100.000,,0,0.9644,,0.850,0,
3812,3,87,fog-96,1,fog,2000.0,0.0000,0.0000,11,100.500,0.0000,0,0.9625,,0.850,0,
3813,3,87,fog-96,1,fog,2100.0,0.0000,0.0000,8,100.400,0.3062,0,0.9606,,0.850,0,
3814,3,87,fog-96,1,fog,2200.0,0.0000,0.0000,9,100.450,0.2940,0,0.9588,,0.850,0,
3815,3,87,fog-96,1,fog,2300.0,0.0000,0.0000,8,100.400,0.3062,0,0.9569,,0.850,0,
3816,3,87,fog-96,1,fog,2400.0,0.0000,0.0000,9,100.450,0.2940,0,0.9550,,0.850,0,
3817,3,87,fog-96,1,fog,2500.0,0.0000,0.0000,11,100.500,0.0000,0,0.9531,,0.850,0,
3818,3,87,fog-96,1,fog,2600.0,0.0000,0.0000,11,100.500,0.0000,0,0.9513,,0.850,0,
3819,3,87,fog-96,1,fog,2700.0,0.0000,0.0000,11,100.500,0.0000,0,0.9494,,0.850,0,
3820,3,87,fog-96,1,fog,2800.0,0.0000,0.0000,9,100.450,0.0000,0,0.9475,,0.850,0,
3821,3,87,fog-96,1,fog,2900.0,0.0000,0.0000,0,100.000,,0,0.9456,,0.850,0,
3822,3,87,fog-96,1,fog,3000.0,0.0000,0.0000,0,100.000,,0,0.9438,,0.850,0,
3823,3,87,fog-96,1,fog,3100.0,0.0000,0.0000,0,100.000,,0,0.9419,,0.850,0,
3824,3,87,fog-96,1,fog,3200.0,0.0000,0.0000,0,100.000,,0,0.9400,,0.850,0,
3825,3,87,fog-96,1,fog,3300.0,0.0000,0.0000,0,100.000,,0,0.9381,,0.850,0,
3826,3,87,fog-96,1,fog,3400.0,0.0000,0.0000,0,100.000,,0,0.9363,,0.850,0,
3827,3,87,fog-96,1,fog,3500.0,0.0000,0.0000,0,100.000,,0,0.9344,,0.850,0,
3828,3,87,fog-96,1,fog,3600.0,0.0000,0.0000,0,100.000,,0,0.9325,,0.850,0,
3829,3,87,fog-96,1,fog,3700.0,0.0000,0.0000,0,100.000,,0,0.9306,,0.850,0,
3830,3,87,fog-96,1,fog,3800.0,0.0000,0.0000,9,100.450,0.2940,0,0.9288,,0.850,0,
3831,3,87,fog-96,1,fog,3900.0,0.0000,0.0000,8,100.400,0.3062,0,0.9269,,0.850,0,
3832,3,87,fog-96,1,fog,4000.0,0.0000,0.0000,11,100.500,0.0000,0,0.9250,,0.850,0,
3833,3,87,fog-96,1,fog,4100.0,0.0000,0.0000,11,100.500,0.0000,0,0.9231,,0.850,0,
3834,3,87,fog-96,1,fog,4200.0,0.0000,0.0000,9,100.450,0.2940,0,0.9213,,0.850,0,
3835,3,87,fog-96,1,fog,4300.0,0.0000,0.0000,9,100.450,0.0000,0,0.9194,,0.850,0,
3836,3,87,fog-96,1,fog,4400.0,0.0000,0.0000,11,100.500,0.0000,0,0.9175,,0.850,0,
3837,3,87,fog-96,1,fog,4500.0,0.0000,0.0000,11,100.500,0.0000,0,0.9156,,0.850,0,
3838,3,87,fog-96,1,fog,4600.0,0.0000,0.0000,8,100.400,0.3514,0,0.9138,,0.850,0,
3839,3,87,fog-96,1,fog,4700.0,0.0000,0.0000,0,100.000,,0,0.9119,,0.850,0,
3840,3,87,fog-96,1,fog,4800.0,0.0000,0.0000,0,100.000,,0,0.9100,,0.850,0,
3841,3,87,fog-96,1,fog,4900.0,0.0000,0.0000,0,100.000,,0,0.9081,,0.850,0,
3842,3,87,fog-96,1,fog,5000.0,0.0000,0.0000,0,100.000,,0,0.9063,,0.850,0,
3843,3,88,fog-97,1,fog,0.0,0.0000,0.0000,0,100.000,,0,1.0000,,0.850,0,
3844,3,88,fog-97,1,fog,100.0,0.0000,0.0000,0,100.000,,0,0.9981,,0.850,0,
3845,3,88,fog-97,1,fog,200.0,0.0000,0.0000,0,100.000,,0,0.9963,,0.850,0,
3846,3,88,fog-97,1,fog,300.0,0.0000,0.0000,7,100.350,0.3536,0,0.9944,,0.850,0,
3847,3,88,fog-97,1,fog,400.0,0.0000,0.0000,0,100.000,,0,0.9925,,0.850,0,
3848,3,88,fog-97,1,fog,500.0,0.0000,0.0000,0,100.000,,0,0.9906,,0.850,0,
3849,3,88,fog-97,1,fog,600.0,0.0000,0.0000,0,100.000,,0,0.9888,,0.850,0,
3850,3,88,fog-97,1,fog,700.0,0.0000,0.0000,0,100.000,,0,0.9869,,0.850,0,
3851,3,88,fog-97,1,fog,800.0,0.0000,0.0000,9,100.450,0.2940,0,0.9850,,0.850,0,
3852,3,88,fog-97,1,fog,900.0,0.0000,0.0000,0,100.000,,0,0.9831,,0.850,0,
3853,3,88,fog-97,1,fog,1000.0,0.0000,0.0000,0,100.000,,0,0.9813,,0.850,0,
3854,3,88,fog-97,1,fog,1100.0,0.0000,0.0000,0,100.000,,0,0.9794,,0.850,0,
3855,3,88,fog-97,1,fog,1200.0,0.0000,0.0000,0,100.000,,0,0.9775,,0.850,0,
3856,3,88,fog-97,1,fog,1300.0,0.0000,0.0000,0,100.000,,0,0.9756,,0.850,0,
3857,3,88,fog-97,1,fog,1400.0,0.0000,0.0000,0,100.000,,0,0.9738,,0.850,0,
3858,3,88,fog-97,1,fog,1500.0,0.0000,0.0000,0,100.000,,0,0.9719,,0.850,0,
3859,3,88,fog-97,1,fog,1600.0,0.0000,0.0000,8,100.400,0.3514,0,0.9700,,0.850,0,
3860,3,88,fog-97,1,fog,1700.0,0.0000,0.0000,9,100.450,0.2940,0,0.9681,,0.850,0,
3861,3,88,fog-97,1,fog,1800.0,0.0000,0.0000,11,100.500,0.0000,0,0.9663,,0.850,0,
3862,3,88,fog-97,1,fog,1900.0,0.0000,0.0000,0,100.000,,0,0.9644,,0.850,0,
3863,3,88,fog-97,1,fog,2000.0,0.0000,0.0000,0,100.000,,0,0.9625,,0.850,0,
3864,3,88,fog-97,1,fog,2100.0,0.0000,0.0000,9,100.450,0.0000,0,0.9606,,0.850,0,
3865,3,88,fog-97,1,fog,2200.0,0.0000,0.0000,0,100.000,,0,0.9588,,0.850,0,
3866,3,88,fog-97,1,fog,2300.0,0.0000,0.0000,0,100.000,,0,0.9569,,0.850,0,
3867,3,88,fog-97,1,fog,2400.0,0.0000,0.0000,0,100.000,,0,0.9550,,0.850,0,
3868,3,88,fog-97,1,fog,2500.0,0.0000,0.0000,9,100.450,0.2940,0,0.9531,,0.850,0,
3869,3,88,fog-97,1,fog,2600.0,0.0000,0.0000,0,100.000,,0,0.9513,,0.850,0,
3870,3,88,fog-97,1,fog,2700.0,0.0000,0.0000,0,100.000,,0,0.9494,,0.850,0,
3871,3,88,fog-97,1,fog,2800.0,0.0000,0.0000,0,100.000,,0,0.9475,,0.850,0,
3872,3,88,fog-97,1,fog,2900.0,0.0000,0.0000,0,100.000,,0,0.9456,,0.850,0,
3873,3,88,fog-97,1,fog,3000.0,0.0000,0.0000,0,100.000,,0,0.9438,,0.850,0,
3874,3,88,fog-97,1,fog,3100.0,0.0000,0.0000,0,100.000,,0,0.9419,,0.850,0,
3875,3,88,fog-97,1,fog,3200.0,0.0000,0.0000,0,100.000,,0,0.9400,,0.850,0,
3876,3,88,fog-97,1,fog,3300.0,0.0000,0.0000,0,100.000,,0,0.9381,,0.850,0,
3877,3,88,fog-97,1,fog,3400.0,0.0000,0.0000,0,100.000,,0,0.9363,,0.850,0,
3878,3,88,fog-97,1,fog,3500.0,0.0000,0.0000,0,100.000,,0,0.9344,,0.850,0,
3879,3,88,fog-97,1,fog,3600.0,0.0000,0.0000,0,100.000,,0,0.9325,,0.850,0,
3880,3,88,fog-97,1,fog,3700.0,0.0000,0.0000,0,100.000,,0,0.9306,,0.850,0,
3881,3,88,fog-97,1,fog,3800.0,0.0000,0.0000,0,100.000,,0,0.9288,,0.850,0,
3882,3,88,fog-97,1,fog,3900.0,0.0000,0.0000,0,100.000,,0,0.9269,,0.850,0,
3883,3,88,fog-97,1,fog,4000.0,0.0000,0.0000,11,100.500,0.0000,0,0.9250,,0.850,0,
3884,3,88,fog-97,1,fog,4100.0,0.0000,0.0000,0,100.000,,0,0.9231,,0.850,0,
3885,3,88,fog-97,1,fog,4200.0,0.0000,0.0000,0,100.000,,0,0.9213,,0.850,0,
3886,3,88,fog-97,1,fog,4300.0,0.0000,0.0000,0,100.000,,0,0.9194,,0.850,0,
3887,3,88,fog-97,1,fog,4400.0,0.0000,0.0000,0,100.000,,0,0.9175,,0.850,0,
3888,3,88,fog-97,1,fog,4500.0,0.0000,0.0000,0,100.000,,0,0.9156,,0.850,0,
3889,3,88,fog-97,1,fog,4600.0,0.0000,0.0000,0,100.000,,0,0.9138,,0.850,0,
3890,3,88,fog-97,1,fog,4700.0,0.0000,0.0000,0,100.000,,0,0.9119,,0.850,0,
3891,3,88,fog-97,1,fog,4800.0,0.0000,0.0000,0,100.000,,0,0.9100,,0.850,0,
3892,3,88,fog-97,1,fog,4900.0,0.0000,0.0000,8,100.400,0.3062,0,0.9081,,0.850,0,
3893,3,88,fog-97,1,fog,5000.0,0.0000,0.0000,9,100.450,0.2940,0,0.9063,,0.850,0,
3894,3,89,fog-98,1,fog,0.0,0.0000,0.0000,0,100.000,,0,1.0000,,0.850,0,
3895,3,89,fog-98,1,fog,100.0,0.0000,0.0000,0,100.000,,0,0.9981,,0.850,0,
3896,3,89,fog-98,1,fog,200.0,0.0000,0.0000,0,100.000,,0,0.9963,,0.850,0,
3897,3,89,fog-98,1,fog,300.0,0.0000,0.0000,0,100.000,,0,0.9944,,0.850,0,
3898,3,89,fog-98,1,fog,400.0,0.0000,0.0000,0,100.000,,0,0.9925,,0.850,0,
3899,3,89,fog-98,1,fog,500.0,0.0000,0.0000,0,100.000,,0,0.9906,,0.850,0,
3900,3,89,fog-98,1,fog,600.0,0.0000,0.0000,23,100.800,0.8165,0,0.9888,,0.850,0,
3901,3,89,fog-98,1,fog,700.0,0.0000,0.0000,27,100.900,0.9428,0,0.9869,,0.850,0,
3902,3,89,fog-98,1,fog,800.0,0.0000,0.0000,11,100.500,0.0000,0,0.9850,,0.850,0,
3903,3,89,fog-98,1,fog,900.0,0.0000,0.0000,0,100.000,,0,0.9831,,0.850,0,
3904,3,89,fog-98,1,fog,1000.0,0.0000,0.0000,11,100.500,0.0000,0,0.9813,,0.850,0,
3905,3,89,fog-98,1,fog,1100.0,0.0000,0.0000,11,100.500,0.0000,0,0.9794,,0.850,0,
3906,3,89,fog-98,1,fog,1200.0,0.0000,0.0000,0,100.000,,0,0.9775,,0.850,0,
3907,3,89,fog-98,1,fog,1300.0,0.0000,0.0000,0,100.000,,0,0.9756,,0.850,0,
3908,3,89,fog-98,1,fog,1400.0,0.0000,0.0000,0,100.000,,0,0.9738,,0.850,0,
3909,3,89,fog-98,1,fog,1500.0,0.0000,0.0000,0,100.000,,0,0.9719,,0.850,0,
3910,3,89,fog-98,1,fog,1600.0,0.0000,0.0000,0,100.000,,0,0.9700,,0.850,0,
3911,3,89,fog-98,1,fog,1700.0,0.0000,0.0000,0,100.000,,0,0.9681,,0.850,0,
3912,3,89,fog-98,1,fog,1800.0,0.0000,0.0000,0,100.000,,0,0.9663,,0.850,0,
3913,3,89,fog-98,1,fog,1900.0,0.0000,0.0000,0,100.000,,0,0.9644,,0.850,0,
3914,3,89,fog-98,1,fog,2000.0,0.0000,0.0000,0,100.000,,0,0.9625,,0.850,0,
3915,3,89,fog-98,1,fog,2100.0,0.0000,0.0000,9,100.450,0.0000,0,0.9606,,0.850,0,
3916,3,89,fog-98,1,fog,2200.0,0.0000,0.0000,7,100.350,0.0000,0,0.9588,,0.850,0,
3917,3,89,fog-98,1,fog,2300.0,0.0000,0.0000,9,100.450,0.0000,0,0.9569,,0.850,0,
3918,3,89,fog-98,1,fog,2400.0,0.0000,0.0000,0,100.000,,0,0.9550,,0.850,0,
3919,3,89,fog-98,1,fog,2500.0,0.0000,0.0000,0,100.000,,0,0.9531,,0.850,0,
3920,3,89,fog-98,1,fog,2600.0,0.0000,0.0000,0,100.000,,0,0.9513,,0.850,0,
3921,3,89,fog-98,1,fog,2700.0,0.0000,0.0000,0,100.000,,0,0.9494,,0.850,0,
3922,3,89,fog-98,1,fog,2800.0,0.0000,0.0000,0,100.000,,0,0.9475,,0.850,0,
3923,3,89,fog-98,1,fog,2900.0,0.0000,0.0000,0,100.000,,0,0.9456,,0.850,0,
3924,3,89,fog-98,1,fog,3000.0,0.0000,0.0000,0,100.000,,0,0.9438,,0.850,0,
3925,3,89,fog-98,1,fog,3100.0,0.0000,0.0000,0,100.000,,0,0.9419,,0.850,0,
3926,3,89,fog-98,1,fog,3200.0,0.0000,0.0000,0,100.000,,0,0.9400,,0.850,0,
3927,3,89,fog-98,1,fog,3300.0,0.0000,0.0000,0,100.000,,0,0.9381,,0.850,0,
3928,3,89,fog-98,1,fog,3400.0,0.0000,0.0000,9,100.450,0.2940,0,0.9363,,0.850,0,
3929,3,89,fog-98,1,fog,3500.0,0.0000,0.0000,9,100.450,0.2940,0,0.9344,,0.850,0,
3930,3,89,fog-98,1,fog,3600.0,0.0000,0.0000,31,101.000,1.0000,0,0.9325,,0.850,0,
3931,3,89,fog-98,1,fog,3700.0,0.0000,0.0000,0,100.000,,0,0.9306,,0.850,0,
3932,3,89,fog-98,1,fog,3800.0,0.0000,0.0000,0,100.000,,0,0.9288,,0.850,0,
3933,3,89,fog-98,1,fog,3900.0,0.0000,0.0000,0,100.000,,0,0.9269,,0.850,0,
3934,3,89,fog-98,1,fog,4000.0,0.0000,0.0000,0,100.000,,0,0.9250,,0.850,0,
3935,3,89,fog-98,1,fog,4100.0,0.0000,0.0000,0,100.000,,0,0.9231,,0.850,0,
3936,3,89,fog-98,1,fog,4200.0,0.0000,0.0000,0,100.000,,0,0.9213,,0.850,0,
3937,3,89,fog-98,1,fog,4300.0,0.0000,0.0000,8,100.400,0.3514,0,0.9194,,0.850,0,
3938,3,89,fog-98,1,fog,4400.0,0.0000,0.0000,0,100.000,,0,0.9175,,0.850,0,
3939,3,89,fog-98,1,fog,4500.0,0.0000,0.0000,0,100.000,,0,0.9156,,0.850,0,
3940,3,89,fog-98,1,fog,4600.0,0.0000,0.0000,0,100.000,,0,0.9138,,0.850,0,
3941,3,89,fog-98,1,fog,4700.0,0.0000,0.0000,0,100.000,,0,0.9119,,0.850,0,
3942,3,89,fog-98,1,fog,4800.0,0.0000,0.0000,0,100.000,,0,0.9100,,0.850,0,
3943,3,89,fog-98,1,fog,4900.0,0.0000,0.0000,0,100.000,,0,0.9081,,0.850,0,
3944,3,89,fog-98,1,fog,5000.0,0.0000,0.0000,0,100.000,,0,0.9063,,0.850,0,
3945,3,90,fog-99,1,fog,0.0,0.0000,0.0000,0,100.000,,0,1.0000,,0.850,0,
3946,3,90,fog-99,1,fog,100.0,0.0000,0.0000,0,100.000,,0,0.9981,,0.850,0,
3947,3,90,fog-99,1,fog,200.0,0.0000,0.0000,11,100.500,0.0000,0,0.9963,,0.850,0,
3948,3,90,fog-99,1,fog,300.0,0.0000,0.0000,11,100.500,0.0000,0,0.9944,,0.850,0,
3949,3,90,fog-99,1,fog,400.0,0.0000,0.0000,8,100.400,0.3514,0,0.9925,,0.850,0,
3950,3,90,fog-99,1,fog,500.0,0.0000,0.0000,9,100.450,0.2940,0,0.9906,,0.850,0,
3951,3,90,fog-99,1,fog,600.0,0.0000,0.0000,0,100.000,,0,0.9888,,0.850,0,
3952,3,90,fog-99,1,fog,700.0,0.0000,0.0000,8,100.400,0.3514,0,0.9869,,0.850,0,
3953,3,90,fog-99,1,fog,800.0,0.0000,0.0000,0,100.000,,0,0.9850,,0.850,0,
3954,3,90,fog-99,1,fog,900.0,0.0000,0.0000,0,100.000,,0,0.9831,,0.850,0,
3955,3,90,fog-99,1,fog,1000.0,0.0000,0.0000,0,100.000,,0,0.9813,,0.850,0,
3956,3,90,fog-99,1,fog,1100.0,0.0000,0.0000,0,100.000,,0,0.9794,,0.850,0,
3957,3,90,fog-99,1,fog,1200.0,0.0000,0.0000,0,100.000,,0,0.9775,,0.850,0,
3958,3,90,fog-99,1,fog,1300.0,0.0000,0.0000,11,100.500,0.0000,0,0.9756,,0.850,0,
3959,3,90,fog-99,1,fog,1400.0,0.0000,0.0000,29,100.950,1.0000,0,0.9738,,0.850,0,
3960,3,90,fog-99,1,fog,1500.0,0.0000,0.0000,11,100.500,0.0000,0,0.9719,,0.850,0,
3961,3,90,fog-99,1,fog,1600.0,0.0000,0.0000,0,100.000,,0,0.9700,,0.850,0,
3962,3,90,fog-99,1,fog,1700.0,0.0000,0.0000,11,100.500,0.0000,0,0.9681,,0.850,0,
3963,3,90,fog-99,1,fog,1800.0,0.0000,0.0000,27,100.900,0.9428,0,0.9663,,0.850,0,
3964,3,90,fog-99,1,fog,1900.0,0.0000,0.0000,27,100.900,0.9428,0,0.9644,,0.850,0,
3965,3,90,fog-99,1,fog,2000.0,0.0000,0.0000,9,100.450,0.2940,0,0.9625,,0.850,0,
3966,3,90,fog-99,1,fog,2100.0,0.0000,0.0000,8,100.400,0.3514,0,0.9606,,0.850,0,
3967,3,90,fog-99,1,fog,2200.0,0.0000,0.0000,11,100.500,0.0000,0,0.9588,,0.850,0,
3968,3,90,fog-99,1,fog,2300.0,0.0000,0.0000,25,100.850,0.8554,0,0.9569,,0.850,0,
3969,3,90,fog-99,1,fog,2400.0,0.0000,0.0000,0,100.000,,0,0.9550,,0.850,0,
3970,3,90,fog-99,1,fog,2500.0,0.0000,0.0000,0,100.000,,0,0.9531,,0.850,0,
3971,3,90,fog-99,1,fog,2600.0,0.0000,0.0000,8,100.400,0.3062,0,0.9513,,0.850,0,
3972,3,90,fog-99,1,fog,2700.0,0.0000,0.0000,11,100.500,0.0000,0,0.9494,,0.850,0,
3973,3,90,fog-99,1,fog,2800.0,0.0000,0.0000,9,100.450,0.2940,0,0.9475,,0.850,0,
3974,3,90,fog-99,1,fog,2900.0,0.0000,0.0000,11,100.500,0.0000,0,0.9456,,0.850,0,
3975,3,90,fog-99,1,fog,3000.0,0.0000,0.0000,11,100.500,0.0000,0,0.9438,,0.850,0,
3976,3,90,fog-99,1,fog,3100.0,0.0000,0.0000,0,100.000,,0,0.9419,,0.850,0,
3977,3,90,fog-99,1,fog,3200.0,0.0000,0.0000,0,100.000,,0,0.9400,,0.850,0,
3978,3,90,fog-99,1,fog,3300.0,0.0000,0.0000,11,100.500,0.0000,0,0.9381,,0.850,0,
3979,3,90,fog-99,1,fog,3400.0,0.0000,0.0000,11,100.500,0.0000,0,0.9363,,0.850,0,
3980,3,90,fog-99,1,fog,3500.0,0.0000,0.0000,9,100.450,0.2940,0,0.9344,,0.850,0,
3981,3,90,fog-99,1,fog,3600.0,0.0000,0.0000,0,100.000,,0,0.9325,,0.850,0,
3982,3,90,fog-99,1,fog,3700.0,0.0000,0.0000,7,100.350,0.5092,0,0.9306,,0.850,0,
3983,3,90,fog-99,1,fog,3800.0,0.0000,0.0000,8,100.400,0.3514,0,0.9288,,0.850,0,
3984,3,90,fog-99,1,fog,3900.0,0.0000,0.0000,27,100.900,0.9125,0,0.9269,,0.850,0,
3985,3,90,fog-99,1,fog,4000.0,0.0000,0.0000,0,100.000,,0,0.9250,,0.850,0,
3986,3,90,fog-99,1,fog,4100.0,0.0000,0.0000,0,100.000,,0,0.9231,,0.850,0,
3987,3,90,fog-99,1,fog,4200.0,0.0000,0.0000,8,100.400,0.0000,0,0.9213,,0.850,0,
3988,3,90,fog-99,1,fog,4300.0,0.0000,0.0000,11,100.500,0.0000,0,0.9194,,0.850,0,
3989,3,90,fog-99,1,fog,4400.0,0.0000,0.0000,7,100.350,0.3536,0,0.9175,,0.850,0,
3990,3,90,fog-99,1,fog,4500.0,0.0000,0.0000,0,100.000,,0,0.9156,,0.850,0,
3991,3,90,fog-99,1,fog,4600.0,0.0000,0.0000,0,100.000,,0,0.9138,,0.850,0,
3992,3,90,fog-99,1,fog,4700.0,0.0000,0.0000,0,100.000,,0,0.9119,,0.850,0,
3993,3,90,fog-99,1,fog,4800.0,0.0000,0.0000,0,100.000,,0,0.9100,,0.850,0,
3994,3,90,fog-99,1,fog,4900.0,0.0000,0.0000,0,100.000,,0,0.9081,,0.850,0,
3995,3,90,fog-99,1,fog,5000.0,0.0000,0.0000,9,100.450,0.2940,0,0.9063,,0.850,0,
3996,3,91,fog-100,1,fog,0.0,0.0000,0.0000,0,100.000,,0,1.0000,,0.850,0,
3997,3,91,fog-100,1,fog,100.0,0.0000,0.0000,43,101.300,1.0000,0,0.9981,,0.850,0,
3998,3,91,fog-100,1,fog,200.0,0.0000,0.0000,99,102.700,1.0000,0,0.9963,,0.850,0,
3999,3,91,fog-100,1,fog,300.0,0.0000,0.0000,115,103.100,1.0000,0,0.9944,,0.850,0,
4000,3,91,fog-100,1,fog,400.0,0.0000,0.0000,101,102.750,1.0000,0,0.9925,,0.850,0,
4001,3,91,fog-100,1,fog,500.0,0.0000,0.0000,81,102.250,1.0000,0,0.9906,,0.850,0,
4002,3,91,fog-100,1,fog,600.0,0.0000,0.0000,77,102.150,1.0000,0,0.9888,,0.850,0,
4003,3,91,fog-100,1,fog,700.0,0.0000,0.0000,115,103.100,1.0000,0,0.9869,,0.850,0,
4004,3,91,fog-100,1,fog,800.0,0.0000,0.0000,121,103.250,1.0000,0,0.9850,,0.850,0,
4005,3,91,fog-100,1,fog,900.0,0.0000,0.0000,131,103.500,1.0000,0,0.9831,,0.850,0,
4006,3,91,fog-100,1,fog,1000.0,0.0000,0.0000,109,102.950,1.0000,0,0.9813,,0.850,0,
4007,3,91,fog-100,1,fog,1100.0,0.0000,0.0000,137,103.650,1.0000,0,0.9794,,0.850,0,
4008,3,91,fog-100,1,fog,1200.0,0.0000,0.0000,171,104.500,1.0000,0,0.9775,,0.850,0,
4009,3,91,fog-100,1,fog,1300.0,0.0000,0.0000,155,104.100,1.0000,0,0.9756,,0.850,0,
4010,3,91,fog-100,1,fog,1400.0,0.0000,0.0000,103,102.800,1.0000,0,0.9738,,0.850,0,
4011,3,91,fog-100,1,fog,1500.0,0.0000,0.0000,103,102.800,1.0000,0,0.9719,,0.850,0,
4012,3,91,fog-100,1,fog,1600.0,0.0000,0.0000,113,103.050,1.0000,0,0.9700,,0.850,0,
4013,3,91,fog-100,1,fog,1700.0,0.0000,0.0000,43,101.300,1.0000,0,0.9681,,0.850,0,
4014,3,91,fog-100,1,fog,1800.0,0.0000,0.0000,85,102.350,1.0000,0,0.9663,,0.850,0,
4015,3,91,fog-100,1,fog,1900.0,0.0000,0.0000,83,102.300,1.0000,0,0.9644,,0.850,0,
4016,3,91,fog-100,1,fog,2000.0,0.0000,0.0000,101,102.750,1.0000,0,0.9625,,0.850,0,
4017,3,91,fog-100,1,fog,2100.0,0.0000,0.0000,77,102.150,1.0000,0,0.9606,,0.850,0,
4018,3,91,fog-100,1,fog,2200.0,0.0000,0.0000,77,102.150,1.0000,0,0.9588,,0.850,0,
4019,3,91,fog-100,1,fog,2300.0,0.0000,0.0000,91,102.500,1.0000,0,0.9569,,0.850,0,
4020,3,91,fog-100,1,fog,2400.0,0.0000,0.0000,99,102.700,1.0000,0,0.9550,,0.850,0,
4021,3,91,fog-100,1,fog,2500.0,0.0000,0.0000,99,102.700,1.0000,0,0.9531,,0.850,0,
4022,3,91,fog-100,1,fog,2600.0,0.0000,0.0000,103,102.800,1.0000,0,0.9513,,0.850,0,
4023,3,91,fog-100,1,fog,2700.0,0.0000,0.0000,69,101.950,1.0000,0,0.9494,,0.850,0,
4024,3,91,fog-100,1,fog,2800.0,0.0000,0.0000,135,103.600,1.0000,0,0.9475,,0.850,0,
4025,3,91,fog-100,1,fog,2900.0,0.0000,0.0000,49,101.450,1.0000,0,0.9456,,0.850,0,
4026,3,91,fog-100,1,fog,3000.0,0.0000,0.0000,63,101.800,1.0000,0,0.9438,,0.850,0,
4027,3,91,fog-100,1,fog,3100.0,0.0000,0.0000,53,101.550,1.0000,0,0.9419,,0.850,0,
4028,3,91,fog-100,1,fog,3200.0,0.0000,0.0000,61,101.750,1.0000,0,0.9400,,0.850,0,
4029,3,91,fog-100,1,fog,3300.0,0.0000,0.0000,131,103.500,1.0000,0,0.9381,,0.850,0,
4030,3,91,fog-100,1,fog,3400.0,0.0000,0.0000,59,101.700,1.0000,0,0.9363,,0.850,0,
4031,3,91,fog-100,1,fog,3500.0,0.0000,0.0000,95,102.600,1.0000,0,0.9344,,0.850,0,
4032,3,91,fog-100,1,fog,3600.0,0.0000,0.0000,77,102.150,1.0000,0,0.9325,,0.850,0,
4033,3,91,fog-100,1,fog,3700.0,0.0000,0.0000,81,102.250,1.0000,0,0.9306,,0.850,0,
4034,3,91,fog-100,1,fog,3800.0,0.0000,0.0000,121,103.250,1.0000,0,0.9288,,0.850,0,
4035,3,91,fog-100,1,fog,3900.0,0.0000,0.0000,129,103.450,1.0000,0,0.9269,,0.850,0,
4036,3,91,fog-100,1,fog,4000.0,0.0000,0.0000,171,104.500,1.0000,0,0.9250,,0.850,0,
4037,3,91,fog-100,1,fog,4100.0,0.0000,0.0000,115,103.100,1.0000,0,0.9231,,0.850,0,
4038,3,91,fog-100,1,fog,4200.0,0.0000,0.0000,131,103.500,1.0000,0,0.9213,,0.850,0,
4039,3,91,fog-100,1,fog,4300.0,0.0000,0.0000,141,103.750,1.0000,0,0.9194,,0.850,0,
4040,3,91,fog-100,1,fog,4400.0,0.0000,0.0000,137,103.650,1.0000,0,0.9175,,0.850,0,
4041,3,91,fog-100,1,fog,4500.0,0.0000,0.0000,103,102.800,1.0000,0,0.9156,,0.850,0,
4042,3,91,fog-100,1,fog,4600.0,0.0000,0.0000,119,103.200,1.0000,0,0.9138,,0.850,0,
4043,3,91,fog-100,1,fog,4700.0,0.0000,0.0000,79,102.200,1.0000,0,0.9119,,0.850,0,
4044,3,91,fog-100,1,fog,4800.0,0.0000,0.0000,75,102.100,1.0000,0,0.9100,,0.850,0,
4045,3,91,fog-100,1,fog,4900.0,0.0000,0.0000,117,103.150,1.0000,0,0.9081,,0.850,0,
4046,3,91,fog-100,1,fog,5000.0,0.0000,0.0000,83,102.300,1.0000,0,0.9063,,0.850,0,
4047,3,92,fog-101,1,fog,0.0,0.0000,0.0000,0,100.000,,0,1.0000,,0.850,0,
4048,3,92,fog-101,1,fog,100.0,0.0000,0.0000,4,100.200,0.0000,0,0.9981,,0.850,0,
4049,3,92,fog-101,1,fog,200.0,0.0000,0.0000,11,100.500,0.0000,0,0.9963,,0.850,0,
4050,3,92,fog-101,1,fog,300.0,0.0000,0.0000,9,100.450,0.2940,0,0.9944,,0.850,0,
4051,3,92,fog-101,1,fog,400.0,0.0000,0.0000,11,100.500,0.0000,0,0.9925,,0.850,0,
4052,3,92,fog-101,1,fog,500.0,0.0000,0.0000,0,100.000,,0,0.9906,,0.850,0,
4053,3,92,fog-101,1,fog,600.0,0.0000,0.0000,0,100.000,,0,0.9888,,0.850,0,
4054,3,92,fog-101,1,fog,700.0,0.0000,0.0000,0,100.000,,0,0.9869,,0.850,0,
4055,3,92,fog-101,1,fog,800.0,0.0000,0.0000,0,100.000,,0,0.9850,,0.850,0,
4056,3,92,fog-101,1,fog,900.0,0.0000,0.0000,0,100.000,,0,0.9831,,0.850,0,
4057,3,92,fog-101,1,fog,1000.0,0.0000,0.0000,0,100.000,,0,0.9813,,0.850,0,
4058,3,92,fog-101,1,fog,1100.0,0.0000,0.0000,0,100.000,,0,0.9794,,0.850,0,
4059,3,92,fog-101,1,fog,1200.0,0.0000,0.0000,0,100.000,,0,0.9775,,0.850,0,
4060,3,92,fog-101,1,fog,1300.0,0.0000,0.0000,9,100.450,0.2940,0,0.9756,,0.850,0,
4061,3,92,fog-101,1,fog,1400.0,0.0000,0.0000,9,100.450,0.2940,0,0.9738,,0.850,0,
4062,3,92,fog-101,1,fog,1500.0,0.0000,0.0000,9,100.450,0.2940,0,0.9719,,0.850,0,
4063,3,92,fog-101,1,fog,1600.0,0.0000,0.0000,9,100.450,0.0000,0,0.9700,,0.850,0,
4064,3,92,fog-101,1,fog,1700.0,0.0000,0.0000,9,100.450,0.2940,0,0.9681,,0.850,0,
4065,3,92,fog-101,1,fog,1800.0,0.0000,0.0000,8,100.400,0.3062,0,0.9663,,0.850,0,
4066,3,92,fog-101,1,fog,1900.0,0.0000,0.0000,11,100.500,0.0000,0,0.9644,,0.850,0,
4067,3,92,fog-101,1,fog,2000.0,0.0000,0.0000,0,100.000,,0,0.9625,,0.850,0,
4068,3,92,fog-101,1,fog,2100.0,0.0000,0.0000,0,100.000,,0,0.9606,,0.850,0,
4069,3,92,fog-101,1,fog,2200.0,0.0000,0.0000,0,100.000,,0,0.9588,,0.850,0,
4070,3,92,fog-101,1,fog,2300.0,0.0000,0.0000,0,100.000,,0,0.9569,,0.850,0,
4071,3,92,fog-101,1,fog,2400.0,0.0000,0.0000,0,100.000,,0,0.9550,,0.850,0,
4072,3,92,fog-101,1,fog,2500.0,0.0000,0.0000,0,100.000,,0,0.9531,,0.850,0,
4073,3,92,fog-101,1,fog,2600.0,0.0000,0.0000,0,100.000,,0,0.9513,,0.850,0,
4074,3,92,fog-101,1,fog,2700.0,0.0000,0.0000,0,100.000,,0,0.9494,,0.850,0,
4075,3,92,fog-101,1,fog,2800.0,0.0000,0.0000,0,100.000,,0,0.9475,,0.850,0,
4076,3,92,fog-101,1,fog,2900.0,0.0000,0.0000,0,100.000,,0,0.9456,,0.850,0,
4077,3,92,fog-101,1,fog,3000.0,0.0000,0.0000,0,100.000,,0,0.9438,,0.850,0,
4078,3,92,fog-101,1,fog,3100.0,0.0000,0.0000,11,100.500,0.0000,0,0.9419,,0.850,0,
4079,3,92,fog-101,1,fog,3200.0,0.0000,0.0000,11,100.500,0.0000,0,0.9400,,0.850,0,
4080,3,92,fog-101,1,fog,3300.0,0.0000,0.0000,8,100.400,0.3514,0,0.9381,,0.850,0,
4081,3,92,fog-101,1,fog,3400.0,0.0000,0.0000,11,100.500,0.0000,0,0.9363,,0.850,0,
4082,3,92,fog-101,1,fog,3500.0,0.0000,0.0000,9,100.450,0.2940,0,0.9344,,0.850,0,
4083,3,92,fog-101,1,fog,3600.0,0.0000,0.0000,11,100.500,0.0000,0,0.9325,,0.850,0,
4084,3,92,fog-101,1,fog,3700.0,0.0000,0.0000,8,100.400,0.5443,0,0.9306,,0.850,0,
4085,3,92,fog-101,1,fog,3800.0,0.0000,0.0000,0,100.000,,0,0.9288,,0.850,0,
4086,3,92,fog-101,1,fog,3900.0,0.0000,0.0000,0,100.000,,0,0.9269,,0.850,0,
4087,3,92,fog-101,1,fog,4000.0,0.0000,0.0000,0,100.000,,0,0.9250,,0.850,0,
4088,3,92,fog-101,1,fog,4100.0,0.0000,0.0000,0,100.000,,0,0.9231,,0.850,0,
4089,3,92,fog-101,1,fog,4200.0,0.0000,0.0000,0,100.000,,0,0.9213,,0.850,0,
4090,3,92,fog-101,1,fog,4300.0,0.0000,0.0000,0,100.000,,0,0.9194,,0.850,0,
4091,3,92,fog-101,1,fog,4400.0,0.0000,0.0000,0,100.000,,0,0.9175,,0.850,0,
4092,3,92,fog-101,1,fog,4500.0,0.0000,0.0000,0,100.000,,0,0.9156,,0.850,0,
4093,3,92,fog-101,1,fog,4600.0,0.0000,0.0000,0,100.000,,0,0.9138,,0.850,0,
4094,3,92,fog-101,1,fog,4700.0,0.0000,0.0000,9,100.450,0.2940,0,0.9119,,0.850,0,
4095,3,92,fog-101,1,fog,4800.0,0.0000,0.0000,9,100.450,0.0000,0,0.9100,,0.850,0,
4096,3,92,fog-101,1,fog,4900.0,0.0000,0.0000,9,100.450,0.2940,0,0.9081,,0.850,0,
4097,3,92,fog-101,1,fog,5000.0,0.0000,0.0000,9,100.450,0.2940,0,0.9063,,0.850,0,
4098,3,93,fog-102,1,fog,0.0,0.0000,0.0000,0,100.000,,0,1.0000,,0.850,0,
4099,3,93,fog-102,1,fog,100.0,0.0000,0.0000,0,100.000,,0,0.9981,,0.850,0,
4100,3,93,fog-102,1,fog,200.0,0.0000,0.0000,0,100.000,,0,0.9963,,0.850,0,
4101,3,93,fog-102,1,fog,300.0,0.0000,0.0000,0,100.000,,0,0.9944,,0.850,0,
4102,3,93,fog-102,1,fog,400.0,0.0000,0.0000,0,100.000,,0,0.9925,,0.850,0,
4103,3,93,fog-102,1,fog,500.0,0.0000,0.0000,0,100.000,,0,0.9906,,0.850,0,
4104,3,93,fog-102,1,fog,600.0,0.0000,0.0000,0,100.000,,0,0.9888,,0.850,0,
4105,3,93,fog-102,1,fog,700.0,0.0000,0.0000,0,100.000,,0,0.9869,,0.850,0,
4106,3,93,fog-102,1,fog,800.0,0.0000,0.0000,0,100.000,,0,0.9850,,0.850,0,
4107,3,93,fog-102,1,fog,900.0,0.0000,0.0000,0,100.000,,0,0.9831,,0.850,0,
4108,3,93,fog-102,1,fog,1000.0,0.0000,0.0000,0,100.000,,0,0.9813,,0.850,0,
4109,3,93,fog-102,1,fog,1100.0,0.0000,0.0000,0,100.000,,0,0.9794,,0.850,0,
4110,3,93,fog-102,1,fog,1200.0,0.0000,0.0000,0,100.000,,0,0.9775,,0.850,0,
4111,3,93,fog-102,1,fog,1300.0,0.0000,0.0000,0,100.000,,0,0.9756,,0.850,0,
4112,3,93,fog-102,1,fog,1400.0,0.0000,0.0000,0,100.000,,0,0.9738,,0.850,0,
4113,3,93,fog-102,1,fog,1500.0,0.0000,0.0000,0,100.000,,0,0.9719,,0.850,0,
4114,3,93,fog-102,1,fog,1600.0,0.0000,0.0000,0,100.000,,0,0.9700,,0.850,0,
4115,3,93,fog-102,1,fog,1700.0,0.0000,0.0000,0,100.000,,0,0.9681,,0.850,0,
4116,3,93,fog-102,1,fog,1800.0,0.0000,0.0000,0,100.000,,0,0.9663,,0.850,0,
4117,3,93,fog-102,1,fog,1900.0,0.0000,0.0000,0,100.000,,0,0.9644,,0.850,0,
4118,3,93,fog-102,1,fog,2000.0,0.0000,0.0000,0,100.000,,0,0.9625,,0.850,0,
4119,3,93,fog-102,1,fog,2100.0,0.0000,0.0000,0,100.000,,0,0.9606,,0.850,0,
4120,3,93,fog-102,1,fog,2200.0,0.0000,0.0000,0,100.000,,0,0.9588,,0.850,0,
4121,3,93,fog-102,1,fog,2300.0,0.0000,0.0000,0,100.000,,0,0.9569,,0.850,0,
4122,3,93,fog-102,1,fog,2400.0,0.0000,0.0000,0,100.000,,0,0.9550,,0.850,0,
4123,3,93,fog-102,1,fog,2500.0,0.0000,0.0000,0,100.000,,0,0.9531,,0.850,0,
4124,3,93,fog-102,1,fog,2600.0,0.0000,0.0000,0,100.000,,0,0.9513,,0.850,0,
4125,3,93,fog-102,1,fog,2700.0,0.0000,0.0000,0,100.000,,0,0.9494,,0.850,0,
4126,3,93,fog-102,1,fog,2800.0,0.0000,0.0000,0,100.000,,0,0.9475,,0.850,0,
4127,3,93,fog-102,1,fog,2900.0,0.0000,0.0000,0,100.000,,0,0.9456,,0.850,0,
4128,3,93,fog-102,1,fog,3000.0,0.0000,0.0000,0,100.000,,0,0.9438,,0.850,0,
4129,3,93,fog-102,1,fog,3100.0,0.0000,0.0000,0,100.000,,0,0.9419,,0.850,0,
4130,3,93,fog-102,1,fog,3200.0,0.0000,0.0000,0,100.000,,0,0.9400,,0.850,0,
4131,3,93,fog-102,1,fog,3300.0,0.0000,0.0000,0,100.000,,0,0.9381,,0.850,0,
4132,3,93,fog-102,1,fog,3400.0,0.0000,0.0000,0,100.000,,0,0.9363,,0.850,0,
4133,3,93,fog-102,1,fog,3500.0,0.0000,0.0000,0,100.000,,0,0.9344,,0.850,0,
4134,3,93,fog-102,1,fog,3600.0,0.0000,0.0000,0,100.000,,0,0.9325,,0.850,0,
4135,3,93,fog-102,1,fog,3700.0,0.0000,0.0000,0,100.000,,0,0.9306,,0.850,0,
4136,3,93,fog-102,1,fog,3800.0,0.0000,0.0000,0,100.000,,0,0.9288,,0.850,0,
4137,3,93,fog-102,1,fog,3900.0,0.0000,0.0000,0,100.000,,0,0.9269,,0.850,0,
4138,3,93,fog-102,1,fog,4000.0,0.0000,0.0000,0,100.000,,0,0.9250,,0.850,0,
4139,3,93,fog-102,1,fog,4100.0,0.0000,0.0000,0,100.000,,0,0.9231,,0.850,0,
4140,3,93,fog-102,1,fog,4200.0,0.0000,0.0000,0,100.000,,0,0.9213,,0.850,0,
4141,3,93,fog-102,1,fog,4300.0,0.0000,0.0000,0,100.000,,0,0.9194,,0.850,0,
4142,3,93,fog-102,1,fog,4400.0,0.0000,0.0000,0,100.000,,0,0.9175,,0.850,0,
4143,3,93,fog-102,1,fog,4500.0,0.0000,0.0000,0,100.000,,0,0.9156,,0.850,0,
4144,3,93,fog-102,1,fog,4600.0,0.0000,0.0000,0,100.000,,0,0.9138,,0.850,0,
4145,3,93,fog-102,1,fog,4700.0,0.0000,0.0000,0,100.000,,0,0.9119,,0.850,0,
4146,3,93,fog-102,1,fog,4800.0,0.0000,0.0000,0,100.000,,0,0.9100,,0.850,0,
4147,3,93,fog-102,1,fog,4900.0,0.0000,0.0000,0,100.000,,0,0.9081,,0.850,0,
4148,3,93,fog-102,1,fog,5000.0,0.0000,0.0000,0,100.000,,0,0.9063,,0.850,0,
4149,3,94,fog-103,1,fog,0.0,0.0000,0.0000,0,100.000,,0,1.0000,,0.850,0,
4150,3,94,fog-103,1,fog,100.0,0.0000,0.0000,0,100.000,,0,0.9981,,0.850,0,
4151,3,94,fog-103,1,fog,200.0,0.0000,0.0000,0,100.000,,0,0.9963,,0.850,0,
4152,3,94,fog-103,1,fog,300.0,0.0000,0.0000,0,100.000,,0,0.9944,,0.850,0,
4153,3,94,fog-103,1,fog,400.0,0.0000,0.0000,0,100.000,,0,0.9925,,0.850,0,
4154,3,94,fog-103,1,fog,500.0,0.0000,0.0000,0,100.000,,0,0.9906,,0.850,0,
4155,3,94,fog-103,1,fog,600.0,0.0000,0.0000,0,100.000,,0,0.9888,,0.850,0,
4156,3,94,fog-103,1,fog,700.0,0.0000,0.0000,0,100.000,,0,0.9869,,0.850,0,
4157,3,94,fog-103,1,fog,800.0,0.0000,0.0000,0,100.000,,0,0.9850,,0.850,0,
4158,3,94,fog-103,1,fog,900.0,0.0000,0.0000,0,100.000,,0,0.9831,,0.850,0,
4159,3,94,fog-103,1,fog,1000.0,0.0000,0.0000,0,100.000,,0,0.9813,,0.850,0,
4160,3,94,fog-103,1,fog,1100.0,0.0000,0.0000,0,100.000,,0,0.9794,,0.850,0,
4161,3,94,fog-103,1,fog,1200.0,0.0000,0.0000,0,100.000,,0,0.9775,,0.850,0,
4162,3,94,fog-103,1,fog,1300.0,0.0000,0.0000,0,100.000,,0,0.9756,,0.850,0,
4163,3,94,fog-103,1,fog,1400.0,0.0000,0.0000,0,100.000,,0,0.9738,,0.850,0,
4164,3,94,fog-103,1,fog,1500.0,0.0000,0.0000,0,100.000,,0,0.9719,,0.850,0,
4165,3,94,fog-103,1,fog,1600.0,0.0000,0.0000,0,100.000,,0,0.9700,,0.850,0,
4166,3,94,fog-103,1,fog,1700.0,0.0000,0.0000,0,100.000,,0,0.9681,,0.850,0,
4167,3,94,fog-103,1,fog,1800.0,0.0000,0.0000,0,100.000,,0,0.9663,,0.850,0,
4168,3,94,fog-103,1,fog,1900.0,0.0000,0.0000,0,100.000,,0,0.9644,,0.850,0,
4169,3,94,fog-103,1,fog,2000.0,0.0000,0.0000,0,100.000,,0,0.9625,,0.850,0,
4170,3,94,fog-103,1,fog,2100.0,0.0000,0.0000,0,100.000,,0,0.9606,,0.850,0,
4171,3,94,fog-103,1,fog,2200.0,0.0000,0.0000,0,100.000,,0,0.9588,,0.850,0,
4172,3,94,fog-103,1,fog,2300.0,0.0000,0.0000,0,100.000,,0,0.9569,,0.850,0,
4173,3,94,fog-103,1,fog,2400.0,0.0000,0.0000,0,100.000,,0,0.9550,,0.850,0,
4174,3,94,fog-103,1,fog,2500.0,0.0000,0.0000,0,100.000,,0,0.9531,,0.850,0,
4175,3,94,fog-103,1,fog,2600.0,0.0000,0.0000,0,100.000,,0,0.9513,,0.850,0,
4176,3,94,fog-103,1,fog,2700.0,0.0000,0.0000,0,100.000,,0,0.9494,,0.850,0,
4177,3,94,fog-103,1,fog,2800.0,0.0000,0.0000,0,100.000,,0,0.9475,,0.850,0,
4178,3,94,fog-103,1,fog,2900.0,0.0000,0.0000,0,100.000,,0,0.9456,,0.850,0,
4179,3,94,fog-103,1,fog,3000.0,0.0000,0.0000,0,100.000,,0,0.9438,,0.850,0,
4180,3,94,fog-103,1,fog,3100.0,0.0000,0.0000,0,100.000,,0,0.9419,,0.850,0,
4181,3,94,fog-103,1,fog,3200.0,0.0000,0.0000,0,100.000,,0,0.9400,,0.850,0,
4182,3,94,fog-103,1,fog,3300.0,0.0000,0.0000,0,100.000,,0,0.9381,,0.850,0,
4183,3,94,fog-103,1,fog,3400.0,0.0000,0.0000,0,100.000,,0,0.9363,,0.850,0,
4184,3,94,fog-103,1,fog,3500.0,0.0000,0.0000,0,100.000,,0,0.9344,,0.850,0,
4185,3,94,fog-103,1,fog,3600.0,0.0000,0.0000,0,100.000,,0,0.9325,,0.850,0,
4186,3,94,fog-103,1,fog,3700.0,0.0000,0.0000,0,100.000,,0,0.9306,,0.850,0,
4187,3,94,fog-103,1,fog,3800.0,0.0000,0.0000,0,100.000,,0,0.9288,,0.850,0,
4188,3,94,fog-103,1,fog,3900.0,0.0000,0.0000,0,100.000,,0,0.9269,,0.850,0,
4189,3,94,fog-103,1,fog,4000.0,0.0000,0.0000,0,100.000,,0,0.9250,,0.850,0,
4190,3,94,fog-103,1,fog,4100.0,0.0000,0.0000,0,100.000,,0,0.9231,,0.850,0,
4191,3,94,fog-103,1,fog,4200.0,0.0000,0.0000,0,100.000,,0,0.9213,,0.850,0,
4192,3,94,fog-103,1,fog,4300.0,0.0000,0.0000,0,100.000,,0,0.9194,,0.850,0,
4193,3,94,fog-103,1,fog,4400.0,0.0000,0.0000,0,100.000,,0,0.9175,,0.850,0,
4194,3,94,fog-103,1,fog,4500.0,0.0000,0.0000,0,100.000,,0,0.9156,,0.850,0,
4195,3,94,fog-103,1,fog,4600.0,0.0000,0.0000,0,100.000,,0,0.9138,,0.850,0,
4196,3,94,fog-103,1,fog,4700.0,0.0000,0.0000,0,100.000,,0,0.9119,,0.850,0,
4197,3,94,fog-103,1,fog,4800.0,0.0000,0.0000,0,100.000,,0,0.9100,,0.850,0,
4198,3,94,fog-103,1,fog,4900.0,0.0000,0.0000,0,100.000,,0,0.9081,,0.850,0,
4199,3,94,fog-103,1,fog,5000.0,0.0000,0.0000,0,100.000,,0,0.9063,,0.850,0,
4200,3,95,fog-104,1,fog,0.0,0.0000,0.0000,0,100.000,,0,1.0000,,0.850,0,3977.3
4201,3,95,fog-104,1,fog,100.0,0.0000,0.0000,0,100.000,,0,0.9981,,0.850,0,3977.3
4202,3,95,fog-104,1,fog,200.0,0.0000,0.0000,0,100.000,,0,0.9963,,0.850,0,3977.3
4203,3,95,fog-104,1,fog,300.0,0.0000,0.0000,0,100.000,,0,0.9944,,0.850,0,3977.3
4204,3,95,fog-104,1,fog,400.0,0.0000,0.0000,0,100.000,,0,0.9925,,0.850,0,3977.3
4205,3,95,fog-104,1,fog,500.0,0.0000,0.0000,0,100.000,,0,0.9906,,0.850,0,3977.3
4206,3,95,fog-104,1,fog,600.0,0.0000,0.0000,0,100.000,,0,0.9888,,0.850,0,3977.3
4207,3,95,fog-104,1,fog,700.0,0.0000,0.0000,0,100.000,,0,0.9869,,0.850,0,3977.3
4208,3,95,fog-104,1,fog,800.0,0.0000,0.0000,0,100.000,,0,0.9850,,0.850,0,3977.3
4209,3,95,fog-104,1,fog,900.0,0.0000,0.0000,0,100.000,,0,0.9831,,0.850,0,3977.3
4210,3,95,fog-104,1,fog,1000.0,0.0000,0.0000,0,100.000,,0,0.9813,,0.850,0,3977.3
4211,3,95,fog-104,1,fog,1100.0,0.0000,0.0000,0,100.000,,0,0.9794,,0.850,0,3977.3
4212,3,95,fog-104,1,fog,1200.0,0.0000,0.0000,9,100.450,0.2940,0,0.9775,,0.850,0,3977.3
4213,3,95,fog-104,1,fog,1300.0,0.0000,0.0000,0,100.000,,0,0.9756,,0.850,0,3977.3
4214,3,95,fog-104,1,fog,1400.0,0.0000,0.0000,0,100.000,,0,0.9738,,0.850,0,3977.3
4215,3,95,fog-104,1,fog,1500.0,0.0000,0.0000,0,100.000,,0,0.9719,,0.850,0,3977.3
4216,3,95,fog-104,1,fog,1600.0,0.0000,0.0000,0,100.000,,0,0.9700,,0.850,0,3977.3
4217,3,95,fog-104,1,fog,1700.0,0.0000,0.0000,0,100.000,,0,0.9681,,0.850,0,3977.3
4218,3,95,fog-104,1,fog,1800.0,0.0000,0.0000,0,100.000,,0,0.9663,,0.850,0,3977.3
4219,3,95,fog-104,1,fog,1900.0,0.0000,0.0000,0,100.000,,0,0.9644,,0.850,0,3977.3
4220,3,95,fog-104,1,fog,2000.0,0.0000,0.0000,0,100.000,,0,0.9625,,0.850,0,3977.3
4221,3,95,fog-104,1,fog,2100.0,0.0000,0.0000,0,100.000,,0,0.9606,,0.850,0,3977.3
4222,3,95,fog-104,1,fog,2200.0,0.0000,0.0000,0,100.000,,0,0.9588,,0.850,0,3977.3
4223,3,95,fog-104,1,fog,2300.0,0.0000,0.0000,0,100.000,,0,0.9569,,0.850,0,3977.3
4224,3,95,fog-104,1,fog,2400.0,0.0000,0.0000,0,100.000,,0,0.9550,,0.850,0,3977.3
4225,3,95,fog-104,1,fog,2500.0,0.0000,0.0000,0,100.000,,0,0.9531,,0.850,0,3977.3
4226,3,95,fog-104,1,fog,2600.0,0.0000,0.0000,0,100.000,,0,0.9513,,0.850,0,3977.3
4227,3,95,fog-104,1,fog,2700.0,0.0000,0.0000,0,100.000,,0,0.9494,,0.850,0,3977.3
4228,3,95,fog-104,1,fog,2800.0,0.0000,0.0000,27,100.900,0.9428,0,0.9475,,0.850,0,3977.3
4229,3,95,fog-104,1,fog,2900.0,0.0000,0.0000,0,100.000,,0,0.9456,,0.850,0,3977.3
4230,3,95,fog-104,1,fog,3000.0,0.0000,0.0000,0,100.000,,0,0.9438,,0.850,0,3977.3
4231,3,95,fog-104,1,fog,3100.0,0.0000,0.0000,0,100.000,,0,0.9419,,0.850,0,3977.3
4232,3,95,fog-104,1,fog,3200.0,0.0000,0.0000,9,100.450,0.0000,0,0.9400,,0.850,0,3977.3
4233,3,95,fog-104,1,fog,3300.0,0.0000,0.0000,0,100.000,,0,0.9381,,0.850,0,3977.3
4234,3,95,fog-104,1,fog,3400.0,0.0000,0.0000,0,100.000,,0,0.9363,,0.850,0,3977.3
4235,3,95,fog-104,1,fog,3500.0,0.0000,0.0000,0,100.000,,0,0.9344,,0.850,0,3977.3
4236,3,95,fog-104,1,fog,3600.0,0.0000,0.0000,0,100.000,,0,0.9325,,0.850,0,3977.3
4237,3,95,fog-104,1,fog,3700.0,0.0000,0.0000,0,100.000,,0,0.9306,,0.850,0,3977.3
4238,3,95,fog-104,1,fog,3800.0,0.0000,0.0000,0,100.000,,0,0.9288,,0.850,1,3977.3
4239,3,95,fog-104,1,fog,3900.0,0.0000,0.0000,0,100.000,,0,0.9269,,0.850,1,3977.3
4240,3,96,fog-105,1,fog,0.0,0.0000,0.0000,0,100.000,,0,1.0000,,0.850,0,
4241,3,96,fog-105,1,fog,100.0,0.0000,0.0000,0,100.000,,0,0.9981,,0.850,0,
4242,3,96,fog-105,1,fog,200.0,0.0000,0.0000,0,100.000,,0,0.9963,,0.850,0,
4243,3,96,fog-105,1,fog,300.0,0.0000,0.0000,0,100.000,,0,0.9944,,0.850,0,
4244,3,96,fog-105,1,fog,400.0,0.0000,0.0000,0,100.000,,0,0.9925,,0.850,0,
4245,3,96,fog-105,1,fog,500.0,0.0000,0.0000,0,100.000,,0,0.9906,,0.850,0,
4246,3,96,fog-105,1,fog,600.0,0.0000,0.0000,0,100.000,,0,0.9888,,0.850,0,
4247,3,96,fog-105,1,fog,700.0,0.0000,0.0000,0,100.000,,0,0.9869,,0.850,0,
4248,3,96,fog-105,1,fog,800.0,0.0000,0.0000,0,100.000,,0,0.9850,,0.850,0,
4249,3,96,fog-105,1,fog,900.0,0.0000,0.0000,0,100.000,,0,0.9831,,0.850,0,
4250,3,96,fog-105,1,fog,1000.0,0.0000,0.0000,0,100.000,,0,0.9813,,0.850,0,
4251,3,96,fog-105,1,fog,1100.0,0.0000,0.0000,0,100.000,,0,0.9794,,0.850,0,
4252,3,96,fog-105,1,fog,1200.0,0.0000,0.0000,0,100.000,,0,0.9775,,0.850,0,
4253,3,96,fog-105,1,fog,1300.0,0.0000,0.0000,0,100.000,,0,0.9756,,0.850,0,
4254,3,96,fog-105,1,fog,1400.0,0.0000,0.0000,0,100.000,,0,0.9738,,0.850,0,
4255,3,96,fog-105,1,fog,1500.0,0.0000,0.0000,0,100.000,,0,0.9719,,0.850,0,
4256,3,96,fog-105,1,fog,1600.0,0.0000,0.0000,0,100.000,,0,0.9700,,0.850,0,
4257,3,96,fog-105,1,fog,1700.0,0.0000,0.0000,0,100.000,,0,0.9681,,0.850,0,
4258,3,96,fog-105,1,fog,1800.0,0.0000,0.0000,0,100.000,,0,0.9663,,0.850,0,
4259,3,96,fog-105,1,fog,1900.0,0.0000,0.0000,0,100.000,,0,0.9644,,0.850,0,
4260,3,96,fog-105,1,fog,2000.0,0.0000,0.0000,0,100.000,,0,0.9625,,0.850,0,
4261,3,96,fog-105,1,fog,2100.0,0.0000,0.0000,0,100.000,,0,0.9606,,0.850,0,
4262,3,96,fog-105,1,fog,2200.0,0.0000,0.0000,0,100.000,,0,0.9588,,0.850,0,
4263,3,96,fog-105,1,fog,2300.0,0.0000,0.0000,0,100.000,,0,0.9569,,0.850,0,
4264,3,96,fog-105,1,fog,2400.0,0.0000,0.0000,0,100.000,,0,0.9550,,0.850,0,
4265,3,96,fog-105,1,fog,2500.0,0.0000,0.0000,0,100.000,,0,0.9531,,0.850,0,
4266,3,96,fog-105,1,fog,2600.0,0.0000,0.0000,0,100.000,,0,0.9513,,0.850,0,
4267,3,96,fog-105,1,fog,2700.0,0.0000,0.0000,0,100.000,,0,0.9494,,0.850,0,
4268,3,96,fog-105,1,fog,2800.0,0.0000,0.0000,0,100.000,,0,0.9475,,0.850,0,
4269,3,96,fog-105,1,fog,2900.0,0.0000,0.0000,0,100.000,,0,0.9456,,0.850,0,
4270,3,96,fog-105,1,fog,3000.0,0.0000,0.0000,0,100.000,,0,0.9438,,0.850,0,
4271,3,96,fog-105,1,fog,3100.0,0.0000,0.0000,0,100.000,,0,0.9419,,0.850,0,
4272,3,96,fog-105,1,fog,3200.0,0.0000,0.0000,0,100.000,,0,0.9400,,0.850,0,
4273,3,96,fog-105,1,fog,3300.0,0.0000,0.0000,0,100.000,,0,0.9381,,0.850,0,
4274,3,96,fog-105,1,fog,3400.0,0.0000,0.0000,0,100.000,,0,0.9363,,0.850,0,
4275,3,96,fog-105,1,fog,3500.0,0.0000,0.0000,0,100.000,,0,0.9344,,0.850,0,
4276,3,96,fog-105,1,fog,3600.0,0.0000,0.0000,0,100.000,,0,0.9325,,0.850,0,
4277,3,96,fog-105,1,fog,3700.0,0.0000,0.0000,0,100.000,,0,0.9306,,0.850,0,
4278,3,96,fog-105,1,fog,3800.0,0.0000,0.0000,0,100.000,,0,0.9288,,0.850,0,
4279,3,96,fog-105,1,fog,3900.0,0.0000,0.0000,0,100.000,,0,0.9269,,0.850,0,
4280,3,96,fog-105,1,fog,4000.0,0.0000,0.0000,0,100.000,,0,0.9250,,0.850,0,
4281,3,96,fog-105,1,fog,4100.0,0.0000,0.0000,0,100.000,,0,0.9231,,0.850,0,
4282,3,96,fog-105,1,fog,4200.0,0.0000,0.0000,0,100.000,,0,0.9213,,0.850,0,
4283,3,96,fog-105,1,fog,4300.0,0.0000,0.0000,0,100.000,,0,0.9194,,0.850,0,
4284,3,96,fog-105,1,fog,4400.0,0.0000,0.0000,0,100.000,,0,0.9175,,0.850,0,
4285,3,96,fog-105,1,fog,4500.0,0.0000,0.0000,0,100.000,,0,0.9156,,0.850,0,
4286,3,96,fog-105,1,fog,4600.0,0.0000,0.0000,0,100.000,,0,0.9138,,0.850,0,
4287,3,96,fog-105,1,fog,4700.0,0.0000,0.0000,0,100.000,,0,0.9119,,0.850,0,
4288,3,96,fog-105,1,fog,4800.0,0.0000,0.0000,0,100.000,,0,0.9100,,0.850,0,
4289,3,96,fog-105,1,fog,4900.0,0.0000,0.0000,0,100.000,,0,0.9081,,0.850,0,
4290,3,96,fog-105,1,fog,5000.0,0.0000,0.0000,0,100.000,,0,0.9063,,0.850,0,
4291,3,97,fog-106,1,fog,0.0,0.0000,0.0000,0,100.000,,0,1.0000,,0.850,0,
4292,3,97,fog-106,1,fog,100.0,0.0000,0.0000,0,100.000,,0,0.9981,,0.850,0,
4293,3,97,fog-106,1,fog,200.0,0.0000,0.0000,0,100.000,,0,0.9963,,0.850,0,
4294,3,97,fog-106,1,fog,300.0,0.0000,0.0000,0,100.000,,0,0.9944,,0.850,0,
4295,3,97,fog-106,1,fog,400.0,0.0000,0.0000,0,100.000,,0,0.9925,,0.850,0,
4296,3,97,fog-106,1,fog,500.0,0.0000,0.0000,0,100.000,,0,0.9906,,0.850,0,
4297,3,97,fog-106,1,fog,600.0,0.0000,0.0000,0,100.000,,0,0.9888,,0.850,0,
4298,3,97,fog-106,1,fog,700.0,0.0000,0.0000,0,100.000,,0,0.9869,,0.850,0,
4299,3,97,fog-106,1,fog,800.0,0.0000,0.0000,0,100.000,,0,0.9850,,0.850,0,
4300,3,97,fog-106,1,fog,900.0,0.0000,0.0000,0,100.000,,0,0.9831,,0.850,0,
4301,3,97,fog-106,1,fog,1000.0,0.0000,0.0000,0,100.000,,0,0.9813,,0.850,0,
4302,3,97,fog-106,1,fog,1100.0,0.0000,0.0000,0,100.000,,0,0.9794,,0.850,0,
4303,3,97,fog-106,1,fog,1200.0,0.0000,0.0000,0,100.000,,0,0.9775,,0.850,0,
4304,3,97,fog-106,1,fog,1300.0,0.0000,0.0000,0,100.000,,0,0.9756,,0.850,0,
4305,3,97,fog-106,1,fog,1400.0,0.0000,0.0000,0,100.000,,0,0.9738,,0.850,0,
4306,3,97,fog-106,1,fog,1500.0,0.0000,0.0000,0,100.000,,0,0.9719,,0.850,0,
4307,3,97,fog-106,1,fog,1600.0,0.0000,0.0000,0,100.000,,0,0.9700,,0.850,0,
4308,3,97,fog-106,1,fog,1700.0,0.0000,0.0000,0,100.000,,0,0.9681,,0.850,0,
4309,3,97,fog-106,1,fog,1800.0,0.0000,0.0000,0,100.000,,0,0.9663,,0.850,0,
4310,3,97,fog-106,1,fog,1900.0,0.0000,0.0000,0,100.000,,0,0.9644,,0.850,0,
4311,3,97,fog-106,1,fog,2000.0,0.0000,0.0000,0,100.000,,0,0.9625,,0.850,0,
4312,3,97,fog-106,1,fog,2100.0,0.0000,0.0000,0,100.000,,0,0.9606,,0.850,0,
4313,3,97,fog-106,1,fog,2200.0,0.0000,0.0000,0,100.000,,0,0.9588,,0.850,0,
4314,3,97,fog-106,1,fog,2300.0,0.0000,0.0000,0,100.000,,0,0.9569,,0.850,0,
4315,3,97,fog-106,1,fog,2400.0,0.0000,0.0000,0,100.000,,0,0.9550,,0.850,0,
4316,3,97,fog-106,1,fog,2500.0,0.0000,0.0000,0,100.000,,0,0.9531,,0.850,0,
4317,3,97,fog-106,1,fog,2600.0,0.0000,0.0000,0,100.000,,0,0.9513,,0.850,0,
4318,3,97,fog-106,1,fog,2700.0,0.0000,0.0000,0,100.000,,0,0.9494,,0.850,0,
4319,3,97,fog-106,1,fog,2800.0,0.0000,0.0000,0,100.000,,0,0.9475,,0.850,0,
4320,3,97,fog-106,1,fog,2900.0,0.0000,0.0000,0,100.000,,0,0.9456,,0.850,0,
4321,3,97,fog-106,1,fog,3000.0,0.0000,0.0000,0,100.000,,0,0.9438,,0.850,0,
4322,3,97,fog-106,1,fog,3100.0,0.0000,0.0000,0,100.000,,0,0.9419,,0.850,0,
4323,3,97,fog-106,1,fog,3200.0,0.0000,0.0000,0,100.000,,0,0.9400,,0.850,0,
4324,3,97,fog-106,1,fog,3300.0,0.0000,0.0000,0,100.000,,0,0.9381,,0.850,0,
4325,3,97,fog-106,1,fog,3400.0,0.0000,0.0000,0,100.000,,0,0.9363,,0.850,0,
4326,3,97,fog-106,1,fog,3500.0,0.0000,0.0000,0,100.000,,0,0.9344,,0.850,0,
4327,3,97,fog-106,1,fog,3600.0,0.0000,0.0000,0,100.000,,0,0.9325,,0.850,0,
4328,3,97,fog-106,1,fog,3700.0,0.0000,0.0000,0,100.000,,0,0.9306,,0.850,0,
4329,3,97,fog-106,1,fog,3800.0,0.0000,0.0000,0,100.000,,0,0.9288,,0.850,0,
4330,3,97,fog-106,1,fog,3900.0,0.0000,0.0000,0,100.000,,0,0.9269,,0.850,0,
4331,3,97,fog-106,1,fog,4000.0,0.0000,0.0000,0,100.000,,0,0.9250,,0.850,0,
4332,3,97,fog-106,1,fog,4100.0,0.0000,0.0000,0,100.000,,0,0.9231,,0.850,0,
4333,3,97,fog-106,1,fog,4200.0,0.0000,0.0000,0,100.000,,0,0.9213,,0.850,0,
4334,3,97,fog-106,1,fog,4300.0,0.0000,0.0000,0,100.000,,0,0.9194,,0.850,0,
4335,3,97,fog-106,1,fog,4400.0,0.0000,0.0000,0,100.000,,0,0.9175,,0.850,0,
4336,3,97,fog-106,1,fog,4500.0,0.0000,0.0000,0,100.000,,0,0.9156,,0.850,0,
4337,3,97,fog-106,1,fog,4600.0,0.0000,0.0000,0,100.000,,0,0.9138,,0.850,0,
4338,3,97,fog-106,1,fog,4700.0,0.0000,0.0000,0,100.000,,0,0.9119,,0.850,0,
4339,3,97,fog-106,1,fog,4800.0,0.0000,0.0000,0,100.000,,0,0.9100,,0.850,0,
4340,3,97,fog-106,1,fog,4900.0,0.0000,0.0000,0,100.000,,0,0.9081,,0.850,0,
4341,3,97,fog-106,1,fog,5000.0,0.0000,0.0000,0,100.000,,0,0.9063,,0.850,0,
4342,3,98,fog-107,1,fog,0.0,0.0000,0.0000,0,100.000,,0,1.0000,,0.850,0,
4343,3,98,fog-107,1,fog,100.0,0.0000,0.0000,0,100.000,,0,0.9981,,0.850,0,
4344,3,98,fog-107,1,fog,200.0,0.0000,0.0000,0,100.000,,0,0.9963,,0.850,0,
4345,3,98,fog-107,1,fog,300.0,0.0000,0.0000,0,100.000,,0,0.9944,,0.850,0,
4346,3,98,fog-107,1,fog,400.0,0.0000,0.0000,0,100.000,,0,0.9925,,0.850,0,
4347,3,98,fog-107,1,fog,500.0,0.0000,0.0000,0,100.000,,0,0.9906,,0.850,0,
4348,3,98,fog-107,1,fog,600.0,0.0000,0.0000,0,100.000,,0,0.9888,,0.850,0,
4349,3,98,fog-107,1,fog,700.0,0.0000,0.0000,0,100.000,,0,0.9869,,0.850,0,
4350,3,98,fog-107,1,fog,800.0,0.0000,0.0000,0,100.000,,0,0.9850,,0.850,0,
4351,3,98,fog-107,1,fog,900.0,0.0000,0.0000,0,100.000,,0,0.9831,,0.850,0,
4352,3,98,fog-107,1,fog,1000.0,0.0000,0.0000,0,100.000,,0,0.9813,,0.850,0,
4353,3,98,fog-107,1,fog,1100.0,0.0000,0.0000,0,100.000,,0,0.9794,,0.850,0,
4354,3,98,fog-107,1,fog,1200.0,0.0000,0.0000,0,100.000,,0,0.9775,,0.850,0,
4355,3,98,fog-107,1,fog,1300.0,0.0000,0.0000,0,100.000,,0,0.9756,,0.850,0,
4356,3,98,fog-107,1,fog,1400.0,0.0000,0.0000,0,100.000,,0,0.9738,,0.850,0,
4357,3,98,fog-107,1,fog,1500.0,0.0000,0.0000,0,100.000,,0,0.9719,,0.850,0,
4358,3,98,fog-107,1,fog,1600.0,0.0000,0.0000,0,100.000,,0,0.9700,,0.850,0,
4359,3,98,fog-107,1,fog,1700.0,0.0000,0.0000,0,100.000,,0,0.9681,,0.850,0,
4360,3,98,fog-107,1,fog,1800.0,0.0000,0.0000,0,100.000,,0,0.9663,,0.850,0,
4361,3,98,fog-107,1,fog,1900.0,0.0000,0.0000,0,100.000,,0,0.9644,,0.850,0,
4362,3,98,fog-107,1,fog,2000.0,0.0000,0.0000,0,100.000,,0,0.9625,,0.850,0,
4363,3,98,fog-107,1,fog,2100.0,0.0000,0.0000,0,100.000,,0,0.9606,,0.850,0,
4364,3,98,fog-107,1,fog,2200.0,0.0000,0.0000,0,100.000,,0,0.9588,,0.850,0,
4365,3,98,fog-107,1,fog,2300.0,0.0000,0.0000,0,100.000,,0,0.9569,,0.850,0,
4366,3,98,fog-107,1,fog,2400.0,0.0000,0.0000,0,100.000,,0,0.9550,,0.850,0,
4367,3,98,fog-107,1,fog,2500.0,0.0000,0.0000,0,100.000,,0,0.9531,,0.850,0,
4368,3,98,fog-107,1,fog,2600.0,0.0000,0.0000,0,100.000,,0,0.9513,,0.850,0,
4369,3,98,fog-107,1,fog,2700.0,0.0000,0.0000,0,100.000,,0,0.9494,,0.850,0,
4370,3,98,fog-107,1,fog,2800.0,0.0000,0.0000,0,100.000,,0,0.9475,,0.850,0,
4371,3,98,fog-107,1,fog,2900.0,0.0000,0.0000,0,100.000,,0,0.9456,,0.850,0,
4372,3,98,fog-107,1,fog,3000.0,0.0000,0.0000,0,100.000,,0,0.9438,,0.850,0,
4373,3,98,fog-107,1,fog,3100.0,0.0000,0.0000,0,100.000,,0,0.9419,,0.850,0,
4374,3,98,fog-107,1,fog,3200.0,0.0000,0.0000,0,100.000,,0,0.9400,,0.850,0,
4375,3,98,fog-107,1,fog,3300.0,0.0000,0.0000,0,100.000,,0,0.9381,,0.850,0,
4376,3,98,fog-107,1,fog,3400.0,0.0000,0.0000,0,100.000,,0,0.9363,,0.850,0,
4377,3,98,fog-107,1,fog,3500.0,0.0000,0.0000,0,100.000,,0,0.9344,,0.850,0,
4378,3,98,fog-107,1,fog,3600.0,0.0000,0.0000,0,100.000,,0,0.9325,,0.850,0,
4379,3,98,fog-107,1,fog,3700.0,0.0000,0.0000,0,100.000,,0,0.9306,,0.850,0,
4380,3,98,fog-107,1,fog,3800.0,0.0000,0.0000,0,100.000,,0,0.9288,,0.850,0,
4381,3,98,fog-107,1,fog,3900.0,0.0000,0.0000,0,100.000,,0,0.9269,,0.850,0,
4382,3,98,fog-107,1,fog,4000.0,0.0000,0.0000,0,100.000,,0,0.9250,,0.850,0,
4383,3,98,fog-107,1,fog,4100.0,0.0000,0.0000,0,100.000,,0,0.9231,,0.850,0,
4384,3,98,fog-107,1,fog,4200.0,0.0000,0.0000,0,100.000,,0,0.9213,,0.850,0,
4385,3,98,fog-107,1,fog,4300.0,0.0000,0.0000,0,100.000,,0,0.9194,,0.850,0,
4386,3,98,fog-107,1,fog,4400.0,0.0000,0.0000,0,100.000,,0,0.9175,,0.850,0,
4387,3,98,fog-107,1,fog,4500.0,0.0000,0.0000,0,100.000,,0,0.9156,,0.850,0,
4388,3,98,fog-107,1,fog,4600.0,0.0000,0.0000,0,100.000,,0,0.9138,,0.850,0,
4389,3,98,fog-107,1,fog,4700.0,0.0000,0.0000,0,100.000,,0,0.9119,,0.850,0,
4390,3,98,fog-107,1,fog,4800.0,0.0000,0.0000,0,100.000,,0,0.9100,,0.850,0,
4391,3,98,fog-107,1,fog,4900.0,0.0000,0.0000,0,100.000,,0,0.9081,,0.850,0,
4392,3,98,fog-107,1,fog,5000.0,0.0000,0.0000,0,100.000,,0,0.9063,,0.850,0,
4393,3,99,fog-108,1,fog,0.0,0.0000,0.0000,0,100.000,,0,1.0000,,0.850,0,
4394,3,99,fog-108,1,fog,100.0,0.0000,0.0000,0,100.000,,0,0.9981,,0.850,0,
4395,3,99,fog-108,1,fog,200.0,0.0000,0.0000,0,100.000,,0,0.9963,,0.850,0,
4396,3,99,fog-108,1,fog,300.0,0.0000,0.0000,0,100.000,,0,0.9944,,0.850,0,
4397,3,99,fog-108,1,fog,400.0,0.0000,0.0000,0,100.000,,0,0.9925,,0.850,0,
4398,3,99,fog-108,1,fog,500.0,0.0000,0.0000,0,100.000,,0,0.9906,,0.850,0,
4399,3,99,fog-108,1,fog,600.0,0.0000,0.0000,0,100.000,,0,0.9888,,0.850,0,
4400,3,99,fog-108,1,fog,700.0,0.0000,0.0000,0,100.000,,0,0.9869,,0.850,0,
4401,3,99,fog-108,1,fog,800.0,0.0000,0.0000,0,100.000,,0,0.9850,,0.850,0,
4402,3,99,fog-108,1,fog,900.0,0.0000,0.0000,0,100.000,,0,0.9831,,0.850,0,
4403,3,99,fog-108,1,fog,1000.0,0.0000,0.0000,0,100.000,,0,0.9813,,0.850,0,
4404,3,99,fog-108,1,fog,1100.0,0.0000,0.0000,0,100.000,,0,0.9794,,0.850,0,
4405,3,99,fog-108,1,fog,1200.0,0.0000,0.0000,0,100.000,,0,0.9775,,0.850,0,
4406,3,99,fog-108,1,fog,1300.0,0.0000,0.0000,0,100.000,,0,0.9756,,0.850,0,
4407,3,99,fog-108,1,fog,1400.0,0.0000,0.0000,0,100.000,,0,0.9738,,0.850,0,
4408,3,99,fog-108,1,fog,1500.0,0.0000,0.0000,0,100.000,,0,0.9719,,0.850,0,
4409,3,99,fog-108,1,fog,1600.0,0.0000,0.0000,0,100.000,,0,0.9700,,0.850,0,
4410,3,99,fog-108,1,fog,1700.0,0.0000,0.0000,0,100.000,,0,0.9681,,0.850,0,
4411,3,99,fog-108,1,fog,1800.0,0.0000,0.0000,0,100.000,,0,0.9663,,0.850,0,
4412,3,99,fog-108,1,fog,1900.0,0.0000,0.0000,0,100.000,,0,0.9644,,0.850,0,
4413,3,99,fog-108,1,fog,2000.0,0.0000,0.0000,0,100.000,,0,0.9625,,0.850,0,
4414,3,99,fog-108,1,fog,2100.0,0.0000,0.0000,0,100.000,,0,0.9606,,0.850,0,
4415,3,99,fog-108,1,fog,2200.0,0.0000,0.0000,0,100.000,,0,0.9588,,0.850,0,
4416,3,99,fog-108,1,fog,2300.0,0.0000,0.0000,0,100.000,,0,0.9569,,0.850,0,
4417,3,99,fog-108,1,fog,2400.0,0.0000,0.0000,0,100.000,,0,0.9550,,0.850,0,
4418,3,99,fog-108,1,fog,2500.0,0.0000,0.0000,0,100.000,,0,0.9531,,0.850,0,
4419,3,99,fog-108,1,fog,2600.0,0.0000,0.0000,0,100.000,,0,0.9513,,0.850,0,
4420,3,99,fog-108,1,fog,2700.0,0.0000,0.0000,0,100.000,,0,0.9494,,0.850,0,
4421,3,99,fog-108,1,fog,2800.0,0.0000,0.0000,0,100.000,,0,0.9475,,0.850,0,
4422,3,99,fog-108,1,fog,2900.0,0.0000,0.0000,0,100.000,,0,0.9456,,0.850,0,
4423,3,99,fog-108,1,fog,3000.0,0.0000,0.0000,0,100.000,,0,0.9438,,0.850,0,
4424,3,99,fog-108,1,fog,3100.0,0.0000,0.0000,0,100.000,,0,0.9419,,0.850,0,
4425,3,99,fog-108,1,fog,3200.0,0.0000,0.0000,0,100.000,,0,0.9400,,0.850,0,
4426,3,99,fog-108,1,fog,3300.0,0.0000,0.0000,0,100.000,,0,0.9381,,0.850,0,
4427,3,99,fog-108,1,fog,3400.0,0.0000,0.0000,0,100.000,,0,0.9363,,0.850,0,
4428,3,99,fog-108,1,fog,3500.0,0.0000,0.0000,0,100.000,,0,0.9344,,0.850,0,
4429,3,99,fog-108,1,fog,3600.0,0.0000,0.0000,0,100.000,,0,0.9325,,0.850,0,
4430,3,99,fog-108,1,fog,3700.0,0.0000,0.0000,0,100.000,,0,0.9306,,0.850,0,
4431,3,99,fog-108,1,fog,3800.0,0.0000,0.0000,0,100.000,,0,0.9288,,0.850,0,
4432,3,99,fog-108,1,fog,3900.0,0.0000,0.0000,0,100.000,,0,0.9269,,0.850,0,
4433,3,99,fog-108,1,fog,4000.0,0.0000,0.0000,0,100.000,,0,0.9250,,0.850,0,
4434,3,99,fog-108,1,fog,4100.0,0.0000,0.0000,0,100.000,,0,0.9231,,0.850,0,
4435,3,99,fog-108,1,fog,4200.0,0.0000,0.0000,0,100.000,,0,0.9213,,0.850,0,
4436,3,99,fog-108,1,fog,4300.0,0.0000,0.0000,0,100.000,,0,0.9194,,0.850,0,
4437,3,99,fog-108,1,fog,4400.0,0.0000,0.0000,0,100.000,,0,0.9175,,0.850,0,
4438,3,99,fog-108,1,fog,4500.0,0.0000,0.0000,0,100.000,,0,0.9156,,0.850,0,
4439,3,99,fog-108,1,fog,4600.0,0.0000,0.0000,0,100.000,,0,0.9138,,0.850,0,
4440,3,99,fog-108,1,fog,4700.0,0.0000,0.0000,0,100.000,,0,0.9119,,0.850,0,
4441,3,99,fog-108,1,fog,4800.0,0.0000,0.0000,0,100.000,,0,0.9100,,0.850,0,
4442,3,99,fog-108,1,fog,4900.0,0.0000,0.0000,0,100.000,,0,0.9081,,0.850,0,
4443,3,99,fog-108,1,fog,5000.0,0.0000,0.0000,0,100.000,,0,0.9063,,0.850,0,
4444,3,100,fog-109,1,fog,0.0,0.0000,0.0000,0,100.000,,0,1.0000,,0.850,0,
4445,3,100,fog-109,1,fog,100.0,0.0000,0.0000,0,100.000,,0,0.9981,,0.850,0,
4446,3,100,fog-109,1,fog,200.0,0.0000,0.0000,0,100.000,,0,0.9963,,0.850,0,
4447,3,100,fog-109,1,fog,300.0,0.0000,0.0000,0,100.000,,0,0.9944,,0.850,0,
4448,3,100,fog-109,1,fog,400.0,0.0000,0.0000,0,100.000,,0,0.9925,,0.850,0,
4449,3,100,fog-109,1,fog,500.0,0.0000,0.0000,0,100.000,,0,0.9906,,0.850,0,
4450,3,100,fog-109,1,fog,600.0,0.0000,0.0000,0,100.000,,0,0.9888,,0.850,0,
4451,3,100,fog-109,1,fog,700.0,0.0000,0.0000,0,100.000,,0,0.9869,,0.850,0,
4452,3,100,fog-109,1,fog,800.0,0.0000,0.0000,0,100.000,,0,0.9850,,0.850,0,
4453,3,100,fog-109,1,fog,900.0,0.0000,0.0000,0,100.000,,0,0.9831,,0.850,0,
4454,3,100,fog-109,1,fog,1000.0,0.0000,0.0000,0,100.000,,0,0.9813,,0.850,0,
4455,3,100,fog-109,1,fog,1100.0,0.0000,0.0000,0,100.000,,0,0.9794,,0.850,0,
4456,3,100,fog-109,1,fog,1200.0,0.0000,0.0000,0,100.000,,0,0.9775,,0.850,0,
4457,3,100,fog-109,1,fog,1300.0,0.0000,0.0000,0,100.000,,0,0.9756,,0.850,0,
4458,3,100,fog-109,1,fog,1400.0,0.0000,0.0000,0,100.000,,0,0.9738,,0.850,0,
4459,3,100,fog-109,1,fog,1500.0,0.0000,0.0000,0,100.000,,0,0.9719,,0.850,0,
4460,3,100,fog-109,1,fog,1600.0,0.0000,0.0000,0,100.000,,0,0.9700,,0.850,0,
4461,3,100,fog-109,1,fog,1700.0,0.0000,0.0000,0,100.000,,0,0.9681,,0.850,0,
4462,3,100,fog-109,1,fog,1800.0,0.0000,0.0000,0,100.000,,0,0.9663,,0.850,0,
4463,3,100,fog-109,1,fog,1900.0,0.0000,0.0000,0,100.000,,0,0.9644,,0.850,0,
4464,3,100,fog-109,1,fog,2000.0,0.0000,0.0000,0,100.000,,0,0.9625,,0.850,0,
4465,3,100,fog-109,1,fog,2100.0,0.0000,0.0000,0,100.000,,0,0.9606,,0.850,0,
4466,3,100,fog-109,1,fog,2200.0,0.0000,0.0000,0,100.000,,0,0.9588,,0.850,0,
4467,3,100,fog-109,1,fog,2300.0,0.0000,0.0000,0,100.000,,0,0.9569,,0.850,0,
4468,3,100,fog-109,1,fog,2400.0,0.0000,0.0000,0,100.000,,0,0.9550,,0.850,0,
4469,3,100,fog-109,1,fog,2500.0,0.0000,0.0000,0,100.000,,0,0.9531,,0.850,0,
4470,3,100,fog-109,1,fog,2600.0,0.0000,0.0000,0,100.000,,0,0.9513,,0.850,0,
4471,3,100,fog-109,1,fog,2700.0,0.0000,0.0000,0,100.000,,0,0.9494,,0.850,0,
4472,3,100,fog-109,1,fog,2800.0,0.0000,0.0000,0,100.000,,0,0.9475,,0.850,0,
4473,3,100,fog-109,1,fog,2900.0,0.0000,0.0000,0,100.000,,0,0.9456,,0.850,0,
4474,3,100,fog-109,1,fog,3000.0,0.0000,0.0000,0,100.000,,0,0.9438,,0.850,0,
4475,3,100,fog-109,1,fog,3100.0,0.0000,0.0000,0,100.000,,0,0.9419,,0.850,0,
4476,3,100,fog-109,1,fog,3200.0,0.0000,0.0000,0,100.000,,0,0.9400,,0.850,0,
4477,3,100,fog-109,1,fog,3300.0,0.0000,0.0000,0,100.000,,0,0.9381,,0.850,0,
4478,3,100,fog-109,1,fog,3400.0,0.0000,0.0000,0,100.000,,0,0.9363,,0.850,0,
4479,3,100,fog-109,1,fog,3500.0,0.0000,0.0000,0,100.000,,0,0.9344,,0.850,0,
4480,3,100,fog-109,1,fog,3600.0,0.0000,0.0000,0,100.000,,0,0.9325,,0.850,0,
4481,3,100,fog-109,1,fog,3700.0,0.0000,0.0000,0,100.000,,0,0.9306,,0.850,0,
4482,3,100,fog-109,1,fog,3800.0,0.0000,0.0000,0,100.000,,0,0.9288,,0.850,0,
4483,3,100,fog-109,1,fog,3900.0,0.0000,0.0000,0,100.000,,0,0.9269,,0.850,0,
4484,3,100,fog-109,1,fog,4000.0,0.0000,0.0000,0,100.000,,0,0.9250,,0.850,0,
4485,3,100,fog-109,1,fog,4100.0,0.0000,0.0000,0,100.000,,0,0.9231,,0.850,0,
4486,3,100,fog-109,1,fog,4200.0,0.0000,0.0000,0,100.000,,0,0.9213,,0.850,0,
4487,3,100,fog-109,1,fog,4300.0,0.0000,0.0000,0,100.000,,0,0.9194,,0.850,0,
4488,3,100,fog-109,1,fog,4400.0,0.0000,0.0000,0,100.000,,0,0.9175,,0.850,0,
4489,3,100,fog-109,1,fog,4500.0,0.0000,0.0000,0,100.000,,0,0.9156,,0.850,0,
4490,3,100,fog-109,1,fog,4600.0,0.0000,0.0000,0,100.000,,0,0.9138,,0.850,0,
4491,3,100,fog-109,1,fog,4700.0,0.0000,0.0000,0,100.000,,0,0.9119,,0.850,0,
4492,3,100,fog-109,1,fog,4800.0,0.0000,0.0000,0,100.000,,0,0.9100,,0.850,0,
4493,3,100,fog-109,1,fog,4900.0,0.0000,0.0000,0,100.000,,0,0.9081,,0.850,0,
4494,3,100,fog-109,1,fog,5000.0,0.0000,0.0000,0,100.000,,0,0.9063,,0.850,0,
4495,3,101,fog-110,1,fog,0.0,0.0000,0.0000,0,100.000,,0,1.0000,,0.850,0,
4496,3,101,fog-110,1,fog,100.0,0.0000,0.0000,0,100.000,,0,0.9981,,0.850,0,
4497,3,101,fog-110,1,fog,200.0,0.0000,0.0000,0,100.000,,0,0.9963,,0.850,0,
4498,3,101,fog-110,1,fog,300.0,0.0000,0.0000,0,100.000,,0,0.9944,,0.850,0,
4499,3,101,fog-110,1,fog,400.0,0.0000,0.0000,0,100.000,,0,0.9925,,0.850,0,
4500,3,101,fog-110,1,fog,500.0,0.0000,0.0000,0,100.000,,0,0.9906,,0.850,0,
4501,3,101,fog-110,1,fog,600.0,0.0000,0.0000,0,100.000,,0,0.9888,,0.850,0,
4502,3,101,fog-110,1,fog,700.0,0.0000,0.0000,0,100.000,,0,0.9869,,0.850,0,
4503,3,101,fog-110,1,fog,800.0,0.0000,0.0000,0,100.000,,0,0.9850,,0.850,0,
4504,3,101,fog-110,1,fog,900.0,0.0000,0.0000,0,100.000,,0,0.9831,,0.850,0,
4505,3,101,fog-110,1,fog,1000.0,0.0000,0.0000,0,100.000,,0,0.9813,,0.850,0,
4506,3,101,fog-110,1,fog,1100.0,0.0000,0.0000,0,100.000,,0,0.9794,,0.850,0,
4507,3,101,fog-110,1,fog,1200.0,0.0000,0.0000,0,100.000,,0,0.9775,,0.850,0,
4508,3,101,fog-110,1,fog,1300.0,0.0000,0.0000,0,100.000,,0,0.9756,,0.850,0,
4509,3,101,fog-110,1,fog,1400.0,0.0000,0.0000,0,100.000,,0,0.9738,,0.850,0,
4510,3,101,fog-110,1,fog,1500.0,0.0000,0.0000,0,100.000,,0,0.9719,,0.850,0,
4511,3,101,fog-110,1,fog,1600.0,0.0000,0.0000,0,100.000,,0,0.9700,,0.850,0,
4512,3,101,fog-110,1,fog,1700.0,0.0000,0.0000,0,100.000,,0,0.9681,,0.850,0,
4513,3,101,fog-110,1,fog,1800.0,0.0000,0.0000,0,100.000,,0,0.9663,,0.850,0,
4514,3,101,fog-110,1,fog,1900.0,0.0000,0.0000,0,100.000,,0,0.9644,,0.850,0,
4515,3,101,fog-110,1,fog,2000.0,0.0000,0.0000,0,100.000,,0,0.9625,,0.850,0,
4516,3,101,fog-110,1,fog,2100.0,0.0000,0.0000,0,100.000,,0,0.9606,,0.850,0,
4517,3,101,fog-110,1,fog,2200.0,0.0000,0.0000,0,100.000,,0,0.9588,,0.850,0,
4518,3,101,fog-110,1,fog,2300.0,0.0000,0.0000,0,100.000,,0,0.9569,,0.850,0,
4519,3,101,fog-110,1,fog,2400.0,0.0000,0.0000,0,100.000,,0,0.9550,,0.850,0,
4520,3,101,fog-110,1,fog,2500.0,0.0000,0.0000,0,100.000,,0,0.9531,,0.850,0,
4521,3,101,fog-110,1,fog,2600.0,0.0000,0.0000,0,100.000,,0,0.9513,,0.850,0,
4522,3,101,fog-110,1,fog,2700.0,0.0000,0.0000,0,100.000,,0,0.9494,,0.850,0,
4523,3,101,fog-110,1,fog,2800.0,0.0000,0.0000,0,100.000,,0,0.9475,,0.850,0,
4524,3,101,fog-110,1,fog,2900.0,0.0000,0.0000,0,100.000,,0,0.9456,,0.850,0,
4525,3,101,fog-110,1,fog,3000.0,0.0000,0.0000,0,100.000,,0,0.9438,,0.850,0,
4526,3,101,fog-110,1,fog,3100.0,0.0000,0.0000,0,100.000,,0,0.9419,,0.850,0,
4527,3,101,fog-110,1,fog,3200.0,0.0000,0.0000,0,100.000,,0,0.9400,,0.850,0,
4528,3,101,fog-110,1,fog,3300.0,0.0000,0.0000,0,100.000,,0,0.9381,,0.850,0,
4529,3,101,fog-110,1,fog,3400.0,0.0000,0.0000,0,100.000,,0,0.9363,,0.850,0,
4530,3,101,fog-110,1,fog,3500.0,0.0000,0.0000,0,100.000,,0,0.9344,,0.850,0,
4531,3,101,fog-110,1,fog,3600.0,0.0000,0.0000,0,100.000,,0,0.9325,,0.850,0,
4532,3,101,fog-110,1,fog,3700.0,0.0000,0.0000,0,100.000,,0,0.9306,,0.850,0,
4533,3,101,fog-110,1,fog,3800.0,0.0000,0.0000,0,100.000,,0,0.9288,,0.850,0,
4534,3,101,fog-110,1,fog,3900.0,0.0000,0.0000,0,100.000,,0,0.9269,,0.850,0,
4535,3,101,fog-110,1,fog,4000.0,0.0000,0.0000,0,100.000,,0,0.9250,,0.850,0,
4536,3,101,fog-110,1,fog,4100.0,0.0000,0.0000,0,100.000,,0,0.9231,,0.850,0,
4537,3,101,fog-110,1,fog,4200.0,0.0000,0.0000,0,100.000,,0,0.9213,,0.850,0,
4538,3,101,fog-110,1,fog,4300.0,0.0000,0.0000,0,100.000,,0,0.9194,,0.850,0,
4539,3,101,fog-110,1,fog,4400.0,0.0000,0.0000,0,100.000,,0,0.9175,,0.850,0,
4540,3,101,fog-110,1,fog,4500.0,0.0000,0.0000,0,100.000,,0,0.9156,,0.850,0,
4541,3,101,fog-110,1,fog,4600.0,0.0000,0.0000,0,100.000,,0,0.9138,,0.850,0,
4542,3,101,fog-110,1,fog,4700.0,0.0000,0.0000,0,100.000,,0,0.9119,,0.850,0,
4543,3,101,fog-110,1,fog,4800.0,0.0000,0.0000,0,100.000,,0,0.9100,,0.850,0,
4544,3,101,fog-110,1,fog,4900.0,0.0000,0.0000,0,100.000,,0,0.9081,,0.850,0,
4545,3,101,fog-110,1,fog,5000.0,0.0000,0.0000,0,100.000,,0,0.9063,,0.850,0,
4546,3,102,fog-111,1,fog,0.0,0.0000,0.0000,0,100.000,,0,1.0000,,0.850,0,
4547,3,102,fog-111,1,fog,100.0,0.0000,0.0000,0,100.000,,0,0.9981,,0.850,0,
4548,3,102,fog-111,1,fog,200.0,0.0000,0.0000,0,100.000,,0,0.9963,,0.850,0,
4549,3,102,fog-111,1,fog,300.0,0.0000,0.0000,0,100.000,,0,0.9944,,0.850,0,
4550,3,102,fog-111,1,fog,400.0,0.0000,0.0000,0,100.000,,0,0.9925,,0.850,0,
4551,3,102,fog-111,1,fog,500.0,0.0000,0.0000,0,100.000,,0,0.9906,,0.850,0,
4552,3,102,fog-111,1,fog,600.0,0.0000,0.0000,0,100.000,,0,0.9888,,0.850,0,
4553,3,102,fog-111,1,fog,700.0,0.0000,0.0000,0,100.000,,0,0.9869,,0.850,0,
4554,3,102,fog-111,1,fog,800.0,0.0000,0.0000,0,100.000,,0,0.9850,,0.850,0,
4555,3,102,fog-111,1,fog,900.0,0.0000,0.0000,0,100.000,,0,0.9831,,0.850,0,
4556,3,102,fog-111,1,fog,1000.0,0.0000,0.0000,0,100.000,,0,0.9813,,0.850,0,
4557,3,102,fog-111,1,fog,1100.0,0.0000,0.0000,0,100.000,,0,0.9794,,0.850,0,
4558,3,102,fog-111,1,fog,1200.0,0.0000,0.0000,0,100.000,,0,0.9775,,0.850,0,
4559,3,102,fog-111,1,fog,1300.0,0.0000,0.0000,0,100.000,,0,0.9756,,0.850,0,
4560,3,102,fog-111,1,fog,1400.0,0.0000,0.0000,0,100.000,,0,0.9738,,0.850,0,
4561,3,102,fog-111,1,fog,1500.0,0.0000,0.0000,0,100.000,,0,0.9719,,0.850,0,
4562,3,102,fog-111,1,fog,1600.0,0.0000,0.0000,0,100.000,,0,0.9700,,0.850,0,
4563,3,102,fog-111,1,fog,1700.0,0.0000,0.0000,0,100.000,,0,0.9681,,0.850,0,
4564,3,102,fog-111,1,fog,1800.0,0.0000,0.0000,0,100.000,,0,0.9663,,0.850,0,
4565,3,102,fog-111,1,fog,1900.0,0.0000,0.0000,0,100.000,,0,0.9644,,0.850,0,
4566,3,102,fog-111,1,fog,2000.0,0.0000,0.0000,0,100.000,,0,0.9625,,0.850,0,
4567,3,102,fog-111,1,fog,2100.0,0.0000,0.0000,0,100.000,,0,0.9606,,0.850,0,
4568,3,102,fog-111,1,fog,2200.0,0.0000,0.0000,0,100.000,,0,0.9588,,0.850,0,
4569,3,102,fog-111,1,fog,2300.0,0.0000,0.0000,0,100.000,,0,0.9569,,0.850,0,
4570,3,102,fog-111,1,fog,2400.0,0.0000,0.0000,0,100.000,,0,0.9550,,0.850,0,
4571,3,102,fog-111,1,fog,2500.0,0.0000,0.0000,0,100.000,,0,0.9531,,0.850,0,
4572,3,102,fog-111,1,fog,2600.0,0.0000,0.0000,0,100.000,,0,0.9513,,0.850,0,
4573,3,102,fog-111,1,fog,2700.0,0.0000,0.0000,0,100.000,,0,0.9494,,0.850,0,
4574,3,102,fog-111,1,fog,2800.0,0.0000,0.0000,0,100.000,,0,0.9475,,0.850,0,
4575,3,102,fog-111,1,fog,2900.0,0.0000,0.0000,0,100.000,,0,0.9456,,0.850,0,
4576,3,102,fog-111,1,fog,3000.0,0.0000,0.0000,0,100.000,,0,0.9438,,0.850,0,
4577,3,102,fog-111,1,fog,3100.0,0.0000,0.0000,0,100.000,,0,0.9419,,0.850,0,
4578,3,102,fog-111,1,fog,3200.0,0.0000,0.0000,0,100.000,,0,0.9400,,0.850,0,
4579,3,102,fog-111,1,fog,3300.0,0.0000,0.0000,0,100.000,,0,0.9381,,0.850,0,
4580,3,102,fog-111,1,fog,3400.0,0.0000,0.0000,0,100.000,,0,0.9363,,0.850,0,
4581,3,102,fog-111,1,fog,3500.0,0.0000,0.0000,0,100.000,,0,0.9344,,0.850,0,
4582,3,102,fog-111,1,fog,3600.0,0.0000,0.0000,0,100.000,,0,0.9325,,0.850,0,
4583,3,102,fog-111,1,fog,3700.0,0.0000,0.0000,0,100.000,,0,0.9306,,0.850,0,
4584,3,102,fog-111,1,fog,3800.0,0.0000,0.0000,0,100.000,,0,0.9288,,0.850,0,
4585,3,102,fog-111,1,fog,3900.0,0.0000,0.0000,0,100.000,,0,0.9269,,0.850,0,
4586,3,102,fog-111,1,fog,4000.0,0.0000,0.0000,0,100.000,,0,0.9250,,0.850,0,
4587,3,102,fog-111,1,fog,4100.0,0.0000,0.0000,0,100.000,,0,0.9231,,0.850,0,
4588,3,102,fog-111,1,fog,4200.0,0.0000,0.0000,0,100.000,,0,0.9213,,0.850,0,
4589,3,102,fog-111,1,fog,4300.0,0.0000,0.0000,0,100.000,,0,0.9194,,0.850,0,
4590,3,102,fog-111,1,fog,4400.0,0.0000,0.0000,0,100.000,,0,0.9175,,0.850,0,
4591,3,102,fog-111,1,fog,4500.0,0.0000,0.0000,0,100.000,,0,0.9156,,0.850,0,
4592,3,102,fog-111,1,fog,4600.0,0.0000,0.0000,0,100.000,,0,0.9138,,0.850,0,
4593,3,102,fog-111,1,fog,4700.0,0.0000,0.0000,0,100.000,,0,0.9119,,0.850,0,
4594,3,102,fog-111,1,fog,4800.0,0.0000,0.0000,0,100.000,,0,0.9100,,0.850,0,
4595,3,102,fog-111,1,fog,4900.0,0.0000,0.0000,0,100.000,,0,0.9081,,0.850,0,
4596,3,102,fog-111,1,fog,5000.0,0.0000,0.0000,0,100.000,,0,0.9063,,0.850,0,
4597,3,103,fog-112,1,fog,0.0,0.0000,0.0000,0,100.000,,0,1.0000,,0.850,0,
4598,3,103,fog-112,1,fog,100.0,0.0000,0.0000,0,100.000,,0,0.9981,,0.850,0,
4599,3,103,fog-112,1,fog,200.0,0.0000,0.0000,0,100.000,,0,0.9963,,0.850,0,
4600,3,103,fog-112,1,fog,300.0,0.0000,0.0000,0,100.000,,0,0.9944,,0.850,0,
4601,3,103,fog-112,1,fog,400.0,0.0000,0.0000,0,100.000,,0,0.9925,,0.850,0,
4602,3,103,fog-112,1,fog,500.0,0.0000,0.0000,0,100.000,,0,0.9906,,0.850,0,
4603,3,103,fog-112,1,fog,600.0,0.0000,0.0000,0,100.000,,0,0.9888,,0.850,0,
4604,3,103,fog-112,1,fog,700.0,0.0000,0.0000,0,100.000,,0,0.9869,,0.850,0,
4605,3,103,fog-112,1,fog,800.0,0.0000,0.0000,0,100.000,,0,0.9850,,0.850,0,
4606,3,103,fog-112,1,fog,900.0,0.0000,0.0000,0,100.000,,0,0.9831,,0.850,0,
4607,3,103,fog-112,1,fog,1000.0,0.0000,0.0000,0,100.000,,0,0.9813,,0.850,0,
4608,3,103,fog-112,1,fog,1100.0,0.0000,0.0000,0,100.000,,0,0.9794,,0.850,0,
4609,3,103,fog-112,1,fog,1200.0,0.0000,0.0000,0,100.000,,0,0.9775,,0.850,0,
4610,3,103,fog-112,1,fog,1300.0,0.0000,0.0000,0,100.000,,0,0.9756,,0.850,0,
4611,3,103,fog-112,1,fog,1400.0,0.0000,0.0000,0,100.000,,0,0.9738,,0.850,0,
4612,3,103,fog-112,1,fog,1500.0,0.0000,0.0000,0,100.000,,0,0.9719,,0.850,0,
4613,3,103,fog-112,1,fog,1600.0,0.0000,0.0000,0,100.000,,0,0.9700,,0.850,0,
4614,3,103,fog-112,1,fog,1700.0,0.0000,0.0000,0,100.000,,0,0.9681,,0.850,0,
4615,3,103,fog-112,1,fog,1800.0,0.0000,0.0000,0,100.000,,0,0.9663,,0.850,0,
4616,3,103,fog-112,1,fog,1900.0,0.0000,0.0000,0,100.000,,0,0.9644,,0.850,0,
4617,3,103,fog-112,1,fog,2000.0,0.0000,0.0000,0,100.000,,0,0.9625,,0.850,0,
4618,3,103,fog-112,1,fog,2100.0,0.0000,0.0000,0,100.000,,0,0.9606,,0.850,0,
4619,3,103,fog-112,1,fog,2200.0,0.0000,0.0000,0,100.000,,0,0.9588,,0.850,0,
4620,3,103,fog-112,1,fog,2300.0,0.0000,0.0000,0,100.000,,0,0.9569,,0.850,0,
4621,3,103,fog-112,1,fog,2400.0,0.0000,0.0000,0,100.000,,0,0.9550,,0.850,0,
4622,3,103,fog-112,1,fog,2500.0,0.0000,0.0000,0,100.000,,0,0.9531,,0.850,0,
4623,3,103,fog-112,1,fog,2600.0,0.0000,0.0000,0,100.000,,0,0.9513,,0.850,0,
4624,3,103,fog-112,1,fog,2700.0,0.0000,0.0000,0,100.000,,0,0.9494,,0.850,0,
4625,3,103,fog-112,1,fog,2800.0,0.0000,0.0000,0,100.000,,0,0.9475,,0.850,0,
4626,3,103,fog-112,1,fog,2900.0,0.0000,0.0000,0,100.000,,0,0.9456,,0.850,0,
4627,3,103,fog-112,1,fog,3000.0,0.0000,0.0000,0,100.000,,0,0.9438,,0.850,0,
4628,3,103,fog-112,1,fog,3100.0,0.0000,0.0000,0,100.000,,0,0.9419,,0.850,0,
4629,3,103,fog-112,1,fog,3200.0,0.0000,0.0000,0,100.000,,0,0.9400,,0.850,0,
4630,3,103,fog-112,1,fog,3300.0,0.0000,0.0000,0,100.000,,0,0.9381,,0.850,0,
4631,3,103,fog-112,1,fog,3400.0,0.0000,0.0000,0,100.000,,0,0.9363,,0.850,0,
4632,3,103,fog-112,1,fog,3500.0,0.0000,0.0000,0,100.000,,0,0.9344,,0.850,0,
4633,3,103,fog-112,1,fog,3600.0,0.0000,0.0000,0,100.000,,0,0.9325,,0.850,0,
4634,3,103,fog-112,1,fog,3700.0,0.0000,0.0000,0,100.000,,0,0.9306,,0.850,0,
4635,3,103,fog-112,1,fog,3800.0,0.0000,0.0000,0,100.000,,0,0.9288,,0.850,0,
4636,3,103,fog-112,1,fog,3900.0,0.0000,0.0000,0,100.000,,0,0.9269,,0.850,0,
4637,3,103,fog-112,1,fog,4000.0,0.0000,0.0000,0,100.000,,0,0.9250,,0.850,0,
4638,3,103,fog-112,1,fog,4100.0,0.0000,0.0000,0,100.000,,0,0.9231,,0.850,0,
4639,3,103,fog-112,1,fog,4200.0,0.0000,0.0000,0,100.000,,0,0.9213,,0.850,0,
4640,3,103,fog-112,1,fog,4300.0,0.0000,0.0000,0,100.000,,0,0.9194,,0.850,0,
4641,3,103,fog-112,1,fog,4400.0,0.0000,0.0000,0,100.000,,0,0.9175,,0.850,0,
4642,3,103,fog-112,1,fog,4500.0,0.0000,0.0000,0,100.000,,0,0.9156,,0.850,0,
4643,3,103,fog-112,1,fog,4600.0,0.0000,0.0000,0,100.000,,0,0.9138,,0.850,0,
4644,3,103,fog-112,1,fog,4700.0,0.0000,0.0000,0,100.000,,0,0.9119,,0.850,0,
4645,3,103,fog-112,1,fog,4800.0,0.0000,0.0000,0,100.000,,0,0.9100,,0.850,0,
4646,3,103,fog-112,1,fog,4900.0,0.0000,0.0000,0,100.000,,0,0.9081,,0.850,0,
4647,3,103,fog-112,1,fog,5000.0,0.0000,0.0000,0,100.000,,0,0.9063,,0.850,0,
4648,3,104,fog-113,1,fog,0.0,0.0000,0.0000,0,100.000,,0,1.0000,,0.850,0,
4649,3,104,fog-113,1,fog,100.0,0.0000,0.0000,0,100.000,,0,0.9981,,0.850,0,
4650,3,104,fog-113,1,fog,200.0,0.0000,0.0000,0,100.000,,0,0.9963,,0.850,0,
4651,3,104,fog-113,1,fog,300.0,0.0000,0.0000,0,100.000,,0,0.9944,,0.850,0,
4652,3,104,fog-113,1,fog,400.0,0.0000,0.0000,0,100.000,,0,0.9925,,0.850,0,
4653,3,104,fog-113,1,fog,500.0,0.0000,0.0000,0,100.000,,0,0.9906,,0.850,0,
4654,3,104,fog-113,1,fog,600.0,0.0000,0.0000,0,100.000,,0,0.9888,,0.850,0,
4655,3,104,fog-113,1,fog,700.0,0.0000,0.0000,0,100.000,,0,0.9869,,0.850,0,
4656,3,104,fog-113,1,fog,800.0,0.0000,0.0000,0,100.000,,0,0.9850,,0.850,0,
4657,3,104,fog-113,1,fog,900.0,0.0000,0.0000,0,100.000,,0,0.9831,,0.850,0,
4658,3,104,fog-113,1,fog,1000.0,0.0000,0.0000,0,100.000,,0,0.9813,,0.850,0,
4659,3,104,fog-113,1,fog,1100.0,0.0000,0.0000,0,100.000,,0,0.9794,,0.850,0,
4660,3,104,fog-113,1,fog,1200.0,0.0000,0.0000,0,100.000,,0,0.9775,,0.850,0,
4661,3,104,fog-113,1,fog,1300.0,0.0000,0.0000,0,100.000,,0,0.9756,,0.850,0,
4662,3,104,fog-113,1,fog,1400.0,0.0000,0.0000,0,100.000,,0,0.9738,,0.850,0,
4663,3,104,fog-113,1,fog,1500.0,0.0000,0.0000,0,100.000,,0,0.9719,,0.850,0,
4664,3,104,fog-113,1,fog,1600.0,0.0000,0.0000,0,100.000,,0,0.9700,,0.850,0,
4665,3,104,fog-113,1,fog,1700.0,0.0000,0.0000,0,100.000,,0,0.9681,,0.850,0,
4666,3,104,fog-113,1,fog,1800.0,0.0000,0.0000,0,100.000,,0,0.9663,,0.850,0,
4667,3,104,fog-113,1,fog,1900.0,0.0000,0.0000,0,100.000,,0,0.9644,,0.850,0,
4668,3,104,fog-113,1,fog,2000.0,0.0000,0.0000,0,100.000,,0,0.9625,,0.850,0,
4669,3,104,fog-113,1,fog,2100.0,0.0000,0.0000,0,100.000,,0,0.9606,,0.850,0,
4670,3,104,fog-113,1,fog,2200.0,0.0000,0.0000,0,100.000,,0,0.9588,,0.850,0,
4671,3,104,fog-113,1,fog,2300.0,0.0000,0.0000,0,100.000,,0,0.9569,,0.850,0,
4672,3,104,fog-113,1,fog,2400.0,0.0000,0.0000,0,100.000,,0,0.9550,,0.850,0,
4673,3,104,fog-113,1,fog,2500.0,0.0000,0.0000,0,100.000,,0,0.9531,,0.850,0,
4674,3,104,fog-113,1,fog,2600.0,0.0000,0.0000,0,100.000,,0,0.9513,,0.850,0,
4675,3,104,fog-113,1,fog,2700.0,0.0000,0.0000,0,100.000,,0,0.9494,,0.850,0,
4676,3,104,fog-113,1,fog,2800.0,0.0000,0.0000,0,100.000,,0,0.9475,,0.850,0,
4677,3,104,fog-113,1,fog,2900.0,0.0000,0.0000,0,100.000,,0,0.9456,,0.850,0,
4678,3,104,fog-113,1,fog,3000.0,0.0000,0.0000,0,100.000,,0,0.9438,,0.850,0,
4679,3,104,fog-113,1,fog,3100.0,0.0000,0.0000,0,100.000,,0,0.9419,,0.850,0,
4680,3,104,fog-113,1,fog,3200.0,0.0000,0.0000,0,100.000,,0,0.9400,,0.850,0,
4681,3,104,fog-113,1,fog,3300.0,0.0000,0.0000,0,100.000,,0,0.9381,,0.850,0,
4682,3,104,fog-113,1,fog,3400.0,0.0000,0.0000,0,100.000,,0,0.9363,,0.850,0,
4683,3,104,fog-113,1,fog,3500.0,0.0000,0.0000,0,100.000,,0,0.9344,,0.850,0,
4684,3,104,fog-113,1,fog,3600.0,0.0000,0.0000,0,100.000,,0,0.9325,,0.850,0,
4685,3,104,fog-113,1,fog,3700.0,0.0000,0.0000,0,100.000,,0,0.9306,,0.850,0,
4686,3,104,fog-113,1,fog,3800.0,0.0000,0.0000,0,100.000,,0,0.9288,,0.850,0,
4687,3,104,fog-113,1,fog,3900.0,0.0000,0.0000,0,100.000,,0,0.9269,,0.850,0,
4688,3,104,fog-113,1,fog,4000.0,0.0000,0.0000,0,100.000,,0,0.9250,,0.850,0,
4689,3,104,fog-113,1,fog,4100.0,0.0000,0.0000,0,100.000,,0,0.9231,,0.850,0,
4690,3,104,fog-113,1,fog,4200.0,0.0000,0.0000,0,100.000,,0,0.9213,,0.850,0,
4691,3,104,fog-113,1,fog,4300.0,0.0000,0.0000,0,100.000,,0,0.9194,,0.850,0,
4692,3,104,fog-113,1,fog,4400.0,0.0000,0.0000,0,100.000,,0,0.9175,,0.850,0,
4693,3,104,fog-113,1,fog,4500.0,0.0000,0.0000,0,100.000,,0,0.9156,,0.850,0,
4694,3,104,fog-113,1,fog,4600.0,0.0000,0.0000,0,100.000,,0,0.9138,,0.850,0,
4695,3,104,fog-113,1,fog,4700.0,0.0000,0.0000,0,100.000,,0,0.9119,,0.850,0,
4696,3,104,fog-113,1,fog,4800.0,0.0000,0.0000,0,100.000,,0,0.9100,,0.850,0,
4697,3,104,fog-113,1,fog,4900.0,0.0000,0.0000,0,100.000,,0,0.9081,,0.850,0,
4698,3,104,fog-113,1,fog,5000.0,0.0000,0.0000,0,100.000,,0,0.9063,,0.850,0,
4699,3,105,fog-114,1,fog,0.0,0.0000,0.0000,0,100.000,,0,1.0000,,0.850,0,
4700,3,105,fog-114,1,fog,100.0,0.0000,0.0000,0,100.000,,0,0.9981,,0.850,0,
4701,3,105,fog-114,1,fog,200.0,0.0000,0.0000,0,100.000,,0,0.9963,,0.850,0,
4702,3,105,fog-114,1,fog,300.0,0.0000,0.0000,0,100.000,,0,0.9944,,0.850,0,
4703,3,105,fog-114,1,fog,400.0,0.0000,0.0000,0,100.000,,0,0.9925,,0.850,0,
4704,3,105,fog-114,1,fog,500.0,0.0000,0.0000,0,100.000,,0,0.9906,,0.850,0,
4705,3,105,fog-114,1,fog,600.0,0.0000,0.0000,0,100.000,,0,0.9888,,0.850,0,
4706,3,105,fog-114,1,fog,700.0,0.0000,0.0000,0,100.000,,0,0.9869,,0.850,0,
4707,3,105,fog-114,1,fog,800.0,0.0000,0.0000,0,100.000,,0,0.9850,,0.850,0,
4708,3,105,fog-114,1,fog,900.0,0.0000,0.0000,0,100.000,,0,0.9831,,0.850,0,
4709,3,105,fog-114,1,fog,1000.0,0.0000,0.0000,0,100.000,,0,0.9813,,0.850,0,
4710,3,105,fog-114,1,fog,1100.0,0.0000,0.0000,0,100.000,,0,0.9794,,0.850,0,
4711,3,105,fog-114,1,fog,1200.0,0.0000,0.0000,0,100.000,,0,0.9775,,0.850,0,
4712,3,105,fog-114,1,fog,1300.0,0.0000,0.0000,0,100.000,,0,0.9756,,0.850,0,
4713,3,105,fog-114,1,fog,1400.0,0.0000,0.0000,0,100.000,,0,0.9738,,0.850,0,
4714,3,105,fog-114,1,fog,1500.0,0.0000,0.0000,0,100.000,,0,0.9719,,0.850,0,
4715,3,105,fog-114,1,fog,1600.0,0.0000,0.0000,0,100.000,,0,0.9700,,0.850,0,
4716,3,105,fog-114,1,fog,1700.0,0.0000,0.0000,0,100.000,,0,0.9681,,0.850,0,
4717,3,105,fog-114,1,fog,1800.0,0.0000,0.0000,0,100.000,,0,0.9663,,0.850,0,
4718,3,105,fog-114,1,fog,1900.0,0.0000,0.0000,0,100.000,,0,0.9644,,0.850,0,
4719,3,105,fog-114,1,fog,2000.0,0.0000,0.0000,0,100.000,,0,0.9625,,0.850,0,
4720,3,105,fog-114,1,fog,2100.0,0.0000,0.0000,0,100.000,,0,0.9606,,0.850,0,
4721,3,105,fog-114,1,fog,2200.0,0.0000,0.0000,0,100.000,,0,0.9588,,0.850,0,
4722,3,105,fog-114,1,fog,2300.0,0.0000,0.0000,0,100.000,,0,0.9569,,0.850,0,
4723,3,105,fog-114,1,fog,2400.0,0.0000,0.0000,0,100.000,,0,0.9550,,0.850,0,
4724,3,105,fog-114,1,fog,2500.0,0.0000,0.0000,0,100.000,,0,0.9531,,0.850,0,
4725,3,105,fog-114,1,fog,2600.0,0.0000,0.0000,0,100.000,,0,0.9513,,0.850,0,
4726,3,105,fog-114,1,fog,2700.0,0.0000,0.0000,0,100.000,,0,0.9494,,0.850,0,
4727,3,105,fog-114,1,fog,2800.0,0.0000,0.0000,0,100.000,,0,0.9475,,0.850,0,
4728,3,105,fog-114,1,fog,2900.0,0.0000,0.0000,0,100.000,,0,0.9456,,0.850,0,
4729,3,105,fog-114,1,fog,3000.0,0.0000,0.0000,0,100.000,,0,0.9438,,0.850,0,
4730,3,105,fog-114,1,fog,3100.0,0.0000,0.0000,0,100.000,,0,0.9419,,0.850,0,
4731,3,105,fog-114,1,fog,3200.0,0.0000,0.0000,0,100.000,,0,0.9400,,0.850,0,
4732,3,105,fog-114,1,fog,3300.0,0.0000,0.0000,0,100.000,,0,0.9381,,0.850,0,
4733,3,105,fog-114,1,fog,3400.0,0.0000,0.0000,0,100.000,,0,0.9363,,0.850,0,
4734,3,105,fog-114,1,fog,3500.0,0.0000,0.0000,0,100.000,,0,0.9344,,0.850,0,
4735,3,105,fog-114,1,fog,3600.0,0.0000,0.0000,0,100.000,,0,0.9325,,0.850,0,
4736,3,105,fog-114,1,fog,3700.0,0.0000,0.0000,0,100.000,,0,0.9306,,0.850,0,
4737,3,105,fog-114,1,fog,3800.0,0.0000,0.0000,0,100.000,,0,0.9288,,0.850,0,
4738,3,105,fog-114,1,fog,3900.0,0.0000,0.0000,0,100.000,,0,0.9269,,0.850,0,
4739,3,105,fog-114,1,fog,4000.0,0.0000,0.0000,0,100.000,,0,0.9250,,0.850,0,
4740,3,105,fog-114,1,fog,4100.0,0.0000,0.0000,0,100.000,,0,0.9231,,0.850,0,
4741,3,105,fog-114,1,fog,4200.0,0.0000,0.0000,0,100.000,,0,0.9213,,0.850,0,
4742,3,105,fog-114,1,fog,4300.0,0.0000,0.0000,0,100.000,,0,0.9194,,0.850,0,
4743,3,105,fog-114,1,fog,4400.0,0.0000,0.0000,0,100.000,,0,0.9175,,0.850,0,
4744,3,105,fog-114,1,fog,4500.0,0.0000,0.0000,0,100.000,,0,0.9156,,0.850,0,
4745,3,105,fog-114,1,fog,4600.0,0.0000,0.0000,0,100.000,,0,0.9138,,0.850,0,
4746,3,105,fog-114,1,fog,4700.0,0.0000,0.0000,0,100.000,,0,0.9119,,0.850,0,
4747,3,105,fog-114,1,fog,4800.0,0.0000,0.0000,0,100.000,,0,0.9100,,0.850,0,
4748,3,105,fog-114,1,fog,4900.0,0.0000,0.0000,0,100.000,,0,0.9081,,0.850,0,
4749,3,105,fog-114,1,fog,5000.0,0.0000,0.0000,0,100.000,,0,0.9063,,0.850,0,
4750,3,106,fog-115,1,fog,0.0,0.0000,0.0000,0,100.000,,0,1.0000,,0.850,0,921.4
4751,3,106,fog-115,1,fog,100.0,0.0000,0.0000,0,100.000,,0,0.9981,,0.850,0,921.4
4752,3,106,fog-115,1,fog,200.0,0.0000,0.0000,0,100.000,,0,0.9963,,0.850,0,921.4
4753,3,106,fog-115,1,fog,300.0,0.0000,0.0000,0,100.000,,0,0.9944,,0.850,0,921.4
4754,3,106,fog-115,1,fog,400.0,0.0000,0.0000,0,100.000,,0,0.9925,,0.850,0,921.4
4755,3,106,fog-115,1,fog,500.0,0.0000,0.0000,0,100.000,,0,0.9906,,0.850,0,921.4
4756,3,106,fog-115,1,fog,600.0,0.0000,0.0000,0,100.000,,0,0.9888,,0.850,0,921.4
4757,3,106,fog-115,1,fog,700.0,0.0000,0.0000,0,100.000,,0,0.9869,,0.850,0,921.4
4758,3,106,fog-115,1,fog,800.0,0.0000,0.0000,0,100.000,,0,0.9850,,0.850,1,921.4
4759,3,106,fog-115,1,fog,900.0,0.0000,0.0000,0,100.000,,0,0.9831,,0.850,1,921.4
4760,3,107,fog-116,1,fog,0.0,0.0000,0.0000,0,100.000,,0,1.0000,,0.850,0,
4761,3,107,fog-116,1,fog,100.0,0.0000,0.0000,0,100.000,,0,0.9981,,0.850,0,
4762,3,107,fog-116,1,fog,200.0,0.0000,0.0000,0,100.000,,0,0.9963,,0.850,0,
4763,3,107,fog-116,1,fog,300.0,0.0000,0.0000,0,100.000,,0,0.9944,,0.850,0,
4764,3,107,fog-116,1,fog,400.0,0.0000,0.0000,0,100.000,,0,0.9925,,0.850,0,
4765,3,107,fog-116,1,fog,500.0,0.0000,0.0000,0,100.000,,0,0.9906,,0.850,0,
4766,3,107,fog-116,1,fog,600.0,0.0000,0.0000,0,100.000,,0,0.9888,,0.850,0,
4767,3,107,fog-116,1,fog,700.0,0.0000,0.0000,0,100.000,,0,0.9869,,0.850,0,
4768,3,107,fog-116,1,fog,800.0,0.0000,0.0000,0,100.000,,0,0.9850,,0.850,0,
4769,3,107,fog-116,1,fog,900.0,0.0000,0.0000,0,100.000,,0,0.9831,,0.850,0,
4770,3,107,fog-116,1,fog,1000.0,0.0000,0.0000,0,100.000,,0,0.9813,,0.850,0,
4771,3,107,fog-116,1,fog,1100.0,0.0000,0.0000,0,100.000,,0,0.9794,,0.850,0,
4772,3,107,fog-116,1,fog,1200.0,0.0000,0.0000,0,100.000,,0,0.9775,,0.850,0,
4773,3,107,fog-116,1,fog,1300.0,0.0000,0.0000,0,100.000,,0,0.9756,,0.850,0,
4774,3,107,fog-116,1,fog,1400.0,0.0000,0.0000,0,100.000,,0,0.9738,,0.850,0,
4775,3,107,fog-116,1,fog,1500.0,0.0000,0.0000,0,100.000,,0,0.9719,,0.850,0,
4776,3,107,fog-116,1,fog,1600.0,0.0000,0.0000,0,100.000,,0,0.9700,,0.850,0,
4777,3,107,fog-116,1,fog,1700.0,0.0000,0.0000,0,100.000,,0,0.9681,,0.850,0,
4778,3,107,fog-116,1,fog,1800.0,0.0000,0.0000,0,100.000,,0,0.9663,,0.850,0,
4779,3,107,fog-116,1,fog,1900.0,0.0000,0.0000,0,100.000,,0,0.9644,,0.850,0,
4780,3,107,fog-116,1,fog,2000.0,0.0000,0.0000,0,100.000,,0,0.9625,,0.850,0,
4781,3,107,fog-116,1,fog,2100.0,0.0000,0.0000,0,100.000,,0,0.9606,,0.850,0,
4782,3,107,fog-116,1,fog,2200.0,0.0000,0.0000,0,100.000,,0,0.9588,,0.850,0,
4783,3,107,fog-116,1,fog,2300.0,0.0000,0.0000,0,100.000,,0,0.9569,,0.850,0,
4784,3,107,fog-116,1,fog,2400.0,0.0000,0.0000,0,100.000,,0,0.9550,,0.850,0,
4785,3,107,fog-116,1,fog,2500.0,0.0000,0.0000,0,100.000,,0,0.9531,,0.850,0,
4786,3,107,fog-116,1,fog,2600.0,0.0000,0.0000,0,100.000,,0,0.9513,,0.850,0,
4787,3,107,fog-116,1,fog,2700.0,0.0000,0.0000,0,100.000,,0,0.9494,,0.850,0,
4788,3,107,fog-116,1,fog,2800.0,0.0000,0.0000,0,100.000,,0,0.9475,,0.850,0,
4789,3,107,fog-116,1,fog,2900.0,0.0000,0.0000,0,100.000,,0,0.9456,,0.850,0,
4790,3,107,fog-116,1,fog,3000.0,0.0000,0.0000,0,100.000,,0,0.9438,,0.850,0,
4791,3,107,fog-116,1,fog,3100.0,0.0000,0.0000,0,100.000,,0,0.9419,,0.850,0,
4792,3,107,fog-116,1,fog,3200.0,0.0000,0.0000,0,100.000,,0,0.9400,,0.850,0,
4793,3,107,fog-116,1,fog,3300.0,0.0000,0.0000,0,100.000,,0,0.9381,,0.850,0,
4794,3,107,fog-116,1,fog,3400.0,0.0000,0.0000,0,100.000,,0,0.9363,,0.850,0,
4795,3,107,fog-116,1,fog,3500.0,0.0000,0.0000,0,100.000,,0,0.9344,,0.850,0,
4796,3,107,fog-116,1,fog,3600.0,0.0000,0.0000,0,100.000,,0,0.9325,,0.850,0,
4797,3,107,fog-116,1,fog,3700.0,0.0000,0.0000,0,100.000,,0,0.9306,,0.850,0,
4798,3,107,fog-116,1,fog,3800.0,0.0000,0.0000,0,100.000,,0,0.9288,,0.850,0,
4799,3,107,fog-116,1,fog,3900.0,0.0000,0.0000,0,100.000,,0,0.9269,,0.850,0,
4800,3,107,fog-116,1,fog,4000.0,0.0000,0.0000,0,100.000,,0,0.9250,,0.850,0,
4801,3,107,fog-116,1,fog,4100.0,0.0000,0.0000,0,100.000,,0,0.9231,,0.850,0,
4802,3,107,fog-116,1,fog,4200.0,0.0000,0.0000,0,100.000,,0,0.9213,,0.850,0,
4803,3,107,fog-116,1,fog,4300.0,0.0000,0.0000,0,100.000,,0,0.9194,,0.850,0,
4804,3,107,fog-116,1,fog,4400.0,0.0000,0.0000,0,100.000,,0,0.9175,,0.850,0,
4805,3,107,fog-116,1,fog,4500.0,0.0000,0.0000,0,100.000,,0,0.9156,,0.850,0,
4806,3,107,fog-116,1,fog,4600.0,0.0000,0.0000,0,100.000,,0,0.9138,,0.850,0,
4807,3,107,fog-116,1,fog,4700.0,0.0000,0.0000,0,100.000,,0,0.9119,,0.850,0,
4808,3,107,fog-116,1,fog,4800.0,0.0000,0.0000,0,100.000,,0,0.9100,,0.850,0,
4809,3,107,fog-116,1,fog,4900.0,0.0000,0.0000,0,100.000,,0,0.9081,,0.850,0,
4810,3,107,fog-116,1,fog,5000.0,0.0000,0.0000,0,100.000,,0,0.9063,,0.850,0,
4811,3,108,fog-117,1,fog,0.0,0.0000,0.0000,0,100.000,,0,1.0000,,0.850,0,
4812,3,108,fog-117,1,fog,100.0,0.0000,0.0000,0,100.000,,0,0.9981,,0.850,0,
4813,3,108,fog-117,1,fog,200.0,0.0000,0.0000,0,100.000,,0,0.9963,,0.850,0,
4814,3,108,fog-117,1,fog,300.0,0.0000,0.0000,0,100.000,,0,0.9944,,0.850,0,
4815,3,108,fog-117,1,fog,400.0,0.0000,0.0000,0,100.000,,0,0.9925,,0.850,0,
4816,3,108,fog-117,1,fog,500.0,0.0000,0.0000,0,100.000,,0,0.9906,,0.850,0,
4817,3,108,fog-117,1,fog,600.0,0.0000,0.0000,0,100.000,,0,0.9888,,0.850,0,
4818,3,108,fog-117,1,fog,700.0,0.0000,0.0000,0,100.000,,0,0.9869,,0.850,0,
4819,3,108,fog-117,1,fog,800.0,0.0000,0.0000,0,100.000,,0,0.9850,,0.850,0,
4820,3,108,fog-117,1,fog,900.0,0.0000,0.0000,0,100.000,,0,0.9831,,0.850,0,
4821,3,108,fog-117,1,fog,1000.0,0.0000,0.0000,0,100.000,,0,0.9813,,0.850,0,
4822,3,108,fog-117,1,fog,1100.0,0.0000,0.0000,0,100.000,,0,0.9794,,0.850,0,
4823,3,108,fog-117,1,fog,1200.0,0.0000,0.0000,0,100.000,,0,0.9775,,0.850,0,
4824,3,108,fog-117,1,fog,1300.0,0.0000,0.0000,0,100.000,,0,0.9756,,0.850,0,
4825,3,108,fog-117,1,fog,1400.0,0.0000,0.0000,0,100.000,,0,0.9738,,0.850,0,
4826,3,108,fog-117,1,fog,1500.0,0.0000,0.0000,0,100.000,,0,0.9719,,0.850,0,
4827,3,108,fog-117,1,fog,1600.0,0.0000,0.0000,0,100.000,,0,0.9700,,0.850,0,
4828,3,108,fog-117,1,fog,1700.0,0.0000,0.0000,0,100.000,,0,0.9681,,0.850,0,
4829,3,108,fog-117,1,fog,1800.0,0.0000,0.0000,0,100.000,,0,0.9663,,0.850,0,
4830,3,108,fog-117,1,fog,1900.0,0.0000,0.0000,0,100.000,,0,0.9644,,0.850,0,
4831,3,108,fog-117,1,fog,2000.0,0.0000,0.0000,0,100.000,,0,0.9625,,0.850,0,
4832,3,108,fog-117,1,fog,2100.0,0.0000,0.0000,0,100.000,,0,0.9606,,0.850,0,
4833,3,108,fog-117,1,fog,2200.0,0.0000,0.0000,0,100.000,,0,0.9588,,0.850,0,
4834,3,108,fog-117,1,fog,2300.0,0.0000,0.0000,0,100.000,,0,0.9569,,0.850,0,
4835,3,108,fog-117,1,fog,2400.0,0.0000,0.0000,0,100.000,,0,0.9550,,0.850,0,
4836,3,108,fog-117,1,fog,2500.0,0.0000,0.0000,0,100.000,,0,0.9531,,0.850,0,
4837,3,108,fog-117,1,fog,2600.0,0.0000,0.0000,0,100.000,,0,0.9513,,0.850,0,
4838,3,108,fog-117,1,fog,2700.0,0.0000,0.0000,0,100.000,,0,0.9494,,0.850,0,
4839,3,108,fog-117,1,fog,2800.0,0.0000,0.0000,0,100.000,,0,0.9475,,0.850,0,
4840,3,108,fog-117,1,fog,2900.0,0.0000,0.0000,0,100.000,,0,0.9456,,0.850,0,
4841,3,108,fog-117,1,fog,3000.0,0.0000,0.0000,0,100.000,,0,0.9438,,0.850,0,
4842,3,108,fog-117,1,fog,3100.0,0.0000,0.0000,0,100.000,,0,0.9419,,0.850,0,
4843,3,108,fog-117,1,fog,3200.0,0.0000,0.0000,0,100.000,,0,0.9400,,0.850,0,
4844,3,108,fog-117,1,fog,3300.0,0.0000,0.0000,0,100.000,,0,0.9381,,0.850,0,
4845,3,108,fog-117,1,fog,3400.0,0.0000,0.0000,0,100.000,,0,0.9363,,0.850,0,
4846,3,108,fog-117,1,fog,3500.0,0.0000,0.0000,0,100.000,,0,0.9344,,0.850,0,
4847,3,108,fog-117,1,fog,3600.0,0.0000,0.0000,0,100.000,,0,0.9325,,0.850,0,
4848,3,108,fog-117,1,fog,3700.0,0.0000,0.0000,0,100.000,,0,0.9306,,0.850,0,
4849,3,108,fog-117,1,fog,3800.0,0.0000,0.0000,0,100.000,,0,0.9288,,0.850,0,
4850,3,108,fog-117,1,fog,3900.0,0.0000,0.0000,0,100.000,,0,0.9269,,0.850,0,
4851,3,108,fog-117,1,fog,4000.0,0.0000,0.0000,0,100.000,,0,0.9250,,0.850,0,
4852,3,108,fog-117,1,fog,4100.0,0.0000,0.0000,0,100.000,,0,0.9231,,0.850,0,
4853,3,108,fog-117,1,fog,4200.0,0.0000,0.0000,0,100.000,,0,0.9213,,0.850,0,
4854,3,108,fog-117,1,fog,4300.0,0.0000,0.0000,0,100.000,,0,0.9194,,0.850,0,
4855,3,108,fog-117,1,fog,4400.0,0.0000,0.0000,0,100.000,,0,0.9175,,0.850,0,
4856,3,108,fog-117,1,fog,4500.0,0.0000,0.0000,0,100.000,,0,0.9156,,0.850,0,
4857,3,108,fog-117,1,fog,4600.0,0.0000,0.0000,0,100.000,,0,0.9138,,0.850,0,
4858,3,108,fog-117,1,fog,4700.0,0.0000,0.0000,0,100.000,,0,0.9119,,0.850,0,
4859,3,108,fog-117,1,fog,4800.0,0.0000,0.0000,0,100.000,,0,0.9100,,0.850,0,
4860,3,108,fog-117,1,fog,4900.0,0.0000,0.0000,0,100.000,,0,0.9081,,0.850,0,
4861,3,108,fog-117,1,fog,5000.0,0.0000,0.0000,0,100.000,,0,0.9063,,0.850,0,
4862,3,109,fog-118,1,fog,0.0,0.0000,0.0000,0,100.000,,0,1.0000,,0.850,0,
4863,3,109,fog-118,1,fog,100.0,0.0000,0.0000,0,100.000,,0,0.9981,,0.850,0,
4864,3,109,fog-118,1,fog,200.0,0.0000,0.0000,0,100.000,,0,0.9963,,0.850,0,
4865,3,109,fog-118,1,fog,300.0,0.0000,0.0000,0,100.000,,0,0.9944,,0.850,0,
4866,3,109,fog-118,1,fog,400.0,0.0000,0.0000,0,100.000,,0,0.9925,,0.850,0,
4867,3,109,fog-118,1,fog,500.0,0.0000,0.0000,0,100.000,,0,0.9906,,0.850,0,
4868,3,109,fog-118,1,fog,600.0,0.0000,0.0000,0,100.000,,0,0.9888,,0.850,0,
4869,3,109,fog-118,1,fog,700.0,0.0000,0.0000,0,100.000,,0,0.9869,,0.850,0,
4870,3,109,fog-118,1,fog,800.0,0.0000,0.0000,0,100.000,,0,0.9850,,0.850,0,
4871,3,109,fog-118,1,fog,900.0,0.0000,0.0000,0,100.000,,0,0.9831,,0.850,0,
4872,3,109,fog-118,1,fog,1000.0,0.0000,0.0000,0,100.000,,0,0.9813,,0.850,0,
4873,3,109,fog-118,1,fog,1100.0,0.0000,0.0000,0,100.000,,0,0.9794,,0.850,0,
4874,3,109,fog-118,1,fog,1200.0,0.0000,0.0000,0,100.000,,0,0.9775,,0.850,0,
4875,3,109,fog-118,1,fog,1300.0,0.0000,0.0000,0,100.000,,0,0.9756,,0.850,0,
4876,3,109,fog-118,1,fog,1400.0,0.0000,0.0000,0,100.000,,0,0.9738,,0.850,0,
4877,3,109,fog-118,1,fog,1500.0,0.0000,0.0000,0,100.000,,0,0.9719,,0.850,0,
4878,3,109,fog-118,1,fog,1600.0,0.0000,0.0000,0,100.000,,0,0.9700,,0.850,0,
4879,3,109,fog-118,1,fog,1700.0,0.0000,0.0000,0,100.000,,0,0.9681,,0.850,0,
4880,3,109,fog-118,1,fog,1800.0,0.0000,0.0000,0,100.000,,0,0.9663,,0.850,0,
4881,3,109,fog-118,1,fog,1900.0,0.0000,0.0000,0,100.000,,0,0.9644,,0.850,0,
4882,3,109,fog-118,1,fog,2000.0,0.0000,0.0000,0,100.000,,0,0.9625,,0.850,0,
4883,3,109,fog-118,1,fog,2100.0,0.0000,0.0000,0,100.000,,0,0.9606,,0.850,0,
4884,3,109,fog-118,1,fog,2200.0,0.0000,0.0000,0,100.000,,0,0.9588,,0.850,0,
4885,3,109,fog-118,1,fog,2300.0,0.0000,0.0000,0,100.000,,0,0.9569,,0.850,0,
4886,3,109,fog-118,1,fog,2400.0,0.0000,0.0000,0,100.000,,0,0.9550,,0.850,0,
4887,3,109,fog-118,1,fog,2500.0,0.0000,0.0000,0,100.000,,0,0.9531,,0.850,0,
4888,3,109,fog-118,1,fog,2600.0,0.0000,0.0000,0,100.000,,0,0.9513,,0.850,0,
4889,3,109,fog-118,1,fog,2700.0,0.0000,0.0000,0,100.000,,0,0.9494,,0.850,0,
4890,3,109,fog-118,1,fog,2800.0,0.0000,0.0000,0,100.000,,0,0.9475,,0.850,0,
4891,3,109,fog-118,1,fog,2900.0,0.0000,0.0000,0,100.000,,0,0.9456,,0.850,0,
4892,3,109,fog-118,1,fog,3000.0,0.0000,0.0000,0,100.000,,0,0.9438,,0.850,0,
4893,3,109,fog-118,1,fog,3100.0,0.0000,0.0000,0,100.000,,0,0.9419,,0.850,0,
4894,3,109,fog-118,1,fog,3200.0,0.0000,0.0000,0,100.000,,0,0.9400,,0.850,0,
4895,3,109,fog-118,1,fog,3300.0,0.0000,0.0000,0,100.000,,0,0.9381,,0.850,0,
4896,3,109,fog-118,1,fog,3400.0,0.0000,0.0000,0,100.000,,0,0.9363,,0.850,0,
4897,3,109,fog-118,1,fog,3500.0,0.0000,0.0000,0,100.000,,0,0.9344,,0.850,0,
4898,3,109,fog-118,1,fog,3600.0,0.0000,0.0000,0,100.000,,0,0.9325,,0.850,0,
4899,3,109,fog-118,1,fog,3700.0,0.0000,0.0000,0,100.000,,0,0.9306,,0.850,0,
4900,3,109,fog-118,1,fog,3800.0,0.0000,0.0000,0,100.000,,0,0.9288,,0.850,0,
4901,3,109,fog-118,1,fog,3900.0,0.0000,0.0000,0,100.000,,0,0.9269,,0.850,0,
4902,3,109,fog-118,1,fog,4000.0,0.0000,0.0000,0,100.000,,0,0.9250,,0.850,0,
4903,3,109,fog-118,1,fog,4100.0,0.0000,0.0000,0,100.000,,0,0.9231,,0.850,0,
4904,3,109,fog-118,1,fog,4200.0,0.0000,0.0000,0,100.000,,0,0.9213,,0.850,0,
4905,3,109,fog-118,1,fog,4300.0,0.0000,0.0000,0,100.000,,0,0.9194,,0.850,0,
4906,3,109,fog-118,1,fog,4400.0,0.0000,0.0000,0,100.000,,0,0.9175,,0.850,0,
4907,3,109,fog-118,1,fog,4500.0,0.0000,0.0000,0,100.000,,0,0.9156,,0.850,0,
4908,3,109,fog-118,1,fog,4600.0,0.0000,0.0000,0,100.000,,0,0.9138,,0.850,0,
4909,3,109,fog-118,1,fog,4700.0,0.0000,0.0000,0,100.000,,0,0.9119,,0.850,0,
4910,3,109,fog-118,1,fog,4800.0,0.0000,0.0000,0,100.000,,0,0.9100,,0.850,0,
4911,3,109,fog-118,1,fog,4900.0,0.0000,0.0000,0,100.000,,0,0.9081,,0.850,0,
4912,3,109,fog-118,1,fog,5000.0,0.0000,0.0000,0,100.000,,0,0.9063,,0.850,0,
4913,3,110,fog-119,1,fog,0.0,0.0000,0.0000,0,100.000,,0,1.0000,,0.850,0,2349.1
4914,3,110,fog-119,1,fog,100.0,0.0000,0.0000,0,100.000,,0,0.9981,,0.850,0,2349.1
4915,3,110,fog-119,1,fog,200.0,0.0000,0.0000,0,100.000,,0,0.9963,,0.850,0,2349.1
4916,3,110,fog-119,1,fog,300.0,0.0000,0.0000,0,100.000,,0,0.9944,,0.850,0,2349.1
4917,3,110,fog-119,1,fog,400.0,0.0000,0.0000,0,100.000,,0,0.9925,,0.850,0,2349.1
4918,3,110,fog-119,1,fog,500.0,0.0000,0.0000,0,100.000,,0,0.9906,,0.850,0,2349.1
4919,3,110,fog-119,1,fog,600.0,0.0000,0.0000,0,100.000,,0,0.9888,,0.850,0,2349.1
4920,3,110,fog-119,1,fog,700.0,0.0000,0.0000,0,100.000,,0,0.9869,,0.850,0,2349.1
4921,3,110,fog-119,1,fog,800.0,0.0000,0.0000,0,100.000,,0,0.9850,,0.850,0,2349.1
4922,3,110,fog-119,1,fog,900.0,0.0000,0.0000,0,100.000,,0,0.9831,,0.850,0,2349.1
4923,3,110,fog-119,1,fog,1000.0,0.0000,0.0000,0,100.000,,0,0.9813,,0.850,0,2349.1
4924,3,110,fog-119,1,fog,1100.0,0.0000,0.0000,0,100.000,,0,0.9794,,0.850,0,2349.1
4925,3,110,fog-119,1,fog,1200.0,0.0000,0.0000,0,100.000,,0,0.9775,,0.850,0,2349.1
4926,3,110,fog-119,1,fog,1300.0,0.0000,0.0000,0,100.000,,0,0.9756,,0.850,0,2349.1
4927,3,110,fog-119,1,fog,1400.0,0.0000,0.0000,0,100.000,,0,0.9738,,0.850,0,2349.1
4928,3,110,fog-119,1,fog,1500.0,0.0000,0.0000,0,100.000,,0,0.9719,,0.850,0,2349.1
4929,3,110,fog-119,1,fog,1600.0,0.0000,0.0000,0,100.000,,0,0.9700,,0.850,0,2349.1
4930,3,110,fog-119,1,fog,1700.0,0.0000,0.0000,0,100.000,,0,0.9681,,0.850,0,2349.1
4931,3,110,fog-119,1,fog,1800.0,0.0000,0.0000,0,100.000,,0,0.9663,,0.850,0,2349.1
4932,3,110,fog-119,1,fog,1900.0,0.0000,0.0000,0,100.000,,0,0.9644,,0.850,0,2349.1
4933,3,110,fog-119,1,fog,2000.0,0.0000,0.0000,0,100.000,,0,0.9625,,0.850,0,2349.1
4934,3,110,fog-119,1,fog,2100.0,0.0000,0.0000,0,100.000,,0,0.9606,,0.850,0,2349.1
4935,3,110,fog-119,1,fog,2200.0,0.0000,0.0000,0,100.000,,0,0.9588,,0.850,1,2349.1
4936,3,110,fog-119,1,fog,2300.0,0.0000,0.0000,0,100.000,,0,0.9569,,0.850,1,2349.1
4937,3,111,fog-120,1,fog,0.0,0.0000,0.0000,0,100.000,,0,1.0000,,0.850,0,
4938,3,111,fog-120,1,fog,100.0,0.0000,0.0000,0,100.000,,0,0.9981,,0.850,0,
4939,3,111,fog-120,1,fog,200.0,0.0000,0.0000,0,100.000,,0,0.9963,,0.850,0,
4940,3,111,fog-120,1,fog,300.0,0.0000,0.0000,0,100.000,,0,0.9944,,0.850,0,
4941,3,111,fog-120,1,fog,400.0,0.0000,0.0000,0,100.000,,0,0.9925,,0.850,0,
4942,3,111,fog-120,1,fog,500.0,0.0000,0.0000,7,100.350,0.3333,0,0.9906,,0.850,0,
4943,3,111,fog-120,1,fog,600.0,0.0000,0.0000,0,100.000,,0,0.9888,,0.850,0,
4944,3,111,fog-120,1,fog,700.0,0.0000,0.0000,0,100.000,,0,0.9869,,0.850,0,
4945,3,111,fog-120,1,fog,800.0,0.0000,0.0000,8,100.400,0.3062,0,0.9850,,0.850,0,
4946,3,111,fog-120,1,fog,900.0,0.0000,0.0000,0,100.000,,0,0.9831,,0.850,0,
4947,3,111,fog-120,1,fog,1000.0,0.0000,0.0000,9,100.450,0.0000,0,0.9813,,0.850,0,
4948,3,111,fog-120,1,fog,1100.0,0.0000,0.0000,8,100.400,0.5443,0,0.9794,,0.850,0,
4949,3,111,fog-120,1,fog,1200.0,0.0000,0.0000,31,101.000,0.9874,0,0.9775,,0.850,0,
4950,3,111,fog-120,1,fog,1300.0,0.0000,0.0000,29,100.950,0.9370,0,0.9756,,0.850,0,
4951,3,111,fog-120,1,fog,1400.0,0.0000,0.0000,5,100.250,0.7286,0,0.9738,,0.850,0,
4952,3,111,fog-120,1,fog,1500.0,0.0000,0.0000,11,100.500,0.0000,0,0.9719,,0.850,0,
4953,3,111,fog-120,1,fog,1600.0,0.0000,0.0000,9,100.450,0.0000,0,0.9700,,0.850,0,
4954,3,111,fog-120,1,fog,1700.0,0.0000,0.0000,0,100.000,,0,0.9681,,0.850,0,
4955,3,111,fog-120,1,fog,1800.0,0.0000,0.0000,0,100.000,,0,0.9663,,0.850,0,
4956,3,111,fog-120,1,fog,1900.0,0.0000,0.0000,11,100.500,0.0000,0,0.9644,,0.850,0,
4957,3,111,fog-120,1,fog,2000.0,0.0000,0.0000,6,100.300,0.3333,0,0.9625,,0.850,0,
4958,3,111,fog-120,1,fog,2100.0,0.0000,0.0000,7,100.350,0.3536,0,0.9606,,0.850,0,
4959,3,111,fog-120,1,fog,2200.0,0.0000,0.0000,9,100.450,0.2940,0,0.9588,,0.850,0,
4960,3,111,fog-120,1,fog,2300.0,0.0000,0.0000,0,100.000,,0,0.9569,,0.850,0,
4961,3,111,fog-120,1,fog,2400.0,0.0000,0.0000,0,100.000,,0,0.9550,,0.850,0,
4962,3,111,fog-120,1,fog,2500.0,0.0000,0.0000,0,100.000,,0,0.9531,,0.850,0,
4963,3,111,fog-120,1,fog,2600.0,0.0000,0.0000,0,100.000,,0,0.9513,,0.850,0,
4964,3,111,fog-120,1,fog,2700.0,0.0000,0.0000,0,100.000,,0,0.9494,,0.850,0,
4965,3,111,fog-120,1,fog,2800.0,0.0000,0.0000,9,100.450,0.2940,0,0.9475,,0.850,0,
4966,3,111,fog-120,1,fog,2900.0,0.0000,0.0000,9,100.450,0.2940,0,0.9456,,0.850,0,
4967,3,111,fog-120,1,fog,3000.0,0.0000,0.0000,0,100.000,,0,0.9438,,0.850,0,
4968,3,111,fog-120,1,fog,3100.0,0.0000,0.0000,0,100.000,,0,0.9419,,0.850,0,
4969,3,111,fog-120,1,fog,3200.0,0.0000,0.0000,0,100.000,,0,0.9400,,0.850,0,
4970,3,111,fog-120,1,fog,3300.0,0.0000,0.0000,0,100.000,,0,0.9381,,0.850,0,
4971,3,111,fog-120,1,fog,3400.0,0.0000,0.0000,8,100.400,0.3514,0,0.9363,,0.850,0,
4972,3,111,fog-120,1,fog,3500.0,0.0000,0.0000,11,100.500,0.0000,0,0.9344,,0.850,0,
4973,3,111,fog-120,1,fog,3600.0,0.0000,0.0000,8,100.400,0.3514,0,0.9325,,0.850,0,
4974,3,111,fog-120,1,fog,3700.0,0.0000,0.0000,9,100.450,0.0000,0,0.9306,,0.850,0,
4975,3,111,fog-120,1,fog,3800.0,0.0000,0.0000,8,100.400,0.3514,0,0.9288,,0.850,0,
4976,3,111,fog-120,1,fog,3900.0,0.0000,0.0000,8,100.400,0.3514,0,0.9269,,0.850,0,
4977,3,111,fog-120,1,fog,4000.0,0.0000,0.0000,0,100.000,,0,0.9250,,0.850,0,
4978,3,111,fog-120,1,fog,4100.0,0.0000,0.0000,0,100.000,,0,0.9231,,0.850,0,
4979,3,111,fog-120,1,fog,4200.0,0.0000,0.0000,0,100.000,,0,0.9213,,0.850,0,
4980,3,111,fog-120,1,fog,4300.0,0.0000,0.0000,11,100.500,0.0000,0,0.9194,,0.850,0,
4981,3,111,fog-120,1,fog,4400.0,0.0000,0.0000,0,100.000,,0,0.9175,,0.850,0,
4982,3,111,fog-120,1,fog,4500.0,0.0000,0.0000,0,100.000,,0,0.9156,,0.850,0,
4983,3,111,fog-120,1,fog,4600.0,0.0000,0.0000,0,100.000,,0,0.9138,,0.850,0,
4984,3,111,fog-120,1,fog,4700.0,0.0000,0.0000,27,100.900,0.9428,0,0.9119,,0.850,0,
4985,3,111,fog-120,1,fog,4800.0,0.0000,0.0000,0,100.000,,0,0.9100,,0.850,0,
4986,3,111,fog-120,1,fog,4900.0,0.0000,0.0000,0,100.000,,0,0.9081,,0.850,0,
4987,3,111,fog-120,1,fog,5000.0,0.0000,0.0000,0,100.000,,0,0.9063,,0.850,0,
4988,3,112,fog-121,1,fog,0.0,0.0000,0.0000,0,100.000,,0,1.0000,,0.850,0,
4989,3,112,fog-121,1,fog,100.0,0.0000,0.0000,0,100.000,,0,0.9981,,0.850,0,
4990,3,112,fog-121,1,fog,200.0,0.0000,0.0000,0,100.000,,0,0.9963,,0.850,0,
4991,3,112,fog-121,1,fog,300.0,0.0000,0.0000,0,100.000,,0,0.9944,,0.850,0,
4992,3,112,fog-121,1,fog,400.0,0.0000,0.0000,0,100.000,,0,0.9925,,0.850,0,
4993,3,112,fog-121,1,fog,500.0,0.0000,0.0000,0,100.000,,0,0.9906,,0.850,0,
4994,3,112,fog-121,1,fog,600.0,0.0000,0.0000,0,100.000,,0,0.9888,,0.850,0,
4995,3,112,fog-121,1,fog,700.0,0.0000,0.0000,0,100.000,,0,0.9869,,0.850,0,
4996,3,112,fog-121,1,fog,800.0,0.0000,0.0000,0,100.000,,0,0.9850,,0.850,0,
4997,3,112,fog-121,1,fog,900.0,0.0000,0.0000,0,100.000,,0,0.9831,,0.850,0,
4998,3,112,fog-121,1,fog,1000.0,0.0000,0.0000,0,100.000,,0,0.9813,,0.850,0,
4999,3,112,fog-121,1,fog,1100.0,0.0000,0.0000,0,100.000,,0,0.9794,,0.850,0,
5000,3,112,fog-121,1,fog,1200.0,0.0000,0.0000,0,100.000,,0,0.9775,,0.850,0,
5001,3,112,fog-121,1,fog,1300.0,0.0000,0.0000,0,100.000,,0,0.9756,,0.850,0,
5002,3,112,fog-121,1,fog,1400.0,0.0000,0.0000,0,100.000,,0,0.9738,,0.850,0,
5003,3,112,fog-121,1,fog,1500.0,0.0000,0.0000,0,100.000,,0,0.9719,,0.850,0,
5004,3,112,fog-121,1,fog,1600.0,0.0000,0.0000,0,100.000,,0,0.9700,,0.850,0,
5005,3,112,fog-121,1,fog,1700.0,0.0000,0.0000,0,100.000,,0,0.9681,,0.850,0,
5006,3,112,fog-121,1,fog,1800.0,0.0000,0.0000,0,100.000,,0,0.9663,,0.850,0,
5007,3,112,fog-121,1,fog,1900.0,0.0000,0.0000,0,100.000,,0,0.9644,,0.850,0,
5008,3,112,fog-121,1,fog,2000.0,0.0000,0.0000,0,100.000,,0,0.9625,,0.850,0,
5009,3,112,fog-121,1,fog,2100.0,0.0000,0.0000,0,100.000,,0,0.9606,,0.850,0,
5010,3,112,fog-121,1,fog,2200.0,0.0000,0.0000,0,100.000,,0,0.9588,,0.850,0,
5011,3,112,fog-121,1,fog,2300.0,0.0000,0.0000,0,100.000,,0,0.9569,,0.850,0,
5012,3,112,fog-121,1,fog,2400.0,0.0000,0.0000,0,100.000,,0,0.9550,,0.850,0,
5013,3,112,fog-121,1,fog,2500.0,0.0000,0.0000,0,100.000,,0,0.9531,,0.850,0,
5014,3,112,fog-121,1,fog,2600.0,0.0000,0.0000,0,100.000,,0,0.9513,,0.850,0,
5015,3,112,fog-121,1,fog,2700.0,0.0000,0.0000,0,100.000,,0,0.9494,,0.850,0,
5016,3,112,fog-121,1,fog,2800.0,0.0000,0.0000,0,100.000,,0,0.9475,,0.850,0,
5017,3,112,fog-121,1,fog,2900.0,0.0000,0.0000,0,100.000,,0,0.9456,,0.850,0,
5018,3,112,fog-121,1,fog,3000.0,0.0000,0.0000,0,100.000,,0,0.9438,,0.850,0,
5019,3,112,fog-121,1,fog,3100.0,0.0000,0.0000,0,100.000,,0,0.9419,,0.850,0,
5020,3,112,fog-121,1,fog,3200.0,0.0000,0.0000,0,100.000,,0,0.9400,,0.850,0,
5021,3,112,fog-121,1,fog,3300.0,0.0000,0.0000,0,100.000,,0,0.9381,,0.850,0,
5022,3,112,fog-121,1,fog,3400.0,0.0000,0.0000,0,100.000,,0,0.9363,,0.850,0,
5023,3,112,fog-121,1,fog,3500.0,0.0000,0.0000,0,100.000,,0,0.9344,,0.850,0,
5024,3,112,fog-121,1,fog,3600.0,0.0000,0.0000,0,100.000,,0,0.9325,,0.850,0,
5025,3,112,fog-121,1,fog,3700.0,0.0000,0.0000,0,100.000,,0,0.9306,,0.850,0,
5026,3,112,fog-121,1,fog,3800.0,0.0000,0.0000,0,100.000,,0,0.9288,,0.850,0,
5027,3,112,fog-121,1,fog,3900.0,0.0000,0.0000,0,100.000,,0,0.9269,,0.850,0,
5028,3,112,fog-121,1,fog,4000.0,0.0000,0.0000,0,100.000,,0,0.9250,,0.850,0,
5029,3,112,fog-121,1,fog,4100.0,0.0000,0.0000,0,100.000,,0,0.9231,,0.850,0,
5030,3,112,fog-121,1,fog,4200.0,0.0000,0.0000,0,100.000,,0,0.9213,,0.850,0,
5031,3,112,fog-121,1,fog,4300.0,0.0000,0.0000,0,100.000,,0,0.9194,,0.850,0,
5032,3,112,fog-121,1,fog,4400.0,0.0000,0.0000,0,100.000,,0,0.9175,,0.850,0,
5033,3,112,fog-121,1,fog,4500.0,0.0000,0.0000,0,100.000,,0,0.9156,,0.850,0,
5034,3,112,fog-121,1,fog,4600.0,0.0000,0.0000,0,100.000,,0,0.9138,,0.850,0,
5035,3,112,fog-121,1,fog,4700.0,0.0000,0.0000,0,100.000,,0,0.9119,,0.850,0,
5036,3,112,fog-121,1,fog,4800.0,0.0000,0.0000,0,100.000,,0,0.9100,,0.850,0,
5037,3,112,fog-121,1,fog,4900.0,0.0000,0.0000,0,100.000,,0,0.9081,,0.850,0,
5038,3,112,fog-121,1,fog,5000.0,0.0000,0.0000,0,100.000,,0,0.9063,,0.850,0,
5039,3,113,fog-122,1,fog,0.0,0.0000,0.0000,0,100.000,,0,1.0000,,0.850,0,
5040,3,113,fog-122,1,fog,100.0,0.0000,0.0000,0,100.000,,0,0.9981,,0.850,0,
5041,3,113,fog-122,1,fog,200.0,0.0000,0.0000,0,100.000,,0,0.9963,,0.850,0,
5042,3,113,fog-122,1,fog,300.0,0.0000,0.0000,0,100.000,,0,0.9944,,0.850,0,
5043,3,113,fog-122,1,fog,400.0,0.0000,0.0000,0,100.000,,0,0.9925,,0.850,0,
5044,3,113,fog-122,1,fog,500.0,0.0000,0.0000,0,100.000,,0,0.9906,,0.850,0,
5045,3,113,fog-122,1,fog,600.0,0.0000,0.0000,0,100.000,,0,0.9888,,0.850,0,
5046,3,113,fog-122,1,fog,700.0,0.0000,0.0000,0,100.000,,0,0.9869,,0.850,0,
5047,3,113,fog-122,1,fog,800.0,0.0000,0.0000,0,100.000,,0,0.9850,,0.850,0,
5048,3,113,fog-122,1,fog,900.0,0.0000,0.0000,0,100.000,,0,0.9831,,0.850,0,
5049,3,113,fog-122,1,fog,1000.0,0.0000,0.0000,0,100.000,,0,0.9813,,0.850,0,
5050,3,113,fog-122,1,fog,1100.0,0.0000,0.0000,0,100.000,,0,0.9794,,0.850,0,
5051,3,113,fog-122,1,fog,1200.0,0.0000,0.0000,0,100.000,,0,0.9775,,0.850,0,
5052,3,113,fog-122,1,fog,1300.0,0.0000,0.0000,0,100.000,,0,0.9756,,0.850,0,
5053,3,113,fog-122,1,fog,1400.0,0.0000,0.0000,0,100.000,,0,0.9738,,0.850,0,
5054,3,113,fog-122,1,fog,1500.0,0.0000,0.0000,0,100.000,,0,0.9719,,0.850,0,
5055,3,113,fog-122,1,fog,1600.0,0.0000,0.0000,0,100.000,,0,0.9700,,0.850,0,
5056,3,113,fog-122,1,fog,1700.0,0.0000,0.0000,0,100.000,,0,0.9681,,0.850,0,
5057,3,113,fog-122,1,fog,1800.0,0.0000,0.0000,0,100.000,,0,0.9663,,0.850,0,
5058,3,113,fog-122,1,fog,1900.0,0.0000,0.0000,0,100.000,,0,0.9644,,0.850,0,
5059,3,113,fog-122,1,fog,2000.0,0.0000,0.0000,0,100.000,,0,0.9625,,0.850,0,
5060,3,113,fog-122,1,fog,2100.0,0.0000,0.0000,0,100.000,,0,0.9606,,0.850,0,
5061,3,113,fog-122,1,fog,2200.0,0.0000,0.0000,0,100.000,,0,0.9588,,0.850,0,
5062,3,113,fog-122,1,fog,2300.0,0.0000,0.0000,0,100.000,,0,0.9569,,0.850,0,
5063,3,113,fog-122,1,fog,2400.0,0.0000,0.0000,0,100.000,,0,0.9550,,0.850,0,
5064,3,113,fog-122,1,fog,2500.0,0.0000,0.0000,0,100.000,,0,0.9531,,0.850,0,
5065,3,113,fog-122,1,fog,2600.0,0.0000,0.0000,0,100.000,,0,0.9513,,0.850,0,
5066,3,113,fog-122,1,fog,2700.0,0.0000,0.0000,0,100.000,,0,0.9494,,0.850,0,
5067,3,113,fog-122,1,fog,2800.0,0.0000,0.0000,0,100.000,,0,0.9475,,0.850,0,
5068,3,113,fog-122,1,fog,2900.0,0.0000,0.0000,0,100.000,,0,0.9456,,0.850,0,
5069,3,113,fog-122,1,fog,3000.0,0.0000,0.0000,0,100.000,,0,0.9438,,0.850,0,
5070,3,113,fog-122,1,fog,3100.0,0.0000,0.0000,0,100.000,,0,0.9419,,0.850,0,
5071,3,113,fog-122,1,fog,3200.0,0.0000,0.0000,0,100.000,,0,0.9400,,0.850,0,
5072,3,113,fog-122,1,fog,3300.0,0.0000,0.0000,0,100.000,,0,0.9381,,0.850,0,
5073,3,113,fog-122,1,fog,3400.0,0.0000,0.0000,0,100.000,,0,0.9363,,0.850,0,
5074,3,113,fog-122,1,fog,3500.0,0.0000,0.0000,0,100.000,,0,0.9344,,0.850,0,
5075,3,113,fog-122,1,fog,3600.0,0.0000,0.0000,0,100.000,,0,0.9325,,0.850,0,
5076,3,113,fog-122,1,fog,3700.0,0.0000,0.0000,0,100.000,,0,0.9306,,0.850,0,
5077,3,113,fog-122,1,fog,3800.0,0.0000,0.0000,0,100.000,,0,0.9288,,0.850,0,
5078,3,113,fog-122,1,fog,3900.0,0.0000,0.0000,0,100.000,,0,0.9269,,0.850,0,
5079,3,113,fog-122,1,fog,4000.0,0.0000,0.0000,0,100.000,,0,0.9250,,0.850,0,
5080,3,113,fog-122,1,fog,4100.0,0.0000,0.0000,0,100.000,,0,0.9231,,0.850,0,
5081,3,113,fog-122,1,fog,4200.0,0.0000,0.0000,0,100.000,,0,0.9213,,0.850,0,
5082,3,113,fog-122,1,fog,4300.0,0.0000,0.0000,0,100.000,,0,0.9194,,0.850,0,
5083,3,113,fog-122,1,fog,4400.0,0.0000,0.0000,0,100.000,,0,0.9175,,0.850,0,
5084,3,113,fog-122,1,fog,4500.0,0.0000,0.0000,0,100.000,,0,0.9156,,0.850,0,
5085,3,113,fog-122,1,fog,4600.0,0.0000,0.0000,0,100.000,,0,0.9138,,0.850,0,
5086,3,113,fog-122,1,fog,4700.0,0.0000,0.0000,0,100.000,,0,0.9119,,0.850,0,
5087,3,113,fog-122,1,fog,4800.0,0.0000,0.0000,0,100.000,,0,0.9100,,0.850,0,
5088,3,113,fog-122,1,fog,4900.0,0.0000,0.0000,0,100.000,,0,0.9081,,0.850,0,
5089,3,113,fog-122,1,fog,5000.0,0.0000,0.0000,0,100.000,,0,0.9063,,0.850,0,
5090,3,114,fog-123,1,fog,0.0,0.0000,0.0000,0,100.000,,0,1.0000,,0.850,0,
5091,3,114,fog-123,1,fog,100.0,0.0000,0.0000,0,100.000,,0,0.9981,,0.850,0,
5092,3,114,fog-123,1,fog,200.0,0.0000,0.0000,11,100.500,0.0000,0,0.9963,,0.850,0,
5093,3,114,fog-123,1,fog,300.0,0.0000,0.0000,0,100.000,,0,0.9944,,0.850,0,
5094,3,114,fog-123,1,fog,400.0,0.0000,0.0000,0,100.000,,0,0.9925,,0.850,0,
5095,3,114,fog-123,1,fog,500.0,0.0000,0.0000,0,100.000,,0,0.9906,,0.850,0,
5096,3,114,fog-123,1,fog,600.0,0.0000,0.0000,0,100.000,,0,0.9888,,0.850,0,
5097,3,114,fog-123,1,fog,700.0,0.0000,0.0000,0,100.000,,0,0.9869,,0.850,0,
5098,3,114,fog-123,1,fog,800.0,0.0000,0.0000,0,100.000,,0,0.9850,,0.850,0,
5099,3,114,fog-123,1,fog,900.0,0.0000,0.0000,0,100.000,,0,0.9831,,0.850,0,
5100,3,114,fog-123,1,fog,1000.0,0.0000,0.0000,0,100.000,,0,0.9813,,0.850,0,
5101,3,114,fog-123,1,fog,1100.0,0.0000,0.0000,0,100.000,,0,0.9794,,0.850,0,
5102,3,114,fog-123,1,fog,1200.0,0.0000,0.0000,11,100.500,0.0000,0,0.9775,,0.850,0,
5103,3,114,fog-123,1,fog,1300.0,0.0000,0.0000,0,100.000,,0,0.9756,,0.850,0,
5104,3,114,fog-123,1,fog,1400.0,0.0000,0.0000,0,100.000,,0,0.9738,,0.850,0,
5105,3,114,fog-123,1,fog,1500.0,0.0000,0.0000,0,100.000,,0,0.9719,,0.850,0,
5106,3,114,fog-123,1,fog,1600.0,0.0000,0.0000,0,100.000,,0,0.9700,,0.850,0,
5107,3,114,fog-123,1,fog,1700.0,0.0000,0.0000,0,100.000,,0,0.9681,,0.850,0,
5108,3,114,fog-123,1,fog,1800.0,0.0000,0.0000,9,100.450,0.2940,0,0.9663,,0.850,0,
5109,3,114,fog-123,1,fog,1900.0,0.0000,0.0000,0,100.000,,0,0.9644,,0.850,0,
5110,3,114,fog-123,1,fog,2000.0,0.0000,0.0000,0,100.000,,0,0.9625,,0.850,0,
5111,3,114,fog-123,1,fog,2100.0,0.0000,0.0000,11,100.500,0.0000,0,0.9606,,0.850,0,
5112,3,114,fog-123,1,fog,2200.0,0.0000,0.0000,0,100.000,,0,0.9588,,0.850,0,
5113,3,114,fog-123,1,fog,2300.0,0.0000,0.0000,0,100.000,,0,0.9569,,0.850,0,
5114,3,114,fog-123,1,fog,2400.0,0.0000,0.0000,0,100.000,,0,0.9550,,0.850,0,
5115,3,114,fog-123,1,fog,2500.0,0.0000,0.0000,0,100.000,,0,0.9531,,0.850,0,
5116,3,114,fog-123,1,fog,2600.0,0.0000,0.0000,0,100.000,,0,0.9513,,0.850,0,
5117,3,114,fog-123,1,fog,2700.0,0.0000,0.0000,0,100.000,,0,0.9494,,0.850,0,
5118,3,114,fog-123,1,fog,2800.0,0.0000,0.0000,0,100.000,,0,0.9475,,0.850,0,
5119,3,114,fog-123,1,fog,2900.0,0.0000,0.0000,9,100.450,0.2940,0,0.9456,,0.850,0,
5120,3,114,fog-123,1,fog,3000.0,0.0000,0.0000,0,100.000,,0,0.9438,,0.850,0,
5121,3,114,fog-123,1,fog,3100.0,0.0000,0.0000,0,100.000,,0,0.9419,,0.850,0,
5122,3,114,fog-123,1,fog,3200.0,0.0000,0.0000,0,100.000,,0,0.9400,,0.850,0,
5123,3,114,fog-123,1,fog,3300.0,0.0000,0.0000,0,100.000,,0,0.9381,,0.850,0,
5124,3,114,fog-123,1,fog,3400.0,0.0000,0.0000,0,100.000,,0,0.9363,,0.850,0,
5125,3,114,fog-123,1,fog,3500.0,0.0000,0.0000,0,100.000,,0,0.9344,,0.850,0,
5126,3,114,fog-123,1,fog,3600.0,0.0000,0.0000,7,100.350,0.5590,0,0.9325,,0.850,0,
5127,3,114,fog-123,1,fog,3700.0,0.0000,0.0000,0,100.000,,0,0.9306,,0.850,0,
5128,3,114,fog-123,1,fog,3800.0,0.0000,0.0000,0,100.000,,0,0.9288,,0.850,0,
5129,3,114,fog-123,1,fog,3900.0,0.0000,0.0000,0,100.000,,0,0.9269,,0.850,0,
5130,3,114,fog-123,1,fog,4000.0,0.0000,0.0000,0,100.000,,0,0.9250,,0.850,0,
5131,3,114,fog-123,1,fog,4100.0,0.0000,0.0000,0,100.000,,0,0.9231,,0.850,0,
5132,3,114,fog-123,1,fog,4200.0,0.0000,0.0000,0,100.000,,0,0.9213,,0.850,0,
5133,3,114,fog-123,1,fog,4300.0,0.0000,0.0000,0,100.000,,0,0.9194,,0.850,0,
5134,3,114,fog-123,1,fog,4400.0,0.0000,0.0000,0,100.000,,0,0.9175,,0.850,0,
5135,3,114,fog-123,1,fog,4500.0,0.0000,0.0000,9,100.450,0.2940,0,0.9156,,0.850,0,
5136,3,114,fog-123,1,fog,4600.0,0.0000,0.0000,0,100.000,,0,0.9138,,0.850,0,
5137,3,114,fog-123,1,fog,4700.0,0.0000,0.0000,0,100.000,,0,0.9119,,0.850,0,
5138,3,114,fog-123,1,fog,4800.0,0.0000,0.0000,0,100.000,,0,0.9100,,0.850,0,
5139,3,114,fog-123,1,fog,4900.0,0.0000,0.0000,11,100.500,0.0000,0,0.9081,,0.850,0,
5140,3,114,fog-123,1,fog,5000.0,0.0000,0.0000,0,100.000,,0,0.9063,,0.850,0,
5141,3,115,fog-124,1,fog,0.0,0.0000,0.0000,0,100.000,,0,1.0000,,0.850,0,
5142,3,115,fog-124,1,fog,100.0,0.0000,0.0000,0,100.000,,0,0.9981,,0.850,0,
5143,3,115,fog-124,1,fog,200.0,0.0000,0.0000,0,100.000,,0,0.9963,,0.850,0,
5144,3,115,fog-124,1,fog,300.0,0.0000,0.0000,0,100.000,,0,0.9944,,0.850,0,
5145,3,115,fog-124,1,fog,400.0,0.0000,0.0000,0,100.000,,0,0.9925,,0.850,0,
5146,3,115,fog-124,1,fog,500.0,0.0000,0.0000,0,100.000,,0,0.9906,,0.850,0,
5147,3,115,fog-124,1,fog,600.0,0.0000,0.0000,0,100.000,,0,0.9888,,0.850,0,
5148,3,115,fog-124,1,fog,700.0,0.0000,0.0000,0,100.000,,0,0.9869,,0.850,0,
5149,3,115,fog-124,1,fog,800.0,0.0000,0.0000,0,100.000,,0,0.9850,,0.850,0,
5150,3,115,fog-124,1,fog,900.0,0.0000,0.0000,0,100.000,,0,0.9831,,0.850,0,
5151,3,115,fog-124,1,fog,1000.0,0.0000,0.0000,0,100.000,,0,0.9813,,0.850,0,
5152,3,115,fog-124,1,fog,1100.0,0.0000,0.0000,0,100.000,,0,0.9794,,0.850,0,
5153,3,115,fog-124,1,fog,1200.0,0.0000,0.0000,0,100.000,,0,0.9775,,0.850,0,
5154,3,115,fog-124,1,fog,1300.0,0.0000,0.0000,0,100.000,,0,0.9756,,0.850,0,
5155,3,115,fog-124,1,fog,1400.0,0.0000,0.0000,0,100.000,,0,0.9738,,0.850,0,
5156,3,115,fog-124,1,fog,1500.0,0.0000,0.0000,0,100.000,,0,0.9719,,0.850,0,
5157,3,115,fog-124,1,fog,1600.0,0.0000,0.0000,0,100.000,,0,0.9700,,0.850,0,
5158,3,115,fog-124,1,fog,1700.0,0.0000,0.0000,0,100.000,,0,0.9681,,0.850,0,
5159,3,115,fog-124,1,fog,1800.0,0.0000,0.0000,0,100.000,,0,0.9663,,0.850,0,
5160,3,115,fog-124,1,fog,1900.0,0.0000,0.0000,0,100.000,,0,0.9644,,0.850,0,
5161,3,115,fog-124,1,fog,2000.0,0.0000,0.0000,0,100.000,,0,0.9625,,0.850,0,
5162,3,115,fog-124,1,fog,2100.0,0.0000,0.0000,0,100.000,,0,0.9606,,0.850,0,
5163,3,115,fog-124,1,fog,2200.0,0.0000,0.0000,0,100.000,,0,0.9588,,0.850,0,
5164,3,115,fog-124,1,fog,2300.0,0.0000,0.0000,0,100.000,,0,0.9569,,0.850,0,
5165,3,115,fog-124,1,fog,2400.0,0.0000,0.0000,0,100.000,,0,0.9550,,0.850,0,
5166,3,115,fog-124,1,fog,2500.0,0.0000,0.0000,0,100.000,,0,0.9531,,0.850,0,
5167,3,115,fog-124,1,fog,2600.0,0.0000,0.0000,0,100.000,,0,0.9513,,0.850,0,
5168,3,115,fog-124,1,fog,2700.0,0.0000,0.0000,0,100.000,,0,0.9494,,0.850,0,
5169,3,115,fog-124,1,fog,2800.0,0.0000,0.0000,0,100.000,,0,0.9475,,0.850,0,
5170,3,115,fog-124,1,fog,2900.0,0.0000,0.0000,0,100.000,,0,0.9456,,0.850,0,
5171,3,115,fog-124,1,fog,3000.0,0.0000,0.0000,0,100.000,,0,0.9438,,0.850,0,
5172,3,115,fog-124,1,fog,3100.0,0.0000,0.0000,0,100.000,,0,0.9419,,0.850,0,
5173,3,115,fog-124,1,fog,3200.0,0.0000,0.0000,0,100.000,,0,0.9400,,0.850,0,
5174,3,115,fog-124,1,fog,3300.0,0.0000,0.0000,0,100.000,,0,0.9381,,0.850,0,
5175,3,115,fog-124,1,fog,3400.0,0.0000,0.0000,0,100.000,,0,0.9363,,0.850,0,
5176,3,115,fog-124,1,fog,3500.0,0.0000,0.0000,0,100.000,,0,0.9344,,0.850,0,
5177,3,115,fog-124,1,fog,3600.0,0.0000,0.0000,0,100.000,,0,0.9325,,0.850,0,
5178,3,115,fog-124,1,fog,3700.0,0.0000,0.0000,0,100.000,,0,0.9306,,0.850,0,
5179,3,115,fog-124,1,fog,3800.0,0.0000,0.0000,0,100.000,,0,0.9288,,0.850,0,
5180,3,115,fog-124,1,fog,3900.0,0.0000,0.0000,0,100.000,,0,0.9269,,0.850,0,
5181,3,115,fog-124,1,fog,4000.0,0.0000,0.0000,0,100.000,,0,0.9250,,0.850,0,
5182,3,115,fog-124,1,fog,4100.0,0.0000,0.0000,0,100.000,,0,0.9231,,0.850,0,
5183,3,115,fog-124,1,fog,4200.0,0.0000,0.0000,0,100.000,,0,0.9213,,0.850,0,
5184,3,115,fog-124,1,fog,4300.0,0.0000,0.0000,0,100.000,,0,0.9194,,0.850,0,
5185,3,115,fog-124,1,fog,4400.0,0.0000,0.0000,0,100.000,,0,0.9175,,0.850,0,
5186,3,115,fog-124,1,fog,4500.0,0.0000,0.0000,0,100.000,,0,0.9156,,0.850,0,
5187,3,115,fog-124,1,fog,4600.0,0.0000,0.0000,0,100.000,,0,0.9138,,0.850,0,
5188,3,115,fog-124,1,fog,4700.0,0.0000,0.0000,0,100.000,,0,0.9119,,0.850,0,
5189,3,115,fog-124,1,fog,4800.0,0.0000,0.0000,0,100.000,,0,0.9100,,0.850,0,
5190,3,115,fog-124,1,fog,4900.0,0.0000,0.0000,0,100.000,,0,0.9081,,0.850,0,
5191,3,115,fog-124,1,fog,5000.0,0.0000,0.0000,0,100.000,,0,0.9063,,0.850,0,
5192,3,116,fog-125,1,fog,0.0,0.0000,0.0000,0,100.000,,0,1.0000,,0.850,0,
5193,3,116,fog-125,1,fog,100.0,0.0000,0.0000,0,100.000,,0,0.9981,,0.850,0,
5194,3,116,fog-125,1,fog,200.0,0.0000,0.0000,0,100.000,,0,0.9963,,0.850,0,
5195,3,116,fog-125,1,fog,300.0,0.0000,0.0000,0,100.000,,0,0.9944,,0.850,0,
5196,3,116,fog-125,1,fog,400.0,0.0000,0.0000,0,100.000,,0,0.9925,,0.850,0,
5197,3,116,fog-125,1,fog,500.0,0.0000,0.0000,0,100.000,,0,0.9906,,0.850,0,
5198,3,116,fog-125,1,fog,600.0,0.0000,0.0000,0,100.000,,0,0.9888,,0.850,0,
5199,3,116,fog-125,1,fog,700.0,0.0000,0.0000,0,100.000,,0,0.9869,,0.850,0,
5200,3,116,fog-125,1,fog,800.0,0.0000,0.0000,0,100.000,,0,0.9850,,0.850,0,
5201,3,116,fog-125,1,fog,900.0,0.0000,0.0000,0,100.000,,0,0.9831,,0.850,0,
5202,3,116,fog-125,1,fog,1000.0,0.0000,0.0000,0,100.000,,0,0.9813,,0.850,0,
5203,3,116,fog-125,1,fog,1100.0,0.0000,0.0000,0,100.000,,0,0.9794,,0.850,0,
5204,3,116,fog-125,1,fog,1200.0,0.0000,0.0000,0,100.000,,0,0.9775,,0.850,0,
5205,3,116,fog-125,1,fog,1300.0,0.0000,0.0000,0,100.000,,0,0.9756,,0.850,0,
5206,3,116,fog-125,1,fog,1400.0,0.0000,0.0000,0,100.000,,0,0.9738,,0.850,0,
5207,3,116,fog-125,1,fog,1500.0,0.0000,0.0000,0,100.000,,0,0.9719,,0.850,0,
5208,3,116,fog-125,1,fog,1600.0,0.0000,0.0000,0,100.000,,0,0.9700,,0.850,0,
5209,3,116,fog-125,1,fog,1700.0,0.0000,0.0000,0,100.000,,0,0.9681,,0.850,0,
5210,3,116,fog-125,1,fog,1800.0,0.0000,0.0000,0,100.000,,0,0.9663,,0.850,0,
5211,3,116,fog-125,1,fog,1900.0,0.0000,0.0000,0,100.000,,0,0.9644,,0.850,0,
5212,3,116,fog-125,1,fog,2000.0,0.0000,0.0000,0,100.000,,0,0.9625,,0.850,0,
5213,3,116,fog-125,1,fog,2100.0,0.0000,0.0000,0,100.000,,0,0.9606,,0.850,0,
5214,3,116,fog-125,1,fog,2200.0,0.0000,0.0000,0,100.000,,0,0.9588,,0.850,0,
5215,3,116,fog-125,1,fog,2300.0,0.0000,0.0000,0,100.000,,0,0.9569,,0.850,0,
5216,3,116,fog-125,1,fog,2400.0,0.0000,0.0000,0,100.000,,0,0.9550,,0.850,0,
5217,3,116,fog-125,1,fog,2500.0,0.0000,0.0000,0,100.000,,0,0.9531,,0.850,0,
5218,3,116,fog-125,1,fog,2600.0,0.0000,0.0000,0,100.000,,0,0.9513,,0.850,0,
5219,3,116,fog-125,1,fog,2700.0,0.0000,0.0000,0,100.000,,0,0.9494,,0.850,0,
5220,3,116,fog-125,1,fog,2800.0,0.0000,0.0000,0,100.000,,0,0.9475,,0.850,0,
5221,3,116,fog-125,1,fog,2900.0,0.0000,0.0000,0,100.000,,0,0.9456,,0.850,0,
5222,3,116,fog-125,1,fog,3000.0,0.0000,0.0000,0,100.000,,0,0.9438,,0.850,0,
5223,3,116,fog-125,1,fog,3100.0,0.0000,0.0000,0,100.000,,0,0.9419,,0.850,0,
5224,3,116,fog-125,1,fog,3200.0,0.0000,0.0000,0,100.000,,0,0.9400,,0.850,0,
5225,3,116,fog-125,1,fog,3300.0,0.0000,0.0000,0,100.000,,0,0.9381,,0.850,0,
5226,3,116,fog-125,1,fog,3400.0,0.0000,0.0000,0,100.000,,0,0.9363,,0.850,0,
5227,3,116,fog-125,1,fog,3500.0,0.0000,0.0000,0,100.000,,0,0.9344,,0.850,0,
5228,3,116,fog-125,1,fog,3600.0,0.0000,0.0000,0,100.000,,0,0.9325,,0.850,0,
5229,3,116,fog-125,1,fog,3700.0,0.0000,0.0000,0,100.000,,0,0.9306,,0.850,0,
5230,3,116,fog-125,1,fog,3800.0,0.0000,0.0000,0,100.000,,0,0.9288,,0.850,0,
5231,3,116,fog-125,1,fog,3900.0,0.0000,0.0000,0,100.000,,0,0.9269,,0.850,0,
5232,3,116,fog-125,1,fog,4000.0,0.0000,0.0000,0,100.000,,0,0.9250,,0.850,0,
5233,3,116,fog-125,1,fog,4100.0,0.0000,0.0000,0,100.000,,0,0.9231,,0.850,0,
5234,3,116,fog-125,1,fog,4200.0,0.0000,0.0000,0,100.000,,0,0.9213,,0.850,0,
5235,3,116,fog-125,1,fog,4300.0,0.0000,0.0000,0,100.000,,0,0.9194,,0.850,0,
5236,3,116,fog-125,1,fog,4400.0,0.0000,0.0000,0,100.000,,0,0.9175,,0.850,0,
5237,3,116,fog-125,1,fog,4500.0,0.0000,0.0000,0,100.000,,0,0.9156,,0.850,0,
5238,3,116,fog-125,1,fog,4600.0,0.0000,0.0000,0,100.000,,0,0.9138,,0.850,0,
5239,3,116,fog-125,1,fog,4700.0,0.0000,0.0000,0,100.000,,0,0.9119,,0.850,0,
5240,3,116,fog-125,1,fog,4800.0,0.0000,0.0000,0,100.000,,0,0.9100,,0.850,0,
5241,3,116,fog-125,1,fog,4900.0,0.0000,0.0000,0,100.000,,0,0.9081,,0.850,0,
5242,3,116,fog-125,1,fog,5000.0,0.0000,0.0000,0,100.000,,0,0.9063,,0.850,0,
5243,3,117,fog-126,1,fog,0.0,0.0000,0.0000,0,100.000,,0,1.0000,,0.850,0,1784.6
5244,3,117,fog-126,1,fog,100.0,0.0000,0.0000,0,100.000,,0,0.9981,,0.850,0,1784.6
5245,3,117,fog-126,1,fog,200.0,0.0000,0.0000,0,100.000,,0,0.9963,,0.850,0,1784.6
5246,3,117,fog-126,1,fog,300.0,0.0000,0.0000,0,100.000,,0,0.9944,,0.850,0,1784.6
5247,3,117,fog-126,1,fog,400.0,0.0000,0.0000,0,100.000,,0,0.9925,,0.850,0,1784.6
5248,3,117,fog-126,1,fog,500.0,0.0000,0.0000,0,100.000,,0,0.9906,,0.850,0,1784.6
5249,3,117,fog-126,1,fog,600.0,0.0000,0.0000,0,100.000,,0,0.9888,,0.850,0,1784.6
5250,3,117,fog-126,1,fog,700.0,0.0000,0.0000,0,100.000,,0,0.9869,,0.850,0,1784.6
5251,3,117,fog-126,1,fog,800.0,0.0000,0.0000,0,100.000,,0,0.9850,,0.850,0,1784.6
5252,3,117,fog-126,1,fog,900.0,0.0000,0.0000,0,100.000,,0,0.9831,,0.850,0,1784.6
5253,3,117,fog-126,1,fog,1000.0,0.0000,0.0000,0,100.000,,0,0.9813,,0.850,0,1784.6
5254,3,117,fog-126,1,fog,1100.0,0.0000,0.0000,0,100.000,,0,0.9794,,0.850,0,1784.6
5255,3,117,fog-126,1,fog,1200.0,0.0000,0.0000,0,100.000,,0,0.9775,,0.850,0,1784.6
5256,3,117,fog-126,1,fog,1300.0,0.0000,0.0000,0,100.000,,0,0.9756,,0.850,0,1784.6
5257,3,117,fog-126,1,fog,1400.0,0.0000,0.0000,0,100.000,,0,0.9738,,0.850,0,1784.6
5258,3,117,fog-126,1,fog,1500.0,0.0000,0.0000,0,100.000,,0,0.9719,,0.850,0,1784.6
5259,3,117,fog-126,1,fog,1600.0,0.0000,0.0000,0,100.000,,0,0.9700,,0.850,1,1784.6
5260,3,117,fog-126,1,fog,1700.0,0.0000,0.0000,0,100.000,,0,0.9681,,0.850,1,1784.6
5261,3,118,fog-127,1,fog,0.0,0.0000,0.0000,0,100.000,,0,1.0000,,0.850,0,
5262,3,118,fog-127,1,fog,100.0,0.0000,0.0000,0,100.000,,0,0.9981,,0.850,0,
5263,3,118,fog-127,1,fog,200.0,0.0000,0.0000,8,100.400,0.3514,0,0.9963,,0.850,0,
5264,3,118,fog-127,1,fog,300.0,0.0000,0.0000,0,100.000,,0,0.9944,,0.850,0,
5265,3,118,fog-127,1,fog,400.0,0.0000,0.0000,9,100.450,0.2940,0,0.9925,,0.850,0,
5266,3,118,fog-127,1,fog,500.0,0.0000,0.0000,29,100.950,0.9690,0,0.9906,,0.850,0,
5267,3,118,fog-127,1,fog,600.0,0.0000,0.0000,0,100.000,,0,0.9888,,0.850,0,
5268,3,118,fog-127,1,fog,700.0,0.0000,0.0000,0,100.000,,0,0.9869,,0.850,0,
5269,3,118,fog-127,1,fog,800.0,0.0000,0.0000,0,100.000,,0,0.9850,,0.850,0,
5270,3,118,fog-127,1,fog,900.0,0.0000,0.0000,0,100.000,,0,0.9831,,0.850,0,
5271,3,118,fog-127,1,fog,1000.0,0.0000,0.0000,23,100.800,1.0000,0,0.9813,,0.850,0,
5272,3,118,fog-127,1,fog,1100.0,0.0000,0.0000,27,100.900,0.9239,0,0.9794,,0.850,0,
5273,3,118,fog-127,1,fog,1200.0,0.0000,0.0000,0,100.000,,0,0.9775,,0.850,0,
5274,3,118,fog-127,1,fog,1300.0,0.0000,0.0000,11,100.500,0.0000,0,0.9756,,0.850,0,
5275,3,118,fog-127,1,fog,1400.0,0.0000,0.0000,9,100.450,0.2940,0,0.9738,,0.850,0,
5276,3,118,fog-127,1,fog,1500.0,0.0000,0.0000,0,100.000,,0,0.9719,,0.850,0,
5277,3,118,fog-127,1,fog,1600.0,0.0000,0.0000,0,100.000,,0,0.9700,,0.850,0,
5278,3,118,fog-127,1,fog,1700.0,0.0000,0.0000,11,100.500,0.0000,0,0.9681,,0.850,0,
5279,3,118,fog-127,1,fog,1800.0,0.0000,0.0000,43,101.300,1.0000,0,0.9663,,0.850,0,
5280,3,118,fog-127,1,fog,1900.0,0.0000,0.0000,0,100.000,,0,0.9644,,0.850,0,
5281,3,118,fog-127,1,fog,2000.0,0.0000,0.0000,0,100.000,,0,0.9625,,0.850,0,
5282,3,118,fog-127,1,fog,2100.0,0.0000,0.0000,0,100.000,,0,0.9606,,0.850,0,
5283,3,118,fog-127,1,fog,2200.0,0.0000,0.0000,0,100.000,,0,0.9588,,0.850,0,
5284,3,118,fog-127,1,fog,2300.0,0.0000,0.0000,9,100.450,0.0000,0,0.9569,,0.850,0,
5285,3,118,fog-127,1,fog,2400.0,0.0000,0.0000,11,100.500,0.0000,0,0.9550,,0.850,0,
5286,3,118,fog-127,1,fog,2500.0,0.0000,0.0000,9,100.450,0.0000,0,0.9531,,0.850,0,
5287,3,118,fog-127,1,fog,2600.0,0.0000,0.0000,9,100.450,0.2940,0,0.9513,,0.850,0,
5288,3,118,fog-127,1,fog,2700.0,0.0000,0.0000,0,100.000,,0,0.9494,,0.850,0,
5289,3,118,fog-127,1,fog,2800.0,0.0000,0.0000,11,100.500,0.0000,0,0.9475,,0.850,0,
5290,3,118,fog-127,1,fog,2900.0,0.0000,0.0000,0,100.000,,0,0.9456,,0.850,0,
5291,3,118,fog-127,1,fog,3000.0,0.0000,0.0000,7,100.350,0.3536,0,0.9438,,0.850,0,
5292,3,118,fog-127,1,fog,3100.0,0.0000,0.0000,9,100.450,0.2940,0,0.9419,,0.850,0,
5293,3,118,fog-127,1,fog,3200.0,0.0000,0.0000,8,100.400,0.5443,0,0.9400,,0.850,0,
5294,3,118,fog-127,1,fog,3300.0,0.0000,0.0000,7,100.350,0.5590,0,0.9381,,0.850,0,
5295,3,118,fog-127,1,fog,3400.0,0.0000,0.0000,25,100.850,0.8819,0,0.9363,,0.850,0,
5296,3,118,fog-127,1,fog,3500.0,0.0000,0.0000,0,100.000,,0,0.9344,,0.850,0,
5297,3,118,fog-127,1,fog,3600.0,0.0000,0.0000,11,100.500,0.0000,0,0.9325,,0.850,0,
5298,3,118,fog-127,1,fog,3700.0,0.0000,0.0000,0,100.000,,0,0.9306,,0.850,0,
5299,3,118,fog-127,1,fog,3800.0,0.0000,0.0000,9,100.450,0.2940,0,0.9288,,0.850,0,
5300,3,118,fog-127,1,fog,3900.0,0.0000,0.0000,11,100.500,0.0000,0,0.9269,,0.850,0,
5301,3,118,fog-127,1,fog,4000.0,0.0000,0.0000,0,100.000,,0,0.9250,,0.850,0,
5302,3,118,fog-127,1,fog,4100.0,0.0000,0.0000,8,100.400,0.5443,0,0.9231,,0.850,0,
5303,3,118,fog-127,1,fog,4200.0,0.0000,0.0000,11,100.500,0.0000,0,0.9213,,0.850,0,
5304,3,118,fog-127,1,fog,4300.0,0.0000,0.0000,0,100.000,,0,0.9194,,0.850,0,
5305,3,118,fog-127,1,fog,4400.0,0.0000,0.0000,25,100.850,0.8819,0,0.9175,,0.850,0,
5306,3,118,fog-127,1,fog,4500.0,0.0000,0.0000,9,100.450,0.2940,0,0.9156,,0.850,0,
5307,3,118,fog-127,1,fog,4600.0,0.0000,0.0000,27,100.900,0.8999,0,0.9138,,0.850,0,
5308,3,118,fog-127,1,fog,4700.0,0.0000,0.0000,27,100.900,0.9008,0,0.9119,,0.850,0,
5309,3,118,fog-127,1,fog,4800.0,0.0000,0.0000,25,100.850,0.8690,0,0.9100,,0.850,0,
5310,3,118,fog-127,1,fog,4900.0,0.0000,0.0000,0,100.000,,0,0.9081,,0.850,0,
5311,3,118,fog-127,1,fog,5000.0,0.0000,0.0000,27,100.900,0.9070,0,0.9063,,0.850,0,
5312,3,119,fog-128,1,fog,0.0,0.0000,0.0000,0,100.000,,0,1.0000,,0.850,0,
5313,3,119,fog-128,1,fog,100.0,0.0000,0.0000,0,100.000,,0,0.9981,,0.850,0,
5314,3,119,fog-128,1,fog,200.0,0.0000,0.0000,0,100.000,,0,0.9963,,0.850,0,
5315,3,119,fog-128,1,fog,300.0,0.0000,0.0000,0,100.000,,0,0.9944,,0.850,0,
5316,3,119,fog-128,1,fog,400.0,0.0000,0.0000,0,100.000,,0,0.9925,,0.850,0,
5317,3,119,fog-128,1,fog,500.0,0.0000,0.0000,0,100.000,,0,0.9906,,0.850,0,
5318,3,119,fog-128,1,fog,600.0,0.0000,0.0000,0,100.000,,0,0.9888,,0.850,0,
5319,3,119,fog-128,1,fog,700.0,0.0000,0.0000,0,100.000,,0,0.9869,,0.850,0,
5320,3,119,fog-128,1,fog,800.0,0.0000,0.0000,0,100.000,,0,0.9850,,0.850,0,
5321,3,119,fog-128,1,fog,900.0,0.0000,0.0000,0,100.000,,0,0.9831,,0.850,0,
5322,3,119,fog-128,1,fog,1000.0,0.0000,0.0000,0,100.000,,0,0.9813,,0.850,0,
5323,3,119,fog-128,1,fog,1100.0,0.0000,0.0000,0,100.000,,0,0.9794,,0.850,0,
5324,3,119,fog-128,1,fog,1200.0,0.0000,0.0000,0,100.000,,0,0.9775,,0.850,0,
5325,3,119,fog-128,1,fog,1300.0,0.0000,0.0000,0,100.000,,0,0.9756,,0.850,0,
5326,3,119,fog-128,1,fog,1400.0,0.0000,0.0000,0,100.000,,0,0.9738,,0.850,0,
5327,3,119,fog-128,1,fog,1500.0,0.0000,0.0000,0,100.000,,0,0.9719,,0.850,0,
5328,3,119,fog-128,1,fog,1600.0,0.0000,0.0000,0,100.000,,0,0.9700,,0.850,0,
5329,3,119,fog-128,1,fog,1700.0,0.0000,0.0000,0,100.000,,0,0.9681,,0.850,0,
5330,3,119,fog-128,1,fog,1800.0,0.0000,0.0000,0,100.000,,0,0.9663,,0.850,0,
5331,3,119,fog-128,1,fog,1900.0,0.0000,0.0000,0,100.000,,0,0.9644,,0.850,0,
5332,3,119,fog-128,1,fog,2000.0,0.0000,0.0000,0,100.000,,0,0.9625,,0.850,0,
5333,3,119,fog-128,1,fog,2100.0,0.0000,0.0000,0,100.000,,0,0.9606,,0.850,0,
5334,3,119,fog-128,1,fog,2200.0,0.0000,0.0000,0,100.000,,0,0.9588,,0.850,0,
5335,3,119,fog-128,1,fog,2300.0,0.0000,0.0000,0,100.000,,0,0.9569,,0.850,0,
5336,3,119,fog-128,1,fog,2400.0,0.0000,0.0000,0,100.000,,0,0.9550,,0.850,0,
5337,3,119,fog-128,1,fog,2500.0,0.0000,0.0000,0,100.000,,0,0.9531,,0.850,0,
5338,3,119,fog-128,1,fog,2600.0,0.0000,0.0000,0,100.000,,0,0.9513,,0.850,0,
5339,3,119,fog-128,1,fog,2700.0,0.0000,0.0000,0,100.000,,0,0.9494,,0.850,0,
5340,3,119,fog-128,1,fog,2800.0,0.0000,0.0000,0,100.000,,0,0.9475,,0.850,0,
5341,3,119,fog-128,1,fog,2900.0,0.0000,0.0000,0,100.000,,0,0.9456,,0.850,0,
5342,3,119,fog-128,1,fog,3000.0,0.0000,0.0000,0,100.000,,0,0.9438,,0.850,0,
5343,3,119,fog-128,1,fog,3100.0,0.0000,0.0000,0,100.000,,0,0.9419,,0.850,0,
5344,3,119,fog-128,1,fog,3200.0,0.0000,0.0000,0,100.000,,0,0.9400,,0.850,0,
5345,3,119,fog-128,1,fog,3300.0,0.0000,0.0000,0,100.000,,0,0.9381,,0.850,0,
5346,3,119,fog-128,1,fog,3400.0,0.0000,0.0000,0,100.000,,0,0.9363,,0.850,0,
5347,3,119,fog-128,1,fog,3500.0,0.0000,0.0000,0,100.000,,0,0.9344,,0.850,0,
5348,3,119,fog-128,1,fog,3600.0,0.0000,0.0000,0,100.000,,0,0.9325,,0.850,0,
5349,3,119,fog-128,1,fog,3700.0,0.0000,0.0000,0,100.000,,0,0.9306,,0.850,0,
5350,3,119,fog-128,1,fog,3800.0,0.0000,0.0000,0,100.000,,0,0.9288,,0.850,0,
5351,3,119,fog-128,1,fog,3900.0,0.0000,0.0000,0,100.000,,0,0.9269,,0.850,0,
5352,3,119,fog-128,1,fog,4000.0,0.0000,0.0000,0,100.000,,0,0.9250,,0.850,0,
5353,3,119,fog-128,1,fog,4100.0,0.0000,0.0000,0,100.000,,0,0.9231,,0.850,0,
5354,3,119,fog-128,1,fog,4200.0,0.0000,0.0000,0,100.000,,0,0.9213,,0.850,0,
5355,3,119,fog-128,1,fog,4300.0,0.0000,0.0000,0,100.000,,0,0.9194,,0.850,0,
5356,3,119,fog-128,1,fog,4400.0,0.0000,0.0000,0,100.000,,0,0.9175,,0.850,0,
5357,3,119,fog-128,1,fog,4500.0,0.0000,0.0000,0,100.000,,0,0.9156,,0.850,0,
5358,3,119,fog-128,1,fog,4600.0,0.0000,0.0000,0,100.000,,0,0.9138,,0.850,0,
5359,3,119,fog-128,1,fog,4700.0,0.0000,0.0000,0,100.000,,0,0.9119,,0.850,0,
5360,3,119,fog-128,1,fog,4800.0,0.0000,0.0000,0,100.000,,0,0.9100,,0.850,0,
5361,3,119,fog-128,1,fog,4900.0,0.0000,0.0000,0,100.000,,0,0.9081,,0.850,0,
5362,3,119,fog-128,1,fog,5000.0,0.0000,0.0000,0,100.000,,0,0.9063,,0.850,0,
5363,3,120,fog-129,1,fog,0.0,0.0000,0.0000,0,100.000,,0,1.0000,,0.850,0,
5364,3,120,fog-129,1,fog,100.0,0.0000,0.0000,0,100.000,,0,0.9981,,0.850,0,
5365,3,120,fog-129,1,fog,200.0,0.0000,0.0000,0,100.000,,0,0.9963,,0.850,0,
5366,3,120,fog-129,1,fog,300.0,0.0000,0.0000,0,100.000,,0,0.9944,,0.850,0,
5367,3,120,fog-129,1,fog,400.0,0.0000,0.0000,0,100.000,,0,0.9925,,0.850,0,
5368,3,120,fog-129,1,fog,500.0,0.0000,0.0000,0,100.000,,0,0.9906,,0.850,0,
5369,3,120,fog-129,1,fog,600.0,0.0000,0.0000,0,100.000,,0,0.9888,,0.850,0,
5370,3,120,fog-129,1,fog,700.0,0.0000,0.0000,0,100.000,,0,0.9869,,0.850,0,
5371,3,120,fog-129,1,fog,800.0,0.0000,0.0000,0,100.000,,0,0.9850,,0.850,0,
5372,3,120,fog-129,1,fog,900.0,0.0000,0.0000,0,100.000,,0,0.9831,,0.850,0,
5373,3,120,fog-129,1,fog,1000.0,0.0000,0.0000,0,100.000,,0,0.9813,,0.850,0,
5374,3,120,fog-129,1,fog,1100.0,0.0000,0.0000,0,100.000,,0,0.9794,,0.850,0,
5375,3,120,fog-129,1,fog,1200.0,0.0000,0.0000,0,100.000,,0,0.9775,,0.850,0,
5376,3,120,fog-129,1,fog,1300.0,0.0000,0.0000,0,100.000,,0,0.9756,,0.850,0,
5377,3,120,fog-129,1,fog,1400.0,0.0000,0.0000,0,100.000,,0,0.9738,,0.850,0,
5378,3,120,fog-129,1,fog,1500.0,0.0000,0.0000,0,100.000,,0,0.9719,,0.850,0,
5379,3,120,fog-129,1,fog,1600.0,0.0000,0.0000,0,100.000,,0,0.9700,,0.850,0,
5380,3,120,fog-129,1,fog,1700.0,0.0000,0.0000,0,100.000,,0,0.9681,,0.850,0,
5381,3,120,fog-129,1,fog,1800.0,0.0000,0.0000,0,100.000,,0,0.9663,,0.850,0,
5382,3,120,fog-129,1,fog,1900.0,0.0000,0.0000,0,100.000,,0,0.9644,,0.850,0,
5383,3,120,fog-129,1,fog,2000.0,0.0000,0.0000,0,100.000,,0,0.9625,,0.850,0,
5384,3,120,fog-129,1,fog,2100.0,0.0000,0.0000,0,100.000,,0,0.9606,,0.850,0,
5385,3,120,fog-129,1,fog,2200.0,0.0000,0.0000,0,100.000,,0,0.9588,,0.850,0,
5386,3,120,fog-129,1,fog,2300.0,0.0000,0.0000,0,100.000,,0,0.9569,,0.850,0,
5387,3,120,fog-129,1,fog,2400.0,0.0000,0.0000,0,100.000,,0,0.9550,,0.850,0,
5388,3,120,fog-129,1,fog,2500.0,0.0000,0.0000,0,100.000,,0,0.9531,,0.850,0,
5389,3,120,fog-129,1,fog,2600.0,0.0000,0.0000,0,100.000,,0,0.9513,,0.850,0,
5390,3,120,fog-129,1,fog,2700.0,0.0000,0.0000,0,100.000,,0,0.9494,,0.850,0,
5391,3,120,fog-129,1,fog,2800.0,0.0000,0.0000,0,100.000,,0,0.9475,,0.850,0,
5392,3,120,fog-129,1,fog,2900.0,0.0000,0.0000,0,100.000,,0,0.9456,,0.850,0,
5393,3,120,fog-129,1,fog,3000.0,0.0000,0.0000,0,100.000,,0,0.9438,,0.850,0,
5394,3,120,fog-129,1,fog,3100.0,0.0000,0.0000,0,100.000,,0,0.9419,,0.850,0,
5395,3,120,fog-129,1,fog,3200.0,0.0000,0.0000,0,100.000,,0,0.9400,,0.850,0,
5396,3,120,fog-129,1,fog,3300.0,0.0000,0.0000,0,100.000,,0,0.9381,,0.850,0,
5397,3,120,fog-129,1,fog,3400.0,0.0000,0.0000,0,100.000,,0,0.9363,,0.850,0,
5398,3,120,fog-129,1,fog,3500.0,0.0000,0.0000,0,100.000,,0,0.9344,,0.850,0,
5399,3,120,fog-129,1,fog,3600.0,0.0000,0.0000,0,100.000,,0,0.9325,,0.850,0,
5400,3,120,fog-129,1,fog,3700.0,0.0000,0.0000,0,100.000,,0,0.9306,,0.850,0,
5401,3,120,fog-129,1,fog,3800.0,0.0000,0.0000,0,100.000,,0,0.9288,,0.850,0,
5402,3,120,fog-129,1,fog,3900.0,0.0000,0.0000,0,100.000,,0,0.9269,,0.850,0,
5403,3,120,fog-129,1,fog,4000.0,0.0000,0.0000,0,100.000,,0,0.9250,,0.850,0,
5404,3,120,fog-129,1,fog,4100.0,0.0000,0.0000,0,100.000,,0,0.9231,,0.850,0,
5405,3,120,fog-129,1,fog,4200.0,0.0000,0.0000,0,100.000,,0,0.9213,,0.850,0,
5406,3,120,fog-129,1,fog,4300.0,0.0000,0.0000,0,100.000,,0,0.9194,,0.850,0,
5407,3,120,fog-129,1,fog,4400.0,0.0000,0.0000,0,100.000,,0,0.9175,,0.850,0,
5408,3,120,fog-129,1,fog,4500.0,0.0000,0.0000,0,100.000,,0,0.9156,,0.850,0,
5409,3,120,fog-129,1,fog,4600.0,0.0000,0.0000,0,100.000,,0,0.9138,,0.850,0,
5410,3,120,fog-129,1,fog,4700.0,0.0000,0.0000,0,100.000,,0,0.9119,,0.850,0,
5411,3,120,fog-129,1,fog,4800.0,0.0000,0.0000,0,100.000,,0,0.9100,,0.850,0,
5412,3,120,fog-129,1,fog,4900.0,0.0000,0.0000,0,100.000,,0,0.9081,,0.850,0,
5413,3,120,fog-129,1,fog,5000.0,0.0000,0.0000,0,100.000,,0,0.9063,,0.850,0,
5414,3,121,fog-130,1,fog,0.0,0.0000,0.0000,0,100.000,,0,1.0000,,0.850,0,
5415,3,121,fog-130,1,fog,100.0,0.0000,0.0000,8,100.400,1.0000,0,0.9981,,0.850,0,
5416,3,121,fog-130,1,fog,200.0,0.0000,0.0000,8,100.400,0.3514,0,0.9963,,0.850,0,
5417,3,121,fog-130,1,fog,300.0,0.0000,0.0000,8,100.400,0.3514,0,0.9944,,0.850,0,
5418,3,121,fog-130,1,fog,400.0,0.0000,0.0000,11,100.500,0.0000,0,0.9925,,0.850,0,
5419,3,121,fog-130,1,fog,500.0,0.0000,0.0000,9,100.450,0.2940,0,0.9906,,0.850,0,
5420,3,121,fog-130,1,fog,600.0,0.0000,0.0000,11,100.500,0.0000,0,0.9888,,0.850,0,
5421,3,121,fog-130,1,fog,700.0,0.0000,0.0000,43,101.300,1.0000,0,0.9869,,0.850,0,
5422,3,121,fog-130,1,fog,800.0,0.0000,0.0000,43,101.300,1.0000,0,0.9850,,0.850,0,
5423,3,121,fog-130,1,fog,900.0,0.0000,0.0000,45,101.350,1.0000,0,0.9831,,0.850,0,
5424,3,121,fog-130,1,fog,1000.0,0.0000,0.0000,25,100.850,0.8627,0,0.9813,,0.850,0,
5425,3,121,fog-130,1,fog,1100.0,0.0000,0.0000,0,100.000,,0,0.9794,,0.850,0,
5426,3,121,fog-130,1,fog,1200.0,0.0000,0.0000,0,100.000,,0,0.9775,,0.850,0,
5427,3,121,fog-130,1,fog,1300.0,0.0000,0.0000,0,100.000,,0,0.9756,,0.850,0,
5428,3,121,fog-130,1,fog,1400.0,0.0000,0.0000,11,100.500,0.0000,0,0.9738,,0.850,0,
5429,3,121,fog-130,1,fog,1500.0,0.0000,0.0000,9,100.450,0.2940,0,0.9719,,0.850,0,
5430,3,121,fog-130,1,fog,1600.0,0.0000,0.0000,8,100.400,0.3514,0,0.9700,,0.850,0,
5431,3,121,fog-130,1,fog,1700.0,0.0000,0.0000,9,100.450,0.2940,0,0.9681,,0.850,0,
5432,3,121,fog-130,1,fog,1800.0,0.0000,0.0000,0,100.000,,0,0.9663,,0.850,0,
5433,3,121,fog-130,1,fog,1900.0,0.0000,0.0000,0,100.000,,0,0.9644,,0.850,0,
5434,3,121,fog-130,1,fog,2000.0,0.0000,0.0000,0,100.000,,0,0.9625,,0.850,0,
5435,3,121,fog-130,1,fog,2100.0,0.0000,0.0000,9,100.450,0.2940,0,0.9606,,0.850,0,
5436,3,121,fog-130,1,fog,2200.0,0.0000,0.0000,27,100.900,0.9428,0,0.9588,,0.850,0,
5437,3,121,fog-130,1,fog,2300.0,0.0000,0.0000,27,100.900,0.9428,0,0.9569,,0.850,0,
5438,3,121,fog-130,1,fog,2400.0,0.0000,0.0000,29,100.950,1.0000,0,0.9550,,0.850,0,
5439,3,121,fog-130,1,fog,2500.0,0.0000,0.0000,63,101.800,1.0000,0,0.9531,,0.850,0,
5440,3,121,fog-130,1,fog,2600.0,0.0000,0.0000,79,102.200,1.0000,0,0.9513,,0.850,0,
5441,3,121,fog-130,1,fog,2700.0,0.0000,0.0000,27,100.900,0.9428,0,0.9494,,0.850,0,
5442,3,121,fog-130,1,fog,2800.0,0.0000,0.0000,9,100.450,0.2940,0,0.9475,,0.850,0,
5443,3,121,fog-130,1,fog,2900.0,0.0000,0.0000,61,101.750,1.0000,0,0.9456,,0.850,0,
5444,3,121,fog-130,1,fog,3000.0,0.0000,0.0000,47,101.400,1.0000,0,0.9438,,0.850,0,
5445,3,121,fog-130,1,fog,3100.0,0.0000,0.0000,27,100.900,0.9428,0,0.9419,,0.850,0,
5446,3,121,fog-130,1,fog,3200.0,0.0000,0.0000,25,100.850,0.8819,0,0.9400,,0.850,0,
5447,3,121,fog-130,1,fog,3300.0,0.0000,0.0000,9,100.450,0.2940,0,0.9381,,0.850,0,
5448,3,121,fog-130,1,fog,3400.0,0.0000,0.0000,27,100.900,0.9428,0,0.9363,,0.850,0,
5449,3,121,fog-130,1,fog,3500.0,0.0000,0.0000,29,100.950,1.0000,0,0.9344,,0.850,0,
5450,3,121,fog-130,1,fog,3600.0,0.0000,0.0000,29,100.950,1.0000,0,0.9325,,0.850,0,
5451,3,121,fog-130,1,fog,3700.0,0.0000,0.0000,8,100.400,0.3062,0,0.9306,,0.850,0,
5452,3,121,fog-130,1,fog,3800.0,0.0000,0.0000,23,100.800,0.8165,0,0.9288,,0.850,0,
5453,3,121,fog-130,1,fog,3900.0,0.0000,0.0000,31,101.000,1.0000,0,0.9269,,0.850,0,
5454,3,121,fog-130,1,fog,4000.0,0.0000,0.0000,31,101.000,1.0000,0,0.9250,,0.850,0,
5455,3,121,fog-130,1,fog,4100.0,0.0000,0.0000,11,100.500,0.0000,0,0.9231,,0.850,0,
5456,3,121,fog-130,1,fog,4200.0,0.0000,0.0000,8,100.400,0.3062,0,0.9213,,0.850,0,
5457,3,121,fog-130,1,fog,4300.0,0.0000,0.0000,0,100.000,,0,0.9194,,0.850,0,
5458,3,121,fog-130,1,fog,4400.0,0.0000,0.0000,0,100.000,,0,0.9175,,0.850,0,
5459,3,121,fog-130,1,fog,4500.0,0.0000,0.0000,0,100.000,,0,0.9156,,0.850,0,
5460,3,121,fog-130,1,fog,4600.0,0.0000,0.0000,9,100.450,0.2940,0,0.9138,,0.850,0,
5461,3,121,fog-130,1,fog,4700.0,0.0000,0.0000,39,101.200,1.0000,0,0.9119,,0.850,0,
5462,3,121,fog-130,1,fog,4800.0,0.0000,0.0000,41,101.250,1.0000,0,0.9100,,0.850,0,
5463,3,121,fog-130,1,fog,4900.0,0.0000,0.0000,51,101.500,1.0000,0,0.9081,,0.850,0,
5464,3,121,fog-130,1,fog,5000.0,0.0000,0.0000,43,101.300,1.0000,0,0.9063,,0.850,0,
5465,3,122,edge-0,2,edge,0.0,0.0000,0.0100,0,1.519,,1,1.0000,,0.700,0,
5466,3,122,edge-0,2,edge,100.0,0.0401,0.0100,10,1.974,0.9801,1,0.9911,,0.700,0,
5467,3,122,edge-0,2,edge,200.0,0.1006,0.0100,37,2.739,0.9886,1,0.9873,,0.700,0,
5468,3,122,edge-0,2,edge,300.0,0.1001,0.0100,30,2.624,0.8815,1,0.9835,,0.700,0,
5469,3,122,edge-0,2,edge,400.0,0.1007,0.0100,38,3.008,0.9541,2,0.9797,,0.700,0,
5470,3,122,edge-0,2,edge,500.0,0.1010,0.0100,47,3.168,0.9176,1,0.9761,,0.700,0,
5471,3,122,edge-0,2,edge,600.0,0.1011,0.0100,50,3.223,0.8873,1,0.9723,,0.700,0,
5472,3,122,edge-0,2,edge,700.0,0.1000,0.0100,28,2.770,0.8318,2,0.9685,,0.700,0,
5473,3,122,edge-0,2,edge,800.0,0.1000,0.0100,25,2.720,0.8015,2,0.9647,,0.700,0,
5474,3,122,edge-0,2,edge,900.0,0.1000,0.0100,28,2.770,0.8318,1,0.9609,,0.700,0,
5475,3,122,edge-0,2,edge,1000.0,0.1000,0.0100,19,2.620,0.7280,1,0.9571,,0.700,0,
5476,3,122,edge-0,2,edge,1100.0,0.1008,0.0100,44,2.861,0.9809,2,0.9533,,0.700,0,
5477,3,122,edge-0,2,edge,1200.0,0.1000,0.0100,28,2.769,0.8318,2,0.9497,,0.700,0,
5478,3,122,edge-0,2,edge,1300.0,0.1000,0.0100,34,2.965,0.7532,3,0.9459,,0.700,0,
5479,3,122,edge-0,2,edge,1400.0,0.1000,0.0100,25,2.615,0.8015,3,0.9423,,0.700,0,
5480,3,122,edge-0,2,edge,1500.0,0.1006,0.0100,28,2.839,0.8850,4,0.9385,,0.700,0,
5481,3,122,edge-0,2,edge,1600.0,0.1000,0.0100,22,2.579,0.7642,4,0.9349,,0.700,0,
5482,3,122,edge-0,2,edge,1700.0,0.1000,0.0100,19,2.529,0.7280,3,0.9313,,0.700,0,
5483,3,122,edge-0,2,edge,1800.0,0.1000,0.0100,28,2.679,0.8318,2,0.9275,,0.700,0,
5484,3,122,edge-0,2,edge,1900.0,0.1000,0.0100,25,2.629,0.8015,2,0.9237,,0.700,0,
5485,3,122,edge-0,2,edge,2000.0,0.1000,0.0100,28,2.679,0.8318,1,0.9199,,0.700,0,
5486,3,122,edge-0,2,edge,2100.0,0.1000,0.0100,19,2.529,0.7280,0,0.9161,,0.700,0,
5487,3,122,edge-0,2,edge,2200.0,0.1000,0.0100,25,2.629,0.8015,0,0.9123,,0.700,0,
5488,3,122,edge-0,2,edge,2300.0,0.1000,0.0100,25,2.527,0.8015,1,0.9085,,0.700,0,
5489,3,122,edge-0,2,edge,2400.0,0.1000,0.0100,25,2.728,0.8015,2,0.9047,,0.700,0,
5490,3,122,edge-0,2,edge,2500.0,0.1000,0.0100,22,2.615,0.7671,3,0.9009,,0.700,0,
5491,3,122,edge-0,2,edge,2600.0,0.1000,0.0100,22,2.704,0.7671,4,0.8971,,0.700,0,
5492,3,122,edge-0,2,edge,2700.0,0.1000,0.0100,26,3.125,0.6739,5,0.8934,,0.700,0,
5493,3,122,edge-0,2,edge,2800.0,0.1000,0.0100,28,2.848,0.8318,5,0.8896,,0.700,0,
5494,3,122,edge-0,2,edge,2900.0,0.1000,0.0100,28,2.848,0.8318,4,0.8858,,0.700,0,
5495,3,122,edge-0,2,edge,3000.0,0.1000,0.0100,22,2.748,0.7671,3,0.8820,,0.700,0,
5496,3,122,edge-0,2,edge,3100.0,0.1000,0.0100,22,2.748,0.7642,2,0.8782,,0.700,0,
5497,3,122,edge-0,2,edge,3200.0,0.1000,0.0100,22,2.748,0.7671,1,0.8746,,0.700,0,
5498,3,122,edge-0,2,edge,3300.0,0.1000,0.0100,25,2.798,0.8015,0,0.8708,,0.700,0,
5499,3,122,edge-0,2,edge,3400.0,0.1000,0.0100,28,3.058,0.8318,1,0.8670,,0.700,0,
5500,3,122,edge-0,2,edge,3500.0,0.1000,0.0100,25,3.008,0.8015,1,0.8632,,0.700,0,
5501,3,122,edge-0,2,edge,3600.0,0.1000,0.0100,25,3.008,0.8015,1,0.8594,,0.700,0,
5502,3,122,edge-0,2,edge,3700.0,0.1000,0.0100,25,3.008,0.8015,1,0.8556,,0.700,0,
5503,3,122,edge-0,2,edge,3800.0,0.1000,0.0100,28,2.797,0.8318,1,0.8518,,0.700,0,
5504,3,122,edge-0,2,edge,3900.0,0.1000,0.0100,51,3.907,1.0000,1,0.8480,,0.700,0,
5505,3,122,edge-0,2,edge,4000.0,0.1000,0.0100,25,2.819,0.7980,2,0.8442,,0.700,0,
5506,3,122,edge-0,2,edge,4100.0,0.1000,0.0100,33,2.862,0.9621,3,0.8406,,0.700,0,
5507,3,122,edge-0,2,edge,4200.0,0.1000,0.0100,25,2.825,0.8015,4,0.8368,,0.700,0,
5508,3,122,edge-0,2,edge,4300.0,0.1000,0.0100,25,2.825,0.7980,4,0.8330,,0.700,0,
5509,3,122,edge-0,2,edge,4400.0,0.1000,0.0100,22,2.775,0.7642,3,0.8294,,0.700,0,
5510,3,122,edge-0,2,edge,4500.0,0.1000,0.0100,30,3.029,0.7542,3,0.8258,,0.700,0,
5511,3,122,edge-0,2,edge,4600.0,0.1000,0.0100,25,2.856,0.8015,3,0.8222,,0.700,0,
5512,3,122,edge-0,2,edge,4700.0,0.1000,0.0100,28,2.906,0.8318,2,0.8184,,0.700,0,
5513,3,122,edge-0,2,edge,4800.0,0.1000,0.0100,22,2.860,0.7671,2,0.8146,,0.700,0,
5514,3,122,edge-0,2,edge,4900.0,0.1000,0.0100,25,2.587,0.8015,3,0.8108,,0.700,0,
5515,3,122,edge-0,2,edge,5000.0,0.1000,0.0100,30,2.787,0.8928,2,0.8070,,0.700,0,
5516,3,125,edge-1,2,edge,0.0,0.0000,0.0100,0,1.633,,1,1.0000,,0.700,0,
5517,3,125,edge-1,2,edge,100.0,0.0400,0.0100,8,2.033,0.8914,1,0.9911,,0.700,0,
5518,3,125,edge-1,2,edge,200.0,0.1003,0.0100,33,2.793,0.9816,1,0.9873,,0.700,0,
5519,3,125,edge-1,2,edge,300.0,0.1001,0.0100,26,2.638,0.8786,1,0.9835,,0.700,0,
5520,3,125,edge-1,2,edge,400.0,0.1000,0.0100,28,2.770,0.8318,2,0.9798,,0.700,0,
5521,3,125,edge-1,2,edge,500.0,0.1000,0.0100,25,2.720,0.8015,1,0.9760,,0.700,0,
5522,3,125,edge-1,2,edge,600.0,0.1000,0.0100,25,2.720,0.7980,1,0.9722,,0.700,0,
5523,3,125,edge-1,2,edge,700.0,0.1000,0.0100,28,2.770,0.8318,1,0.9686,,0.700,0,
5524,3,125,edge-1,2,edge,800.0,0.1000,0.0100,28,2.588,0.8318,2,0.9648,,0.700,0,
5525,3,125,edge-1,2,edge,900.0,0.1000,0.0100,31,2.954,0.7703,2,0.9610,,0.700,0,
5526,3,125,edge-1,2,edge,1000.0,0.1000,0.0100,22,2.515,0.7671,3,0.9572,,0.700,0,
5527,3,125,edge-1,2,edge,1100.0,0.1000,0.0100,28,2.900,0.8318,4,0.9534,,0.700,0,
5528,3,125,edge-1,2,edge,1200.0,0.1000,0.0100,28,2.900,0.8318,4,0.9496,,0.700,0,
5529,3,125,edge-1,2,edge,1300.0,0.1000,0.0100,16,2.700,0.6818,3,0.9458,,0.700,0,
5530,3,125,edge-1,2,edge,1400.0,0.1000,0.0100,25,2.850,0.7980,2,0.9422,,0.700,0,
5531,3,125,edge-1,2,edge,1500.0,0.1000,0.0100,28,2.900,0.8318,1,0.9386,,0.700,0,
5532,3,125,edge-1,2,edge,1600.0,0.1000,0.0100,22,2.800,0.7671,0,0.9348,,0.700,0,
5533,3,125,edge-1,2,edge,1700.0,0.1000,0.0100,34,3.361,0.7445,1,0.9310,,0.700,0,
5534,3,125,edge-1,2,edge,1800.0,0.1000,0.0100,34,3.411,0.8886,1,0.9272,,0.700,0,
5535,3,125,edge-1,2,edge,1900.0,0.1000,0.0100,39,3.511,0.9321,1,0.9234,,0.700,0,
5536,3,125,edge-1,2,edge,2000.0,0.1000,0.0100,28,2.835,0.8318,2,0.9196,,0.700,0,
5537,3,125,edge-1,2,edge,2100.0,0.1000,0.0100,25,2.799,0.8015,3,0.9158,,0.700,0,
5538,3,125,edge-1,2,edge,2200.0,0.1000,0.0100,22,2.749,0.7671,2,0.9120,,0.700,0,
5539,3,125,edge-1,2,edge,2300.0,0.1000,0.0100,25,2.799,0.8015,2,0.9083,,0.700,0,
5540,3,125,edge-1,2,edge,2400.0,0.1000,0.0100,28,2.849,0.8318,2,0.9045,,0.700,0,
5541,3,125,edge-1,2,edge,2500.0,0.1000,0.0100,37,3.452,0.5627,2,0.9007,,0.700,0,
5542,3,125,edge-1,2,edge,2600.0,0.1000,0.0100,30,3.252,0.6520,1,0.8969,,0.700,0,
5543,3,125,edge-1,2,edge,2700.0,0.1000,0.0100,30,3.252,0.7068,1,0.8931,,0.700,0,
5544,3,125,edge-1,2,edge,2800.0,0.1000,0.0100,30,3.252,0.6521,1,0.8893,,0.700,0,
5545,3,125,edge-1,2,edge,2900.0,0.1000,0.0100,40,3.502,0.7676,1,0.8855,,0.700,0,
5546,3,125,edge-1,2,edge,3000.0,0.1000,0.0100,34,3.552,0.8409,0,0.8817,,0.700,0,
5547,3,125,edge-1,2,edge,3100.0,0.1000,0.0100,40,3.365,0.9154,1,0.8779,,0.700,0,
5548,3,125,edge-1,2,edge,3200.0,0.1000,0.0100,31,3.165,0.7000,1,0.8741,,0.700,0,
5549,3,125,edge-1,2,edge,3300.0,0.1003,0.0100,25,3.075,0.7119,1,0.8703,,0.700,0,
5550,3,125,edge-1,2,edge,3400.0,0.1008,0.0100,44,3.245,0.9488,1,0.8667,,0.700,0,
5551,3,125,edge-1,2,edge,3500.0,0.1006,0.0100,28,3.135,0.9161,1,0.8631,,0.700,0,
5552,3,125,edge-1,2,edge,3600.0,0.1000,0.0100,25,2.751,0.8015,1,0.8593,,0.700,0,
5553,3,125,edge-1,2,edge,3700.0,0.1000,0.0100,19,2.528,0.7280,2,0.8555,,0.700,0,
5554,3,125,edge-1,2,edge,3800.0,0.1000,0.0100,28,2.813,0.8318,3,0.8517,,0.700,0,
5555,3,125,edge-1,2,edge,3900.0,0.1000,0.0100,28,2.664,0.8318,4,0.8479,,0.700,0,
5556,3,125,edge-1,2,edge,4000.0,0.1000,0.0100,25,2.668,0.8015,5,0.8441,,0.700,0,
5557,3,125,edge-1,2,edge,4100.0,0.1000,0.0100,28,2.627,0.8318,5,0.8403,,0.700,0,
5558,3,125,edge-1,2,edge,4200.0,0.1008,0.0100,44,3.190,0.9520,5,0.8365,,0.700,0,
5559,3,125,edge-1,2,edge,4300.0,0.1000,0.0100,25,2.567,0.8015,5,0.8329,,0.700,0,
5560,3,125,edge-1,2,edge,4400.0,0.1008,0.0100,44,2.925,0.9739,5,0.8291,,0.700,0,
5561,3,125,edge-1,2,edge,4500.0,0.1000,0.0100,28,2.747,0.8318,5,0.8255,,0.700,0,
5562,3,125,edge-1,2,edge,4600.0,0.1000,0.0100,25,2.715,0.8015,5,0.8217,,0.700,0,
5563,3,125,edge-1,2,edge,4700.0,0.1000,0.0100,28,2.765,0.8318,4,0.8179,,0.700,0,
5564,3,125,edge-1,2,edge,4800.0,0.1000,0.0100,22,2.665,0.7671,3,0.8141,,0.700,0,
5565,3,125,edge-1,2,edge,4900.0,0.1004,0.0100,38,3.019,0.8249,3,0.8103,,0.700,0,
5566,3,125,edge-1,2,edge,5000.0,0.1000,0.0100,22,2.724,0.7671,3,0.8067,,0.700,0,
5567,3,128,edge-2,2,edge,0.0,0.0000,0.0100,0,1.691,,1,1.0000,,0.700,0,
5568,3,128,edge-2,2,edge,100.0,0.0400,0.0100,8,2.091,0.8914,1,0.9911,,0.700,0,
5569,3,128,edge-2,2,edge,200.0,0.1000,0.0100,22,2.591,0.7671,1,0.9873,,0.700,0,
5570,3,128,edge-2,2,edge,300.0,0.1000,0.0100,22,2.591,0.7671,1,0.9836,,0.700,0,
5571,3,128,edge-2,2,edge,400.0,0.1000,0.0100,28,2.691,0.8318,1,0.9798,,0.700,0,
5572,3,128,edge-2,2,edge,500.0,0.1000,0.0100,25,2.646,0.8015,1,0.9760,,0.700,0,
5573,3,128,edge-2,2,edge,600.0,0.1008,0.0100,44,3.074,0.9602,2,0.9722,,0.700,0,
5574,3,128,edge-2,2,edge,700.0,0.1000,0.0100,28,2.684,0.8318,3,0.9685,,0.700,0,
5575,3,128,edge-2,2,edge,800.0,0.1008,0.0100,44,3.069,0.9606,4,0.9647,,0.700,0,
5576,3,128,edge-2,2,edge,900.0,0.1000,0.0100,28,2.611,0.8318,5,0.9611,,0.700,0,
5577,3,128,edge-2,2,edge,1000.0,0.1000,0.0100,28,2.611,0.8318,4,0.9573,,0.700,0,
5578,3,128,edge-2,2,edge,1100.0,0.1000,0.0100,22,2.629,0.7671,4,0.9535,,0.700,0,
5579,3,128,edge-2,2,edge,1200.0,0.1000,0.0100,22,2.749,0.7642,4,0.9498,,0.700,0,
5580,3,128,edge-2,2,edge,1300.0,0.1000,0.0100,25,2.708,0.8015,4,0.9461,,0.700,0,
5581,3,128,edge-2,2,edge,1400.0,0.1000,0.0100,19,2.608,0.7280,3,0.9423,,0.700,0,
5582,3,128,edge-2,2,edge,1500.0,0.1000,0.0100,28,2.579,0.8318,4,0.9386,,0.700,0,
5583,3,128,edge-2,2,edge,1600.0,0.1000,0.0100,33,2.929,0.8944,3,0.9348,,0.700,0,
5584,3,128,edge-2,2,edge,1700.0,0.1000,0.0100,37,2.979,0.9122,2,0.9310,,0.700,0,
5585,3,128,edge-2,2,edge,1800.0,0.1000,0.0100,28,2.729,0.7134,1,0.9272,,0.700,0,
5586,3,128,edge-2,2,edge,1900.0,0.1000,0.0100,28,2.868,0.8318,2,0.9236,,0.700,0,
5587,3,128,edge-2,2,edge,2000.0,0.1000,0.0100,22,2.768,0.7671,1,0.9198,,0.700,0,
5588,3,128,edge-2,2,edge,2100.0,0.1000,0.0100,22,2.768,0.7642,1,0.9160,,0.700,0,
5589,3,128,edge-2,2,edge,2200.0,0.1000,0.0100,22,2.768,0.7671,1,0.9124,,0.700,0,
5590,3,128,edge-2,2,edge,2300.0,0.1000,0.0100,28,2.868,0.8318,1,0.9086,,0.700,0,
5591,3,128,edge-2,2,edge,2400.0,0.1000,0.0100,28,2.868,0.8318,0,0.9048,,0.700,0,
5592,3,128,edge-2,2,edge,2500.0,0.1000,0.0100,31,2.992,0.8746,1,0.9010,,0.700,0,
5593,3,128,edge-2,2,edge,2600.0,0.1000,0.0100,29,2.892,0.8400,1,0.8972,,0.700,0,
5594,3,128,edge-2,2,edge,2700.0,0.1000,0.0100,30,2.942,0.8856,1,0.8934,,0.700,0,
5595,3,128,edge-2,2,edge,2800.0,0.1000,0.0100,28,2.718,0.8318,2,0.8896,,0.700,0,
5596,3,128,edge-2,2,edge,2900.0,0.1000,0.0100,27,2.788,0.8537,3,0.8858,,0.700,0,
5597,3,128,edge-2,2,edge,3000.0,0.1000,0.0100,22,2.589,0.7671,3,0.8820,,0.700,0,
5598,3,128,edge-2,2,edge,3100.0,0.1000,0.0100,22,2.589,0.7671,3,0.8782,,0.700,0,
5599,3,128,edge-2,2,edge,3200.0,0.1000,0.0100,28,2.689,0.8318,3,0.8745,,0.700,0,
5600,3,128,edge-2,2,edge,3300.0,0.1000,0.0100,27,2.665,0.8583,3,0.8707,,0.700,0,
5601,3,128,edge-2,2,edge,3400.0,0.1000,0.0100,30,2.665,0.8783,2,0.8669,,0.700,0,
5602,3,128,edge-2,2,edge,3500.0,0.1000,0.0100,27,2.883,0.8458,2,0.8631,,0.700,0,
5603,3,128,edge-2,2,edge,3600.0,0.1000,0.0100,23,2.733,0.7732,2,0.8593,,0.700,0,
5604,3,128,edge-2,2,edge,3700.0,0.1000,0.0100,26,2.833,0.8061,2,0.8555,,0.700,0,
5605,3,128,edge-2,2,edge,3800.0,0.1000,0.0100,25,2.670,0.8015,2,0.8517,,0.700,0,
5606,3,128,edge-2,2,edge,3900.0,0.1000,0.0100,28,2.828,0.8318,3,0.8479,,0.700,0,
5607,3,128,edge-2,2,edge,4000.0,0.1000,0.0100,25,2.778,0.8015,2,0.8441,,0.700,0,
5608,3,128,edge-2,2,edge,4100.0,0.1000,0.0100,22,2.962,0.7642,3,0.8403,,0.700,0,
5609,3,128,edge-2,2,edge,4200.0,0.1000,0.0100,28,3.062,0.8318,3,0.8367,,0.700,0,
5610,3,128,edge-2,2,edge,4300.0,0.1000,0.0100,22,2.962,0.7671,2,0.8329,,0.700,0,
5611,3,128,edge-2,2,edge,4400.0,0.1000,0.0100,25,3.012,0.8015,1,0.8291,,0.700,0,
5612,3,128,edge-2,2,edge,4500.0,0.1000,0.0100,25,3.012,0.8015,1,0.8254,,0.700,0,
5613,3,128,edge-2,2,edge,4600.0,0.1000,0.0100,28,3.062,0.8318,0,0.8216,,0.700,0,
5614,3,128,edge-2,2,edge,4700.0,0.1000,0.0100,28,3.062,0.8318,0,0.8178,,0.700,0,
5615,3,128,edge-2,2,edge,4800.0,0.1000,0.0100,28,2.705,0.8318,0,0.8140,,0.700,0,
5616,3,128,edge-2,2,edge,4900.0,0.1000,0.0100,25,2.655,0.8015,0,0.8102,,0.700,0,
5617,3,128,edge-2,2,edge,5000.0,0.1000,0.0100,25,2.655,0.7980,0,0.8064,,0.700,0,
5618,3,131,edge-3,2,edge,0.0,0.0000,0.0100,0,1.823,,1,1.0000,,0.700,0,4083.5
5619,3,131,edge-3,2,edge,100.0,0.0400,0.0100,8,2.223,0.8914,1,0.9911,,0.700,0,4083.5
5620,3,131,edge-3,2,edge,200.0,0.1001,0.0100,31,3.016,0.8565,2,0.9873,,0.700,0,4083.5
5621,3,131,edge-3,2,edge,300.0,0.1000,0.0100,28,2.747,0.8318,3,0.9836,,0.700,0,4083.5
5622,3,131,edge-3,2,edge,400.0,0.1000,0.0100,25,2.697,0.8015,3,0.9798,,0.700,0,4083.5
5623,3,131,edge-3,2,edge,500.0,0.1000,0.0100,28,2.747,0.8318,2,0.9760,,0.700,0,4083.5
5624,3,131,edge-3,2,edge,600.0,0.1000,0.0100,25,2.697,0.8015,2,0.9722,,0.700,0,4083.5
5625,3,131,edge-3,2,edge,700.0,0.1000,0.0100,28,2.987,0.8318,1,0.9684,,0.700,0,4083.5
5626,3,131,edge-3,2,edge,800.0,0.1000,0.0100,28,2.700,0.8318,0,0.9646,,0.700,0,4083.5
5627,3,131,edge-3,2,edge,900.0,0.1000,0.0100,25,2.599,0.8255,1,0.9608,,0.700,0,4083.5
5628,3,131,edge-3,2,edge,1000.0,0.1000,0.0100,22,2.499,0.7671,1,0.9570,,0.700,0,4083.5
5629,3,131,edge-3,2,edge,1100.0,0.1000,0.0100,19,2.730,0.7280,2,0.9532,,0.700,0,4083.5
5630,3,131,edge-3,2,edge,1200.0,0.1000,0.0100,19,2.730,0.7280,2,0.9494,,0.700,0,4083.5
5631,3,131,edge-3,2,edge,1300.0,0.1000,0.0100,28,2.880,0.8318,2,0.9456,,0.700,0,4083.5
5632,3,131,edge-3,2,edge,1400.0,0.1000,0.0100,22,2.600,0.7671,2,0.9419,,0.700,0,4083.5
5633,3,131,edge-3,2,edge,1500.0,0.1000,0.0100,25,2.806,0.7980,3,0.9381,,0.700,0,4083.5
5634,3,131,edge-3,2,edge,1600.0,0.1000,0.0100,28,2.686,0.8318,3,0.9344,,0.700,0,4083.5
5635,3,131,edge-3,2,edge,1700.0,0.1000,0.0100,25,2.636,0.8015,3,0.9307,,0.700,0,4083.5
5636,3,131,edge-3,2,edge,1800.0,0.1000,0.0100,28,2.868,0.8318,4,0.9269,,0.700,0,4083.5
5637,3,131,edge-3,2,edge,1900.0,0.1000,0.0100,28,2.651,0.8318,4,0.9231,,0.700,0,4083.5
5638,3,131,edge-3,2,edge,2000.0,0.1000,0.0100,25,2.632,0.8015,4,0.9193,,0.700,0,4083.5
5639,3,131,edge-3,2,edge,2100.0,0.1000,0.0100,19,2.532,0.7280,3,0.9155,,0.700,0,4083.5
5640,3,131,edge-3,2,edge,2200.0,0.1000,0.0100,22,2.602,0.7671,4,0.9117,,0.700,0,4083.5
5641,3,131,edge-3,2,edge,2300.0,0.1000,0.0100,22,2.788,0.7671,4,0.9079,,0.700,0,4083.5
5642,3,131,edge-3,2,edge,2400.0,0.1000,0.0100,25,2.838,0.8015,3,0.9041,,0.700,0,4083.5
5643,3,131,edge-3,2,edge,2500.0,0.1000,0.0100,28,2.888,0.8318,2,0.9003,,0.700,0,4083.5
5644,3,131,edge-3,2,edge,2600.0,0.1000,0.0100,16,2.688,0.6836,2,0.8965,,0.700,0,4083.5
5645,3,131,edge-3,2,edge,2700.0,0.1000,0.0100,28,2.888,0.8318,1,0.8928,,0.700,0,4083.5
5646,3,131,edge-3,2,edge,2800.0,0.1000,0.0100,28,2.888,0.8318,0,0.8890,,0.700,0,4083.5
5647,3,131,edge-3,2,edge,2900.0,0.1000,0.0100,28,2.888,0.8318,0,0.8852,,0.700,0,4083.5
5648,3,131,edge-3,2,edge,3000.0,0.1000,0.0100,25,2.678,0.7980,1,0.8814,,0.700,0,4083.5
5649,3,131,edge-3,2,edge,3100.0,0.1000,0.0100,22,2.628,0.7671,1,0.8778,,0.700,0,4083.5
5650,3,131,edge-3,2,edge,3200.0,0.1000,0.0100,25,2.678,0.8015,1,0.8740,,0.700,0,4083.5
5651,3,131,edge-3,2,edge,3300.0,0.1000,0.0100,28,2.728,0.8318,1,0.8702,,0.700,0,4083.5
5652,3,131,edge-3,2,edge,3400.0,0.1000,0.0100,28,2.709,0.8318,1,0.8664,,0.700,0,4083.5
5653,3,131,edge-3,2,edge,3500.0,0.1000,0.0100,25,2.490,0.8015,1,0.8626,,0.700,0,4083.5
5654,3,131,edge-3,2,edge,3600.0,0.1000,0.0100,28,2.540,0.8318,1,0.8588,,0.700,0,4083.5
5655,3,131,edge-3,2,edge,3700.0,0.1000,0.0100,28,2.760,0.8318,2,0.8550,,0.700,0,4083.5
5656,3,131,edge-3,2,edge,3800.0,0.1000,0.0100,22,2.436,0.7642,3,0.8512,,0.700,0,4083.5
5657,3,131,edge-3,2,edge,3900.0,0.1000,0.0100,25,2.966,0.8015,3,0.8476,,0.700,1,4083.5
5658,3,131,edge-3,2,edge,4000.0,0.1000,0.0100,28,3.016,0.8318,2,0.8438,,0.700,1,4083.5
5659,3,134,edge-4,2,edge,0.0,0.0000,0.0100,0,2.062,,1,1.0000,,0.700,0,
5660,3,134,edge-4,2,edge,100.0,0.0400,0.0100,8,2.462,0.8914,1,0.9911,,0.700,0,
5661,3,134,edge-4,2,edge,200.0,0.1000,0.0100,25,3.012,0.8015,1,0.9873,,0.700,0,
5662,3,134,edge-4,2,edge,300.0,0.1000,0.0100,22,2.765,0.7671,2,0.9836,,0.700,0,
5663,3,134,edge-4,2,edge,400.0,0.1000,0.0100,26,2.583,0.7730,3,0.9798,,0.700,0,
5664,3,134,edge-4,2,edge,500.0,0.1000,0.0100,28,2.583,0.8025,2,0.9760,,0.700,0,
5665,3,134,edge-4,2,edge,600.0,0.1001,0.0100,32,2.710,0.9253,3,0.9722,,0.700,0,
5666,3,134,edge-4,2,edge,700.0,0.1000,0.0100,29,2.734,0.8295,4,0.9684,,0.700,0,
5667,3,134,edge-4,2,edge,800.0,0.1000,0.0100,28,2.684,0.8318,3,0.9646,,0.700,0,
5668,3,134,edge-4,2,edge,900.0,0.1000,0.0100,28,2.734,0.8522,2,0.9608,,0.700,0,
5669,3,134,edge-4,2,edge,1000.0,0.1000,0.0100,25,2.751,0.8015,2,0.9570,,0.700,0,
5670,3,134,edge-4,2,edge,1100.0,0.1000,0.0100,28,2.851,0.8531,1,0.9532,,0.700,0,
5671,3,134,edge-4,2,edge,1200.0,0.1000,0.0100,30,2.901,0.8764,0,0.9494,,0.700,0,
5672,3,134,edge-4,2,edge,1300.0,0.1000,0.0100,28,2.801,0.8318,0,0.9456,,0.700,0,
5673,3,134,edge-4,2,edge,1400.0,0.1000,0.0100,26,2.801,0.8031,0,0.9419,,0.700,0,
5674,3,134,edge-4,2,edge,1500.0,0.1000,0.0100,22,2.834,0.7671,1,0.9381,,0.700,0,
5675,3,134,edge-4,2,edge,1600.0,0.1000,0.0100,28,2.695,0.8318,1,0.9343,,0.700,0,
5676,3,134,edge-4,2,edge,1700.0,0.1000,0.0100,25,2.645,0.8015,1,0.9305,,0.700,0,
5677,3,134,edge-4,2,edge,1800.0,0.1000,0.0100,25,2.645,0.8015,1,0.9267,,0.700,0,
5678,3,134,edge-4,2,edge,1900.0,0.1000,0.0100,28,2.952,0.8318,2,0.9229,,0.700,0,
5679,3,134,edge-4,2,edge,2000.0,0.1000,0.0100,28,2.952,0.8318,1,0.9191,,0.700,0,
5680,3,134,edge-4,2,edge,2100.0,0.1000,0.0100,28,2.952,0.8318,1,0.9153,,0.700,0,
5681,3,134,edge-4,2,edge,2200.0,0.1000,0.0100,25,2.902,0.8015,1,0.9115,,0.700,0,
5682,3,134,edge-4,2,edge,2300.0,0.1000,0.0100,25,2.902,0.8015,1,0.9077,,0.700,0,
5683,3,134,edge-4,2,edge,2400.0,0.1000,0.0100,25,2.902,0.8015,0,0.9040,,0.700,0,
5684,3,134,edge-4,2,edge,2500.0,0.1000,0.0100,28,2.952,0.8318,0,0.9002,,0.700,0,
5685,3,134,edge-4,2,edge,2600.0,0.1000,0.0100,25,2.902,0.7980,0,0.8964,,0.700,0,
5686,3,134,edge-4,2,edge,2700.0,0.1000,0.0100,25,2.902,0.8015,0,0.8928,,0.700,0,
5687,3,134,edge-4,2,edge,2800.0,0.1000,0.0100,22,2.497,0.7671,1,0.8890,,0.700,0,
5688,3,134,edge-4,2,edge,2900.0,0.1000,0.0100,28,2.710,0.8318,2,0.8852,,0.700,0,
5689,3,134,edge-4,2,edge,3000.0,0.1000,0.0100,28,2.755,0.8318,3,0.8814,,0.700,0,
5690,3,134,edge-4,2,edge,3100.0,0.1000,0.0100,28,2.755,0.8318,3,0.8776,,0.700,0,
5691,3,134,edge-4,2,edge,3200.0,0.1000,0.0100,25,2.705,0.8015,3,0.8738,,0.700,0,
5692,3,134,edge-4,2,edge,3300.0,0.1000,0.0100,33,2.783,0.9096,3,0.8700,,0.700,0,
5693,3,134,edge-4,2,edge,3400.0,0.1000,0.0100,36,2.883,0.9377,2,0.8662,,0.700,0,
5694,3,134,edge-4,2,edge,3500.0,0.1000,0.0100,30,2.733,0.8880,1,0.8624,,0.700,0,
5695,3,134,edge-4,2,edge,3600.0,0.1000,0.0100,29,2.633,0.8311,1,0.8586,,0.700,0,
5696,3,134,edge-4,2,edge,3700.0,0.1000,0.0100,29,2.683,0.8490,1,0.8548,,0.700,0,
5697,3,134,edge-4,2,edge,3800.0,0.1000,0.0100,22,2.591,0.7642,1,0.8511,,0.700,0,
5698,3,134,edge-4,2,edge,3900.0,0.1000,0.0100,28,2.691,0.8318,1,0.8474,,0.700,0,
5699,3,134,edge-4,2,edge,4000.0,0.1000,0.0100,28,2.691,0.8318,1,0.8436,,0.700,0,
5700,3,134,edge-4,2,edge,4100.0,0.1000,0.0100,25,2.658,0.8015,2,0.8399,,0.700,0,
5701,3,134,edge-4,2,edge,4200.0,0.1000,0.0100,25,2.642,0.8015,2,0.8361,,0.700,0,
5702,3,134,edge-4,2,edge,4300.0,0.1000,0.0100,31,3.050,0.6706,2,0.8323,,0.700,0,
5703,3,134,edge-4,2,edge,4400.0,0.1001,0.0100,30,2.905,0.8924,2,0.8285,,0.700,0,
5704,3,134,edge-4,2,edge,4500.0,0.1003,0.0100,34,3.010,0.9436,2,0.8247,,0.700,0,
5705,3,134,edge-4,2,edge,4600.0,0.1003,0.0100,30,2.971,0.9460,1,0.8209,,0.700,0,
5706,3,134,edge-4,2,edge,4700.0,0.1000,0.0100,28,2.626,0.8318,2,0.8171,,0.700,0,
5707,3,134,edge-4,2,edge,4800.0,0.1003,0.0100,33,2.919,0.9743,2,0.8133,,0.700,0,
5708,3,134,edge-4,2,edge,4900.0,0.1001,0.0100,29,2.745,0.9033,3,0.8095,,0.700,0,
5709,3,134,edge-4,2,edge,5000.0,0.1000,0.0100,19,2.465,0.7280,4,0.8057,,0.700,0,
5710,3,137,edge-5,2,edge,0.0,0.0000,0.0100,0,2.058,,1,1.0000,,0.700,0,
5711,3,137,edge-5,2,edge,100.0,0.0400,0.0100,6,2.358,0.6818,1,0.9911,,0.700,0,
5712,3,137,edge-5,2,edge,200.0,0.1000,0.0100,28,3.058,0.8318,1,0.9875,,0.700,0,
5713,3,137,edge-5,2,edge,300.0,0.1000,0.0100,28,3.058,0.8318,1,0.9837,,0.700,0,
5714,3,137,edge-5,2,edge,400.0,0.1000,0.0100,25,2.747,0.8015,1,0.9799,,0.700,0,
5715,3,137,edge-5,2,edge,500.0,0.1003,0.0100,26,3.167,0.6330,1,0.9761,,0.700,0,
5716,3,137,edge-5,2,edge,600.0,0.1000,0.0100,25,2.819,0.8015,2,0.9725,,0.700,0,
5717,3,137,edge-5,2,edge,700.0,0.1000,0.0100,26,2.662,0.8032,3,0.9687,,0.700,0,
5718,3,137,edge-5,2,edge,800.0,0.1000,0.0100,25,2.825,0.8015,4,0.9649,,0.700,0,
5719,3,137,edge-5,2,edge,900.0,0.1000,0.0100,28,2.875,0.8318,4,0.9611,,0.700,0,
5720,3,137,edge-5,2,edge,1000.0,0.1000,0.0100,25,2.825,0.8015,3,0.9574,,0.700,0,
5721,3,137,edge-5,2,edge,1100.0,0.1007,0.0100,44,3.254,0.8473,3,0.9536,,0.700,0,
5722,3,137,edge-5,2,edge,1200.0,0.1000,0.0100,22,2.806,0.7671,3,0.9498,,0.700,0,
5723,3,137,edge-5,2,edge,1300.0,0.1000,0.0100,28,2.906,0.8318,2,0.9460,,0.700,0,
5724,3,137,edge-5,2,edge,1400.0,0.1000,0.0100,28,2.960,0.8318,2,0.9422,,0.700,0,
5725,3,137,edge-5,2,edge,1500.0,0.1000,0.0100,25,2.587,0.8015,3,0.9384,,0.700,0,
5726,3,137,edge-5,2,edge,1600.0,0.1000,0.0100,30,2.737,0.8778,2,0.9346,,0.700,0,
5727,3,137,edge-5,2,edge,1700.0,0.1000,0.0100,22,2.537,0.7642,1,0.9308,,0.700,0,
5728,3,137,edge-5,2,edge,1800.0,0.1000,0.0100,28,2.687,0.8537,1,0.9272,,0.700,0,
5729,3,137,edge-5,2,edge,1900.0,0.1000,0.0100,22,2.537,0.7671,1,0.9234,,0.700,0,
5730,3,137,edge-5,2,edge,2000.0,0.1000,0.0100,30,2.737,0.8770,0,0.9196,,0.700,0,
5731,3,137,edge-5,2,edge,2100.0,0.1000,0.0100,28,2.637,0.8318,0,0.9158,,0.700,0,
5732,3,137,edge-5,2,edge,2200.0,0.1000,0.0100,28,2.691,0.8318,1,0.9120,,0.700,0,
5733,3,137,edge-5,2,edge,2300.0,0.1000,0.0100,28,2.691,0.8318,1,0.9082,,0.700,0,
5734,3,137,edge-5,2,edge,2400.0,0.1000,0.0100,28,2.691,0.8318,1,0.9045,,0.700,0,
5735,3,137,edge-5,2,edge,2500.0,0.1000,0.0100,22,2.591,0.7671,1,0.9007,,0.700,0,
5736,3,137,edge-5,2,edge,2600.0,0.1000,0.0100,22,2.591,0.7642,1,0.8969,,0.700,0,
5737,3,137,edge-5,2,edge,2700.0,0.1000,0.0100,25,2.641,0.8015,0,0.8933,,0.700,0,
5738,3,137,edge-5,2,edge,2800.0,0.1000,0.0100,25,2.738,0.8015,1,0.8895,,0.700,0,
5739,3,137,edge-5,2,edge,2900.0,0.1000,0.0100,25,2.551,0.8015,2,0.8857,,0.700,0,
5740,3,137,edge-5,2,edge,3000.0,0.1000,0.0100,29,2.680,0.8514,3,0.8819,,0.700,0,
5741,3,137,edge-5,2,edge,3100.0,0.1000,0.0100,25,2.748,0.8015,4,0.8781,,0.700,0,
5742,3,137,edge-5,2,edge,3200.0,0.1000,0.0100,22,2.458,0.7671,5,0.8743,,0.700,0,
5743,3,137,edge-5,2,edge,3300.0,0.1000,0.0100,28,2.782,0.8318,4,0.8705,,0.700,0,
5744,3,137,edge-5,2,edge,3400.0,0.1000,0.0100,19,2.632,0.7257,3,0.8667,,0.700,0,
5745,3,137,edge-5,2,edge,3500.0,0.1000,0.0100,25,2.732,0.8015,2,0.8631,,0.700,0,
5746,3,137,edge-5,2,edge,3600.0,0.1000,0.0100,25,2.732,0.7980,1,0.8593,,0.700,0,
5747,3,137,edge-5,2,edge,3700.0,0.1000,0.0100,22,2.585,0.7671,1,0.8557,,0.700,0,
5748,3,137,edge-5,2,edge,3800.0,0.1000,0.0100,22,2.585,0.7671,1,0.8519,,0.700,0,
5749,3,137,edge-5,2,edge,3900.0,0.1000,0.0100,25,2.635,0.8015,1,0.8481,,0.700,0,
5750,3,137,edge-5,2,edge,4000.0,0.1000,0.0100,28,2.685,0.8318,1,0.8443,,0.700,0,
5751,3,137,edge-5,2,edge,4100.0,0.1000,0.0100,19,2.535,0.7280,1,0.8405,,0.700,0,
5752,3,137,edge-5,2,edge,4200.0,0.1000,0.0100,28,2.685,0.8318,0,0.8367,,0.700,0,
5753,3,137,edge-5,2,edge,4300.0,0.1000,0.0100,28,2.685,0.8318,0,0.8329,,0.700,0,
5754,3,137,edge-5,2,edge,4400.0,0.1000,0.0100,22,2.585,0.7671,0,0.8292,,0.700,0,
5755,3,137,edge-5,2,edge,4500.0,0.1000,0.0100,25,2.567,0.8015,1,0.8254,,0.700,0,
5756,3,137,edge-5,2,edge,4600.0,0.1000,0.0100,25,2.789,0.8015,2,0.8216,,0.700,0,
5757,3,137,edge-5,2,edge,4700.0,0.1000,0.0100,25,2.548,0.8015,2,0.8178,,0.700,0,
5758,3,137,edge-5,2,edge,4800.0,0.1000,0.0100,47,3.539,1.0000,3,0.8140,,0.700,0,
5759,3,137,edge-5,2,edge,4900.0,0.1000,0.0100,39,3.339,1.0000,3,0.8102,,0.700,0,
5760,3,137,edge-5,2,edge,5000.0,0.1000,0.0100,25,2.533,0.8015,3,0.8064,,0.700,0,
5761,3,140,edge-6,2,edge,0.0,0.0000,0.0100,0,1.642,,1,1.0000,,0.700,0,
5762,3,140,edge-6,2,edge,100.0,0.0400,0.0100,8,2.042,0.8914,1,0.9911,,0.700,0,
5763,3,140,edge-6,2,edge,200.0,0.1000,0.0100,28,2.642,0.8318,1,0.9873,,0.700,0,
5764,3,140,edge-6,2,edge,300.0,0.1000,0.0100,25,2.592,0.8015,1,0.9836,,0.700,0,
5765,3,140,edge-6,2,edge,400.0,0.1000,0.0100,28,2.642,0.8318,1,0.9798,,0.700,0,
5766,3,140,edge-6,2,edge,500.0,0.1000,0.0100,22,2.688,0.7671,1,0.9760,,0.700,0,
5767,3,140,edge-6,2,edge,600.0,0.1000,0.0100,25,2.738,0.8015,1,0.9722,,0.700,0,
5768,3,140,edge-6,2,edge,700.0,0.1000,0.0100,22,2.688,0.7671,1,0.9684,,0.700,0,
5769,3,140,edge-6,2,edge,800.0,0.1000,0.0100,25,2.738,0.8015,1,0.9646,,0.700,0,
5770,3,140,edge-6,2,edge,900.0,0.1000,0.0100,28,2.788,0.8318,1,0.9608,,0.700,0,
5771,3,140,edge-6,2,edge,1000.0,0.1000,0.0100,28,2.788,0.8318,0,0.9570,,0.700,0,
5772,3,140,edge-6,2,edge,1100.0,0.1000,0.0100,22,2.688,0.7642,0,0.9532,,0.700,0,
5773,3,140,edge-6,2,edge,1200.0,0.1000,0.0100,22,2.688,0.7671,0,0.9496,,0.700,0,
5774,3,140,edge-6,2,edge,1300.0,0.1000,0.0100,25,2.738,0.8015,0,0.9458,,0.700,0,
5775,3,140,edge-6,2,edge,1400.0,0.1000,0.0100,28,2.691,0.8318,1,0.9420,,0.700,0,
5776,3,140,edge-6,2,edge,1500.0,0.1000,0.0100,25,2.641,0.8015,1,0.9382,,0.700,0,
5777,3,140,edge-6,2,edge,1600.0,0.1000,0.0100,22,2.591,0.7671,1,0.9344,,0.700,0,
5778,3,140,edge-6,2,edge,1700.0,0.1000,0.0100,25,2.641,0.8015,1,0.9307,,0.700,0,
5779,3,140,edge-6,2,edge,1800.0,0.1000,0.0100,19,2.669,0.7280,2,0.9269,,0.700,0,
5780,3,140,edge-6,2,edge,1900.0,0.1000,0.0100,28,2.610,0.8318,2,0.9231,,0.700,0,
5781,3,140,edge-6,2,edge,2000.0,0.1000,0.0100,16,2.711,0.6818,2,0.9193,,0.700,0,
5782,3,140,edge-6,2,edge,2100.0,0.1000,0.0100,19,2.761,0.7280,2,0.9157,,0.700,0,
5783,3,140,edge-6,2,edge,2200.0,0.1000,0.0100,25,2.544,0.8015,2,0.9119,,0.700,0,
5784,3,140,edge-6,2,edge,2300.0,0.1000,0.0100,22,2.667,0.7671,2,0.9081,,0.700,0,
5785,3,140,edge-6,2,edge,2400.0,0.1000,0.0100,25,2.748,0.8015,2,0.9043,,0.700,0,
5786,3,140,edge-6,2,edge,2500.0,0.1000,0.0100,25,2.526,0.8015,3,0.9005,,0.700,0,
5787,3,140,edge-6,2,edge,2600.0,0.1000,0.0100,28,2.657,0.8318,4,0.8967,,0.700,0,
5788,3,140,edge-6,2,edge,2700.0,0.1000,0.0100,30,2.910,0.8761,5,0.8929,,0.700,0,
5789,3,140,edge-6,2,edge,2800.0,0.1000,0.0100,25,2.760,0.8015,4,0.8891,,0.700,0,
5790,3,140,edge-6,2,edge,2900.0,0.1000,0.0100,22,2.417,0.7671,4,0.8853,,0.700,0,
5791,3,140,edge-6,2,edge,3000.0,0.1000,0.0100,28,2.828,0.8318,4,0.8816,,0.700,0,
5792,3,140,edge-6,2,edge,3100.0,0.1000,0.0100,28,2.705,0.8318,4,0.8778,,0.700,0,
5793,3,140,edge-6,2,edge,3200.0,0.1000,0.0100,22,2.735,0.7671,4,0.8740,,0.700,0,
5794,3,140,edge-6,2,edge,3300.0,0.1000,0.0100,19,2.685,0.7257,4,0.8702,,0.700,0,
5795,3,140,edge-6,2,edge,3400.0,0.1000,0.0100,28,2.634,0.8318,4,0.8666,,0.700,0,
5796,3,140,edge-6,2,edge,3500.0,0.1006,0.0100,41,3.069,0.7971,4,0.8628,,0.700,0,
5797,3,140,edge-6,2,edge,3600.0,0.1000,0.0100,32,2.783,0.8687,4,0.8591,,0.700,0,
5798,3,140,edge-6,2,edge,3700.0,0.1000,0.0100,25,2.633,0.8281,3,0.8554,,0.700,0,
5799,3,140,edge-6,2,edge,3800.0,0.1000,0.0100,34,2.883,0.9529,3,0.8516,,0.700,0,
5800,3,140,edge-6,2,edge,3900.0,0.1000,0.0100,22,2.670,0.7642,3,0.8478,,0.700,0,
5801,3,140,edge-6,2,edge,4000.0,0.1000,0.0100,28,2.770,0.8318,2,0.8442,,0.700,0,
5802,3,140,edge-6,2,edge,4100.0,0.1000,0.0100,25,2.720,0.7980,1,0.8404,,0.700,0,
5803,3,140,edge-6,2,edge,4200.0,0.1000,0.0100,22,2.670,0.7671,1,0.8367,,0.700,0,
5804,3,140,edge-6,2,edge,4300.0,0.1000,0.0100,22,2.488,0.7671,2,0.8330,,0.700,0,
5805,3,140,edge-6,2,edge,4400.0,0.1000,0.0100,30,2.854,0.8906,2,0.8292,,0.700,0,
5806,3,140,edge-6,2,edge,4500.0,0.1000,0.0100,30,2.765,0.9410,3,0.8254,,0.700,0,
5807,3,140,edge-6,2,edge,4600.0,0.1000,0.0100,28,2.900,0.8318,4,0.8216,,0.700,0,
5808,3,140,edge-6,2,edge,4700.0,0.1000,0.0100,28,2.900,0.8318,4,0.8178,,0.700,0,
5809,3,140,edge-6,2,edge,4800.0,0.1000,0.0100,28,2.900,0.8318,3,0.8140,,0.700,0,
5810,3,140,edge-6,2,edge,4900.0,0.1000,0.0100,25,2.850,0.8015,2,0.8102,,0.700,0,
5811,3,140,edge-6,2,edge,5000.0,0.1000,0.0100,22,2.800,0.7671,1,0.8064,,0.700,0,
5812,3,143,edge-7,2,edge,0.0,0.0000,0.0100,0,1.828,,1,1.0000,,0.700,0,
5813,3,143,edge-7,2,edge,100.0,0.0400,0.0100,8,2.228,0.8914,1,0.9911,,0.700,0,
5814,3,143,edge-7,2,edge,200.0,0.1000,0.0100,25,2.778,0.8015,1,0.9873,,0.700,0,
5815,3,143,edge-7,2,edge,300.0,0.1000,0.0100,19,2.912,0.7257,2,0.9836,,0.700,0,
5816,3,143,edge-7,2,edge,400.0,0.1000,0.0100,25,3.012,0.8015,2,0.9799,,0.700,0,
5817,3,143,edge-7,2,edge,500.0,0.1000,0.0100,25,3.012,0.8015,1,0.9761,,0.700,0,
5818,3,143,edge-7,2,edge,600.0,0.1000,0.0100,28,3.062,0.8318,1,0.9724,,0.700,0,
5819,3,143,edge-7,2,edge,700.0,0.1000,0.0100,25,3.012,0.8015,1,0.9686,,0.700,0,
5820,3,143,edge-7,2,edge,800.0,0.1000,0.0100,25,3.012,0.8015,0,0.9648,,0.700,0,
5821,3,143,edge-7,2,edge,900.0,0.1000,0.0100,25,3.012,0.7980,0,0.9610,,0.700,0,
5822,3,143,edge-7,2,edge,1000.0,0.1000,0.0100,28,2.705,0.8318,0,0.9574,,0.700,0,
5823,3,143,edge-7,2,edge,1100.0,0.1000,0.0100,22,2.605,0.7671,0,0.9536,,0.700,0,
5824,3,143,edge-7,2,edge,1200.0,0.1000,0.0100,22,2.605,0.7671,0,0.9498,,0.700,0,
5825,3,143,edge-7,2,edge,1300.0,0.1000,0.0100,28,2.705,0.8318,0,0.9460,,0.700,0,
5826,3,143,edge-7,2,edge,1400.0,0.1000,0.0100,25,2.784,0.8015,1,0.9422,,0.700,0,
5827,3,143,edge-7,2,edge,1500.0,0.1000,0.0100,28,2.834,0.8318,1,0.9384,,0.700,0,
5828,3,143,edge-7,2,edge,1600.0,0.1000,0.0100,28,2.651,0.8318,2,0.9346,,0.700,0,
5829,3,143,edge-7,2,edge,1700.0,0.1000,0.0100,28,2.651,0.8318,2,0.9308,,0.700,0,
5830,3,143,edge-7,2,edge,1800.0,0.1000,0.0100,28,2.853,0.8318,3,0.9270,,0.700,0,
5831,3,143,edge-7,2,edge,1900.0,0.1000,0.0100,25,2.803,0.7980,2,0.9232,,0.700,0,
5832,3,143,edge-7,2,edge,2000.0,0.1000,0.0100,25,2.803,0.8015,2,0.9196,,0.700,0,
5833,3,143,edge-7,2,edge,2100.0,0.1000,0.0100,25,2.769,0.8015,2,0.9158,,0.700,0,
5834,3,143,edge-7,2,edge,2200.0,0.1000,0.0100,28,2.819,0.8318,2,0.9120,,0.700,0,
5835,3,143,edge-7,2,edge,2300.0,0.1000,0.0100,22,2.719,0.7671,1,0.9083,,0.700,0,
5836,3,143,edge-7,2,edge,2400.0,0.1000,0.0100,25,2.769,0.8015,1,0.9045,,0.700,0,
5837,3,143,edge-7,2,edge,2500.0,0.1000,0.0100,28,2.576,0.8318,2,0.9007,,0.700,0,
5838,3,143,edge-7,2,edge,2600.0,0.1000,0.0100,25,2.526,0.7980,1,0.8969,,0.700,0,
5839,3,143,edge-7,2,edge,2700.0,0.1000,0.0100,19,2.426,0.7257,1,0.8933,,0.700,0,
5840,3,143,edge-7,2,edge,2800.0,0.1000,0.0100,25,2.800,0.8015,2,0.8896,,0.700,0,
5841,3,143,edge-7,2,edge,2900.0,0.1000,0.0100,25,2.800,0.8015,2,0.8859,,0.700,0,
5842,3,143,edge-7,2,edge,3000.0,0.1000,0.0100,28,2.616,0.8318,2,0.8821,,0.700,0,
5843,3,143,edge-7,2,edge,3100.0,0.1007,0.0100,38,3.187,0.7959,3,0.8783,,0.700,0,
5844,3,143,edge-7,2,edge,3200.0,0.1000,0.0100,28,2.559,0.8318,4,0.8746,,0.700,0,
5845,3,143,edge-7,2,edge,3300.0,0.1000,0.0100,30,2.847,0.7546,4,0.8709,,0.700,0,
5846,3,143,edge-7,2,edge,3400.0,0.1000,0.0100,25,2.863,0.8015,5,0.8671,,0.700,0,
5847,3,143,edge-7,2,edge,3500.0,0.1000,0.0100,25,2.518,0.8015,5,0.8633,,0.700,0,
5848,3,143,edge-7,2,edge,3600.0,0.1000,0.0100,28,2.568,0.8318,4,0.8595,,0.700,0,
5849,3,143,edge-7,2,edge,3700.0,0.1004,0.0100,38,3.021,0.8248,4,0.8557,,0.700,0,
5850,3,143,edge-7,2,edge,3800.0,0.1004,0.0100,41,3.126,0.7911,4,0.8521,,0.700,0,
5851,3,143,edge-7,2,edge,3900.0,0.1000,0.0100,33,2.981,0.7144,4,0.8483,,0.700,0,
5852,3,143,edge-7,2,edge,4000.0,0.1003,0.0100,36,2.941,0.9352,3,0.8445,,0.700,0,
5853,3,143,edge-7,2,edge,4100.0,0.1003,0.0100,34,2.891,0.9542,3,0.8409,,0.700,0,
5854,3,143,edge-7,2,edge,4200.0,0.1000,0.0100,29,2.668,0.7745,3,0.8371,,0.700,0,
5855,3,143,edge-7,2,edge,4300.0,0.1000,0.0100,28,2.618,0.8015,2,0.8333,,0.700,0,
5856,3,143,edge-7,2,edge,4400.0,0.1000,0.0100,30,2.668,0.8776,1,0.8295,,0.700,0,
5857,3,143,edge-7,2,edge,4500.0,0.1000,0.0100,21,2.518,0.7973,1,0.8257,,0.700,0,
5858,3,143,edge-7,2,edge,4600.0,0.1000,0.0100,30,2.718,0.8741,1,0.8219,,0.700,0,
5859,3,143,edge-7,2,edge,4700.0,0.1000,0.0100,30,2.668,0.8787,0,0.8181,,0.700,0,
5860,3,143,edge-7,2,edge,4800.0,0.1000,0.0100,28,2.618,0.8553,0,0.8143,,0.700,0,
5861,3,143,edge-7,2,edge,4900.0,0.1000,0.0100,25,2.568,0.8286,0,0.8105,,0.700,0,
5862,3,143,edge-7,2,edge,5000.0,0.1000,0.0100,25,2.568,0.8279,0,0.8067,,0.700,0,
5863,3,146,edge-8,2,edge,0.0,0.0000,0.0100,0,1.888,,1,1.0000,,0.700,0,
5864,3,146,edge-8,2,edge,100.0,0.0400,0.0100,7,2.238,0.8072,1,0.9911,,0.700,0,
5865,3,146,edge-8,2,edge,200.0,0.1000,0.0100,28,2.888,0.8318,1,0.9873,,0.700,0,
5866,3,146,edge-8,2,edge,300.0,0.1000,0.0100,25,2.838,0.8015,1,0.9836,,0.700,0,
5867,3,146,edge-8,2,edge,400.0,0.1000,0.0100,22,2.788,0.7642,1,0.9798,,0.700,0,
5868,3,146,edge-8,2,edge,500.0,0.1000,0.0100,25,2.678,0.8015,1,0.9761,,0.700,0,
5869,3,146,edge-8,2,edge,600.0,0.1000,0.0100,25,2.678,0.8015,1,0.9724,,0.700,0,
5870,3,146,edge-8,2,edge,700.0,0.1000,0.0100,28,2.728,0.8318,1,0.9686,,0.700,0,
5871,3,146,edge-8,2,edge,800.0,0.1000,0.0100,25,2.678,0.8015,1,0.9648,,0.700,0,
5872,3,146,edge-8,2,edge,900.0,0.1000,0.0100,25,2.659,0.8015,1,0.9610,,0.700,0,
5873,3,146,edge-8,2,edge,1000.0,0.1000,0.0100,28,2.540,0.8318,1,0.9572,,0.700,0,
5874,3,146,edge-8,2,edge,1100.0,0.1000,0.0100,28,2.540,0.8318,1,0.9534,,0.700,0,
5875,3,146,edge-8,2,edge,1200.0,0.1000,0.0100,19,2.610,0.7257,2,0.9496,,0.700,0,
5876,3,146,edge-8,2,edge,1300.0,0.1000,0.0100,25,2.486,0.8015,3,0.9460,,0.700,0,
5877,3,146,edge-8,2,edge,1400.0,0.1000,0.0100,25,2.966,0.8015,3,0.9422,,0.700,0,
5878,3,146,edge-8,2,edge,1500.0,0.1000,0.0100,28,3.016,0.8318,2,0.9384,,0.700,0,
5879,3,146,edge-8,2,edge,1600.0,0.1000,0.0100,19,2.866,0.7280,2,0.9346,,0.700,0,
5880,3,146,edge-8,2,edge,1700.0,0.1000,0.0100,27,3.089,0.7898,2,0.9308,,0.700,0,
5881,3,146,edge-8,2,edge,1800.0,0.1000,0.0100,24,3.039,0.8254,1,0.9270,,0.700,0,
5882,3,146,edge-8,2,edge,1900.0,0.1000,0.0100,25,2.711,0.8015,2,0.9234,,0.700,0,
5883,3,146,edge-8,2,edge,2000.0,0.1000,0.0100,19,2.611,0.7280,2,0.9196,,0.700,0,
5884,3,146,edge-8,2,edge,2100.0,0.1000,0.0100,28,2.761,0.8318,2,0.9158,,0.700,0,
5885,3,146,edge-8,2,edge,2200.0,0.1000,0.0100,25,2.711,0.7980,1,0.9120,,0.700,0,
5886,3,146,edge-8,2,edge,2300.0,0.1000,0.0100,25,2.711,0.8015,1,0.9084,,0.700,0,
5887,3,146,edge-8,2,edge,2400.0,0.1000,0.0100,28,2.761,0.8318,0,0.9046,,0.700,0,
5888,3,146,edge-8,2,edge,2500.0,0.1000,0.0100,22,2.686,0.7671,0,0.9008,,0.700,0,
5889,3,146,edge-8,2,edge,2600.0,0.1000,0.0100,28,2.711,0.8318,0,0.8971,,0.700,0,
5890,3,146,edge-8,2,edge,2700.0,0.1000,0.0100,25,2.661,0.8015,0,0.8933,,0.700,0,
5891,3,146,edge-8,2,edge,2800.0,0.1000,0.0100,22,2.611,0.7671,0,0.8895,,0.700,0,
5892,3,146,edge-8,2,edge,2900.0,0.1000,0.0100,28,2.691,0.8318,1,0.8857,,0.700,0,
5893,3,146,edge-8,2,edge,3000.0,0.1000,0.0100,25,2.764,0.8015,1,0.8819,,0.700,0,
5894,3,146,edge-8,2,edge,3100.0,0.1003,0.0100,28,2.855,0.9029,2,0.8781,,0.700,0,
5895,3,146,edge-8,2,edge,3200.0,0.1000,0.0100,25,2.503,0.8015,3,0.8743,,0.700,0,
5896,3,146,edge-8,2,edge,3300.0,0.1001,0.0100,35,3.054,1.0000,4,0.8705,,0.700,0,
5897,3,146,edge-8,2,edge,3400.0,0.1000,0.0100,28,2.645,0.8318,4,0.8667,,0.700,0,
5898,3,146,edge-8,2,edge,3500.0,0.1000,0.0100,28,2.645,0.8318,4,0.8629,,0.700,0,
5899,3,146,edge-8,2,edge,3600.0,0.1000,0.0100,28,2.645,0.8318,3,0.8591,,0.700,0,
5900,3,146,edge-8,2,edge,3700.0,0.1000,0.0100,28,2.645,0.8318,2,0.8554,,0.700,0,
5901,3,146,edge-8,2,edge,3800.0,0.1000,0.0100,25,2.740,0.8015,2,0.8516,,0.700,0,
5902,3,146,edge-8,2,edge,3900.0,0.1000,0.0100,28,2.739,0.8318,2,0.8478,,0.700,0,
5903,3,146,edge-8,2,edge,4000.0,0.1000,0.0100,25,2.964,0.8015,2,0.8440,,0.700,0,
5904,3,146,edge-8,2,edge,4100.0,0.1000,0.0100,25,2.964,0.8015,2,0.8402,,0.700,0,
5905,3,146,edge-8,2,edge,4200.0,0.1000,0.0100,22,2.914,0.7671,2,0.8364,,0.700,0,
5906,3,146,edge-8,2,edge,4300.0,0.1000,0.0100,28,3.014,0.8318,1,0.8326,,0.700,0,
5907,3,146,edge-8,2,edge,4400.0,0.1000,0.0100,25,2.964,0.8015,0,0.8288,,0.700,0,
5908,3,146,edge-8,2,edge,4500.0,0.1000,0.0100,25,2.964,0.8015,0,0.8250,,0.700,0,
5909,3,146,edge-8,2,edge,4600.0,0.1000,0.0100,31,3.221,0.8056,1,0.8212,,0.700,0,
5910,3,146,edge-8,2,edge,4700.0,0.1000,0.0100,33,3.471,1.0000,1,0.8175,,0.700,0,
5911,3,146,edge-8,2,edge,4800.0,0.1000,0.0100,28,2.753,0.8318,2,0.8138,,0.700,0,
5912,3,146,edge-8,2,edge,4900.0,0.1000,0.0100,32,3.137,0.9897,3,0.8100,,0.700,0,
5913,3,146,edge-8,2,edge,5000.0,0.1000,0.0100,28,2.947,0.8318,4,0.8063,,0.700,0,
5914,3,149,edge-9,2,edge,0.0,0.0000,0.0100,0,2.062,,1,1.0000,,0.700,0,4619.9
5915,3,149,edge-9,2,edge,100.0,0.0400,0.0100,7,2.412,0.7980,1,0.9911,,0.700,0,4619.9
5916,3,149,edge-9,2,edge,200.0,0.1000,0.0100,22,2.962,0.7671,1,0.9875,,0.700,0,4619.9
5917,3,149,edge-9,2,edge,300.0,0.1000,0.0100,22,2.765,0.7671,2,0.9837,,0.700,0,4619.9
5918,3,149,edge-9,2,edge,400.0,0.1000,0.0100,32,2.683,0.8117,3,0.9799,,0.700,0,4619.9
5919,3,149,edge-9,2,edge,500.0,0.1000,0.0100,28,2.583,0.7844,2,0.9761,,0.700,0,4619.9
5920,3,149,edge-9,2,edge,600.0,0.1001,0.0100,32,2.710,0.9246,3,0.9724,,0.700,0,4619.9
5921,3,149,edge-9,2,edge,700.0,0.1000,0.0100,29,2.734,0.8290,4,0.9686,,0.700,0,4619.9
5922,3,149,edge-9,2,edge,800.0,0.1000,0.0100,16,2.484,0.6836,3,0.9648,,0.700,0,4619.9
5923,3,149,edge-9,2,edge,900.0,0.1000,0.0100,25,2.684,0.8210,2,0.9610,,0.700,0,4619.9
5924,3,149,edge-9,2,edge,1000.0,0.1000,0.0100,28,2.801,0.8318,2,0.9574,,0.700,0,4619.9
5925,3,149,edge-9,2,edge,1100.0,0.1000,0.0100,28,2.851,0.8529,1,0.9536,,0.700,0,4619.9
5926,3,149,edge-9,2,edge,1200.0,0.1000,0.0100,25,2.801,0.8262,0,0.9498,,0.700,0,4619.9
5927,3,149,edge-9,2,edge,1300.0,0.1000,0.0100,28,2.801,0.8318,0,0.9460,,0.700,0,4619.9
5928,3,149,edge-9,2,edge,1400.0,0.1000,0.0100,26,2.801,0.8029,0,0.9422,,0.700,0,4619.9
5929,3,149,edge-9,2,edge,1500.0,0.1000,0.0100,25,2.884,0.8015,1,0.9384,,0.700,0,4619.9
5930,3,149,edge-9,2,edge,1600.0,0.1000,0.0100,28,2.695,0.8318,1,0.9346,,0.700,0,4619.9
5931,3,149,edge-9,2,edge,1700.0,0.1000,0.0100,28,2.695,0.8318,1,0.9308,,0.700,0,4619.9
5932,3,149,edge-9,2,edge,1800.0,0.1000,0.0100,25,2.645,0.8015,1,0.9270,,0.700,0,4619.9
5933,3,149,edge-9,2,edge,1900.0,0.1000,0.0100,28,2.952,0.8318,2,0.9232,,0.700,0,4619.9
5934,3,149,edge-9,2,edge,2000.0,0.1000,0.0100,28,2.952,0.8318,1,0.9195,,0.700,0,4619.9
5935,3,149,edge-9,2,edge,2100.0,0.1000,0.0100,25,2.902,0.8015,1,0.9157,,0.700,0,4619.9
5936,3,149,edge-9,2,edge,2200.0,0.1000,0.0100,25,2.902,0.8015,1,0.9119,,0.700,0,4619.9
5937,3,149,edge-9,2,edge,2300.0,0.1000,0.0100,28,2.952,0.8318,1,0.9081,,0.700,0,4619.9
5938,3,149,edge-9,2,edge,2400.0,0.1000,0.0100,22,2.852,0.7671,0,0.9043,,0.700,0,4619.9
5939,3,149,edge-9,2,edge,2500.0,0.1000,0.0100,28,2.952,0.8318,0,0.9005,,0.700,0,4619.9
5940,3,149,edge-9,2,edge,2600.0,0.1000,0.0100,25,2.902,0.8015,0,0.8967,,0.700,0,4619.9
5941,3,149,edge-9,2,edge,2700.0,0.1000,0.0100,22,2.852,0.7642,0,0.8929,,0.700,0,4619.9
5942,3,149,edge-9,2,edge,2800.0,0.1000,0.0100,25,2.547,0.8015,1,0.8893,,0.700,0,4619.9
5943,3,149,edge-9,2,edge,2900.0,0.1000,0.0100,22,2.610,0.7671,2,0.8855,,0.700,0,4619.9
5944,3,149,edge-9,2,edge,3000.0,0.1000,0.0100,22,2.655,0.7671,3,0.8817,,0.700,0,4619.9
5945,3,149,edge-9,2,edge,3100.0,0.1000,0.0100,28,2.755,0.8318,3,0.8779,,0.700,0,4619.9
5946,3,149,edge-9,2,edge,3200.0,0.1000,0.0100,22,2.655,0.7671,3,0.8741,,0.700,0,4619.9
5947,3,149,edge-9,2,edge,3300.0,0.1000,0.0100,27,2.683,0.8715,3,0.8704,,0.700,0,4619.9
5948,3,149,edge-9,2,edge,3400.0,0.1000,0.0100,30,2.783,0.9057,2,0.8666,,0.700,0,4619.9
5949,3,149,edge-9,2,edge,3500.0,0.1000,0.0100,27,2.683,0.8651,1,0.8628,,0.700,0,4619.9
5950,3,149,edge-9,2,edge,3600.0,0.1000,0.0100,29,2.633,0.8308,1,0.8590,,0.700,0,4619.9
5951,3,149,edge-9,2,edge,3700.0,0.1000,0.0100,23,2.583,0.7827,1,0.8552,,0.700,0,4619.9
5952,3,149,edge-9,2,edge,3800.0,0.1000,0.0100,22,2.591,0.7671,1,0.8514,,0.700,0,4619.9
5953,3,149,edge-9,2,edge,3900.0,0.1000,0.0100,28,2.691,0.8318,1,0.8476,,0.700,0,4619.9
5954,3,149,edge-9,2,edge,4000.0,0.1000,0.0100,28,2.691,0.8318,1,0.8438,,0.700,0,4619.9
5955,3,149,edge-9,2,edge,4100.0,0.1000,0.0100,28,2.708,0.8318,2,0.8400,,0.700,0,4619.9
5956,3,149,edge-9,2,edge,4200.0,0.1000,0.0100,28,2.692,0.8318,2,0.8362,,0.700,0,4619.9
5957,3,149,edge-9,2,edge,4300.0,0.1000,0.0100,34,3.100,0.6972,2,0.8324,,0.700,0,4619.9
5958,3,149,edge-9,2,edge,4400.0,0.1001,0.0100,30,2.905,0.8916,2,0.8287,,0.700,0,4619.9
5959,3,149,edge-9,2,edge,4500.0,0.1004,0.0100,35,3.015,0.9963,2,0.8249,,0.700,1,4619.9
5960,3,149,edge-9,2,edge,4600.0,0.1003,0.0100,36,3.071,0.9896,1,0.8212,,0.700,1,4619.9
5961,3,152,edge-10,2,edge,0.0,0.0000,0.0100,0,2.058,,1,1.0000,,0.700,0,
5962,3,152,edge-10,2,edge,100.0,0.0400,0.0100,8,2.458,0.8914,1,0.9911,,0.700,0,
5963,3,152,edge-10,2,edge,200.0,0.1000,0.0100,22,2.958,0.7642,1,0.9873,,0.700,0,
5964,3,152,edge-10,2,edge,300.0,0.1000,0.0100,25,2.747,0.8015,1,0.9837,,0.700,0,
5965,3,152,edge-10,2,edge,400.0,0.1004,0.0100,42,3.422,0.6152,2,0.9799,,0.700,0,
5966,3,152,edge-10,2,edge,500.0,0.1000,0.0100,28,2.869,0.8318,2,0.9763,,0.700,0,
5967,3,152,edge-10,2,edge,600.0,0.1000,0.0100,30,2.762,0.8213,3,0.9725,,0.700,0,
5968,3,152,edge-10,2,edge,700.0,0.1000,0.0100,19,2.725,0.7280,4,0.9687,,0.700,0,
5969,3,152,edge-10,2,edge,800.0,0.1000,0.0100,25,2.825,0.8015,4,0.9649,,0.700,0,
5970,3,152,edge-10,2,edge,900.0,0.1000,0.0100,25,2.825,0.8015,3,0.9611,,0.700,0,
5971,3,152,edge-10,2,edge,1000.0,0.1008,0.0100,37,3.109,0.9868,3,0.9573,,0.700,0,
5972,3,152,edge-10,2,edge,1100.0,0.1000,0.0100,22,2.806,0.7671,3,0.9536,,0.700,0,
5973,3,152,edge-10,2,edge,1200.0,0.1000,0.0100,22,2.806,0.7671,2,0.9498,,0.700,0,
5974,3,152,edge-10,2,edge,1300.0,0.1000,0.0100,25,2.910,0.8015,2,0.9460,,0.700,0,
5975,3,152,edge-10,2,edge,1400.0,0.1000,0.0100,29,2.687,0.8297,3,0.9422,,0.700,0,
5976,3,152,edge-10,2,edge,1500.0,0.1000,0.0100,16,2.437,0.6818,2,0.9384,,0.700,0,
5977,3,152,edge-10,2,edge,1600.0,0.1000,0.0100,30,2.737,0.8781,1,0.9348,,0.700,0,
5978,3,152,edge-10,2,edge,1700.0,0.1000,0.0100,28,2.637,0.8318,1,0.9310,,0.700,0,
5979,3,152,edge-10,2,edge,1800.0,0.1000,0.0100,25,2.637,0.8273,1,0.9272,,0.700,0,
5980,3,152,edge-10,2,edge,1900.0,0.1000,0.0100,28,2.637,0.8318,0,0.9234,,0.700,0,
5981,3,152,edge-10,2,edge,2000.0,0.1000,0.0100,21,2.587,0.7970,0,0.9196,,0.700,0,
5982,3,152,edge-10,2,edge,2100.0,0.1000,0.0100,25,2.641,0.8015,1,0.9158,,0.700,0,
5983,3,152,edge-10,2,edge,2200.0,0.1000,0.0100,22,2.591,0.7671,1,0.9120,,0.700,0,
5984,3,152,edge-10,2,edge,2300.0,0.1000,0.0100,22,2.591,0.7671,1,0.9082,,0.700,0,
5985,3,152,edge-10,2,edge,2400.0,0.1000,0.0100,25,2.641,0.8015,1,0.9044,,0.700,0,
5986,3,152,edge-10,2,edge,2500.0,0.1000,0.0100,28,2.691,0.8318,1,0.9007,,0.700,0,
5987,3,152,edge-10,2,edge,2600.0,0.1000,0.0100,22,2.591,0.7642,0,0.8969,,0.700,0,
5988,3,152,edge-10,2,edge,2700.0,0.1000,0.0100,22,2.688,0.7671,1,0.8932,,0.700,0,
5989,3,152,edge-10,2,edge,2800.0,0.1000,0.0100,25,2.551,0.8015,2,0.8895,,0.700,0,
5990,3,152,edge-10,2,edge,2900.0,0.1000,0.0100,25,2.530,0.8015,3,0.8857,,0.700,0,
5991,3,152,edge-10,2,edge,3000.0,0.1000,0.0100,19,2.648,0.7280,4,0.8819,,0.700,0,
5992,3,152,edge-10,2,edge,3100.0,0.1000,0.0100,19,2.408,0.7257,5,0.8781,,0.700,0,
5993,3,152,edge-10,2,edge,3200.0,0.1000,0.0100,28,2.782,0.8318,4,0.8745,,0.700,0,
5994,3,152,edge-10,2,edge,3300.0,0.1000,0.0100,22,2.682,0.7671,3,0.8707,,0.700,0,
5995,3,152,edge-10,2,edge,3400.0,0.1000,0.0100,22,2.682,0.7671,2,0.8669,,0.700,0,
5996,3,152,edge-10,2,edge,3500.0,0.1000,0.0100,25,2.732,0.8015,1,0.8631,,0.700,0,
5997,3,152,edge-10,2,edge,3600.0,0.1000,0.0100,25,2.635,0.8015,1,0.8593,,0.700,0,
5998,3,152,edge-10,2,edge,3700.0,0.1000,0.0100,22,2.585,0.7671,1,0.8555,,0.700,0,
5999,3,152,edge-10,2,edge,3800.0,0.1000,0.0100,19,2.535,0.7257,1,0.8517,,0.700,0,
6000,3,152,edge-10,2,edge,3900.0,0.1000,0.0100,25,2.635,0.8015,1,0.8481,,0.700,0,
6001,3,152,edge-10,2,edge,4000.0,0.1000,0.0100,28,2.685,0.8318,1,0.8443,,0.700,0,
6002,3,152,edge-10,2,edge,4100.0,0.1000,0.0100,25,2.635,0.8015,0,0.8405,,0.700,0,
6003,3,152,edge-10,2,edge,4200.0,0.1000,0.0100,22,2.585,0.7671,0,0.8367,,0.700,0,
6004,3,152,edge-10,2,edge,4300.0,0.1000,0.0100,28,2.685,0.8318,0,0.8329,,0.700,0,
6005,3,152,edge-10,2,edge,4400.0,0.1000,0.0100,25,2.567,0.8015,1,0.8292,,0.700,0,
6006,3,152,edge-10,2,edge,4500.0,0.1000,0.0100,25,2.789,0.8015,2,0.8254,,0.700,0,
6007,3,152,edge-10,2,edge,4600.0,0.1000,0.0100,25,2.548,0.8015,2,0.8216,,0.700,0,
6008,3,152,edge-10,2,edge,4700.0,0.1000,0.0100,44,3.439,1.0000,3,0.8178,,0.700,0,
6009,3,152,edge-10,2,edge,4800.0,0.1000,0.0100,47,3.539,1.0000,3,0.8140,,0.700,0,
6010,3,152,edge-10,2,edge,4900.0,0.1000,0.0100,22,2.483,0.7642,3,0.8102,,0.700,0,
6011,3,152,edge-10,2,edge,5000.0,0.1000,0.0100,28,2.788,0.8318,3,0.8066,,0.700,0,
6012,3,155,edge-11,2,edge,0.0,0.0000,0.0100,0,1.701,,1,1.0000,,0.700,0,
6013,3,155,edge-11,2,edge,100.0,0.0401,0.0100,10,2.156,0.9720,1,0.9911,,0.700,0,
6014,3,155,edge-11,2,edge,200.0,0.1000,0.0100,22,2.605,0.7671,2,0.9873,,0.700,0,
6015,3,155,edge-11,2,edge,300.0,0.1000,0.0100,28,2.700,0.8318,3,0.9836,,0.700,0,
6016,3,155,edge-11,2,edge,400.0,0.1000,0.0100,28,2.680,0.8318,4,0.9798,,0.700,0,
6017,3,155,edge-11,2,edge,500.0,0.1000,0.0100,25,2.506,0.8015,4,0.9760,,0.700,0,
6018,3,155,edge-11,2,edge,600.0,0.1008,0.0100,44,3.051,0.9621,5,0.9722,,0.700,0,
6019,3,155,edge-11,2,edge,700.0,0.1006,0.0100,28,2.744,0.8877,5,0.9685,,0.700,0,
6020,3,155,edge-11,2,edge,800.0,0.1010,0.0100,30,2.859,0.9522,4,0.9649,,0.700,0,
6021,3,155,edge-11,2,edge,900.0,0.1010,0.0100,47,3.059,0.9297,3,0.9611,,0.700,0,
6022,3,155,edge-11,2,edge,1000.0,0.1007,0.0100,38,2.921,0.9410,3,0.9573,,0.700,0,
6023,3,155,edge-11,2,edge,1100.0,0.1011,0.0100,50,3.136,0.9358,2,0.9537,,0.700,0,
6024,3,155,edge-11,2,edge,1200.0,0.1011,0.0100,46,3.086,0.9215,1,0.9500,,0.700,0,
6025,3,155,edge-11,2,edge,1300.0,0.1000,0.0100,25,2.592,0.8015,2,0.9464,,0.700,0,
6026,3,155,edge-11,2,edge,1400.0,0.1000,0.0100,25,2.592,0.8015,2,0.9426,,0.700,0,
6027,3,155,edge-11,2,edge,1500.0,0.1000,0.0100,25,2.592,0.8015,1,0.9388,,0.700,0,
6028,3,155,edge-11,2,edge,1600.0,0.1000,0.0100,25,2.592,0.8015,1,0.9350,,0.700,0,
6029,3,155,edge-11,2,edge,1700.0,0.1000,0.0100,25,2.592,0.8015,1,0.9312,,0.700,0,
6030,3,155,edge-11,2,edge,1800.0,0.1000,0.0100,22,2.542,0.7642,0,0.9274,,0.700,0,
6031,3,155,edge-11,2,edge,1900.0,0.1000,0.0100,28,2.642,0.8318,0,0.9238,,0.700,0,
6032,3,155,edge-11,2,edge,2000.0,0.1000,0.0100,28,2.788,0.8318,1,0.9200,,0.700,0,
6033,3,155,edge-11,2,edge,2100.0,0.1000,0.0100,22,2.688,0.7642,1,0.9162,,0.700,0,
6034,3,155,edge-11,2,edge,2200.0,0.1000,0.0100,25,2.738,0.8015,1,0.9126,,0.700,0,
6035,3,155,edge-11,2,edge,2300.0,0.1000,0.0100,22,2.688,0.7642,1,0.9088,,0.700,0,
6036,3,155,edge-11,2,edge,2400.0,0.1000,0.0100,25,2.738,0.8015,1,0.9052,,0.700,0,
6037,3,155,edge-11,2,edge,2500.0,0.1000,0.0100,28,2.788,0.8318,0,0.9014,,0.700,0,
6038,3,155,edge-11,2,edge,2600.0,0.1000,0.0100,28,2.788,0.8318,0,0.8976,,0.700,0,
6039,3,155,edge-11,2,edge,2700.0,0.1000,0.0100,28,2.788,0.8318,0,0.8938,,0.700,0,
6040,3,155,edge-11,2,edge,2800.0,0.1000,0.0100,25,2.738,0.7980,0,0.8901,,0.700,0,
6041,3,155,edge-11,2,edge,2900.0,0.1000,0.0100,28,2.691,0.8318,1,0.8864,,0.700,0,
6042,3,155,edge-11,2,edge,3000.0,0.1000,0.0100,28,2.691,0.8318,1,0.8826,,0.700,0,
6043,3,155,edge-11,2,edge,3100.0,0.1000,0.0100,25,2.641,0.8015,1,0.8789,,0.700,0,
6044,3,155,edge-11,2,edge,3200.0,0.1000,0.0100,22,2.591,0.7671,1,0.8751,,0.700,0,
6045,3,155,edge-11,2,edge,3300.0,0.1000,0.0100,28,2.819,0.8318,2,0.8713,,0.700,0,
6046,3,155,edge-11,2,edge,3400.0,0.1000,0.0100,22,2.510,0.7671,2,0.8675,,0.700,0,
6047,3,155,edge-11,2,edge,3500.0,0.1000,0.0100,28,2.911,0.8318,2,0.8637,,0.700,0,
6048,3,155,edge-11,2,edge,3600.0,0.1000,0.0100,22,2.811,0.7671,2,0.8599,,0.700,0,
6049,3,155,edge-11,2,edge,3700.0,0.1000,0.0100,25,2.544,0.7980,2,0.8561,,0.700,0,
6050,3,155,edge-11,2,edge,3800.0,0.1000,0.0100,25,2.717,0.8015,2,0.8525,,0.700,0,
6051,3,155,edge-11,2,edge,3900.0,0.1000,0.0100,25,2.748,0.7980,2,0.8487,,0.700,0,
6052,3,155,edge-11,2,edge,4000.0,0.1000,0.0100,28,2.576,0.8318,3,0.8451,,0.700,0,
6053,3,155,edge-11,2,edge,4100.0,0.1000,0.0100,22,2.557,0.7671,4,0.8413,,0.700,0,
6054,3,155,edge-11,2,edge,4200.0,0.1000,0.0100,25,2.760,0.8015,5,0.8375,,0.700,0,
6055,3,155,edge-11,2,edge,4300.0,0.1000,0.0100,33,3.010,0.9079,4,0.8337,,0.700,0,
6056,3,155,edge-11,2,edge,4400.0,0.1000,0.0100,28,2.517,0.8318,4,0.8299,,0.700,0,
6057,3,155,edge-11,2,edge,4500.0,0.1000,0.0100,28,2.828,0.8318,4,0.8261,,0.700,0,
6058,3,155,edge-11,2,edge,4600.0,0.1000,0.0100,33,2.905,0.9485,4,0.8223,,0.700,0,
6059,3,155,edge-11,2,edge,4700.0,0.1000,0.0100,25,2.785,0.8015,4,0.8185,,0.700,0,
6060,3,155,edge-11,2,edge,4800.0,0.1000,0.0100,19,2.685,0.7257,4,0.8148,,0.700,0,
6061,3,155,edge-11,2,edge,4900.0,0.1000,0.0100,19,2.484,0.7280,4,0.8111,,0.700,0,
6062,3,155,edge-11,2,edge,5000.0,0.1008,0.0100,44,3.029,0.9640,4,0.8073,,0.700,0,
6063,3,158,edge-12,2,edge,0.0,0.0000,0.0100,0,1.828,,1,1.0000,,0.700,0,
6064,3,158,edge-12,2,edge,100.0,0.0400,0.0100,8,2.228,0.8914,1,0.9911,,0.700,0,
6065,3,158,edge-12,2,edge,200.0,0.1000,0.0100,25,3.012,0.8015,2,0.9873,,0.700,0,
6066,3,158,edge-12,2,edge,300.0,0.1000,0.0100,28,3.062,0.8318,2,0.9836,,0.700,0,
6067,3,158,edge-12,2,edge,400.0,0.1000,0.0100,19,2.912,0.7280,2,0.9798,,0.700,0,
6068,3,158,edge-12,2,edge,500.0,0.1000,0.0100,22,2.962,0.7671,1,0.9760,,0.700,0,
6069,3,158,edge-12,2,edge,600.0,0.1000,0.0100,25,3.012,0.8015,1,0.9722,,0.700,0,
6070,3,158,edge-12,2,edge,700.0,0.1000,0.0100,22,2.962,0.7671,0,0.9684,,0.700,0,
6071,3,158,edge-12,2,edge,800.0,0.1000,0.0100,28,3.062,0.8318,0,0.9646,,0.700,0,
6072,3,158,edge-12,2,edge,900.0,0.1000,0.0100,25,2.655,0.8015,0,0.9608,,0.700,0,
6073,3,158,edge-12,2,edge,1000.0,0.1000,0.0100,28,2.705,0.8318,0,0.9570,,0.700,0,
6074,3,158,edge-12,2,edge,1100.0,0.1000,0.0100,19,2.555,0.7280,0,0.9532,,0.700,0,
6075,3,158,edge-12,2,edge,1200.0,0.1000,0.0100,25,2.655,0.8015,0,0.9494,,0.700,0,
6076,3,158,edge-12,2,edge,1300.0,0.1000,0.0100,28,2.834,0.8318,1,0.9456,,0.700,0,
6077,3,158,edge-12,2,edge,1400.0,0.1000,0.0100,28,2.834,0.8318,1,0.9419,,0.700,0,
6078,3,158,edge-12,2,edge,1500.0,0.1000,0.0100,25,2.601,0.7980,2,0.9381,,0.700,0,
6079,3,158,edge-12,2,edge,1600.0,0.1000,0.0100,22,2.551,0.7671,2,0.9344,,0.700,0,
6080,3,158,edge-12,2,edge,1700.0,0.1000,0.0100,28,2.853,0.8318,3,0.9307,,0.700,0,
6081,3,158,edge-12,2,edge,1800.0,0.1000,0.0100,22,2.753,0.7671,2,0.9269,,0.700,0,
6082,3,158,edge-12,2,edge,1900.0,0.1000,0.0100,25,2.803,0.8015,2,0.9231,,0.700,0,
6083,3,158,edge-12,2,edge,2000.0,0.1000,0.0100,22,2.719,0.7642,2,0.9193,,0.700,0,
6084,3,158,edge-12,2,edge,2100.0,0.1000,0.0100,25,2.769,0.8015,2,0.9157,,0.700,0,
6085,3,158,edge-12,2,edge,2200.0,0.1000,0.0100,25,2.769,0.8015,1,0.9119,,0.700,0,
6086,3,158,edge-12,2,edge,2300.0,0.1000,0.0100,28,2.819,0.8318,1,0.9081,,0.700,0,
6087,3,158,edge-12,2,edge,2400.0,0.1000,0.0100,25,2.526,0.8015,2,0.9043,,0.700,0,
6088,3,158,edge-12,2,edge,2500.0,0.1000,0.0100,25,2.526,0.7980,1,0.9005,,0.700,0,
6089,3,158,edge-12,2,edge,2600.0,0.1000,0.0100,28,2.576,0.8318,1,0.8969,,0.700,0,
6090,3,158,edge-12,2,edge,2700.0,0.1000,0.0100,25,2.800,0.8015,2,0.8931,,0.700,0,
6091,3,158,edge-12,2,edge,2800.0,0.1000,0.0100,28,2.850,0.8318,2,0.8893,,0.700,0,
6092,3,158,edge-12,2,edge,2900.0,0.1000,0.0100,28,2.616,0.8318,2,0.8855,,0.700,0,
6093,3,158,edge-12,2,edge,3000.0,0.1008,0.0100,41,3.142,0.9329,3,0.8817,,0.700,0,
6094,3,158,edge-12,2,edge,3100.0,0.1000,0.0100,19,2.409,0.7280,4,0.8781,,0.700,0,
6095,3,158,edge-12,2,edge,3200.0,0.1008,0.0100,44,3.027,0.9642,4,0.8743,,0.700,0,
6096,3,158,edge-12,2,edge,3300.0,0.1000,0.0100,28,2.913,0.8318,5,0.8707,,0.700,0,
6097,3,158,edge-12,2,edge,3400.0,0.1000,0.0100,22,2.468,0.7671,5,0.8669,,0.700,0,
6098,3,158,edge-12,2,edge,3500.0,0.1000,0.0100,28,2.568,0.8318,4,0.8631,,0.700,0,
6099,3,158,edge-12,2,edge,3600.0,0.1008,0.0100,44,3.036,0.9634,4,0.8593,,0.700,0,
6100,3,158,edge-12,2,edge,3700.0,0.1007,0.0100,38,2.986,0.9554,4,0.8557,,0.700,0,
6101,3,158,edge-12,2,edge,3800.0,0.1004,0.0100,41,3.146,0.6583,4,0.8520,,0.700,0,
6102,3,158,edge-12,2,edge,3900.0,0.1008,0.0100,37,2.961,0.9392,3,0.8482,,0.700,0,
6103,3,158,edge-12,2,edge,4000.0,0.1003,0.0100,36,2.941,0.9360,3,0.8446,,0.700,0,
6104,3,158,edge-12,2,edge,4100.0,0.1000,0.0100,33,2.818,0.7099,3,0.8408,,0.700,0,
6105,3,158,edge-12,2,edge,4200.0,0.1000,0.0100,32,2.718,0.8124,2,0.8370,,0.700,0,
6106,3,158,edge-12,2,edge,4300.0,0.1000,0.0100,30,2.668,0.8244,1,0.8332,,0.700,0,
6107,3,158,edge-12,2,edge,4400.0,0.1001,0.0100,26,2.573,0.8798,1,0.8294,,0.700,0,
6108,3,158,edge-12,2,edge,4500.0,0.1001,0.0100,26,2.573,0.8798,1,0.8256,,0.700,0,
6109,3,158,edge-12,2,edge,4600.0,0.1003,0.0100,30,2.678,0.9602,0,0.8218,,0.700,0,
6110,3,158,edge-12,2,edge,4700.0,0.1001,0.0100,29,2.623,0.9048,0,0.8181,,0.700,0,
6111,3,158,edge-12,2,edge,4800.0,0.1001,0.0100,29,2.623,0.9048,0,0.8143,,0.700,0,
6112,3,158,edge-12,2,edge,4900.0,0.1001,0.0100,26,2.573,0.8809,0,0.8105,,0.700,0,
6113,3,158,edge-12,2,edge,5000.0,0.1001,0.0100,26,2.573,0.8801,0,0.8067,,0.700,0,
6114,3,161,edge-13,2,edge,0.0,0.0000,0.0100,0,1.739,,1,1.0000,,0.700,0,
6115,3,161,edge-13,2,edge,100.0,0.0400,0.0100,7,2.089,0.7980,1,0.9911,,0.700,0,
6116,3,161,edge-13,2,edge,200.0,0.1000,0.0100,25,2.964,0.8015,1,0.9875,,0.700,0,
6117,3,161,edge-13,2,edge,300.0,0.1000,0.0100,22,2.914,0.7671,1,0.9837,,0.700,0,
6118,3,161,edge-13,2,edge,400.0,0.1000,0.0100,28,3.014,0.8318,1,0.9799,,0.700,0,
6119,3,161,edge-13,2,edge,500.0,0.1000,0.0100,25,2.964,0.8015,0,0.9761,,0.700,0,
6120,3,161,edge-13,2,edge,600.0,0.1000,0.0100,22,2.914,0.7671,0,0.9724,,0.700,0,
6121,3,161,edge-13,2,edge,700.0,0.1000,0.0100,28,3.014,0.8318,0,0.9686,,0.700,0,
6122,3,161,edge-13,2,edge,800.0,0.1000,0.0100,47,3.721,1.0000,1,0.9648,,0.700,0,
6123,3,161,edge-13,2,edge,900.0,0.1000,0.0100,44,3.621,0.9151,1,0.9610,,0.700,0,
6124,3,161,edge-13,2,edge,1000.0,0.1000,0.0100,22,2.653,0.7671,2,0.9572,,0.700,0,
6125,3,161,edge-13,2,edge,1100.0,0.1000,0.0100,22,2.637,0.7671,3,0.9534,,0.700,0,
6126,3,161,edge-13,2,edge,1200.0,0.1000,0.0100,28,2.947,0.8318,4,0.9496,,0.700,0,
6127,3,161,edge-13,2,edge,1300.0,0.1000,0.0100,28,2.925,0.8318,3,0.9458,,0.700,0,
6128,3,161,edge-13,2,edge,1400.0,0.1000,0.0100,25,3.091,0.8015,4,0.9420,,0.700,0,
6129,3,161,edge-13,2,edge,1500.0,0.1000,0.0100,28,2.707,0.8318,4,0.9382,,0.700,0,
6130,3,161,edge-13,2,edge,1600.0,0.1006,0.0100,40,3.296,0.9026,4,0.9344,,0.700,0,
6131,3,161,edge-13,2,edge,1700.0,0.1000,0.0100,25,2.905,0.8015,4,0.9306,,0.700,0,
6132,3,161,edge-13,2,edge,1800.0,0.1000,0.0100,28,2.955,0.8318,4,0.9269,,0.700,0,
6133,3,161,edge-13,2,edge,1900.0,0.1000,0.0100,22,2.855,0.7671,3,0.9231,,0.700,0,
6134,3,161,edge-13,2,edge,2000.0,0.1000,0.0100,25,2.905,0.8015,2,0.9193,,0.700,0,
6135,3,161,edge-13,2,edge,2100.0,0.1000,0.0100,25,2.905,0.8015,1,0.9155,,0.700,0,
6136,3,161,edge-13,2,edge,2200.0,0.1000,0.0100,28,3.085,0.8318,1,0.9117,,0.700,0,
6137,3,161,edge-13,2,edge,2300.0,0.1000,0.0100,25,3.035,0.8015,1,0.9079,,0.700,0,
6138,3,161,edge-13,2,edge,2400.0,0.1000,0.0100,28,2.785,0.8318,2,0.9041,,0.700,0,
6139,3,161,edge-13,2,edge,2500.0,0.1000,0.0100,28,2.785,0.8318,2,0.9003,,0.700,0,
6140,3,161,edge-13,2,edge,2600.0,0.1000,0.0100,22,2.685,0.7671,2,0.8965,,0.700,0,
6141,3,161,edge-13,2,edge,2700.0,0.1000,0.0100,25,2.735,0.8015,1,0.8927,,0.700,0,
6142,3,161,edge-13,2,edge,2800.0,0.1000,0.0100,25,3.051,0.8015,1,0.8890,,0.700,0,
6143,3,161,edge-13,2,edge,2900.0,0.1000,0.0100,22,2.670,0.7671,1,0.8852,,0.700,0,
6144,3,161,edge-13,2,edge,3000.0,0.1000,0.0100,26,2.820,0.8242,1,0.8814,,0.700,0,
6145,3,161,edge-13,2,edge,3100.0,0.1000,0.0100,22,2.679,0.7671,2,0.8776,,0.700,0,
6146,3,161,edge-13,2,edge,3200.0,0.1000,0.0100,44,3.577,0.7808,3,0.8738,,0.700,0,
6147,3,161,edge-13,2,edge,3300.0,0.1000,0.0100,30,3.177,0.6789,3,0.8700,,0.700,0,
6148,3,161,edge-13,2,edge,3400.0,0.1000,0.0100,25,2.605,0.8015,3,0.8664,,0.700,0,
6149,3,161,edge-13,2,edge,3500.0,0.1000,0.0100,28,2.655,0.8318,3,0.8626,,0.700,0,
6150,3,161,edge-13,2,edge,3600.0,0.1000,0.0100,25,2.605,0.8015,2,0.8588,,0.700,0,
6151,3,161,edge-13,2,edge,3700.0,0.1000,0.0100,34,3.167,0.6727,2,0.8550,,0.700,0,
6152,3,161,edge-13,2,edge,3800.0,0.1000,0.0100,28,2.823,0.8318,3,0.8512,,0.700,0,
6153,3,161,edge-13,2,edge,3900.0,0.1000,0.0100,28,2.861,0.8318,3,0.8474,,0.700,0,
6154,3,161,edge-13,2,edge,4000.0,0.1000,0.0100,28,2.747,0.8318,4,0.8436,,0.700,0,
6155,3,161,edge-13,2,edge,4100.0,0.1000,0.0100,22,2.647,0.7671,4,0.8398,,0.700,0,
6156,3,161,edge-13,2,edge,4200.0,0.1000,0.0100,28,2.747,0.8318,3,0.8361,,0.700,0,
6157,3,161,edge-13,2,edge,4300.0,0.1000,0.0100,28,2.747,0.8318,2,0.8323,,0.700,0,
6158,3,161,edge-13,2,edge,4400.0,0.1000,0.0100,28,2.987,0.8318,1,0.8285,,0.700,0,
6159,3,161,edge-13,2,edge,4500.0,0.1000,0.0100,25,2.650,0.8015,0,0.8247,,0.700,0,
6160,3,161,edge-13,2,edge,4600.0,0.1000,0.0100,27,2.699,0.9053,1,0.8209,,0.700,0,
6161,3,161,edge-13,2,edge,4700.0,0.1000,0.0100,25,2.549,0.8015,1,0.8171,,0.700,0,
6162,3,161,edge-13,2,edge,4800.0,0.1000,0.0100,25,2.830,0.8015,2,0.8133,,0.700,0,
6163,3,161,edge-13,2,edge,4900.0,0.1000,0.0100,28,2.880,0.8318,2,0.8095,,0.700,0,
6164,3,161,edge-13,2,edge,5000.0,0.1000,0.0100,25,2.830,0.7980,2,0.8057,,0.700,0,
6165,3,164,edge-14,2,edge,0.0,0.0000,0.0100,0,1.533,,1,1.0000,,0.700,0,
6166,3,164,edge-14,2,edge,100.0,0.0400,0.0100,7,1.883,0.7980,1,0.9911,,0.700,0,
6167,3,164,edge-14,2,edge,200.0,0.1008,0.0100,41,2.885,0.9520,2,0.9875,,0.700,0,
6168,3,164,edge-14,2,edge,300.0,0.1003,0.0100,36,3.044,1.0000,3,0.9839,,0.700,0,
6169,3,164,edge-14,2,edge,400.0,0.1000,0.0100,32,2.834,0.8106,3,0.9801,,0.700,0,
6170,3,164,edge-14,2,edge,500.0,0.1000,0.0100,25,2.684,0.7754,2,0.9763,,0.700,0,
6171,3,164,edge-14,2,edge,600.0,0.1000,0.0100,21,2.751,0.7437,2,0.9725,,0.700,0,
6172,3,164,edge-14,2,edge,700.0,0.1000,0.0100,26,2.801,0.8030,1,0.9687,,0.700,0,
6173,3,164,edge-14,2,edge,800.0,0.1000,0.0100,28,2.801,0.8318,0,0.9649,,0.700,0,
6174,3,164,edge-14,2,edge,900.0,0.1001,0.0100,26,2.806,0.8772,0,0.9611,,0.700,0,
6175,3,164,edge-14,2,edge,1000.0,0.1000,0.0100,28,2.801,0.8318,0,0.9573,,0.700,0,
6176,3,164,edge-14,2,edge,1100.0,0.1000,0.0100,28,2.934,0.8318,1,0.9536,,0.700,0,
6177,3,164,edge-14,2,edge,1200.0,0.1000,0.0100,28,2.695,0.8318,1,0.9498,,0.700,0,
6178,3,164,edge-14,2,edge,1300.0,0.1000,0.0100,25,2.645,0.8015,1,0.9460,,0.700,0,
6179,3,164,edge-14,2,edge,1400.0,0.1000,0.0100,25,2.645,0.8015,1,0.9422,,0.700,0,
6180,3,164,edge-14,2,edge,1500.0,0.1000,0.0100,28,2.952,0.8318,2,0.9384,,0.700,0,
6181,3,164,edge-14,2,edge,1600.0,0.1000,0.0100,28,2.952,0.8318,1,0.9346,,0.700,0,
6182,3,164,edge-14,2,edge,1700.0,0.1000,0.0100,28,2.952,0.8318,1,0.9308,,0.700,0,
6183,3,164,edge-14,2,edge,1800.0,0.1000,0.0100,28,2.952,0.8318,1,0.9270,,0.700,0,
6184,3,164,edge-14,2,edge,1900.0,0.1000,0.0100,28,2.952,0.8318,1,0.9232,,0.700,0,
6185,3,164,edge-14,2,edge,2000.0,0.1000,0.0100,25,2.902,0.8015,0,0.9194,,0.700,0,
6186,3,164,edge-14,2,edge,2100.0,0.1000,0.0100,28,2.952,0.8318,0,0.9156,,0.700,0,
6187,3,164,edge-14,2,edge,2200.0,0.1000,0.0100,25,2.902,0.8015,0,0.9119,,0.700,0,
6188,3,164,edge-14,2,edge,2300.0,0.1000,0.0100,19,2.802,0.7280,0,0.9081,,0.700,0,
6189,3,164,edge-14,2,edge,2400.0,0.1000,0.0100,22,2.497,0.7671,1,0.9043,,0.700,0,
6190,3,164,edge-14,2,edge,2500.0,0.1000,0.0100,25,2.660,0.8015,2,0.9005,,0.700,0,
6191,3,164,edge-14,2,edge,2600.0,0.1000,0.0100,22,2.655,0.7671,3,0.8967,,0.700,0,
6192,3,164,edge-14,2,edge,2700.0,0.1000,0.0100,28,2.755,0.8318,3,0.8929,,0.700,0,
6193,3,164,edge-14,2,edge,2800.0,0.1000,0.0100,28,2.755,0.8318,3,0.8891,,0.700,0,
6194,3,164,edge-14,2,edge,2900.0,0.1000,0.0100,32,2.733,0.9256,3,0.8853,,0.700,0,
6195,3,164,edge-14,2,edge,3000.0,0.1000,0.0100,31,2.783,0.8852,2,0.8815,,0.700,0,
6196,3,164,edge-14,2,edge,3100.0,0.1000,0.0100,31,2.783,0.9413,1,0.8777,,0.700,0,
6197,3,164,edge-14,2,edge,3200.0,0.1000,0.0100,33,2.833,0.9632,1,0.8740,,0.700,0,
6198,3,164,edge-14,2,edge,3300.0,0.1000,0.0100,33,2.783,0.9110,1,0.8702,,0.700,0,
6199,3,164,edge-14,2,edge,3400.0,0.1000,0.0100,22,2.591,0.7671,1,0.8664,,0.700,0,
6200,3,164,edge-14,2,edge,3500.0,0.1000,0.0100,25,2.641,0.8015,1,0.8626,,0.700,0,
6201,3,164,edge-14,2,edge,3600.0,0.1000,0.0100,25,2.641,0.8015,1,0.8588,,0.700,0,
6202,3,164,edge-14,2,edge,3700.0,0.1000,0.0100,19,2.558,0.7280,2,0.8550,,0.700,0,
6203,3,164,edge-14,2,edge,3800.0,0.1000,0.0100,25,2.642,0.8015,2,0.8512,,0.700,0,
6204,3,164,edge-14,2,edge,3900.0,0.1007,0.0100,38,3.025,0.9232,2,0.8474,,0.700,0,
6205,3,164,edge-14,2,edge,4000.0,0.1011,0.0100,50,3.240,0.9238,2,0.8436,,0.700,0,
6206,3,164,edge-14,2,edge,4100.0,0.1011,0.0100,46,3.190,0.9323,2,0.8400,,0.700,0,
6207,3,164,edge-14,2,edge,4200.0,0.1011,0.0100,46,3.251,0.9055,1,0.8363,,0.700,0,
6208,3,164,edge-14,2,edge,4300.0,0.1000,0.0100,28,2.626,0.8318,2,0.8327,,0.700,0,
6209,3,164,edge-14,2,edge,4400.0,0.1008,0.0100,37,2.989,0.9921,2,0.8289,,0.700,0,
6210,3,164,edge-14,2,edge,4500.0,0.1008,0.0100,37,2.920,0.9424,3,0.8251,,0.700,0,
6211,3,164,edge-14,2,edge,4600.0,0.1000,0.0100,28,2.615,0.8318,4,0.8215,,0.700,0,
6212,3,164,edge-14,2,edge,4700.0,0.1000,0.0100,22,2.507,0.7671,5,0.8177,,0.700,0,
6213,3,164,edge-14,2,edge,4800.0,0.1000,0.0100,22,2.808,0.7671,4,0.8139,,0.700,0,
6214,3,164,edge-14,2,edge,4900.0,0.1000,0.0100,28,2.908,0.8318,3,0.8101,,0.700,0,
6215,3,164,edge-14,2,edge,5000.0,0.1000,0.0100,16,2.339,0.6818,3,0.8063,,0.700,0,
6216,3,167,edge-15,2,edge,0.0,0.0000,0.0100,0,1.782,,1,1.0000,,0.700,0,
6217,3,167,edge-15,2,edge,100.0,0.0400,0.0100,8,2.182,0.8914,1,0.9911,,0.700,0,
6218,3,167,edge-15,2,edge,200.0,0.1000,0.0100,25,2.732,0.8015,1,0.9873,,0.700,0,
6219,3,167,edge-15,2,edge,300.0,0.1000,0.0100,25,2.732,0.8015,1,0.9836,,0.700,0,
6220,3,167,edge-15,2,edge,400.0,0.1000,0.0100,25,2.635,0.8015,2,0.9798,,0.700,0,
6221,3,167,edge-15,2,edge,500.0,0.1000,0.0100,28,2.685,0.8318,1,0.9760,,0.700,0,
6222,3,167,edge-15,2,edge,600.0,0.1000,0.0100,25,2.635,0.8015,1,0.9722,,0.700,0,
6223,3,167,edge-15,2,edge,700.0,0.1000,0.0100,25,2.635,0.8015,1,0.9684,,0.700,0,
6224,3,167,edge-15,2,edge,800.0,0.1000,0.0100,22,2.585,0.7671,1,0.9646,,0.700,0,
6225,3,167,edge-15,2,edge,900.0,0.1000,0.0100,22,2.585,0.7671,0,0.9608,,0.700,0,
6226,3,167,edge-15,2,edge,1000.0,0.1000,0.0100,28,2.685,0.8318,0,0.9570,,0.700,0,
6227,3,167,edge-15,2,edge,1100.0,0.1000,0.0100,28,2.685,0.8318,0,0.9532,,0.700,0,
6228,3,167,edge-15,2,edge,1200.0,0.1000,0.0100,28,2.617,0.8318,1,0.9494,,0.700,0,
6229,3,167,edge-15,2,edge,1300.0,0.1000,0.0100,28,2.839,0.8318,2,0.9456,,0.700,0,
6230,3,167,edge-15,2,edge,1400.0,0.1000,0.0100,25,2.548,0.8015,2,0.9419,,0.700,0,
6231,3,167,edge-15,2,edge,1500.0,0.1000,0.0100,36,3.139,0.7373,3,0.9381,,0.700,0,
6232,3,167,edge-15,2,edge,1600.0,0.1000,0.0100,34,3.089,0.7525,3,0.9343,,0.700,0,
6233,3,167,edge-15,2,edge,1700.0,0.1000,0.0100,25,2.533,0.8015,3,0.9305,,0.700,0,
6234,3,167,edge-15,2,edge,1800.0,0.1000,0.0100,28,2.788,0.8318,3,0.9267,,0.700,0,
6235,3,167,edge-15,2,edge,1900.0,0.1000,0.0100,28,2.712,0.8318,4,0.9229,,0.700,0,
6236,3,167,edge-15,2,edge,2000.0,0.1000,0.0100,28,2.595,0.8318,3,0.9191,,0.700,0,
6237,3,167,edge-15,2,edge,2100.0,0.1008,0.0100,44,2.903,0.9762,4,0.9153,,0.700,0,
6238,3,167,edge-15,2,edge,2200.0,0.1000,0.0100,22,2.642,0.7671,4,0.9117,,0.700,0,
6239,3,167,edge-15,2,edge,2300.0,0.1000,0.0100,34,2.933,0.8956,4,0.9079,,0.700,0,
6240,3,167,edge-15,2,edge,2400.0,0.1000,0.0100,28,2.715,0.8318,4,0.9041,,0.700,0,
6241,3,167,edge-15,2,edge,2500.0,0.1000,0.0100,28,2.715,0.8318,4,0.9003,,0.700,0,
6242,3,167,edge-15,2,edge,2600.0,0.1000,0.0100,29,2.928,0.8961,4,0.8965,,0.700,0,
6243,3,167,edge-15,2,edge,2700.0,0.1000,0.0100,30,2.978,0.8846,3,0.8929,,0.700,0,
6244,3,167,edge-15,2,edge,2800.0,0.1003,0.0100,26,2.618,0.9429,3,0.8893,,0.700,0,
6245,3,167,edge-15,2,edge,2900.0,0.1000,0.0100,27,2.874,0.8629,3,0.8855,,0.700,0,
6246,3,167,edge-15,2,edge,3000.0,0.1000,0.0100,25,2.774,0.8266,3,0.8819,,0.700,0,
6247,3,167,edge-15,2,edge,3100.0,0.1000,0.0100,31,2.974,0.8564,2,0.8781,,0.700,0,
6248,3,167,edge-15,2,edge,3200.0,0.1003,0.0100,32,2.729,1.0000,3,0.8743,,0.700,0,
6249,3,167,edge-15,2,edge,3300.0,0.1003,0.0100,33,2.679,0.9806,2,0.8705,,0.700,0,
6250,3,167,edge-15,2,edge,3400.0,0.1000,0.0100,33,2.769,0.9265,1,0.8667,,0.700,0,
6251,3,167,edge-15,2,edge,3500.0,0.1000,0.0100,27,2.619,0.8681,1,0.8629,,0.700,0,
6252,3,167,edge-15,2,edge,3600.0,0.1000,0.0100,29,2.569,0.8320,1,0.8591,,0.700,0,
6253,3,167,edge-15,2,edge,3700.0,0.1007,0.0100,38,3.008,0.9434,1,0.8553,,0.700,0,
6254,3,167,edge-15,2,edge,3800.0,0.1011,0.0100,46,3.173,0.8757,1,0.8515,,0.700,0,
6255,3,167,edge-15,2,edge,3900.0,0.1013,0.0100,45,3.178,0.8724,1,0.8477,,0.700,0,
6256,3,167,edge-15,2,edge,4000.0,0.1000,0.0100,25,2.720,0.7980,2,0.8441,,0.700,0,
6257,3,167,edge-15,2,edge,4100.0,0.1000,0.0100,28,2.770,0.8318,2,0.8405,,0.700,0,
6258,3,167,edge-15,2,edge,4200.0,0.1000,0.0100,22,2.670,0.7642,1,0.8367,,0.700,0,
6259,3,167,edge-15,2,edge,4300.0,0.1000,0.0100,28,2.770,0.8318,1,0.8331,,0.700,0,
6260,3,167,edge-15,2,edge,4400.0,0.1007,0.0100,38,2.756,0.9415,2,0.8293,,0.700,0,
6261,3,167,edge-15,2,edge,4500.0,0.1000,0.0100,25,2.719,0.8015,2,0.8255,,0.700,0,
6262,3,167,edge-15,2,edge,4600.0,0.1000,0.0100,35,3.015,0.9849,3,0.8217,,0.700,0,
6263,3,167,edge-15,2,edge,4700.0,0.1000,0.0100,33,2.915,0.9788,3,0.8179,,0.700,0,
6264,3,167,edge-15,2,edge,4800.0,0.1008,0.0100,44,3.099,0.9583,4,0.8141,,0.700,0,
6265,3,167,edge-15,2,edge,4900.0,0.1000,0.0100,22,2.579,0.7671,4,0.8105,,0.700,0,
6266,3,167,edge-15,2,edge,5000.0,0.1000,0.0100,19,2.529,0.7280,3,0.8067,,0.700,0,
6267,3,170,edge-16,2,edge,0.0,0.0000,0.0100,0,1.788,,1,1.0000,,0.700,0,
6268,3,170,edge-16,2,edge,100.0,0.0400,0.0100,8,2.188,0.8914,1,0.9911,,0.700,0,
6269,3,170,edge-16,2,edge,200.0,0.1000,0.0100,28,2.788,0.8318,1,0.9873,,0.700,0,
6270,3,170,edge-16,2,edge,300.0,0.1000,0.0100,28,2.788,0.8318,1,0.9836,,0.700,0,
6271,3,170,edge-16,2,edge,400.0,0.1000,0.0100,25,2.738,0.8015,1,0.9798,,0.700,0,
6272,3,170,edge-16,2,edge,500.0,0.1000,0.0100,25,2.738,0.8015,0,0.9760,,0.700,0,
6273,3,170,edge-16,2,edge,600.0,0.1000,0.0100,22,2.688,0.7671,0,0.9722,,0.700,0,
6274,3,170,edge-16,2,edge,700.0,0.1000,0.0100,28,2.691,0.8318,1,0.9684,,0.700,0,
6275,3,170,edge-16,2,edge,800.0,0.1000,0.0100,25,2.641,0.8015,1,0.9646,,0.700,0,
6276,3,170,edge-16,2,edge,900.0,0.1000,0.0100,25,2.641,0.8015,1,0.9608,,0.700,0,
6277,3,170,edge-16,2,edge,1000.0,0.1000,0.0100,22,2.591,0.7671,1,0.9570,,0.700,0,
6278,3,170,edge-16,2,edge,1100.0,0.1000,0.0100,25,2.769,0.8015,2,0.9532,,0.700,0,
6279,3,170,edge-16,2,edge,1200.0,0.1000,0.0100,28,2.610,0.8318,2,0.9494,,0.700,0,
6280,3,170,edge-16,2,edge,1300.0,0.1000,0.0100,28,2.911,0.8318,2,0.9456,,0.700,0,
6281,3,170,edge-16,2,edge,1400.0,0.1000,0.0100,15,2.661,0.6326,2,0.9419,,0.700,0,
6282,3,170,edge-16,2,edge,1500.0,0.1000,0.0100,28,2.594,0.8318,2,0.9381,,0.700,0,
6283,3,170,edge-16,2,edge,1600.0,0.1000,0.0100,25,2.717,0.8015,2,0.9343,,0.700,0,
6284,3,170,edge-16,2,edge,1700.0,0.1000,0.0100,28,2.798,0.8318,2,0.9305,,0.700,0,
6285,3,170,edge-16,2,edge,1800.0,0.1000,0.0100,28,2.576,0.8318,3,0.9267,,0.700,0,
6286,3,170,edge-16,2,edge,1900.0,0.1000,0.0100,28,2.657,0.8318,4,0.9229,,0.700,0,
6287,3,170,edge-16,2,edge,2000.0,0.1000,0.0100,28,2.860,0.8372,5,0.9191,,0.700,0,
6288,3,170,edge-16,2,edge,2100.0,0.1000,0.0100,28,2.810,0.8318,4,0.9153,,0.700,0,
6289,3,170,edge-16,2,edge,2200.0,0.1000,0.0100,28,2.517,0.8318,4,0.9115,,0.700,0,
6290,3,170,edge-16,2,edge,2300.0,0.1000,0.0100,22,2.728,0.7642,4,0.9077,,0.700,0,
6291,3,170,edge-16,2,edge,2400.0,0.1000,0.0100,25,2.655,0.8015,4,0.9041,,0.700,0,
6292,3,170,edge-16,2,edge,2500.0,0.1000,0.0100,25,2.785,0.7980,4,0.9003,,0.700,0,
6293,3,170,edge-16,2,edge,2600.0,0.1000,0.0100,25,2.785,0.8015,4,0.8967,,0.700,0,
6294,3,170,edge-16,2,edge,2700.0,0.1000,0.0100,22,2.534,0.7671,4,0.8929,,0.700,0,
6295,3,170,edge-16,2,edge,2800.0,0.1003,0.0100,36,2.909,0.9925,4,0.8891,,0.700,0,
6296,3,170,edge-16,2,edge,2900.0,0.1000,0.0100,30,2.783,0.8898,4,0.8855,,0.700,0,
6297,3,170,edge-16,2,edge,3000.0,0.1000,0.0100,25,2.633,0.8271,3,0.8817,,0.700,0,
6298,3,170,edge-16,2,edge,3100.0,0.1000,0.0100,28,2.783,0.8519,3,0.8779,,0.700,0,
6299,3,170,edge-16,2,edge,3200.0,0.1000,0.0100,25,2.720,0.8015,3,0.8743,,0.700,0,
6300,3,170,edge-16,2,edge,3300.0,0.1000,0.0100,28,2.770,0.8318,2,0.8705,,0.700,0,
6301,3,170,edge-16,2,edge,3400.0,0.1000,0.0100,19,2.620,0.7280,1,0.8667,,0.700,0,
6302,3,170,edge-16,2,edge,3500.0,0.1000,0.0100,25,2.720,0.8015,1,0.8629,,0.700,0,
6303,3,170,edge-16,2,edge,3600.0,0.1000,0.0100,28,2.588,0.8318,2,0.8591,,0.700,0,
6304,3,170,edge-16,2,edge,3700.0,0.1000,0.0100,26,2.754,0.8223,2,0.8554,,0.700,0,
6305,3,170,edge-16,2,edge,3800.0,0.1000,0.0100,25,2.565,0.8015,3,0.8516,,0.700,0,
6306,3,170,edge-16,2,edge,3900.0,0.1000,0.0100,16,2.700,0.6818,4,0.8478,,0.700,0,
6307,3,170,edge-16,2,edge,4000.0,0.1000,0.0100,28,2.900,0.8318,4,0.8442,,0.700,0,
6308,3,170,edge-16,2,edge,4100.0,0.1000,0.0100,25,2.850,0.8015,3,0.8404,,0.700,0,
6309,3,170,edge-16,2,edge,4200.0,0.1000,0.0100,22,2.800,0.7642,2,0.8366,,0.700,0,
6310,3,170,edge-16,2,edge,4300.0,0.1000,0.0100,28,2.900,0.8318,1,0.8330,,0.700,0,
6311,3,170,edge-16,2,edge,4400.0,0.1000,0.0100,22,2.800,0.7642,0,0.8292,,0.700,0,
6312,3,170,edge-16,2,edge,4500.0,0.1000,0.0100,32,3.411,0.8946,1,0.8255,,0.700,0,
6313,3,170,edge-16,2,edge,4600.0,0.1000,0.0100,31,3.311,0.8053,1,0.8218,,0.700,0,
6314,3,170,edge-16,2,edge,4700.0,0.1000,0.0100,41,3.661,1.0000,1,0.8180,,0.700,0,
6315,3,170,edge-16,2,edge,4800.0,0.1000,0.0100,19,2.685,0.7257,2,0.8142,,0.700,0,
6316,3,170,edge-16,2,edge,4900.0,0.1000,0.0100,28,2.849,0.8318,3,0.8106,,0.700,0,
6317,3,170,edge-16,2,edge,5000.0,0.1000,0.0100,25,2.799,0.8015,2,0.8068,,0.700,0,
6318,3,173,edge-17,2,edge,0.0,0.0000,0.0100,0,1.761,,1,1.0000,,0.700,0,
6319,3,173,edge-17,2,edge,100.0,0.0401,0.0100,10,2.216,0.9699,1,0.9911,,0.700,0,
6320,3,173,edge-17,2,edge,200.0,0.1008,0.0100,37,2.961,0.9201,2,0.9873,,0.700,0,
6321,3,173,edge-17,2,edge,300.0,0.1010,0.0100,47,3.116,0.9230,2,0.9837,,0.700,0,
6322,3,173,edge-17,2,edge,400.0,0.1011,0.0100,42,3.071,0.8932,2,0.9799,,0.700,0,
6323,3,173,edge-17,2,edge,500.0,0.1008,0.0100,44,2.898,0.9768,2,0.9761,,0.700,0,
6324,3,173,edge-17,2,edge,600.0,0.1010,0.0100,47,2.953,0.9699,2,0.9724,,0.700,0,
6325,3,173,edge-17,2,edge,700.0,0.1013,0.0100,49,3.013,0.9162,1,0.9688,,0.700,0,
6326,3,173,edge-17,2,edge,800.0,0.1013,0.0100,45,2.963,0.9023,1,0.9652,,0.700,0,
6327,3,173,edge-17,2,edge,900.0,0.1013,0.0100,52,3.063,0.9291,1,0.9615,,0.700,0,
6328,3,173,edge-17,2,edge,1000.0,0.1011,0.0100,50,3.008,0.9542,0,0.9579,,0.700,0,
6329,3,173,edge-17,2,edge,1100.0,0.1011,0.0100,50,3.008,0.9542,0,0.9542,,0.700,0,
6330,3,173,edge-17,2,edge,1200.0,0.1011,0.0100,46,2.958,0.9386,0,0.9506,,0.700,0,
6331,3,173,edge-17,2,edge,1300.0,0.1013,0.0100,49,3.013,0.9162,0,0.9470,,0.700,0,
6332,3,173,edge-17,2,edge,1400.0,0.1014,0.0100,55,3.118,0.8939,0,0.9433,,0.700,0,
6333,3,173,edge-17,2,edge,1500.0,0.1011,0.0100,46,2.958,0.9386,0,0.9397,,0.700,0,
6334,3,173,edge-17,2,edge,1600.0,0.1014,0.0100,47,3.018,0.9570,0,0.9360,,0.700,0,
6335,3,173,edge-17,2,edge,1700.0,0.1013,0.0100,49,3.013,0.9946,0,0.9324,,0.700,0,
6336,3,173,edge-17,2,edge,1800.0,0.1011,0.0100,46,2.958,0.9386,0,0.9288,,0.700,0,
6337,3,173,edge-17,2,edge,1900.0,0.1013,0.0100,52,3.063,0.9291,0,0.9251,,0.700,0,
6338,3,173,edge-17,2,edge,2000.0,0.1011,0.0100,50,3.008,0.9542,0,0.9215,,0.700,0,
6339,3,173,edge-17,2,edge,2100.0,0.1013,0.0100,49,3.013,0.9162,0,0.9178,,0.700,0,
6340,3,173,edge-17,2,edge,2200.0,0.1011,0.0100,46,2.958,0.9061,0,0.9142,,0.700,0,
6341,3,173,edge-17,2,edge,2300.0,0.1014,0.0100,47,3.018,0.8726,0,0.9104,,0.700,0,
6342,3,173,edge-17,2,edge,2400.0,0.1013,0.0100,52,3.063,1.0000,0,0.9067,,0.700,0,
6343,3,173,edge-17,2,edge,2500.0,0.1013,0.0100,49,3.013,0.9162,0,0.9031,,0.700,0,
6344,3,173,edge-17,2,edge,2600.0,0.1000,0.0100,28,2.691,0.8318,1,0.8995,,0.700,0,
6345,3,173,edge-17,2,edge,2700.0,0.1000,0.0100,25,2.641,0.8015,1,0.8957,,0.700,0,
6346,3,173,edge-17,2,edge,2800.0,0.1000,0.0100,25,2.641,0.8015,1,0.8919,,0.700,0,
6347,3,173,edge-17,2,edge,2900.0,0.1000,0.0100,25,2.641,0.8015,1,0.8881,,0.700,0,
6348,3,173,edge-17,2,edge,3000.0,0.1000,0.0100,25,2.646,0.8015,2,0.8843,,0.700,0,
6349,3,173,edge-17,2,edge,3100.0,0.1001,0.0100,24,2.749,0.8340,2,0.8805,,0.700,0,
6350,3,173,edge-17,2,edge,3200.0,0.1000,0.0100,28,2.684,0.8318,3,0.8767,,0.700,0,
6351,3,173,edge-17,2,edge,3300.0,0.1001,0.0100,32,2.994,1.0000,4,0.8730,,0.700,0,
6352,3,173,edge-17,2,edge,3400.0,0.1000,0.0100,22,2.511,0.7671,5,0.8693,,0.700,0,
6353,3,173,edge-17,2,edge,3500.0,0.1000,0.0100,25,2.561,0.8015,4,0.8655,,0.700,0,
6354,3,173,edge-17,2,edge,3600.0,0.1000,0.0100,28,2.729,0.8318,4,0.8618,,0.700,0,
6355,3,173,edge-17,2,edge,3700.0,0.1000,0.0100,25,2.799,0.8015,4,0.8580,,0.700,0,
6356,3,173,edge-17,2,edge,3800.0,0.1000,0.0100,25,2.708,0.8015,4,0.8542,,0.700,0,
6357,3,173,edge-17,2,edge,3900.0,0.1000,0.0100,19,2.608,0.7280,3,0.8504,,0.700,0,
6358,3,173,edge-17,2,edge,4000.0,0.1000,0.0100,26,2.729,0.8778,4,0.8466,,0.700,0,
6359,3,173,edge-17,2,edge,4100.0,0.1000,0.0100,34,2.829,0.9568,3,0.8428,,0.700,0,
6360,3,173,edge-17,2,edge,4200.0,0.1000,0.0100,28,2.729,0.9209,2,0.8390,,0.700,0,
6361,3,173,edge-17,2,edge,4300.0,0.1000,0.0100,28,2.729,0.9177,1,0.8352,,0.700,0,
6362,3,173,edge-17,2,edge,4400.0,0.1000,0.0100,25,2.818,0.8015,2,0.8316,,0.700,0,
6363,3,173,edge-17,2,edge,4500.0,0.1000,0.0100,25,2.818,0.8015,1,0.8278,,0.700,0,
6364,3,173,edge-17,2,edge,4600.0,0.1000,0.0100,28,2.868,0.8318,1,0.8240,,0.700,0,
6365,3,173,edge-17,2,edge,4700.0,0.1000,0.0100,25,2.818,0.8015,1,0.8202,,0.700,0,
6366,3,173,edge-17,2,edge,4800.0,0.1000,0.0100,22,2.768,0.7642,1,0.8164,,0.700,0,
6367,3,173,edge-17,2,edge,4900.0,0.1000,0.0100,22,2.768,0.7642,0,0.8128,,0.700,0,
6368,3,173,edge-17,2,edge,5000.0,0.1007,0.0100,38,3.017,0.9535,1,0.8092,,0.700,0,
6369,3,176,edge-18,2,edge,0.0,0.0000,0.0100,0,1.761,,1,1.0000,,0.700,0,
6370,3,176,edge-18,2,edge,100.0,0.0400,0.0100,7,2.111,0.7980,1,0.9911,,0.700,0,
6371,3,176,edge-18,2,edge,200.0,0.1000,0.0100,25,2.711,0.8015,1,0.9875,,0.700,0,
6372,3,176,edge-18,2,edge,300.0,0.1000,0.0100,25,2.711,0.8015,1,0.9837,,0.700,0,
6373,3,176,edge-18,2,edge,400.0,0.1000,0.0100,28,2.761,0.8318,1,0.9799,,0.700,0,
6374,3,176,edge-18,2,edge,500.0,0.1000,0.0100,28,2.786,0.8318,0,0.9761,,0.700,0,
6375,3,176,edge-18,2,edge,600.0,0.1000,0.0100,22,2.611,0.7671,0,0.9724,,0.700,0,
6376,3,176,edge-18,2,edge,700.0,0.1000,0.0100,22,2.611,0.7642,0,0.9686,,0.700,0,
6377,3,176,edge-18,2,edge,800.0,0.1000,0.0100,19,2.561,0.7280,0,0.9649,,0.700,0,
6378,3,176,edge-18,2,edge,900.0,0.1000,0.0100,25,2.641,0.8015,1,0.9612,,0.700,0,
6379,3,176,edge-18,2,edge,1000.0,0.1000,0.0100,25,2.764,0.8015,1,0.9574,,0.700,0,
6380,3,176,edge-18,2,edge,1100.0,0.1007,0.0100,38,3.020,0.9361,2,0.9536,,0.700,0,
6381,3,176,edge-18,2,edge,1200.0,0.1000,0.0100,25,2.503,0.8015,3,0.9499,,0.700,0,
6382,3,176,edge-18,2,edge,1300.0,0.1007,0.0100,35,2.924,0.9316,4,0.9461,,0.700,0,
6383,3,176,edge-18,2,edge,1400.0,0.1000,0.0100,25,2.595,0.8015,4,0.9425,,0.700,0,
6384,3,176,edge-18,2,edge,1500.0,0.1000,0.0100,25,2.595,0.8015,4,0.9387,,0.700,0,
6385,3,176,edge-18,2,edge,1600.0,0.1000,0.0100,28,2.645,0.8318,3,0.9349,,0.700,0,
6386,3,176,edge-18,2,edge,1700.0,0.1000,0.0100,25,2.595,0.8015,2,0.9311,,0.700,0,
6387,3,176,edge-18,2,edge,1800.0,0.1000,0.0100,25,2.740,0.8015,2,0.9274,,0.700,0,
6388,3,176,edge-18,2,edge,1900.0,0.1000,0.0100,25,2.689,0.8015,2,0.9236,,0.700,0,
6389,3,176,edge-18,2,edge,2000.0,0.1000,0.0100,25,2.964,0.8015,2,0.9198,,0.700,0,
6390,3,176,edge-18,2,edge,2100.0,0.1000,0.0100,25,2.964,0.8015,2,0.9160,,0.700,0,
6391,3,176,edge-18,2,edge,2200.0,0.1000,0.0100,22,2.914,0.7671,2,0.9122,,0.700,0,
6392,3,176,edge-18,2,edge,2300.0,0.1000,0.0100,25,2.964,0.8015,1,0.9084,,0.700,0,
6393,3,176,edge-18,2,edge,2400.0,0.1000,0.0100,25,2.964,0.8015,0,0.9046,,0.700,0,
6394,3,176,edge-18,2,edge,2500.0,0.1000,0.0100,22,2.914,0.7671,0,0.9008,,0.700,0,
6395,3,176,edge-18,2,edge,2600.0,0.1000,0.0100,33,3.271,0.6834,1,0.8970,,0.700,0,
6396,3,176,edge-18,2,edge,2700.0,0.1000,0.0100,36,3.321,0.7274,1,0.8934,,0.700,0,
6397,3,176,edge-18,2,edge,2800.0,0.1000,0.0100,28,2.753,0.8318,2,0.8896,,0.700,0,
6398,3,176,edge-18,2,edge,2900.0,0.1000,0.0100,37,3.137,0.7556,3,0.8858,,0.700,0,
6399,3,176,edge-18,2,edge,3000.0,0.1000,0.0100,22,2.847,0.7671,4,0.8820,,0.700,0,
6400,3,176,edge-18,2,edge,3100.0,0.1000,0.0100,22,2.825,0.7671,3,0.8783,,0.700,0,
6401,3,176,edge-18,2,edge,3200.0,0.1000,0.0100,22,3.041,0.7671,4,0.8745,,0.700,0,
6402,3,176,edge-18,2,edge,3300.0,0.1000,0.0100,22,2.607,0.7671,4,0.8707,,0.700,0,
6403,3,176,edge-18,2,edge,3400.0,0.1000,0.0100,47,3.726,0.8425,4,0.8669,,0.700,0,
6404,3,176,edge-18,2,edge,3500.0,0.1000,0.0100,28,2.955,0.8318,4,0.8631,,0.700,0,
6405,3,176,edge-18,2,edge,3600.0,0.1000,0.0100,25,2.905,0.8015,4,0.8593,,0.700,0,
6406,3,176,edge-18,2,edge,3700.0,0.1000,0.0100,28,2.955,0.8318,3,0.8555,,0.700,0,
6407,3,176,edge-18,2,edge,3800.0,0.1000,0.0100,28,2.955,0.8318,2,0.8517,,0.700,0,
6408,3,176,edge-18,2,edge,3900.0,0.1000,0.0100,25,2.905,0.8015,1,0.8479,,0.700,0,
6409,3,176,edge-18,2,edge,4000.0,0.1000,0.0100,25,3.035,0.8015,1,0.8441,,0.700,0,
6410,3,176,edge-18,2,edge,4100.0,0.1000,0.0100,25,3.035,0.8015,1,0.8403,,0.700,0,
6411,3,176,edge-18,2,edge,4200.0,0.1000,0.0100,22,2.685,0.7671,2,0.8366,,0.700,0,
6412,3,176,edge-18,2,edge,4300.0,0.1000,0.0100,28,2.785,0.8318,2,0.8328,,0.700,0,
6413,3,176,edge-18,2,edge,4400.0,0.1000,0.0100,28,2.785,0.8318,2,0.8290,,0.700,0,
6414,3,176,edge-18,2,edge,4500.0,0.1000,0.0100,25,2.735,0.8015,1,0.8252,,0.700,0,
6415,3,176,edge-18,2,edge,4600.0,0.1000,0.0100,25,3.051,0.8015,1,0.8214,,0.700,0,
6416,3,176,edge-18,2,edge,4700.0,0.1000,0.0100,28,2.770,0.8318,1,0.8176,,0.700,0,
6417,3,176,edge-18,2,edge,4800.0,0.1000,0.0100,33,2.970,0.9078,1,0.8138,,0.700,0,
6418,3,176,edge-18,2,edge,4900.0,0.1000,0.0100,25,2.729,0.7980,2,0.8100,,0.700,0,
6419,3,176,edge-18,2,edge,5000.0,0.1000,0.0100,35,3.327,0.8481,3,0.8064,,0.700,0,
6420,3,179,edge-19,2,edge,0.0,0.0000,0.0100,0,1.768,,1,1.0000,,0.700,0,
6421,3,179,edge-19,2,edge,100.0,0.0401,0.0100,10,2.223,0.9697,1,0.9911,,0.700,0,
6422,3,179,edge-19,2,edge,200.0,0.1006,0.0100,37,2.988,0.9791,1,0.9873,,0.700,0,
6423,3,179,edge-19,2,edge,300.0,0.1003,0.0100,30,2.878,0.9627,1,0.9835,,0.700,0,
6424,3,179,edge-19,2,edge,400.0,0.1000,0.0100,28,2.767,0.8318,2,0.9797,,0.700,0,
6425,3,179,edge-19,2,edge,500.0,0.1000,0.0100,28,2.767,0.8318,1,0.9760,,0.700,0,
6426,3,179,edge-19,2,edge,600.0,0.1000,0.0100,28,2.767,0.8318,1,0.9722,,0.700,0,
6427,3,179,edge-19,2,edge,700.0,0.1000,0.0100,25,2.717,0.8015,1,0.9684,,0.700,0,
6428,3,179,edge-19,2,edge,800.0,0.1000,0.0100,22,2.667,0.7671,1,0.9646,,0.700,0,
6429,3,179,edge-19,2,edge,900.0,0.1000,0.0100,25,2.717,0.7980,0,0.9608,,0.700,0,
6430,3,179,edge-19,2,edge,1000.0,0.1000,0.0100,47,3.407,1.0000,1,0.9572,,0.700,0,
6431,3,179,edge-19,2,edge,1100.0,0.1000,0.0100,25,2.728,0.8015,2,0.9534,,0.700,0,
6432,3,179,edge-19,2,edge,1200.0,0.1000,0.0100,25,2.594,0.8015,2,0.9496,,0.700,0,
6433,3,179,edge-19,2,edge,1300.0,0.1001,0.0100,31,2.831,0.8397,3,0.9458,,0.700,0,
6434,3,179,edge-19,2,edge,1400.0,0.1003,0.0100,31,2.659,0.9427,4,0.9420,,0.700,0,
6435,3,179,edge-19,2,edge,1500.0,0.1004,0.0100,40,2.864,1.0000,3,0.9382,,0.700,0,
6436,3,179,edge-19,2,edge,1600.0,0.1000,0.0100,22,2.525,0.7642,3,0.9344,,0.700,0,
6437,3,179,edge-19,2,edge,1700.0,0.1000,0.0100,28,2.625,0.8318,3,0.9308,,0.700,0,
6438,3,179,edge-19,2,edge,1800.0,0.1000,0.0100,28,2.588,0.8318,3,0.9270,,0.700,0,
6439,3,179,edge-19,2,edge,1900.0,0.1000,0.0100,28,2.522,0.8318,3,0.9232,,0.700,0,
6440,3,179,edge-19,2,edge,2000.0,0.1006,0.0100,37,2.989,1.0000,4,0.9194,,0.700,0,
6441,3,179,edge-19,2,edge,2100.0,0.1000,0.0100,28,2.611,0.8318,4,0.9158,,0.700,0,
6442,3,179,edge-19,2,edge,2200.0,0.1000,0.0100,18,2.511,0.6959,4,0.9120,,0.700,0,
6443,3,179,edge-19,2,edge,2300.0,0.1000,0.0100,19,2.461,0.7280,3,0.9082,,0.700,0,
6444,3,179,edge-19,2,edge,2400.0,0.1000,0.0100,25,2.561,0.8015,2,0.9044,,0.700,0,
6445,3,179,edge-19,2,edge,2500.0,0.1000,0.0100,28,2.611,0.8318,1,0.9006,,0.700,0,
6446,3,179,edge-19,2,edge,2600.0,0.1000,0.0100,29,2.823,0.8474,1,0.8968,,0.700,0,
6447,3,179,edge-19,2,edge,2700.0,0.1000,0.0100,28,2.631,0.8318,2,0.8931,,0.700,0,
6448,3,179,edge-19,2,edge,2800.0,0.1000,0.0100,28,2.728,0.8318,3,0.8893,,0.700,0,
6449,3,179,edge-19,2,edge,2900.0,0.1000,0.0100,25,3.065,0.8015,4,0.8855,,0.700,0,
6450,3,179,edge-19,2,edge,3000.0,0.1000,0.0100,28,2.801,0.8318,5,0.8817,,0.700,0,
6451,3,179,edge-19,2,edge,3100.0,0.1000,0.0100,25,2.837,0.8015,5,0.8779,,0.700,0,
6452,3,179,edge-19,2,edge,3200.0,0.1000,0.0100,25,2.837,0.8015,4,0.8741,,0.700,0,
6453,3,179,edge-19,2,edge,3300.0,0.1000,0.0100,28,2.893,0.8318,4,0.8703,,0.700,0,
6454,3,179,edge-19,2,edge,3400.0,0.1000,0.0100,25,2.843,0.8015,3,0.8665,,0.700,0,
6455,3,179,edge-19,2,edge,3500.0,0.1000,0.0100,28,3.038,0.8318,2,0.8627,,0.700,0,
6456,3,179,edge-19,2,edge,3600.0,0.1000,0.0100,28,3.062,0.8318,2,0.8589,,0.700,0,
6457,3,179,edge-19,2,edge,3700.0,0.1000,0.0100,25,3.012,0.8015,2,0.8552,,0.700,0,
6458,3,179,edge-19,2,edge,3800.0,0.1000,0.0100,25,3.012,0.8015,1,0.8514,,0.700,0,
6459,3,179,edge-19,2,edge,3900.0,0.1000,0.0100,28,3.062,0.8318,1,0.8476,,0.700,0,
6460,3,179,edge-19,2,edge,4000.0,0.1000,0.0100,22,2.765,0.7671,2,0.8438,,0.700,0,
6461,3,179,edge-19,2,edge,4100.0,0.1000,0.0100,33,2.733,0.9625,2,0.8400,,0.700,0,
6462,3,179,edge-19,2,edge,4200.0,0.1000,0.0100,28,2.533,0.8318,2,0.8362,,0.700,0,
6463,3,179,edge-19,2,edge,4300.0,0.1007,0.0100,38,2.830,0.9464,3,0.8324,,0.700,0,
6464,3,179,edge-19,2,edge,4400.0,0.1000,0.0100,28,2.684,0.8318,4,0.8288,,0.700,0,
6465,3,179,edge-19,2,edge,4500.0,0.1000,0.0100,30,2.834,0.9252,3,0.8250,,0.700,0,
6466,3,179,edge-19,2,edge,4600.0,0.1000,0.0100,27,2.784,0.9061,2,0.8212,,0.700,0,
6467,3,179,edge-19,2,edge,4700.0,0.1000,0.0100,28,2.801,0.8318,2,0.8174,,0.700,0,
6468,3,179,edge-19,2,edge,4800.0,0.1000,0.0100,30,2.951,0.8747,1,0.8136,,0.700,0,
6469,3,179,edge-19,2,edge,4900.0,0.1000,0.0100,22,2.701,0.7642,0,0.8098,,0.700,0,
6470,3,179,edge-19,2,edge,5000.0,0.1000,0.0100,27,2.901,0.8713,0,0.8062,,0.700,0,
6471,3,182,edge-20,2,edge,0.0,0.0000,0.0100,0,1.715,,1,1.0000,,0.700,0,
6472,3,182,edge-20,2,edge,100.0,0.0400,0.0100,8,2.115,0.8914,1,0.9911,,0.700,0,
6473,3,182,edge-20,2,edge,200.0,0.1000,0.0100,28,2.804,0.8318,2,0.9873,,0.700,0,
6474,3,182,edge-20,2,edge,300.0,0.1000,0.0100,30,3.075,0.8745,3,0.9836,,0.700,0,
6475,3,182,edge-20,2,edge,400.0,0.1000,0.0100,28,2.848,0.8318,4,0.9798,,0.700,0,
6476,3,182,edge-20,2,edge,500.0,0.1000,0.0100,25,2.798,0.8015,3,0.9760,,0.700,0,
6477,3,182,edge-20,2,edge,600.0,0.1000,0.0100,28,2.848,0.8318,3,0.9722,,0.700,0,
6478,3,182,edge-20,2,edge,700.0,0.1000,0.0100,22,2.748,0.7642,2,0.9684,,0.700,0,
6479,3,182,edge-20,2,edge,800.0,0.1000,0.0100,25,2.798,0.8015,1,0.9648,,0.700,0,
6480,3,182,edge-20,2,edge,900.0,0.1000,0.0100,22,2.748,0.7671,0,0.9610,,0.700,0,
6481,3,182,edge-20,2,edge,1000.0,0.1000,0.0100,25,3.008,0.8015,1,0.9572,,0.700,0,
6482,3,182,edge-20,2,edge,1100.0,0.1000,0.0100,22,2.958,0.7671,1,0.9534,,0.700,0,
6483,3,182,edge-20,2,edge,1200.0,0.1000,0.0100,28,3.058,0.8318,1,0.9496,,0.700,0,
6484,3,182,edge-20,2,edge,1300.0,0.1000,0.0100,25,3.008,0.8015,1,0.9458,,0.700,0,
6485,3,182,edge-20,2,edge,1400.0,0.1000,0.0100,28,2.797,0.8318,1,0.9420,,0.700,0,
6486,3,182,edge-20,2,edge,1500.0,0.1000,0.0100,33,3.207,0.9116,1,0.9382,,0.700,0,
6487,3,182,edge-20,2,edge,1600.0,0.1000,0.0100,25,2.819,0.8015,2,0.9344,,0.700,0,
6488,3,182,edge-20,2,edge,1700.0,0.1000,0.0100,25,2.612,0.8015,3,0.9307,,0.700,0,
6489,3,182,edge-20,2,edge,1800.0,0.1000,0.0100,25,2.825,0.8015,4,0.9269,,0.700,0,
6490,3,182,edge-20,2,edge,1900.0,0.1000,0.0100,25,2.825,0.8015,4,0.9231,,0.700,0,
6491,3,182,edge-20,2,edge,2000.0,0.1000,0.0100,28,2.875,0.8318,3,0.9193,,0.700,0,
6492,3,182,edge-20,2,edge,2100.0,0.1004,0.0100,41,3.294,1.0000,3,0.9155,,0.700,0,
6493,3,182,edge-20,2,edge,2200.0,0.1000,0.0100,25,2.856,0.7980,3,0.9117,,0.700,0,
6494,3,182,edge-20,2,edge,2300.0,0.1000,0.0100,22,2.806,0.7671,2,0.9081,,0.700,0,
6495,3,182,edge-20,2,edge,2400.0,0.1000,0.0100,28,2.960,0.8318,2,0.9043,,0.700,0,
6496,3,182,edge-20,2,edge,2500.0,0.1000,0.0100,25,2.587,0.8015,3,0.9005,,0.700,0,
6497,3,182,edge-20,2,edge,2600.0,0.1000,0.0100,28,2.637,0.8318,2,0.8967,,0.700,0,
6498,3,182,edge-20,2,edge,2700.0,0.1000,0.0100,21,2.587,0.7777,1,0.8929,,0.700,0,
6499,3,182,edge-20,2,edge,2800.0,0.1000,0.0100,22,2.537,0.7671,1,0.8893,,0.700,0,
6500,3,182,edge-20,2,edge,2900.0,0.1000,0.0100,28,2.637,0.8318,1,0.8855,,0.700,0,
6501,3,182,edge-20,2,edge,3000.0,0.1000,0.0100,32,2.787,0.8687,0,0.8817,,0.700,0,
6502,3,182,edge-20,2,edge,3100.0,0.1000,0.0100,22,2.537,0.7642,0,0.8779,,0.700,0,
6503,3,182,edge-20,2,edge,3200.0,0.1000,0.0100,25,2.641,0.8015,1,0.8743,,0.700,0,
6504,3,182,edge-20,2,edge,3300.0,0.1000,0.0100,25,2.641,0.8015,1,0.8705,,0.700,0,
6505,3,182,edge-20,2,edge,3400.0,0.1000,0.0100,28,2.691,0.8318,1,0.8667,,0.700,0,
6506,3,182,edge-20,2,edge,3500.0,0.1000,0.0100,28,2.691,0.8318,1,0.8629,,0.700,0,
6507,3,182,edge-20,2,edge,3600.0,0.1000,0.0100,28,2.691,0.8318,1,0.8591,,0.700,0,
6508,3,182,edge-20,2,edge,3700.0,0.1000,0.0100,22,2.591,0.7671,0,0.8554,,0.700,0,
6509,3,182,edge-20,2,edge,3800.0,0.1000,0.0100,28,2.788,0.8318,1,0.8516,,0.700,0,
6510,3,182,edge-20,2,edge,3900.0,0.1000,0.0100,22,2.501,0.7671,2,0.8478,,0.700,0,
6511,3,182,edge-20,2,edge,4000.0,0.1007,0.0100,38,2.905,0.8256,3,0.8440,,0.700,0,
6512,3,182,edge-20,2,edge,4100.0,0.1000,0.0100,22,2.698,0.7671,4,0.8404,,0.700,0,
6513,3,182,edge-20,2,edge,4200.0,0.1000,0.0100,25,2.508,0.8015,5,0.8366,,0.700,0,
6514,3,182,edge-20,2,edge,4300.0,0.1000,0.0100,22,2.682,0.7671,4,0.8328,,0.700,0,
6515,3,182,edge-20,2,edge,4400.0,0.1000,0.0100,28,2.782,0.8318,3,0.8290,,0.700,0,
6516,3,182,edge-20,2,edge,4500.0,0.1000,0.0100,28,2.782,0.8318,2,0.8252,,0.700,0,
6517,3,182,edge-20,2,edge,4600.0,0.1000,0.0100,22,2.682,0.7671,1,0.8214,,0.700,0,
6518,3,182,edge-20,2,edge,4700.0,0.1000,0.0100,22,2.585,0.7671,1,0.8176,,0.700,0,
6519,3,182,edge-20,2,edge,4800.0,0.1000,0.0100,25,2.635,0.8015,1,0.8138,,0.700,0,
6520,3,182,edge-20,2,edge,4900.0,0.1000,0.0100,28,2.685,0.8318,1,0.8100,,0.700,0,
6521,3,182,edge-20,2,edge,5000.0,0.1000,0.0100,28,2.685,0.8318,1,0.8062,,0.700,0,
6522,3,185,edge-21,2,edge,0.0,0.0000,0.0100,0,1.788,,1,1.0000,,0.700,0,
6523,3,185,edge-21,2,edge,100.0,0.0400,0.0100,8,2.188,0.8914,1,0.9911,,0.700,0,
6524,3,185,edge-21,2,edge,200.0,0.1000,0.0100,28,2.788,0.8318,1,0.9873,,0.700,0,
6525,3,185,edge-21,2,edge,300.0,0.1000,0.0100,25,2.738,0.8015,1,0.9836,,0.700,0,
6526,3,185,edge-21,2,edge,400.0,0.1000,0.0100,25,2.738,0.8015,1,0.9798,,0.700,0,
6527,3,185,edge-21,2,edge,500.0,0.1000,0.0100,25,2.641,0.8015,1,0.9760,,0.700,0,
6528,3,185,edge-21,2,edge,600.0,0.1000,0.0100,28,2.691,0.8318,1,0.9722,,0.700,0,
6529,3,185,edge-21,2,edge,700.0,0.1000,0.0100,22,2.591,0.7671,1,0.9684,,0.700,0,
6530,3,185,edge-21,2,edge,800.0,0.1000,0.0100,22,2.591,0.7642,1,0.9646,,0.700,0,
6531,3,185,edge-21,2,edge,900.0,0.1000,0.0100,28,2.819,0.8318,2,0.9610,,0.700,0,
6532,3,185,edge-21,2,edge,1000.0,0.1000,0.0100,25,2.560,0.7980,2,0.9572,,0.700,0,
6533,3,185,edge-21,2,edge,1100.0,0.1000,0.0100,22,2.811,0.7671,2,0.9536,,0.700,0,
6534,3,185,edge-21,2,edge,1200.0,0.1000,0.0100,28,2.911,0.8318,2,0.9498,,0.700,0,
6535,3,185,edge-21,2,edge,1300.0,0.1000,0.0100,25,2.544,0.8015,2,0.9460,,0.700,0,
6536,3,185,edge-21,2,edge,1400.0,0.1000,0.0100,25,2.717,0.8015,2,0.9422,,0.700,0,
6537,3,185,edge-21,2,edge,1500.0,0.1000,0.0100,25,2.748,0.8015,2,0.9384,,0.700,0,
6538,3,185,edge-21,2,edge,1600.0,0.1000,0.0100,22,2.476,0.7671,3,0.9346,,0.700,0,
6539,3,185,edge-21,2,edge,1700.0,0.1000,0.0100,22,2.557,0.7671,4,0.9308,,0.700,0,
6540,3,185,edge-21,2,edge,1800.0,0.1000,0.0100,30,2.910,0.8759,5,0.9270,,0.700,0,
6541,3,185,edge-21,2,edge,1900.0,0.1000,0.0100,25,2.760,0.8015,4,0.9232,,0.700,0,
6542,3,185,edge-21,2,edge,2000.0,0.1000,0.0100,22,2.417,0.7671,4,0.9195,,0.700,0,
6543,3,185,edge-21,2,edge,2100.0,0.1000,0.0100,22,2.728,0.7671,4,0.9157,,0.700,0,
6544,3,185,edge-21,2,edge,2200.0,0.1000,0.0100,30,2.805,0.8214,4,0.9119,,0.700,0,
6545,3,185,edge-21,2,edge,2300.0,0.1000,0.0100,25,2.785,0.8015,4,0.9081,,0.700,0,
6546,3,185,edge-21,2,edge,2400.0,0.1000,0.0100,28,2.835,0.8318,4,0.9043,,0.700,0,
6547,3,185,edge-21,2,edge,2500.0,0.1000,0.0100,22,2.534,0.7671,4,0.9005,,0.700,0,
6548,3,185,edge-21,2,edge,2600.0,0.1007,0.0100,42,3.074,0.8534,4,0.8967,,0.700,0,
6549,3,185,edge-21,2,edge,2700.0,0.1000,0.0100,30,2.783,0.8928,4,0.8931,,0.700,0,
6550,3,185,edge-21,2,edge,2800.0,0.1000,0.0100,31,2.833,0.9192,3,0.8893,,0.700,0,
6551,3,185,edge-21,2,edge,2900.0,0.1000,0.0100,30,2.783,0.8915,3,0.8855,,0.700,0,
6552,3,185,edge-21,2,edge,3000.0,0.1000,0.0100,25,2.720,0.8015,3,0.8817,,0.700,0,
6553,3,185,edge-21,2,edge,3100.0,0.1000,0.0100,19,2.620,0.7280,2,0.8779,,0.700,0,
6554,3,185,edge-21,2,edge,3200.0,0.1000,0.0100,28,2.770,0.8318,1,0.8741,,0.700,0,
6555,3,185,edge-21,2,edge,3300.0,0.1000,0.0100,22,2.670,0.7671,1,0.8703,,0.700,0,
6556,3,185,edge-21,2,edge,3400.0,0.1000,0.0100,25,2.538,0.8015,2,0.8666,,0.700,0,
6557,3,185,edge-21,2,edge,3500.0,0.1000,0.0100,27,2.804,0.8612,2,0.8628,,0.700,0,
6558,3,185,edge-21,2,edge,3600.0,0.1000,0.0100,25,2.565,0.8015,3,0.8590,,0.700,0,
6559,3,185,edge-21,2,edge,3700.0,0.1000,0.0100,25,2.850,0.8015,4,0.8552,,0.700,0,
6560,3,185,edge-21,2,edge,3800.0,0.1000,0.0100,28,2.900,0.8318,4,0.8514,,0.700,0,
6561,3,185,edge-21,2,edge,3900.0,0.1000,0.0100,22,2.800,0.7671,3,0.8476,,0.700,0,
6562,3,185,edge-21,2,edge,4000.0,0.1000,0.0100,19,2.750,0.7257,2,0.8438,,0.700,0,
6563,3,185,edge-21,2,edge,4100.0,0.1000,0.0100,25,2.850,0.8015,1,0.8402,,0.700,0,
6564,3,185,edge-21,2,edge,4200.0,0.1000,0.0100,25,2.850,0.8015,0,0.8364,,0.700,0,
6565,3,185,edge-21,2,edge,4300.0,0.1000,0.0100,33,3.311,0.7788,1,0.8326,,0.700,0,
6566,3,185,edge-21,2,edge,4400.0,0.1000,0.0100,34,3.361,0.8853,1,0.8288,,0.700,0,
6567,3,185,edge-21,2,edge,4500.0,0.1000,0.0100,28,3.361,0.8916,1,0.8250,,0.700,0,
6568,3,185,edge-21,2,edge,4600.0,0.1000,0.0100,28,2.835,0.8318,2,0.8214,,0.700,0,
6569,3,185,edge-21,2,edge,4700.0,0.1000,0.0100,25,2.799,0.7980,3,0.8176,,0.700,0,
6570,3,185,edge-21,2,edge,4800.0,0.1000,0.0100,28,2.849,0.8318,2,0.8140,,0.700,0,
6571,3,185,edge-21,2,edge,4900.0,0.1000,0.0100,28,2.849,0.8318,2,0.8102,,0.700,0,
6572,3,185,edge-21,2,edge,5000.0,0.1000,0.0100,25,2.799,0.8015,2,0.8064,,0.700,0,
6573,3,188,edge-22,2,edge,0.0,0.0000,0.0100,0,1.651,,1,1.0000,,0.700,0,
6574,3,188,edge-22,2,edge,100.0,0.0400,0.0100,8,2.051,0.8914,1,0.9911,,0.700,0,
6575,3,188,edge-22,2,edge,200.0,0.1000,0.0100,28,2.853,0.8318,2,0.9873,,0.700,0,
6576,3,188,edge-22,2,edge,300.0,0.1000,0.0100,28,2.853,0.8318,2,0.9836,,0.700,0,
6577,3,188,edge-22,2,edge,400.0,0.1000,0.0100,22,2.753,0.7671,2,0.9798,,0.700,0,
6578,3,188,edge-22,2,edge,500.0,0.1000,0.0100,28,2.819,0.8318,2,0.9760,,0.700,0,
6579,3,188,edge-22,2,edge,600.0,0.1000,0.0100,25,2.769,0.8015,2,0.9722,,0.700,0,
6580,3,188,edge-22,2,edge,700.0,0.1000,0.0100,25,2.769,0.8015,1,0.9684,,0.700,0,
6581,3,188,edge-22,2,edge,800.0,0.1000,0.0100,28,2.819,0.8318,1,0.9646,,0.700,0,
6582,3,188,edge-22,2,edge,900.0,0.1000,0.0100,19,2.426,0.7280,2,0.9608,,0.700,0,
6583,3,188,edge-22,2,edge,1000.0,0.1000,0.0100,22,2.476,0.7671,1,0.9570,,0.700,0,
6584,3,188,edge-22,2,edge,1100.0,0.1000,0.0100,22,2.476,0.7671,1,0.9532,,0.700,0,
6585,3,188,edge-22,2,edge,1200.0,0.1000,0.0100,22,2.750,0.7642,2,0.9494,,0.700,0,
6586,3,188,edge-22,2,edge,1300.0,0.1000,0.0100,25,2.800,0.8015,2,0.9458,,0.700,0,
6587,3,188,edge-22,2,edge,1400.0,0.1000,0.0100,25,2.566,0.8015,2,0.9420,,0.700,0,
6588,3,188,edge-22,2,edge,1500.0,0.1007,0.0100,31,2.987,0.9004,3,0.9382,,0.700,0,
6589,3,188,edge-22,2,edge,1600.0,0.1000,0.0100,28,2.559,0.8318,4,0.9346,,0.700,0,
6590,3,188,edge-22,2,edge,1700.0,0.1001,0.0100,32,2.802,0.9242,4,0.9308,,0.700,0,
6591,3,188,edge-22,2,edge,1800.0,0.1000,0.0100,25,2.863,0.8015,5,0.9270,,0.700,0,
6592,3,188,edge-22,2,edge,1900.0,0.1000,0.0100,25,2.518,0.8015,5,0.9232,,0.700,0,
6593,3,188,edge-22,2,edge,2000.0,0.1000,0.0100,28,2.568,0.8318,4,0.9194,,0.700,0,
6594,3,188,edge-22,2,edge,2100.0,0.1008,0.0100,33,2.886,0.8991,4,0.9156,,0.700,0,
6595,3,188,edge-22,2,edge,2200.0,0.1008,0.0100,44,3.091,0.9589,4,0.9120,,0.700,0,
6596,3,188,edge-22,2,edge,2300.0,0.1007,0.0100,38,2.956,0.9466,4,0.9084,,0.700,0,
6597,3,188,edge-22,2,edge,2400.0,0.1013,0.0100,40,3.076,0.9457,3,0.9046,,0.700,0,
6598,3,188,edge-22,2,edge,2500.0,0.1010,0.0100,47,3.116,0.9230,3,0.9009,,0.700,0,
6599,3,188,edge-22,2,edge,2600.0,0.1000,0.0100,33,2.918,0.6235,3,0.8971,,0.700,0,
6600,3,188,edge-22,2,edge,2700.0,0.1004,0.0100,44,3.033,0.8336,2,0.8933,,0.700,0,
6601,3,188,edge-22,2,edge,2800.0,0.1013,0.0100,45,2.963,0.9273,1,0.8897,,0.700,0,
6602,3,188,edge-22,2,edge,2900.0,0.1015,0.0100,44,3.023,0.9964,1,0.8861,,0.700,0,
6603,3,188,edge-22,2,edge,3000.0,0.1013,0.0100,49,3.013,1.0000,1,0.8824,,0.700,0,
6604,3,188,edge-22,2,edge,3100.0,0.1013,0.0100,45,2.963,0.9023,0,0.8788,,0.700,0,
6605,3,188,edge-22,2,edge,3200.0,0.1014,0.0100,47,3.018,1.0000,0,0.8751,,0.700,0,
6606,3,188,edge-22,2,edge,3300.0,0.1013,0.0100,45,2.963,0.9023,0,0.8715,,0.700,0,
6607,3,188,edge-22,2,edge,3400.0,0.1013,0.0100,52,3.063,1.0000,0,0.8678,,0.700,0,
6608,3,188,edge-22,2,edge,3500.0,0.1013,0.0100,45,2.963,0.9023,0,0.8642,,0.700,0,
6609,3,188,edge-22,2,edge,3600.0,0.1013,0.0100,45,2.963,1.0000,0,0.8606,,0.700,0,
6610,3,188,edge-22,2,edge,3700.0,0.1011,0.0100,46,2.958,0.9061,0,0.8568,,0.700,0,
6611,3,188,edge-22,2,edge,3800.0,0.1013,0.0100,49,3.013,0.9162,0,0.8529,,0.700,0,
6612,3,188,edge-22,2,edge,3900.0,0.1011,0.0100,50,3.008,0.9542,0,0.8493,,0.700,0,
6613,3,188,edge-22,2,edge,4000.0,0.1010,0.0100,47,2.953,0.9439,0,0.8457,,0.700,0,
6614,3,188,edge-22,2,edge,4100.0,0.1008,0.0100,44,2.898,0.9576,0,0.8419,,0.700,0,
6615,3,188,edge-22,2,edge,4200.0,0.1004,0.0100,30,2.633,0.9072,0,0.8381,,0.700,0,
6616,3,188,edge-22,2,edge,4300.0,0.1003,0.0100,30,2.628,0.8988,0,0.8344,,0.700,0,
6617,3,188,edge-22,2,edge,4400.0,0.1001,0.0100,29,2.623,0.9037,0,0.8307,,0.700,0,
6618,3,188,edge-22,2,edge,4500.0,0.1001,0.0100,32,2.673,0.9246,0,0.8269,,0.700,0,
6619,3,188,edge-22,2,edge,4600.0,0.1003,0.0100,33,2.728,0.9782,0,0.8231,,0.700,0,
6620,3,188,edge-22,2,edge,4700.0,0.1000,0.0100,22,2.591,0.7671,1,0.8194,,0.700,0,
6621,3,188,edge-22,2,edge,4800.0,0.1000,0.0100,22,2.591,0.7671,1,0.8157,,0.700,0,
6622,3,188,edge-22,2,edge,4900.0,0.1000,0.0100,28,2.691,0.8318,1,0.8119,,0.700,0,
6623,3,188,edge-22,2,edge,5000.0,0.1000,0.0100,22,2.591,0.7671,1,0.8081,,0.700,0,
6624,3,191,edge-23,2,edge,0.0,0.0000,0.0100,0,1.728,,1,1.0000,,0.700,0,
6625,3,191,edge-23,2,edge,100.0,0.0400,0.0100,8,2.128,0.8914,1,0.9911,,0.700,0,
6626,3,191,edge-23,2,edge,200.0,0.1000,0.0100,28,2.728,0.8318,1,0.9873,,0.700,0,
6627,3,191,edge-23,2,edge,300.0,0.1000,0.0100,25,2.678,0.8015,1,0.9836,,0.700,0,
6628,3,191,edge-23,2,edge,400.0,0.1000,0.0100,25,2.678,0.8015,1,0.9798,,0.700,0,
6629,3,191,edge-23,2,edge,500.0,0.1000,0.0100,25,2.659,0.8015,0,0.9760,,0.700,0,
6630,3,191,edge-23,2,edge,600.0,0.1000,0.0100,22,2.440,0.7671,1,0.9722,,0.700,0,
6631,3,191,edge-23,2,edge,700.0,0.1000,0.0100,25,2.490,0.8015,1,0.9684,,0.700,0,
6632,3,191,edge-23,2,edge,800.0,0.1000,0.0100,25,2.710,0.8015,2,0.9646,,0.700,0,
6633,3,191,edge-23,2,edge,900.0,0.1000,0.0100,25,2.486,0.7980,3,0.9608,,0.700,0,
6634,3,191,edge-23,2,edge,1000.0,0.1000,0.0100,25,2.966,0.8015,3,0.9572,,0.700,0,
6635,3,191,edge-23,2,edge,1100.0,0.1000,0.0100,28,3.016,0.8318,2,0.9534,,0.700,0,
6636,3,191,edge-23,2,edge,1200.0,0.1000,0.0100,28,3.016,0.8318,2,0.9496,,0.700,0,
6637,3,191,edge-23,2,edge,1300.0,0.1001,0.0100,26,2.994,0.8730,2,0.9458,,0.700,0,
6638,3,191,edge-23,2,edge,1400.0,0.1003,0.0100,36,3.199,0.9892,1,0.9422,,0.700,0,
6639,3,191,edge-23,2,edge,1500.0,0.1000,0.0100,28,2.761,0.8318,2,0.9384,,0.700,0,
6640,3,191,edge-23,2,edge,1600.0,0.1000,0.0100,25,2.711,0.8015,2,0.9346,,0.700,0,
6641,3,191,edge-23,2,edge,1700.0,0.1000,0.0100,25,2.711,0.8015,2,0.9308,,0.700,0,
6642,3,191,edge-23,2,edge,1800.0,0.1000,0.0100,19,2.611,0.7280,1,0.9270,,0.700,0,
6643,3,191,edge-23,2,edge,1900.0,0.1000,0.0100,22,2.661,0.7671,1,0.9232,,0.700,0,
6644,3,191,edge-23,2,edge,2000.0,0.1000,0.0100,28,2.761,0.8318,0,0.9195,,0.700,0,
6645,3,191,edge-23,2,edge,2100.0,0.1000,0.0100,25,2.736,0.8015,0,0.9157,,0.700,0,
6646,3,191,edge-23,2,edge,2200.0,0.1000,0.0100,25,2.661,0.8015,0,0.9119,,0.700,0,
6647,3,191,edge-23,2,edge,2300.0,0.1000,0.0100,25,2.661,0.8015,0,0.9081,,0.700,0,
6648,3,191,edge-23,2,edge,2400.0,0.1000,0.0100,28,2.711,0.8318,0,0.9043,,0.700,0,
6649,3,191,edge-23,2,edge,2500.0,0.1000,0.0100,28,2.691,0.8318,1,0.9005,,0.700,0,
6650,3,191,edge-23,2,edge,2600.0,0.1000,0.0100,25,2.764,0.7980,1,0.8967,,0.700,0,
6651,3,191,edge-23,2,edge,2700.0,0.1003,0.0100,36,3.005,0.9888,2,0.8931,,0.700,0,
6652,3,191,edge-23,2,edge,2800.0,0.1000,0.0100,25,2.503,0.8015,3,0.8893,,0.700,0,
6653,3,191,edge-23,2,edge,2900.0,0.1000,0.0100,25,2.699,0.8015,4,0.8855,,0.700,0,
6654,3,191,edge-23,2,edge,3000.0,0.1000,0.0100,28,2.645,0.8318,4,0.8817,,0.700,0,
6655,3,191,edge-23,2,edge,3100.0,0.1000,0.0100,28,2.645,0.8318,4,0.8779,,0.700,0,
6656,3,191,edge-23,2,edge,3200.0,0.1000,0.0100,22,2.545,0.7642,3,0.8741,,0.700,0,
6657,3,191,edge-23,2,edge,3300.0,0.1000,0.0100,19,2.495,0.7280,2,0.8705,,0.700,0,
6658,3,191,edge-23,2,edge,3400.0,0.1000,0.0100,22,2.690,0.7671,2,0.8667,,0.700,0,
6659,3,191,edge-23,2,edge,3500.0,0.1000,0.0100,22,2.639,0.7671,2,0.8629,,0.700,0,
6660,3,191,edge-23,2,edge,3600.0,0.1000,0.0100,22,2.914,0.7671,2,0.8591,,0.700,0,
6661,3,191,edge-23,2,edge,3700.0,0.1000,0.0100,22,2.914,0.7671,2,0.8554,,0.700,0,
6662,3,191,edge-23,2,edge,3800.0,0.1000,0.0100,25,2.964,0.8015,2,0.8516,,0.700,0,
6663,3,191,edge-23,2,edge,3900.0,0.1000,0.0100,28,3.014,0.8318,1,0.8478,,0.700,0,
6664,3,191,edge-23,2,edge,4000.0,0.1000,0.0100,22,2.914,0.7671,0,0.8440,,0.700,0,
6665,3,191,edge-23,2,edge,4100.0,0.1000,0.0100,28,3.014,0.8318,0,0.8402,,0.700,0,
6666,3,191,edge-23,2,edge,4200.0,0.1000,0.0100,30,3.171,0.7444,1,0.8364,,0.700,0,
6667,3,191,edge-23,2,edge,4300.0,0.1000,0.0100,33,3.221,0.7810,1,0.8326,,0.700,0,
6668,3,191,edge-23,2,edge,4400.0,0.1000,0.0100,28,2.753,0.8318,2,0.8288,,0.700,0,
6669,3,191,edge-23,2,edge,4500.0,0.1000,0.0100,39,3.137,0.9316,3,0.8250,,0.700,0,
6670,3,191,edge-23,2,edge,4600.0,0.1000,0.0100,22,2.847,0.7671,4,0.8212,,0.700,0,
6671,3,191,edge-23,2,edge,4700.0,0.1000,0.0100,19,2.775,0.7280,3,0.8174,,0.700,0,
6672,3,191,edge-23,2,edge,4800.0,0.1000,0.0100,22,3.041,0.7671,4,0.8137,,0.700,0,
6673,3,191,edge-23,2,edge,4900.0,0.1000,0.0100,25,2.657,0.7980,4,0.8099,,0.700,0,
6674,3,191,edge-23,2,edge,5000.0,0.1000,0.0100,35,3.376,0.8461,4,0.8062,,0.700,0,
6675,3,194,edge-24,2,edge,0.0,0.0000,0.0100,0,1.801,,1,1.0000,,0.700,0,
6676,3,194,edge-24,2,edge,100.0,0.0400,0.0100,8,2.201,0.8914,1,0.9911,,0.700,0,
6677,3,194,edge-24,2,edge,200.0,0.1001,0.0100,30,2.906,0.8863,1,0.9873,,0.700,0,
6678,3,194,edge-24,2,edge,300.0,0.1006,0.0100,42,3.221,1.0000,1,0.9837,,0.700,0,
6679,3,194,edge-24,2,edge,400.0,0.1004,0.0100,36,2.966,0.9370,1,0.9801,,0.700,0,
6680,3,194,edge-24,2,edge,500.0,0.1003,0.0100,33,2.911,0.9135,0,0.9763,,0.700,0,
6681,3,194,edge-24,2,edge,600.0,0.1000,0.0100,25,2.884,0.8015,1,0.9725,,0.700,0,
6682,3,194,edge-24,2,edge,700.0,0.1000,0.0100,22,2.595,0.7671,1,0.9687,,0.700,0,
6683,3,194,edge-24,2,edge,800.0,0.1000,0.0100,25,2.645,0.8015,1,0.9649,,0.700,0,
6684,3,194,edge-24,2,edge,900.0,0.1000,0.0100,25,2.645,0.8015,1,0.9611,,0.700,0,
6685,3,194,edge-24,2,edge,1000.0,0.1000,0.0100,25,2.902,0.8015,2,0.9573,,0.700,0,
6686,3,194,edge-24,2,edge,1100.0,0.1000,0.0100,25,2.902,0.8015,1,0.9535,,0.700,0,
6687,3,194,edge-24,2,edge,1200.0,0.1000,0.0100,28,2.952,0.8318,1,0.9498,,0.700,0,
6688,3,194,edge-24,2,edge,1300.0,0.1000,0.0100,19,2.802,0.7257,1,0.9460,,0.700,0,
6689,3,194,edge-24,2,edge,1400.0,0.1000,0.0100,22,2.852,0.7671,1,0.9423,,0.700,0,
6690,3,194,edge-24,2,edge,1500.0,0.1000,0.0100,22,2.852,0.7671,0,0.9386,,0.700,0,
6691,3,194,edge-24,2,edge,1600.0,0.1000,0.0100,28,2.952,0.8318,0,0.9348,,0.700,0,
6692,3,194,edge-24,2,edge,1700.0,0.1000,0.0100,22,2.852,0.7671,0,0.9310,,0.700,0,
6693,3,194,edge-24,2,edge,1800.0,0.1000,0.0100,22,2.852,0.7642,0,0.9272,,0.700,0,
6694,3,194,edge-24,2,edge,1900.0,0.1000,0.0100,28,2.597,0.8318,1,0.9236,,0.700,0,
6695,3,194,edge-24,2,edge,2000.0,0.1000,0.0100,25,2.660,0.8015,2,0.9198,,0.700,0,
6696,3,194,edge-24,2,edge,2100.0,0.1000,0.0100,25,2.705,0.8015,3,0.9160,,0.700,0,
6697,3,194,edge-24,2,edge,2200.0,0.1000,0.0100,25,2.705,0.8015,3,0.9122,,0.700,0,
6698,3,194,edge-24,2,edge,2300.0,0.1000,0.0100,28,2.755,0.8318,3,0.9084,,0.700,0,
6699,3,194,edge-24,2,edge,2400.0,0.1000,0.0100,26,2.583,0.8049,3,0.9046,,0.700,0,
6700,3,194,edge-24,2,edge,2500.0,0.1000,0.0100,30,2.733,0.8784,2,0.9008,,0.700,0,
6701,3,194,edge-24,2,edge,2600.0,0.1000,0.0100,26,2.633,0.8272,1,0.8970,,0.700,0,
6702,3,194,edge-24,2,edge,2700.0,0.1000,0.0100,30,2.683,0.8781,1,0.8932,,0.700,0,
6703,3,194,edge-24,2,edge,2800.0,0.1000,0.0100,32,2.733,0.8711,1,0.8895,,0.700,0,
6704,3,194,edge-24,2,edge,2900.0,0.1000,0.0100,16,2.491,0.6818,1,0.8857,,0.700,0,
6705,3,194,edge-24,2,edge,3000.0,0.1000,0.0100,25,2.641,0.7980,1,0.8820,,0.700,0,
6706,3,194,edge-24,2,edge,3100.0,0.1000,0.0100,25,2.641,0.7980,1,0.8784,,0.700,0,
6707,3,194,edge-24,2,edge,3200.0,0.1000,0.0100,28,2.708,0.8318,2,0.8748,,0.700,0,
6708,3,194,edge-24,2,edge,3300.0,0.1000,0.0100,25,2.642,0.8015,2,0.8710,,0.700,0,
6709,3,194,edge-24,2,edge,3400.0,0.1006,0.0100,32,2.920,0.9102,2,0.8672,,0.700,0,
6710,3,194,edge-24,2,edge,3500.0,0.1013,0.0100,49,3.245,0.8822,2,0.8634,,0.700,0,
6711,3,194,edge-24,2,edge,3600.0,0.1010,0.0100,43,3.135,0.9238,2,0.8598,,0.700,0,
6712,3,194,edge-24,2,edge,3700.0,0.1011,0.0100,50,3.301,0.8791,1,0.8560,,0.700,0,
6713,3,194,edge-24,2,edge,3800.0,0.1000,0.0100,22,2.526,0.7671,2,0.8522,,0.700,0,
6714,3,194,edge-24,2,edge,3900.0,0.1008,0.0100,41,3.039,0.9393,2,0.8484,,0.700,0,
6715,3,194,edge-24,2,edge,4000.0,0.1008,0.0100,44,3.020,0.9648,3,0.8447,,0.700,0,
6716,3,194,edge-24,2,edge,4100.0,0.1000,0.0100,22,2.515,0.7671,4,0.8411,,0.700,0,
6717,3,194,edge-24,2,edge,4200.0,0.1000,0.0100,25,2.557,0.8015,5,0.8373,,0.700,0,
6718,3,194,edge-24,2,edge,4300.0,0.1000,0.0100,22,2.808,0.7671,4,0.8335,,0.700,0,
6719,3,194,edge-24,2,edge,4400.0,0.1000,0.0100,22,2.808,0.7671,3,0.8297,,0.700,0,
6720,3,194,edge-24,2,edge,4500.0,0.1000,0.0100,22,2.439,0.7642,3,0.8259,,0.700,0,
6721,3,194,edge-24,2,edge,4600.0,0.1000,0.0100,22,2.439,0.7642,2,0.8223,,0.700,0,
6722,3,194,edge-24,2,edge,4700.0,0.1001,0.0100,33,2.882,0.8536,2,0.8187,,0.700,0,
6723,3,194,edge-24,2,edge,4800.0,0.1004,0.0100,35,2.892,0.9853,2,0.8151,,0.700,0,
6724,3,194,edge-24,2,edge,4900.0,0.1000,0.0100,33,2.846,0.9827,3,0.8113,,0.700,0,
6725,3,194,edge-24,2,edge,5000.0,0.1000,0.0100,40,3.046,1.0000,2,0.8075,,0.700,0,
6726,3,197,edge-25,2,edge,0.0,0.0000,0.0100,0,1.580,,1,1.0000,,0.700,0,778.7
6727,3,197,edge-25,2,edge,100.0,0.0401,0.0100,10,2.035,0.9771,1,0.9911,,0.700,0,778.7
6728,3,197,edge-25,2,edge,200.0,0.1000,0.0100,22,2.698,0.7671,2,0.9873,,0.700,0,778.7
6729,3,197,edge-25,2,edge,300.0,0.1000,0.0100,28,2.558,0.8318,3,0.9836,,0.700,0,778.7
6730,3,197,edge-25,2,edge,400.0,0.1000,0.0100,25,2.732,0.8015,3,0.9798,,0.700,0,778.7
6731,3,197,edge-25,2,edge,500.0,0.1000,0.0100,22,2.682,0.7671,2,0.9760,,0.700,0,778.7
6732,3,197,edge-25,2,edge,600.0,0.1000,0.0100,19,2.632,0.7257,2,0.9722,,0.700,1,778.7
6733,3,197,edge-25,2,edge,700.0,0.1000,0.0100,25,2.732,0.8015,1,0.9686,,0.700,1,778.7
6734,3,200,edge-26,2,edge,0.0,0.0000,0.0100,0,1.915,,1,1.0000,,0.700,0,
6735,3,200,edge-26,2,edge,100.0,0.0401,0.0100,10,2.370,0.9658,1,0.9911,,0.700,0,
6736,3,200,edge-26,2,edge,200.0,0.1011,0.0100,46,3.305,0.9224,1,0.9873,,0.700,0,
6737,3,200,edge-26,2,edge,300.0,0.1010,0.0100,47,3.300,0.9067,1,0.9837,,0.700,0,
6738,3,200,edge-26,2,edge,400.0,0.1000,0.0100,25,2.751,0.8015,2,0.9799,,0.700,0,
6739,3,200,edge-26,2,edge,500.0,0.1000,0.0100,25,2.628,0.8015,2,0.9761,,0.700,0,
6740,3,200,edge-26,2,edge,600.0,0.1000,0.0100,28,2.813,0.8318,3,0.9723,,0.700,0,
6741,3,200,edge-26,2,edge,700.0,0.1000,0.0100,22,2.564,0.7671,4,0.9685,,0.700,0,
6742,3,200,edge-26,2,edge,800.0,0.1000,0.0100,28,2.718,0.8318,5,0.9647,,0.700,0,
6743,3,200,edge-26,2,edge,900.0,0.1000,0.0100,28,2.627,0.8318,5,0.9609,,0.700,0,
6744,3,200,edge-26,2,edge,1000.0,0.1007,0.0100,38,3.085,0.9394,5,0.9571,,0.700,0,
6745,3,200,edge-26,2,edge,1100.0,0.1000,0.0100,25,2.567,0.7980,5,0.9534,,0.700,0,
6746,3,200,edge-26,2,edge,1200.0,0.1007,0.0100,38,2.820,0.9675,5,0.9497,,0.700,0,
6747,3,200,edge-26,2,edge,1300.0,0.1000,0.0100,28,2.747,0.8318,5,0.9461,,0.700,0,
6748,3,200,edge-26,2,edge,1400.0,0.1000,0.0100,25,2.715,0.8015,5,0.9423,,0.700,0,
6749,3,200,edge-26,2,edge,1500.0,0.1000,0.0100,19,2.615,0.7280,4,0.9385,,0.700,0,
6750,3,200,edge-26,2,edge,1600.0,0.1000,0.0100,28,2.765,0.8318,3,0.9347,,0.700,0,
6751,3,200,edge-26,2,edge,1700.0,0.1001,0.0100,29,2.759,0.9026,3,0.9309,,0.700,0,
6752,3,200,edge-26,2,edge,1800.0,0.1000,0.0100,22,2.724,0.7671,3,0.9271,,0.700,0,
6753,3,200,edge-26,2,edge,1900.0,0.1011,0.0100,55,3.341,1.0000,3,0.9233,,0.700,0,
6754,3,200,edge-26,2,edge,2000.0,0.1000,0.0100,25,2.655,0.8015,4,0.9197,,0.700,0,
6755,3,200,edge-26,2,edge,2100.0,0.1000,0.0100,25,2.650,0.8015,5,0.9159,,0.700,0,
6756,3,200,edge-26,2,edge,2200.0,0.1000,0.0100,25,2.630,0.8015,5,0.9121,,0.700,0,
6757,3,200,edge-26,2,edge,2300.0,0.1000,0.0100,25,2.506,0.8015,5,0.9083,,0.700,0,
6758,3,200,edge-26,2,edge,2400.0,0.1008,0.0100,41,3.001,0.9421,5,0.9045,,0.700,0,
6759,3,200,edge-26,2,edge,2500.0,0.1008,0.0100,41,2.954,0.9459,5,0.9009,,0.700,0,
6760,3,200,edge-26,2,edge,2600.0,0.1010,0.0100,47,3.059,0.9297,4,0.8973,,0.700,0,
6761,3,200,edge-26,2,edge,2700.0,0.1011,0.0100,50,3.114,0.9025,3,0.8935,,0.700,0,
6762,3,200,edge-26,2,edge,2800.0,0.1007,0.0100,38,2.921,0.9491,3,0.8897,,0.700,0,
6763,3,200,edge-26,2,edge,2900.0,0.1011,0.0100,50,3.136,0.9358,2,0.8859,,0.700,0,
6764,3,200,edge-26,2,edge,3000.0,0.1011,0.0100,46,3.086,0.9441,1,0.8822,,0.700,0,
6765,3,200,edge-26,2,edge,3100.0,0.1000,0.0100,28,2.642,0.8318,2,0.8786,,0.700,0,
6766,3,200,edge-26,2,edge,3200.0,0.1000,0.0100,28,2.642,0.8318,2,0.8748,,0.700,0,
6767,3,200,edge-26,2,edge,3300.0,0.1000,0.0100,22,2.542,0.7671,1,0.8710,,0.700,0,
6768,3,200,edge-26,2,edge,3400.0,0.1000,0.0100,28,2.642,0.8318,1,0.8672,,0.700,0,
6769,3,200,edge-26,2,edge,3500.0,0.1000,0.0100,25,2.592,0.8015,1,0.8634,,0.700,0,
6770,3,200,edge-26,2,edge,3600.0,0.1000,0.0100,28,2.642,0.8318,0,0.8596,,0.700,0,
6771,3,200,edge-26,2,edge,3700.0,0.1000,0.0100,22,2.542,0.7671,0,0.8559,,0.700,0,
6772,3,200,edge-26,2,edge,3800.0,0.1000,0.0100,25,2.738,0.8015,1,0.8521,,0.700,0,
6773,3,200,edge-26,2,edge,3900.0,0.1000,0.0100,22,2.688,0.7642,1,0.8483,,0.700,0,
6774,3,200,edge-26,2,edge,4000.0,0.1000,0.0100,28,2.788,0.8318,1,0.8447,,0.700,0,
6775,3,200,edge-26,2,edge,4100.0,0.1000,0.0100,28,2.788,0.8318,1,0.8409,,0.700,0,
6776,3,200,edge-26,2,edge,4200.0,0.1000,0.0100,25,2.738,0.8015,1,0.8371,,0.700,0,
6777,3,200,edge-26,2,edge,4300.0,0.1000,0.0100,25,2.738,0.7980,0,0.8333,,0.700,0,
6778,3,200,edge-26,2,edge,4400.0,0.1000,0.0100,28,2.788,0.8318,0,0.8297,,0.700,0,
6779,3,200,edge-26,2,edge,4500.0,0.1000,0.0100,28,2.788,0.8318,0,0.8259,,0.700,0,
6780,3,200,edge-26,2,edge,4600.0,0.1000,0.0100,22,2.688,0.7671,0,0.8221,,0.700,0,
6781,3,200,edge-26,2,edge,4700.0,0.1000,0.0100,19,2.541,0.7257,1,0.8183,,0.700,0,
6782,3,200,edge-26,2,edge,4800.0,0.1000,0.0100,22,2.591,0.7671,1,0.8147,,0.700,0,
6783,3,200,edge-26,2,edge,4900.0,0.1000,0.0100,28,2.691,0.8318,1,0.8109,,0.700,0,
6784,3,200,edge-26,2,edge,5000.0,0.1000,0.0100,25,2.641,0.8015,1,0.8071,,0.700,0,
6785,3,203,edge-27,2,edge,0.0,0.0000,0.0100,0,1.689,,1,1.0000,,0.700,0,1719.9
6786,3,203,edge-27,2,edge,100.0,0.0400,0.0100,7,2.039,0.8072,1,0.9911,,0.700,0,1719.9
6787,3,203,edge-27,2,edge,200.0,0.1000,0.0100,19,2.539,0.7257,1,0.9873,,0.700,0,1719.9
6788,3,203,edge-27,2,edge,300.0,0.1000,0.0100,30,2.665,0.8768,2,0.9837,,0.700,0,1719.9
6789,3,203,edge-27,2,edge,400.0,0.1000,0.0100,27,2.665,0.8566,2,0.9799,,0.700,0,1719.9
6790,3,203,edge-27,2,edge,500.0,0.1000,0.0100,27,2.883,0.7967,2,0.9761,,0.700,0,1719.9
6791,3,203,edge-27,2,edge,600.0,0.1000,0.0100,28,2.933,0.8447,2,0.9724,,0.700,0,1719.9
6792,3,203,edge-27,2,edge,700.0,0.1000,0.0100,31,3.033,0.8885,2,0.9686,,0.700,0,1719.9
6793,3,203,edge-27,2,edge,800.0,0.1000,0.0100,22,2.620,0.7671,2,0.9648,,0.700,0,1719.9
6794,3,203,edge-27,2,edge,900.0,0.1000,0.0100,28,2.828,0.8318,3,0.9610,,0.700,0,1719.9
6795,3,203,edge-27,2,edge,1000.0,0.1000,0.0100,28,2.828,0.8318,2,0.9572,,0.700,0,1719.9
6796,3,203,edge-27,2,edge,1100.0,0.1000,0.0100,28,3.062,0.8318,3,0.9534,,0.700,0,1719.9
6797,3,203,edge-27,2,edge,1200.0,0.1000,0.0100,28,3.062,0.8318,3,0.9496,,0.700,0,1719.9
6798,3,203,edge-27,2,edge,1300.0,0.1000,0.0100,28,3.062,0.8318,2,0.9458,,0.700,0,1719.9
6799,3,203,edge-27,2,edge,1400.0,0.1000,0.0100,25,3.012,0.8015,1,0.9420,,0.700,0,1719.9
6800,3,203,edge-27,2,edge,1500.0,0.1000,0.0100,25,3.012,0.8015,1,0.9382,,0.700,0,1719.9
6801,3,203,edge-27,2,edge,1600.0,0.1000,0.0100,28,3.062,0.8318,0,0.9344,,0.700,1,1719.9
6802,3,203,edge-27,2,edge,1700.0,0.1000,0.0100,25,3.012,0.8015,0,0.9307,,0.700,1,1719.9
6803,3,206,edge-28,2,edge,0.0,0.0000,0.0100,0,2.014,,1,1.0000,,0.700,0,
6804,3,206,edge-28,2,edge,100.0,0.0400,0.0100,8,2.414,0.8914,1,0.9911,,0.700,0,
6805,3,206,edge-28,2,edge,200.0,0.1000,0.0100,19,2.864,0.7257,1,0.9873,,0.700,0,
6806,3,206,edge-28,2,edge,300.0,0.1000,0.0100,28,3.071,0.8372,2,0.9837,,0.700,0,
6807,3,206,edge-28,2,edge,400.0,0.1000,0.0100,27,3.121,0.8095,2,0.9799,,0.700,0,
6808,3,206,edge-28,2,edge,500.0,0.1000,0.0100,28,2.753,0.8318,2,0.9761,,0.700,0,
6809,3,206,edge-28,2,edge,600.0,0.1000,0.0100,33,2.987,0.9186,3,0.9724,,0.700,0,
6810,3,206,edge-28,2,edge,700.0,0.1000,0.0100,28,2.947,0.8318,4,0.9686,,0.700,0,
6811,3,206,edge-28,2,edge,800.0,0.1000,0.0100,28,2.925,0.8318,3,0.9648,,0.700,0,
6812,3,206,edge-28,2,edge,900.0,0.1000,0.0100,28,3.141,0.8318,4,0.9610,,0.700,0,
6813,3,206,edge-28,2,edge,1000.0,0.1000,0.0100,22,2.607,0.7671,4,0.9572,,0.700,0,
6814,3,206,edge-28,2,edge,1100.0,0.1000,0.0100,25,2.976,0.8015,4,0.9534,,0.700,0,
6815,3,206,edge-28,2,edge,1200.0,0.1000,0.0100,28,2.955,0.8318,4,0.9496,,0.700,0,
6816,3,206,edge-28,2,edge,1300.0,0.1000,0.0100,22,2.855,0.7671,4,0.9458,,0.700,0,
6817,3,206,edge-28,2,edge,1400.0,0.1000,0.0100,22,2.855,0.7671,3,0.9420,,0.700,0,
6818,3,206,edge-28,2,edge,1500.0,0.1000,0.0100,28,2.955,0.8318,2,0.9382,,0.700,0,
6819,3,206,edge-28,2,edge,1600.0,0.1000,0.0100,28,2.955,0.8318,1,0.9344,,0.700,0,
6820,3,206,edge-28,2,edge,1700.0,0.1000,0.0100,14,2.785,0.5726,1,0.9307,,0.700,0,
6821,3,206,edge-28,2,edge,1800.0,0.1000,0.0100,19,2.935,0.7257,1,0.9270,,0.700,0,
6822,3,206,edge-28,2,edge,1900.0,0.1000,0.0100,25,2.735,0.8015,2,0.9234,,0.700,0,
6823,3,206,edge-28,2,edge,2000.0,0.1000,0.0100,25,2.735,0.8015,2,0.9196,,0.700,0,
6824,3,206,edge-28,2,edge,2100.0,0.1000,0.0100,22,2.685,0.7671,2,0.9158,,0.700,0,
6825,3,206,edge-28,2,edge,2200.0,0.1000,0.0100,22,2.685,0.7642,1,0.9120,,0.700,0,
6826,3,206,edge-28,2,edge,2300.0,0.1000,0.0100,22,3.001,0.7671,1,0.9084,,0.700,0,
6827,3,206,edge-28,2,edge,2400.0,0.1000,0.0100,25,2.720,0.7980,1,0.9046,,0.700,0,
6828,3,206,edge-28,2,edge,2500.0,0.1000,0.0100,22,2.670,0.7642,1,0.9010,,0.700,0,
6829,3,206,edge-28,2,edge,2600.0,0.1000,0.0100,25,2.729,0.8015,2,0.8974,,0.700,0,
6830,3,206,edge-28,2,edge,2700.0,0.1000,0.0100,30,3.177,0.6878,3,0.8936,,0.700,0,
6831,3,206,edge-28,2,edge,2800.0,0.1000,0.0100,33,3.227,0.6811,3,0.8898,,0.700,0,
6832,3,206,edge-28,2,edge,2900.0,0.1000,0.0100,28,2.655,0.8318,3,0.8860,,0.700,0,
6833,3,206,edge-28,2,edge,3000.0,0.1000,0.0100,28,2.655,0.8318,3,0.8822,,0.700,0,
6834,3,206,edge-28,2,edge,3100.0,0.1000,0.0100,28,2.655,0.8318,2,0.8784,,0.700,0,
6835,3,206,edge-28,2,edge,3200.0,0.1000,0.0100,37,3.217,0.7514,2,0.8747,,0.700,0,
6836,3,206,edge-28,2,edge,3300.0,0.1000,0.0100,22,2.723,0.7671,3,0.8709,,0.700,0,
6837,3,206,edge-28,2,edge,3400.0,0.1000,0.0100,43,3.511,0.8539,3,0.8671,,0.700,0,
6838,3,206,edge-28,2,edge,3500.0,0.1000,0.0100,22,2.647,0.7671,4,0.8633,,0.700,0,
6839,3,206,edge-28,2,edge,3600.0,0.1000,0.0100,19,2.597,0.7257,4,0.8595,,0.700,0,
6840,3,206,edge-28,2,edge,3700.0,0.1000,0.0100,28,2.747,0.8318,3,0.8559,,0.700,0,
6841,3,206,edge-28,2,edge,3800.0,0.1000,0.0100,25,2.697,0.8015,2,0.8521,,0.700,0,
6842,3,206,edge-28,2,edge,3900.0,0.1000,0.0100,22,2.887,0.7671,1,0.8483,,0.700,0,
6843,3,206,edge-28,2,edge,4000.0,0.1000,0.0100,28,2.700,0.8318,0,0.8445,,0.700,0,
6844,3,206,edge-28,2,edge,4100.0,0.1000,0.0100,30,2.749,0.9433,1,0.8407,,0.700,0,
6845,3,206,edge-28,2,edge,4200.0,0.1000,0.0100,28,2.599,0.8318,1,0.8369,,0.700,0,
6846,3,206,edge-28,2,edge,4300.0,0.1000,0.0100,28,2.880,0.8318,2,0.8331,,0.700,0,
6847,3,206,edge-28,2,edge,4400.0,0.1000,0.0100,28,2.880,0.8318,2,0.8293,,0.700,0,
6848,3,206,edge-28,2,edge,4500.0,0.1000,0.0100,25,2.830,0.8015,2,0.8256,,0.700,0,
6849,3,206,edge-28,2,edge,4600.0,0.1000,0.0100,28,2.700,0.8318,2,0.8218,,0.700,0,
6850,3,206,edge-28,2,edge,4700.0,0.1000,0.0100,25,2.806,0.8015,3,0.8180,,0.700,0,
6851,3,206,edge-28,2,edge,4800.0,0.1000,0.0100,25,2.636,0.8015,3,0.8142,,0.700,0,
6852,3,206,edge-28,2,edge,4900.0,0.1000,0.0100,28,2.686,0.8318,3,0.8104,,0.700,0,
6853,3,206,edge-28,2,edge,5000.0,0.1000,0.0100,28,2.868,0.8318,4,0.8066,,0.700,0,
6854,3,209,edge-29,2,edge,0.0,0.0000,0.0100,0,1.691,,1,1.0000,,0.700,0,
6855,3,209,edge-29,2,edge,100.0,0.0400,0.0100,8,2.091,0.8914,1,0.9911,,0.700,0,
6856,3,209,edge-29,2,edge,200.0,0.1000,0.0100,28,2.708,0.8318,2,0.9873,,0.700,0,
6857,3,209,edge-29,2,edge,300.0,0.1000,0.0100,25,2.642,0.8015,2,0.9836,,0.700,0,
6858,3,209,edge-29,2,edge,400.0,0.1000,0.0100,31,3.000,0.7233,3,0.9798,,0.700,0,
6859,3,209,edge-29,2,edge,500.0,0.1003,0.0100,27,2.910,0.9168,2,0.9760,,0.700,0,
6860,3,209,edge-29,2,edge,600.0,0.1007,0.0100,45,3.275,1.0000,2,0.9722,,0.700,0,
6861,3,209,edge-29,2,edge,700.0,0.1010,0.0100,46,3.296,0.9840,1,0.9684,,0.700,0,
6862,3,209,edge-29,2,edge,800.0,0.1000,0.0100,22,2.526,0.7671,2,0.9647,,0.700,0,
6863,3,209,edge-29,2,edge,900.0,0.1004,0.0100,41,3.124,0.8200,2,0.9609,,0.700,0,
6864,3,209,edge-29,2,edge,1000.0,0.1008,0.0100,44,3.020,0.9648,3,0.9573,,0.700,0,
6865,3,209,edge-29,2,edge,1100.0,0.1000,0.0100,28,2.615,0.8318,4,0.9537,,0.700,0,
6866,3,209,edge-29,2,edge,1200.0,0.1000,0.0100,22,2.507,0.7642,5,0.9499,,0.700,0,
6867,3,209,edge-29,2,edge,1300.0,0.1000,0.0100,25,2.858,0.7980,4,0.9463,,0.700,0,
6868,3,209,edge-29,2,edge,1400.0,0.1000,0.0100,25,2.858,0.8015,3,0.9427,,0.700,0,
6869,3,209,edge-29,2,edge,1500.0,0.1000,0.0100,25,2.489,0.8015,3,0.9389,,0.700,0,
6870,3,209,edge-29,2,edge,1600.0,0.1000,0.0100,22,2.439,0.7642,2,0.9351,,0.700,0,
6871,3,209,edge-29,2,edge,1700.0,0.1000,0.0100,37,3.077,0.8922,2,0.9315,,0.700,0,
6872,3,209,edge-29,2,edge,1800.0,0.1000,0.0100,43,3.327,1.0000,2,0.9277,,0.700,0,
6873,3,209,edge-29,2,edge,1900.0,0.1000,0.0100,30,2.746,0.7605,3,0.9239,,0.700,0,
6874,3,209,edge-29,2,edge,2000.0,0.1000,0.0100,29,2.646,0.8311,2,0.9201,,0.700,0,
6875,3,209,edge-29,2,edge,2100.0,0.1000,0.0100,28,2.795,0.8318,3,0.9163,,0.700,0,
6876,3,209,edge-29,2,edge,2200.0,0.1000,0.0100,22,2.543,0.7671,3,0.9125,,0.700,0,
6877,3,209,edge-29,2,edge,2300.0,0.1000,0.0100,25,2.616,0.8015,4,0.9087,,0.700,0,
6878,3,209,edge-29,2,edge,2400.0,0.1000,0.0100,31,2.968,0.7249,4,0.9049,,0.700,0,
6879,3,209,edge-29,2,edge,2500.0,0.1004,0.0100,35,2.983,0.9829,4,0.9011,,0.700,0,
6880,3,209,edge-29,2,edge,2600.0,0.1001,0.0100,33,2.923,0.9075,3,0.8973,,0.700,0,
6881,3,209,edge-29,2,edge,2700.0,0.1003,0.0100,36,2.978,0.9896,2,0.8935,,0.700,0,
6882,3,209,edge-29,2,edge,2800.0,0.1000,0.0100,25,2.717,0.8015,2,0.8898,,0.700,0,
6883,3,209,edge-29,2,edge,2900.0,0.1000,0.0100,22,2.667,0.7671,1,0.8860,,0.700,0,
6884,3,209,edge-29,2,edge,3000.0,0.1000,0.0100,22,2.667,0.7671,1,0.8822,,0.700,0,
6885,3,209,edge-29,2,edge,3100.0,0.1000,0.0100,28,2.767,0.8318,1,0.8784,,0.700,0,
6886,3,209,edge-29,2,edge,3200.0,0.1000,0.0100,25,2.717,0.7980,1,0.8746,,0.700,0,
6887,3,209,edge-29,2,edge,3300.0,0.1000,0.0100,25,2.717,0.8015,0,0.8710,,0.700,0,
6888,3,209,edge-29,2,edge,3400.0,0.1000,0.0100,30,2.707,0.8773,1,0.8672,,0.700,0,
6889,3,209,edge-29,2,edge,3500.0,0.1000,0.0100,28,2.778,0.8318,2,0.8634,,0.700,0,
6890,3,209,edge-29,2,edge,3600.0,0.1000,0.0100,25,2.594,0.8015,2,0.8596,,0.700,0,
6891,3,209,edge-29,2,edge,3700.0,0.1008,0.0100,44,2.956,0.9708,3,0.8558,,0.700,0,
6892,3,209,edge-29,2,edge,3800.0,0.1008,0.0100,41,2.829,0.9575,4,0.8522,,0.700,0,
6893,3,209,edge-29,2,edge,3900.0,0.1011,0.0100,46,2.939,0.9414,3,0.8485,,0.700,0,
6894,3,209,edge-29,2,edge,4000.0,0.1000,0.0100,28,2.625,0.8318,3,0.8449,,0.700,0,
6895,3,209,edge-29,2,edge,4100.0,0.1000,0.0100,22,2.525,0.7671,3,0.8411,,0.700,0,
6896,3,209,edge-29,2,edge,4200.0,0.1000,0.0100,28,2.588,0.8318,3,0.8373,,0.700,0,
6897,3,209,edge-29,2,edge,4300.0,0.1000,0.0100,19,2.372,0.7280,3,0.8335,,0.700,0,
6898,3,209,edge-29,2,edge,4400.0,0.1006,0.0100,44,3.089,0.8197,4,0.8297,,0.700,0,
6899,3,209,edge-29,2,edge,4500.0,0.1000,0.0100,33,2.811,0.9594,4,0.8261,,0.700,0,
6900,3,209,edge-29,2,edge,4600.0,0.1000,0.0100,24,2.661,0.8660,4,0.8223,,0.700,0,
6901,3,209,edge-29,2,edge,4700.0,0.1000,0.0100,25,2.561,0.8015,3,0.8185,,0.700,0,
6902,3,209,edge-29,2,edge,4800.0,0.1000,0.0100,30,2.761,0.8929,2,0.8147,,0.700,0,
6903,3,209,edge-29,2,edge,4900.0,0.1000,0.0100,28,2.611,0.8318,1,0.8110,,0.700,0,
6904,3,209,edge-29,2,edge,5000.0,0.1000,0.0100,28,2.973,0.9715,1,0.8072,,0.700,0,
6905,3,212,edge-30,2,edge,0.0,0.0000,0.0100,0,1.531,,1,1.0000,,0.700,0,
6906,3,212,edge-30,2,edge,100.0,0.0403,0.0100,11,1.991,0.9644,1,0.9911,,0.700,0,
6907,3,212,edge-30,2,edge,200.0,0.1000,0.0100,28,2.769,0.8318,2,0.9875,,0.700,0,
6908,3,212,edge-30,2,edge,300.0,0.1000,0.0100,25,2.665,0.8105,3,0.9837,,0.700,0,
6909,3,212,edge-30,2,edge,400.0,0.1000,0.0100,33,2.865,0.9089,3,0.9799,,0.700,0,
6910,3,212,edge-30,2,edge,500.0,0.1000,0.0100,37,3.119,0.9136,3,0.9761,,0.700,0,
6911,3,212,edge-30,2,edge,600.0,0.1000,0.0100,25,2.629,0.8015,4,0.9723,,0.700,0,
6912,3,212,edge-30,2,edge,700.0,0.1000,0.0100,25,2.629,0.8015,3,0.9686,,0.700,0,
6913,3,212,edge-30,2,edge,800.0,0.1000,0.0100,28,2.679,0.8318,2,0.9648,,0.700,0,
6914,3,212,edge-30,2,edge,900.0,0.1000,0.0100,22,2.579,0.7671,2,0.9610,,0.700,0,
6915,3,212,edge-30,2,edge,1000.0,0.1000,0.0100,25,2.629,0.8015,1,0.9572,,0.700,0,
6916,3,212,edge-30,2,edge,1100.0,0.1000,0.0100,25,2.629,0.8015,0,0.9534,,0.700,0,
6917,3,212,edge-30,2,edge,1200.0,0.1000,0.0100,25,2.629,0.8015,0,0.9496,,0.700,0,
6918,3,212,edge-30,2,edge,1300.0,0.1000,0.0100,31,2.827,0.7416,1,0.9458,,0.700,0,
6919,3,212,edge-30,2,edge,1400.0,0.1000,0.0100,28,2.778,0.8318,2,0.9420,,0.700,0,
6920,3,212,edge-30,2,edge,1500.0,0.1000,0.0100,22,2.615,0.7671,3,0.9382,,0.700,0,
6921,3,212,edge-30,2,edge,1600.0,0.1000,0.0100,25,2.754,0.8015,4,0.9344,,0.700,0,
6922,3,212,edge-30,2,edge,1700.0,0.1000,0.0100,34,3.225,0.7457,5,0.9307,,0.700,0,
6923,3,212,edge-30,2,edge,1800.0,0.1000,0.0100,28,2.848,0.8318,5,0.9269,,0.700,0,
6924,3,212,edge-30,2,edge,1900.0,0.1000,0.0100,25,2.798,0.8015,4,0.9231,,0.700,0,
6925,3,212,edge-30,2,edge,2000.0,0.1000,0.0100,22,2.748,0.7671,3,0.9193,,0.700,0,
6926,3,212,edge-30,2,edge,2100.0,0.1000,0.0100,28,2.848,0.8318,2,0.9155,,0.700,0,
6927,3,212,edge-30,2,edge,2200.0,0.1000,0.0100,28,2.848,0.8318,1,0.9117,,0.700,0,
6928,3,212,edge-30,2,edge,2300.0,0.1000,0.0100,25,2.798,0.8015,0,0.9079,,0.700,0,
6929,3,212,edge-30,2,edge,2400.0,0.1000,0.0100,25,3.008,0.8015,1,0.9041,,0.700,0,
6930,3,212,edge-30,2,edge,2500.0,0.1000,0.0100,25,3.008,0.7980,1,0.9003,,0.700,0,
6931,3,212,edge-30,2,edge,2600.0,0.1000,0.0100,28,3.058,0.8318,1,0.8967,,0.700,0,
6932,3,212,edge-30,2,edge,2700.0,0.1000,0.0100,28,3.058,0.8318,1,0.8929,,0.700,0,
6933,3,212,edge-30,2,edge,2800.0,0.1000,0.0100,25,2.747,0.8015,1,0.8891,,0.700,0,
6934,3,212,edge-30,2,edge,2900.0,0.1001,0.0100,30,3.062,0.8902,1,0.8853,,0.700,0,
6935,3,212,edge-30,2,edge,3000.0,0.1000,0.0100,28,2.869,0.8318,2,0.8815,,0.700,0,
6936,3,212,edge-30,2,edge,3100.0,0.1000,0.0100,25,2.612,0.8015,3,0.8778,,0.700,0,
6937,3,212,edge-30,2,edge,3200.0,0.1000,0.0100,25,2.825,0.8015,4,0.8740,,0.700,0,
6938,3,212,edge-30,2,edge,3300.0,0.1000,0.0100,25,2.825,0.8015,4,0.8702,,0.700,0,
6939,3,212,edge-30,2,edge,3400.0,0.1000,0.0100,28,2.875,0.8318,3,0.8664,,0.700,0,
6940,3,212,edge-30,2,edge,3500.0,0.1000,0.0100,39,3.279,0.8091,3,0.8626,,0.700,0,
6941,3,212,edge-30,2,edge,3600.0,0.1000,0.0100,28,2.906,0.8318,3,0.8588,,0.700,0,
6942,3,212,edge-30,2,edge,3700.0,0.1000,0.0100,22,2.806,0.7671,2,0.8550,,0.700,0,
6943,3,212,edge-30,2,edge,3800.0,0.1000,0.0100,28,2.960,0.8318,2,0.8512,,0.700,0,
6944,3,212,edge-30,2,edge,3900.0,0.1000,0.0100,32,2.787,0.9249,3,0.8474,,0.700,0,
6945,3,212,edge-30,2,edge,4000.0,0.1000,0.0100,22,2.537,0.7671,2,0.8436,,0.700,0,
6946,3,212,edge-30,2,edge,4100.0,0.1000,0.0100,33,2.837,0.9625,1,0.8399,,0.700,0,
6947,3,212,edge-30,2,edge,4200.0,0.1000,0.0100,25,2.587,0.8015,1,0.8361,,0.700,0,
6948,3,212,edge-30,2,edge,4300.0,0.1000,0.0100,30,2.787,0.8761,1,0.8323,,0.700,0,
6949,3,212,edge-30,2,edge,4400.0,0.1000,0.0100,25,2.587,0.8015,0,0.8285,,0.700,0,
6950,3,212,edge-30,2,edge,4500.0,0.1000,0.0100,27,2.737,0.9044,0,0.8247,,0.700,0,
6951,3,212,edge-30,2,edge,4600.0,0.1000,0.0100,25,2.641,0.8015,1,0.8209,,0.700,0,
6952,3,212,edge-30,2,edge,4700.0,0.1000,0.0100,25,2.641,0.8015,1,0.8171,,0.700,0,
6953,3,212,edge-30,2,edge,4800.0,0.1000,0.0100,25,2.641,0.8015,1,0.8133,,0.700,0,
6954,3,212,edge-30,2,edge,4900.0,0.1000,0.0100,28,2.691,0.8318,1,0.8095,,0.700,0,
6955,3,212,edge-30,2,edge,5000.0,0.1000,0.0100,25,2.641,0.8015,1,0.8057,,0.700,0,
6956,3,215,edge-31,2,edge,0.0,0.0000,0.0100,0,2.111,,1,1.0000,,0.700,0,
6957,3,215,edge-31,2,edge,100.0,0.0401,0.0100,9,2.516,0.9017,1,0.9911,,0.700,0,
6958,3,215,edge-31,2,edge,200.0,0.1004,0.0100,34,3.276,0.9368,1,0.9875,,0.700,0,
6959,3,215,edge-31,2,edge,300.0,0.1001,0.0100,32,3.216,0.9208,1,0.9839,,0.700,0,
6960,3,215,edge-31,2,edge,400.0,0.1000,0.0100,25,2.785,0.8015,2,0.9801,,0.700,0,
6961,3,215,edge-31,2,edge,500.0,0.1000,0.0100,25,2.799,0.8015,2,0.9763,,0.700,0,
6962,3,215,edge-31,2,edge,600.0,0.1000,0.0100,25,2.799,0.8015,2,0.9725,,0.700,0,
6963,3,215,edge-31,2,edge,700.0,0.1000,0.0100,28,2.849,0.8318,2,0.9687,,0.700,0,
6964,3,215,edge-31,2,edge,800.0,0.1000,0.0100,22,2.749,0.7671,2,0.9649,,0.700,0,
6965,3,215,edge-31,2,edge,900.0,0.1004,0.0100,45,3.617,0.9956,2,0.9611,,0.700,0,
6966,3,215,edge-31,2,edge,1000.0,0.1000,0.0100,34,3.302,0.7443,1,0.9575,,0.700,0,
6967,3,215,edge-31,2,edge,1100.0,0.1000,0.0100,25,3.002,0.8015,1,0.9537,,0.700,0,
6968,3,215,edge-31,2,edge,1200.0,0.1000,0.0100,28,3.202,0.8500,1,0.9499,,0.700,0,
6969,3,215,edge-31,2,edge,1300.0,0.1000,0.0100,30,3.252,0.8848,1,0.9461,,0.700,0,
6970,3,215,edge-31,2,edge,1400.0,0.1000,0.0100,33,3.402,0.8131,0,0.9424,,0.700,0,
6971,3,215,edge-31,2,edge,1500.0,0.1000,0.0100,33,3.165,0.9115,1,0.9386,,0.700,0,
6972,3,215,edge-31,2,edge,1600.0,0.1000,0.0100,32,3.065,0.8639,1,0.9348,,0.700,0,
6973,3,215,edge-31,2,edge,1700.0,0.1000,0.0100,33,3.115,0.8454,1,0.9310,,0.700,0,
6974,3,215,edge-31,2,edge,1800.0,0.1000,0.0100,33,3.115,0.9064,1,0.9272,,0.700,0,
6975,3,215,edge-31,2,edge,1900.0,0.1000,0.0100,33,3.165,0.9163,1,0.9234,,0.700,0,
6976,3,215,edge-31,2,edge,2000.0,0.1000,0.0100,25,2.751,0.8015,1,0.9196,,0.700,0,
6977,3,215,edge-31,2,edge,2100.0,0.1000,0.0100,22,2.578,0.7671,2,0.9158,,0.700,0,
6978,3,215,edge-31,2,edge,2200.0,0.1000,0.0100,25,2.763,0.7980,3,0.9120,,0.700,0,
6979,3,215,edge-31,2,edge,2300.0,0.1000,0.0100,22,2.564,0.7671,4,0.9084,,0.700,0,
6980,3,215,edge-31,2,edge,2400.0,0.1000,0.0100,28,2.718,0.8318,5,0.9046,,0.700,0,
6981,3,215,edge-31,2,edge,2500.0,0.1000,0.0100,28,2.627,0.8318,5,0.9008,,0.700,0,
6982,3,215,edge-31,2,edge,2600.0,0.1008,0.0100,41,3.140,0.9515,5,0.8970,,0.700,0,
6983,3,215,edge-31,2,edge,2700.0,0.1000,0.0100,25,2.567,0.8015,5,0.8934,,0.700,0,
6984,3,215,edge-31,2,edge,2800.0,0.1008,0.0100,44,2.925,0.9739,5,0.8896,,0.700,0,
6985,3,215,edge-31,2,edge,2900.0,0.1000,0.0100,28,2.747,0.8318,5,0.8860,,0.700,0,
6986,3,215,edge-31,2,edge,3000.0,0.1000,0.0100,28,2.765,0.8318,5,0.8822,,0.700,0,
6987,3,215,edge-31,2,edge,3100.0,0.1000,0.0100,22,2.665,0.7671,4,0.8784,,0.700,0,
6988,3,215,edge-31,2,edge,3200.0,0.1000,0.0100,28,2.765,0.8318,3,0.8746,,0.700,0,
6989,3,215,edge-31,2,edge,3300.0,0.1000,0.0100,27,2.804,0.7363,3,0.8708,,0.700,0,
6990,3,215,edge-31,2,edge,3400.0,0.1000,0.0100,22,2.724,0.7671,3,0.8670,,0.700,0,
6991,3,215,edge-31,2,edge,3500.0,0.1013,0.0100,53,3.296,1.0000,3,0.8632,,0.700,0,
6992,3,215,edge-31,2,edge,3600.0,0.1000,0.0100,25,2.655,0.8015,4,0.8596,,0.700,0,
6993,3,215,edge-31,2,edge,3700.0,0.1000,0.0100,19,2.550,0.7280,5,0.8558,,0.700,0,
6994,3,215,edge-31,2,edge,3800.0,0.1000,0.0100,25,2.630,0.8015,5,0.8520,,0.700,0,
6995,3,215,edge-31,2,edge,3900.0,0.1000,0.0100,25,2.506,0.8015,5,0.8482,,0.700,0,
6996,3,215,edge-31,2,edge,4000.0,0.1008,0.0100,44,3.051,0.9621,5,0.8444,,0.700,0,
6997,3,215,edge-31,2,edge,4100.0,0.1008,0.0100,37,2.904,0.9437,5,0.8408,,0.700,0,
6998,3,215,edge-31,2,edge,4200.0,0.1010,0.0100,43,3.009,0.9137,4,0.8372,,0.700,0,
6999,3,215,edge-31,2,edge,4300.0,0.1013,0.0100,40,3.019,0.9735,3,0.8333,,0.700,0,
7000,3,215,edge-31,2,edge,4400.0,0.1000,0.0100,49,3.696,1.0000,3,0.8297,,0.700,0,
7001,3,215,edge-31,2,edge,4500.0,0.1010,0.0100,40,2.981,0.9875,2,0.8259,,0.700,0,
7002,3,215,edge-31,2,edge,4600.0,0.1003,0.0100,33,2.856,0.9238,1,0.8223,,0.700,0,
7003,3,215,edge-31,2,edge,4700.0,0.1000,0.0100,25,2.592,0.8015,2,0.8185,,0.700,0,
7004,3,215,edge-31,2,edge,4800.0,0.1000,0.0100,25,2.592,0.7980,2,0.8147,,0.700,0,
7005,3,215,edge-31,2,edge,4900.0,0.1000,0.0100,25,2.592,0.8015,1,0.8111,,0.700,0,
7006,3,215,edge-31,2,edge,5000.0,0.1000,0.0100,25,2.592,0.8015,1,0.8073,,0.700,0,
7007,3,218,edge-32,2,edge,0.0,0.0000,0.0100,0,1.868,,1,1.0000,,0.700,0,
7008,3,218,edge-32,2,edge,100.0,0.0400,0.0100,7,2.218,0.8072,1,0.9911,,0.700,0,
7009,3,218,edge-32,2,edge,200.0,0.1001,0.0100,33,2.997,0.8430,2,0.9873,,0.700,0,
7010,3,218,edge-32,2,edge,300.0,0.1003,0.0100,33,2.952,0.9773,2,0.9837,,0.700,0,
7011,3,218,edge-32,2,edge,400.0,0.1003,0.0100,31,2.952,0.9297,2,0.9799,,0.700,0,
7012,3,218,edge-32,2,edge,500.0,0.1000,0.0100,22,2.618,0.7671,2,0.9763,,0.700,0,
7013,3,218,edge-32,2,edge,600.0,0.1000,0.0100,21,2.638,0.7979,3,0.9725,,0.700,0,
7014,3,218,edge-32,2,edge,700.0,0.1000,0.0100,19,2.539,0.7257,3,0.9687,,0.700,0,
7015,3,218,edge-32,2,edge,800.0,0.1000,0.0100,25,2.639,0.8015,3,0.9651,,0.700,0,
7016,3,218,edge-32,2,edge,900.0,0.1000,0.0100,28,2.689,0.8318,3,0.9613,,0.700,0,
7017,3,218,edge-32,2,edge,1000.0,0.1000,0.0100,47,3.365,1.0000,3,0.9575,,0.700,0,
7018,3,218,edge-32,2,edge,1100.0,0.1000,0.0100,58,3.665,1.0000,2,0.9537,,0.700,0,
7019,3,218,edge-32,2,edge,1200.0,0.1000,0.0100,58,3.883,1.0000,2,0.9499,,0.700,0,
7020,3,218,edge-32,2,edge,1300.0,0.1003,0.0100,41,3.243,1.0000,2,0.9461,,0.700,0,
7021,3,218,edge-32,2,edge,1400.0,0.1013,0.0100,49,3.228,0.8896,2,0.9425,,0.700,0,
7022,3,218,edge-32,2,edge,1500.0,0.1000,0.0100,25,2.670,0.8015,2,0.9389,,0.700,0,
7023,3,218,edge-32,2,edge,1600.0,0.1000,0.0100,22,2.728,0.7671,3,0.9351,,0.700,0,
7024,3,218,edge-32,2,edge,1700.0,0.1000,0.0100,19,2.678,0.7257,2,0.9313,,0.700,0,
7025,3,218,edge-32,2,edge,1800.0,0.1000,0.0100,22,2.962,0.7671,3,0.9277,,0.700,0,
7026,3,218,edge-32,2,edge,1900.0,0.1000,0.0100,16,2.862,0.6818,3,0.9239,,0.700,0,
7027,3,218,edge-32,2,edge,2000.0,0.1000,0.0100,25,3.012,0.8015,2,0.9203,,0.700,0,
7028,3,218,edge-32,2,edge,2100.0,0.1000,0.0100,22,2.962,0.7671,1,0.9165,,0.700,0,
7029,3,218,edge-32,2,edge,2200.0,0.1000,0.0100,28,3.062,0.8318,1,0.9127,,0.700,0,
7030,3,218,edge-32,2,edge,2300.0,0.1000,0.0100,25,3.012,0.8015,0,0.9089,,0.700,0,
7031,3,218,edge-32,2,edge,2400.0,0.1000,0.0100,25,3.012,0.8015,0,0.9051,,0.700,0,
7032,3,218,edge-32,2,edge,2500.0,0.1000,0.0100,28,2.705,0.8318,0,0.9013,,0.700,0,
7033,3,218,edge-32,2,edge,2600.0,0.1000,0.0100,25,2.655,0.8015,0,0.8975,,0.700,0,
7034,3,218,edge-32,2,edge,2700.0,0.1000,0.0100,28,2.705,0.8318,0,0.8937,,0.700,0,
7035,3,218,edge-32,2,edge,2800.0,0.1000,0.0100,28,2.705,0.8318,0,0.8900,,0.700,0,
7036,3,218,edge-32,2,edge,2900.0,0.1000,0.0100,28,2.834,0.8318,1,0.8862,,0.700,0,
7037,3,218,edge-32,2,edge,3000.0,0.1000,0.0100,28,2.834,0.8318,1,0.8824,,0.700,0,
7038,3,218,edge-32,2,edge,3100.0,0.1000,0.0100,28,2.651,0.8318,2,0.8786,,0.700,0,
7039,3,218,edge-32,2,edge,3200.0,0.1000,0.0100,28,2.651,0.8318,2,0.8748,,0.700,0,
7040,3,218,edge-32,2,edge,3300.0,0.1000,0.0100,28,2.853,0.8318,3,0.8710,,0.700,0,
7041,3,218,edge-32,2,edge,3400.0,0.1000,0.0100,28,2.853,0.8318,2,0.8672,,0.700,0,
7042,3,218,edge-32,2,edge,3500.0,0.1000,0.0100,25,2.803,0.8015,2,0.8634,,0.700,0,
7043,3,218,edge-32,2,edge,3600.0,0.1000,0.0100,25,2.769,0.8015,2,0.8596,,0.700,0,
7044,3,218,edge-32,2,edge,3700.0,0.1000,0.0100,16,2.619,0.6818,2,0.8558,,0.700,0,
7045,3,218,edge-32,2,edge,3800.0,0.1000,0.0100,28,2.819,0.8318,1,0.8522,,0.700,0,
7046,3,218,edge-32,2,edge,3900.0,0.1000,0.0100,22,2.719,0.7671,1,0.8484,,0.700,0,
7047,3,218,edge-32,2,edge,4000.0,0.1000,0.0100,25,2.526,0.8015,2,0.8446,,0.700,0,
7048,3,218,edge-32,2,edge,4100.0,0.1000,0.0100,25,2.526,0.8015,1,0.8408,,0.700,0,
7049,3,218,edge-32,2,edge,4200.0,0.1000,0.0100,19,2.426,0.7280,1,0.8371,,0.700,0,
7050,3,218,edge-32,2,edge,4300.0,0.1000,0.0100,19,2.700,0.7257,2,0.8333,,0.700,0,
7051,3,218,edge-32,2,edge,4400.0,0.1000,0.0100,25,2.800,0.8015,2,0.8296,,0.700,0,
7052,3,218,edge-32,2,edge,4500.0,0.1000,0.0100,28,2.616,0.8318,2,0.8259,,0.700,0,
7053,3,218,edge-32,2,edge,4600.0,0.1008,0.0100,41,3.142,0.9329,3,0.8221,,0.700,0,
7054,3,218,edge-32,2,edge,4700.0,0.1000,0.0100,25,2.509,0.7980,4,0.8184,,0.700,0,
7055,3,218,edge-32,2,edge,4800.0,0.1008,0.0100,44,3.027,0.9642,4,0.8148,,0.700,0,
7056,3,218,edge-32,2,edge,4900.0,0.1000,0.0100,25,2.863,0.8015,5,0.8112,,0.700,0,
7057,3,218,edge-32,2,edge,5000.0,0.1000,0.0100,25,2.518,0.8015,5,0.8074,,0.700,0,
7058,3,221,edge-33,2,edge,0.0,0.0000,0.0100,0,1.728,,1,1.0000,,0.700,0,
7059,3,221,edge-33,2,edge,100.0,0.0400,0.0100,8,2.128,0.8914,1,0.9911,,0.700,0,
7060,3,221,edge-33,2,edge,200.0,0.1000,0.0100,22,2.628,0.7671,1,0.9873,,0.700,0,
7061,3,221,edge-33,2,edge,300.0,0.1000,0.0100,28,2.728,0.8318,1,0.9836,,0.700,0,
7062,3,221,edge-33,2,edge,400.0,0.1000,0.0100,25,2.678,0.8015,1,0.9798,,0.700,0,
7063,3,221,edge-33,2,edge,500.0,0.1000,0.0100,25,2.659,0.8015,0,0.9760,,0.700,0,
7064,3,221,edge-33,2,edge,600.0,0.1000,0.0100,22,2.440,0.7671,1,0.9722,,0.700,0,
7065,3,221,edge-33,2,edge,700.0,0.1000,0.0100,25,2.490,0.8015,1,0.9684,,0.700,0,
7066,3,221,edge-33,2,edge,800.0,0.1000,0.0100,25,2.710,0.8015,2,0.9646,,0.700,0,
7067,3,221,edge-33,2,edge,900.0,0.1000,0.0100,16,2.336,0.6836,3,0.9608,,0.700,0,
7068,3,221,edge-33,2,edge,1000.0,0.1000,0.0100,25,2.966,0.8015,3,0.9570,,0.700,0,
7069,3,221,edge-33,2,edge,1100.0,0.1000,0.0100,28,3.016,0.8318,2,0.9532,,0.700,0,
7070,3,221,edge-33,2,edge,1200.0,0.1000,0.0100,28,3.016,0.8318,2,0.9494,,0.700,0,
7071,3,221,edge-33,2,edge,1300.0,0.1001,0.0100,29,3.044,0.9007,2,0.9456,,0.700,0,
7072,3,221,edge-33,2,edge,1400.0,0.1003,0.0100,36,3.199,0.9883,1,0.9419,,0.700,0,
7073,3,221,edge-33,2,edge,1500.0,0.1000,0.0100,19,2.611,0.7280,2,0.9381,,0.700,0,
7074,3,221,edge-33,2,edge,1600.0,0.1000,0.0100,22,2.661,0.7671,2,0.9343,,0.700,0,
7075,3,221,edge-33,2,edge,1700.0,0.1000,0.0100,28,2.761,0.8318,2,0.9305,,0.700,0,
7076,3,221,edge-33,2,edge,1800.0,0.1000,0.0100,22,2.661,0.7671,1,0.9267,,0.700,0,
7077,3,221,edge-33,2,edge,1900.0,0.1000,0.0100,22,2.661,0.7642,1,0.9229,,0.700,0,
7078,3,221,edge-33,2,edge,2000.0,0.1000,0.0100,22,2.661,0.7671,0,0.9193,,0.700,0,
7079,3,221,edge-33,2,edge,2100.0,0.1000,0.0100,22,2.686,0.7642,0,0.9155,,0.700,0,
7080,3,221,edge-33,2,edge,2200.0,0.1000,0.0100,28,2.711,0.8318,0,0.9119,,0.700,0,
7081,3,221,edge-33,2,edge,2300.0,0.1000,0.0100,25,2.661,0.8015,0,0.9081,,0.700,0,
7082,3,221,edge-33,2,edge,2400.0,0.1000,0.0100,28,2.711,0.8318,0,0.9043,,0.700,0,
7083,3,221,edge-33,2,edge,2500.0,0.1000,0.0100,22,2.591,0.7671,1,0.9005,,0.700,0,
7084,3,221,edge-33,2,edge,2600.0,0.1000,0.0100,25,2.764,0.8015,1,0.8967,,0.700,0,
7085,3,221,edge-33,2,edge,2700.0,0.1003,0.0100,33,2.955,0.9716,2,0.8929,,0.700,0,
7086,3,221,edge-33,2,edge,2800.0,0.1000,0.0100,25,2.503,0.8015,3,0.8893,,0.700,0,
7087,3,221,edge-33,2,edge,2900.0,0.1000,0.0100,25,2.699,0.8015,4,0.8855,,0.700,0,
7088,3,221,edge-33,2,edge,3000.0,0.1000,0.0100,28,2.645,0.8318,4,0.8817,,0.700,0,
7089,3,221,edge-33,2,edge,3100.0,0.1000,0.0100,25,2.595,0.8015,4,0.8779,,0.700,0,
7090,3,221,edge-33,2,edge,3200.0,0.1000,0.0100,22,2.545,0.7671,3,0.8741,,0.700,0,
7091,3,221,edge-33,2,edge,3300.0,0.1000,0.0100,19,2.495,0.7280,2,0.8703,,0.700,0,
7092,3,221,edge-33,2,edge,3400.0,0.1000,0.0100,25,2.740,0.8015,2,0.8666,,0.700,0,
7093,3,221,edge-33,2,edge,3500.0,0.1000,0.0100,22,2.639,0.7671,2,0.8628,,0.700,0,
7094,3,221,edge-33,2,edge,3600.0,0.1000,0.0100,25,2.964,0.8015,2,0.8590,,0.700,0,
7095,3,221,edge-33,2,edge,3700.0,0.1000,0.0100,28,3.014,0.8318,2,0.8552,,0.700,0,
7096,3,221,edge-33,2,edge,3800.0,0.1000,0.0100,25,2.964,0.8015,2,0.8514,,0.700,0,
7097,3,221,edge-33,2,edge,3900.0,0.1000,0.0100,22,2.914,0.7671,1,0.8476,,0.700,0,
7098,3,221,edge-33,2,edge,4000.0,0.1000,0.0100,25,2.964,0.8015,0,0.8438,,0.700,0,
7099,3,221,edge-33,2,edge,4100.0,0.1000,0.0100,25,2.964,0.7980,0,0.8400,,0.700,0,
7100,3,221,edge-33,2,edge,4200.0,0.1000,0.0100,30,3.171,0.7442,1,0.8364,,0.700,0,
7101,3,221,edge-33,2,edge,4300.0,0.1000,0.0100,33,3.221,0.7803,1,0.8326,,0.700,0,
7102,3,221,edge-33,2,edge,4400.0,0.1000,0.0100,19,2.603,0.7257,2,0.8288,,0.700,0,
7103,3,221,edge-33,2,edge,4500.0,0.1000,0.0100,32,3.037,0.8795,3,0.8252,,0.700,0,
7104,3,221,edge-33,2,edge,4600.0,0.1000,0.0100,28,2.947,0.8318,4,0.8214,,0.700,0,
7105,3,221,edge-33,2,edge,4700.0,0.1000,0.0100,25,2.875,0.8015,3,0.8176,,0.700,0,
7106,3,221,edge-33,2,edge,4800.0,0.1000,0.0100,25,3.091,0.8015,4,0.8138,,0.700,0,
7107,3,221,edge-33,2,edge,4900.0,0.1000,0.0100,22,2.607,0.7671,4,0.8100,,0.700,0,
7108,3,221,edge-33,2,edge,5000.0,0.1000,0.0100,24,3.226,0.8092,4,0.8062,,0.700,0,
7109,3,224,edge-34,2,edge,0.0,0.0000,0.0100,0,1.755,,1,1.0000,,0.700,0,
7110,3,224,edge-34,2,edge,100.0,0.0400,0.0100,8,2.155,0.8914,1,0.9911,,0.700,0,
7111,3,224,edge-34,2,edge,200.0,0.1001,0.0100,33,2.788,0.8676,2,0.9873,,0.700,0,
7112,3,224,edge-34,2,edge,300.0,0.1003,0.0100,31,2.693,0.9410,2,0.9835,,0.700,0,
7113,3,224,edge-34,2,edge,400.0,0.1004,0.0100,40,2.898,1.0000,2,0.9797,,0.700,0,
7114,3,224,edge-34,2,edge,500.0,0.1001,0.0100,34,2.788,0.9002,1,0.9761,,0.700,0,
7115,3,224,edge-34,2,edge,600.0,0.1004,0.0100,39,2.848,1.0000,1,0.9723,,0.700,0,
7116,3,224,edge-34,2,edge,700.0,0.1000,0.0100,22,2.591,0.7671,1,0.9685,,0.700,0,
7117,3,224,edge-34,2,edge,800.0,0.1000,0.0100,25,2.641,0.8015,1,0.9647,,0.700,0,
7118,3,224,edge-34,2,edge,900.0,0.1000,0.0100,25,2.641,0.8015,1,0.9610,,0.700,0,
7119,3,224,edge-34,2,edge,1000.0,0.1000,0.0100,25,2.658,0.8015,2,0.9572,,0.700,0,
7120,3,224,edge-34,2,edge,1100.0,0.1000,0.0100,28,2.692,0.8318,2,0.9534,,0.700,0,
7121,3,224,edge-34,2,edge,1200.0,0.1007,0.0100,35,2.975,0.9194,2,0.9496,,0.700,0,
7122,3,224,edge-34,2,edge,1300.0,0.1011,0.0100,46,3.190,0.9104,2,0.9458,,0.700,0,
7123,3,224,edge-34,2,edge,1400.0,0.1010,0.0100,29,2.935,0.8508,2,0.9421,,0.700,0,
7124,3,224,edge-34,2,edge,1500.0,0.1010,0.0100,43,3.196,0.9003,1,0.9383,,0.700,0,
7125,3,224,edge-34,2,edge,1600.0,0.1000,0.0100,25,2.576,0.7980,2,0.9347,,0.700,0,
7126,3,224,edge-34,2,edge,1700.0,0.1008,0.0100,41,3.039,0.9393,2,0.9311,,0.700,0,
7127,3,224,edge-34,2,edge,1800.0,0.1008,0.0100,44,3.020,0.9648,3,0.9274,,0.700,0,
7128,3,224,edge-34,2,edge,1900.0,0.1000,0.0100,25,2.565,0.8015,4,0.9238,,0.700,0,
7129,3,224,edge-34,2,edge,2000.0,0.1000,0.0100,25,2.557,0.8015,5,0.9200,,0.700,0,
7130,3,224,edge-34,2,edge,2100.0,0.1000,0.0100,22,2.808,0.7642,4,0.9162,,0.700,0,
7131,3,224,edge-34,2,edge,2200.0,0.1000,0.0100,22,2.808,0.7671,3,0.9126,,0.700,0,
7132,3,224,edge-34,2,edge,2300.0,0.1000,0.0100,28,2.539,0.8318,3,0.9088,,0.700,0,
7133,3,224,edge-34,2,edge,2400.0,0.1000,0.0100,28,2.539,0.8318,2,0.9050,,0.700,0,
7134,3,224,edge-34,2,edge,2500.0,0.1008,0.0100,41,2.957,0.9456,2,0.9012,,0.700,0,
7135,3,224,edge-34,2,edge,2600.0,0.1010,0.0100,47,3.062,0.9293,2,0.8976,,0.700,0,
7136,3,224,edge-34,2,edge,2700.0,0.1000,0.0100,33,2.796,0.9100,3,0.8938,,0.700,0,
7137,3,224,edge-34,2,edge,2800.0,0.1000,0.0100,31,2.796,0.9348,2,0.8900,,0.700,0,
7138,3,224,edge-34,2,edge,2900.0,0.1000,0.0100,25,2.745,0.8015,3,0.8862,,0.700,0,
7139,3,224,edge-34,2,edge,3000.0,0.1000,0.0100,25,2.593,0.8015,3,0.8824,,0.700,0,
7140,3,224,edge-34,2,edge,3100.0,0.1000,0.0100,31,2.866,0.8735,4,0.8786,,0.700,0,
7141,3,224,edge-34,2,edge,3200.0,0.1000,0.0100,62,4.018,1.0000,4,0.8749,,0.700,0,
7142,3,224,edge-34,2,edge,3300.0,0.1015,0.0100,54,3.323,1.0000,4,0.8710,,0.700,0,
7143,3,224,edge-34,2,edge,3400.0,0.1011,0.0100,50,3.208,0.9272,3,0.8674,,0.700,0,
7144,3,224,edge-34,2,edge,3500.0,0.1011,0.0100,46,3.158,0.9135,2,0.8638,,0.700,0,
7145,3,224,edge-34,2,edge,3600.0,0.1000,0.0100,25,2.717,0.8015,2,0.8601,,0.700,0,
7146,3,224,edge-34,2,edge,3700.0,0.1000,0.0100,28,2.767,0.8318,1,0.8564,,0.700,0,
7147,3,224,edge-34,2,edge,3800.0,0.1000,0.0100,25,2.717,0.8015,1,0.8526,,0.700,0,
7148,3,224,edge-34,2,edge,3900.0,0.1000,0.0100,28,2.767,0.8318,1,0.8488,,0.700,0,
7149,3,224,edge-34,2,edge,4000.0,0.1000,0.0100,28,2.767,0.8318,1,0.8450,,0.700,0,
7150,3,224,edge-34,2,edge,4100.0,0.1000,0.0100,28,2.767,0.8318,0,0.8412,,0.700,0,
7151,3,224,edge-34,2,edge,4200.0,0.1000,0.0100,25,2.707,0.8828,1,0.8374,,0.700,0,
7152,3,224,edge-34,2,edge,4300.0,0.1000,0.0100,28,2.778,0.8318,2,0.8336,,0.700,0,
7153,3,224,edge-34,2,edge,4400.0,0.1000,0.0100,25,2.594,0.7980,2,0.8298,,0.700,0,
7154,3,224,edge-34,2,edge,4500.0,0.1008,0.0100,37,2.856,0.9280,3,0.8262,,0.700,0,
7155,3,224,edge-34,2,edge,4600.0,0.1007,0.0100,35,2.724,0.9130,4,0.8226,,0.700,0,
7156,3,224,edge-34,2,edge,4700.0,0.1006,0.0100,33,2.719,0.9784,3,0.8188,,0.700,0,
7157,3,224,edge-34,2,edge,4800.0,0.1000,0.0100,22,2.525,0.7671,3,0.8150,,0.700,0,
7158,3,224,edge-34,2,edge,4900.0,0.1000,0.0100,28,2.625,0.8318,3,0.8112,,0.700,0,
7159,3,224,edge-34,2,edge,5000.0,0.1000,0.0100,28,2.588,0.8318,3,0.8074,,0.700,0,
7160,3,227,edge-35,2,edge,0.0,0.0000,0.0100,0,1.685,,1,1.0000,,0.700,0,
7161,3,227,edge-35,2,edge,100.0,0.0400,0.0100,8,2.085,0.8914,1,0.9911,,0.700,0,
7162,3,227,edge-35,2,edge,200.0,0.1000,0.0100,22,2.585,0.7671,1,0.9873,,0.700,0,
7163,3,227,edge-35,2,edge,300.0,0.1000,0.0100,22,2.517,0.7671,2,0.9836,,0.700,0,
7164,3,227,edge-35,2,edge,400.0,0.1000,0.0100,25,2.789,0.8015,3,0.9798,,0.700,0,
7165,3,227,edge-35,2,edge,500.0,0.1000,0.0100,25,2.548,0.8015,2,0.9760,,0.700,0,
7166,3,227,edge-35,2,edge,600.0,0.1000,0.0100,30,3.039,0.9019,3,0.9722,,0.700,0,
7167,3,227,edge-35,2,edge,700.0,0.1000,0.0100,36,3.139,0.9910,3,0.9684,,0.700,0,
7168,3,227,edge-35,2,edge,800.0,0.1000,0.0100,25,2.533,0.8015,3,0.9646,,0.700,0,
7169,3,227,edge-35,2,edge,900.0,0.1000,0.0100,28,2.788,0.8318,3,0.9608,,0.700,0,
7170,3,227,edge-35,2,edge,1000.0,0.1000,0.0100,28,2.712,0.8318,4,0.9570,,0.700,0,
7171,3,227,edge-35,2,edge,1100.0,0.1000,0.0100,28,2.595,0.8318,3,0.9532,,0.700,0,
7172,3,227,edge-35,2,edge,1200.0,0.1007,0.0100,38,2.798,0.9380,4,0.9494,,0.700,0,
7173,3,227,edge-35,2,edge,1300.0,0.1000,0.0100,34,3.042,0.7380,4,0.9456,,0.700,0,
7174,3,227,edge-35,2,edge,1400.0,0.1000,0.0100,37,3.083,0.5963,4,0.9418,,0.700,0,
7175,3,227,edge-35,2,edge,1500.0,0.1000,0.0100,19,2.565,0.7280,4,0.9381,,0.700,0,
7176,3,227,edge-35,2,edge,1600.0,0.1000,0.0100,28,2.715,0.8318,4,0.9343,,0.700,0,
7177,3,227,edge-35,2,edge,1700.0,0.1000,0.0100,37,3.228,0.8868,4,0.9305,,0.700,0,
7178,3,227,edge-35,2,edge,1800.0,0.1000,0.0100,34,3.078,0.7579,3,0.9269,,0.700,0,
7179,3,227,edge-35,2,edge,1900.0,0.1006,0.0100,28,2.628,0.9295,3,0.9231,,0.700,0,
7180,3,227,edge-35,2,edge,2000.0,0.1000,0.0100,29,2.824,0.8293,3,0.9194,,0.700,0,
7181,3,227,edge-35,2,edge,2100.0,0.1000,0.0100,25,2.724,0.7980,3,0.9156,,0.700,0,
7182,3,227,edge-35,2,edge,2200.0,0.1000,0.0100,25,2.724,0.8015,2,0.9120,,0.700,0,
7183,3,227,edge-35,2,edge,2300.0,0.1000,0.0100,28,2.669,0.8475,3,0.9082,,0.700,0,
7184,3,227,edge-35,2,edge,2400.0,0.1000,0.0100,26,2.519,0.8057,2,0.9044,,0.700,0,
7185,3,227,edge-35,2,edge,2500.0,0.1000,0.0100,24,2.569,0.8369,1,0.9007,,0.700,0,
7186,3,227,edge-35,2,edge,2600.0,0.1000,0.0100,32,2.669,0.8713,1,0.8969,,0.700,0,
7187,3,227,edge-35,2,edge,2700.0,0.1000,0.0100,21,2.469,0.7985,1,0.8931,,0.700,0,
7188,3,227,edge-35,2,edge,2800.0,0.1008,0.0100,44,3.113,0.9572,1,0.8893,,0.700,0,
7189,3,227,edge-35,2,edge,2900.0,0.1010,0.0100,43,3.118,0.9253,1,0.8856,,0.700,0,
7190,3,227,edge-35,2,edge,3000.0,0.1014,0.0100,42,3.183,0.8267,1,0.8818,,0.700,0,
7191,3,227,edge-35,2,edge,3100.0,0.1000,0.0100,25,2.720,0.8015,2,0.8782,,0.700,0,
7192,3,227,edge-35,2,edge,3200.0,0.1000,0.0100,25,2.720,0.8015,2,0.8744,,0.700,0,
7193,3,227,edge-35,2,edge,3300.0,0.1000,0.0100,25,2.720,0.8015,1,0.8706,,0.700,0,
7194,3,227,edge-35,2,edge,3400.0,0.1000,0.0100,25,2.720,0.7980,1,0.8668,,0.700,0,
7195,3,227,edge-35,2,edge,3500.0,0.1008,0.0100,41,2.811,0.9594,2,0.8632,,0.700,0,
7196,3,227,edge-35,2,edge,3600.0,0.1000,0.0100,19,2.619,0.7280,2,0.8596,,0.700,0,
7197,3,227,edge-35,2,edge,3700.0,0.1000,0.0100,21,2.615,0.7974,3,0.8558,,0.700,0,
7198,3,227,edge-35,2,edge,3800.0,0.1000,0.0100,34,2.915,0.9519,3,0.8520,,0.700,0,
7199,3,227,edge-35,2,edge,3900.0,0.1008,0.0100,44,3.099,0.9583,4,0.8482,,0.700,0,
7200,3,227,edge-35,2,edge,4000.0,0.1000,0.0100,25,2.629,0.8015,4,0.8446,,0.700,0,
7201,3,227,edge-35,2,edge,4100.0,0.1000,0.0100,28,2.679,0.8318,3,0.8408,,0.700,0,
7202,3,227,edge-35,2,edge,4200.0,0.1000,0.0100,25,2.629,0.8015,2,0.8370,,0.700,0,
7203,3,227,edge-35,2,edge,4300.0,0.1000,0.0100,25,2.629,0.8015,2,0.8332,,0.700,0,
7204,3,227,edge-35,2,edge,4400.0,0.1000,0.0100,22,2.579,0.7671,1,0.8294,,0.700,0,
7205,3,227,edge-35,2,edge,4500.0,0.1000,0.0100,28,2.679,0.8318,0,0.8256,,0.700,0,
7206,3,227,edge-35,2,edge,4600.0,0.1000,0.0100,22,2.579,0.7671,0,0.8218,,0.700,0,
7207,3,227,edge-35,2,edge,4700.0,0.1000,0.0100,36,2.877,0.9929,1,0.8180,,0.700,0,
7208,3,227,edge-35,2,edge,4800.0,0.1000,0.0100,28,2.778,0.8318,2,0.8142,,0.700,0,
7209,3,227,edge-35,2,edge,4900.0,0.1000,0.0100,25,2.665,0.8015,3,0.8105,,0.700,0,
7210,3,227,edge-35,2,edge,5000.0,0.1000,0.0100,25,2.754,0.8015,4,0.8067,,0.700,0,
7211,3,230,edge-36,2,edge,0.0,0.0000,0.0100,0,1.767,,1,1.0000,,0.700,0,
7212,3,230,edge-36,2,edge,100.0,0.0400,0.0100,8,2.167,0.8914,1,0.9911,,0.700,0,
7213,3,230,edge-36,2,edge,200.0,0.1000,0.0100,25,2.748,0.8015,2,0.9873,,0.700,0,
7214,3,230,edge-36,2,edge,300.0,0.1000,0.0100,19,2.426,0.7257,3,0.9836,,0.700,0,
7215,3,230,edge-36,2,edge,400.0,0.1000,0.0100,28,2.657,0.8318,4,0.9799,,0.700,0,
7216,3,230,edge-36,2,edge,500.0,0.1000,0.0100,30,2.910,0.8200,4,0.9761,,0.700,0,
7217,3,230,edge-36,2,edge,600.0,0.1000,0.0100,30,2.910,0.8202,4,0.9724,,0.700,0,
7218,3,230,edge-36,2,edge,700.0,0.1000,0.0100,25,2.467,0.8015,4,0.9686,,0.700,0,
7219,3,230,edge-36,2,edge,800.0,0.1000,0.0100,25,2.778,0.8015,4,0.9648,,0.700,0,
7220,3,230,edge-36,2,edge,900.0,0.1000,0.0100,28,2.755,0.8514,4,0.9610,,0.700,0,
7221,3,230,edge-36,2,edge,1000.0,0.1000,0.0100,22,2.735,0.7671,4,0.9572,,0.700,0,
7222,3,230,edge-36,2,edge,1100.0,0.1000,0.0100,28,2.835,0.8318,4,0.9534,,0.700,0,
7223,3,230,edge-36,2,edge,1200.0,0.1000,0.0100,28,2.634,0.8318,4,0.9496,,0.700,0,
7224,3,230,edge-36,2,edge,1300.0,0.1001,0.0100,34,2.954,0.8278,4,0.9458,,0.700,0,
7225,3,230,edge-36,2,edge,1400.0,0.1000,0.0100,22,2.533,0.7671,4,0.9422,,0.700,0,
7226,3,230,edge-36,2,edge,1500.0,0.1000,0.0100,22,2.533,0.7671,3,0.9384,,0.700,0,
7227,3,230,edge-36,2,edge,1600.0,0.1000,0.0100,37,3.033,0.9211,3,0.9346,,0.700,0,
7228,3,230,edge-36,2,edge,1700.0,0.1000,0.0100,22,2.670,0.7671,3,0.9308,,0.700,0,
7229,3,230,edge-36,2,edge,1800.0,0.1000,0.0100,28,2.770,0.8318,2,0.9270,,0.700,0,
7230,3,230,edge-36,2,edge,1900.0,0.1000,0.0100,25,2.720,0.7980,1,0.9232,,0.700,0,
7231,3,230,edge-36,2,edge,2000.0,0.1000,0.0100,19,2.620,0.7257,1,0.9196,,0.700,0,
7232,3,230,edge-36,2,edge,2100.0,0.1000,0.0100,25,2.538,0.7980,2,0.9160,,0.700,0,
7233,3,230,edge-36,2,edge,2200.0,0.1000,0.0100,30,2.854,0.7722,2,0.9124,,0.700,0,
7234,3,230,edge-36,2,edge,2300.0,0.1000,0.0100,19,2.465,0.7280,3,0.9086,,0.700,0,
7235,3,230,edge-36,2,edge,2400.0,0.1000,0.0100,22,2.800,0.7642,4,0.9048,,0.700,0,
7236,3,230,edge-36,2,edge,2500.0,0.1000,0.0100,19,2.750,0.7280,4,0.9012,,0.700,0,
7237,3,230,edge-36,2,edge,2600.0,0.1000,0.0100,22,2.800,0.7671,3,0.8974,,0.700,0,
7238,3,230,edge-36,2,edge,2700.0,0.1000,0.0100,28,2.900,0.8318,2,0.8936,,0.700,0,
7239,3,230,edge-36,2,edge,2800.0,0.1000,0.0100,28,2.900,0.8318,1,0.8898,,0.700,0,
7240,3,230,edge-36,2,edge,2900.0,0.1000,0.0100,25,2.850,0.8015,0,0.8860,,0.700,0,
7241,3,230,edge-36,2,edge,3000.0,0.1000,0.0100,45,3.761,0.8890,1,0.8822,,0.700,0,
7242,3,230,edge-36,2,edge,3100.0,0.1000,0.0100,47,3.811,0.9245,1,0.8784,,0.700,0,
7243,3,230,edge-36,2,edge,3200.0,0.1000,0.0100,41,3.661,0.7842,1,0.8747,,0.700,0,
7244,3,230,edge-36,2,edge,3300.0,0.1000,0.0100,22,2.735,0.7671,2,0.8709,,0.700,0,
7245,3,230,edge-36,2,edge,3400.0,0.1000,0.0100,28,2.849,0.8318,3,0.8671,,0.700,0,
7246,3,230,edge-36,2,edge,3500.0,0.1000,0.0100,25,2.799,0.8015,2,0.8633,,0.700,0,
7247,3,230,edge-36,2,edge,3600.0,0.1000,0.0100,22,2.749,0.7642,2,0.8595,,0.700,0,
7248,3,230,edge-36,2,edge,3700.0,0.1000,0.0100,28,2.849,0.8318,2,0.8559,,0.700,0,
7249,3,230,edge-36,2,edge,3800.0,0.1000,0.0100,19,2.902,0.7280,2,0.8521,,0.700,0,
7250,3,230,edge-36,2,edge,3900.0,0.1000,0.0100,25,3.002,0.8015,1,0.8483,,0.700,0,
7251,3,230,edge-36,2,edge,4000.0,0.1000,0.0100,28,3.052,0.8318,1,0.8445,,0.700,0,
7252,3,230,edge-36,2,edge,4100.0,0.1000,0.0100,25,3.002,0.8015,1,0.8407,,0.700,0,
7253,3,230,edge-36,2,edge,4200.0,0.1000,0.0100,27,3.152,0.7173,1,0.8369,,0.700,0,
7254,3,230,edge-36,2,edge,4300.0,0.1000,0.0100,33,3.252,0.7812,0,0.8333,,0.700,0,
7255,3,230,edge-36,2,edge,4400.0,0.1006,0.0100,41,3.285,0.7761,1,0.8295,,0.700,0,
7256,3,230,edge-36,2,edge,4500.0,0.1006,0.0100,35,3.085,0.9331,1,0.8259,,0.700,0,
7257,3,230,edge-36,2,edge,4600.0,0.1004,0.0100,35,3.130,0.9799,1,0.8221,,0.700,0,
7258,3,230,edge-36,2,edge,4700.0,0.1007,0.0100,41,3.340,1.0000,1,0.8183,,0.700,0,
7259,3,230,edge-36,2,edge,4800.0,0.1011,0.0100,49,3.405,0.8707,1,0.8146,,0.700,0,
7260,3,230,edge-36,2,edge,4900.0,0.1000,0.0100,28,2.801,0.8318,1,0.8110,,0.700,0,
7261,3,230,edge-36,2,edge,5000.0,0.1000,0.0100,25,2.628,0.8015,2,0.8072,,0.700,0,
7262,3,233,edge-37,2,edge,0.0,0.0000,0.0100,0,1.579,,1,1.0000,,0.700,1,96.5
7263,3,236,edge-38,2,edge,0.0,0.0000,0.0100,0,1.700,,1,1.0000,,0.700,0,
7264,3,236,edge-38,2,edge,100.0,0.0400,0.0100,7,2.050,0.8072,1,0.9911,,0.700,0,
7265,3,236,edge-38,2,edge,200.0,0.1000,0.0100,28,2.856,0.8318,2,0.9873,,0.700,0,
7266,3,236,edge-38,2,edge,300.0,0.1000,0.0100,25,2.636,0.8015,3,0.9836,,0.700,0,
7267,3,236,edge-38,2,edge,400.0,0.1000,0.0100,28,2.686,0.8318,3,0.9798,,0.700,0,
7268,3,236,edge-38,2,edge,500.0,0.1000,0.0100,25,2.818,0.8015,3,0.9760,,0.700,0,
7269,3,236,edge-38,2,edge,600.0,0.1000,0.0100,28,2.651,0.8318,4,0.9722,,0.700,0,
7270,3,236,edge-38,2,edge,700.0,0.1000,0.0100,22,2.582,0.7642,4,0.9684,,0.700,0,
7271,3,236,edge-38,2,edge,800.0,0.1000,0.0100,19,2.532,0.7257,3,0.9648,,0.700,0,
7272,3,236,edge-38,2,edge,900.0,0.1000,0.0100,25,2.652,0.8015,4,0.9612,,0.700,0,
7273,3,236,edge-38,2,edge,1000.0,0.1000,0.0100,22,2.788,0.7671,4,0.9574,,0.700,0,
7274,3,236,edge-38,2,edge,1100.0,0.1000,0.0100,22,2.788,0.7671,3,0.9536,,0.700,0,
7275,3,236,edge-38,2,edge,1200.0,0.1000,0.0100,25,2.838,0.8015,2,0.9498,,0.700,0,
7276,3,236,edge-38,2,edge,1300.0,0.1000,0.0100,28,2.888,0.8318,2,0.9460,,0.700,0,
7277,3,236,edge-38,2,edge,1400.0,0.1000,0.0100,28,2.888,0.8318,1,0.9422,,0.700,0,
7278,3,236,edge-38,2,edge,1500.0,0.1000,0.0100,25,2.838,0.8015,0,0.9384,,0.700,0,
7279,3,236,edge-38,2,edge,1600.0,0.1000,0.0100,25,2.838,0.8015,0,0.9346,,0.700,0,
7280,3,236,edge-38,2,edge,1700.0,0.1000,0.0100,25,2.678,0.7980,1,0.9308,,0.700,0,
7281,3,236,edge-38,2,edge,1800.0,0.1000,0.0100,22,2.628,0.7642,1,0.9272,,0.700,0,
7282,3,236,edge-38,2,edge,1900.0,0.1000,0.0100,28,2.728,0.8318,1,0.9236,,0.700,0,
7283,3,236,edge-38,2,edge,2000.0,0.1000,0.0100,28,2.728,0.8318,1,0.9198,,0.700,0,
7284,3,236,edge-38,2,edge,2100.0,0.1000,0.0100,28,2.709,0.8318,1,0.9160,,0.700,0,
7285,3,236,edge-38,2,edge,2200.0,0.1000,0.0100,19,2.390,0.7257,1,0.9122,,0.700,0,
7286,3,236,edge-38,2,edge,2300.0,0.1000,0.0100,25,2.490,0.8015,1,0.9086,,0.700,0,
7287,3,236,edge-38,2,edge,2400.0,0.1000,0.0100,28,2.760,0.8318,2,0.9048,,0.700,0,
7288,3,236,edge-38,2,edge,2500.0,0.1000,0.0100,25,2.486,0.8015,3,0.9010,,0.700,0,
7289,3,236,edge-38,2,edge,2600.0,0.1000,0.0100,22,2.916,0.7671,3,0.8972,,0.700,0,
7290,3,236,edge-38,2,edge,2700.0,0.1000,0.0100,28,3.016,0.8318,2,0.8934,,0.700,0,
7291,3,236,edge-38,2,edge,2800.0,0.1000,0.0100,16,2.816,0.6836,2,0.8896,,0.700,0,
7292,3,236,edge-38,2,edge,2900.0,0.1003,0.0100,31,3.099,0.9337,2,0.8859,,0.700,0,
7293,3,236,edge-38,2,edge,3000.0,0.1003,0.0100,36,3.199,0.9899,1,0.8821,,0.700,0,
7294,3,236,edge-38,2,edge,3100.0,0.1000,0.0100,25,2.711,0.8015,2,0.8783,,0.700,0,
7295,3,236,edge-38,2,edge,3200.0,0.1000,0.0100,25,2.711,0.7980,2,0.8745,,0.700,0,
7296,3,236,edge-38,2,edge,3300.0,0.1000,0.0100,25,2.711,0.8015,2,0.8709,,0.700,0,
7297,3,236,edge-38,2,edge,3400.0,0.1000,0.0100,28,2.761,0.8318,1,0.8671,,0.700,0,
7298,3,236,edge-38,2,edge,3500.0,0.1000,0.0100,28,2.761,0.8318,1,0.8633,,0.700,0,
7299,3,236,edge-38,2,edge,3600.0,0.1000,0.0100,25,2.711,0.8015,0,0.8595,,0.700,0,
7300,3,236,edge-38,2,edge,3700.0,0.1000,0.0100,25,2.736,0.8015,0,0.8557,,0.700,0,
7301,3,236,edge-38,2,edge,3800.0,0.1000,0.0100,28,2.711,0.8318,0,0.8519,,0.700,0,
7302,3,236,edge-38,2,edge,3900.0,0.1000,0.0100,28,2.711,0.8318,0,0.8481,,0.700,0,
7303,3,236,edge-38,2,edge,4000.0,0.1000,0.0100,22,2.611,0.7671,0,0.8443,,0.700,0,
7304,3,236,edge-38,2,edge,4100.0,0.1000,0.0100,28,2.691,0.8318,1,0.8405,,0.700,0,
7305,3,236,edge-38,2,edge,4200.0,0.1000,0.0100,22,2.714,0.7671,1,0.8367,,0.700,0,
7306,3,236,edge-38,2,edge,4300.0,0.1007,0.0100,38,3.020,0.9533,2,0.8329,,0.700,0,
7307,3,236,edge-38,2,edge,4400.0,0.1000,0.0100,25,2.503,0.8015,3,0.8293,,0.700,0,
7308,3,236,edge-38,2,edge,4500.0,0.1008,0.0100,40,3.079,0.8384,4,0.8255,,0.700,0,
7309,3,236,edge-38,2,edge,4600.0,0.1000,0.0100,28,2.645,0.8318,4,0.8219,,0.700,0,
7310,3,236,edge-38,2,edge,4700.0,0.1000,0.0100,28,2.645,0.8318,4,0.8181,,0.700,0,
7311,3,236,edge-38,2,edge,4800.0,0.1000,0.0100,28,2.645,0.8318,3,0.8143,,0.700,0,
7312,3,236,edge-38,2,edge,4900.0,0.1000,0.0100,28,2.645,0.8318,2,0.8105,,0.700,0,
7313,3,236,edge-38,2,edge,5000.0,0.1000,0.0100,22,2.690,0.7671,2,0.8067,,0.700,0,
7314,3,239,edge-39,2,edge,0.0,0.0000,0.0100,0,1.800,,1,1.0000,,0.700,0,
7315,3,239,edge-39,2,edge,100.0,0.0401,0.0100,10,2.255,0.9687,1,0.9911,,0.700,0,
7316,3,239,edge-39,2,edge,200.0,0.1011,0.0100,46,3.190,0.9104,1,0.9873,,0.700,0,
7317,3,239,edge-39,2,edge,300.0,0.1011,0.0100,46,3.190,0.9104,1,0.9837,,0.700,0,
7318,3,239,edge-39,2,edge,400.0,0.1007,0.0100,41,3.136,0.9429,1,0.9801,,0.700,0,
7319,3,239,edge-39,2,edge,500.0,0.1000,0.0100,19,2.476,0.7280,1,0.9763,,0.700,0,
7320,3,239,edge-39,2,edge,600.0,0.1008,0.0100,41,3.039,0.9393,2,0.9725,,0.700,0,
7321,3,239,edge-39,2,edge,700.0,0.1008,0.0100,44,3.020,0.9648,3,0.9688,,0.700,0,
7322,3,239,edge-39,2,edge,800.0,0.1000,0.0100,25,2.565,0.8015,4,0.9652,,0.700,0,
7323,3,239,edge-39,2,edge,900.0,0.1000,0.0100,25,2.557,0.8015,5,0.9614,,0.700,0,
7324,3,239,edge-39,2,edge,1000.0,0.1000,0.0100,16,2.708,0.6836,4,0.9576,,0.700,0,
7325,3,239,edge-39,2,edge,1100.0,0.1000,0.0100,28,2.908,0.8318,3,0.9538,,0.700,0,
7326,3,239,edge-39,2,edge,1200.0,0.1000,0.0100,25,2.489,0.8015,3,0.9500,,0.700,0,
7327,3,239,edge-39,2,edge,1300.0,0.1000,0.0100,25,2.489,0.8015,2,0.9463,,0.700,0,
7328,3,239,edge-39,2,edge,1400.0,0.1001,0.0100,24,2.682,0.8520,2,0.9425,,0.700,0,
7329,3,239,edge-39,2,edge,1500.0,0.1004,0.0100,40,2.992,1.0000,2,0.9387,,0.700,0,
7330,3,239,edge-39,2,edge,1600.0,0.1000,0.0100,40,3.046,0.9248,3,0.9350,,0.700,0,
7331,3,239,edge-39,2,edge,1700.0,0.1000,0.0100,40,3.046,0.9130,2,0.9313,,0.700,0,
7332,3,239,edge-39,2,edge,1800.0,0.1000,0.0100,25,2.745,0.8015,3,0.9275,,0.700,0,
7333,3,239,edge-39,2,edge,1900.0,0.1000,0.0100,25,2.593,0.8015,3,0.9237,,0.700,0,
7334,3,239,edge-39,2,edge,2000.0,0.1000,0.0100,29,2.716,0.8296,4,0.9199,,0.700,0,
7335,3,239,edge-39,2,edge,2100.0,0.1008,0.0100,41,3.048,0.9387,4,0.9161,,0.700,0,
7336,3,239,edge-39,2,edge,2200.0,0.1011,0.0100,46,3.158,0.9135,4,0.9124,,0.700,0,
7337,3,239,edge-39,2,edge,2300.0,0.1011,0.0100,46,3.158,0.9135,3,0.9088,,0.700,0,
7338,3,239,edge-39,2,edge,2400.0,0.1007,0.0100,38,2.993,0.9248,2,0.9052,,0.700,0,
7339,3,239,edge-39,2,edge,2500.0,0.1000,0.0100,25,2.717,0.8015,2,0.9014,,0.700,0,
7340,3,239,edge-39,2,edge,2600.0,0.1000,0.0100,28,2.767,0.8318,1,0.8976,,0.700,0,
7341,3,239,edge-39,2,edge,2700.0,0.1000,0.0100,22,2.667,0.7671,1,0.8938,,0.700,0,
7342,3,239,edge-39,2,edge,2800.0,0.1000,0.0100,25,2.717,0.8015,1,0.8900,,0.700,0,
7343,3,239,edge-39,2,edge,2900.0,0.1000,0.0100,22,2.667,0.7671,1,0.8862,,0.700,0,
7344,3,239,edge-39,2,edge,3000.0,0.1000,0.0100,28,2.767,0.8318,0,0.8824,,0.700,0,
7345,3,239,edge-39,2,edge,3100.0,0.1000,0.0100,28,2.757,0.8400,1,0.8786,,0.700,0,
7346,3,239,edge-39,2,edge,3200.0,0.1000,0.0100,22,2.678,0.7671,2,0.8748,,0.700,0,
7347,3,239,edge-39,2,edge,3300.0,0.1000,0.0100,25,2.594,0.8015,2,0.8711,,0.700,0,
7348,3,239,edge-39,2,edge,3400.0,0.1007,0.0100,38,2.851,0.9650,3,0.8673,,0.700,0,
7349,3,239,edge-39,2,edge,3500.0,0.1008,0.0100,37,2.779,0.9349,4,0.8636,,0.700,0,
7350,3,239,edge-39,2,edge,3600.0,0.1010,0.0100,43,2.884,0.9294,3,0.8600,,0.700,0,
7351,3,239,edge-39,2,edge,3700.0,0.1000,0.0100,28,2.625,0.8318,3,0.8562,,0.700,0,
7352,3,239,edge-39,2,edge,3800.0,0.1000,0.0100,22,2.525,0.7671,3,0.8524,,0.700,0,
7353,3,239,edge-39,2,edge,3900.0,0.1000,0.0100,28,2.588,0.8318,3,0.8486,,0.700,0,
7354,3,239,edge-39,2,edge,4000.0,0.1000,0.0100,25,2.472,0.8015,3,0.8448,,0.700,0,
7355,3,239,edge-39,2,edge,4100.0,0.1008,0.0100,44,2.999,0.9667,4,0.8410,,0.700,0,
7356,3,239,edge-39,2,edge,4200.0,0.1000,0.0100,19,2.461,0.7280,4,0.8374,,0.700,0,
7357,3,239,edge-39,2,edge,4300.0,0.1000,0.0100,33,2.811,0.9096,4,0.8336,,0.700,0,
7358,3,239,edge-39,2,edge,4400.0,0.1000,0.0100,22,2.511,0.7671,3,0.8298,,0.700,0,
7359,3,239,edge-39,2,edge,4500.0,0.1000,0.0100,33,2.811,0.9600,2,0.8260,,0.700,0,
7360,3,239,edge-39,2,edge,4600.0,0.1000,0.0100,33,2.811,0.9514,1,0.8222,,0.700,0,
7361,3,239,edge-39,2,edge,4700.0,0.1000,0.0100,36,3.023,0.9932,1,0.8184,,0.700,0,
7362,3,239,edge-39,2,edge,4800.0,0.1000,0.0100,28,2.631,0.8318,2,0.8147,,0.700,0,
7363,3,239,edge-39,2,edge,4900.0,0.1000,0.0100,22,2.628,0.7671,3,0.8109,,0.700,0,
7364,3,239,edge-39,2,edge,5000.0,0.1000,0.0100,28,3.115,0.8318,4,0.8071,,0.700,0,
