case_id,scenario_id,node_id,node_name,level,device_class,epoch,cpu_util,ram_util,queue_depth,uplink_latency,jitter_pktloss,handover_rate,residual_energy,temperature,reliability_prior,ground_truth_fail,failure_time
1,11,3,cloud,0,cloud,0.0,0.0000,0.0025,0,0.000,,0,1.0000,,0.990,0,
2,11,3,cloud,0,cloud,100.0,0.0000,0.0025,0,0.000,,0,0.9959,,0.990,0,
3,11,3,cloud,0,cloud,200.0,0.0000,0.0025,0,0.000,,0,0.9918,,0.990,0,
4,11,3,cloud,0,cloud,300.0,0.0000,0.0025,148,740.000,1.0000,0,0.9877,,0.990,0,
5,11,3,cloud,0,cloud,400.0,0.0000,0.0025,183,915.000,1.0000,0,0.9827,,0.990,0,
6,11,3,cloud,0,cloud,500.0,0.0000,0.0025,176,880.000,1.0000,0,0.9777,,0.990,0,
7,11,3,cloud,0,cloud,600.0,0.0000,0.0025,182,910.000,1.0000,0,0.9727,,0.990,0,
8,11,3,cloud,0,cloud,700.0,0.0000,0.0025,178,890.000,1.0000,0,0.9677,,0.990,0,
9,11,3,cloud,0,cloud,800.0,0.0000,0.0025,177,885.000,1.0000,0,0.9627,,0.990,0,
10,11,3,cloud,0,cloud,900.0,0.0000,0.0025,190,950.000,1.0000,0,0.9577,,0.990,0,
11,11,3,cloud,0,cloud,1000.0,0.0000,0.0025,181,905.000,1.0000,0,0.9527,,0.990,0,
12,11,3,cloud,0,cloud,1100.0,0.0000,0.0025,180,900.000,1.0000,0,0.9477,,0.990,0,
13,11,3,cloud,0,cloud,1200.0,0.0000,0.0025,176,880.000,1.0000,0,0.9427,,0.990,0,
14,11,3,cloud,0,cloud,1300.0,0.0000,0.0025,185,925.000,1.0000,0,0.9377,,0.990,0,
15,11,3,cloud,0,cloud,1400.0,0.0000,0.0025,173,865.000,1.0000,0,0.9327,,0.990,0,
16,11,3,cloud,0,cloud,1500.0,0.0000,0.0025,182,910.000,1.0000,0,0.9277,,0.990,0,
17,11,3,cloud,0,cloud,1600.0,0.0000,0.0025,177,885.000,1.0000,0,0.9227,,0.990,0,
18,11,3,cloud,0,cloud,1700.0,0.0000,0.0025,178,890.000,1.0000,0,0.9177,,0.990,0,
19,11,3,cloud,0,cloud,1800.0,0.0000,0.0025,181,905.000,1.0000,0,0.9127,,0.990,0,
20,11,3,cloud,0,cloud,1900.0,0.0000,0.0025,179,895.000,1.0000,0,0.9077,,0.990,0,
21,11,3,cloud,0,cloud,2000.0,0.0000,0.0025,181,905.000,1.0000,0,0.9027,,0.990,0,
22,11,3,cloud,0,cloud,2100.0,0.0000,0.0025,178,890.000,1.0000,0,0.8977,,0.990,0,
23,11,3,cloud,0,cloud,2200.0,0.0000,0.0025,184,920.000,1.0000,0,0.8927,,0.990,0,
24,11,3,cloud,0,cloud,2300.0,0.0000,0.0025,179,895.000,1.0000,0,0.8877,,0.990,0,
25,11,3,cloud,0,cloud,2400.0,0.0000,0.0025,179,895.000,1.0000,0,0.8827,,0.990,0,
26,11,3,cloud,0,cloud,2500.0,0.0000,0.0025,184,920.000,1.0000,0,0.8777,,0.990,0,
27,11,3,cloud,0,cloud,2600.0,0.0000,0.0025,182,910.000,1.0000,0,0.8727,,0.990,0,
28,11,3,cloud,0,cloud,2700.0,0.0000,0.0025,176,880.000,1.0000,0,0.8677,,0.990,0,
29,11,3,cloud,0,cloud,2800.0,0.0000,0.0025,179,895.000,1.0000,0,0.8627,,0.990,0,
30,11,3,cloud,0,cloud,2900.0,0.0000,0.0025,174,870.000,1.0000,0,0.8577,,0.990,0,
31,11,3,cloud,0,cloud,3000.0,0.0000,0.0025,177,885.000,1.0000,0,0.8527,,0.990,0,
32,11,3,cloud,0,cloud,3100.0,0.0000,0.0025,179,895.000,1.0000,0,0.8477,,0.990,0,
33,11,3,cloud,0,cloud,3200.0,0.0000,0.0025,185,925.000,1.0000,0,0.8427,,0.990,0,
34,11,3,cloud,0,cloud,3300.0,0.0000,0.0025,180,900.000,1.0000,0,0.8377,,0.990,0,
35,11,3,cloud,0,cloud,3400.0,0.0000,0.0025,175,875.000,1.0000,0,0.8327,,0.990,0,
36,11,3,cloud,0,cloud,3500.0,0.0000,0.0025,184,920.000,1.0000,0,0.8277,,0.990,0,
37,11,3,cloud,0,cloud,3600.0,0.0000,0.0025,182,910.000,1.0000,0,0.8227,,0.990,0,
38,11,3,cloud,0,cloud,3700.0,0.0000,0.0025,173,865.000,1.0000,0,0.8177,,0.990,0,
39,11,3,cloud,0,cloud,3800.0,0.0000,0.0025,181,905.000,1.0000,0,0.8127,,0.990,0,
40,11,3,cloud,0,cloud,3900.0,0.0000,0.0025,181,905.000,1.0000,0,0.8077,,0.990,0,
41,11,3,cloud,0,cloud,4000.0,0.0000,0.0025,181,905.000,1.0000,0,0.8027,,0.990,0,
42,11,3,cloud,0,cloud,4100.0,0.0000,0.0025,180,900.000,1.0000,0,0.7977,,0.990,0,
43,11,3,cloud,0,cloud,4200.0,0.0000,0.0025,183,915.000,1.0000,0,0.7927,,0.990,0,
44,11,3,cloud,0,cloud,4300.0,0.0000,0.0025,172,860.000,1.0000,0,0.7877,,0.990,0,
45,11,3,cloud,0,cloud,4400.0,0.0000,0.0025,178,890.000,1.0000,0,0.7827,,0.990,0,
46,11,3,cloud,0,cloud,4500.0,0.0000,0.0025,177,885.000,1.0000,0,0.7777,,0.990,0,
47,11,3,cloud,0,cloud,4600.0,0.0000,0.0025,169,845.000,1.0000,0,0.7727,,0.990,0,
48,11,3,cloud,0,cloud,4700.0,0.0000,0.0025,175,875.000,1.0000,0,0.7677,,0.990,0,
49,11,3,cloud,0,cloud,4800.0,0.0000,0.0025,182,910.000,1.0000,0,0.7627,,0.990,0,
50,11,3,cloud,0,cloud,4900.0,0.0000,0.0025,188,940.000,1.0000,0,0.7577,,0.990,0,
51,11,3,cloud,0,cloud,5000.0,0.0000,0.0025,185,925.000,1.0000,0,0.7527,,0.990,0,
52,11,4,fog-13,1,fog,0.0,0.0000,0.0000,0,150.000,,0,1.0000,,0.850,0,
53,11,4,fog-13,1,fog,100.0,0.0000,0.0000,0,150.000,,0,0.9981,,0.850,0,
54,11,4,fog-13,1,fog,200.0,0.0000,0.0000,0,150.000,,0,0.9963,,0.850,0,
55,11,4,fog-13,1,fog,300.0,0.0000,0.0000,0,150.000,,0,0.9944,,0.850,0,
56,11,4,fog-13,1,fog,400.0,0.0000,0.0000,0,150.000,,0,0.9925,,0.850,0,
57,11,4,fog-13,1,fog,500.0,0.0000,0.0000,5,150.500,0.0000,0,0.9906,,0.850,0,
58,11,4,fog-13,1,fog,600.0,0.0000,0.0000,5,150.500,0.0000,0,0.9888,,0.850,0,
59,11,4,fog-13,1,fog,700.0,0.0000,0.0000,4,150.400,0.0000,0,0.9869,,0.850,0,
60,11,4,fog-13,1,fog,800.0,0.0000,0.0000,4,150.400,0.0000,0,0.9850,,0.850,0,
61,11,4,fog-13,1,fog,900.0,0.0000,0.0000,5,150.500,0.0000,0,0.9831,,0.850,0,
62,11,4,fog-13,1,fog,1000.0,0.0000,0.0000,5,150.500,0.0000,0,0.9813,,0.850,0,
63,11,4,fog-13,1,fog,1100.0,0.0000,0.0000,5,150.500,0.0000,0,0.9794,,0.850,0,
64,11,4,fog-13,1,fog,1200.0,0.0000,0.0000,4,150.400,0.3536,0,0.9775,,0.850,0,
65,11,4,fog-13,1,fog,1300.0,0.0000,0.0000,5,150.500,0.0000,0,0.9756,,0.850,0,
66,11,4,fog-13,1,fog,1400.0,0.0000,0.0000,5,150.500,0.0000,0,0.9738,,0.850,0,
67,11,4,fog-13,1,fog,1500.0,0.0000,0.0000,4,150.400,0.3536,0,0.9719,,0.850,0,
68,11,4,fog-13,1,fog,1600.0,0.0000,0.0000,4,150.400,0.3536,0,0.9700,,0.850,0,
69,11,4,fog-13,1,fog,1700.0,0.0000,0.0000,5,150.500,0.0000,0,0.9681,,0.850,0,
70,11,4,fog-13,1,fog,1800.0,0.0000,0.0000,5,150.500,0.0000,0,0.9663,,0.850,0,
71,11,4,fog-13,1,fog,1900.0,0.0000,0.0000,5,150.500,0.0000,0,0.9644,,0.850,0,
72,11,4,fog-13,1,fog,2000.0,0.0000,0.0000,5,150.500,0.0000,0,0.9625,,0.850,0,
73,11,4,fog-13,1,fog,2100.0,0.0000,0.0000,5,150.500,0.0000,0,0.9606,,0.850,0,
74,11,4,fog-13,1,fog,2200.0,0.0000,0.0000,5,150.500,0.0000,0,0.9588,,0.850,0,
75,11,4,fog-13,1,fog,2300.0,0.0000,0.0000,4,150.400,0.3536,0,0.9569,,0.850,0,
76,11,4,fog-13,1,fog,2400.0,0.0000,0.0000,5,150.500,0.0000,0,0.9550,,0.850,0,
77,11,4,fog-13,1,fog,2500.0,0.0000,0.0000,5,150.500,0.0000,0,0.9531,,0.850,0,
78,11,4,fog-13,1,fog,2600.0,0.0000,0.0000,4,150.400,0.0000,0,0.9513,,0.850,0,
79,11,4,fog-13,1,fog,2700.0,0.0000,0.0000,4,150.400,0.3536,0,0.9494,,0.850,0,
80,11,4,fog-13,1,fog,2800.0,0.0000,0.0000,4,150.400,0.3536,0,0.9475,,0.850,0,
81,11,4,fog-13,1,fog,2900.0,0.0000,0.0000,5,150.500,0.0000,0,0.9456,,0.850,0,
82,11,4,fog-13,1,fog,3000.0,0.0000,0.0000,3,150.300,0.0000,0,0.9438,,0.850,0,
83,11,4,fog-13,1,fog,3100.0,0.0000,0.0000,5,150.500,0.0000,0,0.9419,,0.850,0,
84,11,4,fog-13,1,fog,3200.0,0.0000,0.0000,5,150.500,0.0000,0,0.9400,,0.850,0,
85,11,4,fog-13,1,fog,3300.0,0.0000,0.0000,5,150.500,0.0000,0,0.9381,,0.850,0,
86,11,4,fog-13,1,fog,3400.0,0.0000,0.0000,5,150.500,0.0000,0,0.9363,,0.850,0,
87,11,4,fog-13,1,fog,3500.0,0.0000,0.0000,4,150.400,0.3536,0,0.9344,,0.850,0,
88,11,4,fog-13,1,fog,3600.0,0.0000,0.0000,5,150.500,0.0000,0,0.9325,,0.850,0,
89,11,4,fog-13,1,fog,3700.0,0.0000,0.0000,4,150.400,0.0000,0,0.9306,,0.850,0,
90,11,4,fog-13,1,fog,3800.0,0.0000,0.0000,5,150.500,0.0000,0,0.9288,,0.850,0,
91,11,4,fog-13,1,fog,3900.0,0.0000,0.0000,5,150.500,0.0000,0,0.9269,,0.850,0,
92,11,4,fog-13,1,fog,4000.0,0.0000,0.0000,5,150.500,0.0000,0,0.9250,,0.850,0,
93,11,4,fog-13,1,fog,4100.0,0.0000,0.0000,8,150.800,0.8660,0,0.9231,,0.850,0,
94,11,4,fog-13,1,fog,4200.0,0.0000,0.0000,18,151.400,1.0000,0,0.9213,,0.850,0,
95,11,4,fog-13,1,fog,4300.0,0.0000,0.0000,18,151.400,1.0000,0,0.9194,,0.850,0,
96,11,4,fog-13,1,fog,4400.0,0.0000,0.0000,16,151.300,1.0000,0,0.9175,,0.850,0,
97,11,4,fog-13,1,fog,4500.0,0.0000,0.0000,18,151.400,1.0000,0,0.9156,,0.850,0,
98,11,4,fog-13,1,fog,4600.0,0.0000,0.0000,18,151.400,1.0000,0,0.9138,,0.850,0,
99,11,4,fog-13,1,fog,4700.0,0.0000,0.0000,8,150.800,0.8660,0,0.9119,,0.850,0,
100,11,4,fog-13,1,fog,4800.0,0.0000,0.0000,10,151.000,1.0000,0,0.9100,,0.850,0,
101,11,4,fog-13,1,fog,4900.0,0.0000,0.0000,10,151.000,1.0000,0,0.9081,,0.850,0,
102,11,4,fog-13,1,fog,5000.0,0.0000,0.0000,16,151.300,1.0000,0,0.9063,,0.850,0,
103,11,5,fog-14,1,fog,0.0,0.0000,0.0000,0,150.000,,0,1.0000,,0.850,0,
104,11,5,fog-14,1,fog,100.0,0.0000,0.0000,2,150.200,,0,0.9981,,0.850,0,
105,11,5,fog-14,1,fog,200.0,0.0000,0.0000,5,150.500,0.0000,0,0.9963,,0.850,0,
106,11,5,fog-14,1,fog,300.0,0.0000,0.0000,4,150.400,0.0000,0,0.9944,,0.850,0,
107,11,5,fog-14,1,fog,400.0,0.0000,0.0000,10,151.000,1.0000,0,0.9925,,0.850,0,
108,11,5,fog-14,1,fog,500.0,0.0000,0.0000,4,150.400,0.3536,0,0.9906,,0.850,0,
109,11,5,fog-14,1,fog,600.0,0.0000,0.0000,4,150.400,0.3536,0,0.9888,,0.850,0,
110,11,5,fog-14,1,fog,700.0,0.0000,0.0000,5,150.500,0.0000,0,0.9869,,0.850,0,
111,11,5,fog-14,1,fog,800.0,0.0000,0.0000,0,150.000,,0,0.9850,,0.850,0,
112,11,5,fog-14,1,fog,900.0,0.0000,0.0000,0,150.000,,0,0.9831,,0.850,0,
113,11,5,fog-14,1,fog,1000.0,0.0000,0.0000,0,150.000,,0,0.9813,,0.850,0,
114,11,5,fog-14,1,fog,1100.0,0.0000,0.0000,0,150.000,,0,0.9794,,0.850,0,
115,11,5,fog-14,1,fog,1200.0,0.0000,0.0000,5,150.500,0.0000,0,0.9775,,0.850,0,
116,11,5,fog-14,1,fog,1300.0,0.0000,0.0000,3,150.300,0.5000,0,0.9756,,0.850,0,
117,11,5,fog-14,1,fog,1400.0,0.0000,0.0000,5,150.500,0.0000,0,0.9738,,0.850,0,
118,11,5,fog-14,1,fog,1500.0,0.0000,0.0000,4,150.400,0.3536,0,0.9719,,0.850,0,
119,11,5,fog-14,1,fog,1600.0,0.0000,0.0000,0,150.000,,0,0.9700,,0.850,0,
120,11,5,fog-14,1,fog,1700.0,0.0000,0.0000,0,150.000,,0,0.9681,,0.850,0,
121,11,5,fog-14,1,fog,1800.0,0.0000,0.0000,0,150.000,,0,0.9663,,0.850,0,
122,11,5,fog-14,1,fog,1900.0,0.0000,0.0000,0,150.000,,0,0.9644,,0.850,0,
123,11,5,fog-14,1,fog,2000.0,0.0000,0.0000,0,150.000,,0,0.9625,,0.850,0,
124,11,5,fog-14,1,fog,2100.0,0.0000,0.0000,0,150.000,,0,0.9606,,0.850,0,
125,11,5,fog-14,1,fog,2200.0,0.0000,0.0000,0,150.000,,0,0.9588,,0.850,0,
126,11,5,fog-14,1,fog,2300.0,0.0000,0.0000,0,150.000,,0,0.9569,,0.850,0,
127,11,5,fog-14,1,fog,2400.0,0.0000,0.0000,0,150.000,,0,0.9550,,0.850,0,
128,11,5,fog-14,1,fog,2500.0,0.0000,0.0000,0,150.000,,0,0.9531,,0.850,0,
129,11,5,fog-14,1,fog,2600.0,0.0000,0.0000,0,150.000,,0,0.9513,,0.850,0,
130,11,5,fog-14,1,fog,2700.0,0.0000,0.0000,0,150.000,,0,0.9494,,0.850,0,
131,11,5,fog-14,1,fog,2800.0,0.0000,0.0000,0,150.000,,0,0.9475,,0.850,0,
132,11,5,fog-14,1,fog,2900.0,0.0000,0.0000,0,150.000,,0,0.9456,,0.850,0,
133,11,5,fog-14,1,fog,3000.0,0.0000,0.0000,0,150.000,,0,0.9438,,0.850,0,
134,11,5,fog-14,1,fog,3100.0,0.0000,0.0000,0,150.000,,0,0.9419,,0.850,0,
135,11,5,fog-14,1,fog,3200.0,0.0000,0.0000,0,150.000,,0,0.9400,,0.850,0,
136,11,5,fog-14,1,fog,3300.0,0.0000,0.0000,0,150.000,,0,0.9381,,0.850,0,
137,11,5,fog-14,1,fog,3400.0,0.0000,0.0000,4,150.400,0.0000,0,0.9363,,0.850,0,
138,11,5,fog-14,1,fog,3500.0,0.0000,0.0000,5,150.500,0.0000,0,0.9344,,0.850,0,
139,11,5,fog-14,1,fog,3600.0,0.0000,0.0000,3,150.300,0.0000,0,0.9325,,0.850,0,
140,11,5,fog-14,1,fog,3700.0,0.0000,0.0000,5,150.500,0.0000,0,0.9306,,0.850,0,
141,11,5,fog-14,1,fog,3800.0,0.0000,0.0000,0,150.000,,0,0.9288,,0.850,0,
142,11,5,fog-14,1,fog,3900.0,0.0000,0.0000,5,150.500,0.0000,0,0.9269,,0.850,0,
143,11,5,fog-14,1,fog,4000.0,0.0000,0.0000,5,150.500,0.0000,0,0.9250,,0.850,0,
144,11,5,fog-14,1,fog,4100.0,0.0000,0.0000,5,150.500,0.0000,0,0.9231,,0.850,0,
145,11,5,fog-14,1,fog,4200.0,0.0000,0.0000,5,150.500,0.0000,0,0.9213,,0.850,0,
146,11,5,fog-14,1,fog,4300.0,0.0000,0.0000,9,150.900,1.0000,0,0.9194,,0.850,0,
147,11,5,fog-14,1,fog,4400.0,0.0000,0.0000,10,151.000,1.0000,0,0.9175,,0.850,0,
148,11,5,fog-14,1,fog,4500.0,0.0000,0.0000,9,150.900,1.0000,0,0.9156,,0.850,0,
149,11,5,fog-14,1,fog,4600.0,0.0000,0.0000,8,150.800,1.0000,0,0.9138,,0.850,0,
150,11,5,fog-14,1,fog,4700.0,0.0000,0.0000,0,150.000,,0,0.9119,,0.850,0,
151,11,5,fog-14,1,fog,4800.0,0.0000,0.0000,0,150.000,,0,0.9100,,0.850,0,
152,11,5,fog-14,1,fog,4900.0,0.0000,0.0000,0,150.000,,0,0.9081,,0.850,0,
153,11,5,fog-14,1,fog,5000.0,0.0000,0.0000,0,150.000,,0,0.9063,,0.850,0,
154,11,6,fog-15,1,fog,0.0,0.0000,0.0000,0,150.000,,0,1.0000,,0.850,0,
155,11,6,fog-15,1,fog,100.0,0.0000,0.0000,2,150.200,,0,0.9981,,0.850,0,
156,11,6,fog-15,1,fog,200.0,0.0000,0.0000,0,150.000,,0,0.9963,,0.850,0,
157,11,6,fog-15,1,fog,300.0,0.0000,0.0000,0,150.000,,0,0.9944,,0.850,0,
158,11,6,fog-15,1,fog,400.0,0.0000,0.0000,0,150.000,,0,0.9925,,0.850,0,
159,11,6,fog-15,1,fog,500.0,0.0000,0.0000,0,150.000,,0,0.9906,,0.850,0,
160,11,6,fog-15,1,fog,600.0,0.0000,0.0000,5,150.500,0.0000,0,0.9888,,0.850,0,
161,11,6,fog-15,1,fog,700.0,0.0000,0.0000,0,150.000,,0,0.9869,,0.850,0,
162,11,6,fog-15,1,fog,800.0,0.0000,0.0000,0,150.000,,0,0.9850,,0.850,0,
163,11,6,fog-15,1,fog,900.0,0.0000,0.0000,0,150.000,,0,0.9831,,0.850,0,
164,11,6,fog-15,1,fog,1000.0,0.0000,0.0000,0,150.000,,0,0.9813,,0.850,0,
165,11,6,fog-15,1,fog,1100.0,0.0000,0.0000,0,150.000,,0,0.9794,,0.850,0,
166,11,6,fog-15,1,fog,1200.0,0.0000,0.0000,0,150.000,,0,0.9775,,0.850,0,
167,11,6,fog-15,1,fog,1300.0,0.0000,0.0000,0,150.000,,0,0.9756,,0.850,0,
168,11,6,fog-15,1,fog,1400.0,0.0000,0.0000,0,150.000,,0,0.9738,,0.850,0,
169,11,6,fog-15,1,fog,1500.0,0.0000,0.0000,0,150.000,,0,0.9719,,0.850,0,
170,11,6,fog-15,1,fog,1600.0,0.0000,0.0000,0,150.000,,0,0.9700,,0.850,0,
171,11,6,fog-15,1,fog,1700.0,0.0000,0.0000,8,150.800,0.8655,0,0.9681,,0.850,0,
172,11,6,fog-15,1,fog,1800.0,0.0000,0.0000,0,150.000,,0,0.9663,,0.850,0,
173,11,6,fog-15,1,fog,1900.0,0.0000,0.0000,4,150.400,0.0000,0,0.9644,,0.850,0,
174,11,6,fog-15,1,fog,2000.0,0.0000,0.0000,0,150.000,,0,0.9625,,0.850,0,
175,11,6,fog-15,1,fog,2100.0,0.0000,0.0000,0,150.000,,0,0.9606,,0.850,0,
176,11,6,fog-15,1,fog,2200.0,0.0000,0.0000,0,150.000,,0,0.9588,,0.850,0,
177,11,6,fog-15,1,fog,2300.0,0.0000,0.0000,0,150.000,,0,0.9569,,0.850,0,
178,11,6,fog-15,1,fog,2400.0,0.0000,0.0000,5,150.500,0.0000,0,0.9550,,0.850,0,
179,11,6,fog-15,1,fog,2500.0,0.0000,0.0000,0,150.000,,0,0.9531,,0.850,0,
180,11,6,fog-15,1,fog,2600.0,0.0000,0.0000,0,150.000,,0,0.9513,,0.850,0,
181,11,6,fog-15,1,fog,2700.0,0.0000,0.0000,0,150.000,,0,0.9494,,0.850,0,
182,11,6,fog-15,1,fog,2800.0,0.0000,0.0000,0,150.000,,0,0.9475,,0.850,0,
183,11,6,fog-15,1,fog,2900.0,0.0000,0.0000,0,150.000,,0,0.9456,,0.850,0,
184,11,6,fog-15,1,fog,3000.0,0.0000,0.0000,0,150.000,,0,0.9438,,0.850,0,
185,11,6,fog-15,1,fog,3100.0,0.0000,0.0000,0,150.000,,0,0.9419,,0.850,0,
186,11,6,fog-15,1,fog,3200.0,0.0000,0.0000,5,150.500,0.0000,0,0.9400,,0.850,0,
187,11,6,fog-15,1,fog,3300.0,0.0000,0.0000,10,151.000,1.0000,0,0.9381,,0.850,0,
188,11,6,fog-15,1,fog,3400.0,0.0000,0.0000,0,150.000,,0,0.9363,,0.850,0,
189,11,6,fog-15,1,fog,3500.0,0.0000,0.0000,5,150.500,0.0000,0,0.9344,,0.850,0,
190,11,6,fog-15,1,fog,3600.0,0.0000,0.0000,0,150.000,,0,0.9325,,0.850,0,
191,11,6,fog-15,1,fog,3700.0,0.0000,0.0000,0,150.000,,0,0.9306,,0.850,0,
192,11,6,fog-15,1,fog,3800.0,0.0000,0.0000,0,150.000,,0,0.9288,,0.850,0,
193,11,6,fog-15,1,fog,3900.0,0.0000,0.0000,0,150.000,,0,0.9269,,0.850,0,
194,11,6,fog-15,1,fog,4000.0,0.0000,0.0000,4,150.400,0.3536,0,0.9250,,0.850,0,
195,11,6,fog-15,1,fog,4100.0,0.0000,0.0000,4,150.400,0.0000,0,0.9231,,0.850,0,
196,11,6,fog-15,1,fog,4200.0,0.0000,0.0000,0,150.000,,0,0.9213,,0.850,0,
197,11,6,fog-15,1,fog,4300.0,0.0000,0.0000,0,150.000,,0,0.9194,,0.850,0,
198,11,6,fog-15,1,fog,4400.0,0.0000,0.0000,0,150.000,,0,0.9175,,0.850,0,
199,11,6,fog-15,1,fog,4500.0,0.0000,0.0000,0,150.000,,0,0.9156,,0.850,0,
200,11,6,fog-15,1,fog,4600.0,0.0000,0.0000,0,150.000,,0,0.9138,,0.850,0,
201,11,6,fog-15,1,fog,4700.0,0.0000,0.0000,0,150.000,,0,0.9119,,0.850,0,
202,11,6,fog-15,1,fog,4800.0,0.0000,0.0000,5,150.500,0.0000,0,0.9100,,0.850,0,
203,11,6,fog-15,1,fog,4900.0,0.0000,0.0000,4,150.400,0.3536,0,0.9081,,0.850,0,
204,11,6,fog-15,1,fog,5000.0,0.0000,0.0000,0,150.000,,0,0.9063,,0.850,0,
205,11,7,fog-16,1,fog,0.0,0.0000,0.0000,0,150.000,,0,1.0000,,0.850,0,
206,11,7,fog-16,1,fog,100.0,0.0000,0.0000,0,150.000,,0,0.9981,,0.850,0,
207,11,7,fog-16,1,fog,200.0,0.0000,0.0000,0,150.000,,0,0.9963,,0.850,0,
208,11,7,fog-16,1,fog,300.0,0.0000,0.0000,0,150.000,,0,0.9944,,0.850,0,
209,11,7,fog-16,1,fog,400.0,0.0000,0.0000,0,150.000,,0,0.9925,,0.850,0,
210,11,7,fog-16,1,fog,500.0,0.0000,0.0000,0,150.000,,0,0.9906,,0.850,0,
211,11,7,fog-16,1,fog,600.0,0.0000,0.0000,0,150.000,,0,0.9888,,0.850,0,
212,11,7,fog-16,1,fog,700.0,0.0000,0.0000,0,150.000,,0,0.9869,,0.850,0,
213,11,7,fog-16,1,fog,800.0,0.0000,0.0000,0,150.000,,0,0.9850,,0.850,0,
214,11,7,fog-16,1,fog,900.0,0.0000,0.0000,0,150.000,,0,0.9831,,0.850,0,
215,11,7,fog-16,1,fog,1000.0,0.0000,0.0000,0,150.000,,0,0.9813,,0.850,0,
216,11,7,fog-16,1,fog,1100.0,0.0000,0.0000,0,150.000,,0,0.9794,,0.850,0,
217,11,7,fog-16,1,fog,1200.0,0.0000,0.0000,0,150.000,,0,0.9775,,0.850,0,
218,11,7,fog-16,1,fog,1300.0,0.0000,0.0000,0,150.000,,0,0.9756,,0.850,0,
219,11,7,fog-16,1,fog,1400.0,0.0000,0.0000,0,150.000,,0,0.9738,,0.850,0,
220,11,7,fog-16,1,fog,1500.0,0.0000,0.0000,0,150.000,,0,0.9719,,0.850,0,
221,11,7,fog-16,1,fog,1600.0,0.0000,0.0000,0,150.000,,0,0.9700,,0.850,0,
222,11,7,fog-16,1,fog,1700.0,0.0000,0.0000,0,150.000,,0,0.9681,,0.850,0,
223,11,7,fog-16,1,fog,1800.0,0.0000,0.0000,0,150.000,,0,0.9663,,0.850,0,
224,11,7,fog-16,1,fog,1900.0,0.0000,0.0000,0,150.000,,0,0.9644,,0.850,0,
225,11,7,fog-16,1,fog,2000.0,0.0000,0.0000,0,150.000,,0,0.9625,,0.850,0,
226,11,7,fog-16,1,fog,2100.0,0.0000,0.0000,0,150.000,,0,0.9606,,0.850,0,
227,11,7,fog-16,1,fog,2200.0,0.0000,0.0000,0,150.000,,0,0.9588,,0.850,0,
228,11,7,fog-16,1,fog,2300.0,0.0000,0.0000,0,150.000,,0,0.9569,,0.850,0,
229,11,7,fog-16,1,fog,2400.0,0.0000,0.0000,0,150.000,,0,0.9550,,0.850,0,
230,11,7,fog-16,1,fog,2500.0,0.0000,0.0000,0,150.000,,0,0.9531,,0.850,0,
231,11,7,fog-16,1,fog,2600.0,0.0000,0.0000,0,150.000,,0,0.9513,,0.850,0,
232,11,7,fog-16,1,fog,2700.0,0.0000,0.0000,0,150.000,,0,0.9494,,0.850,0,
233,11,7,fog-16,1,fog,2800.0,0.0000,0.0000,0,150.000,,0,0.9475,,0.850,0,
234,11,7,fog-16,1,fog,2900.0,0.0000,0.0000,0,150.000,,0,0.9456,,0.850,0,
235,11,7,fog-16,1,fog,3000.0,0.0000,0.0000,0,150.000,,0,0.9438,,0.850,0,
236,11,7,fog-16,1,fog,3100.0,0.0000,0.0000,0,150.000,,0,0.9419,,0.850,0,
237,11,7,fog-16,1,fog,3200.0,0.0000,0.0000,0,150.000,,0,0.9400,,0.850,0,
238,11,7,fog-16,1,fog,3300.0,0.0000,0.0000,0,150.000,,0,0.9381,,0.850,0,
239,11,7,fog-16,1,fog,3400.0,0.0000,0.0000,0,150.000,,0,0.9363,,0.850,0,
240,11,7,fog-16,1,fog,3500.0,0.0000,0.0000,0,150.000,,0,0.9344,,0.850,0,
241,11,7,fog-16,1,fog,3600.0,0.0000,0.0000,0,150.000,,0,0.9325,,0.850,0,
242,11,7,fog-16,1,fog,3700.0,0.0000,0.0000,0,150.000,,0,0.9306,,0.850,0,
243,11,7,fog-16,1,fog,3800.0,0.0000,0.0000,0,150.000,,0,0.9288,,0.850,0,
244,11,7,fog-16,1,fog,3900.0,0.0000,0.0000,0,150.000,,0,0.9269,,0.850,0,
245,11,7,fog-16,1,fog,4000.0,0.0000,0.0000,0,150.000,,0,0.9250,,0.850,0,
246,11,7,fog-16,1,fog,4100.0,0.0000,0.0000,0,150.000,,0,0.9231,,0.850,0,
247,11,7,fog-16,1,fog,4200.0,0.0000,0.0000,0,150.000,,0,0.9213,,0.850,0,
248,11,7,fog-16,1,fog,4300.0,0.0000,0.0000,0,150.000,,0,0.9194,,0.850,0,
249,11,7,fog-16,1,fog,4400.0,0.0000,0.0000,0,150.000,,0,0.9175,,0.850,0,
250,11,7,fog-16,1,fog,4500.0,0.0000,0.0000,0,150.000,,0,0.9156,,0.850,0,
251,11,7,fog-16,1,fog,4600.0,0.0000,0.0000,0,150.000,,0,0.9138,,0.850,0,
252,11,7,fog-16,1,fog,4700.0,0.0000,0.0000,0,150.000,,0,0.9119,,0.850,0,
253,11,7,fog-16,1,fog,4800.0,0.0000,0.0000,0,150.000,,0,0.9100,,0.850,0,
254,11,7,fog-16,1,fog,4900.0,0.0000,0.0000,0,150.000,,0,0.9081,,0.850,0,
255,11,7,fog-16,1,fog,5000.0,0.0000,0.0000,0,150.000,,0,0.9063,,0.850,0,
256,11,8,fog-17,1,fog,0.0,0.0000,0.0000,0,150.000,,0,1.0000,,0.850,0,
257,11,8,fog-17,1,fog,100.0,0.0000,0.0000,0,150.000,,0,0.9981,,0.850,0,
258,11,8,fog-17,1,fog,200.0,0.0000,0.0000,0,150.000,,0,0.9963,,0.850,0,
259,11,8,fog-17,1,fog,300.0,0.0000,0.0000,0,150.000,,0,0.9944,,0.850,0,
260,11,8,fog-17,1,fog,400.0,0.0000,0.0000,0,150.000,,0,0.9925,,0.850,0,
261,11,8,fog-17,1,fog,500.0,0.0000,0.0000,0,150.000,,0,0.9906,,0.850,0,
262,11,8,fog-17,1,fog,600.0,0.0000,0.0000,0,150.000,,0,0.9888,,0.850,0,
263,11,8,fog-17,1,fog,700.0,0.0000,0.0000,0,150.000,,0,0.9869,,0.850,0,
264,11,8,fog-17,1,fog,800.0,0.0000,0.0000,0,150.000,,0,0.9850,,0.850,0,
265,11,8,fog-17,1,fog,900.0,0.0000,0.0000,0,150.000,,0,0.9831,,0.850,0,
266,11,8,fog-17,1,fog,1000.0,0.0000,0.0000,0,150.000,,0,0.9813,,0.850,0,
267,11,8,fog-17,1,fog,1100.0,0.0000,0.0000,0,150.000,,0,0.9794,,0.850,0,
268,11,8,fog-17,1,fog,1200.0,0.0000,0.0000,5,150.500,0.0000,0,0.9775,,0.850,0,
269,11,8,fog-17,1,fog,1300.0,0.0000,0.0000,9,150.900,0.9927,0,0.9756,,0.850,0,
270,11,8,fog-17,1,fog,1400.0,0.0000,0.0000,0,150.000,,0,0.9738,,0.850,0,
271,11,8,fog-17,1,fog,1500.0,0.0000,0.0000,0,150.000,,0,0.9719,,0.850,0,
272,11,8,fog-17,1,fog,1600.0,0.0000,0.0000,0,150.000,,0,0.9700,,0.850,0,
273,11,8,fog-17,1,fog,1700.0,0.0000,0.0000,0,150.000,,0,0.9681,,0.850,0,
274,11,8,fog-17,1,fog,1800.0,0.0000,0.0000,0,150.000,,0,0.9663,,0.850,0,
275,11,8,fog-17,1,fog,1900.0,0.0000,0.0000,5,150.500,0.0000,0,0.9644,,0.850,0,
276,11,8,fog-17,1,fog,2000.0,0.0000,0.0000,0,150.000,,0,0.9625,,0.850,0,
277,11,8,fog-17,1,fog,2100.0,0.0000,0.0000,5,150.500,0.0000,0,0.9606,,0.850,0,
278,11,8,fog-17,1,fog,2200.0,0.0000,0.0000,0,150.000,,0,0.9588,,0.850,0,
279,11,8,fog-17,1,fog,2300.0,0.0000,0.0000,0,150.000,,0,0.9569,,0.850,0,
280,11,8,fog-17,1,fog,2400.0,0.0000,0.0000,0,150.000,,0,0.9550,,0.850,0,
281,11,8,fog-17,1,fog,2500.0,0.0000,0.0000,3,150.300,0.5000,0,0.9531,,0.850,0,
282,11,8,fog-17,1,fog,2600.0,0.0000,0.0000,5,150.500,0.0000,0,0.9513,,0.850,0,
283,11,8,fog-17,1,fog,2700.0,0.0000,0.0000,0,150.000,,0,0.9494,,0.850,0,
284,11,8,fog-17,1,fog,2800.0,0.0000,0.0000,9,150.900,0.9860,0,0.9475,,0.850,0,
285,11,8,fog-17,1,fog,2900.0,0.0000,0.0000,0,150.000,,0,0.9456,,0.850,0,
286,11,8,fog-17,1,fog,3000.0,0.0000,0.0000,0,150.000,,0,0.9438,,0.850,0,
287,11,8,fog-17,1,fog,3100.0,0.0000,0.0000,0,150.000,,0,0.9419,,0.850,0,
288,11,8,fog-17,1,fog,3200.0,0.0000,0.0000,5,150.500,0.0000,0,0.9400,,0.850,0,
289,11,8,fog-17,1,fog,3300.0,0.0000,0.0000,0,150.000,,0,0.9381,,0.850,0,
290,11,8,fog-17,1,fog,3400.0,0.0000,0.0000,5,150.500,0.0000,0,0.9363,,0.850,0,
291,11,8,fog-17,1,fog,3500.0,0.0000,0.0000,3,150.300,0.0000,0,0.9344,,0.850,0,
292,11,8,fog-17,1,fog,3600.0,0.0000,0.0000,0,150.000,,0,0.9325,,0.850,0,
293,11,8,fog-17,1,fog,3700.0,0.0000,0.0000,4,150.400,0.0000,0,0.9306,,0.850,0,
294,11,8,fog-17,1,fog,3800.0,0.0000,0.0000,0,150.000,,0,0.9288,,0.850,0,
295,11,8,fog-17,1,fog,3900.0,0.0000,0.0000,0,150.000,,0,0.9269,,0.850,0,
296,11,8,fog-17,1,fog,4000.0,0.0000,0.0000,0,150.000,,0,0.9250,,0.850,0,
297,11,8,fog-17,1,fog,4100.0,0.0000,0.0000,0,150.000,,0,0.9231,,0.850,0,
298,11,8,fog-17,1,fog,4200.0,0.0000,0.0000,0,150.000,,0,0.9213,,0.850,0,
299,11,8,fog-17,1,fog,4300.0,0.0000,0.0000,0,150.000,,0,0.9194,,0.850,0,
300,11,8,fog-17,1,fog,4400.0,0.0000,0.0000,0,150.000,,0,0.9175,,0.850,0,
301,11,8,fog-17,1,fog,4500.0,0.0000,0.0000,5,150.500,0.0000,0,0.9156,,0.850,0,
302,11,8,fog-17,1,fog,4600.0,0.0000,0.0000,0,150.000,,0,0.9138,,0.850,0,
303,11,8,fog-17,1,fog,4700.0,0.0000,0.0000,0,150.000,,0,0.9119,,0.850,0,
304,11,8,fog-17,1,fog,4800.0,0.0000,0.0000,0,150.000,,0,0.9100,,0.850,0,
305,11,8,fog-17,1,fog,4900.0,0.0000,0.0000,0,150.000,,0,0.9081,,0.850,0,
306,11,8,fog-17,1,fog,5000.0,0.0000,0.0000,5,150.500,0.0000,0,0.9063,,0.850,0,
307,11,9,fog-18,1,fog,0.0,0.0000,0.0000,0,150.000,,0,1.0000,,0.850,0,1703.1
308,11,9,fog-18,1,fog,100.0,0.0000,0.0000,0,150.000,,0,0.9981,,0.850,0,1703.1
309,11,9,fog-18,1,fog,200.0,0.0000,0.0000,0,150.000,,0,0.9963,,0.850,0,1703.1
310,11,9,fog-18,1,fog,300.0,0.0000,0.0000,0,150.000,,0,0.9944,,0.850,0,1703.1
311,11,9,fog-18,1,fog,400.0,0.0000,0.0000,0,150.000,,0,0.9925,,0.850,0,1703.1
312,11,9,fog-18,1,fog,500.0,0.0000,0.0000,0,150.000,,0,0.9906,,0.850,0,1703.1
313,11,9,fog-18,1,fog,600.0,0.0000,0.0000,0,150.000,,0,0.9888,,0.850,0,1703.1
314,11,9,fog-18,1,fog,700.0,0.0000,0.0000,0,150.000,,0,0.9869,,0.850,0,1703.1
315,11,9,fog-18,1,fog,800.0,0.0000,0.0000,0,150.000,,0,0.9850,,0.850,0,1703.1
316,11,9,fog-18,1,fog,900.0,0.0000,0.0000,0,150.000,,0,0.9831,,0.850,0,1703.1
317,11,9,fog-18,1,fog,1000.0,0.0000,0.0000,0,150.000,,0,0.9813,,0.850,0,1703.1
318,11,9,fog-18,1,fog,1100.0,0.0000,0.0000,0,150.000,,0,0.9794,,0.850,0,1703.1
319,11,9,fog-18,1,fog,1200.0,0.0000,0.0000,0,150.000,,0,0.9775,,0.850,0,1703.1
320,11,9,fog-18,1,fog,1300.0,0.0000,0.0000,0,150.000,,0,0.9756,,0.850,0,1703.1
321,11,9,fog-18,1,fog,1400.0,0.0000,0.0000,0,150.000,,0,0.9738,,0.850,0,1703.1
322,11,9,fog-18,1,fog,1500.0,0.0000,0.0000,0,150.000,,0,0.9719,,0.850,0,1703.1
323,11,9,fog-18,1,fog,1600.0,0.0000,0.0000,0,150.000,,0,0.9700,,0.850,1,1703.1
324,11,9,fog-18,1,fog,1700.0,0.0000,0.0000,0,150.000,,0,0.9681,,0.850,1,1703.1
325,11,10,fog-19,1,fog,0.0,0.0000,0.0000,0,150.000,,0,1.0000,,0.850,0,
326,11,10,fog-19,1,fog,100.0,0.0000,0.0000,0,150.000,,0,0.9981,,0.850,0,
327,11,10,fog-19,1,fog,200.0,0.0000,0.0000,0,150.000,,0,0.9963,,0.850,0,
328,11,10,fog-19,1,fog,300.0,0.0000,0.0000,0,150.000,,0,0.9944,,0.850,0,
329,11,10,fog-19,1,fog,400.0,0.0000,0.0000,0,150.000,,0,0.9925,,0.850,0,
330,11,10,fog-19,1,fog,500.0,0.0000,0.0000,0,150.000,,0,0.9906,,0.850,0,
331,11,10,fog-19,1,fog,600.0,0.0000,0.0000,0,150.000,,0,0.9888,,0.850,0,
332,11,10,fog-19,1,fog,700.0,0.0000,0.0000,0,150.000,,0,0.9869,,0.850,0,
333,11,10,fog-19,1,fog,800.0,0.0000,0.0000,0,150.000,,0,0.9850,,0.850,0,
334,11,10,fog-19,1,fog,900.0,0.0000,0.0000,0,150.000,,0,0.9831,,0.850,0,
335,11,10,fog-19,1,fog,1000.0,0.0000,0.0000,0,150.000,,0,0.9813,,0.850,0,
336,11,10,fog-19,1,fog,1100.0,0.0000,0.0000,0,150.000,,0,0.9794,,0.850,0,
337,11,10,fog-19,1,fog,1200.0,0.0000,0.0000,0,150.000,,0,0.9775,,0.850,0,
338,11,10,fog-19,1,fog,1300.0,0.0000,0.0000,0,150.000,,0,0.9756,,0.850,0,
339,11,10,fog-19,1,fog,1400.0,0.0000,0.0000,0,150.000,,0,0.9738,,0.850,0,
340,11,10,fog-19,1,fog,1500.0,0.0000,0.0000,0,150.000,,0,0.9719,,0.850,0,
341,11,10,fog-19,1,fog,1600.0,0.0000,0.0000,0,150.000,,0,0.9700,,0.850,0,
342,11,10,fog-19,1,fog,1700.0,0.0000,0.0000,0,150.000,,0,0.9681,,0.850,0,
343,11,10,fog-19,1,fog,1800.0,0.0000,0.0000,0,150.000,,0,0.9663,,0.850,0,
344,11,10,fog-19,1,fog,1900.0,0.0000,0.0000,0,150.000,,0,0.9644,,0.850,0,
345,11,10,fog-19,1,fog,2000.0,0.0000,0.0000,0,150.000,,0,0.9625,,0.850,0,
346,11,10,fog-19,1,fog,2100.0,0.0000,0.0000,0,150.000,,0,0.9606,,0.850,0,
347,11,10,fog-19,1,fog,2200.0,0.0000,0.0000,0,150.000,,0,0.9588,,0.850,0,
348,11,10,fog-19,1,fog,2300.0,0.0000,0.0000,0,150.000,,0,0.9569,,0.850,0,
349,11,10,fog-19,1,fog,2400.0,0.0000,0.0000,0,150.000,,0,0.9550,,0.850,0,
350,11,10,fog-19,1,fog,2500.0,0.0000,0.0000,0,150.000,,0,0.9531,,0.850,0,
351,11,10,fog-19,1,fog,2600.0,0.0000,0.0000,0,150.000,,0,0.9513,,0.850,0,
352,11,10,fog-19,1,fog,2700.0,0.0000,0.0000,0,150.000,,0,0.9494,,0.850,0,
353,11,10,fog-19,1,fog,2800.0,0.0000,0.0000,0,150.000,,0,0.9475,,0.850,0,
354,11,10,fog-19,1,fog,2900.0,0.0000,0.0000,0,150.000,,0,0.9456,,0.850,0,
355,11,10,fog-19,1,fog,3000.0,0.0000,0.0000,0,150.000,,0,0.9438,,0.850,0,
356,11,10,fog-19,1,fog,3100.0,0.0000,0.0000,0,150.000,,0,0.9419,,0.850,0,
357,11,10,fog-19,1,fog,3200.0,0.0000,0.0000,0,150.000,,0,0.9400,,0.850,0,
358,11,10,fog-19,1,fog,3300.0,0.0000,0.0000,0,150.000,,0,0.9381,,0.850,0,
359,11,10,fog-19,1,fog,3400.0,0.0000,0.0000,0,150.000,,0,0.9363,,0.850,0,
360,11,10,fog-19,1,fog,3500.0,0.0000,0.0000,0,150.000,,0,0.9344,,0.850,0,
361,11,10,fog-19,1,fog,3600.0,0.0000,0.0000,0,150.000,,0,0.9325,,0.850,0,
362,11,10,fog-19,1,fog,3700.0,0.0000,0.0000,0,150.000,,0,0.9306,,0.850,0,
363,11,10,fog-19,1,fog,3800.0,0.0000,0.0000,0,150.000,,0,0.9288,,0.850,0,
364,11,10,fog-19,1,fog,3900.0,0.0000,0.0000,0,150.000,,0,0.9269,,0.850,0,
365,11,10,fog-19,1,fog,4000.0,0.0000,0.0000,0,150.000,,0,0.9250,,0.850,0,
366,11,10,fog-19,1,fog,4100.0,0.0000,0.0000,0,150.000,,0,0.9231,,0.850,0,
367,11,10,fog-19,1,fog,4200.0,0.0000,0.0000,0,150.000,,0,0.9213,,0.850,0,
368,11,10,fog-19,1,fog,4300.0,0.0000,0.0000,0,150.000,,0,0.9194,,0.850,0,
369,11,10,fog-19,1,fog,4400.0,0.0000,0.0000,0,150.000,,0,0.9175,,0.850,0,
370,11,10,fog-19,1,fog,4500.0,0.0000,0.0000,0,150.000,,0,0.9156,,0.850,0,
371,11,10,fog-19,1,fog,4600.0,0.0000,0.0000,0,150.000,,0,0.9138,,0.850,0,
372,11,10,fog-19,1,fog,4700.0,0.0000,0.0000,0,150.000,,0,0.9119,,0.850,0,
373,11,10,fog-19,1,fog,4800.0,0.0000,0.0000,0,150.000,,0,0.9100,,0.850,0,
374,11,10,fog-19,1,fog,4900.0,0.0000,0.0000,0,150.000,,0,0.9081,,0.850,0,
375,11,10,fog-19,1,fog,5000.0,0.0000,0.0000,0,150.000,,0,0.9063,,0.850,0,
376,11,11,fog-20,1,fog,0.0,0.0000,0.0000,0,150.000,,0,1.0000,,0.850,0,
377,11,11,fog-20,1,fog,100.0,0.0000,0.0000,0,150.000,,0,0.9981,,0.850,0,
378,11,11,fog-20,1,fog,200.0,0.0000,0.0000,0,150.000,,0,0.9963,,0.850,0,
379,11,11,fog-20,1,fog,300.0,0.0000,0.0000,0,150.000,,0,0.9944,,0.850,0,
380,11,11,fog-20,1,fog,400.0,0.0000,0.0000,0,150.000,,0,0.9925,,0.850,0,
381,11,11,fog-20,1,fog,500.0,0.0000,0.0000,0,150.000,,0,0.9906,,0.850,0,
382,11,11,fog-20,1,fog,600.0,0.0000,0.0000,4,150.400,0.0000,0,0.9888,,0.850,0,
383,11,11,fog-20,1,fog,700.0,0.0000,0.0000,0,150.000,,0,0.9869,,0.850,0,
384,11,11,fog-20,1,fog,800.0,0.0000,0.0000,0,150.000,,0,0.9850,,0.850,0,
385,11,11,fog-20,1,fog,900.0,0.0000,0.0000,0,150.000,,0,0.9831,,0.850,0,
386,11,11,fog-20,1,fog,1000.0,0.0000,0.0000,0,150.000,,0,0.9813,,0.850,0,
387,11,11,fog-20,1,fog,1100.0,0.0000,0.0000,4,150.400,0.3536,0,0.9794,,0.850,0,
388,11,11,fog-20,1,fog,1200.0,0.0000,0.0000,0,150.000,,0,0.9775,,0.850,0,
389,11,11,fog-20,1,fog,1300.0,0.0000,0.0000,0,150.000,,0,0.9756,,0.850,0,
390,11,11,fog-20,1,fog,1400.0,0.0000,0.0000,0,150.000,,0,0.9738,,0.850,0,
391,11,11,fog-20,1,fog,1500.0,0.0000,0.0000,0,150.000,,0,0.9719,,0.850,0,
392,11,11,fog-20,1,fog,1600.0,0.0000,0.0000,0,150.000,,0,0.9700,,0.850,0,
393,11,11,fog-20,1,fog,1700.0,0.0000,0.0000,0,150.000,,0,0.9681,,0.850,0,
394,11,11,fog-20,1,fog,1800.0,0.0000,0.0000,0,150.000,,0,0.9663,,0.850,0,
395,11,11,fog-20,1,fog,1900.0,0.0000,0.0000,0,150.000,,0,0.9644,,0.850,0,
396,11,11,fog-20,1,fog,2000.0,0.0000,0.0000,0,150.000,,0,0.9625,,0.850,0,
397,11,11,fog-20,1,fog,2100.0,0.0000,0.0000,0,150.000,,0,0.9606,,0.850,0,
398,11,11,fog-20,1,fog,2200.0,0.0000,0.0000,0,150.000,,0,0.9588,,0.850,0,
399,11,11,fog-20,1,fog,2300.0,0.0000,0.0000,0,150.000,,0,0.9569,,0.850,0,
400,11,11,fog-20,1,fog,2400.0,0.0000,0.0000,0,150.000,,0,0.9550,,0.850,0,
401,11,11,fog-20,1,fog,2500.0,0.0000,0.0000,0,150.000,,0,0.9531,,0.850,0,
402,11,11,fog-20,1,fog,2600.0,0.0000,0.0000,0,150.000,,0,0.9513,,0.850,0,
403,11,11,fog-20,1,fog,2700.0,0.0000,0.0000,10,151.000,1.0000,0,0.9494,,0.850,0,
404,11,11,fog-20,1,fog,2800.0,0.0000,0.0000,0,150.000,,0,0.9475,,0.850,0,
405,11,11,fog-20,1,fog,2900.0,0.0000,0.0000,0,150.000,,0,0.9456,,0.850,0,
406,11,11,fog-20,1,fog,3000.0,0.0000,0.0000,0,150.000,,0,0.9438,,0.850,0,
407,11,11,fog-20,1,fog,3100.0,0.0000,0.0000,6,150.600,0.4984,0,0.9419,,0.850,0,
408,11,11,fog-20,1,fog,3200.0,0.0000,0.0000,0,150.000,,0,0.9400,,0.850,0,
409,11,11,fog-20,1,fog,3300.0,0.0000,0.0000,0,150.000,,0,0.9381,,0.850,0,
410,11,11,fog-20,1,fog,3400.0,0.0000,0.0000,0,150.000,,0,0.9363,,0.850,0,
411,11,11,fog-20,1,fog,3500.0,0.0000,0.0000,0,150.000,,0,0.9344,,0.850,0,
412,11,11,fog-20,1,fog,3600.0,0.0000,0.0000,0,150.000,,0,0.9325,,0.850,0,
413,11,11,fog-20,1,fog,3700.0,0.0000,0.0000,0,150.000,,0,0.9306,,0.850,0,
414,11,11,fog-20,1,fog,3800.0,0.0000,0.0000,0,150.000,,0,0.9288,,0.850,0,
415,11,11,fog-20,1,fog,3900.0,0.0000,0.0000,0,150.000,,0,0.9269,,0.850,0,
416,11,11,fog-20,1,fog,4000.0,0.0000,0.0000,0,150.000,,0,0.9250,,0.850,0,
417,11,11,fog-20,1,fog,4100.0,0.0000,0.0000,0,150.000,,0,0.9231,,0.850,0,
418,11,11,fog-20,1,fog,4200.0,0.0000,0.0000,0,150.000,,0,0.9213,,0.850,0,
419,11,11,fog-20,1,fog,4300.0,0.0000,0.0000,5,150.500,0.0000,0,0.9194,,0.850,0,
420,11,11,fog-20,1,fog,4400.0,0.0000,0.0000,0,150.000,,0,0.9175,,0.850,0,
421,11,11,fog-20,1,fog,4500.0,0.0000,0.0000,0,150.000,,0,0.9156,,0.850,0,
422,11,11,fog-20,1,fog,4600.0,0.0000,0.0000,0,150.000,,0,0.9138,,0.850,0,
423,11,11,fog-20,1,fog,4700.0,0.0000,0.0000,0,150.000,,0,0.9119,,0.850,0,
424,11,11,fog-20,1,fog,4800.0,0.0000,0.0000,0,150.000,,0,0.9100,,0.850,0,
425,11,11,fog-20,1,fog,4900.0,0.0000,0.0000,0,150.000,,0,0.9081,,0.850,0,
426,11,11,fog-20,1,fog,5000.0,0.0000,0.0000,0,150.000,,0,0.9063,,0.850,0,
427,11,12,fog-21,1,fog,0.0,0.0000,0.0000,0,150.000,,0,1.0000,,0.850,0,2739.9
428,11,12,fog-21,1,fog,100.0,0.0000,0.0000,2,150.200,,0,0.9981,,0.850,0,2739.9
429,11,12,fog-21,1,fog,200.0,0.0000,0.0000,5,150.500,0.0000,0,0.9963,,0.850,0,2739.9
430,11,12,fog-21,1,fog,300.0,0.0000,0.0000,4,150.400,0.3536,0,0.9944,,0.850,0,2739.9
431,11,12,fog-21,1,fog,400.0,0.0000,0.0000,4,150.400,0.3536,0,0.9925,,0.850,0,2739.9
432,11,12,fog-21,1,fog,500.0,0.0000,0.0000,5,150.500,0.0000,0,0.9906,,0.850,0,2739.9
433,11,12,fog-21,1,fog,600.0,0.0000,0.0000,0,150.000,,0,0.9888,,0.850,0,2739.9
434,11,12,fog-21,1,fog,700.0,0.0000,0.0000,0,150.000,,0,0.9869,,0.850,0,2739.9
435,11,12,fog-21,1,fog,800.0,0.0000,0.0000,0,150.000,,0,0.9850,,0.850,0,2739.9
436,11,12,fog-21,1,fog,900.0,0.0000,0.0000,0,150.000,,0,0.9831,,0.850,0,2739.9
437,11,12,fog-21,1,fog,1000.0,0.0000,0.0000,5,150.500,0.0000,0,0.9813,,0.850,0,2739.9
438,11,12,fog-21,1,fog,1100.0,0.0000,0.0000,4,150.400,0.3536,0,0.9794,,0.850,0,2739.9
439,11,12,fog-21,1,fog,1200.0,0.0000,0.0000,0,150.000,,0,0.9775,,0.850,0,2739.9
440,11,12,fog-21,1,fog,1300.0,0.0000,0.0000,9,150.900,1.0000,0,0.9756,,0.850,0,2739.9
441,11,12,fog-21,1,fog,1400.0,0.0000,0.0000,8,150.800,0.8660,0,0.9738,,0.850,0,2739.9
442,11,12,fog-21,1,fog,1500.0,0.0000,0.0000,9,150.900,0.9958,0,0.9719,,0.850,0,2739.9
443,11,12,fog-21,1,fog,1600.0,0.0000,0.0000,5,150.500,0.0000,0,0.9700,,0.850,0,2739.9
444,11,12,fog-21,1,fog,1700.0,0.0000,0.0000,10,151.000,1.0000,0,0.9681,,0.850,0,2739.9
445,11,12,fog-21,1,fog,1800.0,0.0000,0.0000,9,150.900,0.9927,0,0.9663,,0.850,0,2739.9
446,11,12,fog-21,1,fog,1900.0,0.0000,0.0000,5,150.500,0.0000,0,0.9644,,0.850,0,2739.9
447,11,12,fog-21,1,fog,2000.0,0.0000,0.0000,0,150.000,,0,0.9625,,0.850,0,2739.9
448,11,12,fog-21,1,fog,2100.0,0.0000,0.0000,3,150.300,0.0000,0,0.9606,,0.850,0,2739.9
449,11,12,fog-21,1,fog,2200.0,0.0000,0.0000,0,150.000,,0,0.9588,,0.850,0,2739.9
450,11,12,fog-21,1,fog,2300.0,0.0000,0.0000,0,150.000,,0,0.9569,,0.850,0,2739.9
451,11,12,fog-21,1,fog,2400.0,0.0000,0.0000,0,150.000,,0,0.9550,,0.850,0,2739.9
452,11,12,fog-21,1,fog,2500.0,0.0000,0.0000,0,150.000,,0,0.9531,,0.850,0,2739.9
453,11,12,fog-21,1,fog,2600.0,0.0000,0.0000,0,150.000,,0,0.9513,,0.850,1,2739.9
454,11,12,fog-21,1,fog,2700.0,0.0000,0.0000,0,150.000,,0,0.9494,,0.850,1,2739.9
455,11,13,fog-22,1,fog,0.0,0.0000,0.0000,0,150.000,,0,1.0000,,0.850,0,
456,11,13,fog-22,1,fog,100.0,0.0000,0.0000,2,150.200,,0,0.9981,,0.850,0,
457,11,13,fog-22,1,fog,200.0,0.0000,0.0000,9,150.900,0.9937,0,0.9963,,0.850,0,
458,11,13,fog-22,1,fog,300.0,0.0000,0.0000,9,150.900,0.9937,0,0.9944,,0.850,0,
459,11,13,fog-22,1,fog,400.0,0.0000,0.0000,5,150.500,0.0000,0,0.9925,,0.850,0,
460,11,13,fog-22,1,fog,500.0,0.0000,0.0000,9,150.900,0.9800,0,0.9906,,0.850,0,
461,11,13,fog-22,1,fog,600.0,0.0000,0.0000,9,150.900,0.9800,0,0.9888,,0.850,0,
462,11,13,fog-22,1,fog,700.0,0.0000,0.0000,4,150.400,0.3536,0,0.9869,,0.850,0,
463,11,13,fog-22,1,fog,800.0,0.0000,0.0000,0,150.000,,0,0.9850,,0.850,0,
464,11,13,fog-22,1,fog,900.0,0.0000,0.0000,5,150.500,0.0000,0,0.9831,,0.850,0,
465,11,13,fog-22,1,fog,1000.0,0.0000,0.0000,0,150.000,,0,0.9813,,0.850,0,
466,11,13,fog-22,1,fog,1100.0,0.0000,0.0000,0,150.000,,0,0.9794,,0.850,0,
467,11,13,fog-22,1,fog,1200.0,0.0000,0.0000,3,150.300,0.0000,0,0.9775,,0.850,0,
468,11,13,fog-22,1,fog,1300.0,0.0000,0.0000,5,150.500,0.0000,0,0.9756,,0.850,0,
469,11,13,fog-22,1,fog,1400.0,0.0000,0.0000,9,150.900,0.9901,0,0.9738,,0.850,0,
470,11,13,fog-22,1,fog,1500.0,0.0000,0.0000,0,150.000,,0,0.9719,,0.850,0,
471,11,13,fog-22,1,fog,1600.0,0.0000,0.0000,0,150.000,,0,0.9700,,0.850,0,
472,11,13,fog-22,1,fog,1700.0,0.0000,0.0000,0,150.000,,0,0.9681,,0.850,0,
473,11,13,fog-22,1,fog,1800.0,0.0000,0.0000,0,150.000,,0,0.9663,,0.850,0,
474,11,13,fog-22,1,fog,1900.0,0.0000,0.0000,0,150.000,,0,0.9644,,0.850,0,
475,11,13,fog-22,1,fog,2000.0,0.0000,0.0000,0,150.000,,0,0.9625,,0.850,0,
476,11,13,fog-22,1,fog,2100.0,0.0000,0.0000,4,150.400,0.0000,0,0.9606,,0.850,0,
477,11,13,fog-22,1,fog,2200.0,0.0000,0.0000,9,150.900,0.9922,0,0.9588,,0.850,0,
478,11,13,fog-22,1,fog,2300.0,0.0000,0.0000,20,151.500,1.0000,0,0.9569,,0.850,0,
479,11,13,fog-22,1,fog,2400.0,0.0000,0.0000,10,151.000,1.0000,0,0.9550,,0.850,0,
480,11,13,fog-22,1,fog,2500.0,0.0000,0.0000,7,150.700,0.9937,0,0.9531,,0.850,0,
481,11,13,fog-22,1,fog,2600.0,0.0000,0.0000,16,151.300,1.0000,0,0.9513,,0.850,0,
482,11,13,fog-22,1,fog,2700.0,0.0000,0.0000,16,151.300,1.0000,0,0.9494,,0.850,0,
483,11,13,fog-22,1,fog,2800.0,0.0000,0.0000,4,150.400,0.3536,0,0.9475,,0.850,0,
484,11,13,fog-22,1,fog,2900.0,0.0000,0.0000,5,150.500,0.0000,0,0.9456,,0.850,0,
485,11,13,fog-22,1,fog,3000.0,0.0000,0.0000,5,150.500,0.0000,0,0.9438,,0.850,0,
486,11,13,fog-22,1,fog,3100.0,0.0000,0.0000,5,150.500,0.0000,0,0.9419,,0.850,0,
487,11,13,fog-22,1,fog,3200.0,0.0000,0.0000,9,150.900,0.9937,0,0.9400,,0.850,0,
488,11,13,fog-22,1,fog,3300.0,0.0000,0.0000,28,151.900,1.0000,0,0.9381,,0.850,0,
489,11,13,fog-22,1,fog,3400.0,0.0000,0.0000,20,151.500,1.0000,0,0.9363,,0.850,0,
490,11,13,fog-22,1,fog,3500.0,0.0000,0.0000,36,152.300,1.0000,0,0.9344,,0.850,0,
491,11,13,fog-22,1,fog,3600.0,0.0000,0.0000,36,152.300,1.0000,0,0.9325,,0.850,0,
492,11,13,fog-22,1,fog,3700.0,0.0000,0.0000,36,152.300,1.0000,0,0.9306,,0.850,0,
493,11,13,fog-22,1,fog,3800.0,0.0000,0.0000,4,150.400,0.3536,0,0.9288,,0.850,0,
494,11,13,fog-22,1,fog,3900.0,0.0000,0.0000,5,150.500,0.0000,0,0.9269,,0.850,0,
495,11,13,fog-22,1,fog,4000.0,0.0000,0.0000,5,150.500,0.0000,0,0.9250,,0.850,0,
496,11,13,fog-22,1,fog,4100.0,0.0000,0.0000,0,150.000,,0,0.9231,,0.850,0,
497,11,13,fog-22,1,fog,4200.0,0.0000,0.0000,0,150.000,,0,0.9213,,0.850,0,
498,11,13,fog-22,1,fog,4300.0,0.0000,0.0000,0,150.000,,0,0.9194,,0.850,0,
499,11,13,fog-22,1,fog,4400.0,0.0000,0.0000,4,150.400,0.3536,0,0.9175,,0.850,0,
500,11,13,fog-22,1,fog,4500.0,0.0000,0.0000,0,150.000,,0,0.9156,,0.850,0,
501,11,13,fog-22,1,fog,4600.0,0.0000,0.0000,0,150.000,,0,0.9138,,0.850,0,
502,11,13,fog-22,1,fog,4700.0,0.0000,0.0000,5,150.500,0.0000,0,0.9119,,0.850,0,
503,11,13,fog-22,1,fog,4800.0,0.0000,0.0000,0,150.000,,0,0.9100,,0.850,0,
504,11,13,fog-22,1,fog,4900.0,0.0000,0.0000,0,150.000,,0,0.9081,,0.850,0,
505,11,13,fog-22,1,fog,5000.0,0.0000,0.0000,5,150.500,0.0000,0,0.9063,,0.850,0,
506,11,14,fog-23,1,fog,0.0,0.0000,0.0000,0,150.000,,0,1.0000,,0.850,0,
507,11,14,fog-23,1,fog,100.0,0.0000,0.0000,0,150.000,,0,0.9981,,0.850,0,
508,11,14,fog-23,1,fog,200.0,0.0000,0.0000,0,150.000,,0,0.9963,,0.850,0,
509,11,14,fog-23,1,fog,300.0,0.0000,0.0000,0,150.000,,0,0.9944,,0.850,0,
510,11,14,fog-23,1,fog,400.0,0.0000,0.0000,0,150.000,,0,0.9925,,0.850,0,
511,11,14,fog-23,1,fog,500.0,0.0000,0.0000,0,150.000,,0,0.9906,,0.850,0,
512,11,14,fog-23,1,fog,600.0,0.0000,0.0000,0,150.000,,0,0.9888,,0.850,0,
513,11,14,fog-23,1,fog,700.0,0.0000,0.0000,0,150.000,,0,0.9869,,0.850,0,
514,11,14,fog-23,1,fog,800.0,0.0000,0.0000,0,150.000,,0,0.9850,,0.850,0,
515,11,14,fog-23,1,fog,900.0,0.0000,0.0000,0,150.000,,0,0.9831,,0.850,0,
516,11,14,fog-23,1,fog,1000.0,0.0000,0.0000,0,150.000,,0,0.9813,,0.850,0,
517,11,14,fog-23,1,fog,1100.0,0.0000,0.0000,0,150.000,,0,0.9794,,0.850,0,
518,11,14,fog-23,1,fog,1200.0,0.0000,0.0000,0,150.000,,0,0.9775,,0.850,0,
519,11,14,fog-23,1,fog,1300.0,0.0000,0.0000,0,150.000,,0,0.9756,,0.850,0,
520,11,14,fog-23,1,fog,1400.0,0.0000,0.0000,0,150.000,,0,0.9738,,0.850,0,
521,11,14,fog-23,1,fog,1500.0,0.0000,0.0000,0,150.000,,0,0.9719,,0.850,0,
522,11,14,fog-23,1,fog,1600.0,0.0000,0.0000,0,150.000,,0,0.9700,,0.850,0,
523,11,14,fog-23,1,fog,1700.0,0.0000,0.0000,0,150.000,,0,0.9681,,0.850,0,
524,11,14,fog-23,1,fog,1800.0,0.0000,0.0000,0,150.000,,0,0.9663,,0.850,0,
525,11,14,fog-23,1,fog,1900.0,0.0000,0.0000,0,150.000,,0,0.9644,,0.850,0,
526,11,14,fog-23,1,fog,2000.0,0.0000,0.0000,0,150.000,,0,0.9625,,0.850,0,
527,11,14,fog-23,1,fog,2100.0,0.0000,0.0000,0,150.000,,0,0.9606,,0.850,0,
528,11,14,fog-23,1,fog,2200.0,0.0000,0.0000,0,150.000,,0,0.9588,,0.850,0,
529,11,14,fog-23,1,fog,2300.0,0.0000,0.0000,0,150.000,,0,0.9569,,0.850,0,
530,11,14,fog-23,1,fog,2400.0,0.0000,0.0000,0,150.000,,0,0.9550,,0.850,0,
531,11,14,fog-23,1,fog,2500.0,0.0000,0.0000,0,150.000,,0,0.9531,,0.850,0,
532,11,14,fog-23,1,fog,2600.0,0.0000,0.0000,0,150.000,,0,0.9513,,0.850,0,
533,11,14,fog-23,1,fog,2700.0,0.0000,0.0000,0,150.000,,0,0.9494,,0.850,0,
534,11,14,fog-23,1,fog,2800.0,0.0000,0.0000,0,150.000,,0,0.9475,,0.850,0,
535,11,14,fog-23,1,fog,2900.0,0.0000,0.0000,0,150.000,,0,0.9456,,0.850,0,
536,11,14,fog-23,1,fog,3000.0,0.0000,0.0000,0,150.000,,0,0.9438,,0.850,0,
537,11,14,fog-23,1,fog,3100.0,0.0000,0.0000,0,150.000,,0,0.9419,,0.850,0,
538,11,14,fog-23,1,fog,3200.0,0.0000,0.0000,0,150.000,,0,0.9400,,0.850,0,
539,11,14,fog-23,1,fog,3300.0,0.0000,0.0000,0,150.000,,0,0.9381,,0.850,0,
540,11,14,fog-23,1,fog,3400.0,0.0000,0.0000,0,150.000,,0,0.9363,,0.850,0,
541,11,14,fog-23,1,fog,3500.0,0.0000,0.0000,0,150.000,,0,0.9344,,0.850,0,
542,11,14,fog-23,1,fog,3600.0,0.0000,0.0000,0,150.000,,0,0.9325,,0.850,0,
543,11,14,fog-23,1,fog,3700.0,0.0000,0.0000,0,150.000,,0,0.9306,,0.850,0,
544,11,14,fog-23,1,fog,3800.0,0.0000,0.0000,0,150.000,,0,0.9288,,0.850,0,
545,11,14,fog-23,1,fog,3900.0,0.0000,0.0000,0,150.000,,0,0.9269,,0.850,0,
546,11,14,fog-23,1,fog,4000.0,0.0000,0.0000,0,150.000,,0,0.9250,,0.850,0,
547,11,14,fog-23,1,fog,4100.0,0.0000,0.0000,0,150.000,,0,0.9231,,0.850,0,
548,11,14,fog-23,1,fog,4200.0,0.0000,0.0000,0,150.000,,0,0.9213,,0.850,0,
549,11,14,fog-23,1,fog,4300.0,0.0000,0.0000,0,150.000,,0,0.9194,,0.850,0,
550,11,14,fog-23,1,fog,4400.0,0.0000,0.0000,0,150.000,,0,0.9175,,0.850,0,
551,11,14,fog-23,1,fog,4500.0,0.0000,0.0000,0,150.000,,0,0.9156,,0.850,0,
552,11,14,fog-23,1,fog,4600.0,0.0000,0.0000,0,150.000,,0,0.9138,,0.850,0,
553,11,14,fog-23,1,fog,4700.0,0.0000,0.0000,0,150.000,,0,0.9119,,0.850,0,
554,11,14,fog-23,1,fog,4800.0,0.0000,0.0000,0,150.000,,0,0.9100,,0.850,0,
555,11,14,fog-23,1,fog,4900.0,0.0000,0.0000,0,150.000,,0,0.9081,,0.850,0,
556,11,14,fog-23,1,fog,5000.0,0.0000,0.0000,0,150.000,,0,0.9063,,0.850,0,
557,11,15,fog-24,1,fog,0.0,0.0000,0.0000,0,150.000,,0,1.0000,,0.850,0,
558,11,15,fog-24,1,fog,100.0,0.0000,0.0000,0,150.000,,0,0.9981,,0.850,0,
559,11,15,fog-24,1,fog,200.0,0.0000,0.0000,0,150.000,,0,0.9963,,0.850,0,
560,11,15,fog-24,1,fog,300.0,0.0000,0.0000,0,150.000,,0,0.9944,,0.850,0,
561,11,15,fog-24,1,fog,400.0,0.0000,0.0000,0,150.000,,0,0.9925,,0.850,0,
562,11,15,fog-24,1,fog,500.0,0.0000,0.0000,0,150.000,,0,0.9906,,0.850,0,
563,11,15,fog-24,1,fog,600.0,0.0000,0.0000,0,150.000,,0,0.9888,,0.850,0,
564,11,15,fog-24,1,fog,700.0,0.0000,0.0000,0,150.000,,0,0.9869,,0.850,0,
565,11,15,fog-24,1,fog,800.0,0.0000,0.0000,0,150.000,,0,0.9850,,0.850,0,
566,11,15,fog-24,1,fog,900.0,0.0000,0.0000,0,150.000,,0,0.9831,,0.850,0,
567,11,15,fog-24,1,fog,1000.0,0.0000,0.0000,0,150.000,,0,0.9813,,0.850,0,
568,11,15,fog-24,1,fog,1100.0,0.0000,0.0000,0,150.000,,0,0.9794,,0.850,0,
569,11,15,fog-24,1,fog,1200.0,0.0000,0.0000,0,150.000,,0,0.9775,,0.850,0,
570,11,15,fog-24,1,fog,1300.0,0.0000,0.0000,0,150.000,,0,0.9756,,0.850,0,
571,11,15,fog-24,1,fog,1400.0,0.0000,0.0000,0,150.000,,0,0.9738,,0.850,0,
572,11,15,fog-24,1,fog,1500.0,0.0000,0.0000,0,150.000,,0,0.9719,,0.850,0,
573,11,15,fog-24,1,fog,1600.0,0.0000,0.0000,0,150.000,,0,0.9700,,0.850,0,
574,11,15,fog-24,1,fog,1700.0,0.0000,0.0000,0,150.000,,0,0.9681,,0.850,0,
575,11,15,fog-24,1,fog,1800.0,0.0000,0.0000,0,150.000,,0,0.9663,,0.850,0,
576,11,15,fog-24,1,fog,1900.0,0.0000,0.0000,0,150.000,,0,0.9644,,0.850,0,
577,11,15,fog-24,1,fog,2000.0,0.0000,0.0000,0,150.000,,0,0.9625,,0.850,0,
578,11,15,fog-24,1,fog,2100.0,0.0000,0.0000,0,150.000,,0,0.9606,,0.850,0,
579,11,15,fog-24,1,fog,2200.0,0.0000,0.0000,0,150.000,,0,0.9588,,0.850,0,
580,11,15,fog-24,1,fog,2300.0,0.0000,0.0000,0,150.000,,0,0.9569,,0.850,0,
581,11,15,fog-24,1,fog,2400.0,0.0000,0.0000,0,150.000,,0,0.9550,,0.850,0,
582,11,15,fog-24,1,fog,2500.0,0.0000,0.0000,0,150.000,,0,0.9531,,0.850,0,
583,11,15,fog-24,1,fog,2600.0,0.0000,0.0000,0,150.000,,0,0.9513,,0.850,0,
584,11,15,fog-24,1,fog,2700.0,0.0000,0.0000,0,150.000,,0,0.9494,,0.850,0,
585,11,15,fog-24,1,fog,2800.0,0.0000,0.0000,0,150.000,,0,0.9475,,0.850,0,
586,11,15,fog-24,1,fog,2900.0,0.0000,0.0000,0,150.000,,0,0.9456,,0.850,0,
587,11,15,fog-24,1,fog,3000.0,0.0000,0.0000,0,150.000,,0,0.9438,,0.850,0,
588,11,15,fog-24,1,fog,3100.0,0.0000,0.0000,0,150.000,,0,0.9419,,0.850,0,
589,11,15,fog-24,1,fog,3200.0,0.0000,0.0000,0,150.000,,0,0.9400,,0.850,0,
590,11,15,fog-24,1,fog,3300.0,0.0000,0.0000,0,150.000,,0,0.9381,,0.850,0,
591,11,15,fog-24,1,fog,3400.0,0.0000,0.0000,0,150.000,,0,0.9363,,0.850,0,
592,11,15,fog-24,1,fog,3500.0,0.0000,0.0000,0,150.000,,0,0.9344,,0.850,0,
593,11,15,fog-24,1,fog,3600.0,0.0000,0.0000,0,150.000,,0,0.9325,,0.850,0,
594,11,15,fog-24,1,fog,3700.0,0.0000,0.0000,0,150.000,,0,0.9306,,0.850,0,
595,11,15,fog-24,1,fog,3800.0,0.0000,0.0000,0,150.000,,0,0.9288,,0.850,0,
596,11,15,fog-24,1,fog,3900.0,0.0000,0.0000,0,150.000,,0,0.9269,,0.850,0,
597,11,15,fog-24,1,fog,4000.0,0.0000,0.0000,0,150.000,,0,0.9250,,0.850,0,
598,11,15,fog-24,1,fog,4100.0,0.0000,0.0000,0,150.000,,0,0.9231,,0.850,0,
599,11,15,fog-24,1,fog,4200.0,0.0000,0.0000,0,150.000,,0,0.9213,,0.850,0,
600,11,15,fog-24,1,fog,4300.0,0.0000,0.0000,0,150.000,,0,0.9194,,0.850,0,
601,11,15,fog-24,1,fog,4400.0,0.0000,0.0000,0,150.000,,0,0.9175,,0.850,0,
602,11,15,fog-24,1,fog,4500.0,0.0000,0.0000,0,150.000,,0,0.9156,,0.850,0,
603,11,15,fog-24,1,fog,4600.0,0.0000,0.0000,0,150.000,,0,0.9138,,0.850,0,
604,11,15,fog-24,1,fog,4700.0,0.0000,0.0000,0,150.000,,0,0.9119,,0.850,0,
605,11,15,fog-24,1,fog,4800.0,0.0000,0.0000,0,150.000,,0,0.9100,,0.850,0,
606,11,15,fog-24,1,fog,4900.0,0.0000,0.0000,0,150.000,,0,0.9081,,0.850,0,
607,11,15,fog-24,1,fog,5000.0,0.0000,0.0000,0,150.000,,0,0.9063,,0.850,0,
608,11,16,fog-25,1,fog,0.0,0.0000,0.0000,0,150.000,,0,1.0000,,0.850,0,
609,11,16,fog-25,1,fog,100.0,0.0000,0.0000,0,150.000,,0,0.9981,,0.850,0,
610,11,16,fog-25,1,fog,200.0,0.0000,0.0000,0,150.000,,0,0.9963,,0.850,0,
611,11,16,fog-25,1,fog,300.0,0.0000,0.0000,0,150.000,,0,0.9944,,0.850,0,
612,11,16,fog-25,1,fog,400.0,0.0000,0.0000,0,150.000,,0,0.9925,,0.850,0,
613,11,16,fog-25,1,fog,500.0,0.0000,0.0000,0,150.000,,0,0.9906,,0.850,0,
614,11,16,fog-25,1,fog,600.0,0.0000,0.0000,0,150.000,,0,0.9888,,0.850,0,
615,11,16,fog-25,1,fog,700.0,0.0000,0.0000,5,150.500,0.0000,0,0.9869,,0.850,0,
616,11,16,fog-25,1,fog,800.0,0.0000,0.0000,0,150.000,,0,0.9850,,0.850,0,
617,11,16,fog-25,1,fog,900.0,0.0000,0.0000,0,150.000,,0,0.9831,,0.850,0,
618,11,16,fog-25,1,fog,1000.0,0.0000,0.0000,5,150.500,0.0000,0,0.9813,,0.850,0,
619,11,16,fog-25,1,fog,1100.0,0.0000,0.0000,0,150.000,,0,0.9794,,0.850,0,
620,11,16,fog-25,1,fog,1200.0,0.0000,0.0000,0,150.000,,0,0.9775,,0.850,0,
621,11,16,fog-25,1,fog,1300.0,0.0000,0.0000,0,150.000,,0,0.9756,,0.850,0,
622,11,16,fog-25,1,fog,1400.0,0.0000,0.0000,0,150.000,,0,0.9738,,0.850,0,
623,11,16,fog-25,1,fog,1500.0,0.0000,0.0000,0,150.000,,0,0.9719,,0.850,0,
624,11,16,fog-25,1,fog,1600.0,0.0000,0.0000,0,150.000,,0,0.9700,,0.850,0,
625,11,16,fog-25,1,fog,1700.0,0.0000,0.0000,0,150.000,,0,0.9681,,0.850,0,
626,11,16,fog-25,1,fog,1800.0,0.0000,0.0000,5,150.500,0.0000,0,0.9663,,0.850,0,
627,11,16,fog-25,1,fog,1900.0,0.0000,0.0000,0,150.000,,0,0.9644,,0.850,0,
628,11,16,fog-25,1,fog,2000.0,0.0000,0.0000,0,150.000,,0,0.9625,,0.850,0,
629,11,16,fog-25,1,fog,2100.0,0.0000,0.0000,0,150.000,,0,0.9606,,0.850,0,
630,11,16,fog-25,1,fog,2200.0,0.0000,0.0000,0,150.000,,0,0.9588,,0.850,0,
631,11,16,fog-25,1,fog,2300.0,0.0000,0.0000,0,150.000,,0,0.9569,,0.850,0,
632,11,16,fog-25,1,fog,2400.0,0.0000,0.0000,0,150.000,,0,0.9550,,0.850,0,
633,11,16,fog-25,1,fog,2500.0,0.0000,0.0000,0,150.000,,0,0.9531,,0.850,0,
634,11,16,fog-25,1,fog,2600.0,0.0000,0.0000,0,150.000,,0,0.9513,,0.850,0,
635,11,16,fog-25,1,fog,2700.0,0.0000,0.0000,0,150.000,,0,0.9494,,0.850,0,
636,11,16,fog-25,1,fog,2800.0,0.0000,0.0000,0,150.000,,0,0.9475,,0.850,0,
637,11,16,fog-25,1,fog,2900.0,0.0000,0.0000,0,150.000,,0,0.9456,,0.850,0,
638,11,16,fog-25,1,fog,3000.0,0.0000,0.0000,0,150.000,,0,0.9438,,0.850,0,
639,11,16,fog-25,1,fog,3100.0,0.0000,0.0000,0,150.000,,0,0.9419,,0.850,0,
640,11,16,fog-25,1,fog,3200.0,0.0000,0.0000,0,150.000,,0,0.9400,,0.850,0,
641,11,16,fog-25,1,fog,3300.0,0.0000,0.0000,0,150.000,,0,0.9381,,0.850,0,
642,11,16,fog-25,1,fog,3400.0,0.0000,0.0000,0,150.000,,0,0.9363,,0.850,0,
643,11,16,fog-25,1,fog,3500.0,0.0000,0.0000,0,150.000,,0,0.9344,,0.850,0,
644,11,16,fog-25,1,fog,3600.0,0.0000,0.0000,0,150.000,,0,0.9325,,0.850,0,
645,11,16,fog-25,1,fog,3700.0,0.0000,0.0000,0,150.000,,0,0.9306,,0.850,0,
646,11,16,fog-25,1,fog,3800.0,0.0000,0.0000,0,150.000,,0,0.9288,,0.850,0,
647,11,16,fog-25,1,fog,3900.0,0.0000,0.0000,0,150.000,,0,0.9269,,0.850,0,
648,11,16,fog-25,1,fog,4000.0,0.0000,0.0000,4,150.400,0.0000,0,0.9250,,0.850,0,
649,11,16,fog-25,1,fog,4100.0,0.0000,0.0000,0,150.000,,0,0.9231,,0.850,0,
650,11,16,fog-25,1,fog,4200.0,0.0000,0.0000,0,150.000,,0,0.9213,,0.850,0,
651,11,16,fog-25,1,fog,4300.0,0.0000,0.0000,0,150.000,,0,0.9194,,0.850,0,
652,11,16,fog-25,1,fog,4400.0,0.0000,0.0000,0,150.000,,0,0.9175,,0.850,0,
653,11,16,fog-25,1,fog,4500.0,0.0000,0.0000,3,150.300,0.0000,0,0.9156,,0.850,0,
654,11,16,fog-25,1,fog,4600.0,0.0000,0.0000,0,150.000,,0,0.9138,,0.850,0,
655,11,16,fog-25,1,fog,4700.0,0.0000,0.0000,0,150.000,,0,0.9119,,0.850,0,
656,11,16,fog-25,1,fog,4800.0,0.0000,0.0000,0,150.000,,0,0.9100,,0.850,0,
657,11,16,fog-25,1,fog,4900.0,0.0000,0.0000,10,151.000,1.0000,0,0.9081,,0.850,0,
658,11,16,fog-25,1,fog,5000.0,0.0000,0.0000,0,150.000,,0,0.9063,,0.850,0,
659,11,17,fog-26,1,fog,0.0,0.0000,0.0000,0,150.000,,0,1.0000,,0.850,0,
660,11,17,fog-26,1,fog,100.0,0.0000,0.0000,2,150.200,,0,0.9981,,0.850,0,
661,11,17,fog-26,1,fog,200.0,0.0000,0.0000,0,150.000,,0,0.9963,,0.850,0,
662,11,17,fog-26,1,fog,300.0,0.0000,0.0000,0,150.000,,0,0.9944,,0.850,0,
663,11,17,fog-26,1,fog,400.0,0.0000,0.0000,0,150.000,,0,0.9925,,0.850,0,
664,11,17,fog-26,1,fog,500.0,0.0000,0.0000,0,150.000,,0,0.9906,,0.850,0,
665,11,17,fog-26,1,fog,600.0,0.0000,0.0000,5,150.500,0.0000,0,0.9888,,0.850,0,
666,11,17,fog-26,1,fog,700.0,0.0000,0.0000,0,150.000,,0,0.9869,,0.850,0,
667,11,17,fog-26,1,fog,800.0,0.0000,0.0000,5,150.500,0.0000,0,0.9850,,0.850,0,
668,11,17,fog-26,1,fog,900.0,0.0000,0.0000,4,150.400,0.3536,0,0.9831,,0.850,0,
669,11,17,fog-26,1,fog,1000.0,0.0000,0.0000,0,150.000,,0,0.9813,,0.850,0,
670,11,17,fog-26,1,fog,1100.0,0.0000,0.0000,0,150.000,,0,0.9794,,0.850,0,
671,11,17,fog-26,1,fog,1200.0,0.0000,0.0000,0,150.000,,0,0.9775,,0.850,0,
672,11,17,fog-26,1,fog,1300.0,0.0000,0.0000,5,150.500,0.0000,0,0.9756,,0.850,0,
673,11,17,fog-26,1,fog,1400.0,0.0000,0.0000,0,150.000,,0,0.9738,,0.850,0,
674,11,17,fog-26,1,fog,1500.0,0.0000,0.0000,0,150.000,,0,0.9719,,0.850,0,
675,11,17,fog-26,1,fog,1600.0,0.0000,0.0000,0,150.000,,0,0.9700,,0.850,0,
676,11,17,fog-26,1,fog,1700.0,0.0000,0.0000,4,150.400,0.3536,0,0.9681,,0.850,0,
677,11,17,fog-26,1,fog,1800.0,0.0000,0.0000,0,150.000,,0,0.9663,,0.850,0,
678,11,17,fog-26,1,fog,1900.0,0.0000,0.0000,0,150.000,,0,0.9644,,0.850,0,
679,11,17,fog-26,1,fog,2000.0,0.0000,0.0000,0,150.000,,0,0.9625,,0.850,0,
680,11,17,fog-26,1,fog,2100.0,0.0000,0.0000,0,150.000,,0,0.9606,,0.850,0,
681,11,17,fog-26,1,fog,2200.0,0.0000,0.0000,0,150.000,,0,0.9588,,0.850,0,
682,11,17,fog-26,1,fog,2300.0,0.0000,0.0000,0,150.000,,0,0.9569,,0.850,0,
683,11,17,fog-26,1,fog,2400.0,0.0000,0.0000,0,150.000,,0,0.9550,,0.850,0,
684,11,17,fog-26,1,fog,2500.0,0.0000,0.0000,0,150.000,,0,0.9531,,0.850,0,
685,11,17,fog-26,1,fog,2600.0,0.0000,0.0000,0,150.000,,0,0.9513,,0.850,0,
686,11,17,fog-26,1,fog,2700.0,0.0000,0.0000,0,150.000,,0,0.9494,,0.850,0,
687,11,17,fog-26,1,fog,2800.0,0.0000,0.0000,0,150.000,,0,0.9475,,0.850,0,
688,11,17,fog-26,1,fog,2900.0,0.0000,0.0000,14,151.200,1.0000,0,0.9456,,0.850,0,
689,11,17,fog-26,1,fog,3000.0,0.0000,0.0000,5,150.500,0.0000,0,0.9438,,0.850,0,
690,11,17,fog-26,1,fog,3100.0,0.0000,0.0000,0,150.000,,0,0.9419,,0.850,0,
691,11,17,fog-26,1,fog,3200.0,0.0000,0.0000,0,150.000,,0,0.9400,,0.850,0,
692,11,17,fog-26,1,fog,3300.0,0.0000,0.0000,9,150.900,0.9990,0,0.9381,,0.850,0,
693,11,17,fog-26,1,fog,3400.0,0.0000,0.0000,0,150.000,,0,0.9363,,0.850,0,
694,11,17,fog-26,1,fog,3500.0,0.0000,0.0000,0,150.000,,0,0.9344,,0.850,0,
695,11,17,fog-26,1,fog,3600.0,0.0000,0.0000,0,150.000,,0,0.9325,,0.850,0,
696,11,17,fog-26,1,fog,3700.0,0.0000,0.0000,0,150.000,,0,0.9306,,0.850,0,
697,11,17,fog-26,1,fog,3800.0,0.0000,0.0000,0,150.000,,0,0.9288,,0.850,0,
698,11,17,fog-26,1,fog,3900.0,0.0000,0.0000,5,150.500,0.0000,0,0.9269,,0.850,0,
699,11,17,fog-26,1,fog,4000.0,0.0000,0.0000,5,150.500,0.0000,0,0.9250,,0.850,0,
700,11,17,fog-26,1,fog,4100.0,0.0000,0.0000,0,150.000,,0,0.9231,,0.850,0,
701,11,17,fog-26,1,fog,4200.0,0.0000,0.0000,0,150.000,,0,0.9213,,0.850,0,
702,11,17,fog-26,1,fog,4300.0,0.0000,0.0000,0,150.000,,0,0.9194,,0.850,0,
703,11,17,fog-26,1,fog,4400.0,0.0000,0.0000,3,150.300,0.3333,0,0.9175,,0.850,0,
704,11,17,fog-26,1,fog,4500.0,0.0000,0.0000,5,150.500,0.0000,0,0.9156,,0.850,0,
705,11,17,fog-26,1,fog,4600.0,0.0000,0.0000,0,150.000,,0,0.9138,,0.850,0,
706,11,17,fog-26,1,fog,4700.0,0.0000,0.0000,0,150.000,,0,0.9119,,0.850,0,
707,11,17,fog-26,1,fog,4800.0,0.0000,0.0000,10,151.000,1.0000,0,0.9100,,0.850,0,
708,11,17,fog-26,1,fog,4900.0,0.0000,0.0000,0,150.000,,0,0.9081,,0.850,0,
709,11,17,fog-26,1,fog,5000.0,0.0000,0.0000,0,150.000,,0,0.9063,,0.850,0,
710,11,18,fog-27,1,fog,0.0,0.0000,0.0000,0,150.000,,0,1.0000,,0.850,0,
711,11,18,fog-27,1,fog,100.0,0.0000,0.0000,0,150.000,,0,0.9981,,0.850,0,
712,11,18,fog-27,1,fog,200.0,0.0000,0.0000,0,150.000,,0,0.9963,,0.850,0,
713,11,18,fog-27,1,fog,300.0,0.0000,0.0000,0,150.000,,0,0.9944,,0.850,0,
714,11,18,fog-27,1,fog,400.0,0.0000,0.0000,5,150.500,0.0000,0,0.9925,,0.850,0,
715,11,18,fog-27,1,fog,500.0,0.0000,0.0000,4,150.400,0.0000,0,0.9906,,0.850,0,
716,11,18,fog-27,1,fog,600.0,0.0000,0.0000,4,150.400,0.3536,0,0.9888,,0.850,0,
717,11,18,fog-27,1,fog,700.0,0.0000,0.0000,0,150.000,,0,0.9869,,0.850,0,
718,11,18,fog-27,1,fog,800.0,0.0000,0.0000,0,150.000,,0,0.9850,,0.850,0,
719,11,18,fog-27,1,fog,900.0,0.0000,0.0000,0,150.000,,0,0.9831,,0.850,0,
720,11,18,fog-27,1,fog,1000.0,0.0000,0.0000,0,150.000,,0,0.9813,,0.850,0,
721,11,18,fog-27,1,fog,1100.0,0.0000,0.0000,0,150.000,,0,0.9794,,0.850,0,
722,11,18,fog-27,1,fog,1200.0,0.0000,0.0000,0,150.000,,0,0.9775,,0.850,0,
723,11,18,fog-27,1,fog,1300.0,0.0000,0.0000,0,150.000,,0,0.9756,,0.850,0,
724,11,18,fog-27,1,fog,1400.0,0.0000,0.0000,0,150.000,,0,0.9738,,0.850,0,
725,11,18,fog-27,1,fog,1500.0,0.0000,0.0000,0,150.000,,0,0.9719,,0.850,0,
726,11,18,fog-27,1,fog,1600.0,0.0000,0.0000,0,150.000,,0,0.9700,,0.850,0,
727,11,18,fog-27,1,fog,1700.0,0.0000,0.0000,0,150.000,,0,0.9681,,0.850,0,
728,11,18,fog-27,1,fog,1800.0,0.0000,0.0000,0,150.000,,0,0.9663,,0.850,0,
729,11,18,fog-27,1,fog,1900.0,0.0000,0.0000,0,150.000,,0,0.9644,,0.850,0,
730,11,18,fog-27,1,fog,2000.0,0.0000,0.0000,0,150.000,,0,0.9625,,0.850,0,
731,11,18,fog-27,1,fog,2100.0,0.0000,0.0000,0,150.000,,0,0.9606,,0.850,0,
732,11,18,fog-27,1,fog,2200.0,0.0000,0.0000,0,150.000,,0,0.9588,,0.850,0,
733,11,18,fog-27,1,fog,2300.0,0.0000,0.0000,0,150.000,,0,0.9569,,0.850,0,
734,11,18,fog-27,1,fog,2400.0,0.0000,0.0000,0,150.000,,0,0.9550,,0.850,0,
735,11,18,fog-27,1,fog,2500.0,0.0000,0.0000,0,150.000,,0,0.9531,,0.850,0,
736,11,18,fog-27,1,fog,2600.0,0.0000,0.0000,0,150.000,,0,0.9513,,0.850,0,
737,11,18,fog-27,1,fog,2700.0,0.0000,0.0000,0,150.000,,0,0.9494,,0.850,0,
738,11,18,fog-27,1,fog,2800.0,0.0000,0.0000,4,150.400,0.0000,0,0.9475,,0.850,0,
739,11,18,fog-27,1,fog,2900.0,0.0000,0.0000,4,150.400,0.0000,0,0.9456,,0.850,0,
740,11,18,fog-27,1,fog,3000.0,0.0000,0.0000,4,150.400,0.0000,0,0.9438,,0.850,0,
741,11,18,fog-27,1,fog,3100.0,0.0000,0.0000,0,150.000,,0,0.9419,,0.850,0,
742,11,18,fog-27,1,fog,3200.0,0.0000,0.0000,0,150.000,,0,0.9400,,0.850,0,
743,11,18,fog-27,1,fog,3300.0,0.0000,0.0000,0,150.000,,0,0.9381,,0.850,0,
744,11,18,fog-27,1,fog,3400.0,0.0000,0.0000,0,150.000,,0,0.9363,,0.850,0,
745,11,18,fog-27,1,fog,3500.0,0.0000,0.0000,0,150.000,,0,0.9344,,0.850,0,
746,11,18,fog-27,1,fog,3600.0,0.0000,0.0000,0,150.000,,0,0.9325,,0.850,0,
747,11,18,fog-27,1,fog,3700.0,0.0000,0.0000,5,150.500,0.0000,0,0.9306,,0.850,0,
748,11,18,fog-27,1,fog,3800.0,0.0000,0.0000,5,150.500,0.0000,0,0.9288,,0.850,0,
749,11,18,fog-27,1,fog,3900.0,0.0000,0.0000,5,150.500,0.0000,0,0.9269,,0.850,0,
750,11,18,fog-27,1,fog,4000.0,0.0000,0.0000,0,150.000,,0,0.9250,,0.850,0,
751,11,18,fog-27,1,fog,4100.0,0.0000,0.0000,5,150.500,0.0000,0,0.9231,,0.850,0,
752,11,18,fog-27,1,fog,4200.0,0.0000,0.0000,4,150.400,0.3536,0,0.9213,,0.850,0,
753,11,18,fog-27,1,fog,4300.0,0.0000,0.0000,4,150.400,0.3536,0,0.9194,,0.850,0,
754,11,18,fog-27,1,fog,4400.0,0.0000,0.0000,0,150.000,,0,0.9175,,0.850,0,
755,11,18,fog-27,1,fog,4500.0,0.0000,0.0000,0,150.000,,0,0.9156,,0.850,0,
756,11,18,fog-27,1,fog,4600.0,0.0000,0.0000,0,150.000,,0,0.9138,,0.850,0,
757,11,18,fog-27,1,fog,4700.0,0.0000,0.0000,0,150.000,,0,0.9119,,0.850,0,
758,11,18,fog-27,1,fog,4800.0,0.0000,0.0000,0,150.000,,0,0.9100,,0.850,0,
759,11,18,fog-27,1,fog,4900.0,0.0000,0.0000,0,150.000,,0,0.9081,,0.850,0,
760,11,18,fog-27,1,fog,5000.0,0.0000,0.0000,0,150.000,,0,0.9063,,0.850,0,
761,11,19,fog-28,1,fog,0.0,0.0000,0.0000,0,150.000,,0,1.0000,,0.850,0,
762,11,19,fog-28,1,fog,100.0,0.0000,0.0000,0,150.000,,0,0.9981,,0.850,0,
763,11,19,fog-28,1,fog,200.0,0.0000,0.0000,0,150.000,,0,0.9963,,0.850,0,
764,11,19,fog-28,1,fog,300.0,0.0000,0.0000,0,150.000,,0,0.9944,,0.850,0,
765,11,19,fog-28,1,fog,400.0,0.0000,0.0000,0,150.000,,0,0.9925,,0.850,0,
766,11,19,fog-28,1,fog,500.0,0.0000,0.0000,0,150.000,,0,0.9906,,0.850,0,
767,11,19,fog-28,1,fog,600.0,0.0000,0.0000,0,150.000,,0,0.9888,,0.850,0,
768,11,19,fog-28,1,fog,700.0,0.0000,0.0000,0,150.000,,0,0.9869,,0.850,0,
769,11,19,fog-28,1,fog,800.0,0.0000,0.0000,0,150.000,,0,0.9850,,0.850,0,
770,11,19,fog-28,1,fog,900.0,0.0000,0.0000,0,150.000,,0,0.9831,,0.850,0,
771,11,19,fog-28,1,fog,1000.0,0.0000,0.0000,0,150.000,,0,0.9813,,0.850,0,
772,11,19,fog-28,1,fog,1100.0,0.0000,0.0000,0,150.000,,0,0.9794,,0.850,0,
773,11,19,fog-28,1,fog,1200.0,0.0000,0.0000,0,150.000,,0,0.9775,,0.850,0,
774,11,19,fog-28,1,fog,1300.0,0.0000,0.0000,0,150.000,,0,0.9756,,0.850,0,
775,11,19,fog-28,1,fog,1400.0,0.0000,0.0000,0,150.000,,0,0.9738,,0.850,0,
776,11,19,fog-28,1,fog,1500.0,0.0000,0.0000,0,150.000,,0,0.9719,,0.850,0,
777,11,19,fog-28,1,fog,1600.0,0.0000,0.0000,0,150.000,,0,0.9700,,0.850,0,
778,11,19,fog-28,1,fog,1700.0,0.0000,0.0000,0,150.000,,0,0.9681,,0.850,0,
779,11,19,fog-28,1,fog,1800.0,0.0000,0.0000,0,150.000,,0,0.9663,,0.850,0,
780,11,19,fog-28,1,fog,1900.0,0.0000,0.0000,0,150.000,,0,0.9644,,0.850,0,
781,11,19,fog-28,1,fog,2000.0,0.0000,0.0000,0,150.000,,0,0.9625,,0.850,0,
782,11,19,fog-28,1,fog,2100.0,0.0000,0.0000,0,150.000,,0,0.9606,,0.850,0,
783,11,19,fog-28,1,fog,2200.0,0.0000,0.0000,0,150.000,,0,0.9588,,0.850,0,
784,11,19,fog-28,1,fog,2300.0,0.0000,0.0000,0,150.000,,0,0.9569,,0.850,0,
785,11,19,fog-28,1,fog,2400.0,0.0000,0.0000,0,150.000,,0,0.9550,,0.850,0,
786,11,19,fog-28,1,fog,2500.0,0.0000,0.0000,0,150.000,,0,0.9531,,0.850,0,
787,11,19,fog-28,1,fog,2600.0,0.0000,0.0000,0,150.000,,0,0.9513,,0.850,0,
788,11,19,fog-28,1,fog,2700.0,0.0000,0.0000,0,150.000,,0,0.9494,,0.850,0,
789,11,19,fog-28,1,fog,2800.0,0.0000,0.0000,0,150.000,,0,0.9475,,0.850,0,
790,11,19,fog-28,1,fog,2900.0,0.0000,0.0000,0,150.000,,0,0.9456,,0.850,0,
791,11,19,fog-28,1,fog,3000.0,0.0000,0.0000,0,150.000,,0,0.9438,,0.850,0,
792,11,19,fog-28,1,fog,3100.0,0.0000,0.0000,0,150.000,,0,0.9419,,0.850,0,
793,11,19,fog-28,1,fog,3200.0,0.0000,0.0000,0,150.000,,0,0.9400,,0.850,0,
794,11,19,fog-28,1,fog,3300.0,0.0000,0.0000,0,150.000,,0,0.9381,,0.850,0,
795,11,19,fog-28,1,fog,3400.0,0.0000,0.0000,0,150.000,,0,0.9363,,0.850,0,
796,11,19,fog-28,1,fog,3500.0,0.0000,0.0000,0,150.000,,0,0.9344,,0.850,0,
797,11,19,fog-28,1,fog,3600.0,0.0000,0.0000,0,150.000,,0,0.9325,,0.850,0,
798,11,19,fog-28,1,fog,3700.0,0.0000,0.0000,0,150.000,,0,0.9306,,0.850,0,
799,11,19,fog-28,1,fog,3800.0,0.0000,0.0000,0,150.000,,0,0.9288,,0.850,0,
800,11,19,fog-28,1,fog,3900.0,0.0000,0.0000,0,150.000,,0,0.9269,,0.850,0,
801,11,19,fog-28,1,fog,4000.0,0.0000,0.0000,0,150.000,,0,0.9250,,0.850,0,
802,11,19,fog-28,1,fog,4100.0,0.0000,0.0000,0,150.000,,0,0.9231,,0.850,0,
803,11,19,fog-28,1,fog,4200.0,0.0000,0.0000,0,150.000,,0,0.9213,,0.850,0,
804,11,19,fog-28,1,fog,4300.0,0.0000,0.0000,0,150.000,,0,0.9194,,0.850,0,
805,11,19,fog-28,1,fog,4400.0,0.0000,0.0000,0,150.000,,0,0.9175,,0.850,0,
806,11,19,fog-28,1,fog,4500.0,0.0000,0.0000,0,150.000,,0,0.9156,,0.850,0,
807,11,19,fog-28,1,fog,4600.0,0.0000,0.0000,0,150.000,,0,0.9138,,0.850,0,
808,11,19,fog-28,1,fog,4700.0,0.0000,0.0000,0,150.000,,0,0.9119,,0.850,0,
809,11,19,fog-28,1,fog,4800.0,0.0000,0.0000,0,150.000,,0,0.9100,,0.850,0,
810,11,19,fog-28,1,fog,4900.0,0.0000,0.0000,0,150.000,,0,0.9081,,0.850,0,
811,11,19,fog-28,1,fog,5000.0,0.0000,0.0000,0,150.000,,0,0.9063,,0.850,0,
812,11,20,fog-29,1,fog,0.0,0.0000,0.0000,0,150.000,,0,1.0000,,0.850,0,
813,11,20,fog-29,1,fog,100.0,0.0000,0.0000,0,150.000,,0,0.9981,,0.850,0,
814,11,20,fog-29,1,fog,200.0,0.0000,0.0000,0,150.000,,0,0.9963,,0.850,0,
815,11,20,fog-29,1,fog,300.0,0.0000,0.0000,0,150.000,,0,0.9944,,0.850,0,
816,11,20,fog-29,1,fog,400.0,0.0000,0.0000,0,150.000,,0,0.9925,,0.850,0,
817,11,20,fog-29,1,fog,500.0,0.0000,0.0000,0,150.000,,0,0.9906,,0.850,0,
818,11,20,fog-29,1,fog,600.0,0.0000,0.0000,0,150.000,,0,0.9888,,0.850,0,
819,11,20,fog-29,1,fog,700.0,0.0000,0.0000,0,150.000,,0,0.9869,,0.850,0,
820,11,20,fog-29,1,fog,800.0,0.0000,0.0000,0,150.000,,0,0.9850,,0.850,0,
821,11,20,fog-29,1,fog,900.0,0.0000,0.0000,0,150.000,,0,0.9831,,0.850,0,
822,11,20,fog-29,1,fog,1000.0,0.0000,0.0000,0,150.000,,0,0.9813,,0.850,0,
823,11,20,fog-29,1,fog,1100.0,0.0000,0.0000,0,150.000,,0,0.9794,,0.850,0,
824,11,20,fog-29,1,fog,1200.0,0.0000,0.0000,0,150.000,,0,0.9775,,0.850,0,
825,11,20,fog-29,1,fog,1300.0,0.0000,0.0000,0,150.000,,0,0.9756,,0.850,0,
826,11,20,fog-29,1,fog,1400.0,0.0000,0.0000,0,150.000,,0,0.9738,,0.850,0,
827,11,20,fog-29,1,fog,1500.0,0.0000,0.0000,0,150.000,,0,0.9719,,0.850,0,
828,11,20,fog-29,1,fog,1600.0,0.0000,0.0000,0,150.000,,0,0.9700,,0.850,0,
829,11,20,fog-29,1,fog,1700.0,0.0000,0.0000,0,150.000,,0,0.9681,,0.850,0,
830,11,20,fog-29,1,fog,1800.0,0.0000,0.0000,0,150.000,,0,0.9663,,0.850,0,
831,11,20,fog-29,1,fog,1900.0,0.0000,0.0000,0,150.000,,0,0.9644,,0.850,0,
832,11,20,fog-29,1,fog,2000.0,0.0000,0.0000,0,150.000,,0,0.9625,,0.850,0,
833,11,20,fog-29,1,fog,2100.0,0.0000,0.0000,0,150.000,,0,0.9606,,0.850,0,
834,11,20,fog-29,1,fog,2200.0,0.0000,0.0000,0,150.000,,0,0.9588,,0.850,0,
835,11,20,fog-29,1,fog,2300.0,0.0000,0.0000,0,150.000,,0,0.9569,,0.850,0,
836,11,20,fog-29,1,fog,2400.0,0.0000,0.0000,0,150.000,,0,0.9550,,0.850,0,
837,11,20,fog-29,1,fog,2500.0,0.0000,0.0000,0,150.000,,0,0.9531,,0.850,0,
838,11,20,fog-29,1,fog,2600.0,0.0000,0.0000,0,150.000,,0,0.9513,,0.850,0,
839,11,20,fog-29,1,fog,2700.0,0.0000,0.0000,0,150.000,,0,0.9494,,0.850,0,
840,11,20,fog-29,1,fog,2800.0,0.0000,0.0000,0,150.000,,0,0.9475,,0.850,0,
841,11,20,fog-29,1,fog,2900.0,0.0000,0.0000,0,150.000,,0,0.9456,,0.850,0,
842,11,20,fog-29,1,fog,3000.0,0.0000,0.0000,0,150.000,,0,0.9438,,0.850,0,
843,11,20,fog-29,1,fog,3100.0,0.0000,0.0000,0,150.000,,0,0.9419,,0.850,0,
844,11,20,fog-29,1,fog,3200.0,0.0000,0.0000,0,150.000,,0,0.9400,,0.850,0,
845,11,20,fog-29,1,fog,3300.0,0.0000,0.0000,0,150.000,,0,0.9381,,0.850,0,
846,11,20,fog-29,1,fog,3400.0,0.0000,0.0000,0,150.000,,0,0.9363,,0.850,0,
847,11,20,fog-29,1,fog,3500.0,0.0000,0.0000,0,150.000,,0,0.9344,,0.850,0,
848,11,20,fog-29,1,fog,3600.0,0.0000,0.0000,0,150.000,,0,0.9325,,0.850,0,
849,11,20,fog-29,1,fog,3700.0,0.0000,0.0000,0,150.000,,0,0.9306,,0.850,0,
850,11,20,fog-29,1,fog,3800.0,0.0000,0.0000,0,150.000,,0,0.9288,,0.850,0,
851,11,20,fog-29,1,fog,3900.0,0.0000,0.0000,0,150.000,,0,0.9269,,0.850,0,
852,11,20,fog-29,1,fog,4000.0,0.0000,0.0000,0,150.000,,0,0.9250,,0.850,0,
853,11,20,fog-29,1,fog,4100.0,0.0000,0.0000,0,150.000,,0,0.9231,,0.850,0,
854,11,20,fog-29,1,fog,4200.0,0.0000,0.0000,0,150.000,,0,0.9213,,0.850,0,
855,11,20,fog-29,1,fog,4300.0,0.0000,0.0000,0,150.000,,0,0.9194,,0.850,0,
856,11,20,fog-29,1,fog,4400.0,0.0000,0.0000,0,150.000,,0,0.9175,,0.850,0,
857,11,20,fog-29,1,fog,4500.0,0.0000,0.0000,0,150.000,,0,0.9156,,0.850,0,
858,11,20,fog-29,1,fog,4600.0,0.0000,0.0000,0,150.000,,0,0.9138,,0.850,0,
859,11,20,fog-29,1,fog,4700.0,0.0000,0.0000,0,150.000,,0,0.9119,,0.850,0,
860,11,20,fog-29,1,fog,4800.0,0.0000,0.0000,0,150.000,,0,0.9100,,0.850,0,
861,11,20,fog-29,1,fog,4900.0,0.0000,0.0000,0,150.000,,0,0.9081,,0.850,0,
862,11,20,fog-29,1,fog,5000.0,0.0000,0.0000,0,150.000,,0,0.9063,,0.850,0,
863,11,21,fog-30,1,fog,0.0,0.0000,0.0000,0,150.000,,0,1.0000,,0.850,0,
864,11,21,fog-30,1,fog,100.0,0.0000,0.0000,1,150.100,,0,0.9981,,0.850,0,
865,11,21,fog-30,1,fog,200.0,0.0000,0.0000,10,151.000,1.0000,0,0.9963,,0.850,0,
866,11,21,fog-30,1,fog,300.0,0.0000,0.0000,18,151.400,1.0000,0,0.9944,,0.850,0,
867,11,21,fog-30,1,fog,400.0,0.0000,0.0000,4,150.400,0.3536,0,0.9925,,0.850,0,
868,11,21,fog-30,1,fog,500.0,0.0000,0.0000,0,150.000,,0,0.9906,,0.850,0,
869,11,21,fog-30,1,fog,600.0,0.0000,0.0000,9,150.900,0.9898,0,0.9888,,0.850,0,
870,11,21,fog-30,1,fog,700.0,0.0000,0.0000,4,150.400,0.3536,0,0.9869,,0.850,0,
871,11,21,fog-30,1,fog,800.0,0.0000,0.0000,4,150.400,0.3536,0,0.9850,,0.850,0,
872,11,21,fog-30,1,fog,900.0,0.0000,0.0000,9,150.900,0.9969,0,0.9831,,0.850,0,
873,11,21,fog-30,1,fog,1000.0,0.0000,0.0000,4,150.400,0.0000,0,0.9813,,0.850,0,
874,11,21,fog-30,1,fog,1100.0,0.0000,0.0000,16,151.300,1.0000,0,0.9794,,0.850,0,
875,11,21,fog-30,1,fog,1200.0,0.0000,0.0000,5,150.500,0.0000,0,0.9775,,0.850,0,
876,11,21,fog-30,1,fog,1300.0,0.0000,0.0000,5,150.500,0.0000,0,0.9756,,0.850,0,
877,11,21,fog-30,1,fog,1400.0,0.0000,0.0000,4,150.400,0.3536,0,0.9738,,0.850,0,
878,11,21,fog-30,1,fog,1500.0,0.0000,0.0000,4,150.400,0.0000,0,0.9719,,0.850,0,
879,11,21,fog-30,1,fog,1600.0,0.0000,0.0000,8,150.800,0.8519,0,0.9700,,0.850,0,
880,11,21,fog-30,1,fog,1700.0,0.0000,0.0000,8,150.800,0.8558,0,0.9681,,0.850,0,
881,11,21,fog-30,1,fog,1800.0,0.0000,0.0000,4,150.400,0.0000,0,0.9663,,0.850,0,
882,11,21,fog-30,1,fog,1900.0,0.0000,0.0000,9,150.900,0.9730,0,0.9644,,0.850,0,
883,11,21,fog-30,1,fog,2000.0,0.0000,0.0000,3,150.300,0.0000,0,0.9625,,0.850,0,
884,11,21,fog-30,1,fog,2100.0,0.0000,0.0000,0,150.000,,0,0.9606,,0.850,0,
885,11,21,fog-30,1,fog,2200.0,0.0000,0.0000,0,150.000,,0,0.9588,,0.850,0,
886,11,21,fog-30,1,fog,2300.0,0.0000,0.0000,0,150.000,,0,0.9569,,0.850,0,
887,11,21,fog-30,1,fog,2400.0,0.0000,0.0000,0,150.000,,0,0.9550,,0.850,0,
888,11,21,fog-30,1,fog,2500.0,0.0000,0.0000,3,150.300,0.0000,0,0.9531,,0.850,0,
889,11,21,fog-30,1,fog,2600.0,0.0000,0.0000,9,150.900,0.9969,0,0.9513,,0.850,0,
890,11,21,fog-30,1,fog,2700.0,0.0000,0.0000,24,151.700,1.0000,0,0.9494,,0.850,0,
891,11,21,fog-30,1,fog,2800.0,0.0000,0.0000,8,150.800,0.8604,0,0.9475,,0.850,0,
892,11,21,fog-30,1,fog,2900.0,0.0000,0.0000,9,150.900,0.9685,0,0.9456,,0.850,0,
893,11,21,fog-30,1,fog,3000.0,0.0000,0.0000,8,150.800,0.8616,0,0.9438,,0.850,0,
894,11,21,fog-30,1,fog,3100.0,0.0000,0.0000,5,150.500,0.0000,0,0.9419,,0.850,0,
895,11,21,fog-30,1,fog,3200.0,0.0000,0.0000,8,150.800,1.0000,0,0.9400,,0.850,0,
896,11,21,fog-30,1,fog,3300.0,0.0000,0.0000,5,150.500,0.0000,0,0.9381,,0.850,0,
897,11,21,fog-30,1,fog,3400.0,0.0000,0.0000,8,150.800,0.8536,0,0.9363,,0.850,0,
898,11,21,fog-30,1,fog,3500.0,0.0000,0.0000,0,150.000,,0,0.9344,,0.850,0,
899,11,21,fog-30,1,fog,3600.0,0.0000,0.0000,0,150.000,,0,0.9325,,0.850,0,
900,11,21,fog-30,1,fog,3700.0,0.0000,0.0000,0,150.000,,0,0.9306,,0.850,0,
901,11,21,fog-30,1,fog,3800.0,0.0000,0.0000,2,150.200,,0,0.9288,,0.850,0,
902,11,21,fog-30,1,fog,3900.0,0.0000,0.0000,9,150.900,0.9810,0,0.9269,,0.850,0,
903,11,21,fog-30,1,fog,4000.0,0.0000,0.0000,4,150.400,0.3536,0,0.9250,,0.850,0,
904,11,21,fog-30,1,fog,4100.0,0.0000,0.0000,5,150.500,0.0000,0,0.9231,,0.850,0,
905,11,21,fog-30,1,fog,4200.0,0.0000,0.0000,14,151.200,1.0000,0,0.9213,,0.850,0,
906,11,21,fog-30,1,fog,4300.0,0.0000,0.0000,28,151.900,1.0000,0,0.9194,,0.850,0,
907,11,21,fog-30,1,fog,4400.0,0.0000,0.0000,4,150.400,0.3536,0,0.9175,,0.850,0,
908,11,21,fog-30,1,fog,4500.0,0.0000,0.0000,26,151.800,1.0000,0,0.9156,,0.850,0,
909,11,21,fog-30,1,fog,4600.0,0.0000,0.0000,9,150.900,0.9910,0,0.9138,,0.850,0,
910,11,21,fog-30,1,fog,4700.0,0.0000,0.0000,16,151.300,1.0000,0,0.9119,,0.850,0,
911,11,21,fog-30,1,fog,4800.0,0.0000,0.0000,10,151.000,1.0000,0,0.9100,,0.850,0,
912,11,21,fog-30,1,fog,4900.0,0.0000,0.0000,7,150.700,0.7017,0,0.9081,,0.850,0,
913,11,21,fog-30,1,fog,5000.0,0.0000,0.0000,20,151.500,1.0000,0,0.9063,,0.850,0,
914,11,22,fog-31,1,fog,0.0,0.0000,0.0000,0,150.000,,0,1.0000,,0.850,0,
915,11,22,fog-31,1,fog,100.0,0.0000,0.0000,0,150.000,,0,0.9981,,0.850,0,
916,11,22,fog-31,1,fog,200.0,0.0000,0.0000,0,150.000,,0,0.9963,,0.850,0,
917,11,22,fog-31,1,fog,300.0,0.0000,0.0000,0,150.000,,0,0.9944,,0.850,0,
918,11,22,fog-31,1,fog,400.0,0.0000,0.0000,0,150.000,,0,0.9925,,0.850,0,
919,11,22,fog-31,1,fog,500.0,0.0000,0.0000,0,150.000,,0,0.9906,,0.850,0,
920,11,22,fog-31,1,fog,600.0,0.0000,0.0000,0,150.000,,0,0.9888,,0.850,0,
921,11,22,fog-31,1,fog,700.0,0.0000,0.0000,0,150.000,,0,0.9869,,0.850,0,
922,11,22,fog-31,1,fog,800.0,0.0000,0.0000,0,150.000,,0,0.9850,,0.850,0,
923,11,22,fog-31,1,fog,900.0,0.0000,0.0000,0,150.000,,0,0.9831,,0.850,0,
924,11,22,fog-31,1,fog,1000.0,0.0000,0.0000,5,150.500,0.0000,0,0.9813,,0.850,0,
925,11,22,fog-31,1,fog,1100.0,0.0000,0.0000,0,150.000,,0,0.9794,,0.850,0,
926,11,22,fog-31,1,fog,1200.0,0.0000,0.0000,0,150.000,,0,0.9775,,0.850,0,
927,11,22,fog-31,1,fog,1300.0,0.0000,0.0000,0,150.000,,0,0.9756,,0.850,0,
928,11,22,fog-31,1,fog,1400.0,0.0000,0.0000,0,150.000,,0,0.9738,,0.850,0,
929,11,22,fog-31,1,fog,1500.0,0.0000,0.0000,0,150.000,,0,0.9719,,0.850,0,
930,11,22,fog-31,1,fog,1600.0,0.0000,0.0000,0,150.000,,0,0.9700,,0.850,0,
931,11,22,fog-31,1,fog,1700.0,0.0000,0.0000,0,150.000,,0,0.9681,,0.850,0,
932,11,22,fog-31,1,fog,1800.0,0.0000,0.0000,0,150.000,,0,0.9663,,0.850,0,
933,11,22,fog-31,1,fog,1900.0,0.0000,0.0000,0,150.000,,0,0.9644,,0.850,0,
934,11,22,fog-31,1,fog,2000.0,0.0000,0.0000,0,150.000,,0,0.9625,,0.850,0,
935,11,22,fog-31,1,fog,2100.0,0.0000,0.0000,0,150.000,,0,0.9606,,0.850,0,
936,11,22,fog-31,1,fog,2200.0,0.0000,0.0000,0,150.000,,0,0.9588,,0.850,0,
937,11,22,fog-31,1,fog,2300.0,0.0000,0.0000,0,150.000,,0,0.9569,,0.850,0,
938,11,22,fog-31,1,fog,2400.0,0.0000,0.0000,0,150.000,,0,0.9550,,0.850,0,
939,11,22,fog-31,1,fog,2500.0,0.0000,0.0000,0,150.000,,0,0.9531,,0.850,0,
940,11,22,fog-31,1,fog,2600.0,0.0000,0.0000,4,150.400,0.0000,0,0.9513,,0.850,0,
941,11,22,fog-31,1,fog,2700.0,0.0000,0.0000,0,150.000,,0,0.9494,,0.850,0,
942,11,22,fog-31,1,fog,2800.0,0.0000,0.0000,0,150.000,,0,0.9475,,0.850,0,
943,11,22,fog-31,1,fog,2900.0,0.0000,0.0000,0,150.000,,0,0.9456,,0.850,0,
944,11,22,fog-31,1,fog,3000.0,0.0000,0.0000,0,150.000,,0,0.9438,,0.850,0,
945,11,22,fog-31,1,fog,3100.0,0.0000,0.0000,0,150.000,,0,0.9419,,0.850,0,
946,11,22,fog-31,1,fog,3200.0,0.0000,0.0000,0,150.000,,0,0.9400,,0.850,0,
947,11,22,fog-31,1,fog,3300.0,0.0000,0.0000,0,150.000,,0,0.9381,,0.850,0,
948,11,22,fog-31,1,fog,3400.0,0.0000,0.0000,0,150.000,,0,0.9363,,0.850,0,
949,11,22,fog-31,1,fog,3500.0,0.0000,0.0000,0,150.000,,0,0.9344,,0.850,0,
950,11,22,fog-31,1,fog,3600.0,0.0000,0.0000,0,150.000,,0,0.9325,,0.850,0,
951,11,22,fog-31,1,fog,3700.0,0.0000,0.0000,0,150.000,,0,0.9306,,0.850,0,
952,11,22,fog-31,1,fog,3800.0,0.0000,0.0000,0,150.000,,0,0.9288,,0.850,0,
953,11,22,fog-31,1,fog,3900.0,0.0000,0.0000,0,150.000,,0,0.9269,,0.850,0,
954,11,22,fog-31,1,fog,4000.0,0.0000,0.0000,0,150.000,,0,0.9250,,0.850,0,
955,11,22,fog-31,1,fog,4100.0,0.0000,0.0000,0,150.000,,0,0.9231,,0.850,0,
956,11,22,fog-31,1,fog,4200.0,0.0000,0.0000,3,150.300,0.3333,0,0.9213,,0.850,0,
957,11,22,fog-31,1,fog,4300.0,0.0000,0.0000,0,150.000,,0,0.9194,,0.850,0,
958,11,22,fog-31,1,fog,4400.0,0.0000,0.0000,0,150.000,,0,0.9175,,0.850,0,
959,11,22,fog-31,1,fog,4500.0,0.0000,0.0000,0,150.000,,0,0.9156,,0.850,0,
960,11,22,fog-31,1,fog,4600.0,0.0000,0.0000,0,150.000,,0,0.9138,,0.850,0,
961,11,22,fog-31,1,fog,4700.0,0.0000,0.0000,0,150.000,,0,0.9119,,0.850,0,
962,11,22,fog-31,1,fog,4800.0,0.0000,0.0000,0,150.000,,0,0.9100,,0.850,0,
963,11,22,fog-31,1,fog,4900.0,0.0000,0.0000,0,150.000,,0,0.9081,,0.850,0,
964,11,22,fog-31,1,fog,5000.0,0.0000,0.0000,0,150.000,,0,0.9063,,0.850,0,
965,11,23,fog-32,1,fog,0.0,0.0000,0.0000,0,150.000,,0,1.0000,,0.850,0,
966,11,23,fog-32,1,fog,100.0,0.0000,0.0000,0,150.000,,0,0.9981,,0.850,0,
967,11,23,fog-32,1,fog,200.0,0.0000,0.0000,4,150.400,0.3536,0,0.9963,,0.850,0,
968,11,23,fog-32,1,fog,300.0,0.0000,0.0000,0,150.000,,0,0.9944,,0.850,0,
969,11,23,fog-32,1,fog,400.0,0.0000,0.0000,0,150.000,,0,0.9925,,0.850,0,
970,11,23,fog-32,1,fog,500.0,0.0000,0.0000,0,150.000,,0,0.9906,,0.850,0,
971,11,23,fog-32,1,fog,600.0,0.0000,0.0000,9,150.900,1.0000,0,0.9888,,0.850,0,
972,11,23,fog-32,1,fog,700.0,0.0000,0.0000,0,150.000,,0,0.9869,,0.850,0,
973,11,23,fog-32,1,fog,800.0,0.0000,0.0000,0,150.000,,0,0.9850,,0.850,0,
974,11,23,fog-32,1,fog,900.0,0.0000,0.0000,0,150.000,,0,0.9831,,0.850,0,
975,11,23,fog-32,1,fog,1000.0,0.0000,0.0000,0,150.000,,0,0.9813,,0.850,0,
976,11,23,fog-32,1,fog,1100.0,0.0000,0.0000,0,150.000,,0,0.9794,,0.850,0,
977,11,23,fog-32,1,fog,1200.0,0.0000,0.0000,0,150.000,,0,0.9775,,0.850,0,
978,11,23,fog-32,1,fog,1300.0,0.0000,0.0000,0,150.000,,0,0.9756,,0.850,0,
979,11,23,fog-32,1,fog,1400.0,0.0000,0.0000,9,150.900,0.9873,0,0.9738,,0.850,0,
980,11,23,fog-32,1,fog,1500.0,0.0000,0.0000,8,150.800,0.8564,0,0.9719,,0.850,0,
981,11,23,fog-32,1,fog,1600.0,0.0000,0.0000,0,150.000,,0,0.9700,,0.850,0,
982,11,23,fog-32,1,fog,1700.0,0.0000,0.0000,5,150.500,0.0000,0,0.9681,,0.850,0,
983,11,23,fog-32,1,fog,1800.0,0.0000,0.0000,5,150.500,0.0000,0,0.9663,,0.850,0,
984,11,23,fog-32,1,fog,1900.0,0.0000,0.0000,0,150.000,,0,0.9644,,0.850,0,
985,11,23,fog-32,1,fog,2000.0,0.0000,0.0000,5,150.500,0.0000,0,0.9625,,0.850,0,
986,11,23,fog-32,1,fog,2100.0,0.0000,0.0000,0,150.000,,0,0.9606,,0.850,0,
987,11,23,fog-32,1,fog,2200.0,0.0000,0.0000,0,150.000,,0,0.9588,,0.850,0,
988,11,23,fog-32,1,fog,2300.0,0.0000,0.0000,0,150.000,,0,0.9569,,0.850,0,
989,11,23,fog-32,1,fog,2400.0,0.0000,0.0000,0,150.000,,0,0.9550,,0.850,0,
990,11,23,fog-32,1,fog,2500.0,0.0000,0.0000,4,150.400,0.0000,0,0.9531,,0.850,0,
991,11,23,fog-32,1,fog,2600.0,0.0000,0.0000,3,150.300,0.3333,0,0.9513,,0.850,0,
992,11,23,fog-32,1,fog,2700.0,0.0000,0.0000,0,150.000,,0,0.9494,,0.850,0,
993,11,23,fog-32,1,fog,2800.0,0.0000,0.0000,0,150.000,,0,0.9475,,0.850,0,
994,11,23,fog-32,1,fog,2900.0,0.0000,0.0000,0,150.000,,0,0.9456,,0.850,0,
995,11,23,fog-32,1,fog,3000.0,0.0000,0.0000,0,150.000,,0,0.9438,,0.850,0,
996,11,23,fog-32,1,fog,3100.0,0.0000,0.0000,0,150.000,,0,0.9419,,0.850,0,
997,11,23,fog-32,1,fog,3200.0,0.0000,0.0000,0,150.000,,0,0.9400,,0.850,0,
998,11,23,fog-32,1,fog,3300.0,0.0000,0.0000,0,150.000,,0,0.9381,,0.850,0,
999,11,23,fog-32,1,fog,3400.0,0.0000,0.0000,0,150.000,,0,0.9363,,0.850,0,
1000,11,23,fog-32,1,fog,3500.0,0.0000,0.0000,4,150.400,0.0000,0,0.9344,,0.850,0,
1001,11,23,fog-32,1,fog,3600.0,0.0000,0.0000,5,150.500,0.0000,0,0.9325,,0.850,0,
1002,11,23,fog-32,1,fog,3700.0,0.0000,0.0000,0,150.000,,0,0.9306,,0.850,0,
1003,11,23,fog-32,1,fog,3800.0,0.0000,0.0000,5,150.500,0.0000,0,0.9288,,0.850,0,
1004,11,23,fog-32,1,fog,3900.0,0.0000,0.0000,5,150.500,0.0000,0,0.9269,,0.850,0,
1005,11,23,fog-32,1,fog,4000.0,0.0000,0.0000,0,150.000,,0,0.9250,,0.850,0,
1006,11,23,fog-32,1,fog,4100.0,0.0000,0.0000,5,150.500,0.0000,0,0.9231,,0.850,0,
1007,11,23,fog-32,1,fog,4200.0,0.0000,0.0000,0,150.000,,0,0.9213,,0.850,0,
1008,11,23,fog-32,1,fog,4300.0,0.0000,0.0000,3,150.300,0.3333,0,0.9194,,0.850,0,
1009,11,23,fog-32,1,fog,4400.0,0.0000,0.0000,5,150.500,0.0000,0,0.9175,,0.850,0,
1010,11,23,fog-32,1,fog,4500.0,0.0000,0.0000,0,150.000,,0,0.9156,,0.850,0,
1011,11,23,fog-32,1,fog,4600.0,0.0000,0.0000,5,150.500,0.0000,0,0.9138,,0.850,0,
1012,11,23,fog-32,1,fog,4700.0,0.0000,0.0000,9,150.900,0.9872,0,0.9119,,0.850,0,
1013,11,23,fog-32,1,fog,4800.0,0.0000,0.0000,4,150.400,0.3536,0,0.9100,,0.850,0,
1014,11,23,fog-32,1,fog,4900.0,0.0000,0.0000,0,150.000,,0,0.9081,,0.850,0,
1015,11,23,fog-32,1,fog,5000.0,0.0000,0.0000,0,150.000,,0,0.9063,,0.850,0,
1016,11,24,fog-33,1,fog,0.0,0.0000,0.0000,0,150.000,,0,1.0000,,0.850,0,
1017,11,24,fog-33,1,fog,100.0,0.0000,0.0000,0,150.000,,0,0.9981,,0.850,0,
1018,11,24,fog-33,1,fog,200.0,0.0000,0.0000,0,150.000,,0,0.9963,,0.850,0,
1019,11,24,fog-33,1,fog,300.0,0.0000,0.0000,0,150.000,,0,0.9944,,0.850,0,
1020,11,24,fog-33,1,fog,400.0,0.0000,0.0000,0,150.000,,0,0.9925,,0.850,0,
1021,11,24,fog-33,1,fog,500.0,0.0000,0.0000,0,150.000,,0,0.9906,,0.850,0,
1022,11,24,fog-33,1,fog,600.0,0.0000,0.0000,0,150.000,,0,0.9888,,0.850,0,
1023,11,24,fog-33,1,fog,700.0,0.0000,0.0000,0,150.000,,0,0.9869,,0.850,0,
1024,11,24,fog-33,1,fog,800.0,0.0000,0.0000,0,150.000,,0,0.9850,,0.850,0,
1025,11,24,fog-33,1,fog,900.0,0.0000,0.0000,0,150.000,,0,0.9831,,0.850,0,
1026,11,24,fog-33,1,fog,1000.0,0.0000,0.0000,0,150.000,,0,0.9813,,0.850,0,
1027,11,24,fog-33,1,fog,1100.0,0.0000,0.0000,0,150.000,,0,0.9794,,0.850,0,
1028,11,24,fog-33,1,fog,1200.0,0.0000,0.0000,0,150.000,,0,0.9775,,0.850,0,
1029,11,24,fog-33,1,fog,1300.0,0.0000,0.0000,0,150.000,,0,0.9756,,0.850,0,
1030,11,24,fog-33,1,fog,1400.0,0.0000,0.0000,0,150.000,,0,0.9738,,0.850,0,
1031,11,24,fog-33,1,fog,1500.0,0.0000,0.0000,5,150.500,0.0000,0,0.9719,,0.850,0,
1032,11,24,fog-33,1,fog,1600.0,0.0000,0.0000,0,150.000,,0,0.9700,,0.850,0,
1033,11,24,fog-33,1,fog,1700.0,0.0000,0.0000,0,150.000,,0,0.9681,,0.850,0,
1034,11,24,fog-33,1,fog,1800.0,0.0000,0.0000,0,150.000,,0,0.9663,,0.850,0,
1035,11,24,fog-33,1,fog,1900.0,0.0000,0.0000,0,150.000,,0,0.9644,,0.850,0,
1036,11,24,fog-33,1,fog,2000.0,0.0000,0.0000,0,150.000,,0,0.9625,,0.850,0,
1037,11,24,fog-33,1,fog,2100.0,0.0000,0.0000,0,150.000,,0,0.9606,,0.850,0,
1038,11,24,fog-33,1,fog,2200.0,0.0000,0.0000,0,150.000,,0,0.9588,,0.850,0,
1039,11,24,fog-33,1,fog,2300.0,0.0000,0.0000,0,150.000,,0,0.9569,,0.850,0,
1040,11,24,fog-33,1,fog,2400.0,0.0000,0.0000,0,150.000,,0,0.9550,,0.850,0,
1041,11,24,fog-33,1,fog,2500.0,0.0000,0.0000,0,150.000,,0,0.9531,,0.850,0,
1042,11,24,fog-33,1,fog,2600.0,0.0000,0.0000,0,150.000,,0,0.9513,,0.850,0,
1043,11,24,fog-33,1,fog,2700.0,0.0000,0.0000,0,150.000,,0,0.9494,,0.850,0,
1044,11,24,fog-33,1,fog,2800.0,0.0000,0.0000,0,150.000,,0,0.9475,,0.850,0,
1045,11,24,fog-33,1,fog,2900.0,0.0000,0.0000,0,150.000,,0,0.9456,,0.850,0,
1046,11,24,fog-33,1,fog,3000.0,0.0000,0.0000,3,150.300,0.0000,0,0.9438,,0.850,0,
1047,11,24,fog-33,1,fog,3100.0,0.0000,0.0000,5,150.500,0.0000,0,0.9419,,0.850,0,
1048,11,24,fog-33,1,fog,3200.0,0.0000,0.0000,0,150.000,,0,0.9400,,0.850,0,
1049,11,24,fog-33,1,fog,3300.0,0.0000,0.0000,0,150.000,,0,0.9381,,0.850,0,
1050,11,24,fog-33,1,fog,3400.0,0.0000,0.0000,0,150.000,,0,0.9363,,0.850,0,
1051,11,24,fog-33,1,fog,3500.0,0.0000,0.0000,0,150.000,,0,0.9344,,0.850,0,
1052,11,24,fog-33,1,fog,3600.0,0.0000,0.0000,0,150.000,,0,0.9325,,0.850,0,
1053,11,24,fog-33,1,fog,3700.0,0.0000,0.0000,0,150.000,,0,0.9306,,0.850,0,
1054,11,24,fog-33,1,fog,3800.0,0.0000,0.0000,0,150.000,,0,0.9288,,0.850,0,
1055,11,24,fog-33,1,fog,3900.0,0.0000,0.0000,4,150.400,0.3536,0,0.9269,,0.850,0,
1056,11,24,fog-33,1,fog,4000.0,0.0000,0.0000,0,150.000,,0,0.9250,,0.850,0,
1057,11,24,fog-33,1,fog,4100.0,0.0000,0.0000,0,150.000,,0,0.9231,,0.850,0,
1058,11,24,fog-33,1,fog,4200.0,0.0000,0.0000,0,150.000,,0,0.9213,,0.850,0,
1059,11,24,fog-33,1,fog,4300.0,0.0000,0.0000,0,150.000,,0,0.9194,,0.850,0,
1060,11,24,fog-33,1,fog,4400.0,0.0000,0.0000,0,150.000,,0,0.9175,,0.850,0,
1061,11,24,fog-33,1,fog,4500.0,0.0000,0.0000,0,150.000,,0,0.9156,,0.850,0,
1062,11,24,fog-33,1,fog,4600.0,0.0000,0.0000,4,150.400,0.3536,0,0.9138,,0.850,0,
1063,11,24,fog-33,1,fog,4700.0,0.0000,0.0000,0,150.000,,0,0.9119,,0.850,0,
1064,11,24,fog-33,1,fog,4800.0,0.0000,0.0000,0,150.000,,0,0.9100,,0.850,0,
1065,11,24,fog-33,1,fog,4900.0,0.0000,0.0000,0,150.000,,0,0.9081,,0.850,0,
1066,11,24,fog-33,1,fog,5000.0,0.0000,0.0000,0,150.000,,0,0.9063,,0.850,0,
1067,11,25,fog-34,1,fog,0.0,0.0000,0.0000,0,150.000,,0,1.0000,,0.850,0,
1068,11,25,fog-34,1,fog,100.0,0.0000,0.0000,0,150.000,,0,0.9981,,0.850,0,
1069,11,25,fog-34,1,fog,200.0,0.0000,0.0000,0,150.000,,0,0.9963,,0.850,0,
1070,11,25,fog-34,1,fog,300.0,0.0000,0.0000,0,150.000,,0,0.9944,,0.850,0,
1071,11,25,fog-34,1,fog,400.0,0.0000,0.0000,0,150.000,,0,0.9925,,0.850,0,
1072,11,25,fog-34,1,fog,500.0,0.0000,0.0000,0,150.000,,0,0.9906,,0.850,0,
1073,11,25,fog-34,1,fog,600.0,0.0000,0.0000,0,150.000,,0,0.9888,,0.850,0,
1074,11,25,fog-34,1,fog,700.0,0.0000,0.0000,0,150.000,,0,0.9869,,0.850,0,
1075,11,25,fog-34,1,fog,800.0,0.0000,0.0000,0,150.000,,0,0.9850,,0.850,0,
1076,11,25,fog-34,1,fog,900.0,0.0000,0.0000,0,150.000,,0,0.9831,,0.850,0,
1077,11,25,fog-34,1,fog,1000.0,0.0000,0.0000,0,150.000,,0,0.9813,,0.850,0,
1078,11,25,fog-34,1,fog,1100.0,0.0000,0.0000,0,150.000,,0,0.9794,,0.850,0,
1079,11,25,fog-34,1,fog,1200.0,0.0000,0.0000,0,150.000,,0,0.9775,,0.850,0,
1080,11,25,fog-34,1,fog,1300.0,0.0000,0.0000,0,150.000,,0,0.9756,,0.850,0,
1081,11,25,fog-34,1,fog,1400.0,0.0000,0.0000,0,150.000,,0,0.9738,,0.850,0,
1082,11,25,fog-34,1,fog,1500.0,0.0000,0.0000,0,150.000,,0,0.9719,,0.850,0,
1083,11,25,fog-34,1,fog,1600.0,0.0000,0.0000,0,150.000,,0,0.9700,,0.850,0,
1084,11,25,fog-34,1,fog,1700.0,0.0000,0.0000,0,150.000,,0,0.9681,,0.850,0,
1085,11,25,fog-34,1,fog,1800.0,0.0000,0.0000,0,150.000,,0,0.9663,,0.850,0,
1086,11,25,fog-34,1,fog,1900.0,0.0000,0.0000,0,150.000,,0,0.9644,,0.850,0,
1087,11,25,fog-34,1,fog,2000.0,0.0000,0.0000,0,150.000,,0,0.9625,,0.850,0,
1088,11,25,fog-34,1,fog,2100.0,0.0000,0.0000,0,150.000,,0,0.9606,,0.850,0,
1089,11,25,fog-34,1,fog,2200.0,0.0000,0.0000,0,150.000,,0,0.9588,,0.850,0,
1090,11,25,fog-34,1,fog,2300.0,0.0000,0.0000,0,150.000,,0,0.9569,,0.850,0,
1091,11,25,fog-34,1,fog,2400.0,0.0000,0.0000,0,150.000,,0,0.9550,,0.850,0,
1092,11,25,fog-34,1,fog,2500.0,0.0000,0.0000,0,150.000,,0,0.9531,,0.850,0,
1093,11,25,fog-34,1,fog,2600.0,0.0000,0.0000,0,150.000,,0,0.9513,,0.850,0,
1094,11,25,fog-34,1,fog,2700.0,0.0000,0.0000,0,150.000,,0,0.9494,,0.850,0,
1095,11,25,fog-34,1,fog,2800.0,0.0000,0.0000,0,150.000,,0,0.9475,,0.850,0,
1096,11,25,fog-34,1,fog,2900.0,0.0000,0.0000,0,150.000,,0,0.9456,,0.850,0,
1097,11,25,fog-34,1,fog,3000.0,0.0000,0.0000,0,150.000,,0,0.9438,,0.850,0,
1098,11,25,fog-34,1,fog,3100.0,0.0000,0.0000,0,150.000,,0,0.9419,,0.850,0,
1099,11,25,fog-34,1,fog,3200.0,0.0000,0.0000,0,150.000,,0,0.9400,,0.850,0,
1100,11,25,fog-34,1,fog,3300.0,0.0000,0.0000,0,150.000,,0,0.9381,,0.850,0,
1101,11,25,fog-34,1,fog,3400.0,0.0000,0.0000,0,150.000,,0,0.9363,,0.850,0,
1102,11,25,fog-34,1,fog,3500.0,0.0000,0.0000,0,150.000,,0,0.9344,,0.850,0,
1103,11,25,fog-34,1,fog,3600.0,0.0000,0.0000,0,150.000,,0,0.9325,,0.850,0,
1104,11,25,fog-34,1,fog,3700.0,0.0000,0.0000,0,150.000,,0,0.9306,,0.850,0,
1105,11,25,fog-34,1,fog,3800.0,0.0000,0.0000,0,150.000,,0,0.9288,,0.850,0,
1106,11,25,fog-34,1,fog,3900.0,0.0000,0.0000,0,150.000,,0,0.9269,,0.850,0,
1107,11,25,fog-34,1,fog,4000.0,0.0000,0.0000,0,150.000,,0,0.9250,,0.850,0,
1108,11,25,fog-34,1,fog,4100.0,0.0000,0.0000,0,150.000,,0,0.9231,,0.850,0,
1109,11,25,fog-34,1,fog,4200.0,0.0000,0.0000,0,150.000,,0,0.9213,,0.850,0,
1110,11,25,fog-34,1,fog,4300.0,0.0000,0.0000,0,150.000,,0,0.9194,,0.850,0,
1111,11,25,fog-34,1,fog,4400.0,0.0000,0.0000,0,150.000,,0,0.9175,,0.850,0,
1112,11,25,fog-34,1,fog,4500.0,0.0000,0.0000,0,150.000,,0,0.9156,,0.850,0,
1113,11,25,fog-34,1,fog,4600.0,0.0000,0.0000,0,150.000,,0,0.9138,,0.850,0,
1114,11,25,fog-34,1,fog,4700.0,0.0000,0.0000,0,150.000,,0,0.9119,,0.850,0,
1115,11,25,fog-34,1,fog,4800.0,0.0000,0.0000,0,150.000,,0,0.9100,,0.850,0,
1116,11,25,fog-34,1,fog,4900.0,0.0000,0.0000,0,150.000,,0,0.9081,,0.850,0,
1117,11,25,fog-34,1,fog,5000.0,0.0000,0.0000,0,150.000,,0,0.9063,,0.850,0,
1118,11,26,fog-35,1,fog,0.0,0.0000,0.0000,0,150.000,,0,1.0000,,0.850,0,
1119,11,26,fog-35,1,fog,100.0,0.0000,0.0000,0,150.000,,0,0.9981,,0.850,0,
1120,11,26,fog-35,1,fog,200.0,0.0000,0.0000,5,150.500,0.0000,0,0.9963,,0.850,0,
1121,11,26,fog-35,1,fog,300.0,0.0000,0.0000,4,150.400,0.0000,0,0.9944,,0.850,0,
1122,11,26,fog-35,1,fog,400.0,0.0000,0.0000,4,150.400,0.3536,0,0.9925,,0.850,0,
1123,11,26,fog-35,1,fog,500.0,0.0000,0.0000,0,150.000,,0,0.9906,,0.850,0,
1124,11,26,fog-35,1,fog,600.0,0.0000,0.0000,0,150.000,,0,0.9888,,0.850,0,
1125,11,26,fog-35,1,fog,700.0,0.0000,0.0000,0,150.000,,0,0.9869,,0.850,0,
1126,11,26,fog-35,1,fog,800.0,0.0000,0.0000,0,150.000,,0,0.9850,,0.850,0,
1127,11,26,fog-35,1,fog,900.0,0.0000,0.0000,0,150.000,,0,0.9831,,0.850,0,
1128,11,26,fog-35,1,fog,1000.0,0.0000,0.0000,5,150.500,0.0000,0,0.9813,,0.850,0,
1129,11,26,fog-35,1,fog,1100.0,0.0000,0.0000,5,150.500,0.0000,0,0.9794,,0.850,0,
1130,11,26,fog-35,1,fog,1200.0,0.0000,0.0000,3,150.300,0.3333,0,0.9775,,0.850,0,
1131,11,26,fog-35,1,fog,1300.0,0.0000,0.0000,0,150.000,,0,0.9756,,0.850,0,
1132,11,26,fog-35,1,fog,1400.0,0.0000,0.0000,0,150.000,,0,0.9738,,0.850,0,
1133,11,26,fog-35,1,fog,1500.0,0.0000,0.0000,0,150.000,,0,0.9719,,0.850,0,
1134,11,26,fog-35,1,fog,1600.0,0.0000,0.0000,0,150.000,,0,0.9700,,0.850,0,
1135,11,26,fog-35,1,fog,1700.0,0.0000,0.0000,0,150.000,,0,0.9681,,0.850,0,
1136,11,26,fog-35,1,fog,1800.0,0.0000,0.0000,0,150.000,,0,0.9663,,0.850,0,
1137,11,26,fog-35,1,fog,1900.0,0.0000,0.0000,0,150.000,,0,0.9644,,0.850,0,
1138,11,26,fog-35,1,fog,2000.0,0.0000,0.0000,0,150.000,,0,0.9625,,0.850,0,
1139,11,26,fog-35,1,fog,2100.0,0.0000,0.0000,3,150.300,0.0000,0,0.9606,,0.850,0,
1140,11,26,fog-35,1,fog,2200.0,0.0000,0.0000,0,150.000,,0,0.9588,,0.850,0,
1141,11,26,fog-35,1,fog,2300.0,0.0000,0.0000,5,150.500,0.0000,0,0.9569,,0.850,0,
1142,11,26,fog-35,1,fog,2400.0,0.0000,0.0000,4,150.400,0.3536,0,0.9550,,0.850,0,
1143,11,26,fog-35,1,fog,2500.0,0.0000,0.0000,5,150.500,0.0000,0,0.9531,,0.850,0,
1144,11,26,fog-35,1,fog,2600.0,0.0000,0.0000,0,150.000,,0,0.9513,,0.850,0,
1145,11,26,fog-35,1,fog,2700.0,0.0000,0.0000,0,150.000,,0,0.9494,,0.850,0,
1146,11,26,fog-35,1,fog,2800.0,0.0000,0.0000,4,150.400,0.0000,0,0.9475,,0.850,0,
1147,11,26,fog-35,1,fog,2900.0,0.0000,0.0000,3,150.300,0.0000,0,0.9456,,0.850,0,
1148,11,26,fog-35,1,fog,3000.0,0.0000,0.0000,5,150.500,0.0000,0,0.9438,,0.850,0,
1149,11,26,fog-35,1,fog,3100.0,0.0000,0.0000,0,150.000,,0,0.9419,,0.850,0,
1150,11,26,fog-35,1,fog,3200.0,0.0000,0.0000,0,150.000,,0,0.9400,,0.850,0,
1151,11,26,fog-35,1,fog,3300.0,0.0000,0.0000,0,150.000,,0,0.9381,,0.850,0,
1152,11,26,fog-35,1,fog,3400.0,0.0000,0.0000,0,150.000,,0,0.9363,,0.850,0,
1153,11,26,fog-35,1,fog,3500.0,0.0000,0.0000,0,150.000,,0,0.9344,,0.850,0,
1154,11,26,fog-35,1,fog,3600.0,0.0000,0.0000,5,150.500,0.0000,0,0.9325,,0.850,0,
1155,11,26,fog-35,1,fog,3700.0,0.0000,0.0000,5,150.500,0.0000,0,0.9306,,0.850,0,
1156,11,26,fog-35,1,fog,3800.0,0.0000,0.0000,5,150.500,0.0000,0,0.9288,,0.850,0,
1157,11,26,fog-35,1,fog,3900.0,0.0000,0.0000,8,150.800,0.8660,0,0.9269,,0.850,0,
1158,11,26,fog-35,1,fog,4000.0,0.0000,0.0000,8,150.800,0.8660,0,0.9250,,0.850,0,
1159,11,26,fog-35,1,fog,4100.0,0.0000,0.0000,4,150.400,0.0000,0,0.9231,,0.850,0,
1160,11,26,fog-35,1,fog,4200.0,0.0000,0.0000,0,150.000,,0,0.9213,,0.850,0,
1161,11,26,fog-35,1,fog,4300.0,0.0000,0.0000,0,150.000,,0,0.9194,,0.850,0,
1162,11,26,fog-35,1,fog,4400.0,0.0000,0.0000,3,150.300,0.3333,0,0.9175,,0.850,0,
1163,11,26,fog-35,1,fog,4500.0,0.0000,0.0000,9,150.900,0.9990,0,0.9156,,0.850,0,
1164,11,26,fog-35,1,fog,4600.0,0.0000,0.0000,5,150.500,0.0000,0,0.9138,,0.850,0,
1165,11,26,fog-35,1,fog,4700.0,0.0000,0.0000,3,150.300,0.3333,0,0.9119,,0.850,0,
1166,11,26,fog-35,1,fog,4800.0,0.0000,0.0000,5,150.500,0.0000,0,0.9100,,0.850,0,
1167,11,26,fog-35,1,fog,4900.0,0.0000,0.0000,5,150.500,0.0000,0,0.9081,,0.850,0,
1168,11,26,fog-35,1,fog,5000.0,0.0000,0.0000,0,150.000,,0,0.9063,,0.850,0,
1169,11,27,fog-36,1,fog,0.0,0.0000,0.0000,0,150.000,,0,1.0000,,0.850,0,
1170,11,27,fog-36,1,fog,100.0,0.0000,0.0000,0,150.000,,0,0.9981,,0.850,0,
1171,11,27,fog-36,1,fog,200.0,0.0000,0.0000,0,150.000,,0,0.9963,,0.850,0,
1172,11,27,fog-36,1,fog,300.0,0.0000,0.0000,0,150.000,,0,0.9944,,0.850,0,
1173,11,27,fog-36,1,fog,400.0,0.0000,0.0000,0,150.000,,0,0.9925,,0.850,0,
1174,11,27,fog-36,1,fog,500.0,0.0000,0.0000,0,150.000,,0,0.9906,,0.850,0,
1175,11,27,fog-36,1,fog,600.0,0.0000,0.0000,0,150.000,,0,0.9888,,0.850,0,
1176,11,27,fog-36,1,fog,700.0,0.0000,0.0000,0,150.000,,0,0.9869,,0.850,0,
1177,11,27,fog-36,1,fog,800.0,0.0000,0.0000,0,150.000,,0,0.9850,,0.850,0,
1178,11,27,fog-36,1,fog,900.0,0.0000,0.0000,0,150.000,,0,0.9831,,0.850,0,
1179,11,27,fog-36,1,fog,1000.0,0.0000,0.0000,0,150.000,,0,0.9813,,0.850,0,
1180,11,27,fog-36,1,fog,1100.0,0.0000,0.0000,0,150.000,,0,0.9794,,0.850,0,
1181,11,27,fog-36,1,fog,1200.0,0.0000,0.0000,0,150.000,,0,0.9775,,0.850,0,
1182,11,27,fog-36,1,fog,1300.0,0.0000,0.0000,0,150.000,,0,0.9756,,0.850,0,
1183,11,27,fog-36,1,fog,1400.0,0.0000,0.0000,0,150.000,,0,0.9738,,0.850,0,
1184,11,27,fog-36,1,fog,1500.0,0.0000,0.0000,0,150.000,,0,0.9719,,0.850,0,
1185,11,27,fog-36,1,fog,1600.0,0.0000,0.0000,0,150.000,,0,0.9700,,0.850,0,
1186,11,27,fog-36,1,fog,1700.0,0.0000,0.0000,0,150.000,,0,0.9681,,0.850,0,
1187,11,27,fog-36,1,fog,1800.0,0.0000,0.0000,0,150.000,,0,0.9663,,0.850,0,
1188,11,27,fog-36,1,fog,1900.0,0.0000,0.0000,0,150.000,,0,0.9644,,0.850,0,
1189,11,27,fog-36,1,fog,2000.0,0.0000,0.0000,0,150.000,,0,0.9625,,0.850,0,
1190,11,27,fog-36,1,fog,2100.0,0.0000,0.0000,0,150.000,,0,0.9606,,0.850,0,
1191,11,27,fog-36,1,fog,2200.0,0.0000,0.0000,0,150.000,,0,0.9588,,0.850,0,
1192,11,27,fog-36,1,fog,2300.0,0.0000,0.0000,0,150.000,,0,0.9569,,0.850,0,
1193,11,27,fog-36,1,fog,2400.0,0.0000,0.0000,0,150.000,,0,0.9550,,0.850,0,
1194,11,27,fog-36,1,fog,2500.0,0.0000,0.0000,0,150.000,,0,0.9531,,0.850,0,
1195,11,27,fog-36,1,fog,2600.0,0.0000,0.0000,0,150.000,,0,0.9513,,0.850,0,
1196,11,27,fog-36,1,fog,2700.0,0.0000,0.0000,0,150.000,,0,0.9494,,0.850,0,
1197,11,27,fog-36,1,fog,2800.0,0.0000,0.0000,0,150.000,,0,0.9475,,0.850,0,
1198,11,27,fog-36,1,fog,2900.0,0.0000,0.0000,0,150.000,,0,0.9456,,0.850,0,
1199,11,27,fog-36,1,fog,3000.0,0.0000,0.0000,0,150.000,,0,0.9438,,0.850,0,
1200,11,27,fog-36,1,fog,3100.0,0.0000,0.0000,0,150.000,,0,0.9419,,0.850,0,
1201,11,27,fog-36,1,fog,3200.0,0.0000,0.0000,0,150.000,,0,0.9400,,0.850,0,
1202,11,27,fog-36,1,fog,3300.0,0.0000,0.0000,0,150.000,,0,0.9381,,0.850,0,
1203,11,27,fog-36,1,fog,3400.0,0.0000,0.0000,0,150.000,,0,0.9363,,0.850,0,
1204,11,27,fog-36,1,fog,3500.0,0.0000,0.0000,0,150.000,,0,0.9344,,0.850,0,
1205,11,27,fog-36,1,fog,3600.0,0.0000,0.0000,0,150.000,,0,0.9325,,0.850,0,
1206,11,27,fog-36,1,fog,3700.0,0.0000,0.0000,0,150.000,,0,0.9306,,0.850,0,
1207,11,27,fog-36,1,fog,3800.0,0.0000,0.0000,0,150.000,,0,0.9288,,0.850,0,
1208,11,27,fog-36,1,fog,3900.0,0.0000,0.0000,0,150.000,,0,0.9269,,0.850,0,
1209,11,27,fog-36,1,fog,4000.0,0.0000,0.0000,0,150.000,,0,0.9250,,0.850,0,
1210,11,27,fog-36,1,fog,4100.0,0.0000,0.0000,0,150.000,,0,0.9231,,0.850,0,
1211,11,27,fog-36,1,fog,4200.0,0.0000,0.0000,0,150.000,,0,0.9213,,0.850,0,
1212,11,27,fog-36,1,fog,4300.0,0.0000,0.0000,0,150.000,,0,0.9194,,0.850,0,
1213,11,27,fog-36,1,fog,4400.0,0.0000,0.0000,0,150.000,,0,0.9175,,0.850,0,
1214,11,27,fog-36,1,fog,4500.0,0.0000,0.0000,0,150.000,,0,0.9156,,0.850,0,
1215,11,27,fog-36,1,fog,4600.0,0.0000,0.0000,0,150.000,,0,0.9138,,0.850,0,
1216,11,27,fog-36,1,fog,4700.0,0.0000,0.0000,0,150.000,,0,0.9119,,0.850,0,
1217,11,27,fog-36,1,fog,4800.0,0.0000,0.0000,0,150.000,,0,0.9100,,0.850,0,
1218,11,27,fog-36,1,fog,4900.0,0.0000,0.0000,0,150.000,,0,0.9081,,0.850,0,
1219,11,27,fog-36,1,fog,5000.0,0.0000,0.0000,0,150.000,,0,0.9063,,0.850,0,
1220,11,28,fog-37,1,fog,0.0,0.0000,0.0000,0,150.000,,0,1.0000,,0.850,0,
1221,11,28,fog-37,1,fog,100.0,0.0000,0.0000,0,150.000,,0,0.9981,,0.850,0,
1222,11,28,fog-37,1,fog,200.0,0.0000,0.0000,0,150.000,,0,0.9963,,0.850,0,
1223,11,28,fog-37,1,fog,300.0,0.0000,0.0000,0,150.000,,0,0.9944,,0.850,0,
1224,11,28,fog-37,1,fog,400.0,0.0000,0.0000,0,150.000,,0,0.9925,,0.850,0,
1225,11,28,fog-37,1,fog,500.0,0.0000,0.0000,0,150.000,,0,0.9906,,0.850,0,
1226,11,28,fog-37,1,fog,600.0,0.0000,0.0000,0,150.000,,0,0.9888,,0.850,0,
1227,11,28,fog-37,1,fog,700.0,0.0000,0.0000,0,150.000,,0,0.9869,,0.850,0,
1228,11,28,fog-37,1,fog,800.0,0.0000,0.0000,0,150.000,,0,0.9850,,0.850,0,
1229,11,28,fog-37,1,fog,900.0,0.0000,0.0000,0,150.000,,0,0.9831,,0.850,0,
1230,11,28,fog-37,1,fog,1000.0,0.0000,0.0000,0,150.000,,0,0.9813,,0.850,0,
1231,11,28,fog-37,1,fog,1100.0,0.0000,0.0000,0,150.000,,0,0.9794,,0.850,0,
1232,11,28,fog-37,1,fog,1200.0,0.0000,0.0000,0,150.000,,0,0.9775,,0.850,0,
1233,11,28,fog-37,1,fog,1300.0,0.0000,0.0000,0,150.000,,0,0.9756,,0.850,0,
1234,11,28,fog-37,1,fog,1400.0,0.0000,0.0000,0,150.000,,0,0.9738,,0.850,0,
1235,11,28,fog-37,1,fog,1500.0,0.0000,0.0000,0,150.000,,0,0.9719,,0.850,0,
1236,11,28,fog-37,1,fog,1600.0,0.0000,0.0000,0,150.000,,0,0.9700,,0.850,0,
1237,11,28,fog-37,1,fog,1700.0,0.0000,0.0000,0,150.000,,0,0.9681,,0.850,0,
1238,11,28,fog-37,1,fog,1800.0,0.0000,0.0000,0,150.000,,0,0.9663,,0.850,0,
1239,11,28,fog-37,1,fog,1900.0,0.0000,0.0000,0,150.000,,0,0.9644,,0.850,0,
1240,11,28,fog-37,1,fog,2000.0,0.0000,0.0000,0,150.000,,0,0.9625,,0.850,0,
1241,11,28,fog-37,1,fog,2100.0,0.0000,0.0000,0,150.000,,0,0.9606,,0.850,0,
1242,11,28,fog-37,1,fog,2200.0,0.0000,0.0000,0,150.000,,0,0.9588,,0.850,0,
1243,11,28,fog-37,1,fog,2300.0,0.0000,0.0000,0,150.000,,0,0.9569,,0.850,0,
1244,11,28,fog-37,1,fog,2400.0,0.0000,0.0000,0,150.000,,0,0.9550,,0.850,0,
1245,11,28,fog-37,1,fog,2500.0,0.0000,0.0000,0,150.000,,0,0.9531,,0.850,0,
1246,11,28,fog-37,1,fog,2600.0,0.0000,0.0000,0,150.000,,0,0.9513,,0.850,0,
1247,11,28,fog-37,1,fog,2700.0,0.0000,0.0000,0,150.000,,0,0.9494,,0.850,0,
1248,11,28,fog-37,1,fog,2800.0,0.0000,0.0000,0,150.000,,0,0.9475,,0.850,0,
1249,11,28,fog-37,1,fog,2900.0,0.0000,0.0000,0,150.000,,0,0.9456,,0.850,0,
1250,11,28,fog-37,1,fog,3000.0,0.0000,0.0000,0,150.000,,0,0.9438,,0.850,0,
1251,11,28,fog-37,1,fog,3100.0,0.0000,0.0000,0,150.000,,0,0.9419,,0.850,0,
1252,11,28,fog-37,1,fog,3200.0,0.0000,0.0000,0,150.000,,0,0.9400,,0.850,0,
1253,11,28,fog-37,1,fog,3300.0,0.0000,0.0000,0,150.000,,0,0.9381,,0.850,0,
1254,11,28,fog-37,1,fog,3400.0,0.0000,0.0000,0,150.000,,0,0.9363,,0.850,0,
1255,11,28,fog-37,1,fog,3500.0,0.0000,0.0000,0,150.000,,0,0.9344,,0.850,0,
1256,11,28,fog-37,1,fog,3600.0,0.0000,0.0000,0,150.000,,0,0.9325,,0.850,0,
1257,11,28,fog-37,1,fog,3700.0,0.0000,0.0000,0,150.000,,0,0.9306,,0.850,0,
1258,11,28,fog-37,1,fog,3800.0,0.0000,0.0000,0,150.000,,0,0.9288,,0.850,0,
1259,11,28,fog-37,1,fog,3900.0,0.0000,0.0000,0,150.000,,0,0.9269,,0.850,0,
1260,11,28,fog-37,1,fog,4000.0,0.0000,0.0000,0,150.000,,0,0.9250,,0.850,0,
1261,11,28,fog-37,1,fog,4100.0,0.0000,0.0000,0,150.000,,0,0.9231,,0.850,0,
1262,11,28,fog-37,1,fog,4200.0,0.0000,0.0000,0,150.000,,0,0.9213,,0.850,0,
1263,11,28,fog-37,1,fog,4300.0,0.0000,0.0000,0,150.000,,0,0.9194,,0.850,0,
1264,11,28,fog-37,1,fog,4400.0,0.0000,0.0000,0,150.000,,0,0.9175,,0.850,0,
1265,11,28,fog-37,1,fog,4500.0,0.0000,0.0000,0,150.000,,0,0.9156,,0.850,0,
1266,11,28,fog-37,1,fog,4600.0,0.0000,0.0000,0,150.000,,0,0.9138,,0.850,0,
1267,11,28,fog-37,1,fog,4700.0,0.0000,0.0000,0,150.000,,0,0.9119,,0.850,0,
1268,11,28,fog-37,1,fog,4800.0,0.0000,0.0000,0,150.000,,0,0.9100,,0.850,0,
1269,11,28,fog-37,1,fog,4900.0,0.0000,0.0000,0,150.000,,0,0.9081,,0.850,0,
1270,11,28,fog-37,1,fog,5000.0,0.0000,0.0000,0,150.000,,0,0.9063,,0.850,0,
1271,11,29,fog-38,1,fog,0.0,0.0000,0.0000,0,150.000,,0,1.0000,,0.850,0,
1272,11,29,fog-38,1,fog,100.0,0.0000,0.0000,6,150.600,1.0000,0,0.9981,,0.850,0,
1273,11,29,fog-38,1,fog,200.0,0.0000,0.0000,5,150.500,0.0000,0,0.9963,,0.850,0,
1274,11,29,fog-38,1,fog,300.0,0.0000,0.0000,9,150.900,0.9883,0,0.9944,,0.850,0,
1275,11,29,fog-38,1,fog,400.0,0.0000,0.0000,26,151.800,1.0000,0,0.9925,,0.850,0,
1276,11,29,fog-38,1,fog,500.0,0.0000,0.0000,30,152.000,1.0000,0,0.9906,,0.850,0,
1277,11,29,fog-38,1,fog,600.0,0.0000,0.0000,16,151.300,1.0000,0,0.9888,,0.850,0,
1278,11,29,fog-38,1,fog,700.0,0.0000,0.0000,28,151.900,1.0000,0,0.9869,,0.850,0,
1279,11,29,fog-38,1,fog,800.0,0.0000,0.0000,26,151.800,1.0000,0,0.9850,,0.850,0,
1280,11,29,fog-38,1,fog,900.0,0.0000,0.0000,36,152.300,1.0000,0,0.9831,,0.850,0,
1281,11,29,fog-38,1,fog,1000.0,0.0000,0.0000,36,152.300,1.0000,0,0.9813,,0.850,0,
1282,11,29,fog-38,1,fog,1100.0,0.0000,0.0000,10,151.000,1.0000,0,0.9794,,0.850,0,
1283,11,29,fog-38,1,fog,1200.0,0.0000,0.0000,10,151.000,1.0000,0,0.9775,,0.850,0,
1284,11,29,fog-38,1,fog,1300.0,0.0000,0.0000,10,151.000,1.0000,0,0.9756,,0.850,0,
1285,11,29,fog-38,1,fog,1400.0,0.0000,0.0000,14,151.200,1.0000,0,0.9738,,0.850,0,
1286,11,29,fog-38,1,fog,1500.0,0.0000,0.0000,24,151.700,1.0000,0,0.9719,,0.850,0,
1287,11,29,fog-38,1,fog,1600.0,0.0000,0.0000,10,151.000,1.0000,0,0.9700,,0.850,0,
1288,11,29,fog-38,1,fog,1700.0,0.0000,0.0000,16,151.300,1.0000,0,0.9681,,0.850,0,
1289,11,29,fog-38,1,fog,1800.0,0.0000,0.0000,20,151.500,1.0000,0,0.9663,,0.850,0,
1290,11,29,fog-38,1,fog,1900.0,0.0000,0.0000,14,151.200,1.0000,0,0.9644,,0.850,0,
1291,11,29,fog-38,1,fog,2000.0,0.0000,0.0000,18,151.400,1.0000,0,0.9625,,0.850,0,
1292,11,29,fog-38,1,fog,2100.0,0.0000,0.0000,18,151.400,1.0000,0,0.9606,,0.850,0,
1293,11,29,fog-38,1,fog,2200.0,0.0000,0.0000,10,151.000,1.0000,0,0.9588,,0.850,0,
1294,11,29,fog-38,1,fog,2300.0,0.0000,0.0000,9,150.900,0.9997,0,0.9569,,0.850,0,
1295,11,29,fog-38,1,fog,2400.0,0.0000,0.0000,30,152.000,1.0000,0,0.9550,,0.850,0,
1296,11,29,fog-38,1,fog,2500.0,0.0000,0.0000,22,151.600,1.0000,0,0.9531,,0.850,0,
1297,11,29,fog-38,1,fog,2600.0,0.0000,0.0000,5,150.500,0.0000,0,0.9513,,0.850,0,
1298,11,29,fog-38,1,fog,2700.0,0.0000,0.0000,10,151.000,1.0000,0,0.9494,,0.850,0,
1299,11,29,fog-38,1,fog,2800.0,0.0000,0.0000,10,151.000,1.0000,0,0.9475,,0.850,0,
1300,11,29,fog-38,1,fog,2900.0,0.0000,0.0000,9,150.900,0.9867,0,0.9456,,0.850,0,
1301,11,29,fog-38,1,fog,3000.0,0.0000,0.0000,9,150.900,0.9867,0,0.9438,,0.850,0,
1302,11,29,fog-38,1,fog,3100.0,0.0000,0.0000,18,151.400,1.0000,0,0.9419,,0.850,0,
1303,11,29,fog-38,1,fog,3200.0,0.0000,0.0000,0,150.000,,0,0.9400,,0.850,0,
1304,11,29,fog-38,1,fog,3300.0,0.0000,0.0000,0,150.000,,0,0.9381,,0.850,0,
1305,11,29,fog-38,1,fog,3400.0,0.0000,0.0000,0,150.000,,0,0.9363,,0.850,0,
1306,11,29,fog-38,1,fog,3500.0,0.0000,0.0000,0,150.000,,0,0.9344,,0.850,0,
1307,11,29,fog-38,1,fog,3600.0,0.0000,0.0000,5,150.500,0.0000,0,0.9325,,0.850,0,
1308,11,29,fog-38,1,fog,3700.0,0.0000,0.0000,0,150.000,,0,0.9306,,0.850,0,
1309,11,29,fog-38,1,fog,3800.0,0.0000,0.0000,9,150.900,0.9895,0,0.9288,,0.850,0,
1310,11,29,fog-38,1,fog,3900.0,0.0000,0.0000,4,150.400,0.3536,0,0.9269,,0.850,0,
1311,11,29,fog-38,1,fog,4000.0,0.0000,0.0000,5,150.500,0.0000,0,0.9250,,0.850,0,
1312,11,29,fog-38,1,fog,4100.0,0.0000,0.0000,24,151.700,1.0000,0,0.9231,,0.850,0,
1313,11,29,fog-38,1,fog,4200.0,0.0000,0.0000,32,152.100,1.0000,0,0.9213,,0.850,0,
1314,11,29,fog-38,1,fog,4300.0,0.0000,0.0000,20,151.500,1.0000,0,0.9194,,0.850,0,
1315,11,29,fog-38,1,fog,4400.0,0.0000,0.0000,14,151.200,1.0000,0,0.9175,,0.850,0,
1316,11,29,fog-38,1,fog,4500.0,0.0000,0.0000,30,152.000,1.0000,0,0.9156,,0.850,0,
1317,11,29,fog-38,1,fog,4600.0,0.0000,0.0000,32,152.100,1.0000,0,0.9138,,0.850,0,
1318,11,29,fog-38,1,fog,4700.0,0.0000,0.0000,24,151.700,1.0000,0,0.9119,,0.850,0,
1319,11,29,fog-38,1,fog,4800.0,0.0000,0.0000,18,151.400,1.0000,0,0.9100,,0.850,0,
1320,11,29,fog-38,1,fog,4900.0,0.0000,0.0000,26,151.800,1.0000,0,0.9081,,0.850,0,
1321,11,29,fog-38,1,fog,5000.0,0.0000,0.0000,10,151.000,1.0000,0,0.9063,,0.850,0,
1322,11,30,fog-39,1,fog,0.0,0.0000,0.0000,0,150.000,,0,1.0000,,0.850,0,
1323,11,30,fog-39,1,fog,100.0,0.0000,0.0000,0,150.000,,0,0.9981,,0.850,0,
1324,11,30,fog-39,1,fog,200.0,0.0000,0.0000,0,150.000,,0,0.9963,,0.850,0,
1325,11,30,fog-39,1,fog,300.0,0.0000,0.0000,0,150.000,,0,0.9944,,0.850,0,
1326,11,30,fog-39,1,fog,400.0,0.0000,0.0000,0,150.000,,0,0.9925,,0.850,0,
1327,11,30,fog-39,1,fog,500.0,0.0000,0.0000,0,150.000,,0,0.9906,,0.850,0,
1328,11,30,fog-39,1,fog,600.0,0.0000,0.0000,0,150.000,,0,0.9888,,0.850,0,
1329,11,30,fog-39,1,fog,700.0,0.0000,0.0000,0,150.000,,0,0.9869,,0.850,0,
1330,11,30,fog-39,1,fog,800.0,0.0000,0.0000,0,150.000,,0,0.9850,,0.850,0,
1331,11,30,fog-39,1,fog,900.0,0.0000,0.0000,0,150.000,,0,0.9831,,0.850,0,
1332,11,30,fog-39,1,fog,1000.0,0.0000,0.0000,0,150.000,,0,0.9813,,0.850,0,
1333,11,30,fog-39,1,fog,1100.0,0.0000,0.0000,0,150.000,,0,0.9794,,0.850,0,
1334,11,30,fog-39,1,fog,1200.0,0.0000,0.0000,0,150.000,,0,0.9775,,0.850,0,
1335,11,30,fog-39,1,fog,1300.0,0.0000,0.0000,0,150.000,,0,0.9756,,0.850,0,
1336,11,30,fog-39,1,fog,1400.0,0.0000,0.0000,0,150.000,,0,0.9738,,0.850,0,
1337,11,30,fog-39,1,fog,1500.0,0.0000,0.0000,0,150.000,,0,0.9719,,0.850,0,
1338,11,30,fog-39,1,fog,1600.0,0.0000,0.0000,0,150.000,,0,0.9700,,0.850,0,
1339,11,30,fog-39,1,fog,1700.0,0.0000,0.0000,0,150.000,,0,0.9681,,0.850,0,
1340,11,30,fog-39,1,fog,1800.0,0.0000,0.0000,0,150.000,,0,0.9663,,0.850,0,
1341,11,30,fog-39,1,fog,1900.0,0.0000,0.0000,0,150.000,,0,0.9644,,0.850,0,
1342,11,30,fog-39,1,fog,2000.0,0.0000,0.0000,0,150.000,,0,0.9625,,0.850,0,
1343,11,30,fog-39,1,fog,2100.0,0.0000,0.0000,0,150.000,,0,0.9606,,0.850,0,
1344,11,30,fog-39,1,fog,2200.0,0.0000,0.0000,0,150.000,,0,0.9588,,0.850,0,
1345,11,30,fog-39,1,fog,2300.0,0.0000,0.0000,0,150.000,,0,0.9569,,0.850,0,
1346,11,30,fog-39,1,fog,2400.0,0.0000,0.0000,0,150.000,,0,0.9550,,0.850,0,
1347,11,30,fog-39,1,fog,2500.0,0.0000,0.0000,0,150.000,,0,0.9531,,0.850,0,
1348,11,30,fog-39,1,fog,2600.0,0.0000,0.0000,0,150.000,,0,0.9513,,0.850,0,
1349,11,30,fog-39,1,fog,2700.0,0.0000,0.0000,0,150.000,,0,0.9494,,0.850,0,
1350,11,30,fog-39,1,fog,2800.0,0.0000,0.0000,0,150.000,,0,0.9475,,0.850,0,
1351,11,30,fog-39,1,fog,2900.0,0.0000,0.0000,0,150.000,,0,0.9456,,0.850,0,
1352,11,30,fog-39,1,fog,3000.0,0.0000,0.0000,0,150.000,,0,0.9438,,0.850,0,
1353,11,30,fog-39,1,fog,3100.0,0.0000,0.0000,0,150.000,,0,0.9419,,0.850,0,
1354,11,30,fog-39,1,fog,3200.0,0.0000,0.0000,0,150.000,,0,0.9400,,0.850,0,
1355,11,30,fog-39,1,fog,3300.0,0.0000,0.0000,0,150.000,,0,0.9381,,0.850,0,
1356,11,30,fog-39,1,fog,3400.0,0.0000,0.0000,0,150.000,,0,0.9363,,0.850,0,
1357,11,30,fog-39,1,fog,3500.0,0.0000,0.0000,0,150.000,,0,0.9344,,0.850,0,
1358,11,30,fog-39,1,fog,3600.0,0.0000,0.0000,0,150.000,,0,0.9325,,0.850,0,
1359,11,30,fog-39,1,fog,3700.0,0.0000,0.0000,0,150.000,,0,0.9306,,0.850,0,
1360,11,30,fog-39,1,fog,3800.0,0.0000,0.0000,0,150.000,,0,0.9288,,0.850,0,
1361,11,30,fog-39,1,fog,3900.0,0.0000,0.0000,0,150.000,,0,0.9269,,0.850,0,
1362,11,30,fog-39,1,fog,4000.0,0.0000,0.0000,0,150.000,,0,0.9250,,0.850,0,
1363,11,30,fog-39,1,fog,4100.0,0.0000,0.0000,0,150.000,,0,0.9231,,0.850,0,
1364,11,30,fog-39,1,fog,4200.0,0.0000,0.0000,0,150.000,,0,0.9213,,0.850,0,
1365,11,30,fog-39,1,fog,4300.0,0.0000,0.0000,0,150.000,,0,0.9194,,0.850,0,
1366,11,30,fog-39,1,fog,4400.0,0.0000,0.0000,0,150.000,,0,0.9175,,0.850,0,
1367,11,30,fog-39,1,fog,4500.0,0.0000,0.0000,0,150.000,,0,0.9156,,0.850,0,
1368,11,30,fog-39,1,fog,4600.0,0.0000,0.0000,0,150.000,,0,0.9138,,0.850,0,
1369,11,30,fog-39,1,fog,4700.0,0.0000,0.0000,0,150.000,,0,0.9119,,0.850,0,
1370,11,30,fog-39,1,fog,4800.0,0.0000,0.0000,0,150.000,,0,0.9100,,0.850,0,
1371,11,30,fog-39,1,fog,4900.0,0.0000,0.0000,0,150.000,,0,0.9081,,0.850,0,
1372,11,30,fog-39,1,fog,5000.0,0.0000,0.0000,0,150.000,,0,0.9063,,0.850,0,
1373,11,31,fog-40,1,fog,0.0,0.0000,0.0000,0,150.000,,0,1.0000,,0.850,0,4876.8
1374,11,31,fog-40,1,fog,100.0,0.0000,0.0000,0,150.000,,0,0.9981,,0.850,0,4876.8
1375,11,31,fog-40,1,fog,200.0,0.0000,0.0000,0,150.000,,0,0.9963,,0.850,0,4876.8
1376,11,31,fog-40,1,fog,300.0,0.0000,0.0000,0,150.000,,0,0.9944,,0.850,0,4876.8
1377,11,31,fog-40,1,fog,400.0,0.0000,0.0000,0,150.000,,0,0.9925,,0.850,0,4876.8
1378,11,31,fog-40,1,fog,500.0,0.0000,0.0000,0,150.000,,0,0.9906,,0.850,0,4876.8
1379,11,31,fog-40,1,fog,600.0,0.0000,0.0000,0,150.000,,0,0.9888,,0.850,0,4876.8
1380,11,31,fog-40,1,fog,700.0,0.0000,0.0000,0,150.000,,0,0.9869,,0.850,0,4876.8
1381,11,31,fog-40,1,fog,800.0,0.0000,0.0000,0,150.000,,0,0.9850,,0.850,0,4876.8
1382,11,31,fog-40,1,fog,900.0,0.0000,0.0000,0,150.000,,0,0.9831,,0.850,0,4876.8
1383,11,31,fog-40,1,fog,1000.0,0.0000,0.0000,0,150.000,,0,0.9813,,0.850,0,4876.8
1384,11,31,fog-40,1,fog,1100.0,0.0000,0.0000,0,150.000,,0,0.9794,,0.850,0,4876.8
1385,11,31,fog-40,1,fog,1200.0,0.0000,0.0000,0,150.000,,0,0.9775,,0.850,0,4876.8
1386,11,31,fog-40,1,fog,1300.0,0.0000,0.0000,0,150.000,,0,0.9756,,0.850,0,4876.8
1387,11,31,fog-40,1,fog,1400.0,0.0000,0.0000,0,150.000,,0,0.9738,,0.850,0,4876.8
1388,11,31,fog-40,1,fog,1500.0,0.0000,0.0000,0,150.000,,0,0.9719,,0.850,0,4876.8
1389,11,31,fog-40,1,fog,1600.0,0.0000,0.0000,0,150.000,,0,0.9700,,0.850,0,4876.8
1390,11,31,fog-40,1,fog,1700.0,0.0000,0.0000,0,150.000,,0,0.9681,,0.850,0,4876.8
1391,11,31,fog-40,1,fog,1800.0,0.0000,0.0000,0,150.000,,0,0.9663,,0.850,0,4876.8
1392,11,31,fog-40,1,fog,1900.0,0.0000,0.0000,0,150.000,,0,0.9644,,0.850,0,4876.8
1393,11,31,fog-40,1,fog,2000.0,0.0000,0.0000,0,150.000,,0,0.9625,,0.850,0,4876.8
1394,11,31,fog-40,1,fog,2100.0,0.0000,0.0000,0,150.000,,0,0.9606,,0.850,0,4876.8
1395,11,31,fog-40,1,fog,2200.0,0.0000,0.0000,0,150.000,,0,0.9588,,0.850,0,4876.8
1396,11,31,fog-40,1,fog,2300.0,0.0000,0.0000,0,150.000,,0,0.9569,,0.850,0,4876.8
1397,11,31,fog-40,1,fog,2400.0,0.0000,0.0000,0,150.000,,0,0.9550,,0.850,0,4876.8
1398,11,31,fog-40,1,fog,2500.0,0.0000,0.0000,0,150.000,,0,0.9531,,0.850,0,4876.8
1399,11,31,fog-40,1,fog,2600.0,0.0000,0.0000,0,150.000,,0,0.9513,,0.850,0,4876.8
1400,11,31,fog-40,1,fog,2700.0,0.0000,0.0000,0,150.000,,0,0.9494,,0.850,0,4876.8
1401,11,31,fog-40,1,fog,2800.0,0.0000,0.0000,0,150.000,,0,0.9475,,0.850,0,4876.8
1402,11,31,fog-40,1,fog,2900.0,0.0000,0.0000,0,150.000,,0,0.9456,,0.850,0,4876.8
1403,11,31,fog-40,1,fog,3000.0,0.0000,0.0000,0,150.000,,0,0.9438,,0.850,0,4876.8
1404,11,31,fog-40,1,fog,3100.0,0.0000,0.0000,0,150.000,,0,0.9419,,0.850,0,4876.8
1405,11,31,fog-40,1,fog,3200.0,0.0000,0.0000,0,150.000,,0,0.9400,,0.850,0,4876.8
1406,11,31,fog-40,1,fog,3300.0,0.0000,0.0000,0,150.000,,0,0.9381,,0.850,0,4876.8
1407,11,31,fog-40,1,fog,3400.0,0.0000,0.0000,0,150.000,,0,0.9363,,0.850,0,4876.8
1408,11,31,fog-40,1,fog,3500.0,0.0000,0.0000,0,150.000,,0,0.9344,,0.850,0,4876.8
1409,11,31,fog-40,1,fog,3600.0,0.0000,0.0000,0,150.000,,0,0.9325,,0.850,0,4876.8
1410,11,31,fog-40,1,fog,3700.0,0.0000,0.0000,0,150.000,,0,0.9306,,0.850,0,4876.8
1411,11,31,fog-40,1,fog,3800.0,0.0000,0.0000,0,150.000,,0,0.9288,,0.850,0,4876.8
1412,11,31,fog-40,1,fog,3900.0,0.0000,0.0000,0,150.000,,0,0.9269,,0.850,0,4876.8
1413,11,31,fog-40,1,fog,4000.0,0.0000,0.0000,0,150.000,,0,0.9250,,0.850,0,4876.8
1414,11,31,fog-40,1,fog,4100.0,0.0000,0.0000,0,150.000,,0,0.9231,,0.850,0,4876.8
1415,11,31,fog-40,1,fog,4200.0,0.0000,0.0000,0,150.000,,0,0.9213,,0.850,0,4876.8
1416,11,31,fog-40,1,fog,4300.0,0.0000,0.0000,0,150.000,,0,0.9194,,0.850,0,4876.8
1417,11,31,fog-40,1,fog,4400.0,0.0000,0.0000,0,150.000,,0,0.9175,,0.850,0,4876.8
1418,11,31,fog-40,1,fog,4500.0,0.0000,0.0000,0,150.000,,0,0.9156,,0.850,0,4876.8
1419,11,31,fog-40,1,fog,4600.0,0.0000,0.0000,0,150.000,,0,0.9138,,0.850,0,4876.8
1420,11,31,fog-40,1,fog,4700.0,0.0000,0.0000,0,150.000,,0,0.9119,,0.850,1,4876.8
1421,11,31,fog-40,1,fog,4800.0,0.0000,0.0000,0,150.000,,0,0.9100,,0.850,1,4876.8
1422,11,32,fog-41,1,fog,0.0,0.0000,0.0000,0,150.000,,0,1.0000,,0.850,0,
1423,11,32,fog-41,1,fog,100.0,0.0000,0.0000,4,150.400,1.0000,0,0.9981,,0.850,0,
1424,11,32,fog-41,1,fog,200.0,0.0000,0.0000,10,151.000,1.0000,0,0.9963,,0.850,0,
1425,11,32,fog-41,1,fog,300.0,0.0000,0.0000,26,151.800,1.0000,0,0.9944,,0.850,0,
1426,11,32,fog-41,1,fog,400.0,0.0000,0.0000,16,151.300,1.0000,0,0.9925,,0.850,0,
1427,11,32,fog-41,1,fog,500.0,0.0000,0.0000,0,150.000,,0,0.9906,,0.850,0,
1428,11,32,fog-41,1,fog,600.0,0.0000,0.0000,5,150.500,0.0000,0,0.9888,,0.850,0,
1429,11,32,fog-41,1,fog,700.0,0.0000,0.0000,0,150.000,,0,0.9869,,0.850,0,
1430,11,32,fog-41,1,fog,800.0,0.0000,0.0000,0,150.000,,0,0.9850,,0.850,0,
1431,11,32,fog-41,1,fog,900.0,0.0000,0.0000,0,150.000,,0,0.9831,,0.850,0,
1432,11,32,fog-41,1,fog,1000.0,0.0000,0.0000,9,150.900,0.9957,0,0.9813,,0.850,0,
1433,11,32,fog-41,1,fog,1100.0,0.0000,0.0000,3,150.300,0.5000,0,0.9794,,0.850,0,
1434,11,32,fog-41,1,fog,1200.0,0.0000,0.0000,0,150.000,,0,0.9775,,0.850,0,
1435,11,32,fog-41,1,fog,1300.0,0.0000,0.0000,20,151.500,1.0000,0,0.9756,,0.850,0,
1436,11,32,fog-41,1,fog,1400.0,0.0000,0.0000,9,150.900,0.9968,0,0.9738,,0.850,0,
1437,11,32,fog-41,1,fog,1500.0,0.0000,0.0000,18,151.400,1.0000,0,0.9719,,0.850,0,
1438,11,32,fog-41,1,fog,1600.0,0.0000,0.0000,18,151.400,1.0000,0,0.9700,,0.850,0,
1439,11,32,fog-41,1,fog,1700.0,0.0000,0.0000,18,151.400,1.0000,0,0.9681,,0.850,0,
1440,11,32,fog-41,1,fog,1800.0,0.0000,0.0000,10,151.000,1.0000,0,0.9663,,0.850,0,
1441,11,32,fog-41,1,fog,1900.0,0.0000,0.0000,10,151.000,1.0000,0,0.9644,,0.850,0,
1442,11,32,fog-41,1,fog,2000.0,0.0000,0.0000,30,152.000,1.0000,0,0.9625,,0.850,0,
1443,11,32,fog-41,1,fog,2100.0,0.0000,0.0000,5,150.500,0.0000,0,0.9606,,0.850,0,
1444,11,32,fog-41,1,fog,2200.0,0.0000,0.0000,9,150.900,0.9967,0,0.9588,,0.850,0,
1445,11,32,fog-41,1,fog,2300.0,0.0000,0.0000,9,150.900,0.9911,0,0.9569,,0.850,0,
1446,11,32,fog-41,1,fog,2400.0,0.0000,0.0000,0,150.000,,0,0.9550,,0.850,0,
1447,11,32,fog-41,1,fog,2500.0,0.0000,0.0000,0,150.000,,0,0.9531,,0.850,0,
1448,11,32,fog-41,1,fog,2600.0,0.0000,0.0000,8,150.800,0.8595,0,0.9513,,0.850,0,
1449,11,32,fog-41,1,fog,2700.0,0.0000,0.0000,12,151.100,1.0000,0,0.9494,,0.850,0,
1450,11,32,fog-41,1,fog,2800.0,0.0000,0.0000,9,150.900,0.9964,0,0.9475,,0.850,0,
1451,11,32,fog-41,1,fog,2900.0,0.0000,0.0000,30,152.000,1.0000,0,0.9456,,0.850,0,
1452,11,32,fog-41,1,fog,3000.0,0.0000,0.0000,18,151.400,1.0000,0,0.9438,,0.850,0,
1453,11,32,fog-41,1,fog,3100.0,0.0000,0.0000,38,152.400,1.0000,0,0.9419,,0.850,0,
1454,11,32,fog-41,1,fog,3200.0,0.0000,0.0000,0,150.000,,0,0.9400,,0.850,0,
1455,11,32,fog-41,1,fog,3300.0,0.0000,0.0000,10,151.000,1.0000,0,0.9381,,0.850,0,
1456,11,32,fog-41,1,fog,3400.0,0.0000,0.0000,14,151.200,1.0000,0,0.9363,,0.850,0,
1457,11,32,fog-41,1,fog,3500.0,0.0000,0.0000,4,150.400,0.3536,0,0.9344,,0.850,0,
1458,11,32,fog-41,1,fog,3600.0,0.0000,0.0000,5,150.500,0.0000,0,0.9325,,0.850,0,
1459,11,32,fog-41,1,fog,3700.0,0.0000,0.0000,9,150.900,0.9968,0,0.9306,,0.850,0,
1460,11,32,fog-41,1,fog,3800.0,0.0000,0.0000,8,150.800,0.8636,0,0.9288,,0.850,0,
1461,11,32,fog-41,1,fog,3900.0,0.0000,0.0000,0,150.000,,0,0.9269,,0.850,0,
1462,11,32,fog-41,1,fog,4000.0,0.0000,0.0000,4,150.400,0.3536,0,0.9250,,0.850,0,
1463,11,32,fog-41,1,fog,4100.0,0.0000,0.0000,5,150.500,0.0000,0,0.9231,,0.850,0,
1464,11,32,fog-41,1,fog,4200.0,0.0000,0.0000,8,150.800,0.8639,0,0.9213,,0.850,0,
1465,11,32,fog-41,1,fog,4300.0,0.0000,0.0000,5,150.500,0.0000,0,0.9194,,0.850,0,
1466,11,32,fog-41,1,fog,4400.0,0.0000,0.0000,0,150.000,,0,0.9175,,0.850,0,
1467,11,32,fog-41,1,fog,4500.0,0.0000,0.0000,0,150.000,,0,0.9156,,0.850,0,
1468,11,32,fog-41,1,fog,4600.0,0.0000,0.0000,5,150.500,0.0000,0,0.9138,,0.850,0,
1469,11,32,fog-41,1,fog,4700.0,0.0000,0.0000,9,150.900,0.9912,0,0.9119,,0.850,0,
1470,11,32,fog-41,1,fog,4800.0,0.0000,0.0000,0,150.000,,0,0.9100,,0.850,0,
1471,11,32,fog-41,1,fog,4900.0,0.0000,0.0000,5,150.500,0.0000,0,0.9081,,0.850,0,
1472,11,32,fog-41,1,fog,5000.0,0.0000,0.0000,9,150.900,0.9931,0,0.9063,,0.850,0,
1473,11,33,fog-42,1,fog,0.0,0.0000,0.0000,0,150.000,,0,1.0000,,0.850,0,
1474,11,33,fog-42,1,fog,100.0,0.0000,0.0000,0,150.000,,0,0.9981,,0.850,0,
1475,11,33,fog-42,1,fog,200.0,0.0000,0.0000,0,150.000,,0,0.9963,,0.850,0,
1476,11,33,fog-42,1,fog,300.0,0.0000,0.0000,0,150.000,,0,0.9944,,0.850,0,
1477,11,33,fog-42,1,fog,400.0,0.0000,0.0000,0,150.000,,0,0.9925,,0.850,0,
1478,11,33,fog-42,1,fog,500.0,0.0000,0.0000,0,150.000,,0,0.9906,,0.850,0,
1479,11,33,fog-42,1,fog,600.0,0.0000,0.0000,0,150.000,,0,0.9888,,0.850,0,
1480,11,33,fog-42,1,fog,700.0,0.0000,0.0000,0,150.000,,0,0.9869,,0.850,0,
1481,11,33,fog-42,1,fog,800.0,0.0000,0.0000,0,150.000,,0,0.9850,,0.850,0,
1482,11,33,fog-42,1,fog,900.0,0.0000,0.0000,0,150.000,,0,0.9831,,0.850,0,
1483,11,33,fog-42,1,fog,1000.0,0.0000,0.0000,0,150.000,,0,0.9813,,0.850,0,
1484,11,33,fog-42,1,fog,1100.0,0.0000,0.0000,0,150.000,,0,0.9794,,0.850,0,
1485,11,33,fog-42,1,fog,1200.0,0.0000,0.0000,0,150.000,,0,0.9775,,0.850,0,
1486,11,33,fog-42,1,fog,1300.0,0.0000,0.0000,0,150.000,,0,0.9756,,0.850,0,
1487,11,33,fog-42,1,fog,1400.0,0.0000,0.0000,0,150.000,,0,0.9738,,0.850,0,
1488,11,33,fog-42,1,fog,1500.0,0.0000,0.0000,0,150.000,,0,0.9719,,0.850,0,
1489,11,33,fog-42,1,fog,1600.0,0.0000,0.0000,0,150.000,,0,0.9700,,0.850,0,
1490,11,33,fog-42,1,fog,1700.0,0.0000,0.0000,0,150.000,,0,0.9681,,0.850,0,
1491,11,33,fog-42,1,fog,1800.0,0.0000,0.0000,0,150.000,,0,0.9663,,0.850,0,
1492,11,33,fog-42,1,fog,1900.0,0.0000,0.0000,0,150.000,,0,0.9644,,0.850,0,
1493,11,33,fog-42,1,fog,2000.0,0.0000,0.0000,0,150.000,,0,0.9625,,0.850,0,
1494,11,33,fog-42,1,fog,2100.0,0.0000,0.0000,0,150.000,,0,0.9606,,0.850,0,
1495,11,33,fog-42,1,fog,2200.0,0.0000,0.0000,0,150.000,,0,0.9588,,0.850,0,
1496,11,33,fog-42,1,fog,2300.0,0.0000,0.0000,0,150.000,,0,0.9569,,0.850,0,
1497,11,33,fog-42,1,fog,2400.0,0.0000,0.0000,0,150.000,,0,0.9550,,0.850,0,
1498,11,33,fog-42,1,fog,2500.0,0.0000,0.0000,0,150.000,,0,0.9531,,0.850,0,
1499,11,33,fog-42,1,fog,2600.0,0.0000,0.0000,0,150.000,,0,0.9513,,0.850,0,
1500,11,33,fog-42,1,fog,2700.0,0.0000,0.0000,0,150.000,,0,0.9494,,0.850,0,
1501,11,33,fog-42,1,fog,2800.0,0.0000,0.0000,0,150.000,,0,0.9475,,0.850,0,
1502,11,33,fog-42,1,fog,2900.0,0.0000,0.0000,0,150.000,,0,0.9456,,0.850,0,
1503,11,33,fog-42,1,fog,3000.0,0.0000,0.0000,0,150.000,,0,0.9438,,0.850,0,
1504,11,33,fog-42,1,fog,3100.0,0.0000,0.0000,0,150.000,,0,0.9419,,0.850,0,
1505,11,33,fog-42,1,fog,3200.0,0.0000,0.0000,0,150.000,,0,0.9400,,0.850,0,
1506,11,33,fog-42,1,fog,3300.0,0.0000,0.0000,0,150.000,,0,0.9381,,0.850,0,
1507,11,33,fog-42,1,fog,3400.0,0.0000,0.0000,0,150.000,,0,0.9363,,0.850,0,
1508,11,33,fog-42,1,fog,3500.0,0.0000,0.0000,0,150.000,,0,0.9344,,0.850,0,
1509,11,33,fog-42,1,fog,3600.0,0.0000,0.0000,0,150.000,,0,0.9325,,0.850,0,
1510,11,33,fog-42,1,fog,3700.0,0.0000,0.0000,0,150.000,,0,0.9306,,0.850,0,
1511,11,33,fog-42,1,fog,3800.0,0.0000,0.0000,0,150.000,,0,0.9288,,0.850,0,
1512,11,33,fog-42,1,fog,3900.0,0.0000,0.0000,0,150.000,,0,0.9269,,0.850,0,
1513,11,33,fog-42,1,fog,4000.0,0.0000,0.0000,0,150.000,,0,0.9250,,0.850,0,
1514,11,33,fog-42,1,fog,4100.0,0.0000,0.0000,0,150.000,,0,0.9231,,0.850,0,
1515,11,33,fog-42,1,fog,4200.0,0.0000,0.0000,0,150.000,,0,0.9213,,0.850,0,
1516,11,33,fog-42,1,fog,4300.0,0.0000,0.0000,0,150.000,,0,0.9194,,0.850,0,
1517,11,33,fog-42,1,fog,4400.0,0.0000,0.0000,0,150.000,,0,0.9175,,0.850,0,
1518,11,33,fog-42,1,fog,4500.0,0.0000,0.0000,0,150.000,,0,0.9156,,0.850,0,
1519,11,33,fog-42,1,fog,4600.0,0.0000,0.0000,0,150.000,,0,0.9138,,0.850,0,
1520,11,33,fog-42,1,fog,4700.0,0.0000,0.0000,0,150.000,,0,0.9119,,0.850,0,
1521,11,33,fog-42,1,fog,4800.0,0.0000,0.0000,0,150.000,,0,0.9100,,0.850,0,
1522,11,33,fog-42,1,fog,4900.0,0.0000,0.0000,0,150.000,,0,0.9081,,0.850,0,
1523,11,33,fog-42,1,fog,5000.0,0.0000,0.0000,0,150.000,,0,0.9063,,0.850,0,
1524,11,34,fog-43,1,fog,0.0,0.0000,0.0000,0,150.000,,0,1.0000,,0.850,0,
1525,11,34,fog-43,1,fog,100.0,0.0000,0.0000,0,150.000,,0,0.9981,,0.850,0,
1526,11,34,fog-43,1,fog,200.0,0.0000,0.0000,0,150.000,,0,0.9963,,0.850,0,
1527,11,34,fog-43,1,fog,300.0,0.0000,0.0000,0,150.000,,0,0.9944,,0.850,0,
1528,11,34,fog-43,1,fog,400.0,0.0000,0.0000,0,150.000,,0,0.9925,,0.850,0,
1529,11,34,fog-43,1,fog,500.0,0.0000,0.0000,0,150.000,,0,0.9906,,0.850,0,
1530,11,34,fog-43,1,fog,600.0,0.0000,0.0000,0,150.000,,0,0.9888,,0.850,0,
1531,11,34,fog-43,1,fog,700.0,0.0000,0.0000,0,150.000,,0,0.9869,,0.850,0,
1532,11,34,fog-43,1,fog,800.0,0.0000,0.0000,0,150.000,,0,0.9850,,0.850,0,
1533,11,34,fog-43,1,fog,900.0,0.0000,0.0000,0,150.000,,0,0.9831,,0.850,0,
1534,11,34,fog-43,1,fog,1000.0,0.0000,0.0000,0,150.000,,0,0.9813,,0.850,0,
1535,11,34,fog-43,1,fog,1100.0,0.0000,0.0000,0,150.000,,0,0.9794,,0.850,0,
1536,11,34,fog-43,1,fog,1200.0,0.0000,0.0000,5,150.500,0.0000,0,0.9775,,0.850,0,
1537,11,34,fog-43,1,fog,1300.0,0.0000,0.0000,0,150.000,,0,0.9756,,0.850,0,
1538,11,34,fog-43,1,fog,1400.0,0.0000,0.0000,0,150.000,,0,0.9738,,0.850,0,
1539,11,34,fog-43,1,fog,1500.0,0.0000,0.0000,0,150.000,,0,0.9719,,0.850,0,
1540,11,34,fog-43,1,fog,1600.0,0.0000,0.0000,0,150.000,,0,0.9700,,0.850,0,
1541,11,34,fog-43,1,fog,1700.0,0.0000,0.0000,0,150.000,,0,0.9681,,0.850,0,
1542,11,34,fog-43,1,fog,1800.0,0.0000,0.0000,0,150.000,,0,0.9663,,0.850,0,
1543,11,34,fog-43,1,fog,1900.0,0.0000,0.0000,0,150.000,,0,0.9644,,0.850,0,
1544,11,34,fog-43,1,fog,2000.0,0.0000,0.0000,0,150.000,,0,0.9625,,0.850,0,
1545,11,34,fog-43,1,fog,2100.0,0.0000,0.0000,0,150.000,,0,0.9606,,0.850,0,
1546,11,34,fog-43,1,fog,2200.0,0.0000,0.0000,0,150.000,,0,0.9588,,0.850,0,
1547,11,34,fog-43,1,fog,2300.0,0.0000,0.0000,0,150.000,,0,0.9569,,0.850,0,
1548,11,34,fog-43,1,fog,2400.0,0.0000,0.0000,0,150.000,,0,0.9550,,0.850,0,
1549,11,34,fog-43,1,fog,2500.0,0.0000,0.0000,0,150.000,,0,0.9531,,0.850,0,
1550,11,34,fog-43,1,fog,2600.0,0.0000,0.0000,0,150.000,,0,0.9513,,0.850,0,
1551,11,34,fog-43,1,fog,2700.0,0.0000,0.0000,0,150.000,,0,0.9494,,0.850,0,
1552,11,34,fog-43,1,fog,2800.0,0.0000,0.0000,5,150.500,0.0000,0,0.9475,,0.850,0,
1553,11,34,fog-43,1,fog,2900.0,0.0000,0.0000,0,150.000,,0,0.9456,,0.850,0,
1554,11,34,fog-43,1,fog,3000.0,0.0000,0.0000,0,150.000,,0,0.9438,,0.850,0,
1555,11,34,fog-43,1,fog,3100.0,0.0000,0.0000,0,150.000,,0,0.9419,,0.850,0,
1556,11,34,fog-43,1,fog,3200.0,0.0000,0.0000,0,150.000,,0,0.9400,,0.850,0,
1557,11,34,fog-43,1,fog,3300.0,0.0000,0.0000,0,150.000,,0,0.9381,,0.850,0,
1558,11,34,fog-43,1,fog,3400.0,0.0000,0.0000,0,150.000,,0,0.9363,,0.850,0,
1559,11,34,fog-43,1,fog,3500.0,0.0000,0.0000,0,150.000,,0,0.9344,,0.850,0,
1560,11,34,fog-43,1,fog,3600.0,0.0000,0.0000,0,150.000,,0,0.9325,,0.850,0,
1561,11,34,fog-43,1,fog,3700.0,0.0000,0.0000,0,150.000,,0,0.9306,,0.850,0,
1562,11,34,fog-43,1,fog,3800.0,0.0000,0.0000,0,150.000,,0,0.9288,,0.850,0,
1563,11,34,fog-43,1,fog,3900.0,0.0000,0.0000,0,150.000,,0,0.9269,,0.850,0,
1564,11,34,fog-43,1,fog,4000.0,0.0000,0.0000,0,150.000,,0,0.9250,,0.850,0,
1565,11,34,fog-43,1,fog,4100.0,0.0000,0.0000,0,150.000,,0,0.9231,,0.850,0,
1566,11,34,fog-43,1,fog,4200.0,0.0000,0.0000,0,150.000,,0,0.9213,,0.850,0,
1567,11,34,fog-43,1,fog,4300.0,0.0000,0.0000,0,150.000,,0,0.9194,,0.850,0,
1568,11,34,fog-43,1,fog,4400.0,0.0000,0.0000,5,150.500,0.0000,0,0.9175,,0.850,0,
1569,11,34,fog-43,1,fog,4500.0,0.0000,0.0000,0,150.000,,0,0.9156,,0.850,0,
1570,11,34,fog-43,1,fog,4600.0,0.0000,0.0000,0,150.000,,0,0.9138,,0.850,0,
1571,11,34,fog-43,1,fog,4700.0,0.0000,0.0000,0,150.000,,0,0.9119,,0.850,0,
1572,11,34,fog-43,1,fog,4800.0,0.0000,0.0000,0,150.000,,0,0.9100,,0.850,0,
1573,11,34,fog-43,1,fog,4900.0,0.0000,0.0000,0,150.000,,0,0.9081,,0.850,0,
1574,11,34,fog-43,1,fog,5000.0,0.0000,0.0000,0,150.000,,0,0.9063,,0.850,0,
1575,11,35,fog-44,1,fog,0.0,0.0000,0.0000,0,150.000,,0,1.0000,,0.850,0,
1576,11,35,fog-44,1,fog,100.0,0.0000,0.0000,0,150.000,,0,0.9981,,0.850,0,
1577,11,35,fog-44,1,fog,200.0,0.0000,0.0000,0,150.000,,0,0.9963,,0.850,0,
1578,11,35,fog-44,1,fog,300.0,0.0000,0.0000,0,150.000,,0,0.9944,,0.850,0,
1579,11,35,fog-44,1,fog,400.0,0.0000,0.0000,0,150.000,,0,0.9925,,0.850,0,
1580,11,35,fog-44,1,fog,500.0,0.0000,0.0000,0,150.000,,0,0.9906,,0.850,0,
1581,11,35,fog-44,1,fog,600.0,0.0000,0.0000,0,150.000,,0,0.9888,,0.850,0,
1582,11,35,fog-44,1,fog,700.0,0.0000,0.0000,0,150.000,,0,0.9869,,0.850,0,
1583,11,35,fog-44,1,fog,800.0,0.0000,0.0000,0,150.000,,0,0.9850,,0.850,0,
1584,11,35,fog-44,1,fog,900.0,0.0000,0.0000,0,150.000,,0,0.9831,,0.850,0,
1585,11,35,fog-44,1,fog,1000.0,0.0000,0.0000,0,150.000,,0,0.9813,,0.850,0,
1586,11,35,fog-44,1,fog,1100.0,0.0000,0.0000,0,150.000,,0,0.9794,,0.850,0,
1587,11,35,fog-44,1,fog,1200.0,0.0000,0.0000,0,150.000,,0,0.9775,,0.850,0,
1588,11,35,fog-44,1,fog,1300.0,0.0000,0.0000,0,150.000,,0,0.9756,,0.850,0,
1589,11,35,fog-44,1,fog,1400.0,0.0000,0.0000,0,150.000,,0,0.9738,,0.850,0,
1590,11,35,fog-44,1,fog,1500.0,0.0000,0.0000,0,150.000,,0,0.9719,,0.850,0,
1591,11,35,fog-44,1,fog,1600.0,0.0000,0.0000,0,150.000,,0,0.9700,,0.850,0,
1592,11,35,fog-44,1,fog,1700.0,0.0000,0.0000,0,150.000,,0,0.9681,,0.850,0,
1593,11,35,fog-44,1,fog,1800.0,0.0000,0.0000,0,150.000,,0,0.9663,,0.850,0,
1594,11,35,fog-44,1,fog,1900.0,0.0000,0.0000,0,150.000,,0,0.9644,,0.850,0,
1595,11,35,fog-44,1,fog,2000.0,0.0000,0.0000,0,150.000,,0,0.9625,,0.850,0,
1596,11,35,fog-44,1,fog,2100.0,0.0000,0.0000,0,150.000,,0,0.9606,,0.850,0,
1597,11,35,fog-44,1,fog,2200.0,0.0000,0.0000,0,150.000,,0,0.9588,,0.850,0,
1598,11,35,fog-44,1,fog,2300.0,0.0000,0.0000,0,150.000,,0,0.9569,,0.850,0,
1599,11,35,fog-44,1,fog,2400.0,0.0000,0.0000,0,150.000,,0,0.9550,,0.850,0,
1600,11,35,fog-44,1,fog,2500.0,0.0000,0.0000,0,150.000,,0,0.9531,,0.850,0,
1601,11,35,fog-44,1,fog,2600.0,0.0000,0.0000,0,150.000,,0,0.9513,,0.850,0,
1602,11,35,fog-44,1,fog,2700.0,0.0000,0.0000,0,150.000,,0,0.9494,,0.850,0,
1603,11,35,fog-44,1,fog,2800.0,0.0000,0.0000,0,150.000,,0,0.9475,,0.850,0,
1604,11,35,fog-44,1,fog,2900.0,0.0000,0.0000,0,150.000,,0,0.9456,,0.850,0,
1605,11,35,fog-44,1,fog,3000.0,0.0000,0.0000,0,150.000,,0,0.9438,,0.850,0,
1606,11,35,fog-44,1,fog,3100.0,0.0000,0.0000,0,150.000,,0,0.9419,,0.850,0,
1607,11,35,fog-44,1,fog,3200.0,0.0000,0.0000,0,150.000,,0,0.9400,,0.850,0,
1608,11,35,fog-44,1,fog,3300.0,0.0000,0.0000,0,150.000,,0,0.9381,,0.850,0,
1609,11,35,fog-44,1,fog,3400.0,0.0000,0.0000,0,150.000,,0,0.9363,,0.850,0,
1610,11,35,fog-44,1,fog,3500.0,0.0000,0.0000,0,150.000,,0,0.9344,,0.850,0,
1611,11,35,fog-44,1,fog,3600.0,0.0000,0.0000,0,150.000,,0,0.9325,,0.850,0,
1612,11,35,fog-44,1,fog,3700.0,0.0000,0.0000,0,150.000,,0,0.9306,,0.850,0,
1613,11,35,fog-44,1,fog,3800.0,0.0000,0.0000,0,150.000,,0,0.9288,,0.850,0,
1614,11,35,fog-44,1,fog,3900.0,0.0000,0.0000,0,150.000,,0,0.9269,,0.850,0,
1615,11,35,fog-44,1,fog,4000.0,0.0000,0.0000,0,150.000,,0,0.9250,,0.850,0,
1616,11,35,fog-44,1,fog,4100.0,0.0000,0.0000,0,150.000,,0,0.9231,,0.850,0,
1617,11,35,fog-44,1,fog,4200.0,0.0000,0.0000,0,150.000,,0,0.9213,,0.850,0,
1618,11,35,fog-44,1,fog,4300.0,0.0000,0.0000,0,150.000,,0,0.9194,,0.850,0,
1619,11,35,fog-44,1,fog,4400.0,0.0000,0.0000,0,150.000,,0,0.9175,,0.850,0,
1620,11,35,fog-44,1,fog,4500.0,0.0000,0.0000,0,150.000,,0,0.9156,,0.850,0,
1621,11,35,fog-44,1,fog,4600.0,0.0000,0.0000,0,150.000,,0,0.9138,,0.850,0,
1622,11,35,fog-44,1,fog,4700.0,0.0000,0.0000,0,150.000,,0,0.9119,,0.850,0,
1623,11,35,fog-44,1,fog,4800.0,0.0000,0.0000,0,150.000,,0,0.9100,,0.850,0,
1624,11,35,fog-44,1,fog,4900.0,0.0000,0.0000,0,150.000,,0,0.9081,,0.850,0,
1625,11,35,fog-44,1,fog,5000.0,0.0000,0.0000,0,150.000,,0,0.9063,,0.850,0,
1626,11,36,fog-45,1,fog,0.0,0.0000,0.0000,0,150.000,,0,1.0000,,0.850,0,
1627,11,36,fog-45,1,fog,100.0,0.0000,0.0000,0,150.000,,0,0.9981,,0.850,0,
1628,11,36,fog-45,1,fog,200.0,0.0000,0.0000,0,150.000,,0,0.9963,,0.850,0,
1629,11,36,fog-45,1,fog,300.0,0.0000,0.0000,0,150.000,,0,0.9944,,0.850,0,
1630,11,36,fog-45,1,fog,400.0,0.0000,0.0000,0,150.000,,0,0.9925,,0.850,0,
1631,11,36,fog-45,1,fog,500.0,0.0000,0.0000,0,150.000,,0,0.9906,,0.850,0,
1632,11,36,fog-45,1,fog,600.0,0.0000,0.0000,0,150.000,,0,0.9888,,0.850,0,
1633,11,36,fog-45,1,fog,700.0,0.0000,0.0000,0,150.000,,0,0.9869,,0.850,0,
1634,11,36,fog-45,1,fog,800.0,0.0000,0.0000,0,150.000,,0,0.9850,,0.850,0,
1635,11,36,fog-45,1,fog,900.0,0.0000,0.0000,0,150.000,,0,0.9831,,0.850,0,
1636,11,36,fog-45,1,fog,1000.0,0.0000,0.0000,0,150.000,,0,0.9813,,0.850,0,
1637,11,36,fog-45,1,fog,1100.0,0.0000,0.0000,0,150.000,,0,0.9794,,0.850,0,
1638,11,36,fog-45,1,fog,1200.0,0.0000,0.0000,0,150.000,,0,0.9775,,0.850,0,
1639,11,36,fog-45,1,fog,1300.0,0.0000,0.0000,0,150.000,,0,0.9756,,0.850,0,
1640,11,36,fog-45,1,fog,1400.0,0.0000,0.0000,0,150.000,,0,0.9738,,0.850,0,
1641,11,36,fog-45,1,fog,1500.0,0.0000,0.0000,0,150.000,,0,0.9719,,0.850,0,
1642,11,36,fog-45,1,fog,1600.0,0.0000,0.0000,0,150.000,,0,0.9700,,0.850,0,
1643,11,36,fog-45,1,fog,1700.0,0.0000,0.0000,0,150.000,,0,0.9681,,0.850,0,
1644,11,36,fog-45,1,fog,1800.0,0.0000,0.0000,0,150.000,,0,0.9663,,0.850,0,
1645,11,36,fog-45,1,fog,1900.0,0.0000,0.0000,0,150.000,,0,0.9644,,0.850,0,
1646,11,36,fog-45,1,fog,2000.0,0.0000,0.0000,0,150.000,,0,0.9625,,0.850,0,
1647,11,36,fog-45,1,fog,2100.0,0.0000,0.0000,0,150.000,,0,0.9606,,0.850,0,
1648,11,36,fog-45,1,fog,2200.0,0.0000,0.0000,0,150.000,,0,0.9588,,0.850,0,
1649,11,36,fog-45,1,fog,2300.0,0.0000,0.0000,0,150.000,,0,0.9569,,0.850,0,
1650,11,36,fog-45,1,fog,2400.0,0.0000,0.0000,0,150.000,,0,0.9550,,0.850,0,
1651,11,36,fog-45,1,fog,2500.0,0.0000,0.0000,0,150.000,,0,0.9531,,0.850,0,
1652,11,36,fog-45,1,fog,2600.0,0.0000,0.0000,0,150.000,,0,0.9513,,0.850,0,
1653,11,36,fog-45,1,fog,2700.0,0.0000,0.0000,0,150.000,,0,0.9494,,0.850,0,
1654,11,36,fog-45,1,fog,2800.0,0.0000,0.0000,0,150.000,,0,0.9475,,0.850,0,
1655,11,36,fog-45,1,fog,2900.0,0.0000,0.0000,0,150.000,,0,0.9456,,0.850,0,
1656,11,36,fog-45,1,fog,3000.0,0.0000,0.0000,0,150.000,,0,0.9438,,0.850,0,
1657,11,36,fog-45,1,fog,3100.0,0.0000,0.0000,0,150.000,,0,0.9419,,0.850,0,
1658,11,36,fog-45,1,fog,3200.0,0.0000,0.0000,0,150.000,,0,0.9400,,0.850,0,
1659,11,36,fog-45,1,fog,3300.0,0.0000,0.0000,0,150.000,,0,0.9381,,0.850,0,
1660,11,36,fog-45,1,fog,3400.0,0.0000,0.0000,0,150.000,,0,0.9363,,0.850,0,
1661,11,36,fog-45,1,fog,3500.0,0.0000,0.0000,0,150.000,,0,0.9344,,0.850,0,
1662,11,36,fog-45,1,fog,3600.0,0.0000,0.0000,0,150.000,,0,0.9325,,0.850,0,
1663,11,36,fog-45,1,fog,3700.0,0.0000,0.0000,0,150.000,,0,0.9306,,0.850,0,
1664,11,36,fog-45,1,fog,3800.0,0.0000,0.0000,0,150.000,,0,0.9288,,0.850,0,
1665,11,36,fog-45,1,fog,3900.0,0.0000,0.0000,0,150.000,,0,0.9269,,0.850,0,
1666,11,36,fog-45,1,fog,4000.0,0.0000,0.0000,0,150.000,,0,0.9250,,0.850,0,
1667,11,36,fog-45,1,fog,4100.0,0.0000,0.0000,0,150.000,,0,0.9231,,0.850,0,
1668,11,36,fog-45,1,fog,4200.0,0.0000,0.0000,0,150.000,,0,0.9213,,0.850,0,
1669,11,36,fog-45,1,fog,4300.0,0.0000,0.0000,0,150.000,,0,0.9194,,0.850,0,
1670,11,36,fog-45,1,fog,4400.0,0.0000,0.0000,0,150.000,,0,0.9175,,0.850,0,
1671,11,36,fog-45,1,fog,4500.0,0.0000,0.0000,0,150.000,,0,0.9156,,0.850,0,
1672,11,36,fog-45,1,fog,4600.0,0.0000,0.0000,0,150.000,,0,0.9138,,0.850,0,
1673,11,36,fog-45,1,fog,4700.0,0.0000,0.0000,0,150.000,,0,0.9119,,0.850,0,
1674,11,36,fog-45,1,fog,4800.0,0.0000,0.0000,0,150.000,,0,0.9100,,0.850,0,
1675,11,36,fog-45,1,fog,4900.0,0.0000,0.0000,0,150.000,,0,0.9081,,0.850,0,
1676,11,36,fog-45,1,fog,5000.0,0.0000,0.0000,0,150.000,,0,0.9063,,0.850,0,
1677,11,37,fog-46,1,fog,0.0,0.0000,0.0000,0,150.000,,0,1.0000,,0.850,0,
1678,11,37,fog-46,1,fog,100.0,0.0000,0.0000,2,150.200,,0,0.9981,,0.850,0,
1679,11,37,fog-46,1,fog,200.0,0.0000,0.0000,0,150.000,,0,0.9963,,0.850,0,
1680,11,37,fog-46,1,fog,300.0,0.0000,0.0000,0,150.000,,0,0.9944,,0.850,0,
1681,11,37,fog-46,1,fog,400.0,0.0000,0.0000,0,150.000,,0,0.9925,,0.850,0,
1682,11,37,fog-46,1,fog,500.0,0.0000,0.0000,0,150.000,,0,0.9906,,0.850,0,
1683,11,37,fog-46,1,fog,600.0,0.0000,0.0000,0,150.000,,0,0.9888,,0.850,0,
1684,11,37,fog-46,1,fog,700.0,0.0000,0.0000,5,150.500,0.0000,0,0.9869,,0.850,0,
1685,11,37,fog-46,1,fog,800.0,0.0000,0.0000,4,150.400,0.3536,0,0.9850,,0.850,0,
1686,11,37,fog-46,1,fog,900.0,0.0000,0.0000,5,150.500,0.0000,0,0.9831,,0.850,0,
1687,11,37,fog-46,1,fog,1000.0,0.0000,0.0000,0,150.000,,0,0.9813,,0.850,0,
1688,11,37,fog-46,1,fog,1100.0,0.0000,0.0000,0,150.000,,0,0.9794,,0.850,0,
1689,11,37,fog-46,1,fog,1200.0,0.0000,0.0000,0,150.000,,0,0.9775,,0.850,0,
1690,11,37,fog-46,1,fog,1300.0,0.0000,0.0000,0,150.000,,0,0.9756,,0.850,0,
1691,11,37,fog-46,1,fog,1400.0,0.0000,0.0000,0,150.000,,0,0.9738,,0.850,0,
1692,11,37,fog-46,1,fog,1500.0,0.0000,0.0000,0,150.000,,0,0.9719,,0.850,0,
1693,11,37,fog-46,1,fog,1600.0,0.0000,0.0000,0,150.000,,0,0.9700,,0.850,0,
1694,11,37,fog-46,1,fog,1700.0,0.0000,0.0000,0,150.000,,0,0.9681,,0.850,0,
1695,11,37,fog-46,1,fog,1800.0,0.0000,0.0000,0,150.000,,0,0.9663,,0.850,0,
1696,11,37,fog-46,1,fog,1900.0,0.0000,0.0000,0,150.000,,0,0.9644,,0.850,0,
1697,11,37,fog-46,1,fog,2000.0,0.0000,0.0000,0,150.000,,0,0.9625,,0.850,0,
1698,11,37,fog-46,1,fog,2100.0,0.0000,0.0000,0,150.000,,0,0.9606,,0.850,0,
1699,11,37,fog-46,1,fog,2200.0,0.0000,0.0000,4,150.400,0.3536,0,0.9588,,0.850,0,
1700,11,37,fog-46,1,fog,2300.0,0.0000,0.0000,0,150.000,,0,0.9569,,0.850,0,
1701,11,37,fog-46,1,fog,2400.0,0.0000,0.0000,0,150.000,,0,0.9550,,0.850,0,
1702,11,37,fog-46,1,fog,2500.0,0.0000,0.0000,5,150.500,0.0000,0,0.9531,,0.850,0,
1703,11,37,fog-46,1,fog,2600.0,0.0000,0.0000,4,150.400,0.3536,0,0.9513,,0.850,0,
1704,11,37,fog-46,1,fog,2700.0,0.0000,0.0000,5,150.500,0.0000,0,0.9494,,0.850,0,
1705,11,37,fog-46,1,fog,2800.0,0.0000,0.0000,0,150.000,,0,0.9475,,0.850,0,
1706,11,37,fog-46,1,fog,2900.0,0.0000,0.0000,0,150.000,,0,0.9456,,0.850,0,
1707,11,37,fog-46,1,fog,3000.0,0.0000,0.0000,0,150.000,,0,0.9438,,0.850,0,
1708,11,37,fog-46,1,fog,3100.0,0.0000,0.0000,0,150.000,,0,0.9419,,0.850,0,
1709,11,37,fog-46,1,fog,3200.0,0.0000,0.0000,0,150.000,,0,0.9400,,0.850,0,
1710,11,37,fog-46,1,fog,3300.0,0.0000,0.0000,0,150.000,,0,0.9381,,0.850,0,
1711,11,37,fog-46,1,fog,3400.0,0.0000,0.0000,0,150.000,,0,0.9363,,0.850,0,
1712,11,37,fog-46,1,fog,3500.0,0.0000,0.0000,0,150.000,,0,0.9344,,0.850,0,
1713,11,37,fog-46,1,fog,3600.0,0.0000,0.0000,0,150.000,,0,0.9325,,0.850,0,
1714,11,37,fog-46,1,fog,3700.0,0.0000,0.0000,4,150.400,0.3536,0,0.9306,,0.850,0,
1715,11,37,fog-46,1,fog,3800.0,0.0000,0.0000,4,150.400,0.3536,0,0.9288,,0.850,0,
1716,11,37,fog-46,1,fog,3900.0,0.0000,0.0000,0,150.000,,0,0.9269,,0.850,0,
1717,11,37,fog-46,1,fog,4000.0,0.0000,0.0000,0,150.000,,0,0.9250,,0.850,0,
1718,11,37,fog-46,1,fog,4100.0,0.0000,0.0000,5,150.500,0.0000,0,0.9231,,0.850,0,
1719,11,37,fog-46,1,fog,4200.0,0.0000,0.0000,4,150.400,0.0000,0,0.9213,,0.850,0,
1720,11,37,fog-46,1,fog,4300.0,0.0000,0.0000,5,150.500,0.0000,0,0.9194,,0.850,0,
1721,11,37,fog-46,1,fog,4400.0,0.0000,0.0000,0,150.000,,0,0.9175,,0.850,0,
1722,11,37,fog-46,1,fog,4500.0,0.0000,0.0000,0,150.000,,0,0.9156,,0.850,0,
1723,11,37,fog-46,1,fog,4600.0,0.0000,0.0000,5,150.500,0.0000,0,0.9138,,0.850,0,
1724,11,37,fog-46,1,fog,4700.0,0.0000,0.0000,0,150.000,,0,0.9119,,0.850,0,
1725,11,37,fog-46,1,fog,4800.0,0.0000,0.0000,0,150.000,,0,0.9100,,0.850,0,
1726,11,37,fog-46,1,fog,4900.0,0.0000,0.0000,0,150.000,,0,0.9081,,0.850,0,
1727,11,37,fog-46,1,fog,5000.0,0.0000,0.0000,0,150.000,,0,0.9063,,0.850,0,
1728,11,38,fog-47,1,fog,0.0,0.0000,0.0000,0,150.000,,0,1.0000,,0.850,0,
1729,11,38,fog-47,1,fog,100.0,0.0000,0.0000,0,150.000,,0,0.9981,,0.850,0,
1730,11,38,fog-47,1,fog,200.0,0.0000,0.0000,0,150.000,,0,0.9963,,0.850,0,
1731,11,38,fog-47,1,fog,300.0,0.0000,0.0000,0,150.000,,0,0.9944,,0.850,0,
1732,11,38,fog-47,1,fog,400.0,0.0000,0.0000,0,150.000,,0,0.9925,,0.850,0,
1733,11,38,fog-47,1,fog,500.0,0.0000,0.0000,0,150.000,,0,0.9906,,0.850,0,
1734,11,38,fog-47,1,fog,600.0,0.0000,0.0000,0,150.000,,0,0.9888,,0.850,0,
1735,11,38,fog-47,1,fog,700.0,0.0000,0.0000,0,150.000,,0,0.9869,,0.850,0,
1736,11,38,fog-47,1,fog,800.0,0.0000,0.0000,0,150.000,,0,0.9850,,0.850,0,
1737,11,38,fog-47,1,fog,900.0,0.0000,0.0000,0,150.000,,0,0.9831,,0.850,0,
1738,11,38,fog-47,1,fog,1000.0,0.0000,0.0000,0,150.000,,0,0.9813,,0.850,0,
1739,11,38,fog-47,1,fog,1100.0,0.0000,0.0000,0,150.000,,0,0.9794,,0.850,0,
1740,11,38,fog-47,1,fog,1200.0,0.0000,0.0000,0,150.000,,0,0.9775,,0.850,0,
1741,11,38,fog-47,1,fog,1300.0,0.0000,0.0000,0,150.000,,0,0.9756,,0.850,0,
1742,11,38,fog-47,1,fog,1400.0,0.0000,0.0000,0,150.000,,0,0.9738,,0.850,0,
1743,11,38,fog-47,1,fog,1500.0,0.0000,0.0000,0,150.000,,0,0.9719,,0.850,0,
1744,11,38,fog-47,1,fog,1600.0,0.0000,0.0000,0,150.000,,0,0.9700,,0.850,0,
1745,11,38,fog-47,1,fog,1700.0,0.0000,0.0000,0,150.000,,0,0.9681,,0.850,0,
1746,11,38,fog-47,1,fog,1800.0,0.0000,0.0000,0,150.000,,0,0.9663,,0.850,0,
1747,11,38,fog-47,1,fog,1900.0,0.0000,0.0000,0,150.000,,0,0.9644,,0.850,0,
1748,11,38,fog-47,1,fog,2000.0,0.0000,0.0000,0,150.000,,0,0.9625,,0.850,0,
1749,11,38,fog-47,1,fog,2100.0,0.0000,0.0000,0,150.000,,0,0.9606,,0.850,0,
1750,11,38,fog-47,1,fog,2200.0,0.0000,0.0000,0,150.000,,0,0.9588,,0.850,0,
1751,11,38,fog-47,1,fog,2300.0,0.0000,0.0000,0,150.000,,0,0.9569,,0.850,0,
1752,11,38,fog-47,1,fog,2400.0,0.0000,0.0000,0,150.000,,0,0.9550,,0.850,0,
1753,11,38,fog-47,1,fog,2500.0,0.0000,0.0000,0,150.000,,0,0.9531,,0.850,0,
1754,11,38,fog-47,1,fog,2600.0,0.0000,0.0000,0,150.000,,0,0.9513,,0.850,0,
1755,11,38,fog-47,1,fog,2700.0,0.0000,0.0000,0,150.000,,0,0.9494,,0.850,0,
1756,11,38,fog-47,1,fog,2800.0,0.0000,0.0000,0,150.000,,0,0.9475,,0.850,0,
1757,11,38,fog-47,1,fog,2900.0,0.0000,0.0000,0,150.000,,0,0.9456,,0.850,0,
1758,11,38,fog-47,1,fog,3000.0,0.0000,0.0000,0,150.000,,0,0.9438,,0.850,0,
1759,11,38,fog-47,1,fog,3100.0,0.0000,0.0000,0,150.000,,0,0.9419,,0.850,0,
1760,11,38,fog-47,1,fog,3200.0,0.0000,0.0000,0,150.000,,0,0.9400,,0.850,0,
1761,11,38,fog-47,1,fog,3300.0,0.0000,0.0000,0,150.000,,0,0.9381,,0.850,0,
1762,11,38,fog-47,1,fog,3400.0,0.0000,0.0000,0,150.000,,0,0.9363,,0.850,0,
1763,11,38,fog-47,1,fog,3500.0,0.0000,0.0000,0,150.000,,0,0.9344,,0.850,0,
1764,11,38,fog-47,1,fog,3600.0,0.0000,0.0000,0,150.000,,0,0.9325,,0.850,0,
1765,11,38,fog-47,1,fog,3700.0,0.0000,0.0000,0,150.000,,0,0.9306,,0.850,0,
1766,11,38,fog-47,1,fog,3800.0,0.0000,0.0000,0,150.000,,0,0.9288,,0.850,0,
1767,11,38,fog-47,1,fog,3900.0,0.0000,0.0000,0,150.000,,0,0.9269,,0.850,0,
1768,11,38,fog-47,1,fog,4000.0,0.0000,0.0000,0,150.000,,0,0.9250,,0.850,0,
1769,11,38,fog-47,1,fog,4100.0,0.0000,0.0000,0,150.000,,0,0.9231,,0.850,0,
1770,11,38,fog-47,1,fog,4200.0,0.0000,0.0000,0,150.000,,0,0.9213,,0.850,0,
1771,11,38,fog-47,1,fog,4300.0,0.0000,0.0000,0,150.000,,0,0.9194,,0.850,0,
1772,11,38,fog-47,1,fog,4400.0,0.0000,0.0000,0,150.000,,0,0.9175,,0.850,0,
1773,11,38,fog-47,1,fog,4500.0,0.0000,0.0000,0,150.000,,0,0.9156,,0.850,0,
1774,11,38,fog-47,1,fog,4600.0,0.0000,0.0000,0,150.000,,0,0.9138,,0.850,0,
1775,11,38,fog-47,1,fog,4700.0,0.0000,0.0000,0,150.000,,0,0.9119,,0.850,0,
1776,11,38,fog-47,1,fog,4800.0,0.0000,0.0000,0,150.000,,0,0.9100,,0.850,0,
1777,11,38,fog-47,1,fog,4900.0,0.0000,0.0000,0,150.000,,0,0.9081,,0.850,0,
1778,11,38,fog-47,1,fog,5000.0,0.0000,0.0000,0,150.000,,0,0.9063,,0.850,0,
1779,11,39,fog-48,1,fog,0.0,0.0000,0.0000,0,150.000,,0,1.0000,,0.850,0,
1780,11,39,fog-48,1,fog,100.0,0.0000,0.0000,2,150.200,,0,0.9981,,0.850,0,
1781,11,39,fog-48,1,fog,200.0,0.0000,0.0000,0,150.000,,0,0.9963,,0.850,0,
1782,11,39,fog-48,1,fog,300.0,0.0000,0.0000,0,150.000,,0,0.9944,,0.850,0,
1783,11,39,fog-48,1,fog,400.0,0.0000,0.0000,0,150.000,,0,0.9925,,0.850,0,
1784,11,39,fog-48,1,fog,500.0,0.0000,0.0000,0,150.000,,0,0.9906,,0.850,0,
1785,11,39,fog-48,1,fog,600.0,0.0000,0.0000,0,150.000,,0,0.9888,,0.850,0,
1786,11,39,fog-48,1,fog,700.0,0.0000,0.0000,0,150.000,,0,0.9869,,0.850,0,
1787,11,39,fog-48,1,fog,800.0,0.0000,0.0000,0,150.000,,0,0.9850,,0.850,0,
1788,11,39,fog-48,1,fog,900.0,0.0000,0.0000,0,150.000,,0,0.9831,,0.850,0,
1789,11,39,fog-48,1,fog,1000.0,0.0000,0.0000,0,150.000,,0,0.9813,,0.850,0,
1790,11,39,fog-48,1,fog,1100.0,0.0000,0.0000,5,150.500,0.0000,0,0.9794,,0.850,0,
1791,11,39,fog-48,1,fog,1200.0,0.0000,0.0000,0,150.000,,0,0.9775,,0.850,0,
1792,11,39,fog-48,1,fog,1300.0,0.0000,0.0000,0,150.000,,0,0.9756,,0.850,0,
1793,11,39,fog-48,1,fog,1400.0,0.0000,0.0000,0,150.000,,0,0.9738,,0.850,0,
1794,11,39,fog-48,1,fog,1500.0,0.0000,0.0000,0,150.000,,0,0.9719,,0.850,0,
1795,11,39,fog-48,1,fog,1600.0,0.0000,0.0000,0,150.000,,0,0.9700,,0.850,0,
1796,11,39,fog-48,1,fog,1700.0,0.0000,0.0000,0,150.000,,0,0.9681,,0.850,0,
1797,11,39,fog-48,1,fog,1800.0,0.0000,0.0000,0,150.000,,0,0.9663,,0.850,0,
1798,11,39,fog-48,1,fog,1900.0,0.0000,0.0000,0,150.000,,0,0.9644,,0.850,0,
1799,11,39,fog-48,1,fog,2000.0,0.0000,0.0000,0,150.000,,0,0.9625,,0.850,0,
1800,11,39,fog-48,1,fog,2100.0,0.0000,0.0000,0,150.000,,0,0.9606,,0.850,0,
1801,11,39,fog-48,1,fog,2200.0,0.0000,0.0000,0,150.000,,0,0.9588,,0.850,0,
1802,11,39,fog-48,1,fog,2300.0,0.0000,0.0000,0,150.000,,0,0.9569,,0.850,0,
1803,11,39,fog-48,1,fog,2400.0,0.0000,0.0000,0,150.000,,0,0.9550,,0.850,0,
1804,11,39,fog-48,1,fog,2500.0,0.0000,0.0000,0,150.000,,0,0.9531,,0.850,0,
1805,11,39,fog-48,1,fog,2600.0,0.0000,0.0000,0,150.000,,0,0.9513,,0.850,0,
1806,11,39,fog-48,1,fog,2700.0,0.0000,0.0000,0,150.000,,0,0.9494,,0.850,0,
1807,11,39,fog-48,1,fog,2800.0,0.0000,0.0000,0,150.000,,0,0.9475,,0.850,0,
1808,11,39,fog-48,1,fog,2900.0,0.0000,0.0000,0,150.000,,0,0.9456,,0.850,0,
1809,11,39,fog-48,1,fog,3000.0,0.0000,0.0000,0,150.000,,0,0.9438,,0.850,0,
1810,11,39,fog-48,1,fog,3100.0,0.0000,0.0000,0,150.000,,0,0.9419,,0.850,0,
1811,11,39,fog-48,1,fog,3200.0,0.0000,0.0000,0,150.000,,0,0.9400,,0.850,0,
1812,11,39,fog-48,1,fog,3300.0,0.0000,0.0000,0,150.000,,0,0.9381,,0.850,0,
1813,11,39,fog-48,1,fog,3400.0,0.0000,0.0000,0,150.000,,0,0.9363,,0.850,0,
1814,11,39,fog-48,1,fog,3500.0,0.0000,0.0000,5,150.500,0.0000,0,0.9344,,0.850,0,
1815,11,39,fog-48,1,fog,3600.0,0.0000,0.0000,0,150.000,,0,0.9325,,0.850,0,
1816,11,39,fog-48,1,fog,3700.0,0.0000,0.0000,0,150.000,,0,0.9306,,0.850,0,
1817,11,39,fog-48,1,fog,3800.0,0.0000,0.0000,0,150.000,,0,0.9288,,0.850,0,
1818,11,39,fog-48,1,fog,3900.0,0.0000,0.0000,0,150.000,,0,0.9269,,0.850,0,
1819,11,39,fog-48,1,fog,4000.0,0.0000,0.0000,0,150.000,,0,0.9250,,0.850,0,
1820,11,39,fog-48,1,fog,4100.0,0.0000,0.0000,0,150.000,,0,0.9231,,0.850,0,
1821,11,39,fog-48,1,fog,4200.0,0.0000,0.0000,0,150.000,,0,0.9213,,0.850,0,
1822,11,39,fog-48,1,fog,4300.0,0.0000,0.0000,0,150.000,,0,0.9194,,0.850,0,
1823,11,39,fog-48,1,fog,4400.0,0.0000,0.0000,5,150.500,0.0000,0,0.9175,,0.850,0,
1824,11,39,fog-48,1,fog,4500.0,0.0000,0.0000,0,150.000,,0,0.9156,,0.850,0,
1825,11,39,fog-48,1,fog,4600.0,0.0000,0.0000,0,150.000,,0,0.9138,,0.850,0,
1826,11,39,fog-48,1,fog,4700.0,0.0000,0.0000,0,150.000,,0,0.9119,,0.850,0,
1827,11,39,fog-48,1,fog,4800.0,0.0000,0.0000,5,150.500,0.0000,0,0.9100,,0.850,0,
1828,11,39,fog-48,1,fog,4900.0,0.0000,0.0000,0,150.000,,0,0.9081,,0.850,0,
1829,11,39,fog-48,1,fog,5000.0,0.0000,0.0000,0,150.000,,0,0.9063,,0.850,0,
1830,11,40,fog-49,1,fog,0.0,0.0000,0.0000,0,150.000,,0,1.0000,,0.850,0,
1831,11,40,fog-49,1,fog,100.0,0.0000,0.0000,2,150.200,,0,0.9981,,0.850,0,
1832,11,40,fog-49,1,fog,200.0,0.0000,0.0000,10,151.000,1.0000,0,0.9963,,0.850,0,
1833,11,40,fog-49,1,fog,300.0,0.0000,0.0000,8,150.800,0.8642,0,0.9944,,0.850,0,
1834,11,40,fog-49,1,fog,400.0,0.0000,0.0000,4,150.400,0.3536,0,0.9925,,0.850,0,
1835,11,40,fog-49,1,fog,500.0,0.0000,0.0000,4,150.400,0.0000,0,0.9906,,0.850,0,
1836,11,40,fog-49,1,fog,600.0,0.0000,0.0000,0,150.000,,0,0.9888,,0.850,0,
1837,11,40,fog-49,1,fog,700.0,0.0000,0.0000,0,150.000,,0,0.9869,,0.850,0,
1838,11,40,fog-49,1,fog,800.0,0.0000,0.0000,0,150.000,,0,0.9850,,0.850,0,
1839,11,40,fog-49,1,fog,900.0,0.0000,0.0000,0,150.000,,0,0.9831,,0.850,0,
1840,11,40,fog-49,1,fog,1000.0,0.0000,0.0000,0,150.000,,0,0.9813,,0.850,0,
1841,11,40,fog-49,1,fog,1100.0,0.0000,0.0000,4,150.400,0.3536,0,0.9794,,0.850,0,
1842,11,40,fog-49,1,fog,1200.0,0.0000,0.0000,4,150.400,0.3536,0,0.9775,,0.850,0,
1843,11,40,fog-49,1,fog,1300.0,0.0000,0.0000,4,150.400,0.0000,0,0.9756,,0.850,0,
1844,11,40,fog-49,1,fog,1400.0,0.0000,0.0000,0,150.000,,0,0.9738,,0.850,0,
1845,11,40,fog-49,1,fog,1500.0,0.0000,0.0000,4,150.400,0.3536,0,0.9719,,0.850,0,
1846,11,40,fog-49,1,fog,1600.0,0.0000,0.0000,0,150.000,,0,0.9700,,0.850,0,
1847,11,40,fog-49,1,fog,1700.0,0.0000,0.0000,0,150.000,,0,0.9681,,0.850,0,
1848,11,40,fog-49,1,fog,1800.0,0.0000,0.0000,0,150.000,,0,0.9663,,0.850,0,
1849,11,40,fog-49,1,fog,1900.0,0.0000,0.0000,0,150.000,,0,0.9644,,0.850,0,
1850,11,40,fog-49,1,fog,2000.0,0.0000,0.0000,0,150.000,,0,0.9625,,0.850,0,
1851,11,40,fog-49,1,fog,2100.0,0.0000,0.0000,5,150.500,0.0000,0,0.9606,,0.850,0,
1852,11,40,fog-49,1,fog,2200.0,0.0000,0.0000,5,150.500,0.0000,0,0.9588,,0.850,0,
1853,11,40,fog-49,1,fog,2300.0,0.0000,0.0000,5,150.500,0.0000,0,0.9569,,0.850,0,
1854,11,40,fog-49,1,fog,2400.0,0.0000,0.0000,8,150.800,0.8660,0,0.9550,,0.850,0,
1855,11,40,fog-49,1,fog,2500.0,0.0000,0.0000,9,150.900,0.9976,0,0.9531,,0.850,0,
1856,11,40,fog-49,1,fog,2600.0,0.0000,0.0000,9,150.900,0.9976,0,0.9513,,0.850,0,
1857,11,40,fog-49,1,fog,2700.0,0.0000,0.0000,7,150.700,0.7058,0,0.9494,,0.850,0,
1858,11,40,fog-49,1,fog,2800.0,0.0000,0.0000,0,150.000,,0,0.9475,,0.850,0,
1859,11,40,fog-49,1,fog,2900.0,0.0000,0.0000,0,150.000,,0,0.9456,,0.850,0,
1860,11,40,fog-49,1,fog,3000.0,0.0000,0.0000,0,150.000,,0,0.9438,,0.850,0,
1861,11,40,fog-49,1,fog,3100.0,0.0000,0.0000,0,150.000,,0,0.9419,,0.850,0,
1862,11,40,fog-49,1,fog,3200.0,0.0000,0.0000,4,150.400,0.3536,0,0.9400,,0.850,0,
1863,11,40,fog-49,1,fog,3300.0,0.0000,0.0000,4,150.400,0.3536,0,0.9381,,0.850,0,
1864,11,40,fog-49,1,fog,3400.0,0.0000,0.0000,5,150.500,0.0000,0,0.9363,,0.850,0,
1865,11,40,fog-49,1,fog,3500.0,0.0000,0.0000,5,150.500,0.0000,0,0.9344,,0.850,0,
1866,11,40,fog-49,1,fog,3600.0,0.0000,0.0000,0,150.000,,0,0.9325,,0.850,0,
1867,11,40,fog-49,1,fog,3700.0,0.0000,0.0000,0,150.000,,0,0.9306,,0.850,0,
1868,11,40,fog-49,1,fog,3800.0,0.0000,0.0000,0,150.000,,0,0.9288,,0.850,0,
1869,11,40,fog-49,1,fog,3900.0,0.0000,0.0000,5,150.500,0.0000,0,0.9269,,0.850,0,
1870,11,40,fog-49,1,fog,4000.0,0.0000,0.0000,0,150.000,,0,0.9250,,0.850,0,
1871,11,40,fog-49,1,fog,4100.0,0.0000,0.0000,0,150.000,,0,0.9231,,0.850,0,
1872,11,40,fog-49,1,fog,4200.0,0.0000,0.0000,0,150.000,,0,0.9213,,0.850,0,
1873,11,40,fog-49,1,fog,4300.0,0.0000,0.0000,0,150.000,,0,0.9194,,0.850,0,
1874,11,40,fog-49,1,fog,4400.0,0.0000,0.0000,0,150.000,,0,0.9175,,0.850,0,
1875,11,40,fog-49,1,fog,4500.0,0.0000,0.0000,0,150.000,,0,0.9156,,0.850,0,
1876,11,40,fog-49,1,fog,4600.0,0.0000,0.0000,0,150.000,,0,0.9138,,0.850,0,
1877,11,40,fog-49,1,fog,4700.0,0.0000,0.0000,0,150.000,,0,0.9119,,0.850,0,
1878,11,40,fog-49,1,fog,4800.0,0.0000,0.0000,5,150.500,0.0000,0,0.9100,,0.850,0,
1879,11,40,fog-49,1,fog,4900.0,0.0000,0.0000,0,150.000,,0,0.9081,,0.850,0,
1880,11,40,fog-49,1,fog,5000.0,0.0000,0.0000,4,150.400,0.0000,0,0.9063,,0.850,0,
1881,11,41,fog-50,1,fog,0.0,0.0000,0.0000,0,150.000,,0,1.0000,,0.850,0,
1882,11,41,fog-50,1,fog,100.0,0.0000,0.0000,0,150.000,,0,0.9981,,0.850,0,
1883,11,41,fog-50,1,fog,200.0,0.0000,0.0000,0,150.000,,0,0.9963,,0.850,0,
1884,11,41,fog-50,1,fog,300.0,0.0000,0.0000,0,150.000,,0,0.9944,,0.850,0,
1885,11,41,fog-50,1,fog,400.0,0.0000,0.0000,0,150.000,,0,0.9925,,0.850,0,
1886,11,41,fog-50,1,fog,500.0,0.0000,0.0000,0,150.000,,0,0.9906,,0.850,0,
1887,11,41,fog-50,1,fog,600.0,0.0000,0.0000,0,150.000,,0,0.9888,,0.850,0,
1888,11,41,fog-50,1,fog,700.0,0.0000,0.0000,0,150.000,,0,0.9869,,0.850,0,
1889,11,41,fog-50,1,fog,800.0,0.0000,0.0000,0,150.000,,0,0.9850,,0.850,0,
1890,11,41,fog-50,1,fog,900.0,0.0000,0.0000,0,150.000,,0,0.9831,,0.850,0,
1891,11,41,fog-50,1,fog,1000.0,0.0000,0.0000,0,150.000,,0,0.9813,,0.850,0,
1892,11,41,fog-50,1,fog,1100.0,0.0000,0.0000,0,150.000,,0,0.9794,,0.850,0,
1893,11,41,fog-50,1,fog,1200.0,0.0000,0.0000,0,150.000,,0,0.9775,,0.850,0,
1894,11,41,fog-50,1,fog,1300.0,0.0000,0.0000,0,150.000,,0,0.9756,,0.850,0,
1895,11,41,fog-50,1,fog,1400.0,0.0000,0.0000,0,150.000,,0,0.9738,,0.850,0,
1896,11,41,fog-50,1,fog,1500.0,0.0000,0.0000,0,150.000,,0,0.9719,,0.850,0,
1897,11,41,fog-50,1,fog,1600.0,0.0000,0.0000,0,150.000,,0,0.9700,,0.850,0,
1898,11,41,fog-50,1,fog,1700.0,0.0000,0.0000,0,150.000,,0,0.9681,,0.850,0,
1899,11,41,fog-50,1,fog,1800.0,0.0000,0.0000,0,150.000,,0,0.9663,,0.850,0,
1900,11,41,fog-50,1,fog,1900.0,0.0000,0.0000,0,150.000,,0,0.9644,,0.850,0,
1901,11,41,fog-50,1,fog,2000.0,0.0000,0.0000,0,150.000,,0,0.9625,,0.850,0,
1902,11,41,fog-50,1,fog,2100.0,0.0000,0.0000,0,150.000,,0,0.9606,,0.850,0,
1903,11,41,fog-50,1,fog,2200.0,0.0000,0.0000,0,150.000,,0,0.9588,,0.850,0,
1904,11,41,fog-50,1,fog,2300.0,0.0000,0.0000,0,150.000,,0,0.9569,,0.850,0,
1905,11,41,fog-50,1,fog,2400.0,0.0000,0.0000,0,150.000,,0,0.9550,,0.850,0,
1906,11,41,fog-50,1,fog,2500.0,0.0000,0.0000,0,150.000,,0,0.9531,,0.850,0,
1907,11,41,fog-50,1,fog,2600.0,0.0000,0.0000,0,150.000,,0,0.9513,,0.850,0,
1908,11,41,fog-50,1,fog,2700.0,0.0000,0.0000,0,150.000,,0,0.9494,,0.850,0,
1909,11,41,fog-50,1,fog,2800.0,0.0000,0.0000,0,150.000,,0,0.9475,,0.850,0,
1910,11,41,fog-50,1,fog,2900.0,0.0000,0.0000,0,150.000,,0,0.9456,,0.850,0,
1911,11,41,fog-50,1,fog,3000.0,0.0000,0.0000,0,150.000,,0,0.9438,,0.850,0,
1912,11,41,fog-50,1,fog,3100.0,0.0000,0.0000,0,150.000,,0,0.9419,,0.850,0,
1913,11,41,fog-50,1,fog,3200.0,0.0000,0.0000,0,150.000,,0,0.9400,,0.850,0,
1914,11,41,fog-50,1,fog,3300.0,0.0000,0.0000,0,150.000,,0,0.9381,,0.850,0,
1915,11,41,fog-50,1,fog,3400.0,0.0000,0.0000,0,150.000,,0,0.9363,,0.850,0,
1916,11,41,fog-50,1,fog,3500.0,0.0000,0.0000,0,150.000,,0,0.9344,,0.850,0,
1917,11,41,fog-50,1,fog,3600.0,0.0000,0.0000,0,150.000,,0,0.9325,,0.850,0,
1918,11,41,fog-50,1,fog,3700.0,0.0000,0.0000,0,150.000,,0,0.9306,,0.850,0,
1919,11,41,fog-50,1,fog,3800.0,0.0000,0.0000,0,150.000,,0,0.9288,,0.850,0,
1920,11,41,fog-50,1,fog,3900.0,0.0000,0.0000,0,150.000,,0,0.9269,,0.850,0,
1921,11,41,fog-50,1,fog,4000.0,0.0000,0.0000,0,150.000,,0,0.9250,,0.850,0,
1922,11,41,fog-50,1,fog,4100.0,0.0000,0.0000,0,150.000,,0,0.9231,,0.850,0,
1923,11,41,fog-50,1,fog,4200.0,0.0000,0.0000,0,150.000,,0,0.9213,,0.850,0,
1924,11,41,fog-50,1,fog,4300.0,0.0000,0.0000,0,150.000,,0,0.9194,,0.850,0,
1925,11,41,fog-50,1,fog,4400.0,0.0000,0.0000,0,150.000,,0,0.9175,,0.850,0,
1926,11,41,fog-50,1,fog,4500.0,0.0000,0.0000,0,150.000,,0,0.9156,,0.850,0,
1927,11,41,fog-50,1,fog,4600.0,0.0000,0.0000,0,150.000,,0,0.9138,,0.850,0,
1928,11,41,fog-50,1,fog,4700.0,0.0000,0.0000,0,150.000,,0,0.9119,,0.850,0,
1929,11,41,fog-50,1,fog,4800.0,0.0000,0.0000,0,150.000,,0,0.9100,,0.850,0,
1930,11,41,fog-50,1,fog,4900.0,0.0000,0.0000,0,150.000,,0,0.9081,,0.850,0,
1931,11,41,fog-50,1,fog,5000.0,0.0000,0.0000,0,150.000,,0,0.9063,,0.850,0,
1932,11,42,fog-51,1,fog,0.0,0.0000,0.0000,0,150.000,,0,1.0000,,0.850,0,
1933,11,42,fog-51,1,fog,100.0,0.0000,0.0000,0,150.000,,0,0.9981,,0.850,0,
1934,11,42,fog-51,1,fog,200.0,0.0000,0.0000,0,150.000,,0,0.9963,,0.850,0,
1935,11,42,fog-51,1,fog,300.0,0.0000,0.0000,0,150.000,,0,0.9944,,0.850,0,
1936,11,42,fog-51,1,fog,400.0,0.0000,0.0000,0,150.000,,0,0.9925,,0.850,0,
1937,11,42,fog-51,1,fog,500.0,0.0000,0.0000,0,150.000,,0,0.9906,,0.850,0,
1938,11,42,fog-51,1,fog,600.0,0.0000,0.0000,0,150.000,,0,0.9888,,0.850,0,
1939,11,42,fog-51,1,fog,700.0,0.0000,0.0000,0,150.000,,0,0.9869,,0.850,0,
1940,11,42,fog-51,1,fog,800.0,0.0000,0.0000,0,150.000,,0,0.9850,,0.850,0,
1941,11,42,fog-51,1,fog,900.0,0.0000,0.0000,0,150.000,,0,0.9831,,0.850,0,
1942,11,42,fog-51,1,fog,1000.0,0.0000,0.0000,0,150.000,,0,0.9813,,0.850,0,
1943,11,42,fog-51,1,fog,1100.0,0.0000,0.0000,0,150.000,,0,0.9794,,0.850,0,
1944,11,42,fog-51,1,fog,1200.0,0.0000,0.0000,0,150.000,,0,0.9775,,0.850,0,
1945,11,42,fog-51,1,fog,1300.0,0.0000,0.0000,0,150.000,,0,0.9756,,0.850,0,
1946,11,42,fog-51,1,fog,1400.0,0.0000,0.0000,0,150.000,,0,0.9738,,0.850,0,
1947,11,42,fog-51,1,fog,1500.0,0.0000,0.0000,0,150.000,,0,0.9719,,0.850,0,
1948,11,42,fog-51,1,fog,1600.0,0.0000,0.0000,0,150.000,,0,0.9700,,0.850,0,
1949,11,42,fog-51,1,fog,1700.0,0.0000,0.0000,0,150.000,,0,0.9681,,0.850,0,
1950,11,42,fog-51,1,fog,1800.0,0.0000,0.0000,0,150.000,,0,0.9663,,0.850,0,
1951,11,42,fog-51,1,fog,1900.0,0.0000,0.0000,0,150.000,,0,0.9644,,0.850,0,
1952,11,42,fog-51,1,fog,2000.0,0.0000,0.0000,0,150.000,,0,0.9625,,0.850,0,
1953,11,42,fog-51,1,fog,2100.0,0.0000,0.0000,0,150.000,,0,0.9606,,0.850,0,
1954,11,42,fog-51,1,fog,2200.0,0.0000,0.0000,0,150.000,,0,0.9588,,0.850,0,
1955,11,42,fog-51,1,fog,2300.0,0.0000,0.0000,0,150.000,,0,0.9569,,0.850,0,
1956,11,42,fog-51,1,fog,2400.0,0.0000,0.0000,0,150.000,,0,0.9550,,0.850,0,
1957,11,42,fog-51,1,fog,2500.0,0.0000,0.0000,0,150.000,,0,0.9531,,0.850,0,
1958,11,42,fog-51,1,fog,2600.0,0.0000,0.0000,0,150.000,,0,0.9513,,0.850,0,
1959,11,42,fog-51,1,fog,2700.0,0.0000,0.0000,0,150.000,,0,0.9494,,0.850,0,
1960,11,42,fog-51,1,fog,2800.0,0.0000,0.0000,0,150.000,,0,0.9475,,0.850,0,
1961,11,42,fog-51,1,fog,2900.0,0.0000,0.0000,0,150.000,,0,0.9456,,0.850,0,
1962,11,42,fog-51,1,fog,3000.0,0.0000,0.0000,0,150.000,,0,0.9438,,0.850,0,
1963,11,42,fog-51,1,fog,3100.0,0.0000,0.0000,0,150.000,,0,0.9419,,0.850,0,
1964,11,42,fog-51,1,fog,3200.0,0.0000,0.0000,0,150.000,,0,0.9400,,0.850,0,
1965,11,42,fog-51,1,fog,3300.0,0.0000,0.0000,0,150.000,,0,0.9381,,0.850,0,
1966,11,42,fog-51,1,fog,3400.0,0.0000,0.0000,0,150.000,,0,0.9363,,0.850,0,
1967,11,42,fog-51,1,fog,3500.0,0.0000,0.0000,0,150.000,,0,0.9344,,0.850,0,
1968,11,42,fog-51,1,fog,3600.0,0.0000,0.0000,0,150.000,,0,0.9325,,0.850,0,
1969,11,42,fog-51,1,fog,3700.0,0.0000,0.0000,0,150.000,,0,0.9306,,0.850,0,
1970,11,42,fog-51,1,fog,3800.0,0.0000,0.0000,0,150.000,,0,0.9288,,0.850,0,
1971,11,42,fog-51,1,fog,3900.0,0.0000,0.0000,0,150.000,,0,0.9269,,0.850,0,
1972,11,42,fog-51,1,fog,4000.0,0.0000,0.0000,0,150.000,,0,0.9250,,0.850,0,
1973,11,42,fog-51,1,fog,4100.0,0.0000,0.0000,0,150.000,,0,0.9231,,0.850,0,
1974,11,42,fog-51,1,fog,4200.0,0.0000,0.0000,0,150.000,,0,0.9213,,0.850,0,
1975,11,42,fog-51,1,fog,4300.0,0.0000,0.0000,0,150.000,,0,0.9194,,0.850,0,
1976,11,42,fog-51,1,fog,4400.0,0.0000,0.0000,0,150.000,,0,0.9175,,0.850,0,
1977,11,42,fog-51,1,fog,4500.0,0.0000,0.0000,0,150.000,,0,0.9156,,0.850,0,
1978,11,42,fog-51,1,fog,4600.0,0.0000,0.0000,0,150.000,,0,0.9138,,0.850,0,
1979,11,42,fog-51,1,fog,4700.0,0.0000,0.0000,0,150.000,,0,0.9119,,0.850,0,
1980,11,42,fog-51,1,fog,4800.0,0.0000,0.0000,0,150.000,,0,0.9100,,0.850,0,
1981,11,42,fog-51,1,fog,4900.0,0.0000,0.0000,0,150.000,,0,0.9081,,0.850,0,
1982,11,42,fog-51,1,fog,5000.0,0.0000,0.0000,0,150.000,,0,0.9063,,0.850,0,
1983,11,43,fog-52,1,fog,0.0,0.0000,0.0000,0,150.000,,0,1.0000,,0.850,0,
1984,11,43,fog-52,1,fog,100.0,0.0000,0.0000,0,150.000,,0,0.9981,,0.850,0,
1985,11,43,fog-52,1,fog,200.0,0.0000,0.0000,0,150.000,,0,0.9963,,0.850,0,
1986,11,43,fog-52,1,fog,300.0,0.0000,0.0000,0,150.000,,0,0.9944,,0.850,0,
1987,11,43,fog-52,1,fog,400.0,0.0000,0.0000,0,150.000,,0,0.9925,,0.850,0,
1988,11,43,fog-52,1,fog,500.0,0.0000,0.0000,0,150.000,,0,0.9906,,0.850,0,
1989,11,43,fog-52,1,fog,600.0,0.0000,0.0000,0,150.000,,0,0.9888,,0.850,0,
1990,11,43,fog-52,1,fog,700.0,0.0000,0.0000,0,150.000,,0,0.9869,,0.850,0,
1991,11,43,fog-52,1,fog,800.0,0.0000,0.0000,0,150.000,,0,0.9850,,0.850,0,
1992,11,43,fog-52,1,fog,900.0,0.0000,0.0000,0,150.000,,0,0.9831,,0.850,0,
1993,11,43,fog-52,1,fog,1000.0,0.0000,0.0000,0,150.000,,0,0.9813,,0.850,0,
1994,11,43,fog-52,1,fog,1100.0,0.0000,0.0000,0,150.000,,0,0.9794,,0.850,0,
1995,11,43,fog-52,1,fog,1200.0,0.0000,0.0000,0,150.000,,0,0.9775,,0.850,0,
1996,11,43,fog-52,1,fog,1300.0,0.0000,0.0000,0,150.000,,0,0.9756,,0.850,0,
1997,11,43,fog-52,1,fog,1400.0,0.0000,0.0000,0,150.000,,0,0.9738,,0.850,0,
1998,11,43,fog-52,1,fog,1500.0,0.0000,0.0000,0,150.000,,0,0.9719,,0.850,0,
1999,11,43,fog-52,1,fog,1600.0,0.0000,0.0000,0,150.000,,0,0.9700,,0.850,0,
2000,11,43,fog-52,1,fog,1700.0,0.0000,0.0000,0,150.000,,0,0.9681,,0.850,0,
2001,11,43,fog-52,1,fog,1800.0,0.0000,0.0000,0,150.000,,0,0.9663,,0.850,0,
2002,11,43,fog-52,1,fog,1900.0,0.0000,0.0000,0,150.000,,0,0.9644,,0.850,0,
2003,11,43,fog-52,1,fog,2000.0,0.0000,0.0000,0,150.000,,0,0.9625,,0.850,0,
2004,11,43,fog-52,1,fog,2100.0,0.0000,0.0000,0,150.000,,0,0.9606,,0.850,0,
2005,11,43,fog-52,1,fog,2200.0,0.0000,0.0000,0,150.000,,0,0.9588,,0.850,0,
2006,11,43,fog-52,1,fog,2300.0,0.0000,0.0000,0,150.000,,0,0.9569,,0.850,0,
2007,11,43,fog-52,1,fog,2400.0,0.0000,0.0000,0,150.000,,0,0.9550,,0.850,0,
2008,11,43,fog-52,1,fog,2500.0,0.0000,0.0000,0,150.000,,0,0.9531,,0.850,0,
2009,11,43,fog-52,1,fog,2600.0,0.0000,0.0000,0,150.000,,0,0.9513,,0.850,0,
2010,11,43,fog-52,1,fog,2700.0,0.0000,0.0000,0,150.000,,0,0.9494,,0.850,0,
2011,11,43,fog-52,1,fog,2800.0,0.0000,0.0000,0,150.000,,0,0.9475,,0.850,0,
2012,11,43,fog-52,1,fog,2900.0,0.0000,0.0000,0,150.000,,0,0.9456,,0.850,0,
2013,11,43,fog-52,1,fog,3000.0,0.0000,0.0000,0,150.000,,0,0.9438,,0.850,0,
2014,11,43,fog-52,1,fog,3100.0,0.0000,0.0000,0,150.000,,0,0.9419,,0.850,0,
2015,11,43,fog-52,1,fog,3200.0,0.0000,0.0000,0,150.000,,0,0.9400,,0.850,0,
2016,11,43,fog-52,1,fog,3300.0,0.0000,0.0000,0,150.000,,0,0.9381,,0.850,0,
2017,11,43,fog-52,1,fog,3400.0,0.0000,0.0000,0,150.000,,0,0.9363,,0.850,0,
2018,11,43,fog-52,1,fog,3500.0,0.0000,0.0000,0,150.000,,0,0.9344,,0.850,0,
2019,11,43,fog-52,1,fog,3600.0,0.0000,0.0000,0,150.000,,0,0.9325,,0.850,0,
2020,11,43,fog-52,1,fog,3700.0,0.0000,0.0000,0,150.000,,0,0.9306,,0.850,0,
2021,11,43,fog-52,1,fog,3800.0,0.0000,0.0000,0,150.000,,0,0.9288,,0.850,0,
2022,11,43,fog-52,1,fog,3900.0,0.0000,0.0000,0,150.000,,0,0.9269,,0.850,0,
2023,11,43,fog-52,1,fog,4000.0,0.0000,0.0000,0,150.000,,0,0.9250,,0.850,0,
2024,11,43,fog-52,1,fog,4100.0,0.0000,0.0000,0,150.000,,0,0.9231,,0.850,0,
2025,11,43,fog-52,1,fog,4200.0,0.0000,0.0000,0,150.000,,0,0.9213,,0.850,0,
2026,11,43,fog-52,1,fog,4300.0,0.0000,0.0000,0,150.000,,0,0.9194,,0.850,0,
2027,11,43,fog-52,1,fog,4400.0,0.0000,0.0000,0,150.000,,0,0.9175,,0.850,0,
2028,11,43,fog-52,1,fog,4500.0,0.0000,0.0000,0,150.000,,0,0.9156,,0.850,0,
2029,11,43,fog-52,1,fog,4600.0,0.0000,0.0000,0,150.000,,0,0.9138,,0.850,0,
2030,11,43,fog-52,1,fog,4700.0,0.0000,0.0000,0,150.000,,0,0.9119,,0.850,0,
2031,11,43,fog-52,1,fog,4800.0,0.0000,0.0000,0,150.000,,0,0.9100,,0.850,0,
2032,11,43,fog-52,1,fog,4900.0,0.0000,0.0000,0,150.000,,0,0.9081,,0.850,0,
2033,11,43,fog-52,1,fog,5000.0,0.0000,0.0000,0,150.000,,0,0.9063,,0.850,0,
2034,11,44,fog-53,1,fog,0.0,0.0000,0.0000,0,150.000,,0,1.0000,,0.850,0,3456.1
2035,11,44,fog-53,1,fog,100.0,0.0000,0.0000,0,150.000,,0,0.9981,,0.850,0,3456.1
2036,11,44,fog-53,1,fog,200.0,0.0000,0.0000,0,150.000,,0,0.9963,,0.850,0,3456.1
2037,11,44,fog-53,1,fog,300.0,0.0000,0.0000,0,150.000,,0,0.9944,,0.850,0,3456.1
2038,11,44,fog-53,1,fog,400.0,0.0000,0.0000,0,150.000,,0,0.9925,,0.850,0,3456.1
2039,11,44,fog-53,1,fog,500.0,0.0000,0.0000,0,150.000,,0,0.9906,,0.850,0,3456.1
2040,11,44,fog-53,1,fog,600.0,0.0000,0.0000,0,150.000,,0,0.9888,,0.850,0,3456.1
2041,11,44,fog-53,1,fog,700.0,0.0000,0.0000,0,150.000,,0,0.9869,,0.850,0,3456.1
2042,11,44,fog-53,1,fog,800.0,0.0000,0.0000,0,150.000,,0,0.9850,,0.850,0,3456.1
2043,11,44,fog-53,1,fog,900.0,0.0000,0.0000,0,150.000,,0,0.9831,,0.850,0,3456.1
2044,11,44,fog-53,1,fog,1000.0,0.0000,0.0000,0,150.000,,0,0.9813,,0.850,0,3456.1
2045,11,44,fog-53,1,fog,1100.0,0.0000,0.0000,0,150.000,,0,0.9794,,0.850,0,3456.1
2046,11,44,fog-53,1,fog,1200.0,0.0000,0.0000,0,150.000,,0,0.9775,,0.850,0,3456.1
2047,11,44,fog-53,1,fog,1300.0,0.0000,0.0000,0,150.000,,0,0.9756,,0.850,0,3456.1
2048,11,44,fog-53,1,fog,1400.0,0.0000,0.0000,0,150.000,,0,0.9738,,0.850,0,3456.1
2049,11,44,fog-53,1,fog,1500.0,0.0000,0.0000,0,150.000,,0,0.9719,,0.850,0,3456.1
2050,11,44,fog-53,1,fog,1600.0,0.0000,0.0000,0,150.000,,0,0.9700,,0.850,0,3456.1
2051,11,44,fog-53,1,fog,1700.0,0.0000,0.0000,0,150.000,,0,0.9681,,0.850,0,3456.1
2052,11,44,fog-53,1,fog,1800.0,0.0000,0.0000,0,150.000,,0,0.9663,,0.850,0,3456.1
2053,11,44,fog-53,1,fog,1900.0,0.0000,0.0000,0,150.000,,0,0.9644,,0.850,0,3456.1
2054,11,44,fog-53,1,fog,2000.0,0.0000,0.0000,0,150.000,,0,0.9625,,0.850,0,3456.1
2055,11,44,fog-53,1,fog,2100.0,0.0000,0.0000,0,150.000,,0,0.9606,,0.850,0,3456.1
2056,11,44,fog-53,1,fog,2200.0,0.0000,0.0000,0,150.000,,0,0.9588,,0.850,0,3456.1
2057,11,44,fog-53,1,fog,2300.0,0.0000,0.0000,0,150.000,,0,0.9569,,0.850,0,3456.1
2058,11,44,fog-53,1,fog,2400.0,0.0000,0.0000,0,150.000,,0,0.9550,,0.850,0,3456.1
2059,11,44,fog-53,1,fog,2500.0,0.0000,0.0000,0,150.000,,0,0.9531,,0.850,0,3456.1
2060,11,44,fog-53,1,fog,2600.0,0.0000,0.0000,0,150.000,,0,0.9513,,0.850,0,3456.1
2061,11,44,fog-53,1,fog,2700.0,0.0000,0.0000,0,150.000,,0,0.9494,,0.850,0,3456.1
2062,11,44,fog-53,1,fog,2800.0,0.0000,0.0000,0,150.000,,0,0.9475,,0.850,0,3456.1
2063,11,44,fog-53,1,fog,2900.0,0.0000,0.0000,0,150.000,,0,0.9456,,0.850,0,3456.1
2064,11,44,fog-53,1,fog,3000.0,0.0000,0.0000,0,150.000,,0,0.9438,,0.850,0,3456.1
2065,11,44,fog-53,1,fog,3100.0,0.0000,0.0000,0,150.000,,0,0.9419,,0.850,0,3456.1
2066,11,44,fog-53,1,fog,3200.0,0.0000,0.0000,0,150.000,,0,0.9400,,0.850,0,3456.1
2067,11,44,fog-53,1,fog,3300.0,0.0000,0.0000,0,150.000,,0,0.9381,,0.850,1,3456.1
2068,11,44,fog-53,1,fog,3400.0,0.0000,0.0000,0,150.000,,0,0.9363,,0.850,1,3456.1
2069,11,45,fog-54,1,fog,0.0,0.0000,0.0000,0,150.000,,0,1.0000,,0.850,0,
2070,11,45,fog-54,1,fog,100.0,0.0000,0.0000,0,150.000,,0,0.9981,,0.850,0,
2071,11,45,fog-54,1,fog,200.0,0.0000,0.0000,0,150.000,,0,0.9963,,0.850,0,
2072,11,45,fog-54,1,fog,300.0,0.0000,0.0000,0,150.000,,0,0.9944,,0.850,0,
2073,11,45,fog-54,1,fog,400.0,0.0000,0.0000,0,150.000,,0,0.9925,,0.850,0,
2074,11,45,fog-54,1,fog,500.0,0.0000,0.0000,0,150.000,,0,0.9906,,0.850,0,
2075,11,45,fog-54,1,fog,600.0,0.0000,0.0000,0,150.000,,0,0.9888,,0.850,0,
2076,11,45,fog-54,1,fog,700.0,0.0000,0.0000,0,150.000,,0,0.9869,,0.850,0,
2077,11,45,fog-54,1,fog,800.0,0.0000,0.0000,0,150.000,,0,0.9850,,0.850,0,
2078,11,45,fog-54,1,fog,900.0,0.0000,0.0000,0,150.000,,0,0.9831,,0.850,0,
2079,11,45,fog-54,1,fog,1000.0,0.0000,0.0000,0,150.000,,0,0.9813,,0.850,0,
2080,11,45,fog-54,1,fog,1100.0,0.0000,0.0000,0,150.000,,0,0.9794,,0.850,0,
2081,11,45,fog-54,1,fog,1200.0,0.0000,0.0000,0,150.000,,0,0.9775,,0.850,0,
2082,11,45,fog-54,1,fog,1300.0,0.0000,0.0000,0,150.000,,0,0.9756,,0.850,0,
2083,11,45,fog-54,1,fog,1400.0,0.0000,0.0000,0,150.000,,0,0.9738,,0.850,0,
2084,11,45,fog-54,1,fog,1500.0,0.0000,0.0000,0,150.000,,0,0.9719,,0.850,0,
2085,11,45,fog-54,1,fog,1600.0,0.0000,0.0000,0,150.000,,0,0.9700,,0.850,0,
2086,11,45,fog-54,1,fog,1700.0,0.0000,0.0000,0,150.000,,0,0.9681,,0.850,0,
2087,11,45,fog-54,1,fog,1800.0,0.0000,0.0000,0,150.000,,0,0.9663,,0.850,0,
2088,11,45,fog-54,1,fog,1900.0,0.0000,0.0000,0,150.000,,0,0.9644,,0.850,0,
2089,11,45,fog-54,1,fog,2000.0,0.0000,0.0000,0,150.000,,0,0.9625,,0.850,0,
2090,11,45,fog-54,1,fog,2100.0,0.0000,0.0000,0,150.000,,0,0.9606,,0.850,0,
2091,11,45,fog-54,1,fog,2200.0,0.0000,0.0000,0,150.000,,0,0.9588,,0.850,0,
2092,11,45,fog-54,1,fog,2300.0,0.0000,0.0000,0,150.000,,0,0.9569,,0.850,0,
2093,11,45,fog-54,1,fog,2400.0,0.0000,0.0000,0,150.000,,0,0.9550,,0.850,0,
2094,11,45,fog-54,1,fog,2500.0,0.0000,0.0000,0,150.000,,0,0.9531,,0.850,0,
2095,11,45,fog-54,1,fog,2600.0,0.0000,0.0000,0,150.000,,0,0.9513,,0.850,0,
2096,11,45,fog-54,1,fog,2700.0,0.0000,0.0000,0,150.000,,0,0.9494,,0.850,0,
2097,11,45,fog-54,1,fog,2800.0,0.0000,0.0000,0,150.000,,0,0.9475,,0.850,0,
2098,11,45,fog-54,1,fog,2900.0,0.0000,0.0000,0,150.000,,0,0.9456,,0.850,0,
2099,11,45,fog-54,1,fog,3000.0,0.0000,0.0000,0,150.000,,0,0.9438,,0.850,0,
2100,11,45,fog-54,1,fog,3100.0,0.0000,0.0000,0,150.000,,0,0.9419,,0.850,0,
2101,11,45,fog-54,1,fog,3200.0,0.0000,0.0000,0,150.000,,0,0.9400,,0.850,0,
2102,11,45,fog-54,1,fog,3300.0,0.0000,0.0000,0,150.000,,0,0.9381,,0.850,0,
2103,11,45,fog-54,1,fog,3400.0,0.0000,0.0000,0,150.000,,0,0.9363,,0.850,0,
2104,11,45,fog-54,1,fog,3500.0,0.0000,0.0000,0,150.000,,0,0.9344,,0.850,0,
2105,11,45,fog-54,1,fog,3600.0,0.0000,0.0000,0,150.000,,0,0.9325,,0.850,0,
2106,11,45,fog-54,1,fog,3700.0,0.0000,0.0000,0,150.000,,0,0.9306,,0.850,0,
2107,11,45,fog-54,1,fog,3800.0,0.0000,0.0000,0,150.000,,0,0.9288,,0.850,0,
2108,11,45,fog-54,1,fog,3900.0,0.0000,0.0000,0,150.000,,0,0.9269,,0.850,0,
2109,11,45,fog-54,1,fog,4000.0,0.0000,0.0000,0,150.000,,0,0.9250,,0.850,0,
2110,11,45,fog-54,1,fog,4100.0,0.0000,0.0000,0,150.000,,0,0.9231,,0.850,0,
2111,11,45,fog-54,1,fog,4200.0,0.0000,0.0000,0,150.000,,0,0.9213,,0.850,0,
2112,11,45,fog-54,1,fog,4300.0,0.0000,0.0000,0,150.000,,0,0.9194,,0.850,0,
2113,11,45,fog-54,1,fog,4400.0,0.0000,0.0000,0,150.000,,0,0.9175,,0.850,0,
2114,11,45,fog-54,1,fog,4500.0,0.0000,0.0000,0,150.000,,0,0.9156,,0.850,0,
2115,11,45,fog-54,1,fog,4600.0,0.0000,0.0000,0,150.000,,0,0.9138,,0.850,0,
2116,11,45,fog-54,1,fog,4700.0,0.0000,0.0000,0,150.000,,0,0.9119,,0.850,0,
2117,11,45,fog-54,1,fog,4800.0,0.0000,0.0000,0,150.000,,0,0.9100,,0.850,0,
2118,11,45,fog-54,1,fog,4900.0,0.0000,0.0000,0,150.000,,0,0.9081,,0.850,0,
2119,11,45,fog-54,1,fog,5000.0,0.0000,0.0000,0,150.000,,0,0.9063,,0.850,0,
2120,11,46,fog-55,1,fog,0.0,0.0000,0.0000,0,150.000,,0,1.0000,,0.850,0,
2121,11,46,fog-55,1,fog,100.0,0.0000,0.0000,0,150.000,,0,0.9981,,0.850,0,
2122,11,46,fog-55,1,fog,200.0,0.0000,0.0000,0,150.000,,0,0.9963,,0.850,0,
2123,11,46,fog-55,1,fog,300.0,0.0000,0.0000,0,150.000,,0,0.9944,,0.850,0,
2124,11,46,fog-55,1,fog,400.0,0.0000,0.0000,0,150.000,,0,0.9925,,0.850,0,
2125,11,46,fog-55,1,fog,500.0,0.0000,0.0000,0,150.000,,0,0.9906,,0.850,0,
2126,11,46,fog-55,1,fog,600.0,0.0000,0.0000,0,150.000,,0,0.9888,,0.850,0,
2127,11,46,fog-55,1,fog,700.0,0.0000,0.0000,0,150.000,,0,0.9869,,0.850,0,
2128,11,46,fog-55,1,fog,800.0,0.0000,0.0000,0,150.000,,0,0.9850,,0.850,0,
2129,11,46,fog-55,1,fog,900.0,0.0000,0.0000,0,150.000,,0,0.9831,,0.850,0,
2130,11,46,fog-55,1,fog,1000.0,0.0000,0.0000,0,150.000,,0,0.9813,,0.850,0,
2131,11,46,fog-55,1,fog,1100.0,0.0000,0.0000,0,150.000,,0,0.9794,,0.850,0,
2132,11,46,fog-55,1,fog,1200.0,0.0000,0.0000,0,150.000,,0,0.9775,,0.850,0,
2133,11,46,fog-55,1,fog,1300.0,0.0000,0.0000,0,150.000,,0,0.9756,,0.850,0,
2134,11,46,fog-55,1,fog,1400.0,0.0000,0.0000,0,150.000,,0,0.9738,,0.850,0,
2135,11,46,fog-55,1,fog,1500.0,0.0000,0.0000,0,150.000,,0,0.9719,,0.850,0,
2136,11,46,fog-55,1,fog,1600.0,0.0000,0.0000,0,150.000,,0,0.9700,,0.850,0,
2137,11,46,fog-55,1,fog,1700.0,0.0000,0.0000,0,150.000,,0,0.9681,,0.850,0,
2138,11,46,fog-55,1,fog,1800.0,0.0000,0.0000,0,150.000,,0,0.9663,,0.850,0,
2139,11,46,fog-55,1,fog,1900.0,0.0000,0.0000,0,150.000,,0,0.9644,,0.850,0,
2140,11,46,fog-55,1,fog,2000.0,0.0000,0.0000,0,150.000,,0,0.9625,,0.850,0,
2141,11,46,fog-55,1,fog,2100.0,0.0000,0.0000,0,150.000,,0,0.9606,,0.850,0,
2142,11,46,fog-55,1,fog,2200.0,0.0000,0.0000,0,150.000,,0,0.9588,,0.850,0,
2143,11,46,fog-55,1,fog,2300.0,0.0000,0.0000,0,150.000,,0,0.9569,,0.850,0,
2144,11,46,fog-55,1,fog,2400.0,0.0000,0.0000,0,150.000,,0,0.9550,,0.850,0,
2145,11,46,fog-55,1,fog,2500.0,0.0000,0.0000,0,150.000,,0,0.9531,,0.850,0,
2146,11,46,fog-55,1,fog,2600.0,0.0000,0.0000,0,150.000,,0,0.9513,,0.850,0,
2147,11,46,fog-55,1,fog,2700.0,0.0000,0.0000,0,150.000,,0,0.9494,,0.850,0,
2148,11,46,fog-55,1,fog,2800.0,0.0000,0.0000,0,150.000,,0,0.9475,,0.850,0,
2149,11,46,fog-55,1,fog,2900.0,0.0000,0.0000,0,150.000,,0,0.9456,,0.850,0,
2150,11,46,fog-55,1,fog,3000.0,0.0000,0.0000,0,150.000,,0,0.9438,,0.850,0,
2151,11,46,fog-55,1,fog,3100.0,0.0000,0.0000,0,150.000,,0,0.9419,,0.850,0,
2152,11,46,fog-55,1,fog,3200.0,0.0000,0.0000,0,150.000,,0,0.9400,,0.850,0,
2153,11,46,fog-55,1,fog,3300.0,0.0000,0.0000,0,150.000,,0,0.9381,,0.850,0,
2154,11,46,fog-55,1,fog,3400.0,0.0000,0.0000,0,150.000,,0,0.9363,,0.850,0,
2155,11,46,fog-55,1,fog,3500.0,0.0000,0.0000,0,150.000,,0,0.9344,,0.850,0,
2156,11,46,fog-55,1,fog,3600.0,0.0000,0.0000,0,150.000,,0,0.9325,,0.850,0,
2157,11,46,fog-55,1,fog,3700.0,0.0000,0.0000,0,150.000,,0,0.9306,,0.850,0,
2158,11,46,fog-55,1,fog,3800.0,0.0000,0.0000,0,150.000,,0,0.9288,,0.850,0,
2159,11,46,fog-55,1,fog,3900.0,0.0000,0.0000,0,150.000,,0,0.9269,,0.850,0,
2160,11,46,fog-55,1,fog,4000.0,0.0000,0.0000,0,150.000,,0,0.9250,,0.850,0,
2161,11,46,fog-55,1,fog,4100.0,0.0000,0.0000,0,150.000,,0,0.9231,,0.850,0,
2162,11,46,fog-55,1,fog,4200.0,0.0000,0.0000,0,150.000,,0,0.9213,,0.850,0,
2163,11,46,fog-55,1,fog,4300.0,0.0000,0.0000,0,150.000,,0,0.9194,,0.850,0,
2164,11,46,fog-55,1,fog,4400.0,0.0000,0.0000,0,150.000,,0,0.9175,,0.850,0,
2165,11,46,fog-55,1,fog,4500.0,0.0000,0.0000,0,150.000,,0,0.9156,,0.850,0,
2166,11,46,fog-55,1,fog,4600.0,0.0000,0.0000,0,150.000,,0,0.9138,,0.850,0,
2167,11,46,fog-55,1,fog,4700.0,0.0000,0.0000,0,150.000,,0,0.9119,,0.850,0,
2168,11,46,fog-55,1,fog,4800.0,0.0000,0.0000,0,150.000,,0,0.9100,,0.850,0,
2169,11,46,fog-55,1,fog,4900.0,0.0000,0.0000,0,150.000,,0,0.9081,,0.850,0,
2170,11,46,fog-55,1,fog,5000.0,0.0000,0.0000,0,150.000,,0,0.9063,,0.850,0,
2171,11,47,fog-56,1,fog,0.0,0.0000,0.0000,0,150.000,,0,1.0000,,0.850,0,
2172,11,47,fog-56,1,fog,100.0,0.0000,0.0000,0,150.000,,0,0.9981,,0.850,0,
2173,11,47,fog-56,1,fog,200.0,0.0000,0.0000,0,150.000,,0,0.9963,,0.850,0,
2174,11,47,fog-56,1,fog,300.0,0.0000,0.0000,0,150.000,,0,0.9944,,0.850,0,
2175,11,47,fog-56,1,fog,400.0,0.0000,0.0000,0,150.000,,0,0.9925,,0.850,0,
2176,11,47,fog-56,1,fog,500.0,0.0000,0.0000,0,150.000,,0,0.9906,,0.850,0,
2177,11,47,fog-56,1,fog,600.0,0.0000,0.0000,0,150.000,,0,0.9888,,0.850,0,
2178,11,47,fog-56,1,fog,700.0,0.0000,0.0000,0,150.000,,0,0.9869,,0.850,0,
2179,11,47,fog-56,1,fog,800.0,0.0000,0.0000,0,150.000,,0,0.9850,,0.850,0,
2180,11,47,fog-56,1,fog,900.0,0.0000,0.0000,0,150.000,,0,0.9831,,0.850,0,
2181,11,47,fog-56,1,fog,1000.0,0.0000,0.0000,0,150.000,,0,0.9813,,0.850,0,
2182,11,47,fog-56,1,fog,1100.0,0.0000,0.0000,0,150.000,,0,0.9794,,0.850,0,
2183,11,47,fog-56,1,fog,1200.0,0.0000,0.0000,0,150.000,,0,0.9775,,0.850,0,
2184,11,47,fog-56,1,fog,1300.0,0.0000,0.0000,0,150.000,,0,0.9756,,0.850,0,
2185,11,47,fog-56,1,fog,1400.0,0.0000,0.0000,0,150.000,,0,0.9738,,0.850,0,
2186,11,47,fog-56,1,fog,1500.0,0.0000,0.0000,0,150.000,,0,0.9719,,0.850,0,
2187,11,47,fog-56,1,fog,1600.0,0.0000,0.0000,0,150.000,,0,0.9700,,0.850,0,
2188,11,47,fog-56,1,fog,1700.0,0.0000,0.0000,0,150.000,,0,0.9681,,0.850,0,
2189,11,47,fog-56,1,fog,1800.0,0.0000,0.0000,0,150.000,,0,0.9663,,0.850,0,
2190,11,47,fog-56,1,fog,1900.0,0.0000,0.0000,0,150.000,,0,0.9644,,0.850,0,
2191,11,47,fog-56,1,fog,2000.0,0.0000,0.0000,0,150.000,,0,0.9625,,0.850,0,
2192,11,47,fog-56,1,fog,2100.0,0.0000,0.0000,0,150.000,,0,0.9606,,0.850,0,
2193,11,47,fog-56,1,fog,2200.0,0.0000,0.0000,0,150.000,,0,0.9588,,0.850,0,
2194,11,47,fog-56,1,fog,2300.0,0.0000,0.0000,0,150.000,,0,0.9569,,0.850,0,
2195,11,47,fog-56,1,fog,2400.0,0.0000,0.0000,0,150.000,,0,0.9550,,0.850,0,
2196,11,47,fog-56,1,fog,2500.0,0.0000,0.0000,0,150.000,,0,0.9531,,0.850,0,
2197,11,47,fog-56,1,fog,2600.0,0.0000,0.0000,0,150.000,,0,0.9513,,0.850,0,
2198,11,47,fog-56,1,fog,2700.0,0.0000,0.0000,0,150.000,,0,0.9494,,0.850,0,
2199,11,47,fog-56,1,fog,2800.0,0.0000,0.0000,0,150.000,,0,0.9475,,0.850,0,
2200,11,47,fog-56,1,fog,2900.0,0.0000,0.0000,0,150.000,,0,0.9456,,0.850,0,
2201,11,47,fog-56,1,fog,3000.0,0.0000,0.0000,0,150.000,,0,0.9438,,0.850,0,
2202,11,47,fog-56,1,fog,3100.0,0.0000,0.0000,0,150.000,,0,0.9419,,0.850,0,
2203,11,47,fog-56,1,fog,3200.0,0.0000,0.0000,0,150.000,,0,0.9400,,0.850,0,
2204,11,47,fog-56,1,fog,3300.0,0.0000,0.0000,0,150.000,,0,0.9381,,0.850,0,
2205,11,47,fog-56,1,fog,3400.0,0.0000,0.0000,0,150.000,,0,0.9363,,0.850,0,
2206,11,47,fog-56,1,fog,3500.0,0.0000,0.0000,0,150.000,,0,0.9344,,0.850,0,
2207,11,47,fog-56,1,fog,3600.0,0.0000,0.0000,0,150.000,,0,0.9325,,0.850,0,
2208,11,47,fog-56,1,fog,3700.0,0.0000,0.0000,0,150.000,,0,0.9306,,0.850,0,
2209,11,47,fog-56,1,fog,3800.0,0.0000,0.0000,0,150.000,,0,0.9288,,0.850,0,
2210,11,47,fog-56,1,fog,3900.0,0.0000,0.0000,0,150.000,,0,0.9269,,0.850,0,
2211,11,47,fog-56,1,fog,4000.0,0.0000,0.0000,0,150.000,,0,0.9250,,0.850,0,
2212,11,47,fog-56,1,fog,4100.0,0.0000,0.0000,0,150.000,,0,0.9231,,0.850,0,
2213,11,47,fog-56,1,fog,4200.0,0.0000,0.0000,0,150.000,,0,0.9213,,0.850,0,
2214,11,47,fog-56,1,fog,4300.0,0.0000,0.0000,0,150.000,,0,0.9194,,0.850,0,
2215,11,47,fog-56,1,fog,4400.0,0.0000,0.0000,0,150.000,,0,0.9175,,0.850,0,
2216,11,47,fog-56,1,fog,4500.0,0.0000,0.0000,0,150.000,,0,0.9156,,0.850,0,
2217,11,47,fog-56,1,fog,4600.0,0.0000,0.0000,0,150.000,,0,0.9138,,0.850,0,
2218,11,47,fog-56,1,fog,4700.0,0.0000,0.0000,0,150.000,,0,0.9119,,0.850,0,
2219,11,47,fog-56,1,fog,4800.0,0.0000,0.0000,0,150.000,,0,0.9100,,0.850,0,
2220,11,47,fog-56,1,fog,4900.0,0.0000,0.0000,0,150.000,,0,0.9081,,0.850,0,
2221,11,47,fog-56,1,fog,5000.0,0.0000,0.0000,0,150.000,,0,0.9063,,0.850,0,
2222,11,48,fog-57,1,fog,0.0,0.0000,0.0000,0,150.000,,0,1.0000,,0.850,0,
2223,11,48,fog-57,1,fog,100.0,0.0000,0.0000,0,150.000,,0,0.9981,,0.850,0,
2224,11,48,fog-57,1,fog,200.0,0.0000,0.0000,0,150.000,,0,0.9963,,0.850,0,
2225,11,48,fog-57,1,fog,300.0,0.0000,0.0000,0,150.000,,0,0.9944,,0.850,0,
2226,11,48,fog-57,1,fog,400.0,0.0000,0.0000,0,150.000,,0,0.9925,,0.850,0,
2227,11,48,fog-57,1,fog,500.0,0.0000,0.0000,0,150.000,,0,0.9906,,0.850,0,
2228,11,48,fog-57,1,fog,600.0,0.0000,0.0000,0,150.000,,0,0.9888,,0.850,0,
2229,11,48,fog-57,1,fog,700.0,0.0000,0.0000,0,150.000,,0,0.9869,,0.850,0,
2230,11,48,fog-57,1,fog,800.0,0.0000,0.0000,0,150.000,,0,0.9850,,0.850,0,
2231,11,48,fog-57,1,fog,900.0,0.0000,0.0000,0,150.000,,0,0.9831,,0.850,0,
2232,11,48,fog-57,1,fog,1000.0,0.0000,0.0000,0,150.000,,0,0.9813,,0.850,0,
2233,11,48,fog-57,1,fog,1100.0,0.0000,0.0000,0,150.000,,0,0.9794,,0.850,0,
2234,11,48,fog-57,1,fog,1200.0,0.0000,0.0000,0,150.000,,0,0.9775,,0.850,0,
2235,11,48,fog-57,1,fog,1300.0,0.0000,0.0000,0,150.000,,0,0.9756,,0.850,0,
2236,11,48,fog-57,1,fog,1400.0,0.0000,0.0000,0,150.000,,0,0.9738,,0.850,0,
2237,11,48,fog-57,1,fog,1500.0,0.0000,0.0000,0,150.000,,0,0.9719,,0.850,0,
2238,11,48,fog-57,1,fog,1600.0,0.0000,0.0000,0,150.000,,0,0.9700,,0.850,0,
2239,11,48,fog-57,1,fog,1700.0,0.0000,0.0000,0,150.000,,0,0.9681,,0.850,0,
2240,11,48,fog-57,1,fog,1800.0,0.0000,0.0000,0,150.000,,0,0.9663,,0.850,0,
2241,11,48,fog-57,1,fog,1900.0,0.0000,0.0000,0,150.000,,0,0.9644,,0.850,0,
2242,11,48,fog-57,1,fog,2000.0,0.0000,0.0000,0,150.000,,0,0.9625,,0.850,0,
2243,11,48,fog-57,1,fog,2100.0,0.0000,0.0000,0,150.000,,0,0.9606,,0.850,0,
2244,11,48,fog-57,1,fog,2200.0,0.0000,0.0000,0,150.000,,0,0.9588,,0.850,0,
2245,11,48,fog-57,1,fog,2300.0,0.0000,0.0000,0,150.000,,0,0.9569,,0.850,0,
2246,11,48,fog-57,1,fog,2400.0,0.0000,0.0000,0,150.000,,0,0.9550,,0.850,0,
2247,11,48,fog-57,1,fog,2500.0,0.0000,0.0000,0,150.000,,0,0.9531,,0.850,0,
2248,11,48,fog-57,1,fog,2600.0,0.0000,0.0000,0,150.000,,0,0.9513,,0.850,0,
2249,11,48,fog-57,1,fog,2700.0,0.0000,0.0000,0,150.000,,0,0.9494,,0.850,0,
2250,11,48,fog-57,1,fog,2800.0,0.0000,0.0000,0,150.000,,0,0.9475,,0.850,0,
2251,11,48,fog-57,1,fog,2900.0,0.0000,0.0000,0,150.000,,0,0.9456,,0.850,0,
2252,11,48,fog-57,1,fog,3000.0,0.0000,0.0000,0,150.000,,0,0.9438,,0.850,0,
2253,11,48,fog-57,1,fog,3100.0,0.0000,0.0000,0,150.000,,0,0.9419,,0.850,0,
2254,11,48,fog-57,1,fog,3200.0,0.0000,0.0000,0,150.000,,0,0.9400,,0.850,0,
2255,11,48,fog-57,1,fog,3300.0,0.0000,0.0000,0,150.000,,0,0.9381,,0.850,0,
2256,11,48,fog-57,1,fog,3400.0,0.0000,0.0000,0,150.000,,0,0.9363,,0.850,0,
2257,11,48,fog-57,1,fog,3500.0,0.0000,0.0000,0,150.000,,0,0.9344,,0.850,0,
2258,11,48,fog-57,1,fog,3600.0,0.0000,0.0000,0,150.000,,0,0.9325,,0.850,0,
2259,11,48,fog-57,1,fog,3700.0,0.0000,0.0000,0,150.000,,0,0.9306,,0.850,0,
2260,11,48,fog-57,1,fog,3800.0,0.0000,0.0000,0,150.000,,0,0.9288,,0.850,0,
2261,11,48,fog-57,1,fog,3900.0,0.0000,0.0000,0,150.000,,0,0.9269,,0.850,0,
2262,11,48,fog-57,1,fog,4000.0,0.0000,0.0000,0,150.000,,0,0.9250,,0.850,0,
2263,11,48,fog-57,1,fog,4100.0,0.0000,0.0000,0,150.000,,0,0.9231,,0.850,0,
2264,11,48,fog-57,1,fog,4200.0,0.0000,0.0000,0,150.000,,0,0.9213,,0.850,0,
2265,11,48,fog-57,1,fog,4300.0,0.0000,0.0000,0,150.000,,0,0.9194,,0.850,0,
2266,11,48,fog-57,1,fog,4400.0,0.0000,0.0000,0,150.000,,0,0.9175,,0.850,0,
2267,11,48,fog-57,1,fog,4500.0,0.0000,0.0000,0,150.000,,0,0.9156,,0.850,0,
2268,11,48,fog-57,1,fog,4600.0,0.0000,0.0000,0,150.000,,0,0.9138,,0.850,0,
2269,11,48,fog-57,1,fog,4700.0,0.0000,0.0000,0,150.000,,0,0.9119,,0.850,0,
2270,11,48,fog-57,1,fog,4800.0,0.0000,0.0000,0,150.000,,0,0.9100,,0.850,0,
2271,11,48,fog-57,1,fog,4900.0,0.0000,0.0000,0,150.000,,0,0.9081,,0.850,0,
2272,11,48,fog-57,1,fog,5000.0,0.0000,0.0000,0,150.000,,0,0.9063,,0.850,0,
2273,11,49,fog-58,1,fog,0.0,0.0000,0.0000,0,150.000,,0,1.0000,,0.850,0,
2274,11,49,fog-58,1,fog,100.0,0.0000,0.0000,0,150.000,,0,0.9981,,0.850,0,
2275,11,49,fog-58,1,fog,200.0,0.0000,0.0000,0,150.000,,0,0.9963,,0.850,0,
2276,11,49,fog-58,1,fog,300.0,0.0000,0.0000,0,150.000,,0,0.9944,,0.850,0,
2277,11,49,fog-58,1,fog,400.0,0.0000,0.0000,0,150.000,,0,0.9925,,0.850,0,
2278,11,49,fog-58,1,fog,500.0,0.0000,0.0000,0,150.000,,0,0.9906,,0.850,0,
2279,11,49,fog-58,1,fog,600.0,0.0000,0.0000,0,150.000,,0,0.9888,,0.850,0,
2280,11,49,fog-58,1,fog,700.0,0.0000,0.0000,0,150.000,,0,0.9869,,0.850,0,
2281,11,49,fog-58,1,fog,800.0,0.0000,0.0000,0,150.000,,0,0.9850,,0.850,0,
2282,11,49,fog-58,1,fog,900.0,0.0000,0.0000,0,150.000,,0,0.9831,,0.850,0,
2283,11,49,fog-58,1,fog,1000.0,0.0000,0.0000,0,150.000,,0,0.9813,,0.850,0,
2284,11,49,fog-58,1,fog,1100.0,0.0000,0.0000,0,150.000,,0,0.9794,,0.850,0,
2285,11,49,fog-58,1,fog,1200.0,0.0000,0.0000,0,150.000,,0,0.9775,,0.850,0,
2286,11,49,fog-58,1,fog,1300.0,0.0000,0.0000,0,150.000,,0,0.9756,,0.850,0,
2287,11,49,fog-58,1,fog,1400.0,0.0000,0.0000,0,150.000,,0,0.9738,,0.850,0,
2288,11,49,fog-58,1,fog,1500.0,0.0000,0.0000,0,150.000,,0,0.9719,,0.850,0,
2289,11,49,fog-58,1,fog,1600.0,0.0000,0.0000,0,150.000,,0,0.9700,,0.850,0,
2290,11,49,fog-58,1,fog,1700.0,0.0000,0.0000,0,150.000,,0,0.9681,,0.850,0,
2291,11,49,fog-58,1,fog,1800.0,0.0000,0.0000,0,150.000,,0,0.9663,,0.850,0,
2292,11,49,fog-58,1,fog,1900.0,0.0000,0.0000,0,150.000,,0,0.9644,,0.850,0,
2293,11,49,fog-58,1,fog,2000.0,0.0000,0.0000,0,150.000,,0,0.9625,,0.850,0,
2294,11,49,fog-58,1,fog,2100.0,0.0000,0.0000,0,150.000,,0,0.9606,,0.850,0,
2295,11,49,fog-58,1,fog,2200.0,0.0000,0.0000,0,150.000,,0,0.9588,,0.850,0,
2296,11,49,fog-58,1,fog,2300.0,0.0000,0.0000,0,150.000,,0,0.9569,,0.850,0,
2297,11,49,fog-58,1,fog,2400.0,0.0000,0.0000,0,150.000,,0,0.9550,,0.850,0,
2298,11,49,fog-58,1,fog,2500.0,0.0000,0.0000,0,150.000,,0,0.9531,,0.850,0,
2299,11,49,fog-58,1,fog,2600.0,0.0000,0.0000,0,150.000,,0,0.9513,,0.850,0,
2300,11,49,fog-58,1,fog,2700.0,0.0000,0.0000,0,150.000,,0,0.9494,,0.850,0,
2301,11,49,fog-58,1,fog,2800.0,0.0000,0.0000,0,150.000,,0,0.9475,,0.850,0,
2302,11,49,fog-58,1,fog,2900.0,0.0000,0.0000,0,150.000,,0,0.9456,,0.850,0,
2303,11,49,fog-58,1,fog,3000.0,0.0000,0.0000,0,150.000,,0,0.9438,,0.850,0,
2304,11,49,fog-58,1,fog,3100.0,0.0000,0.0000,0,150.000,,0,0.9419,,0.850,0,
2305,11,49,fog-58,1,fog,3200.0,0.0000,0.0000,0,150.000,,0,0.9400,,0.850,0,
2306,11,49,fog-58,1,fog,3300.0,0.0000,0.0000,0,150.000,,0,0.9381,,0.850,0,
2307,11,49,fog-58,1,fog,3400.0,0.0000,0.0000,0,150.000,,0,0.9363,,0.850,0,
2308,11,49,fog-58,1,fog,3500.0,0.0000,0.0000,0,150.000,,0,0.9344,,0.850,0,
2309,11,49,fog-58,1,fog,3600.0,0.0000,0.0000,0,150.000,,0,0.9325,,0.850,0,
2310,11,49,fog-58,1,fog,3700.0,0.0000,0.0000,0,150.000,,0,0.9306,,0.850,0,
2311,11,49,fog-58,1,fog,3800.0,0.0000,0.0000,0,150.000,,0,0.9288,,0.850,0,
2312,11,49,fog-58,1,fog,3900.0,0.0000,0.0000,0,150.000,,0,0.9269,,0.850,0,
2313,11,49,fog-58,1,fog,4000.0,0.0000,0.0000,0,150.000,,0,0.9250,,0.850,0,
2314,11,49,fog-58,1,fog,4100.0,0.0000,0.0000,0,150.000,,0,0.9231,,0.850,0,
2315,11,49,fog-58,1,fog,4200.0,0.0000,0.0000,0,150.000,,0,0.9213,,0.850,0,
2316,11,49,fog-58,1,fog,4300.0,0.0000,0.0000,0,150.000,,0,0.9194,,0.850,0,
2317,11,49,fog-58,1,fog,4400.0,0.0000,0.0000,0,150.000,,0,0.9175,,0.850,0,
2318,11,49,fog-58,1,fog,4500.0,0.0000,0.0000,0,150.000,,0,0.9156,,0.850,0,
2319,11,49,fog-58,1,fog,4600.0,0.0000,0.0000,0,150.000,,0,0.9138,,0.850,0,
2320,11,49,fog-58,1,fog,4700.0,0.0000,0.0000,0,150.000,,0,0.9119,,0.850,0,
2321,11,49,fog-58,1,fog,4800.0,0.0000,0.0000,0,150.000,,0,0.9100,,0.850,0,
2322,11,49,fog-58,1,fog,4900.0,0.0000,0.0000,0,150.000,,0,0.9081,,0.850,0,
2323,11,49,fog-58,1,fog,5000.0,0.0000,0.0000,0,150.000,,0,0.9063,,0.850,0,
2324,11,50,fog-59,1,fog,0.0,0.0000,0.0000,0,150.000,,0,1.0000,,0.850,0,
2325,11,50,fog-59,1,fog,100.0,0.0000,0.0000,0,150.000,,0,0.9981,,0.850,0,
2326,11,50,fog-59,1,fog,200.0,0.0000,0.0000,5,150.500,0.0000,0,0.9963,,0.850,0,
2327,11,50,fog-59,1,fog,300.0,0.0000,0.0000,5,150.500,0.0000,0,0.9944,,0.850,0,
2328,11,50,fog-59,1,fog,400.0,0.0000,0.0000,0,150.000,,0,0.9925,,0.850,0,
2329,11,50,fog-59,1,fog,500.0,0.0000,0.0000,4,150.400,0.0000,0,0.9906,,0.850,0,
2330,11,50,fog-59,1,fog,600.0,0.0000,0.0000,0,150.000,,0,0.9888,,0.850,0,
2331,11,50,fog-59,1,fog,700.0,0.0000,0.0000,0,150.000,,0,0.9869,,0.850,0,
2332,11,50,fog-59,1,fog,800.0,0.0000,0.0000,0,150.000,,0,0.9850,,0.850,0,
2333,11,50,fog-59,1,fog,900.0,0.0000,0.0000,5,150.500,0.0000,0,0.9831,,0.850,0,
2334,11,50,fog-59,1,fog,1000.0,0.0000,0.0000,5,150.500,0.0000,0,0.9813,,0.850,0,
2335,11,50,fog-59,1,fog,1100.0,0.0000,0.0000,9,150.900,0.9873,0,0.9794,,0.850,0,
2336,11,50,fog-59,1,fog,1200.0,0.0000,0.0000,0,150.000,,0,0.9775,,0.850,0,
2337,11,50,fog-59,1,fog,1300.0,0.0000,0.0000,0,150.000,,0,0.9756,,0.850,0,
2338,11,50,fog-59,1,fog,1400.0,0.0000,0.0000,0,150.000,,0,0.9738,,0.850,0,
2339,11,50,fog-59,1,fog,1500.0,0.0000,0.0000,0,150.000,,0,0.9719,,0.850,0,
2340,11,50,fog-59,1,fog,1600.0,0.0000,0.0000,0,150.000,,0,0.9700,,0.850,0,
2341,11,50,fog-59,1,fog,1700.0,0.0000,0.0000,0,150.000,,0,0.9681,,0.850,0,
2342,11,50,fog-59,1,fog,1800.0,0.0000,0.0000,5,150.500,0.0000,0,0.9663,,0.850,0,
2343,11,50,fog-59,1,fog,1900.0,0.0000,0.0000,0,150.000,,0,0.9644,,0.850,0,
2344,11,50,fog-59,1,fog,2000.0,0.0000,0.0000,0,150.000,,0,0.9625,,0.850,0,
2345,11,50,fog-59,1,fog,2100.0,0.0000,0.0000,0,150.000,,0,0.9606,,0.850,0,
2346,11,50,fog-59,1,fog,2200.0,0.0000,0.0000,0,150.000,,0,0.9588,,0.850,0,
2347,11,50,fog-59,1,fog,2300.0,0.0000,0.0000,0,150.000,,0,0.9569,,0.850,0,
2348,11,50,fog-59,1,fog,2400.0,0.0000,0.0000,0,150.000,,0,0.9550,,0.850,0,
2349,11,50,fog-59,1,fog,2500.0,0.0000,0.0000,0,150.000,,0,0.9531,,0.850,0,
2350,11,50,fog-59,1,fog,2600.0,0.0000,0.0000,0,150.000,,0,0.9513,,0.850,0,
2351,11,50,fog-59,1,fog,2700.0,0.0000,0.0000,5,150.500,0.0000,0,0.9494,,0.850,0,
2352,11,50,fog-59,1,fog,2800.0,0.0000,0.0000,4,150.400,0.3536,0,0.9475,,0.850,0,
2353,11,50,fog-59,1,fog,2900.0,0.0000,0.0000,0,150.000,,0,0.9456,,0.850,0,
2354,11,50,fog-59,1,fog,3000.0,0.0000,0.0000,5,150.500,0.0000,0,0.9438,,0.850,0,
2355,11,50,fog-59,1,fog,3100.0,0.0000,0.0000,0,150.000,,0,0.9419,,0.850,0,
2356,11,50,fog-59,1,fog,3200.0,0.0000,0.0000,5,150.500,0.0000,0,0.9400,,0.850,0,
2357,11,50,fog-59,1,fog,3300.0,0.0000,0.0000,9,150.900,0.9873,0,0.9381,,0.850,0,
2358,11,50,fog-59,1,fog,3400.0,0.0000,0.0000,0,150.000,,0,0.9363,,0.850,0,
2359,11,50,fog-59,1,fog,3500.0,0.0000,0.0000,0,150.000,,0,0.9344,,0.850,0,
2360,11,50,fog-59,1,fog,3600.0,0.0000,0.0000,0,150.000,,0,0.9325,,0.850,0,
2361,11,50,fog-59,1,fog,3700.0,0.0000,0.0000,5,150.500,0.0000,0,0.9306,,0.850,0,
2362,11,50,fog-59,1,fog,3800.0,0.0000,0.0000,8,150.800,0.8587,0,0.9288,,0.850,0,
2363,11,50,fog-59,1,fog,3900.0,0.0000,0.0000,0,150.000,,0,0.9269,,0.850,0,
2364,11,50,fog-59,1,fog,4000.0,0.0000,0.0000,0,150.000,,0,0.9250,,0.850,0,
2365,11,50,fog-59,1,fog,4100.0,0.0000,0.0000,9,150.900,1.0000,0,0.9231,,0.850,0,
2366,11,50,fog-59,1,fog,4200.0,0.0000,0.0000,9,150.900,1.0000,0,0.9213,,0.850,0,
2367,11,50,fog-59,1,fog,4300.0,0.0000,0.0000,0,150.000,,0,0.9194,,0.850,0,
2368,11,50,fog-59,1,fog,4400.0,0.0000,0.0000,0,150.000,,0,0.9175,,0.850,0,
2369,11,50,fog-59,1,fog,4500.0,0.0000,0.0000,0,150.000,,0,0.9156,,0.850,0,
2370,11,50,fog-59,1,fog,4600.0,0.0000,0.0000,0,150.000,,0,0.9138,,0.850,0,
2371,11,50,fog-59,1,fog,4700.0,0.0000,0.0000,0,150.000,,0,0.9119,,0.850,0,
2372,11,50,fog-59,1,fog,4800.0,0.0000,0.0000,0,150.000,,0,0.9100,,0.850,0,
2373,11,50,fog-59,1,fog,4900.0,0.0000,0.0000,0,150.000,,0,0.9081,,0.850,0,
2374,11,50,fog-59,1,fog,5000.0,0.0000,0.0000,0,150.000,,0,0.9063,,0.850,0,
2375,11,51,fog-60,1,fog,0.0,0.0000,0.0000,0,150.000,,0,1.0000,,0.850,0,
2376,11,51,fog-60,1,fog,100.0,0.0000,0.0000,0,150.000,,0,0.9981,,0.850,0,
2377,11,51,fog-60,1,fog,200.0,0.0000,0.0000,0,150.000,,0,0.9963,,0.850,0,
2378,11,51,fog-60,1,fog,300.0,0.0000,0.0000,0,150.000,,0,0.9944,,0.850,0,
2379,11,51,fog-60,1,fog,400.0,0.0000,0.0000,0,150.000,,0,0.9925,,0.850,0,
2380,11,51,fog-60,1,fog,500.0,0.0000,0.0000,0,150.000,,0,0.9906,,0.850,0,
2381,11,51,fog-60,1,fog,600.0,0.0000,0.0000,0,150.000,,0,0.9888,,0.850,0,
2382,11,51,fog-60,1,fog,700.0,0.0000,0.0000,0,150.000,,0,0.9869,,0.850,0,
2383,11,51,fog-60,1,fog,800.0,0.0000,0.0000,0,150.000,,0,0.9850,,0.850,0,
2384,11,51,fog-60,1,fog,900.0,0.0000,0.0000,0,150.000,,0,0.9831,,0.850,0,
2385,11,51,fog-60,1,fog,1000.0,0.0000,0.0000,0,150.000,,0,0.9813,,0.850,0,
2386,11,51,fog-60,1,fog,1100.0,0.0000,0.0000,0,150.000,,0,0.9794,,0.850,0,
2387,11,51,fog-60,1,fog,1200.0,0.0000,0.0000,0,150.000,,0,0.9775,,0.850,0,
2388,11,51,fog-60,1,fog,1300.0,0.0000,0.0000,0,150.000,,0,0.9756,,0.850,0,
2389,11,51,fog-60,1,fog,1400.0,0.0000,0.0000,0,150.000,,0,0.9738,,0.850,0,
2390,11,51,fog-60,1,fog,1500.0,0.0000,0.0000,0,150.000,,0,0.9719,,0.850,0,
2391,11,51,fog-60,1,fog,1600.0,0.0000,0.0000,0,150.000,,0,0.9700,,0.850,0,
2392,11,51,fog-60,1,fog,1700.0,0.0000,0.0000,0,150.000,,0,0.9681,,0.850,0,
2393,11,51,fog-60,1,fog,1800.0,0.0000,0.0000,0,150.000,,0,0.9663,,0.850,0,
2394,11,51,fog-60,1,fog,1900.0,0.0000,0.0000,0,150.000,,0,0.9644,,0.850,0,
2395,11,51,fog-60,1,fog,2000.0,0.0000,0.0000,0,150.000,,0,0.9625,,0.850,0,
2396,11,51,fog-60,1,fog,2100.0,0.0000,0.0000,0,150.000,,0,0.9606,,0.850,0,
2397,11,51,fog-60,1,fog,2200.0,0.0000,0.0000,0,150.000,,0,0.9588,,0.850,0,
2398,11,51,fog-60,1,fog,2300.0,0.0000,0.0000,0,150.000,,0,0.9569,,0.850,0,
2399,11,51,fog-60,1,fog,2400.0,0.0000,0.0000,0,150.000,,0,0.9550,,0.850,0,
2400,11,51,fog-60,1,fog,2500.0,0.0000,0.0000,0,150.000,,0,0.9531,,0.850,0,
2401,11,51,fog-60,1,fog,2600.0,0.0000,0.0000,0,150.000,,0,0.9513,,0.850,0,
2402,11,51,fog-60,1,fog,2700.0,0.0000,0.0000,0,150.000,,0,0.9494,,0.850,0,
2403,11,51,fog-60,1,fog,2800.0,0.0000,0.0000,0,150.000,,0,0.9475,,0.850,0,
2404,11,51,fog-60,1,fog,2900.0,0.0000,0.0000,0,150.000,,0,0.9456,,0.850,0,
2405,11,51,fog-60,1,fog,3000.0,0.0000,0.0000,0,150.000,,0,0.9438,,0.850,0,
2406,11,51,fog-60,1,fog,3100.0,0.0000,0.0000,0,150.000,,0,0.9419,,0.850,0,
2407,11,51,fog-60,1,fog,3200.0,0.0000,0.0000,0,150.000,,0,0.9400,,0.850,0,
2408,11,51,fog-60,1,fog,3300.0,0.0000,0.0000,0,150.000,,0,0.9381,,0.850,0,
2409,11,51,fog-60,1,fog,3400.0,0.0000,0.0000,0,150.000,,0,0.9363,,0.850,0,
2410,11,51,fog-60,1,fog,3500.0,0.0000,0.0000,0,150.000,,0,0.9344,,0.850,0,
2411,11,51,fog-60,1,fog,3600.0,0.0000,0.0000,0,150.000,,0,0.9325,,0.850,0,
2412,11,51,fog-60,1,fog,3700.0,0.0000,0.0000,0,150.000,,0,0.9306,,0.850,0,
2413,11,51,fog-60,1,fog,3800.0,0.0000,0.0000,0,150.000,,0,0.9288,,0.850,0,
2414,11,51,fog-60,1,fog,3900.0,0.0000,0.0000,0,150.000,,0,0.9269,,0.850,0,
2415,11,51,fog-60,1,fog,4000.0,0.0000,0.0000,0,150.000,,0,0.9250,,0.850,0,
2416,11,51,fog-60,1,fog,4100.0,0.0000,0.0000,0,150.000,,0,0.9231,,0.850,0,
2417,11,51,fog-60,1,fog,4200.0,0.0000,0.0000,0,150.000,,0,0.9213,,0.850,0,
2418,11,51,fog-60,1,fog,4300.0,0.0000,0.0000,0,150.000,,0,0.9194,,0.850,0,
2419,11,51,fog-60,1,fog,4400.0,0.0000,0.0000,0,150.000,,0,0.9175,,0.850,0,
2420,11,51,fog-60,1,fog,4500.0,0.0000,0.0000,0,150.000,,0,0.9156,,0.850,0,
2421,11,51,fog-60,1,fog,4600.0,0.0000,0.0000,0,150.000,,0,0.9138,,0.850,0,
2422,11,51,fog-60,1,fog,4700.0,0.0000,0.0000,0,150.000,,0,0.9119,,0.850,0,
2423,11,51,fog-60,1,fog,4800.0,0.0000,0.0000,0,150.000,,0,0.9100,,0.850,0,
2424,11,51,fog-60,1,fog,4900.0,0.0000,0.0000,0,150.000,,0,0.9081,,0.850,0,
2425,11,51,fog-60,1,fog,5000.0,0.0000,0.0000,0,150.000,,0,0.9063,,0.850,0,
2426,11,52,fog-61,1,fog,0.0,0.0000,0.0000,0,150.000,,0,1.0000,,0.850,0,
2427,11,52,fog-61,1,fog,100.0,0.0000,0.0000,4,150.400,1.0000,0,0.9981,,0.850,0,
2428,11,52,fog-61,1,fog,200.0,0.0000,0.0000,20,151.500,1.0000,0,0.9963,,0.850,0,
2429,11,52,fog-61,1,fog,300.0,0.0000,0.0000,24,151.700,1.0000,0,0.9944,,0.850,0,
2430,11,52,fog-61,1,fog,400.0,0.0000,0.0000,18,151.400,1.0000,0,0.9925,,0.850,0,
2431,11,52,fog-61,1,fog,500.0,0.0000,0.0000,16,151.300,1.0000,0,0.9906,,0.850,0,
2432,11,52,fog-61,1,fog,600.0,0.0000,0.0000,10,151.000,1.0000,0,0.9888,,0.850,0,
2433,11,52,fog-61,1,fog,700.0,0.0000,0.0000,4,150.400,0.3536,0,0.9869,,0.850,0,
2434,11,52,fog-61,1,fog,800.0,0.0000,0.0000,16,151.300,1.0000,0,0.9850,,0.850,0,
2435,11,52,fog-61,1,fog,900.0,0.0000,0.0000,16,151.300,1.0000,0,0.9831,,0.850,0,
2436,11,52,fog-61,1,fog,1000.0,0.0000,0.0000,0,150.000,,0,0.9813,,0.850,0,
2437,11,52,fog-61,1,fog,1100.0,0.0000,0.0000,0,150.000,,0,0.9794,,0.850,0,
2438,11,52,fog-61,1,fog,1200.0,0.0000,0.0000,20,151.500,1.0000,0,0.9775,,0.850,0,
2439,11,52,fog-61,1,fog,1300.0,0.0000,0.0000,0,150.000,,0,0.9756,,0.850,0,
2440,11,52,fog-61,1,fog,1400.0,0.0000,0.0000,0,150.000,,0,0.9738,,0.850,0,
2441,11,52,fog-61,1,fog,1500.0,0.0000,0.0000,4,150.400,0.3536,0,0.9719,,0.850,0,
2442,11,52,fog-61,1,fog,1600.0,0.0000,0.0000,16,151.300,1.0000,0,0.9700,,0.850,0,
2443,11,52,fog-61,1,fog,1700.0,0.0000,0.0000,26,151.800,1.0000,0,0.9681,,0.850,0,
2444,11,52,fog-61,1,fog,1800.0,0.0000,0.0000,10,151.000,1.0000,0,0.9663,,0.850,0,
2445,11,52,fog-61,1,fog,1900.0,0.0000,0.0000,14,151.200,1.0000,0,0.9644,,0.850,0,
2446,11,52,fog-61,1,fog,2000.0,0.0000,0.0000,8,150.800,0.8647,0,0.9625,,0.850,0,
2447,11,52,fog-61,1,fog,2100.0,0.0000,0.0000,4,150.400,0.3536,0,0.9606,,0.850,0,
2448,11,52,fog-61,1,fog,2200.0,0.0000,0.0000,9,150.900,0.9913,0,0.9588,,0.850,0,
2449,11,52,fog-61,1,fog,2300.0,0.0000,0.0000,0,150.000,,0,0.9569,,0.850,0,
2450,11,52,fog-61,1,fog,2400.0,0.0000,0.0000,9,150.900,0.9961,0,0.9550,,0.850,0,
2451,11,52,fog-61,1,fog,2500.0,0.0000,0.0000,8,150.800,0.8603,0,0.9531,,0.850,0,
2452,11,52,fog-61,1,fog,2600.0,0.0000,0.0000,0,150.000,,0,0.9513,,0.850,0,
2453,11,52,fog-61,1,fog,2700.0,0.0000,0.0000,6,150.600,0.9353,0,0.9494,,0.850,0,
2454,11,52,fog-61,1,fog,2800.0,0.0000,0.0000,0,150.000,,0,0.9475,,0.850,0,
2455,11,52,fog-61,1,fog,2900.0,0.0000,0.0000,9,150.900,1.0000,0,0.9456,,0.850,0,
2456,11,52,fog-61,1,fog,3000.0,0.0000,0.0000,4,150.400,0.3536,0,0.9438,,0.850,0,
2457,11,52,fog-61,1,fog,3100.0,0.0000,0.0000,5,150.500,0.0000,0,0.9419,,0.850,0,
2458,11,52,fog-61,1,fog,3200.0,0.0000,0.0000,4,150.400,0.0000,0,0.9400,,0.850,0,
2459,11,52,fog-61,1,fog,3300.0,0.0000,0.0000,5,150.500,0.0000,0,0.9381,,0.850,0,
2460,11,52,fog-61,1,fog,3400.0,0.0000,0.0000,9,150.900,0.9925,0,0.9363,,0.850,0,
2461,11,52,fog-61,1,fog,3500.0,0.0000,0.0000,0,150.000,,0,0.9344,,0.850,0,
2462,11,52,fog-61,1,fog,3600.0,0.0000,0.0000,0,150.000,,0,0.9325,,0.850,0,
2463,11,52,fog-61,1,fog,3700.0,0.0000,0.0000,9,150.900,0.9865,0,0.9306,,0.850,0,
2464,11,52,fog-61,1,fog,3800.0,0.0000,0.0000,5,150.500,0.0000,0,0.9288,,0.850,0,
2465,11,52,fog-61,1,fog,3900.0,0.0000,0.0000,5,150.500,0.0000,0,0.9269,,0.850,0,
2466,11,52,fog-61,1,fog,4000.0,0.0000,0.0000,10,151.000,1.0000,0,0.9250,,0.850,0,
2467,11,52,fog-61,1,fog,4100.0,0.0000,0.0000,5,150.500,0.0000,0,0.9231,,0.850,0,
2468,11,52,fog-61,1,fog,4200.0,0.0000,0.0000,0,150.000,,0,0.9213,,0.850,0,
2469,11,52,fog-61,1,fog,4300.0,0.0000,0.0000,4,150.400,0.0000,0,0.9194,,0.850,0,
2470,11,52,fog-61,1,fog,4400.0,0.0000,0.0000,4,150.400,0.0000,0,0.9175,,0.850,0,
2471,11,52,fog-61,1,fog,4500.0,0.0000,0.0000,5,150.500,0.0000,0,0.9156,,0.850,0,
2472,11,52,fog-61,1,fog,4600.0,0.0000,0.0000,0,150.000,,0,0.9138,,0.850,0,
2473,11,52,fog-61,1,fog,4700.0,0.0000,0.0000,0,150.000,,0,0.9119,,0.850,0,
2474,11,52,fog-61,1,fog,4800.0,0.0000,0.0000,18,151.400,1.0000,0,0.9100,,0.850,0,
2475,11,52,fog-61,1,fog,4900.0,0.0000,0.0000,18,151.400,1.0000,0,0.9081,,0.850,0,
2476,11,52,fog-61,1,fog,5000.0,0.0000,0.0000,5,150.500,0.0000,0,0.9063,,0.850,0,
2477,11,53,fog-62,1,fog,0.0,0.0000,0.0000,0,150.000,,0,1.0000,,0.850,0,
2478,11,53,fog-62,1,fog,100.0,0.0000,0.0000,0,150.000,,0,0.9981,,0.850,0,
2479,11,53,fog-62,1,fog,200.0,0.0000,0.0000,0,150.000,,0,0.9963,,0.850,0,
2480,11,53,fog-62,1,fog,300.0,0.0000,0.0000,0,150.000,,0,0.9944,,0.850,0,
2481,11,53,fog-62,1,fog,400.0,0.0000,0.0000,0,150.000,,0,0.9925,,0.850,0,
2482,11,53,fog-62,1,fog,500.0,0.0000,0.0000,0,150.000,,0,0.9906,,0.850,0,
2483,11,53,fog-62,1,fog,600.0,0.0000,0.0000,0,150.000,,0,0.9888,,0.850,0,
2484,11,53,fog-62,1,fog,700.0,0.0000,0.0000,0,150.000,,0,0.9869,,0.850,0,
2485,11,53,fog-62,1,fog,800.0,0.0000,0.0000,0,150.000,,0,0.9850,,0.850,0,
2486,11,53,fog-62,1,fog,900.0,0.0000,0.0000,0,150.000,,0,0.9831,,0.850,0,
2487,11,53,fog-62,1,fog,1000.0,0.0000,0.0000,0,150.000,,0,0.9813,,0.850,0,
2488,11,53,fog-62,1,fog,1100.0,0.0000,0.0000,0,150.000,,0,0.9794,,0.850,0,
2489,11,53,fog-62,1,fog,1200.0,0.0000,0.0000,0,150.000,,0,0.9775,,0.850,0,
2490,11,53,fog-62,1,fog,1300.0,0.0000,0.0000,0,150.000,,0,0.9756,,0.850,0,
2491,11,53,fog-62,1,fog,1400.0,0.0000,0.0000,0,150.000,,0,0.9738,,0.850,0,
2492,11,53,fog-62,1,fog,1500.0,0.0000,0.0000,0,150.000,,0,0.9719,,0.850,0,
2493,11,53,fog-62,1,fog,1600.0,0.0000,0.0000,0,150.000,,0,0.9700,,0.850,0,
2494,11,53,fog-62,1,fog,1700.0,0.0000,0.0000,0,150.000,,0,0.9681,,0.850,0,
2495,11,53,fog-62,1,fog,1800.0,0.0000,0.0000,0,150.000,,0,0.9663,,0.850,0,
2496,11,53,fog-62,1,fog,1900.0,0.0000,0.0000,0,150.000,,0,0.9644,,0.850,0,
2497,11,53,fog-62,1,fog,2000.0,0.0000,0.0000,0,150.000,,0,0.9625,,0.850,0,
2498,11,53,fog-62,1,fog,2100.0,0.0000,0.0000,0,150.000,,0,0.9606,,0.850,0,
2499,11,53,fog-62,1,fog,2200.0,0.0000,0.0000,0,150.000,,0,0.9588,,0.850,0,
2500,11,53,fog-62,1,fog,2300.0,0.0000,0.0000,0,150.000,,0,0.9569,,0.850,0,
2501,11,53,fog-62,1,fog,2400.0,0.0000,0.0000,0,150.000,,0,0.9550,,0.850,0,
2502,11,53,fog-62,1,fog,2500.0,0.0000,0.0000,0,150.000,,0,0.9531,,0.850,0,
2503,11,53,fog-62,1,fog,2600.0,0.0000,0.0000,0,150.000,,0,0.9513,,0.850,0,
2504,11,53,fog-62,1,fog,2700.0,0.0000,0.0000,0,150.000,,0,0.9494,,0.850,0,
2505,11,53,fog-62,1,fog,2800.0,0.0000,0.0000,0,150.000,,0,0.9475,,0.850,0,
2506,11,53,fog-62,1,fog,2900.0,0.0000,0.0000,0,150.000,,0,0.9456,,0.850,0,
2507,11,53,fog-62,1,fog,3000.0,0.0000,0.0000,0,150.000,,0,0.9438,,0.850,0,
2508,11,53,fog-62,1,fog,3100.0,0.0000,0.0000,0,150.000,,0,0.9419,,0.850,0,
2509,11,53,fog-62,1,fog,3200.0,0.0000,0.0000,0,150.000,,0,0.9400,,0.850,0,
2510,11,53,fog-62,1,fog,3300.0,0.0000,0.0000,0,150.000,,0,0.9381,,0.850,0,
2511,11,53,fog-62,1,fog,3400.0,0.0000,0.0000,0,150.000,,0,0.9363,,0.850,0,
2512,11,53,fog-62,1,fog,3500.0,0.0000,0.0000,0,150.000,,0,0.9344,,0.850,0,
2513,11,53,fog-62,1,fog,3600.0,0.0000,0.0000,0,150.000,,0,0.9325,,0.850,0,
2514,11,53,fog-62,1,fog,3700.0,0.0000,0.0000,0,150.000,,0,0.9306,,0.850,0,
2515,11,53,fog-62,1,fog,3800.0,0.0000,0.0000,0,150.000,,0,0.9288,,0.850,0,
2516,11,53,fog-62,1,fog,3900.0,0.0000,0.0000,0,150.000,,0,0.9269,,0.850,0,
2517,11,53,fog-62,1,fog,4000.0,0.0000,0.0000,0,150.000,,0,0.9250,,0.850,0,
2518,11,53,fog-62,1,fog,4100.0,0.0000,0.0000,0,150.000,,0,0.9231,,0.850,0,
2519,11,53,fog-62,1,fog,4200.0,0.0000,0.0000,0,150.000,,0,0.9213,,0.850,0,
2520,11,53,fog-62,1,fog,4300.0,0.0000,0.0000,0,150.000,,0,0.9194,,0.850,0,
2521,11,53,fog-62,1,fog,4400.0,0.0000,0.0000,0,150.000,,0,0.9175,,0.850,0,
2522,11,53,fog-62,1,fog,4500.0,0.0000,0.0000,0,150.000,,0,0.9156,,0.850,0,
2523,11,53,fog-62,1,fog,4600.0,0.0000,0.0000,0,150.000,,0,0.9138,,0.850,0,
2524,11,53,fog-62,1,fog,4700.0,0.0000,0.0000,0,150.000,,0,0.9119,,0.850,0,
2525,11,53,fog-62,1,fog,4800.0,0.0000,0.0000,0,150.000,,0,0.9100,,0.850,0,
2526,11,53,fog-62,1,fog,4900.0,0.0000,0.0000,0,150.000,,0,0.9081,,0.850,0,
2527,11,53,fog-62,1,fog,5000.0,0.0000,0.0000,0,150.000,,0,0.9063,,0.850,0,
2528,11,54,fog-63,1,fog,0.0,0.0000,0.0000,0,150.000,,0,1.0000,,0.850,0,
2529,11,54,fog-63,1,fog,100.0,0.0000,0.0000,2,150.200,,0,0.9981,,0.850,0,
2530,11,54,fog-63,1,fog,200.0,0.0000,0.0000,0,150.000,,0,0.9963,,0.850,0,
2531,11,54,fog-63,1,fog,300.0,0.0000,0.0000,0,150.000,,0,0.9944,,0.850,0,
2532,11,54,fog-63,1,fog,400.0,0.0000,0.0000,0,150.000,,0,0.9925,,0.850,0,
2533,11,54,fog-63,1,fog,500.0,0.0000,0.0000,0,150.000,,0,0.9906,,0.850,0,
2534,11,54,fog-63,1,fog,600.0,0.0000,0.0000,0,150.000,,0,0.9888,,0.850,0,
2535,11,54,fog-63,1,fog,700.0,0.0000,0.0000,0,150.000,,0,0.9869,,0.850,0,
2536,11,54,fog-63,1,fog,800.0,0.0000,0.0000,0,150.000,,0,0.9850,,0.850,0,
2537,11,54,fog-63,1,fog,900.0,0.0000,0.0000,0,150.000,,0,0.9831,,0.850,0,
2538,11,54,fog-63,1,fog,1000.0,0.0000,0.0000,0,150.000,,0,0.9813,,0.850,0,
2539,11,54,fog-63,1,fog,1100.0,0.0000,0.0000,0,150.000,,0,0.9794,,0.850,0,
2540,11,54,fog-63,1,fog,1200.0,0.0000,0.0000,0,150.000,,0,0.9775,,0.850,0,
2541,11,54,fog-63,1,fog,1300.0,0.0000,0.0000,0,150.000,,0,0.9756,,0.850,0,
2542,11,54,fog-63,1,fog,1400.0,0.0000,0.0000,0,150.000,,0,0.9738,,0.850,0,
2543,11,54,fog-63,1,fog,1500.0,0.0000,0.0000,5,150.500,0.0000,0,0.9719,,0.850,0,
2544,11,54,fog-63,1,fog,1600.0,0.0000,0.0000,9,150.900,1.0000,0,0.9700,,0.850,0,
2545,11,54,fog-63,1,fog,1700.0,0.0000,0.0000,5,150.500,0.0000,0,0.9681,,0.850,0,
2546,11,54,fog-63,1,fog,1800.0,0.0000,0.0000,0,150.000,,0,0.9663,,0.850,0,
2547,11,54,fog-63,1,fog,1900.0,0.0000,0.0000,0,150.000,,0,0.9644,,0.850,0,
2548,11,54,fog-63,1,fog,2000.0,0.0000,0.0000,0,150.000,,0,0.9625,,0.850,0,
2549,11,54,fog-63,1,fog,2100.0,0.0000,0.0000,0,150.000,,0,0.9606,,0.850,0,
2550,11,54,fog-63,1,fog,2200.0,0.0000,0.0000,0,150.000,,0,0.9588,,0.850,0,
2551,11,54,fog-63,1,fog,2300.0,0.0000,0.0000,0,150.000,,0,0.9569,,0.850,0,
2552,11,54,fog-63,1,fog,2400.0,0.0000,0.0000,5,150.500,0.0000,0,0.9550,,0.850,0,
2553,11,54,fog-63,1,fog,2500.0,0.0000,0.0000,5,150.500,0.0000,0,0.9531,,0.850,0,
2554,11,54,fog-63,1,fog,2600.0,0.0000,0.0000,0,150.000,,0,0.9513,,0.850,0,
2555,11,54,fog-63,1,fog,2700.0,0.0000,0.0000,0,150.000,,0,0.9494,,0.850,0,
2556,11,54,fog-63,1,fog,2800.0,0.0000,0.0000,0,150.000,,0,0.9475,,0.850,0,
2557,11,54,fog-63,1,fog,2900.0,0.0000,0.0000,0,150.000,,0,0.9456,,0.850,0,
2558,11,54,fog-63,1,fog,3000.0,0.0000,0.0000,0,150.000,,0,0.9438,,0.850,0,
2559,11,54,fog-63,1,fog,3100.0,0.0000,0.0000,3,150.300,0.5000,0,0.9419,,0.850,0,
2560,11,54,fog-63,1,fog,3200.0,0.0000,0.0000,4,150.400,0.0000,0,0.9400,,0.850,0,
2561,11,54,fog-63,1,fog,3300.0,0.0000,0.0000,0,150.000,,0,0.9381,,0.850,0,
2562,11,54,fog-63,1,fog,3400.0,0.0000,0.0000,0,150.000,,0,0.9363,,0.850,0,
2563,11,54,fog-63,1,fog,3500.0,0.0000,0.0000,0,150.000,,0,0.9344,,0.850,0,
2564,11,54,fog-63,1,fog,3600.0,0.0000,0.0000,0,150.000,,0,0.9325,,0.850,0,
2565,11,54,fog-63,1,fog,3700.0,0.0000,0.0000,0,150.000,,0,0.9306,,0.850,0,
2566,11,54,fog-63,1,fog,3800.0,0.0000,0.0000,0,150.000,,0,0.9288,,0.850,0,
2567,11,54,fog-63,1,fog,3900.0,0.0000,0.0000,0,150.000,,0,0.9269,,0.850,0,
2568,11,54,fog-63,1,fog,4000.0,0.0000,0.0000,5,150.500,0.0000,0,0.9250,,0.850,0,
2569,11,54,fog-63,1,fog,4100.0,0.0000,0.0000,5,150.500,0.0000,0,0.9231,,0.850,0,
2570,11,54,fog-63,1,fog,4200.0,0.0000,0.0000,0,150.000,,0,0.9213,,0.850,0,
2571,11,54,fog-63,1,fog,4300.0,0.0000,0.0000,0,150.000,,0,0.9194,,0.850,0,
2572,11,54,fog-63,1,fog,4400.0,0.0000,0.0000,0,150.000,,0,0.9175,,0.850,0,
2573,11,54,fog-63,1,fog,4500.0,0.0000,0.0000,0,150.000,,0,0.9156,,0.850,0,
2574,11,54,fog-63,1,fog,4600.0,0.0000,0.0000,0,150.000,,0,0.9138,,0.850,0,
2575,11,54,fog-63,1,fog,4700.0,0.0000,0.0000,0,150.000,,0,0.9119,,0.850,0,
2576,11,54,fog-63,1,fog,4800.0,0.0000,0.0000,0,150.000,,0,0.9100,,0.850,0,
2577,11,54,fog-63,1,fog,4900.0,0.0000,0.0000,0,150.000,,0,0.9081,,0.850,0,
2578,11,54,fog-63,1,fog,5000.0,0.0000,0.0000,0,150.000,,0,0.9063,,0.850,0,
2579,11,55,fog-64,1,fog,0.0,0.0000,0.0000,0,150.000,,0,1.0000,,0.850,0,
2580,11,55,fog-64,1,fog,100.0,0.0000,0.0000,0,150.000,,0,0.9981,,0.850,0,
2581,11,55,fog-64,1,fog,200.0,0.0000,0.0000,0,150.000,,0,0.9963,,0.850,0,
2582,11,55,fog-64,1,fog,300.0,0.0000,0.0000,0,150.000,,0,0.9944,,0.850,0,
2583,11,55,fog-64,1,fog,400.0,0.0000,0.0000,4,150.400,0.3536,0,0.9925,,0.850,0,
2584,11,55,fog-64,1,fog,500.0,0.0000,0.0000,0,150.000,,0,0.9906,,0.850,0,
2585,11,55,fog-64,1,fog,600.0,0.0000,0.0000,0,150.000,,0,0.9888,,0.850,0,
2586,11,55,fog-64,1,fog,700.0,0.0000,0.0000,0,150.000,,0,0.9869,,0.850,0,
2587,11,55,fog-64,1,fog,800.0,0.0000,0.0000,4,150.400,0.0000,0,0.9850,,0.850,0,
2588,11,55,fog-64,1,fog,900.0,0.0000,0.0000,0,150.000,,0,0.9831,,0.850,0,
2589,11,55,fog-64,1,fog,1000.0,0.0000,0.0000,0,150.000,,0,0.9813,,0.850,0,
2590,11,55,fog-64,1,fog,1100.0,0.0000,0.0000,9,150.900,0.9838,0,0.9794,,0.850,0,
2591,11,55,fog-64,1,fog,1200.0,0.0000,0.0000,10,151.000,1.0000,0,0.9775,,0.850,0,
2592,11,55,fog-64,1,fog,1300.0,0.0000,0.0000,0,150.000,,0,0.9756,,0.850,0,
2593,11,55,fog-64,1,fog,1400.0,0.0000,0.0000,4,150.400,0.0000,0,0.9738,,0.850,0,
2594,11,55,fog-64,1,fog,1500.0,0.0000,0.0000,0,150.000,,0,0.9719,,0.850,0,
2595,11,55,fog-64,1,fog,1600.0,0.0000,0.0000,0,150.000,,0,0.9700,,0.850,0,
2596,11,55,fog-64,1,fog,1700.0,0.0000,0.0000,5,150.500,0.0000,0,0.9681,,0.850,0,
2597,11,55,fog-64,1,fog,1800.0,0.0000,0.0000,0,150.000,,0,0.9663,,0.850,0,
2598,11,55,fog-64,1,fog,1900.0,0.0000,0.0000,8,150.800,0.8629,0,0.9644,,0.850,0,
2599,11,55,fog-64,1,fog,2000.0,0.0000,0.0000,0,150.000,,0,0.9625,,0.850,0,
2600,11,55,fog-64,1,fog,2100.0,0.0000,0.0000,0,150.000,,0,0.9606,,0.850,0,
2601,11,55,fog-64,1,fog,2200.0,0.0000,0.0000,0,150.000,,0,0.9588,,0.850,0,
2602,11,55,fog-64,1,fog,2300.0,0.0000,0.0000,0,150.000,,0,0.9569,,0.850,0,
2603,11,55,fog-64,1,fog,2400.0,0.0000,0.0000,5,150.500,0.0000,0,0.9550,,0.850,0,
2604,11,55,fog-64,1,fog,2500.0,0.0000,0.0000,0,150.000,,0,0.9531,,0.850,0,
2605,11,55,fog-64,1,fog,2600.0,0.0000,0.0000,5,150.500,0.0000,0,0.9513,,0.850,0,
2606,11,55,fog-64,1,fog,2700.0,0.0000,0.0000,0,150.000,,0,0.9494,,0.850,0,
2607,11,55,fog-64,1,fog,2800.0,0.0000,0.0000,0,150.000,,0,0.9475,,0.850,0,
2608,11,55,fog-64,1,fog,2900.0,0.0000,0.0000,0,150.000,,0,0.9456,,0.850,0,
2609,11,55,fog-64,1,fog,3000.0,0.0000,0.0000,0,150.000,,0,0.9438,,0.850,0,
2610,11,55,fog-64,1,fog,3100.0,0.0000,0.0000,0,150.000,,0,0.9419,,0.850,0,
2611,11,55,fog-64,1,fog,3200.0,0.0000,0.0000,5,150.500,0.0000,0,0.9400,,0.850,0,
2612,11,55,fog-64,1,fog,3300.0,0.0000,0.0000,5,150.500,0.0000,0,0.9381,,0.850,0,
2613,11,55,fog-64,1,fog,3400.0,0.0000,0.0000,0,150.000,,0,0.9363,,0.850,0,
2614,11,55,fog-64,1,fog,3500.0,0.0000,0.0000,5,150.500,0.0000,0,0.9344,,0.850,0,
2615,11,55,fog-64,1,fog,3600.0,0.0000,0.0000,4,150.400,0.0000,0,0.9325,,0.850,0,
2616,11,55,fog-64,1,fog,3700.0,0.0000,0.0000,5,150.500,0.0000,0,0.9306,,0.850,0,
2617,11,55,fog-64,1,fog,3800.0,0.0000,0.0000,0,150.000,,0,0.9288,,0.850,0,
2618,11,55,fog-64,1,fog,3900.0,0.0000,0.0000,0,150.000,,0,0.9269,,0.850,0,
2619,11,55,fog-64,1,fog,4000.0,0.0000,0.0000,0,150.000,,0,0.9250,,0.850,0,
2620,11,55,fog-64,1,fog,4100.0,0.0000,0.0000,9,150.900,0.9958,0,0.9231,,0.850,0,
2621,11,55,fog-64,1,fog,4200.0,0.0000,0.0000,0,150.000,,0,0.9213,,0.850,0,
2622,11,55,fog-64,1,fog,4300.0,0.0000,0.0000,4,150.400,0.3536,0,0.9194,,0.850,0,
2623,11,55,fog-64,1,fog,4400.0,0.0000,0.0000,5,150.500,0.0000,0,0.9175,,0.850,0,
2624,11,55,fog-64,1,fog,4500.0,0.0000,0.0000,0,150.000,,0,0.9156,,0.850,0,
2625,11,55,fog-64,1,fog,4600.0,0.0000,0.0000,4,150.400,0.3536,0,0.9138,,0.850,0,
2626,11,55,fog-64,1,fog,4700.0,0.0000,0.0000,0,150.000,,0,0.9119,,0.850,0,
2627,11,55,fog-64,1,fog,4800.0,0.0000,0.0000,3,150.300,0.5000,0,0.9100,,0.850,0,
2628,11,55,fog-64,1,fog,4900.0,0.0000,0.0000,0,150.000,,0,0.9081,,0.850,0,
2629,11,55,fog-64,1,fog,5000.0,0.0000,0.0000,9,150.900,1.0000,0,0.9063,,0.850,0,
2630,11,56,fog-65,1,fog,0.0,0.0000,0.0000,0,150.000,,0,1.0000,,0.850,0,1711.4
2631,11,56,fog-65,1,fog,100.0,0.0000,0.0000,0,150.000,,0,0.9981,,0.850,0,1711.4
2632,11,56,fog-65,1,fog,200.0,0.0000,0.0000,0,150.000,,0,0.9963,,0.850,0,1711.4
2633,11,56,fog-65,1,fog,300.0,0.0000,0.0000,0,150.000,,0,0.9944,,0.850,0,1711.4
2634,11,56,fog-65,1,fog,400.0,0.0000,0.0000,0,150.000,,0,0.9925,,0.850,0,1711.4
2635,11,56,fog-65,1,fog,500.0,0.0000,0.0000,5,150.500,0.0000,0,0.9906,,0.850,0,1711.4
2636,11,56,fog-65,1,fog,600.0,0.0000,0.0000,4,150.400,0.3536,0,0.9888,,0.850,0,1711.4
2637,11,56,fog-65,1,fog,700.0,0.0000,0.0000,4,150.400,0.0000,0,0.9869,,0.850,0,1711.4
2638,11,56,fog-65,1,fog,800.0,0.0000,0.0000,5,150.500,0.0000,0,0.9850,,0.850,0,1711.4
2639,11,56,fog-65,1,fog,900.0,0.0000,0.0000,4,150.400,0.3536,0,0.9831,,0.850,0,1711.4
2640,11,56,fog-65,1,fog,1000.0,0.0000,0.0000,0,150.000,,0,0.9813,,0.850,0,1711.4
2641,11,56,fog-65,1,fog,1100.0,0.0000,0.0000,5,150.500,0.0000,0,0.9794,,0.850,0,1711.4
2642,11,56,fog-65,1,fog,1200.0,0.0000,0.0000,5,150.500,0.0000,0,0.9775,,0.850,0,1711.4
2643,11,56,fog-65,1,fog,1300.0,0.0000,0.0000,4,150.400,0.3536,0,0.9756,,0.850,0,1711.4
2644,11,56,fog-65,1,fog,1400.0,0.0000,0.0000,0,150.000,,0,0.9738,,0.850,0,1711.4
2645,11,56,fog-65,1,fog,1500.0,0.0000,0.0000,0,150.000,,0,0.9719,,0.850,0,1711.4
2646,11,56,fog-65,1,fog,1600.0,0.0000,0.0000,0,150.000,,0,0.9700,,0.850,1,1711.4
2647,11,56,fog-65,1,fog,1700.0,0.0000,0.0000,0,150.000,,0,0.9681,,0.850,1,1711.4
2648,11,57,fog-66,1,fog,0.0,0.0000,0.0000,0,150.000,,0,1.0000,,0.850,0,
2649,11,57,fog-66,1,fog,100.0,0.0000,0.0000,0,150.000,,0,0.9981,,0.850,0,
2650,11,57,fog-66,1,fog,200.0,0.0000,0.0000,0,150.000,,0,0.9963,,0.850,0,
2651,11,57,fog-66,1,fog,300.0,0.0000,0.0000,0,150.000,,0,0.9944,,0.850,0,
2652,11,57,fog-66,1,fog,400.0,0.0000,0.0000,0,150.000,,0,0.9925,,0.850,0,
2653,11,57,fog-66,1,fog,500.0,0.0000,0.0000,0,150.000,,0,0.9906,,0.850,0,
2654,11,57,fog-66,1,fog,600.0,0.0000,0.0000,0,150.000,,0,0.9888,,0.850,0,
2655,11,57,fog-66,1,fog,700.0,0.0000,0.0000,5,150.500,0.0000,0,0.9869,,0.850,0,
2656,11,57,fog-66,1,fog,800.0,0.0000,0.0000,0,150.000,,0,0.9850,,0.850,0,
2657,11,57,fog-66,1,fog,900.0,0.0000,0.0000,5,150.500,0.0000,0,0.9831,,0.850,0,
2658,11,57,fog-66,1,fog,1000.0,0.0000,0.0000,4,150.400,0.0000,0,0.9813,,0.850,0,
2659,11,57,fog-66,1,fog,1100.0,0.0000,0.0000,0,150.000,,0,0.9794,,0.850,0,
2660,11,57,fog-66,1,fog,1200.0,0.0000,0.0000,0,150.000,,0,0.9775,,0.850,0,
2661,11,57,fog-66,1,fog,1300.0,0.0000,0.0000,0,150.000,,0,0.9756,,0.850,0,
2662,11,57,fog-66,1,fog,1400.0,0.0000,0.0000,4,150.400,0.3536,0,0.9738,,0.850,0,
2663,11,57,fog-66,1,fog,1500.0,0.0000,0.0000,2,150.200,,0,0.9719,,0.850,0,
2664,11,57,fog-66,1,fog,1600.0,0.0000,0.0000,5,150.500,0.0000,0,0.9700,,0.850,0,
2665,11,57,fog-66,1,fog,1700.0,0.0000,0.0000,4,150.400,0.0000,0,0.9681,,0.850,0,
2666,11,57,fog-66,1,fog,1800.0,0.0000,0.0000,0,150.000,,0,0.9663,,0.850,0,
2667,11,57,fog-66,1,fog,1900.0,0.0000,0.0000,0,150.000,,0,0.9644,,0.850,0,
2668,11,57,fog-66,1,fog,2000.0,0.0000,0.0000,0,150.000,,0,0.9625,,0.850,0,
2669,11,57,fog-66,1,fog,2100.0,0.0000,0.0000,0,150.000,,0,0.9606,,0.850,0,
2670,11,57,fog-66,1,fog,2200.0,0.0000,0.0000,0,150.000,,0,0.9588,,0.850,0,
2671,11,57,fog-66,1,fog,2300.0,0.0000,0.0000,0,150.000,,0,0.9569,,0.850,0,
2672,11,57,fog-66,1,fog,2400.0,0.0000,0.0000,0,150.000,,0,0.9550,,0.850,0,
2673,11,57,fog-66,1,fog,2500.0,0.0000,0.0000,0,150.000,,0,0.9531,,0.850,0,
2674,11,57,fog-66,1,fog,2600.0,0.0000,0.0000,0,150.000,,0,0.9513,,0.850,0,
2675,11,57,fog-66,1,fog,2700.0,0.0000,0.0000,0,150.000,,0,0.9494,,0.850,0,
2676,11,57,fog-66,1,fog,2800.0,0.0000,0.0000,0,150.000,,0,0.9475,,0.850,0,
2677,11,57,fog-66,1,fog,2900.0,0.0000,0.0000,0,150.000,,0,0.9456,,0.850,0,
2678,11,57,fog-66,1,fog,3000.0,0.0000,0.0000,9,150.900,1.0000,0,0.9438,,0.850,0,
2679,11,57,fog-66,1,fog,3100.0,0.0000,0.0000,8,150.800,0.8660,0,0.9419,,0.850,0,
2680,11,57,fog-66,1,fog,3200.0,0.0000,0.0000,20,151.500,1.0000,0,0.9400,,0.850,0,
2681,11,57,fog-66,1,fog,3300.0,0.0000,0.0000,9,150.900,1.0000,0,0.9381,,0.850,0,
2682,11,57,fog-66,1,fog,3400.0,0.0000,0.0000,9,150.900,0.9966,0,0.9363,,0.850,0,
2683,11,57,fog-66,1,fog,3500.0,0.0000,0.0000,8,150.800,0.8635,0,0.9344,,0.850,0,
2684,11,57,fog-66,1,fog,3600.0,0.0000,0.0000,4,150.400,0.3536,0,0.9325,,0.850,0,
2685,11,57,fog-66,1,fog,3700.0,0.0000,0.0000,4,150.400,0.3536,0,0.9306,,0.850,0,
2686,11,57,fog-66,1,fog,3800.0,0.0000,0.0000,0,150.000,,0,0.9288,,0.850,0,
2687,11,57,fog-66,1,fog,3900.0,0.0000,0.0000,0,150.000,,0,0.9269,,0.850,0,
2688,11,57,fog-66,1,fog,4000.0,0.0000,0.0000,0,150.000,,0,0.9250,,0.850,0,
2689,11,57,fog-66,1,fog,4100.0,0.0000,0.0000,0,150.000,,0,0.9231,,0.850,0,
2690,11,57,fog-66,1,fog,4200.0,0.0000,0.0000,0,150.000,,0,0.9213,,0.850,0,
2691,11,57,fog-66,1,fog,4300.0,0.0000,0.0000,0,150.000,,0,0.9194,,0.850,0,
2692,11,57,fog-66,1,fog,4400.0,0.0000,0.0000,0,150.000,,0,0.9175,,0.850,0,
2693,11,57,fog-66,1,fog,4500.0,0.0000,0.0000,0,150.000,,0,0.9156,,0.850,0,
2694,11,57,fog-66,1,fog,4600.0,0.0000,0.0000,5,150.500,0.0000,0,0.9138,,0.850,0,
2695,11,57,fog-66,1,fog,4700.0,0.0000,0.0000,5,150.500,0.0000,0,0.9119,,0.850,0,
2696,11,57,fog-66,1,fog,4800.0,0.0000,0.0000,4,150.400,0.3536,0,0.9100,,0.850,0,
2697,11,57,fog-66,1,fog,4900.0,0.0000,0.0000,5,150.500,0.0000,0,0.9081,,0.850,0,
2698,11,57,fog-66,1,fog,5000.0,0.0000,0.0000,0,150.000,,0,0.9063,,0.850,0,
2699,11,58,fog-67,1,fog,0.0,0.0000,0.0000,0,150.000,,0,1.0000,,0.850,0,4546.4
2700,11,58,fog-67,1,fog,100.0,0.0000,0.0000,2,150.200,,0,0.9981,,0.850,0,4546.4
2701,11,58,fog-67,1,fog,200.0,0.0000,0.0000,0,150.000,,0,0.9963,,0.850,0,4546.4
2702,11,58,fog-67,1,fog,300.0,0.0000,0.0000,0,150.000,,0,0.9944,,0.850,0,4546.4
2703,11,58,fog-67,1,fog,400.0,0.0000,0.0000,0,150.000,,0,0.9925,,0.850,0,4546.4
2704,11,58,fog-67,1,fog,500.0,0.0000,0.0000,0,150.000,,0,0.9906,,0.850,0,4546.4
2705,11,58,fog-67,1,fog,600.0,0.0000,0.0000,0,150.000,,0,0.9888,,0.850,0,4546.4
2706,11,58,fog-67,1,fog,700.0,0.0000,0.0000,0,150.000,,0,0.9869,,0.850,0,4546.4
2707,11,58,fog-67,1,fog,800.0,0.0000,0.0000,0,150.000,,0,0.9850,,0.850,0,4546.4
2708,11,58,fog-67,1,fog,900.0,0.0000,0.0000,0,150.000,,0,0.9831,,0.850,0,4546.4
2709,11,58,fog-67,1,fog,1000.0,0.0000,0.0000,4,150.400,0.3536,0,0.9813,,0.850,0,4546.4
2710,11,58,fog-67,1,fog,1100.0,0.0000,0.0000,4,150.400,0.0000,0,0.9794,,0.850,0,4546.4
2711,11,58,fog-67,1,fog,1200.0,0.0000,0.0000,0,150.000,,0,0.9775,,0.850,0,4546.4
2712,11,58,fog-67,1,fog,1300.0,0.0000,0.0000,0,150.000,,0,0.9756,,0.850,0,4546.4
2713,11,58,fog-67,1,fog,1400.0,0.0000,0.0000,5,150.500,0.0000,0,0.9738,,0.850,0,4546.4
2714,11,58,fog-67,1,fog,1500.0,0.0000,0.0000,5,150.500,0.0000,0,0.9719,,0.850,0,4546.4
2715,11,58,fog-67,1,fog,1600.0,0.0000,0.0000,7,150.700,0.9948,0,0.9700,,0.850,0,4546.4
2716,11,58,fog-67,1,fog,1700.0,0.0000,0.0000,0,150.000,,0,0.9681,,0.850,0,4546.4
2717,11,58,fog-67,1,fog,1800.0,0.0000,0.0000,0,150.000,,0,0.9663,,0.850,0,4546.4
2718,11,58,fog-67,1,fog,1900.0,0.0000,0.0000,7,150.700,0.7034,0,0.9644,,0.850,0,4546.4
2719,11,58,fog-67,1,fog,2000.0,0.0000,0.0000,5,150.500,0.0000,0,0.9625,,0.850,0,4546.4
2720,11,58,fog-67,1,fog,2100.0,0.0000,0.0000,0,150.000,,0,0.9606,,0.850,0,4546.4
2721,11,58,fog-67,1,fog,2200.0,0.0000,0.0000,5,150.500,0.0000,0,0.9588,,0.850,0,4546.4
2722,11,58,fog-67,1,fog,2300.0,0.0000,0.0000,8,150.800,0.8619,0,0.9569,,0.850,0,4546.4
2723,11,58,fog-67,1,fog,2400.0,0.0000,0.0000,10,151.000,1.0000,0,0.9550,,0.850,0,4546.4
2724,11,58,fog-67,1,fog,2500.0,0.0000,0.0000,5,150.500,0.0000,0,0.9531,,0.850,0,4546.4
2725,11,58,fog-67,1,fog,2600.0,0.0000,0.0000,0,150.000,,0,0.9513,,0.850,0,4546.4
2726,11,58,fog-67,1,fog,2700.0,0.0000,0.0000,0,150.000,,0,0.9494,,0.850,0,4546.4
2727,11,58,fog-67,1,fog,2800.0,0.0000,0.0000,5,150.500,0.0000,0,0.9475,,0.850,0,4546.4
2728,11,58,fog-67,1,fog,2900.0,0.0000,0.0000,5,150.500,0.0000,0,0.9456,,0.850,0,4546.4
2729,11,58,fog-67,1,fog,3000.0,0.0000,0.0000,4,150.400,0.3536,0,0.9438,,0.850,0,4546.4
2730,11,58,fog-67,1,fog,3100.0,0.0000,0.0000,0,150.000,,0,0.9419,,0.850,0,4546.4
2731,11,58,fog-67,1,fog,3200.0,0.0000,0.0000,0,150.000,,0,0.9400,,0.850,0,4546.4
2732,11,58,fog-67,1,fog,3300.0,0.0000,0.0000,0,150.000,,0,0.9381,,0.850,0,4546.4
2733,11,58,fog-67,1,fog,3400.0,0.0000,0.0000,0,150.000,,0,0.9363,,0.850,0,4546.4
2734,11,58,fog-67,1,fog,3500.0,0.0000,0.0000,0,150.000,,0,0.9344,,0.850,0,4546.4
2735,11,58,fog-67,1,fog,3600.0,0.0000,0.0000,0,150.000,,0,0.9325,,0.850,0,4546.4
2736,11,58,fog-67,1,fog,3700.0,0.0000,0.0000,0,150.000,,0,0.9306,,0.850,0,4546.4
2737,11,58,fog-67,1,fog,3800.0,0.0000,0.0000,5,150.500,0.0000,0,0.9288,,0.850,0,4546.4
2738,11,58,fog-67,1,fog,3900.0,0.0000,0.0000,0,150.000,,0,0.9269,,0.850,0,4546.4
2739,11,58,fog-67,1,fog,4000.0,0.0000,0.0000,0,150.000,,0,0.9250,,0.850,0,4546.4
2740,11,58,fog-67,1,fog,4100.0,0.0000,0.0000,0,150.000,,0,0.9231,,0.850,0,4546.4
2741,11,58,fog-67,1,fog,4200.0,0.0000,0.0000,0,150.000,,0,0.9213,,0.850,0,4546.4
2742,11,58,fog-67,1,fog,4300.0,0.0000,0.0000,0,150.000,,0,0.9194,,0.850,0,4546.4
2743,11,58,fog-67,1,fog,4400.0,0.0000,0.0000,0,150.000,,0,0.9175,,0.850,1,4546.4
2744,11,58,fog-67,1,fog,4500.0,0.0000,0.0000,0,150.000,,0,0.9156,,0.850,1,4546.4
2745,11,59,fog-68,1,fog,0.0,0.0000,0.0000,0,150.000,,0,1.0000,,0.850,0,
2746,11,59,fog-68,1,fog,100.0,0.0000,0.0000,0,150.000,,0,0.9981,,0.850,0,
2747,11,59,fog-68,1,fog,200.0,0.0000,0.0000,0,150.000,,0,0.9963,,0.850,0,
2748,11,59,fog-68,1,fog,300.0,0.0000,0.0000,0,150.000,,0,0.9944,,0.850,0,
2749,11,59,fog-68,1,fog,400.0,0.0000,0.0000,0,150.000,,0,0.9925,,0.850,0,
2750,11,59,fog-68,1,fog,500.0,0.0000,0.0000,0,150.000,,0,0.9906,,0.850,0,
2751,11,59,fog-68,1,fog,600.0,0.0000,0.0000,0,150.000,,0,0.9888,,0.850,0,
2752,11,59,fog-68,1,fog,700.0,0.0000,0.0000,0,150.000,,0,0.9869,,0.850,0,
2753,11,59,fog-68,1,fog,800.0,0.0000,0.0000,0,150.000,,0,0.9850,,0.850,0,
2754,11,59,fog-68,1,fog,900.0,0.0000,0.0000,0,150.000,,0,0.9831,,0.850,0,
2755,11,59,fog-68,1,fog,1000.0,0.0000,0.0000,0,150.000,,0,0.9813,,0.850,0,
2756,11,59,fog-68,1,fog,1100.0,0.0000,0.0000,0,150.000,,0,0.9794,,0.850,0,
2757,11,59,fog-68,1,fog,1200.0,0.0000,0.0000,0,150.000,,0,0.9775,,0.850,0,
2758,11,59,fog-68,1,fog,1300.0,0.0000,0.0000,0,150.000,,0,0.9756,,0.850,0,
2759,11,59,fog-68,1,fog,1400.0,0.0000,0.0000,0,150.000,,0,0.9738,,0.850,0,
2760,11,59,fog-68,1,fog,1500.0,0.0000,0.0000,0,150.000,,0,0.9719,,0.850,0,
2761,11,59,fog-68,1,fog,1600.0,0.0000,0.0000,0,150.000,,0,0.9700,,0.850,0,
2762,11,59,fog-68,1,fog,1700.0,0.0000,0.0000,0,150.000,,0,0.9681,,0.850,0,
2763,11,59,fog-68,1,fog,1800.0,0.0000,0.0000,0,150.000,,0,0.9663,,0.850,0,
2764,11,59,fog-68,1,fog,1900.0,0.0000,0.0000,0,150.000,,0,0.9644,,0.850,0,
2765,11,59,fog-68,1,fog,2000.0,0.0000,0.0000,0,150.000,,0,0.9625,,0.850,0,
2766,11,59,fog-68,1,fog,2100.0,0.0000,0.0000,0,150.000,,0,0.9606,,0.850,0,
2767,11,59,fog-68,1,fog,2200.0,0.0000,0.0000,0,150.000,,0,0.9588,,0.850,0,
2768,11,59,fog-68,1,fog,2300.0,0.0000,0.0000,0,150.000,,0,0.9569,,0.850,0,
2769,11,59,fog-68,1,fog,2400.0,0.0000,0.0000,0,150.000,,0,0.9550,,0.850,0,
2770,11,59,fog-68,1,fog,2500.0,0.0000,0.0000,0,150.000,,0,0.9531,,0.850,0,
2771,11,59,fog-68,1,fog,2600.0,0.0000,0.0000,0,150.000,,0,0.9513,,0.850,0,
2772,11,59,fog-68,1,fog,2700.0,0.0000,0.0000,0,150.000,,0,0.9494,,0.850,0,
2773,11,59,fog-68,1,fog,2800.0,0.0000,0.0000,0,150.000,,0,0.9475,,0.850,0,
2774,11,59,fog-68,1,fog,2900.0,0.0000,0.0000,0,150.000,,0,0.9456,,0.850,0,
2775,11,59,fog-68,1,fog,3000.0,0.0000,0.0000,0,150.000,,0,0.9438,,0.850,0,
2776,11,59,fog-68,1,fog,3100.0,0.0000,0.0000,0,150.000,,0,0.9419,,0.850,0,
2777,11,59,fog-68,1,fog,3200.0,0.0000,0.0000,0,150.000,,0,0.9400,,0.850,0,
2778,11,59,fog-68,1,fog,3300.0,0.0000,0.0000,0,150.000,,0,0.9381,,0.850,0,
2779,11,59,fog-68,1,fog,3400.0,0.0000,0.0000,0,150.000,,0,0.9363,,0.850,0,
2780,11,59,fog-68,1,fog,3500.0,0.0000,0.0000,0,150.000,,0,0.9344,,0.850,0,
2781,11,59,fog-68,1,fog,3600.0,0.0000,0.0000,0,150.000,,0,0.9325,,0.850,0,
2782,11,59,fog-68,1,fog,3700.0,0.0000,0.0000,0,150.000,,0,0.9306,,0.850,0,
2783,11,59,fog-68,1,fog,3800.0,0.0000,0.0000,0,150.000,,0,0.9288,,0.850,0,
2784,11,59,fog-68,1,fog,3900.0,0.0000,0.0000,0,150.000,,0,0.9269,,0.850,0,
2785,11,59,fog-68,1,fog,4000.0,0.0000,0.0000,0,150.000,,0,0.9250,,0.850,0,
2786,11,59,fog-68,1,fog,4100.0,0.0000,0.0000,0,150.000,,0,0.9231,,0.850,0,
2787,11,59,fog-68,1,fog,4200.0,0.0000,0.0000,0,150.000,,0,0.9213,,0.850,0,
2788,11,59,fog-68,1,fog,4300.0,0.0000,0.0000,0,150.000,,0,0.9194,,0.850,0,
2789,11,59,fog-68,1,fog,4400.0,0.0000,0.0000,0,150.000,,0,0.9175,,0.850,0,
2790,11,59,fog-68,1,fog,4500.0,0.0000,0.0000,0,150.000,,0,0.9156,,0.850,0,
2791,11,59,fog-68,1,fog,4600.0,0.0000,0.0000,0,150.000,,0,0.9138,,0.850,0,
2792,11,59,fog-68,1,fog,4700.0,0.0000,0.0000,0,150.000,,0,0.9119,,0.850,0,
2793,11,59,fog-68,1,fog,4800.0,0.0000,0.0000,0,150.000,,0,0.9100,,0.850,0,
2794,11,59,fog-68,1,fog,4900.0,0.0000,0.0000,0,150.000,,0,0.9081,,0.850,0,
2795,11,59,fog-68,1,fog,5000.0,0.0000,0.0000,0,150.000,,0,0.9063,,0.850,0,
2796,11,60,fog-69,1,fog,0.0,0.0000,0.0000,0,150.000,,0,1.0000,,0.850,0,
2797,11,60,fog-69,1,fog,100.0,0.0000,0.0000,0,150.000,,0,0.9981,,0.850,0,
2798,11,60,fog-69,1,fog,200.0,0.0000,0.0000,0,150.000,,0,0.9963,,0.850,0,
2799,11,60,fog-69,1,fog,300.0,0.0000,0.0000,0,150.000,,0,0.9944,,0.850,0,
2800,11,60,fog-69,1,fog,400.0,0.0000,0.0000,0,150.000,,0,0.9925,,0.850,0,
2801,11,60,fog-69,1,fog,500.0,0.0000,0.0000,0,150.000,,0,0.9906,,0.850,0,
2802,11,60,fog-69,1,fog,600.0,0.0000,0.0000,0,150.000,,0,0.9888,,0.850,0,
2803,11,60,fog-69,1,fog,700.0,0.0000,0.0000,0,150.000,,0,0.9869,,0.850,0,
2804,11,60,fog-69,1,fog,800.0,0.0000,0.0000,0,150.000,,0,0.9850,,0.850,0,
2805,11,60,fog-69,1,fog,900.0,0.0000,0.0000,0,150.000,,0,0.9831,,0.850,0,
2806,11,60,fog-69,1,fog,1000.0,0.0000,0.0000,0,150.000,,0,0.9813,,0.850,0,
2807,11,60,fog-69,1,fog,1100.0,0.0000,0.0000,0,150.000,,0,0.9794,,0.850,0,
2808,11,60,fog-69,1,fog,1200.0,0.0000,0.0000,0,150.000,,0,0.9775,,0.850,0,
2809,11,60,fog-69,1,fog,1300.0,0.0000,0.0000,4,150.400,0.3536,0,0.9756,,0.850,0,
2810,11,60,fog-69,1,fog,1400.0,0.0000,0.0000,5,150.500,0.0000,0,0.9738,,0.850,0,
2811,11,60,fog-69,1,fog,1500.0,0.0000,0.0000,0,150.000,,0,0.9719,,0.850,0,
2812,11,60,fog-69,1,fog,1600.0,0.0000,0.0000,0,150.000,,0,0.9700,,0.850,0,
2813,11,60,fog-69,1,fog,1700.0,0.0000,0.0000,0,150.000,,0,0.9681,,0.850,0,
2814,11,60,fog-69,1,fog,1800.0,0.0000,0.0000,0,150.000,,0,0.9663,,0.850,0,
2815,11,60,fog-69,1,fog,1900.0,0.0000,0.0000,0,150.000,,0,0.9644,,0.850,0,
2816,11,60,fog-69,1,fog,2000.0,0.0000,0.0000,0,150.000,,0,0.9625,,0.850,0,
2817,11,60,fog-69,1,fog,2100.0,0.0000,0.0000,0,150.000,,0,0.9606,,0.850,0,
2818,11,60,fog-69,1,fog,2200.0,0.0000,0.0000,0,150.000,,0,0.9588,,0.850,0,
2819,11,60,fog-69,1,fog,2300.0,0.0000,0.0000,0,150.000,,0,0.9569,,0.850,0,
2820,11,60,fog-69,1,fog,2400.0,0.0000,0.0000,0,150.000,,0,0.9550,,0.850,0,
2821,11,60,fog-69,1,fog,2500.0,0.0000,0.0000,0,150.000,,0,0.9531,,0.850,0,
2822,11,60,fog-69,1,fog,2600.0,0.0000,0.0000,0,150.000,,0,0.9513,,0.850,0,
2823,11,60,fog-69,1,fog,2700.0,0.0000,0.0000,0,150.000,,0,0.9494,,0.850,0,
2824,11,60,fog-69,1,fog,2800.0,0.0000,0.0000,0,150.000,,0,0.9475,,0.850,0,
2825,11,60,fog-69,1,fog,2900.0,0.0000,0.0000,9,150.900,0.9868,0,0.9456,,0.850,0,
2826,11,60,fog-69,1,fog,3000.0,0.0000,0.0000,5,150.500,0.0000,0,0.9438,,0.850,0,
2827,11,60,fog-69,1,fog,3100.0,0.0000,0.0000,0,150.000,,0,0.9419,,0.850,0,
2828,11,60,fog-69,1,fog,3200.0,0.0000,0.0000,0,150.000,,0,0.9400,,0.850,0,
2829,11,60,fog-69,1,fog,3300.0,0.0000,0.0000,0,150.000,,0,0.9381,,0.850,0,
2830,11,60,fog-69,1,fog,3400.0,0.0000,0.0000,0,150.000,,0,0.9363,,0.850,0,
2831,11,60,fog-69,1,fog,3500.0,0.0000,0.0000,0,150.000,,0,0.9344,,0.850,0,
2832,11,60,fog-69,1,fog,3600.0,0.0000,0.0000,0,150.000,,0,0.9325,,0.850,0,
2833,11,60,fog-69,1,fog,3700.0,0.0000,0.0000,0,150.000,,0,0.9306,,0.850,0,
2834,11,60,fog-69,1,fog,3800.0,0.0000,0.0000,5,150.500,0.0000,0,0.9288,,0.850,0,
2835,11,60,fog-69,1,fog,3900.0,0.0000,0.0000,0,150.000,,0,0.9269,,0.850,0,
2836,11,60,fog-69,1,fog,4000.0,0.0000,0.0000,0,150.000,,0,0.9250,,0.850,0,
2837,11,60,fog-69,1,fog,4100.0,0.0000,0.0000,0,150.000,,0,0.9231,,0.850,0,
2838,11,60,fog-69,1,fog,4200.0,0.0000,0.0000,0,150.000,,0,0.9213,,0.850,0,
2839,11,60,fog-69,1,fog,4300.0,0.0000,0.0000,0,150.000,,0,0.9194,,0.850,0,
2840,11,60,fog-69,1,fog,4400.0,0.0000,0.0000,0,150.000,,0,0.9175,,0.850,0,
2841,11,60,fog-69,1,fog,4500.0,0.0000,0.0000,9,150.900,0.9868,0,0.9156,,0.850,0,
2842,11,60,fog-69,1,fog,4600.0,0.0000,0.0000,0,150.000,,0,0.9138,,0.850,0,
2843,11,60,fog-69,1,fog,4700.0,0.0000,0.0000,0,150.000,,0,0.9119,,0.850,0,
2844,11,60,fog-69,1,fog,4800.0,0.0000,0.0000,0,150.000,,0,0.9100,,0.850,0,
2845,11,60,fog-69,1,fog,4900.0,0.0000,0.0000,0,150.000,,0,0.9081,,0.850,0,
2846,11,60,fog-69,1,fog,5000.0,0.0000,0.0000,0,150.000,,0,0.9063,,0.850,0,
2847,11,61,fog-70,1,fog,0.0,0.0000,0.0000,0,150.000,,0,1.0000,,0.850,0,
2848,11,61,fog-70,1,fog,100.0,0.0000,0.0000,0,150.000,,0,0.9981,,0.850,0,
2849,11,61,fog-70,1,fog,200.0,0.0000,0.0000,0,150.000,,0,0.9963,,0.850,0,
2850,11,61,fog-70,1,fog,300.0,0.0000,0.0000,0,150.000,,0,0.9944,,0.850,0,
2851,11,61,fog-70,1,fog,400.0,0.0000,0.0000,0,150.000,,0,0.9925,,0.850,0,
2852,11,61,fog-70,1,fog,500.0,0.0000,0.0000,0,150.000,,0,0.9906,,0.850,0,
2853,11,61,fog-70,1,fog,600.0,0.0000,0.0000,0,150.000,,0,0.9888,,0.850,0,
2854,11,61,fog-70,1,fog,700.0,0.0000,0.0000,0,150.000,,0,0.9869,,0.850,0,
2855,11,61,fog-70,1,fog,800.0,0.0000,0.0000,0,150.000,,0,0.9850,,0.850,0,
2856,11,61,fog-70,1,fog,900.0,0.0000,0.0000,0,150.000,,0,0.9831,,0.850,0,
2857,11,61,fog-70,1,fog,1000.0,0.0000,0.0000,0,150.000,,0,0.9813,,0.850,0,
2858,11,61,fog-70,1,fog,1100.0,0.0000,0.0000,0,150.000,,0,0.9794,,0.850,0,
2859,11,61,fog-70,1,fog,1200.0,0.0000,0.0000,0,150.000,,0,0.9775,,0.850,0,
2860,11,61,fog-70,1,fog,1300.0,0.0000,0.0000,0,150.000,,0,0.9756,,0.850,0,
2861,11,61,fog-70,1,fog,1400.0,0.0000,0.0000,0,150.000,,0,0.9738,,0.850,0,
2862,11,61,fog-70,1,fog,1500.0,0.0000,0.0000,0,150.000,,0,0.9719,,0.850,0,
2863,11,61,fog-70,1,fog,1600.0,0.0000,0.0000,0,150.000,,0,0.9700,,0.850,0,
2864,11,61,fog-70,1,fog,1700.0,0.0000,0.0000,0,150.000,,0,0.9681,,0.850,0,
2865,11,61,fog-70,1,fog,1800.0,0.0000,0.0000,0,150.000,,0,0.9663,,0.850,0,
2866,11,61,fog-70,1,fog,1900.0,0.0000,0.0000,0,150.000,,0,0.9644,,0.850,0,
2867,11,61,fog-70,1,fog,2000.0,0.0000,0.0000,0,150.000,,0,0.9625,,0.850,0,
2868,11,61,fog-70,1,fog,2100.0,0.0000,0.0000,0,150.000,,0,0.9606,,0.850,0,
2869,11,61,fog-70,1,fog,2200.0,0.0000,0.0000,0,150.000,,0,0.9588,,0.850,0,
2870,11,61,fog-70,1,fog,2300.0,0.0000,0.0000,0,150.000,,0,0.9569,,0.850,0,
2871,11,61,fog-70,1,fog,2400.0,0.0000,0.0000,0,150.000,,0,0.9550,,0.850,0,
2872,11,61,fog-70,1,fog,2500.0,0.0000,0.0000,0,150.000,,0,0.9531,,0.850,0,
2873,11,61,fog-70,1,fog,2600.0,0.0000,0.0000,0,150.000,,0,0.9513,,0.850,0,
2874,11,61,fog-70,1,fog,2700.0,0.0000,0.0000,0,150.000,,0,0.9494,,0.850,0,
2875,11,61,fog-70,1,fog,2800.0,0.0000,0.0000,0,150.000,,0,0.9475,,0.850,0,
2876,11,61,fog-70,1,fog,2900.0,0.0000,0.0000,0,150.000,,0,0.9456,,0.850,0,
2877,11,61,fog-70,1,fog,3000.0,0.0000,0.0000,0,150.000,,0,0.9438,,0.850,0,
2878,11,61,fog-70,1,fog,3100.0,0.0000,0.0000,0,150.000,,0,0.9419,,0.850,0,
2879,11,61,fog-70,1,fog,3200.0,0.0000,0.0000,0,150.000,,0,0.9400,,0.850,0,
2880,11,61,fog-70,1,fog,3300.0,0.0000,0.0000,0,150.000,,0,0.9381,,0.850,0,
2881,11,61,fog-70,1,fog,3400.0,0.0000,0.0000,0,150.000,,0,0.9363,,0.850,0,
2882,11,61,fog-70,1,fog,3500.0,0.0000,0.0000,0,150.000,,0,0.9344,,0.850,0,
2883,11,61,fog-70,1,fog,3600.0,0.0000,0.0000,0,150.000,,0,0.9325,,0.850,0,
2884,11,61,fog-70,1,fog,3700.0,0.0000,0.0000,0,150.000,,0,0.9306,,0.850,0,
2885,11,61,fog-70,1,fog,3800.0,0.0000,0.0000,0,150.000,,0,0.9288,,0.850,0,
2886,11,61,fog-70,1,fog,3900.0,0.0000,0.0000,0,150.000,,0,0.9269,,0.850,0,
2887,11,61,fog-70,1,fog,4000.0,0.0000,0.0000,0,150.000,,0,0.9250,,0.850,0,
2888,11,61,fog-70,1,fog,4100.0,0.0000,0.0000,0,150.000,,0,0.9231,,0.850,0,
2889,11,61,fog-70,1,fog,4200.0,0.0000,0.0000,0,150.000,,0,0.9213,,0.850,0,
2890,11,61,fog-70,1,fog,4300.0,0.0000,0.0000,0,150.000,,0,0.9194,,0.850,0,
2891,11,61,fog-70,1,fog,4400.0,0.0000,0.0000,0,150.000,,0,0.9175,,0.850,0,
2892,11,61,fog-70,1,fog,4500.0,0.0000,0.0000,0,150.000,,0,0.9156,,0.850,0,
2893,11,61,fog-70,1,fog,4600.0,0.0000,0.0000,0,150.000,,0,0.9138,,0.850,0,
2894,11,61,fog-70,1,fog,4700.0,0.0000,0.0000,0,150.000,,0,0.9119,,0.850,0,
2895,11,61,fog-70,1,fog,4800.0,0.0000,0.0000,0,150.000,,0,0.9100,,0.850,0,
2896,11,61,fog-70,1,fog,4900.0,0.0000,0.0000,0,150.000,,0,0.9081,,0.850,0,
2897,11,61,fog-70,1,fog,5000.0,0.0000,0.0000,0,150.000,,0,0.9063,,0.850,0,
2898,11,62,fog-71,1,fog,0.0,0.0000,0.0000,0,150.000,,0,1.0000,,0.850,0,
2899,11,62,fog-71,1,fog,100.0,0.0000,0.0000,0,150.000,,0,0.9981,,0.850,0,
2900,11,62,fog-71,1,fog,200.0,0.0000,0.0000,0,150.000,,0,0.9963,,0.850,0,
2901,11,62,fog-71,1,fog,300.0,0.0000,0.0000,0,150.000,,0,0.9944,,0.850,0,
2902,11,62,fog-71,1,fog,400.0,0.0000,0.0000,0,150.000,,0,0.9925,,0.850,0,
2903,11,62,fog-71,1,fog,500.0,0.0000,0.0000,0,150.000,,0,0.9906,,0.850,0,
2904,11,62,fog-71,1,fog,600.0,0.0000,0.0000,0,150.000,,0,0.9888,,0.850,0,
2905,11,62,fog-71,1,fog,700.0,0.0000,0.0000,0,150.000,,0,0.9869,,0.850,0,
2906,11,62,fog-71,1,fog,800.0,0.0000,0.0000,0,150.000,,0,0.9850,,0.850,0,
2907,11,62,fog-71,1,fog,900.0,0.0000,0.0000,0,150.000,,0,0.9831,,0.850,0,
2908,11,62,fog-71,1,fog,1000.0,0.0000,0.0000,0,150.000,,0,0.9813,,0.850,0,
2909,11,62,fog-71,1,fog,1100.0,0.0000,0.0000,0,150.000,,0,0.9794,,0.850,0,
2910,11,62,fog-71,1,fog,1200.0,0.0000,0.0000,0,150.000,,0,0.9775,,0.850,0,
2911,11,62,fog-71,1,fog,1300.0,0.0000,0.0000,0,150.000,,0,0.9756,,0.850,0,
2912,11,62,fog-71,1,fog,1400.0,0.0000,0.0000,0,150.000,,0,0.9738,,0.850,0,
2913,11,62,fog-71,1,fog,1500.0,0.0000,0.0000,0,150.000,,0,0.9719,,0.850,0,
2914,11,62,fog-71,1,fog,1600.0,0.0000,0.0000,0,150.000,,0,0.9700,,0.850,0,
2915,11,62,fog-71,1,fog,1700.0,0.0000,0.0000,0,150.000,,0,0.9681,,0.850,0,
2916,11,62,fog-71,1,fog,1800.0,0.0000,0.0000,0,150.000,,0,0.9663,,0.850,0,
2917,11,62,fog-71,1,fog,1900.0,0.0000,0.0000,0,150.000,,0,0.9644,,0.850,0,
2918,11,62,fog-71,1,fog,2000.0,0.0000,0.0000,0,150.000,,0,0.9625,,0.850,0,
2919,11,62,fog-71,1,fog,2100.0,0.0000,0.0000,0,150.000,,0,0.9606,,0.850,0,
2920,11,62,fog-71,1,fog,2200.0,0.0000,0.0000,0,150.000,,0,0.9588,,0.850,0,
2921,11,62,fog-71,1,fog,2300.0,0.0000,0.0000,0,150.000,,0,0.9569,,0.850,0,
2922,11,62,fog-71,1,fog,2400.0,0.0000,0.0000,0,150.000,,0,0.9550,,0.850,0,
2923,11,62,fog-71,1,fog,2500.0,0.0000,0.0000,0,150.000,,0,0.9531,,0.850,0,
2924,11,62,fog-71,1,fog,2600.0,0.0000,0.0000,0,150.000,,0,0.9513,,0.850,0,
2925,11,62,fog-71,1,fog,2700.0,0.0000,0.0000,0,150.000,,0,0.9494,,0.850,0,
2926,11,62,fog-71,1,fog,2800.0,0.0000,0.0000,0,150.000,,0,0.9475,,0.850,0,
2927,11,62,fog-71,1,fog,2900.0,0.0000,0.0000,0,150.000,,0,0.9456,,0.850,0,
2928,11,62,fog-71,1,fog,3000.0,0.0000,0.0000,0,150.000,,0,0.9438,,0.850,0,
2929,11,62,fog-71,1,fog,3100.0,0.0000,0.0000,0,150.000,,0,0.9419,,0.850,0,
2930,11,62,fog-71,1,fog,3200.0,0.0000,0.0000,0,150.000,,0,0.9400,,0.850,0,
2931,11,62,fog-71,1,fog,3300.0,0.0000,0.0000,0,150.000,,0,0.9381,,0.850,0,
2932,11,62,fog-71,1,fog,3400.0,0.0000,0.0000,0,150.000,,0,0.9363,,0.850,0,
2933,11,62,fog-71,1,fog,3500.0,0.0000,0.0000,0,150.000,,0,0.9344,,0.850,0,
2934,11,62,fog-71,1,fog,3600.0,0.0000,0.0000,0,150.000,,0,0.9325,,0.850,0,
2935,11,62,fog-71,1,fog,3700.0,0.0000,0.0000,0,150.000,,0,0.9306,,0.850,0,
2936,11,62,fog-71,1,fog,3800.0,0.0000,0.0000,0,150.000,,0,0.9288,,0.850,0,
2937,11,62,fog-71,1,fog,3900.0,0.0000,0.0000,0,150.000,,0,0.9269,,0.850,0,
2938,11,62,fog-71,1,fog,4000.0,0.0000,0.0000,0,150.000,,0,0.9250,,0.850,0,
2939,11,62,fog-71,1,fog,4100.0,0.0000,0.0000,0,150.000,,0,0.9231,,0.850,0,
2940,11,62,fog-71,1,fog,4200.0,0.0000,0.0000,0,150.000,,0,0.9213,,0.850,0,
2941,11,62,fog-71,1,fog,4300.0,0.0000,0.0000,0,150.000,,0,0.9194,,0.850,0,
2942,11,62,fog-71,1,fog,4400.0,0.0000,0.0000,0,150.000,,0,0.9175,,0.850,0,
2943,11,62,fog-71,1,fog,4500.0,0.0000,0.0000,0,150.000,,0,0.9156,,0.850,0,
2944,11,62,fog-71,1,fog,4600.0,0.0000,0.0000,0,150.000,,0,0.9138,,0.850,0,
2945,11,62,fog-71,1,fog,4700.0,0.0000,0.0000,0,150.000,,0,0.9119,,0.850,0,
2946,11,62,fog-71,1,fog,4800.0,0.0000,0.0000,0,150.000,,0,0.9100,,0.850,0,
2947,11,62,fog-71,1,fog,4900.0,0.0000,0.0000,0,150.000,,0,0.9081,,0.850,0,
2948,11,62,fog-71,1,fog,5000.0,0.0000,0.0000,0,150.000,,0,0.9063,,0.850,0,
2949,11,63,fog-72,1,fog,0.0,0.0000,0.0000,0,150.000,,0,1.0000,,0.850,0,
2950,11,63,fog-72,1,fog,100.0,0.0000,0.0000,0,150.000,,0,0.9981,,0.850,0,
2951,11,63,fog-72,1,fog,200.0,0.0000,0.0000,0,150.000,,0,0.9963,,0.850,0,
2952,11,63,fog-72,1,fog,300.0,0.0000,0.0000,0,150.000,,0,0.9944,,0.850,0,
2953,11,63,fog-72,1,fog,400.0,0.0000,0.0000,0,150.000,,0,0.9925,,0.850,0,
2954,11,63,fog-72,1,fog,500.0,0.0000,0.0000,0,150.000,,0,0.9906,,0.850,0,
2955,11,63,fog-72,1,fog,600.0,0.0000,0.0000,0,150.000,,0,0.9888,,0.850,0,
2956,11,63,fog-72,1,fog,700.0,0.0000,0.0000,0,150.000,,0,0.9869,,0.850,0,
2957,11,63,fog-72,1,fog,800.0,0.0000,0.0000,5,150.500,0.0000,0,0.9850,,0.850,0,
2958,11,63,fog-72,1,fog,900.0,0.0000,0.0000,5,150.500,0.0000,0,0.9831,,0.850,0,
2959,11,63,fog-72,1,fog,1000.0,0.0000,0.0000,4,150.400,0.3536,0,0.9813,,0.850,0,
2960,11,63,fog-72,1,fog,1100.0,0.0000,0.0000,5,150.500,0.0000,0,0.9794,,0.850,0,
2961,11,63,fog-72,1,fog,1200.0,0.0000,0.0000,0,150.000,,0,0.9775,,0.850,0,
2962,11,63,fog-72,1,fog,1300.0,0.0000,0.0000,0,150.000,,0,0.9756,,0.850,0,
2963,11,63,fog-72,1,fog,1400.0,0.0000,0.0000,0,150.000,,0,0.9738,,0.850,0,
2964,11,63,fog-72,1,fog,1500.0,0.0000,0.0000,0,150.000,,0,0.9719,,0.850,0,
2965,11,63,fog-72,1,fog,1600.0,0.0000,0.0000,0,150.000,,0,0.9700,,0.850,0,
2966,11,63,fog-72,1,fog,1700.0,0.0000,0.0000,0,150.000,,0,0.9681,,0.850,0,
2967,11,63,fog-72,1,fog,1800.0,0.0000,0.0000,0,150.000,,0,0.9663,,0.850,0,
2968,11,63,fog-72,1,fog,1900.0,0.0000,0.0000,0,150.000,,0,0.9644,,0.850,0,
2969,11,63,fog-72,1,fog,2000.0,0.0000,0.0000,0,150.000,,0,0.9625,,0.850,0,
2970,11,63,fog-72,1,fog,2100.0,0.0000,0.0000,0,150.000,,0,0.9606,,0.850,0,
2971,11,63,fog-72,1,fog,2200.0,0.0000,0.0000,0,150.000,,0,0.9588,,0.850,0,
2972,11,63,fog-72,1,fog,2300.0,0.0000,0.0000,0,150.000,,0,0.9569,,0.850,0,
2973,11,63,fog-72,1,fog,2400.0,0.0000,0.0000,10,151.000,1.0000,0,0.9550,,0.850,0,
2974,11,63,fog-72,1,fog,2500.0,0.0000,0.0000,10,151.000,1.0000,0,0.9531,,0.850,0,
2975,11,63,fog-72,1,fog,2600.0,0.0000,0.0000,10,151.000,1.0000,0,0.9513,,0.850,0,
2976,11,63,fog-72,1,fog,2700.0,0.0000,0.0000,4,150.400,0.3536,0,0.9494,,0.850,0,
2977,11,63,fog-72,1,fog,2800.0,0.0000,0.0000,0,150.000,,0,0.9475,,0.850,0,
2978,11,63,fog-72,1,fog,2900.0,0.0000,0.0000,0,150.000,,0,0.9456,,0.850,0,
2979,11,63,fog-72,1,fog,3000.0,0.0000,0.0000,0,150.000,,0,0.9438,,0.850,0,
2980,11,63,fog-72,1,fog,3100.0,0.0000,0.0000,0,150.000,,0,0.9419,,0.850,0,
2981,11,63,fog-72,1,fog,3200.0,0.0000,0.0000,0,150.000,,0,0.9400,,0.850,0,
2982,11,63,fog-72,1,fog,3300.0,0.0000,0.0000,5,150.500,0.0000,0,0.9381,,0.850,0,
2983,11,63,fog-72,1,fog,3400.0,0.0000,0.0000,3,150.300,0.3333,0,0.9363,,0.850,0,
2984,11,63,fog-72,1,fog,3500.0,0.0000,0.0000,4,150.400,0.3536,0,0.9344,,0.850,0,
2985,11,63,fog-72,1,fog,3600.0,0.0000,0.0000,0,150.000,,0,0.9325,,0.850,0,
2986,11,63,fog-72,1,fog,3700.0,0.0000,0.0000,0,150.000,,0,0.9306,,0.850,0,
2987,11,63,fog-72,1,fog,3800.0,0.0000,0.0000,0,150.000,,0,0.9288,,0.850,0,
2988,11,63,fog-72,1,fog,3900.0,0.0000,0.0000,0,150.000,,0,0.9269,,0.850,0,
2989,11,63,fog-72,1,fog,4000.0,0.0000,0.0000,8,150.800,0.8553,0,0.9250,,0.850,0,
2990,11,63,fog-72,1,fog,4100.0,0.0000,0.0000,5,150.500,0.0000,0,0.9231,,0.850,0,
2991,11,63,fog-72,1,fog,4200.0,0.0000,0.0000,5,150.500,0.0000,0,0.9213,,0.850,0,
2992,11,63,fog-72,1,fog,4300.0,0.0000,0.0000,0,150.000,,0,0.9194,,0.850,0,
2993,11,63,fog-72,1,fog,4400.0,0.0000,0.0000,0,150.000,,0,0.9175,,0.850,0,
2994,11,63,fog-72,1,fog,4500.0,0.0000,0.0000,0,150.000,,0,0.9156,,0.850,0,
2995,11,63,fog-72,1,fog,4600.0,0.0000,0.0000,0,150.000,,0,0.9138,,0.850,0,
2996,11,63,fog-72,1,fog,4700.0,0.0000,0.0000,0,150.000,,0,0.9119,,0.850,0,
2997,11,63,fog-72,1,fog,4800.0,0.0000,0.0000,0,150.000,,0,0.9100,,0.850,0,
2998,11,63,fog-72,1,fog,4900.0,0.0000,0.0000,5,150.500,0.0000,0,0.9081,,0.850,0,
2999,11,63,fog-72,1,fog,5000.0,0.0000,0.0000,5,150.500,0.0000,0,0.9063,,0.850,0,
3000,11,64,fog-73,1,fog,0.0,0.0000,0.0000,0,150.000,,0,1.0000,,0.850,0,
3001,11,64,fog-73,1,fog,100.0,0.0000,0.0000,0,150.000,,0,0.9981,,0.850,0,
3002,11,64,fog-73,1,fog,200.0,0.0000,0.0000,0,150.000,,0,0.9963,,0.850,0,
3003,11,64,fog-73,1,fog,300.0,0.0000,0.0000,0,150.000,,0,0.9944,,0.850,0,
3004,11,64,fog-73,1,fog,400.0,0.0000,0.0000,0,150.000,,0,0.9925,,0.850,0,
3005,11,64,fog-73,1,fog,500.0,0.0000,0.0000,0,150.000,,0,0.9906,,0.850,0,
3006,11,64,fog-73,1,fog,600.0,0.0000,0.0000,0,150.000,,0,0.9888,,0.850,0,
3007,11,64,fog-73,1,fog,700.0,0.0000,0.0000,0,150.000,,0,0.9869,,0.850,0,
3008,11,64,fog-73,1,fog,800.0,0.0000,0.0000,0,150.000,,0,0.9850,,0.850,0,
3009,11,64,fog-73,1,fog,900.0,0.0000,0.0000,0,150.000,,0,0.9831,,0.850,0,
3010,11,64,fog-73,1,fog,1000.0,0.0000,0.0000,0,150.000,,0,0.9813,,0.850,0,
3011,11,64,fog-73,1,fog,1100.0,0.0000,0.0000,0,150.000,,0,0.9794,,0.850,0,
3012,11,64,fog-73,1,fog,1200.0,0.0000,0.0000,0,150.000,,0,0.9775,,0.850,0,
3013,11,64,fog-73,1,fog,1300.0,0.0000,0.0000,0,150.000,,0,0.9756,,0.850,0,
3014,11,64,fog-73,1,fog,1400.0,0.0000,0.0000,0,150.000,,0,0.9738,,0.850,0,
3015,11,64,fog-73,1,fog,1500.0,0.0000,0.0000,0,150.000,,0,0.9719,,0.850,0,
3016,11,64,fog-73,1,fog,1600.0,0.0000,0.0000,0,150.000,,0,0.9700,,0.850,0,
3017,11,64,fog-73,1,fog,1700.0,0.0000,0.0000,0,150.000,,0,0.9681,,0.850,0,
3018,11,64,fog-73,1,fog,1800.0,0.0000,0.0000,0,150.000,,0,0.9663,,0.850,0,
3019,11,64,fog-73,1,fog,1900.0,0.0000,0.0000,0,150.000,,0,0.9644,,0.850,0,
3020,11,64,fog-73,1,fog,2000.0,0.0000,0.0000,0,150.000,,0,0.9625,,0.850,0,
3021,11,64,fog-73,1,fog,2100.0,0.0000,0.0000,0,150.000,,0,0.9606,,0.850,0,
3022,11,64,fog-73,1,fog,2200.0,0.0000,0.0000,0,150.000,,0,0.9588,,0.850,0,
3023,11,64,fog-73,1,fog,2300.0,0.0000,0.0000,0,150.000,,0,0.9569,,0.850,0,
3024,11,64,fog-73,1,fog,2400.0,0.0000,0.0000,0,150.000,,0,0.9550,,0.850,0,
3025,11,64,fog-73,1,fog,2500.0,0.0000,0.0000,0,150.000,,0,0.9531,,0.850,0,
3026,11,64,fog-73,1,fog,2600.0,0.0000,0.0000,0,150.000,,0,0.9513,,0.850,0,
3027,11,64,fog-73,1,fog,2700.0,0.0000,0.0000,0,150.000,,0,0.9494,,0.850,0,
3028,11,64,fog-73,1,fog,2800.0,0.0000,0.0000,0,150.000,,0,0.9475,,0.850,0,
3029,11,64,fog-73,1,fog,2900.0,0.0000,0.0000,0,150.000,,0,0.9456,,0.850,0,
3030,11,64,fog-73,1,fog,3000.0,0.0000,0.0000,0,150.000,,0,0.9438,,0.850,0,
3031,11,64,fog-73,1,fog,3100.0,0.0000,0.0000,0,150.000,,0,0.9419,,0.850,0,
3032,11,64,fog-73,1,fog,3200.0,0.0000,0.0000,0,150.000,,0,0.9400,,0.850,0,
3033,11,64,fog-73,1,fog,3300.0,0.0000,0.0000,0,150.000,,0,0.9381,,0.850,0,
3034,11,64,fog-73,1,fog,3400.0,0.0000,0.0000,0,150.000,,0,0.9363,,0.850,0,
3035,11,64,fog-73,1,fog,3500.0,0.0000,0.0000,0,150.000,,0,0.9344,,0.850,0,
3036,11,64,fog-73,1,fog,3600.0,0.0000,0.0000,0,150.000,,0,0.9325,,0.850,0,
3037,11,64,fog-73,1,fog,3700.0,0.0000,0.0000,0,150.000,,0,0.9306,,0.850,0,
3038,11,64,fog-73,1,fog,3800.0,0.0000,0.0000,0,150.000,,0,0.9288,,0.850,0,
3039,11,64,fog-73,1,fog,3900.0,0.0000,0.0000,0,150.000,,0,0.9269,,0.850,0,
3040,11,64,fog-73,1,fog,4000.0,0.0000,0.0000,0,150.000,,0,0.9250,,0.850,0,
3041,11,64,fog-73,1,fog,4100.0,0.0000,0.0000,0,150.000,,0,0.9231,,0.850,0,
3042,11,64,fog-73,1,fog,4200.0,0.0000,0.0000,0,150.000,,0,0.9213,,0.850,0,
3043,11,64,fog-73,1,fog,4300.0,0.0000,0.0000,0,150.000,,0,0.9194,,0.850,0,
3044,11,64,fog-73,1,fog,4400.0,0.0000,0.0000,0,150.000,,0,0.9175,,0.850,0,
3045,11,64,fog-73,1,fog,4500.0,0.0000,0.0000,0,150.000,,0,0.9156,,0.850,0,
3046,11,64,fog-73,1,fog,4600.0,0.0000,0.0000,0,150.000,,0,0.9138,,0.850,0,
3047,11,64,fog-73,1,fog,4700.0,0.0000,0.0000,0,150.000,,0,0.9119,,0.850,0,
3048,11,64,fog-73,1,fog,4800.0,0.0000,0.0000,0,150.000,,0,0.9100,,0.850,0,
3049,11,64,fog-73,1,fog,4900.0,0.0000,0.0000,0,150.000,,0,0.9081,,0.850,0,
3050,11,64,fog-73,1,fog,5000.0,0.0000,0.0000,0,150.000,,0,0.9063,,0.850,0,
3051,11,65,fog-74,1,fog,0.0,0.0000,0.0000,0,150.000,,0,1.0000,,0.850,0,
3052,11,65,fog-74,1,fog,100.0,0.0000,0.0000,0,150.000,,0,0.9981,,0.850,0,
3053,11,65,fog-74,1,fog,200.0,0.0000,0.0000,0,150.000,,0,0.9963,,0.850,0,
3054,11,65,fog-74,1,fog,300.0,0.0000,0.0000,4,150.400,0.3536,0,0.9944,,0.850,0,
3055,11,65,fog-74,1,fog,400.0,0.0000,0.0000,0,150.000,,0,0.9925,,0.850,0,
3056,11,65,fog-74,1,fog,500.0,0.0000,0.0000,0,150.000,,0,0.9906,,0.850,0,
3057,11,65,fog-74,1,fog,600.0,0.0000,0.0000,0,150.000,,0,0.9888,,0.850,0,
3058,11,65,fog-74,1,fog,700.0,0.0000,0.0000,0,150.000,,0,0.9869,,0.850,0,
3059,11,65,fog-74,1,fog,800.0,0.0000,0.0000,0,150.000,,0,0.9850,,0.850,0,
3060,11,65,fog-74,1,fog,900.0,0.0000,0.0000,0,150.000,,0,0.9831,,0.850,0,
3061,11,65,fog-74,1,fog,1000.0,0.0000,0.0000,0,150.000,,0,0.9813,,0.850,0,
3062,11,65,fog-74,1,fog,1100.0,0.0000,0.0000,0,150.000,,0,0.9794,,0.850,0,
3063,11,65,fog-74,1,fog,1200.0,0.0000,0.0000,0,150.000,,0,0.9775,,0.850,0,
3064,11,65,fog-74,1,fog,1300.0,0.0000,0.0000,0,150.000,,0,0.9756,,0.850,0,
3065,11,65,fog-74,1,fog,1400.0,0.0000,0.0000,4,150.400,0.0000,0,0.9738,,0.850,0,
3066,11,65,fog-74,1,fog,1500.0,0.0000,0.0000,5,150.500,0.0000,0,0.9719,,0.850,0,
3067,11,65,fog-74,1,fog,1600.0,0.0000,0.0000,5,150.500,0.0000,0,0.9700,,0.850,0,
3068,11,65,fog-74,1,fog,1700.0,0.0000,0.0000,0,150.000,,0,0.9681,,0.850,0,
3069,11,65,fog-74,1,fog,1800.0,0.0000,0.0000,0,150.000,,0,0.9663,,0.850,0,
3070,11,65,fog-74,1,fog,1900.0,0.0000,0.0000,0,150.000,,0,0.9644,,0.850,0,
3071,11,65,fog-74,1,fog,2000.0,0.0000,0.0000,0,150.000,,0,0.9625,,0.850,0,
3072,11,65,fog-74,1,fog,2100.0,0.0000,0.0000,5,150.500,0.0000,0,0.9606,,0.850,0,
3073,11,65,fog-74,1,fog,2200.0,0.0000,0.0000,0,150.000,,0,0.9588,,0.850,0,
3074,11,65,fog-74,1,fog,2300.0,0.0000,0.0000,0,150.000,,0,0.9569,,0.850,0,
3075,11,65,fog-74,1,fog,2400.0,0.0000,0.0000,0,150.000,,0,0.9550,,0.850,0,
3076,11,65,fog-74,1,fog,2500.0,0.0000,0.0000,0,150.000,,0,0.9531,,0.850,0,
3077,11,65,fog-74,1,fog,2600.0,0.0000,0.0000,0,150.000,,0,0.9513,,0.850,0,
3078,11,65,fog-74,1,fog,2700.0,0.0000,0.0000,0,150.000,,0,0.9494,,0.850,0,
3079,11,65,fog-74,1,fog,2800.0,0.0000,0.0000,0,150.000,,0,0.9475,,0.850,0,
3080,11,65,fog-74,1,fog,2900.0,0.0000,0.0000,0,150.000,,0,0.9456,,0.850,0,
3081,11,65,fog-74,1,fog,3000.0,0.0000,0.0000,5,150.500,0.0000,0,0.9438,,0.850,0,
3082,11,65,fog-74,1,fog,3100.0,0.0000,0.0000,5,150.500,0.0000,0,0.9419,,0.850,0,
3083,11,65,fog-74,1,fog,3200.0,0.0000,0.0000,5,150.500,0.0000,0,0.9400,,0.850,0,
3084,11,65,fog-74,1,fog,3300.0,0.0000,0.0000,0,150.000,,0,0.9381,,0.850,0,
3085,11,65,fog-74,1,fog,3400.0,0.0000,0.0000,0,150.000,,0,0.9363,,0.850,0,
3086,11,65,fog-74,1,fog,3500.0,0.0000,0.0000,0,150.000,,0,0.9344,,0.850,0,
3087,11,65,fog-74,1,fog,3600.0,0.0000,0.0000,0,150.000,,0,0.9325,,0.850,0,
3088,11,65,fog-74,1,fog,3700.0,0.0000,0.0000,4,150.400,0.0000,0,0.9306,,0.850,0,
3089,11,65,fog-74,1,fog,3800.0,0.0000,0.0000,0,150.000,,0,0.9288,,0.850,0,
3090,11,65,fog-74,1,fog,3900.0,0.0000,0.0000,0,150.000,,0,0.9269,,0.850,0,
3091,11,65,fog-74,1,fog,4000.0,0.0000,0.0000,0,150.000,,0,0.9250,,0.850,0,
3092,11,65,fog-74,1,fog,4100.0,0.0000,0.0000,0,150.000,,0,0.9231,,0.850,0,
3093,11,65,fog-74,1,fog,4200.0,0.0000,0.0000,0,150.000,,0,0.9213,,0.850,0,
3094,11,65,fog-74,1,fog,4300.0,0.0000,0.0000,0,150.000,,0,0.9194,,0.850,0,
3095,11,65,fog-74,1,fog,4400.0,0.0000,0.0000,0,150.000,,0,0.9175,,0.850,0,
3096,11,65,fog-74,1,fog,4500.0,0.0000,0.0000,0,150.000,,0,0.9156,,0.850,0,
3097,11,65,fog-74,1,fog,4600.0,0.0000,0.0000,4,150.400,0.0000,0,0.9138,,0.850,0,
3098,11,65,fog-74,1,fog,4700.0,0.0000,0.0000,5,150.500,0.0000,0,0.9119,,0.850,0,
3099,11,65,fog-74,1,fog,4800.0,0.0000,0.0000,5,150.500,0.0000,0,0.9100,,0.850,0,
3100,11,65,fog-74,1,fog,4900.0,0.0000,0.0000,0,150.000,,0,0.9081,,0.850,0,
3101,11,65,fog-74,1,fog,5000.0,0.0000,0.0000,0,150.000,,0,0.9063,,0.850,0,
3102,11,66,fog-75,1,fog,0.0,0.0000,0.0000,0,150.000,,0,1.0000,,0.850,0,
3103,11,66,fog-75,1,fog,100.0,0.0000,0.0000,0,150.000,,0,0.9981,,0.850,0,
3104,11,66,fog-75,1,fog,200.0,0.0000,0.0000,0,150.000,,0,0.9963,,0.850,0,
3105,11,66,fog-75,1,fog,300.0,0.0000,0.0000,0,150.000,,0,0.9944,,0.850,0,
3106,11,66,fog-75,1,fog,400.0,0.0000,0.0000,0,150.000,,0,0.9925,,0.850,0,
3107,11,66,fog-75,1,fog,500.0,0.0000,0.0000,5,150.500,0.0000,0,0.9906,,0.850,0,
3108,11,66,fog-75,1,fog,600.0,0.0000,0.0000,0,150.000,,0,0.9888,,0.850,0,
3109,11,66,fog-75,1,fog,700.0,0.0000,0.0000,0,150.000,,0,0.9869,,0.850,0,
3110,11,66,fog-75,1,fog,800.0,0.0000,0.0000,0,150.000,,0,0.9850,,0.850,0,
3111,11,66,fog-75,1,fog,900.0,0.0000,0.0000,0,150.000,,0,0.9831,,0.850,0,
3112,11,66,fog-75,1,fog,1000.0,0.0000,0.0000,0,150.000,,0,0.9813,,0.850,0,
3113,11,66,fog-75,1,fog,1100.0,0.0000,0.0000,0,150.000,,0,0.9794,,0.850,0,
3114,11,66,fog-75,1,fog,1200.0,0.0000,0.0000,0,150.000,,0,0.9775,,0.850,0,
3115,11,66,fog-75,1,fog,1300.0,0.0000,0.0000,0,150.000,,0,0.9756,,0.850,0,
3116,11,66,fog-75,1,fog,1400.0,0.0000,0.0000,0,150.000,,0,0.9738,,0.850,0,
3117,11,66,fog-75,1,fog,1500.0,0.0000,0.0000,0,150.000,,0,0.9719,,0.850,0,
3118,11,66,fog-75,1,fog,1600.0,0.0000,0.0000,4,150.400,0.3536,0,0.9700,,0.850,0,
3119,11,66,fog-75,1,fog,1700.0,0.0000,0.0000,0,150.000,,0,0.9681,,0.850,0,
3120,11,66,fog-75,1,fog,1800.0,0.0000,0.0000,0,150.000,,0,0.9663,,0.850,0,
3121,11,66,fog-75,1,fog,1900.0,0.0000,0.0000,0,150.000,,0,0.9644,,0.850,0,
3122,11,66,fog-75,1,fog,2000.0,0.0000,0.0000,0,150.000,,0,0.9625,,0.850,0,
3123,11,66,fog-75,1,fog,2100.0,0.0000,0.0000,0,150.000,,0,0.9606,,0.850,0,
3124,11,66,fog-75,1,fog,2200.0,0.0000,0.0000,0,150.000,,0,0.9588,,0.850,0,
3125,11,66,fog-75,1,fog,2300.0,0.0000,0.0000,5,150.500,0.0000,0,0.9569,,0.850,0,
3126,11,66,fog-75,1,fog,2400.0,0.0000,0.0000,0,150.000,,0,0.9550,,0.850,0,
3127,11,66,fog-75,1,fog,2500.0,0.0000,0.0000,0,150.000,,0,0.9531,,0.850,0,
3128,11,66,fog-75,1,fog,2600.0,0.0000,0.0000,0,150.000,,0,0.9513,,0.850,0,
3129,11,66,fog-75,1,fog,2700.0,0.0000,0.0000,0,150.000,,0,0.9494,,0.850,0,
3130,11,66,fog-75,1,fog,2800.0,0.0000,0.0000,0,150.000,,0,0.9475,,0.850,0,
3131,11,66,fog-75,1,fog,2900.0,0.0000,0.0000,0,150.000,,0,0.9456,,0.850,0,
3132,11,66,fog-75,1,fog,3000.0,0.0000,0.0000,0,150.000,,0,0.9438,,0.850,0,
3133,11,66,fog-75,1,fog,3100.0,0.0000,0.0000,4,150.400,0.0000,0,0.9419,,0.850,0,
3134,11,66,fog-75,1,fog,3200.0,0.0000,0.0000,5,150.500,0.0000,0,0.9400,,0.850,0,
3135,11,66,fog-75,1,fog,3300.0,0.0000,0.0000,0,150.000,,0,0.9381,,0.850,0,
3136,11,66,fog-75,1,fog,3400.0,0.0000,0.0000,0,150.000,,0,0.9363,,0.850,0,
3137,11,66,fog-75,1,fog,3500.0,0.0000,0.0000,0,150.000,,0,0.9344,,0.850,0,
3138,11,66,fog-75,1,fog,3600.0,0.0000,0.0000,0,150.000,,0,0.9325,,0.850,0,
3139,11,66,fog-75,1,fog,3700.0,0.0000,0.0000,0,150.000,,0,0.9306,,0.850,0,
3140,11,66,fog-75,1,fog,3800.0,0.0000,0.0000,0,150.000,,0,0.9288,,0.850,0,
3141,11,66,fog-75,1,fog,3900.0,0.0000,0.0000,4,150.400,0.3536,0,0.9269,,0.850,0,
3142,11,66,fog-75,1,fog,4000.0,0.0000,0.0000,5,150.500,0.0000,0,0.9250,,0.850,0,
3143,11,66,fog-75,1,fog,4100.0,0.0000,0.0000,0,150.000,,0,0.9231,,0.850,0,
3144,11,66,fog-75,1,fog,4200.0,0.0000,0.0000,0,150.000,,0,0.9213,,0.850,0,
3145,11,66,fog-75,1,fog,4300.0,0.0000,0.0000,0,150.000,,0,0.9194,,0.850,0,
3146,11,66,fog-75,1,fog,4400.0,0.0000,0.0000,0,150.000,,0,0.9175,,0.850,0,
3147,11,66,fog-75,1,fog,4500.0,0.0000,0.0000,0,150.000,,0,0.9156,,0.850,0,
3148,11,66,fog-75,1,fog,4600.0,0.0000,0.0000,0,150.000,,0,0.9138,,0.850,0,
3149,11,66,fog-75,1,fog,4700.0,0.0000,0.0000,5,150.500,0.0000,0,0.9119,,0.850,0,
3150,11,66,fog-75,1,fog,4800.0,0.0000,0.0000,0,150.000,,0,0.9100,,0.850,0,
3151,11,66,fog-75,1,fog,4900.0,0.0000,0.0000,0,150.000,,0,0.9081,,0.850,0,
3152,11,66,fog-75,1,fog,5000.0,0.0000,0.0000,0,150.000,,0,0.9063,,0.850,0,
3153,11,67,fog-76,1,fog,0.0,0.0000,0.0000,0,150.000,,0,1.0000,,0.850,0,
3154,11,67,fog-76,1,fog,100.0,0.0000,0.0000,0,150.000,,0,0.9981,,0.850,0,
3155,11,67,fog-76,1,fog,200.0,0.0000,0.0000,0,150.000,,0,0.9963,,0.850,0,
3156,11,67,fog-76,1,fog,300.0,0.0000,0.0000,0,150.000,,0,0.9944,,0.850,0,
3157,11,67,fog-76,1,fog,400.0,0.0000,0.0000,0,150.000,,0,0.9925,,0.850,0,
3158,11,67,fog-76,1,fog,500.0,0.0000,0.0000,0,150.000,,0,0.9906,,0.850,0,
3159,11,67,fog-76,1,fog,600.0,0.0000,0.0000,0,150.000,,0,0.9888,,0.850,0,
3160,11,67,fog-76,1,fog,700.0,0.0000,0.0000,0,150.000,,0,0.9869,,0.850,0,
3161,11,67,fog-76,1,fog,800.0,0.0000,0.0000,0,150.000,,0,0.9850,,0.850,0,
3162,11,67,fog-76,1,fog,900.0,0.0000,0.0000,0,150.000,,0,0.9831,,0.850,0,
3163,11,67,fog-76,1,fog,1000.0,0.0000,0.0000,0,150.000,,0,0.9813,,0.850,0,
3164,11,67,fog-76,1,fog,1100.0,0.0000,0.0000,0,150.000,,0,0.9794,,0.850,0,
3165,11,67,fog-76,1,fog,1200.0,0.0000,0.0000,0,150.000,,0,0.9775,,0.850,0,
3166,11,67,fog-76,1,fog,1300.0,0.0000,0.0000,0,150.000,,0,0.9756,,0.850,0,
3167,11,67,fog-76,1,fog,1400.0,0.0000,0.0000,0,150.000,,0,0.9738,,0.850,0,
3168,11,67,fog-76,1,fog,1500.0,0.0000,0.0000,0,150.000,,0,0.9719,,0.850,0,
3169,11,67,fog-76,1,fog,1600.0,0.0000,0.0000,0,150.000,,0,0.9700,,0.850,0,
3170,11,67,fog-76,1,fog,1700.0,0.0000,0.0000,0,150.000,,0,0.9681,,0.850,0,
3171,11,67,fog-76,1,fog,1800.0,0.0000,0.0000,0,150.000,,0,0.9663,,0.850,0,
3172,11,67,fog-76,1,fog,1900.0,0.0000,0.0000,0,150.000,,0,0.9644,,0.850,0,
3173,11,67,fog-76,1,fog,2000.0,0.0000,0.0000,0,150.000,,0,0.9625,,0.850,0,
3174,11,67,fog-76,1,fog,2100.0,0.0000,0.0000,0,150.000,,0,0.9606,,0.850,0,
3175,11,67,fog-76,1,fog,2200.0,0.0000,0.0000,0,150.000,,0,0.9588,,0.850,0,
3176,11,67,fog-76,1,fog,2300.0,0.0000,0.0000,0,150.000,,0,0.9569,,0.850,0,
3177,11,67,fog-76,1,fog,2400.0,0.0000,0.0000,0,150.000,,0,0.9550,,0.850,0,
3178,11,67,fog-76,1,fog,2500.0,0.0000,0.0000,0,150.000,,0,0.9531,,0.850,0,
3179,11,67,fog-76,1,fog,2600.0,0.0000,0.0000,0,150.000,,0,0.9513,,0.850,0,
3180,11,67,fog-76,1,fog,2700.0,0.0000,0.0000,0,150.000,,0,0.9494,,0.850,0,
3181,11,67,fog-76,1,fog,2800.0,0.0000,0.0000,0,150.000,,0,0.9475,,0.850,0,
3182,11,67,fog-76,1,fog,2900.0,0.0000,0.0000,0,150.000,,0,0.9456,,0.850,0,
3183,11,67,fog-76,1,fog,3000.0,0.0000,0.0000,0,150.000,,0,0.9438,,0.850,0,
3184,11,67,fog-76,1,fog,3100.0,0.0000,0.0000,0,150.000,,0,0.9419,,0.850,0,
3185,11,67,fog-76,1,fog,3200.0,0.0000,0.0000,0,150.000,,0,0.9400,,0.850,0,
3186,11,67,fog-76,1,fog,3300.0,0.0000,0.0000,0,150.000,,0,0.9381,,0.850,0,
3187,11,67,fog-76,1,fog,3400.0,0.0000,0.0000,0,150.000,,0,0.9363,,0.850,0,
3188,11,67,fog-76,1,fog,3500.0,0.0000,0.0000,0,150.000,,0,0.9344,,0.850,0,
3189,11,67,fog-76,1,fog,3600.0,0.0000,0.0000,0,150.000,,0,0.9325,,0.850,0,
3190,11,67,fog-76,1,fog,3700.0,0.0000,0.0000,0,150.000,,0,0.9306,,0.850,0,
3191,11,67,fog-76,1,fog,3800.0,0.0000,0.0000,0,150.000,,0,0.9288,,0.850,0,
3192,11,67,fog-76,1,fog,3900.0,0.0000,0.0000,0,150.000,,0,0.9269,,0.850,0,
3193,11,67,fog-76,1,fog,4000.0,0.0000,0.0000,0,150.000,,0,0.9250,,0.850,0,
3194,11,67,fog-76,1,fog,4100.0,0.0000,0.0000,0,150.000,,0,0.9231,,0.850,0,
3195,11,67,fog-76,1,fog,4200.0,0.0000,0.0000,0,150.000,,0,0.9213,,0.850,0,
3196,11,67,fog-76,1,fog,4300.0,0.0000,0.0000,0,150.000,,0,0.9194,,0.850,0,
3197,11,67,fog-76,1,fog,4400.0,0.0000,0.0000,0,150.000,,0,0.9175,,0.850,0,
3198,11,67,fog-76,1,fog,4500.0,0.0000,0.0000,0,150.000,,0,0.9156,,0.850,0,
3199,11,67,fog-76,1,fog,4600.0,0.0000,0.0000,0,150.000,,0,0.9138,,0.850,0,
3200,11,67,fog-76,1,fog,4700.0,0.0000,0.0000,0,150.000,,0,0.9119,,0.850,0,
3201,11,67,fog-76,1,fog,4800.0,0.0000,0.0000,0,150.000,,0,0.9100,,0.850,0,
3202,11,67,fog-76,1,fog,4900.0,0.0000,0.0000,0,150.000,,0,0.9081,,0.850,0,
3203,11,67,fog-76,1,fog,5000.0,0.0000,0.0000,0,150.000,,0,0.9063,,0.850,0,
3204,11,68,fog-77,1,fog,0.0,0.0000,0.0000,0,150.000,,0,1.0000,,0.850,0,
3205,11,68,fog-77,1,fog,100.0,0.0000,0.0000,0,150.000,,0,0.9981,,0.850,0,
3206,11,68,fog-77,1,fog,200.0,0.0000,0.0000,0,150.000,,0,0.9963,,0.850,0,
3207,11,68,fog-77,1,fog,300.0,0.0000,0.0000,0,150.000,,0,0.9944,,0.850,0,
3208,11,68,fog-77,1,fog,400.0,0.0000,0.0000,0,150.000,,0,0.9925,,0.850,0,
3209,11,68,fog-77,1,fog,500.0,0.0000,0.0000,0,150.000,,0,0.9906,,0.850,0,
3210,11,68,fog-77,1,fog,600.0,0.0000,0.0000,0,150.000,,0,0.9888,,0.850,0,
3211,11,68,fog-77,1,fog,700.0,0.0000,0.0000,0,150.000,,0,0.9869,,0.850,0,
3212,11,68,fog-77,1,fog,800.0,0.0000,0.0000,0,150.000,,0,0.9850,,0.850,0,
3213,11,68,fog-77,1,fog,900.0,0.0000,0.0000,0,150.000,,0,0.9831,,0.850,0,
3214,11,68,fog-77,1,fog,1000.0,0.0000,0.0000,0,150.000,,0,0.9813,,0.850,0,
3215,11,68,fog-77,1,fog,1100.0,0.0000,0.0000,0,150.000,,0,0.9794,,0.850,0,
3216,11,68,fog-77,1,fog,1200.0,0.0000,0.0000,0,150.000,,0,0.9775,,0.850,0,
3217,11,68,fog-77,1,fog,1300.0,0.0000,0.0000,0,150.000,,0,0.9756,,0.850,0,
3218,11,68,fog-77,1,fog,1400.0,0.0000,0.0000,0,150.000,,0,0.9738,,0.850,0,
3219,11,68,fog-77,1,fog,1500.0,0.0000,0.0000,0,150.000,,0,0.9719,,0.850,0,
3220,11,68,fog-77,1,fog,1600.0,0.0000,0.0000,0,150.000,,0,0.9700,,0.850,0,
3221,11,68,fog-77,1,fog,1700.0,0.0000,0.0000,0,150.000,,0,0.9681,,0.850,0,
3222,11,68,fog-77,1,fog,1800.0,0.0000,0.0000,0,150.000,,0,0.9663,,0.850,0,
3223,11,68,fog-77,1,fog,1900.0,0.0000,0.0000,0,150.000,,0,0.9644,,0.850,0,
3224,11,68,fog-77,1,fog,2000.0,0.0000,0.0000,0,150.000,,0,0.9625,,0.850,0,
3225,11,68,fog-77,1,fog,2100.0,0.0000,0.0000,0,150.000,,0,0.9606,,0.850,0,
3226,11,68,fog-77,1,fog,2200.0,0.0000,0.0000,0,150.000,,0,0.9588,,0.850,0,
3227,11,68,fog-77,1,fog,2300.0,0.0000,0.0000,0,150.000,,0,0.9569,,0.850,0,
3228,11,68,fog-77,1,fog,2400.0,0.0000,0.0000,0,150.000,,0,0.9550,,0.850,0,
3229,11,68,fog-77,1,fog,2500.0,0.0000,0.0000,0,150.000,,0,0.9531,,0.850,0,
3230,11,68,fog-77,1,fog,2600.0,0.0000,0.0000,0,150.000,,0,0.9513,,0.850,0,
3231,11,68,fog-77,1,fog,2700.0,0.0000,0.0000,0,150.000,,0,0.9494,,0.850,0,
3232,11,68,fog-77,1,fog,2800.0,0.0000,0.0000,0,150.000,,0,0.9475,,0.850,0,
3233,11,68,fog-77,1,fog,2900.0,0.0000,0.0000,0,150.000,,0,0.9456,,0.850,0,
3234,11,68,fog-77,1,fog,3000.0,0.0000,0.0000,0,150.000,,0,0.9438,,0.850,0,
3235,11,68,fog-77,1,fog,3100.0,0.0000,0.0000,0,150.000,,0,0.9419,,0.850,0,
3236,11,68,fog-77,1,fog,3200.0,0.0000,0.0000,0,150.000,,0,0.9400,,0.850,0,
3237,11,68,fog-77,1,fog,3300.0,0.0000,0.0000,0,150.000,,0,0.9381,,0.850,0,
3238,11,68,fog-77,1,fog,3400.0,0.0000,0.0000,0,150.000,,0,0.9363,,0.850,0,
3239,11,68,fog-77,1,fog,3500.0,0.0000,0.0000,0,150.000,,0,0.9344,,0.850,0,
3240,11,68,fog-77,1,fog,3600.0,0.0000,0.0000,0,150.000,,0,0.9325,,0.850,0,
3241,11,68,fog-77,1,fog,3700.0,0.0000,0.0000,0,150.000,,0,0.9306,,0.850,0,
3242,11,68,fog-77,1,fog,3800.0,0.0000,0.0000,0,150.000,,0,0.9288,,0.850,0,
3243,11,68,fog-77,1,fog,3900.0,0.0000,0.0000,0,150.000,,0,0.9269,,0.850,0,
3244,11,68,fog-77,1,fog,4000.0,0.0000,0.0000,0,150.000,,0,0.9250,,0.850,0,
3245,11,68,fog-77,1,fog,4100.0,0.0000,0.0000,0,150.000,,0,0.9231,,0.850,0,
3246,11,68,fog-77,1,fog,4200.0,0.0000,0.0000,0,150.000,,0,0.9213,,0.850,0,
3247,11,68,fog-77,1,fog,4300.0,0.0000,0.0000,0,150.000,,0,0.9194,,0.850,0,
3248,11,68,fog-77,1,fog,4400.0,0.0000,0.0000,0,150.000,,0,0.9175,,0.850,0,
3249,11,68,fog-77,1,fog,4500.0,0.0000,0.0000,0,150.000,,0,0.9156,,0.850,0,
3250,11,68,fog-77,1,fog,4600.0,0.0000,0.0000,0,150.000,,0,0.9138,,0.850,0,
3251,11,68,fog-77,1,fog,4700.0,0.0000,0.0000,0,150.000,,0,0.9119,,0.850,0,
3252,11,68,fog-77,1,fog,4800.0,0.0000,0.0000,0,150.000,,0,0.9100,,0.850,0,
3253,11,68,fog-77,1,fog,4900.0,0.0000,0.0000,0,150.000,,0,0.9081,,0.850,0,
3254,11,68,fog-77,1,fog,5000.0,0.0000,0.0000,0,150.000,,0,0.9063,,0.850,0,
3255,11,69,fog-78,1,fog,0.0,0.0000,0.0000,0,150.000,,0,1.0000,,0.850,0,
3256,11,69,fog-78,1,fog,100.0,0.0000,0.0000,0,150.000,,0,0.9981,,0.850,0,
3257,11,69,fog-78,1,fog,200.0,0.0000,0.0000,0,150.000,,0,0.9963,,0.850,0,
3258,11,69,fog-78,1,fog,300.0,0.0000,0.0000,0,150.000,,0,0.9944,,0.850,0,
3259,11,69,fog-78,1,fog,400.0,0.0000,0.0000,0,150.000,,0,0.9925,,0.850,0,
3260,11,69,fog-78,1,fog,500.0,0.0000,0.0000,0,150.000,,0,0.9906,,0.850,0,
3261,11,69,fog-78,1,fog,600.0,0.0000,0.0000,0,150.000,,0,0.9888,,0.850,0,
3262,11,69,fog-78,1,fog,700.0,0.0000,0.0000,0,150.000,,0,0.9869,,0.850,0,
3263,11,69,fog-78,1,fog,800.0,0.0000,0.0000,0,150.000,,0,0.9850,,0.850,0,
3264,11,69,fog-78,1,fog,900.0,0.0000,0.0000,0,150.000,,0,0.9831,,0.850,0,
3265,11,69,fog-78,1,fog,1000.0,0.0000,0.0000,0,150.000,,0,0.9813,,0.850,0,
3266,11,69,fog-78,1,fog,1100.0,0.0000,0.0000,0,150.000,,0,0.9794,,0.850,0,
3267,11,69,fog-78,1,fog,1200.0,0.0000,0.0000,0,150.000,,0,0.9775,,0.850,0,
3268,11,69,fog-78,1,fog,1300.0,0.0000,0.0000,0,150.000,,0,0.9756,,0.850,0,
3269,11,69,fog-78,1,fog,1400.0,0.0000,0.0000,0,150.000,,0,0.9738,,0.850,0,
3270,11,69,fog-78,1,fog,1500.0,0.0000,0.0000,0,150.000,,0,0.9719,,0.850,0,
3271,11,69,fog-78,1,fog,1600.0,0.0000,0.0000,0,150.000,,0,0.9700,,0.850,0,
3272,11,69,fog-78,1,fog,1700.0,0.0000,0.0000,0,150.000,,0,0.9681,,0.850,0,
3273,11,69,fog-78,1,fog,1800.0,0.0000,0.0000,0,150.000,,0,0.9663,,0.850,0,
3274,11,69,fog-78,1,fog,1900.0,0.0000,0.0000,0,150.000,,0,0.9644,,0.850,0,
3275,11,69,fog-78,1,fog,2000.0,0.0000,0.0000,0,150.000,,0,0.9625,,0.850,0,
3276,11,69,fog-78,1,fog,2100.0,0.0000,0.0000,0,150.000,,0,0.9606,,0.850,0,
3277,11,69,fog-78,1,fog,2200.0,0.0000,0.0000,0,150.000,,0,0.9588,,0.850,0,
3278,11,69,fog-78,1,fog,2300.0,0.0000,0.0000,0,150.000,,0,0.9569,,0.850,0,
3279,11,69,fog-78,1,fog,2400.0,0.0000,0.0000,0,150.000,,0,0.9550,,0.850,0,
3280,11,69,fog-78,1,fog,2500.0,0.0000,0.0000,0,150.000,,0,0.9531,,0.850,0,
3281,11,69,fog-78,1,fog,2600.0,0.0000,0.0000,0,150.000,,0,0.9513,,0.850,0,
3282,11,69,fog-78,1,fog,2700.0,0.0000,0.0000,0,150.000,,0,0.9494,,0.850,0,
3283,11,69,fog-78,1,fog,2800.0,0.0000,0.0000,0,150.000,,0,0.9475,,0.850,0,
3284,11,69,fog-78,1,fog,2900.0,0.0000,0.0000,0,150.000,,0,0.9456,,0.850,0,
3285,11,69,fog-78,1,fog,3000.0,0.0000,0.0000,0,150.000,,0,0.9438,,0.850,0,
3286,11,69,fog-78,1,fog,3100.0,0.0000,0.0000,0,150.000,,0,0.9419,,0.850,0,
3287,11,69,fog-78,1,fog,3200.0,0.0000,0.0000,0,150.000,,0,0.9400,,0.850,0,
3288,11,69,fog-78,1,fog,3300.0,0.0000,0.0000,0,150.000,,0,0.9381,,0.850,0,
3289,11,69,fog-78,1,fog,3400.0,0.0000,0.0000,0,150.000,,0,0.9363,,0.850,0,
3290,11,69,fog-78,1,fog,3500.0,0.0000,0.0000,0,150.000,,0,0.9344,,0.850,0,
3291,11,69,fog-78,1,fog,3600.0,0.0000,0.0000,0,150.000,,0,0.9325,,0.850,0,
3292,11,69,fog-78,1,fog,3700.0,0.0000,0.0000,0,150.000,,0,0.9306,,0.850,0,
3293,11,69,fog-78,1,fog,3800.0,0.0000,0.0000,0,150.000,,0,0.9288,,0.850,0,
3294,11,69,fog-78,1,fog,3900.0,0.0000,0.0000,0,150.000,,0,0.9269,,0.850,0,
3295,11,69,fog-78,1,fog,4000.0,0.0000,0.0000,0,150.000,,0,0.9250,,0.850,0,
3296,11,69,fog-78,1,fog,4100.0,0.0000,0.0000,0,150.000,,0,0.9231,,0.850,0,
3297,11,69,fog-78,1,fog,4200.0,0.0000,0.0000,0,150.000,,0,0.9213,,0.850,0,
3298,11,69,fog-78,1,fog,4300.0,0.0000,0.0000,0,150.000,,0,0.9194,,0.850,0,
3299,11,69,fog-78,1,fog,4400.0,0.0000,0.0000,0,150.000,,0,0.9175,,0.850,0,
3300,11,69,fog-78,1,fog,4500.0,0.0000,0.0000,0,150.000,,0,0.9156,,0.850,0,
3301,11,69,fog-78,1,fog,4600.0,0.0000,0.0000,0,150.000,,0,0.9138,,0.850,0,
3302,11,69,fog-78,1,fog,4700.0,0.0000,0.0000,0,150.000,,0,0.9119,,0.850,0,
3303,11,69,fog-78,1,fog,4800.0,0.0000,0.0000,0,150.000,,0,0.9100,,0.850,0,
3304,11,69,fog-78,1,fog,4900.0,0.0000,0.0000,0,150.000,,0,0.9081,,0.850,0,
3305,11,69,fog-78,1,fog,5000.0,0.0000,0.0000,0,150.000,,0,0.9063,,0.850,0,
3306,11,70,fog-79,1,fog,0.0,0.0000,0.0000,0,150.000,,0,1.0000,,0.850,0,2031.8
3307,11,70,fog-79,1,fog,100.0,0.0000,0.0000,0,150.000,,0,0.9981,,0.850,0,2031.8
3308,11,70,fog-79,1,fog,200.0,0.0000,0.0000,0,150.000,,0,0.9963,,0.850,0,2031.8
3309,11,70,fog-79,1,fog,300.0,0.0000,0.0000,0,150.000,,0,0.9944,,0.850,0,2031.8
3310,11,70,fog-79,1,fog,400.0,0.0000,0.0000,0,150.000,,0,0.9925,,0.850,0,2031.8
3311,11,70,fog-79,1,fog,500.0,0.0000,0.0000,0,150.000,,0,0.9906,,0.850,0,2031.8
3312,11,70,fog-79,1,fog,600.0,0.0000,0.0000,0,150.000,,0,0.9888,,0.850,0,2031.8
3313,11,70,fog-79,1,fog,700.0,0.0000,0.0000,0,150.000,,0,0.9869,,0.850,0,2031.8
3314,11,70,fog-79,1,fog,800.0,0.0000,0.0000,0,150.000,,0,0.9850,,0.850,0,2031.8
3315,11,70,fog-79,1,fog,900.0,0.0000,0.0000,0,150.000,,0,0.9831,,0.850,0,2031.8
3316,11,70,fog-79,1,fog,1000.0,0.0000,0.0000,0,150.000,,0,0.9813,,0.850,0,2031.8
3317,11,70,fog-79,1,fog,1100.0,0.0000,0.0000,0,150.000,,0,0.9794,,0.850,0,2031.8
3318,11,70,fog-79,1,fog,1200.0,0.0000,0.0000,0,150.000,,0,0.9775,,0.850,0,2031.8
3319,11,70,fog-79,1,fog,1300.0,0.0000,0.0000,0,150.000,,0,0.9756,,0.850,0,2031.8
3320,11,70,fog-79,1,fog,1400.0,0.0000,0.0000,0,150.000,,0,0.9738,,0.850,0,2031.8
3321,11,70,fog-79,1,fog,1500.0,0.0000,0.0000,0,150.000,,0,0.9719,,0.850,0,2031.8
3322,11,70,fog-79,1,fog,1600.0,0.0000,0.0000,0,150.000,,0,0.9700,,0.850,0,2031.8
3323,11,70,fog-79,1,fog,1700.0,0.0000,0.0000,0,150.000,,0,0.9681,,0.850,0,2031.8
3324,11,70,fog-79,1,fog,1800.0,0.0000,0.0000,0,150.000,,0,0.9663,,0.850,0,2031.8
3325,11,70,fog-79,1,fog,1900.0,0.0000,0.0000,0,150.000,,0,0.9644,,0.850,1,2031.8
3326,11,70,fog-79,1,fog,2000.0,0.0000,0.0000,0,150.000,,0,0.9625,,0.850,1,2031.8
3327,11,71,fog-80,1,fog,0.0,0.0000,0.0000,0,150.000,,0,1.0000,,0.850,0,
3328,11,71,fog-80,1,fog,100.0,0.0000,0.0000,0,150.000,,0,0.9981,,0.850,0,
3329,11,71,fog-80,1,fog,200.0,0.0000,0.0000,0,150.000,,0,0.9963,,0.850,0,
3330,11,71,fog-80,1,fog,300.0,0.0000,0.0000,0,150.000,,0,0.9944,,0.850,0,
3331,11,71,fog-80,1,fog,400.0,0.0000,0.0000,0,150.000,,0,0.9925,,0.850,0,
3332,11,71,fog-80,1,fog,500.0,0.0000,0.0000,0,150.000,,0,0.9906,,0.850,0,
3333,11,71,fog-80,1,fog,600.0,0.0000,0.0000,0,150.000,,0,0.9888,,0.850,0,
3334,11,71,fog-80,1,fog,700.0,0.0000,0.0000,0,150.000,,0,0.9869,,0.850,0,
3335,11,71,fog-80,1,fog,800.0,0.0000,0.0000,0,150.000,,0,0.9850,,0.850,0,
3336,11,71,fog-80,1,fog,900.0,0.0000,0.0000,0,150.000,,0,0.9831,,0.850,0,
3337,11,71,fog-80,1,fog,1000.0,0.0000,0.0000,0,150.000,,0,0.9813,,0.850,0,
3338,11,71,fog-80,1,fog,1100.0,0.0000,0.0000,0,150.000,,0,0.9794,,0.850,0,
3339,11,71,fog-80,1,fog,1200.0,0.0000,0.0000,0,150.000,,0,0.9775,,0.850,0,
3340,11,71,fog-80,1,fog,1300.0,0.0000,0.0000,0,150.000,,0,0.9756,,0.850,0,
3341,11,71,fog-80,1,fog,1400.0,0.0000,0.0000,0,150.000,,0,0.9738,,0.850,0,
3342,11,71,fog-80,1,fog,1500.0,0.0000,0.0000,0,150.000,,0,0.9719,,0.850,0,
3343,11,71,fog-80,1,fog,1600.0,0.0000,0.0000,0,150.000,,0,0.9700,,0.850,0,
3344,11,71,fog-80,1,fog,1700.0,0.0000,0.0000,0,150.000,,0,0.9681,,0.850,0,
3345,11,71,fog-80,1,fog,1800.0,0.0000,0.0000,0,150.000,,0,0.9663,,0.850,0,
3346,11,71,fog-80,1,fog,1900.0,0.0000,0.0000,0,150.000,,0,0.9644,,0.850,0,
3347,11,71,fog-80,1,fog,2000.0,0.0000,0.0000,0,150.000,,0,0.9625,,0.850,0,
3348,11,71,fog-80,1,fog,2100.0,0.0000,0.0000,0,150.000,,0,0.9606,,0.850,0,
3349,11,71,fog-80,1,fog,2200.0,0.0000,0.0000,0,150.000,,0,0.9588,,0.850,0,
3350,11,71,fog-80,1,fog,2300.0,0.0000,0.0000,0,150.000,,0,0.9569,,0.850,0,
3351,11,71,fog-80,1,fog,2400.0,0.0000,0.0000,0,150.000,,0,0.9550,,0.850,0,
3352,11,71,fog-80,1,fog,2500.0,0.0000,0.0000,0,150.000,,0,0.9531,,0.850,0,
3353,11,71,fog-80,1,fog,2600.0,0.0000,0.0000,0,150.000,,0,0.9513,,0.850,0,
3354,11,71,fog-80,1,fog,2700.0,0.0000,0.0000,0,150.000,,0,0.9494,,0.850,0,
3355,11,71,fog-80,1,fog,2800.0,0.0000,0.0000,0,150.000,,0,0.9475,,0.850,0,
3356,11,71,fog-80,1,fog,2900.0,0.0000,0.0000,0,150.000,,0,0.9456,,0.850,0,
3357,11,71,fog-80,1,fog,3000.0,0.0000,0.0000,0,150.000,,0,0.9438,,0.850,0,
3358,11,71,fog-80,1,fog,3100.0,0.0000,0.0000,0,150.000,,0,0.9419,,0.850,0,
3359,11,71,fog-80,1,fog,3200.0,0.0000,0.0000,0,150.000,,0,0.9400,,0.850,0,
3360,11,71,fog-80,1,fog,3300.0,0.0000,0.0000,0,150.000,,0,0.9381,,0.850,0,
3361,11,71,fog-80,1,fog,3400.0,0.0000,0.0000,0,150.000,,0,0.9363,,0.850,0,
3362,11,71,fog-80,1,fog,3500.0,0.0000,0.0000,0,150.000,,0,0.9344,,0.850,0,
3363,11,71,fog-80,1,fog,3600.0,0.0000,0.0000,0,150.000,,0,0.9325,,0.850,0,
3364,11,71,fog-80,1,fog,3700.0,0.0000,0.0000,0,150.000,,0,0.9306,,0.850,0,
3365,11,71,fog-80,1,fog,3800.0,0.0000,0.0000,0,150.000,,0,0.9288,,0.850,0,
3366,11,71,fog-80,1,fog,3900.0,0.0000,0.0000,0,150.000,,0,0.9269,,0.850,0,
3367,11,71,fog-80,1,fog,4000.0,0.0000,0.0000,0,150.000,,0,0.9250,,0.850,0,
3368,11,71,fog-80,1,fog,4100.0,0.0000,0.0000,0,150.000,,0,0.9231,,0.850,0,
3369,11,71,fog-80,1,fog,4200.0,0.0000,0.0000,0,150.000,,0,0.9213,,0.850,0,
3370,11,71,fog-80,1,fog,4300.0,0.0000,0.0000,0,150.000,,0,0.9194,,0.850,0,
3371,11,71,fog-80,1,fog,4400.0,0.0000,0.0000,0,150.000,,0,0.9175,,0.850,0,
3372,11,71,fog-80,1,fog,4500.0,0.0000,0.0000,0,150.000,,0,0.9156,,0.850,0,
3373,11,71,fog-80,1,fog,4600.0,0.0000,0.0000,0,150.000,,0,0.9138,,0.850,0,
3374,11,71,fog-80,1,fog,4700.0,0.0000,0.0000,0,150.000,,0,0.9119,,0.850,0,
3375,11,71,fog-80,1,fog,4800.0,0.0000,0.0000,0,150.000,,0,0.9100,,0.850,0,
3376,11,71,fog-80,1,fog,4900.0,0.0000,0.0000,0,150.000,,0,0.9081,,0.850,0,
3377,11,71,fog-80,1,fog,5000.0,0.0000,0.0000,0,150.000,,0,0.9063,,0.850,0,
3378,11,72,fog-81,1,fog,0.0,0.0000,0.0000,0,150.000,,0,1.0000,,0.850,0,
3379,11,72,fog-81,1,fog,100.0,0.0000,0.0000,0,150.000,,0,0.9981,,0.850,0,
3380,11,72,fog-81,1,fog,200.0,0.0000,0.0000,0,150.000,,0,0.9963,,0.850,0,
3381,11,72,fog-81,1,fog,300.0,0.0000,0.0000,0,150.000,,0,0.9944,,0.850,0,
3382,11,72,fog-81,1,fog,400.0,0.0000,0.0000,0,150.000,,0,0.9925,,0.850,0,
3383,11,72,fog-81,1,fog,500.0,0.0000,0.0000,0,150.000,,0,0.9906,,0.850,0,
3384,11,72,fog-81,1,fog,600.0,0.0000,0.0000,0,150.000,,0,0.9888,,0.850,0,
3385,11,72,fog-81,1,fog,700.0,0.0000,0.0000,0,150.000,,0,0.9869,,0.850,0,
3386,11,72,fog-81,1,fog,800.0,0.0000,0.0000,0,150.000,,0,0.9850,,0.850,0,
3387,11,72,fog-81,1,fog,900.0,0.0000,0.0000,0,150.000,,0,0.9831,,0.850,0,
3388,11,72,fog-81,1,fog,1000.0,0.0000,0.0000,0,150.000,,0,0.9813,,0.850,0,
3389,11,72,fog-81,1,fog,1100.0,0.0000,0.0000,0,150.000,,0,0.9794,,0.850,0,
3390,11,72,fog-81,1,fog,1200.0,0.0000,0.0000,0,150.000,,0,0.9775,,0.850,0,
3391,11,72,fog-81,1,fog,1300.0,0.0000,0.0000,0,150.000,,0,0.9756,,0.850,0,
3392,11,72,fog-81,1,fog,1400.0,0.0000,0.0000,0,150.000,,0,0.9738,,0.850,0,
3393,11,72,fog-81,1,fog,1500.0,0.0000,0.0000,0,150.000,,0,0.9719,,0.850,0,
3394,11,72,fog-81,1,fog,1600.0,0.0000,0.0000,0,150.000,,0,0.9700,,0.850,0,
3395,11,72,fog-81,1,fog,1700.0,0.0000,0.0000,0,150.000,,0,0.9681,,0.850,0,
3396,11,72,fog-81,1,fog,1800.0,0.0000,0.0000,0,150.000,,0,0.9663,,0.850,0,
3397,11,72,fog-81,1,fog,1900.0,0.0000,0.0000,0,150.000,,0,0.9644,,0.850,0,
3398,11,72,fog-81,1,fog,2000.0,0.0000,0.0000,0,150.000,,0,0.9625,,0.850,0,
3399,11,72,fog-81,1,fog,2100.0,0.0000,0.0000,0,150.000,,0,0.9606,,0.850,0,
3400,11,72,fog-81,1,fog,2200.0,0.0000,0.0000,0,150.000,,0,0.9588,,0.850,0,
3401,11,72,fog-81,1,fog,2300.0,0.0000,0.0000,0,150.000,,0,0.9569,,0.850,0,
3402,11,72,fog-81,1,fog,2400.0,0.0000,0.0000,0,150.000,,0,0.9550,,0.850,0,
3403,11,72,fog-81,1,fog,2500.0,0.0000,0.0000,0,150.000,,0,0.9531,,0.850,0,
3404,11,72,fog-81,1,fog,2600.0,0.0000,0.0000,0,150.000,,0,0.9513,,0.850,0,
3405,11,72,fog-81,1,fog,2700.0,0.0000,0.0000,0,150.000,,0,0.9494,,0.850,0,
3406,11,72,fog-81,1,fog,2800.0,0.0000,0.0000,0,150.000,,0,0.9475,,0.850,0,
3407,11,72,fog-81,1,fog,2900.0,0.0000,0.0000,0,150.000,,0,0.9456,,0.850,0,
3408,11,72,fog-81,1,fog,3000.0,0.0000,0.0000,0,150.000,,0,0.9438,,0.850,0,
3409,11,72,fog-81,1,fog,3100.0,0.0000,0.0000,0,150.000,,0,0.9419,,0.850,0,
3410,11,72,fog-81,1,fog,3200.0,0.0000,0.0000,0,150.000,,0,0.9400,,0.850,0,
3411,11,72,fog-81,1,fog,3300.0,0.0000,0.0000,0,150.000,,0,0.9381,,0.850,0,
3412,11,72,fog-81,1,fog,3400.0,0.0000,0.0000,0,150.000,,0,0.9363,,0.850,0,
3413,11,72,fog-81,1,fog,3500.0,0.0000,0.0000,0,150.000,,0,0.9344,,0.850,0,
3414,11,72,fog-81,1,fog,3600.0,0.0000,0.0000,0,150.000,,0,0.9325,,0.850,0,
3415,11,72,fog-81,1,fog,3700.0,0.0000,0.0000,0,150.000,,0,0.9306,,0.850,0,
3416,11,72,fog-81,1,fog,3800.0,0.0000,0.0000,0,150.000,,0,0.9288,,0.850,0,
3417,11,72,fog-81,1,fog,3900.0,0.0000,0.0000,0,150.000,,0,0.9269,,0.850,0,
3418,11,72,fog-81,1,fog,4000.0,0.0000,0.0000,0,150.000,,0,0.9250,,0.850,0,
3419,11,72,fog-81,1,fog,4100.0,0.0000,0.0000,0,150.000,,0,0.9231,,0.850,0,
3420,11,72,fog-81,1,fog,4200.0,0.0000,0.0000,0,150.000,,0,0.9213,,0.850,0,
3421,11,72,fog-81,1,fog,4300.0,0.0000,0.0000,0,150.000,,0,0.9194,,0.850,0,
3422,11,72,fog-81,1,fog,4400.0,0.0000,0.0000,0,150.000,,0,0.9175,,0.850,0,
3423,11,72,fog-81,1,fog,4500.0,0.0000,0.0000,0,150.000,,0,0.9156,,0.850,0,
3424,11,72,fog-81,1,fog,4600.0,0.0000,0.0000,0,150.000,,0,0.9138,,0.850,0,
3425,11,72,fog-81,1,fog,4700.0,0.0000,0.0000,0,150.000,,0,0.9119,,0.850,0,
3426,11,72,fog-81,1,fog,4800.0,0.0000,0.0000,0,150.000,,0,0.9100,,0.850,0,
3427,11,72,fog-81,1,fog,4900.0,0.0000,0.0000,0,150.000,,0,0.9081,,0.850,0,
3428,11,72,fog-81,1,fog,5000.0,0.0000,0.0000,0,150.000,,0,0.9063,,0.850,0,
3429,11,73,fog-82,1,fog,0.0,0.0000,0.0000,0,150.000,,0,1.0000,,0.850,0,
3430,11,73,fog-82,1,fog,100.0,0.0000,0.0000,0,150.000,,0,0.9981,,0.850,0,
3431,11,73,fog-82,1,fog,200.0,0.0000,0.0000,4,150.400,0.0000,0,0.9963,,0.850,0,
3432,11,73,fog-82,1,fog,300.0,0.0000,0.0000,0,150.000,,0,0.9944,,0.850,0,
3433,11,73,fog-82,1,fog,400.0,0.0000,0.0000,5,150.500,0.0000,0,0.9925,,0.850,0,
3434,11,73,fog-82,1,fog,500.0,0.0000,0.0000,0,150.000,,0,0.9906,,0.850,0,
3435,11,73,fog-82,1,fog,600.0,0.0000,0.0000,0,150.000,,0,0.9888,,0.850,0,
3436,11,73,fog-82,1,fog,700.0,0.0000,0.0000,0,150.000,,0,0.9869,,0.850,0,
3437,11,73,fog-82,1,fog,800.0,0.0000,0.0000,0,150.000,,0,0.9850,,0.850,0,
3438,11,73,fog-82,1,fog,900.0,0.0000,0.0000,0,150.000,,0,0.9831,,0.850,0,
3439,11,73,fog-82,1,fog,1000.0,0.0000,0.0000,0,150.000,,0,0.9813,,0.850,0,
3440,11,73,fog-82,1,fog,1100.0,0.0000,0.0000,0,150.000,,0,0.9794,,0.850,0,
3441,11,73,fog-82,1,fog,1200.0,0.0000,0.0000,0,150.000,,0,0.9775,,0.850,0,
3442,11,73,fog-82,1,fog,1300.0,0.0000,0.0000,0,150.000,,0,0.9756,,0.850,0,
3443,11,73,fog-82,1,fog,1400.0,0.0000,0.0000,0,150.000,,0,0.9738,,0.850,0,
3444,11,73,fog-82,1,fog,1500.0,0.0000,0.0000,0,150.000,,0,0.9719,,0.850,0,
3445,11,73,fog-82,1,fog,1600.0,0.0000,0.0000,0,150.000,,0,0.9700,,0.850,0,
3446,11,73,fog-82,1,fog,1700.0,0.0000,0.0000,0,150.000,,0,0.9681,,0.850,0,
3447,11,73,fog-82,1,fog,1800.0,0.0000,0.0000,4,150.400,0.3536,0,0.9663,,0.850,0,
3448,11,73,fog-82,1,fog,1900.0,0.0000,0.0000,0,150.000,,0,0.9644,,0.850,0,
3449,11,73,fog-82,1,fog,2000.0,0.0000,0.0000,5,150.500,0.0000,0,0.9625,,0.850,0,
3450,11,73,fog-82,1,fog,2100.0,0.0000,0.0000,0,150.000,,0,0.9606,,0.850,0,
3451,11,73,fog-82,1,fog,2200.0,0.0000,0.0000,3,150.300,0.0000,0,0.9588,,0.850,0,
3452,11,73,fog-82,1,fog,2300.0,0.0000,0.0000,0,150.000,,0,0.9569,,0.850,0,
3453,11,73,fog-82,1,fog,2400.0,0.0000,0.0000,0,150.000,,0,0.9550,,0.850,0,
3454,11,73,fog-82,1,fog,2500.0,0.0000,0.0000,0,150.000,,0,0.9531,,0.850,0,
3455,11,73,fog-82,1,fog,2600.0,0.0000,0.0000,0,150.000,,0,0.9513,,0.850,0,
3456,11,73,fog-82,1,fog,2700.0,0.0000,0.0000,0,150.000,,0,0.9494,,0.850,0,
3457,11,73,fog-82,1,fog,2800.0,0.0000,0.0000,0,150.000,,0,0.9475,,0.850,0,
3458,11,73,fog-82,1,fog,2900.0,0.0000,0.0000,0,150.000,,0,0.9456,,0.850,0,
3459,11,73,fog-82,1,fog,3000.0,0.0000,0.0000,0,150.000,,0,0.9438,,0.850,0,
3460,11,73,fog-82,1,fog,3100.0,0.0000,0.0000,0,150.000,,0,0.9419,,0.850,0,
3461,11,73,fog-82,1,fog,3200.0,0.0000,0.0000,0,150.000,,0,0.9400,,0.850,0,
3462,11,73,fog-82,1,fog,3300.0,0.0000,0.0000,5,150.500,0.0000,0,0.9381,,0.850,0,
3463,11,73,fog-82,1,fog,3400.0,0.0000,0.0000,5,150.500,0.0000,0,0.9363,,0.850,0,
3464,11,73,fog-82,1,fog,3500.0,0.0000,0.0000,0,150.000,,0,0.9344,,0.850,0,
3465,11,73,fog-82,1,fog,3600.0,0.0000,0.0000,5,150.500,0.0000,0,0.9325,,0.850,0,
3466,11,73,fog-82,1,fog,3700.0,0.0000,0.0000,0,150.000,,0,0.9306,,0.850,0,
3467,11,73,fog-82,1,fog,3800.0,0.0000,0.0000,5,150.500,0.0000,0,0.9288,,0.850,0,
3468,11,73,fog-82,1,fog,3900.0,0.0000,0.0000,0,150.000,,0,0.9269,,0.850,0,
3469,11,73,fog-82,1,fog,4000.0,0.0000,0.0000,0,150.000,,0,0.9250,,0.850,0,
3470,11,73,fog-82,1,fog,4100.0,0.0000,0.0000,0,150.000,,0,0.9231,,0.850,0,
3471,11,73,fog-82,1,fog,4200.0,0.0000,0.0000,5,150.500,0.0000,0,0.9213,,0.850,0,
3472,11,73,fog-82,1,fog,4300.0,0.0000,0.0000,0,150.000,,0,0.9194,,0.850,0,
3473,11,73,fog-82,1,fog,4400.0,0.0000,0.0000,0,150.000,,0,0.9175,,0.850,0,
3474,11,73,fog-82,1,fog,4500.0,0.0000,0.0000,0,150.000,,0,0.9156,,0.850,0,
3475,11,73,fog-82,1,fog,4600.0,0.0000,0.0000,0,150.000,,0,0.9138,,0.850,0,
3476,11,73,fog-82,1,fog,4700.0,0.0000,0.0000,0,150.000,,0,0.9119,,0.850,0,
3477,11,73,fog-82,1,fog,4800.0,0.0000,0.0000,0,150.000,,0,0.9100,,0.850,0,
3478,11,73,fog-82,1,fog,4900.0,0.0000,0.0000,5,150.500,0.0000,0,0.9081,,0.850,0,
3479,11,73,fog-82,1,fog,5000.0,0.0000,0.0000,0,150.000,,0,0.9063,,0.850,0,
3480,11,74,fog-83,1,fog,0.0,0.0000,0.0000,0,150.000,,0,1.0000,,0.850,0,
3481,11,74,fog-83,1,fog,100.0,0.0000,0.0000,0,150.000,,0,0.9981,,0.850,0,
3482,11,74,fog-83,1,fog,200.0,0.0000,0.0000,0,150.000,,0,0.9963,,0.850,0,
3483,11,74,fog-83,1,fog,300.0,0.0000,0.0000,0,150.000,,0,0.9944,,0.850,0,
3484,11,74,fog-83,1,fog,400.0,0.0000,0.0000,0,150.000,,0,0.9925,,0.850,0,
3485,11,74,fog-83,1,fog,500.0,0.0000,0.0000,0,150.000,,0,0.9906,,0.850,0,
3486,11,74,fog-83,1,fog,600.0,0.0000,0.0000,0,150.000,,0,0.9888,,0.850,0,
3487,11,74,fog-83,1,fog,700.0,0.0000,0.0000,0,150.000,,0,0.9869,,0.850,0,
3488,11,74,fog-83,1,fog,800.0,0.0000,0.0000,0,150.000,,0,0.9850,,0.850,0,
3489,11,74,fog-83,1,fog,900.0,0.0000,0.0000,0,150.000,,0,0.9831,,0.850,0,
3490,11,74,fog-83,1,fog,1000.0,0.0000,0.0000,0,150.000,,0,0.9813,,0.850,0,
3491,11,74,fog-83,1,fog,1100.0,0.0000,0.0000,0,150.000,,0,0.9794,,0.850,0,
3492,11,74,fog-83,1,fog,1200.0,0.0000,0.0000,0,150.000,,0,0.9775,,0.850,0,
3493,11,74,fog-83,1,fog,1300.0,0.0000,0.0000,0,150.000,,0,0.9756,,0.850,0,
3494,11,74,fog-83,1,fog,1400.0,0.0000,0.0000,0,150.000,,0,0.9738,,0.850,0,
3495,11,74,fog-83,1,fog,1500.0,0.0000,0.0000,0,150.000,,0,0.9719,,0.850,0,
3496,11,74,fog-83,1,fog,1600.0,0.0000,0.0000,0,150.000,,0,0.9700,,0.850,0,
3497,11,74,fog-83,1,fog,1700.0,0.0000,0.0000,0,150.000,,0,0.9681,,0.850,0,
3498,11,74,fog-83,1,fog,1800.0,0.0000,0.0000,0,150.000,,0,0.9663,,0.850,0,
3499,11,74,fog-83,1,fog,1900.0,0.0000,0.0000,0,150.000,,0,0.9644,,0.850,0,
3500,11,74,fog-83,1,fog,2000.0,0.0000,0.0000,0,150.000,,0,0.9625,,0.850,0,
3501,11,74,fog-83,1,fog,2100.0,0.0000,0.0000,0,150.000,,0,0.9606,,0.850,0,
3502,11,74,fog-83,1,fog,2200.0,0.0000,0.0000,0,150.000,,0,0.9588,,0.850,0,
3503,11,74,fog-83,1,fog,2300.0,0.0000,0.0000,0,150.000,,0,0.9569,,0.850,0,
3504,11,74,fog-83,1,fog,2400.0,0.0000,0.0000,0,150.000,,0,0.9550,,0.850,0,
3505,11,74,fog-83,1,fog,2500.0,0.0000,0.0000,0,150.000,,0,0.9531,,0.850,0,
3506,11,74,fog-83,1,fog,2600.0,0.0000,0.0000,0,150.000,,0,0.9513,,0.850,0,
3507,11,74,fog-83,1,fog,2700.0,0.0000,0.0000,0,150.000,,0,0.9494,,0.850,0,
3508,11,74,fog-83,1,fog,2800.0,0.0000,0.0000,0,150.000,,0,0.9475,,0.850,0,
3509,11,74,fog-83,1,fog,2900.0,0.0000,0.0000,0,150.000,,0,0.9456,,0.850,0,
3510,11,74,fog-83,1,fog,3000.0,0.0000,0.0000,0,150.000,,0,0.9438,,0.850,0,
3511,11,74,fog-83,1,fog,3100.0,0.0000,0.0000,0,150.000,,0,0.9419,,0.850,0,
3512,11,74,fog-83,1,fog,3200.0,0.0000,0.0000,0,150.000,,0,0.9400,,0.850,0,
3513,11,74,fog-83,1,fog,3300.0,0.0000,0.0000,0,150.000,,0,0.9381,,0.850,0,
3514,11,74,fog-83,1,fog,3400.0,0.0000,0.0000,0,150.000,,0,0.9363,,0.850,0,
3515,11,74,fog-83,1,fog,3500.0,0.0000,0.0000,0,150.000,,0,0.9344,,0.850,0,
3516,11,74,fog-83,1,fog,3600.0,0.0000,0.0000,0,150.000,,0,0.9325,,0.850,0,
3517,11,74,fog-83,1,fog,3700.0,0.0000,0.0000,0,150.000,,0,0.9306,,0.850,0,
3518,11,74,fog-83,1,fog,3800.0,0.0000,0.0000,0,150.000,,0,0.9288,,0.850,0,
3519,11,74,fog-83,1,fog,3900.0,0.0000,0.0000,0,150.000,,0,0.9269,,0.850,0,
3520,11,74,fog-83,1,fog,4000.0,0.0000,0.0000,0,150.000,,0,0.9250,,0.850,0,
3521,11,74,fog-83,1,fog,4100.0,0.0000,0.0000,0,150.000,,0,0.9231,,0.850,0,
3522,11,74,fog-83,1,fog,4200.0,0.0000,0.0000,0,150.000,,0,0.9213,,0.850,0,
3523,11,74,fog-83,1,fog,4300.0,0.0000,0.0000,0,150.000,,0,0.9194,,0.850,0,
3524,11,74,fog-83,1,fog,4400.0,0.0000,0.0000,0,150.000,,0,0.9175,,0.850,0,
3525,11,74,fog-83,1,fog,4500.0,0.0000,0.0000,0,150.000,,0,0.9156,,0.850,0,
3526,11,74,fog-83,1,fog,4600.0,0.0000,0.0000,0,150.000,,0,0.9138,,0.850,0,
3527,11,74,fog-83,1,fog,4700.0,0.0000,0.0000,0,150.000,,0,0.9119,,0.850,0,
3528,11,74,fog-83,1,fog,4800.0,0.0000,0.0000,0,150.000,,0,0.9100,,0.850,0,
3529,11,74,fog-83,1,fog,4900.0,0.0000,0.0000,0,150.000,,0,0.9081,,0.850,0,
3530,11,74,fog-83,1,fog,5000.0,0.0000,0.0000,0,150.000,,0,0.9063,,0.850,0,
3531,11,75,fog-84,1,fog,0.0,0.0000,0.0000,0,150.000,,0,1.0000,,0.850,0,
3532,11,75,fog-84,1,fog,100.0,0.0000,0.0000,0,150.000,,0,0.9981,,0.850,0,
3533,11,75,fog-84,1,fog,200.0,0.0000,0.0000,0,150.000,,0,0.9963,,0.850,0,
3534,11,75,fog-84,1,fog,300.0,0.0000,0.0000,0,150.000,,0,0.9944,,0.850,0,
3535,11,75,fog-84,1,fog,400.0,0.0000,0.0000,0,150.000,,0,0.9925,,0.850,0,
3536,11,75,fog-84,1,fog,500.0,0.0000,0.0000,0,150.000,,0,0.9906,,0.850,0,
3537,11,75,fog-84,1,fog,600.0,0.0000,0.0000,0,150.000,,0,0.9888,,0.850,0,
3538,11,75,fog-84,1,fog,700.0,0.0000,0.0000,0,150.000,,0,0.9869,,0.850,0,
3539,11,75,fog-84,1,fog,800.0,0.0000,0.0000,0,150.000,,0,0.9850,,0.850,0,
3540,11,75,fog-84,1,fog,900.0,0.0000,0.0000,0,150.000,,0,0.9831,,0.850,0,
3541,11,75,fog-84,1,fog,1000.0,0.0000,0.0000,0,150.000,,0,0.9813,,0.850,0,
3542,11,75,fog-84,1,fog,1100.0,0.0000,0.0000,0,150.000,,0,0.9794,,0.850,0,
3543,11,75,fog-84,1,fog,1200.0,0.0000,0.0000,0,150.000,,0,0.9775,,0.850,0,
3544,11,75,fog-84,1,fog,1300.0,0.0000,0.0000,0,150.000,,0,0.9756,,0.850,0,
3545,11,75,fog-84,1,fog,1400.0,0.0000,0.0000,0,150.000,,0,0.9738,,0.850,0,
3546,11,75,fog-84,1,fog,1500.0,0.0000,0.0000,0,150.000,,0,0.9719,,0.850,0,
3547,11,75,fog-84,1,fog,1600.0,0.0000,0.0000,0,150.000,,0,0.9700,,0.850,0,
3548,11,75,fog-84,1,fog,1700.0,0.0000,0.0000,0,150.000,,0,0.9681,,0.850,0,
3549,11,75,fog-84,1,fog,1800.0,0.0000,0.0000,0,150.000,,0,0.9663,,0.850,0,
3550,11,75,fog-84,1,fog,1900.0,0.0000,0.0000,0,150.000,,0,0.9644,,0.850,0,
3551,11,75,fog-84,1,fog,2000.0,0.0000,0.0000,0,150.000,,0,0.9625,,0.850,0,
3552,11,75,fog-84,1,fog,2100.0,0.0000,0.0000,0,150.000,,0,0.9606,,0.850,0,
3553,11,75,fog-84,1,fog,2200.0,0.0000,0.0000,0,150.000,,0,0.9588,,0.850,0,
3554,11,75,fog-84,1,fog,2300.0,0.0000,0.0000,0,150.000,,0,0.9569,,0.850,0,
3555,11,75,fog-84,1,fog,2400.0,0.0000,0.0000,0,150.000,,0,0.9550,,0.850,0,
3556,11,75,fog-84,1,fog,2500.0,0.0000,0.0000,0,150.000,,0,0.9531,,0.850,0,
3557,11,75,fog-84,1,fog,2600.0,0.0000,0.0000,0,150.000,,0,0.9513,,0.850,0,
3558,11,75,fog-84,1,fog,2700.0,0.0000,0.0000,0,150.000,,0,0.9494,,0.850,0,
3559,11,75,fog-84,1,fog,2800.0,0.0000,0.0000,0,150.000,,0,0.9475,,0.850,0,
3560,11,75,fog-84,1,fog,2900.0,0.0000,0.0000,0,150.000,,0,0.9456,,0.850,0,
3561,11,75,fog-84,1,fog,3000.0,0.0000,0.0000,0,150.000,,0,0.9438,,0.850,0,
3562,11,75,fog-84,1,fog,3100.0,0.0000,0.0000,0,150.000,,0,0.9419,,0.850,0,
3563,11,75,fog-84,1,fog,3200.0,0.0000,0.0000,0,150.000,,0,0.9400,,0.850,0,
3564,11,75,fog-84,1,fog,3300.0,0.0000,0.0000,0,150.000,,0,0.9381,,0.850,0,
3565,11,75,fog-84,1,fog,3400.0,0.0000,0.0000,0,150.000,,0,0.9363,,0.850,0,
3566,11,75,fog-84,1,fog,3500.0,0.0000,0.0000,0,150.000,,0,0.9344,,0.850,0,
3567,11,75,fog-84,1,fog,3600.0,0.0000,0.0000,0,150.000,,0,0.9325,,0.850,0,
3568,11,75,fog-84,1,fog,3700.0,0.0000,0.0000,0,150.000,,0,0.9306,,0.850,0,
3569,11,75,fog-84,1,fog,3800.0,0.0000,0.0000,0,150.000,,0,0.9288,,0.850,0,
3570,11,75,fog-84,1,fog,3900.0,0.0000,0.0000,0,150.000,,0,0.9269,,0.850,0,
3571,11,75,fog-84,1,fog,4000.0,0.0000,0.0000,0,150.000,,0,0.9250,,0.850,0,
3572,11,75,fog-84,1,fog,4100.0,0.0000,0.0000,0,150.000,,0,0.9231,,0.850,0,
3573,11,75,fog-84,1,fog,4200.0,0.0000,0.0000,0,150.000,,0,0.9213,,0.850,0,
3574,11,75,fog-84,1,fog,4300.0,0.0000,0.0000,0,150.000,,0,0.9194,,0.850,0,
3575,11,75,fog-84,1,fog,4400.0,0.0000,0.0000,0,150.000,,0,0.9175,,0.850,0,
3576,11,75,fog-84,1,fog,4500.0,0.0000,0.0000,0,150.000,,0,0.9156,,0.850,0,
3577,11,75,fog-84,1,fog,4600.0,0.0000,0.0000,0,150.000,,0,0.9138,,0.850,0,
3578,11,75,fog-84,1,fog,4700.0,0.0000,0.0000,0,150.000,,0,0.9119,,0.850,0,
3579,11,75,fog-84,1,fog,4800.0,0.0000,0.0000,0,150.000,,0,0.9100,,0.850,0,
3580,11,75,fog-84,1,fog,4900.0,0.0000,0.0000,0,150.000,,0,0.9081,,0.850,0,
3581,11,75,fog-84,1,fog,5000.0,0.0000,0.0000,0,150.000,,0,0.9063,,0.850,0,
3582,11,76,fog-85,1,fog,0.0,0.0000,0.0000,0,150.000,,0,1.0000,,0.850,0,
3583,11,76,fog-85,1,fog,100.0,0.0000,0.0000,0,150.000,,0,0.9981,,0.850,0,
3584,11,76,fog-85,1,fog,200.0,0.0000,0.0000,0,150.000,,0,0.9963,,0.850,0,
3585,11,76,fog-85,1,fog,300.0,0.0000,0.0000,0,150.000,,0,0.9944,,0.850,0,
3586,11,76,fog-85,1,fog,400.0,0.0000,0.0000,0,150.000,,0,0.9925,,0.850,0,
3587,11,76,fog-85,1,fog,500.0,0.0000,0.0000,0,150.000,,0,0.9906,,0.850,0,
3588,11,76,fog-85,1,fog,600.0,0.0000,0.0000,0,150.000,,0,0.9888,,0.850,0,
3589,11,76,fog-85,1,fog,700.0,0.0000,0.0000,0,150.000,,0,0.9869,,0.850,0,
3590,11,76,fog-85,1,fog,800.0,0.0000,0.0000,0,150.000,,0,0.9850,,0.850,0,
3591,11,76,fog-85,1,fog,900.0,0.0000,0.0000,0,150.000,,0,0.9831,,0.850,0,
3592,11,76,fog-85,1,fog,1000.0,0.0000,0.0000,0,150.000,,0,0.9813,,0.850,0,
3593,11,76,fog-85,1,fog,1100.0,0.0000,0.0000,0,150.000,,0,0.9794,,0.850,0,
3594,11,76,fog-85,1,fog,1200.0,0.0000,0.0000,0,150.000,,0,0.9775,,0.850,0,
3595,11,76,fog-85,1,fog,1300.0,0.0000,0.0000,0,150.000,,0,0.9756,,0.850,0,
3596,11,76,fog-85,1,fog,1400.0,0.0000,0.0000,0,150.000,,0,0.9738,,0.850,0,
3597,11,76,fog-85,1,fog,1500.0,0.0000,0.0000,0,150.000,,0,0.9719,,0.850,0,
3598,11,76,fog-85,1,fog,1600.0,0.0000,0.0000,0,150.000,,0,0.9700,,0.850,0,
3599,11,76,fog-85,1,fog,1700.0,0.0000,0.0000,0,150.000,,0,0.9681,,0.850,0,
3600,11,76,fog-85,1,fog,1800.0,0.0000,0.0000,0,150.000,,0,0.9663,,0.850,0,
3601,11,76,fog-85,1,fog,1900.0,0.0000,0.0000,0,150.000,,0,0.9644,,0.850,0,
3602,11,76,fog-85,1,fog,2000.0,0.0000,0.0000,0,150.000,,0,0.9625,,0.850,0,
3603,11,76,fog-85,1,fog,2100.0,0.0000,0.0000,0,150.000,,0,0.9606,,0.850,0,
3604,11,76,fog-85,1,fog,2200.0,0.0000,0.0000,0,150.000,,0,0.9588,,0.850,0,
3605,11,76,fog-85,1,fog,2300.0,0.0000,0.0000,0,150.000,,0,0.9569,,0.850,0,
3606,11,76,fog-85,1,fog,2400.0,0.0000,0.0000,0,150.000,,0,0.9550,,0.850,0,
3607,11,76,fog-85,1,fog,2500.0,0.0000,0.0000,0,150.000,,0,0.9531,,0.850,0,
3608,11,76,fog-85,1,fog,2600.0,0.0000,0.0000,0,150.000,,0,0.9513,,0.850,0,
3609,11,76,fog-85,1,fog,2700.0,0.0000,0.0000,0,150.000,,0,0.9494,,0.850,0,
3610,11,76,fog-85,1,fog,2800.0,0.0000,0.0000,0,150.000,,0,0.9475,,0.850,0,
3611,11,76,fog-85,1,fog,2900.0,0.0000,0.0000,0,150.000,,0,0.9456,,0.850,0,
3612,11,76,fog-85,1,fog,3000.0,0.0000,0.0000,0,150.000,,0,0.9438,,0.850,0,
3613,11,76,fog-85,1,fog,3100.0,0.0000,0.0000,0,150.000,,0,0.9419,,0.850,0,
3614,11,76,fog-85,1,fog,3200.0,0.0000,0.0000,0,150.000,,0,0.9400,,0.850,0,
3615,11,76,fog-85,1,fog,3300.0,0.0000,0.0000,0,150.000,,0,0.9381,,0.850,0,
3616,11,76,fog-85,1,fog,3400.0,0.0000,0.0000,0,150.000,,0,0.9363,,0.850,0,
3617,11,76,fog-85,1,fog,3500.0,0.0000,0.0000,0,150.000,,0,0.9344,,0.850,0,
3618,11,76,fog-85,1,fog,3600.0,0.0000,0.0000,0,150.000,,0,0.9325,,0.850,0,
3619,11,76,fog-85,1,fog,3700.0,0.0000,0.0000,0,150.000,,0,0.9306,,0.850,0,
3620,11,76,fog-85,1,fog,3800.0,0.0000,0.0000,0,150.000,,0,0.9288,,0.850,0,
3621,11,76,fog-85,1,fog,3900.0,0.0000,0.0000,0,150.000,,0,0.9269,,0.850,0,
3622,11,76,fog-85,1,fog,4000.0,0.0000,0.0000,0,150.000,,0,0.9250,,0.850,0,
3623,11,76,fog-85,1,fog,4100.0,0.0000,0.0000,0,150.000,,0,0.9231,,0.850,0,
3624,11,76,fog-85,1,fog,4200.0,0.0000,0.0000,0,150.000,,0,0.9213,,0.850,0,
3625,11,76,fog-85,1,fog,4300.0,0.0000,0.0000,0,150.000,,0,0.9194,,0.850,0,
3626,11,76,fog-85,1,fog,4400.0,0.0000,0.0000,0,150.000,,0,0.9175,,0.850,0,
3627,11,76,fog-85,1,fog,4500.0,0.0000,0.0000,0,150.000,,0,0.9156,,0.850,0,
3628,11,76,fog-85,1,fog,4600.0,0.0000,0.0000,0,150.000,,0,0.9138,,0.850,0,
3629,11,76,fog-85,1,fog,4700.0,0.0000,0.0000,0,150.000,,0,0.9119,,0.850,0,
3630,11,76,fog-85,1,fog,4800.0,0.0000,0.0000,0,150.000,,0,0.9100,,0.850,0,
3631,11,76,fog-85,1,fog,4900.0,0.0000,0.0000,0,150.000,,0,0.9081,,0.850,0,
3632,11,76,fog-85,1,fog,5000.0,0.0000,0.0000,0,150.000,,0,0.9063,,0.850,0,
3633,11,77,fog-86,1,fog,0.0,0.0000,0.0000,0,150.000,,0,1.0000,,0.850,0,
3634,11,77,fog-86,1,fog,100.0,0.0000,0.0000,0,150.000,,0,0.9981,,0.850,0,
3635,11,77,fog-86,1,fog,200.0,0.0000,0.0000,4,150.400,0.0000,0,0.9963,,0.850,0,
3636,11,77,fog-86,1,fog,300.0,0.0000,0.0000,0,150.000,,0,0.9944,,0.850,0,
3637,11,77,fog-86,1,fog,400.0,0.0000,0.0000,0,150.000,,0,0.9925,,0.850,0,
3638,11,77,fog-86,1,fog,500.0,0.0000,0.0000,9,150.900,0.9980,0,0.9906,,0.850,0,
3639,11,77,fog-86,1,fog,600.0,0.0000,0.0000,8,150.800,0.8645,0,0.9888,,0.850,0,
3640,11,77,fog-86,1,fog,700.0,0.0000,0.0000,5,150.500,0.0000,0,0.9869,,0.850,0,
3641,11,77,fog-86,1,fog,800.0,0.0000,0.0000,5,150.500,0.0000,0,0.9850,,0.850,0,
3642,11,77,fog-86,1,fog,900.0,0.0000,0.0000,5,150.500,0.0000,0,0.9831,,0.850,0,
3643,11,77,fog-86,1,fog,1000.0,0.0000,0.0000,4,150.400,0.0000,0,0.9813,,0.850,0,
3644,11,77,fog-86,1,fog,1100.0,0.0000,0.0000,5,150.500,0.0000,0,0.9794,,0.850,0,
3645,11,77,fog-86,1,fog,1200.0,0.0000,0.0000,4,150.400,0.3536,0,0.9775,,0.850,0,
3646,11,77,fog-86,1,fog,1300.0,0.0000,0.0000,4,150.400,0.0000,0,0.9756,,0.850,0,
3647,11,77,fog-86,1,fog,1400.0,0.0000,0.0000,10,151.000,1.0000,0,0.9738,,0.850,0,
3648,11,77,fog-86,1,fog,1500.0,0.0000,0.0000,18,151.400,1.0000,0,0.9719,,0.850,0,
3649,11,77,fog-86,1,fog,1600.0,0.0000,0.0000,18,151.400,1.0000,0,0.9700,,0.850,0,
3650,11,77,fog-86,1,fog,1700.0,0.0000,0.0000,16,151.300,1.0000,0,0.9681,,0.850,0,
3651,11,77,fog-86,1,fog,1800.0,0.0000,0.0000,16,151.300,1.0000,0,0.9663,,0.850,0,
3652,11,77,fog-86,1,fog,1900.0,0.0000,0.0000,18,151.400,1.0000,0,0.9644,,0.850,0,
3653,11,77,fog-86,1,fog,2000.0,0.0000,0.0000,20,151.500,1.0000,0,0.9625,,0.850,0,
3654,11,77,fog-86,1,fog,2100.0,0.0000,0.0000,28,151.900,1.0000,0,0.9606,,0.850,0,
3655,11,77,fog-86,1,fog,2200.0,0.0000,0.0000,36,152.300,1.0000,0,0.9588,,0.850,0,
3656,11,77,fog-86,1,fog,2300.0,0.0000,0.0000,38,152.400,1.0000,0,0.9569,,0.850,0,
3657,11,77,fog-86,1,fog,2400.0,0.0000,0.0000,18,151.400,1.0000,0,0.9550,,0.850,0,
3658,11,77,fog-86,1,fog,2500.0,0.0000,0.0000,10,151.000,1.0000,0,0.9531,,0.850,0,
3659,11,77,fog-86,1,fog,2600.0,0.0000,0.0000,9,150.900,1.0000,0,0.9513,,0.850,0,
3660,11,77,fog-86,1,fog,2700.0,0.0000,0.0000,9,150.900,1.0000,0,0.9494,,0.850,0,
3661,11,77,fog-86,1,fog,2800.0,0.0000,0.0000,0,150.000,,0,0.9475,,0.850,0,
3662,11,77,fog-86,1,fog,2900.0,0.0000,0.0000,5,150.500,0.0000,0,0.9456,,0.850,0,
3663,11,77,fog-86,1,fog,3000.0,0.0000,0.0000,4,150.400,0.0000,0,0.9438,,0.850,0,
3664,11,77,fog-86,1,fog,3100.0,0.0000,0.0000,4,150.400,0.0000,0,0.9419,,0.850,0,
3665,11,77,fog-86,1,fog,3200.0,0.0000,0.0000,8,150.800,0.8469,0,0.9400,,0.850,0,
3666,11,77,fog-86,1,fog,3300.0,0.0000,0.0000,0,150.000,,0,0.9381,,0.850,0,
3667,11,77,fog-86,1,fog,3400.0,0.0000,0.0000,5,150.500,0.0000,0,0.9363,,0.850,0,
3668,11,77,fog-86,1,fog,3500.0,0.0000,0.0000,5,150.500,0.0000,0,0.9344,,0.850,0,
3669,11,77,fog-86,1,fog,3600.0,0.0000,0.0000,5,150.500,0.0000,0,0.9325,,0.850,0,
3670,11,77,fog-86,1,fog,3700.0,0.0000,0.0000,5,150.500,0.0000,0,0.9306,,0.850,0,
3671,11,77,fog-86,1,fog,3800.0,0.0000,0.0000,0,150.000,,0,0.9288,,0.850,0,
3672,11,77,fog-86,1,fog,3900.0,0.0000,0.0000,0,150.000,,0,0.9269,,0.850,0,
3673,11,77,fog-86,1,fog,4000.0,0.0000,0.0000,9,150.900,0.9784,0,0.9250,,0.850,0,
3674,11,77,fog-86,1,fog,4100.0,0.0000,0.0000,4,150.400,0.3536,0,0.9231,,0.850,0,
3675,11,77,fog-86,1,fog,4200.0,0.0000,0.0000,0,150.000,,0,0.9213,,0.850,0,
3676,11,77,fog-86,1,fog,4300.0,0.0000,0.0000,0,150.000,,0,0.9194,,0.850,0,
3677,11,77,fog-86,1,fog,4400.0,0.0000,0.0000,0,150.000,,0,0.9175,,0.850,0,
3678,11,77,fog-86,1,fog,4500.0,0.0000,0.0000,0,150.000,,0,0.9156,,0.850,0,
3679,11,77,fog-86,1,fog,4600.0,0.0000,0.0000,0,150.000,,0,0.9138,,0.850,0,
3680,11,77,fog-86,1,fog,4700.0,0.0000,0.0000,10,151.000,1.0000,0,0.9119,,0.850,0,
3681,11,77,fog-86,1,fog,4800.0,0.0000,0.0000,18,151.400,1.0000,0,0.9100,,0.850,0,
3682,11,77,fog-86,1,fog,4900.0,0.0000,0.0000,9,150.900,1.0000,0,0.9081,,0.850,0,
3683,11,77,fog-86,1,fog,5000.0,0.0000,0.0000,14,151.200,1.0000,0,0.9063,,0.850,0,
3684,11,78,fog-87,1,fog,0.0,0.0000,0.0000,0,150.000,,0,1.0000,,0.850,0,
3685,11,78,fog-87,1,fog,100.0,0.0000,0.0000,0,150.000,,0,0.9981,,0.850,0,
3686,11,78,fog-87,1,fog,200.0,0.0000,0.0000,0,150.000,,0,0.9963,,0.850,0,
3687,11,78,fog-87,1,fog,300.0,0.0000,0.0000,0,150.000,,0,0.9944,,0.850,0,
3688,11,78,fog-87,1,fog,400.0,0.0000,0.0000,0,150.000,,0,0.9925,,0.850,0,
3689,11,78,fog-87,1,fog,500.0,0.0000,0.0000,0,150.000,,0,0.9906,,0.850,0,
3690,11,78,fog-87,1,fog,600.0,0.0000,0.0000,0,150.000,,0,0.9888,,0.850,0,
3691,11,78,fog-87,1,fog,700.0,0.0000,0.0000,0,150.000,,0,0.9869,,0.850,0,
3692,11,78,fog-87,1,fog,800.0,0.0000,0.0000,0,150.000,,0,0.9850,,0.850,0,
3693,11,78,fog-87,1,fog,900.0,0.0000,0.0000,0,150.000,,0,0.9831,,0.850,0,
3694,11,78,fog-87,1,fog,1000.0,0.0000,0.0000,0,150.000,,0,0.9813,,0.850,0,
3695,11,78,fog-87,1,fog,1100.0,0.0000,0.0000,0,150.000,,0,0.9794,,0.850,0,
3696,11,78,fog-87,1,fog,1200.0,0.0000,0.0000,0,150.000,,0,0.9775,,0.850,0,
3697,11,78,fog-87,1,fog,1300.0,0.0000,0.0000,0,150.000,,0,0.9756,,0.850,0,
3698,11,78,fog-87,1,fog,1400.0,0.0000,0.0000,0,150.000,,0,0.9738,,0.850,0,
3699,11,78,fog-87,1,fog,1500.0,0.0000,0.0000,0,150.000,,0,0.9719,,0.850,0,
3700,11,78,fog-87,1,fog,1600.0,0.0000,0.0000,0,150.000,,0,0.9700,,0.850,0,
3701,11,78,fog-87,1,fog,1700.0,0.0000,0.0000,0,150.000,,0,0.9681,,0.850,0,
3702,11,78,fog-87,1,fog,1800.0,0.0000,0.0000,0,150.000,,0,0.9663,,0.850,0,
3703,11,78,fog-87,1,fog,1900.0,0.0000,0.0000,0,150.000,,0,0.9644,,0.850,0,
3704,11,78,fog-87,1,fog,2000.0,0.0000,0.0000,0,150.000,,0,0.9625,,0.850,0,
3705,11,78,fog-87,1,fog,2100.0,0.0000,0.0000,0,150.000,,0,0.9606,,0.850,0,
3706,11,78,fog-87,1,fog,2200.0,0.0000,0.0000,0,150.000,,0,0.9588,,0.850,0,
3707,11,78,fog-87,1,fog,2300.0,0.0000,0.0000,0,150.000,,0,0.9569,,0.850,0,
3708,11,78,fog-87,1,fog,2400.0,0.0000,0.0000,0,150.000,,0,0.9550,,0.850,0,
3709,11,78,fog-87,1,fog,2500.0,0.0000,0.0000,0,150.000,,0,0.9531,,0.850,0,
3710,11,78,fog-87,1,fog,2600.0,0.0000,0.0000,0,150.000,,0,0.9513,,0.850,0,
3711,11,78,fog-87,1,fog,2700.0,0.0000,0.0000,0,150.000,,0,0.9494,,0.850,0,
3712,11,78,fog-87,1,fog,2800.0,0.0000,0.0000,0,150.000,,0,0.9475,,0.850,0,
3713,11,78,fog-87,1,fog,2900.0,0.0000,0.0000,0,150.000,,0,0.9456,,0.850,0,
3714,11,78,fog-87,1,fog,3000.0,0.0000,0.0000,0,150.000,,0,0.9438,,0.850,0,
3715,11,78,fog-87,1,fog,3100.0,0.0000,0.0000,0,150.000,,0,0.9419,,0.850,0,
3716,11,78,fog-87,1,fog,3200.0,0.0000,0.0000,0,150.000,,0,0.9400,,0.850,0,
3717,11,78,fog-87,1,fog,3300.0,0.0000,0.0000,0,150.000,,0,0.9381,,0.850,0,
3718,11,78,fog-87,1,fog,3400.0,0.0000,0.0000,0,150.000,,0,0.9363,,0.850,0,
3719,11,78,fog-87,1,fog,3500.0,0.0000,0.0000,0,150.000,,0,0.9344,,0.850,0,
3720,11,78,fog-87,1,fog,3600.0,0.0000,0.0000,0,150.000,,0,0.9325,,0.850,0,
3721,11,78,fog-87,1,fog,3700.0,0.0000,0.0000,0,150.000,,0,0.9306,,0.850,0,
3722,11,78,fog-87,1,fog,3800.0,0.0000,0.0000,0,150.000,,0,0.9288,,0.850,0,
3723,11,78,fog-87,1,fog,3900.0,0.0000,0.0000,0,150.000,,0,0.9269,,0.850,0,
3724,11,78,fog-87,1,fog,4000.0,0.0000,0.0000,0,150.000,,0,0.9250,,0.850,0,
3725,11,78,fog-87,1,fog,4100.0,0.0000,0.0000,0,150.000,,0,0.9231,,0.850,0,
3726,11,78,fog-87,1,fog,4200.0,0.0000,0.0000,0,150.000,,0,0.9213,,0.850,0,
3727,11,78,fog-87,1,fog,4300.0,0.0000,0.0000,0,150.000,,0,0.9194,,0.850,0,
3728,11,78,fog-87,1,fog,4400.0,0.0000,0.0000,0,150.000,,0,0.9175,,0.850,0,
3729,11,78,fog-87,1,fog,4500.0,0.0000,0.0000,0,150.000,,0,0.9156,,0.850,0,
3730,11,78,fog-87,1,fog,4600.0,0.0000,0.0000,0,150.000,,0,0.9138,,0.850,0,
3731,11,78,fog-87,1,fog,4700.0,0.0000,0.0000,0,150.000,,0,0.9119,,0.850,0,
3732,11,78,fog-87,1,fog,4800.0,0.0000,0.0000,0,150.000,,0,0.9100,,0.850,0,
3733,11,78,fog-87,1,fog,4900.0,0.0000,0.0000,0,150.000,,0,0.9081,,0.850,0,
3734,11,78,fog-87,1,fog,5000.0,0.0000,0.0000,0,150.000,,0,0.9063,,0.850,0,
3735,11,79,fog-88,1,fog,0.0,0.0000,0.0000,0,150.000,,0,1.0000,,0.850,0,
3736,11,79,fog-88,1,fog,100.0,0.0000,0.0000,4,150.400,1.0000,0,0.9981,,0.850,0,
3737,11,79,fog-88,1,fog,200.0,0.0000,0.0000,4,150.400,0.3536,0,0.9963,,0.850,0,
3738,11,79,fog-88,1,fog,300.0,0.0000,0.0000,0,150.000,,0,0.9944,,0.850,0,
3739,11,79,fog-88,1,fog,400.0,0.0000,0.0000,4,150.400,0.3536,0,0.9925,,0.850,0,
3740,11,79,fog-88,1,fog,500.0,0.0000,0.0000,5,150.500,0.0000,0,0.9906,,0.850,0,
3741,11,79,fog-88,1,fog,600.0,0.0000,0.0000,5,150.500,0.0000,0,0.9888,,0.850,0,
3742,11,79,fog-88,1,fog,700.0,0.0000,0.0000,18,151.400,1.0000,0,0.9869,,0.850,0,
3743,11,79,fog-88,1,fog,800.0,0.0000,0.0000,16,151.300,1.0000,0,0.9850,,0.850,0,
3744,11,79,fog-88,1,fog,900.0,0.0000,0.0000,9,150.900,1.0000,0,0.9831,,0.850,0,
3745,11,79,fog-88,1,fog,1000.0,0.0000,0.0000,9,150.900,1.0000,0,0.9813,,0.850,0,
3746,11,79,fog-88,1,fog,1100.0,0.0000,0.0000,8,150.800,0.8660,0,0.9794,,0.850,0,
3747,11,79,fog-88,1,fog,1200.0,0.0000,0.0000,9,150.900,0.9854,0,0.9775,,0.850,0,
3748,11,79,fog-88,1,fog,1300.0,0.0000,0.0000,18,151.400,1.0000,0,0.9756,,0.850,0,
3749,11,79,fog-88,1,fog,1400.0,0.0000,0.0000,10,151.000,1.0000,0,0.9738,,0.850,0,
3750,11,79,fog-88,1,fog,1500.0,0.0000,0.0000,10,151.000,1.0000,0,0.9719,,0.850,0,
3751,11,79,fog-88,1,fog,1600.0,0.0000,0.0000,4,150.400,0.0000,0,0.9700,,0.850,0,
3752,11,79,fog-88,1,fog,1700.0,0.0000,0.0000,0,150.000,,0,0.9681,,0.850,0,
3753,11,79,fog-88,1,fog,1800.0,0.0000,0.0000,0,150.000,,0,0.9663,,0.850,0,
3754,11,79,fog-88,1,fog,1900.0,0.0000,0.0000,0,150.000,,0,0.9644,,0.850,0,
3755,11,79,fog-88,1,fog,2000.0,0.0000,0.0000,9,150.900,0.9835,0,0.9625,,0.850,0,
3756,11,79,fog-88,1,fog,2100.0,0.0000,0.0000,7,150.700,0.7032,0,0.9606,,0.850,0,
3757,11,79,fog-88,1,fog,2200.0,0.0000,0.0000,9,150.900,0.9763,0,0.9588,,0.850,0,
3758,11,79,fog-88,1,fog,2300.0,0.0000,0.0000,9,150.900,0.9784,0,0.9569,,0.850,0,
3759,11,79,fog-88,1,fog,2400.0,0.0000,0.0000,5,150.500,0.0000,0,0.9550,,0.850,0,
3760,11,79,fog-88,1,fog,2500.0,0.0000,0.0000,0,150.000,,0,0.9531,,0.850,0,
3761,11,79,fog-88,1,fog,2600.0,0.0000,0.0000,5,150.500,0.0000,0,0.9513,,0.850,0,
3762,11,79,fog-88,1,fog,2700.0,0.0000,0.0000,4,150.400,0.3536,0,0.9494,,0.850,0,
3763,11,79,fog-88,1,fog,2800.0,0.0000,0.0000,5,150.500,0.0000,0,0.9475,,0.850,0,
3764,11,79,fog-88,1,fog,2900.0,0.0000,0.0000,4,150.400,0.3536,0,0.9456,,0.850,0,
3765,11,79,fog-88,1,fog,3000.0,0.0000,0.0000,9,150.900,1.0000,0,0.9438,,0.850,0,
3766,11,79,fog-88,1,fog,3100.0,0.0000,0.0000,10,151.000,1.0000,0,0.9419,,0.850,0,
3767,11,79,fog-88,1,fog,3200.0,0.0000,0.0000,10,151.000,1.0000,0,0.9400,,0.850,0,
3768,11,79,fog-88,1,fog,3300.0,0.0000,0.0000,0,150.000,,0,0.9381,,0.850,0,
3769,11,79,fog-88,1,fog,3400.0,0.0000,0.0000,0,150.000,,0,0.9363,,0.850,0,
3770,11,79,fog-88,1,fog,3500.0,0.0000,0.0000,0,150.000,,0,0.9344,,0.850,0,
3771,11,79,fog-88,1,fog,3600.0,0.0000,0.0000,5,150.500,0.0000,0,0.9325,,0.850,0,
3772,11,79,fog-88,1,fog,3700.0,0.0000,0.0000,9,150.900,1.0000,0,0.9306,,0.850,0,
3773,11,79,fog-88,1,fog,3800.0,0.0000,0.0000,20,151.500,1.0000,0,0.9288,,0.850,0,
3774,11,79,fog-88,1,fog,3900.0,0.0000,0.0000,16,151.300,1.0000,0,0.9269,,0.850,0,
3775,11,79,fog-88,1,fog,4000.0,0.0000,0.0000,9,150.900,1.0000,0,0.9250,,0.850,0,
3776,11,79,fog-88,1,fog,4100.0,0.0000,0.0000,9,150.900,1.0000,0,0.9231,,0.850,0,
3777,11,79,fog-88,1,fog,4200.0,0.0000,0.0000,9,150.900,1.0000,0,0.9213,,0.850,0,
3778,11,79,fog-88,1,fog,4300.0,0.0000,0.0000,9,150.900,1.0000,0,0.9194,,0.850,0,
3779,11,79,fog-88,1,fog,4400.0,0.0000,0.0000,9,150.900,0.9832,0,0.9175,,0.850,0,
3780,11,79,fog-88,1,fog,4500.0,0.0000,0.0000,5,150.500,0.0000,0,0.9156,,0.850,0,
3781,11,79,fog-88,1,fog,4600.0,0.0000,0.0000,5,150.500,0.0000,0,0.9138,,0.850,0,
3782,11,79,fog-88,1,fog,4700.0,0.0000,0.0000,5,150.500,0.0000,0,0.9119,,0.850,0,
3783,11,79,fog-88,1,fog,4800.0,0.0000,0.0000,4,150.400,0.3536,0,0.9100,,0.850,0,
3784,11,79,fog-88,1,fog,4900.0,0.0000,0.0000,5,150.500,0.0000,0,0.9081,,0.850,0,
3785,11,79,fog-88,1,fog,5000.0,0.0000,0.0000,9,150.900,0.9854,0,0.9063,,0.850,0,
3786,11,80,fog-89,1,fog,0.0,0.0000,0.0000,0,150.000,,0,1.0000,,0.850,0,
3787,11,80,fog-89,1,fog,100.0,0.0000,0.0000,10,151.000,1.0000,0,0.9981,,0.850,0,
3788,11,80,fog-89,1,fog,200.0,0.0000,0.0000,38,152.400,1.0000,0,0.9963,,0.850,0,
3789,11,80,fog-89,1,fog,300.0,0.0000,0.0000,32,152.100,1.0000,0,0.9944,,0.850,0,
3790,11,80,fog-89,1,fog,400.0,0.0000,0.0000,40,152.500,1.0000,0,0.9925,,0.850,0,
3791,11,80,fog-89,1,fog,500.0,0.0000,0.0000,16,151.300,1.0000,0,0.9906,,0.850,0,
3792,11,80,fog-89,1,fog,600.0,0.0000,0.0000,22,151.600,1.0000,0,0.9888,,0.850,0,
3793,11,80,fog-89,1,fog,700.0,0.0000,0.0000,16,151.300,1.0000,0,0.9869,,0.850,0,
3794,11,80,fog-89,1,fog,800.0,0.0000,0.0000,18,151.400,1.0000,0,0.9850,,0.850,0,
3795,11,80,fog-89,1,fog,900.0,0.0000,0.0000,9,150.900,0.9645,0,0.9831,,0.850,0,
3796,11,80,fog-89,1,fog,1000.0,0.0000,0.0000,18,151.400,1.0000,0,0.9813,,0.850,0,
3797,11,80,fog-89,1,fog,1100.0,0.0000,0.0000,24,151.700,1.0000,0,0.9794,,0.850,0,
3798,11,80,fog-89,1,fog,1200.0,0.0000,0.0000,38,152.400,1.0000,0,0.9775,,0.850,0,
3799,11,80,fog-89,1,fog,1300.0,0.0000,0.0000,24,151.700,1.0000,0,0.9756,,0.850,0,
3800,11,80,fog-89,1,fog,1400.0,0.0000,0.0000,12,151.100,1.0000,0,0.9738,,0.850,0,
3801,11,80,fog-89,1,fog,1500.0,0.0000,0.0000,28,151.900,1.0000,0,0.9719,,0.850,0,
3802,11,80,fog-89,1,fog,1600.0,0.0000,0.0000,30,152.000,1.0000,0,0.9700,,0.850,0,
3803,11,80,fog-89,1,fog,1700.0,0.0000,0.0000,24,151.700,1.0000,0,0.9681,,0.850,0,
3804,11,80,fog-89,1,fog,1800.0,0.0000,0.0000,34,152.200,1.0000,0,0.9663,,0.850,0,
3805,11,80,fog-89,1,fog,1900.0,0.0000,0.0000,44,152.700,1.0000,0,0.9644,,0.850,0,
3806,11,80,fog-89,1,fog,2000.0,0.0000,0.0000,56,153.300,1.0000,0,0.9625,,0.850,0,
3807,11,80,fog-89,1,fog,2100.0,0.0000,0.0000,46,152.800,1.0000,0,0.9606,,0.850,0,
3808,11,80,fog-89,1,fog,2200.0,0.0000,0.0000,38,152.400,1.0000,0,0.9588,,0.850,0,
3809,11,80,fog-89,1,fog,2300.0,0.0000,0.0000,26,151.800,1.0000,0,0.9569,,0.850,0,
3810,11,80,fog-89,1,fog,2400.0,0.0000,0.0000,34,152.200,1.0000,0,0.9550,,0.850,0,
3811,11,80,fog-89,1,fog,2500.0,0.0000,0.0000,16,151.300,1.0000,0,0.9531,,0.850,0,
3812,11,80,fog-89,1,fog,2600.0,0.0000,0.0000,18,151.400,1.0000,0,0.9513,,0.850,0,
3813,11,80,fog-89,1,fog,2700.0,0.0000,0.0000,28,151.900,1.0000,0,0.9494,,0.850,0,
3814,11,80,fog-89,1,fog,2800.0,0.0000,0.0000,26,151.800,1.0000,0,0.9475,,0.850,0,
3815,11,80,fog-89,1,fog,2900.0,0.0000,0.0000,10,151.000,1.0000,0,0.9456,,0.850,0,
3816,11,80,fog-89,1,fog,3000.0,0.0000,0.0000,8,150.800,0.8355,0,0.9438,,0.850,0,
3817,11,80,fog-89,1,fog,3100.0,0.0000,0.0000,18,151.400,1.0000,0,0.9419,,0.850,0,
3818,11,80,fog-89,1,fog,3200.0,0.0000,0.0000,9,150.900,0.9699,0,0.9400,,0.850,0,
3819,11,80,fog-89,1,fog,3300.0,0.0000,0.0000,10,151.000,1.0000,0,0.9381,,0.850,0,
3820,11,80,fog-89,1,fog,3400.0,0.0000,0.0000,24,151.700,1.0000,0,0.9363,,0.850,0,
3821,11,80,fog-89,1,fog,3500.0,0.0000,0.0000,38,152.400,1.0000,0,0.9344,,0.850,0,
3822,11,80,fog-89,1,fog,3600.0,0.0000,0.0000,50,153.000,1.0000,0,0.9325,,0.850,0,
3823,11,80,fog-89,1,fog,3700.0,0.0000,0.0000,36,152.300,1.0000,0,0.9306,,0.850,0,
3824,11,80,fog-89,1,fog,3800.0,0.0000,0.0000,36,152.300,1.0000,0,0.9288,,0.850,0,
3825,11,80,fog-89,1,fog,3900.0,0.0000,0.0000,18,151.400,1.0000,0,0.9269,,0.850,0,
3826,11,80,fog-89,1,fog,4000.0,0.0000,0.0000,5,150.500,0.0000,0,0.9250,,0.850,0,
3827,11,80,fog-89,1,fog,4100.0,0.0000,0.0000,4,150.400,0.3536,0,0.9231,,0.850,0,
3828,11,80,fog-89,1,fog,4200.0,0.0000,0.0000,4,150.400,0.3536,0,0.9213,,0.850,0,
3829,11,80,fog-89,1,fog,4300.0,0.0000,0.0000,3,150.300,0.0000,0,0.9194,,0.850,0,
3830,11,80,fog-89,1,fog,4400.0,0.0000,0.0000,9,150.900,0.9701,0,0.9175,,0.850,0,
3831,11,80,fog-89,1,fog,4500.0,0.0000,0.0000,9,150.900,0.9701,0,0.9156,,0.850,0,
3832,11,80,fog-89,1,fog,4600.0,0.0000,0.0000,10,151.000,1.0000,0,0.9138,,0.850,0,
3833,11,80,fog-89,1,fog,4700.0,0.0000,0.0000,9,150.900,0.9701,0,0.9119,,0.850,0,
3834,11,80,fog-89,1,fog,4800.0,0.0000,0.0000,10,151.000,1.0000,0,0.9100,,0.850,0,
3835,11,80,fog-89,1,fog,4900.0,0.0000,0.0000,14,151.200,1.0000,0,0.9081,,0.850,0,
3836,11,80,fog-89,1,fog,5000.0,0.0000,0.0000,7,150.700,0.7028,0,0.9063,,0.850,0,
3837,11,81,fog-90,1,fog,0.0,0.0000,0.0000,0,150.000,,0,1.0000,,0.850,0,
3838,11,81,fog-90,1,fog,100.0,0.0000,0.0000,0,150.000,,0,0.9981,,0.850,0,
3839,11,81,fog-90,1,fog,200.0,0.0000,0.0000,0,150.000,,0,0.9963,,0.850,0,
3840,11,81,fog-90,1,fog,300.0,0.0000,0.0000,0,150.000,,0,0.9944,,0.850,0,
3841,11,81,fog-90,1,fog,400.0,0.0000,0.0000,0,150.000,,0,0.9925,,0.850,0,
3842,11,81,fog-90,1,fog,500.0,0.0000,0.0000,0,150.000,,0,0.9906,,0.850,0,
3843,11,81,fog-90,1,fog,600.0,0.0000,0.0000,0,150.000,,0,0.9888,,0.850,0,
3844,11,81,fog-90,1,fog,700.0,0.0000,0.0000,0,150.000,,0,0.9869,,0.850,0,
3845,11,81,fog-90,1,fog,800.0,0.0000,0.0000,0,150.000,,0,0.9850,,0.850,0,
3846,11,81,fog-90,1,fog,900.0,0.0000,0.0000,0,150.000,,0,0.9831,,0.850,0,
3847,11,81,fog-90,1,fog,1000.0,0.0000,0.0000,0,150.000,,0,0.9813,,0.850,0,
3848,11,81,fog-90,1,fog,1100.0,0.0000,0.0000,0,150.000,,0,0.9794,,0.850,0,
3849,11,81,fog-90,1,fog,1200.0,0.0000,0.0000,0,150.000,,0,0.9775,,0.850,0,
3850,11,81,fog-90,1,fog,1300.0,0.0000,0.0000,0,150.000,,0,0.9756,,0.850,0,
3851,11,81,fog-90,1,fog,1400.0,0.0000,0.0000,0,150.000,,0,0.9738,,0.850,0,
3852,11,81,fog-90,1,fog,1500.0,0.0000,0.0000,0,150.000,,0,0.9719,,0.850,0,
3853,11,81,fog-90,1,fog,1600.0,0.0000,0.0000,0,150.000,,0,0.9700,,0.850,0,
3854,11,81,fog-90,1,fog,1700.0,0.0000,0.0000,0,150.000,,0,0.9681,,0.850,0,
3855,11,81,fog-90,1,fog,1800.0,0.0000,0.0000,0,150.000,,0,0.9663,,0.850,0,
3856,11,81,fog-90,1,fog,1900.0,0.0000,0.0000,0,150.000,,0,0.9644,,0.850,0,
3857,11,81,fog-90,1,fog,2000.0,0.0000,0.0000,0,150.000,,0,0.9625,,0.850,0,
3858,11,81,fog-90,1,fog,2100.0,0.0000,0.0000,0,150.000,,0,0.9606,,0.850,0,
3859,11,81,fog-90,1,fog,2200.0,0.0000,0.0000,0,150.000,,0,0.9588,,0.850,0,
3860,11,81,fog-90,1,fog,2300.0,0.0000,0.0000,0,150.000,,0,0.9569,,0.850,0,
3861,11,81,fog-90,1,fog,2400.0,0.0000,0.0000,0,150.000,,0,0.9550,,0.850,0,
3862,11,81,fog-90,1,fog,2500.0,0.0000,0.0000,0,150.000,,0,0.9531,,0.850,0,
3863,11,81,fog-90,1,fog,2600.0,0.0000,0.0000,0,150.000,,0,0.9513,,0.850,0,
3864,11,81,fog-90,1,fog,2700.0,0.0000,0.0000,0,150.000,,0,0.9494,,0.850,0,
3865,11,81,fog-90,1,fog,2800.0,0.0000,0.0000,0,150.000,,0,0.9475,,0.850,0,
3866,11,81,fog-90,1,fog,2900.0,0.0000,0.0000,0,150.000,,0,0.9456,,0.850,0,
3867,11,81,fog-90,1,fog,3000.0,0.0000,0.0000,0,150.000,,0,0.9438,,0.850,0,
3868,11,81,fog-90,1,fog,3100.0,0.0000,0.0000,0,150.000,,0,0.9419,,0.850,0,
3869,11,81,fog-90,1,fog,3200.0,0.0000,0.0000,0,150.000,,0,0.9400,,0.850,0,
3870,11,81,fog-90,1,fog,3300.0,0.0000,0.0000,0,150.000,,0,0.9381,,0.850,0,
3871,11,81,fog-90,1,fog,3400.0,0.0000,0.0000,0,150.000,,0,0.9363,,0.850,0,
3872,11,81,fog-90,1,fog,3500.0,0.0000,0.0000,0,150.000,,0,0.9344,,0.850,0,
3873,11,81,fog-90,1,fog,3600.0,0.0000,0.0000,0,150.000,,0,0.9325,,0.850,0,
3874,11,81,fog-90,1,fog,3700.0,0.0000,0.0000,0,150.000,,0,0.9306,,0.850,0,
3875,11,81,fog-90,1,fog,3800.0,0.0000,0.0000,0,150.000,,0,0.9288,,0.850,0,
3876,11,81,fog-90,1,fog,3900.0,0.0000,0.0000,0,150.000,,0,0.9269,,0.850,0,
3877,11,81,fog-90,1,fog,4000.0,0.0000,0.0000,0,150.000,,0,0.9250,,0.850,0,
3878,11,81,fog-90,1,fog,4100.0,0.0000,0.0000,0,150.000,,0,0.9231,,0.850,0,
3879,11,81,fog-90,1,fog,4200.0,0.0000,0.0000,0,150.000,,0,0.9213,,0.850,0,
3880,11,81,fog-90,1,fog,4300.0,0.0000,0.0000,0,150.000,,0,0.9194,,0.850,0,
3881,11,81,fog-90,1,fog,4400.0,0.0000,0.0000,0,150.000,,0,0.9175,,0.850,0,
3882,11,81,fog-90,1,fog,4500.0,0.0000,0.0000,0,150.000,,0,0.9156,,0.850,0,
3883,11,81,fog-90,1,fog,4600.0,0.0000,0.0000,0,150.000,,0,0.9138,,0.850,0,
3884,11,81,fog-90,1,fog,4700.0,0.0000,0.0000,0,150.000,,0,0.9119,,0.850,0,
3885,11,81,fog-90,1,fog,4800.0,0.0000,0.0000,0,150.000,,0,0.9100,,0.850,0,
3886,11,81,fog-90,1,fog,4900.0,0.0000,0.0000,0,150.000,,0,0.9081,,0.850,0,
3887,11,81,fog-90,1,fog,5000.0,0.0000,0.0000,0,150.000,,0,0.9063,,0.850,0,
3888,11,82,fog-91,1,fog,0.0,0.0000,0.0000,0,150.000,,0,1.0000,,0.850,0,1281.3
3889,11,82,fog-91,1,fog,100.0,0.0000,0.0000,2,150.200,,0,0.9981,,0.850,0,1281.3
3890,11,82,fog-91,1,fog,200.0,0.0000,0.0000,4,150.400,0.3536,0,0.9963,,0.850,0,1281.3
3891,11,82,fog-91,1,fog,300.0,0.0000,0.0000,0,150.000,,0,0.9944,,0.850,0,1281.3
3892,11,82,fog-91,1,fog,400.0,0.0000,0.0000,9,150.900,0.9998,0,0.9925,,0.850,0,1281.3
3893,11,82,fog-91,1,fog,500.0,0.0000,0.0000,22,151.600,1.0000,0,0.9906,,0.850,0,1281.3
3894,11,82,fog-91,1,fog,600.0,0.0000,0.0000,26,151.800,1.0000,0,0.9888,,0.850,0,1281.3
3895,11,82,fog-91,1,fog,700.0,0.0000,0.0000,46,152.800,1.0000,0,0.9869,,0.850,0,1281.3
3896,11,82,fog-91,1,fog,800.0,0.0000,0.0000,36,152.300,1.0000,0,0.9850,,0.850,0,1281.3
3897,11,82,fog-91,1,fog,900.0,0.0000,0.0000,40,152.500,1.0000,0,0.9831,,0.850,0,1281.3
3898,11,82,fog-91,1,fog,1000.0,0.0000,0.0000,18,151.400,1.0000,0,0.9813,,0.850,0,1281.3
3899,11,82,fog-91,1,fog,1100.0,0.0000,0.0000,4,150.400,0.3536,0,0.9794,,0.850,1,1281.3
3900,11,82,fog-91,1,fog,1200.0,0.0000,0.0000,5,150.500,0.0000,0,0.9775,,0.850,1,1281.3
3901,11,83,fog-92,1,fog,0.0,0.0000,0.0000,0,150.000,,0,1.0000,,0.850,0,
3902,11,83,fog-92,1,fog,100.0,0.0000,0.0000,2,150.200,,0,0.9981,,0.850,0,
3903,11,83,fog-92,1,fog,200.0,0.0000,0.0000,0,150.000,,0,0.9963,,0.850,0,
3904,11,83,fog-92,1,fog,300.0,0.0000,0.0000,0,150.000,,0,0.9944,,0.850,0,
3905,11,83,fog-92,1,fog,400.0,0.0000,0.0000,0,150.000,,0,0.9925,,0.850,0,
3906,11,83,fog-92,1,fog,500.0,0.0000,0.0000,0,150.000,,0,0.9906,,0.850,0,
3907,11,83,fog-92,1,fog,600.0,0.0000,0.0000,0,150.000,,0,0.9888,,0.850,0,
3908,11,83,fog-92,1,fog,700.0,0.0000,0.0000,0,150.000,,0,0.9869,,0.850,0,
3909,11,83,fog-92,1,fog,800.0,0.0000,0.0000,0,150.000,,0,0.9850,,0.850,0,
3910,11,83,fog-92,1,fog,900.0,0.0000,0.0000,0,150.000,,0,0.9831,,0.850,0,
3911,11,83,fog-92,1,fog,1000.0,0.0000,0.0000,0,150.000,,0,0.9813,,0.850,0,
3912,11,83,fog-92,1,fog,1100.0,0.0000,0.0000,0,150.000,,0,0.9794,,0.850,0,
3913,11,83,fog-92,1,fog,1200.0,0.0000,0.0000,0,150.000,,0,0.9775,,0.850,0,
3914,11,83,fog-92,1,fog,1300.0,0.0000,0.0000,0,150.000,,0,0.9756,,0.850,0,
3915,11,83,fog-92,1,fog,1400.0,0.0000,0.0000,5,150.500,0.0000,0,0.9738,,0.850,0,
3916,11,83,fog-92,1,fog,1500.0,0.0000,0.0000,0,150.000,,0,0.9719,,0.850,0,
3917,11,83,fog-92,1,fog,1600.0,0.0000,0.0000,0,150.000,,0,0.9700,,0.850,0,
3918,11,83,fog-92,1,fog,1700.0,0.0000,0.0000,0,150.000,,0,0.9681,,0.850,0,
3919,11,83,fog-92,1,fog,1800.0,0.0000,0.0000,0,150.000,,0,0.9663,,0.850,0,
3920,11,83,fog-92,1,fog,1900.0,0.0000,0.0000,0,150.000,,0,0.9644,,0.850,0,
3921,11,83,fog-92,1,fog,2000.0,0.0000,0.0000,0,150.000,,0,0.9625,,0.850,0,
3922,11,83,fog-92,1,fog,2100.0,0.0000,0.0000,0,150.000,,0,0.9606,,0.850,0,
3923,11,83,fog-92,1,fog,2200.0,0.0000,0.0000,0,150.000,,0,0.9588,,0.850,0,
3924,11,83,fog-92,1,fog,2300.0,0.0000,0.0000,0,150.000,,0,0.9569,,0.850,0,
3925,11,83,fog-92,1,fog,2400.0,0.0000,0.0000,0,150.000,,0,0.9550,,0.850,0,
3926,11,83,fog-92,1,fog,2500.0,0.0000,0.0000,0,150.000,,0,0.9531,,0.850,0,
3927,11,83,fog-92,1,fog,2600.0,0.0000,0.0000,0,150.000,,0,0.9513,,0.850,0,
3928,11,83,fog-92,1,fog,2700.0,0.0000,0.0000,0,150.000,,0,0.9494,,0.850,0,
3929,11,83,fog-92,1,fog,2800.0,0.0000,0.0000,0,150.000,,0,0.9475,,0.850,0,
3930,11,83,fog-92,1,fog,2900.0,0.0000,0.0000,0,150.000,,0,0.9456,,0.850,0,
3931,11,83,fog-92,1,fog,3000.0,0.0000,0.0000,0,150.000,,0,0.9438,,0.850,0,
3932,11,83,fog-92,1,fog,3100.0,0.0000,0.0000,0,150.000,,0,0.9419,,0.850,0,
3933,11,83,fog-92,1,fog,3200.0,0.0000,0.0000,0,150.000,,0,0.9400,,0.850,0,
3934,11,83,fog-92,1,fog,3300.0,0.0000,0.0000,0,150.000,,0,0.9381,,0.850,0,
3935,11,83,fog-92,1,fog,3400.0,0.0000,0.0000,0,150.000,,0,0.9363,,0.850,0,
3936,11,83,fog-92,1,fog,3500.0,0.0000,0.0000,0,150.000,,0,0.9344,,0.850,0,
3937,11,83,fog-92,1,fog,3600.0,0.0000,0.0000,0,150.000,,0,0.9325,,0.850,0,
3938,11,83,fog-92,1,fog,3700.0,0.0000,0.0000,0,150.000,,0,0.9306,,0.850,0,
3939,11,83,fog-92,1,fog,3800.0,0.0000,0.0000,0,150.000,,0,0.9288,,0.850,0,
3940,11,83,fog-92,1,fog,3900.0,0.0000,0.0000,0,150.000,,0,0.9269,,0.850,0,
3941,11,83,fog-92,1,fog,4000.0,0.0000,0.0000,0,150.000,,0,0.9250,,0.850,0,
3942,11,83,fog-92,1,fog,4100.0,0.0000,0.0000,0,150.000,,0,0.9231,,0.850,0,
3943,11,83,fog-92,1,fog,4200.0,0.0000,0.0000,0,150.000,,0,0.9213,,0.850,0,
3944,11,83,fog-92,1,fog,4300.0,0.0000,0.0000,0,150.000,,0,0.9194,,0.850,0,
3945,11,83,fog-92,1,fog,4400.0,0.0000,0.0000,0,150.000,,0,0.9175,,0.850,0,
3946,11,83,fog-92,1,fog,4500.0,0.0000,0.0000,0,150.000,,0,0.9156,,0.850,0,
3947,11,83,fog-92,1,fog,4600.0,0.0000,0.0000,4,150.400,0.0000,0,0.9138,,0.850,0,
3948,11,83,fog-92,1,fog,4700.0,0.0000,0.0000,0,150.000,,0,0.9119,,0.850,0,
3949,11,83,fog-92,1,fog,4800.0,0.0000,0.0000,0,150.000,,0,0.9100,,0.850,0,
3950,11,83,fog-92,1,fog,4900.0,0.0000,0.0000,0,150.000,,0,0.9081,,0.850,0,
3951,11,83,fog-92,1,fog,5000.0,0.0000,0.0000,0,150.000,,0,0.9063,,0.850,0,
3952,11,84,fog-93,1,fog,0.0,0.0000,0.0000,0,150.000,,0,1.0000,,0.850,0,2472.2
3953,11,84,fog-93,1,fog,100.0,0.0000,0.0000,0,150.000,,0,0.9981,,0.850,0,2472.2
3954,11,84,fog-93,1,fog,200.0,0.0000,0.0000,0,150.000,,0,0.9963,,0.850,0,2472.2
3955,11,84,fog-93,1,fog,300.0,0.0000,0.0000,0,150.000,,0,0.9944,,0.850,0,2472.2
3956,11,84,fog-93,1,fog,400.0,0.0000,0.0000,0,150.000,,0,0.9925,,0.850,0,2472.2
3957,11,84,fog-93,1,fog,500.0,0.0000,0.0000,0,150.000,,0,0.9906,,0.850,0,2472.2
3958,11,84,fog-93,1,fog,600.0,0.0000,0.0000,0,150.000,,0,0.9888,,0.850,0,2472.2
3959,11,84,fog-93,1,fog,700.0,0.0000,0.0000,0,150.000,,0,0.9869,,0.850,0,2472.2
3960,11,84,fog-93,1,fog,800.0,0.0000,0.0000,0,150.000,,0,0.9850,,0.850,0,2472.2
3961,11,84,fog-93,1,fog,900.0,0.0000,0.0000,0,150.000,,0,0.9831,,0.850,0,2472.2
3962,11,84,fog-93,1,fog,1000.0,0.0000,0.0000,0,150.000,,0,0.9813,,0.850,0,2472.2
3963,11,84,fog-93,1,fog,1100.0,0.0000,0.0000,0,150.000,,0,0.9794,,0.850,0,2472.2
3964,11,84,fog-93,1,fog,1200.0,0.0000,0.0000,0,150.000,,0,0.9775,,0.850,0,2472.2
3965,11,84,fog-93,1,fog,1300.0,0.0000,0.0000,0,150.000,,0,0.9756,,0.850,0,2472.2
3966,11,84,fog-93,1,fog,1400.0,0.0000,0.0000,0,150.000,,0,0.9738,,0.850,0,2472.2
3967,11,84,fog-93,1,fog,1500.0,0.0000,0.0000,0,150.000,,0,0.9719,,0.850,0,2472.2
3968,11,84,fog-93,1,fog,1600.0,0.0000,0.0000,0,150.000,,0,0.9700,,0.850,0,2472.2
3969,11,84,fog-93,1,fog,1700.0,0.0000,0.0000,0,150.000,,0,0.9681,,0.850,0,2472.2
3970,11,84,fog-93,1,fog,1800.0,0.0000,0.0000,0,150.000,,0,0.9663,,0.850,0,2472.2
3971,11,84,fog-93,1,fog,1900.0,0.0000,0.0000,0,150.000,,0,0.9644,,0.850,0,2472.2
3972,11,84,fog-93,1,fog,2000.0,0.0000,0.0000,0,150.000,,0,0.9625,,0.850,0,2472.2
3973,11,84,fog-93,1,fog,2100.0,0.0000,0.0000,0,150.000,,0,0.9606,,0.850,0,2472.2
3974,11,84,fog-93,1,fog,2200.0,0.0000,0.0000,0,150.000,,0,0.9588,,0.850,0,2472.2
3975,11,84,fog-93,1,fog,2300.0,0.0000,0.0000,0,150.000,,0,0.9569,,0.850,1,2472.2
3976,11,84,fog-93,1,fog,2400.0,0.0000,0.0000,0,150.000,,0,0.9550,,0.850,1,2472.2
3977,11,85,fog-94,1,fog,0.0,0.0000,0.0000,0,150.000,,0,1.0000,,0.850,0,
3978,11,85,fog-94,1,fog,100.0,0.0000,0.0000,0,150.000,,0,0.9981,,0.850,0,
3979,11,85,fog-94,1,fog,200.0,0.0000,0.0000,0,150.000,,0,0.9963,,0.850,0,
3980,11,85,fog-94,1,fog,300.0,0.0000,0.0000,0,150.000,,0,0.9944,,0.850,0,
3981,11,85,fog-94,1,fog,400.0,0.0000,0.0000,0,150.000,,0,0.9925,,0.850,0,
3982,11,85,fog-94,1,fog,500.0,0.0000,0.0000,0,150.000,,0,0.9906,,0.850,0,
3983,11,85,fog-94,1,fog,600.0,0.0000,0.0000,0,150.000,,0,0.9888,,0.850,0,
3984,11,85,fog-94,1,fog,700.0,0.0000,0.0000,0,150.000,,0,0.9869,,0.850,0,
3985,11,85,fog-94,1,fog,800.0,0.0000,0.0000,0,150.000,,0,0.9850,,0.850,0,
3986,11,85,fog-94,1,fog,900.0,0.0000,0.0000,0,150.000,,0,0.9831,,0.850,0,
3987,11,85,fog-94,1,fog,1000.0,0.0000,0.0000,0,150.000,,0,0.9813,,0.850,0,
3988,11,85,fog-94,1,fog,1100.0,0.0000,0.0000,0,150.000,,0,0.9794,,0.850,0,
3989,11,85,fog-94,1,fog,1200.0,0.0000,0.0000,0,150.000,,0,0.9775,,0.850,0,
3990,11,85,fog-94,1,fog,1300.0,0.0000,0.0000,0,150.000,,0,0.9756,,0.850,0,
3991,11,85,fog-94,1,fog,1400.0,0.0000,0.0000,0,150.000,,0,0.9738,,0.850,0,
3992,11,85,fog-94,1,fog,1500.0,0.0000,0.0000,0,150.000,,0,0.9719,,0.850,0,
3993,11,85,fog-94,1,fog,1600.0,0.0000,0.0000,0,150.000,,0,0.9700,,0.850,0,
3994,11,85,fog-94,1,fog,1700.0,0.0000,0.0000,0,150.000,,0,0.9681,,0.850,0,
3995,11,85,fog-94,1,fog,1800.0,0.0000,0.0000,0,150.000,,0,0.9663,,0.850,0,
3996,11,85,fog-94,1,fog,1900.0,0.0000,0.0000,0,150.000,,0,0.9644,,0.850,0,
3997,11,85,fog-94,1,fog,2000.0,0.0000,0.0000,0,150.000,,0,0.9625,,0.850,0,
3998,11,85,fog-94,1,fog,2100.0,0.0000,0.0000,0,150.000,,0,0.9606,,0.850,0,
3999,11,85,fog-94,1,fog,2200.0,0.0000,0.0000,0,150.000,,0,0.9588,,0.850,0,
4000,11,85,fog-94,1,fog,2300.0,0.0000,0.0000,0,150.000,,0,0.9569,,0.850,0,
4001,11,85,fog-94,1,fog,2400.0,0.0000,0.0000,0,150.000,,0,0.9550,,0.850,0,
4002,11,85,fog-94,1,fog,2500.0,0.0000,0.0000,0,150.000,,0,0.9531,,0.850,0,
4003,11,85,fog-94,1,fog,2600.0,0.0000,0.0000,0,150.000,,0,0.9513,,0.850,0,
4004,11,85,fog-94,1,fog,2700.0,0.0000,0.0000,0,150.000,,0,0.9494,,0.850,0,
4005,11,85,fog-94,1,fog,2800.0,0.0000,0.0000,0,150.000,,0,0.9475,,0.850,0,
4006,11,85,fog-94,1,fog,2900.0,0.0000,0.0000,0,150.000,,0,0.9456,,0.850,0,
4007,11,85,fog-94,1,fog,3000.0,0.0000,0.0000,0,150.000,,0,0.9438,,0.850,0,
4008,11,85,fog-94,1,fog,3100.0,0.0000,0.0000,0,150.000,,0,0.9419,,0.850,0,
4009,11,85,fog-94,1,fog,3200.0,0.0000,0.0000,0,150.000,,0,0.9400,,0.850,0,
4010,11,85,fog-94,1,fog,3300.0,0.0000,0.0000,0,150.000,,0,0.9381,,0.850,0,
4011,11,85,fog-94,1,fog,3400.0,0.0000,0.0000,0,150.000,,0,0.9363,,0.850,0,
4012,11,85,fog-94,1,fog,3500.0,0.0000,0.0000,0,150.000,,0,0.9344,,0.850,0,
4013,11,85,fog-94,1,fog,3600.0,0.0000,0.0000,0,150.000,,0,0.9325,,0.850,0,
4014,11,85,fog-94,1,fog,3700.0,0.0000,0.0000,0,150.000,,0,0.9306,,0.850,0,
4015,11,85,fog-94,1,fog,3800.0,0.0000,0.0000,0,150.000,,0,0.9288,,0.850,0,
4016,11,85,fog-94,1,fog,3900.0,0.0000,0.0000,0,150.000,,0,0.9269,,0.850,0,
4017,11,85,fog-94,1,fog,4000.0,0.0000,0.0000,0,150.000,,0,0.9250,,0.850,0,
4018,11,85,fog-94,1,fog,4100.0,0.0000,0.0000,0,150.000,,0,0.9231,,0.850,0,
4019,11,85,fog-94,1,fog,4200.0,0.0000,0.0000,0,150.000,,0,0.9213,,0.850,0,
4020,11,85,fog-94,1,fog,4300.0,0.0000,0.0000,0,150.000,,0,0.9194,,0.850,0,
4021,11,85,fog-94,1,fog,4400.0,0.0000,0.0000,0,150.000,,0,0.9175,,0.850,0,
4022,11,85,fog-94,1,fog,4500.0,0.0000,0.0000,0,150.000,,0,0.9156,,0.850,0,
4023,11,85,fog-94,1,fog,4600.0,0.0000,0.0000,0,150.000,,0,0.9138,,0.850,0,
4024,11,85,fog-94,1,fog,4700.0,0.0000,0.0000,0,150.000,,0,0.9119,,0.850,0,
4025,11,85,fog-94,1,fog,4800.0,0.0000,0.0000,0,150.000,,0,0.9100,,0.850,0,
4026,11,85,fog-94,1,fog,4900.0,0.0000,0.0000,0,150.000,,0,0.9081,,0.850,0,
4027,11,85,fog-94,1,fog,5000.0,0.0000,0.0000,0,150.000,,0,0.9063,,0.850,0,
4028,11,86,fog-95,1,fog,0.0,0.0000,0.0000,0,150.000,,0,1.0000,,0.850,0,
4029,11,86,fog-95,1,fog,100.0,0.0000,0.0000,0,150.000,,0,0.9981,,0.850,0,
4030,11,86,fog-95,1,fog,200.0,0.0000,0.0000,0,150.000,,0,0.9963,,0.850,0,
4031,11,86,fog-95,1,fog,300.0,0.0000,0.0000,0,150.000,,0,0.9944,,0.850,0,
4032,11,86,fog-95,1,fog,400.0,0.0000,0.0000,0,150.000,,0,0.9925,,0.850,0,
4033,11,86,fog-95,1,fog,500.0,0.0000,0.0000,0,150.000,,0,0.9906,,0.850,0,
4034,11,86,fog-95,1,fog,600.0,0.0000,0.0000,0,150.000,,0,0.9888,,0.850,0,
4035,11,86,fog-95,1,fog,700.0,0.0000,0.0000,0,150.000,,0,0.9869,,0.850,0,
4036,11,86,fog-95,1,fog,800.0,0.0000,0.0000,0,150.000,,0,0.9850,,0.850,0,
4037,11,86,fog-95,1,fog,900.0,0.0000,0.0000,0,150.000,,0,0.9831,,0.850,0,
4038,11,86,fog-95,1,fog,1000.0,0.0000,0.0000,0,150.000,,0,0.9813,,0.850,0,
4039,11,86,fog-95,1,fog,1100.0,0.0000,0.0000,0,150.000,,0,0.9794,,0.850,0,
4040,11,86,fog-95,1,fog,1200.0,0.0000,0.0000,0,150.000,,0,0.9775,,0.850,0,
4041,11,86,fog-95,1,fog,1300.0,0.0000,0.0000,0,150.000,,0,0.9756,,0.850,0,
4042,11,86,fog-95,1,fog,1400.0,0.0000,0.0000,0,150.000,,0,0.9738,,0.850,0,
4043,11,86,fog-95,1,fog,1500.0,0.0000,0.0000,0,150.000,,0,0.9719,,0.850,0,
4044,11,86,fog-95,1,fog,1600.0,0.0000,0.0000,0,150.000,,0,0.9700,,0.850,0,
4045,11,86,fog-95,1,fog,1700.0,0.0000,0.0000,0,150.000,,0,0.9681,,0.850,0,
4046,11,86,fog-95,1,fog,1800.0,0.0000,0.0000,5,150.500,0.0000,0,0.9663,,0.850,0,
4047,11,86,fog-95,1,fog,1900.0,0.0000,0.0000,0,150.000,,0,0.9644,,0.850,0,
4048,11,86,fog-95,1,fog,2000.0,0.0000,0.0000,0,150.000,,0,0.9625,,0.850,0,
4049,11,86,fog-95,1,fog,2100.0,0.0000,0.0000,0,150.000,,0,0.9606,,0.850,0,
4050,11,86,fog-95,1,fog,2200.0,0.0000,0.0000,0,150.000,,0,0.9588,,0.850,0,
4051,11,86,fog-95,1,fog,2300.0,0.0000,0.0000,0,150.000,,0,0.9569,,0.850,0,
4052,11,86,fog-95,1,fog,2400.0,0.0000,0.0000,0,150.000,,0,0.9550,,0.850,0,
4053,11,86,fog-95,1,fog,2500.0,0.0000,0.0000,0,150.000,,0,0.9531,,0.850,0,
4054,11,86,fog-95,1,fog,2600.0,0.0000,0.0000,0,150.000,,0,0.9513,,0.850,0,
4055,11,86,fog-95,1,fog,2700.0,0.0000,0.0000,0,150.000,,0,0.9494,,0.850,0,
4056,11,86,fog-95,1,fog,2800.0,0.0000,0.0000,0,150.000,,0,0.9475,,0.850,0,
4057,11,86,fog-95,1,fog,2900.0,0.0000,0.0000,0,150.000,,0,0.9456,,0.850,0,
4058,11,86,fog-95,1,fog,3000.0,0.0000,0.0000,0,150.000,,0,0.9438,,0.850,0,
4059,11,86,fog-95,1,fog,3100.0,0.0000,0.0000,0,150.000,,0,0.9419,,0.850,0,
4060,11,86,fog-95,1,fog,3200.0,0.0000,0.0000,0,150.000,,0,0.9400,,0.850,0,
4061,11,86,fog-95,1,fog,3300.0,0.0000,0.0000,0,150.000,,0,0.9381,,0.850,0,
4062,11,86,fog-95,1,fog,3400.0,0.0000,0.0000,5,150.500,0.0000,0,0.9363,,0.850,0,
4063,11,86,fog-95,1,fog,3500.0,0.0000,0.0000,0,150.000,,0,0.9344,,0.850,0,
4064,11,86,fog-95,1,fog,3600.0,0.0000,0.0000,0,150.000,,0,0.9325,,0.850,0,
4065,11,86,fog-95,1,fog,3700.0,0.0000,0.0000,0,150.000,,0,0.9306,,0.850,0,
4066,11,86,fog-95,1,fog,3800.0,0.0000,0.0000,0,150.000,,0,0.9288,,0.850,0,
4067,11,86,fog-95,1,fog,3900.0,0.0000,0.0000,0,150.000,,0,0.9269,,0.850,0,
4068,11,86,fog-95,1,fog,4000.0,0.0000,0.0000,0,150.000,,0,0.9250,,0.850,0,
4069,11,86,fog-95,1,fog,4100.0,0.0000,0.0000,0,150.000,,0,0.9231,,0.850,0,
4070,11,86,fog-95,1,fog,4200.0,0.0000,0.0000,0,150.000,,0,0.9213,,0.850,0,
4071,11,86,fog-95,1,fog,4300.0,0.0000,0.0000,0,150.000,,0,0.9194,,0.850,0,
4072,11,86,fog-95,1,fog,4400.0,0.0000,0.0000,0,150.000,,0,0.9175,,0.850,0,
4073,11,86,fog-95,1,fog,4500.0,0.0000,0.0000,0,150.000,,0,0.9156,,0.850,0,
4074,11,86,fog-95,1,fog,4600.0,0.0000,0.0000,0,150.000,,0,0.9138,,0.850,0,
4075,11,86,fog-95,1,fog,4700.0,0.0000,0.0000,0,150.000,,0,0.9119,,0.850,0,
4076,11,86,fog-95,1,fog,4800.0,0.0000,0.0000,0,150.000,,0,0.9100,,0.850,0,
4077,11,86,fog-95,1,fog,4900.0,0.0000,0.0000,0,150.000,,0,0.9081,,0.850,0,
4078,11,86,fog-95,1,fog,5000.0,0.0000,0.0000,5,150.500,0.0000,0,0.9063,,0.850,0,
4079,11,87,fog-96,1,fog,0.0,0.0000,0.0000,0,150.000,,0,1.0000,,0.850,0,
4080,11,87,fog-96,1,fog,100.0,0.0000,0.0000,4,150.400,1.0000,0,0.9981,,0.850,0,
4081,11,87,fog-96,1,fog,200.0,0.0000,0.0000,10,151.000,1.0000,0,0.9963,,0.850,0,
4082,11,87,fog-96,1,fog,300.0,0.0000,0.0000,10,151.000,1.0000,0,0.9944,,0.850,0,
4083,11,87,fog-96,1,fog,400.0,0.0000,0.0000,10,151.000,1.0000,0,0.9925,,0.850,0,
4084,11,87,fog-96,1,fog,500.0,0.0000,0.0000,9,150.900,1.0000,0,0.9906,,0.850,0,
4085,11,87,fog-96,1,fog,600.0,0.0000,0.0000,9,150.900,1.0000,0,0.9888,,0.850,0,
4086,11,87,fog-96,1,fog,700.0,0.0000,0.0000,5,150.500,0.0000,0,0.9869,,0.850,0,
4087,11,87,fog-96,1,fog,800.0,0.0000,0.0000,5,150.500,0.0000,0,0.9850,,0.850,0,
4088,11,87,fog-96,1,fog,900.0,0.0000,0.0000,3,150.300,0.5000,0,0.9831,,0.850,0,
4089,11,87,fog-96,1,fog,1000.0,0.0000,0.0000,5,150.500,0.0000,0,0.9813,,0.850,0,
4090,11,87,fog-96,1,fog,1100.0,0.0000,0.0000,5,150.500,0.0000,0,0.9794,,0.850,0,
4091,11,87,fog-96,1,fog,1200.0,0.0000,0.0000,3,150.300,0.3333,0,0.9775,,0.850,0,
4092,11,87,fog-96,1,fog,1300.0,0.0000,0.0000,4,150.400,0.0000,0,0.9756,,0.850,0,
4093,11,87,fog-96,1,fog,1400.0,0.0000,0.0000,0,150.000,,0,0.9738,,0.850,0,
4094,11,87,fog-96,1,fog,1500.0,0.0000,0.0000,0,150.000,,0,0.9719,,0.850,0,
4095,11,87,fog-96,1,fog,1600.0,0.0000,0.0000,0,150.000,,0,0.9700,,0.850,0,
4096,11,87,fog-96,1,fog,1700.0,0.0000,0.0000,0,150.000,,0,0.9681,,0.850,0,
4097,11,87,fog-96,1,fog,1800.0,0.0000,0.0000,0,150.000,,0,0.9663,,0.850,0,
4098,11,87,fog-96,1,fog,1900.0,0.0000,0.0000,0,150.000,,0,0.9644,,0.850,0,
4099,11,87,fog-96,1,fog,2000.0,0.0000,0.0000,5,150.500,0.0000,0,0.9625,,0.850,0,
4100,11,87,fog-96,1,fog,2100.0,0.0000,0.0000,5,150.500,0.0000,0,0.9606,,0.850,0,
4101,11,87,fog-96,1,fog,2200.0,0.0000,0.0000,5,150.500,0.0000,0,0.9588,,0.850,0,
4102,11,87,fog-96,1,fog,2300.0,0.0000,0.0000,4,150.400,0.3536,0,0.9569,,0.850,0,
4103,11,87,fog-96,1,fog,2400.0,0.0000,0.0000,5,150.500,0.0000,0,0.9550,,0.850,0,
4104,11,87,fog-96,1,fog,2500.0,0.0000,0.0000,4,150.400,0.0000,0,0.9531,,0.850,0,
4105,11,87,fog-96,1,fog,2600.0,0.0000,0.0000,5,150.500,0.0000,0,0.9513,,0.850,0,
4106,11,87,fog-96,1,fog,2700.0,0.0000,0.0000,4,150.400,0.3536,0,0.9494,,0.850,0,
4107,11,87,fog-96,1,fog,2800.0,0.0000,0.0000,5,150.500,0.0000,0,0.9475,,0.850,0,
4108,11,87,fog-96,1,fog,2900.0,0.0000,0.0000,0,150.000,,0,0.9456,,0.850,0,
4109,11,87,fog-96,1,fog,3000.0,0.0000,0.0000,0,150.000,,0,0.9438,,0.850,0,
4110,11,87,fog-96,1,fog,3100.0,0.0000,0.0000,0,150.000,,0,0.9419,,0.850,0,
4111,11,87,fog-96,1,fog,3200.0,0.0000,0.0000,0,150.000,,0,0.9400,,0.850,0,
4112,11,87,fog-96,1,fog,3300.0,0.0000,0.0000,0,150.000,,0,0.9381,,0.850,0,
4113,11,87,fog-96,1,fog,3400.0,0.0000,0.0000,0,150.000,,0,0.9363,,0.850,0,
4114,11,87,fog-96,1,fog,3500.0,0.0000,0.0000,0,150.000,,0,0.9344,,0.850,0,
4115,11,87,fog-96,1,fog,3600.0,0.0000,0.0000,0,150.000,,0,0.9325,,0.850,0,
4116,11,87,fog-96,1,fog,3700.0,0.0000,0.0000,0,150.000,,0,0.9306,,0.850,0,
4117,11,87,fog-96,1,fog,3800.0,0.0000,0.0000,5,150.500,0.0000,0,0.9288,,0.850,0,
4118,11,87,fog-96,1,fog,3900.0,0.0000,0.0000,5,150.500,0.0000,0,0.9269,,0.850,0,
4119,11,87,fog-96,1,fog,4000.0,0.0000,0.0000,4,150.400,0.0000,0,0.9250,,0.850,0,
4120,11,87,fog-96,1,fog,4100.0,0.0000,0.0000,4,150.400,0.3536,0,0.9231,,0.850,0,
4121,11,87,fog-96,1,fog,4200.0,0.0000,0.0000,5,150.500,0.0000,0,0.9213,,0.850,0,
4122,11,87,fog-96,1,fog,4300.0,0.0000,0.0000,4,150.400,0.3536,0,0.9194,,0.850,0,
4123,11,87,fog-96,1,fog,4400.0,0.0000,0.0000,5,150.500,0.0000,0,0.9175,,0.850,0,
4124,11,87,fog-96,1,fog,4500.0,0.0000,0.0000,4,150.400,0.3536,0,0.9156,,0.850,0,
4125,11,87,fog-96,1,fog,4600.0,0.0000,0.0000,5,150.500,0.0000,0,0.9138,,0.850,0,
4126,11,87,fog-96,1,fog,4700.0,0.0000,0.0000,0,150.000,,0,0.9119,,0.850,0,
4127,11,87,fog-96,1,fog,4800.0,0.0000,0.0000,0,150.000,,0,0.9100,,0.850,0,
4128,11,87,fog-96,1,fog,4900.0,0.0000,0.0000,0,150.000,,0,0.9081,,0.850,0,
4129,11,87,fog-96,1,fog,5000.0,0.0000,0.0000,0,150.000,,0,0.9063,,0.850,0,
4130,11,88,fog-97,1,fog,0.0,0.0000,0.0000,0,150.000,,0,1.0000,,0.850,0,
4131,11,88,fog-97,1,fog,100.0,0.0000,0.0000,0,150.000,,0,0.9981,,0.850,0,
4132,11,88,fog-97,1,fog,200.0,0.0000,0.0000,0,150.000,,0,0.9963,,0.850,0,
4133,11,88,fog-97,1,fog,300.0,0.0000,0.0000,4,150.400,0.3536,0,0.9944,,0.850,0,
4134,11,88,fog-97,1,fog,400.0,0.0000,0.0000,0,150.000,,0,0.9925,,0.850,0,
4135,11,88,fog-97,1,fog,500.0,0.0000,0.0000,0,150.000,,0,0.9906,,0.850,0,
4136,11,88,fog-97,1,fog,600.0,0.0000,0.0000,0,150.000,,0,0.9888,,0.850,0,
4137,11,88,fog-97,1,fog,700.0,0.0000,0.0000,0,150.000,,0,0.9869,,0.850,0,
4138,11,88,fog-97,1,fog,800.0,0.0000,0.0000,5,150.500,0.0000,0,0.9850,,0.850,0,
4139,11,88,fog-97,1,fog,900.0,0.0000,0.0000,0,150.000,,0,0.9831,,0.850,0,
4140,11,88,fog-97,1,fog,1000.0,0.0000,0.0000,0,150.000,,0,0.9813,,0.850,0,
4141,11,88,fog-97,1,fog,1100.0,0.0000,0.0000,0,150.000,,0,0.9794,,0.850,0,
4142,11,88,fog-97,1,fog,1200.0,0.0000,0.0000,0,150.000,,0,0.9775,,0.850,0,
4143,11,88,fog-97,1,fog,1300.0,0.0000,0.0000,0,150.000,,0,0.9756,,0.850,0,
4144,11,88,fog-97,1,fog,1400.0,0.0000,0.0000,0,150.000,,0,0.9738,,0.850,0,
4145,11,88,fog-97,1,fog,1500.0,0.0000,0.0000,0,150.000,,0,0.9719,,0.850,0,
4146,11,88,fog-97,1,fog,1600.0,0.0000,0.0000,4,150.400,0.3536,0,0.9700,,0.850,0,
4147,11,88,fog-97,1,fog,1700.0,0.0000,0.0000,4,150.400,0.3536,0,0.9681,,0.850,0,
4148,11,88,fog-97,1,fog,1800.0,0.0000,0.0000,4,150.400,0.3536,0,0.9663,,0.850,0,
4149,11,88,fog-97,1,fog,1900.0,0.0000,0.0000,0,150.000,,0,0.9644,,0.850,0,
4150,11,88,fog-97,1,fog,2000.0,0.0000,0.0000,0,150.000,,0,0.9625,,0.850,0,
4151,11,88,fog-97,1,fog,2100.0,0.0000,0.0000,5,150.500,0.0000,0,0.9606,,0.850,0,
4152,11,88,fog-97,1,fog,2200.0,0.0000,0.0000,0,150.000,,0,0.9588,,0.850,0,
4153,11,88,fog-97,1,fog,2300.0,0.0000,0.0000,0,150.000,,0,0.9569,,0.850,0,
4154,11,88,fog-97,1,fog,2400.0,0.0000,0.0000,0,150.000,,0,0.9550,,0.850,0,
4155,11,88,fog-97,1,fog,2500.0,0.0000,0.0000,5,150.500,0.0000,0,0.9531,,0.850,0,
4156,11,88,fog-97,1,fog,2600.0,0.0000,0.0000,0,150.000,,0,0.9513,,0.850,0,
4157,11,88,fog-97,1,fog,2700.0,0.0000,0.0000,0,150.000,,0,0.9494,,0.850,0,
4158,11,88,fog-97,1,fog,2800.0,0.0000,0.0000,0,150.000,,0,0.9475,,0.850,0,
4159,11,88,fog-97,1,fog,2900.0,0.0000,0.0000,0,150.000,,0,0.9456,,0.850,0,
4160,11,88,fog-97,1,fog,3000.0,0.0000,0.0000,0,150.000,,0,0.9438,,0.850,0,
4161,11,88,fog-97,1,fog,3100.0,0.0000,0.0000,0,150.000,,0,0.9419,,0.850,0,
4162,11,88,fog-97,1,fog,3200.0,0.0000,0.0000,0,150.000,,0,0.9400,,0.850,0,
4163,11,88,fog-97,1,fog,3300.0,0.0000,0.0000,0,150.000,,0,0.9381,,0.850,0,
4164,11,88,fog-97,1,fog,3400.0,0.0000,0.0000,0,150.000,,0,0.9363,,0.850,0,
4165,11,88,fog-97,1,fog,3500.0,0.0000,0.0000,0,150.000,,0,0.9344,,0.850,0,
4166,11,88,fog-97,1,fog,3600.0,0.0000,0.0000,0,150.000,,0,0.9325,,0.850,0,
4167,11,88,fog-97,1,fog,3700.0,0.0000,0.0000,0,150.000,,0,0.9306,,0.850,0,
4168,11,88,fog-97,1,fog,3800.0,0.0000,0.0000,0,150.000,,0,0.9288,,0.850,0,
4169,11,88,fog-97,1,fog,3900.0,0.0000,0.0000,0,150.000,,0,0.9269,,0.850,0,
4170,11,88,fog-97,1,fog,4000.0,0.0000,0.0000,5,150.500,0.0000,0,0.9250,,0.850,0,
4171,11,88,fog-97,1,fog,4100.0,0.0000,0.0000,0,150.000,,0,0.9231,,0.850,0,
4172,11,88,fog-97,1,fog,4200.0,0.0000,0.0000,0,150.000,,0,0.9213,,0.850,0,
4173,11,88,fog-97,1,fog,4300.0,0.0000,0.0000,0,150.000,,0,0.9194,,0.850,0,
4174,11,88,fog-97,1,fog,4400.0,0.0000,0.0000,0,150.000,,0,0.9175,,0.850,0,
4175,11,88,fog-97,1,fog,4500.0,0.0000,0.0000,0,150.000,,0,0.9156,,0.850,0,
4176,11,88,fog-97,1,fog,4600.0,0.0000,0.0000,0,150.000,,0,0.9138,,0.850,0,
4177,11,88,fog-97,1,fog,4700.0,0.0000,0.0000,0,150.000,,0,0.9119,,0.850,0,
4178,11,88,fog-97,1,fog,4800.0,0.0000,0.0000,0,150.000,,0,0.9100,,0.850,0,
4179,11,88,fog-97,1,fog,4900.0,0.0000,0.0000,5,150.500,0.0000,0,0.9081,,0.850,0,
4180,11,88,fog-97,1,fog,5000.0,0.0000,0.0000,5,150.500,0.0000,0,0.9063,,0.850,0,
4181,11,89,fog-98,1,fog,0.0,0.0000,0.0000,0,150.000,,0,1.0000,,0.850,0,
4182,11,89,fog-98,1,fog,100.0,0.0000,0.0000,0,150.000,,0,0.9981,,0.850,0,
4183,11,89,fog-98,1,fog,200.0,0.0000,0.0000,0,150.000,,0,0.9963,,0.850,0,
4184,11,89,fog-98,1,fog,300.0,0.0000,0.0000,0,150.000,,0,0.9944,,0.850,0,
4185,11,89,fog-98,1,fog,400.0,0.0000,0.0000,0,150.000,,0,0.9925,,0.850,0,
4186,11,89,fog-98,1,fog,500.0,0.0000,0.0000,0,150.000,,0,0.9906,,0.850,0,
4187,11,89,fog-98,1,fog,600.0,0.0000,0.0000,10,151.000,1.0000,0,0.9888,,0.850,0,
4188,11,89,fog-98,1,fog,700.0,0.0000,0.0000,8,150.800,0.8660,0,0.9869,,0.850,0,
4189,11,89,fog-98,1,fog,800.0,0.0000,0.0000,5,150.500,0.0000,0,0.9850,,0.850,0,
4190,11,89,fog-98,1,fog,900.0,0.0000,0.0000,0,150.000,,0,0.9831,,0.850,0,
4191,11,89,fog-98,1,fog,1000.0,0.0000,0.0000,5,150.500,0.0000,0,0.9813,,0.850,0,
4192,11,89,fog-98,1,fog,1100.0,0.0000,0.0000,4,150.400,0.0000,0,0.9794,,0.850,0,
4193,11,89,fog-98,1,fog,1200.0,0.0000,0.0000,0,150.000,,0,0.9775,,0.850,0,
4194,11,89,fog-98,1,fog,1300.0,0.0000,0.0000,0,150.000,,0,0.9756,,0.850,0,
4195,11,89,fog-98,1,fog,1400.0,0.0000,0.0000,0,150.000,,0,0.9738,,0.850,0,
4196,11,89,fog-98,1,fog,1500.0,0.0000,0.0000,0,150.000,,0,0.9719,,0.850,0,
4197,11,89,fog-98,1,fog,1600.0,0.0000,0.0000,0,150.000,,0,0.9700,,0.850,0,
4198,11,89,fog-98,1,fog,1700.0,0.0000,0.0000,0,150.000,,0,0.9681,,0.850,0,
4199,11,89,fog-98,1,fog,1800.0,0.0000,0.0000,0,150.000,,0,0.9663,,0.850,0,
4200,11,89,fog-98,1,fog,1900.0,0.0000,0.0000,0,150.000,,0,0.9644,,0.850,0,
4201,11,89,fog-98,1,fog,2000.0,0.0000,0.0000,0,150.000,,0,0.9625,,0.850,0,
4202,11,89,fog-98,1,fog,2100.0,0.0000,0.0000,5,150.500,0.0000,0,0.9606,,0.850,0,
4203,11,89,fog-98,1,fog,2200.0,0.0000,0.0000,4,150.400,0.3536,0,0.9588,,0.850,0,
4204,11,89,fog-98,1,fog,2300.0,0.0000,0.0000,5,150.500,0.0000,0,0.9569,,0.850,0,
4205,11,89,fog-98,1,fog,2400.0,0.0000,0.0000,0,150.000,,0,0.9550,,0.850,0,
4206,11,89,fog-98,1,fog,2500.0,0.0000,0.0000,0,150.000,,0,0.9531,,0.850,0,
4207,11,89,fog-98,1,fog,2600.0,0.0000,0.0000,0,150.000,,0,0.9513,,0.850,0,
4208,11,89,fog-98,1,fog,2700.0,0.0000,0.0000,0,150.000,,0,0.9494,,0.850,0,
4209,11,89,fog-98,1,fog,2800.0,0.0000,0.0000,0,150.000,,0,0.9475,,0.850,0,
4210,11,89,fog-98,1,fog,2900.0,0.0000,0.0000,0,150.000,,0,0.9456,,0.850,0,
4211,11,89,fog-98,1,fog,3000.0,0.0000,0.0000,0,150.000,,0,0.9438,,0.850,0,
4212,11,89,fog-98,1,fog,3100.0,0.0000,0.0000,0,150.000,,0,0.9419,,0.850,0,
4213,11,89,fog-98,1,fog,3200.0,0.0000,0.0000,0,150.000,,0,0.9400,,0.850,0,
4214,11,89,fog-98,1,fog,3300.0,0.0000,0.0000,0,150.000,,0,0.9381,,0.850,0,
4215,11,89,fog-98,1,fog,3400.0,0.0000,0.0000,5,150.500,0.0000,0,0.9363,,0.850,0,
4216,11,89,fog-98,1,fog,3500.0,0.0000,0.0000,5,150.500,0.0000,0,0.9344,,0.850,0,
4217,11,89,fog-98,1,fog,3600.0,0.0000,0.0000,10,151.000,1.0000,0,0.9325,,0.850,0,
4218,11,89,fog-98,1,fog,3700.0,0.0000,0.0000,0,150.000,,0,0.9306,,0.850,0,
4219,11,89,fog-98,1,fog,3800.0,0.0000,0.0000,0,150.000,,0,0.9288,,0.850,0,
4220,11,89,fog-98,1,fog,3900.0,0.0000,0.0000,0,150.000,,0,0.9269,,0.850,0,
4221,11,89,fog-98,1,fog,4000.0,0.0000,0.0000,0,150.000,,0,0.9250,,0.850,0,
4222,11,89,fog-98,1,fog,4100.0,0.0000,0.0000,0,150.000,,0,0.9231,,0.850,0,
4223,11,89,fog-98,1,fog,4200.0,0.0000,0.0000,0,150.000,,0,0.9213,,0.850,0,
4224,11,89,fog-98,1,fog,4300.0,0.0000,0.0000,4,150.400,0.3536,0,0.9194,,0.850,0,
4225,11,89,fog-98,1,fog,4400.0,0.0000,0.0000,0,150.000,,0,0.9175,,0.850,0,
4226,11,89,fog-98,1,fog,4500.0,0.0000,0.0000,0,150.000,,0,0.9156,,0.850,0,
4227,11,89,fog-98,1,fog,4600.0,0.0000,0.0000,0,150.000,,0,0.9138,,0.850,0,
4228,11,89,fog-98,1,fog,4700.0,0.0000,0.0000,0,150.000,,0,0.9119,,0.850,0,
4229,11,89,fog-98,1,fog,4800.0,0.0000,0.0000,0,150.000,,0,0.9100,,0.850,0,
4230,11,89,fog-98,1,fog,4900.0,0.0000,0.0000,0,150.000,,0,0.9081,,0.850,0,
4231,11,89,fog-98,1,fog,5000.0,0.0000,0.0000,0,150.000,,0,0.9063,,0.850,0,
4232,11,90,fog-99,1,fog,0.0,0.0000,0.0000,0,150.000,,0,1.0000,,0.850,0,
4233,11,90,fog-99,1,fog,100.0,0.0000,0.0000,0,150.000,,0,0.9981,,0.850,0,
4234,11,90,fog-99,1,fog,200.0,0.0000,0.0000,5,150.500,0.0000,0,0.9963,,0.850,0,
4235,11,90,fog-99,1,fog,300.0,0.0000,0.0000,5,150.500,0.0000,0,0.9944,,0.850,0,
4236,11,90,fog-99,1,fog,400.0,0.0000,0.0000,5,150.500,0.0000,0,0.9925,,0.850,0,
4237,11,90,fog-99,1,fog,500.0,0.0000,0.0000,5,150.500,0.0000,0,0.9906,,0.850,0,
4238,11,90,fog-99,1,fog,600.0,0.0000,0.0000,0,150.000,,0,0.9888,,0.850,0,
4239,11,90,fog-99,1,fog,700.0,0.0000,0.0000,4,150.400,0.0000,0,0.9869,,0.850,0,
4240,11,90,fog-99,1,fog,800.0,0.0000,0.0000,0,150.000,,0,0.9850,,0.850,0,
4241,11,90,fog-99,1,fog,900.0,0.0000,0.0000,0,150.000,,0,0.9831,,0.850,0,
4242,11,90,fog-99,1,fog,1000.0,0.0000,0.0000,0,150.000,,0,0.9813,,0.850,0,
4243,11,90,fog-99,1,fog,1100.0,0.0000,0.0000,0,150.000,,0,0.9794,,0.850,0,
4244,11,90,fog-99,1,fog,1200.0,0.0000,0.0000,0,150.000,,0,0.9775,,0.850,0,
4245,11,90,fog-99,1,fog,1300.0,0.0000,0.0000,3,150.300,0.0000,0,0.9756,,0.850,0,
4246,11,90,fog-99,1,fog,1400.0,0.0000,0.0000,9,150.900,1.0000,0,0.9738,,0.850,0,
4247,11,90,fog-99,1,fog,1500.0,0.0000,0.0000,5,150.500,0.0000,0,0.9719,,0.850,0,
4248,11,90,fog-99,1,fog,1600.0,0.0000,0.0000,0,150.000,,0,0.9700,,0.850,0,
4249,11,90,fog-99,1,fog,1700.0,0.0000,0.0000,5,150.500,0.0000,0,0.9681,,0.850,0,
4250,11,90,fog-99,1,fog,1800.0,0.0000,0.0000,9,150.900,1.0000,0,0.9663,,0.850,0,
4251,11,90,fog-99,1,fog,1900.0,0.0000,0.0000,10,151.000,1.0000,0,0.9644,,0.850,0,
4252,11,90,fog-99,1,fog,2000.0,0.0000,0.0000,5,150.500,0.0000,0,0.9625,,0.850,0,
4253,11,90,fog-99,1,fog,2100.0,0.0000,0.0000,5,150.500,0.0000,0,0.9606,,0.850,0,
4254,11,90,fog-99,1,fog,2200.0,0.0000,0.0000,5,150.500,0.0000,0,0.9588,,0.850,0,
4255,11,90,fog-99,1,fog,2300.0,0.0000,0.0000,9,150.900,0.9829,0,0.9569,,0.850,0,
4256,11,90,fog-99,1,fog,2400.0,0.0000,0.0000,0,150.000,,0,0.9550,,0.850,0,
4257,11,90,fog-99,1,fog,2500.0,0.0000,0.0000,0,150.000,,0,0.9531,,0.850,0,
4258,11,90,fog-99,1,fog,2600.0,0.0000,0.0000,5,150.500,0.0000,0,0.9513,,0.850,0,
4259,11,90,fog-99,1,fog,2700.0,0.0000,0.0000,5,150.500,0.0000,0,0.9494,,0.850,0,
4260,11,90,fog-99,1,fog,2800.0,0.0000,0.0000,3,150.300,0.3333,0,0.9475,,0.850,0,
4261,11,90,fog-99,1,fog,2900.0,0.0000,0.0000,5,150.500,0.0000,0,0.9456,,0.850,0,
4262,11,90,fog-99,1,fog,3000.0,0.0000,0.0000,5,150.500,0.0000,0,0.9438,,0.850,0,
4263,11,90,fog-99,1,fog,3100.0,0.0000,0.0000,0,150.000,,0,0.9419,,0.850,0,
4264,11,90,fog-99,1,fog,3200.0,0.0000,0.0000,0,150.000,,0,0.9400,,0.850,0,
4265,11,90,fog-99,1,fog,3300.0,0.0000,0.0000,4,150.400,0.0000,0,0.9381,,0.850,0,
4266,11,90,fog-99,1,fog,3400.0,0.0000,0.0000,3,150.300,0.5000,0,0.9363,,0.850,0,
4267,11,90,fog-99,1,fog,3500.0,0.0000,0.0000,5,150.500,0.0000,0,0.9344,,0.850,0,
4268,11,90,fog-99,1,fog,3600.0,0.0000,0.0000,0,150.000,,0,0.9325,,0.850,0,
4269,11,90,fog-99,1,fog,3700.0,0.0000,0.0000,5,150.500,0.0000,0,0.9306,,0.850,0,
4270,11,90,fog-99,1,fog,3800.0,0.0000,0.0000,4,150.400,0.0000,0,0.9288,,0.850,0,
4271,11,90,fog-99,1,fog,3900.0,0.0000,0.0000,9,150.900,0.9830,0,0.9269,,0.850,0,
4272,11,90,fog-99,1,fog,4000.0,0.0000,0.0000,0,150.000,,0,0.9250,,0.850,0,
4273,11,90,fog-99,1,fog,4100.0,0.0000,0.0000,0,150.000,,0,0.9231,,0.850,0,
4274,11,90,fog-99,1,fog,4200.0,0.0000,0.0000,5,150.500,0.0000,0,0.9213,,0.850,0,
4275,11,90,fog-99,1,fog,4300.0,0.0000,0.0000,3,150.300,0.3333,0,0.9194,,0.850,0,
4276,11,90,fog-99,1,fog,4400.0,0.0000,0.0000,4,150.400,0.3536,0,0.9175,,0.850,0,
4277,11,90,fog-99,1,fog,4500.0,0.0000,0.0000,0,150.000,,0,0.9156,,0.850,0,
4278,11,90,fog-99,1,fog,4600.0,0.0000,0.0000,0,150.000,,0,0.9138,,0.850,0,
4279,11,90,fog-99,1,fog,4700.0,0.0000,0.0000,0,150.000,,0,0.9119,,0.850,0,
4280,11,90,fog-99,1,fog,4800.0,0.0000,0.0000,0,150.000,,0,0.9100,,0.850,0,
4281,11,90,fog-99,1,fog,4900.0,0.0000,0.0000,0,150.000,,0,0.9081,,0.850,0,
4282,11,90,fog-99,1,fog,5000.0,0.0000,0.0000,5,150.500,0.0000,0,0.9063,,0.850,0,
4283,11,91,fog-100,1,fog,0.0,0.0000,0.0000,0,150.000,,0,1.0000,,0.850,0,
4284,11,91,fog-100,1,fog,100.0,0.0000,0.0000,16,151.300,1.0000,0,0.9981,,0.850,0,
4285,11,91,fog-100,1,fog,200.0,0.0000,0.0000,46,152.800,1.0000,0,0.9963,,0.850,0,
4286,11,91,fog-100,1,fog,300.0,0.0000,0.0000,50,153.000,1.0000,0,0.9944,,0.850,0,
4287,11,91,fog-100,1,fog,400.0,0.0000,0.0000,46,152.800,1.0000,0,0.9925,,0.850,0,
4288,11,91,fog-100,1,fog,500.0,0.0000,0.0000,38,152.400,1.0000,0,0.9906,,0.850,0,
4289,11,91,fog-100,1,fog,600.0,0.0000,0.0000,34,152.200,1.0000,0,0.9888,,0.850,0,
4290,11,91,fog-100,1,fog,700.0,0.0000,0.0000,52,153.100,1.0000,0,0.9869,,0.850,0,
4291,11,91,fog-100,1,fog,800.0,0.0000,0.0000,60,153.500,1.0000,0,0.9850,,0.850,0,
4292,11,91,fog-100,1,fog,900.0,0.0000,0.0000,56,153.300,1.0000,0,0.9831,,0.850,0,
4293,11,91,fog-100,1,fog,1000.0,0.0000,0.0000,52,153.100,1.0000,0,0.9813,,0.850,0,
4294,11,91,fog-100,1,fog,1100.0,0.0000,0.0000,58,153.400,1.0000,0,0.9794,,0.850,0,
4295,11,91,fog-100,1,fog,1200.0,0.0000,0.0000,78,154.400,1.0000,0,0.9775,,0.850,0,
4296,11,91,fog-100,1,fog,1300.0,0.0000,0.0000,76,154.300,1.0000,0,0.9756,,0.850,0,
4297,11,91,fog-100,1,fog,1400.0,0.0000,0.0000,46,152.800,1.0000,0,0.9738,,0.850,0,
4298,11,91,fog-100,1,fog,1500.0,0.0000,0.0000,40,152.500,1.0000,0,0.9719,,0.850,0,
4299,11,91,fog-100,1,fog,1600.0,0.0000,0.0000,52,153.100,1.0000,0,0.9700,,0.850,0,
4300,11,91,fog-100,1,fog,1700.0,0.0000,0.0000,16,151.300,1.0000,0,0.9681,,0.850,0,
4301,11,91,fog-100,1,fog,1800.0,0.0000,0.0000,36,152.300,1.0000,0,0.9663,,0.850,0,
4302,11,91,fog-100,1,fog,1900.0,0.0000,0.0000,34,152.200,1.0000,0,0.9644,,0.850,0,
4303,11,91,fog-100,1,fog,2000.0,0.0000,0.0000,46,152.800,1.0000,0,0.9625,,0.850,0,
4304,11,91,fog-100,1,fog,2100.0,0.0000,0.0000,32,152.100,1.0000,0,0.9606,,0.850,0,
4305,11,91,fog-100,1,fog,2200.0,0.0000,0.0000,38,152.400,1.0000,0,0.9588,,0.850,0,
4306,11,91,fog-100,1,fog,2300.0,0.0000,0.0000,40,152.500,1.0000,0,0.9569,,0.850,0,
4307,11,91,fog-100,1,fog,2400.0,0.0000,0.0000,46,152.800,1.0000,0,0.9550,,0.850,0,
4308,11,91,fog-100,1,fog,2500.0,0.0000,0.0000,44,152.700,1.0000,0,0.9531,,0.850,0,
4309,11,91,fog-100,1,fog,2600.0,0.0000,0.0000,54,153.200,1.0000,0,0.9513,,0.850,0,
4310,11,91,fog-100,1,fog,2700.0,0.0000,0.0000,20,151.500,1.0000,0,0.9494,,0.850,0,
4311,11,91,fog-100,1,fog,2800.0,0.0000,0.0000,66,153.800,1.0000,0,0.9475,,0.850,0,
4312,11,91,fog-100,1,fog,2900.0,0.0000,0.0000,12,151.100,1.0000,0,0.9456,,0.850,0,
4313,11,91,fog-100,1,fog,3000.0,0.0000,0.0000,26,151.800,1.0000,0,0.9438,,0.850,0,
4314,11,91,fog-100,1,fog,3100.0,0.0000,0.0000,30,152.000,1.0000,0,0.9419,,0.850,0,
4315,11,91,fog-100,1,fog,3200.0,0.0000,0.0000,24,151.700,1.0000,0,0.9400,,0.850,0,
4316,11,91,fog-100,1,fog,3300.0,0.0000,0.0000,60,153.500,1.0000,0,0.9381,,0.850,0,
4317,11,91,fog-100,1,fog,3400.0,0.0000,0.0000,26,151.800,1.0000,0,0.9363,,0.850,0,
4318,11,91,fog-100,1,fog,3500.0,0.0000,0.0000,42,152.600,1.0000,0,0.9344,,0.850,0,
4319,11,91,fog-100,1,fog,3600.0,0.0000,0.0000,28,151.900,1.0000,0,0.9325,,0.850,0,
4320,11,91,fog-100,1,fog,3700.0,0.0000,0.0000,32,152.100,1.0000,0,0.9306,,0.850,0,
4321,11,91,fog-100,1,fog,3800.0,0.0000,0.0000,54,153.200,1.0000,0,0.9288,,0.850,0,
4322,11,91,fog-100,1,fog,3900.0,0.0000,0.0000,54,153.200,1.0000,0,0.9269,,0.850,0,
4323,11,91,fog-100,1,fog,4000.0,0.0000,0.0000,84,154.700,1.0000,0,0.9250,,0.850,0,
4324,11,91,fog-100,1,fog,4100.0,0.0000,0.0000,50,153.000,1.0000,0,0.9231,,0.850,0,
4325,11,91,fog-100,1,fog,4200.0,0.0000,0.0000,64,153.700,1.0000,0,0.9213,,0.850,0,
4326,11,91,fog-100,1,fog,4300.0,0.0000,0.0000,66,153.800,1.0000,0,0.9194,,0.850,0,
4327,11,91,fog-100,1,fog,4400.0,0.0000,0.0000,58,153.400,1.0000,0,0.9175,,0.850,0,
4328,11,91,fog-100,1,fog,4500.0,0.0000,0.0000,44,152.700,1.0000,0,0.9156,,0.850,0,
4329,11,91,fog-100,1,fog,4600.0,0.0000,0.0000,60,153.500,1.0000,0,0.9138,,0.850,0,
4330,11,91,fog-100,1,fog,4700.0,0.0000,0.0000,34,152.200,1.0000,0,0.9119,,0.850,0,
4331,11,91,fog-100,1,fog,4800.0,0.0000,0.0000,38,152.400,1.0000,0,0.9100,,0.850,0,
4332,11,91,fog-100,1,fog,4900.0,0.0000,0.0000,48,152.900,1.0000,0,0.9081,,0.850,0,
4333,11,91,fog-100,1,fog,5000.0,0.0000,0.0000,34,152.200,1.0000,0,0.9063,,0.850,0,
4334,11,92,fog-101,1,fog,0.0,0.0000,0.0000,0,150.000,,0,1.0000,,0.850,0,
4335,11,92,fog-101,1,fog,100.0,0.0000,0.0000,2,150.200,,0,0.9981,,0.850,0,
4336,11,92,fog-101,1,fog,200.0,0.0000,0.0000,5,150.500,0.0000,0,0.9963,,0.850,0,
4337,11,92,fog-101,1,fog,300.0,0.0000,0.0000,5,150.500,0.0000,0,0.9944,,0.850,0,
4338,11,92,fog-101,1,fog,400.0,0.0000,0.0000,5,150.500,0.0000,0,0.9925,,0.850,0,
4339,11,92,fog-101,1,fog,500.0,0.0000,0.0000,0,150.000,,0,0.9906,,0.850,0,
4340,11,92,fog-101,1,fog,600.0,0.0000,0.0000,0,150.000,,0,0.9888,,0.850,0,
4341,11,92,fog-101,1,fog,700.0,0.0000,0.0000,0,150.000,,0,0.9869,,0.850,0,
4342,11,92,fog-101,1,fog,800.0,0.0000,0.0000,0,150.000,,0,0.9850,,0.850,0,
4343,11,92,fog-101,1,fog,900.0,0.0000,0.0000,0,150.000,,0,0.9831,,0.850,0,
4344,11,92,fog-101,1,fog,1000.0,0.0000,0.0000,0,150.000,,0,0.9813,,0.850,0,
4345,11,92,fog-101,1,fog,1100.0,0.0000,0.0000,0,150.000,,0,0.9794,,0.850,0,
4346,11,92,fog-101,1,fog,1200.0,0.0000,0.0000,0,150.000,,0,0.9775,,0.850,0,
4347,11,92,fog-101,1,fog,1300.0,0.0000,0.0000,4,150.400,0.3536,0,0.9756,,0.850,0,
4348,11,92,fog-101,1,fog,1400.0,0.0000,0.0000,5,150.500,0.0000,0,0.9738,,0.850,0,
4349,11,92,fog-101,1,fog,1500.0,0.0000,0.0000,1,150.100,,0,0.9719,,0.850,0,
4350,11,92,fog-101,1,fog,1600.0,0.0000,0.0000,5,150.500,0.0000,0,0.9700,,0.850,0,
4351,11,92,fog-101,1,fog,1700.0,0.0000,0.0000,5,150.500,0.0000,0,0.9681,,0.850,0,
4352,11,92,fog-101,1,fog,1800.0,0.0000,0.0000,4,150.400,0.3536,0,0.9663,,0.850,0,
4353,11,92,fog-101,1,fog,1900.0,0.0000,0.0000,5,150.500,0.0000,0,0.9644,,0.850,0,
4354,11,92,fog-101,1,fog,2000.0,0.0000,0.0000,0,150.000,,0,0.9625,,0.850,0,
4355,11,92,fog-101,1,fog,2100.0,0.0000,0.0000,0,150.000,,0,0.9606,,0.850,0,
4356,11,92,fog-101,1,fog,2200.0,0.0000,0.0000,0,150.000,,0,0.9588,,0.850,0,
4357,11,92,fog-101,1,fog,2300.0,0.0000,0.0000,0,150.000,,0,0.9569,,0.850,0,
4358,11,92,fog-101,1,fog,2400.0,0.0000,0.0000,0,150.000,,0,0.9550,,0.850,0,
4359,11,92,fog-101,1,fog,2500.0,0.0000,0.0000,0,150.000,,0,0.9531,,0.850,0,
4360,11,92,fog-101,1,fog,2600.0,0.0000,0.0000,0,150.000,,0,0.9513,,0.850,0,
4361,11,92,fog-101,1,fog,2700.0,0.0000,0.0000,0,150.000,,0,0.9494,,0.850,0,
4362,11,92,fog-101,1,fog,2800.0,0.0000,0.0000,0,150.000,,0,0.9475,,0.850,0,
4363,11,92,fog-101,1,fog,2900.0,0.0000,0.0000,0,150.000,,0,0.9456,,0.850,0,
4364,11,92,fog-101,1,fog,3000.0,0.0000,0.0000,0,150.000,,0,0.9438,,0.850,0,
4365,11,92,fog-101,1,fog,3100.0,0.0000,0.0000,5,150.500,0.0000,0,0.9419,,0.850,0,
4366,11,92,fog-101,1,fog,3200.0,0.0000,0.0000,5,150.500,0.0000,0,0.9400,,0.850,0,
4367,11,92,fog-101,1,fog,3300.0,0.0000,0.0000,4,150.400,0.3536,0,0.9381,,0.850,0,
4368,11,92,fog-101,1,fog,3400.0,0.0000,0.0000,5,150.500,0.0000,0,0.9363,,0.850,0,
4369,11,92,fog-101,1,fog,3500.0,0.0000,0.0000,3,150.300,0.3333,0,0.9344,,0.850,0,
4370,11,92,fog-101,1,fog,3600.0,0.0000,0.0000,5,150.500,0.0000,0,0.9325,,0.850,0,
4371,11,92,fog-101,1,fog,3700.0,0.0000,0.0000,5,150.500,0.0000,0,0.9306,,0.850,0,
4372,11,92,fog-101,1,fog,3800.0,0.0000,0.0000,0,150.000,,0,0.9288,,0.850,0,
4373,11,92,fog-101,1,fog,3900.0,0.0000,0.0000,0,150.000,,0,0.9269,,0.850,0,
4374,11,92,fog-101,1,fog,4000.0,0.0000,0.0000,0,150.000,,0,0.9250,,0.850,0,
4375,11,92,fog-101,1,fog,4100.0,0.0000,0.0000,0,150.000,,0,0.9231,,0.850,0,
4376,11,92,fog-101,1,fog,4200.0,0.0000,0.0000,0,150.000,,0,0.9213,,0.850,0,
4377,11,92,fog-101,1,fog,4300.0,0.0000,0.0000,0,150.000,,0,0.9194,,0.850,0,
4378,11,92,fog-101,1,fog,4400.0,0.0000,0.0000,0,150.000,,0,0.9175,,0.850,0,
4379,11,92,fog-101,1,fog,4500.0,0.0000,0.0000,0,150.000,,0,0.9156,,0.850,0,
4380,11,92,fog-101,1,fog,4600.0,0.0000,0.0000,0,150.000,,0,0.9138,,0.850,0,
4381,11,92,fog-101,1,fog,4700.0,0.0000,0.0000,5,150.500,0.0000,0,0.9119,,0.850,0,
4382,11,92,fog-101,1,fog,4800.0,0.0000,0.0000,5,150.500,0.0000,0,0.9100,,0.850,0,
4383,11,92,fog-101,1,fog,4900.0,0.0000,0.0000,5,150.500,0.0000,0,0.9081,,0.850,0,
4384,11,92,fog-101,1,fog,5000.0,0.0000,0.0000,5,150.500,0.0000,0,0.9063,,0.850,0,
4385,11,93,fog-102,1,fog,0.0,0.0000,0.0000,0,150.000,,0,1.0000,,0.850,0,
4386,11,93,fog-102,1,fog,100.0,0.0000,0.0000,0,150.000,,0,0.9981,,0.850,0,
4387,11,93,fog-102,1,fog,200.0,0.0000,0.0000,0,150.000,,0,0.9963,,0.850,0,
4388,11,93,fog-102,1,fog,300.0,0.0000,0.0000,0,150.000,,0,0.9944,,0.850,0,
4389,11,93,fog-102,1,fog,400.0,0.0000,0.0000,0,150.000,,0,0.9925,,0.850,0,
4390,11,93,fog-102,1,fog,500.0,0.0000,0.0000,0,150.000,,0,0.9906,,0.850,0,
4391,11,93,fog-102,1,fog,600.0,0.0000,0.0000,0,150.000,,0,0.9888,,0.850,0,
4392,11,93,fog-102,1,fog,700.0,0.0000,0.0000,0,150.000,,0,0.9869,,0.850,0,
4393,11,93,fog-102,1,fog,800.0,0.0000,0.0000,0,150.000,,0,0.9850,,0.850,0,
4394,11,93,fog-102,1,fog,900.0,0.0000,0.0000,0,150.000,,0,0.9831,,0.850,0,
4395,11,93,fog-102,1,fog,1000.0,0.0000,0.0000,0,150.000,,0,0.9813,,0.850,0,
4396,11,93,fog-102,1,fog,1100.0,0.0000,0.0000,0,150.000,,0,0.9794,,0.850,0,
4397,11,93,fog-102,1,fog,1200.0,0.0000,0.0000,0,150.000,,0,0.9775,,0.850,0,
4398,11,93,fog-102,1,fog,1300.0,0.0000,0.0000,0,150.000,,0,0.9756,,0.850,0,
4399,11,93,fog-102,1,fog,1400.0,0.0000,0.0000,0,150.000,,0,0.9738,,0.850,0,
4400,11,93,fog-102,1,fog,1500.0,0.0000,0.0000,0,150.000,,0,0.9719,,0.850,0,
4401,11,93,fog-102,1,fog,1600.0,0.0000,0.0000,0,150.000,,0,0.9700,,0.850,0,
4402,11,93,fog-102,1,fog,1700.0,0.0000,0.0000,0,150.000,,0,0.9681,,0.850,0,
4403,11,93,fog-102,1,fog,1800.0,0.0000,0.0000,0,150.000,,0,0.9663,,0.850,0,
4404,11,93,fog-102,1,fog,1900.0,0.0000,0.0000,0,150.000,,0,0.9644,,0.850,0,
4405,11,93,fog-102,1,fog,2000.0,0.0000,0.0000,0,150.000,,0,0.9625,,0.850,0,
4406,11,93,fog-102,1,fog,2100.0,0.0000,0.0000,0,150.000,,0,0.9606,,0.850,0,
4407,11,93,fog-102,1,fog,2200.0,0.0000,0.0000,0,150.000,,0,0.9588,,0.850,0,
4408,11,93,fog-102,1,fog,2300.0,0.0000,0.0000,0,150.000,,0,0.9569,,0.850,0,
4409,11,93,fog-102,1,fog,2400.0,0.0000,0.0000,0,150.000,,0,0.9550,,0.850,0,
4410,11,93,fog-102,1,fog,2500.0,0.0000,0.0000,0,150.000,,0,0.9531,,0.850,0,
4411,11,93,fog-102,1,fog,2600.0,0.0000,0.0000,0,150.000,,0,0.9513,,0.850,0,
4412,11,93,fog-102,1,fog,2700.0,0.0000,0.0000,0,150.000,,0,0.9494,,0.850,0,
4413,11,93,fog-102,1,fog,2800.0,0.0000,0.0000,0,150.000,,0,0.9475,,0.850,0,
4414,11,93,fog-102,1,fog,2900.0,0.0000,0.0000,0,150.000,,0,0.9456,,0.850,0,
4415,11,93,fog-102,1,fog,3000.0,0.0000,0.0000,0,150.000,,0,0.9438,,0.850,0,
4416,11,93,fog-102,1,fog,3100.0,0.0000,0.0000,0,150.000,,0,0.9419,,0.850,0,
4417,11,93,fog-102,1,fog,3200.0,0.0000,0.0000,0,150.000,,0,0.9400,,0.850,0,
4418,11,93,fog-102,1,fog,3300.0,0.0000,0.0000,0,150.000,,0,0.9381,,0.850,0,
4419,11,93,fog-102,1,fog,3400.0,0.0000,0.0000,0,150.000,,0,0.9363,,0.850,0,
4420,11,93,fog-102,1,fog,3500.0,0.0000,0.0000,0,150.000,,0,0.9344,,0.850,0,
4421,11,93,fog-102,1,fog,3600.0,0.0000,0.0000,0,150.000,,0,0.9325,,0.850,0,
4422,11,93,fog-102,1,fog,3700.0,0.0000,0.0000,0,150.000,,0,0.9306,,0.850,0,
4423,11,93,fog-102,1,fog,3800.0,0.0000,0.0000,0,150.000,,0,0.9288,,0.850,0,
4424,11,93,fog-102,1,fog,3900.0,0.0000,0.0000,0,150.000,,0,0.9269,,0.850,0,
4425,11,93,fog-102,1,fog,4000.0,0.0000,0.0000,0,150.000,,0,0.9250,,0.850,0,
4426,11,93,fog-102,1,fog,4100.0,0.0000,0.0000,0,150.000,,0,0.9231,,0.850,0,
4427,11,93,fog-102,1,fog,4200.0,0.0000,0.0000,0,150.000,,0,0.9213,,0.850,0,
4428,11,93,fog-102,1,fog,4300.0,0.0000,0.0000,0,150.000,,0,0.9194,,0.850,0,
4429,11,93,fog-102,1,fog,4400.0,0.0000,0.0000,0,150.000,,0,0.9175,,0.850,0,
4430,11,93,fog-102,1,fog,4500.0,0.0000,0.0000,0,150.000,,0,0.9156,,0.850,0,
4431,11,93,fog-102,1,fog,4600.0,0.0000,0.0000,0,150.000,,0,0.9138,,0.850,0,
4432,11,93,fog-102,1,fog,4700.0,0.0000,0.0000,0,150.000,,0,0.9119,,0.850,0,
4433,11,93,fog-102,1,fog,4800.0,0.0000,0.0000,0,150.000,,0,0.9100,,0.850,0,
4434,11,93,fog-102,1,fog,4900.0,0.0000,0.0000,0,150.000,,0,0.9081,,0.850,0,
4435,11,93,fog-102,1,fog,5000.0,0.0000,0.0000,0,150.000,,0,0.9063,,0.850,0,
4436,11,94,fog-103,1,fog,0.0,0.0000,0.0000,0,150.000,,0,1.0000,,0.850,0,
4437,11,94,fog-103,1,fog,100.0,0.0000,0.0000,0,150.000,,0,0.9981,,0.850,0,
4438,11,94,fog-103,1,fog,200.0,0.0000,0.0000,0,150.000,,0,0.9963,,0.850,0,
4439,11,94,fog-103,1,fog,300.0,0.0000,0.0000,0,150.000,,0,0.9944,,0.850,0,
4440,11,94,fog-103,1,fog,400.0,0.0000,0.0000,0,150.000,,0,0.9925,,0.850,0,
4441,11,94,fog-103,1,fog,500.0,0.0000,0.0000,0,150.000,,0,0.9906,,0.850,0,
4442,11,94,fog-103,1,fog,600.0,0.0000,0.0000,0,150.000,,0,0.9888,,0.850,0,
4443,11,94,fog-103,1,fog,700.0,0.0000,0.0000,0,150.000,,0,0.9869,,0.850,0,
4444,11,94,fog-103,1,fog,800.0,0.0000,0.0000,0,150.000,,0,0.9850,,0.850,0,
4445,11,94,fog-103,1,fog,900.0,0.0000,0.0000,0,150.000,,0,0.9831,,0.850,0,
4446,11,94,fog-103,1,fog,1000.0,0.0000,0.0000,0,150.000,,0,0.9813,,0.850,0,
4447,11,94,fog-103,1,fog,1100.0,0.0000,0.0000,0,150.000,,0,0.9794,,0.850,0,
4448,11,94,fog-103,1,fog,1200.0,0.0000,0.0000,0,150.000,,0,0.9775,,0.850,0,
4449,11,94,fog-103,1,fog,1300.0,0.0000,0.0000,0,150.000,,0,0.9756,,0.850,0,
4450,11,94,fog-103,1,fog,1400.0,0.0000,0.0000,0,150.000,,0,0.9738,,0.850,0,
4451,11,94,fog-103,1,fog,1500.0,0.0000,0.0000,0,150.000,,0,0.9719,,0.850,0,
4452,11,94,fog-103,1,fog,1600.0,0.0000,0.0000,0,150.000,,0,0.9700,,0.850,0,
4453,11,94,fog-103,1,fog,1700.0,0.0000,0.0000,0,150.000,,0,0.9681,,0.850,0,
4454,11,94,fog-103,1,fog,1800.0,0.0000,0.0000,0,150.000,,0,0.9663,,0.850,0,
4455,11,94,fog-103,1,fog,1900.0,0.0000,0.0000,0,150.000,,0,0.9644,,0.850,0,
4456,11,94,fog-103,1,fog,2000.0,0.0000,0.0000,0,150.000,,0,0.9625,,0.850,0,
4457,11,94,fog-103,1,fog,2100.0,0.0000,0.0000,0,150.000,,0,0.9606,,0.850,0,
4458,11,94,fog-103,1,fog,2200.0,0.0000,0.0000,0,150.000,,0,0.9588,,0.850,0,
4459,11,94,fog-103,1,fog,2300.0,0.0000,0.0000,0,150.000,,0,0.9569,,0.850,0,
4460,11,94,fog-103,1,fog,2400.0,0.0000,0.0000,0,150.000,,0,0.9550,,0.850,0,
4461,11,94,fog-103,1,fog,2500.0,0.0000,0.0000,0,150.000,,0,0.9531,,0.850,0,
4462,11,94,fog-103,1,fog,2600.0,0.0000,0.0000,0,150.000,,0,0.9513,,0.850,0,
4463,11,94,fog-103,1,fog,2700.0,0.0000,0.0000,0,150.000,,0,0.9494,,0.850,0,
4464,11,94,fog-103,1,fog,2800.0,0.0000,0.0000,0,150.000,,0,0.9475,,0.850,0,
4465,11,94,fog-103,1,fog,2900.0,0.0000,0.0000,0,150.000,,0,0.9456,,0.850,0,
4466,11,94,fog-103,1,fog,3000.0,0.0000,0.0000,0,150.000,,0,0.9438,,0.850,0,
4467,11,94,fog-103,1,fog,3100.0,0.0000,0.0000,0,150.000,,0,0.9419,,0.850,0,
4468,11,94,fog-103,1,fog,3200.0,0.0000,0.0000,0,150.000,,0,0.9400,,0.850,0,
4469,11,94,fog-103,1,fog,3300.0,0.0000,0.0000,0,150.000,,0,0.9381,,0.850,0,
4470,11,94,fog-103,1,fog,3400.0,0.0000,0.0000,0,150.000,,0,0.9363,,0.850,0,
4471,11,94,fog-103,1,fog,3500.0,0.0000,0.0000,0,150.000,,0,0.9344,,0.850,0,
4472,11,94,fog-103,1,fog,3600.0,0.0000,0.0000,0,150.000,,0,0.9325,,0.850,0,
4473,11,94,fog-103,1,fog,3700.0,0.0000,0.0000,0,150.000,,0,0.9306,,0.850,0,
4474,11,94,fog-103,1,fog,3800.0,0.0000,0.0000,0,150.000,,0,0.9288,,0.850,0,
4475,11,94,fog-103,1,fog,3900.0,0.0000,0.0000,0,150.000,,0,0.9269,,0.850,0,
4476,11,94,fog-103,1,fog,4000.0,0.0000,0.0000,0,150.000,,0,0.9250,,0.850,0,
4477,11,94,fog-103,1,fog,4100.0,0.0000,0.0000,0,150.000,,0,0.9231,,0.850,0,
4478,11,94,fog-103,1,fog,4200.0,0.0000,0.0000,0,150.000,,0,0.9213,,0.850,0,
4479,11,94,fog-103,1,fog,4300.0,0.0000,0.0000,0,150.000,,0,0.9194,,0.850,0,
4480,11,94,fog-103,1,fog,4400.0,0.0000,0.0000,0,150.000,,0,0.9175,,0.850,0,
4481,11,94,fog-103,1,fog,4500.0,0.0000,0.0000,0,150.000,,0,0.9156,,0.850,0,
4482,11,94,fog-103,1,fog,4600.0,0.0000,0.0000,0,150.000,,0,0.9138,,0.850,0,
4483,11,94,fog-103,1,fog,4700.0,0.0000,0.0000,0,150.000,,0,0.9119,,0.850,0,
4484,11,94,fog-103,1,fog,4800.0,0.0000,0.0000,0,150.000,,0,0.9100,,0.850,0,
4485,11,94,fog-103,1,fog,4900.0,0.0000,0.0000,0,150.000,,0,0.9081,,0.850,0,
4486,11,94,fog-103,1,fog,5000.0,0.0000,0.0000,0,150.000,,0,0.9063,,0.850,0,
4487,11,95,fog-104,1,fog,0.0,0.0000,0.0000,0,150.000,,0,1.0000,,0.850,0,3977.3
4488,11,95,fog-104,1,fog,100.0,0.0000,0.0000,0,150.000,,0,0.9981,,0.850,0,3977.3
4489,11,95,fog-104,1,fog,200.0,0.0000,0.0000,0,150.000,,0,0.9963,,0.850,0,3977.3
4490,11,95,fog-104,1,fog,300.0,0.0000,0.0000,0,150.000,,0,0.9944,,0.850,0,3977.3
4491,11,95,fog-104,1,fog,400.0,0.0000,0.0000,0,150.000,,0,0.9925,,0.850,0,3977.3
4492,11,95,fog-104,1,fog,500.0,0.0000,0.0000,0,150.000,,0,0.9906,,0.850,0,3977.3
4493,11,95,fog-104,1,fog,600.0,0.0000,0.0000,0,150.000,,0,0.9888,,0.850,0,3977.3
4494,11,95,fog-104,1,fog,700.0,0.0000,0.0000,0,150.000,,0,0.9869,,0.850,0,3977.3
4495,11,95,fog-104,1,fog,800.0,0.0000,0.0000,0,150.000,,0,0.9850,,0.850,0,3977.3
4496,11,95,fog-104,1,fog,900.0,0.0000,0.0000,0,150.000,,0,0.9831,,0.850,0,3977.3
4497,11,95,fog-104,1,fog,1000.0,0.0000,0.0000,0,150.000,,0,0.9813,,0.850,0,3977.3
4498,11,95,fog-104,1,fog,1100.0,0.0000,0.0000,0,150.000,,0,0.9794,,0.850,0,3977.3
4499,11,95,fog-104,1,fog,1200.0,0.0000,0.0000,3,150.300,0.0000,0,0.9775,,0.850,0,3977.3
4500,11,95,fog-104,1,fog,1300.0,0.0000,0.0000,0,150.000,,0,0.9756,,0.850,0,3977.3
4501,11,95,fog-104,1,fog,1400.0,0.0000,0.0000,0,150.000,,0,0.9738,,0.850,0,3977.3
4502,11,95,fog-104,1,fog,1500.0,0.0000,0.0000,0,150.000,,0,0.9719,,0.850,0,3977.3
4503,11,95,fog-104,1,fog,1600.0,0.0000,0.0000,0,150.000,,0,0.9700,,0.850,0,3977.3
4504,11,95,fog-104,1,fog,1700.0,0.0000,0.0000,0,150.000,,0,0.9681,,0.850,0,3977.3
4505,11,95,fog-104,1,fog,1800.0,0.0000,0.0000,0,150.000,,0,0.9663,,0.850,0,3977.3
4506,11,95,fog-104,1,fog,1900.0,0.0000,0.0000,0,150.000,,0,0.9644,,0.850,0,3977.3
4507,11,95,fog-104,1,fog,2000.0,0.0000,0.0000,0,150.000,,0,0.9625,,0.850,0,3977.3
4508,11,95,fog-104,1,fog,2100.0,0.0000,0.0000,0,150.000,,0,0.9606,,0.850,0,3977.3
4509,11,95,fog-104,1,fog,2200.0,0.0000,0.0000,0,150.000,,0,0.9588,,0.850,0,3977.3
4510,11,95,fog-104,1,fog,2300.0,0.0000,0.0000,0,150.000,,0,0.9569,,0.850,0,3977.3
4511,11,95,fog-104,1,fog,2400.0,0.0000,0.0000,0,150.000,,0,0.9550,,0.850,0,3977.3
4512,11,95,fog-104,1,fog,2500.0,0.0000,0.0000,0,150.000,,0,0.9531,,0.850,0,3977.3
4513,11,95,fog-104,1,fog,2600.0,0.0000,0.0000,0,150.000,,0,0.9513,,0.850,0,3977.3
4514,11,95,fog-104,1,fog,2700.0,0.0000,0.0000,0,150.000,,0,0.9494,,0.850,0,3977.3
4515,11,95,fog-104,1,fog,2800.0,0.0000,0.0000,9,150.900,1.0000,0,0.9475,,0.850,0,3977.3
4516,11,95,fog-104,1,fog,2900.0,0.0000,0.0000,0,150.000,,0,0.9456,,0.850,0,3977.3
4517,11,95,fog-104,1,fog,3000.0,0.0000,0.0000,0,150.000,,0,0.9438,,0.850,0,3977.3
4518,11,95,fog-104,1,fog,3100.0,0.0000,0.0000,0,150.000,,0,0.9419,,0.850,0,3977.3
4519,11,95,fog-104,1,fog,3200.0,0.0000,0.0000,2,150.200,,0,0.9400,,0.850,0,3977.3
4520,11,95,fog-104,1,fog,3300.0,0.0000,0.0000,0,150.000,,0,0.9381,,0.850,0,3977.3
4521,11,95,fog-104,1,fog,3400.0,0.0000,0.0000,0,150.000,,0,0.9363,,0.850,0,3977.3
4522,11,95,fog-104,1,fog,3500.0,0.0000,0.0000,0,150.000,,0,0.9344,,0.850,0,3977.3
4523,11,95,fog-104,1,fog,3600.0,0.0000,0.0000,0,150.000,,0,0.9325,,0.850,0,3977.3
4524,11,95,fog-104,1,fog,3700.0,0.0000,0.0000,0,150.000,,0,0.9306,,0.850,0,3977.3
4525,11,95,fog-104,1,fog,3800.0,0.0000,0.0000,0,150.000,,0,0.9288,,0.850,1,3977.3
4526,11,95,fog-104,1,fog,3900.0,0.0000,0.0000,0,150.000,,0,0.9269,,0.850,1,3977.3
4527,11,96,fog-105,1,fog,0.0,0.0000,0.0000,0,150.000,,0,1.0000,,0.850,0,
4528,11,96,fog-105,1,fog,100.0,0.0000,0.0000,0,150.000,,0,0.9981,,0.850,0,
4529,11,96,fog-105,1,fog,200.0,0.0000,0.0000,0,150.000,,0,0.9963,,0.850,0,
4530,11,96,fog-105,1,fog,300.0,0.0000,0.0000,0,150.000,,0,0.9944,,0.850,0,
4531,11,96,fog-105,1,fog,400.0,0.0000,0.0000,0,150.000,,0,0.9925,,0.850,0,
4532,11,96,fog-105,1,fog,500.0,0.0000,0.0000,0,150.000,,0,0.9906,,0.850,0,
4533,11,96,fog-105,1,fog,600.0,0.0000,0.0000,0,150.000,,0,0.9888,,0.850,0,
4534,11,96,fog-105,1,fog,700.0,0.0000,0.0000,0,150.000,,0,0.9869,,0.850,0,
4535,11,96,fog-105,1,fog,800.0,0.0000,0.0000,0,150.000,,0,0.9850,,0.850,0,
4536,11,96,fog-105,1,fog,900.0,0.0000,0.0000,0,150.000,,0,0.9831,,0.850,0,
4537,11,96,fog-105,1,fog,1000.0,0.0000,0.0000,0,150.000,,0,0.9813,,0.850,0,
4538,11,96,fog-105,1,fog,1100.0,0.0000,0.0000,0,150.000,,0,0.9794,,0.850,0,
4539,11,96,fog-105,1,fog,1200.0,0.0000,0.0000,0,150.000,,0,0.9775,,0.850,0,
4540,11,96,fog-105,1,fog,1300.0,0.0000,0.0000,0,150.000,,0,0.9756,,0.850,0,
4541,11,96,fog-105,1,fog,1400.0,0.0000,0.0000,0,150.000,,0,0.9738,,0.850,0,
4542,11,96,fog-105,1,fog,1500.0,0.0000,0.0000,0,150.000,,0,0.9719,,0.850,0,
4543,11,96,fog-105,1,fog,1600.0,0.0000,0.0000,0,150.000,,0,0.9700,,0.850,0,
4544,11,96,fog-105,1,fog,1700.0,0.0000,0.0000,0,150.000,,0,0.9681,,0.850,0,
4545,11,96,fog-105,1,fog,1800.0,0.0000,0.0000,0,150.000,,0,0.9663,,0.850,0,
4546,11,96,fog-105,1,fog,1900.0,0.0000,0.0000,0,150.000,,0,0.9644,,0.850,0,
4547,11,96,fog-105,1,fog,2000.0,0.0000,0.0000,0,150.000,,0,0.9625,,0.850,0,
4548,11,96,fog-105,1,fog,2100.0,0.0000,0.0000,0,150.000,,0,0.9606,,0.850,0,
4549,11,96,fog-105,1,fog,2200.0,0.0000,0.0000,0,150.000,,0,0.9588,,0.850,0,
4550,11,96,fog-105,1,fog,2300.0,0.0000,0.0000,0,150.000,,0,0.9569,,0.850,0,
4551,11,96,fog-105,1,fog,2400.0,0.0000,0.0000,0,150.000,,0,0.9550,,0.850,0,
4552,11,96,fog-105,1,fog,2500.0,0.0000,0.0000,0,150.000,,0,0.9531,,0.850,0,
4553,11,96,fog-105,1,fog,2600.0,0.0000,0.0000,0,150.000,,0,0.9513,,0.850,0,
4554,11,96,fog-105,1,fog,2700.0,0.0000,0.0000,0,150.000,,0,0.9494,,0.850,0,
4555,11,96,fog-105,1,fog,2800.0,0.0000,0.0000,0,150.000,,0,0.9475,,0.850,0,
4556,11,96,fog-105,1,fog,2900.0,0.0000,0.0000,0,150.000,,0,0.9456,,0.850,0,
4557,11,96,fog-105,1,fog,3000.0,0.0000,0.0000,0,150.000,,0,0.9438,,0.850,0,
4558,11,96,fog-105,1,fog,3100.0,0.0000,0.0000,0,150.000,,0,0.9419,,0.850,0,
4559,11,96,fog-105,1,fog,3200.0,0.0000,0.0000,0,150.000,,0,0.9400,,0.850,0,
4560,11,96,fog-105,1,fog,3300.0,0.0000,0.0000,0,150.000,,0,0.9381,,0.850,0,
4561,11,96,fog-105,1,fog,3400.0,0.0000,0.0000,0,150.000,,0,0.9363,,0.850,0,
4562,11,96,fog-105,1,fog,3500.0,0.0000,0.0000,0,150.000,,0,0.9344,,0.850,0,
4563,11,96,fog-105,1,fog,3600.0,0.0000,0.0000,0,150.000,,0,0.9325,,0.850,0,
4564,11,96,fog-105,1,fog,3700.0,0.0000,0.0000,0,150.000,,0,0.9306,,0.850,0,
4565,11,96,fog-105,1,fog,3800.0,0.0000,0.0000,0,150.000,,0,0.9288,,0.850,0,
4566,11,96,fog-105,1,fog,3900.0,0.0000,0.0000,0,150.000,,0,0.9269,,0.850,0,
4567,11,96,fog-105,1,fog,4000.0,0.0000,0.0000,0,150.000,,0,0.9250,,0.850,0,
4568,11,96,fog-105,1,fog,4100.0,0.0000,0.0000,0,150.000,,0,0.9231,,0.850,0,
4569,11,96,fog-105,1,fog,4200.0,0.0000,0.0000,0,150.000,,0,0.9213,,0.850,0,
4570,11,96,fog-105,1,fog,4300.0,0.0000,0.0000,0,150.000,,0,0.9194,,0.850,0,
4571,11,96,fog-105,1,fog,4400.0,0.0000,0.0000,0,150.000,,0,0.9175,,0.850,0,
4572,11,96,fog-105,1,fog,4500.0,0.0000,0.0000,0,150.000,,0,0.9156,,0.850,0,
4573,11,96,fog-105,1,fog,4600.0,0.0000,0.0000,0,150.000,,0,0.9138,,0.850,0,
4574,11,96,fog-105,1,fog,4700.0,0.0000,0.0000,0,150.000,,0,0.9119,,0.850,0,
4575,11,96,fog-105,1,fog,4800.0,0.0000,0.0000,0,150.000,,0,0.9100,,0.850,0,
4576,11,96,fog-105,1,fog,4900.0,0.0000,0.0000,0,150.000,,0,0.9081,,0.850,0,
4577,11,96,fog-105,1,fog,5000.0,0.0000,0.0000,0,150.000,,0,0.9063,,0.850,0,
4578,11,97,fog-106,1,fog,0.0,0.0000,0.0000,0,150.000,,0,1.0000,,0.850,0,
4579,11,97,fog-106,1,fog,100.0,0.0000,0.0000,0,150.000,,0,0.9981,,0.850,0,
4580,11,97,fog-106,1,fog,200.0,0.0000,0.0000,0,150.000,,0,0.9963,,0.850,0,
4581,11,97,fog-106,1,fog,300.0,0.0000,0.0000,0,150.000,,0,0.9944,,0.850,0,
4582,11,97,fog-106,1,fog,400.0,0.0000,0.0000,0,150.000,,0,0.9925,,0.850,0,
4583,11,97,fog-106,1,fog,500.0,0.0000,0.0000,0,150.000,,0,0.9906,,0.850,0,
4584,11,97,fog-106,1,fog,600.0,0.0000,0.0000,0,150.000,,0,0.9888,,0.850,0,
4585,11,97,fog-106,1,fog,700.0,0.0000,0.0000,0,150.000,,0,0.9869,,0.850,0,
4586,11,97,fog-106,1,fog,800.0,0.0000,0.0000,0,150.000,,0,0.9850,,0.850,0,
4587,11,97,fog-106,1,fog,900.0,0.0000,0.0000,0,150.000,,0,0.9831,,0.850,0,
4588,11,97,fog-106,1,fog,1000.0,0.0000,0.0000,0,150.000,,0,0.9813,,0.850,0,
4589,11,97,fog-106,1,fog,1100.0,0.0000,0.0000,0,150.000,,0,0.9794,,0.850,0,
4590,11,97,fog-106,1,fog,1200.0,0.0000,0.0000,0,150.000,,0,0.9775,,0.850,0,
4591,11,97,fog-106,1,fog,1300.0,0.0000,0.0000,0,150.000,,0,0.9756,,0.850,0,
4592,11,97,fog-106,1,fog,1400.0,0.0000,0.0000,0,150.000,,0,0.9738,,0.850,0,
4593,11,97,fog-106,1,fog,1500.0,0.0000,0.0000,0,150.000,,0,0.9719,,0.850,0,
4594,11,97,fog-106,1,fog,1600.0,0.0000,0.0000,0,150.000,,0,0.9700,,0.850,0,
4595,11,97,fog-106,1,fog,1700.0,0.0000,0.0000,0,150.000,,0,0.9681,,0.850,0,
4596,11,97,fog-106,1,fog,1800.0,0.0000,0.0000,0,150.000,,0,0.9663,,0.850,0,
4597,11,97,fog-106,1,fog,1900.0,0.0000,0.0000,0,150.000,,0,0.9644,,0.850,0,
4598,11,97,fog-106,1,fog,2000.0,0.0000,0.0000,0,150.000,,0,0.9625,,0.850,0,
4599,11,97,fog-106,1,fog,2100.0,0.0000,0.0000,0,150.000,,0,0.9606,,0.850,0,
4600,11,97,fog-106,1,fog,2200.0,0.0000,0.0000,0,150.000,,0,0.9588,,0.850,0,
4601,11,97,fog-106,1,fog,2300.0,0.0000,0.0000,0,150.000,,0,0.9569,,0.850,0,
4602,11,97,fog-106,1,fog,2400.0,0.0000,0.0000,0,150.000,,0,0.9550,,0.850,0,
4603,11,97,fog-106,1,fog,2500.0,0.0000,0.0000,0,150.000,,0,0.9531,,0.850,0,
4604,11,97,fog-106,1,fog,2600.0,0.0000,0.0000,0,150.000,,0,0.9513,,0.850,0,
4605,11,97,fog-106,1,fog,2700.0,0.0000,0.0000,0,150.000,,0,0.9494,,0.850,0,
4606,11,97,fog-106,1,fog,2800.0,0.0000,0.0000,0,150.000,,0,0.9475,,0.850,0,
4607,11,97,fog-106,1,fog,2900.0,0.0000,0.0000,0,150.000,,0,0.9456,,0.850,0,
4608,11,97,fog-106,1,fog,3000.0,0.0000,0.0000,0,150.000,,0,0.9438,,0.850,0,
4609,11,97,fog-106,1,fog,3100.0,0.0000,0.0000,0,150.000,,0,0.9419,,0.850,0,
4610,11,97,fog-106,1,fog,3200.0,0.0000,0.0000,0,150.000,,0,0.9400,,0.850,0,
4611,11,97,fog-106,1,fog,3300.0,0.0000,0.0000,0,150.000,,0,0.9381,,0.850,0,
4612,11,97,fog-106,1,fog,3400.0,0.0000,0.0000,0,150.000,,0,0.9363,,0.850,0,
4613,11,97,fog-106,1,fog,3500.0,0.0000,0.0000,0,150.000,,0,0.9344,,0.850,0,
4614,11,97,fog-106,1,fog,3600.0,0.0000,0.0000,0,150.000,,0,0.9325,,0.850,0,
4615,11,97,fog-106,1,fog,3700.0,0.0000,0.0000,0,150.000,,0,0.9306,,0.850,0,
4616,11,97,fog-106,1,fog,3800.0,0.0000,0.0000,0,150.000,,0,0.9288,,0.850,0,
4617,11,97,fog-106,1,fog,3900.0,0.0000,0.0000,0,150.000,,0,0.9269,,0.850,0,
4618,11,97,fog-106,1,fog,4000.0,0.0000,0.0000,0,150.000,,0,0.9250,,0.850,0,
4619,11,97,fog-106,1,fog,4100.0,0.0000,0.0000,0,150.000,,0,0.9231,,0.850,0,
4620,11,97,fog-106,1,fog,4200.0,0.0000,0.0000,0,150.000,,0,0.9213,,0.850,0,
4621,11,97,fog-106,1,fog,4300.0,0.0000,0.0000,0,150.000,,0,0.9194,,0.850,0,
4622,11,97,fog-106,1,fog,4400.0,0.0000,0.0000,0,150.000,,0,0.9175,,0.850,0,
4623,11,97,fog-106,1,fog,4500.0,0.0000,0.0000,0,150.000,,0,0.9156,,0.850,0,
4624,11,97,fog-106,1,fog,4600.0,0.0000,0.0000,0,150.000,,0,0.9138,,0.850,0,
4625,11,97,fog-106,1,fog,4700.0,0.0000,0.0000,0,150.000,,0,0.9119,,0.850,0,
4626,11,97,fog-106,1,fog,4800.0,0.0000,0.0000,0,150.000,,0,0.9100,,0.850,0,
4627,11,97,fog-106,1,fog,4900.0,0.0000,0.0000,0,150.000,,0,0.9081,,0.850,0,
4628,11,97,fog-106,1,fog,5000.0,0.0000,0.0000,0,150.000,,0,0.9063,,0.850,0,
4629,11,98,fog-107,1,fog,0.0,0.0000,0.0000,0,150.000,,0,1.0000,,0.850,0,
4630,11,98,fog-107,1,fog,100.0,0.0000,0.0000,0,150.000,,0,0.9981,,0.850,0,
4631,11,98,fog-107,1,fog,200.0,0.0000,0.0000,0,150.000,,0,0.9963,,0.850,0,
4632,11,98,fog-107,1,fog,300.0,0.0000,0.0000,0,150.000,,0,0.9944,,0.850,0,
4633,11,98,fog-107,1,fog,400.0,0.0000,0.0000,0,150.000,,0,0.9925,,0.850,0,
4634,11,98,fog-107,1,fog,500.0,0.0000,0.0000,0,150.000,,0,0.9906,,0.850,0,
4635,11,98,fog-107,1,fog,600.0,0.0000,0.0000,0,150.000,,0,0.9888,,0.850,0,
4636,11,98,fog-107,1,fog,700.0,0.0000,0.0000,0,150.000,,0,0.9869,,0.850,0,
4637,11,98,fog-107,1,fog,800.0,0.0000,0.0000,0,150.000,,0,0.9850,,0.850,0,
4638,11,98,fog-107,1,fog,900.0,0.0000,0.0000,0,150.000,,0,0.9831,,0.850,0,
4639,11,98,fog-107,1,fog,1000.0,0.0000,0.0000,0,150.000,,0,0.9813,,0.850,0,
4640,11,98,fog-107,1,fog,1100.0,0.0000,0.0000,0,150.000,,0,0.9794,,0.850,0,
4641,11,98,fog-107,1,fog,1200.0,0.0000,0.0000,0,150.000,,0,0.9775,,0.850,0,
4642,11,98,fog-107,1,fog,1300.0,0.0000,0.0000,0,150.000,,0,0.9756,,0.850,0,
4643,11,98,fog-107,1,fog,1400.0,0.0000,0.0000,0,150.000,,0,0.9738,,0.850,0,
4644,11,98,fog-107,1,fog,1500.0,0.0000,0.0000,0,150.000,,0,0.9719,,0.850,0,
4645,11,98,fog-107,1,fog,1600.0,0.0000,0.0000,0,150.000,,0,0.9700,,0.850,0,
4646,11,98,fog-107,1,fog,1700.0,0.0000,0.0000,0,150.000,,0,0.9681,,0.850,0,
4647,11,98,fog-107,1,fog,1800.0,0.0000,0.0000,0,150.000,,0,0.9663,,0.850,0,
4648,11,98,fog-107,1,fog,1900.0,0.0000,0.0000,0,150.000,,0,0.9644,,0.850,0,
4649,11,98,fog-107,1,fog,2000.0,0.0000,0.0000,0,150.000,,0,0.9625,,0.850,0,
4650,11,98,fog-107,1,fog,2100.0,0.0000,0.0000,0,150.000,,0,0.9606,,0.850,0,
4651,11,98,fog-107,1,fog,2200.0,0.0000,0.0000,0,150.000,,0,0.9588,,0.850,0,
4652,11,98,fog-107,1,fog,2300.0,0.0000,0.0000,0,150.000,,0,0.9569,,0.850,0,
4653,11,98,fog-107,1,fog,2400.0,0.0000,0.0000,0,150.000,,0,0.9550,,0.850,0,
4654,11,98,fog-107,1,fog,2500.0,0.0000,0.0000,0,150.000,,0,0.9531,,0.850,0,
4655,11,98,fog-107,1,fog,2600.0,0.0000,0.0000,0,150.000,,0,0.9513,,0.850,0,
4656,11,98,fog-107,1,fog,2700.0,0.0000,0.0000,0,150.000,,0,0.9494,,0.850,0,
4657,11,98,fog-107,1,fog,2800.0,0.0000,0.0000,0,150.000,,0,0.9475,,0.850,0,
4658,11,98,fog-107,1,fog,2900.0,0.0000,0.0000,0,150.000,,0,0.9456,,0.850,0,
4659,11,98,fog-107,1,fog,3000.0,0.0000,0.0000,0,150.000,,0,0.9438,,0.850,0,
4660,11,98,fog-107,1,fog,3100.0,0.0000,0.0000,0,150.000,,0,0.9419,,0.850,0,
4661,11,98,fog-107,1,fog,3200.0,0.0000,0.0000,0,150.000,,0,0.9400,,0.850,0,
4662,11,98,fog-107,1,fog,3300.0,0.0000,0.0000,0,150.000,,0,0.9381,,0.850,0,
4663,11,98,fog-107,1,fog,3400.0,0.0000,0.0000,0,150.000,,0,0.9363,,0.850,0,
4664,11,98,fog-107,1,fog,3500.0,0.0000,0.0000,0,150.000,,0,0.9344,,0.850,0,
4665,11,98,fog-107,1,fog,3600.0,0.0000,0.0000,0,150.000,,0,0.9325,,0.850,0,
4666,11,98,fog-107,1,fog,3700.0,0.0000,0.0000,0,150.000,,0,0.9306,,0.850,0,
4667,11,98,fog-107,1,fog,3800.0,0.0000,0.0000,0,150.000,,0,0.9288,,0.850,0,
4668,11,98,fog-107,1,fog,3900.0,0.0000,0.0000,0,150.000,,0,0.9269,,0.850,0,
4669,11,98,fog-107,1,fog,4000.0,0.0000,0.0000,0,150.000,,0,0.9250,,0.850,0,
4670,11,98,fog-107,1,fog,4100.0,0.0000,0.0000,0,150.000,,0,0.9231,,0.850,0,
4671,11,98,fog-107,1,fog,4200.0,0.0000,0.0000,0,150.000,,0,0.9213,,0.850,0,
4672,11,98,fog-107,1,fog,4300.0,0.0000,0.0000,0,150.000,,0,0.9194,,0.850,0,
4673,11,98,fog-107,1,fog,4400.0,0.0000,0.0000,0,150.000,,0,0.9175,,0.850,0,
4674,11,98,fog-107,1,fog,4500.0,0.0000,0.0000,0,150.000,,0,0.9156,,0.850,0,
4675,11,98,fog-107,1,fog,4600.0,0.0000,0.0000,0,150.000,,0,0.9138,,0.850,0,
4676,11,98,fog-107,1,fog,4700.0,0.0000,0.0000,0,150.000,,0,0.9119,,0.850,0,
4677,11,98,fog-107,1,fog,4800.0,0.0000,0.0000,0,150.000,,0,0.9100,,0.850,0,
4678,11,98,fog-107,1,fog,4900.0,0.0000,0.0000,0,150.000,,0,0.9081,,0.850,0,
4679,11,98,fog-107,1,fog,5000.0,0.0000,0.0000,0,150.000,,0,0.9063,,0.850,0,
4680,11,99,fog-108,1,fog,0.0,0.0000,0.0000,0,150.000,,0,1.0000,,0.850,0,
4681,11,99,fog-108,1,fog,100.0,0.0000,0.0000,0,150.000,,0,0.9981,,0.850,0,
4682,11,99,fog-108,1,fog,200.0,0.0000,0.0000,0,150.000,,0,0.9963,,0.850,0,
4683,11,99,fog-108,1,fog,300.0,0.0000,0.0000,0,150.000,,0,0.9944,,0.850,0,
4684,11,99,fog-108,1,fog,400.0,0.0000,0.0000,0,150.000,,0,0.9925,,0.850,0,
4685,11,99,fog-108,1,fog,500.0,0.0000,0.0000,0,150.000,,0,0.9906,,0.850,0,
4686,11,99,fog-108,1,fog,600.0,0.0000,0.0000,0,150.000,,0,0.9888,,0.850,0,
4687,11,99,fog-108,1,fog,700.0,0.0000,0.0000,0,150.000,,0,0.9869,,0.850,0,
4688,11,99,fog-108,1,fog,800.0,0.0000,0.0000,0,150.000,,0,0.9850,,0.850,0,
4689,11,99,fog-108,1,fog,900.0,0.0000,0.0000,0,150.000,,0,0.9831,,0.850,0,
4690,11,99,fog-108,1,fog,1000.0,0.0000,0.0000,0,150.000,,0,0.9813,,0.850,0,
4691,11,99,fog-108,1,fog,1100.0,0.0000,0.0000,0,150.000,,0,0.9794,,0.850,0,
4692,11,99,fog-108,1,fog,1200.0,0.0000,0.0000,0,150.000,,0,0.9775,,0.850,0,
4693,11,99,fog-108,1,fog,1300.0,0.0000,0.0000,0,150.000,,0,0.9756,,0.850,0,
4694,11,99,fog-108,1,fog,1400.0,0.0000,0.0000,0,150.000,,0,0.9738,,0.850,0,
4695,11,99,fog-108,1,fog,1500.0,0.0000,0.0000,0,150.000,,0,0.9719,,0.850,0,
4696,11,99,fog-108,1,fog,1600.0,0.0000,0.0000,0,150.000,,0,0.9700,,0.850,0,
4697,11,99,fog-108,1,fog,1700.0,0.0000,0.0000,0,150.000,,0,0.9681,,0.850,0,
4698,11,99,fog-108,1,fog,1800.0,0.0000,0.0000,0,150.000,,0,0.9663,,0.850,0,
4699,11,99,fog-108,1,fog,1900.0,0.0000,0.0000,0,150.000,,0,0.9644,,0.850,0,
4700,11,99,fog-108,1,fog,2000.0,0.0000,0.0000,0,150.000,,0,0.9625,,0.850,0,
4701,11,99,fog-108,1,fog,2100.0,0.0000,0.0000,0,150.000,,0,0.9606,,0.850,0,
4702,11,99,fog-108,1,fog,2200.0,0.0000,0.0000,0,150.000,,0,0.9588,,0.850,0,
4703,11,99,fog-108,1,fog,2300.0,0.0000,0.0000,0,150.000,,0,0.9569,,0.850,0,
4704,11,99,fog-108,1,fog,2400.0,0.0000,0.0000,0,150.000,,0,0.9550,,0.850,0,
4705,11,99,fog-108,1,fog,2500.0,0.0000,0.0000,0,150.000,,0,0.9531,,0.850,0,
4706,11,99,fog-108,1,fog,2600.0,0.0000,0.0000,0,150.000,,0,0.9513,,0.850,0,
4707,11,99,fog-108,1,fog,2700.0,0.0000,0.0000,0,150.000,,0,0.9494,,0.850,0,
4708,11,99,fog-108,1,fog,2800.0,0.0000,0.0000,0,150.000,,0,0.9475,,0.850,0,
4709,11,99,fog-108,1,fog,2900.0,0.0000,0.0000,0,150.000,,0,0.9456,,0.850,0,
4710,11,99,fog-108,1,fog,3000.0,0.0000,0.0000,0,150.000,,0,0.9438,,0.850,0,
4711,11,99,fog-108,1,fog,3100.0,0.0000,0.0000,0,150.000,,0,0.9419,,0.850,0,
4712,11,99,fog-108,1,fog,3200.0,0.0000,0.0000,0,150.000,,0,0.9400,,0.850,0,
4713,11,99,fog-108,1,fog,3300.0,0.0000,0.0000,0,150.000,,0,0.9381,,0.850,0,
4714,11,99,fog-108,1,fog,3400.0,0.0000,0.0000,0,150.000,,0,0.9363,,0.850,0,
4715,11,99,fog-108,1,fog,3500.0,0.0000,0.0000,0,150.000,,0,0.9344,,0.850,0,
4716,11,99,fog-108,1,fog,3600.0,0.0000,0.0000,0,150.000,,0,0.9325,,0.850,0,
4717,11,99,fog-108,1,fog,3700.0,0.0000,0.0000,0,150.000,,0,0.9306,,0.850,0,
4718,11,99,fog-108,1,fog,3800.0,0.0000,0.0000,0,150.000,,0,0.9288,,0.850,0,
4719,11,99,fog-108,1,fog,3900.0,0.0000,0.0000,0,150.000,,0,0.9269,,0.850,0,
4720,11,99,fog-108,1,fog,4000.0,0.0000,0.0000,0,150.000,,0,0.9250,,0.850,0,
4721,11,99,fog-108,1,fog,4100.0,0.0000,0.0000,0,150.000,,0,0.9231,,0.850,0,
4722,11,99,fog-108,1,fog,4200.0,0.0000,0.0000,0,150.000,,0,0.9213,,0.850,0,
4723,11,99,fog-108,1,fog,4300.0,0.0000,0.0000,0,150.000,,0,0.9194,,0.850,0,
4724,11,99,fog-108,1,fog,4400.0,0.0000,0.0000,0,150.000,,0,0.9175,,0.850,0,
4725,11,99,fog-108,1,fog,4500.0,0.0000,0.0000,0,150.000,,0,0.9156,,0.850,0,
4726,11,99,fog-108,1,fog,4600.0,0.0000,0.0000,0,150.000,,0,0.9138,,0.850,0,
4727,11,99,fog-108,1,fog,4700.0,0.0000,0.0000,0,150.000,,0,0.9119,,0.850,0,
4728,11,99,fog-108,1,fog,4800.0,0.0000,0.0000,0,150.000,,0,0.9100,,0.850,0,
4729,11,99,fog-108,1,fog,4900.0,0.0000,0.0000,0,150.000,,0,0.9081,,0.850,0,
4730,11,99,fog-108,1,fog,5000.0,0.0000,0.0000,0,150.000,,0,0.9063,,0.850,0,
4731,11,100,fog-109,1,fog,0.0,0.0000,0.0000,0,150.000,,0,1.0000,,0.850,0,
4732,11,100,fog-109,1,fog,100.0,0.0000,0.0000,0,150.000,,0,0.9981,,0.850,0,
4733,11,100,fog-109,1,fog,200.0,0.0000,0.0000,0,150.000,,0,0.9963,,0.850,0,
4734,11,100,fog-109,1,fog,300.0,0.0000,0.0000,0,150.000,,0,0.9944,,0.850,0,
4735,11,100,fog-109,1,fog,400.0,0.0000,0.0000,0,150.000,,0,0.9925,,0.850,0,
4736,11,100,fog-109,1,fog,500.0,0.0000,0.0000,0,150.000,,0,0.9906,,0.850,0,
4737,11,100,fog-109,1,fog,600.0,0.0000,0.0000,0,150.000,,0,0.9888,,0.850,0,
4738,11,100,fog-109,1,fog,700.0,0.0000,0.0000,0,150.000,,0,0.9869,,0.850,0,
4739,11,100,fog-109,1,fog,800.0,0.0000,0.0000,0,150.000,,0,0.9850,,0.850,0,
4740,11,100,fog-109,1,fog,900.0,0.0000,0.0000,0,150.000,,0,0.9831,,0.850,0,
4741,11,100,fog-109,1,fog,1000.0,0.0000,0.0000,0,150.000,,0,0.9813,,0.850,0,
4742,11,100,fog-109,1,fog,1100.0,0.0000,0.0000,0,150.000,,0,0.9794,,0.850,0,
4743,11,100,fog-109,1,fog,1200.0,0.0000,0.0000,0,150.000,,0,0.9775,,0.850,0,
4744,11,100,fog-109,1,fog,1300.0,0.0000,0.0000,0,150.000,,0,0.9756,,0.850,0,
4745,11,100,fog-109,1,fog,1400.0,0.0000,0.0000,0,150.000,,0,0.9738,,0.850,0,
4746,11,100,fog-109,1,fog,1500.0,0.0000,0.0000,0,150.000,,0,0.9719,,0.850,0,
4747,11,100,fog-109,1,fog,1600.0,0.0000,0.0000,0,150.000,,0,0.9700,,0.850,0,
4748,11,100,fog-109,1,fog,1700.0,0.0000,0.0000,0,150.000,,0,0.9681,,0.850,0,
4749,11,100,fog-109,1,fog,1800.0,0.0000,0.0000,0,150.000,,0,0.9663,,0.850,0,
4750,11,100,fog-109,1,fog,1900.0,0.0000,0.0000,0,150.000,,0,0.9644,,0.850,0,
4751,11,100,fog-109,1,fog,2000.0,0.0000,0.0000,0,150.000,,0,0.9625,,0.850,0,
4752,11,100,fog-109,1,fog,2100.0,0.0000,0.0000,0,150.000,,0,0.9606,,0.850,0,
4753,11,100,fog-109,1,fog,2200.0,0.0000,0.0000,0,150.000,,0,0.9588,,0.850,0,
4754,11,100,fog-109,1,fog,2300.0,0.0000,0.0000,0,150.000,,0,0.9569,,0.850,0,
4755,11,100,fog-109,1,fog,2400.0,0.0000,0.0000,0,150.000,,0,0.9550,,0.850,0,
4756,11,100,fog-109,1,fog,2500.0,0.0000,0.0000,0,150.000,,0,0.9531,,0.850,0,
4757,11,100,fog-109,1,fog,2600.0,0.0000,0.0000,0,150.000,,0,0.9513,,0.850,0,
4758,11,100,fog-109,1,fog,2700.0,0.0000,0.0000,0,150.000,,0,0.9494,,0.850,0,
4759,11,100,fog-109,1,fog,2800.0,0.0000,0.0000,0,150.000,,0,0.9475,,0.850,0,
4760,11,100,fog-109,1,fog,2900.0,0.0000,0.0000,0,150.000,,0,0.9456,,0.850,0,
4761,11,100,fog-109,1,fog,3000.0,0.0000,0.0000,0,150.000,,0,0.9438,,0.850,0,
4762,11,100,fog-109,1,fog,3100.0,0.0000,0.0000,0,150.000,,0,0.9419,,0.850,0,
4763,11,100,fog-109,1,fog,3200.0,0.0000,0.0000,0,150.000,,0,0.9400,,0.850,0,
4764,11,100,fog-109,1,fog,3300.0,0.0000,0.0000,0,150.000,,0,0.9381,,0.850,0,
4765,11,100,fog-109,1,fog,3400.0,0.0000,0.0000,0,150.000,,0,0.9363,,0.850,0,
4766,11,100,fog-109,1,fog,3500.0,0.0000,0.0000,0,150.000,,0,0.9344,,0.850,0,
4767,11,100,fog-109,1,fog,3600.0,0.0000,0.0000,0,150.000,,0,0.9325,,0.850,0,
4768,11,100,fog-109,1,fog,3700.0,0.0000,0.0000,0,150.000,,0,0.9306,,0.850,0,
4769,11,100,fog-109,1,fog,3800.0,0.0000,0.0000,0,150.000,,0,0.9288,,0.850,0,
4770,11,100,fog-109,1,fog,3900.0,0.0000,0.0000,0,150.000,,0,0.9269,,0.850,0,
4771,11,100,fog-109,1,fog,4000.0,0.0000,0.0000,0,150.000,,0,0.9250,,0.850,0,
4772,11,100,fog-109,1,fog,4100.0,0.0000,0.0000,0,150.000,,0,0.9231,,0.850,0,
4773,11,100,fog-109,1,fog,4200.0,0.0000,0.0000,0,150.000,,0,0.9213,,0.850,0,
4774,11,100,fog-109,1,fog,4300.0,0.0000,0.0000,0,150.000,,0,0.9194,,0.850,0,
4775,11,100,fog-109,1,fog,4400.0,0.0000,0.0000,0,150.000,,0,0.9175,,0.850,0,
4776,11,100,fog-109,1,fog,4500.0,0.0000,0.0000,0,150.000,,0,0.9156,,0.850,0,
4777,11,100,fog-109,1,fog,4600.0,0.0000,0.0000,0,150.000,,0,0.9138,,0.850,0,
4778,11,100,fog-109,1,fog,4700.0,0.0000,0.0000,0,150.000,,0,0.9119,,0.850,0,
4779,11,100,fog-109,1,fog,4800.0,0.0000,0.0000,0,150.000,,0,0.9100,,0.850,0,
4780,11,100,fog-109,1,fog,4900.0,0.0000,0.0000,0,150.000,,0,0.9081,,0.850,0,
4781,11,100,fog-109,1,fog,5000.0,0.0000,0.0000,0,150.000,,0,0.9063,,0.850,0,
4782,11,101,fog-110,1,fog,0.0,0.0000,0.0000,0,150.000,,0,1.0000,,0.850,0,
4783,11,101,fog-110,1,fog,100.0,0.0000,0.0000,0,150.000,,0,0.9981,,0.850,0,
4784,11,101,fog-110,1,fog,200.0,0.0000,0.0000,0,150.000,,0,0.9963,,0.850,0,
4785,11,101,fog-110,1,fog,300.0,0.0000,0.0000,0,150.000,,0,0.9944,,0.850,0,
4786,11,101,fog-110,1,fog,400.0,0.0000,0.0000,0,150.000,,0,0.9925,,0.850,0,
4787,11,101,fog-110,1,fog,500.0,0.0000,0.0000,0,150.000,,0,0.9906,,0.850,0,
4788,11,101,fog-110,1,fog,600.0,0.0000,0.0000,0,150.000,,0,0.9888,,0.850,0,
4789,11,101,fog-110,1,fog,700.0,0.0000,0.0000,0,150.000,,0,0.9869,,0.850,0,
4790,11,101,fog-110,1,fog,800.0,0.0000,0.0000,0,150.000,,0,0.9850,,0.850,0,
4791,11,101,fog-110,1,fog,900.0,0.0000,0.0000,0,150.000,,0,0.9831,,0.850,0,
4792,11,101,fog-110,1,fog,1000.0,0.0000,0.0000,0,150.000,,0,0.9813,,0.850,0,
4793,11,101,fog-110,1,fog,1100.0,0.0000,0.0000,0,150.000,,0,0.9794,,0.850,0,
4794,11,101,fog-110,1,fog,1200.0,0.0000,0.0000,0,150.000,,0,0.9775,,0.850,0,
4795,11,101,fog-110,1,fog,1300.0,0.0000,0.0000,0,150.000,,0,0.9756,,0.850,0,
4796,11,101,fog-110,1,fog,1400.0,0.0000,0.0000,0,150.000,,0,0.9738,,0.850,0,
4797,11,101,fog-110,1,fog,1500.0,0.0000,0.0000,0,150.000,,0,0.9719,,0.850,0,
4798,11,101,fog-110,1,fog,1600.0,0.0000,0.0000,0,150.000,,0,0.9700,,0.850,0,
4799,11,101,fog-110,1,fog,1700.0,0.0000,0.0000,0,150.000,,0,0.9681,,0.850,0,
4800,11,101,fog-110,1,fog,1800.0,0.0000,0.0000,0,150.000,,0,0.9663,,0.850,0,
4801,11,101,fog-110,1,fog,1900.0,0.0000,0.0000,0,150.000,,0,0.9644,,0.850,0,
4802,11,101,fog-110,1,fog,2000.0,0.0000,0.0000,0,150.000,,0,0.9625,,0.850,0,
4803,11,101,fog-110,1,fog,2100.0,0.0000,0.0000,0,150.000,,0,0.9606,,0.850,0,
4804,11,101,fog-110,1,fog,2200.0,0.0000,0.0000,0,150.000,,0,0.9588,,0.850,0,
4805,11,101,fog-110,1,fog,2300.0,0.0000,0.0000,0,150.000,,0,0.9569,,0.850,0,
4806,11,101,fog-110,1,fog,2400.0,0.0000,0.0000,0,150.000,,0,0.9550,,0.850,0,
4807,11,101,fog-110,1,fog,2500.0,0.0000,0.0000,0,150.000,,0,0.9531,,0.850,0,
4808,11,101,fog-110,1,fog,2600.0,0.0000,0.0000,0,150.000,,0,0.9513,,0.850,0,
4809,11,101,fog-110,1,fog,2700.0,0.0000,0.0000,0,150.000,,0,0.9494,,0.850,0,
4810,11,101,fog-110,1,fog,2800.0,0.0000,0.0000,0,150.000,,0,0.9475,,0.850,0,
4811,11,101,fog-110,1,fog,2900.0,0.0000,0.0000,0,150.000,,0,0.9456,,0.850,0,
4812,11,101,fog-110,1,fog,3000.0,0.0000,0.0000,0,150.000,,0,0.9438,,0.850,0,
4813,11,101,fog-110,1,fog,3100.0,0.0000,0.0000,0,150.000,,0,0.9419,,0.850,0,
4814,11,101,fog-110,1,fog,3200.0,0.0000,0.0000,0,150.000,,0,0.9400,,0.850,0,
4815,11,101,fog-110,1,fog,3300.0,0.0000,0.0000,0,150.000,,0,0.9381,,0.850,0,
4816,11,101,fog-110,1,fog,3400.0,0.0000,0.0000,0,150.000,,0,0.9363,,0.850,0,
4817,11,101,fog-110,1,fog,3500.0,0.0000,0.0000,0,150.000,,0,0.9344,,0.850,0,
4818,11,101,fog-110,1,fog,3600.0,0.0000,0.0000,0,150.000,,0,0.9325,,0.850,0,
4819,11,101,fog-110,1,fog,3700.0,0.0000,0.0000,0,150.000,,0,0.9306,,0.850,0,
4820,11,101,fog-110,1,fog,3800.0,0.0000,0.0000,0,150.000,,0,0.9288,,0.850,0,
4821,11,101,fog-110,1,fog,3900.0,0.0000,0.0000,0,150.000,,0,0.9269,,0.850,0,
4822,11,101,fog-110,1,fog,4000.0,0.0000,0.0000,0,150.000,,0,0.9250,,0.850,0,
4823,11,101,fog-110,1,fog,4100.0,0.0000,0.0000,0,150.000,,0,0.9231,,0.850,0,
4824,11,101,fog-110,1,fog,4200.0,0.0000,0.0000,0,150.000,,0,0.9213,,0.850,0,
4825,11,101,fog-110,1,fog,4300.0,0.0000,0.0000,0,150.000,,0,0.9194,,0.850,0,
4826,11,101,fog-110,1,fog,4400.0,0.0000,0.0000,0,150.000,,0,0.9175,,0.850,0,
4827,11,101,fog-110,1,fog,4500.0,0.0000,0.0000,0,150.000,,0,0.9156,,0.850,0,
4828,11,101,fog-110,1,fog,4600.0,0.0000,0.0000,0,150.000,,0,0.9138,,0.850,0,
4829,11,101,fog-110,1,fog,4700.0,0.0000,0.0000,0,150.000,,0,0.9119,,0.850,0,
4830,11,101,fog-110,1,fog,4800.0,0.0000,0.0000,0,150.000,,0,0.9100,,0.850,0,
4831,11,101,fog-110,1,fog,4900.0,0.0000,0.0000,0,150.000,,0,0.9081,,0.850,0,
4832,11,101,fog-110,1,fog,5000.0,0.0000,0.0000,0,150.000,,0,0.9063,,0.850,0,
4833,11,102,fog-111,1,fog,0.0,0.0000,0.0000,0,150.000,,0,1.0000,,0.850,0,
4834,11,102,fog-111,1,fog,100.0,0.0000,0.0000,0,150.000,,0,0.9981,,0.850,0,
4835,11,102,fog-111,1,fog,200.0,0.0000,0.0000,0,150.000,,0,0.9963,,0.850,0,
4836,11,102,fog-111,1,fog,300.0,0.0000,0.0000,0,150.000,,0,0.9944,,0.850,0,
4837,11,102,fog-111,1,fog,400.0,0.0000,0.0000,0,150.000,,0,0.9925,,0.850,0,
4838,11,102,fog-111,1,fog,500.0,0.0000,0.0000,0,150.000,,0,0.9906,,0.850,0,
4839,11,102,fog-111,1,fog,600.0,0.0000,0.0000,0,150.000,,0,0.9888,,0.850,0,
4840,11,102,fog-111,1,fog,700.0,0.0000,0.0000,0,150.000,,0,0.9869,,0.850,0,
4841,11,102,fog-111,1,fog,800.0,0.0000,0.0000,0,150.000,,0,0.9850,,0.850,0,
4842,11,102,fog-111,1,fog,900.0,0.0000,0.0000,0,150.000,,0,0.9831,,0.850,0,
4843,11,102,fog-111,1,fog,1000.0,0.0000,0.0000,0,150.000,,0,0.9813,,0.850,0,
4844,11,102,fog-111,1,fog,1100.0,0.0000,0.0000,0,150.000,,0,0.9794,,0.850,0,
4845,11,102,fog-111,1,fog,1200.0,0.0000,0.0000,0,150.000,,0,0.9775,,0.850,0,
4846,11,102,fog-111,1,fog,1300.0,0.0000,0.0000,0,150.000,,0,0.9756,,0.850,0,
4847,11,102,fog-111,1,fog,1400.0,0.0000,0.0000,0,150.000,,0,0.9738,,0.850,0,
4848,11,102,fog-111,1,fog,1500.0,0.0000,0.0000,0,150.000,,0,0.9719,,0.850,0,
4849,11,102,fog-111,1,fog,1600.0,0.0000,0.0000,0,150.000,,0,0.9700,,0.850,0,
4850,11,102,fog-111,1,fog,1700.0,0.0000,0.0000,0,150.000,,0,0.9681,,0.850,0,
4851,11,102,fog-111,1,fog,1800.0,0.0000,0.0000,0,150.000,,0,0.9663,,0.850,0,
4852,11,102,fog-111,1,fog,1900.0,0.0000,0.0000,0,150.000,,0,0.9644,,0.850,0,
4853,11,102,fog-111,1,fog,2000.0,0.0000,0.0000,0,150.000,,0,0.9625,,0.850,0,
4854,11,102,fog-111,1,fog,2100.0,0.0000,0.0000,0,150.000,,0,0.9606,,0.850,0,
4855,11,102,fog-111,1,fog,2200.0,0.0000,0.0000,0,150.000,,0,0.9588,,0.850,0,
4856,11,102,fog-111,1,fog,2300.0,0.0000,0.0000,0,150.000,,0,0.9569,,0.850,0,
4857,11,102,fog-111,1,fog,2400.0,0.0000,0.0000,0,150.000,,0,0.9550,,0.850,0,
4858,11,102,fog-111,1,fog,2500.0,0.0000,0.0000,0,150.000,,0,0.9531,,0.850,0,
4859,11,102,fog-111,1,fog,2600.0,0.0000,0.0000,0,150.000,,0,0.9513,,0.850,0,
4860,11,102,fog-111,1,fog,2700.0,0.0000,0.0000,0,150.000,,0,0.9494,,0.850,0,
4861,11,102,fog-111,1,fog,2800.0,0.0000,0.0000,0,150.000,,0,0.9475,,0.850,0,
4862,11,102,fog-111,1,fog,2900.0,0.0000,0.0000,0,150.000,,0,0.9456,,0.850,0,
4863,11,102,fog-111,1,fog,3000.0,0.0000,0.0000,0,150.000,,0,0.9438,,0.850,0,
4864,11,102,fog-111,1,fog,3100.0,0.0000,0.0000,0,150.000,,0,0.9419,,0.850,0,
4865,11,102,fog-111,1,fog,3200.0,0.0000,0.0000,0,150.000,,0,0.9400,,0.850,0,
4866,11,102,fog-111,1,fog,3300.0,0.0000,0.0000,0,150.000,,0,0.9381,,0.850,0,
4867,11,102,fog-111,1,fog,3400.0,0.0000,0.0000,0,150.000,,0,0.9363,,0.850,0,
4868,11,102,fog-111,1,fog,3500.0,0.0000,0.0000,0,150.000,,0,0.9344,,0.850,0,
4869,11,102,fog-111,1,fog,3600.0,0.0000,0.0000,0,150.000,,0,0.9325,,0.850,0,
4870,11,102,fog-111,1,fog,3700.0,0.0000,0.0000,0,150.000,,0,0.9306,,0.850,0,
4871,11,102,fog-111,1,fog,3800.0,0.0000,0.0000,0,150.000,,0,0.9288,,0.850,0,
4872,11,102,fog-111,1,fog,3900.0,0.0000,0.0000,0,150.000,,0,0.9269,,0.850,0,
4873,11,102,fog-111,1,fog,4000.0,0.0000,0.0000,0,150.000,,0,0.9250,,0.850,0,
4874,11,102,fog-111,1,fog,4100.0,0.0000,0.0000,0,150.000,,0,0.9231,,0.850,0,
4875,11,102,fog-111,1,fog,4200.0,0.0000,0.0000,0,150.000,,0,0.9213,,0.850,0,
4876,11,102,fog-111,1,fog,4300.0,0.0000,0.0000,0,150.000,,0,0.9194,,0.850,0,
4877,11,102,fog-111,1,fog,4400.0,0.0000,0.0000,0,150.000,,0,0.9175,,0.850,0,
4878,11,102,fog-111,1,fog,4500.0,0.0000,0.0000,0,150.000,,0,0.9156,,0.850,0,
4879,11,102,fog-111,1,fog,4600.0,0.0000,0.0000,0,150.000,,0,0.9138,,0.850,0,
4880,11,102,fog-111,1,fog,4700.0,0.0000,0.0000,0,150.000,,0,0.9119,,0.850,0,
4881,11,102,fog-111,1,fog,4800.0,0.0000,0.0000,0,150.000,,0,0.9100,,0.850,0,
4882,11,102,fog-111,1,fog,4900.0,0.0000,0.0000,0,150.000,,0,0.9081,,0.850,0,
4883,11,102,fog-111,1,fog,5000.0,0.0000,0.0000,0,150.000,,0,0.9063,,0.850,0,
4884,11,103,fog-112,1,fog,0.0,0.0000,0.0000,0,150.000,,0,1.0000,,0.850,0,
4885,11,103,fog-112,1,fog,100.0,0.0000,0.0000,0,150.000,,0,0.9981,,0.850,0,
4886,11,103,fog-112,1,fog,200.0,0.0000,0.0000,0,150.000,,0,0.9963,,0.850,0,
4887,11,103,fog-112,1,fog,300.0,0.0000,0.0000,0,150.000,,0,0.9944,,0.850,0,
4888,11,103,fog-112,1,fog,400.0,0.0000,0.0000,0,150.000,,0,0.9925,,0.850,0,
4889,11,103,fog-112,1,fog,500.0,0.0000,0.0000,0,150.000,,0,0.9906,,0.850,0,
4890,11,103,fog-112,1,fog,600.0,0.0000,0.0000,0,150.000,,0,0.9888,,0.850,0,
4891,11,103,fog-112,1,fog,700.0,0.0000,0.0000,0,150.000,,0,0.9869,,0.850,0,
4892,11,103,fog-112,1,fog,800.0,0.0000,0.0000,0,150.000,,0,0.9850,,0.850,0,
4893,11,103,fog-112,1,fog,900.0,0.0000,0.0000,0,150.000,,0,0.9831,,0.850,0,
4894,11,103,fog-112,1,fog,1000.0,0.0000,0.0000,0,150.000,,0,0.9813,,0.850,0,
4895,11,103,fog-112,1,fog,1100.0,0.0000,0.0000,0,150.000,,0,0.9794,,0.850,0,
4896,11,103,fog-112,1,fog,1200.0,0.0000,0.0000,0,150.000,,0,0.9775,,0.850,0,
4897,11,103,fog-112,1,fog,1300.0,0.0000,0.0000,0,150.000,,0,0.9756,,0.850,0,
4898,11,103,fog-112,1,fog,1400.0,0.0000,0.0000,0,150.000,,0,0.9738,,0.850,0,
4899,11,103,fog-112,1,fog,1500.0,0.0000,0.0000,0,150.000,,0,0.9719,,0.850,0,
4900,11,103,fog-112,1,fog,1600.0,0.0000,0.0000,0,150.000,,0,0.9700,,0.850,0,
4901,11,103,fog-112,1,fog,1700.0,0.0000,0.0000,0,150.000,,0,0.9681,,0.850,0,
4902,11,103,fog-112,1,fog,1800.0,0.0000,0.0000,0,150.000,,0,0.9663,,0.850,0,
4903,11,103,fog-112,1,fog,1900.0,0.0000,0.0000,0,150.000,,0,0.9644,,0.850,0,
4904,11,103,fog-112,1,fog,2000.0,0.0000,0.0000,0,150.000,,0,0.9625,,0.850,0,
4905,11,103,fog-112,1,fog,2100.0,0.0000,0.0000,0,150.000,,0,0.9606,,0.850,0,
4906,11,103,fog-112,1,fog,2200.0,0.0000,0.0000,0,150.000,,0,0.9588,,0.850,0,
4907,11,103,fog-112,1,fog,2300.0,0.0000,0.0000,0,150.000,,0,0.9569,,0.850,0,
4908,11,103,fog-112,1,fog,2400.0,0.0000,0.0000,0,150.000,,0,0.9550,,0.850,0,
4909,11,103,fog-112,1,fog,2500.0,0.0000,0.0000,0,150.000,,0,0.9531,,0.850,0,
4910,11,103,fog-112,1,fog,2600.0,0.0000,0.0000,0,150.000,,0,0.9513,,0.850,0,
4911,11,103,fog-112,1,fog,2700.0,0.0000,0.0000,0,150.000,,0,0.9494,,0.850,0,
4912,11,103,fog-112,1,fog,2800.0,0.0000,0.0000,0,150.000,,0,0.9475,,0.850,0,
4913,11,103,fog-112,1,fog,2900.0,0.0000,0.0000,0,150.000,,0,0.9456,,0.850,0,
4914,11,103,fog-112,1,fog,3000.0,0.0000,0.0000,0,150.000,,0,0.9438,,0.850,0,
4915,11,103,fog-112,1,fog,3100.0,0.0000,0.0000,0,150.000,,0,0.9419,,0.850,0,
4916,11,103,fog-112,1,fog,3200.0,0.0000,0.0000,0,150.000,,0,0.9400,,0.850,0,
4917,11,103,fog-112,1,fog,3300.0,0.0000,0.0000,0,150.000,,0,0.9381,,0.850,0,
4918,11,103,fog-112,1,fog,3400.0,0.0000,0.0000,0,150.000,,0,0.9363,,0.850,0,
4919,11,103,fog-112,1,fog,3500.0,0.0000,0.0000,0,150.000,,0,0.9344,,0.850,0,
4920,11,103,fog-112,1,fog,3600.0,0.0000,0.0000,0,150.000,,0,0.9325,,0.850,0,
4921,11,103,fog-112,1,fog,3700.0,0.0000,0.0000,0,150.000,,0,0.9306,,0.850,0,
4922,11,103,fog-112,1,fog,3800.0,0.0000,0.0000,0,150.000,,0,0.9288,,0.850,0,
4923,11,103,fog-112,1,fog,3900.0,0.0000,0.0000,0,150.000,,0,0.9269,,0.850,0,
4924,11,103,fog-112,1,fog,4000.0,0.0000,0.0000,0,150.000,,0,0.9250,,0.850,0,
4925,11,103,fog-112,1,fog,4100.0,0.0000,0.0000,0,150.000,,0,0.9231,,0.850,0,
4926,11,103,fog-112,1,fog,4200.0,0.0000,0.0000,0,150.000,,0,0.9213,,0.850,0,
4927,11,103,fog-112,1,fog,4300.0,0.0000,0.0000,0,150.000,,0,0.9194,,0.850,0,
4928,11,103,fog-112,1,fog,4400.0,0.0000,0.0000,0,150.000,,0,0.9175,,0.850,0,
4929,11,103,fog-112,1,fog,4500.0,0.0000,0.0000,0,150.000,,0,0.9156,,0.850,0,
4930,11,103,fog-112,1,fog,4600.0,0.0000,0.0000,0,150.000,,0,0.9138,,0.850,0,
4931,11,103,fog-112,1,fog,4700.0,0.0000,0.0000,0,150.000,,0,0.9119,,0.850,0,
4932,11,103,fog-112,1,fog,4800.0,0.0000,0.0000,0,150.000,,0,0.9100,,0.850,0,
4933,11,103,fog-112,1,fog,4900.0,0.0000,0.0000,0,150.000,,0,0.9081,,0.850,0,
4934,11,103,fog-112,1,fog,5000.0,0.0000,0.0000,0,150.000,,0,0.9063,,0.850,0,
4935,11,104,fog-113,1,fog,0.0,0.0000,0.0000,0,150.000,,0,1.0000,,0.850,0,
4936,11,104,fog-113,1,fog,100.0,0.0000,0.0000,0,150.000,,0,0.9981,,0.850,0,
4937,11,104,fog-113,1,fog,200.0,0.0000,0.0000,0,150.000,,0,0.9963,,0.850,0,
4938,11,104,fog-113,1,fog,300.0,0.0000,0.0000,0,150.000,,0,0.9944,,0.850,0,
4939,11,104,fog-113,1,fog,400.0,0.0000,0.0000,0,150.000,,0,0.9925,,0.850,0,
4940,11,104,fog-113,1,fog,500.0,0.0000,0.0000,0,150.000,,0,0.9906,,0.850,0,
4941,11,104,fog-113,1,fog,600.0,0.0000,0.0000,0,150.000,,0,0.9888,,0.850,0,
4942,11,104,fog-113,1,fog,700.0,0.0000,0.0000,0,150.000,,0,0.9869,,0.850,0,
4943,11,104,fog-113,1,fog,800.0,0.0000,0.0000,0,150.000,,0,0.9850,,0.850,0,
4944,11,104,fog-113,1,fog,900.0,0.0000,0.0000,0,150.000,,0,0.9831,,0.850,0,
4945,11,104,fog-113,1,fog,1000.0,0.0000,0.0000,0,150.000,,0,0.9813,,0.850,0,
4946,11,104,fog-113,1,fog,1100.0,0.0000,0.0000,0,150.000,,0,0.9794,,0.850,0,
4947,11,104,fog-113,1,fog,1200.0,0.0000,0.0000,0,150.000,,0,0.9775,,0.850,0,
4948,11,104,fog-113,1,fog,1300.0,0.0000,0.0000,0,150.000,,0,0.9756,,0.850,0,
4949,11,104,fog-113,1,fog,1400.0,0.0000,0.0000,0,150.000,,0,0.9738,,0.850,0,
4950,11,104,fog-113,1,fog,1500.0,0.0000,0.0000,0,150.000,,0,0.9719,,0.850,0,
4951,11,104,fog-113,1,fog,1600.0,0.0000,0.0000,0,150.000,,0,0.9700,,0.850,0,
4952,11,104,fog-113,1,fog,1700.0,0.0000,0.0000,0,150.000,,0,0.9681,,0.850,0,
4953,11,104,fog-113,1,fog,1800.0,0.0000,0.0000,0,150.000,,0,0.9663,,0.850,0,
4954,11,104,fog-113,1,fog,1900.0,0.0000,0.0000,0,150.000,,0,0.9644,,0.850,0,
4955,11,104,fog-113,1,fog,2000.0,0.0000,0.0000,0,150.000,,0,0.9625,,0.850,0,
4956,11,104,fog-113,1,fog,2100.0,0.0000,0.0000,0,150.000,,0,0.9606,,0.850,0,
4957,11,104,fog-113,1,fog,2200.0,0.0000,0.0000,0,150.000,,0,0.9588,,0.850,0,
4958,11,104,fog-113,1,fog,2300.0,0.0000,0.0000,0,150.000,,0,0.9569,,0.850,0,
4959,11,104,fog-113,1,fog,2400.0,0.0000,0.0000,0,150.000,,0,0.9550,,0.850,0,
4960,11,104,fog-113,1,fog,2500.0,0.0000,0.0000,0,150.000,,0,0.9531,,0.850,0,
4961,11,104,fog-113,1,fog,2600.0,0.0000,0.0000,0,150.000,,0,0.9513,,0.850,0,
4962,11,104,fog-113,1,fog,2700.0,0.0000,0.0000,0,150.000,,0,0.9494,,0.850,0,
4963,11,104,fog-113,1,fog,2800.0,0.0000,0.0000,0,150.000,,0,0.9475,,0.850,0,
4964,11,104,fog-113,1,fog,2900.0,0.0000,0.0000,0,150.000,,0,0.9456,,0.850,0,
4965,11,104,fog-113,1,fog,3000.0,0.0000,0.0000,0,150.000,,0,0.9438,,0.850,0,
4966,11,104,fog-113,1,fog,3100.0,0.0000,0.0000,0,150.000,,0,0.9419,,0.850,0,
4967,11,104,fog-113,1,fog,3200.0,0.0000,0.0000,0,150.000,,0,0.9400,,0.850,0,
4968,11,104,fog-113,1,fog,3300.0,0.0000,0.0000,0,150.000,,0,0.9381,,0.850,0,
4969,11,104,fog-113,1,fog,3400.0,0.0000,0.0000,0,150.000,,0,0.9363,,0.850,0,
4970,11,104,fog-113,1,fog,3500.0,0.0000,0.0000,0,150.000,,0,0.9344,,0.850,0,
4971,11,104,fog-113,1,fog,3600.0,0.0000,0.0000,0,150.000,,0,0.9325,,0.850,0,
4972,11,104,fog-113,1,fog,3700.0,0.0000,0.0000,0,150.000,,0,0.9306,,0.850,0,
4973,11,104,fog-113,1,fog,3800.0,0.0000,0.0000,0,150.000,,0,0.9288,,0.850,0,
4974,11,104,fog-113,1,fog,3900.0,0.0000,0.0000,0,150.000,,0,0.9269,,0.850,0,
4975,11,104,fog-113,1,fog,4000.0,0.0000,0.0000,0,150.000,,0,0.9250,,0.850,0,
4976,11,104,fog-113,1,fog,4100.0,0.0000,0.0000,0,150.000,,0,0.9231,,0.850,0,
4977,11,104,fog-113,1,fog,4200.0,0.0000,0.0000,0,150.000,,0,0.9213,,0.850,0,
4978,11,104,fog-113,1,fog,4300.0,0.0000,0.0000,0,150.000,,0,0.9194,,0.850,0,
4979,11,104,fog-113,1,fog,4400.0,0.0000,0.0000,0,150.000,,0,0.9175,,0.850,0,
4980,11,104,fog-113,1,fog,4500.0,0.0000,0.0000,0,150.000,,0,0.9156,,0.850,0,
4981,11,104,fog-113,1,fog,4600.0,0.0000,0.0000,0,150.000,,0,0.9138,,0.850,0,
4982,11,104,fog-113,1,fog,4700.0,0.0000,0.0000,0,150.000,,0,0.9119,,0.850,0,
4983,11,104,fog-113,1,fog,4800.0,0.0000,0.0000,0,150.000,,0,0.9100,,0.850,0,
4984,11,104,fog-113,1,fog,4900.0,0.0000,0.0000,0,150.000,,0,0.9081,,0.850,0,
4985,11,104,fog-113,1,fog,5000.0,0.0000,0.0000,0,150.000,,0,0.9063,,0.850,0,
4986,11,105,fog-114,1,fog,0.0,0.0000,0.0000,0,150.000,,0,1.0000,,0.850,0,
4987,11,105,fog-114,1,fog,100.0,0.0000,0.0000,0,150.000,,0,0.9981,,0.850,0,
4988,11,105,fog-114,1,fog,200.0,0.0000,0.0000,0,150.000,,0,0.9963,,0.850,0,
4989,11,105,fog-114,1,fog,300.0,0.0000,0.0000,0,150.000,,0,0.9944,,0.850,0,
4990,11,105,fog-114,1,fog,400.0,0.0000,0.0000,0,150.000,,0,0.9925,,0.850,0,
4991,11,105,fog-114,1,fog,500.0,0.0000,0.0000,0,150.000,,0,0.9906,,0.850,0,
4992,11,105,fog-114,1,fog,600.0,0.0000,0.0000,0,150.000,,0,0.9888,,0.850,0,
4993,11,105,fog-114,1,fog,700.0,0.0000,0.0000,0,150.000,,0,0.9869,,0.850,0,
4994,11,105,fog-114,1,fog,800.0,0.0000,0.0000,0,150.000,,0,0.9850,,0.850,0,
4995,11,105,fog-114,1,fog,900.0,0.0000,0.0000,0,150.000,,0,0.9831,,0.850,0,
4996,11,105,fog-114,1,fog,1000.0,0.0000,0.0000,0,150.000,,0,0.9813,,0.850,0,
4997,11,105,fog-114,1,fog,1100.0,0.0000,0.0000,0,150.000,,0,0.9794,,0.850,0,
4998,11,105,fog-114,1,fog,1200.0,0.0000,0.0000,0,150.000,,0,0.9775,,0.850,0,
4999,11,105,fog-114,1,fog,1300.0,0.0000,0.0000,0,150.000,,0,0.9756,,0.850,0,
5000,11,105,fog-114,1,fog,1400.0,0.0000,0.0000,0,150.000,,0,0.9738,,0.850,0,
5001,11,105,fog-114,1,fog,1500.0,0.0000,0.0000,0,150.000,,0,0.9719,,0.850,0,
5002,11,105,fog-114,1,fog,1600.0,0.0000,0.0000,0,150.000,,0,0.9700,,0.850,0,
5003,11,105,fog-114,1,fog,1700.0,0.0000,0.0000,0,150.000,,0,0.9681,,0.850,0,
5004,11,105,fog-114,1,fog,1800.0,0.0000,0.0000,0,150.000,,0,0.9663,,0.850,0,
5005,11,105,fog-114,1,fog,1900.0,0.0000,0.0000,0,150.000,,0,0.9644,,0.850,0,
5006,11,105,fog-114,1,fog,2000.0,0.0000,0.0000,0,150.000,,0,0.9625,,0.850,0,
5007,11,105,fog-114,1,fog,2100.0,0.0000,0.0000,0,150.000,,0,0.9606,,0.850,0,
5008,11,105,fog-114,1,fog,2200.0,0.0000,0.0000,0,150.000,,0,0.9588,,0.850,0,
5009,11,105,fog-114,1,fog,2300.0,0.0000,0.0000,0,150.000,,0,0.9569,,0.850,0,
5010,11,105,fog-114,1,fog,2400.0,0.0000,0.0000,0,150.000,,0,0.9550,,0.850,0,
5011,11,105,fog-114,1,fog,2500.0,0.0000,0.0000,0,150.000,,0,0.9531,,0.850,0,
5012,11,105,fog-114,1,fog,2600.0,0.0000,0.0000,0,150.000,,0,0.9513,,0.850,0,
5013,11,105,fog-114,1,fog,2700.0,0.0000,0.0000,0,150.000,,0,0.9494,,0.850,0,
5014,11,105,fog-114,1,fog,2800.0,0.0000,0.0000,0,150.000,,0,0.9475,,0.850,0,
5015,11,105,fog-114,1,fog,2900.0,0.0000,0.0000,0,150.000,,0,0.9456,,0.850,0,
5016,11,105,fog-114,1,fog,3000.0,0.0000,0.0000,0,150.000,,0,0.9438,,0.850,0,
5017,11,105,fog-114,1,fog,3100.0,0.0000,0.0000,0,150.000,,0,0.9419,,0.850,0,
5018,11,105,fog-114,1,fog,3200.0,0.0000,0.0000,0,150.000,,0,0.9400,,0.850,0,
5019,11,105,fog-114,1,fog,3300.0,0.0000,0.0000,0,150.000,,0,0.9381,,0.850,0,
5020,11,105,fog-114,1,fog,3400.0,0.0000,0.0000,0,150.000,,0,0.9363,,0.850,0,
5021,11,105,fog-114,1,fog,3500.0,0.0000,0.0000,0,150.000,,0,0.9344,,0.850,0,
5022,11,105,fog-114,1,fog,3600.0,0.0000,0.0000,0,150.000,,0,0.9325,,0.850,0,
5023,11,105,fog-114,1,fog,3700.0,0.0000,0.0000,0,150.000,,0,0.9306,,0.850,0,
5024,11,105,fog-114,1,fog,3800.0,0.0000,0.0000,0,150.000,,0,0.9288,,0.850,0,
5025,11,105,fog-114,1,fog,3900.0,0.0000,0.0000,0,150.000,,0,0.9269,,0.850,0,
5026,11,105,fog-114,1,fog,4000.0,0.0000,0.0000,0,150.000,,0,0.9250,,0.850,0,
5027,11,105,fog-114,1,fog,4100.0,0.0000,0.0000,0,150.000,,0,0.9231,,0.850,0,
5028,11,105,fog-114,1,fog,4200.0,0.0000,0.0000,0,150.000,,0,0.9213,,0.850,0,
5029,11,105,fog-114,1,fog,4300.0,0.0000,0.0000,0,150.000,,0,0.9194,,0.850,0,
5030,11,105,fog-114,1,fog,4400.0,0.0000,0.0000,0,150.000,,0,0.9175,,0.850,0,
5031,11,105,fog-114,1,fog,4500.0,0.0000,0.0000,0,150.000,,0,0.9156,,0.850,0,
5032,11,105,fog-114,1,fog,4600.0,0.0000,0.0000,0,150.000,,0,0.9138,,0.850,0,
5033,11,105,fog-114,1,fog,4700.0,0.0000,0.0000,0,150.000,,0,0.9119,,0.850,0,
5034,11,105,fog-114,1,fog,4800.0,0.0000,0.0000,0,150.000,,0,0.9100,,0.850,0,
5035,11,105,fog-114,1,fog,4900.0,0.0000,0.0000,0,150.000,,0,0.9081,,0.850,0,
5036,11,105,fog-114,1,fog,5000.0,0.0000,0.0000,0,150.000,,0,0.9063,,0.850,0,
5037,11,106,fog-115,1,fog,0.0,0.0000,0.0000,0,150.000,,0,1.0000,,0.850,0,921.4
5038,11,106,fog-115,1,fog,100.0,0.0000,0.0000,0,150.000,,0,0.9981,,0.850,0,921.4
5039,11,106,fog-115,1,fog,200.0,0.0000,0.0000,0,150.000,,0,0.9963,,0.850,0,921.4
5040,11,106,fog-115,1,fog,300.0,0.0000,0.0000,0,150.000,,0,0.9944,,0.850,0,921.4
5041,11,106,fog-115,1,fog,400.0,0.0000,0.0000,0,150.000,,0,0.9925,,0.850,0,921.4
5042,11,106,fog-115,1,fog,500.0,0.0000,0.0000,0,150.000,,0,0.9906,,0.850,0,921.4
5043,11,106,fog-115,1,fog,600.0,0.0000,0.0000,0,150.000,,0,0.9888,,0.850,0,921.4
5044,11,106,fog-115,1,fog,700.0,0.0000,0.0000,0,150.000,,0,0.9869,,0.850,0,921.4
5045,11,106,fog-115,1,fog,800.0,0.0000,0.0000,0,150.000,,0,0.9850,,0.850,1,921.4
5046,11,106,fog-115,1,fog,900.0,0.0000,0.0000,0,150.000,,0,0.9831,,0.850,1,921.4
5047,11,107,fog-116,1,fog,0.0,0.0000,0.0000,0,150.000,,0,1.0000,,0.850,0,
5048,11,107,fog-116,1,fog,100.0,0.0000,0.0000,0,150.000,,0,0.9981,,0.850,0,
5049,11,107,fog-116,1,fog,200.0,0.0000,0.0000,0,150.000,,0,0.9963,,0.850,0,
5050,11,107,fog-116,1,fog,300.0,0.0000,0.0000,0,150.000,,0,0.9944,,0.850,0,
5051,11,107,fog-116,1,fog,400.0,0.0000,0.0000,0,150.000,,0,0.9925,,0.850,0,
5052,11,107,fog-116,1,fog,500.0,0.0000,0.0000,0,150.000,,0,0.9906,,0.850,0,
5053,11,107,fog-116,1,fog,600.0,0.0000,0.0000,0,150.000,,0,0.9888,,0.850,0,
5054,11,107,fog-116,1,fog,700.0,0.0000,0.0000,0,150.000,,0,0.9869,,0.850,0,
5055,11,107,fog-116,1,fog,800.0,0.0000,0.0000,0,150.000,,0,0.9850,,0.850,0,
5056,11,107,fog-116,1,fog,900.0,0.0000,0.0000,0,150.000,,0,0.9831,,0.850,0,
5057,11,107,fog-116,1,fog,1000.0,0.0000,0.0000,0,150.000,,0,0.9813,,0.850,0,
5058,11,107,fog-116,1,fog,1100.0,0.0000,0.0000,0,150.000,,0,0.9794,,0.850,0,
5059,11,107,fog-116,1,fog,1200.0,0.0000,0.0000,0,150.000,,0,0.9775,,0.850,0,
5060,11,107,fog-116,1,fog,1300.0,0.0000,0.0000,0,150.000,,0,0.9756,,0.850,0,
5061,11,107,fog-116,1,fog,1400.0,0.0000,0.0000,0,150.000,,0,0.9738,,0.850,0,
5062,11,107,fog-116,1,fog,1500.0,0.0000,0.0000,0,150.000,,0,0.9719,,0.850,0,
5063,11,107,fog-116,1,fog,1600.0,0.0000,0.0000,0,150.000,,0,0.9700,,0.850,0,
5064,11,107,fog-116,1,fog,1700.0,0.0000,0.0000,0,150.000,,0,0.9681,,0.850,0,
5065,11,107,fog-116,1,fog,1800.0,0.0000,0.0000,0,150.000,,0,0.9663,,0.850,0,
5066,11,107,fog-116,1,fog,1900.0,0.0000,0.0000,0,150.000,,0,0.9644,,0.850,0,
5067,11,107,fog-116,1,fog,2000.0,0.0000,0.0000,0,150.000,,0,0.9625,,0.850,0,
5068,11,107,fog-116,1,fog,2100.0,0.0000,0.0000,0,150.000,,0,0.9606,,0.850,0,
5069,11,107,fog-116,1,fog,2200.0,0.0000,0.0000,0,150.000,,0,0.9588,,0.850,0,
5070,11,107,fog-116,1,fog,2300.0,0.0000,0.0000,0,150.000,,0,0.9569,,0.850,0,
5071,11,107,fog-116,1,fog,2400.0,0.0000,0.0000,0,150.000,,0,0.9550,,0.850,0,
5072,11,107,fog-116,1,fog,2500.0,0.0000,0.0000,0,150.000,,0,0.9531,,0.850,0,
5073,11,107,fog-116,1,fog,2600.0,0.0000,0.0000,0,150.000,,0,0.9513,,0.850,0,
5074,11,107,fog-116,1,fog,2700.0,0.0000,0.0000,0,150.000,,0,0.9494,,0.850,0,
5075,11,107,fog-116,1,fog,2800.0,0.0000,0.0000,0,150.000,,0,0.9475,,0.850,0,
5076,11,107,fog-116,1,fog,2900.0,0.0000,0.0000,0,150.000,,0,0.9456,,0.850,0,
5077,11,107,fog-116,1,fog,3000.0,0.0000,0.0000,0,150.000,,0,0.9438,,0.850,0,
5078,11,107,fog-116,1,fog,3100.0,0.0000,0.0000,0,150.000,,0,0.9419,,0.850,0,
5079,11,107,fog-116,1,fog,3200.0,0.0000,0.0000,0,150.000,,0,0.9400,,0.850,0,
5080,11,107,fog-116,1,fog,3300.0,0.0000,0.0000,0,150.000,,0,0.9381,,0.850,0,
5081,11,107,fog-116,1,fog,3400.0,0.0000,0.0000,0,150.000,,0,0.9363,,0.850,0,
5082,11,107,fog-116,1,fog,3500.0,0.0000,0.0000,0,150.000,,0,0.9344,,0.850,0,
5083,11,107,fog-116,1,fog,3600.0,0.0000,0.0000,0,150.000,,0,0.9325,,0.850,0,
5084,11,107,fog-116,1,fog,3700.0,0.0000,0.0000,0,150.000,,0,0.9306,,0.850,0,
5085,11,107,fog-116,1,fog,3800.0,0.0000,0.0000,0,150.000,,0,0.9288,,0.850,0,
5086,11,107,fog-116,1,fog,3900.0,0.0000,0.0000,0,150.000,,0,0.9269,,0.850,0,
5087,11,107,fog-116,1,fog,4000.0,0.0000,0.0000,0,150.000,,0,0.9250,,0.850,0,
5088,11,107,fog-116,1,fog,4100.0,0.0000,0.0000,0,150.000,,0,0.9231,,0.850,0,
5089,11,107,fog-116,1,fog,4200.0,0.0000,0.0000,0,150.000,,0,0.9213,,0.850,0,
5090,11,107,fog-116,1,fog,4300.0,0.0000,0.0000,0,150.000,,0,0.9194,,0.850,0,
5091,11,107,fog-116,1,fog,4400.0,0.0000,0.0000,0,150.000,,0,0.9175,,0.850,0,
5092,11,107,fog-116,1,fog,4500.0,0.0000,0.0000,0,150.000,,0,0.9156,,0.850,0,
5093,11,107,fog-116,1,fog,4600.0,0.0000,0.0000,0,150.000,,0,0.9138,,0.850,0,
5094,11,107,fog-116,1,fog,4700.0,0.0000,0.0000,0,150.000,,0,0.9119,,0.850,0,
5095,11,107,fog-116,1,fog,4800.0,0.0000,0.0000,0,150.000,,0,0.9100,,0.850,0,
5096,11,107,fog-116,1,fog,4900.0,0.0000,0.0000,0,150.000,,0,0.9081,,0.850,0,
5097,11,107,fog-116,1,fog,5000.0,0.0000,0.0000,0,150.000,,0,0.9063,,0.850,0,
5098,11,108,fog-117,1,fog,0.0,0.0000,0.0000,0,150.000,,0,1.0000,,0.850,0,3150.9
5099,11,108,fog-117,1,fog,100.0,0.0000,0.0000,0,150.000,,0,0.9981,,0.850,0,3150.9
5100,11,108,fog-117,1,fog,200.0,0.0000,0.0000,0,150.000,,0,0.9963,,0.850,0,3150.9
5101,11,108,fog-117,1,fog,300.0,0.0000,0.0000,0,150.000,,0,0.9944,,0.850,0,3150.9
5102,11,108,fog-117,1,fog,400.0,0.0000,0.0000,0,150.000,,0,0.9925,,0.850,0,3150.9
5103,11,108,fog-117,1,fog,500.0,0.0000,0.0000,0,150.000,,0,0.9906,,0.850,0,3150.9
5104,11,108,fog-117,1,fog,600.0,0.0000,0.0000,0,150.000,,0,0.9888,,0.850,0,3150.9
5105,11,108,fog-117,1,fog,700.0,0.0000,0.0000,0,150.000,,0,0.9869,,0.850,0,3150.9
5106,11,108,fog-117,1,fog,800.0,0.0000,0.0000,0,150.000,,0,0.9850,,0.850,0,3150.9
5107,11,108,fog-117,1,fog,900.0,0.0000,0.0000,0,150.000,,0,0.9831,,0.850,0,3150.9
5108,11,108,fog-117,1,fog,1000.0,0.0000,0.0000,0,150.000,,0,0.9813,,0.850,0,3150.9
5109,11,108,fog-117,1,fog,1100.0,0.0000,0.0000,0,150.000,,0,0.9794,,0.850,0,3150.9
5110,11,108,fog-117,1,fog,1200.0,0.0000,0.0000,0,150.000,,0,0.9775,,0.850,0,3150.9
5111,11,108,fog-117,1,fog,1300.0,0.0000,0.0000,0,150.000,,0,0.9756,,0.850,0,3150.9
5112,11,108,fog-117,1,fog,1400.0,0.0000,0.0000,0,150.000,,0,0.9738,,0.850,0,3150.9
5113,11,108,fog-117,1,fog,1500.0,0.0000,0.0000,0,150.000,,0,0.9719,,0.850,0,3150.9
5114,11,108,fog-117,1,fog,1600.0,0.0000,0.0000,0,150.000,,0,0.9700,,0.850,0,3150.9
5115,11,108,fog-117,1,fog,1700.0,0.0000,0.0000,0,150.000,,0,0.9681,,0.850,0,3150.9
5116,11,108,fog-117,1,fog,1800.0,0.0000,0.0000,0,150.000,,0,0.9663,,0.850,0,3150.9
5117,11,108,fog-117,1,fog,1900.0,0.0000,0.0000,0,150.000,,0,0.9644,,0.850,0,3150.9
5118,11,108,fog-117,1,fog,2000.0,0.0000,0.0000,0,150.000,,0,0.9625,,0.850,0,3150.9
5119,11,108,fog-117,1,fog,2100.0,0.0000,0.0000,0,150.000,,0,0.9606,,0.850,0,3150.9
5120,11,108,fog-117,1,fog,2200.0,0.0000,0.0000,0,150.000,,0,0.9588,,0.850,0,3150.9
5121,11,108,fog-117,1,fog,2300.0,0.0000,0.0000,0,150.000,,0,0.9569,,0.850,0,3150.9
5122,11,108,fog-117,1,fog,2400.0,0.0000,0.0000,0,150.000,,0,0.9550,,0.850,0,3150.9
5123,11,108,fog-117,1,fog,2500.0,0.0000,0.0000,0,150.000,,0,0.9531,,0.850,0,3150.9
5124,11,108,fog-117,1,fog,2600.0,0.0000,0.0000,0,150.000,,0,0.9513,,0.850,0,3150.9
5125,11,108,fog-117,1,fog,2700.0,0.0000,0.0000,0,150.000,,0,0.9494,,0.850,0,3150.9
5126,11,108,fog-117,1,fog,2800.0,0.0000,0.0000,0,150.000,,0,0.9475,,0.850,0,3150.9
5127,11,108,fog-117,1,fog,2900.0,0.0000,0.0000,0,150.000,,0,0.9456,,0.850,0,3150.9
5128,11,108,fog-117,1,fog,3000.0,0.0000,0.0000,0,150.000,,0,0.9438,,0.850,1,3150.9
5129,11,108,fog-117,1,fog,3100.0,0.0000,0.0000,0,150.000,,0,0.9419,,0.850,1,3150.9
5130,11,109,fog-118,1,fog,0.0,0.0000,0.0000,0,150.000,,0,1.0000,,0.850,0,
5131,11,109,fog-118,1,fog,100.0,0.0000,0.0000,0,150.000,,0,0.9981,,0.850,0,
5132,11,109,fog-118,1,fog,200.0,0.0000,0.0000,0,150.000,,0,0.9963,,0.850,0,
5133,11,109,fog-118,1,fog,300.0,0.0000,0.0000,0,150.000,,0,0.9944,,0.850,0,
5134,11,109,fog-118,1,fog,400.0,0.0000,0.0000,0,150.000,,0,0.9925,,0.850,0,
5135,11,109,fog-118,1,fog,500.0,0.0000,0.0000,0,150.000,,0,0.9906,,0.850,0,
5136,11,109,fog-118,1,fog,600.0,0.0000,0.0000,0,150.000,,0,0.9888,,0.850,0,
5137,11,109,fog-118,1,fog,700.0,0.0000,0.0000,0,150.000,,0,0.9869,,0.850,0,
5138,11,109,fog-118,1,fog,800.0,0.0000,0.0000,0,150.000,,0,0.9850,,0.850,0,
5139,11,109,fog-118,1,fog,900.0,0.0000,0.0000,0,150.000,,0,0.9831,,0.850,0,
5140,11,109,fog-118,1,fog,1000.0,0.0000,0.0000,0,150.000,,0,0.9813,,0.850,0,
5141,11,109,fog-118,1,fog,1100.0,0.0000,0.0000,0,150.000,,0,0.9794,,0.850,0,
5142,11,109,fog-118,1,fog,1200.0,0.0000,0.0000,0,150.000,,0,0.9775,,0.850,0,
5143,11,109,fog-118,1,fog,1300.0,0.0000,0.0000,0,150.000,,0,0.9756,,0.850,0,
5144,11,109,fog-118,1,fog,1400.0,0.0000,0.0000,0,150.000,,0,0.9738,,0.850,0,
5145,11,109,fog-118,1,fog,1500.0,0.0000,0.0000,0,150.000,,0,0.9719,,0.850,0,
5146,11,109,fog-118,1,fog,1600.0,0.0000,0.0000,0,150.000,,0,0.9700,,0.850,0,
5147,11,109,fog-118,1,fog,1700.0,0.0000,0.0000,0,150.000,,0,0.9681,,0.850,0,
5148,11,109,fog-118,1,fog,1800.0,0.0000,0.0000,0,150.000,,0,0.9663,,0.850,0,
5149,11,109,fog-118,1,fog,1900.0,0.0000,0.0000,0,150.000,,0,0.9644,,0.850,0,
5150,11,109,fog-118,1,fog,2000.0,0.0000,0.0000,0,150.000,,0,0.9625,,0.850,0,
5151,11,109,fog-118,1,fog,2100.0,0.0000,0.0000,0,150.000,,0,0.9606,,0.850,0,
5152,11,109,fog-118,1,fog,2200.0,0.0000,0.0000,0,150.000,,0,0.9588,,0.850,0,
5153,11,109,fog-118,1,fog,2300.0,0.0000,0.0000,0,150.000,,0,0.9569,,0.850,0,
5154,11,109,fog-118,1,fog,2400.0,0.0000,0.0000,0,150.000,,0,0.9550,,0.850,0,
5155,11,109,fog-118,1,fog,2500.0,0.0000,0.0000,0,150.000,,0,0.9531,,0.850,0,
5156,11,109,fog-118,1,fog,2600.0,0.0000,0.0000,0,150.000,,0,0.9513,,0.850,0,
5157,11,109,fog-118,1,fog,2700.0,0.0000,0.0000,0,150.000,,0,0.9494,,0.850,0,
5158,11,109,fog-118,1,fog,2800.0,0.0000,0.0000,0,150.000,,0,0.9475,,0.850,0,
5159,11,109,fog-118,1,fog,2900.0,0.0000,0.0000,0,150.000,,0,0.9456,,0.850,0,
5160,11,109,fog-118,1,fog,3000.0,0.0000,0.0000,0,150.000,,0,0.9438,,0.850,0,
5161,11,109,fog-118,1,fog,3100.0,0.0000,0.0000,0,150.000,,0,0.9419,,0.850,0,
5162,11,109,fog-118,1,fog,3200.0,0.0000,0.0000,0,150.000,,0,0.9400,,0.850,0,
5163,11,109,fog-118,1,fog,3300.0,0.0000,0.0000,0,150.000,,0,0.9381,,0.850,0,
5164,11,109,fog-118,1,fog,3400.0,0.0000,0.0000,0,150.000,,0,0.9363,,0.850,0,
5165,11,109,fog-118,1,fog,3500.0,0.0000,0.0000,0,150.000,,0,0.9344,,0.850,0,
5166,11,109,fog-118,1,fog,3600.0,0.0000,0.0000,0,150.000,,0,0.9325,,0.850,0,
5167,11,109,fog-118,1,fog,3700.0,0.0000,0.0000,0,150.000,,0,0.9306,,0.850,0,
5168,11,109,fog-118,1,fog,3800.0,0.0000,0.0000,0,150.000,,0,0.9288,,0.850,0,
5169,11,109,fog-118,1,fog,3900.0,0.0000,0.0000,0,150.000,,0,0.9269,,0.850,0,
5170,11,109,fog-118,1,fog,4000.0,0.0000,0.0000,0,150.000,,0,0.9250,,0.850,0,
5171,11,109,fog-118,1,fog,4100.0,0.0000,0.0000,0,150.000,,0,0.9231,,0.850,0,
5172,11,109,fog-118,1,fog,4200.0,0.0000,0.0000,0,150.000,,0,0.9213,,0.850,0,
5173,11,109,fog-118,1,fog,4300.0,0.0000,0.0000,0,150.000,,0,0.9194,,0.850,0,
5174,11,109,fog-118,1,fog,4400.0,0.0000,0.0000,0,150.000,,0,0.9175,,0.850,0,
5175,11,109,fog-118,1,fog,4500.0,0.0000,0.0000,0,150.000,,0,0.9156,,0.850,0,
5176,11,109,fog-118,1,fog,4600.0,0.0000,0.0000,0,150.000,,0,0.9138,,0.850,0,
5177,11,109,fog-118,1,fog,4700.0,0.0000,0.0000,0,150.000,,0,0.9119,,0.850,0,
5178,11,109,fog-118,1,fog,4800.0,0.0000,0.0000,0,150.000,,0,0.9100,,0.850,0,
5179,11,109,fog-118,1,fog,4900.0,0.0000,0.0000,0,150.000,,0,0.9081,,0.850,0,
5180,11,109,fog-118,1,fog,5000.0,0.0000,0.0000,0,150.000,,0,0.9063,,0.850,0,
5181,11,110,fog-119,1,fog,0.0,0.0000,0.0000,0,150.000,,0,1.0000,,0.850,0,2349.1
5182,11,110,fog-119,1,fog,100.0,0.0000,0.0000,0,150.000,,0,0.9981,,0.850,0,2349.1
5183,11,110,fog-119,1,fog,200.0,0.0000,0.0000,0,150.000,,0,0.9963,,0.850,0,2349.1
5184,11,110,fog-119,1,fog,300.0,0.0000,0.0000,0,150.000,,0,0.9944,,0.850,0,2349.1
5185,11,110,fog-119,1,fog,400.0,0.0000,0.0000,0,150.000,,0,0.9925,,0.850,0,2349.1
5186,11,110,fog-119,1,fog,500.0,0.0000,0.0000,0,150.000,,0,0.9906,,0.850,0,2349.1
5187,11,110,fog-119,1,fog,600.0,0.0000,0.0000,0,150.000,,0,0.9888,,0.850,0,2349.1
5188,11,110,fog-119,1,fog,700.0,0.0000,0.0000,0,150.000,,0,0.9869,,0.850,0,2349.1
5189,11,110,fog-119,1,fog,800.0,0.0000,0.0000,0,150.000,,0,0.9850,,0.850,0,2349.1
5190,11,110,fog-119,1,fog,900.0,0.0000,0.0000,0,150.000,,0,0.9831,,0.850,0,2349.1
5191,11,110,fog-119,1,fog,1000.0,0.0000,0.0000,0,150.000,,0,0.9813,,0.850,0,2349.1
5192,11,110,fog-119,1,fog,1100.0,0.0000,0.0000,0,150.000,,0,0.9794,,0.850,0,2349.1
5193,11,110,fog-119,1,fog,1200.0,0.0000,0.0000,0,150.000,,0,0.9775,,0.850,0,2349.1
5194,11,110,fog-119,1,fog,1300.0,0.0000,0.0000,0,150.000,,0,0.9756,,0.850,0,2349.1
5195,11,110,fog-119,1,fog,1400.0,0.0000,0.0000,0,150.000,,0,0.9738,,0.850,0,2349.1
5196,11,110,fog-119,1,fog,1500.0,0.0000,0.0000,0,150.000,,0,0.9719,,0.850,0,2349.1
5197,11,110,fog-119,1,fog,1600.0,0.0000,0.0000,0,150.000,,0,0.9700,,0.850,0,2349.1
5198,11,110,fog-119,1,fog,1700.0,0.0000,0.0000,0,150.000,,0,0.9681,,0.850,0,2349.1
5199,11,110,fog-119,1,fog,1800.0,0.0000,0.0000,0,150.000,,0,0.9663,,0.850,0,2349.1
5200,11,110,fog-119,1,fog,1900.0,0.0000,0.0000,0,150.000,,0,0.9644,,0.850,0,2349.1
5201,11,110,fog-119,1,fog,2000.0,0.0000,0.0000,0,150.000,,0,0.9625,,0.850,0,2349.1
5202,11,110,fog-119,1,fog,2100.0,0.0000,0.0000,0,150.000,,0,0.9606,,0.850,0,2349.1
5203,11,110,fog-119,1,fog,2200.0,0.0000,0.0000,0,150.000,,0,0.9588,,0.850,1,2349.1
5204,11,110,fog-119,1,fog,2300.0,0.0000,0.0000,0,150.000,,0,0.9569,,0.850,1,2349.1
5205,11,111,fog-120,1,fog,0.0,0.0000,0.0000,0,150.000,,0,1.0000,,0.850,0,
5206,11,111,fog-120,1,fog,100.0,0.0000,0.0000,0,150.000,,0,0.9981,,0.850,0,
5207,11,111,fog-120,1,fog,200.0,0.0000,0.0000,0,150.000,,0,0.9963,,0.850,0,
5208,11,111,fog-120,1,fog,300.0,0.0000,0.0000,0,150.000,,0,0.9944,,0.850,0,
5209,11,111,fog-120,1,fog,400.0,0.0000,0.0000,0,150.000,,0,0.9925,,0.850,0,
5210,11,111,fog-120,1,fog,500.0,0.0000,0.0000,4,150.400,0.0000,0,0.9906,,0.850,0,
5211,11,111,fog-120,1,fog,600.0,0.0000,0.0000,0,150.000,,0,0.9888,,0.850,0,
5212,11,111,fog-120,1,fog,700.0,0.0000,0.0000,0,150.000,,0,0.9869,,0.850,0,
5213,11,111,fog-120,1,fog,800.0,0.0000,0.0000,3,150.300,0.0000,0,0.9850,,0.850,0,
5214,11,111,fog-120,1,fog,900.0,0.0000,0.0000,0,150.000,,0,0.9831,,0.850,0,
5215,11,111,fog-120,1,fog,1000.0,0.0000,0.0000,5,150.500,0.0000,0,0.9813,,0.850,0,
5216,11,111,fog-120,1,fog,1100.0,0.0000,0.0000,5,150.500,0.0000,0,0.9794,,0.850,0,
5217,11,111,fog-120,1,fog,1200.0,0.0000,0.0000,8,150.800,0.8433,0,0.9775,,0.850,0,
5218,11,111,fog-120,1,fog,1300.0,0.0000,0.0000,10,151.000,1.0000,0,0.9756,,0.850,0,
5219,11,111,fog-120,1,fog,1400.0,0.0000,0.0000,5,150.500,0.0000,0,0.9738,,0.850,0,
5220,11,111,fog-120,1,fog,1500.0,0.0000,0.0000,5,150.500,0.0000,0,0.9719,,0.850,0,
5221,11,111,fog-120,1,fog,1600.0,0.0000,0.0000,5,150.500,0.0000,0,0.9700,,0.850,0,
5222,11,111,fog-120,1,fog,1700.0,0.0000,0.0000,0,150.000,,0,0.9681,,0.850,0,
5223,11,111,fog-120,1,fog,1800.0,0.0000,0.0000,0,150.000,,0,0.9663,,0.850,0,
5224,11,111,fog-120,1,fog,1900.0,0.0000,0.0000,5,150.500,0.0000,0,0.9644,,0.850,0,
5225,11,111,fog-120,1,fog,2000.0,0.0000,0.0000,5,150.500,0.0000,0,0.9625,,0.850,0,
5226,11,111,fog-120,1,fog,2100.0,0.0000,0.0000,4,150.400,0.0000,0,0.9606,,0.850,0,
5227,11,111,fog-120,1,fog,2200.0,0.0000,0.0000,4,150.400,0.3536,0,0.9588,,0.850,0,
5228,11,111,fog-120,1,fog,2300.0,0.0000,0.0000,0,150.000,,0,0.9569,,0.850,0,
5229,11,111,fog-120,1,fog,2400.0,0.0000,0.0000,0,150.000,,0,0.9550,,0.850,0,
5230,11,111,fog-120,1,fog,2500.0,0.0000,0.0000,0,150.000,,0,0.9531,,0.850,0,
5231,11,111,fog-120,1,fog,2600.0,0.0000,0.0000,0,150.000,,0,0.9513,,0.850,0,
5232,11,111,fog-120,1,fog,2700.0,0.0000,0.0000,0,150.000,,0,0.9494,,0.850,0,
5233,11,111,fog-120,1,fog,2800.0,0.0000,0.0000,4,150.400,0.3536,0,0.9475,,0.850,0,
5234,11,111,fog-120,1,fog,2900.0,0.0000,0.0000,5,150.500,0.0000,0,0.9456,,0.850,0,
5235,11,111,fog-120,1,fog,3000.0,0.0000,0.0000,0,150.000,,0,0.9438,,0.850,0,
5236,11,111,fog-120,1,fog,3100.0,0.0000,0.0000,0,150.000,,0,0.9419,,0.850,0,
5237,11,111,fog-120,1,fog,3200.0,0.0000,0.0000,0,150.000,,0,0.9400,,0.850,0,
5238,11,111,fog-120,1,fog,3300.0,0.0000,0.0000,0,150.000,,0,0.9381,,0.850,0,
5239,11,111,fog-120,1,fog,3400.0,0.0000,0.0000,5,150.500,0.0000,0,0.9363,,0.850,0,
5240,11,111,fog-120,1,fog,3500.0,0.0000,0.0000,4,150.400,0.0000,0,0.9344,,0.850,0,
5241,11,111,fog-120,1,fog,3600.0,0.0000,0.0000,4,150.400,0.3536,0,0.9325,,0.850,0,
5242,11,111,fog-120,1,fog,3700.0,0.0000,0.0000,5,150.500,0.0000,0,0.9306,,0.850,0,
5243,11,111,fog-120,1,fog,3800.0,0.0000,0.0000,4,150.400,0.3536,0,0.9288,,0.850,0,
5244,11,111,fog-120,1,fog,3900.0,0.0000,0.0000,5,150.500,0.0000,0,0.9269,,0.850,0,
5245,11,111,fog-120,1,fog,4000.0,0.0000,0.0000,0,150.000,,0,0.9250,,0.850,0,
5246,11,111,fog-120,1,fog,4100.0,0.0000,0.0000,0,150.000,,0,0.9231,,0.850,0,
5247,11,111,fog-120,1,fog,4200.0,0.0000,0.0000,0,150.000,,0,0.9213,,0.850,0,
5248,11,111,fog-120,1,fog,4300.0,0.0000,0.0000,5,150.500,0.0000,0,0.9194,,0.850,0,
5249,11,111,fog-120,1,fog,4400.0,0.0000,0.0000,0,150.000,,0,0.9175,,0.850,0,
5250,11,111,fog-120,1,fog,4500.0,0.0000,0.0000,0,150.000,,0,0.9156,,0.850,0,
5251,11,111,fog-120,1,fog,4600.0,0.0000,0.0000,0,150.000,,0,0.9138,,0.850,0,
5252,11,111,fog-120,1,fog,4700.0,0.0000,0.0000,9,150.900,1.0000,0,0.9119,,0.850,0,
5253,11,111,fog-120,1,fog,4800.0,0.0000,0.0000,0,150.000,,0,0.9100,,0.850,0,
5254,11,111,fog-120,1,fog,4900.0,0.0000,0.0000,0,150.000,,0,0.9081,,0.850,0,
5255,11,111,fog-120,1,fog,5000.0,0.0000,0.0000,0,150.000,,0,0.9063,,0.850,0,
5256,11,112,fog-121,1,fog,0.0,0.0000,0.0000,0,150.000,,0,1.0000,,0.850,0,
5257,11,112,fog-121,1,fog,100.0,0.0000,0.0000,0,150.000,,0,0.9981,,0.850,0,
5258,11,112,fog-121,1,fog,200.0,0.0000,0.0000,0,150.000,,0,0.9963,,0.850,0,
5259,11,112,fog-121,1,fog,300.0,0.0000,0.0000,0,150.000,,0,0.9944,,0.850,0,
5260,11,112,fog-121,1,fog,400.0,0.0000,0.0000,0,150.000,,0,0.9925,,0.850,0,
5261,11,112,fog-121,1,fog,500.0,0.0000,0.0000,0,150.000,,0,0.9906,,0.850,0,
5262,11,112,fog-121,1,fog,600.0,0.0000,0.0000,0,150.000,,0,0.9888,,0.850,0,
5263,11,112,fog-121,1,fog,700.0,0.0000,0.0000,0,150.000,,0,0.9869,,0.850,0,
5264,11,112,fog-121,1,fog,800.0,0.0000,0.0000,0,150.000,,0,0.9850,,0.850,0,
5265,11,112,fog-121,1,fog,900.0,0.0000,0.0000,0,150.000,,0,0.9831,,0.850,0,
5266,11,112,fog-121,1,fog,1000.0,0.0000,0.0000,0,150.000,,0,0.9813,,0.850,0,
5267,11,112,fog-121,1,fog,1100.0,0.0000,0.0000,0,150.000,,0,0.9794,,0.850,0,
5268,11,112,fog-121,1,fog,1200.0,0.0000,0.0000,0,150.000,,0,0.9775,,0.850,0,
5269,11,112,fog-121,1,fog,1300.0,0.0000,0.0000,0,150.000,,0,0.9756,,0.850,0,
5270,11,112,fog-121,1,fog,1400.0,0.0000,0.0000,0,150.000,,0,0.9738,,0.850,0,
5271,11,112,fog-121,1,fog,1500.0,0.0000,0.0000,0,150.000,,0,0.9719,,0.850,0,
5272,11,112,fog-121,1,fog,1600.0,0.0000,0.0000,0,150.000,,0,0.9700,,0.850,0,
5273,11,112,fog-121,1,fog,1700.0,0.0000,0.0000,0,150.000,,0,0.9681,,0.850,0,
5274,11,112,fog-121,1,fog,1800.0,0.0000,0.0000,0,150.000,,0,0.9663,,0.850,0,
5275,11,112,fog-121,1,fog,1900.0,0.0000,0.0000,0,150.000,,0,0.9644,,0.850,0,
5276,11,112,fog-121,1,fog,2000.0,0.0000,0.0000,0,150.000,,0,0.9625,,0.850,0,
5277,11,112,fog-121,1,fog,2100.0,0.0000,0.0000,0,150.000,,0,0.9606,,0.850,0,
5278,11,112,fog-121,1,fog,2200.0,0.0000,0.0000,0,150.000,,0,0.9588,,0.850,0,
5279,11,112,fog-121,1,fog,2300.0,0.0000,0.0000,0,150.000,,0,0.9569,,0.850,0,
5280,11,112,fog-121,1,fog,2400.0,0.0000,0.0000,0,150.000,,0,0.9550,,0.850,0,
5281,11,112,fog-121,1,fog,2500.0,0.0000,0.0000,0,150.000,,0,0.9531,,0.850,0,
5282,11,112,fog-121,1,fog,2600.0,0.0000,0.0000,0,150.000,,0,0.9513,,0.850,0,
5283,11,112,fog-121,1,fog,2700.0,0.0000,0.0000,0,150.000,,0,0.9494,,0.850,0,
5284,11,112,fog-121,1,fog,2800.0,0.0000,0.0000,0,150.000,,0,0.9475,,0.850,0,
5285,11,112,fog-121,1,fog,2900.0,0.0000,0.0000,0,150.000,,0,0.9456,,0.850,0,
5286,11,112,fog-121,1,fog,3000.0,0.0000,0.0000,0,150.000,,0,0.9438,,0.850,0,
5287,11,112,fog-121,1,fog,3100.0,0.0000,0.0000,0,150.000,,0,0.9419,,0.850,0,
5288,11,112,fog-121,1,fog,3200.0,0.0000,0.0000,0,150.000,,0,0.9400,,0.850,0,
5289,11,112,fog-121,1,fog,3300.0,0.0000,0.0000,0,150.000,,0,0.9381,,0.850,0,
5290,11,112,fog-121,1,fog,3400.0,0.0000,0.0000,0,150.000,,0,0.9363,,0.850,0,
5291,11,112,fog-121,1,fog,3500.0,0.0000,0.0000,0,150.000,,0,0.9344,,0.850,0,
5292,11,112,fog-121,1,fog,3600.0,0.0000,0.0000,0,150.000,,0,0.9325,,0.850,0,
5293,11,112,fog-121,1,fog,3700.0,0.0000,0.0000,0,150.000,,0,0.9306,,0.850,0,
5294,11,112,fog-121,1,fog,3800.0,0.0000,0.0000,0,150.000,,0,0.9288,,0.850,0,
5295,11,112,fog-121,1,fog,3900.0,0.0000,0.0000,0,150.000,,0,0.9269,,0.850,0,
5296,11,112,fog-121,1,fog,4000.0,0.0000,0.0000,0,150.000,,0,0.9250,,0.850,0,
5297,11,112,fog-121,1,fog,4100.0,0.0000,0.0000,0,150.000,,0,0.9231,,0.850,0,
5298,11,112,fog-121,1,fog,4200.0,0.0000,0.0000,0,150.000,,0,0.9213,,0.850,0,
5299,11,112,fog-121,1,fog,4300.0,0.0000,0.0000,0,150.000,,0,0.9194,,0.850,0,
5300,11,112,fog-121,1,fog,4400.0,0.0000,0.0000,0,150.000,,0,0.9175,,0.850,0,
5301,11,112,fog-121,1,fog,4500.0,0.0000,0.0000,0,150.000,,0,0.9156,,0.850,0,
5302,11,112,fog-121,1,fog,4600.0,0.0000,0.0000,0,150.000,,0,0.9138,,0.850,0,
5303,11,112,fog-121,1,fog,4700.0,0.0000,0.0000,0,150.000,,0,0.9119,,0.850,0,
5304,11,112,fog-121,1,fog,4800.0,0.0000,0.0000,0,150.000,,0,0.9100,,0.850,0,
5305,11,112,fog-121,1,fog,4900.0,0.0000,0.0000,0,150.000,,0,0.9081,,0.850,0,
5306,11,112,fog-121,1,fog,5000.0,0.0000,0.0000,0,150.000,,0,0.9063,,0.850,0,
5307,11,113,fog-122,1,fog,0.0,0.0000,0.0000,0,150.000,,0,1.0000,,0.850,0,
5308,11,113,fog-122,1,fog,100.0,0.0000,0.0000,0,150.000,,0,0.9981,,0.850,0,
5309,11,113,fog-122,1,fog,200.0,0.0000,0.0000,0,150.000,,0,0.9963,,0.850,0,
5310,11,113,fog-122,1,fog,300.0,0.0000,0.0000,0,150.000,,0,0.9944,,0.850,0,
5311,11,113,fog-122,1,fog,400.0,0.0000,0.0000,0,150.000,,0,0.9925,,0.850,0,
5312,11,113,fog-122,1,fog,500.0,0.0000,0.0000,0,150.000,,0,0.9906,,0.850,0,
5313,11,113,fog-122,1,fog,600.0,0.0000,0.0000,0,150.000,,0,0.9888,,0.850,0,
5314,11,113,fog-122,1,fog,700.0,0.0000,0.0000,0,150.000,,0,0.9869,,0.850,0,
5315,11,113,fog-122,1,fog,800.0,0.0000,0.0000,0,150.000,,0,0.9850,,0.850,0,
5316,11,113,fog-122,1,fog,900.0,0.0000,0.0000,0,150.000,,0,0.9831,,0.850,0,
5317,11,113,fog-122,1,fog,1000.0,0.0000,0.0000,0,150.000,,0,0.9813,,0.850,0,
5318,11,113,fog-122,1,fog,1100.0,0.0000,0.0000,0,150.000,,0,0.9794,,0.850,0,
5319,11,113,fog-122,1,fog,1200.0,0.0000,0.0000,0,150.000,,0,0.9775,,0.850,0,
5320,11,113,fog-122,1,fog,1300.0,0.0000,0.0000,0,150.000,,0,0.9756,,0.850,0,
5321,11,113,fog-122,1,fog,1400.0,0.0000,0.0000,0,150.000,,0,0.9738,,0.850,0,
5322,11,113,fog-122,1,fog,1500.0,0.0000,0.0000,0,150.000,,0,0.9719,,0.850,0,
5323,11,113,fog-122,1,fog,1600.0,0.0000,0.0000,0,150.000,,0,0.9700,,0.850,0,
5324,11,113,fog-122,1,fog,1700.0,0.0000,0.0000,0,150.000,,0,0.9681,,0.850,0,
5325,11,113,fog-122,1,fog,1800.0,0.0000,0.0000,0,150.000,,0,0.9663,,0.850,0,
5326,11,113,fog-122,1,fog,1900.0,0.0000,0.0000,0,150.000,,0,0.9644,,0.850,0,
5327,11,113,fog-122,1,fog,2000.0,0.0000,0.0000,0,150.000,,0,0.9625,,0.850,0,
5328,11,113,fog-122,1,fog,2100.0,0.0000,0.0000,0,150.000,,0,0.9606,,0.850,0,
5329,11,113,fog-122,1,fog,2200.0,0.0000,0.0000,0,150.000,,0,0.9588,,0.850,0,
5330,11,113,fog-122,1,fog,2300.0,0.0000,0.0000,0,150.000,,0,0.9569,,0.850,0,
5331,11,113,fog-122,1,fog,2400.0,0.0000,0.0000,0,150.000,,0,0.9550,,0.850,0,
5332,11,113,fog-122,1,fog,2500.0,0.0000,0.0000,0,150.000,,0,0.9531,,0.850,0,
5333,11,113,fog-122,1,fog,2600.0,0.0000,0.0000,0,150.000,,0,0.9513,,0.850,0,
5334,11,113,fog-122,1,fog,2700.0,0.0000,0.0000,0,150.000,,0,0.9494,,0.850,0,
5335,11,113,fog-122,1,fog,2800.0,0.0000,0.0000,0,150.000,,0,0.9475,,0.850,0,
5336,11,113,fog-122,1,fog,2900.0,0.0000,0.0000,0,150.000,,0,0.9456,,0.850,0,
5337,11,113,fog-122,1,fog,3000.0,0.0000,0.0000,0,150.000,,0,0.9438,,0.850,0,
5338,11,113,fog-122,1,fog,3100.0,0.0000,0.0000,0,150.000,,0,0.9419,,0.850,0,
5339,11,113,fog-122,1,fog,3200.0,0.0000,0.0000,0,150.000,,0,0.9400,,0.850,0,
5340,11,113,fog-122,1,fog,3300.0,0.0000,0.0000,0,150.000,,0,0.9381,,0.850,0,
5341,11,113,fog-122,1,fog,3400.0,0.0000,0.0000,0,150.000,,0,0.9363,,0.850,0,
5342,11,113,fog-122,1,fog,3500.0,0.0000,0.0000,0,150.000,,0,0.9344,,0.850,0,
5343,11,113,fog-122,1,fog,3600.0,0.0000,0.0000,0,150.000,,0,0.9325,,0.850,0,
5344,11,113,fog-122,1,fog,3700.0,0.0000,0.0000,0,150.000,,0,0.9306,,0.850,0,
5345,11,113,fog-122,1,fog,3800.0,0.0000,0.0000,0,150.000,,0,0.9288,,0.850,0,
5346,11,113,fog-122,1,fog,3900.0,0.0000,0.0000,0,150.000,,0,0.9269,,0.850,0,
5347,11,113,fog-122,1,fog,4000.0,0.0000,0.0000,0,150.000,,0,0.9250,,0.850,0,
5348,11,113,fog-122,1,fog,4100.0,0.0000,0.0000,0,150.000,,0,0.9231,,0.850,0,
5349,11,113,fog-122,1,fog,4200.0,0.0000,0.0000,0,150.000,,0,0.9213,,0.850,0,
5350,11,113,fog-122,1,fog,4300.0,0.0000,0.0000,0,150.000,,0,0.9194,,0.850,0,
5351,11,113,fog-122,1,fog,4400.0,0.0000,0.0000,0,150.000,,0,0.9175,,0.850,0,
5352,11,113,fog-122,1,fog,4500.0,0.0000,0.0000,0,150.000,,0,0.9156,,0.850,0,
5353,11,113,fog-122,1,fog,4600.0,0.0000,0.0000,0,150.000,,0,0.9138,,0.850,0,
5354,11,113,fog-122,1,fog,4700.0,0.0000,0.0000,0,150.000,,0,0.9119,,0.850,0,
5355,11,113,fog-122,1,fog,4800.0,0.0000,0.0000,0,150.000,,0,0.9100,,0.850,0,
5356,11,113,fog-122,1,fog,4900.0,0.0000,0.0000,0,150.000,,0,0.9081,,0.850,0,
5357,11,113,fog-122,1,fog,5000.0,0.0000,0.0000,0,150.000,,0,0.9063,,0.850,0,
5358,11,114,fog-123,1,fog,0.0,0.0000,0.0000,0,150.000,,0,1.0000,,0.850,0,
5359,11,114,fog-123,1,fog,100.0,0.0000,0.0000,0,150.000,,0,0.9981,,0.850,0,
5360,11,114,fog-123,1,fog,200.0,0.0000,0.0000,4,150.400,0.0000,0,0.9963,,0.850,0,
5361,11,114,fog-123,1,fog,300.0,0.0000,0.0000,0,150.000,,0,0.9944,,0.850,0,
5362,11,114,fog-123,1,fog,400.0,0.0000,0.0000,0,150.000,,0,0.9925,,0.850,0,
5363,11,114,fog-123,1,fog,500.0,0.0000,0.0000,0,150.000,,0,0.9906,,0.850,0,
5364,11,114,fog-123,1,fog,600.0,0.0000,0.0000,0,150.000,,0,0.9888,,0.850,0,
5365,11,114,fog-123,1,fog,700.0,0.0000,0.0000,0,150.000,,0,0.9869,,0.850,0,
5366,11,114,fog-123,1,fog,800.0,0.0000,0.0000,0,150.000,,0,0.9850,,0.850,0,
5367,11,114,fog-123,1,fog,900.0,0.0000,0.0000,0,150.000,,0,0.9831,,0.850,0,
5368,11,114,fog-123,1,fog,1000.0,0.0000,0.0000,0,150.000,,0,0.9813,,0.850,0,
5369,11,114,fog-123,1,fog,1100.0,0.0000,0.0000,0,150.000,,0,0.9794,,0.850,0,
5370,11,114,fog-123,1,fog,1200.0,0.0000,0.0000,5,150.500,0.0000,0,0.9775,,0.850,0,
5371,11,114,fog-123,1,fog,1300.0,0.0000,0.0000,0,150.000,,0,0.9756,,0.850,0,
5372,11,114,fog-123,1,fog,1400.0,0.0000,0.0000,0,150.000,,0,0.9738,,0.850,0,
5373,11,114,fog-123,1,fog,1500.0,0.0000,0.0000,0,150.000,,0,0.9719,,0.850,0,
5374,11,114,fog-123,1,fog,1600.0,0.0000,0.0000,0,150.000,,0,0.9700,,0.850,0,
5375,11,114,fog-123,1,fog,1700.0,0.0000,0.0000,0,150.000,,0,0.9681,,0.850,0,
5376,11,114,fog-123,1,fog,1800.0,0.0000,0.0000,4,150.400,0.3536,0,0.9663,,0.850,0,
5377,11,114,fog-123,1,fog,1900.0,0.0000,0.0000,0,150.000,,0,0.9644,,0.850,0,
5378,11,114,fog-123,1,fog,2000.0,0.0000,0.0000,0,150.000,,0,0.9625,,0.850,0,
5379,11,114,fog-123,1,fog,2100.0,0.0000,0.0000,5,150.500,0.0000,0,0.9606,,0.850,0,
5380,11,114,fog-123,1,fog,2200.0,0.0000,0.0000,0,150.000,,0,0.9588,,0.850,0,
5381,11,114,fog-123,1,fog,2300.0,0.0000,0.0000,0,150.000,,0,0.9569,,0.850,0,
5382,11,114,fog-123,1,fog,2400.0,0.0000,0.0000,0,150.000,,0,0.9550,,0.850,0,
5383,11,114,fog-123,1,fog,2500.0,0.0000,0.0000,0,150.000,,0,0.9531,,0.850,0,
5384,11,114,fog-123,1,fog,2600.0,0.0000,0.0000,0,150.000,,0,0.9513,,0.850,0,
5385,11,114,fog-123,1,fog,2700.0,0.0000,0.0000,0,150.000,,0,0.9494,,0.850,0,
5386,11,114,fog-123,1,fog,2800.0,0.0000,0.0000,0,150.000,,0,0.9475,,0.850,0,
5387,11,114,fog-123,1,fog,2900.0,0.0000,0.0000,5,150.500,0.0000,0,0.9456,,0.850,0,
5388,11,114,fog-123,1,fog,3000.0,0.0000,0.0000,0,150.000,,0,0.9438,,0.850,0,
5389,11,114,fog-123,1,fog,3100.0,0.0000,0.0000,0,150.000,,0,0.9419,,0.850,0,
5390,11,114,fog-123,1,fog,3200.0,0.0000,0.0000,0,150.000,,0,0.9400,,0.850,0,
5391,11,114,fog-123,1,fog,3300.0,0.0000,0.0000,0,150.000,,0,0.9381,,0.850,0,
5392,11,114,fog-123,1,fog,3400.0,0.0000,0.0000,0,150.000,,0,0.9363,,0.850,0,
5393,11,114,fog-123,1,fog,3500.0,0.0000,0.0000,0,150.000,,0,0.9344,,0.850,0,
5394,11,114,fog-123,1,fog,3600.0,0.0000,0.0000,3,150.300,0.5000,0,0.9325,,0.850,0,
5395,11,114,fog-123,1,fog,3700.0,0.0000,0.0000,0,150.000,,0,0.9306,,0.850,0,
5396,11,114,fog-123,1,fog,3800.0,0.0000,0.0000,0,150.000,,0,0.9288,,0.850,0,
5397,11,114,fog-123,1,fog,3900.0,0.0000,0.0000,0,150.000,,0,0.9269,,0.850,0,
5398,11,114,fog-123,1,fog,4000.0,0.0000,0.0000,0,150.000,,0,0.9250,,0.850,0,
5399,11,114,fog-123,1,fog,4100.0,0.0000,0.0000,0,150.000,,0,0.9231,,0.850,0,
5400,11,114,fog-123,1,fog,4200.0,0.0000,0.0000,0,150.000,,0,0.9213,,0.850,0,
5401,11,114,fog-123,1,fog,4300.0,0.0000,0.0000,0,150.000,,0,0.9194,,0.850,0,
5402,11,114,fog-123,1,fog,4400.0,0.0000,0.0000,0,150.000,,0,0.9175,,0.850,0,
5403,11,114,fog-123,1,fog,4500.0,0.0000,0.0000,5,150.500,0.0000,0,0.9156,,0.850,0,
5404,11,114,fog-123,1,fog,4600.0,0.0000,0.0000,0,150.000,,0,0.9138,,0.850,0,
5405,11,114,fog-123,1,fog,4700.0,0.0000,0.0000,0,150.000,,0,0.9119,,0.850,0,
5406,11,114,fog-123,1,fog,4800.0,0.0000,0.0000,0,150.000,,0,0.9100,,0.850,0,
5407,11,114,fog-123,1,fog,4900.0,0.0000,0.0000,4,150.400,0.3536,0,0.9081,,0.850,0,
5408,11,114,fog-123,1,fog,5000.0,0.0000,0.0000,0,150.000,,0,0.9063,,0.850,0,
5409,11,115,fog-124,1,fog,0.0,0.0000,0.0000,0,150.000,,0,1.0000,,0.850,0,
5410,11,115,fog-124,1,fog,100.0,0.0000,0.0000,0,150.000,,0,0.9981,,0.850,0,
5411,11,115,fog-124,1,fog,200.0,0.0000,0.0000,0,150.000,,0,0.9963,,0.850,0,
5412,11,115,fog-124,1,fog,300.0,0.0000,0.0000,0,150.000,,0,0.9944,,0.850,0,
5413,11,115,fog-124,1,fog,400.0,0.0000,0.0000,0,150.000,,0,0.9925,,0.850,0,
5414,11,115,fog-124,1,fog,500.0,0.0000,0.0000,0,150.000,,0,0.9906,,0.850,0,
5415,11,115,fog-124,1,fog,600.0,0.0000,0.0000,0,150.000,,0,0.9888,,0.850,0,
5416,11,115,fog-124,1,fog,700.0,0.0000,0.0000,0,150.000,,0,0.9869,,0.850,0,
5417,11,115,fog-124,1,fog,800.0,0.0000,0.0000,0,150.000,,0,0.9850,,0.850,0,
5418,11,115,fog-124,1,fog,900.0,0.0000,0.0000,0,150.000,,0,0.9831,,0.850,0,
5419,11,115,fog-124,1,fog,1000.0,0.0000,0.0000,0,150.000,,0,0.9813,,0.850,0,
5420,11,115,fog-124,1,fog,1100.0,0.0000,0.0000,0,150.000,,0,0.9794,,0.850,0,
5421,11,115,fog-124,1,fog,1200.0,0.0000,0.0000,0,150.000,,0,0.9775,,0.850,0,
5422,11,115,fog-124,1,fog,1300.0,0.0000,0.0000,0,150.000,,0,0.9756,,0.850,0,
5423,11,115,fog-124,1,fog,1400.0,0.0000,0.0000,0,150.000,,0,0.9738,,0.850,0,
5424,11,115,fog-124,1,fog,1500.0,0.0000,0.0000,0,150.000,,0,0.9719,,0.850,0,
5425,11,115,fog-124,1,fog,1600.0,0.0000,0.0000,0,150.000,,0,0.9700,,0.850,0,
5426,11,115,fog-124,1,fog,1700.0,0.0000,0.0000,0,150.000,,0,0.9681,,0.850,0,
5427,11,115,fog-124,1,fog,1800.0,0.0000,0.0000,0,150.000,,0,0.9663,,0.850,0,
5428,11,115,fog-124,1,fog,1900.0,0.0000,0.0000,0,150.000,,0,0.9644,,0.850,0,
5429,11,115,fog-124,1,fog,2000.0,0.0000,0.0000,0,150.000,,0,0.9625,,0.850,0,
5430,11,115,fog-124,1,fog,2100.0,0.0000,0.0000,0,150.000,,0,0.9606,,0.850,0,
5431,11,115,fog-124,1,fog,2200.0,0.0000,0.0000,0,150.000,,0,0.9588,,0.850,0,
5432,11,115,fog-124,1,fog,2300.0,0.0000,0.0000,0,150.000,,0,0.9569,,0.850,0,
5433,11,115,fog-124,1,fog,2400.0,0.0000,0.0000,0,150.000,,0,0.9550,,0.850,0,
5434,11,115,fog-124,1,fog,2500.0,0.0000,0.0000,0,150.000,,0,0.9531,,0.850,0,
5435,11,115,fog-124,1,fog,2600.0,0.0000,0.0000,0,150.000,,0,0.9513,,0.850,0,
5436,11,115,fog-124,1,fog,2700.0,0.0000,0.0000,0,150.000,,0,0.9494,,0.850,0,
5437,11,115,fog-124,1,fog,2800.0,0.0000,0.0000,0,150.000,,0,0.9475,,0.850,0,
5438,11,115,fog-124,1,fog,2900.0,0.0000,0.0000,0,150.000,,0,0.9456,,0.850,0,
5439,11,115,fog-124,1,fog,3000.0,0.0000,0.0000,0,150.000,,0,0.9438,,0.850,0,
5440,11,115,fog-124,1,fog,3100.0,0.0000,0.0000,0,150.000,,0,0.9419,,0.850,0,
5441,11,115,fog-124,1,fog,3200.0,0.0000,0.0000,0,150.000,,0,0.9400,,0.850,0,
5442,11,115,fog-124,1,fog,3300.0,0.0000,0.0000,0,150.000,,0,0.9381,,0.850,0,
5443,11,115,fog-124,1,fog,3400.0,0.0000,0.0000,0,150.000,,0,0.9363,,0.850,0,
5444,11,115,fog-124,1,fog,3500.0,0.0000,0.0000,0,150.000,,0,0.9344,,0.850,0,
5445,11,115,fog-124,1,fog,3600.0,0.0000,0.0000,0,150.000,,0,0.9325,,0.850,0,
5446,11,115,fog-124,1,fog,3700.0,0.0000,0.0000,0,150.000,,0,0.9306,,0.850,0,
5447,11,115,fog-124,1,fog,3800.0,0.0000,0.0000,0,150.000,,0,0.9288,,0.850,0,
5448,11,115,fog-124,1,fog,3900.0,0.0000,0.0000,0,150.000,,0,0.9269,,0.850,0,
5449,11,115,fog-124,1,fog,4000.0,0.0000,0.0000,0,150.000,,0,0.9250,,0.850,0,
5450,11,115,fog-124,1,fog,4100.0,0.0000,0.0000,0,150.000,,0,0.9231,,0.850,0,
5451,11,115,fog-124,1,fog,4200.0,0.0000,0.0000,0,150.000,,0,0.9213,,0.850,0,
5452,11,115,fog-124,1,fog,4300.0,0.0000,0.0000,0,150.000,,0,0.9194,,0.850,0,
5453,11,115,fog-124,1,fog,4400.0,0.0000,0.0000,0,150.000,,0,0.9175,,0.850,0,
5454,11,115,fog-124,1,fog,4500.0,0.0000,0.0000,0,150.000,,0,0.9156,,0.850,0,
5455,11,115,fog-124,1,fog,4600.0,0.0000,0.0000,0,150.000,,0,0.9138,,0.850,0,
5456,11,115,fog-124,1,fog,4700.0,0.0000,0.0000,0,150.000,,0,0.9119,,0.850,0,
5457,11,115,fog-124,1,fog,4800.0,0.0000,0.0000,0,150.000,,0,0.9100,,0.850,0,
5458,11,115,fog-124,1,fog,4900.0,0.0000,0.0000,0,150.000,,0,0.9081,,0.850,0,
5459,11,115,fog-124,1,fog,5000.0,0.0000,0.0000,0,150.000,,0,0.9063,,0.850,0,
5460,11,116,fog-125,1,fog,0.0,0.0000,0.0000,0,150.000,,0,1.0000,,0.850,0,
5461,11,116,fog-125,1,fog,100.0,0.0000,0.0000,0,150.000,,0,0.9981,,0.850,0,
5462,11,116,fog-125,1,fog,200.0,0.0000,0.0000,0,150.000,,0,0.9963,,0.850,0,
5463,11,116,fog-125,1,fog,300.0,0.0000,0.0000,0,150.000,,0,0.9944,,0.850,0,
5464,11,116,fog-125,1,fog,400.0,0.0000,0.0000,0,150.000,,0,0.9925,,0.850,0,
5465,11,116,fog-125,1,fog,500.0,0.0000,0.0000,0,150.000,,0,0.9906,,0.850,0,
5466,11,116,fog-125,1,fog,600.0,0.0000,0.0000,0,150.000,,0,0.9888,,0.850,0,
5467,11,116,fog-125,1,fog,700.0,0.0000,0.0000,0,150.000,,0,0.9869,,0.850,0,
5468,11,116,fog-125,1,fog,800.0,0.0000,0.0000,0,150.000,,0,0.9850,,0.850,0,
5469,11,116,fog-125,1,fog,900.0,0.0000,0.0000,0,150.000,,0,0.9831,,0.850,0,
5470,11,116,fog-125,1,fog,1000.0,0.0000,0.0000,0,150.000,,0,0.9813,,0.850,0,
5471,11,116,fog-125,1,fog,1100.0,0.0000,0.0000,0,150.000,,0,0.9794,,0.850,0,
5472,11,116,fog-125,1,fog,1200.0,0.0000,0.0000,0,150.000,,0,0.9775,,0.850,0,
5473,11,116,fog-125,1,fog,1300.0,0.0000,0.0000,0,150.000,,0,0.9756,,0.850,0,
5474,11,116,fog-125,1,fog,1400.0,0.0000,0.0000,0,150.000,,0,0.9738,,0.850,0,
5475,11,116,fog-125,1,fog,1500.0,0.0000,0.0000,0,150.000,,0,0.9719,,0.850,0,
5476,11,116,fog-125,1,fog,1600.0,0.0000,0.0000,0,150.000,,0,0.9700,,0.850,0,
5477,11,116,fog-125,1,fog,1700.0,0.0000,0.0000,0,150.000,,0,0.9681,,0.850,0,
5478,11,116,fog-125,1,fog,1800.0,0.0000,0.0000,0,150.000,,0,0.9663,,0.850,0,
5479,11,116,fog-125,1,fog,1900.0,0.0000,0.0000,0,150.000,,0,0.9644,,0.850,0,
5480,11,116,fog-125,1,fog,2000.0,0.0000,0.0000,0,150.000,,0,0.9625,,0.850,0,
5481,11,116,fog-125,1,fog,2100.0,0.0000,0.0000,0,150.000,,0,0.9606,,0.850,0,
5482,11,116,fog-125,1,fog,2200.0,0.0000,0.0000,0,150.000,,0,0.9588,,0.850,0,
5483,11,116,fog-125,1,fog,2300.0,0.0000,0.0000,0,150.000,,0,0.9569,,0.850,0,
5484,11,116,fog-125,1,fog,2400.0,0.0000,0.0000,0,150.000,,0,0.9550,,0.850,0,
5485,11,116,fog-125,1,fog,2500.0,0.0000,0.0000,0,150.000,,0,0.9531,,0.850,0,
5486,11,116,fog-125,1,fog,2600.0,0.0000,0.0000,0,150.000,,0,0.9513,,0.850,0,
5487,11,116,fog-125,1,fog,2700.0,0.0000,0.0000,0,150.000,,0,0.9494,,0.850,0,
5488,11,116,fog-125,1,fog,2800.0,0.0000,0.0000,0,150.000,,0,0.9475,,0.850,0,
5489,11,116,fog-125,1,fog,2900.0,0.0000,0.0000,0,150.000,,0,0.9456,,0.850,0,
5490,11,116,fog-125,1,fog,3000.0,0.0000,0.0000,0,150.000,,0,0.9438,,0.850,0,
5491,11,116,fog-125,1,fog,3100.0,0.0000,0.0000,0,150.000,,0,0.9419,,0.850,0,
5492,11,116,fog-125,1,fog,3200.0,0.0000,0.0000,0,150.000,,0,0.9400,,0.850,0,
5493,11,116,fog-125,1,fog,3300.0,0.0000,0.0000,0,150.000,,0,0.9381,,0.850,0,
5494,11,116,fog-125,1,fog,3400.0,0.0000,0.0000,0,150.000,,0,0.9363,,0.850,0,
5495,11,116,fog-125,1,fog,3500.0,0.0000,0.0000,0,150.000,,0,0.9344,,0.850,0,
5496,11,116,fog-125,1,fog,3600.0,0.0000,0.0000,0,150.000,,0,0.9325,,0.850,0,
5497,11,116,fog-125,1,fog,3700.0,0.0000,0.0000,0,150.000,,0,0.9306,,0.850,0,
5498,11,116,fog-125,1,fog,3800.0,0.0000,0.0000,0,150.000,,0,0.9288,,0.850,0,
5499,11,116,fog-125,1,fog,3900.0,0.0000,0.0000,0,150.000,,0,0.9269,,0.850,0,
5500,11,116,fog-125,1,fog,4000.0,0.0000,0.0000,0,150.000,,0,0.9250,,0.850,0,
5501,11,116,fog-125,1,fog,4100.0,0.0000,0.0000,0,150.000,,0,0.9231,,0.850,0,
5502,11,116,fog-125,1,fog,4200.0,0.0000,0.0000,0,150.000,,0,0.9213,,0.850,0,
5503,11,116,fog-125,1,fog,4300.0,0.0000,0.0000,0,150.000,,0,0.9194,,0.850,0,
5504,11,116,fog-125,1,fog,4400.0,0.0000,0.0000,0,150.000,,0,0.9175,,0.850,0,
5505,11,116,fog-125,1,fog,4500.0,0.0000,0.0000,0,150.000,,0,0.9156,,0.850,0,
5506,11,116,fog-125,1,fog,4600.0,0.0000,0.0000,0,150.000,,0,0.9138,,0.850,0,
5507,11,116,fog-125,1,fog,4700.0,0.0000,0.0000,0,150.000,,0,0.9119,,0.850,0,
5508,11,116,fog-125,1,fog,4800.0,0.0000,0.0000,0,150.000,,0,0.9100,,0.850,0,
5509,11,116,fog-125,1,fog,4900.0,0.0000,0.0000,0,150.000,,0,0.9081,,0.850,0,
5510,11,116,fog-125,1,fog,5000.0,0.0000,0.0000,0,150.000,,0,0.9063,,0.850,0,
5511,11,117,fog-126,1,fog,0.0,0.0000,0.0000,0,150.000,,0,1.0000,,0.850,0,1784.6
5512,11,117,fog-126,1,fog,100.0,0.0000,0.0000,0,150.000,,0,0.9981,,0.850,0,1784.6
5513,11,117,fog-126,1,fog,200.0,0.0000,0.0000,0,150.000,,0,0.9963,,0.850,0,1784.6
5514,11,117,fog-126,1,fog,300.0,0.0000,0.0000,0,150.000,,0,0.9944,,0.850,0,1784.6
5515,11,117,fog-126,1,fog,400.0,0.0000,0.0000,0,150.000,,0,0.9925,,0.850,0,1784.6
5516,11,117,fog-126,1,fog,500.0,0.0000,0.0000,0,150.000,,0,0.9906,,0.850,0,1784.6
5517,11,117,fog-126,1,fog,600.0,0.0000,0.0000,0,150.000,,0,0.9888,,0.850,0,1784.6
5518,11,117,fog-126,1,fog,700.0,0.0000,0.0000,0,150.000,,0,0.9869,,0.850,0,1784.6
5519,11,117,fog-126,1,fog,800.0,0.0000,0.0000,0,150.000,,0,0.9850,,0.850,0,1784.6
5520,11,117,fog-126,1,fog,900.0,0.0000,0.0000,0,150.000,,0,0.9831,,0.850,0,1784.6
5521,11,117,fog-126,1,fog,1000.0,0.0000,0.0000,0,150.000,,0,0.9813,,0.850,0,1784.6
5522,11,117,fog-126,1,fog,1100.0,0.0000,0.0000,0,150.000,,0,0.9794,,0.850,0,1784.6
5523,11,117,fog-126,1,fog,1200.0,0.0000,0.0000,0,150.000,,0,0.9775,,0.850,0,1784.6
5524,11,117,fog-126,1,fog,1300.0,0.0000,0.0000,0,150.000,,0,0.9756,,0.850,0,1784.6
5525,11,117,fog-126,1,fog,1400.0,0.0000,0.0000,0,150.000,,0,0.9738,,0.850,0,1784.6
5526,11,117,fog-126,1,fog,1500.0,0.0000,0.0000,0,150.000,,0,0.9719,,0.850,0,1784.6
5527,11,117,fog-126,1,fog,1600.0,0.0000,0.0000,0,150.000,,0,0.9700,,0.850,1,1784.6
5528,11,117,fog-126,1,fog,1700.0,0.0000,0.0000,0,150.000,,0,0.9681,,0.850,1,1784.6
5529,11,118,fog-127,1,fog,0.0,0.0000,0.0000,0,150.000,,0,1.0000,,0.850,0,
5530,11,118,fog-127,1,fog,100.0,0.0000,0.0000,0,150.000,,0,0.9981,,0.850,0,
5531,11,118,fog-127,1,fog,200.0,0.0000,0.0000,5,150.500,0.0000,0,0.9963,,0.850,0,
5532,11,118,fog-127,1,fog,300.0,0.0000,0.0000,0,150.000,,0,0.9944,,0.850,0,
5533,11,118,fog-127,1,fog,400.0,0.0000,0.0000,5,150.500,0.0000,0,0.9925,,0.850,0,
5534,11,118,fog-127,1,fog,500.0,0.0000,0.0000,8,150.800,0.8543,0,0.9906,,0.850,0,
5535,11,118,fog-127,1,fog,600.0,0.0000,0.0000,0,150.000,,0,0.9888,,0.850,0,
5536,11,118,fog-127,1,fog,700.0,0.0000,0.0000,0,150.000,,0,0.9869,,0.850,0,
5537,11,118,fog-127,1,fog,800.0,0.0000,0.0000,0,150.000,,0,0.9850,,0.850,0,
5538,11,118,fog-127,1,fog,900.0,0.0000,0.0000,0,150.000,,0,0.9831,,0.850,0,
5539,11,118,fog-127,1,fog,1000.0,0.0000,0.0000,9,150.900,0.9918,0,0.9813,,0.850,0,
5540,11,118,fog-127,1,fog,1100.0,0.0000,0.0000,10,151.000,1.0000,0,0.9794,,0.850,0,
5541,11,118,fog-127,1,fog,1200.0,0.0000,0.0000,0,150.000,,0,0.9775,,0.850,0,
5542,11,118,fog-127,1,fog,1300.0,0.0000,0.0000,4,150.400,0.0000,0,0.9756,,0.850,0,
5543,11,118,fog-127,1,fog,1400.0,0.0000,0.0000,5,150.500,0.0000,0,0.9738,,0.850,0,
5544,11,118,fog-127,1,fog,1500.0,0.0000,0.0000,0,150.000,,0,0.9719,,0.850,0,
5545,11,118,fog-127,1,fog,1600.0,0.0000,0.0000,0,150.000,,0,0.9700,,0.850,0,
5546,11,118,fog-127,1,fog,1700.0,0.0000,0.0000,5,150.500,0.0000,0,0.9681,,0.850,0,
5547,11,118,fog-127,1,fog,1800.0,0.0000,0.0000,16,151.300,1.0000,0,0.9663,,0.850,0,
5548,11,118,fog-127,1,fog,1900.0,0.0000,0.0000,0,150.000,,0,0.9644,,0.850,0,
5549,11,118,fog-127,1,fog,2000.0,0.0000,0.0000,0,150.000,,0,0.9625,,0.850,0,
5550,11,118,fog-127,1,fog,2100.0,0.0000,0.0000,0,150.000,,0,0.9606,,0.850,0,
5551,11,118,fog-127,1,fog,2200.0,0.0000,0.0000,0,150.000,,0,0.9588,,0.850,0,
5552,11,118,fog-127,1,fog,2300.0,0.0000,0.0000,5,150.500,0.0000,0,0.9569,,0.850,0,
5553,11,118,fog-127,1,fog,2400.0,0.0000,0.0000,5,150.500,0.0000,0,0.9550,,0.850,0,
5554,11,118,fog-127,1,fog,2500.0,0.0000,0.0000,5,150.500,0.0000,0,0.9531,,0.850,0,
5555,11,118,fog-127,1,fog,2600.0,0.0000,0.0000,4,150.400,0.0000,0,0.9513,,0.850,0,
5556,11,118,fog-127,1,fog,2700.0,0.0000,0.0000,0,150.000,,0,0.9494,,0.850,0,
5557,11,118,fog-127,1,fog,2800.0,0.0000,0.0000,5,150.500,0.0000,0,0.9475,,0.850,0,
5558,11,118,fog-127,1,fog,2900.0,0.0000,0.0000,0,150.000,,0,0.9456,,0.850,0,
5559,11,118,fog-127,1,fog,3000.0,0.0000,0.0000,3,150.300,0.0000,0,0.9438,,0.850,0,
5560,11,118,fog-127,1,fog,3100.0,0.0000,0.0000,5,150.500,0.0000,0,0.9419,,0.850,0,
5561,11,118,fog-127,1,fog,3200.0,0.0000,0.0000,5,150.500,0.0000,0,0.9400,,0.850,0,
5562,11,118,fog-127,1,fog,3300.0,0.0000,0.0000,4,150.400,0.0000,0,0.9381,,0.850,0,
5563,11,118,fog-127,1,fog,3400.0,0.0000,0.0000,9,150.900,1.0000,0,0.9363,,0.850,0,
5564,11,118,fog-127,1,fog,3500.0,0.0000,0.0000,0,150.000,,0,0.9344,,0.850,0,
5565,11,118,fog-127,1,fog,3600.0,0.0000,0.0000,5,150.500,0.0000,0,0.9325,,0.850,0,
5566,11,118,fog-127,1,fog,3700.0,0.0000,0.0000,0,150.000,,0,0.9306,,0.850,0,
5567,11,118,fog-127,1,fog,3800.0,0.0000,0.0000,3,150.300,0.0000,0,0.9288,,0.850,0,
5568,11,118,fog-127,1,fog,3900.0,0.0000,0.0000,5,150.500,0.0000,0,0.9269,,0.850,0,
5569,11,118,fog-127,1,fog,4000.0,0.0000,0.0000,0,150.000,,0,0.9250,,0.850,0,
5570,11,118,fog-127,1,fog,4100.0,0.0000,0.0000,4,150.400,0.0000,0,0.9231,,0.850,0,
5571,11,118,fog-127,1,fog,4200.0,0.0000,0.0000,4,150.400,0.3536,0,0.9213,,0.850,0,
5572,11,118,fog-127,1,fog,4300.0,0.0000,0.0000,0,150.000,,0,0.9194,,0.850,0,
5573,11,118,fog-127,1,fog,4400.0,0.0000,0.0000,9,150.900,1.0000,0,0.9175,,0.850,0,
5574,11,118,fog-127,1,fog,4500.0,0.0000,0.0000,4,150.400,0.3536,0,0.9156,,0.850,0,
5575,11,118,fog-127,1,fog,4600.0,0.0000,0.0000,10,151.000,1.0000,0,0.9138,,0.850,0,
5576,11,118,fog-127,1,fog,4700.0,0.0000,0.0000,9,150.900,0.9763,0,0.9119,,0.850,0,
5577,11,118,fog-127,1,fog,4800.0,0.0000,0.0000,9,150.900,0.9918,0,0.9100,,0.850,0,
5578,11,118,fog-127,1,fog,4900.0,0.0000,0.0000,0,150.000,,0,0.9081,,0.850,0,
5579,11,118,fog-127,1,fog,5000.0,0.0000,0.0000,10,151.000,1.0000,0,0.9063,,0.850,0,
5580,11,119,fog-128,1,fog,0.0,0.0000,0.0000,0,150.000,,0,1.0000,,0.850,0,
5581,11,119,fog-128,1,fog,100.0,0.0000,0.0000,0,150.000,,0,0.9981,,0.850,0,
5582,11,119,fog-128,1,fog,200.0,0.0000,0.0000,0,150.000,,0,0.9963,,0.850,0,
5583,11,119,fog-128,1,fog,300.0,0.0000,0.0000,0,150.000,,0,0.9944,,0.850,0,
5584,11,119,fog-128,1,fog,400.0,0.0000,0.0000,0,150.000,,0,0.9925,,0.850,0,
5585,11,119,fog-128,1,fog,500.0,0.0000,0.0000,0,150.000,,0,0.9906,,0.850,0,
5586,11,119,fog-128,1,fog,600.0,0.0000,0.0000,0,150.000,,0,0.9888,,0.850,0,
5587,11,119,fog-128,1,fog,700.0,0.0000,0.0000,0,150.000,,0,0.9869,,0.850,0,
5588,11,119,fog-128,1,fog,800.0,0.0000,0.0000,0,150.000,,0,0.9850,,0.850,0,
5589,11,119,fog-128,1,fog,900.0,0.0000,0.0000,0,150.000,,0,0.9831,,0.850,0,
5590,11,119,fog-128,1,fog,1000.0,0.0000,0.0000,0,150.000,,0,0.9813,,0.850,0,
5591,11,119,fog-128,1,fog,1100.0,0.0000,0.0000,0,150.000,,0,0.9794,,0.850,0,
5592,11,119,fog-128,1,fog,1200.0,0.0000,0.0000,0,150.000,,0,0.9775,,0.850,0,
5593,11,119,fog-128,1,fog,1300.0,0.0000,0.0000,0,150.000,,0,0.9756,,0.850,0,
5594,11,119,fog-128,1,fog,1400.0,0.0000,0.0000,0,150.000,,0,0.9738,,0.850,0,
5595,11,119,fog-128,1,fog,1500.0,0.0000,0.0000,0,150.000,,0,0.9719,,0.850,0,
5596,11,119,fog-128,1,fog,1600.0,0.0000,0.0000,0,150.000,,0,0.9700,,0.850,0,
5597,11,119,fog-128,1,fog,1700.0,0.0000,0.0000,0,150.000,,0,0.9681,,0.850,0,
5598,11,119,fog-128,1,fog,1800.0,0.0000,0.0000,0,150.000,,0,0.9663,,0.850,0,
5599,11,119,fog-128,1,fog,1900.0,0.0000,0.0000,0,150.000,,0,0.9644,,0.850,0,
5600,11,119,fog-128,1,fog,2000.0,0.0000,0.0000,0,150.000,,0,0.9625,,0.850,0,
5601,11,119,fog-128,1,fog,2100.0,0.0000,0.0000,0,150.000,,0,0.9606,,0.850,0,
5602,11,119,fog-128,1,fog,2200.0,0.0000,0.0000,0,150.000,,0,0.9588,,0.850,0,
5603,11,119,fog-128,1,fog,2300.0,0.0000,0.0000,0,150.000,,0,0.9569,,0.850,0,
5604,11,119,fog-128,1,fog,2400.0,0.0000,0.0000,0,150.000,,0,0.9550,,0.850,0,
5605,11,119,fog-128,1,fog,2500.0,0.0000,0.0000,0,150.000,,0,0.9531,,0.850,0,
5606,11,119,fog-128,1,fog,2600.0,0.0000,0.0000,0,150.000,,0,0.9513,,0.850,0,
5607,11,119,fog-128,1,fog,2700.0,0.0000,0.0000,0,150.000,,0,0.9494,,0.850,0,
5608,11,119,fog-128,1,fog,2800.0,0.0000,0.0000,0,150.000,,0,0.9475,,0.850,0,
5609,11,119,fog-128,1,fog,2900.0,0.0000,0.0000,0,150.000,,0,0.9456,,0.850,0,
5610,11,119,fog-128,1,fog,3000.0,0.0000,0.0000,0,150.000,,0,0.9438,,0.850,0,
5611,11,119,fog-128,1,fog,3100.0,0.0000,0.0000,0,150.000,,0,0.9419,,0.850,0,
5612,11,119,fog-128,1,fog,3200.0,0.0000,0.0000,0,150.000,,0,0.9400,,0.850,0,
5613,11,119,fog-128,1,fog,3300.0,0.0000,0.0000,0,150.000,,0,0.9381,,0.850,0,
5614,11,119,fog-128,1,fog,3400.0,0.0000,0.0000,0,150.000,,0,0.9363,,0.850,0,
5615,11,119,fog-128,1,fog,3500.0,0.0000,0.0000,0,150.000,,0,0.9344,,0.850,0,
5616,11,119,fog-128,1,fog,3600.0,0.0000,0.0000,0,150.000,,0,0.9325,,0.850,0,
5617,11,119,fog-128,1,fog,3700.0,0.0000,0.0000,0,150.000,,0,0.9306,,0.850,0,
5618,11,119,fog-128,1,fog,3800.0,0.0000,0.0000,0,150.000,,0,0.9288,,0.850,0,
5619,11,119,fog-128,1,fog,3900.0,0.0000,0.0000,0,150.000,,0,0.9269,,0.850,0,
5620,11,119,fog-128,1,fog,4000.0,0.0000,0.0000,0,150.000,,0,0.9250,,0.850,0,
5621,11,119,fog-128,1,fog,4100.0,0.0000,0.0000,0,150.000,,0,0.9231,,0.850,0,
5622,11,119,fog-128,1,fog,4200.0,0.0000,0.0000,0,150.000,,0,0.9213,,0.850,0,
5623,11,119,fog-128,1,fog,4300.0,0.0000,0.0000,0,150.000,,0,0.9194,,0.850,0,
5624,11,119,fog-128,1,fog,4400.0,0.0000,0.0000,0,150.000,,0,0.9175,,0.850,0,
5625,11,119,fog-128,1,fog,4500.0,0.0000,0.0000,0,150.000,,0,0.9156,,0.850,0,
5626,11,119,fog-128,1,fog,4600.0,0.0000,0.0000,0,150.000,,0,0.9138,,0.850,0,
5627,11,119,fog-128,1,fog,4700.0,0.0000,0.0000,0,150.000,,0,0.9119,,0.850,0,
5628,11,119,fog-128,1,fog,4800.0,0.0000,0.0000,0,150.000,,0,0.9100,,0.850,0,
5629,11,119,fog-128,1,fog,4900.0,0.0000,0.0000,0,150.000,,0,0.9081,,0.850,0,
5630,11,119,fog-128,1,fog,5000.0,0.0000,0.0000,0,150.000,,0,0.9063,,0.850,0,
5631,11,120,fog-129,1,fog,0.0,0.0000,0.0000,0,150.000,,0,1.0000,,0.850,0,
5632,11,120,fog-129,1,fog,100.0,0.0000,0.0000,0,150.000,,0,0.9981,,0.850,0,
5633,11,120,fog-129,1,fog,200.0,0.0000,0.0000,0,150.000,,0,0.9963,,0.850,0,
5634,11,120,fog-129,1,fog,300.0,0.0000,0.0000,0,150.000,,0,0.9944,,0.850,0,
5635,11,120,fog-129,1,fog,400.0,0.0000,0.0000,0,150.000,,0,0.9925,,0.850,0,
5636,11,120,fog-129,1,fog,500.0,0.0000,0.0000,0,150.000,,0,0.9906,,0.850,0,
5637,11,120,fog-129,1,fog,600.0,0.0000,0.0000,0,150.000,,0,0.9888,,0.850,0,
5638,11,120,fog-129,1,fog,700.0,0.0000,0.0000,0,150.000,,0,0.9869,,0.850,0,
5639,11,120,fog-129,1,fog,800.0,0.0000,0.0000,0,150.000,,0,0.9850,,0.850,0,
5640,11,120,fog-129,1,fog,900.0,0.0000,0.0000,0,150.000,,0,0.9831,,0.850,0,
5641,11,120,fog-129,1,fog,1000.0,0.0000,0.0000,0,150.000,,0,0.9813,,0.850,0,
5642,11,120,fog-129,1,fog,1100.0,0.0000,0.0000,0,150.000,,0,0.9794,,0.850,0,
5643,11,120,fog-129,1,fog,1200.0,0.0000,0.0000,0,150.000,,0,0.9775,,0.850,0,
5644,11,120,fog-129,1,fog,1300.0,0.0000,0.0000,0,150.000,,0,0.9756,,0.850,0,
5645,11,120,fog-129,1,fog,1400.0,0.0000,0.0000,0,150.000,,0,0.9738,,0.850,0,
5646,11,120,fog-129,1,fog,1500.0,0.0000,0.0000,0,150.000,,0,0.9719,,0.850,0,
5647,11,120,fog-129,1,fog,1600.0,0.0000,0.0000,0,150.000,,0,0.9700,,0.850,0,
5648,11,120,fog-129,1,fog,1700.0,0.0000,0.0000,0,150.000,,0,0.9681,,0.850,0,
5649,11,120,fog-129,1,fog,1800.0,0.0000,0.0000,0,150.000,,0,0.9663,,0.850,0,
5650,11,120,fog-129,1,fog,1900.0,0.0000,0.0000,0,150.000,,0,0.9644,,0.850,0,
5651,11,120,fog-129,1,fog,2000.0,0.0000,0.0000,0,150.000,,0,0.9625,,0.850,0,
5652,11,120,fog-129,1,fog,2100.0,0.0000,0.0000,0,150.000,,0,0.9606,,0.850,0,
5653,11,120,fog-129,1,fog,2200.0,0.0000,0.0000,0,150.000,,0,0.9588,,0.850,0,
5654,11,120,fog-129,1,fog,2300.0,0.0000,0.0000,0,150.000,,0,0.9569,,0.850,0,
5655,11,120,fog-129,1,fog,2400.0,0.0000,0.0000,0,150.000,,0,0.9550,,0.850,0,
5656,11,120,fog-129,1,fog,2500.0,0.0000,0.0000,0,150.000,,0,0.9531,,0.850,0,
5657,11,120,fog-129,1,fog,2600.0,0.0000,0.0000,0,150.000,,0,0.9513,,0.850,0,
5658,11,120,fog-129,1,fog,2700.0,0.0000,0.0000,0,150.000,,0,0.9494,,0.850,0,
5659,11,120,fog-129,1,fog,2800.0,0.0000,0.0000,0,150.000,,0,0.9475,,0.850,0,
5660,11,120,fog-129,1,fog,2900.0,0.0000,0.0000,0,150.000,,0,0.9456,,0.850,0,
5661,11,120,fog-129,1,fog,3000.0,0.0000,0.0000,0,150.000,,0,0.9438,,0.850,0,
5662,11,120,fog-129,1,fog,3100.0,0.0000,0.0000,0,150.000,,0,0.9419,,0.850,0,
5663,11,120,fog-129,1,fog,3200.0,0.0000,0.0000,0,150.000,,0,0.9400,,0.850,0,
5664,11,120,fog-129,1,fog,3300.0,0.0000,0.0000,0,150.000,,0,0.9381,,0.850,0,
5665,11,120,fog-129,1,fog,3400.0,0.0000,0.0000,0,150.000,,0,0.9363,,0.850,0,
5666,11,120,fog-129,1,fog,3500.0,0.0000,0.0000,0,150.000,,0,0.9344,,0.850,0,
5667,11,120,fog-129,1,fog,3600.0,0.0000,0.0000,0,150.000,,0,0.9325,,0.850,0,
5668,11,120,fog-129,1,fog,3700.0,0.0000,0.0000,0,150.000,,0,0.9306,,0.850,0,
5669,11,120,fog-129,1,fog,3800.0,0.0000,0.0000,0,150.000,,0,0.9288,,0.850,0,
5670,11,120,fog-129,1,fog,3900.0,0.0000,0.0000,0,150.000,,0,0.9269,,0.850,0,
5671,11,120,fog-129,1,fog,4000.0,0.0000,0.0000,0,150.000,,0,0.9250,,0.850,0,
5672,11,120,fog-129,1,fog,4100.0,0.0000,0.0000,0,150.000,,0,0.9231,,0.850,0,
5673,11,120,fog-129,1,fog,4200.0,0.0000,0.0000,0,150.000,,0,0.9213,,0.850,0,
5674,11,120,fog-129,1,fog,4300.0,0.0000,0.0000,0,150.000,,0,0.9194,,0.850,0,
5675,11,120,fog-129,1,fog,4400.0,0.0000,0.0000,0,150.000,,0,0.9175,,0.850,0,
5676,11,120,fog-129,1,fog,4500.0,0.0000,0.0000,0,150.000,,0,0.9156,,0.850,0,
5677,11,120,fog-129,1,fog,4600.0,0.0000,0.0000,0,150.000,,0,0.9138,,0.850,0,
5678,11,120,fog-129,1,fog,4700.0,0.0000,0.0000,0,150.000,,0,0.9119,,0.850,0,
5679,11,120,fog-129,1,fog,4800.0,0.0000,0.0000,0,150.000,,0,0.9100,,0.850,0,
5680,11,120,fog-129,1,fog,4900.0,0.0000,0.0000,0,150.000,,0,0.9081,,0.850,0,
5681,11,120,fog-129,1,fog,5000.0,0.0000,0.0000,0,150.000,,0,0.9063,,0.850,0,
5682,11,121,fog-130,1,fog,0.0,0.0000,0.0000,0,150.000,,0,1.0000,,0.850,0,
5683,11,121,fog-130,1,fog,100.0,0.0000,0.0000,4,150.400,1.0000,0,0.9981,,0.850,0,
5684,11,121,fog-130,1,fog,200.0,0.0000,0.0000,4,150.400,0.0000,0,0.9963,,0.850,0,
5685,11,121,fog-130,1,fog,300.0,0.0000,0.0000,4,150.400,0.3536,0,0.9944,,0.850,0,
5686,11,121,fog-130,1,fog,400.0,0.0000,0.0000,5,150.500,0.0000,0,0.9925,,0.850,0,
5687,11,121,fog-130,1,fog,500.0,0.0000,0.0000,4,150.400,0.3536,0,0.9906,,0.850,0,
5688,11,121,fog-130,1,fog,600.0,0.0000,0.0000,5,150.500,0.0000,0,0.9888,,0.850,0,
5689,11,121,fog-130,1,fog,700.0,0.0000,0.0000,18,151.400,1.0000,0,0.9869,,0.850,0,
5690,11,121,fog-130,1,fog,800.0,0.0000,0.0000,18,151.400,1.0000,0,0.9850,,0.850,0,
5691,11,121,fog-130,1,fog,900.0,0.0000,0.0000,18,151.400,1.0000,0,0.9831,,0.850,0,
5692,11,121,fog-130,1,fog,1000.0,0.0000,0.0000,9,150.900,0.9878,0,0.9813,,0.850,0,
5693,11,121,fog-130,1,fog,1100.0,0.0000,0.0000,0,150.000,,0,0.9794,,0.850,0,
5694,11,121,fog-130,1,fog,1200.0,0.0000,0.0000,0,150.000,,0,0.9775,,0.850,0,
5695,11,121,fog-130,1,fog,1300.0,0.0000,0.0000,0,150.000,,0,0.9756,,0.850,0,
5696,11,121,fog-130,1,fog,1400.0,0.0000,0.0000,5,150.500,0.0000,0,0.9738,,0.850,0,
5697,11,121,fog-130,1,fog,1500.0,0.0000,0.0000,4,150.400,0.3536,0,0.9719,,0.850,0,
5698,11,121,fog-130,1,fog,1600.0,0.0000,0.0000,5,150.500,0.0000,0,0.9700,,0.850,0,
5699,11,121,fog-130,1,fog,1700.0,0.0000,0.0000,5,150.500,0.0000,0,0.9681,,0.850,0,
5700,11,121,fog-130,1,fog,1800.0,0.0000,0.0000,0,150.000,,0,0.9663,,0.850,0,
5701,11,121,fog-130,1,fog,1900.0,0.0000,0.0000,0,150.000,,0,0.9644,,0.850,0,
5702,11,121,fog-130,1,fog,2000.0,0.0000,0.0000,0,150.000,,0,0.9625,,0.850,0,
5703,11,121,fog-130,1,fog,2100.0,0.0000,0.0000,4,150.400,0.0000,0,0.9606,,0.850,0,
5704,11,121,fog-130,1,fog,2200.0,0.0000,0.0000,7,150.700,0.7071,0,0.9588,,0.850,0,
5705,11,121,fog-130,1,fog,2300.0,0.0000,0.0000,8,150.800,0.8660,0,0.9569,,0.850,0,
5706,11,121,fog-130,1,fog,2400.0,0.0000,0.0000,10,151.000,1.0000,0,0.9550,,0.850,0,
5707,11,121,fog-130,1,fog,2500.0,0.0000,0.0000,26,151.800,1.0000,0,0.9531,,0.850,0,
5708,11,121,fog-130,1,fog,2600.0,0.0000,0.0000,34,152.200,1.0000,0,0.9513,,0.850,0,
5709,11,121,fog-130,1,fog,2700.0,0.0000,0.0000,10,151.000,1.0000,0,0.9494,,0.850,0,
5710,11,121,fog-130,1,fog,2800.0,0.0000,0.0000,5,150.500,0.0000,0,0.9475,,0.850,0,
5711,11,121,fog-130,1,fog,2900.0,0.0000,0.0000,24,151.700,1.0000,0,0.9456,,0.850,0,
5712,11,121,fog-130,1,fog,3000.0,0.0000,0.0000,18,151.400,1.0000,0,0.9438,,0.850,0,
5713,11,121,fog-130,1,fog,3100.0,0.0000,0.0000,10,151.000,1.0000,0,0.9419,,0.850,0,
5714,11,121,fog-130,1,fog,3200.0,0.0000,0.0000,9,150.900,1.0000,0,0.9400,,0.850,0,
5715,11,121,fog-130,1,fog,3300.0,0.0000,0.0000,5,150.500,0.0000,0,0.9381,,0.850,0,
5716,11,121,fog-130,1,fog,3400.0,0.0000,0.0000,8,150.800,0.8660,0,0.9363,,0.850,0,
5717,11,121,fog-130,1,fog,3500.0,0.0000,0.0000,10,151.000,1.0000,0,0.9344,,0.850,0,
5718,11,121,fog-130,1,fog,3600.0,0.0000,0.0000,10,151.000,1.0000,0,0.9325,,0.850,0,
5719,11,121,fog-130,1,fog,3700.0,0.0000,0.0000,5,150.500,0.0000,0,0.9306,,0.850,0,
5720,11,121,fog-130,1,fog,3800.0,0.0000,0.0000,10,151.000,1.0000,0,0.9288,,0.850,0,
5721,11,121,fog-130,1,fog,3900.0,0.0000,0.0000,10,151.000,1.0000,0,0.9269,,0.850,0,
5722,11,121,fog-130,1,fog,4000.0,0.0000,0.0000,10,151.000,1.0000,0,0.9250,,0.850,0,
5723,11,121,fog-130,1,fog,4100.0,0.0000,0.0000,5,150.500,0.0000,0,0.9231,,0.850,0,
5724,11,121,fog-130,1,fog,4200.0,0.0000,0.0000,4,150.400,0.3536,0,0.9213,,0.850,0,
5725,11,121,fog-130,1,fog,4300.0,0.0000,0.0000,0,150.000,,0,0.9194,,0.850,0,
5726,11,121,fog-130,1,fog,4400.0,0.0000,0.0000,0,150.000,,0,0.9175,,0.850,0,
5727,11,121,fog-130,1,fog,4500.0,0.0000,0.0000,0,150.000,,0,0.9156,,0.850,0,
5728,11,121,fog-130,1,fog,4600.0,0.0000,0.0000,4,150.400,0.3536,0,0.9138,,0.850,0,
5729,11,121,fog-130,1,fog,4700.0,0.0000,0.0000,16,151.300,1.0000,0,0.9119,,0.850,0,
5730,11,121,fog-130,1,fog,4800.0,0.0000,0.0000,18,151.400,1.0000,0,0.9100,,0.850,0,
5731,11,121,fog-130,1,fog,4900.0,0.0000,0.0000,18,151.400,1.0000,0,0.9081,,0.850,0,
5732,11,121,fog-130,1,fog,5000.0,0.0000,0.0000,16,151.300,1.0000,0,0.9063,,0.850,0,
5733,11,122,edge-0,2,edge,0.0,0.0000,0.0188,0,1.519,,1,1.0000,,0.700,0,
5734,11,122,edge-0,2,edge,100.0,0.0286,0.0188,4,1.719,1.0000,1,0.9873,,0.700,0,
5735,11,122,edge-0,2,edge,200.0,0.0714,0.0188,9,1.969,0.8561,1,0.9825,,0.700,0,
5736,11,122,edge-0,2,edge,300.0,0.0714,0.0188,11,2.019,0.9403,1,0.9797,,0.700,0,
5737,11,122,edge-0,2,edge,400.0,0.0714,0.0188,11,2.283,0.9403,2,0.9749,,0.700,0,
5738,11,122,edge-0,2,edge,500.0,0.0714,0.0188,9,2.233,0.8561,1,0.9702,,0.700,0,
5739,11,122,edge-0,2,edge,600.0,0.0714,0.0188,9,2.233,0.8598,1,0.9674,,0.700,0,
5740,11,122,edge-0,2,edge,700.0,0.0714,0.0188,11,2.270,0.9403,2,0.9626,,0.700,0,
5741,11,122,edge-0,2,edge,800.0,0.0714,0.0188,11,2.270,0.9403,2,0.9578,,0.700,0,
5742,11,122,edge-0,2,edge,900.0,0.0714,0.0188,11,2.270,0.9403,1,0.9531,,0.700,0,
5743,11,122,edge-0,2,edge,1000.0,0.0714,0.0188,11,2.270,0.9403,1,0.9483,,0.700,0,
5744,11,122,edge-0,2,edge,1100.0,0.0714,0.0188,11,2.031,0.9403,2,0.9436,,0.700,0,
5745,11,122,edge-0,2,edge,1200.0,0.0714,0.0188,11,2.269,0.9403,2,0.9388,,0.700,0,
5746,11,122,edge-0,2,edge,1300.0,0.0714,0.0188,11,2.165,0.9403,3,0.9341,,0.700,0,
5747,11,122,edge-0,2,edge,1400.0,0.0714,0.0188,11,2.165,0.9403,3,0.9293,,0.700,0,
5748,11,122,edge-0,2,edge,1500.0,0.0714,0.0188,9,2.219,0.8598,4,0.9246,,0.700,0,
5749,11,122,edge-0,2,edge,1600.0,0.0714,0.0188,11,2.179,0.9403,4,0.9198,,0.700,0,
5750,11,122,edge-0,2,edge,1700.0,0.0714,0.0188,11,2.179,0.9403,3,0.9150,,0.700,0,
5751,11,122,edge-0,2,edge,1800.0,0.0714,0.0188,11,2.179,0.9403,2,0.9103,,0.700,0,
5752,11,122,edge-0,2,edge,1900.0,0.0714,0.0188,7,2.029,0.6324,2,0.9055,,0.700,0,
5753,11,122,edge-0,2,edge,2000.0,0.0714,0.0188,11,2.179,0.9403,1,0.9027,,0.700,0,
5754,11,122,edge-0,2,edge,2100.0,0.0714,0.0188,11,2.179,0.9403,0,0.8979,,0.700,0,
5755,11,122,edge-0,2,edge,2200.0,0.0714,0.0188,11,2.179,0.9403,0,0.8932,,0.700,0,
5756,11,122,edge-0,2,edge,2300.0,0.0714,0.0188,11,2.077,0.9403,1,0.8884,,0.700,0,
5757,11,122,edge-0,2,edge,2400.0,0.0714,0.0188,11,2.278,0.9403,2,0.8837,,0.700,0,
5758,11,122,edge-0,2,edge,2500.0,0.0714,0.0188,11,2.215,0.9403,3,0.8789,,0.700,0,
5759,11,122,edge-0,2,edge,2600.0,0.0714,0.0188,9,2.254,0.8598,4,0.8742,,0.700,0,
5760,11,122,edge-0,2,edge,2700.0,0.0714,0.0188,9,2.425,0.8598,5,0.8694,,0.700,0,
5761,11,122,edge-0,2,edge,2800.0,0.0714,0.0188,9,2.298,0.8561,5,0.8647,,0.700,0,
5762,11,122,edge-0,2,edge,2900.0,0.0714,0.0188,8,2.248,0.7604,4,0.8618,,0.700,0,
5763,11,122,edge-0,2,edge,3000.0,0.0714,0.0188,9,2.298,0.8598,3,0.8571,,0.700,0,
5764,11,122,edge-0,2,edge,3100.0,0.0714,0.0188,11,2.348,0.9403,2,0.8523,,0.700,0,
5765,11,122,edge-0,2,edge,3200.0,0.0714,0.0188,8,2.248,0.7604,1,0.8476,,0.700,0,
5766,11,122,edge-0,2,edge,3300.0,0.0714,0.0188,8,2.248,0.7581,0,0.8428,,0.700,0,
5767,11,122,edge-0,2,edge,3400.0,0.0714,0.0188,11,2.558,0.9403,1,0.8400,,0.700,0,
5768,11,122,edge-0,2,edge,3500.0,0.0714,0.0188,11,2.558,0.9403,1,0.8352,,0.700,0,
5769,11,122,edge-0,2,edge,3600.0,0.0714,0.0188,9,2.508,0.8598,1,0.8305,,0.700,0,
5770,11,122,edge-0,2,edge,3700.0,0.0714,0.0188,11,2.558,0.9403,1,0.8257,,0.700,0,
5771,11,122,edge-0,2,edge,3800.0,0.0714,0.0188,11,2.297,0.9403,1,0.8210,,0.700,0,
5772,11,122,edge-0,2,edge,3900.0,0.0714,0.0188,11,2.457,0.9403,1,0.8162,,0.700,0,
5773,11,122,edge-0,2,edge,4000.0,0.0714,0.0188,9,2.319,0.8561,2,0.8114,,0.700,0,
5774,11,122,edge-0,2,edge,4100.0,0.0714,0.0188,8,2.062,0.7604,3,0.8086,,0.700,0,
5775,11,122,edge-0,2,edge,4200.0,0.0714,0.0188,11,2.375,0.9403,4,0.8039,,0.700,0,
5776,11,122,edge-0,2,edge,4300.0,0.0714,0.0188,9,2.325,0.8561,4,0.7991,,0.700,0,
5777,11,122,edge-0,2,edge,4400.0,0.0714,0.0188,11,2.375,0.9403,3,0.7963,,0.700,0,
5778,11,122,edge-0,2,edge,4500.0,0.0714,0.0188,9,2.329,0.8561,3,0.7915,,0.700,0,
5779,11,122,edge-0,2,edge,4600.0,0.0714,0.0188,11,2.406,0.9403,3,0.7887,,0.700,0,
5780,11,122,edge-0,2,edge,4700.0,0.0714,0.0188,9,2.356,0.8598,2,0.7839,,0.700,0,
5781,11,122,edge-0,2,edge,4800.0,0.0714,0.0188,9,2.410,0.8598,2,0.7792,,0.700,0,
5782,11,122,edge-0,2,edge,4900.0,0.0714,0.0188,9,2.087,0.8598,3,0.7744,,0.700,0,
5783,11,122,edge-0,2,edge,5000.0,0.0714,0.0188,11,2.137,0.9403,2,0.7697,,0.700,0,
5784,11,125,edge-1,2,edge,0.0,0.0000,0.0188,0,1.633,,1,1.0000,,0.700,0,
5785,11,125,edge-1,2,edge,100.0,0.0286,0.0188,4,1.833,1.0000,1,0.9873,,0.700,0,
5786,11,125,edge-1,2,edge,200.0,0.0714,0.0188,11,2.133,0.9403,1,0.9825,,0.700,0,
5787,11,125,edge-1,2,edge,300.0,0.0714,0.0188,11,2.133,0.9403,1,0.9778,,0.700,0,
5788,11,125,edge-1,2,edge,400.0,0.0714,0.0188,9,2.220,0.8598,2,0.9730,,0.700,0,
5789,11,125,edge-1,2,edge,500.0,0.0714,0.0188,8,2.170,0.7604,1,0.9683,,0.700,0,
5790,11,125,edge-1,2,edge,600.0,0.0714,0.0188,11,2.270,0.9403,1,0.9635,,0.700,0,
5791,11,125,edge-1,2,edge,700.0,0.0714,0.0188,11,2.270,0.9403,1,0.9588,,0.700,0,
5792,11,125,edge-1,2,edge,800.0,0.0714,0.0188,11,2.088,0.9403,2,0.9540,,0.700,0,
5793,11,125,edge-1,2,edge,900.0,0.0714,0.0188,11,2.204,0.9403,2,0.9492,,0.700,0,
5794,11,125,edge-1,2,edge,1000.0,0.0714,0.0188,9,2.065,0.8598,3,0.9445,,0.700,0,
5795,11,125,edge-1,2,edge,1100.0,0.0714,0.0188,11,2.400,0.9403,4,0.9397,,0.700,0,
5796,11,125,edge-1,2,edge,1200.0,0.0714,0.0188,9,2.350,0.8598,4,0.9350,,0.700,0,
5797,11,125,edge-1,2,edge,1300.0,0.0714,0.0188,11,2.400,0.9403,3,0.9302,,0.700,0,
5798,11,125,edge-1,2,edge,1400.0,0.0714,0.0188,11,2.400,0.9403,2,0.9255,,0.700,0,
5799,11,125,edge-1,2,edge,1500.0,0.0714,0.0188,11,2.400,0.9403,1,0.9207,,0.700,0,
5800,11,125,edge-1,2,edge,1600.0,0.0714,0.0188,9,2.350,0.8598,0,0.9160,,0.700,0,
5801,11,125,edge-1,2,edge,1700.0,0.0714,0.0188,9,2.561,0.8598,1,0.9112,,0.700,0,
5802,11,125,edge-1,2,edge,1800.0,0.0714,0.0188,9,2.561,0.8561,1,0.9065,,0.700,0,
5803,11,125,edge-1,2,edge,1900.0,0.0714,0.0188,9,2.561,0.8598,1,0.9036,,0.700,0,
5804,11,125,edge-1,2,edge,2000.0,0.0714,0.0188,11,2.335,0.9403,2,0.8989,,0.700,0,
5805,11,125,edge-1,2,edge,2100.0,0.0714,0.0188,11,2.349,0.9403,3,0.8941,,0.700,0,
5806,11,125,edge-1,2,edge,2200.0,0.0714,0.0188,11,2.349,0.9403,2,0.8894,,0.700,0,
5807,11,125,edge-1,2,edge,2300.0,0.0714,0.0188,11,2.349,0.9403,2,0.8846,,0.700,0,
5808,11,125,edge-1,2,edge,2400.0,0.0714,0.0188,9,2.299,0.8598,2,0.8798,,0.700,0,
5809,11,125,edge-1,2,edge,2500.0,0.0714,0.0188,8,2.452,0.7604,2,0.8751,,0.700,0,
5810,11,125,edge-1,2,edge,2600.0,0.0714,0.0188,9,2.502,0.8598,1,0.8703,,0.700,0,
5811,11,125,edge-1,2,edge,2700.0,0.0714,0.0188,11,2.552,0.9403,1,0.8656,,0.700,0,
5812,11,125,edge-1,2,edge,2800.0,0.0714,0.0188,9,2.502,0.8598,1,0.8608,,0.700,0,
5813,11,125,edge-1,2,edge,2900.0,0.0714,0.0188,11,2.552,0.9403,1,0.8561,,0.700,0,
5814,11,125,edge-1,2,edge,3000.0,0.0714,0.0188,9,2.502,0.8561,0,0.8513,,0.700,0,
5815,11,125,edge-1,2,edge,3100.0,0.0714,0.0188,9,2.365,0.8561,1,0.8485,,0.700,0,
5816,11,125,edge-1,2,edge,3200.0,0.0714,0.0188,11,2.415,0.9403,1,0.8456,,0.700,0,
5817,11,125,edge-1,2,edge,3300.0,0.0714,0.0188,11,2.415,0.9403,1,0.8409,,0.700,0,
5818,11,125,edge-1,2,edge,3400.0,0.0714,0.0188,11,2.415,0.9403,1,0.8361,,0.700,0,
5819,11,125,edge-1,2,edge,3500.0,0.0714,0.0188,9,2.365,0.8598,1,0.8314,,0.700,0,
5820,11,125,edge-1,2,edge,3600.0,0.0714,0.0188,11,2.301,0.9403,1,0.8266,,0.700,0,
5821,11,125,edge-1,2,edge,3700.0,0.0714,0.0188,11,2.178,0.9403,2,0.8219,,0.700,0,
5822,11,125,edge-1,2,edge,3800.0,0.0714,0.0188,11,2.313,0.9403,3,0.8171,,0.700,0,
5823,11,125,edge-1,2,edge,3900.0,0.0714,0.0188,11,2.164,0.9403,4,0.8124,,0.700,0,
5824,11,125,edge-1,2,edge,4000.0,0.0714,0.0188,11,2.218,0.9403,5,0.8076,,0.700,0,
5825,11,125,edge-1,2,edge,4100.0,0.0714,0.0188,11,2.127,0.9403,5,0.8028,,0.700,0,
5826,11,125,edge-1,2,edge,4200.0,0.0714,0.0188,8,2.260,0.7604,5,0.7981,,0.700,0,
5827,11,125,edge-1,2,edge,4300.0,0.0714,0.0188,9,2.067,0.8598,5,0.7933,,0.700,0,
5828,11,125,edge-1,2,edge,4400.0,0.0714,0.0188,11,2.095,0.9403,5,0.7886,,0.700,0,
5829,11,125,edge-1,2,edge,4500.0,0.0714,0.0188,11,2.247,0.9403,5,0.7838,,0.700,0,
5830,11,125,edge-1,2,edge,4600.0,0.0714,0.0188,9,2.215,0.8598,5,0.7791,,0.700,0,
5831,11,125,edge-1,2,edge,4700.0,0.0714,0.0188,11,2.265,0.9403,4,0.7743,,0.700,0,
5832,11,125,edge-1,2,edge,4800.0,0.0714,0.0188,11,2.265,0.9403,3,0.7696,,0.700,0,
5833,11,125,edge-1,2,edge,4900.0,0.0714,0.0188,9,2.154,0.8598,3,0.7648,,0.700,0,
5834,11,125,edge-1,2,edge,5000.0,0.0714,0.0188,11,2.324,0.9403,3,0.7600,,0.700,0,
5835,11,128,edge-2,2,edge,0.0,0.0000,0.0188,0,1.691,,1,1.0000,,0.700,0,
5836,11,128,edge-2,2,edge,100.0,0.0286,0.0188,4,1.891,1.0000,1,0.9873,,0.700,0,
5837,11,128,edge-2,2,edge,200.0,0.0714,0.0188,9,2.141,0.8561,1,0.9825,,0.700,0,
5838,11,128,edge-2,2,edge,300.0,0.0714,0.0188,9,2.141,0.8598,1,0.9797,,0.700,0,
5839,11,128,edge-2,2,edge,400.0,0.0714,0.0188,11,2.191,0.9403,1,0.9749,,0.700,0,
5840,11,128,edge-2,2,edge,500.0,0.0714,0.0188,9,2.146,0.8598,1,0.9702,,0.700,0,
5841,11,128,edge-2,2,edge,600.0,0.0714,0.0188,9,2.194,0.8598,2,0.9654,,0.700,0,
5842,11,128,edge-2,2,edge,700.0,0.0714,0.0188,11,2.184,0.9403,3,0.9607,,0.700,0,
5843,11,128,edge-2,2,edge,800.0,0.0714,0.0188,11,2.239,0.9403,4,0.9559,,0.700,0,
5844,11,128,edge-2,2,edge,900.0,0.0714,0.0188,11,2.111,0.9403,5,0.9512,,0.700,0,
5845,11,128,edge-2,2,edge,1000.0,0.0714,0.0188,9,2.061,0.8598,4,0.9464,,0.700,0,
5846,11,128,edge-2,2,edge,1100.0,0.0714,0.0188,11,2.229,0.9403,4,0.9417,,0.700,0,
5847,11,128,edge-2,2,edge,1200.0,0.0714,0.0188,11,2.349,0.9403,4,0.9369,,0.700,0,
5848,11,128,edge-2,2,edge,1300.0,0.0714,0.0188,11,2.258,0.9403,4,0.9321,,0.700,0,
5849,11,128,edge-2,2,edge,1400.0,0.0714,0.0188,11,2.258,0.9403,3,0.9274,,0.700,0,
5850,11,128,edge-2,2,edge,1500.0,0.0714,0.0188,11,2.079,0.9403,4,0.9226,,0.700,0,
5851,11,128,edge-2,2,edge,1600.0,0.0714,0.0188,11,2.079,0.9403,3,0.9179,,0.700,0,
5852,11,128,edge-2,2,edge,1700.0,0.0714,0.0188,11,2.079,0.9403,2,0.9131,,0.700,0,
5853,11,128,edge-2,2,edge,1800.0,0.0714,0.0188,11,2.079,0.9403,1,0.9084,,0.700,0,
5854,11,128,edge-2,2,edge,1900.0,0.0714,0.0188,11,2.368,0.9403,2,0.9036,,0.700,0,
5855,11,128,edge-2,2,edge,2000.0,0.0714,0.0188,9,2.318,0.8561,1,0.8989,,0.700,0,
5856,11,128,edge-2,2,edge,2100.0,0.0714,0.0188,9,2.318,0.8561,1,0.8960,,0.700,0,
5857,11,128,edge-2,2,edge,2200.0,0.0714,0.0188,9,2.318,0.8561,1,0.8932,,0.700,0,
5858,11,128,edge-2,2,edge,2300.0,0.0714,0.0188,11,2.368,0.9403,1,0.8904,,0.700,0,
5859,11,128,edge-2,2,edge,2400.0,0.0714,0.0188,9,2.318,0.8598,0,0.8856,,0.700,0,
5860,11,128,edge-2,2,edge,2500.0,0.0714,0.0188,9,2.242,0.8598,1,0.8808,,0.700,0,
5861,11,128,edge-2,2,edge,2600.0,0.0714,0.0188,11,2.292,0.9403,1,0.8761,,0.700,0,
5862,11,128,edge-2,2,edge,2700.0,0.0714,0.0188,7,2.142,0.6333,1,0.8713,,0.700,0,
5863,11,128,edge-2,2,edge,2800.0,0.0714,0.0188,11,2.218,0.9403,2,0.8666,,0.700,0,
5864,11,128,edge-2,2,edge,2900.0,0.0714,0.0188,11,2.188,0.9403,3,0.8618,,0.700,0,
5865,11,128,edge-2,2,edge,3000.0,0.0714,0.0188,9,2.139,0.8561,3,0.8571,,0.700,0,
5866,11,128,edge-2,2,edge,3100.0,0.0714,0.0188,9,2.139,0.8598,3,0.8542,,0.700,0,
5867,11,128,edge-2,2,edge,3200.0,0.0714,0.0188,9,2.139,0.8598,3,0.8495,,0.700,0,
5868,11,128,edge-2,2,edge,3300.0,0.0714,0.0188,11,2.065,0.9403,3,0.8447,,0.700,0,
5869,11,128,edge-2,2,edge,3400.0,0.0714,0.0188,9,2.015,0.8561,2,0.8400,,0.700,0,
5870,11,128,edge-2,2,edge,3500.0,0.0714,0.0188,11,2.283,0.9403,2,0.8371,,0.700,0,
5871,11,128,edge-2,2,edge,3600.0,0.0714,0.0188,9,2.233,0.8598,2,0.8324,,0.700,0,
5872,11,128,edge-2,2,edge,3700.0,0.0714,0.0188,11,2.283,0.9403,2,0.8276,,0.700,0,
5873,11,128,edge-2,2,edge,3800.0,0.0714,0.0188,9,2.170,0.8561,2,0.8229,,0.700,0,
5874,11,128,edge-2,2,edge,3900.0,0.0714,0.0188,9,2.278,0.8598,3,0.8200,,0.700,0,
5875,11,128,edge-2,2,edge,4000.0,0.0714,0.0188,11,2.328,0.9403,2,0.8153,,0.700,0,
5876,11,128,edge-2,2,edge,4100.0,0.0714,0.0188,9,2.512,0.8598,3,0.8105,,0.700,0,
5877,11,128,edge-2,2,edge,4200.0,0.0714,0.0188,9,2.512,0.8598,3,0.8058,,0.700,0,
5878,11,128,edge-2,2,edge,4300.0,0.0714,0.0188,8,2.462,0.7581,2,0.8010,,0.700,0,
5879,11,128,edge-2,2,edge,4400.0,0.0714,0.0188,11,2.562,0.9403,1,0.7982,,0.700,0,
5880,11,128,edge-2,2,edge,4500.0,0.0714,0.0188,11,2.562,0.9403,1,0.7934,,0.700,0,
5881,11,128,edge-2,2,edge,4600.0,0.0714,0.0188,11,2.562,0.9403,0,0.7887,,0.700,0,
5882,11,128,edge-2,2,edge,4700.0,0.0714,0.0188,11,2.562,0.9403,0,0.7839,,0.700,0,
5883,11,128,edge-2,2,edge,4800.0,0.0714,0.0188,11,2.205,0.9403,0,0.7792,,0.700,0,
5884,11,128,edge-2,2,edge,4900.0,0.0714,0.0188,11,2.205,0.9403,0,0.7744,,0.700,0,
5885,11,128,edge-2,2,edge,5000.0,0.0714,0.0188,8,2.105,0.7604,0,0.7697,,0.700,0,
5886,11,131,edge-3,2,edge,0.0,0.0000,0.0188,0,1.823,,1,1.0000,,0.700,0,4083.5
5887,11,131,edge-3,2,edge,100.0,0.0286,0.0188,4,2.023,1.0000,1,0.9873,,0.700,0,4083.5
5888,11,131,edge-3,2,edge,200.0,0.0714,0.0188,11,2.361,0.9403,2,0.9825,,0.700,0,4083.5
5889,11,131,edge-3,2,edge,300.0,0.0714,0.0188,11,2.247,0.9403,3,0.9778,,0.700,0,4083.5
5890,11,131,edge-3,2,edge,400.0,0.0714,0.0188,9,2.197,0.8598,3,0.9730,,0.700,0,4083.5
5891,11,131,edge-3,2,edge,500.0,0.0714,0.0188,11,2.247,0.9403,2,0.9683,,0.700,0,4083.5
5892,11,131,edge-3,2,edge,600.0,0.0714,0.0188,9,2.197,0.8598,2,0.9635,,0.700,0,4083.5
5893,11,131,edge-3,2,edge,700.0,0.0714,0.0188,11,2.487,0.9403,1,0.9588,,0.700,0,4083.5
5894,11,131,edge-3,2,edge,800.0,0.0714,0.0188,11,2.200,0.9403,0,0.9540,,0.700,0,4083.5
5895,11,131,edge-3,2,edge,900.0,0.0714,0.0188,11,2.099,0.9403,1,0.9492,,0.700,0,4083.5
5896,11,131,edge-3,2,edge,1000.0,0.0714,0.0188,11,2.099,0.9403,1,0.9445,,0.700,0,4083.5
5897,11,131,edge-3,2,edge,1100.0,0.0714,0.0188,9,2.330,0.8598,2,0.9397,,0.700,0,4083.5
5898,11,131,edge-3,2,edge,1200.0,0.0714,0.0188,11,2.380,0.9403,2,0.9350,,0.700,0,4083.5
5899,11,131,edge-3,2,edge,1300.0,0.0714,0.0188,11,2.380,0.9403,2,0.9302,,0.700,0,4083.5
5900,11,131,edge-3,2,edge,1400.0,0.0714,0.0188,11,2.200,0.9403,2,0.9255,,0.700,0,4083.5
5901,11,131,edge-3,2,edge,1500.0,0.0714,0.0188,11,2.356,0.9403,3,0.9207,,0.700,0,4083.5
5902,11,131,edge-3,2,edge,1600.0,0.0714,0.0188,9,2.136,0.8598,3,0.9160,,0.700,0,4083.5
5903,11,131,edge-3,2,edge,1700.0,0.0714,0.0188,9,2.136,0.8598,3,0.9112,,0.700,0,4083.5
5904,11,131,edge-3,2,edge,1800.0,0.0714,0.0188,11,2.368,0.9403,4,0.9065,,0.700,0,4083.5
5905,11,131,edge-3,2,edge,1900.0,0.0714,0.0188,8,2.051,0.7604,4,0.9017,,0.700,0,4083.5
5906,11,131,edge-3,2,edge,2000.0,0.0714,0.0188,11,2.182,0.9403,4,0.8969,,0.700,0,4083.5
5907,11,131,edge-3,2,edge,2100.0,0.0714,0.0188,7,2.032,0.6333,3,0.8922,,0.700,0,4083.5
5908,11,131,edge-3,2,edge,2200.0,0.0714,0.0188,11,2.202,0.9403,4,0.8874,,0.700,0,4083.5
5909,11,131,edge-3,2,edge,2300.0,0.0714,0.0188,7,2.238,0.6333,4,0.8827,,0.700,0,4083.5
5910,11,131,edge-3,2,edge,2400.0,0.0714,0.0188,11,2.388,0.9403,3,0.8779,,0.700,0,4083.5
5911,11,131,edge-3,2,edge,2500.0,0.0714,0.0188,11,2.388,0.9403,2,0.8732,,0.700,0,4083.5
5912,11,131,edge-3,2,edge,2600.0,0.0714,0.0188,11,2.388,0.9403,2,0.8684,,0.700,0,4083.5
5913,11,131,edge-3,2,edge,2700.0,0.0714,0.0188,8,2.288,0.7581,1,0.8637,,0.700,0,4083.5
5914,11,131,edge-3,2,edge,2800.0,0.0714,0.0188,11,2.388,0.9403,0,0.8608,,0.700,0,4083.5
5915,11,131,edge-3,2,edge,2900.0,0.0714,0.0188,11,2.388,0.9403,0,0.8561,,0.700,0,4083.5
5916,11,131,edge-3,2,edge,3000.0,0.0714,0.0188,9,2.178,0.8598,1,0.8513,,0.700,0,4083.5
5917,11,131,edge-3,2,edge,3100.0,0.0714,0.0188,11,2.228,0.9403,1,0.8466,,0.700,0,4083.5
5918,11,131,edge-3,2,edge,3200.0,0.0714,0.0188,9,2.178,0.8561,1,0.8418,,0.700,0,4083.5
5919,11,131,edge-3,2,edge,3300.0,0.0714,0.0188,11,2.228,0.9403,1,0.8390,,0.700,0,4083.5
5920,11,131,edge-3,2,edge,3400.0,0.0714,0.0188,11,2.209,0.9403,1,0.8342,,0.700,0,4083.5
5921,11,131,edge-3,2,edge,3500.0,0.0714,0.0188,11,2.040,0.9403,1,0.8295,,0.700,0,4083.5
5922,11,131,edge-3,2,edge,3600.0,0.0714,0.0188,11,2.040,0.9403,1,0.8247,,0.700,0,4083.5
5923,11,131,edge-3,2,edge,3700.0,0.0714,0.0188,11,2.260,0.9403,2,0.8199,,0.700,0,4083.5
5924,11,131,edge-3,2,edge,3800.0,0.0714,0.0188,11,2.036,0.9403,3,0.8152,,0.700,0,4083.5
5925,11,131,edge-3,2,edge,3900.0,0.0714,0.0188,11,2.516,0.9403,3,0.8104,,0.700,1,4083.5
5926,11,131,edge-3,2,edge,4000.0,0.0714,0.0188,9,2.466,0.8598,2,0.8057,,0.700,1,4083.5
5927,11,134,edge-4,2,edge,0.0,0.0000,0.0188,0,2.062,,1,1.0000,,0.700,0,
5928,11,134,edge-4,2,edge,100.0,0.0286,0.0188,4,2.262,1.0000,1,0.9873,,0.700,0,
5929,11,134,edge-4,2,edge,200.0,0.0714,0.0188,11,2.562,0.9403,1,0.9825,,0.700,0,
5930,11,134,edge-4,2,edge,300.0,0.0714,0.0188,9,2.315,0.8598,2,0.9778,,0.700,0,
5931,11,134,edge-4,2,edge,400.0,0.0714,0.0188,11,2.033,0.9403,3,0.9730,,0.700,0,
5932,11,134,edge-4,2,edge,500.0,0.0714,0.0188,8,1.933,0.7604,2,0.9683,,0.700,0,
5933,11,134,edge-4,2,edge,600.0,0.0714,0.0188,9,2.055,0.8598,3,0.9635,,0.700,0,
5934,11,134,edge-4,2,edge,700.0,0.0714,0.0188,9,2.134,0.8598,4,0.9588,,0.700,0,
5935,11,134,edge-4,2,edge,800.0,0.0714,0.0188,11,2.184,0.9403,3,0.9540,,0.700,0,
5936,11,134,edge-4,2,edge,900.0,0.0714,0.0188,9,2.134,0.8598,2,0.9492,,0.700,0,
5937,11,134,edge-4,2,edge,1000.0,0.0714,0.0188,11,2.301,0.9403,2,0.9445,,0.700,0,
5938,11,134,edge-4,2,edge,1100.0,0.0714,0.0188,11,2.301,0.9403,1,0.9397,,0.700,0,
5939,11,134,edge-4,2,edge,1200.0,0.0714,0.0188,11,2.301,0.9403,0,0.9350,,0.700,0,
5940,11,134,edge-4,2,edge,1300.0,0.0714,0.0188,11,2.301,0.9403,0,0.9302,,0.700,0,
5941,11,134,edge-4,2,edge,1400.0,0.0714,0.0188,11,2.301,0.9403,0,0.9255,,0.700,0,
5942,11,134,edge-4,2,edge,1500.0,0.0714,0.0188,11,2.434,0.9403,1,0.9207,,0.700,0,
5943,11,134,edge-4,2,edge,1600.0,0.0714,0.0188,11,2.195,0.9403,1,0.9160,,0.700,0,
5944,11,134,edge-4,2,edge,1700.0,0.0714,0.0188,9,2.145,0.8598,1,0.9112,,0.700,0,
5945,11,134,edge-4,2,edge,1800.0,0.0714,0.0188,11,2.195,0.9403,1,0.9065,,0.700,0,
5946,11,134,edge-4,2,edge,1900.0,0.0714,0.0188,9,2.402,0.8598,2,0.9017,,0.700,0,
5947,11,134,edge-4,2,edge,2000.0,0.0714,0.0188,11,2.452,0.9403,1,0.8969,,0.700,0,
5948,11,134,edge-4,2,edge,2100.0,0.0714,0.0188,9,2.402,0.8561,1,0.8922,,0.700,0,
5949,11,134,edge-4,2,edge,2200.0,0.0714,0.0188,11,2.452,0.9403,1,0.8894,,0.700,0,
5950,11,134,edge-4,2,edge,2300.0,0.0714,0.0188,11,2.452,0.9403,1,0.8846,,0.700,0,
5951,11,134,edge-4,2,edge,2400.0,0.0714,0.0188,11,2.452,0.9403,0,0.8798,,0.700,0,
5952,11,134,edge-4,2,edge,2500.0,0.0714,0.0188,11,2.452,0.9403,0,0.8751,,0.700,0,
5953,11,134,edge-4,2,edge,2600.0,0.0714,0.0188,9,2.402,0.8598,0,0.8703,,0.700,0,
5954,11,134,edge-4,2,edge,2700.0,0.0714,0.0188,11,2.452,0.9403,0,0.8656,,0.700,0,
5955,11,134,edge-4,2,edge,2800.0,0.0714,0.0188,9,2.047,0.8598,1,0.8608,,0.700,0,
5956,11,134,edge-4,2,edge,2900.0,0.0714,0.0188,11,2.210,0.9403,2,0.8561,,0.700,0,
5957,11,134,edge-4,2,edge,3000.0,0.0714,0.0188,9,2.205,0.8598,3,0.8513,,0.700,0,
5958,11,134,edge-4,2,edge,3100.0,0.0714,0.0188,11,2.255,0.9403,3,0.8466,,0.700,0,
5959,11,134,edge-4,2,edge,3200.0,0.0714,0.0188,11,2.255,0.9403,3,0.8418,,0.700,0,
5960,11,134,edge-4,2,edge,3300.0,0.0714,0.0188,9,2.033,0.8598,3,0.8370,,0.700,0,
5961,11,134,edge-4,2,edge,3400.0,0.0714,0.0188,11,2.083,0.9403,2,0.8323,,0.700,0,
5962,11,134,edge-4,2,edge,3500.0,0.0714,0.0188,9,2.033,0.8561,1,0.8275,,0.700,0,
5963,11,134,edge-4,2,edge,3600.0,0.0714,0.0188,11,2.083,0.9403,1,0.8247,,0.700,0,
5964,11,134,edge-4,2,edge,3700.0,0.0714,0.0188,11,2.083,0.9403,1,0.8199,,0.700,0,
5965,11,134,edge-4,2,edge,3800.0,0.0714,0.0188,11,2.191,0.9403,1,0.8152,,0.700,0,
5966,11,134,edge-4,2,edge,3900.0,0.0714,0.0188,11,2.191,0.9403,1,0.8104,,0.700,0,
5967,11,134,edge-4,2,edge,4000.0,0.0714,0.0188,11,2.191,0.9403,1,0.8057,,0.700,0,
5968,11,134,edge-4,2,edge,4100.0,0.0714,0.0188,11,2.208,0.9403,2,0.8009,,0.700,0,
5969,11,134,edge-4,2,edge,4200.0,0.0714,0.0188,9,2.142,0.8561,2,0.7962,,0.700,0,
5970,11,134,edge-4,2,edge,4300.0,0.0714,0.0188,11,2.300,0.9403,2,0.7933,,0.700,0,
5971,11,134,edge-4,2,edge,4400.0,0.0714,0.0188,11,2.300,0.9403,2,0.7886,,0.700,0,
5972,11,134,edge-4,2,edge,4500.0,0.0714,0.0188,9,2.250,0.8598,2,0.7838,,0.700,0,
5973,11,134,edge-4,2,edge,4600.0,0.0714,0.0188,9,2.311,0.8561,1,0.7791,,0.700,0,
5974,11,134,edge-4,2,edge,4700.0,0.0714,0.0188,11,2.126,0.9403,2,0.7762,,0.700,0,
5975,11,134,edge-4,2,edge,4800.0,0.0714,0.0188,11,2.259,0.9403,2,0.7715,,0.700,0,
5976,11,134,edge-4,2,edge,4900.0,0.0714,0.0188,11,2.190,0.9403,3,0.7667,,0.700,0,
5977,11,134,edge-4,2,edge,5000.0,0.0714,0.0188,11,2.115,0.9403,4,0.7620,,0.700,0,
5978,11,137,edge-5,2,edge,0.0,0.0000,0.0188,0,2.058,,1,1.0000,,0.700,0,
5979,11,137,edge-5,2,edge,100.0,0.0286,0.0188,4,2.258,1.0000,1,0.9873,,0.700,0,
5980,11,137,edge-5,2,edge,200.0,0.0714,0.0188,8,2.458,0.7604,1,0.9825,,0.700,0,
5981,11,137,edge-5,2,edge,300.0,0.0714,0.0188,11,2.558,0.9403,1,0.9778,,0.700,0,
5982,11,137,edge-5,2,edge,400.0,0.0714,0.0188,11,2.297,0.9403,1,0.9730,,0.700,0,
5983,11,137,edge-5,2,edge,500.0,0.0714,0.0188,11,2.457,0.9403,1,0.9683,,0.700,0,
5984,11,137,edge-5,2,edge,600.0,0.0714,0.0188,9,2.319,0.8598,2,0.9635,,0.700,0,
5985,11,137,edge-5,2,edge,700.0,0.0714,0.0188,11,2.162,0.9403,3,0.9588,,0.700,0,
5986,11,137,edge-5,2,edge,800.0,0.0714,0.0188,11,2.375,0.9403,4,0.9540,,0.700,0,
5987,11,137,edge-5,2,edge,900.0,0.0714,0.0188,8,2.275,0.7581,4,0.9492,,0.700,0,
5988,11,137,edge-5,2,edge,1000.0,0.0714,0.0188,8,2.275,0.7604,3,0.9464,,0.700,0,
5989,11,137,edge-5,2,edge,1100.0,0.0714,0.0188,9,2.329,0.8598,3,0.9417,,0.700,0,
5990,11,137,edge-5,2,edge,1200.0,0.0714,0.0188,11,2.406,0.9403,3,0.9369,,0.700,0,
5991,11,137,edge-5,2,edge,1300.0,0.0714,0.0188,9,2.356,0.8598,2,0.9321,,0.700,0,
5992,11,137,edge-5,2,edge,1400.0,0.0714,0.0188,11,2.460,0.9403,2,0.9274,,0.700,0,
5993,11,137,edge-5,2,edge,1500.0,0.0714,0.0188,9,2.087,0.8598,3,0.9226,,0.700,0,
5994,11,137,edge-5,2,edge,1600.0,0.0714,0.0188,11,2.137,0.9403,2,0.9179,,0.700,0,
5995,11,137,edge-5,2,edge,1700.0,0.0714,0.0188,11,2.137,0.9403,1,0.9131,,0.700,0,
5996,11,137,edge-5,2,edge,1800.0,0.0714,0.0188,11,2.137,0.9403,1,0.9084,,0.700,0,
5997,11,137,edge-5,2,edge,1900.0,0.0714,0.0188,9,2.087,0.8598,1,0.9036,,0.700,0,
5998,11,137,edge-5,2,edge,2000.0,0.0714,0.0188,11,2.137,0.9403,0,0.8989,,0.700,0,
5999,11,137,edge-5,2,edge,2100.0,0.0714,0.0188,11,2.137,0.9403,0,0.8941,,0.700,0,
6000,11,137,edge-5,2,edge,2200.0,0.0714,0.0188,9,2.141,0.8561,1,0.8894,,0.700,0,
6001,11,137,edge-5,2,edge,2300.0,0.0714,0.0188,9,2.141,0.8598,1,0.8865,,0.700,0,
6002,11,137,edge-5,2,edge,2400.0,0.0714,0.0188,11,2.191,0.9403,1,0.8818,,0.700,0,
6003,11,137,edge-5,2,edge,2500.0,0.0714,0.0188,11,2.191,0.9403,1,0.8770,,0.700,0,
6004,11,137,edge-5,2,edge,2600.0,0.0714,0.0188,11,2.191,0.9403,1,0.8723,,0.700,0,
6005,11,137,edge-5,2,edge,2700.0,0.0714,0.0188,11,2.191,0.9403,0,0.8675,,0.700,0,
6006,11,137,edge-5,2,edge,2800.0,0.0714,0.0188,9,2.238,0.8598,1,0.8627,,0.700,0,
6007,11,137,edge-5,2,edge,2900.0,0.0714,0.0188,11,2.101,0.9403,2,0.8580,,0.700,0,
6008,11,137,edge-5,2,edge,3000.0,0.0714,0.0188,11,2.080,0.9403,3,0.8532,,0.700,0,
6009,11,137,edge-5,2,edge,3100.0,0.0714,0.0188,11,2.298,0.9403,4,0.8485,,0.700,0,
6010,11,137,edge-5,2,edge,3200.0,0.0714,0.0188,9,2.008,0.8598,5,0.8437,,0.700,0,
6011,11,137,edge-5,2,edge,3300.0,0.0714,0.0188,11,2.282,0.9403,4,0.8390,,0.700,0,
6012,11,137,edge-5,2,edge,3400.0,0.0714,0.0188,9,2.232,0.8598,3,0.8342,,0.700,0,
6013,11,137,edge-5,2,edge,3500.0,0.0714,0.0188,11,2.282,0.9403,2,0.8295,,0.700,0,
6014,11,137,edge-5,2,edge,3600.0,0.0714,0.0188,8,2.182,0.7604,1,0.8247,,0.700,0,
6015,11,137,edge-5,2,edge,3700.0,0.0714,0.0188,9,2.135,0.8598,1,0.8199,,0.700,0,
6016,11,137,edge-5,2,edge,3800.0,0.0714,0.0188,11,2.185,0.9403,1,0.8152,,0.700,0,
6017,11,137,edge-5,2,edge,3900.0,0.0714,0.0188,11,2.185,0.9403,1,0.8104,,0.700,0,
6018,11,137,edge-5,2,edge,4000.0,0.0714,0.0188,11,2.185,0.9403,1,0.8057,,0.700,0,
6019,11,137,edge-5,2,edge,4100.0,0.0714,0.0188,11,2.185,0.9403,1,0.8009,,0.700,0,
6020,11,137,edge-5,2,edge,4200.0,0.0714,0.0188,11,2.185,0.9403,0,0.7962,,0.700,0,
6021,11,137,edge-5,2,edge,4300.0,0.0714,0.0188,11,2.185,0.9403,0,0.7914,,0.700,0,
6022,11,137,edge-5,2,edge,4400.0,0.0714,0.0188,11,2.185,0.9403,0,0.7867,,0.700,0,
6023,11,137,edge-5,2,edge,4500.0,0.0714,0.0188,11,2.117,0.9403,1,0.7819,,0.700,0,
6024,11,137,edge-5,2,edge,4600.0,0.0714,0.0188,11,2.339,0.9403,2,0.7771,,0.700,0,
6025,11,137,edge-5,2,edge,4700.0,0.0714,0.0188,11,2.098,0.9403,2,0.7724,,0.700,0,
6026,11,137,edge-5,2,edge,4800.0,0.0714,0.0188,11,2.339,0.9403,3,0.7676,,0.700,0,
6027,11,137,edge-5,2,edge,4900.0,0.0714,0.0188,8,2.239,0.7604,3,0.7629,,0.700,0,
6028,11,137,edge-5,2,edge,5000.0,0.0714,0.0188,11,2.083,0.9403,3,0.7581,,0.700,0,
6029,11,140,edge-6,2,edge,0.0,0.0000,0.0188,0,1.642,,1,1.0000,,0.700,0,
6030,11,140,edge-6,2,edge,100.0,0.0286,0.0188,4,1.842,1.0000,1,0.9873,,0.700,0,
6031,11,140,edge-6,2,edge,200.0,0.0714,0.0188,11,2.142,0.9403,1,0.9825,,0.700,0,
6032,11,140,edge-6,2,edge,300.0,0.0714,0.0188,11,2.142,0.9403,1,0.9778,,0.700,0,
6033,11,140,edge-6,2,edge,400.0,0.0714,0.0188,11,2.142,0.9403,1,0.9730,,0.700,0,
6034,11,140,edge-6,2,edge,500.0,0.0714,0.0188,9,2.238,0.8561,1,0.9683,,0.700,0,
6035,11,140,edge-6,2,edge,600.0,0.0714,0.0188,11,2.288,0.9403,1,0.9654,,0.700,0,
6036,11,140,edge-6,2,edge,700.0,0.0714,0.0188,11,2.288,0.9403,1,0.9607,,0.700,0,
6037,11,140,edge-6,2,edge,800.0,0.0714,0.0188,11,2.288,0.9403,1,0.9559,,0.700,0,
6038,11,140,edge-6,2,edge,900.0,0.0714,0.0188,8,2.188,0.7604,1,0.9512,,0.700,0,
6039,11,140,edge-6,2,edge,1000.0,0.0714,0.0188,11,2.288,0.9403,0,0.9464,,0.700,0,
6040,11,140,edge-6,2,edge,1100.0,0.0714,0.0188,11,2.288,0.9403,0,0.9417,,0.700,0,
6041,11,140,edge-6,2,edge,1200.0,0.0714,0.0188,8,2.188,0.7604,0,0.9369,,0.700,0,
6042,11,140,edge-6,2,edge,1300.0,0.0714,0.0188,9,2.238,0.8561,0,0.9321,,0.700,0,
6043,11,140,edge-6,2,edge,1400.0,0.0714,0.0188,11,2.191,0.9403,1,0.9293,,0.700,0,
6044,11,140,edge-6,2,edge,1500.0,0.0714,0.0188,9,2.141,0.8598,1,0.9246,,0.700,0,
6045,11,140,edge-6,2,edge,1600.0,0.0714,0.0188,11,2.191,0.9403,1,0.9198,,0.700,0,
6046,11,140,edge-6,2,edge,1700.0,0.0714,0.0188,11,2.191,0.9403,1,0.9150,,0.700,0,
6047,11,140,edge-6,2,edge,1800.0,0.0714,0.0188,11,2.319,0.9403,2,0.9103,,0.700,0,
6048,11,140,edge-6,2,edge,1900.0,0.0714,0.0188,11,2.110,0.9403,2,0.9055,,0.700,0,
6049,11,140,edge-6,2,edge,2000.0,0.0714,0.0188,11,2.411,0.9403,2,0.9008,,0.700,0,
6050,11,140,edge-6,2,edge,2100.0,0.0714,0.0188,9,2.361,0.8561,2,0.8960,,0.700,0,
6051,11,140,edge-6,2,edge,2200.0,0.0714,0.0188,9,2.044,0.8598,2,0.8932,,0.700,0,
6052,11,140,edge-6,2,edge,2300.0,0.0714,0.0188,8,2.167,0.7604,2,0.8884,,0.700,0,
6053,11,140,edge-6,2,edge,2400.0,0.0714,0.0188,9,2.248,0.8598,2,0.8837,,0.700,0,
6054,11,140,edge-6,2,edge,2500.0,0.0714,0.0188,11,2.076,0.9403,3,0.8789,,0.700,0,
6055,11,140,edge-6,2,edge,2600.0,0.0714,0.0188,11,2.157,0.9403,4,0.8742,,0.700,0,
6056,11,140,edge-6,2,edge,2700.0,0.0714,0.0188,11,2.310,0.9403,5,0.8694,,0.700,0,
6057,11,140,edge-6,2,edge,2800.0,0.0714,0.0188,11,2.310,0.9403,4,0.8647,,0.700,0,
6058,11,140,edge-6,2,edge,2900.0,0.0714,0.0188,9,1.967,0.8598,4,0.8599,,0.700,0,
6059,11,140,edge-6,2,edge,3000.0,0.0714,0.0188,9,2.278,0.8598,4,0.8552,,0.700,0,
6060,11,140,edge-6,2,edge,3100.0,0.0714,0.0188,9,2.155,0.8561,4,0.8504,,0.700,0,
6061,11,140,edge-6,2,edge,3200.0,0.0714,0.0188,11,2.335,0.9403,4,0.8476,,0.700,0,
6062,11,140,edge-6,2,edge,3300.0,0.0714,0.0188,9,2.285,0.8598,4,0.8428,,0.700,0,
6063,11,140,edge-6,2,edge,3400.0,0.0714,0.0188,9,2.084,0.8598,4,0.8381,,0.700,0,
6064,11,140,edge-6,2,edge,3500.0,0.0714,0.0188,8,2.099,0.7604,4,0.8333,,0.700,0,
6065,11,140,edge-6,2,edge,3600.0,0.0714,0.0188,11,2.133,0.9403,4,0.8285,,0.700,0,
6066,11,140,edge-6,2,edge,3700.0,0.0714,0.0188,11,2.133,0.9403,3,0.8238,,0.700,0,
6067,11,140,edge-6,2,edge,3800.0,0.0714,0.0188,8,2.033,0.7604,3,0.8190,,0.700,0,
6068,11,140,edge-6,2,edge,3900.0,0.0714,0.0188,9,2.220,0.8598,3,0.8143,,0.700,0,
6069,11,140,edge-6,2,edge,4000.0,0.0714,0.0188,8,2.170,0.7604,2,0.8095,,0.700,0,
6070,11,140,edge-6,2,edge,4100.0,0.0714,0.0188,8,2.170,0.7581,1,0.8048,,0.700,0,
6071,11,140,edge-6,2,edge,4200.0,0.0714,0.0188,11,2.270,0.9403,1,0.8019,,0.700,0,
6072,11,140,edge-6,2,edge,4300.0,0.0714,0.0188,9,2.038,0.8598,2,0.7972,,0.700,0,
6073,11,140,edge-6,2,edge,4400.0,0.0714,0.0188,9,2.154,0.8598,2,0.7924,,0.700,0,
6074,11,140,edge-6,2,edge,4500.0,0.0714,0.0188,9,2.065,0.8598,3,0.7877,,0.700,0,
6075,11,140,edge-6,2,edge,4600.0,0.0714,0.0188,11,2.400,0.9403,4,0.7829,,0.700,0,
6076,11,140,edge-6,2,edge,4700.0,0.0714,0.0188,9,2.350,0.8598,4,0.7782,,0.700,0,
6077,11,140,edge-6,2,edge,4800.0,0.0714,0.0188,11,2.400,0.9403,3,0.7734,,0.700,0,
6078,11,140,edge-6,2,edge,4900.0,0.0714,0.0188,9,2.350,0.8598,2,0.7686,,0.700,0,
6079,11,140,edge-6,2,edge,5000.0,0.0714,0.0188,11,2.400,0.9403,1,0.7639,,0.700,0,
6080,11,143,edge-7,2,edge,0.0,0.0000,0.0188,0,1.828,,1,1.0000,,0.700,0,
6081,11,143,edge-7,2,edge,100.0,0.0286,0.0188,4,2.028,1.0000,1,0.9873,,0.700,0,
6082,11,143,edge-7,2,edge,200.0,0.0714,0.0188,11,2.328,0.9403,1,0.9825,,0.700,0,
6083,11,143,edge-7,2,edge,300.0,0.0714,0.0188,9,2.512,0.8598,2,0.9778,,0.700,0,
6084,11,143,edge-7,2,edge,400.0,0.0714,0.0188,11,2.562,0.9403,2,0.9730,,0.700,0,
6085,11,143,edge-7,2,edge,500.0,0.0714,0.0188,8,2.462,0.7581,1,0.9683,,0.700,0,
6086,11,143,edge-7,2,edge,600.0,0.0714,0.0188,9,2.512,0.8598,1,0.9654,,0.700,0,
6087,11,143,edge-7,2,edge,700.0,0.0714,0.0188,9,2.512,0.8561,1,0.9607,,0.700,0,
6088,11,143,edge-7,2,edge,800.0,0.0714,0.0188,11,2.562,0.9403,0,0.9578,,0.700,0,
6089,11,143,edge-7,2,edge,900.0,0.0714,0.0188,11,2.562,0.9403,0,0.9531,,0.700,0,
6090,11,143,edge-7,2,edge,1000.0,0.0714,0.0188,9,2.155,0.8598,0,0.9483,,0.700,0,
6091,11,143,edge-7,2,edge,1100.0,0.0714,0.0188,11,2.205,0.9403,0,0.9436,,0.700,0,
6092,11,143,edge-7,2,edge,1200.0,0.0714,0.0188,11,2.205,0.9403,0,0.9388,,0.700,0,
6093,11,143,edge-7,2,edge,1300.0,0.0714,0.0188,9,2.155,0.8598,0,0.9341,,0.700,0,
6094,11,143,edge-7,2,edge,1400.0,0.0714,0.0188,9,2.284,0.8598,1,0.9293,,0.700,0,
6095,11,143,edge-7,2,edge,1500.0,0.0714,0.0188,11,2.334,0.9403,1,0.9246,,0.700,0,
6096,11,143,edge-7,2,edge,1600.0,0.0714,0.0188,11,2.151,0.9403,2,0.9198,,0.700,0,
6097,11,143,edge-7,2,edge,1700.0,0.0714,0.0188,11,2.151,0.9403,2,0.9150,,0.700,0,
6098,11,143,edge-7,2,edge,1800.0,0.0714,0.0188,9,2.303,0.8598,3,0.9103,,0.700,0,
6099,11,143,edge-7,2,edge,1900.0,0.0714,0.0188,11,2.353,0.9403,2,0.9055,,0.700,0,
6100,11,143,edge-7,2,edge,2000.0,0.0714,0.0188,11,2.353,0.9403,2,0.9008,,0.700,0,
6101,11,143,edge-7,2,edge,2100.0,0.0714,0.0188,9,2.269,0.8598,2,0.8960,,0.700,0,
6102,11,143,edge-7,2,edge,2200.0,0.0714,0.0188,8,2.219,0.7604,2,0.8913,,0.700,0,
6103,11,143,edge-7,2,edge,2300.0,0.0714,0.0188,11,2.319,0.9403,1,0.8865,,0.700,0,
6104,11,143,edge-7,2,edge,2400.0,0.0714,0.0188,9,2.269,0.8598,1,0.8818,,0.700,0,
6105,11,143,edge-7,2,edge,2500.0,0.0714,0.0188,11,2.076,0.9403,2,0.8770,,0.700,0,
6106,11,143,edge-7,2,edge,2600.0,0.0714,0.0188,11,2.076,0.9403,1,0.8723,,0.700,0,
6107,11,143,edge-7,2,edge,2700.0,0.0714,0.0188,9,2.026,0.8598,1,0.8675,,0.700,0,
6108,11,143,edge-7,2,edge,2800.0,0.0714,0.0188,11,2.350,0.9403,2,0.8627,,0.700,0,
6109,11,143,edge-7,2,edge,2900.0,0.0714,0.0188,11,2.350,0.9403,2,0.8580,,0.700,0,
6110,11,143,edge-7,2,edge,3000.0,0.0714,0.0188,11,2.116,0.9403,2,0.8532,,0.700,0,
6111,11,143,edge-7,2,edge,3100.0,0.0714,0.0188,11,2.362,0.9403,3,0.8485,,0.700,0,
6112,11,143,edge-7,2,edge,3200.0,0.0714,0.0188,11,2.059,0.9403,4,0.8437,,0.700,0,
6113,11,143,edge-7,2,edge,3300.0,0.0714,0.0188,11,2.197,0.9403,4,0.8390,,0.700,0,
6114,11,143,edge-7,2,edge,3400.0,0.0714,0.0188,11,2.413,0.9403,5,0.8342,,0.700,0,
6115,11,143,edge-7,2,edge,3500.0,0.0714,0.0188,11,2.068,0.9403,5,0.8295,,0.700,0,
6116,11,143,edge-7,2,edge,3600.0,0.0714,0.0188,11,2.068,0.9403,4,0.8247,,0.700,0,
6117,11,143,edge-7,2,edge,3700.0,0.0714,0.0188,11,2.206,0.9403,4,0.8199,,0.700,0,
6118,11,143,edge-7,2,edge,3800.0,0.0714,0.0188,9,2.211,0.8598,4,0.8152,,0.700,0,
6119,11,143,edge-7,2,edge,3900.0,0.0714,0.0188,9,2.181,0.8598,4,0.8104,,0.700,0,
6120,11,143,edge-7,2,edge,4000.0,0.0714,0.0188,11,2.231,0.9403,3,0.8057,,0.700,0,
6121,11,143,edge-7,2,edge,4100.0,0.0714,0.0188,9,2.181,0.8598,3,0.8009,,0.700,0,
6122,11,143,edge-7,2,edge,4200.0,0.0714,0.0188,11,2.068,0.9403,3,0.7962,,0.700,0,
6123,11,143,edge-7,2,edge,4300.0,0.0714,0.0188,11,2.068,0.9403,2,0.7914,,0.700,0,
6124,11,143,edge-7,2,edge,4400.0,0.0714,0.0188,8,1.968,0.7581,1,0.7867,,0.700,0,
6125,11,143,edge-7,2,edge,4500.0,0.0714,0.0188,11,2.068,0.9403,1,0.7838,,0.700,0,
6126,11,143,edge-7,2,edge,4600.0,0.0714,0.0188,11,2.068,0.9403,1,0.7791,,0.700,0,
6127,11,143,edge-7,2,edge,4700.0,0.0714,0.0188,9,2.018,0.8598,0,0.7743,,0.700,0,
6128,11,143,edge-7,2,edge,4800.0,0.0714,0.0188,11,2.068,0.9403,0,0.7696,,0.700,0,
6129,11,143,edge-7,2,edge,4900.0,0.0714,0.0188,11,2.068,0.9403,0,0.7648,,0.700,0,
6130,11,143,edge-7,2,edge,5000.0,0.0714,0.0188,11,2.068,0.9403,0,0.7600,,0.700,0,
6131,11,146,edge-8,2,edge,0.0,0.0000,0.0188,0,1.888,,1,1.0000,,0.700,0,
6132,11,146,edge-8,2,edge,100.0,0.0286,0.0188,3,2.038,0.8561,1,0.9873,,0.700,0,
6133,11,146,edge-8,2,edge,200.0,0.0714,0.0188,11,2.388,0.9403,1,0.9845,,0.700,0,
6134,11,146,edge-8,2,edge,300.0,0.0714,0.0188,11,2.388,0.9403,1,0.9797,,0.700,0,
6135,11,146,edge-8,2,edge,400.0,0.0714,0.0188,11,2.388,0.9403,1,0.9749,,0.700,0,
6136,11,146,edge-8,2,edge,500.0,0.0714,0.0188,9,2.178,0.8598,1,0.9702,,0.700,0,
6137,11,146,edge-8,2,edge,600.0,0.0714,0.0188,11,2.228,0.9403,1,0.9654,,0.700,0,
6138,11,146,edge-8,2,edge,700.0,0.0714,0.0188,9,2.178,0.8598,1,0.9607,,0.700,0,
6139,11,146,edge-8,2,edge,800.0,0.0714,0.0188,9,2.178,0.8598,1,0.9559,,0.700,0,
6140,11,146,edge-8,2,edge,900.0,0.0714,0.0188,9,2.159,0.8598,1,0.9512,,0.700,0,
6141,11,146,edge-8,2,edge,1000.0,0.0714,0.0188,11,2.040,0.9403,1,0.9464,,0.700,0,
6142,11,146,edge-8,2,edge,1100.0,0.0714,0.0188,9,1.990,0.8561,1,0.9417,,0.700,0,
6143,11,146,edge-8,2,edge,1200.0,0.0714,0.0188,11,2.260,0.9403,2,0.9388,,0.700,0,
6144,11,146,edge-8,2,edge,1300.0,0.0714,0.0188,11,2.036,0.9403,3,0.9341,,0.700,0,
6145,11,146,edge-8,2,edge,1400.0,0.0714,0.0188,11,2.516,0.9403,3,0.9293,,0.700,0,
6146,11,146,edge-8,2,edge,1500.0,0.0714,0.0188,9,2.466,0.8598,2,0.9246,,0.700,0,
6147,11,146,edge-8,2,edge,1600.0,0.0714,0.0188,9,2.466,0.8561,2,0.9198,,0.700,0,
6148,11,146,edge-8,2,edge,1700.0,0.0714,0.0188,11,2.489,0.9403,2,0.9170,,0.700,0,
6149,11,146,edge-8,2,edge,1800.0,0.0714,0.0188,11,2.489,0.9403,1,0.9122,,0.700,0,
6150,11,146,edge-8,2,edge,1900.0,0.0714,0.0188,11,2.261,0.9403,2,0.9075,,0.700,0,
6151,11,146,edge-8,2,edge,2000.0,0.0714,0.0188,11,2.261,0.9403,2,0.9027,,0.700,0,
6152,11,146,edge-8,2,edge,2100.0,0.0714,0.0188,11,2.261,0.9403,2,0.8979,,0.700,0,
6153,11,146,edge-8,2,edge,2200.0,0.0714,0.0188,11,2.261,0.9403,1,0.8932,,0.700,0,
6154,11,146,edge-8,2,edge,2300.0,0.0714,0.0188,8,2.161,0.7581,1,0.8884,,0.700,0,
6155,11,146,edge-8,2,edge,2400.0,0.0714,0.0188,8,2.161,0.7604,0,0.8856,,0.700,0,
6156,11,146,edge-8,2,edge,2500.0,0.0714,0.0188,11,2.286,0.9403,0,0.8808,,0.700,0,
6157,11,146,edge-8,2,edge,2600.0,0.0714,0.0188,9,2.161,0.8598,0,0.8761,,0.700,0,
6158,11,146,edge-8,2,edge,2700.0,0.0714,0.0188,11,2.211,0.9403,0,0.8713,,0.700,0,
6159,11,146,edge-8,2,edge,2800.0,0.0714,0.0188,11,2.211,0.9403,0,0.8666,,0.700,0,
6160,11,146,edge-8,2,edge,2900.0,0.0714,0.0188,11,2.191,0.9403,1,0.8618,,0.700,0,
6161,11,146,edge-8,2,edge,3000.0,0.0714,0.0188,11,2.314,0.9403,1,0.8571,,0.700,0,
6162,11,146,edge-8,2,edge,3100.0,0.0714,0.0188,8,2.195,0.7604,2,0.8523,,0.700,0,
6163,11,146,edge-8,2,edge,3200.0,0.0714,0.0188,7,1.903,0.6324,3,0.8476,,0.700,0,
6164,11,146,edge-8,2,edge,3300.0,0.0714,0.0188,11,2.249,0.9403,4,0.8447,,0.700,0,
6165,11,146,edge-8,2,edge,3400.0,0.0714,0.0188,9,2.095,0.8598,4,0.8400,,0.700,0,
6166,11,146,edge-8,2,edge,3500.0,0.0714,0.0188,9,2.095,0.8561,4,0.8352,,0.700,0,
6167,11,146,edge-8,2,edge,3600.0,0.0714,0.0188,9,2.095,0.8598,3,0.8324,,0.700,0,
6168,11,146,edge-8,2,edge,3700.0,0.0714,0.0188,9,2.095,0.8598,2,0.8276,,0.700,0,
6169,11,146,edge-8,2,edge,3800.0,0.0714,0.0188,8,2.190,0.7581,2,0.8229,,0.700,0,
6170,11,146,edge-8,2,edge,3900.0,0.0714,0.0188,9,2.189,0.8598,2,0.8200,,0.700,0,
6171,11,146,edge-8,2,edge,4000.0,0.0714,0.0188,11,2.514,0.9403,2,0.8153,,0.700,0,
6172,11,146,edge-8,2,edge,4100.0,0.0714,0.0188,11,2.514,0.9403,2,0.8105,,0.700,0,
6173,11,146,edge-8,2,edge,4200.0,0.0714,0.0188,11,2.514,0.9403,2,0.8058,,0.700,0,
6174,11,146,edge-8,2,edge,4300.0,0.0714,0.0188,11,2.514,0.9403,1,0.8010,,0.700,0,
6175,11,146,edge-8,2,edge,4400.0,0.0714,0.0188,9,2.464,0.8598,0,0.7963,,0.700,0,
6176,11,146,edge-8,2,edge,4500.0,0.0714,0.0188,9,2.464,0.8598,0,0.7915,,0.700,0,
6177,11,146,edge-8,2,edge,4600.0,0.0714,0.0188,11,2.521,0.9403,1,0.7868,,0.700,0,
6178,11,146,edge-8,2,edge,4700.0,0.0714,0.0188,11,2.521,0.9403,1,0.7820,,0.700,0,
6179,11,146,edge-8,2,edge,4800.0,0.0714,0.0188,9,2.203,0.8598,2,0.7772,,0.700,0,
6180,11,146,edge-8,2,edge,4900.0,0.0714,0.0188,9,2.187,0.8598,3,0.7725,,0.700,0,
6181,11,146,edge-8,2,edge,5000.0,0.0714,0.0188,11,2.447,0.9403,4,0.7677,,0.700,0,
6182,11,149,edge-9,2,edge,0.0,0.0000,0.0188,0,2.062,,1,1.0000,,0.700,0,4619.9
6183,11,149,edge-9,2,edge,100.0,0.0286,0.0188,4,2.262,1.0000,1,0.9873,,0.700,0,4619.9
6184,11,149,edge-9,2,edge,200.0,0.0714,0.0188,7,2.412,0.6324,1,0.9825,,0.700,0,4619.9
6185,11,149,edge-9,2,edge,300.0,0.0714,0.0188,11,2.365,0.9403,2,0.9797,,0.700,0,4619.9
6186,11,149,edge-9,2,edge,400.0,0.0714,0.0188,9,1.983,0.8598,3,0.9749,,0.700,0,4619.9
6187,11,149,edge-9,2,edge,500.0,0.0714,0.0188,9,1.983,0.8598,2,0.9702,,0.700,0,4619.9
6188,11,149,edge-9,2,edge,600.0,0.0714,0.0188,11,2.105,0.9403,3,0.9654,,0.700,0,4619.9
6189,11,149,edge-9,2,edge,700.0,0.0714,0.0188,11,2.184,0.9403,4,0.9607,,0.700,0,4619.9
6190,11,149,edge-9,2,edge,800.0,0.0714,0.0188,9,2.134,0.8598,3,0.9559,,0.700,0,4619.9
6191,11,149,edge-9,2,edge,900.0,0.0714,0.0188,11,2.184,0.9403,2,0.9512,,0.700,0,4619.9
6192,11,149,edge-9,2,edge,1000.0,0.0714,0.0188,11,2.301,0.9403,2,0.9464,,0.700,0,4619.9
6193,11,149,edge-9,2,edge,1100.0,0.0714,0.0188,11,2.301,0.9403,1,0.9417,,0.700,0,4619.9
6194,11,149,edge-9,2,edge,1200.0,0.0714,0.0188,11,2.301,0.9403,0,0.9369,,0.700,0,4619.9
6195,11,149,edge-9,2,edge,1300.0,0.0714,0.0188,11,2.301,0.9403,0,0.9321,,0.700,0,4619.9
6196,11,149,edge-9,2,edge,1400.0,0.0714,0.0188,8,2.201,0.7581,0,0.9274,,0.700,0,4619.9
6197,11,149,edge-9,2,edge,1500.0,0.0714,0.0188,8,2.334,0.7604,1,0.9246,,0.700,0,4619.9
6198,11,149,edge-9,2,edge,1600.0,0.0714,0.0188,11,2.195,0.9403,1,0.9198,,0.700,0,4619.9
6199,11,149,edge-9,2,edge,1700.0,0.0714,0.0188,9,2.145,0.8598,1,0.9150,,0.700,0,4619.9
6200,11,149,edge-9,2,edge,1800.0,0.0714,0.0188,9,2.145,0.8598,1,0.9103,,0.700,0,4619.9
6201,11,149,edge-9,2,edge,1900.0,0.0714,0.0188,11,2.452,0.9403,2,0.9055,,0.700,0,4619.9
6202,11,149,edge-9,2,edge,2000.0,0.0714,0.0188,11,2.452,0.9403,1,0.9008,,0.700,0,4619.9
6203,11,149,edge-9,2,edge,2100.0,0.0714,0.0188,11,2.452,0.9403,1,0.8960,,0.700,0,4619.9
6204,11,149,edge-9,2,edge,2200.0,0.0714,0.0188,8,2.352,0.7581,1,0.8913,,0.700,0,4619.9
6205,11,149,edge-9,2,edge,2300.0,0.0714,0.0188,9,2.402,0.8598,1,0.8884,,0.700,0,4619.9
6206,11,149,edge-9,2,edge,2400.0,0.0714,0.0188,11,2.452,0.9403,0,0.8837,,0.700,0,4619.9
6207,11,149,edge-9,2,edge,2500.0,0.0714,0.0188,11,2.452,0.9403,0,0.8789,,0.700,0,4619.9
6208,11,149,edge-9,2,edge,2600.0,0.0714,0.0188,11,2.452,0.9403,0,0.8742,,0.700,0,4619.9
6209,11,149,edge-9,2,edge,2700.0,0.0714,0.0188,9,2.402,0.8598,0,0.8694,,0.700,0,4619.9
6210,11,149,edge-9,2,edge,2800.0,0.0714,0.0188,11,2.097,0.9403,1,0.8647,,0.700,0,4619.9
6211,11,149,edge-9,2,edge,2900.0,0.0714,0.0188,9,2.160,0.8598,2,0.8599,,0.700,0,4619.9
6212,11,149,edge-9,2,edge,3000.0,0.0714,0.0188,11,2.255,0.9403,3,0.8552,,0.700,0,4619.9
6213,11,149,edge-9,2,edge,3100.0,0.0714,0.0188,11,2.255,0.9403,3,0.8504,,0.700,0,4619.9
6214,11,149,edge-9,2,edge,3200.0,0.0714,0.0188,11,2.255,0.9403,3,0.8456,,0.700,0,4619.9
6215,11,149,edge-9,2,edge,3300.0,0.0714,0.0188,11,2.083,0.9403,3,0.8409,,0.700,0,4619.9
6216,11,149,edge-9,2,edge,3400.0,0.0714,0.0188,11,2.083,0.9403,2,0.8361,,0.700,0,4619.9
6217,11,149,edge-9,2,edge,3500.0,0.0714,0.0188,9,2.033,0.8561,1,0.8314,,0.700,0,4619.9
6218,11,149,edge-9,2,edge,3600.0,0.0714,0.0188,11,2.083,0.9403,1,0.8285,,0.700,0,4619.9
6219,11,149,edge-9,2,edge,3700.0,0.0714,0.0188,11,2.083,0.9403,1,0.8238,,0.700,0,4619.9
6220,11,149,edge-9,2,edge,3800.0,0.0714,0.0188,11,2.191,0.9403,1,0.8190,,0.700,0,4619.9
6221,11,149,edge-9,2,edge,3900.0,0.0714,0.0188,11,2.191,0.9403,1,0.8143,,0.700,0,4619.9
6222,11,149,edge-9,2,edge,4000.0,0.0714,0.0188,11,2.191,0.9403,1,0.8095,,0.700,0,4619.9
6223,11,149,edge-9,2,edge,4100.0,0.0714,0.0188,9,2.158,0.8598,2,0.8048,,0.700,0,4619.9
6224,11,149,edge-9,2,edge,4200.0,0.0714,0.0188,11,2.192,0.9403,2,0.8000,,0.700,0,4619.9
6225,11,149,edge-9,2,edge,4300.0,0.0714,0.0188,9,2.250,0.8561,2,0.7953,,0.700,0,4619.9
6226,11,149,edge-9,2,edge,4400.0,0.0714,0.0188,11,2.300,0.9403,2,0.7924,,0.700,0,4619.9
6227,11,149,edge-9,2,edge,4500.0,0.0714,0.0188,11,2.300,0.9403,2,0.7877,,0.700,1,4619.9
6228,11,149,edge-9,2,edge,4600.0,0.0714,0.0188,9,2.311,0.8561,1,0.7829,,0.700,1,4619.9
6229,11,152,edge-10,2,edge,0.0,0.0000,0.0188,0,2.058,,1,1.0000,,0.700,0,
6230,11,152,edge-10,2,edge,100.0,0.0286,0.0188,4,2.258,1.0000,1,0.9873,,0.700,0,
6231,11,152,edge-10,2,edge,200.0,0.0714,0.0188,11,2.558,0.9403,1,0.9825,,0.700,0,
6232,11,152,edge-10,2,edge,300.0,0.0714,0.0188,9,2.247,0.8598,1,0.9778,,0.700,0,
6233,11,152,edge-10,2,edge,400.0,0.0714,0.0188,9,2.407,0.8598,2,0.9730,,0.700,0,
6234,11,152,edge-10,2,edge,500.0,0.0714,0.0188,9,2.319,0.8598,2,0.9683,,0.700,0,
6235,11,152,edge-10,2,edge,600.0,0.0714,0.0188,11,2.162,0.9403,3,0.9635,,0.700,0,
6236,11,152,edge-10,2,edge,700.0,0.0714,0.0188,9,2.325,0.8598,4,0.9588,,0.700,0,
6237,11,152,edge-10,2,edge,800.0,0.0714,0.0188,11,2.375,0.9403,4,0.9540,,0.700,0,
6238,11,152,edge-10,2,edge,900.0,0.0714,0.0188,11,2.375,0.9403,3,0.9492,,0.700,0,
6239,11,152,edge-10,2,edge,1000.0,0.0714,0.0188,11,2.379,0.9403,3,0.9445,,0.700,0,
6240,11,152,edge-10,2,edge,1100.0,0.0714,0.0188,11,2.406,0.9403,3,0.9397,,0.700,0,
6241,11,152,edge-10,2,edge,1200.0,0.0714,0.0188,9,2.356,0.8598,2,0.9350,,0.700,0,
6242,11,152,edge-10,2,edge,1300.0,0.0714,0.0188,9,2.410,0.8598,2,0.9302,,0.700,0,
6243,11,152,edge-10,2,edge,1400.0,0.0714,0.0188,9,2.087,0.8598,3,0.9255,,0.700,0,
6244,11,152,edge-10,2,edge,1500.0,0.0714,0.0188,9,2.087,0.8598,2,0.9207,,0.700,0,
6245,11,152,edge-10,2,edge,1600.0,0.0714,0.0188,11,2.137,0.9403,1,0.9160,,0.700,0,
6246,11,152,edge-10,2,edge,1700.0,0.0714,0.0188,9,2.087,0.8598,1,0.9112,,0.700,0,
6247,11,152,edge-10,2,edge,1800.0,0.0714,0.0188,11,2.137,0.9403,1,0.9065,,0.700,0,
6248,11,152,edge-10,2,edge,1900.0,0.0714,0.0188,8,2.037,0.7581,0,0.9017,,0.700,0,
6249,11,152,edge-10,2,edge,2000.0,0.0714,0.0188,11,2.137,0.9403,0,0.8989,,0.700,0,
6250,11,152,edge-10,2,edge,2100.0,0.0714,0.0188,9,2.141,0.8598,1,0.8941,,0.700,0,
6251,11,152,edge-10,2,edge,2200.0,0.0714,0.0188,8,2.091,0.7604,1,0.8894,,0.700,0,
6252,11,152,edge-10,2,edge,2300.0,0.0714,0.0188,9,2.141,0.8598,1,0.8846,,0.700,0,
6253,11,152,edge-10,2,edge,2400.0,0.0714,0.0188,11,2.191,0.9403,1,0.8798,,0.700,0,
6254,11,152,edge-10,2,edge,2500.0,0.0714,0.0188,9,2.141,0.8598,1,0.8751,,0.700,0,
6255,11,152,edge-10,2,edge,2600.0,0.0714,0.0188,11,2.191,0.9403,0,0.8703,,0.700,0,
6256,11,152,edge-10,2,edge,2700.0,0.0714,0.0188,11,2.288,0.9403,1,0.8656,,0.700,0,
6257,11,152,edge-10,2,edge,2800.0,0.0714,0.0188,9,2.051,0.8598,2,0.8608,,0.700,0,
6258,11,152,edge-10,2,edge,2900.0,0.0714,0.0188,9,2.030,0.8598,3,0.8561,,0.700,0,
6259,11,152,edge-10,2,edge,3000.0,0.0714,0.0188,8,2.198,0.7604,4,0.8513,,0.700,0,
6260,11,152,edge-10,2,edge,3100.0,0.0714,0.0188,11,2.058,0.9403,5,0.8466,,0.700,0,
6261,11,152,edge-10,2,edge,3200.0,0.0714,0.0188,11,2.282,0.9403,4,0.8418,,0.700,0,
6262,11,152,edge-10,2,edge,3300.0,0.0714,0.0188,11,2.282,0.9403,3,0.8370,,0.700,0,
6263,11,152,edge-10,2,edge,3400.0,0.0714,0.0188,9,2.232,0.8598,2,0.8323,,0.700,0,
6264,11,152,edge-10,2,edge,3500.0,0.0714,0.0188,9,2.232,0.8598,1,0.8275,,0.700,0,
6265,11,152,edge-10,2,edge,3600.0,0.0714,0.0188,11,2.185,0.9403,1,0.8228,,0.700,0,
6266,11,152,edge-10,2,edge,3700.0,0.0714,0.0188,11,2.185,0.9403,1,0.8180,,0.700,0,
6267,11,152,edge-10,2,edge,3800.0,0.0714,0.0188,11,2.185,0.9403,1,0.8133,,0.700,0,
6268,11,152,edge-10,2,edge,3900.0,0.0714,0.0188,8,2.085,0.7581,1,0.8085,,0.700,0,
6269,11,152,edge-10,2,edge,4000.0,0.0714,0.0188,9,2.135,0.8598,1,0.8057,,0.700,0,
6270,11,152,edge-10,2,edge,4100.0,0.0714,0.0188,9,2.135,0.8598,0,0.8009,,0.700,0,
6271,11,152,edge-10,2,edge,4200.0,0.0714,0.0188,9,2.135,0.8598,0,0.7962,,0.700,0,
6272,11,152,edge-10,2,edge,4300.0,0.0714,0.0188,9,2.135,0.8598,0,0.7914,,0.700,0,
6273,11,152,edge-10,2,edge,4400.0,0.0714,0.0188,9,2.067,0.8561,1,0.7867,,0.700,0,
6274,11,152,edge-10,2,edge,4500.0,0.0714,0.0188,9,2.289,0.8598,2,0.7838,,0.700,0,
6275,11,152,edge-10,2,edge,4600.0,0.0714,0.0188,11,2.098,0.9403,2,0.7791,,0.700,0,
6276,11,152,edge-10,2,edge,4700.0,0.0714,0.0188,9,2.289,0.8598,3,0.7743,,0.700,0,
6277,11,152,edge-10,2,edge,4800.0,0.0714,0.0188,11,2.339,0.9403,3,0.7696,,0.700,0,
6278,11,152,edge-10,2,edge,4900.0,0.0714,0.0188,11,2.083,0.9403,3,0.7648,,0.700,0,
6279,11,152,edge-10,2,edge,5000.0,0.0714,0.0188,11,2.288,0.9403,3,0.7600,,0.700,0,
6280,11,155,edge-11,2,edge,0.0,0.0000,0.0188,0,1.701,,1,1.0000,,0.700,0,
6281,11,155,edge-11,2,edge,100.0,0.0286,0.0188,4,1.901,1.0000,1,0.9873,,0.700,0,
6282,11,155,edge-11,2,edge,200.0,0.0714,0.0188,9,2.155,0.8561,2,0.9825,,0.700,0,
6283,11,155,edge-11,2,edge,300.0,0.0714,0.0188,9,2.150,0.8598,3,0.9797,,0.700,0,
6284,11,155,edge-11,2,edge,400.0,0.0714,0.0188,11,2.180,0.9403,4,0.9749,,0.700,0,
6285,11,155,edge-11,2,edge,500.0,0.0714,0.0188,11,2.056,0.9403,4,0.9702,,0.700,0,
6286,11,155,edge-11,2,edge,600.0,0.0714,0.0188,11,2.221,0.9403,5,0.9654,,0.700,0,
6287,11,155,edge-11,2,edge,700.0,0.0714,0.0188,11,2.174,0.9403,5,0.9607,,0.700,0,
6288,11,155,edge-11,2,edge,800.0,0.0714,0.0188,9,2.124,0.8598,4,0.9559,,0.700,0,
6289,11,155,edge-11,2,edge,900.0,0.0714,0.0188,11,2.174,0.9403,3,0.9512,,0.700,0,
6290,11,155,edge-11,2,edge,1000.0,0.0714,0.0188,11,2.196,0.9403,3,0.9464,,0.700,0,
6291,11,155,edge-11,2,edge,1100.0,0.0714,0.0188,11,2.196,0.9403,2,0.9417,,0.700,0,
6292,11,155,edge-11,2,edge,1200.0,0.0714,0.0188,8,2.096,0.7581,1,0.9369,,0.700,0,
6293,11,155,edge-11,2,edge,1300.0,0.0714,0.0188,9,2.092,0.8598,2,0.9341,,0.700,0,
6294,11,155,edge-11,2,edge,1400.0,0.0714,0.0188,11,2.142,0.9403,2,0.9293,,0.700,0,
6295,11,155,edge-11,2,edge,1500.0,0.0714,0.0188,6,1.942,0.4564,1,0.9246,,0.700,0,
6296,11,155,edge-11,2,edge,1600.0,0.0714,0.0188,11,2.142,0.9403,1,0.9217,,0.700,0,
6297,11,155,edge-11,2,edge,1700.0,0.0714,0.0188,11,2.142,0.9403,1,0.9170,,0.700,0,
6298,11,155,edge-11,2,edge,1800.0,0.0714,0.0188,9,2.092,0.8598,0,0.9122,,0.700,0,
6299,11,155,edge-11,2,edge,1900.0,0.0714,0.0188,11,2.142,0.9403,0,0.9075,,0.700,0,
6300,11,155,edge-11,2,edge,2000.0,0.0714,0.0188,11,2.288,0.9403,1,0.9027,,0.700,0,
6301,11,155,edge-11,2,edge,2100.0,0.0714,0.0188,11,2.288,0.9403,1,0.8979,,0.700,0,
6302,11,155,edge-11,2,edge,2200.0,0.0714,0.0188,11,2.288,0.9403,1,0.8932,,0.700,0,
6303,11,155,edge-11,2,edge,2300.0,0.0714,0.0188,9,2.238,0.8598,1,0.8884,,0.700,0,
6304,11,155,edge-11,2,edge,2400.0,0.0714,0.0188,11,2.288,0.9403,1,0.8837,,0.700,0,
6305,11,155,edge-11,2,edge,2500.0,0.0714,0.0188,9,2.238,0.8561,0,0.8789,,0.700,0,
6306,11,155,edge-11,2,edge,2600.0,0.0714,0.0188,11,2.288,0.9403,0,0.8761,,0.700,0,
6307,11,155,edge-11,2,edge,2700.0,0.0714,0.0188,9,2.238,0.8598,0,0.8713,,0.700,0,
6308,11,155,edge-11,2,edge,2800.0,0.0714,0.0188,11,2.288,0.9403,0,0.8666,,0.700,0,
6309,11,155,edge-11,2,edge,2900.0,0.0714,0.0188,9,2.141,0.8598,1,0.8618,,0.700,0,
6310,11,155,edge-11,2,edge,3000.0,0.0714,0.0188,9,2.141,0.8598,1,0.8571,,0.700,0,
6311,11,155,edge-11,2,edge,3100.0,0.0714,0.0188,11,2.191,0.9403,1,0.8523,,0.700,0,
6312,11,155,edge-11,2,edge,3200.0,0.0714,0.0188,9,2.141,0.8561,1,0.8476,,0.700,0,
6313,11,155,edge-11,2,edge,3300.0,0.0714,0.0188,11,2.319,0.9403,2,0.8447,,0.700,0,
6314,11,155,edge-11,2,edge,3400.0,0.0714,0.0188,11,2.110,0.9403,2,0.8400,,0.700,0,
6315,11,155,edge-11,2,edge,3500.0,0.0714,0.0188,9,2.361,0.8561,2,0.8352,,0.700,0,
6316,11,155,edge-11,2,edge,3600.0,0.0714,0.0188,9,2.361,0.8598,2,0.8324,,0.700,0,
6317,11,155,edge-11,2,edge,3700.0,0.0714,0.0188,11,2.094,0.9403,2,0.8276,,0.700,0,
6318,11,155,edge-11,2,edge,3800.0,0.0714,0.0188,11,2.267,0.9403,2,0.8229,,0.700,0,
6319,11,155,edge-11,2,edge,3900.0,0.0714,0.0188,11,2.298,0.9403,2,0.8181,,0.700,0,
6320,11,155,edge-11,2,edge,4000.0,0.0714,0.0188,11,2.076,0.9403,3,0.8134,,0.700,0,
6321,11,155,edge-11,2,edge,4100.0,0.0714,0.0188,9,2.107,0.8561,4,0.8086,,0.700,0,
6322,11,155,edge-11,2,edge,4200.0,0.0714,0.0188,9,2.260,0.8598,5,0.8058,,0.700,0,
6323,11,155,edge-11,2,edge,4300.0,0.0714,0.0188,11,2.310,0.9403,4,0.8010,,0.700,0,
6324,11,155,edge-11,2,edge,4400.0,0.0714,0.0188,9,1.967,0.8598,4,0.7963,,0.700,0,
6325,11,155,edge-11,2,edge,4500.0,0.0714,0.0188,9,2.278,0.8598,4,0.7915,,0.700,0,
6326,11,155,edge-11,2,edge,4600.0,0.0714,0.0188,9,2.155,0.8598,4,0.7868,,0.700,0,
6327,11,155,edge-11,2,edge,4700.0,0.0714,0.0188,9,2.285,0.8598,4,0.7820,,0.700,0,
6328,11,155,edge-11,2,edge,4800.0,0.0714,0.0188,11,2.335,0.9403,4,0.7772,,0.700,0,
6329,11,155,edge-11,2,edge,4900.0,0.0714,0.0188,11,2.134,0.9403,4,0.7725,,0.700,0,
6330,11,155,edge-11,2,edge,5000.0,0.0714,0.0188,11,2.199,0.9403,4,0.7677,,0.700,0,
6331,11,158,edge-12,2,edge,0.0,0.0000,0.0188,0,1.828,,1,1.0000,,0.700,0,
6332,11,158,edge-12,2,edge,100.0,0.0286,0.0188,4,2.028,1.0000,1,0.9873,,0.700,0,
6333,11,158,edge-12,2,edge,200.0,0.0714,0.0188,11,2.562,0.9403,2,0.9825,,0.700,0,
6334,11,158,edge-12,2,edge,300.0,0.0714,0.0188,9,2.512,0.8598,2,0.9778,,0.700,0,
6335,11,158,edge-12,2,edge,400.0,0.0714,0.0188,11,2.562,0.9403,2,0.9730,,0.700,0,
6336,11,158,edge-12,2,edge,500.0,0.0714,0.0188,11,2.562,0.9403,1,0.9683,,0.700,0,
6337,11,158,edge-12,2,edge,600.0,0.0714,0.0188,8,2.462,0.7581,1,0.9635,,0.700,0,
6338,11,158,edge-12,2,edge,700.0,0.0714,0.0188,9,2.512,0.8598,0,0.9607,,0.700,0,
6339,11,158,edge-12,2,edge,800.0,0.0714,0.0188,9,2.512,0.8561,0,0.9559,,0.700,0,
6340,11,158,edge-12,2,edge,900.0,0.0714,0.0188,9,2.155,0.8598,0,0.9531,,0.700,0,
6341,11,158,edge-12,2,edge,1000.0,0.0714,0.0188,11,2.205,0.9403,0,0.9483,,0.700,0,
6342,11,158,edge-12,2,edge,1100.0,0.0714,0.0188,9,2.155,0.8598,0,0.9436,,0.700,0,
6343,11,158,edge-12,2,edge,1200.0,0.0714,0.0188,11,2.205,0.9403,0,0.9388,,0.700,0,
6344,11,158,edge-12,2,edge,1300.0,0.0714,0.0188,8,2.234,0.7604,1,0.9341,,0.700,0,
6345,11,158,edge-12,2,edge,1400.0,0.0714,0.0188,11,2.334,0.9403,1,0.9293,,0.700,0,
6346,11,158,edge-12,2,edge,1500.0,0.0714,0.0188,11,2.151,0.9403,2,0.9246,,0.700,0,
6347,11,158,edge-12,2,edge,1600.0,0.0714,0.0188,9,2.101,0.8561,2,0.9198,,0.700,0,
6348,11,158,edge-12,2,edge,1700.0,0.0714,0.0188,11,2.353,0.9403,3,0.9170,,0.700,0,
6349,11,158,edge-12,2,edge,1800.0,0.0714,0.0188,11,2.353,0.9403,2,0.9122,,0.700,0,
6350,11,158,edge-12,2,edge,1900.0,0.0714,0.0188,11,2.353,0.9403,2,0.9075,,0.700,0,
6351,11,158,edge-12,2,edge,2000.0,0.0714,0.0188,11,2.319,0.9403,2,0.9027,,0.700,0,
6352,11,158,edge-12,2,edge,2100.0,0.0714,0.0188,8,2.219,0.7581,2,0.8979,,0.700,0,
6353,11,158,edge-12,2,edge,2200.0,0.0714,0.0188,8,2.219,0.7581,1,0.8951,,0.700,0,
6354,11,158,edge-12,2,edge,2300.0,0.0714,0.0188,11,2.319,0.9403,1,0.8923,,0.700,0,
6355,11,158,edge-12,2,edge,2400.0,0.0714,0.0188,11,2.076,0.9403,2,0.8875,,0.700,0,
6356,11,158,edge-12,2,edge,2500.0,0.0714,0.0188,11,2.076,0.9403,1,0.8828,,0.700,0,
6357,11,158,edge-12,2,edge,2600.0,0.0714,0.0188,11,2.076,0.9403,1,0.8780,,0.700,0,
6358,11,158,edge-12,2,edge,2700.0,0.0714,0.0188,11,2.350,0.9403,2,0.8733,,0.700,0,
6359,11,158,edge-12,2,edge,2800.0,0.0714,0.0188,11,2.350,0.9403,2,0.8685,,0.700,0,
6360,11,158,edge-12,2,edge,2900.0,0.0714,0.0188,11,2.116,0.9403,2,0.8637,,0.700,0,
6361,11,158,edge-12,2,edge,3000.0,0.0714,0.0188,8,2.262,0.7604,3,0.8590,,0.700,0,
6362,11,158,edge-12,2,edge,3100.0,0.0714,0.0188,9,2.009,0.8561,4,0.8542,,0.700,0,
6363,11,158,edge-12,2,edge,3200.0,0.0714,0.0188,11,2.197,0.9403,4,0.8514,,0.700,0,
6364,11,158,edge-12,2,edge,3300.0,0.0714,0.0188,11,2.413,0.9403,5,0.8466,,0.700,0,
6365,11,158,edge-12,2,edge,3400.0,0.0714,0.0188,9,2.018,0.8561,5,0.8419,,0.700,0,
6366,11,158,edge-12,2,edge,3500.0,0.0714,0.0188,9,2.018,0.8598,4,0.8391,,0.700,0,
6367,11,158,edge-12,2,edge,3600.0,0.0714,0.0188,11,2.206,0.9403,4,0.8343,,0.700,0,
6368,11,158,edge-12,2,edge,3700.0,0.0714,0.0188,9,2.211,0.8598,4,0.8295,,0.700,0,
6369,11,158,edge-12,2,edge,3800.0,0.0714,0.0188,11,2.231,0.9403,4,0.8248,,0.700,0,
6370,11,158,edge-12,2,edge,3900.0,0.0714,0.0188,9,2.181,0.8561,3,0.8200,,0.700,0,
6371,11,158,edge-12,2,edge,4000.0,0.0714,0.0188,8,2.131,0.7604,3,0.8172,,0.700,0,
6372,11,158,edge-12,2,edge,4100.0,0.0714,0.0188,11,2.068,0.9403,3,0.8124,,0.700,0,
6373,11,158,edge-12,2,edge,4200.0,0.0714,0.0188,11,2.068,0.9403,2,0.8077,,0.700,0,
6374,11,158,edge-12,2,edge,4300.0,0.0714,0.0188,9,2.018,0.8598,1,0.8029,,0.700,0,
6375,11,158,edge-12,2,edge,4400.0,0.0714,0.0188,11,2.068,0.9403,1,0.7982,,0.700,0,
6376,11,158,edge-12,2,edge,4500.0,0.0714,0.0188,11,2.068,0.9403,1,0.7934,,0.700,0,
6377,11,158,edge-12,2,edge,4600.0,0.0714,0.0188,11,2.068,0.9403,0,0.7887,,0.700,0,
6378,11,158,edge-12,2,edge,4700.0,0.0714,0.0188,9,2.018,0.8598,0,0.7839,,0.700,0,
6379,11,158,edge-12,2,edge,4800.0,0.0714,0.0188,11,2.068,0.9403,0,0.7792,,0.700,0,
6380,11,158,edge-12,2,edge,4900.0,0.0714,0.0188,11,2.068,0.9403,0,0.7744,,0.700,0,
6381,11,158,edge-12,2,edge,5000.0,0.0714,0.0188,9,2.018,0.8598,0,0.7697,,0.700,0,
6382,11,161,edge-13,2,edge,0.0,0.0000,0.0188,0,1.739,,1,1.0000,,0.700,0,
6383,11,161,edge-13,2,edge,100.0,0.0286,0.0188,4,1.939,1.0000,1,0.9873,,0.700,0,
6384,11,161,edge-13,2,edge,200.0,0.0714,0.0188,9,2.464,0.8598,1,0.9825,,0.700,0,
6385,11,161,edge-13,2,edge,300.0,0.0714,0.0188,9,2.464,0.8598,1,0.9778,,0.700,0,
6386,11,161,edge-13,2,edge,400.0,0.0714,0.0188,11,2.514,0.9403,1,0.9730,,0.700,0,
6387,11,161,edge-13,2,edge,500.0,0.0714,0.0188,9,2.464,0.8598,0,0.9683,,0.700,0,
6388,11,161,edge-13,2,edge,600.0,0.0714,0.0188,9,2.464,0.8598,0,0.9635,,0.700,0,
6389,11,161,edge-13,2,edge,700.0,0.0714,0.0188,11,2.514,0.9403,0,0.9588,,0.700,0,
6390,11,161,edge-13,2,edge,800.0,0.0714,0.0188,9,2.471,0.8598,1,0.9540,,0.700,0,
6391,11,161,edge-13,2,edge,900.0,0.0714,0.0188,11,2.521,0.9403,1,0.9492,,0.700,0,
6392,11,161,edge-13,2,edge,1000.0,0.0714,0.0188,9,2.203,0.8598,2,0.9445,,0.700,0,
6393,11,161,edge-13,2,edge,1100.0,0.0714,0.0188,9,2.187,0.8598,3,0.9397,,0.700,0,
6394,11,161,edge-13,2,edge,1200.0,0.0714,0.0188,11,2.447,0.9403,4,0.9350,,0.700,0,
6395,11,161,edge-13,2,edge,1300.0,0.0714,0.0188,11,2.425,0.9403,3,0.9302,,0.700,0,
6396,11,161,edge-13,2,edge,1400.0,0.0714,0.0188,11,2.641,0.9403,4,0.9255,,0.700,0,
6397,11,161,edge-13,2,edge,1500.0,0.0714,0.0188,11,2.207,0.9403,4,0.9207,,0.700,0,
6398,11,161,edge-13,2,edge,1600.0,0.0714,0.0188,11,2.526,0.9403,4,0.9160,,0.700,0,
6399,11,161,edge-13,2,edge,1700.0,0.0714,0.0188,11,2.455,0.9403,4,0.9112,,0.700,0,
6400,11,161,edge-13,2,edge,1800.0,0.0714,0.0188,11,2.455,0.9403,4,0.9065,,0.700,0,
6401,11,161,edge-13,2,edge,1900.0,0.0714,0.0188,9,2.405,0.8598,3,0.9017,,0.700,0,
6402,11,161,edge-13,2,edge,2000.0,0.0714,0.0188,9,2.405,0.8598,2,0.8969,,0.700,0,
6403,11,161,edge-13,2,edge,2100.0,0.0714,0.0188,8,2.355,0.7581,1,0.8922,,0.700,0,
6404,11,161,edge-13,2,edge,2200.0,0.0714,0.0188,11,2.585,0.9403,1,0.8894,,0.700,0,
6405,11,161,edge-13,2,edge,2300.0,0.0714,0.0188,11,2.585,0.9403,1,0.8846,,0.700,0,
6406,11,161,edge-13,2,edge,2400.0,0.0714,0.0188,11,2.285,0.9403,2,0.8798,,0.700,0,
6407,11,161,edge-13,2,edge,2500.0,0.0714,0.0188,11,2.285,0.9403,2,0.8751,,0.700,0,
6408,11,161,edge-13,2,edge,2600.0,0.0714,0.0188,11,2.285,0.9403,2,0.8703,,0.700,0,
6409,11,161,edge-13,2,edge,2700.0,0.0714,0.0188,9,2.235,0.8598,1,0.8656,,0.700,0,
6410,11,161,edge-13,2,edge,2800.0,0.0714,0.0188,11,2.601,0.9403,1,0.8608,,0.700,0,
6411,11,161,edge-13,2,edge,2900.0,0.0714,0.0188,11,2.270,0.9403,1,0.8561,,0.700,0,
6412,11,161,edge-13,2,edge,3000.0,0.0714,0.0188,11,2.270,0.9403,1,0.8513,,0.700,0,
6413,11,161,edge-13,2,edge,3100.0,0.0714,0.0188,11,2.279,0.9403,2,0.8466,,0.700,0,
6414,11,161,edge-13,2,edge,3200.0,0.0714,0.0188,9,2.427,0.8598,3,0.8418,,0.700,0,
6415,11,161,edge-13,2,edge,3300.0,0.0714,0.0188,11,2.477,0.9403,3,0.8370,,0.700,0,
6416,11,161,edge-13,2,edge,3400.0,0.0714,0.0188,11,2.155,0.9403,3,0.8323,,0.700,0,
6417,11,161,edge-13,2,edge,3500.0,0.0714,0.0188,11,2.155,0.9403,3,0.8275,,0.700,0,
6418,11,161,edge-13,2,edge,3600.0,0.0714,0.0188,9,2.105,0.8598,2,0.8228,,0.700,0,
6419,11,161,edge-13,2,edge,3700.0,0.0714,0.0188,9,2.317,0.8598,2,0.8180,,0.700,0,
6420,11,161,edge-13,2,edge,3800.0,0.0714,0.0188,11,2.323,0.9403,3,0.8133,,0.700,0,
6421,11,161,edge-13,2,edge,3900.0,0.0714,0.0188,9,2.311,0.8598,3,0.8085,,0.700,0,
6422,11,161,edge-13,2,edge,4000.0,0.0714,0.0188,11,2.247,0.9403,4,0.8038,,0.700,0,
6423,11,161,edge-13,2,edge,4100.0,0.0714,0.0188,9,2.197,0.8598,4,0.7990,,0.700,0,
6424,11,161,edge-13,2,edge,4200.0,0.0714,0.0188,11,2.247,0.9403,3,0.7942,,0.700,0,
6425,11,161,edge-13,2,edge,4300.0,0.0714,0.0188,11,2.247,0.9403,2,0.7895,,0.700,0,
6426,11,161,edge-13,2,edge,4400.0,0.0714,0.0188,11,2.487,0.9403,1,0.7847,,0.700,0,
6427,11,161,edge-13,2,edge,4500.0,0.0714,0.0188,11,2.200,0.9403,0,0.7800,,0.700,0,
6428,11,161,edge-13,2,edge,4600.0,0.0714,0.0188,9,2.049,0.8598,1,0.7752,,0.700,0,
6429,11,161,edge-13,2,edge,4700.0,0.0714,0.0188,11,2.099,0.9403,1,0.7705,,0.700,0,
6430,11,161,edge-13,2,edge,4800.0,0.0714,0.0188,11,2.380,0.9403,2,0.7657,,0.700,0,
6431,11,161,edge-13,2,edge,4900.0,0.0714,0.0188,11,2.380,0.9403,2,0.7610,,0.700,0,
6432,11,161,edge-13,2,edge,5000.0,0.0714,0.0188,11,2.380,0.9403,2,0.7562,,0.700,0,
6433,11,164,edge-14,2,edge,0.0,0.0000,0.0188,0,1.533,,1,1.0000,,0.700,0,
6434,11,164,edge-14,2,edge,100.0,0.0286,0.0188,4,1.733,1.0000,1,0.9873,,0.700,0,
6435,11,164,edge-14,2,edge,200.0,0.0714,0.0188,9,2.055,0.8598,2,0.9825,,0.700,0,
6436,11,164,edge-14,2,edge,300.0,0.0714,0.0188,9,2.134,0.8598,3,0.9778,,0.700,0,
6437,11,164,edge-14,2,edge,400.0,0.0714,0.0188,11,2.184,0.9403,3,0.9730,,0.700,0,
6438,11,164,edge-14,2,edge,500.0,0.0714,0.0188,9,2.134,0.8598,2,0.9683,,0.700,0,
6439,11,164,edge-14,2,edge,600.0,0.0714,0.0188,9,2.251,0.8598,2,0.9635,,0.700,0,
6440,11,164,edge-14,2,edge,700.0,0.0714,0.0188,11,2.301,0.9403,1,0.9588,,0.700,0,
6441,11,164,edge-14,2,edge,800.0,0.0714,0.0188,9,2.251,0.8598,0,0.9540,,0.700,0,
6442,11,164,edge-14,2,edge,900.0,0.0714,0.0188,9,2.251,0.8598,0,0.9492,,0.700,0,
6443,11,164,edge-14,2,edge,1000.0,0.0714,0.0188,9,2.251,0.8598,0,0.9445,,0.700,0,
6444,11,164,edge-14,2,edge,1100.0,0.0714,0.0188,9,2.384,0.8598,1,0.9397,,0.700,0,
6445,11,164,edge-14,2,edge,1200.0,0.0714,0.0188,8,2.095,0.7604,1,0.9350,,0.700,0,
6446,11,164,edge-14,2,edge,1300.0,0.0714,0.0188,11,2.195,0.9403,1,0.9302,,0.700,0,
6447,11,164,edge-14,2,edge,1400.0,0.0714,0.0188,11,2.195,0.9403,1,0.9255,,0.700,0,
6448,11,164,edge-14,2,edge,1500.0,0.0714,0.0188,11,2.452,0.9403,2,0.9207,,0.700,0,
6449,11,164,edge-14,2,edge,1600.0,0.0714,0.0188,9,2.402,0.8598,1,0.9160,,0.700,0,
6450,11,164,edge-14,2,edge,1700.0,0.0714,0.0188,9,2.402,0.8598,1,0.9112,,0.700,0,
6451,11,164,edge-14,2,edge,1800.0,0.0714,0.0188,11,2.452,0.9403,1,0.9065,,0.700,0,
6452,11,164,edge-14,2,edge,1900.0,0.0714,0.0188,11,2.452,0.9403,1,0.9017,,0.700,0,
6453,11,164,edge-14,2,edge,2000.0,0.0714,0.0188,11,2.452,0.9403,0,0.8969,,0.700,0,
6454,11,164,edge-14,2,edge,2100.0,0.0714,0.0188,11,2.452,0.9403,0,0.8922,,0.700,0,
6455,11,164,edge-14,2,edge,2200.0,0.0714,0.0188,11,2.452,0.9403,0,0.8874,,0.700,0,
6456,11,164,edge-14,2,edge,2300.0,0.0714,0.0188,11,2.452,0.9403,0,0.8827,,0.700,0,
6457,11,164,edge-14,2,edge,2400.0,0.0714,0.0188,11,2.097,0.9403,1,0.8779,,0.700,0,
6458,11,164,edge-14,2,edge,2500.0,0.0714,0.0188,9,2.160,0.8598,2,0.8732,,0.700,0,
6459,11,164,edge-14,2,edge,2600.0,0.0714,0.0188,11,2.255,0.9403,3,0.8684,,0.700,0,
6460,11,164,edge-14,2,edge,2700.0,0.0714,0.0188,9,2.205,0.8598,3,0.8637,,0.700,0,
6461,11,164,edge-14,2,edge,2800.0,0.0714,0.0188,11,2.255,0.9403,3,0.8589,,0.700,0,
6462,11,164,edge-14,2,edge,2900.0,0.0714,0.0188,11,2.083,0.9403,3,0.8541,,0.700,0,
6463,11,164,edge-14,2,edge,3000.0,0.0714,0.0188,11,2.083,0.9403,2,0.8494,,0.700,0,
6464,11,164,edge-14,2,edge,3100.0,0.0714,0.0188,11,2.083,0.9403,1,0.8446,,0.700,0,
6465,11,164,edge-14,2,edge,3200.0,0.0714,0.0188,11,2.083,0.9403,1,0.8399,,0.700,0,
6466,11,164,edge-14,2,edge,3300.0,0.0714,0.0188,11,2.083,0.9403,1,0.8351,,0.700,0,
6467,11,164,edge-14,2,edge,3400.0,0.0714,0.0188,11,2.191,0.9403,1,0.8304,,0.700,0,
6468,11,164,edge-14,2,edge,3500.0,0.0714,0.0188,11,2.191,0.9403,1,0.8256,,0.700,0,
6469,11,164,edge-14,2,edge,3600.0,0.0714,0.0188,11,2.191,0.9403,1,0.8209,,0.700,0,
6470,11,164,edge-14,2,edge,3700.0,0.0714,0.0188,11,2.208,0.9403,2,0.8161,,0.700,0,
6471,11,164,edge-14,2,edge,3800.0,0.0714,0.0188,9,2.142,0.8561,2,0.8113,,0.700,0,
6472,11,164,edge-14,2,edge,3900.0,0.0714,0.0188,11,2.300,0.9403,2,0.8085,,0.700,0,
6473,11,164,edge-14,2,edge,4000.0,0.0714,0.0188,11,2.300,0.9403,2,0.8038,,0.700,0,
6474,11,164,edge-14,2,edge,4100.0,0.0714,0.0188,11,2.300,0.9403,2,0.7990,,0.700,0,
6475,11,164,edge-14,2,edge,4200.0,0.0714,0.0188,11,2.361,0.9403,1,0.7942,,0.700,0,
6476,11,164,edge-14,2,edge,4300.0,0.0714,0.0188,11,2.126,0.9403,2,0.7895,,0.700,0,
6477,11,164,edge-14,2,edge,4400.0,0.0714,0.0188,8,2.159,0.7604,2,0.7847,,0.700,0,
6478,11,164,edge-14,2,edge,4500.0,0.0714,0.0188,8,2.090,0.7604,3,0.7800,,0.700,0,
6479,11,164,edge-14,2,edge,4600.0,0.0714,0.0188,9,2.065,0.8598,4,0.7752,,0.700,0,
6480,11,164,edge-14,2,edge,4700.0,0.0714,0.0188,9,2.057,0.8598,5,0.7705,,0.700,0,
6481,11,164,edge-14,2,edge,4800.0,0.0714,0.0188,11,2.408,0.9403,4,0.7657,,0.700,0,
6482,11,164,edge-14,2,edge,4900.0,0.0714,0.0188,9,2.358,0.8598,3,0.7610,,0.700,0,
6483,11,164,edge-14,2,edge,5000.0,0.0714,0.0188,9,1.989,0.8561,3,0.7562,,0.700,0,
6484,11,167,edge-15,2,edge,0.0,0.0000,0.0188,0,1.782,,1,1.0000,,0.700,0,
6485,11,167,edge-15,2,edge,100.0,0.0286,0.0188,4,1.982,1.0000,1,0.9873,,0.700,0,
6486,11,167,edge-15,2,edge,200.0,0.0714,0.0188,11,2.282,0.9403,1,0.9825,,0.700,0,
6487,11,167,edge-15,2,edge,300.0,0.0714,0.0188,9,2.232,0.8598,1,0.9778,,0.700,0,
6488,11,167,edge-15,2,edge,400.0,0.0714,0.0188,9,2.135,0.8598,2,0.9730,,0.700,0,
6489,11,167,edge-15,2,edge,500.0,0.0714,0.0188,11,2.185,0.9403,1,0.9683,,0.700,0,
6490,11,167,edge-15,2,edge,600.0,0.0714,0.0188,11,2.185,0.9403,1,0.9635,,0.700,0,
6491,11,167,edge-15,2,edge,700.0,0.0714,0.0188,9,2.135,0.8598,1,0.9588,,0.700,0,
6492,11,167,edge-15,2,edge,800.0,0.0714,0.0188,11,2.185,0.9403,1,0.9540,,0.700,0,
6493,11,167,edge-15,2,edge,900.0,0.0714,0.0188,11,2.185,0.9403,0,0.9492,,0.700,0,
6494,11,167,edge-15,2,edge,1000.0,0.0714,0.0188,11,2.185,0.9403,0,0.9445,,0.700,0,
6495,11,167,edge-15,2,edge,1100.0,0.0714,0.0188,9,2.135,0.8598,0,0.9397,,0.700,0,
6496,11,167,edge-15,2,edge,1200.0,0.0714,0.0188,11,2.117,0.9403,1,0.9350,,0.700,0,
6497,11,167,edge-15,2,edge,1300.0,0.0714,0.0188,9,2.289,0.8598,2,0.9302,,0.700,0,
6498,11,167,edge-15,2,edge,1400.0,0.0714,0.0188,11,2.098,0.9403,2,0.9255,,0.700,0,
6499,11,167,edge-15,2,edge,1500.0,0.0714,0.0188,9,2.289,0.8561,3,0.9207,,0.700,0,
6500,11,167,edge-15,2,edge,1600.0,0.0714,0.0188,8,2.239,0.7604,3,0.9179,,0.700,0,
6501,11,167,edge-15,2,edge,1700.0,0.0714,0.0188,9,2.033,0.8598,3,0.9131,,0.700,0,
6502,11,167,edge-15,2,edge,1800.0,0.0714,0.0188,11,2.288,0.9403,3,0.9084,,0.700,0,
6503,11,167,edge-15,2,edge,1900.0,0.0714,0.0188,11,2.212,0.9403,4,0.9036,,0.700,0,
6504,11,167,edge-15,2,edge,2000.0,0.0714,0.0188,11,2.095,0.9403,3,0.8989,,0.700,0,
6505,11,167,edge-15,2,edge,2100.0,0.0714,0.0188,11,2.073,0.9403,4,0.8941,,0.700,0,
6506,11,167,edge-15,2,edge,2200.0,0.0714,0.0188,11,2.242,0.9403,4,0.8894,,0.700,0,
6507,11,167,edge-15,2,edge,2300.0,0.0714,0.0188,11,2.183,0.9403,4,0.8846,,0.700,0,
6508,11,167,edge-15,2,edge,2400.0,0.0714,0.0188,11,2.215,0.9403,4,0.8798,,0.700,0,
6509,11,167,edge-15,2,edge,2500.0,0.0714,0.0188,11,2.215,0.9403,4,0.8751,,0.700,0,
6510,11,167,edge-15,2,edge,2600.0,0.0714,0.0188,9,2.278,0.8561,4,0.8703,,0.700,0,
6511,11,167,edge-15,2,edge,2700.0,0.0714,0.0188,11,2.328,0.9403,3,0.8675,,0.700,0,
6512,11,167,edge-15,2,edge,2800.0,0.0714,0.0188,11,2.058,0.9403,3,0.8627,,0.700,0,
6513,11,167,edge-15,2,edge,2900.0,0.0714,0.0188,11,2.274,0.9403,3,0.8580,,0.700,0,
6514,11,167,edge-15,2,edge,3000.0,0.0714,0.0188,11,2.274,0.9403,3,0.8532,,0.700,0,
6515,11,167,edge-15,2,edge,3100.0,0.0714,0.0188,11,2.274,0.9403,2,0.8485,,0.700,0,
6516,11,167,edge-15,2,edge,3200.0,0.0714,0.0188,9,1.969,0.8598,3,0.8437,,0.700,0,
6517,11,167,edge-15,2,edge,3300.0,0.0714,0.0188,11,2.019,0.9403,2,0.8390,,0.700,0,
6518,11,167,edge-15,2,edge,3400.0,0.0714,0.0188,11,2.019,0.9403,1,0.8342,,0.700,0,
6519,11,167,edge-15,2,edge,3500.0,0.0714,0.0188,11,2.019,0.9403,1,0.8295,,0.700,0,
6520,11,167,edge-15,2,edge,3600.0,0.0714,0.0188,11,2.019,0.9403,1,0.8247,,0.700,0,
6521,11,167,edge-15,2,edge,3700.0,0.0714,0.0188,11,2.283,0.9403,1,0.8199,,0.700,0,
6522,11,167,edge-15,2,edge,3800.0,0.0714,0.0188,11,2.283,0.9403,1,0.8152,,0.700,0,
6523,11,167,edge-15,2,edge,3900.0,0.0714,0.0188,11,2.283,0.9403,1,0.8104,,0.700,0,
6524,11,167,edge-15,2,edge,4000.0,0.0714,0.0188,11,2.270,0.9403,2,0.8057,,0.700,0,
6525,11,167,edge-15,2,edge,4100.0,0.0714,0.0188,11,2.270,0.9403,2,0.8009,,0.700,0,
6526,11,167,edge-15,2,edge,4200.0,0.0714,0.0188,9,2.220,0.8598,1,0.7962,,0.700,0,
6527,11,167,edge-15,2,edge,4300.0,0.0714,0.0188,9,2.220,0.8598,1,0.7914,,0.700,0,
6528,11,167,edge-15,2,edge,4400.0,0.0714,0.0188,11,2.031,0.9403,2,0.7867,,0.700,0,
6529,11,167,edge-15,2,edge,4500.0,0.0714,0.0188,11,2.269,0.9403,2,0.7819,,0.700,0,
6530,11,167,edge-15,2,edge,4600.0,0.0714,0.0188,11,2.165,0.9403,3,0.7771,,0.700,0,
6531,11,167,edge-15,2,edge,4700.0,0.0714,0.0188,11,2.165,0.9403,3,0.7724,,0.700,0,
6532,11,167,edge-15,2,edge,4800.0,0.0714,0.0188,11,2.269,0.9403,4,0.7676,,0.700,0,
6533,11,167,edge-15,2,edge,4900.0,0.0714,0.0188,11,2.179,0.9403,4,0.7629,,0.700,0,
6534,11,167,edge-15,2,edge,5000.0,0.0714,0.0188,11,2.179,0.9403,3,0.7581,,0.700,0,
6535,11,170,edge-16,2,edge,0.0,0.0000,0.0188,0,1.788,,1,1.0000,,0.700,0,
6536,11,170,edge-16,2,edge,100.0,0.0286,0.0188,4,1.988,1.0000,1,0.9873,,0.700,0,
6537,11,170,edge-16,2,edge,200.0,0.0714,0.0188,11,2.288,0.9403,1,0.9825,,0.700,0,
6538,11,170,edge-16,2,edge,300.0,0.0714,0.0188,11,2.288,0.9403,1,0.9778,,0.700,0,
6539,11,170,edge-16,2,edge,400.0,0.0714,0.0188,11,2.288,0.9403,1,0.9730,,0.700,0,
6540,11,170,edge-16,2,edge,500.0,0.0714,0.0188,11,2.288,0.9403,0,0.9683,,0.700,0,
6541,11,170,edge-16,2,edge,600.0,0.0714,0.0188,9,2.238,0.8561,0,0.9635,,0.700,0,
6542,11,170,edge-16,2,edge,700.0,0.0714,0.0188,11,2.191,0.9403,1,0.9607,,0.700,0,
6543,11,170,edge-16,2,edge,800.0,0.0714,0.0188,11,2.191,0.9403,1,0.9559,,0.700,0,
6544,11,170,edge-16,2,edge,900.0,0.0714,0.0188,9,2.141,0.8561,1,0.9512,,0.700,0,
6545,11,170,edge-16,2,edge,1000.0,0.0714,0.0188,9,2.141,0.8598,1,0.9483,,0.700,0,
6546,11,170,edge-16,2,edge,1100.0,0.0714,0.0188,9,2.269,0.8561,2,0.9436,,0.700,0,
6547,11,170,edge-16,2,edge,1200.0,0.0714,0.0188,11,2.110,0.9403,2,0.9407,,0.700,0,
6548,11,170,edge-16,2,edge,1300.0,0.0714,0.0188,11,2.411,0.9403,2,0.9360,,0.700,0,
6549,11,170,edge-16,2,edge,1400.0,0.0714,0.0188,11,2.411,0.9403,2,0.9312,,0.700,0,
6550,11,170,edge-16,2,edge,1500.0,0.0714,0.0188,11,2.094,0.9403,2,0.9265,,0.700,0,
6551,11,170,edge-16,2,edge,1600.0,0.0714,0.0188,8,2.167,0.7604,2,0.9217,,0.700,0,
6552,11,170,edge-16,2,edge,1700.0,0.0714,0.0188,11,2.298,0.9403,2,0.9170,,0.700,0,
6553,11,170,edge-16,2,edge,1800.0,0.0714,0.0188,9,2.026,0.8598,3,0.9122,,0.700,0,
6554,11,170,edge-16,2,edge,1900.0,0.0714,0.0188,9,2.107,0.8598,4,0.9075,,0.700,0,
6555,11,170,edge-16,2,edge,2000.0,0.0714,0.0188,9,2.260,0.8598,5,0.9027,,0.700,0,
6556,11,170,edge-16,2,edge,2100.0,0.0714,0.0188,11,2.310,0.9403,4,0.8979,,0.700,0,
6557,11,170,edge-16,2,edge,2200.0,0.0714,0.0188,11,2.017,0.9403,4,0.8932,,0.700,0,
6558,11,170,edge-16,2,edge,2300.0,0.0714,0.0188,11,2.328,0.9403,4,0.8884,,0.700,0,
6559,11,170,edge-16,2,edge,2400.0,0.0714,0.0188,11,2.205,0.9403,4,0.8837,,0.700,0,
6560,11,170,edge-16,2,edge,2500.0,0.0714,0.0188,11,2.335,0.9403,4,0.8789,,0.700,0,
6561,11,170,edge-16,2,edge,2600.0,0.0714,0.0188,9,2.285,0.8561,4,0.8742,,0.700,0,
6562,11,170,edge-16,2,edge,2700.0,0.0714,0.0188,7,1.984,0.6324,4,0.8713,,0.700,0,
6563,11,170,edge-16,2,edge,2800.0,0.0714,0.0188,9,2.149,0.8598,4,0.8685,,0.700,0,
6564,11,170,edge-16,2,edge,2900.0,0.0714,0.0188,11,2.133,0.9403,4,0.8637,,0.700,0,
6565,11,170,edge-16,2,edge,3000.0,0.0714,0.0188,9,2.083,0.8598,3,0.8590,,0.700,0,
6566,11,170,edge-16,2,edge,3100.0,0.0714,0.0188,11,2.133,0.9403,3,0.8542,,0.700,0,
6567,11,170,edge-16,2,edge,3200.0,0.0714,0.0188,11,2.270,0.9403,3,0.8495,,0.700,0,
6568,11,170,edge-16,2,edge,3300.0,0.0714,0.0188,11,2.270,0.9403,2,0.8447,,0.700,0,
6569,11,170,edge-16,2,edge,3400.0,0.0714,0.0188,11,2.270,0.9403,1,0.8400,,0.700,0,
6570,11,170,edge-16,2,edge,3500.0,0.0714,0.0188,11,2.270,0.9403,1,0.8352,,0.700,0,
6571,11,170,edge-16,2,edge,3600.0,0.0714,0.0188,11,2.088,0.9403,2,0.8305,,0.700,0,
6572,11,170,edge-16,2,edge,3700.0,0.0714,0.0188,11,2.204,0.9403,2,0.8257,,0.700,0,
6573,11,170,edge-16,2,edge,3800.0,0.0714,0.0188,11,2.115,0.9403,3,0.8210,,0.700,0,
6574,11,170,edge-16,2,edge,3900.0,0.0714,0.0188,9,2.350,0.8598,4,0.8162,,0.700,0,
6575,11,170,edge-16,2,edge,4000.0,0.0714,0.0188,11,2.400,0.9403,4,0.8114,,0.700,0,
6576,11,170,edge-16,2,edge,4100.0,0.0714,0.0188,11,2.400,0.9403,3,0.8067,,0.700,0,
6577,11,170,edge-16,2,edge,4200.0,0.0714,0.0188,11,2.400,0.9403,2,0.8019,,0.700,0,
6578,11,170,edge-16,2,edge,4300.0,0.0714,0.0188,11,2.400,0.9403,1,0.7972,,0.700,0,
6579,11,170,edge-16,2,edge,4400.0,0.0714,0.0188,11,2.400,0.9403,0,0.7924,,0.700,0,
6580,11,170,edge-16,2,edge,4500.0,0.0714,0.0188,9,2.561,0.8561,1,0.7877,,0.700,0,
6581,11,170,edge-16,2,edge,4600.0,0.0714,0.0188,9,2.561,0.8598,1,0.7848,,0.700,0,
6582,11,170,edge-16,2,edge,4700.0,0.0714,0.0188,9,2.561,0.8561,1,0.7801,,0.700,0,
6583,11,170,edge-16,2,edge,4800.0,0.0714,0.0188,11,2.335,0.9403,2,0.7772,,0.700,0,
6584,11,170,edge-16,2,edge,4900.0,0.0714,0.0188,11,2.349,0.9403,3,0.7725,,0.700,0,
6585,11,170,edge-16,2,edge,5000.0,0.0714,0.0188,8,2.249,0.7604,2,0.7677,,0.700,0,
6586,11,173,edge-17,2,edge,0.0,0.0000,0.0188,0,1.761,,1,1.0000,,0.700,0,
6587,11,173,edge-17,2,edge,100.0,0.0286,0.0188,4,1.961,1.0000,1,0.9873,,0.700,0,
6588,11,173,edge-17,2,edge,200.0,0.0714,0.0188,11,2.231,0.9403,2,0.9825,,0.700,0,
6589,11,173,edge-17,2,edge,300.0,0.0714,0.0188,9,2.181,0.8561,2,0.9778,,0.700,0,
6590,11,173,edge-17,2,edge,400.0,0.0714,0.0188,9,2.181,0.8598,2,0.9749,,0.700,0,
6591,11,173,edge-17,2,edge,500.0,0.0714,0.0188,11,2.068,0.9403,2,0.9702,,0.700,0,
6592,11,173,edge-17,2,edge,600.0,0.0714,0.0188,11,2.068,0.9403,2,0.9654,,0.700,0,
6593,11,173,edge-17,2,edge,700.0,0.0714,0.0188,9,2.018,0.8598,1,0.9607,,0.700,0,
6594,11,173,edge-17,2,edge,800.0,0.0714,0.0188,9,2.018,0.8598,1,0.9559,,0.700,0,
6595,11,173,edge-17,2,edge,900.0,0.0714,0.0188,11,2.068,0.9403,1,0.9512,,0.700,0,
6596,11,173,edge-17,2,edge,1000.0,0.0714,0.0188,11,2.068,0.9403,0,0.9464,,0.700,0,
6597,11,173,edge-17,2,edge,1100.0,0.0714,0.0188,11,2.068,0.9403,0,0.9417,,0.700,0,
6598,11,173,edge-17,2,edge,1200.0,0.0714,0.0188,9,2.018,0.8598,0,0.9369,,0.700,0,
6599,11,173,edge-17,2,edge,1300.0,0.0714,0.0188,11,2.068,0.9403,0,0.9321,,0.700,0,
6600,11,173,edge-17,2,edge,1400.0,0.0714,0.0188,11,2.068,0.9403,0,0.9274,,0.700,0,
6601,11,173,edge-17,2,edge,1500.0,0.0714,0.0188,9,2.018,0.8598,0,0.9226,,0.700,0,
6602,11,173,edge-17,2,edge,1600.0,0.0714,0.0188,9,2.018,0.8598,0,0.9179,,0.700,0,
6603,11,173,edge-17,2,edge,1700.0,0.0714,0.0188,11,2.068,0.9403,0,0.9131,,0.700,0,
6604,11,173,edge-17,2,edge,1800.0,0.0714,0.0188,11,2.068,0.9403,0,0.9084,,0.700,0,
6605,11,173,edge-17,2,edge,1900.0,0.0714,0.0188,11,2.068,0.9403,0,0.9036,,0.700,0,
6606,11,173,edge-17,2,edge,2000.0,0.0714,0.0188,11,2.068,0.9403,0,0.8989,,0.700,0,
6607,11,173,edge-17,2,edge,2100.0,0.0714,0.0188,11,2.068,0.9403,0,0.8941,,0.700,0,
6608,11,173,edge-17,2,edge,2200.0,0.0714,0.0188,11,2.068,0.9403,0,0.8894,,0.700,0,
6609,11,173,edge-17,2,edge,2300.0,0.0714,0.0188,9,2.018,0.8598,0,0.8846,,0.700,0,
6610,11,173,edge-17,2,edge,2400.0,0.0714,0.0188,11,2.068,0.9403,0,0.8798,,0.700,0,
6611,11,173,edge-17,2,edge,2500.0,0.0714,0.0188,11,2.068,0.9403,0,0.8751,,0.700,0,
6612,11,173,edge-17,2,edge,2600.0,0.0714,0.0188,9,2.141,0.8598,1,0.8703,,0.700,0,
6613,11,173,edge-17,2,edge,2700.0,0.0714,0.0188,11,2.191,0.9403,1,0.8656,,0.700,0,
6614,11,173,edge-17,2,edge,2800.0,0.0714,0.0188,11,2.191,0.9403,1,0.8608,,0.700,0,
6615,11,173,edge-17,2,edge,2900.0,0.0714,0.0188,9,2.141,0.8561,1,0.8561,,0.700,0,
6616,11,173,edge-17,2,edge,3000.0,0.0714,0.0188,11,2.196,0.9403,2,0.8532,,0.700,0,
6617,11,173,edge-17,2,edge,3100.0,0.0714,0.0188,8,2.144,0.7581,2,0.8485,,0.700,0,
6618,11,173,edge-17,2,edge,3200.0,0.0714,0.0188,11,2.184,0.9403,3,0.8456,,0.700,0,
6619,11,173,edge-17,2,edge,3300.0,0.0714,0.0188,9,2.189,0.8598,4,0.8409,,0.700,0,
6620,11,173,edge-17,2,edge,3400.0,0.0714,0.0188,11,2.111,0.9403,5,0.8361,,0.700,0,
6621,11,173,edge-17,2,edge,3500.0,0.0714,0.0188,9,2.061,0.8598,4,0.8314,,0.700,0,
6622,11,173,edge-17,2,edge,3600.0,0.0714,0.0188,11,2.229,0.9403,4,0.8266,,0.700,0,
6623,11,173,edge-17,2,edge,3700.0,0.0714,0.0188,11,2.349,0.9403,4,0.8219,,0.700,0,
6624,11,173,edge-17,2,edge,3800.0,0.0714,0.0188,11,2.258,0.9403,4,0.8171,,0.700,0,
6625,11,173,edge-17,2,edge,3900.0,0.0714,0.0188,11,2.258,0.9403,3,0.8124,,0.700,0,
6626,11,173,edge-17,2,edge,4000.0,0.0714,0.0188,9,2.029,0.8598,4,0.8076,,0.700,0,
6627,11,173,edge-17,2,edge,4100.0,0.0714,0.0188,11,2.079,0.9403,3,0.8028,,0.700,0,
6628,11,173,edge-17,2,edge,4200.0,0.0714,0.0188,11,2.079,0.9403,2,0.7981,,0.700,0,
6629,11,173,edge-17,2,edge,4300.0,0.0714,0.0188,11,2.079,0.9403,1,0.7933,,0.700,0,
6630,11,173,edge-17,2,edge,4400.0,0.0714,0.0188,8,2.268,0.7604,2,0.7886,,0.700,0,
6631,11,173,edge-17,2,edge,4500.0,0.0714,0.0188,11,2.368,0.9403,1,0.7838,,0.700,0,
6632,11,173,edge-17,2,edge,4600.0,0.0714,0.0188,9,2.318,0.8598,1,0.7791,,0.700,0,
6633,11,173,edge-17,2,edge,4700.0,0.0714,0.0188,11,2.368,0.9403,1,0.7743,,0.700,0,
6634,11,173,edge-17,2,edge,4800.0,0.0714,0.0188,11,2.368,0.9403,1,0.7696,,0.700,0,
6635,11,173,edge-17,2,edge,4900.0,0.0714,0.0188,11,2.368,0.9403,0,0.7648,,0.700,0,
6636,11,173,edge-17,2,edge,5000.0,0.0714,0.0188,9,2.242,0.8598,1,0.7600,,0.700,0,
6637,11,176,edge-18,2,edge,0.0,0.0000,0.0188,0,1.761,,1,1.0000,,0.700,0,
6638,11,176,edge-18,2,edge,100.0,0.0286,0.0188,4,1.961,1.0000,1,0.9873,,0.700,0,
6639,11,176,edge-18,2,edge,200.0,0.0714,0.0188,9,2.211,0.8598,1,0.9825,,0.700,0,
6640,11,176,edge-18,2,edge,300.0,0.0714,0.0188,9,2.211,0.8598,1,0.9778,,0.700,0,
6641,11,176,edge-18,2,edge,400.0,0.0714,0.0188,11,2.261,0.9403,1,0.9730,,0.700,0,
6642,11,176,edge-18,2,edge,500.0,0.0714,0.0188,11,2.286,0.9403,0,0.9683,,0.700,0,
6643,11,176,edge-18,2,edge,600.0,0.0714,0.0188,9,2.161,0.8598,0,0.9635,,0.700,0,
6644,11,176,edge-18,2,edge,700.0,0.0714,0.0188,11,2.211,0.9403,0,0.9588,,0.700,0,
6645,11,176,edge-18,2,edge,800.0,0.0714,0.0188,11,2.211,0.9403,0,0.9540,,0.700,0,
6646,11,176,edge-18,2,edge,900.0,0.0714,0.0188,11,2.191,0.9403,1,0.9492,,0.700,0,
6647,11,176,edge-18,2,edge,1000.0,0.0714,0.0188,11,2.314,0.9403,1,0.9445,,0.700,0,
6648,11,176,edge-18,2,edge,1100.0,0.0714,0.0188,9,2.245,0.8598,2,0.9397,,0.700,0,
6649,11,176,edge-18,2,edge,1200.0,0.0714,0.0188,8,1.953,0.7581,3,0.9350,,0.700,0,
6650,11,176,edge-18,2,edge,1300.0,0.0714,0.0188,11,2.249,0.9403,4,0.9321,,0.700,0,
6651,11,176,edge-18,2,edge,1400.0,0.0714,0.0188,9,2.095,0.8598,4,0.9274,,0.700,0,
6652,11,176,edge-18,2,edge,1500.0,0.0714,0.0188,7,1.995,0.6333,4,0.9226,,0.700,0,
6653,11,176,edge-18,2,edge,1600.0,0.0714,0.0188,11,2.145,0.9403,3,0.9179,,0.700,0,
6654,11,176,edge-18,2,edge,1700.0,0.0714,0.0188,9,2.095,0.8598,2,0.9131,,0.700,0,
6655,11,176,edge-18,2,edge,1800.0,0.0714,0.0188,11,2.290,0.9403,2,0.9084,,0.700,0,
6656,11,176,edge-18,2,edge,1900.0,0.0714,0.0188,9,2.189,0.8598,2,0.9036,,0.700,0,
6657,11,176,edge-18,2,edge,2000.0,0.0714,0.0188,9,2.464,0.8598,2,0.8989,,0.700,0,
6658,11,176,edge-18,2,edge,2100.0,0.0714,0.0188,11,2.514,0.9403,2,0.8941,,0.700,0,
6659,11,176,edge-18,2,edge,2200.0,0.0714,0.0188,11,2.514,0.9403,2,0.8894,,0.700,0,
6660,11,176,edge-18,2,edge,2300.0,0.0714,0.0188,9,2.464,0.8561,1,0.8846,,0.700,0,
6661,11,176,edge-18,2,edge,2400.0,0.0714,0.0188,9,2.464,0.8598,0,0.8818,,0.700,0,
6662,11,176,edge-18,2,edge,2500.0,0.0714,0.0188,9,2.464,0.8598,0,0.8770,,0.700,0,
6663,11,176,edge-18,2,edge,2600.0,0.0714,0.0188,11,2.521,0.9403,1,0.8723,,0.700,0,
6664,11,176,edge-18,2,edge,2700.0,0.0714,0.0188,9,2.471,0.8598,1,0.8675,,0.700,0,
6665,11,176,edge-18,2,edge,2800.0,0.0714,0.0188,11,2.253,0.9403,2,0.8627,,0.700,0,
6666,11,176,edge-18,2,edge,2900.0,0.0714,0.0188,9,2.187,0.8598,3,0.8580,,0.700,0,
6667,11,176,edge-18,2,edge,3000.0,0.0714,0.0188,11,2.447,0.9403,4,0.8532,,0.700,0,
6668,11,176,edge-18,2,edge,3100.0,0.0714,0.0188,11,2.425,0.9403,3,0.8485,,0.700,0,
6669,11,176,edge-18,2,edge,3200.0,0.0714,0.0188,9,2.591,0.8598,4,0.8437,,0.700,0,
6670,11,176,edge-18,2,edge,3300.0,0.0714,0.0188,11,2.207,0.9403,4,0.8390,,0.700,0,
6671,11,176,edge-18,2,edge,3400.0,0.0714,0.0188,11,2.526,0.9403,4,0.8342,,0.700,0,
6672,11,176,edge-18,2,edge,3500.0,0.0714,0.0188,9,2.405,0.8561,4,0.8295,,0.700,0,
6673,11,176,edge-18,2,edge,3600.0,0.0714,0.0188,9,2.405,0.8598,4,0.8266,,0.700,0,
6674,11,176,edge-18,2,edge,3700.0,0.0714,0.0188,11,2.455,0.9403,3,0.8219,,0.700,0,
6675,11,176,edge-18,2,edge,3800.0,0.0714,0.0188,11,2.455,0.9403,2,0.8171,,0.700,0,
6676,11,176,edge-18,2,edge,3900.0,0.0714,0.0188,9,2.405,0.8561,1,0.8124,,0.700,0,
6677,11,176,edge-18,2,edge,4000.0,0.0714,0.0188,11,2.585,0.9403,1,0.8095,,0.700,0,
6678,11,176,edge-18,2,edge,4100.0,0.0714,0.0188,9,2.535,0.8598,1,0.8048,,0.700,0,
6679,11,176,edge-18,2,edge,4200.0,0.0714,0.0188,8,2.185,0.7581,2,0.8000,,0.700,0,
6680,11,176,edge-18,2,edge,4300.0,0.0714,0.0188,11,2.285,0.9403,2,0.7972,,0.700,0,
6681,11,176,edge-18,2,edge,4400.0,0.0714,0.0188,9,2.235,0.8598,2,0.7924,,0.700,0,
6682,11,176,edge-18,2,edge,4500.0,0.0714,0.0188,11,2.285,0.9403,1,0.7877,,0.700,0,
6683,11,176,edge-18,2,edge,4600.0,0.0714,0.0188,11,2.601,0.9403,1,0.7829,,0.700,0,
6684,11,176,edge-18,2,edge,4700.0,0.0714,0.0188,9,2.220,0.8598,1,0.7782,,0.700,0,
6685,11,176,edge-18,2,edge,4800.0,0.0714,0.0188,11,2.270,0.9403,1,0.7734,,0.700,0,
6686,11,176,edge-18,2,edge,4900.0,0.0714,0.0188,8,2.179,0.7604,2,0.7686,,0.700,0,
6687,11,176,edge-18,2,edge,5000.0,0.0714,0.0188,11,2.477,0.9403,3,0.7639,,0.700,0,
6688,11,179,edge-19,2,edge,0.0,0.0000,0.0188,0,1.768,,1,1.0000,,0.700,0,
6689,11,179,edge-19,2,edge,100.0,0.0286,0.0188,4,1.968,1.0000,1,0.9873,,0.700,0,
6690,11,179,edge-19,2,edge,200.0,0.0714,0.0188,11,2.268,0.9403,1,0.9825,,0.700,0,
6691,11,179,edge-19,2,edge,300.0,0.0714,0.0188,9,2.218,0.8561,1,0.9778,,0.700,0,
6692,11,179,edge-19,2,edge,400.0,0.0714,0.0188,11,2.267,0.9403,2,0.9749,,0.700,0,
6693,11,179,edge-19,2,edge,500.0,0.0714,0.0188,8,2.167,0.7581,1,0.9702,,0.700,0,
6694,11,179,edge-19,2,edge,600.0,0.0714,0.0188,11,2.267,0.9403,1,0.9674,,0.700,0,
6695,11,179,edge-19,2,edge,700.0,0.0714,0.0188,11,2.267,0.9403,1,0.9626,,0.700,0,
6696,11,179,edge-19,2,edge,800.0,0.0714,0.0188,11,2.267,0.9403,1,0.9578,,0.700,0,
6697,11,179,edge-19,2,edge,900.0,0.0714,0.0188,11,2.267,0.9403,0,0.9531,,0.700,0,
6698,11,179,edge-19,2,edge,1000.0,0.0714,0.0188,11,2.107,0.9403,1,0.9483,,0.700,0,
6699,11,179,edge-19,2,edge,1100.0,0.0714,0.0188,11,2.278,0.9403,2,0.9436,,0.700,0,
6700,11,179,edge-19,2,edge,1200.0,0.0714,0.0188,11,2.144,0.9403,2,0.9388,,0.700,0,
6701,11,179,edge-19,2,edge,1300.0,0.0714,0.0188,9,2.076,0.8598,3,0.9341,,0.700,0,
6702,11,179,edge-19,2,edge,1400.0,0.0714,0.0188,11,2.049,0.9403,4,0.9293,,0.700,0,
6703,11,179,edge-19,2,edge,1500.0,0.0714,0.0188,8,1.949,0.7604,3,0.9246,,0.700,0,
6704,11,179,edge-19,2,edge,1600.0,0.0714,0.0188,11,2.125,0.9403,3,0.9198,,0.700,0,
6705,11,179,edge-19,2,edge,1700.0,0.0714,0.0188,11,2.125,0.9403,3,0.9150,,0.700,0,
6706,11,179,edge-19,2,edge,1800.0,0.0714,0.0188,8,1.988,0.7604,3,0.9103,,0.700,0,
6707,11,179,edge-19,2,edge,1900.0,0.0714,0.0188,11,2.022,0.9403,3,0.9055,,0.700,0,
6708,11,179,edge-19,2,edge,2000.0,0.0714,0.0188,11,2.169,0.9403,4,0.9008,,0.700,0,
6709,11,179,edge-19,2,edge,2100.0,0.0714,0.0188,9,2.061,0.8598,4,0.8960,,0.700,0,
6710,11,179,edge-19,2,edge,2200.0,0.0714,0.0188,11,2.111,0.9403,4,0.8913,,0.700,0,
6711,11,179,edge-19,2,edge,2300.0,0.0714,0.0188,9,2.061,0.8598,3,0.8865,,0.700,0,
6712,11,179,edge-19,2,edge,2400.0,0.0714,0.0188,11,2.111,0.9403,2,0.8818,,0.700,0,
6713,11,179,edge-19,2,edge,2500.0,0.0714,0.0188,8,2.011,0.7581,1,0.8770,,0.700,0,
6714,11,179,edge-19,2,edge,2600.0,0.0714,0.0188,11,2.223,0.9403,1,0.8742,,0.700,0,
6715,11,179,edge-19,2,edge,2700.0,0.0714,0.0188,9,2.081,0.8598,2,0.8694,,0.700,0,
6716,11,179,edge-19,2,edge,2800.0,0.0714,0.0188,11,2.228,0.9403,3,0.8647,,0.700,0,
6717,11,179,edge-19,2,edge,2900.0,0.0714,0.0188,11,2.615,0.9403,4,0.8599,,0.700,0,
6718,11,179,edge-19,2,edge,3000.0,0.0714,0.0188,11,2.301,0.9403,5,0.8552,,0.700,0,
6719,11,179,edge-19,2,edge,3100.0,0.0714,0.0188,9,2.337,0.8598,5,0.8504,,0.700,0,
6720,11,179,edge-19,2,edge,3200.0,0.0714,0.0188,9,2.337,0.8598,4,0.8456,,0.700,0,
6721,11,179,edge-19,2,edge,3300.0,0.0714,0.0188,11,2.393,0.9403,4,0.8409,,0.700,0,
6722,11,179,edge-19,2,edge,3400.0,0.0714,0.0188,11,2.393,0.9403,3,0.8361,,0.700,0,
6723,11,179,edge-19,2,edge,3500.0,0.0714,0.0188,11,2.538,0.9403,2,0.8314,,0.700,0,
6724,11,179,edge-19,2,edge,3600.0,0.0714,0.0188,11,2.562,0.9403,2,0.8266,,0.700,0,
6725,11,179,edge-19,2,edge,3700.0,0.0714,0.0188,11,2.562,0.9403,2,0.8219,,0.700,0,
6726,11,179,edge-19,2,edge,3800.0,0.0714,0.0188,8,2.462,0.7604,1,0.8171,,0.700,0,
6727,11,179,edge-19,2,edge,3900.0,0.0714,0.0188,11,2.562,0.9403,1,0.8124,,0.700,0,
6728,11,179,edge-19,2,edge,4000.0,0.0714,0.0188,11,2.365,0.9403,2,0.8076,,0.700,0,
6729,11,179,edge-19,2,edge,4100.0,0.0714,0.0188,11,2.033,0.9403,2,0.8028,,0.700,0,
6730,11,179,edge-19,2,edge,4200.0,0.0714,0.0188,9,1.983,0.8598,2,0.7981,,0.700,0,
6731,11,179,edge-19,2,edge,4300.0,0.0714,0.0188,8,2.005,0.7604,3,0.7933,,0.700,0,
6732,11,179,edge-19,2,edge,4400.0,0.0714,0.0188,9,2.134,0.8598,4,0.7886,,0.700,0,
6733,11,179,edge-19,2,edge,4500.0,0.0714,0.0188,8,2.084,0.7581,3,0.7838,,0.700,0,
6734,11,179,edge-19,2,edge,4600.0,0.0714,0.0188,9,2.134,0.8598,2,0.7810,,0.700,0,
6735,11,179,edge-19,2,edge,4700.0,0.0714,0.0188,9,2.251,0.8598,2,0.7762,,0.700,0,
6736,11,179,edge-19,2,edge,4800.0,0.0714,0.0188,11,2.301,0.9403,1,0.7715,,0.700,0,
6737,11,179,edge-19,2,edge,4900.0,0.0714,0.0188,11,2.301,0.9403,0,0.7667,,0.700,0,
6738,11,179,edge-19,2,edge,5000.0,0.0714,0.0188,11,2.301,0.9403,0,0.7620,,0.700,0,
6739,11,182,edge-20,2,edge,0.0,0.0000,0.0188,0,1.715,,1,1.0000,,0.700,0,
6740,11,182,edge-20,2,edge,100.0,0.0286,0.0188,4,1.915,1.0000,1,0.9873,,0.700,0,
6741,11,182,edge-20,2,edge,200.0,0.0714,0.0188,11,2.304,0.9403,2,0.9825,,0.700,0,
6742,11,182,edge-20,2,edge,300.0,0.0714,0.0188,11,2.475,0.9403,3,0.9778,,0.700,0,
6743,11,182,edge-20,2,edge,400.0,0.0714,0.0188,11,2.348,0.9403,4,0.9730,,0.700,0,
6744,11,182,edge-20,2,edge,500.0,0.0714,0.0188,11,2.348,0.9403,3,0.9683,,0.700,0,
6745,11,182,edge-20,2,edge,600.0,0.0714,0.0188,11,2.348,0.9403,3,0.9635,,0.700,0,
6746,11,182,edge-20,2,edge,700.0,0.0714,0.0188,11,2.348,0.9403,2,0.9588,,0.700,0,
6747,11,182,edge-20,2,edge,800.0,0.0714,0.0188,11,2.348,0.9403,1,0.9540,,0.700,0,
6748,11,182,edge-20,2,edge,900.0,0.0714,0.0188,9,2.298,0.8598,0,0.9492,,0.700,0,
6749,11,182,edge-20,2,edge,1000.0,0.0714,0.0188,11,2.558,0.9403,1,0.9445,,0.700,0,
6750,11,182,edge-20,2,edge,1100.0,0.0714,0.0188,11,2.558,0.9403,1,0.9397,,0.700,0,
6751,11,182,edge-20,2,edge,1200.0,0.0714,0.0188,11,2.558,0.9403,1,0.9350,,0.700,0,
6752,11,182,edge-20,2,edge,1300.0,0.0714,0.0188,9,2.508,0.8561,1,0.9302,,0.700,0,
6753,11,182,edge-20,2,edge,1400.0,0.0714,0.0188,8,2.197,0.7581,1,0.9274,,0.700,0,
6754,11,182,edge-20,2,edge,1500.0,0.0714,0.0188,11,2.457,0.9403,1,0.9246,,0.700,0,
6755,11,182,edge-20,2,edge,1600.0,0.0714,0.0188,11,2.369,0.9403,2,0.9198,,0.700,0,
6756,11,182,edge-20,2,edge,1700.0,0.0714,0.0188,9,2.112,0.8598,3,0.9150,,0.700,0,
6757,11,182,edge-20,2,edge,1800.0,0.0714,0.0188,9,2.325,0.8598,4,0.9103,,0.700,0,
6758,11,182,edge-20,2,edge,1900.0,0.0714,0.0188,9,2.325,0.8598,4,0.9055,,0.700,0,
6759,11,182,edge-20,2,edge,2000.0,0.0714,0.0188,11,2.375,0.9403,3,0.9008,,0.700,0,
6760,11,182,edge-20,2,edge,2100.0,0.0714,0.0188,8,2.279,0.7604,3,0.8960,,0.700,0,
6761,11,182,edge-20,2,edge,2200.0,0.0714,0.0188,11,2.406,0.9403,3,0.8913,,0.700,0,
6762,11,182,edge-20,2,edge,2300.0,0.0714,0.0188,11,2.406,0.9403,2,0.8865,,0.700,0,
6763,11,182,edge-20,2,edge,2400.0,0.0714,0.0188,11,2.460,0.9403,2,0.8818,,0.700,0,
6764,11,182,edge-20,2,edge,2500.0,0.0714,0.0188,9,2.087,0.8598,3,0.8770,,0.700,0,
6765,11,182,edge-20,2,edge,2600.0,0.0714,0.0188,11,2.137,0.9403,2,0.8723,,0.700,0,
6766,11,182,edge-20,2,edge,2700.0,0.0714,0.0188,11,2.137,0.9403,1,0.8675,,0.700,0,
6767,11,182,edge-20,2,edge,2800.0,0.0714,0.0188,11,2.137,0.9403,1,0.8627,,0.700,0,
6768,11,182,edge-20,2,edge,2900.0,0.0714,0.0188,9,2.087,0.8598,1,0.8580,,0.700,0,
6769,11,182,edge-20,2,edge,3000.0,0.0714,0.0188,9,2.087,0.8561,0,0.8532,,0.700,0,
6770,11,182,edge-20,2,edge,3100.0,0.0714,0.0188,11,2.137,0.9403,0,0.8504,,0.700,0,
6771,11,182,edge-20,2,edge,3200.0,0.0714,0.0188,11,2.191,0.9403,1,0.8456,,0.700,0,
6772,11,182,edge-20,2,edge,3300.0,0.0714,0.0188,11,2.191,0.9403,1,0.8409,,0.700,0,
6773,11,182,edge-20,2,edge,3400.0,0.0714,0.0188,8,2.091,0.7581,1,0.8361,,0.700,0,
6774,11,182,edge-20,2,edge,3500.0,0.0714,0.0188,11,2.191,0.9403,1,0.8333,,0.700,0,
6775,11,182,edge-20,2,edge,3600.0,0.0714,0.0188,11,2.191,0.9403,1,0.8285,,0.700,0,
6776,11,182,edge-20,2,edge,3700.0,0.0714,0.0188,11,2.191,0.9403,0,0.8238,,0.700,0,
6777,11,182,edge-20,2,edge,3800.0,0.0714,0.0188,9,2.238,0.8598,1,0.8190,,0.700,0,
6778,11,182,edge-20,2,edge,3900.0,0.0714,0.0188,11,2.101,0.9403,2,0.8143,,0.700,0,
6779,11,182,edge-20,2,edge,4000.0,0.0714,0.0188,11,2.080,0.9403,3,0.8095,,0.700,0,
6780,11,182,edge-20,2,edge,4100.0,0.0714,0.0188,9,2.248,0.8561,4,0.8048,,0.700,0,
6781,11,182,edge-20,2,edge,4200.0,0.0714,0.0188,11,2.058,0.9403,5,0.8019,,0.700,0,
6782,11,182,edge-20,2,edge,4300.0,0.0714,0.0188,11,2.282,0.9403,4,0.7972,,0.700,0,
6783,11,182,edge-20,2,edge,4400.0,0.0714,0.0188,8,2.182,0.7604,3,0.7924,,0.700,0,
6784,11,182,edge-20,2,edge,4500.0,0.0714,0.0188,9,2.232,0.8598,2,0.7877,,0.700,0,
6785,11,182,edge-20,2,edge,4600.0,0.0714,0.0188,11,2.282,0.9403,1,0.7829,,0.700,0,
6786,11,182,edge-20,2,edge,4700.0,0.0714,0.0188,11,2.185,0.9403,1,0.7782,,0.700,0,
6787,11,182,edge-20,2,edge,4800.0,0.0714,0.0188,9,2.135,0.8598,1,0.7734,,0.700,0,
6788,11,182,edge-20,2,edge,4900.0,0.0714,0.0188,11,2.185,0.9403,1,0.7686,,0.700,0,
6789,11,182,edge-20,2,edge,5000.0,0.0714,0.0188,11,2.185,0.9403,1,0.7639,,0.700,0,
6790,11,185,edge-21,2,edge,0.0,0.0000,0.0188,0,1.788,,1,1.0000,,0.700,0,
6791,11,185,edge-21,2,edge,100.0,0.0286,0.0188,4,1.988,1.0000,1,0.9873,,0.700,0,
6792,11,185,edge-21,2,edge,200.0,0.0714,0.0188,11,2.288,0.9403,1,0.9825,,0.700,0,
6793,11,185,edge-21,2,edge,300.0,0.0714,0.0188,11,2.288,0.9403,1,0.9778,,0.700,0,
6794,11,185,edge-21,2,edge,400.0,0.0714,0.0188,11,2.288,0.9403,1,0.9730,,0.700,0,
6795,11,185,edge-21,2,edge,500.0,0.0714,0.0188,9,2.141,0.8598,1,0.9683,,0.700,0,
6796,11,185,edge-21,2,edge,600.0,0.0714,0.0188,11,2.191,0.9403,1,0.9635,,0.700,0,
6797,11,185,edge-21,2,edge,700.0,0.0714,0.0188,9,2.141,0.8598,1,0.9588,,0.700,0,
6798,11,185,edge-21,2,edge,800.0,0.0714,0.0188,9,2.141,0.8598,1,0.9540,,0.700,0,
6799,11,185,edge-21,2,edge,900.0,0.0714,0.0188,11,2.319,0.9403,2,0.9492,,0.700,0,
6800,11,185,edge-21,2,edge,1000.0,0.0714,0.0188,11,2.110,0.9403,2,0.9445,,0.700,0,
6801,11,185,edge-21,2,edge,1100.0,0.0714,0.0188,11,2.411,0.9403,2,0.9397,,0.700,0,
6802,11,185,edge-21,2,edge,1200.0,0.0714,0.0188,8,2.311,0.7581,2,0.9350,,0.700,0,
6803,11,185,edge-21,2,edge,1300.0,0.0714,0.0188,11,2.094,0.9403,2,0.9321,,0.700,0,
6804,11,185,edge-21,2,edge,1400.0,0.0714,0.0188,11,2.267,0.9403,2,0.9274,,0.700,0,
6805,11,185,edge-21,2,edge,1500.0,0.0714,0.0188,9,2.248,0.8598,2,0.9226,,0.700,0,
6806,11,185,edge-21,2,edge,1600.0,0.0714,0.0188,9,2.026,0.8598,3,0.9179,,0.700,0,
6807,11,185,edge-21,2,edge,1700.0,0.0714,0.0188,11,2.157,0.9403,4,0.9131,,0.700,0,
6808,11,185,edge-21,2,edge,1800.0,0.0714,0.0188,11,2.310,0.9403,5,0.9084,,0.700,0,
6809,11,185,edge-21,2,edge,1900.0,0.0714,0.0188,11,2.310,0.9403,4,0.9036,,0.700,0,
6810,11,185,edge-21,2,edge,2000.0,0.0714,0.0188,9,1.967,0.8598,4,0.8989,,0.700,0,
6811,11,185,edge-21,2,edge,2100.0,0.0714,0.0188,8,2.228,0.7604,4,0.8941,,0.700,0,
6812,11,185,edge-21,2,edge,2200.0,0.0714,0.0188,11,2.205,0.9403,4,0.8894,,0.700,0,
6813,11,185,edge-21,2,edge,2300.0,0.0714,0.0188,11,2.335,0.9403,4,0.8846,,0.700,0,
6814,11,185,edge-21,2,edge,2400.0,0.0714,0.0188,11,2.335,0.9403,4,0.8798,,0.700,0,
6815,11,185,edge-21,2,edge,2500.0,0.0714,0.0188,9,2.084,0.8598,4,0.8751,,0.700,0,
6816,11,185,edge-21,2,edge,2600.0,0.0714,0.0188,11,2.199,0.9403,4,0.8703,,0.700,0,
6817,11,185,edge-21,2,edge,2700.0,0.0714,0.0188,9,2.083,0.8598,4,0.8656,,0.700,0,
6818,11,185,edge-21,2,edge,2800.0,0.0714,0.0188,9,2.083,0.8598,3,0.8608,,0.700,0,
6819,11,185,edge-21,2,edge,2900.0,0.0714,0.0188,11,2.133,0.9403,3,0.8561,,0.700,0,
6820,11,185,edge-21,2,edge,3000.0,0.0714,0.0188,11,2.270,0.9403,3,0.8513,,0.700,0,
6821,11,185,edge-21,2,edge,3100.0,0.0714,0.0188,9,2.220,0.8598,2,0.8466,,0.700,0,
6822,11,185,edge-21,2,edge,3200.0,0.0714,0.0188,8,2.170,0.7581,1,0.8418,,0.700,0,
6823,11,185,edge-21,2,edge,3300.0,0.0714,0.0188,9,2.220,0.8598,1,0.8390,,0.700,0,
6824,11,185,edge-21,2,edge,3400.0,0.0714,0.0188,11,2.088,0.9403,2,0.8342,,0.700,0,
6825,11,185,edge-21,2,edge,3500.0,0.0714,0.0188,11,2.204,0.9403,2,0.8295,,0.700,0,
6826,11,185,edge-21,2,edge,3600.0,0.0714,0.0188,11,2.115,0.9403,3,0.8247,,0.700,0,
6827,11,185,edge-21,2,edge,3700.0,0.0714,0.0188,9,2.350,0.8598,4,0.8199,,0.700,0,
6828,11,185,edge-21,2,edge,3800.0,0.0714,0.0188,11,2.400,0.9403,4,0.8152,,0.700,0,
6829,11,185,edge-21,2,edge,3900.0,0.0714,0.0188,8,2.300,0.7604,3,0.8104,,0.700,0,
6830,11,185,edge-21,2,edge,4000.0,0.0714,0.0188,9,2.350,0.8598,2,0.8057,,0.700,0,
6831,11,185,edge-21,2,edge,4100.0,0.0714,0.0188,9,2.350,0.8598,1,0.8009,,0.700,0,
6832,11,185,edge-21,2,edge,4200.0,0.0714,0.0188,11,2.400,0.9403,0,0.7962,,0.700,0,
6833,11,185,edge-21,2,edge,4300.0,0.0714,0.0188,11,2.611,0.9403,1,0.7914,,0.700,0,
6834,11,185,edge-21,2,edge,4400.0,0.0714,0.0188,9,2.561,0.8598,1,0.7867,,0.700,0,
6835,11,185,edge-21,2,edge,4500.0,0.0714,0.0188,11,2.611,0.9403,1,0.7819,,0.700,0,
6836,11,185,edge-21,2,edge,4600.0,0.0714,0.0188,11,2.335,0.9403,2,0.7771,,0.700,0,
6837,11,185,edge-21,2,edge,4700.0,0.0714,0.0188,11,2.349,0.9403,3,0.7724,,0.700,0,
6838,11,185,edge-21,2,edge,4800.0,0.0714,0.0188,11,2.349,0.9403,2,0.7676,,0.700,0,
6839,11,185,edge-21,2,edge,4900.0,0.0714,0.0188,9,2.299,0.8598,2,0.7629,,0.700,0,
6840,11,185,edge-21,2,edge,5000.0,0.0714,0.0188,9,2.299,0.8598,2,0.7581,,0.700,0,
6841,11,188,edge-22,2,edge,0.0,0.0000,0.0188,0,1.651,,1,1.0000,,0.700,0,
6842,11,188,edge-22,2,edge,100.0,0.0286,0.0188,4,1.851,1.0000,1,0.9873,,0.700,0,
6843,11,188,edge-22,2,edge,200.0,0.0714,0.0188,11,2.353,0.9403,2,0.9825,,0.700,0,
6844,11,188,edge-22,2,edge,300.0,0.0714,0.0188,11,2.353,0.9403,2,0.9778,,0.700,0,
6845,11,188,edge-22,2,edge,400.0,0.0714,0.0188,11,2.353,0.9403,2,0.9730,,0.700,0,
6846,11,188,edge-22,2,edge,500.0,0.0714,0.0188,11,2.319,0.9403,2,0.9683,,0.700,0,
6847,11,188,edge-22,2,edge,600.0,0.0714,0.0188,9,2.269,0.8598,2,0.9635,,0.700,0,
6848,11,188,edge-22,2,edge,700.0,0.0714,0.0188,9,2.269,0.8561,1,0.9588,,0.700,0,
6849,11,188,edge-22,2,edge,800.0,0.0714,0.0188,11,2.319,0.9403,1,0.9559,,0.700,0,
6850,11,188,edge-22,2,edge,900.0,0.0714,0.0188,11,2.076,0.9403,2,0.9512,,0.700,0,
6851,11,188,edge-22,2,edge,1000.0,0.0714,0.0188,9,2.026,0.8598,1,0.9464,,0.700,0,
6852,11,188,edge-22,2,edge,1100.0,0.0714,0.0188,11,2.076,0.9403,1,0.9417,,0.700,0,
6853,11,188,edge-22,2,edge,1200.0,0.0714,0.0188,11,2.350,0.9403,2,0.9369,,0.700,0,
6854,11,188,edge-22,2,edge,1300.0,0.0714,0.0188,9,2.300,0.8598,2,0.9321,,0.700,0,
6855,11,188,edge-22,2,edge,1400.0,0.0714,0.0188,11,2.116,0.9403,2,0.9274,,0.700,0,
6856,11,188,edge-22,2,edge,1500.0,0.0714,0.0188,11,2.362,0.9403,3,0.9226,,0.700,0,
6857,11,188,edge-22,2,edge,1600.0,0.0714,0.0188,9,2.009,0.8598,4,0.9179,,0.700,0,
6858,11,188,edge-22,2,edge,1700.0,0.0714,0.0188,8,2.097,0.7604,4,0.9131,,0.700,0,
6859,11,188,edge-22,2,edge,1800.0,0.0714,0.0188,9,2.363,0.8598,5,0.9084,,0.700,0,
6860,11,188,edge-22,2,edge,1900.0,0.0714,0.0188,9,2.018,0.8598,5,0.9036,,0.700,0,
6861,11,188,edge-22,2,edge,2000.0,0.0714,0.0188,11,2.068,0.9403,4,0.8989,,0.700,0,
6862,11,188,edge-22,2,edge,2100.0,0.0714,0.0188,8,2.106,0.7604,4,0.8941,,0.700,0,
6863,11,188,edge-22,2,edge,2200.0,0.0714,0.0188,9,2.211,0.8598,4,0.8894,,0.700,0,
6864,11,188,edge-22,2,edge,2300.0,0.0714,0.0188,11,2.231,0.9403,4,0.8846,,0.700,0,
6865,11,188,edge-22,2,edge,2400.0,0.0714,0.0188,9,2.181,0.8598,3,0.8798,,0.700,0,
6866,11,188,edge-22,2,edge,2500.0,0.0714,0.0188,11,2.231,0.9403,3,0.8751,,0.700,0,
6867,11,188,edge-22,2,edge,2600.0,0.0714,0.0188,9,2.018,0.8598,3,0.8703,,0.700,0,
6868,11,188,edge-22,2,edge,2700.0,0.0714,0.0188,9,2.018,0.8598,2,0.8656,,0.700,0,
6869,11,188,edge-22,2,edge,2800.0,0.0714,0.0188,9,2.018,0.8598,1,0.8608,,0.700,0,
6870,11,188,edge-22,2,edge,2900.0,0.0714,0.0188,11,2.068,0.9403,1,0.8561,,0.700,0,
6871,11,188,edge-22,2,edge,3000.0,0.0714,0.0188,8,1.968,0.7604,1,0.8513,,0.700,0,
6872,11,188,edge-22,2,edge,3100.0,0.0714,0.0188,11,2.068,0.9403,0,0.8466,,0.700,0,
6873,11,188,edge-22,2,edge,3200.0,0.0714,0.0188,11,2.068,0.9403,0,0.8418,,0.700,0,
6874,11,188,edge-22,2,edge,3300.0,0.0714,0.0188,11,2.068,0.9403,0,0.8370,,0.700,0,
6875,11,188,edge-22,2,edge,3400.0,0.0714,0.0188,11,2.068,0.9403,0,0.8323,,0.700,0,
6876,11,188,edge-22,2,edge,3500.0,0.0714,0.0188,9,2.018,0.8598,0,0.8275,,0.700,0,
6877,11,188,edge-22,2,edge,3600.0,0.0714,0.0188,11,2.068,0.9403,0,0.8228,,0.700,0,
6878,11,188,edge-22,2,edge,3700.0,0.0714,0.0188,9,2.018,0.8561,0,0.8180,,0.700,0,
6879,11,188,edge-22,2,edge,3800.0,0.0714,0.0188,11,2.068,0.9403,0,0.8152,,0.700,0,
6880,11,188,edge-22,2,edge,3900.0,0.0714,0.0188,11,2.068,0.9403,0,0.8104,,0.700,0,
6881,11,188,edge-22,2,edge,4000.0,0.0714,0.0188,11,2.068,0.9403,0,0.8057,,0.700,0,
6882,11,188,edge-22,2,edge,4100.0,0.0714,0.0188,8,1.968,0.7604,0,0.8009,,0.700,0,
6883,11,188,edge-22,2,edge,4200.0,0.0714,0.0188,9,2.018,0.8598,0,0.7962,,0.700,0,
6884,11,188,edge-22,2,edge,4300.0,0.0714,0.0188,11,2.068,0.9403,0,0.7914,,0.700,0,
6885,11,188,edge-22,2,edge,4400.0,0.0714,0.0188,11,2.068,0.9403,0,0.7867,,0.700,0,
6886,11,188,edge-22,2,edge,4500.0,0.0714,0.0188,9,2.018,0.8598,0,0.7819,,0.700,0,
6887,11,188,edge-22,2,edge,4600.0,0.0714,0.0188,9,2.018,0.8561,0,0.7771,,0.700,0,
6888,11,188,edge-22,2,edge,4700.0,0.0714,0.0188,9,2.141,0.8598,1,0.7743,,0.700,0,
6889,11,188,edge-22,2,edge,4800.0,0.0714,0.0188,9,2.141,0.8598,1,0.7696,,0.700,0,
6890,11,188,edge-22,2,edge,4900.0,0.0714,0.0188,11,2.191,0.9403,1,0.7648,,0.700,0,
6891,11,188,edge-22,2,edge,5000.0,0.0714,0.0188,9,2.141,0.8598,1,0.7600,,0.700,0,
6892,11,191,edge-23,2,edge,0.0,0.0000,0.0188,0,1.728,,1,1.0000,,0.700,0,
6893,11,191,edge-23,2,edge,100.0,0.0286,0.0188,4,1.928,1.0000,1,0.9873,,0.700,0,
6894,11,191,edge-23,2,edge,200.0,0.0714,0.0188,11,2.228,0.9403,1,0.9825,,0.700,0,
6895,11,191,edge-23,2,edge,300.0,0.0714,0.0188,11,2.228,0.9403,1,0.9778,,0.700,0,
6896,11,191,edge-23,2,edge,400.0,0.0714,0.0188,11,2.228,0.9403,1,0.9730,,0.700,0,
6897,11,191,edge-23,2,edge,500.0,0.0714,0.0188,9,2.159,0.8598,0,0.9683,,0.700,0,
6898,11,191,edge-23,2,edge,600.0,0.0714,0.0188,11,2.040,0.9403,1,0.9635,,0.700,0,
6899,11,191,edge-23,2,edge,700.0,0.0714,0.0188,9,1.990,0.8598,1,0.9588,,0.700,0,
6900,11,191,edge-23,2,edge,800.0,0.0714,0.0188,9,2.210,0.8598,2,0.9540,,0.700,0,
6901,11,191,edge-23,2,edge,900.0,0.0714,0.0188,11,2.036,0.9403,3,0.9492,,0.700,0,
6902,11,191,edge-23,2,edge,1000.0,0.0714,0.0188,9,2.466,0.8598,3,0.9445,,0.700,0,
6903,11,191,edge-23,2,edge,1100.0,0.0714,0.0188,9,2.466,0.8598,2,0.9397,,0.700,0,
6904,11,191,edge-23,2,edge,1200.0,0.0714,0.0188,11,2.516,0.9403,2,0.9350,,0.700,0,
6905,11,191,edge-23,2,edge,1300.0,0.0714,0.0188,11,2.489,0.9403,2,0.9302,,0.700,0,
6906,11,191,edge-23,2,edge,1400.0,0.0714,0.0188,8,2.389,0.7581,1,0.9255,,0.700,0,
6907,11,191,edge-23,2,edge,1500.0,0.0714,0.0188,11,2.261,0.9403,2,0.9226,,0.700,0,
6908,11,191,edge-23,2,edge,1600.0,0.0714,0.0188,11,2.261,0.9403,2,0.9179,,0.700,0,
6909,11,191,edge-23,2,edge,1700.0,0.0714,0.0188,11,2.261,0.9403,2,0.9131,,0.700,0,
6910,11,191,edge-23,2,edge,1800.0,0.0714,0.0188,8,2.161,0.7604,1,0.9084,,0.700,0,
6911,11,191,edge-23,2,edge,1900.0,0.0714,0.0188,11,2.261,0.9403,1,0.9036,,0.700,0,
6912,11,191,edge-23,2,edge,2000.0,0.0714,0.0188,11,2.261,0.9403,0,0.8989,,0.700,0,
6913,11,191,edge-23,2,edge,2100.0,0.0714,0.0188,11,2.286,0.9403,0,0.8941,,0.700,0,
6914,11,191,edge-23,2,edge,2200.0,0.0714,0.0188,11,2.211,0.9403,0,0.8894,,0.700,0,
6915,11,191,edge-23,2,edge,2300.0,0.0714,0.0188,11,2.211,0.9403,0,0.8846,,0.700,0,
6916,11,191,edge-23,2,edge,2400.0,0.0714,0.0188,11,2.211,0.9403,0,0.8798,,0.700,0,
6917,11,191,edge-23,2,edge,2500.0,0.0714,0.0188,9,2.141,0.8561,1,0.8751,,0.700,0,
6918,11,191,edge-23,2,edge,2600.0,0.0714,0.0188,9,2.264,0.8598,1,0.8723,,0.700,0,
6919,11,191,edge-23,2,edge,2700.0,0.0714,0.0188,11,2.295,0.9403,2,0.8675,,0.700,0,
6920,11,191,edge-23,2,edge,2800.0,0.0714,0.0188,11,2.053,0.9403,3,0.8627,,0.700,0,
6921,11,191,edge-23,2,edge,2900.0,0.0714,0.0188,11,2.249,0.9403,4,0.8580,,0.700,0,
6922,11,191,edge-23,2,edge,3000.0,0.0714,0.0188,11,2.145,0.9403,4,0.8532,,0.700,0,
6923,11,191,edge-23,2,edge,3100.0,0.0714,0.0188,9,2.095,0.8598,4,0.8485,,0.700,0,
6924,11,191,edge-23,2,edge,3200.0,0.0714,0.0188,11,2.145,0.9403,3,0.8437,,0.700,0,
6925,11,191,edge-23,2,edge,3300.0,0.0714,0.0188,9,2.095,0.8598,2,0.8390,,0.700,0,
6926,11,191,edge-23,2,edge,3400.0,0.0714,0.0188,9,2.240,0.8561,2,0.8342,,0.700,0,
6927,11,191,edge-23,2,edge,3500.0,0.0714,0.0188,9,2.189,0.8598,2,0.8314,,0.700,0,
6928,11,191,edge-23,2,edge,3600.0,0.0714,0.0188,9,2.464,0.8598,2,0.8266,,0.700,0,
6929,11,191,edge-23,2,edge,3700.0,0.0714,0.0188,9,2.464,0.8598,2,0.8219,,0.700,0,
6930,11,191,edge-23,2,edge,3800.0,0.0714,0.0188,9,2.464,0.8598,2,0.8171,,0.700,0,
6931,11,191,edge-23,2,edge,3900.0,0.0714,0.0188,11,2.514,0.9403,1,0.8124,,0.700,0,
6932,11,191,edge-23,2,edge,4000.0,0.0714,0.0188,9,2.464,0.8561,0,0.8076,,0.700,0,
6933,11,191,edge-23,2,edge,4100.0,0.0714,0.0188,11,2.514,0.9403,0,0.8048,,0.700,0,
6934,11,191,edge-23,2,edge,4200.0,0.0714,0.0188,11,2.521,0.9403,1,0.8000,,0.700,0,
6935,11,191,edge-23,2,edge,4300.0,0.0714,0.0188,9,2.471,0.8598,1,0.7953,,0.700,0,
6936,11,191,edge-23,2,edge,4400.0,0.0714,0.0188,11,2.253,0.9403,2,0.7905,,0.700,0,
6937,11,191,edge-23,2,edge,4500.0,0.0714,0.0188,9,2.187,0.8598,3,0.7857,,0.700,0,
6938,11,191,edge-23,2,edge,4600.0,0.0714,0.0188,11,2.447,0.9403,4,0.7810,,0.700,0,
6939,11,191,edge-23,2,edge,4700.0,0.0714,0.0188,11,2.425,0.9403,3,0.7762,,0.700,0,
6940,11,191,edge-23,2,edge,4800.0,0.0714,0.0188,11,2.641,0.9403,4,0.7715,,0.700,0,
6941,11,191,edge-23,2,edge,4900.0,0.0714,0.0188,11,2.207,0.9403,4,0.7667,,0.700,0,
6942,11,191,edge-23,2,edge,5000.0,0.0714,0.0188,11,2.526,0.9403,4,0.7620,,0.700,0,
6943,11,194,edge-24,2,edge,0.0,0.0000,0.0188,0,1.801,,1,1.0000,,0.700,0,
6944,11,194,edge-24,2,edge,100.0,0.0286,0.0188,4,2.001,1.0000,1,0.9873,,0.700,0,
6945,11,194,edge-24,2,edge,200.0,0.0714,0.0188,11,2.301,0.9403,1,0.9825,,0.700,0,
6946,11,194,edge-24,2,edge,300.0,0.0714,0.0188,11,2.301,0.9403,1,0.9778,,0.700,0,
6947,11,194,edge-24,2,edge,400.0,0.0714,0.0188,9,2.251,0.8598,1,0.9730,,0.700,0,
6948,11,194,edge-24,2,edge,500.0,0.0714,0.0188,11,2.301,0.9403,0,0.9683,,0.700,0,
6949,11,194,edge-24,2,edge,600.0,0.0714,0.0188,9,2.384,0.8598,1,0.9635,,0.700,0,
6950,11,194,edge-24,2,edge,700.0,0.0714,0.0188,11,2.195,0.9403,1,0.9588,,0.700,0,
6951,11,194,edge-24,2,edge,800.0,0.0714,0.0188,11,2.195,0.9403,1,0.9540,,0.700,0,
6952,11,194,edge-24,2,edge,900.0,0.0714,0.0188,11,2.195,0.9403,1,0.9492,,0.700,0,
6953,11,194,edge-24,2,edge,1000.0,0.0714,0.0188,9,2.402,0.8561,2,0.9445,,0.700,0,
6954,11,194,edge-24,2,edge,1100.0,0.0714,0.0188,11,2.452,0.9403,1,0.9417,,0.700,0,
6955,11,194,edge-24,2,edge,1200.0,0.0714,0.0188,9,2.402,0.8598,1,0.9369,,0.700,0,
6956,11,194,edge-24,2,edge,1300.0,0.0714,0.0188,9,2.402,0.8598,1,0.9321,,0.700,0,
6957,11,194,edge-24,2,edge,1400.0,0.0714,0.0188,11,2.452,0.9403,1,0.9274,,0.700,0,
6958,11,194,edge-24,2,edge,1500.0,0.0714,0.0188,9,2.402,0.8598,0,0.9226,,0.700,0,
6959,11,194,edge-24,2,edge,1600.0,0.0714,0.0188,11,2.452,0.9403,0,0.9179,,0.700,0,
6960,11,194,edge-24,2,edge,1700.0,0.0714,0.0188,9,2.402,0.8598,0,0.9131,,0.700,0,
6961,11,194,edge-24,2,edge,1800.0,0.0714,0.0188,9,2.402,0.8561,0,0.9084,,0.700,0,
6962,11,194,edge-24,2,edge,1900.0,0.0714,0.0188,11,2.097,0.9403,1,0.9055,,0.700,0,
6963,11,194,edge-24,2,edge,2000.0,0.0714,0.0188,11,2.210,0.9403,2,0.9008,,0.700,0,
6964,11,194,edge-24,2,edge,2100.0,0.0714,0.0188,11,2.255,0.9403,3,0.8960,,0.700,0,
6965,11,194,edge-24,2,edge,2200.0,0.0714,0.0188,9,2.205,0.8598,3,0.8913,,0.700,0,
6966,11,194,edge-24,2,edge,2300.0,0.0714,0.0188,11,2.255,0.9403,3,0.8865,,0.700,0,
6967,11,194,edge-24,2,edge,2400.0,0.0714,0.0188,11,2.083,0.9403,3,0.8818,,0.700,0,
6968,11,194,edge-24,2,edge,2500.0,0.0714,0.0188,8,1.983,0.7604,2,0.8770,,0.700,0,
6969,11,194,edge-24,2,edge,2600.0,0.0714,0.0188,8,1.983,0.7581,1,0.8723,,0.700,0,
6970,11,194,edge-24,2,edge,2700.0,0.0714,0.0188,9,2.033,0.8598,1,0.8694,,0.700,0,
6971,11,194,edge-24,2,edge,2800.0,0.0714,0.0188,9,2.033,0.8598,1,0.8647,,0.700,0,
6972,11,194,edge-24,2,edge,2900.0,0.0714,0.0188,9,2.141,0.8598,1,0.8599,,0.700,0,
6973,11,194,edge-24,2,edge,3000.0,0.0714,0.0188,11,2.191,0.9403,1,0.8552,,0.700,0,
6974,11,194,edge-24,2,edge,3100.0,0.0714,0.0188,11,2.191,0.9403,1,0.8504,,0.700,0,
6975,11,194,edge-24,2,edge,3200.0,0.0714,0.0188,11,2.208,0.9403,2,0.8456,,0.700,0,
6976,11,194,edge-24,2,edge,3300.0,0.0714,0.0188,9,2.142,0.8598,2,0.8409,,0.700,0,
6977,11,194,edge-24,2,edge,3400.0,0.0714,0.0188,9,2.250,0.8598,2,0.8361,,0.700,0,
6978,11,194,edge-24,2,edge,3500.0,0.0714,0.0188,11,2.300,0.9403,2,0.8314,,0.700,0,
6979,11,194,edge-24,2,edge,3600.0,0.0714,0.0188,8,2.200,0.7604,2,0.8266,,0.700,0,
6980,11,194,edge-24,2,edge,3700.0,0.0714,0.0188,11,2.361,0.9403,1,0.8219,,0.700,0,
6981,11,194,edge-24,2,edge,3800.0,0.0714,0.0188,9,2.076,0.8598,2,0.8171,,0.700,0,
6982,11,194,edge-24,2,edge,3900.0,0.0714,0.0188,11,2.259,0.9403,2,0.8124,,0.700,0,
6983,11,194,edge-24,2,edge,4000.0,0.0714,0.0188,9,2.140,0.8561,3,0.8076,,0.700,0,
6984,11,194,edge-24,2,edge,4100.0,0.0714,0.0188,11,2.115,0.9403,4,0.8048,,0.700,0,
6985,11,194,edge-24,2,edge,4200.0,0.0714,0.0188,9,2.057,0.8598,5,0.8000,,0.700,0,
6986,11,194,edge-24,2,edge,4300.0,0.0714,0.0188,11,2.408,0.9403,4,0.7953,,0.700,0,
6987,11,194,edge-24,2,edge,4400.0,0.0714,0.0188,11,2.408,0.9403,3,0.7905,,0.700,0,
6988,11,194,edge-24,2,edge,4500.0,0.0714,0.0188,11,2.039,0.9403,3,0.7857,,0.700,0,
6989,11,194,edge-24,2,edge,4600.0,0.0714,0.0188,11,2.039,0.9403,2,0.7810,,0.700,0,
6990,11,194,edge-24,2,edge,4700.0,0.0714,0.0188,9,2.127,0.8561,2,0.7762,,0.700,0,
6991,11,194,edge-24,2,edge,4800.0,0.0714,0.0188,9,2.127,0.8598,2,0.7734,,0.700,0,
6992,11,194,edge-24,2,edge,4900.0,0.0714,0.0188,11,2.096,0.9403,3,0.7686,,0.700,0,
6993,11,194,edge-24,2,edge,5000.0,0.0714,0.0188,9,2.046,0.8598,2,0.7639,,0.700,0,
6994,11,197,edge-25,2,edge,0.0,0.0000,0.0188,0,1.580,,1,1.0000,,0.700,0,778.7
6995,11,197,edge-25,2,edge,100.0,0.0286,0.0188,4,1.780,1.0000,1,0.9873,,0.700,0,778.7
6996,11,197,edge-25,2,edge,200.0,0.0714,0.0188,11,2.298,0.9403,2,0.9825,,0.700,0,778.7
6997,11,197,edge-25,2,edge,300.0,0.0714,0.0188,8,1.958,0.7581,3,0.9778,,0.700,0,778.7
6998,11,197,edge-25,2,edge,400.0,0.0714,0.0188,11,2.282,0.9403,3,0.9749,,0.700,0,778.7
6999,11,197,edge-25,2,edge,500.0,0.0714,0.0188,11,2.282,0.9403,2,0.9702,,0.700,0,778.7
7000,11,197,edge-25,2,edge,600.0,0.0714,0.0188,11,2.282,0.9403,2,0.9654,,0.700,1,778.7
7001,11,197,edge-25,2,edge,700.0,0.0714,0.0188,9,2.232,0.8598,1,0.9607,,0.700,1,778.7
7002,11,200,edge-26,2,edge,0.0,0.0000,0.0188,0,1.915,,1,1.0000,,0.700,0,
7003,11,200,edge-26,2,edge,100.0,0.0286,0.0188,4,2.115,1.0000,1,0.9873,,0.700,0,
7004,11,200,edge-26,2,edge,200.0,0.0714,0.0188,11,2.415,0.9403,1,0.9825,,0.700,0,
7005,11,200,edge-26,2,edge,300.0,0.0714,0.0188,9,2.365,0.8598,1,0.9778,,0.700,0,
7006,11,200,edge-26,2,edge,400.0,0.0714,0.0188,11,2.301,0.9403,2,0.9730,,0.700,0,
7007,11,200,edge-26,2,edge,500.0,0.0714,0.0188,11,2.178,0.9403,2,0.9683,,0.700,0,
7008,11,200,edge-26,2,edge,600.0,0.0714,0.0188,11,2.313,0.9403,3,0.9635,,0.700,0,
7009,11,200,edge-26,2,edge,700.0,0.0714,0.0188,9,2.114,0.8561,4,0.9588,,0.700,0,
7010,11,200,edge-26,2,edge,800.0,0.0714,0.0188,11,2.218,0.9403,5,0.9559,,0.700,0,
7011,11,200,edge-26,2,edge,900.0,0.0714,0.0188,9,2.077,0.8598,5,0.9512,,0.700,0,
7012,11,200,edge-26,2,edge,1000.0,0.0714,0.0188,11,2.360,0.9403,5,0.9464,,0.700,0,
7013,11,200,edge-26,2,edge,1100.0,0.0714,0.0188,11,2.117,0.9403,5,0.9417,,0.700,0,
7014,11,200,edge-26,2,edge,1200.0,0.0714,0.0188,11,2.095,0.9403,5,0.9369,,0.700,0,
7015,11,200,edge-26,2,edge,1300.0,0.0714,0.0188,9,2.197,0.8598,5,0.9321,,0.700,0,
7016,11,200,edge-26,2,edge,1400.0,0.0714,0.0188,9,2.215,0.8598,5,0.9274,,0.700,0,
7017,11,200,edge-26,2,edge,1500.0,0.0714,0.0188,11,2.265,0.9403,4,0.9226,,0.700,0,
7018,11,200,edge-26,2,edge,1600.0,0.0714,0.0188,11,2.265,0.9403,3,0.9179,,0.700,0,
7019,11,200,edge-26,2,edge,1700.0,0.0714,0.0188,11,2.204,0.9403,3,0.9131,,0.700,0,
7020,11,200,edge-26,2,edge,1800.0,0.0714,0.0188,11,2.324,0.9403,3,0.9084,,0.700,0,
7021,11,200,edge-26,2,edge,1900.0,0.0714,0.0188,9,2.151,0.8598,3,0.9036,,0.700,0,
7022,11,200,edge-26,2,edge,2000.0,0.0714,0.0188,11,2.205,0.9403,4,0.8989,,0.700,0,
7023,11,200,edge-26,2,edge,2100.0,0.0714,0.0188,11,2.200,0.9403,5,0.8941,,0.700,0,
7024,11,200,edge-26,2,edge,2200.0,0.0714,0.0188,8,2.080,0.7604,5,0.8894,,0.700,0,
7025,11,200,edge-26,2,edge,2300.0,0.0714,0.0188,11,2.056,0.9403,5,0.8846,,0.700,0,
7026,11,200,edge-26,2,edge,2400.0,0.0714,0.0188,11,2.221,0.9403,5,0.8798,,0.700,0,
7027,11,200,edge-26,2,edge,2500.0,0.0714,0.0188,11,2.174,0.9403,5,0.8751,,0.700,0,
7028,11,200,edge-26,2,edge,2600.0,0.0714,0.0188,9,2.124,0.8598,4,0.8703,,0.700,0,
7029,11,200,edge-26,2,edge,2700.0,0.0714,0.0188,11,2.174,0.9403,3,0.8656,,0.700,0,
7030,11,200,edge-26,2,edge,2800.0,0.0714,0.0188,9,2.146,0.8561,3,0.8608,,0.700,0,
7031,11,200,edge-26,2,edge,2900.0,0.0714,0.0188,8,2.096,0.7581,2,0.8580,,0.700,0,
7032,11,200,edge-26,2,edge,3000.0,0.0714,0.0188,11,2.196,0.9403,1,0.8552,,0.700,0,
7033,11,200,edge-26,2,edge,3100.0,0.0714,0.0188,11,2.142,0.9403,2,0.8504,,0.700,0,
7034,11,200,edge-26,2,edge,3200.0,0.0714,0.0188,11,2.142,0.9403,2,0.8456,,0.700,0,
7035,11,200,edge-26,2,edge,3300.0,0.0714,0.0188,9,2.092,0.8598,1,0.8409,,0.700,0,
7036,11,200,edge-26,2,edge,3400.0,0.0714,0.0188,11,2.142,0.9403,1,0.8361,,0.700,0,
7037,11,200,edge-26,2,edge,3500.0,0.0714,0.0188,8,2.042,0.7604,1,0.8314,,0.700,0,
7038,11,200,edge-26,2,edge,3600.0,0.0714,0.0188,11,2.142,0.9403,0,0.8266,,0.700,0,
7039,11,200,edge-26,2,edge,3700.0,0.0714,0.0188,11,2.142,0.9403,0,0.8219,,0.700,0,
7040,11,200,edge-26,2,edge,3800.0,0.0714,0.0188,11,2.288,0.9403,1,0.8171,,0.700,0,
7041,11,200,edge-26,2,edge,3900.0,0.0714,0.0188,11,2.288,0.9403,1,0.8124,,0.700,0,
7042,11,200,edge-26,2,edge,4000.0,0.0714,0.0188,9,2.238,0.8598,1,0.8076,,0.700,0,
7043,11,200,edge-26,2,edge,4100.0,0.0714,0.0188,9,2.238,0.8598,1,0.8028,,0.700,0,
7044,11,200,edge-26,2,edge,4200.0,0.0714,0.0188,11,2.288,0.9403,1,0.7981,,0.700,0,
7045,11,200,edge-26,2,edge,4300.0,0.0714,0.0188,9,2.238,0.8598,0,0.7933,,0.700,0,
7046,11,200,edge-26,2,edge,4400.0,0.0714,0.0188,11,2.288,0.9403,0,0.7886,,0.700,0,
7047,11,200,edge-26,2,edge,4500.0,0.0714,0.0188,9,2.238,0.8598,0,0.7838,,0.700,0,
7048,11,200,edge-26,2,edge,4600.0,0.0714,0.0188,11,2.288,0.9403,0,0.7791,,0.700,0,
7049,11,200,edge-26,2,edge,4700.0,0.0714,0.0188,9,2.141,0.8598,1,0.7743,,0.700,0,
7050,11,200,edge-26,2,edge,4800.0,0.0714,0.0188,11,2.191,0.9403,1,0.7696,,0.700,0,
7051,11,200,edge-26,2,edge,4900.0,0.0714,0.0188,9,2.141,0.8598,1,0.7648,,0.700,0,
7052,11,200,edge-26,2,edge,5000.0,0.0714,0.0188,11,2.191,0.9403,1,0.7600,,0.700,0,
7053,11,203,edge-27,2,edge,0.0,0.0000,0.0188,0,1.689,,1,1.0000,,0.700,0,1719.9
7054,11,203,edge-27,2,edge,100.0,0.0286,0.0188,3,1.839,0.8561,1,0.9873,,0.700,0,1719.9
7055,11,203,edge-27,2,edge,200.0,0.0714,0.0188,9,2.139,0.8598,1,0.9845,,0.700,0,1719.9
7056,11,203,edge-27,2,edge,300.0,0.0714,0.0188,9,2.015,0.8598,2,0.9797,,0.700,0,1719.9
7057,11,203,edge-27,2,edge,400.0,0.0714,0.0188,9,2.015,0.8598,2,0.9749,,0.700,0,1719.9
7058,11,203,edge-27,2,edge,500.0,0.0714,0.0188,11,2.283,0.9403,2,0.9702,,0.700,0,1719.9
7059,11,203,edge-27,2,edge,600.0,0.0714,0.0188,9,2.233,0.8598,2,0.9654,,0.700,0,1719.9
7060,11,203,edge-27,2,edge,700.0,0.0714,0.0188,9,2.233,0.8598,2,0.9607,,0.700,0,1719.9
7061,11,203,edge-27,2,edge,800.0,0.0714,0.0188,11,2.220,0.9403,2,0.9559,,0.700,0,1719.9
7062,11,203,edge-27,2,edge,900.0,0.0714,0.0188,8,2.228,0.7581,3,0.9512,,0.700,0,1719.9
7063,11,203,edge-27,2,edge,1000.0,0.0714,0.0188,11,2.328,0.9403,2,0.9483,,0.700,0,1719.9
7064,11,203,edge-27,2,edge,1100.0,0.0714,0.0188,8,2.462,0.7581,3,0.9436,,0.700,0,1719.9
7065,11,203,edge-27,2,edge,1200.0,0.0714,0.0188,9,2.512,0.8598,3,0.9407,,0.700,0,1719.9
7066,11,203,edge-27,2,edge,1300.0,0.0714,0.0188,9,2.512,0.8598,2,0.9360,,0.700,0,1719.9
7067,11,203,edge-27,2,edge,1400.0,0.0714,0.0188,8,2.462,0.7581,1,0.9312,,0.700,0,1719.9
7068,11,203,edge-27,2,edge,1500.0,0.0714,0.0188,11,2.562,0.9403,1,0.9284,,0.700,0,1719.9
7069,11,203,edge-27,2,edge,1600.0,0.0714,0.0188,11,2.562,0.9403,0,0.9236,,0.700,1,1719.9
7070,11,203,edge-27,2,edge,1700.0,0.0714,0.0188,11,2.562,0.9403,0,0.9189,,0.700,1,1719.9
7071,11,206,edge-28,2,edge,0.0,0.0000,0.0188,0,2.014,,1,1.0000,,0.700,0,
7072,11,206,edge-28,2,edge,100.0,0.0286,0.0188,4,2.214,1.0000,1,0.9873,,0.700,0,
7073,11,206,edge-28,2,edge,200.0,0.0714,0.0188,9,2.464,0.8561,1,0.9825,,0.700,0,
7074,11,206,edge-28,2,edge,300.0,0.0714,0.0188,9,2.471,0.8598,2,0.9797,,0.700,0,
7075,11,206,edge-28,2,edge,400.0,0.0714,0.0188,9,2.471,0.8598,2,0.9749,,0.700,0,
7076,11,206,edge-28,2,edge,500.0,0.0714,0.0188,9,2.203,0.8598,2,0.9702,,0.700,0,
7077,11,206,edge-28,2,edge,600.0,0.0714,0.0188,11,2.237,0.9403,3,0.9654,,0.700,0,
7078,11,206,edge-28,2,edge,700.0,0.0714,0.0188,8,2.347,0.7604,4,0.9607,,0.700,0,
7079,11,206,edge-28,2,edge,800.0,0.0714,0.0188,11,2.425,0.9403,3,0.9559,,0.700,0,
7080,11,206,edge-28,2,edge,900.0,0.0714,0.0188,11,2.641,0.9403,4,0.9512,,0.700,0,
7081,11,206,edge-28,2,edge,1000.0,0.0714,0.0188,11,2.207,0.9403,4,0.9464,,0.700,0,
7082,11,206,edge-28,2,edge,1100.0,0.0714,0.0188,9,2.476,0.8598,4,0.9417,,0.700,0,
7083,11,206,edge-28,2,edge,1200.0,0.0714,0.0188,11,2.455,0.9403,4,0.9369,,0.700,0,
7084,11,206,edge-28,2,edge,1300.0,0.0714,0.0188,11,2.455,0.9403,4,0.9321,,0.700,0,
7085,11,206,edge-28,2,edge,1400.0,0.0714,0.0188,11,2.455,0.9403,3,0.9274,,0.700,0,
7086,11,206,edge-28,2,edge,1500.0,0.0714,0.0188,11,2.455,0.9403,2,0.9226,,0.700,0,
7087,11,206,edge-28,2,edge,1600.0,0.0714,0.0188,11,2.455,0.9403,1,0.9179,,0.700,0,
7088,11,206,edge-28,2,edge,1700.0,0.0714,0.0188,11,2.585,0.9403,1,0.9131,,0.700,0,
7089,11,206,edge-28,2,edge,1800.0,0.0714,0.0188,9,2.535,0.8598,1,0.9084,,0.700,0,
7090,11,206,edge-28,2,edge,1900.0,0.0714,0.0188,9,2.235,0.8598,2,0.9036,,0.700,0,
7091,11,206,edge-28,2,edge,2000.0,0.0714,0.0188,11,2.285,0.9403,2,0.8989,,0.700,0,
7092,11,206,edge-28,2,edge,2100.0,0.0714,0.0188,9,2.235,0.8598,2,0.8941,,0.700,0,
7093,11,206,edge-28,2,edge,2200.0,0.0714,0.0188,11,2.285,0.9403,1,0.8894,,0.700,0,
7094,11,206,edge-28,2,edge,2300.0,0.0714,0.0188,11,2.601,0.9403,1,0.8846,,0.700,0,
7095,11,206,edge-28,2,edge,2400.0,0.0714,0.0188,11,2.270,0.9403,1,0.8798,,0.700,0,
7096,11,206,edge-28,2,edge,2500.0,0.0714,0.0188,9,2.220,0.8598,1,0.8751,,0.700,0,
7097,11,206,edge-28,2,edge,2600.0,0.0714,0.0188,9,2.229,0.8598,2,0.8703,,0.700,0,
7098,11,206,edge-28,2,edge,2700.0,0.0714,0.0188,9,2.427,0.8598,3,0.8656,,0.700,0,
7099,11,206,edge-28,2,edge,2800.0,0.0714,0.0188,9,2.427,0.8598,3,0.8608,,0.700,0,
7100,11,206,edge-28,2,edge,2900.0,0.0714,0.0188,11,2.155,0.9403,3,0.8561,,0.700,0,
7101,11,206,edge-28,2,edge,3000.0,0.0714,0.0188,11,2.155,0.9403,3,0.8513,,0.700,0,
7102,11,206,edge-28,2,edge,3100.0,0.0714,0.0188,11,2.155,0.9403,2,0.8466,,0.700,0,
7103,11,206,edge-28,2,edge,3200.0,0.0714,0.0188,7,2.217,0.6324,2,0.8418,,0.700,0,
7104,11,206,edge-28,2,edge,3300.0,0.0714,0.0188,8,2.223,0.7581,3,0.8390,,0.700,0,
7105,11,206,edge-28,2,edge,3400.0,0.0714,0.0188,8,2.261,0.7604,3,0.8361,,0.700,0,
7106,11,206,edge-28,2,edge,3500.0,0.0714,0.0188,9,2.197,0.8561,4,0.8314,,0.700,0,
7107,11,206,edge-28,2,edge,3600.0,0.0714,0.0188,8,2.147,0.7604,4,0.8285,,0.700,0,
7108,11,206,edge-28,2,edge,3700.0,0.0714,0.0188,11,2.247,0.9403,3,0.8238,,0.700,0,
7109,11,206,edge-28,2,edge,3800.0,0.0714,0.0188,11,2.247,0.9403,2,0.8190,,0.700,0,
7110,11,206,edge-28,2,edge,3900.0,0.0714,0.0188,9,2.437,0.8561,1,0.8143,,0.700,0,
7111,11,206,edge-28,2,edge,4000.0,0.0714,0.0188,11,2.200,0.9403,0,0.8114,,0.700,0,
7112,11,206,edge-28,2,edge,4100.0,0.0714,0.0188,9,2.049,0.8598,1,0.8067,,0.700,0,
7113,11,206,edge-28,2,edge,4200.0,0.0714,0.0188,9,2.049,0.8598,1,0.8019,,0.700,0,
7114,11,206,edge-28,2,edge,4300.0,0.0714,0.0188,9,2.330,0.8598,2,0.7972,,0.700,0,
7115,11,206,edge-28,2,edge,4400.0,0.0714,0.0188,8,2.280,0.7604,2,0.7924,,0.700,0,
7116,11,206,edge-28,2,edge,4500.0,0.0714,0.0188,11,2.380,0.9403,2,0.7877,,0.700,0,
7117,11,206,edge-28,2,edge,4600.0,0.0714,0.0188,9,2.150,0.8598,2,0.7829,,0.700,0,
7118,11,206,edge-28,2,edge,4700.0,0.0714,0.0188,11,2.356,0.9403,3,0.7782,,0.700,0,
7119,11,206,edge-28,2,edge,4800.0,0.0714,0.0188,9,2.136,0.8598,3,0.7734,,0.700,0,
7120,11,206,edge-28,2,edge,4900.0,0.0714,0.0188,11,2.186,0.9403,3,0.7686,,0.700,0,
7121,11,206,edge-28,2,edge,5000.0,0.0714,0.0188,7,2.218,0.6333,4,0.7639,,0.700,0,
7122,11,209,edge-29,2,edge,0.0,0.0000,0.0188,0,1.691,,1,1.0000,,0.700,0,
7123,11,209,edge-29,2,edge,100.0,0.0286,0.0188,4,1.891,1.0000,1,0.9873,,0.700,0,
7124,11,209,edge-29,2,edge,200.0,0.0714,0.0188,11,2.208,0.9403,2,0.9825,,0.700,0,
7125,11,209,edge-29,2,edge,300.0,0.0714,0.0188,11,2.192,0.9403,2,0.9778,,0.700,0,
7126,11,209,edge-29,2,edge,400.0,0.0714,0.0188,11,2.300,0.9403,3,0.9730,,0.700,0,
7127,11,209,edge-29,2,edge,500.0,0.0714,0.0188,9,2.250,0.8598,2,0.9683,,0.700,0,
7128,11,209,edge-29,2,edge,600.0,0.0714,0.0188,9,2.250,0.8598,2,0.9635,,0.700,0,
7129,11,209,edge-29,2,edge,700.0,0.0714,0.0188,11,2.361,0.9403,1,0.9588,,0.700,0,
7130,11,209,edge-29,2,edge,800.0,0.0714,0.0188,8,2.026,0.7581,2,0.9540,,0.700,0,
7131,11,209,edge-29,2,edge,900.0,0.0714,0.0188,9,2.209,0.8598,2,0.9512,,0.700,0,
7132,11,209,edge-29,2,edge,1000.0,0.0714,0.0188,11,2.190,0.9403,3,0.9464,,0.700,0,
7133,11,209,edge-29,2,edge,1100.0,0.0714,0.0188,9,2.065,0.8598,4,0.9417,,0.700,0,
7134,11,209,edge-29,2,edge,1200.0,0.0714,0.0188,9,2.057,0.8561,5,0.9369,,0.700,0,
7135,11,209,edge-29,2,edge,1300.0,0.0714,0.0188,11,2.408,0.9403,4,0.9341,,0.700,0,
7136,11,209,edge-29,2,edge,1400.0,0.0714,0.0188,9,2.358,0.8598,3,0.9293,,0.700,0,
7137,11,209,edge-29,2,edge,1500.0,0.0714,0.0188,11,2.039,0.9403,3,0.9246,,0.700,0,
7138,11,209,edge-29,2,edge,1600.0,0.0714,0.0188,9,1.989,0.8598,2,0.9198,,0.700,0,
7139,11,209,edge-29,2,edge,1700.0,0.0714,0.0188,11,2.177,0.9403,2,0.9150,,0.700,0,
7140,11,209,edge-29,2,edge,1800.0,0.0714,0.0188,11,2.177,0.9403,2,0.9103,,0.700,0,
7141,11,209,edge-29,2,edge,1900.0,0.0714,0.0188,11,2.096,0.9403,3,0.9055,,0.700,0,
7142,11,209,edge-29,2,edge,2000.0,0.0714,0.0188,11,2.096,0.9403,2,0.9008,,0.700,0,
7143,11,209,edge-29,2,edge,2100.0,0.0714,0.0188,11,2.295,0.9403,3,0.8960,,0.700,0,
7144,11,209,edge-29,2,edge,2200.0,0.0714,0.0188,11,2.143,0.9403,3,0.8913,,0.700,0,
7145,11,209,edge-29,2,edge,2300.0,0.0714,0.0188,9,2.116,0.8561,4,0.8865,,0.700,0,
7146,11,209,edge-29,2,edge,2400.0,0.0714,0.0188,9,2.218,0.8598,4,0.8837,,0.700,0,
7147,11,209,edge-29,2,edge,2500.0,0.0714,0.0188,11,2.268,0.9403,4,0.8789,,0.700,0,
7148,11,209,edge-29,2,edge,2600.0,0.0714,0.0188,9,2.218,0.8598,3,0.8742,,0.700,0,
7149,11,209,edge-29,2,edge,2700.0,0.0714,0.0188,11,2.268,0.9403,2,0.8694,,0.700,0,
7150,11,209,edge-29,2,edge,2800.0,0.0714,0.0188,8,2.167,0.7604,2,0.8647,,0.700,0,
7151,11,209,edge-29,2,edge,2900.0,0.0714,0.0188,11,2.267,0.9403,1,0.8599,,0.700,0,
7152,11,209,edge-29,2,edge,3000.0,0.0714,0.0188,11,2.267,0.9403,1,0.8552,,0.700,0,
7153,11,209,edge-29,2,edge,3100.0,0.0714,0.0188,9,2.217,0.8561,1,0.8504,,0.700,0,
7154,11,209,edge-29,2,edge,3200.0,0.0714,0.0188,9,2.217,0.8598,1,0.8476,,0.700,0,
7155,11,209,edge-29,2,edge,3300.0,0.0714,0.0188,9,2.217,0.8561,0,0.8428,,0.700,0,
7156,11,209,edge-29,2,edge,3400.0,0.0714,0.0188,11,2.107,0.9403,1,0.8400,,0.700,0,
7157,11,209,edge-29,2,edge,3500.0,0.0714,0.0188,11,2.278,0.9403,2,0.8352,,0.700,0,
7158,11,209,edge-29,2,edge,3600.0,0.0714,0.0188,9,2.094,0.8598,2,0.8305,,0.700,0,
7159,11,209,edge-29,2,edge,3700.0,0.0714,0.0188,9,2.076,0.8598,3,0.8257,,0.700,0,
7160,11,209,edge-29,2,edge,3800.0,0.0714,0.0188,11,2.049,0.9403,4,0.8210,,0.700,0,
7161,11,209,edge-29,2,edge,3900.0,0.0714,0.0188,11,2.049,0.9403,3,0.8162,,0.700,0,
7162,11,209,edge-29,2,edge,4000.0,0.0714,0.0188,11,2.125,0.9403,3,0.8114,,0.700,0,
7163,11,209,edge-29,2,edge,4100.0,0.0714,0.0188,11,2.125,0.9403,3,0.8067,,0.700,0,
7164,11,209,edge-29,2,edge,4200.0,0.0714,0.0188,9,2.038,0.8598,3,0.8019,,0.700,0,
7165,11,209,edge-29,2,edge,4300.0,0.0714,0.0188,9,1.972,0.8561,3,0.7972,,0.700,0,
7166,11,209,edge-29,2,edge,4400.0,0.0714,0.0188,11,2.169,0.9403,4,0.7943,,0.700,0,
7167,11,209,edge-29,2,edge,4500.0,0.0714,0.0188,9,2.061,0.8561,4,0.7896,,0.700,0,
7168,11,209,edge-29,2,edge,4600.0,0.0714,0.0188,11,2.111,0.9403,4,0.7868,,0.700,0,
7169,11,209,edge-29,2,edge,4700.0,0.0714,0.0188,9,2.061,0.8598,3,0.7820,,0.700,0,
7170,11,209,edge-29,2,edge,4800.0,0.0714,0.0188,9,2.061,0.8598,2,0.7772,,0.700,0,
7171,11,209,edge-29,2,edge,4900.0,0.0714,0.0188,11,2.111,0.9403,1,0.7725,,0.700,0,
7172,11,209,edge-29,2,edge,5000.0,0.0714,0.0188,11,2.223,0.9403,1,0.7677,,0.700,0,
7173,11,212,edge-30,2,edge,0.0,0.0000,0.0188,0,1.531,,1,1.0000,,0.700,0,
7174,11,212,edge-30,2,edge,100.0,0.0286,0.0188,4,1.731,1.0000,1,0.9873,,0.700,0,
7175,11,212,edge-30,2,edge,200.0,0.0714,0.0188,9,2.219,0.8598,2,0.9825,,0.700,0,
7176,11,212,edge-30,2,edge,300.0,0.0714,0.0188,11,2.165,0.9403,3,0.9778,,0.700,0,
7177,11,212,edge-30,2,edge,400.0,0.0714,0.0188,9,2.115,0.8598,3,0.9730,,0.700,0,
7178,11,212,edge-30,2,edge,500.0,0.0714,0.0188,9,2.219,0.8598,3,0.9683,,0.700,0,
7179,11,212,edge-30,2,edge,600.0,0.0714,0.0188,11,2.179,0.9403,4,0.9635,,0.700,0,
7180,11,212,edge-30,2,edge,700.0,0.0714,0.0188,11,2.179,0.9403,3,0.9588,,0.700,0,
7181,11,212,edge-30,2,edge,800.0,0.0714,0.0188,11,2.179,0.9403,2,0.9540,,0.700,0,
7182,11,212,edge-30,2,edge,900.0,0.0714,0.0188,11,2.179,0.9403,2,0.9492,,0.700,0,
7183,11,212,edge-30,2,edge,1000.0,0.0714,0.0188,11,2.179,0.9403,1,0.9445,,0.700,0,
7184,11,212,edge-30,2,edge,1100.0,0.0714,0.0188,9,2.129,0.8598,0,0.9397,,0.700,0,
7185,11,212,edge-30,2,edge,1200.0,0.0714,0.0188,11,2.179,0.9403,0,0.9350,,0.700,0,
7186,11,212,edge-30,2,edge,1300.0,0.0714,0.0188,11,2.077,0.9403,1,0.9302,,0.700,0,
7187,11,212,edge-30,2,edge,1400.0,0.0714,0.0188,9,2.228,0.8598,2,0.9255,,0.700,0,
7188,11,212,edge-30,2,edge,1500.0,0.0714,0.0188,11,2.215,0.9403,3,0.9207,,0.700,0,
7189,11,212,edge-30,2,edge,1600.0,0.0714,0.0188,9,2.254,0.8598,4,0.9160,,0.700,0,
7190,11,212,edge-30,2,edge,1700.0,0.0714,0.0188,9,2.425,0.8598,5,0.9112,,0.700,0,
7191,11,212,edge-30,2,edge,1800.0,0.0714,0.0188,11,2.348,0.9403,5,0.9065,,0.700,0,
7192,11,212,edge-30,2,edge,1900.0,0.0714,0.0188,11,2.348,0.9403,4,0.9017,,0.700,0,
7193,11,212,edge-30,2,edge,2000.0,0.0714,0.0188,9,2.298,0.8598,3,0.8969,,0.700,0,
7194,11,212,edge-30,2,edge,2100.0,0.0714,0.0188,9,2.298,0.8598,2,0.8922,,0.700,0,
7195,11,212,edge-30,2,edge,2200.0,0.0714,0.0188,11,2.348,0.9403,1,0.8874,,0.700,0,
7196,11,212,edge-30,2,edge,2300.0,0.0714,0.0188,9,2.298,0.8598,0,0.8827,,0.700,0,
7197,11,212,edge-30,2,edge,2400.0,0.0714,0.0188,11,2.558,0.9403,1,0.8779,,0.700,0,
7198,11,212,edge-30,2,edge,2500.0,0.0714,0.0188,8,2.458,0.7581,1,0.8732,,0.700,0,
7199,11,212,edge-30,2,edge,2600.0,0.0714,0.0188,11,2.558,0.9403,1,0.8703,,0.700,0,
7200,11,212,edge-30,2,edge,2700.0,0.0714,0.0188,11,2.558,0.9403,1,0.8656,,0.700,0,
7201,11,212,edge-30,2,edge,2800.0,0.0714,0.0188,11,2.297,0.9403,1,0.8608,,0.700,0,
7202,11,212,edge-30,2,edge,2900.0,0.0714,0.0188,8,2.357,0.7604,1,0.8561,,0.700,0,
7203,11,212,edge-30,2,edge,3000.0,0.0714,0.0188,9,2.319,0.8561,2,0.8513,,0.700,0,
7204,11,212,edge-30,2,edge,3100.0,0.0714,0.0188,11,2.162,0.9403,3,0.8485,,0.700,0,
7205,11,212,edge-30,2,edge,3200.0,0.0714,0.0188,11,2.375,0.9403,4,0.8437,,0.700,0,
7206,11,212,edge-30,2,edge,3300.0,0.0714,0.0188,11,2.375,0.9403,4,0.8390,,0.700,0,
7207,11,212,edge-30,2,edge,3400.0,0.0714,0.0188,11,2.375,0.9403,3,0.8342,,0.700,0,
7208,11,212,edge-30,2,edge,3500.0,0.0714,0.0188,11,2.379,0.9403,3,0.8295,,0.700,0,
7209,11,212,edge-30,2,edge,3600.0,0.0714,0.0188,11,2.406,0.9403,3,0.8247,,0.700,0,
7210,11,212,edge-30,2,edge,3700.0,0.0714,0.0188,9,2.356,0.8598,2,0.8199,,0.700,0,
7211,11,212,edge-30,2,edge,3800.0,0.0714,0.0188,9,2.410,0.8561,2,0.8152,,0.700,0,
7212,11,212,edge-30,2,edge,3900.0,0.0714,0.0188,9,2.087,0.8598,3,0.8124,,0.700,0,
7213,11,212,edge-30,2,edge,4000.0,0.0714,0.0188,11,2.137,0.9403,2,0.8076,,0.700,0,
7214,11,212,edge-30,2,edge,4100.0,0.0714,0.0188,11,2.137,0.9403,1,0.8028,,0.700,0,
7215,11,212,edge-30,2,edge,4200.0,0.0714,0.0188,11,2.137,0.9403,1,0.7981,,0.700,0,
7216,11,212,edge-30,2,edge,4300.0,0.0714,0.0188,11,2.137,0.9403,1,0.7933,,0.700,0,
7217,11,212,edge-30,2,edge,4400.0,0.0714,0.0188,11,2.137,0.9403,0,0.7886,,0.700,0,
7218,11,212,edge-30,2,edge,4500.0,0.0714,0.0188,9,2.087,0.8598,0,0.7838,,0.700,0,
7219,11,212,edge-30,2,edge,4600.0,0.0714,0.0188,9,2.141,0.8598,1,0.7791,,0.700,0,
7220,11,212,edge-30,2,edge,4700.0,0.0714,0.0188,11,2.191,0.9403,1,0.7743,,0.700,0,
7221,11,212,edge-30,2,edge,4800.0,0.0714,0.0188,11,2.191,0.9403,1,0.7696,,0.700,0,
7222,11,212,edge-30,2,edge,4900.0,0.0714,0.0188,11,2.191,0.9403,1,0.7648,,0.700,0,
7223,11,212,edge-30,2,edge,5000.0,0.0714,0.0188,9,2.141,0.8598,1,0.7600,,0.700,0,
7224,11,215,edge-31,2,edge,0.0,0.0000,0.0188,0,2.111,,1,1.0000,,0.700,0,
7225,11,215,edge-31,2,edge,100.0,0.0286,0.0188,3,2.261,0.8658,1,0.9873,,0.700,0,
7226,11,215,edge-31,2,edge,200.0,0.0714,0.0188,11,2.611,0.9403,1,0.9825,,0.700,0,
7227,11,215,edge-31,2,edge,300.0,0.0714,0.0188,11,2.611,0.9403,1,0.9778,,0.700,0,
7228,11,215,edge-31,2,edge,400.0,0.0714,0.0188,9,2.285,0.8598,2,0.9730,,0.700,0,
7229,11,215,edge-31,2,edge,500.0,0.0714,0.0188,11,2.349,0.9403,2,0.9683,,0.700,0,
7230,11,215,edge-31,2,edge,600.0,0.0714,0.0188,9,2.299,0.8598,2,0.9635,,0.700,0,
7231,11,215,edge-31,2,edge,700.0,0.0714,0.0188,11,2.349,0.9403,2,0.9588,,0.700,0,
7232,11,215,edge-31,2,edge,800.0,0.0714,0.0188,11,2.349,0.9403,2,0.9540,,0.700,0,
7233,11,215,edge-31,2,edge,900.0,0.0714,0.0188,9,2.502,0.8598,2,0.9492,,0.700,0,
7234,11,215,edge-31,2,edge,1000.0,0.0714,0.0188,9,2.502,0.8561,1,0.9445,,0.700,0,
7235,11,215,edge-31,2,edge,1100.0,0.0714,0.0188,11,2.552,0.9403,1,0.9417,,0.700,0,
7236,11,215,edge-31,2,edge,1200.0,0.0714,0.0188,11,2.552,0.9403,1,0.9369,,0.700,0,
7237,11,215,edge-31,2,edge,1300.0,0.0714,0.0188,11,2.552,0.9403,1,0.9321,,0.700,0,
7238,11,215,edge-31,2,edge,1400.0,0.0714,0.0188,9,2.502,0.8598,0,0.9274,,0.700,0,
7239,11,215,edge-31,2,edge,1500.0,0.0714,0.0188,9,2.365,0.8598,1,0.9226,,0.700,0,
7240,11,215,edge-31,2,edge,1600.0,0.0714,0.0188,11,2.415,0.9403,1,0.9179,,0.700,0,
7241,11,215,edge-31,2,edge,1700.0,0.0714,0.0188,11,2.415,0.9403,1,0.9131,,0.700,0,
7242,11,215,edge-31,2,edge,1800.0,0.0714,0.0188,9,2.365,0.8598,1,0.9084,,0.700,0,
7243,11,215,edge-31,2,edge,1900.0,0.0714,0.0188,11,2.415,0.9403,1,0.9036,,0.700,0,
7244,11,215,edge-31,2,edge,2000.0,0.0714,0.0188,9,2.251,0.8598,1,0.8989,,0.700,0,
7245,11,215,edge-31,2,edge,2100.0,0.0714,0.0188,11,2.178,0.9403,2,0.8941,,0.700,0,
7246,11,215,edge-31,2,edge,2200.0,0.0714,0.0188,9,2.263,0.8561,3,0.8894,,0.700,0,
7247,11,215,edge-31,2,edge,2300.0,0.0714,0.0188,9,2.114,0.8598,4,0.8865,,0.700,0,
7248,11,215,edge-31,2,edge,2400.0,0.0714,0.0188,11,2.218,0.9403,5,0.8818,,0.700,0,
7249,11,215,edge-31,2,edge,2500.0,0.0714,0.0188,8,2.027,0.7581,5,0.8770,,0.700,0,
7250,11,215,edge-31,2,edge,2600.0,0.0714,0.0188,9,2.310,0.8561,5,0.8742,,0.700,0,
7251,11,215,edge-31,2,edge,2700.0,0.0714,0.0188,9,2.067,0.8598,5,0.8713,,0.700,0,
7252,11,215,edge-31,2,edge,2800.0,0.0714,0.0188,11,2.095,0.9403,5,0.8666,,0.700,0,
7253,11,215,edge-31,2,edge,2900.0,0.0714,0.0188,9,2.197,0.8561,5,0.8618,,0.700,0,
7254,11,215,edge-31,2,edge,3000.0,0.0714,0.0188,11,2.265,0.9403,5,0.8590,,0.700,0,
7255,11,215,edge-31,2,edge,3100.0,0.0714,0.0188,11,2.265,0.9403,4,0.8542,,0.700,0,
7256,11,215,edge-31,2,edge,3200.0,0.0714,0.0188,11,2.265,0.9403,3,0.8495,,0.700,0,
7257,11,215,edge-31,2,edge,3300.0,0.0714,0.0188,11,2.204,0.9403,3,0.8447,,0.700,0,
7258,11,215,edge-31,2,edge,3400.0,0.0714,0.0188,11,2.324,0.9403,3,0.8400,,0.700,0,
7259,11,215,edge-31,2,edge,3500.0,0.0714,0.0188,11,2.201,0.9403,3,0.8352,,0.700,0,
7260,11,215,edge-31,2,edge,3600.0,0.0714,0.0188,11,2.205,0.9403,4,0.8305,,0.700,0,
7261,11,215,edge-31,2,edge,3700.0,0.0714,0.0188,9,2.150,0.8561,5,0.8257,,0.700,0,
7262,11,215,edge-31,2,edge,3800.0,0.0714,0.0188,11,2.180,0.9403,5,0.8229,,0.700,0,
7263,11,215,edge-31,2,edge,3900.0,0.0714,0.0188,9,2.006,0.8598,5,0.8181,,0.700,0,
7264,11,215,edge-31,2,edge,4000.0,0.0714,0.0188,9,2.171,0.8598,5,0.8134,,0.700,0,
7265,11,215,edge-31,2,edge,4100.0,0.0714,0.0188,11,2.174,0.9403,5,0.8086,,0.700,0,
7266,11,215,edge-31,2,edge,4200.0,0.0714,0.0188,9,2.124,0.8598,4,0.8039,,0.700,0,
7267,11,215,edge-31,2,edge,4300.0,0.0714,0.0188,11,2.174,0.9403,3,0.7991,,0.700,0,
7268,11,215,edge-31,2,edge,4400.0,0.0714,0.0188,8,2.096,0.7581,3,0.7943,,0.700,0,
7269,11,215,edge-31,2,edge,4500.0,0.0714,0.0188,9,2.146,0.8598,2,0.7915,,0.700,0,
7270,11,215,edge-31,2,edge,4600.0,0.0714,0.0188,11,2.196,0.9403,1,0.7868,,0.700,0,
7271,11,215,edge-31,2,edge,4700.0,0.0714,0.0188,11,2.142,0.9403,2,0.7820,,0.700,0,
7272,11,215,edge-31,2,edge,4800.0,0.0714,0.0188,11,2.142,0.9403,2,0.7772,,0.700,0,
7273,11,215,edge-31,2,edge,4900.0,0.0714,0.0188,11,2.142,0.9403,1,0.7725,,0.700,0,
7274,11,215,edge-31,2,edge,5000.0,0.0714,0.0188,11,2.142,0.9403,1,0.7677,,0.700,0,
7275,11,218,edge-32,2,edge,0.0,0.0000,0.0188,0,1.868,,1,1.0000,,0.700,0,
7276,11,218,edge-32,2,edge,100.0,0.0286,0.0188,3,2.018,0.8658,1,0.9873,,0.700,0,
7277,11,218,edge-32,2,edge,200.0,0.0714,0.0188,11,2.292,0.9403,2,0.9825,,0.700,0,
7278,11,218,edge-32,2,edge,300.0,0.0714,0.0188,9,2.242,0.8598,2,0.9778,,0.700,0,
7279,11,218,edge-32,2,edge,400.0,0.0714,0.0188,9,2.242,0.8598,2,0.9730,,0.700,0,
7280,11,218,edge-32,2,edge,500.0,0.0714,0.0188,11,2.218,0.9403,2,0.9683,,0.700,0,
7281,11,218,edge-32,2,edge,600.0,0.0714,0.0188,11,2.188,0.9403,3,0.9635,,0.700,0,
7282,11,218,edge-32,2,edge,700.0,0.0714,0.0188,8,2.089,0.7604,3,0.9588,,0.700,0,
7283,11,218,edge-32,2,edge,800.0,0.0714,0.0188,8,2.089,0.7604,3,0.9540,,0.700,0,
7284,11,218,edge-32,2,edge,900.0,0.0714,0.0188,11,2.189,0.9403,3,0.9492,,0.700,0,
7285,11,218,edge-32,2,edge,1000.0,0.0714,0.0188,9,2.015,0.8598,3,0.9445,,0.700,0,
7286,11,218,edge-32,2,edge,1100.0,0.0714,0.0188,8,1.965,0.7604,2,0.9397,,0.700,0,
7287,11,218,edge-32,2,edge,1200.0,0.0714,0.0188,8,2.183,0.7581,2,0.9350,,0.700,0,
7288,11,218,edge-32,2,edge,1300.0,0.0714,0.0188,11,2.283,0.9403,2,0.9321,,0.700,0,
7289,11,218,edge-32,2,edge,1400.0,0.0714,0.0188,9,2.233,0.8598,2,0.9274,,0.700,0,
7290,11,218,edge-32,2,edge,1500.0,0.0714,0.0188,9,2.170,0.8598,2,0.9226,,0.700,0,
7291,11,218,edge-32,2,edge,1600.0,0.0714,0.0188,11,2.328,0.9403,3,0.9179,,0.700,0,
7292,11,218,edge-32,2,edge,1700.0,0.0714,0.0188,11,2.328,0.9403,2,0.9131,,0.700,0,
7293,11,218,edge-32,2,edge,1800.0,0.0714,0.0188,11,2.562,0.9403,3,0.9084,,0.700,0,
7294,11,218,edge-32,2,edge,1900.0,0.0714,0.0188,9,2.512,0.8561,3,0.9036,,0.700,0,
7295,11,218,edge-32,2,edge,2000.0,0.0714,0.0188,11,2.562,0.9403,2,0.9008,,0.700,0,
7296,11,218,edge-32,2,edge,2100.0,0.0714,0.0188,11,2.562,0.9403,1,0.8960,,0.700,0,
7297,11,218,edge-32,2,edge,2200.0,0.0714,0.0188,11,2.562,0.9403,1,0.8913,,0.700,0,
7298,11,218,edge-32,2,edge,2300.0,0.0714,0.0188,11,2.562,0.9403,0,0.8865,,0.700,0,
7299,11,218,edge-32,2,edge,2400.0,0.0714,0.0188,9,2.512,0.8561,0,0.8818,,0.700,0,
7300,11,218,edge-32,2,edge,2500.0,0.0714,0.0188,11,2.205,0.9403,0,0.8789,,0.700,0,
7301,11,218,edge-32,2,edge,2600.0,0.0714,0.0188,11,2.205,0.9403,0,0.8742,,0.700,0,
7302,11,218,edge-32,2,edge,2700.0,0.0714,0.0188,11,2.205,0.9403,0,0.8694,,0.700,0,
7303,11,218,edge-32,2,edge,2800.0,0.0714,0.0188,8,2.105,0.7604,0,0.8647,,0.700,0,
7304,11,218,edge-32,2,edge,2900.0,0.0714,0.0188,11,2.334,0.9403,1,0.8599,,0.700,0,
7305,11,218,edge-32,2,edge,3000.0,0.0714,0.0188,11,2.334,0.9403,1,0.8552,,0.700,0,
7306,11,218,edge-32,2,edge,3100.0,0.0714,0.0188,8,2.051,0.7604,2,0.8504,,0.700,0,
7307,11,218,edge-32,2,edge,3200.0,0.0714,0.0188,9,2.101,0.8561,2,0.8456,,0.700,0,
7308,11,218,edge-32,2,edge,3300.0,0.0714,0.0188,9,2.303,0.8561,3,0.8428,,0.700,0,
7309,11,218,edge-32,2,edge,3400.0,0.0714,0.0188,8,2.253,0.7604,2,0.8400,,0.700,0,
7310,11,218,edge-32,2,edge,3500.0,0.0714,0.0188,11,2.353,0.9403,2,0.8352,,0.700,0,
7311,11,218,edge-32,2,edge,3600.0,0.0714,0.0188,9,2.269,0.8598,2,0.8305,,0.700,0,
7312,11,218,edge-32,2,edge,3700.0,0.0714,0.0188,8,2.219,0.7604,2,0.8257,,0.700,0,
7313,11,218,edge-32,2,edge,3800.0,0.0714,0.0188,8,2.219,0.7604,1,0.8210,,0.700,0,
7314,11,218,edge-32,2,edge,3900.0,0.0714,0.0188,9,2.269,0.8598,1,0.8162,,0.700,0,
7315,11,218,edge-32,2,edge,4000.0,0.0714,0.0188,8,1.976,0.7581,2,0.8114,,0.700,0,
7316,11,218,edge-32,2,edge,4100.0,0.0714,0.0188,11,2.076,0.9403,1,0.8086,,0.700,0,
7317,11,218,edge-32,2,edge,4200.0,0.0714,0.0188,11,2.076,0.9403,1,0.8039,,0.700,0,
7318,11,218,edge-32,2,edge,4300.0,0.0714,0.0188,11,2.350,0.9403,2,0.7991,,0.700,0,
7319,11,218,edge-32,2,edge,4400.0,0.0714,0.0188,11,2.350,0.9403,2,0.7943,,0.700,0,
7320,11,218,edge-32,2,edge,4500.0,0.0714,0.0188,9,2.066,0.8561,2,0.7896,,0.700,0,
7321,11,218,edge-32,2,edge,4600.0,0.0714,0.0188,9,2.312,0.8598,3,0.7868,,0.700,0,
7322,11,218,edge-32,2,edge,4700.0,0.0714,0.0188,11,2.059,0.9403,4,0.7820,,0.700,0,
7323,11,218,edge-32,2,edge,4800.0,0.0714,0.0188,11,2.197,0.9403,4,0.7772,,0.700,0,
7324,11,218,edge-32,2,edge,4900.0,0.0714,0.0188,11,2.413,0.9403,5,0.7725,,0.700,0,
7325,11,218,edge-32,2,edge,5000.0,0.0714,0.0188,11,2.068,0.9403,5,0.7677,,0.700,0,
7326,11,221,edge-33,2,edge,0.0,0.0000,0.0188,0,1.728,,1,1.0000,,0.700,0,
7327,11,221,edge-33,2,edge,100.0,0.0286,0.0188,4,1.928,1.0000,1,0.9873,,0.700,0,
7328,11,221,edge-33,2,edge,200.0,0.0714,0.0188,11,2.228,0.9403,1,0.9825,,0.700,0,
7329,11,221,edge-33,2,edge,300.0,0.0714,0.0188,8,2.128,0.7581,1,0.9778,,0.700,0,
7330,11,221,edge-33,2,edge,400.0,0.0714,0.0188,11,2.228,0.9403,1,0.9749,,0.700,0,
7331,11,221,edge-33,2,edge,500.0,0.0714,0.0188,11,2.209,0.9403,0,0.9702,,0.700,0,
7332,11,221,edge-33,2,edge,600.0,0.0714,0.0188,11,2.040,0.9403,1,0.9654,,0.700,0,
7333,11,221,edge-33,2,edge,700.0,0.0714,0.0188,9,1.990,0.8598,1,0.9607,,0.700,0,
7334,11,221,edge-33,2,edge,800.0,0.0714,0.0188,11,2.260,0.9403,2,0.9559,,0.700,0,
7335,11,221,edge-33,2,edge,900.0,0.0714,0.0188,9,1.986,0.8598,3,0.9512,,0.700,0,
7336,11,221,edge-33,2,edge,1000.0,0.0714,0.0188,11,2.516,0.9403,3,0.9464,,0.700,0,
7337,11,221,edge-33,2,edge,1100.0,0.0714,0.0188,8,2.416,0.7581,2,0.9417,,0.700,0,
7338,11,221,edge-33,2,edge,1200.0,0.0714,0.0188,11,2.516,0.9403,2,0.9388,,0.700,0,
7339,11,221,edge-33,2,edge,1300.0,0.0714,0.0188,9,2.439,0.8598,2,0.9341,,0.700,0,
7340,11,221,edge-33,2,edge,1400.0,0.0714,0.0188,11,2.489,0.9403,1,0.9293,,0.700,0,
7341,11,221,edge-33,2,edge,1500.0,0.0714,0.0188,9,2.211,0.8561,2,0.9246,,0.700,0,
7342,11,221,edge-33,2,edge,1600.0,0.0714,0.0188,11,2.261,0.9403,2,0.9217,,0.700,0,
7343,11,221,edge-33,2,edge,1700.0,0.0714,0.0188,7,2.111,0.6324,2,0.9170,,0.700,0,
7344,11,221,edge-33,2,edge,1800.0,0.0714,0.0188,9,2.211,0.8598,1,0.9141,,0.700,0,
7345,11,221,edge-33,2,edge,1900.0,0.0714,0.0188,9,2.211,0.8598,1,0.9094,,0.700,0,
7346,11,221,edge-33,2,edge,2000.0,0.0714,0.0188,11,2.261,0.9403,0,0.9046,,0.700,0,
7347,11,221,edge-33,2,edge,2100.0,0.0714,0.0188,11,2.286,0.9403,0,0.8999,,0.700,0,
7348,11,221,edge-33,2,edge,2200.0,0.0714,0.0188,11,2.211,0.9403,0,0.8951,,0.700,0,
7349,11,221,edge-33,2,edge,2300.0,0.0714,0.0188,11,2.211,0.9403,0,0.8904,,0.700,0,
7350,11,221,edge-33,2,edge,2400.0,0.0714,0.0188,11,2.211,0.9403,0,0.8856,,0.700,0,
7351,11,221,edge-33,2,edge,2500.0,0.0714,0.0188,11,2.191,0.9403,1,0.8808,,0.700,0,
7352,11,221,edge-33,2,edge,2600.0,0.0714,0.0188,9,2.264,0.8598,1,0.8761,,0.700,0,
7353,11,221,edge-33,2,edge,2700.0,0.0714,0.0188,11,2.295,0.9403,2,0.8713,,0.700,0,
7354,11,221,edge-33,2,edge,2800.0,0.0714,0.0188,9,2.003,0.8598,3,0.8666,,0.700,0,
7355,11,221,edge-33,2,edge,2900.0,0.0714,0.0188,8,2.149,0.7581,4,0.8618,,0.700,0,
7356,11,221,edge-33,2,edge,3000.0,0.0714,0.0188,9,2.095,0.8598,4,0.8590,,0.700,0,
7357,11,221,edge-33,2,edge,3100.0,0.0714,0.0188,9,2.095,0.8561,4,0.8542,,0.700,0,
7358,11,221,edge-33,2,edge,3200.0,0.0714,0.0188,11,2.145,0.9403,3,0.8514,,0.700,0,
7359,11,221,edge-33,2,edge,3300.0,0.0714,0.0188,11,2.145,0.9403,2,0.8466,,0.700,0,
7360,11,221,edge-33,2,edge,3400.0,0.0714,0.0188,11,2.290,0.9403,2,0.8419,,0.700,0,
7361,11,221,edge-33,2,edge,3500.0,0.0714,0.0188,9,2.189,0.8598,2,0.8371,,0.700,0,
7362,11,221,edge-33,2,edge,3600.0,0.0714,0.0188,9,2.464,0.8598,2,0.8324,,0.700,0,
7363,11,221,edge-33,2,edge,3700.0,0.0714,0.0188,9,2.464,0.8598,2,0.8276,,0.700,0,
7364,11,221,edge-33,2,edge,3800.0,0.0714,0.0188,9,2.464,0.8598,2,0.8229,,0.700,0,
7365,11,221,edge-33,2,edge,3900.0,0.0714,0.0188,8,2.414,0.7581,1,0.8181,,0.700,0,
7366,11,221,edge-33,2,edge,4000.0,0.0714,0.0188,11,2.514,0.9403,0,0.8153,,0.700,0,
7367,11,221,edge-33,2,edge,4100.0,0.0714,0.0188,9,2.464,0.8598,0,0.8105,,0.700,0,
7368,11,221,edge-33,2,edge,4200.0,0.0714,0.0188,9,2.471,0.8598,1,0.8058,,0.700,0,
7369,11,221,edge-33,2,edge,4300.0,0.0714,0.0188,11,2.521,0.9403,1,0.8010,,0.700,0,
7370,11,221,edge-33,2,edge,4400.0,0.0714,0.0188,9,2.203,0.8561,2,0.7963,,0.700,0,
7371,11,221,edge-33,2,edge,4500.0,0.0714,0.0188,11,2.237,0.9403,3,0.7934,,0.700,0,
7372,11,221,edge-33,2,edge,4600.0,0.0714,0.0188,11,2.447,0.9403,4,0.7887,,0.700,0,
7373,11,221,edge-33,2,edge,4700.0,0.0714,0.0188,11,2.425,0.9403,3,0.7839,,0.700,0,
7374,11,221,edge-33,2,edge,4800.0,0.0714,0.0188,9,2.591,0.8561,4,0.7792,,0.700,0,
7375,11,221,edge-33,2,edge,4900.0,0.0714,0.0188,9,2.157,0.8598,4,0.7763,,0.700,0,
7376,11,221,edge-33,2,edge,5000.0,0.0714,0.0188,11,2.526,0.9403,4,0.7716,,0.700,0,
7377,11,224,edge-34,2,edge,0.0,0.0000,0.0188,0,1.755,,1,1.0000,,0.700,0,
7378,11,224,edge-34,2,edge,100.0,0.0286,0.0188,4,1.955,1.0000,1,0.9873,,0.700,0,
7379,11,224,edge-34,2,edge,200.0,0.0714,0.0188,11,2.083,0.9403,2,0.9825,,0.700,0,
7380,11,224,edge-34,2,edge,300.0,0.0714,0.0188,9,2.033,0.8598,2,0.9778,,0.700,0,
7381,11,224,edge-34,2,edge,400.0,0.0714,0.0188,11,2.083,0.9403,2,0.9730,,0.700,0,
7382,11,224,edge-34,2,edge,500.0,0.0714,0.0188,9,2.033,0.8598,1,0.9683,,0.700,0,
7383,11,224,edge-34,2,edge,600.0,0.0714,0.0188,11,2.083,0.9403,1,0.9635,,0.700,0,
7384,11,224,edge-34,2,edge,700.0,0.0714,0.0188,11,2.191,0.9403,1,0.9588,,0.700,0,
7385,11,224,edge-34,2,edge,800.0,0.0714,0.0188,11,2.191,0.9403,1,0.9540,,0.700,0,
7386,11,224,edge-34,2,edge,900.0,0.0714,0.0188,11,2.191,0.9403,1,0.9492,,0.700,0,
7387,11,224,edge-34,2,edge,1000.0,0.0714,0.0188,11,2.208,0.9403,2,0.9445,,0.700,0,
7388,11,224,edge-34,2,edge,1100.0,0.0714,0.0188,11,2.192,0.9403,2,0.9397,,0.700,0,
7389,11,224,edge-34,2,edge,1200.0,0.0714,0.0188,11,2.300,0.9403,2,0.9350,,0.700,0,
7390,11,224,edge-34,2,edge,1300.0,0.0714,0.0188,8,2.200,0.7604,2,0.9302,,0.700,0,
7391,11,224,edge-34,2,edge,1400.0,0.0714,0.0188,11,2.300,0.9403,2,0.9255,,0.700,0,
7392,11,224,edge-34,2,edge,1500.0,0.0714,0.0188,9,2.311,0.8598,1,0.9207,,0.700,0,
7393,11,224,edge-34,2,edge,1600.0,0.0714,0.0188,11,2.126,0.9403,2,0.9160,,0.700,0,
7394,11,224,edge-34,2,edge,1700.0,0.0714,0.0188,9,2.209,0.8598,2,0.9112,,0.700,0,
7395,11,224,edge-34,2,edge,1800.0,0.0714,0.0188,11,2.190,0.9403,3,0.9065,,0.700,0,
7396,11,224,edge-34,2,edge,1900.0,0.0714,0.0188,9,2.065,0.8598,4,0.9017,,0.700,0,
7397,11,224,edge-34,2,edge,2000.0,0.0714,0.0188,11,2.107,0.9403,5,0.8969,,0.700,0,
7398,11,224,edge-34,2,edge,2100.0,0.0714,0.0188,11,2.408,0.9403,4,0.8922,,0.700,0,
7399,11,224,edge-34,2,edge,2200.0,0.0714,0.0188,9,2.358,0.8561,3,0.8874,,0.700,0,
7400,11,224,edge-34,2,edge,2300.0,0.0714,0.0188,9,1.989,0.8598,3,0.8846,,0.700,0,
7401,11,224,edge-34,2,edge,2400.0,0.0714,0.0188,11,2.039,0.9403,2,0.8798,,0.700,0,
7402,11,224,edge-34,2,edge,2500.0,0.0714,0.0188,9,2.127,0.8561,2,0.8751,,0.700,0,
7403,11,224,edge-34,2,edge,2600.0,0.0714,0.0188,8,2.077,0.7581,2,0.8723,,0.700,0,
7404,11,224,edge-34,2,edge,2700.0,0.0714,0.0188,7,1.946,0.6324,3,0.8694,,0.700,0,
7405,11,224,edge-34,2,edge,2800.0,0.0714,0.0188,11,2.096,0.9403,2,0.8666,,0.700,0,
7406,11,224,edge-34,2,edge,2900.0,0.0714,0.0188,11,2.295,0.9403,3,0.8618,,0.700,0,
7407,11,224,edge-34,2,edge,3000.0,0.0714,0.0188,9,2.093,0.8598,3,0.8571,,0.700,0,
7408,11,224,edge-34,2,edge,3100.0,0.0714,0.0188,11,2.166,0.9403,4,0.8523,,0.700,0,
7409,11,224,edge-34,2,edge,3200.0,0.0714,0.0188,9,2.218,0.8598,4,0.8476,,0.700,0,
7410,11,224,edge-34,2,edge,3300.0,0.0714,0.0188,9,2.218,0.8598,4,0.8428,,0.700,0,
7411,11,224,edge-34,2,edge,3400.0,0.0714,0.0188,11,2.268,0.9403,3,0.8381,,0.700,0,
7412,11,224,edge-34,2,edge,3500.0,0.0714,0.0188,11,2.268,0.9403,2,0.8333,,0.700,0,
7413,11,224,edge-34,2,edge,3600.0,0.0714,0.0188,9,2.217,0.8598,2,0.8285,,0.700,0,
7414,11,224,edge-34,2,edge,3700.0,0.0714,0.0188,11,2.267,0.9403,1,0.8238,,0.700,0,
7415,11,224,edge-34,2,edge,3800.0,0.0714,0.0188,11,2.267,0.9403,1,0.8190,,0.700,0,
7416,11,224,edge-34,2,edge,3900.0,0.0714,0.0188,9,2.217,0.8598,1,0.8143,,0.700,0,
7417,11,224,edge-34,2,edge,4000.0,0.0714,0.0188,11,2.267,0.9403,1,0.8095,,0.700,0,
7418,11,224,edge-34,2,edge,4100.0,0.0714,0.0188,9,2.217,0.8561,0,0.8048,,0.700,0,
7419,11,224,edge-34,2,edge,4200.0,0.0714,0.0188,8,2.007,0.7604,1,0.8019,,0.700,0,
7420,11,224,edge-34,2,edge,4300.0,0.0714,0.0188,9,2.228,0.8598,2,0.7972,,0.700,0,
7421,11,224,edge-34,2,edge,4400.0,0.0714,0.0188,11,2.144,0.9403,2,0.7924,,0.700,0,
7422,11,224,edge-34,2,edge,4500.0,0.0714,0.0188,11,2.126,0.9403,3,0.7877,,0.700,0,
7423,11,224,edge-34,2,edge,4600.0,0.0714,0.0188,11,2.049,0.9403,4,0.7829,,0.700,0,
7424,11,224,edge-34,2,edge,4700.0,0.0714,0.0188,11,2.049,0.9403,3,0.7782,,0.700,0,
7425,11,224,edge-34,2,edge,4800.0,0.0714,0.0188,11,2.125,0.9403,3,0.7734,,0.700,0,
7426,11,224,edge-34,2,edge,4900.0,0.0714,0.0188,9,2.075,0.8598,3,0.7686,,0.700,0,
7427,11,224,edge-34,2,edge,5000.0,0.0714,0.0188,11,2.088,0.9403,3,0.7639,,0.700,0,
7428,11,227,edge-35,2,edge,0.0,0.0000,0.0188,0,1.685,,1,1.0000,,0.700,0,
7429,11,227,edge-35,2,edge,100.0,0.0286,0.0188,4,1.885,1.0000,1,0.9873,,0.700,0,
7430,11,227,edge-35,2,edge,200.0,0.0714,0.0188,9,2.135,0.8598,1,0.9825,,0.700,0,
7431,11,227,edge-35,2,edge,300.0,0.0714,0.0188,9,2.067,0.8598,2,0.9778,,0.700,0,
7432,11,227,edge-35,2,edge,400.0,0.0714,0.0188,11,2.339,0.9403,3,0.9730,,0.700,0,
7433,11,227,edge-35,2,edge,500.0,0.0714,0.0188,9,2.048,0.8598,2,0.9683,,0.700,0,
7434,11,227,edge-35,2,edge,600.0,0.0714,0.0188,9,2.289,0.8598,3,0.9635,,0.700,0,
7435,11,227,edge-35,2,edge,700.0,0.0714,0.0188,9,2.289,0.8598,3,0.9588,,0.700,0,
7436,11,227,edge-35,2,edge,800.0,0.0714,0.0188,11,2.083,0.9403,3,0.9540,,0.700,0,
7437,11,227,edge-35,2,edge,900.0,0.0714,0.0188,9,2.238,0.8598,3,0.9492,,0.700,0,
7438,11,227,edge-35,2,edge,1000.0,0.0714,0.0188,9,2.162,0.8598,4,0.9445,,0.700,0,
7439,11,227,edge-35,2,edge,1100.0,0.0714,0.0188,9,2.045,0.8598,3,0.9397,,0.700,0,
7440,11,227,edge-35,2,edge,1200.0,0.0714,0.0188,11,2.073,0.9403,4,0.9350,,0.700,0,
7441,11,227,edge-35,2,edge,1300.0,0.0714,0.0188,11,2.242,0.9403,4,0.9302,,0.700,0,
7442,11,227,edge-35,2,edge,1400.0,0.0714,0.0188,11,2.183,0.9403,4,0.9255,,0.700,0,
7443,11,227,edge-35,2,edge,1500.0,0.0714,0.0188,11,2.215,0.9403,4,0.9207,,0.700,0,
7444,11,227,edge-35,2,edge,1600.0,0.0714,0.0188,9,2.165,0.8598,4,0.9160,,0.700,0,
7445,11,227,edge-35,2,edge,1700.0,0.0714,0.0188,11,2.328,0.9403,4,0.9112,,0.700,0,
7446,11,227,edge-35,2,edge,1800.0,0.0714,0.0188,11,2.328,0.9403,3,0.9065,,0.700,0,
7447,11,227,edge-35,2,edge,1900.0,0.0714,0.0188,11,2.058,0.9403,3,0.9017,,0.700,0,
7448,11,227,edge-35,2,edge,2000.0,0.0714,0.0188,11,2.274,0.9403,3,0.8969,,0.700,0,
7449,11,227,edge-35,2,edge,2100.0,0.0714,0.0188,11,2.274,0.9403,3,0.8922,,0.700,0,
7450,11,227,edge-35,2,edge,2200.0,0.0714,0.0188,9,2.224,0.8561,2,0.8874,,0.700,0,
7451,11,227,edge-35,2,edge,2300.0,0.0714,0.0188,11,2.019,0.9403,3,0.8846,,0.700,0,
7452,11,227,edge-35,2,edge,2400.0,0.0714,0.0188,11,2.019,0.9403,2,0.8798,,0.700,0,
7453,11,227,edge-35,2,edge,2500.0,0.0714,0.0188,9,1.969,0.8598,1,0.8751,,0.700,0,
7454,11,227,edge-35,2,edge,2600.0,0.0714,0.0188,11,2.019,0.9403,1,0.8703,,0.700,0,
7455,11,227,edge-35,2,edge,2700.0,0.0714,0.0188,9,1.969,0.8598,1,0.8656,,0.700,0,
7456,11,227,edge-35,2,edge,2800.0,0.0714,0.0188,9,2.233,0.8561,1,0.8608,,0.700,0,
7457,11,227,edge-35,2,edge,2900.0,0.0714,0.0188,9,2.233,0.8561,1,0.8580,,0.700,0,
7458,11,227,edge-35,2,edge,3000.0,0.0714,0.0188,9,2.233,0.8598,1,0.8552,,0.700,0,
7459,11,227,edge-35,2,edge,3100.0,0.0714,0.0188,11,2.270,0.9403,2,0.8504,,0.700,0,
7460,11,227,edge-35,2,edge,3200.0,0.0714,0.0188,11,2.270,0.9403,2,0.8456,,0.700,0,
7461,11,227,edge-35,2,edge,3300.0,0.0714,0.0188,11,2.270,0.9403,1,0.8409,,0.700,0,
7462,11,227,edge-35,2,edge,3400.0,0.0714,0.0188,9,2.220,0.8598,1,0.8361,,0.700,0,
7463,11,227,edge-35,2,edge,3500.0,0.0714,0.0188,11,2.031,0.9403,2,0.8314,,0.700,0,
7464,11,227,edge-35,2,edge,3600.0,0.0714,0.0188,8,2.169,0.7604,2,0.8266,,0.700,0,
7465,11,227,edge-35,2,edge,3700.0,0.0714,0.0188,9,2.115,0.8598,3,0.8219,,0.700,0,
7466,11,227,edge-35,2,edge,3800.0,0.0714,0.0188,11,2.165,0.9403,3,0.8171,,0.700,0,
7467,11,227,edge-35,2,edge,3900.0,0.0714,0.0188,11,2.269,0.9403,4,0.8124,,0.700,0,
7468,11,227,edge-35,2,edge,4000.0,0.0714,0.0188,11,2.179,0.9403,4,0.8076,,0.700,0,
7469,11,227,edge-35,2,edge,4100.0,0.0714,0.0188,11,2.179,0.9403,3,0.8028,,0.700,0,
7470,11,227,edge-35,2,edge,4200.0,0.0714,0.0188,8,2.079,0.7581,2,0.7981,,0.700,0,
7471,11,227,edge-35,2,edge,4300.0,0.0714,0.0188,11,2.179,0.9403,2,0.7953,,0.700,0,
7472,11,227,edge-35,2,edge,4400.0,0.0714,0.0188,9,2.129,0.8598,1,0.7905,,0.700,0,
7473,11,227,edge-35,2,edge,4500.0,0.0714,0.0188,11,2.179,0.9403,0,0.7857,,0.700,0,
7474,11,227,edge-35,2,edge,4600.0,0.0714,0.0188,9,2.129,0.8598,0,0.7810,,0.700,0,
7475,11,227,edge-35,2,edge,4700.0,0.0714,0.0188,9,2.027,0.8598,1,0.7762,,0.700,0,
7476,11,227,edge-35,2,edge,4800.0,0.0714,0.0188,8,2.178,0.7604,2,0.7715,,0.700,0,
7477,11,227,edge-35,2,edge,4900.0,0.0714,0.0188,9,2.165,0.8598,3,0.7667,,0.700,0,
7478,11,227,edge-35,2,edge,5000.0,0.0714,0.0188,11,2.304,0.9403,4,0.7620,,0.700,0,
7479,11,230,edge-36,2,edge,0.0,0.0000,0.0188,0,1.767,,1,1.0000,,0.700,0,
7480,11,230,edge-36,2,edge,100.0,0.0286,0.0188,4,1.967,1.0000,1,0.9873,,0.700,0,
7481,11,230,edge-36,2,edge,200.0,0.0714,0.0188,11,2.298,0.9403,2,0.9825,,0.700,0,
7482,11,230,edge-36,2,edge,300.0,0.0714,0.0188,9,2.026,0.8598,3,0.9778,,0.700,0,
7483,11,230,edge-36,2,edge,400.0,0.0714,0.0188,9,2.107,0.8598,4,0.9730,,0.700,0,
7484,11,230,edge-36,2,edge,500.0,0.0714,0.0188,9,2.260,0.8598,4,0.9683,,0.700,0,
7485,11,230,edge-36,2,edge,600.0,0.0714,0.0188,9,2.260,0.8598,4,0.9635,,0.700,0,
7486,11,230,edge-36,2,edge,700.0,0.0714,0.0188,11,2.017,0.9403,4,0.9588,,0.700,0,
7487,11,230,edge-36,2,edge,800.0,0.0714,0.0188,11,2.328,0.9403,4,0.9540,,0.700,0,
7488,11,230,edge-36,2,edge,900.0,0.0714,0.0188,11,2.205,0.9403,4,0.9492,,0.700,0,
7489,11,230,edge-36,2,edge,1000.0,0.0714,0.0188,11,2.335,0.9403,4,0.9445,,0.700,0,
7490,11,230,edge-36,2,edge,1100.0,0.0714,0.0188,11,2.335,0.9403,4,0.9397,,0.700,0,
7491,11,230,edge-36,2,edge,1200.0,0.0714,0.0188,11,2.134,0.9403,4,0.9350,,0.700,0,
7492,11,230,edge-36,2,edge,1300.0,0.0714,0.0188,11,2.199,0.9403,4,0.9302,,0.700,0,
7493,11,230,edge-36,2,edge,1400.0,0.0714,0.0188,9,2.083,0.8598,4,0.9255,,0.700,0,
7494,11,230,edge-36,2,edge,1500.0,0.0714,0.0188,9,2.083,0.8598,3,0.9207,,0.700,0,
7495,11,230,edge-36,2,edge,1600.0,0.0714,0.0188,9,2.083,0.8598,3,0.9160,,0.700,0,
7496,11,230,edge-36,2,edge,1700.0,0.0714,0.0188,11,2.270,0.9403,3,0.9112,,0.700,0,
7497,11,230,edge-36,2,edge,1800.0,0.0714,0.0188,11,2.270,0.9403,2,0.9065,,0.700,0,
7498,11,230,edge-36,2,edge,1900.0,0.0714,0.0188,8,2.170,0.7604,1,0.9017,,0.700,0,
7499,11,230,edge-36,2,edge,2000.0,0.0714,0.0188,11,2.270,0.9403,1,0.8969,,0.700,0,
7500,11,230,edge-36,2,edge,2100.0,0.0714,0.0188,11,2.088,0.9403,2,0.8922,,0.700,0,
7501,11,230,edge-36,2,edge,2200.0,0.0714,0.0188,11,2.204,0.9403,2,0.8874,,0.700,0,
7502,11,230,edge-36,2,edge,2300.0,0.0714,0.0188,11,2.115,0.9403,3,0.8827,,0.700,0,
7503,11,230,edge-36,2,edge,2400.0,0.0714,0.0188,9,2.350,0.8598,4,0.8779,,0.700,0,
7504,11,230,edge-36,2,edge,2500.0,0.0714,0.0188,11,2.400,0.9403,4,0.8732,,0.700,0,
7505,11,230,edge-36,2,edge,2600.0,0.0714,0.0188,11,2.400,0.9403,3,0.8684,,0.700,0,
7506,11,230,edge-36,2,edge,2700.0,0.0714,0.0188,8,2.300,0.7581,2,0.8637,,0.700,0,
7507,11,230,edge-36,2,edge,2800.0,0.0714,0.0188,11,2.400,0.9403,1,0.8608,,0.700,0,
7508,11,230,edge-36,2,edge,2900.0,0.0714,0.0188,8,2.300,0.7604,0,0.8561,,0.700,0,
7509,11,230,edge-36,2,edge,3000.0,0.0714,0.0188,9,2.561,0.8598,1,0.8513,,0.700,0,
7510,11,230,edge-36,2,edge,3100.0,0.0714,0.0188,11,2.611,0.9403,1,0.8466,,0.700,0,
7511,11,230,edge-36,2,edge,3200.0,0.0714,0.0188,9,2.561,0.8598,1,0.8418,,0.700,0,
7512,11,230,edge-36,2,edge,3300.0,0.0714,0.0188,9,2.285,0.8598,2,0.8370,,0.700,0,
7513,11,230,edge-36,2,edge,3400.0,0.0714,0.0188,11,2.349,0.9403,3,0.8323,,0.700,0,
7514,11,230,edge-36,2,edge,3500.0,0.0714,0.0188,11,2.349,0.9403,2,0.8275,,0.700,0,
7515,11,230,edge-36,2,edge,3600.0,0.0714,0.0188,11,2.349,0.9403,2,0.8228,,0.700,0,
7516,11,230,edge-36,2,edge,3700.0,0.0714,0.0188,11,2.349,0.9403,2,0.8180,,0.700,0,
7517,11,230,edge-36,2,edge,3800.0,0.0714,0.0188,7,2.402,0.6333,2,0.8133,,0.700,0,
7518,11,230,edge-36,2,edge,3900.0,0.0714,0.0188,11,2.552,0.9403,1,0.8085,,0.700,0,
7519,11,230,edge-36,2,edge,4000.0,0.0714,0.0188,9,2.502,0.8598,1,0.8038,,0.700,0,
7520,11,230,edge-36,2,edge,4100.0,0.0714,0.0188,11,2.552,0.9403,1,0.7990,,0.700,0,
7521,11,230,edge-36,2,edge,4200.0,0.0714,0.0188,8,2.452,0.7581,1,0.7942,,0.700,0,
7522,11,230,edge-36,2,edge,4300.0,0.0714,0.0188,11,2.552,0.9403,0,0.7914,,0.700,0,
7523,11,230,edge-36,2,edge,4400.0,0.0714,0.0188,9,2.365,0.8598,1,0.7867,,0.700,0,
7524,11,230,edge-36,2,edge,4500.0,0.0714,0.0188,8,2.315,0.7604,1,0.7819,,0.700,0,
7525,11,230,edge-36,2,edge,4600.0,0.0714,0.0188,11,2.415,0.9403,1,0.7771,,0.700,0,
7526,11,230,edge-36,2,edge,4700.0,0.0714,0.0188,9,2.365,0.8598,1,0.7724,,0.700,0,
7527,11,230,edge-36,2,edge,4800.0,0.0714,0.0188,9,2.365,0.8598,1,0.7676,,0.700,0,
7528,11,230,edge-36,2,edge,4900.0,0.0714,0.0188,7,2.151,0.6324,1,0.7629,,0.700,0,
7529,11,230,edge-36,2,edge,5000.0,0.0714,0.0188,11,2.178,0.9403,2,0.7600,,0.700,0,
7530,11,233,edge-37,2,edge,0.0,0.0000,0.0188,0,1.579,,1,1.0000,,0.700,1,96.5
7531,11,236,edge-38,2,edge,0.0,0.0000,0.0188,0,1.700,,1,1.0000,,0.700,0,
7532,11,236,edge-38,2,edge,100.0,0.0286,0.0188,4,1.900,1.0000,1,0.9873,,0.700,0,
7533,11,236,edge-38,2,edge,200.0,0.0714,0.0188,9,2.306,0.8598,2,0.9825,,0.700,0,
7534,11,236,edge-38,2,edge,300.0,0.0714,0.0188,11,2.186,0.9403,3,0.9778,,0.700,0,
7535,11,236,edge-38,2,edge,400.0,0.0714,0.0188,9,2.136,0.8598,3,0.9730,,0.700,0,
7536,11,236,edge-38,2,edge,500.0,0.0714,0.0188,11,2.368,0.9403,3,0.9683,,0.700,0,
7537,11,236,edge-38,2,edge,600.0,0.0714,0.0188,11,2.151,0.9403,4,0.9635,,0.700,0,
7538,11,236,edge-38,2,edge,700.0,0.0714,0.0188,11,2.182,0.9403,4,0.9588,,0.700,0,
7539,11,236,edge-38,2,edge,800.0,0.0714,0.0188,9,2.132,0.8598,3,0.9540,,0.700,0,
7540,11,236,edge-38,2,edge,900.0,0.0714,0.0188,11,2.202,0.9403,4,0.9492,,0.700,0,
7541,11,236,edge-38,2,edge,1000.0,0.0714,0.0188,11,2.388,0.9403,4,0.9445,,0.700,0,
7542,11,236,edge-38,2,edge,1100.0,0.0714,0.0188,11,2.388,0.9403,3,0.9397,,0.700,0,
7543,11,236,edge-38,2,edge,1200.0,0.0714,0.0188,9,2.338,0.8561,2,0.9350,,0.700,0,
7544,11,236,edge-38,2,edge,1300.0,0.0714,0.0188,11,2.388,0.9403,2,0.9321,,0.700,0,
7545,11,236,edge-38,2,edge,1400.0,0.0714,0.0188,9,2.338,0.8598,1,0.9274,,0.700,0,
7546,11,236,edge-38,2,edge,1500.0,0.0714,0.0188,8,2.288,0.7604,0,0.9226,,0.700,0,
7547,11,236,edge-38,2,edge,1600.0,0.0714,0.0188,9,2.338,0.8598,0,0.9179,,0.700,0,
7548,11,236,edge-38,2,edge,1700.0,0.0714,0.0188,9,2.178,0.8598,1,0.9131,,0.700,0,
7549,11,236,edge-38,2,edge,1800.0,0.0714,0.0188,11,2.228,0.9403,1,0.9084,,0.700,0,
7550,11,236,edge-38,2,edge,1900.0,0.0714,0.0188,9,2.178,0.8598,1,0.9036,,0.700,0,
7551,11,236,edge-38,2,edge,2000.0,0.0714,0.0188,8,2.128,0.7604,1,0.8989,,0.700,0,
7552,11,236,edge-38,2,edge,2100.0,0.0714,0.0188,9,2.159,0.8598,1,0.8941,,0.700,0,
7553,11,236,edge-38,2,edge,2200.0,0.0714,0.0188,9,1.990,0.8598,1,0.8894,,0.700,0,
7554,11,236,edge-38,2,edge,2300.0,0.0714,0.0188,11,2.040,0.9403,1,0.8846,,0.700,0,
7555,11,236,edge-38,2,edge,2400.0,0.0714,0.0188,11,2.260,0.9403,2,0.8798,,0.700,0,
7556,11,236,edge-38,2,edge,2500.0,0.0714,0.0188,11,2.036,0.9403,3,0.8751,,0.700,0,
7557,11,236,edge-38,2,edge,2600.0,0.0714,0.0188,11,2.516,0.9403,3,0.8703,,0.700,0,
7558,11,236,edge-38,2,edge,2700.0,0.0714,0.0188,11,2.516,0.9403,2,0.8656,,0.700,0,
7559,11,236,edge-38,2,edge,2800.0,0.0714,0.0188,11,2.516,0.9403,2,0.8608,,0.700,0,
7560,11,236,edge-38,2,edge,2900.0,0.0714,0.0188,11,2.489,0.9403,2,0.8561,,0.700,0,
7561,11,236,edge-38,2,edge,3000.0,0.0714,0.0188,9,2.439,0.8598,1,0.8513,,0.700,0,
7562,11,236,edge-38,2,edge,3100.0,0.0714,0.0188,9,2.211,0.8561,2,0.8466,,0.700,0,
7563,11,236,edge-38,2,edge,3200.0,0.0714,0.0188,11,2.261,0.9403,2,0.8437,,0.700,0,
7564,11,236,edge-38,2,edge,3300.0,0.0714,0.0188,11,2.261,0.9403,2,0.8390,,0.700,0,
7565,11,236,edge-38,2,edge,3400.0,0.0714,0.0188,8,2.161,0.7604,1,0.8342,,0.700,0,
7566,11,236,edge-38,2,edge,3500.0,0.0714,0.0188,11,2.261,0.9403,1,0.8295,,0.700,0,
7567,11,236,edge-38,2,edge,3600.0,0.0714,0.0188,9,2.211,0.8598,0,0.8247,,0.700,0,
7568,11,236,edge-38,2,edge,3700.0,0.0714,0.0188,11,2.286,0.9403,0,0.8199,,0.700,0,
7569,11,236,edge-38,2,edge,3800.0,0.0714,0.0188,11,2.211,0.9403,0,0.8152,,0.700,0,
7570,11,236,edge-38,2,edge,3900.0,0.0714,0.0188,11,2.211,0.9403,0,0.8104,,0.700,0,
7571,11,236,edge-38,2,edge,4000.0,0.0714,0.0188,11,2.211,0.9403,0,0.8057,,0.700,0,
7572,11,236,edge-38,2,edge,4100.0,0.0714,0.0188,11,2.191,0.9403,1,0.8009,,0.700,0,
7573,11,236,edge-38,2,edge,4200.0,0.0714,0.0188,9,2.264,0.8598,1,0.7962,,0.700,0,
7574,11,236,edge-38,2,edge,4300.0,0.0714,0.0188,11,2.295,0.9403,2,0.7914,,0.700,0,
7575,11,236,edge-38,2,edge,4400.0,0.0714,0.0188,7,1.903,0.6333,3,0.7867,,0.700,0,
7576,11,236,edge-38,2,edge,4500.0,0.0714,0.0188,11,2.249,0.9403,4,0.7819,,0.700,0,
7577,11,236,edge-38,2,edge,4600.0,0.0714,0.0188,11,2.145,0.9403,4,0.7771,,0.700,0,
7578,11,236,edge-38,2,edge,4700.0,0.0714,0.0188,11,2.145,0.9403,4,0.7724,,0.700,0,
7579,11,236,edge-38,2,edge,4800.0,0.0714,0.0188,9,2.095,0.8598,3,0.7676,,0.700,0,
7580,11,236,edge-38,2,edge,4900.0,0.0714,0.0188,11,2.145,0.9403,2,0.7629,,0.700,0,
7581,11,236,edge-38,2,edge,5000.0,0.0714,0.0188,11,2.290,0.9403,2,0.7581,,0.700,0,
7582,11,239,edge-39,2,edge,0.0,0.0000,0.0188,0,1.800,,1,1.0000,,0.700,0,
7583,11,239,edge-39,2,edge,100.0,0.0286,0.0188,4,2.000,1.0000,1,0.9873,,0.700,0,
7584,11,239,edge-39,2,edge,200.0,0.0714,0.0188,11,2.300,0.9403,1,0.9825,,0.700,0,
7585,11,239,edge-39,2,edge,300.0,0.0714,0.0188,9,2.250,0.8561,1,0.9778,,0.700,0,
7586,11,239,edge-39,2,edge,400.0,0.0714,0.0188,11,2.361,0.9403,1,0.9749,,0.700,0,
7587,11,239,edge-39,2,edge,500.0,0.0714,0.0188,9,2.076,0.8561,1,0.9702,,0.700,0,
7588,11,239,edge-39,2,edge,600.0,0.0714,0.0188,11,2.259,0.9403,2,0.9674,,0.700,0,
7589,11,239,edge-39,2,edge,700.0,0.0714,0.0188,11,2.190,0.9403,3,0.9626,,0.700,0,
7590,11,239,edge-39,2,edge,800.0,0.0714,0.0188,9,2.065,0.8561,4,0.9578,,0.700,0,
7591,11,239,edge-39,2,edge,900.0,0.0714,0.0188,9,2.057,0.8598,5,0.9550,,0.700,0,
7592,11,239,edge-39,2,edge,1000.0,0.0714,0.0188,9,2.358,0.8598,4,0.9503,,0.700,0,
7593,11,239,edge-39,2,edge,1100.0,0.0714,0.0188,9,2.358,0.8598,3,0.9455,,0.700,0,
7594,11,239,edge-39,2,edge,1200.0,0.0714,0.0188,11,2.039,0.9403,3,0.9407,,0.700,0,
7595,11,239,edge-39,2,edge,1300.0,0.0714,0.0188,11,2.039,0.9403,2,0.9360,,0.700,0,
7596,11,239,edge-39,2,edge,1400.0,0.0714,0.0188,9,2.127,0.8598,2,0.9312,,0.700,0,
7597,11,239,edge-39,2,edge,1500.0,0.0714,0.0188,11,2.177,0.9403,2,0.9265,,0.700,0,
7598,11,239,edge-39,2,edge,1600.0,0.0714,0.0188,11,2.096,0.9403,3,0.9217,,0.700,0,
7599,11,239,edge-39,2,edge,1700.0,0.0714,0.0188,9,2.046,0.8598,2,0.9170,,0.700,0,
7600,11,239,edge-39,2,edge,1800.0,0.0714,0.0188,9,2.245,0.8598,3,0.9122,,0.700,0,
7601,11,239,edge-39,2,edge,1900.0,0.0714,0.0188,7,1.993,0.6333,3,0.9075,,0.700,0,
7602,11,239,edge-39,2,edge,2000.0,0.0714,0.0188,11,2.166,0.9403,4,0.9027,,0.700,0,
7603,11,239,edge-39,2,edge,2100.0,0.0714,0.0188,11,2.268,0.9403,4,0.8979,,0.700,0,
7604,11,239,edge-39,2,edge,2200.0,0.0714,0.0188,11,2.268,0.9403,4,0.8932,,0.700,0,
7605,11,239,edge-39,2,edge,2300.0,0.0714,0.0188,11,2.268,0.9403,3,0.8884,,0.700,0,
7606,11,239,edge-39,2,edge,2400.0,0.0714,0.0188,9,2.218,0.8598,2,0.8837,,0.700,0,
7607,11,239,edge-39,2,edge,2500.0,0.0714,0.0188,9,2.217,0.8598,2,0.8789,,0.700,0,
7608,11,239,edge-39,2,edge,2600.0,0.0714,0.0188,9,2.217,0.8598,1,0.8742,,0.700,0,
7609,11,239,edge-39,2,edge,2700.0,0.0714,0.0188,9,2.217,0.8598,1,0.8694,,0.700,0,
7610,11,239,edge-39,2,edge,2800.0,0.0714,0.0188,9,2.217,0.8598,1,0.8647,,0.700,0,
7611,11,239,edge-39,2,edge,2900.0,0.0714,0.0188,11,2.267,0.9403,1,0.8599,,0.700,0,
7612,11,239,edge-39,2,edge,3000.0,0.0714,0.0188,11,2.267,0.9403,0,0.8552,,0.700,0,
7613,11,239,edge-39,2,edge,3100.0,0.0714,0.0188,11,2.107,0.9403,1,0.8504,,0.700,0,
7614,11,239,edge-39,2,edge,3200.0,0.0714,0.0188,11,2.278,0.9403,2,0.8456,,0.700,0,
7615,11,239,edge-39,2,edge,3300.0,0.0714,0.0188,11,2.144,0.9403,2,0.8409,,0.700,0,
7616,11,239,edge-39,2,edge,3400.0,0.0714,0.0188,11,2.126,0.9403,3,0.8361,,0.700,0,
7617,11,239,edge-39,2,edge,3500.0,0.0714,0.0188,9,1.999,0.8561,4,0.8314,,0.700,0,
7618,11,239,edge-39,2,edge,3600.0,0.0714,0.0188,11,2.049,0.9403,3,0.8285,,0.700,0,
7619,11,239,edge-39,2,edge,3700.0,0.0714,0.0188,9,2.075,0.8598,3,0.8238,,0.700,0,
7620,11,239,edge-39,2,edge,3800.0,0.0714,0.0188,11,2.125,0.9403,3,0.8190,,0.700,0,
7621,11,239,edge-39,2,edge,3900.0,0.0714,0.0188,11,2.088,0.9403,3,0.8143,,0.700,0,
7622,11,239,edge-39,2,edge,4000.0,0.0714,0.0188,11,2.022,0.9403,3,0.8095,,0.700,0,
7623,11,239,edge-39,2,edge,4100.0,0.0714,0.0188,11,2.169,0.9403,4,0.8048,,0.700,0,
7624,11,239,edge-39,2,edge,4200.0,0.0714,0.0188,9,2.061,0.8598,4,0.8000,,0.700,0,
7625,11,239,edge-39,2,edge,4300.0,0.0714,0.0188,11,2.111,0.9403,4,0.7953,,0.700,0,
7626,11,239,edge-39,2,edge,4400.0,0.0714,0.0188,8,2.011,0.7604,3,0.7905,,0.700,0,
7627,11,239,edge-39,2,edge,4500.0,0.0714,0.0188,11,2.111,0.9403,2,0.7857,,0.700,0,
7628,11,239,edge-39,2,edge,4600.0,0.0714,0.0188,9,2.061,0.8598,1,0.7810,,0.700,0,
7629,11,239,edge-39,2,edge,4700.0,0.0714,0.0188,11,2.223,0.9403,1,0.7762,,0.700,0,
7630,11,239,edge-39,2,edge,4800.0,0.0714,0.0188,11,2.131,0.9403,2,0.7715,,0.700,0,
7631,11,239,edge-39,2,edge,4900.0,0.0714,0.0188,9,2.178,0.8598,3,0.7667,,0.700,0,
7632,11,239,edge-39,2,edge,5000.0,0.0714,0.0188,11,2.615,0.9403,4,0.7620,,0.700,0,
