case_id,scenario_id,node_id,node_name,level,device_class,epoch,cpu_util,ram_util,queue_depth,uplink_latency,jitter_pktloss,handover_rate,residual_energy,temperature,reliability_prior,ground_truth_fail,failure_time
1,4,3,cloud,0,cloud,0.0,0.0000,0.0225,0,0.000,,0,1.0000,,0.990,0,
2,4,3,cloud,0,cloud,100.0,0.0000,0.0225,0,0.000,,0,0.9959,,0.990,0,
3,4,3,cloud,0,cloud,200.0,0.3964,0.0225,8808,1120.000,1.0000,0,0.9915,,0.990,0,
4,4,3,cloud,0,cloud,300.0,0.9705,0.0225,45609,3815.000,1.0000,0,0.9865,,0.990,0,
5,4,3,cloud,0,cloud,400.0,0.9732,0.0225,81797,3815.000,1.0000,0,0.9815,,0.990,0,
6,4,3,cloud,0,cloud,500.0,0.9866,0.0225,121978,4010.000,1.0000,0,0.9765,,0.990,0,
7,4,3,cloud,0,cloud,600.0,0.9759,0.0225,159298,3870.000,1.0000,0,0.9715,,0.990,0,
8,4,3,cloud,0,cloud,700.0,0.9705,0.0225,199331,3975.000,1.0000,0,0.9665,,0.990,0,
9,4,3,cloud,0,cloud,800.0,0.9571,0.0225,239088,3940.000,1.0000,0,0.9615,,0.990,0,
10,4,3,cloud,0,cloud,900.0,0.9518,0.0225,279145,3945.000,1.0000,0,0.9565,,0.990,0,
11,4,3,cloud,0,cloud,1000.0,0.9705,0.0225,319352,3980.000,1.0000,0,0.9515,,0.990,0,
12,4,3,cloud,0,cloud,1100.0,0.9598,0.0225,359640,3970.000,1.0000,0,0.9465,,0.990,0,
13,4,3,cloud,0,cloud,1200.0,0.9813,0.0225,400312,4020.000,1.0000,0,0.9415,,0.990,0,
14,4,3,cloud,0,cloud,1300.0,0.9786,0.0225,440560,4000.000,1.0000,0,0.9365,,0.990,0,
15,4,3,cloud,0,cloud,1400.0,0.9679,0.0225,477700,3850.000,1.0000,0,0.9315,,0.990,0,
16,4,3,cloud,0,cloud,1500.0,0.9518,0.0225,517363,3925.000,1.0000,0,0.9265,,0.990,0,
17,4,3,cloud,0,cloud,1600.0,0.9598,0.0225,556241,3905.000,1.0000,0,0.9215,,0.990,0,
18,4,3,cloud,0,cloud,1700.0,0.9839,0.0225,596665,4015.000,1.0000,0,0.9165,,0.990,0,
19,4,3,cloud,0,cloud,1800.0,0.9732,0.0225,637126,4000.000,1.0000,0,0.9115,,0.990,0,
20,4,3,cloud,0,cloud,1900.0,0.9545,0.0225,677797,3975.000,1.0000,0,0.9065,,0.990,0,
21,4,3,cloud,0,cloud,2000.0,0.9786,0.0225,717967,3995.000,1.0000,0,0.9015,,0.990,0,
22,4,3,cloud,0,cloud,2100.0,0.9705,0.0225,758572,4000.000,1.0000,0,0.8965,,0.990,0,
23,4,3,cloud,0,cloud,2200.0,0.9705,0.0225,799283,4005.000,1.0000,0,0.8915,,0.990,0,
24,4,3,cloud,0,cloud,2300.0,0.9545,0.0225,838642,3920.000,1.0000,0,0.8865,,0.990,0,
25,4,3,cloud,0,cloud,2400.0,0.9250,0.0225,877781,3855.000,1.0000,0,0.8815,,0.990,0,
26,4,3,cloud,0,cloud,2500.0,1.0000,0.0225,917686,4025.000,1.0000,0,0.8765,,0.990,0,
27,4,3,cloud,0,cloud,2600.0,0.9839,0.0225,954971,3885.000,1.0000,0,0.8715,,0.990,0,
28,4,3,cloud,0,cloud,2700.0,0.9652,0.0225,995854,4000.000,1.0000,0,0.8665,,0.990,0,
29,4,3,cloud,0,cloud,2800.0,0.9732,0.0225,1035947,3985.000,1.0000,0,0.8615,,0.990,0,
30,4,3,cloud,0,cloud,2900.0,0.9839,0.0225,1076908,4040.000,1.0000,0,0.8565,,0.990,0,
31,4,3,cloud,0,cloud,3000.0,0.9813,0.0225,1117270,4010.000,1.0000,0,0.8515,,0.990,0,
32,4,3,cloud,0,cloud,3100.0,0.9679,0.0225,1158242,4010.000,1.0000,0,0.8465,,0.990,0,
33,4,3,cloud,0,cloud,3200.0,0.9518,0.0225,1198789,3965.000,1.0000,0,0.8415,,0.990,0,
34,4,3,cloud,0,cloud,3300.0,0.9732,0.0225,1237370,3920.000,1.0000,0,0.8365,,0.990,0,
35,4,3,cloud,0,cloud,3400.0,0.9143,0.0225,1277802,3890.000,1.0000,0,0.8315,,0.990,0,
36,4,3,cloud,0,cloud,3500.0,0.9786,0.0225,1316692,3940.000,1.0000,0,0.8265,,0.990,0,
37,4,3,cloud,0,cloud,3600.0,0.9705,0.0225,1357578,4010.000,1.0000,0,0.8215,,0.990,0,
38,4,3,cloud,0,cloud,3700.0,0.9893,0.0225,1396178,3950.000,1.0000,0,0.8165,,0.990,0,
39,4,3,cloud,0,cloud,3800.0,0.9357,0.0225,1434133,3825.000,1.0000,0,0.8115,,0.990,0,
40,4,3,cloud,0,cloud,3900.0,0.9759,0.0225,1473584,3960.000,1.0000,0,0.8065,,0.990,0,
41,4,3,cloud,0,cloud,4000.0,0.9705,0.0225,1514462,4010.000,1.0000,0,0.8015,,0.990,0,
42,4,3,cloud,0,cloud,4100.0,1.0000,0.0225,1554180,4025.000,1.0000,0,0.7965,,0.990,0,
43,4,3,cloud,0,cloud,4200.0,0.9759,0.0225,1596071,4065.000,1.0000,0,0.7915,,0.990,0,
44,4,3,cloud,0,cloud,4300.0,0.9652,0.0225,1632483,3815.000,1.0000,0,0.7865,,0.990,0,
45,4,3,cloud,0,cloud,4400.0,0.9866,0.0225,1672424,4000.000,1.0000,0,0.7815,,0.990,0,
46,4,3,cloud,0,cloud,4500.0,0.9598,0.0225,1713365,3995.000,1.0000,0,0.7765,,0.990,0,
47,4,3,cloud,0,cloud,4600.0,0.9679,0.0225,1753479,3975.000,1.0000,0,0.7715,,0.990,0,
48,4,3,cloud,0,cloud,4700.0,0.9518,0.0225,1797042,4090.000,1.0000,0,0.7665,,0.990,0,
49,4,3,cloud,0,cloud,4800.0,0.9759,0.0225,1833590,3840.000,1.0000,0,0.7615,,0.990,0,
50,4,3,cloud,0,cloud,4900.0,0.9786,0.0225,1877101,4135.000,1.0000,0,0.7565,,0.990,0,
51,4,3,cloud,0,cloud,5000.0,0.9732,0.0225,1914204,3860.000,1.0000,0,0.7515,,0.990,0,
52,4,4,fog-13,1,fog,0.0,0.0000,0.0000,0,100.000,,0,1.0000,,0.850,0,
53,4,4,fog-13,1,fog,100.0,0.0000,0.0000,0,100.000,,0,0.9981,,0.850,0,
54,4,4,fog-13,1,fog,200.0,0.0000,0.0000,0,100.000,,0,0.9963,,0.850,0,
55,4,4,fog-13,1,fog,300.0,0.0000,0.0000,5,100.250,0.0000,0,0.9944,,0.850,0,
56,4,4,fog-13,1,fog,400.0,0.0000,0.0000,17,100.850,0.0000,0,0.9925,,0.850,0,
57,4,4,fog-13,1,fog,500.0,0.0000,0.0000,38,101.350,0.5343,0,0.9906,,0.850,0,
58,4,4,fog-13,1,fog,600.0,0.0000,0.0000,38,101.350,0.5394,0,0.9888,,0.850,0,
59,4,4,fog-13,1,fog,700.0,0.0000,0.0000,35,101.300,0.5093,0,0.9869,,0.850,0,
60,4,4,fog-13,1,fog,800.0,0.0000,0.0000,32,101.250,0.5271,0,0.9850,,0.850,0,
61,4,4,fog-13,1,fog,900.0,0.0000,0.0000,32,101.250,0.5099,0,0.9831,,0.850,0,
62,4,4,fog-13,1,fog,1000.0,0.0000,0.0000,38,101.350,0.5420,0,0.9813,,0.850,0,
63,4,4,fog-13,1,fog,1100.0,0.0000,0.0000,38,101.350,0.5368,0,0.9794,,0.850,0,
64,4,4,fog-13,1,fog,1200.0,0.0000,0.0000,38,101.350,0.5320,0,0.9775,,0.850,0,
65,4,4,fog-13,1,fog,1300.0,0.0000,0.0000,37,101.300,0.5463,0,0.9756,,0.850,0,
66,4,4,fog-13,1,fog,1400.0,0.0000,0.0000,38,101.350,0.5346,0,0.9738,,0.850,0,
67,4,4,fog-13,1,fog,1500.0,0.0000,0.0000,35,101.300,0.5344,0,0.9719,,0.850,0,
68,4,4,fog-13,1,fog,1600.0,0.0000,0.0000,35,101.300,0.5329,0,0.9700,,0.850,0,
69,4,4,fog-13,1,fog,1700.0,0.0000,0.0000,38,101.350,0.5299,0,0.9681,,0.850,0,
70,4,4,fog-13,1,fog,1800.0,0.0000,0.0000,32,101.250,0.4857,0,0.9663,,0.850,0,
71,4,4,fog-13,1,fog,1900.0,0.0000,0.0000,38,101.350,0.5339,0,0.9644,,0.850,0,
72,4,4,fog-13,1,fog,2000.0,0.0000,0.0000,38,101.350,0.5338,0,0.9625,,0.850,0,
73,4,4,fog-13,1,fog,2100.0,0.0000,0.0000,35,101.300,0.5338,0,0.9606,,0.850,0,
74,4,4,fog-13,1,fog,2200.0,0.0000,0.0000,35,101.300,0.4910,0,0.9588,,0.850,0,
75,4,4,fog-13,1,fog,2300.0,0.0000,0.0000,38,101.350,0.5321,0,0.9569,,0.850,0,
76,4,4,fog-13,1,fog,2400.0,0.0000,0.0000,32,101.250,0.5249,0,0.9550,,0.850,0,
77,4,4,fog-13,1,fog,2500.0,0.0000,0.0000,38,101.350,0.5380,0,0.9531,,0.850,0,
78,4,4,fog-13,1,fog,2600.0,0.0000,0.0000,38,101.350,0.5387,0,0.9513,,0.850,0,
79,4,4,fog-13,1,fog,2700.0,0.0000,0.0000,38,101.350,0.5404,0,0.9494,,0.850,0,
80,4,4,fog-13,1,fog,2800.0,0.0000,0.0000,35,101.300,0.5079,0,0.9475,,0.850,0,
81,4,4,fog-13,1,fog,2900.0,0.0000,0.0000,38,101.350,0.5338,0,0.9456,,0.850,0,
82,4,4,fog-13,1,fog,3000.0,0.0000,0.0000,32,101.250,0.4608,0,0.9438,,0.850,0,
83,4,4,fog-13,1,fog,3100.0,0.0000,0.0000,38,101.350,0.5344,0,0.9419,,0.850,0,
84,4,4,fog-13,1,fog,3200.0,0.0000,0.0000,37,101.300,0.5377,0,0.9400,,0.850,0,
85,4,4,fog-13,1,fog,3300.0,0.0000,0.0000,32,101.250,0.4509,0,0.9381,,0.850,0,
86,4,4,fog-13,1,fog,3400.0,0.0000,0.0000,38,101.350,0.5268,0,0.9363,,0.850,0,
87,4,4,fog-13,1,fog,3500.0,0.0000,0.0000,28,101.200,0.4748,0,0.9344,,0.850,0,
88,4,4,fog-13,1,fog,3600.0,0.0000,0.0000,38,101.350,0.5336,0,0.9325,,0.850,0,
89,4,4,fog-13,1,fog,3700.0,0.0000,0.0000,32,101.250,0.4856,0,0.9306,,0.850,0,
90,4,4,fog-13,1,fog,3800.0,0.0000,0.0000,38,101.350,0.5345,0,0.9288,,0.850,0,
91,4,4,fog-13,1,fog,3900.0,0.0000,0.0000,35,101.300,0.4861,0,0.9269,,0.850,0,
92,4,4,fog-13,1,fog,4000.0,0.0000,0.0000,35,101.300,0.4947,0,0.9250,,0.850,0,
93,4,4,fog-13,1,fog,4100.0,0.0000,0.0000,54,101.650,0.6913,0,0.9231,,0.850,0,
94,4,4,fog-13,1,fog,4200.0,0.0000,0.0000,83,102.300,0.9920,0,0.9213,,0.850,0,
95,4,4,fog-13,1,fog,4300.0,0.0000,0.0000,81,102.250,0.9545,0,0.9194,,0.850,0,
96,4,4,fog-13,1,fog,4400.0,0.0000,0.0000,74,102.100,0.9348,0,0.9175,,0.850,0,
97,4,4,fog-13,1,fog,4500.0,0.0000,0.0000,81,102.250,0.9448,0,0.9156,,0.850,0,
98,4,4,fog-13,1,fog,4600.0,0.0000,0.0000,74,102.100,0.9423,0,0.9138,,0.850,0,
99,4,4,fog-13,1,fog,4700.0,0.0000,0.0000,63,101.850,0.8918,0,0.9119,,0.850,0,
100,4,4,fog-13,1,fog,4800.0,0.0000,0.0000,59,101.750,0.8362,0,0.9100,,0.850,0,
101,4,4,fog-13,1,fog,4900.0,0.0000,0.0000,59,101.750,0.8321,0,0.9081,,0.850,0,
102,4,4,fog-13,1,fog,5000.0,0.0000,0.0000,76,102.150,0.9396,0,0.9063,,0.850,0,
103,4,5,fog-14,1,fog,0.0,0.0000,0.0000,0,100.000,,0,1.0000,,0.850,0,
104,4,5,fog-14,1,fog,100.0,0.0000,0.0000,4,100.200,0.0000,0,0.9981,,0.850,0,
105,4,5,fog-14,1,fog,200.0,0.0000,0.0000,12,100.450,0.2940,0,0.9963,,0.850,0,
106,4,5,fog-14,1,fog,300.0,0.0000,0.0000,19,100.700,0.4459,0,0.9944,,0.850,0,
107,4,5,fog-14,1,fog,400.0,0.0000,0.0000,56,101.700,0.7867,0,0.9925,,0.850,0,
108,4,5,fog-14,1,fog,500.0,0.0000,0.0000,32,101.250,0.4788,0,0.9906,,0.850,0,
109,4,5,fog-14,1,fog,600.0,0.0000,0.0000,32,101.250,0.4944,0,0.9888,,0.850,0,
110,4,5,fog-14,1,fog,700.0,0.0000,0.0000,35,101.300,0.5343,0,0.9869,,0.850,0,
111,4,5,fog-14,1,fog,800.0,0.0000,0.0000,17,100.850,0.0000,0,0.9850,,0.850,0,
112,4,5,fog-14,1,fog,900.0,0.0000,0.0000,17,100.850,0.0000,0,0.9831,,0.850,0,
113,4,5,fog-14,1,fog,1000.0,0.0000,0.0000,17,100.850,0.0000,0,0.9813,,0.850,0,
114,4,5,fog-14,1,fog,1100.0,0.0000,0.0000,17,100.850,0.0000,0,0.9794,,0.850,0,
115,4,5,fog-14,1,fog,1200.0,0.0000,0.0000,37,101.300,0.5437,0,0.9775,,0.850,0,
116,4,5,fog-14,1,fog,1300.0,0.0000,0.0000,35,101.300,0.5144,0,0.9756,,0.850,0,
117,4,5,fog-14,1,fog,1400.0,0.0000,0.0000,35,101.300,0.5322,0,0.9738,,0.850,0,
118,4,5,fog-14,1,fog,1500.0,0.0000,0.0000,32,101.250,0.5155,0,0.9719,,0.850,0,
119,4,5,fog-14,1,fog,1600.0,0.0000,0.0000,17,100.850,0.0000,0,0.9700,,0.850,0,
120,4,5,fog-14,1,fog,1700.0,0.0000,0.0000,17,100.850,0.0000,0,0.9681,,0.850,0,
121,4,5,fog-14,1,fog,1800.0,0.0000,0.0000,17,100.850,0.0000,0,0.9663,,0.850,0,
122,4,5,fog-14,1,fog,1900.0,0.0000,0.0000,17,100.850,0.0000,0,0.9644,,0.850,0,
123,4,5,fog-14,1,fog,2000.0,0.0000,0.0000,17,100.850,0.0000,0,0.9625,,0.850,0,
124,4,5,fog-14,1,fog,2100.0,0.0000,0.0000,17,100.850,0.0000,0,0.9606,,0.850,0,
125,4,5,fog-14,1,fog,2200.0,0.0000,0.0000,17,100.850,0.0000,0,0.9588,,0.850,0,
126,4,5,fog-14,1,fog,2300.0,0.0000,0.0000,17,100.850,0.0000,0,0.9569,,0.850,0,
127,4,5,fog-14,1,fog,2400.0,0.0000,0.0000,17,100.850,0.0000,0,0.9550,,0.850,0,
128,4,5,fog-14,1,fog,2500.0,0.0000,0.0000,17,100.850,0.0000,0,0.9531,,0.850,0,
129,4,5,fog-14,1,fog,2600.0,0.0000,0.0000,17,100.850,0.0000,0,0.9513,,0.850,0,
130,4,5,fog-14,1,fog,2700.0,0.0000,0.0000,17,100.850,0.0000,0,0.9494,,0.850,0,
131,4,5,fog-14,1,fog,2800.0,0.0000,0.0000,17,100.850,0.0000,0,0.9475,,0.850,0,
132,4,5,fog-14,1,fog,2900.0,0.0000,0.0000,17,100.850,0.0000,0,0.9456,,0.850,0,
133,4,5,fog-14,1,fog,3000.0,0.0000,0.0000,17,100.850,0.0000,0,0.9438,,0.850,0,
134,4,5,fog-14,1,fog,3100.0,0.0000,0.0000,17,100.850,0.0000,0,0.9419,,0.850,0,
135,4,5,fog-14,1,fog,3200.0,0.0000,0.0000,16,100.800,0.0000,0,0.9400,,0.850,0,
136,4,5,fog-14,1,fog,3300.0,0.0000,0.0000,17,100.850,0.0000,0,0.9381,,0.850,0,
137,4,5,fog-14,1,fog,3400.0,0.0000,0.0000,35,101.300,0.5090,0,0.9363,,0.850,0,
138,4,5,fog-14,1,fog,3500.0,0.0000,0.0000,35,101.300,0.5151,0,0.9344,,0.850,0,
139,4,5,fog-14,1,fog,3600.0,0.0000,0.0000,32,101.250,0.5032,0,0.9325,,0.850,0,
140,4,5,fog-14,1,fog,3700.0,0.0000,0.0000,38,101.350,0.5331,0,0.9306,,0.850,0,
141,4,5,fog-14,1,fog,3800.0,0.0000,0.0000,17,100.850,0.0000,0,0.9288,,0.850,0,
142,4,5,fog-14,1,fog,3900.0,0.0000,0.0000,28,101.200,0.4670,0,0.9269,,0.850,0,
143,4,5,fog-14,1,fog,4000.0,0.0000,0.0000,35,101.300,0.5132,0,0.9250,,0.850,0,
144,4,5,fog-14,1,fog,4100.0,0.0000,0.0000,28,101.200,0.4500,0,0.9231,,0.850,0,
145,4,5,fog-14,1,fog,4200.0,0.0000,0.0000,35,101.300,0.5289,0,0.9213,,0.850,0,
146,4,5,fog-14,1,fog,4300.0,0.0000,0.0000,59,101.750,0.8307,0,0.9194,,0.850,0,
147,4,5,fog-14,1,fog,4400.0,0.0000,0.0000,54,101.650,0.7445,0,0.9175,,0.850,0,
148,4,5,fog-14,1,fog,4500.0,0.0000,0.0000,59,101.750,0.7909,0,0.9156,,0.850,0,
149,4,5,fog-14,1,fog,4600.0,0.0000,0.0000,59,101.750,0.8340,0,0.9138,,0.850,0,
150,4,5,fog-14,1,fog,4700.0,0.0000,0.0000,17,100.850,0.0000,0,0.9119,,0.850,0,
151,4,5,fog-14,1,fog,4800.0,0.0000,0.0000,17,100.850,0.0000,0,0.9100,,0.850,0,
152,4,5,fog-14,1,fog,4900.0,0.0000,0.0000,17,100.850,0.0000,0,0.9081,,0.850,0,
153,4,5,fog-14,1,fog,5000.0,0.0000,0.0000,17,100.850,0.0000,0,0.9063,,0.850,0,
154,4,6,fog-15,1,fog,0.0,0.0000,0.0000,0,100.000,,0,1.0000,,0.850,0,
155,4,6,fog-15,1,fog,100.0,0.0000,0.0000,4,100.200,0.0000,0,0.9981,,0.850,0,
156,4,6,fog-15,1,fog,200.0,0.0000,0.0000,0,100.000,,0,0.9963,,0.850,0,
157,4,6,fog-15,1,fog,300.0,0.0000,0.0000,5,100.250,0.0000,0,0.9944,,0.850,0,
158,4,6,fog-15,1,fog,400.0,0.0000,0.0000,17,100.850,0.0000,0,0.9925,,0.850,0,
159,4,6,fog-15,1,fog,500.0,0.0000,0.0000,17,100.850,0.0000,0,0.9906,,0.850,0,
160,4,6,fog-15,1,fog,600.0,0.0000,0.0000,38,101.350,0.5392,0,0.9888,,0.850,0,
161,4,6,fog-15,1,fog,700.0,0.0000,0.0000,17,100.850,0.0000,0,0.9869,,0.850,0,
162,4,6,fog-15,1,fog,800.0,0.0000,0.0000,17,100.850,0.0000,0,0.9850,,0.850,0,
163,4,6,fog-15,1,fog,900.0,0.0000,0.0000,17,100.850,0.0000,0,0.9831,,0.850,0,
164,4,6,fog-15,1,fog,1000.0,0.0000,0.0000,17,100.850,0.0000,0,0.9813,,0.850,0,
165,4,6,fog-15,1,fog,1100.0,0.0000,0.0000,17,100.850,0.0000,0,0.9794,,0.850,0,
166,4,6,fog-15,1,fog,1200.0,0.0000,0.0000,16,100.800,0.0000,0,0.9775,,0.850,0,
167,4,6,fog-15,1,fog,1300.0,0.0000,0.0000,17,100.850,0.0000,0,0.9756,,0.850,0,
168,4,6,fog-15,1,fog,1400.0,0.0000,0.0000,17,100.850,0.0000,0,0.9738,,0.850,0,
169,4,6,fog-15,1,fog,1500.0,0.0000,0.0000,17,100.850,0.0000,0,0.9719,,0.850,0,
170,4,6,fog-15,1,fog,1600.0,0.0000,0.0000,17,100.850,0.0000,0,0.9700,,0.850,0,
171,4,6,fog-15,1,fog,1700.0,0.0000,0.0000,61,101.800,0.7379,0,0.9681,,0.850,0,
172,4,6,fog-15,1,fog,1800.0,0.0000,0.0000,17,100.850,0.0000,0,0.9663,,0.850,0,
173,4,6,fog-15,1,fog,1900.0,0.0000,0.0000,35,101.300,0.5015,0,0.9644,,0.850,0,
174,4,6,fog-15,1,fog,2000.0,0.0000,0.0000,17,100.850,0.0000,0,0.9625,,0.850,0,
175,4,6,fog-15,1,fog,2100.0,0.0000,0.0000,17,100.850,0.0000,0,0.9606,,0.850,0,
176,4,6,fog-15,1,fog,2200.0,0.0000,0.0000,17,100.850,0.0000,0,0.9588,,0.850,0,
177,4,6,fog-15,1,fog,2300.0,0.0000,0.0000,17,100.850,0.0000,0,0.9569,,0.850,0,
178,4,6,fog-15,1,fog,2400.0,0.0000,0.0000,32,101.250,0.5170,0,0.9550,,0.850,0,
179,4,6,fog-15,1,fog,2500.0,0.0000,0.0000,17,100.850,0.0000,0,0.9531,,0.850,0,
180,4,6,fog-15,1,fog,2600.0,0.0000,0.0000,17,100.850,0.0000,0,0.9513,,0.850,0,
181,4,6,fog-15,1,fog,2700.0,0.0000,0.0000,17,100.850,0.0000,0,0.9494,,0.850,0,
182,4,6,fog-15,1,fog,2800.0,0.0000,0.0000,17,100.850,0.0000,0,0.9475,,0.850,0,
183,4,6,fog-15,1,fog,2900.0,0.0000,0.0000,17,100.850,0.0000,0,0.9456,,0.850,0,
184,4,6,fog-15,1,fog,3000.0,0.0000,0.0000,17,100.850,0.0000,0,0.9438,,0.850,0,
185,4,6,fog-15,1,fog,3100.0,0.0000,0.0000,17,100.850,0.0000,0,0.9419,,0.850,0,
186,4,6,fog-15,1,fog,3200.0,0.0000,0.0000,31,101.200,0.4861,0,0.9400,,0.850,0,
187,4,6,fog-15,1,fog,3300.0,0.0000,0.0000,54,101.650,0.6905,0,0.9381,,0.850,0,
188,4,6,fog-15,1,fog,3400.0,0.0000,0.0000,17,100.850,0.0000,0,0.9363,,0.850,0,
189,4,6,fog-15,1,fog,3500.0,0.0000,0.0000,32,101.250,0.4995,0,0.9344,,0.850,0,
190,4,6,fog-15,1,fog,3600.0,0.0000,0.0000,17,100.850,0.0000,0,0.9325,,0.850,0,
191,4,6,fog-15,1,fog,3700.0,0.0000,0.0000,17,100.850,0.0000,0,0.9306,,0.850,0,
192,4,6,fog-15,1,fog,3800.0,0.0000,0.0000,17,100.850,0.0000,0,0.9288,,0.850,0,
193,4,6,fog-15,1,fog,3900.0,0.0000,0.0000,17,100.850,0.0000,0,0.9269,,0.850,0,
194,4,6,fog-15,1,fog,4000.0,0.0000,0.0000,35,101.300,0.5106,0,0.9250,,0.850,0,
195,4,6,fog-15,1,fog,4100.0,0.0000,0.0000,38,101.350,0.5334,0,0.9231,,0.850,0,
196,4,6,fog-15,1,fog,4200.0,0.0000,0.0000,17,100.850,0.0000,0,0.9213,,0.850,0,
197,4,6,fog-15,1,fog,4300.0,0.0000,0.0000,17,100.850,0.0000,0,0.9194,,0.850,0,
198,4,6,fog-15,1,fog,4400.0,0.0000,0.0000,17,100.850,0.0000,0,0.9175,,0.850,0,
199,4,6,fog-15,1,fog,4500.0,0.0000,0.0000,17,100.850,0.0000,0,0.9156,,0.850,0,
200,4,6,fog-15,1,fog,4600.0,0.0000,0.0000,17,100.850,0.0000,0,0.9138,,0.850,0,
201,4,6,fog-15,1,fog,4700.0,0.0000,0.0000,17,100.850,0.0000,0,0.9119,,0.850,0,
202,4,6,fog-15,1,fog,4800.0,0.0000,0.0000,32,101.250,0.5111,0,0.9100,,0.850,0,
203,4,6,fog-15,1,fog,4900.0,0.0000,0.0000,32,101.250,0.5086,0,0.9081,,0.850,0,
204,4,6,fog-15,1,fog,5000.0,0.0000,0.0000,17,100.850,0.0000,0,0.9063,,0.850,0,
205,4,7,fog-16,1,fog,0.0,0.0000,0.0000,0,100.000,,0,1.0000,,0.850,0,
206,4,7,fog-16,1,fog,100.0,0.0000,0.0000,0,100.000,,0,0.9981,,0.850,0,
207,4,7,fog-16,1,fog,200.0,0.0000,0.0000,0,100.000,,0,0.9963,,0.850,0,
208,4,7,fog-16,1,fog,300.0,0.0000,0.0000,5,100.250,0.0000,0,0.9944,,0.850,0,
209,4,7,fog-16,1,fog,400.0,0.0000,0.0000,17,100.850,0.0000,0,0.9925,,0.850,0,
210,4,7,fog-16,1,fog,500.0,0.0000,0.0000,17,100.850,0.0000,0,0.9906,,0.850,0,
211,4,7,fog-16,1,fog,600.0,0.0000,0.0000,17,100.850,0.0000,0,0.9888,,0.850,0,
212,4,7,fog-16,1,fog,700.0,0.0000,0.0000,17,100.850,0.0000,0,0.9869,,0.850,0,
213,4,7,fog-16,1,fog,800.0,0.0000,0.0000,17,100.850,0.0000,0,0.9850,,0.850,0,
214,4,7,fog-16,1,fog,900.0,0.0000,0.0000,17,100.850,0.0000,0,0.9831,,0.850,0,
215,4,7,fog-16,1,fog,1000.0,0.0000,0.0000,17,100.850,0.0000,0,0.9813,,0.850,0,
216,4,7,fog-16,1,fog,1100.0,0.0000,0.0000,17,100.850,0.0000,0,0.9794,,0.850,0,
217,4,7,fog-16,1,fog,1200.0,0.0000,0.0000,16,100.800,0.0000,0,0.9775,,0.850,0,
218,4,7,fog-16,1,fog,1300.0,0.0000,0.0000,17,100.850,0.0000,0,0.9756,,0.850,0,
219,4,7,fog-16,1,fog,1400.0,0.0000,0.0000,17,100.850,0.0000,0,0.9738,,0.850,0,
220,4,7,fog-16,1,fog,1500.0,0.0000,0.0000,17,100.850,0.0000,0,0.9719,,0.850,0,
221,4,7,fog-16,1,fog,1600.0,0.0000,0.0000,17,100.850,0.0000,0,0.9700,,0.850,0,
222,4,7,fog-16,1,fog,1700.0,0.0000,0.0000,17,100.850,0.0000,0,0.9681,,0.850,0,
223,4,7,fog-16,1,fog,1800.0,0.0000,0.0000,17,100.850,0.0000,0,0.9663,,0.850,0,
224,4,7,fog-16,1,fog,1900.0,0.0000,0.0000,17,100.850,0.0000,0,0.9644,,0.850,0,
225,4,7,fog-16,1,fog,2000.0,0.0000,0.0000,17,100.850,0.0000,0,0.9625,,0.850,0,
226,4,7,fog-16,1,fog,2100.0,0.0000,0.0000,17,100.850,0.0000,0,0.9606,,0.850,0,
227,4,7,fog-16,1,fog,2200.0,0.0000,0.0000,17,100.850,0.0000,0,0.9588,,0.850,0,
228,4,7,fog-16,1,fog,2300.0,0.0000,0.0000,17,100.850,0.0000,0,0.9569,,0.850,0,
229,4,7,fog-16,1,fog,2400.0,0.0000,0.0000,17,100.850,0.0000,0,0.9550,,0.850,0,
230,4,7,fog-16,1,fog,2500.0,0.0000,0.0000,17,100.850,0.0000,0,0.9531,,0.850,0,
231,4,7,fog-16,1,fog,2600.0,0.0000,0.0000,17,100.850,0.0000,0,0.9513,,0.850,0,
232,4,7,fog-16,1,fog,2700.0,0.0000,0.0000,17,100.850,0.0000,0,0.9494,,0.850,0,
233,4,7,fog-16,1,fog,2800.0,0.0000,0.0000,17,100.850,0.0000,0,0.9475,,0.850,0,
234,4,7,fog-16,1,fog,2900.0,0.0000,0.0000,17,100.850,0.0000,0,0.9456,,0.850,0,
235,4,7,fog-16,1,fog,3000.0,0.0000,0.0000,17,100.850,0.0000,0,0.9438,,0.850,0,
236,4,7,fog-16,1,fog,3100.0,0.0000,0.0000,17,100.850,0.0000,0,0.9419,,0.850,0,
237,4,7,fog-16,1,fog,3200.0,0.0000,0.0000,16,100.800,0.0000,0,0.9400,,0.850,0,
238,4,7,fog-16,1,fog,3300.0,0.0000,0.0000,17,100.850,0.0000,0,0.9381,,0.850,0,
239,4,7,fog-16,1,fog,3400.0,0.0000,0.0000,17,100.850,0.0000,0,0.9363,,0.850,0,
240,4,7,fog-16,1,fog,3500.0,0.0000,0.0000,17,100.850,0.0000,0,0.9344,,0.850,0,
241,4,7,fog-16,1,fog,3600.0,0.0000,0.0000,17,100.850,0.0000,0,0.9325,,0.850,0,
242,4,7,fog-16,1,fog,3700.0,0.0000,0.0000,17,100.850,0.0000,0,0.9306,,0.850,0,
243,4,7,fog-16,1,fog,3800.0,0.0000,0.0000,17,100.850,0.0000,0,0.9288,,0.850,0,
244,4,7,fog-16,1,fog,3900.0,0.0000,0.0000,17,100.850,0.0000,0,0.9269,,0.850,0,
245,4,7,fog-16,1,fog,4000.0,0.0000,0.0000,17,100.850,0.0000,0,0.9250,,0.850,0,
246,4,7,fog-16,1,fog,4100.0,0.0000,0.0000,17,100.850,0.0000,0,0.9231,,0.850,0,
247,4,7,fog-16,1,fog,4200.0,0.0000,0.0000,17,100.850,0.0000,0,0.9213,,0.850,0,
248,4,7,fog-16,1,fog,4300.0,0.0000,0.0000,17,100.850,0.0000,0,0.9194,,0.850,0,
249,4,7,fog-16,1,fog,4400.0,0.0000,0.0000,17,100.850,0.0000,0,0.9175,,0.850,0,
250,4,7,fog-16,1,fog,4500.0,0.0000,0.0000,17,100.850,0.0000,0,0.9156,,0.850,0,
251,4,7,fog-16,1,fog,4600.0,0.0000,0.0000,17,100.850,0.0000,0,0.9138,,0.850,0,
252,4,7,fog-16,1,fog,4700.0,0.0000,0.0000,17,100.850,0.0000,0,0.9119,,0.850,0,
253,4,7,fog-16,1,fog,4800.0,0.0000,0.0000,17,100.850,0.0000,0,0.9100,,0.850,0,
254,4,7,fog-16,1,fog,4900.0,0.0000,0.0000,17,100.850,0.0000,0,0.9081,,0.850,0,
255,4,7,fog-16,1,fog,5000.0,0.0000,0.0000,17,100.850,0.0000,0,0.9063,,0.850,0,
256,4,8,fog-17,1,fog,0.0,0.0000,0.0000,0,100.000,,0,1.0000,,0.850,0,
257,4,8,fog-17,1,fog,100.0,0.0000,0.0000,0,100.000,,0,0.9981,,0.850,0,
258,4,8,fog-17,1,fog,200.0,0.0000,0.0000,0,100.000,,0,0.9963,,0.850,0,
259,4,8,fog-17,1,fog,300.0,0.0000,0.0000,5,100.250,0.0000,0,0.9944,,0.850,0,
260,4,8,fog-17,1,fog,400.0,0.0000,0.0000,17,100.850,0.0000,0,0.9925,,0.850,0,
261,4,8,fog-17,1,fog,500.0,0.0000,0.0000,17,100.850,0.0000,0,0.9906,,0.850,0,
262,4,8,fog-17,1,fog,600.0,0.0000,0.0000,17,100.850,0.0000,0,0.9888,,0.850,0,
263,4,8,fog-17,1,fog,700.0,0.0000,0.0000,17,100.850,0.0000,0,0.9869,,0.850,0,
264,4,8,fog-17,1,fog,800.0,0.0000,0.0000,17,100.850,0.0000,0,0.9850,,0.850,0,
265,4,8,fog-17,1,fog,900.0,0.0000,0.0000,17,100.850,0.0000,0,0.9831,,0.850,0,
266,4,8,fog-17,1,fog,1000.0,0.0000,0.0000,17,100.850,0.0000,0,0.9813,,0.850,0,
267,4,8,fog-17,1,fog,1100.0,0.0000,0.0000,17,100.850,0.0000,0,0.9794,,0.850,0,
268,4,8,fog-17,1,fog,1200.0,0.0000,0.0000,31,101.200,0.4895,0,0.9775,,0.850,0,
269,4,8,fog-17,1,fog,1300.0,0.0000,0.0000,49,101.550,0.6526,0,0.9756,,0.850,0,
270,4,8,fog-17,1,fog,1400.0,0.0000,0.0000,17,100.850,0.0000,0,0.9738,,0.850,0,
271,4,8,fog-17,1,fog,1500.0,0.0000,0.0000,17,100.850,0.0000,0,0.9719,,0.850,0,
272,4,8,fog-17,1,fog,1600.0,0.0000,0.0000,17,100.850,0.0000,0,0.9700,,0.850,0,
273,4,8,fog-17,1,fog,1700.0,0.0000,0.0000,17,100.850,0.0000,0,0.9681,,0.850,0,
274,4,8,fog-17,1,fog,1800.0,0.0000,0.0000,17,100.850,0.0000,0,0.9663,,0.850,0,
275,4,8,fog-17,1,fog,1900.0,0.0000,0.0000,38,101.350,0.5336,0,0.9644,,0.850,0,
276,4,8,fog-17,1,fog,2000.0,0.0000,0.0000,17,100.850,0.0000,0,0.9625,,0.850,0,
277,4,8,fog-17,1,fog,2100.0,0.0000,0.0000,35,101.300,0.5235,0,0.9606,,0.850,0,
278,4,8,fog-17,1,fog,2200.0,0.0000,0.0000,17,100.850,0.0000,0,0.9588,,0.850,0,
279,4,8,fog-17,1,fog,2300.0,0.0000,0.0000,17,100.850,0.0000,0,0.9569,,0.850,0,
280,4,8,fog-17,1,fog,2400.0,0.0000,0.0000,17,100.850,0.0000,0,0.9550,,0.850,0,
281,4,8,fog-17,1,fog,2500.0,0.0000,0.0000,35,101.300,0.5248,0,0.9531,,0.850,0,
282,4,8,fog-17,1,fog,2600.0,0.0000,0.0000,38,101.350,0.5418,0,0.9513,,0.850,0,
283,4,8,fog-17,1,fog,2700.0,0.0000,0.0000,17,100.850,0.0000,0,0.9494,,0.850,0,
284,4,8,fog-17,1,fog,2800.0,0.0000,0.0000,56,101.700,0.7900,0,0.9475,,0.850,0,
285,4,8,fog-17,1,fog,2900.0,0.0000,0.0000,17,100.850,0.0000,0,0.9456,,0.850,0,
286,4,8,fog-17,1,fog,3000.0,0.0000,0.0000,17,100.850,0.0000,0,0.9438,,0.850,0,
287,4,8,fog-17,1,fog,3100.0,0.0000,0.0000,17,100.850,0.0000,0,0.9419,,0.850,0,
288,4,8,fog-17,1,fog,3200.0,0.0000,0.0000,37,101.300,0.5466,0,0.9400,,0.850,0,
289,4,8,fog-17,1,fog,3300.0,0.0000,0.0000,17,100.850,0.0000,0,0.9381,,0.850,0,
290,4,8,fog-17,1,fog,3400.0,0.0000,0.0000,32,101.250,0.4831,0,0.9363,,0.850,0,
291,4,8,fog-17,1,fog,3500.0,0.0000,0.0000,24,101.150,0.4120,0,0.9344,,0.850,0,
292,4,8,fog-17,1,fog,3600.0,0.0000,0.0000,17,100.850,0.0000,0,0.9325,,0.850,0,
293,4,8,fog-17,1,fog,3700.0,0.0000,0.0000,38,101.350,0.5267,0,0.9306,,0.850,0,
294,4,8,fog-17,1,fog,3800.0,0.0000,0.0000,17,100.850,0.0000,0,0.9288,,0.850,0,
295,4,8,fog-17,1,fog,3900.0,0.0000,0.0000,17,100.850,0.0000,0,0.9269,,0.850,0,
296,4,8,fog-17,1,fog,4000.0,0.0000,0.0000,17,100.850,0.0000,0,0.9250,,0.850,0,
297,4,8,fog-17,1,fog,4100.0,0.0000,0.0000,17,100.850,0.0000,0,0.9231,,0.850,0,
298,4,8,fog-17,1,fog,4200.0,0.0000,0.0000,17,100.850,0.0000,0,0.9213,,0.850,0,
299,4,8,fog-17,1,fog,4300.0,0.0000,0.0000,17,100.850,0.0000,0,0.9194,,0.850,0,
300,4,8,fog-17,1,fog,4400.0,0.0000,0.0000,17,100.850,0.0000,0,0.9175,,0.850,0,
301,4,8,fog-17,1,fog,4500.0,0.0000,0.0000,35,101.300,0.5381,0,0.9156,,0.850,0,
302,4,8,fog-17,1,fog,4600.0,0.0000,0.0000,17,100.850,0.0000,0,0.9138,,0.850,0,
303,4,8,fog-17,1,fog,4700.0,0.0000,0.0000,17,100.850,0.0000,0,0.9119,,0.850,0,
304,4,8,fog-17,1,fog,4800.0,0.0000,0.0000,17,100.850,0.0000,0,0.9100,,0.850,0,
305,4,8,fog-17,1,fog,4900.0,0.0000,0.0000,17,100.850,0.0000,0,0.9081,,0.850,0,
306,4,8,fog-17,1,fog,5000.0,0.0000,0.0000,32,101.250,0.4729,0,0.9063,,0.850,0,
307,4,9,fog-18,1,fog,0.0,0.0000,0.0000,0,100.000,,0,1.0000,,0.850,0,1703.1
308,4,9,fog-18,1,fog,100.0,0.0000,0.0000,0,100.000,,0,0.9981,,0.850,0,1703.1
309,4,9,fog-18,1,fog,200.0,0.0000,0.0000,0,100.000,,0,0.9963,,0.850,0,1703.1
310,4,9,fog-18,1,fog,300.0,0.0000,0.0000,5,100.250,0.0000,0,0.9944,,0.850,0,1703.1
311,4,9,fog-18,1,fog,400.0,0.0000,0.0000,17,100.850,0.0000,0,0.9925,,0.850,0,1703.1
312,4,9,fog-18,1,fog,500.0,0.0000,0.0000,17,100.850,0.0000,0,0.9906,,0.850,0,1703.1
313,4,9,fog-18,1,fog,600.0,0.0000,0.0000,17,100.850,0.0000,0,0.9888,,0.850,0,1703.1
314,4,9,fog-18,1,fog,700.0,0.0000,0.0000,17,100.850,0.0000,0,0.9869,,0.850,0,1703.1
315,4,9,fog-18,1,fog,800.0,0.0000,0.0000,17,100.850,0.0000,0,0.9850,,0.850,0,1703.1
316,4,9,fog-18,1,fog,900.0,0.0000,0.0000,17,100.850,0.0000,0,0.9831,,0.850,0,1703.1
317,4,9,fog-18,1,fog,1000.0,0.0000,0.0000,17,100.850,0.0000,0,0.9813,,0.850,0,1703.1
318,4,9,fog-18,1,fog,1100.0,0.0000,0.0000,17,100.850,0.0000,0,0.9794,,0.850,0,1703.1
319,4,9,fog-18,1,fog,1200.0,0.0000,0.0000,16,100.800,0.0000,0,0.9775,,0.850,0,1703.1
320,4,9,fog-18,1,fog,1300.0,0.0000,0.0000,17,100.850,0.0000,0,0.9756,,0.850,0,1703.1
321,4,9,fog-18,1,fog,1400.0,0.0000,0.0000,17,100.850,0.0000,0,0.9738,,0.850,0,1703.1
322,4,9,fog-18,1,fog,1500.0,0.0000,0.0000,17,100.850,0.0000,0,0.9719,,0.850,0,1703.1
323,4,9,fog-18,1,fog,1600.0,0.0000,0.0000,17,100.850,0.0000,0,0.9700,,0.850,1,1703.1
324,4,9,fog-18,1,fog,1700.0,0.0000,0.0000,17,100.850,0.0000,0,0.9681,,0.850,1,1703.1
325,4,10,fog-19,1,fog,0.0,0.0000,0.0000,0,100.000,,0,1.0000,,0.850,0,
326,4,10,fog-19,1,fog,100.0,0.0000,0.0000,0,100.000,,0,0.9981,,0.850,0,
327,4,10,fog-19,1,fog,200.0,0.0000,0.0000,0,100.000,,0,0.9963,,0.850,0,
328,4,10,fog-19,1,fog,300.0,0.0000,0.0000,5,100.250,0.0000,0,0.9944,,0.850,0,
329,4,10,fog-19,1,fog,400.0,0.0000,0.0000,17,100.850,0.0000,0,0.9925,,0.850,0,
330,4,10,fog-19,1,fog,500.0,0.0000,0.0000,17,100.850,0.0000,0,0.9906,,0.850,0,
331,4,10,fog-19,1,fog,600.0,0.0000,0.0000,17,100.850,0.0000,0,0.9888,,0.850,0,
332,4,10,fog-19,1,fog,700.0,0.0000,0.0000,17,100.850,0.0000,0,0.9869,,0.850,0,
333,4,10,fog-19,1,fog,800.0,0.0000,0.0000,17,100.850,0.0000,0,0.9850,,0.850,0,
334,4,10,fog-19,1,fog,900.0,0.0000,0.0000,17,100.850,0.0000,0,0.9831,,0.850,0,
335,4,10,fog-19,1,fog,1000.0,0.0000,0.0000,17,100.850,0.0000,0,0.9813,,0.850,0,
336,4,10,fog-19,1,fog,1100.0,0.0000,0.0000,17,100.850,0.0000,0,0.9794,,0.850,0,
337,4,10,fog-19,1,fog,1200.0,0.0000,0.0000,16,100.800,0.0000,0,0.9775,,0.850,0,
338,4,10,fog-19,1,fog,1300.0,0.0000,0.0000,17,100.850,0.0000,0,0.9756,,0.850,0,
339,4,10,fog-19,1,fog,1400.0,0.0000,0.0000,17,100.850,0.0000,0,0.9738,,0.850,0,
340,4,10,fog-19,1,fog,1500.0,0.0000,0.0000,17,100.850,0.0000,0,0.9719,,0.850,0,
341,4,10,fog-19,1,fog,1600.0,0.0000,0.0000,17,100.850,0.0000,0,0.9700,,0.850,0,
342,4,10,fog-19,1,fog,1700.0,0.0000,0.0000,17,100.850,0.0000,0,0.9681,,0.850,0,
343,4,10,fog-19,1,fog,1800.0,0.0000,0.0000,17,100.850,0.0000,0,0.9663,,0.850,0,
344,4,10,fog-19,1,fog,1900.0,0.0000,0.0000,17,100.850,0.0000,0,0.9644,,0.850,0,
345,4,10,fog-19,1,fog,2000.0,0.0000,0.0000,17,100.850,0.0000,0,0.9625,,0.850,0,
346,4,10,fog-19,1,fog,2100.0,0.0000,0.0000,17,100.850,0.0000,0,0.9606,,0.850,0,
347,4,10,fog-19,1,fog,2200.0,0.0000,0.0000,17,100.850,0.0000,0,0.9588,,0.850,0,
348,4,10,fog-19,1,fog,2300.0,0.0000,0.0000,17,100.850,0.0000,0,0.9569,,0.850,0,
349,4,10,fog-19,1,fog,2400.0,0.0000,0.0000,17,100.850,0.0000,0,0.9550,,0.850,0,
350,4,10,fog-19,1,fog,2500.0,0.0000,0.0000,17,100.850,0.0000,0,0.9531,,0.850,0,
351,4,10,fog-19,1,fog,2600.0,0.0000,0.0000,17,100.850,0.0000,0,0.9513,,0.850,0,
352,4,10,fog-19,1,fog,2700.0,0.0000,0.0000,17,100.850,0.0000,0,0.9494,,0.850,0,
353,4,10,fog-19,1,fog,2800.0,0.0000,0.0000,17,100.850,0.0000,0,0.9475,,0.850,0,
354,4,10,fog-19,1,fog,2900.0,0.0000,0.0000,17,100.850,0.0000,0,0.9456,,0.850,0,
355,4,10,fog-19,1,fog,3000.0,0.0000,0.0000,17,100.850,0.0000,0,0.9438,,0.850,0,
356,4,10,fog-19,1,fog,3100.0,0.0000,0.0000,16,100.800,0.0000,0,0.9419,,0.850,0,
357,4,10,fog-19,1,fog,3200.0,0.0000,0.0000,17,100.850,0.0000,0,0.9400,,0.850,0,
358,4,10,fog-19,1,fog,3300.0,0.0000,0.0000,17,100.850,0.0000,0,0.9381,,0.850,0,
359,4,10,fog-19,1,fog,3400.0,0.0000,0.0000,17,100.850,0.0000,0,0.9363,,0.850,0,
360,4,10,fog-19,1,fog,3500.0,0.0000,0.0000,17,100.850,0.0000,0,0.9344,,0.850,0,
361,4,10,fog-19,1,fog,3600.0,0.0000,0.0000,17,100.850,0.0000,0,0.9325,,0.850,0,
362,4,10,fog-19,1,fog,3700.0,0.0000,0.0000,17,100.850,0.0000,0,0.9306,,0.850,0,
363,4,10,fog-19,1,fog,3800.0,0.0000,0.0000,17,100.850,0.0000,0,0.9288,,0.850,0,
364,4,10,fog-19,1,fog,3900.0,0.0000,0.0000,17,100.850,0.0000,0,0.9269,,0.850,0,
365,4,10,fog-19,1,fog,4000.0,0.0000,0.0000,17,100.850,0.0000,0,0.9250,,0.850,0,
366,4,10,fog-19,1,fog,4100.0,0.0000,0.0000,17,100.850,0.0000,0,0.9231,,0.850,0,
367,4,10,fog-19,1,fog,4200.0,0.0000,0.0000,17,100.850,0.0000,0,0.9213,,0.850,0,
368,4,10,fog-19,1,fog,4300.0,0.0000,0.0000,17,100.850,0.0000,0,0.9194,,0.850,0,
369,4,10,fog-19,1,fog,4400.0,0.0000,0.0000,17,100.850,0.0000,0,0.9175,,0.850,0,
370,4,10,fog-19,1,fog,4500.0,0.0000,0.0000,17,100.850,0.0000,0,0.9156,,0.850,0,
371,4,10,fog-19,1,fog,4600.0,0.0000,0.0000,17,100.850,0.0000,0,0.9138,,0.850,0,
372,4,10,fog-19,1,fog,4700.0,0.0000,0.0000,17,100.850,0.0000,0,0.9119,,0.850,0,
373,4,10,fog-19,1,fog,4800.0,0.0000,0.0000,17,100.850,0.0000,0,0.9100,,0.850,0,
374,4,10,fog-19,1,fog,4900.0,0.0000,0.0000,17,100.850,0.0000,0,0.9081,,0.850,0,
375,4,10,fog-19,1,fog,5000.0,0.0000,0.0000,17,100.850,0.0000,0,0.9063,,0.850,0,
376,4,11,fog-20,1,fog,0.0,0.0000,0.0000,0,100.000,,0,1.0000,,0.850,0,
377,4,11,fog-20,1,fog,100.0,0.0000,0.0000,0,100.000,,0,0.9981,,0.850,0,
378,4,11,fog-20,1,fog,200.0,0.0000,0.0000,0,100.000,,0,0.9963,,0.850,0,
379,4,11,fog-20,1,fog,300.0,0.0000,0.0000,5,100.250,0.0000,0,0.9944,,0.850,0,
380,4,11,fog-20,1,fog,400.0,0.0000,0.0000,17,100.850,0.0000,0,0.9925,,0.850,0,
381,4,11,fog-20,1,fog,500.0,0.0000,0.0000,17,100.850,0.0000,0,0.9906,,0.850,0,
382,4,11,fog-20,1,fog,600.0,0.0000,0.0000,38,101.350,0.5419,0,0.9888,,0.850,0,
383,4,11,fog-20,1,fog,700.0,0.0000,0.0000,17,100.850,0.0000,0,0.9869,,0.850,0,
384,4,11,fog-20,1,fog,800.0,0.0000,0.0000,17,100.850,0.0000,0,0.9850,,0.850,0,
385,4,11,fog-20,1,fog,900.0,0.0000,0.0000,17,100.850,0.0000,0,0.9831,,0.850,0,
386,4,11,fog-20,1,fog,1000.0,0.0000,0.0000,17,100.850,0.0000,0,0.9813,,0.850,0,
387,4,11,fog-20,1,fog,1100.0,0.0000,0.0000,34,101.250,0.5292,0,0.9794,,0.850,0,
388,4,11,fog-20,1,fog,1200.0,0.0000,0.0000,17,100.850,0.0000,0,0.9775,,0.850,0,
389,4,11,fog-20,1,fog,1300.0,0.0000,0.0000,17,100.850,0.0000,0,0.9756,,0.850,0,
390,4,11,fog-20,1,fog,1400.0,0.0000,0.0000,17,100.850,0.0000,0,0.9738,,0.850,0,
391,4,11,fog-20,1,fog,1500.0,0.0000,0.0000,17,100.850,0.0000,0,0.9719,,0.850,0,
392,4,11,fog-20,1,fog,1600.0,0.0000,0.0000,17,100.850,0.0000,0,0.9700,,0.850,0,
393,4,11,fog-20,1,fog,1700.0,0.0000,0.0000,17,100.850,0.0000,0,0.9681,,0.850,0,
394,4,11,fog-20,1,fog,1800.0,0.0000,0.0000,17,100.850,0.0000,0,0.9663,,0.850,0,
395,4,11,fog-20,1,fog,1900.0,0.0000,0.0000,17,100.850,0.0000,0,0.9644,,0.850,0,
396,4,11,fog-20,1,fog,2000.0,0.0000,0.0000,17,100.850,0.0000,0,0.9625,,0.850,0,
397,4,11,fog-20,1,fog,2100.0,0.0000,0.0000,17,100.850,0.0000,0,0.9606,,0.850,0,
398,4,11,fog-20,1,fog,2200.0,0.0000,0.0000,17,100.850,0.0000,0,0.9588,,0.850,0,
399,4,11,fog-20,1,fog,2300.0,0.0000,0.0000,17,100.850,0.0000,0,0.9569,,0.850,0,
400,4,11,fog-20,1,fog,2400.0,0.0000,0.0000,17,100.850,0.0000,0,0.9550,,0.850,0,
401,4,11,fog-20,1,fog,2500.0,0.0000,0.0000,17,100.850,0.0000,0,0.9531,,0.850,0,
402,4,11,fog-20,1,fog,2600.0,0.0000,0.0000,17,100.850,0.0000,0,0.9513,,0.850,0,
403,4,11,fog-20,1,fog,2700.0,0.0000,0.0000,59,101.750,0.8268,0,0.9494,,0.850,0,
404,4,11,fog-20,1,fog,2800.0,0.0000,0.0000,17,100.850,0.0000,0,0.9475,,0.850,0,
405,4,11,fog-20,1,fog,2900.0,0.0000,0.0000,17,100.850,0.0000,0,0.9456,,0.850,0,
406,4,11,fog-20,1,fog,3000.0,0.0000,0.0000,17,100.850,0.0000,0,0.9438,,0.850,0,
407,4,11,fog-20,1,fog,3100.0,0.0000,0.0000,55,101.650,0.7032,0,0.9419,,0.850,0,
408,4,11,fog-20,1,fog,3200.0,0.0000,0.0000,17,100.850,0.0000,0,0.9400,,0.850,0,
409,4,11,fog-20,1,fog,3300.0,0.0000,0.0000,17,100.850,0.0000,0,0.9381,,0.850,0,
410,4,11,fog-20,1,fog,3400.0,0.0000,0.0000,17,100.850,0.0000,0,0.9363,,0.850,0,
411,4,11,fog-20,1,fog,3500.0,0.0000,0.0000,17,100.850,0.0000,0,0.9344,,0.850,0,
412,4,11,fog-20,1,fog,3600.0,0.0000,0.0000,17,100.850,0.0000,0,0.9325,,0.850,0,
413,4,11,fog-20,1,fog,3700.0,0.0000,0.0000,17,100.850,0.0000,0,0.9306,,0.850,0,
414,4,11,fog-20,1,fog,3800.0,0.0000,0.0000,17,100.850,0.0000,0,0.9288,,0.850,0,
415,4,11,fog-20,1,fog,3900.0,0.0000,0.0000,17,100.850,0.0000,0,0.9269,,0.850,0,
416,4,11,fog-20,1,fog,4000.0,0.0000,0.0000,17,100.850,0.0000,0,0.9250,,0.850,0,
417,4,11,fog-20,1,fog,4100.0,0.0000,0.0000,17,100.850,0.0000,0,0.9231,,0.850,0,
418,4,11,fog-20,1,fog,4200.0,0.0000,0.0000,17,100.850,0.0000,0,0.9213,,0.850,0,
419,4,11,fog-20,1,fog,4300.0,0.0000,0.0000,32,101.250,0.5068,0,0.9194,,0.850,0,
420,4,11,fog-20,1,fog,4400.0,0.0000,0.0000,17,100.850,0.0000,0,0.9175,,0.850,0,
421,4,11,fog-20,1,fog,4500.0,0.0000,0.0000,17,100.850,0.0000,0,0.9156,,0.850,0,
422,4,11,fog-20,1,fog,4600.0,0.0000,0.0000,17,100.850,0.0000,0,0.9138,,0.850,0,
423,4,11,fog-20,1,fog,4700.0,0.0000,0.0000,17,100.850,0.0000,0,0.9119,,0.850,0,
424,4,11,fog-20,1,fog,4800.0,0.0000,0.0000,17,100.850,0.0000,0,0.9100,,0.850,0,
425,4,11,fog-20,1,fog,4900.0,0.0000,0.0000,17,100.850,0.0000,0,0.9081,,0.850,0,
426,4,11,fog-20,1,fog,5000.0,0.0000,0.0000,17,100.850,0.0000,0,0.9063,,0.850,0,
427,4,12,fog-21,1,fog,0.0,0.0000,0.0000,0,100.000,,0,1.0000,,0.850,0,2739.9
428,4,12,fog-21,1,fog,100.0,0.0000,0.0000,4,100.200,0.0000,0,0.9981,,0.850,0,2739.9
429,4,12,fog-21,1,fog,200.0,0.0000,0.0000,12,100.450,0.2940,0,0.9963,,0.850,0,2739.9
430,4,12,fog-21,1,fog,300.0,0.0000,0.0000,21,100.750,0.5363,0,0.9944,,0.850,0,2739.9
431,4,12,fog-21,1,fog,400.0,0.0000,0.0000,35,101.300,0.5071,0,0.9925,,0.850,0,2739.9
432,4,12,fog-21,1,fog,500.0,0.0000,0.0000,24,101.150,0.4562,0,0.9906,,0.850,0,2739.9
433,4,12,fog-21,1,fog,600.0,0.0000,0.0000,17,100.850,0.0000,0,0.9888,,0.850,0,2739.9
434,4,12,fog-21,1,fog,700.0,0.0000,0.0000,17,100.850,0.0000,0,0.9869,,0.850,0,2739.9
435,4,12,fog-21,1,fog,800.0,0.0000,0.0000,17,100.850,0.0000,0,0.9850,,0.850,0,2739.9
436,4,12,fog-21,1,fog,900.0,0.0000,0.0000,17,100.850,0.0000,0,0.9831,,0.850,0,2739.9
437,4,12,fog-21,1,fog,1000.0,0.0000,0.0000,38,101.350,0.5425,0,0.9813,,0.850,0,2739.9
438,4,12,fog-21,1,fog,1100.0,0.0000,0.0000,34,101.250,0.5429,0,0.9794,,0.850,0,2739.9
439,4,12,fog-21,1,fog,1200.0,0.0000,0.0000,17,100.850,0.0000,0,0.9775,,0.850,0,2739.9
440,4,12,fog-21,1,fog,1300.0,0.0000,0.0000,59,101.750,0.7676,0,0.9756,,0.850,0,2739.9
441,4,12,fog-21,1,fog,1400.0,0.0000,0.0000,59,101.750,0.7173,0,0.9738,,0.850,0,2739.9
442,4,12,fog-21,1,fog,1500.0,0.0000,0.0000,61,101.800,0.7341,0,0.9719,,0.850,0,2739.9
443,4,12,fog-21,1,fog,1600.0,0.0000,0.0000,32,101.250,0.5206,0,0.9700,,0.850,0,2739.9
444,4,12,fog-21,1,fog,1700.0,0.0000,0.0000,54,101.650,0.7589,0,0.9681,,0.850,0,2739.9
445,4,12,fog-21,1,fog,1800.0,0.0000,0.0000,65,101.900,0.8572,0,0.9663,,0.850,0,2739.9
446,4,12,fog-21,1,fog,1900.0,0.0000,0.0000,32,101.250,0.4870,0,0.9644,,0.850,0,2739.9
447,4,12,fog-21,1,fog,2000.0,0.0000,0.0000,17,100.850,0.0000,0,0.9625,,0.850,0,2739.9
448,4,12,fog-21,1,fog,2100.0,0.0000,0.0000,32,101.250,0.4924,0,0.9606,,0.850,0,2739.9
449,4,12,fog-21,1,fog,2200.0,0.0000,0.0000,17,100.850,0.0000,0,0.9588,,0.850,0,2739.9
450,4,12,fog-21,1,fog,2300.0,0.0000,0.0000,17,100.850,0.0000,0,0.9569,,0.850,0,2739.9
451,4,12,fog-21,1,fog,2400.0,0.0000,0.0000,17,100.850,0.0000,0,0.9550,,0.850,0,2739.9
452,4,12,fog-21,1,fog,2500.0,0.0000,0.0000,17,100.850,0.0000,0,0.9531,,0.850,0,2739.9
453,4,12,fog-21,1,fog,2600.0,0.0000,0.0000,17,100.850,0.0000,0,0.9513,,0.850,1,2739.9
454,4,12,fog-21,1,fog,2700.0,0.0000,0.0000,17,100.850,0.0000,0,0.9494,,0.850,1,2739.9
455,4,13,fog-22,1,fog,0.0,0.0000,0.0000,0,100.000,,0,1.0000,,0.850,0,
456,4,13,fog-22,1,fog,100.0,0.0000,0.0000,4,100.200,0.0000,0,0.9981,,0.850,0,
457,4,13,fog-22,1,fog,200.0,0.0000,0.0000,30,100.900,0.9316,0,0.9963,,0.850,0,
458,4,13,fog-22,1,fog,300.0,0.0000,0.0000,39,101.150,0.9940,0,0.9944,,0.850,0,
459,4,13,fog-22,1,fog,400.0,0.0000,0.0000,35,101.300,0.5067,0,0.9925,,0.850,0,
460,4,13,fog-22,1,fog,500.0,0.0000,0.0000,54,101.650,0.7879,0,0.9906,,0.850,0,
461,4,13,fog-22,1,fog,600.0,0.0000,0.0000,49,101.550,0.7319,0,0.9888,,0.850,0,
462,4,13,fog-22,1,fog,700.0,0.0000,0.0000,32,101.250,0.4982,0,0.9869,,0.850,0,
463,4,13,fog-22,1,fog,800.0,0.0000,0.0000,17,100.850,0.0000,0,0.9850,,0.850,0,
464,4,13,fog-22,1,fog,900.0,0.0000,0.0000,35,101.300,0.5250,0,0.9831,,0.850,0,
465,4,13,fog-22,1,fog,1000.0,0.0000,0.0000,17,100.850,0.0000,0,0.9813,,0.850,0,
466,4,13,fog-22,1,fog,1100.0,0.0000,0.0000,16,100.800,0.0000,0,0.9794,,0.850,0,
467,4,13,fog-22,1,fog,1200.0,0.0000,0.0000,38,101.350,0.5336,0,0.9775,,0.850,0,
468,4,13,fog-22,1,fog,1300.0,0.0000,0.0000,35,101.300,0.5292,0,0.9756,,0.850,0,
469,4,13,fog-22,1,fog,1400.0,0.0000,0.0000,61,101.800,0.8447,0,0.9738,,0.850,0,
470,4,13,fog-22,1,fog,1500.0,0.0000,0.0000,17,100.850,0.0000,0,0.9719,,0.850,0,
471,4,13,fog-22,1,fog,1600.0,0.0000,0.0000,17,100.850,0.0000,0,0.9700,,0.850,0,
472,4,13,fog-22,1,fog,1700.0,0.0000,0.0000,17,100.850,0.0000,0,0.9681,,0.850,0,
473,4,13,fog-22,1,fog,1800.0,0.0000,0.0000,17,100.850,0.0000,0,0.9663,,0.850,0,
474,4,13,fog-22,1,fog,1900.0,0.0000,0.0000,17,100.850,0.0000,0,0.9644,,0.850,0,
475,4,13,fog-22,1,fog,2000.0,0.0000,0.0000,17,100.850,0.0000,0,0.9625,,0.850,0,
476,4,13,fog-22,1,fog,2100.0,0.0000,0.0000,38,101.350,0.5402,0,0.9606,,0.850,0,
477,4,13,fog-22,1,fog,2200.0,0.0000,0.0000,56,101.700,0.7900,0,0.9588,,0.850,0,
478,4,13,fog-22,1,fog,2300.0,0.0000,0.0000,72,102.050,0.8820,0,0.9569,,0.850,0,
479,4,13,fog-22,1,fog,2400.0,0.0000,0.0000,59,101.750,0.7511,0,0.9550,,0.850,0,
480,4,13,fog-22,1,fog,2500.0,0.0000,0.0000,61,101.800,0.7666,0,0.9531,,0.850,0,
481,4,13,fog-22,1,fog,2600.0,0.0000,0.0000,76,102.150,0.9075,0,0.9513,,0.850,0,
482,4,13,fog-22,1,fog,2700.0,0.0000,0.0000,79,102.200,0.9372,0,0.9494,,0.850,0,
483,4,13,fog-22,1,fog,2800.0,0.0000,0.0000,32,101.250,0.4769,0,0.9475,,0.850,0,
484,4,13,fog-22,1,fog,2900.0,0.0000,0.0000,32,101.250,0.5070,0,0.9456,,0.850,0,
485,4,13,fog-22,1,fog,3000.0,0.0000,0.0000,24,101.150,0.4877,0,0.9438,,0.850,0,
486,4,13,fog-22,1,fog,3100.0,0.0000,0.0000,37,101.300,0.5284,0,0.9419,,0.850,0,
487,4,13,fog-22,1,fog,3200.0,0.0000,0.0000,61,101.800,0.7480,0,0.9400,,0.850,0,
488,4,13,fog-22,1,fog,3300.0,0.0000,0.0000,95,102.600,1.0000,0,0.9381,,0.850,0,
489,4,13,fog-22,1,fog,3400.0,0.0000,0.0000,65,101.900,0.8526,0,0.9363,,0.850,0,
490,4,13,fog-22,1,fog,3500.0,0.0000,0.0000,120,103.200,1.0000,0,0.9344,,0.850,0,
491,4,13,fog-22,1,fog,3600.0,0.0000,0.0000,122,103.250,1.0000,0,0.9325,,0.850,0,
492,4,13,fog-22,1,fog,3700.0,0.0000,0.0000,112,103.000,1.0000,0,0.9306,,0.850,0,
493,4,13,fog-22,1,fog,3800.0,0.0000,0.0000,38,101.350,0.5338,0,0.9288,,0.850,0,
494,4,13,fog-22,1,fog,3900.0,0.0000,0.0000,35,101.300,0.5057,0,0.9269,,0.850,0,
495,4,13,fog-22,1,fog,4000.0,0.0000,0.0000,38,101.350,0.5349,0,0.9250,,0.850,0,
496,4,13,fog-22,1,fog,4100.0,0.0000,0.0000,17,100.850,0.0000,0,0.9231,,0.850,0,
497,4,13,fog-22,1,fog,4200.0,0.0000,0.0000,17,100.850,0.0000,0,0.9213,,0.850,0,
498,4,13,fog-22,1,fog,4300.0,0.0000,0.0000,17,100.850,0.0000,0,0.9194,,0.850,0,
499,4,13,fog-22,1,fog,4400.0,0.0000,0.0000,38,101.350,0.5392,0,0.9175,,0.850,0,
500,4,13,fog-22,1,fog,4500.0,0.0000,0.0000,17,100.850,0.0000,0,0.9156,,0.850,0,
501,4,13,fog-22,1,fog,4600.0,0.0000,0.0000,17,100.850,0.0000,0,0.9138,,0.850,0,
502,4,13,fog-22,1,fog,4700.0,0.0000,0.0000,38,101.350,0.5320,0,0.9119,,0.850,0,
503,4,13,fog-22,1,fog,4800.0,0.0000,0.0000,17,100.850,0.0000,0,0.9100,,0.850,0,
504,4,13,fog-22,1,fog,4900.0,0.0000,0.0000,17,100.850,0.0000,0,0.9081,,0.850,0,
505,4,13,fog-22,1,fog,5000.0,0.0000,0.0000,34,101.250,0.5176,0,0.9063,,0.850,0,
506,4,14,fog-23,1,fog,0.0,0.0000,0.0000,0,100.000,,0,1.0000,,0.850,0,
507,4,14,fog-23,1,fog,100.0,0.0000,0.0000,0,100.000,,0,0.9981,,0.850,0,
508,4,14,fog-23,1,fog,200.0,0.0000,0.0000,0,100.000,,0,0.9963,,0.850,0,
509,4,14,fog-23,1,fog,300.0,0.0000,0.0000,5,100.250,0.0000,0,0.9944,,0.850,0,
510,4,14,fog-23,1,fog,400.0,0.0000,0.0000,17,100.850,0.0000,0,0.9925,,0.850,0,
511,4,14,fog-23,1,fog,500.0,0.0000,0.0000,17,100.850,0.0000,0,0.9906,,0.850,0,
512,4,14,fog-23,1,fog,600.0,0.0000,0.0000,17,100.850,0.0000,0,0.9888,,0.850,0,
513,4,14,fog-23,1,fog,700.0,0.0000,0.0000,17,100.850,0.0000,0,0.9869,,0.850,0,
514,4,14,fog-23,1,fog,800.0,0.0000,0.0000,17,100.850,0.0000,0,0.9850,,0.850,0,
515,4,14,fog-23,1,fog,900.0,0.0000,0.0000,17,100.850,0.0000,0,0.9831,,0.850,0,
516,4,14,fog-23,1,fog,1000.0,0.0000,0.0000,17,100.850,0.0000,0,0.9813,,0.850,0,
517,4,14,fog-23,1,fog,1100.0,0.0000,0.0000,16,100.800,0.0000,0,0.9794,,0.850,0,
518,4,14,fog-23,1,fog,1200.0,0.0000,0.0000,17,100.850,0.0000,0,0.9775,,0.850,0,
519,4,14,fog-23,1,fog,1300.0,0.0000,0.0000,17,100.850,0.0000,0,0.9756,,0.850,0,
520,4,14,fog-23,1,fog,1400.0,0.0000,0.0000,17,100.850,0.0000,0,0.9738,,0.850,0,
521,4,14,fog-23,1,fog,1500.0,0.0000,0.0000,17,100.850,0.0000,0,0.9719,,0.850,0,
522,4,14,fog-23,1,fog,1600.0,0.0000,0.0000,17,100.850,0.0000,0,0.9700,,0.850,0,
523,4,14,fog-23,1,fog,1700.0,0.0000,0.0000,17,100.850,0.0000,0,0.9681,,0.850,0,
524,4,14,fog-23,1,fog,1800.0,0.0000,0.0000,17,100.850,0.0000,0,0.9663,,0.850,0,
525,4,14,fog-23,1,fog,1900.0,0.0000,0.0000,17,100.850,0.0000,0,0.9644,,0.850,0,
526,4,14,fog-23,1,fog,2000.0,0.0000,0.0000,17,100.850,0.0000,0,0.9625,,0.850,0,
527,4,14,fog-23,1,fog,2100.0,0.0000,0.0000,17,100.850,0.0000,0,0.9606,,0.850,0,
528,4,14,fog-23,1,fog,2200.0,0.0000,0.0000,17,100.850,0.0000,0,0.9588,,0.850,0,
529,4,14,fog-23,1,fog,2300.0,0.0000,0.0000,17,100.850,0.0000,0,0.9569,,0.850,0,
530,4,14,fog-23,1,fog,2400.0,0.0000,0.0000,17,100.850,0.0000,0,0.9550,,0.850,0,
531,4,14,fog-23,1,fog,2500.0,0.0000,0.0000,17,100.850,0.0000,0,0.9531,,0.850,0,
532,4,14,fog-23,1,fog,2600.0,0.0000,0.0000,17,100.850,0.0000,0,0.9513,,0.850,0,
533,4,14,fog-23,1,fog,2700.0,0.0000,0.0000,17,100.850,0.0000,0,0.9494,,0.850,0,
534,4,14,fog-23,1,fog,2800.0,0.0000,0.0000,17,100.850,0.0000,0,0.9475,,0.850,0,
535,4,14,fog-23,1,fog,2900.0,0.0000,0.0000,17,100.850,0.0000,0,0.9456,,0.850,0,
536,4,14,fog-23,1,fog,3000.0,0.0000,0.0000,17,100.850,0.0000,0,0.9438,,0.850,0,
537,4,14,fog-23,1,fog,3100.0,0.0000,0.0000,16,100.800,0.0000,0,0.9419,,0.850,0,
538,4,14,fog-23,1,fog,3200.0,0.0000,0.0000,17,100.850,0.0000,0,0.9400,,0.850,0,
539,4,14,fog-23,1,fog,3300.0,0.0000,0.0000,17,100.850,0.0000,0,0.9381,,0.850,0,
540,4,14,fog-23,1,fog,3400.0,0.0000,0.0000,17,100.850,0.0000,0,0.9363,,0.850,0,
541,4,14,fog-23,1,fog,3500.0,0.0000,0.0000,17,100.850,0.0000,0,0.9344,,0.850,0,
542,4,14,fog-23,1,fog,3600.0,0.0000,0.0000,17,100.850,0.0000,0,0.9325,,0.850,0,
543,4,14,fog-23,1,fog,3700.0,0.0000,0.0000,17,100.850,0.0000,0,0.9306,,0.850,0,
544,4,14,fog-23,1,fog,3800.0,0.0000,0.0000,17,100.850,0.0000,0,0.9288,,0.850,0,
545,4,14,fog-23,1,fog,3900.0,0.0000,0.0000,17,100.850,0.0000,0,0.9269,,0.850,0,
546,4,14,fog-23,1,fog,4000.0,0.0000,0.0000,17,100.850,0.0000,0,0.9250,,0.850,0,
547,4,14,fog-23,1,fog,4100.0,0.0000,0.0000,17,100.850,0.0000,0,0.9231,,0.850,0,
548,4,14,fog-23,1,fog,4200.0,0.0000,0.0000,17,100.850,0.0000,0,0.9213,,0.850,0,
549,4,14,fog-23,1,fog,4300.0,0.0000,0.0000,17,100.850,0.0000,0,0.9194,,0.850,0,
550,4,14,fog-23,1,fog,4400.0,0.0000,0.0000,17,100.850,0.0000,0,0.9175,,0.850,0,
551,4,14,fog-23,1,fog,4500.0,0.0000,0.0000,17,100.850,0.0000,0,0.9156,,0.850,0,
552,4,14,fog-23,1,fog,4600.0,0.0000,0.0000,17,100.850,0.0000,0,0.9138,,0.850,0,
553,4,14,fog-23,1,fog,4700.0,0.0000,0.0000,17,100.850,0.0000,0,0.9119,,0.850,0,
554,4,14,fog-23,1,fog,4800.0,0.0000,0.0000,17,100.850,0.0000,0,0.9100,,0.850,0,
555,4,14,fog-23,1,fog,4900.0,0.0000,0.0000,17,100.850,0.0000,0,0.9081,,0.850,0,
556,4,14,fog-23,1,fog,5000.0,0.0000,0.0000,16,100.800,0.0000,0,0.9063,,0.850,0,
557,4,15,fog-24,1,fog,0.0,0.0000,0.0000,0,100.000,,0,1.0000,,0.850,0,
558,4,15,fog-24,1,fog,100.0,0.0000,0.0000,0,100.000,,0,0.9981,,0.850,0,
559,4,15,fog-24,1,fog,200.0,0.0000,0.0000,0,100.000,,0,0.9963,,0.850,0,
560,4,15,fog-24,1,fog,300.0,0.0000,0.0000,5,100.250,0.0000,0,0.9944,,0.850,0,
561,4,15,fog-24,1,fog,400.0,0.0000,0.0000,17,100.850,0.0000,0,0.9925,,0.850,0,
562,4,15,fog-24,1,fog,500.0,0.0000,0.0000,17,100.850,0.0000,0,0.9906,,0.850,0,
563,4,15,fog-24,1,fog,600.0,0.0000,0.0000,17,100.850,0.0000,0,0.9888,,0.850,0,
564,4,15,fog-24,1,fog,700.0,0.0000,0.0000,17,100.850,0.0000,0,0.9869,,0.850,0,
565,4,15,fog-24,1,fog,800.0,0.0000,0.0000,17,100.850,0.0000,0,0.9850,,0.850,0,
566,4,15,fog-24,1,fog,900.0,0.0000,0.0000,17,100.850,0.0000,0,0.9831,,0.850,0,
567,4,15,fog-24,1,fog,1000.0,0.0000,0.0000,17,100.850,0.0000,0,0.9813,,0.850,0,
568,4,15,fog-24,1,fog,1100.0,0.0000,0.0000,16,100.800,0.0000,0,0.9794,,0.850,0,
569,4,15,fog-24,1,fog,1200.0,0.0000,0.0000,17,100.850,0.0000,0,0.9775,,0.850,0,
570,4,15,fog-24,1,fog,1300.0,0.0000,0.0000,17,100.850,0.0000,0,0.9756,,0.850,0,
571,4,15,fog-24,1,fog,1400.0,0.0000,0.0000,17,100.850,0.0000,0,0.9738,,0.850,0,
572,4,15,fog-24,1,fog,1500.0,0.0000,0.0000,17,100.850,0.0000,0,0.9719,,0.850,0,
573,4,15,fog-24,1,fog,1600.0,0.0000,0.0000,17,100.850,0.0000,0,0.9700,,0.850,0,
574,4,15,fog-24,1,fog,1700.0,0.0000,0.0000,17,100.850,0.0000,0,0.9681,,0.850,0,
575,4,15,fog-24,1,fog,1800.0,0.0000,0.0000,17,100.850,0.0000,0,0.9663,,0.850,0,
576,4,15,fog-24,1,fog,1900.0,0.0000,0.0000,17,100.850,0.0000,0,0.9644,,0.850,0,
577,4,15,fog-24,1,fog,2000.0,0.0000,0.0000,17,100.850,0.0000,0,0.9625,,0.850,0,
578,4,15,fog-24,1,fog,2100.0,0.0000,0.0000,17,100.850,0.0000,0,0.9606,,0.850,0,
579,4,15,fog-24,1,fog,2200.0,0.0000,0.0000,17,100.850,0.0000,0,0.9588,,0.850,0,
580,4,15,fog-24,1,fog,2300.0,0.0000,0.0000,17,100.850,0.0000,0,0.9569,,0.850,0,
581,4,15,fog-24,1,fog,2400.0,0.0000,0.0000,17,100.850,0.0000,0,0.9550,,0.850,0,
582,4,15,fog-24,1,fog,2500.0,0.0000,0.0000,17,100.850,0.0000,0,0.9531,,0.850,0,
583,4,15,fog-24,1,fog,2600.0,0.0000,0.0000,17,100.850,0.0000,0,0.9513,,0.850,0,
584,4,15,fog-24,1,fog,2700.0,0.0000,0.0000,17,100.850,0.0000,0,0.9494,,0.850,0,
585,4,15,fog-24,1,fog,2800.0,0.0000,0.0000,17,100.850,0.0000,0,0.9475,,0.850,0,
586,4,15,fog-24,1,fog,2900.0,0.0000,0.0000,17,100.850,0.0000,0,0.9456,,0.850,0,
587,4,15,fog-24,1,fog,3000.0,0.0000,0.0000,16,100.800,0.0000,0,0.9438,,0.850,0,
588,4,15,fog-24,1,fog,3100.0,0.0000,0.0000,17,100.850,0.0000,0,0.9419,,0.850,0,
589,4,15,fog-24,1,fog,3200.0,0.0000,0.0000,17,100.850,0.0000,0,0.9400,,0.850,0,
590,4,15,fog-24,1,fog,3300.0,0.0000,0.0000,17,100.850,0.0000,0,0.9381,,0.850,0,
591,4,15,fog-24,1,fog,3400.0,0.0000,0.0000,17,100.850,0.0000,0,0.9363,,0.850,0,
592,4,15,fog-24,1,fog,3500.0,0.0000,0.0000,17,100.850,0.0000,0,0.9344,,0.850,0,
593,4,15,fog-24,1,fog,3600.0,0.0000,0.0000,17,100.850,0.0000,0,0.9325,,0.850,0,
594,4,15,fog-24,1,fog,3700.0,0.0000,0.0000,17,100.850,0.0000,0,0.9306,,0.850,0,
595,4,15,fog-24,1,fog,3800.0,0.0000,0.0000,17,100.850,0.0000,0,0.9288,,0.850,0,
596,4,15,fog-24,1,fog,3900.0,0.0000,0.0000,17,100.850,0.0000,0,0.9269,,0.850,0,
597,4,15,fog-24,1,fog,4000.0,0.0000,0.0000,17,100.850,0.0000,0,0.9250,,0.850,0,
598,4,15,fog-24,1,fog,4100.0,0.0000,0.0000,17,100.850,0.0000,0,0.9231,,0.850,0,
599,4,15,fog-24,1,fog,4200.0,0.0000,0.0000,17,100.850,0.0000,0,0.9213,,0.850,0,
600,4,15,fog-24,1,fog,4300.0,0.0000,0.0000,17,100.850,0.0000,0,0.9194,,0.850,0,
601,4,15,fog-24,1,fog,4400.0,0.0000,0.0000,17,100.850,0.0000,0,0.9175,,0.850,0,
602,4,15,fog-24,1,fog,4500.0,0.0000,0.0000,17,100.850,0.0000,0,0.9156,,0.850,0,
603,4,15,fog-24,1,fog,4600.0,0.0000,0.0000,17,100.850,0.0000,0,0.9138,,0.850,0,
604,4,15,fog-24,1,fog,4700.0,0.0000,0.0000,17,100.850,0.0000,0,0.9119,,0.850,0,
605,4,15,fog-24,1,fog,4800.0,0.0000,0.0000,17,100.850,0.0000,0,0.9100,,0.850,0,
606,4,15,fog-24,1,fog,4900.0,0.0000,0.0000,17,100.850,0.0000,0,0.9081,,0.850,0,
607,4,15,fog-24,1,fog,5000.0,0.0000,0.0000,16,100.800,0.0000,0,0.9063,,0.850,0,
608,4,16,fog-25,1,fog,0.0,0.0000,0.0000,0,100.000,,0,1.0000,,0.850,0,
609,4,16,fog-25,1,fog,100.0,0.0000,0.0000,0,100.000,,0,0.9981,,0.850,0,
610,4,16,fog-25,1,fog,200.0,0.0000,0.0000,0,100.000,,0,0.9963,,0.850,0,
611,4,16,fog-25,1,fog,300.0,0.0000,0.0000,5,100.250,0.0000,0,0.9944,,0.850,0,
612,4,16,fog-25,1,fog,400.0,0.0000,0.0000,17,100.850,0.0000,0,0.9925,,0.850,0,
613,4,16,fog-25,1,fog,500.0,0.0000,0.0000,17,100.850,0.0000,0,0.9906,,0.850,0,
614,4,16,fog-25,1,fog,600.0,0.0000,0.0000,17,100.850,0.0000,0,0.9888,,0.850,0,
615,4,16,fog-25,1,fog,700.0,0.0000,0.0000,35,101.300,0.5433,0,0.9869,,0.850,0,
616,4,16,fog-25,1,fog,800.0,0.0000,0.0000,17,100.850,0.0000,0,0.9850,,0.850,0,
617,4,16,fog-25,1,fog,900.0,0.0000,0.0000,17,100.850,0.0000,0,0.9831,,0.850,0,
618,4,16,fog-25,1,fog,1000.0,0.0000,0.0000,32,101.250,0.4998,0,0.9813,,0.850,0,
619,4,16,fog-25,1,fog,1100.0,0.0000,0.0000,16,100.800,0.0000,0,0.9794,,0.850,0,
620,4,16,fog-25,1,fog,1200.0,0.0000,0.0000,17,100.850,0.0000,0,0.9775,,0.850,0,
621,4,16,fog-25,1,fog,1300.0,0.0000,0.0000,17,100.850,0.0000,0,0.9756,,0.850,0,
622,4,16,fog-25,1,fog,1400.0,0.0000,0.0000,17,100.850,0.0000,0,0.9738,,0.850,0,
623,4,16,fog-25,1,fog,1500.0,0.0000,0.0000,17,100.850,0.0000,0,0.9719,,0.850,0,
624,4,16,fog-25,1,fog,1600.0,0.0000,0.0000,17,100.850,0.0000,0,0.9700,,0.850,0,
625,4,16,fog-25,1,fog,1700.0,0.0000,0.0000,17,100.850,0.0000,0,0.9681,,0.850,0,
626,4,16,fog-25,1,fog,1800.0,0.0000,0.0000,35,101.300,0.5210,0,0.9663,,0.850,0,
627,4,16,fog-25,1,fog,1900.0,0.0000,0.0000,17,100.850,0.0000,0,0.9644,,0.850,0,
628,4,16,fog-25,1,fog,2000.0,0.0000,0.0000,17,100.850,0.0000,0,0.9625,,0.850,0,
629,4,16,fog-25,1,fog,2100.0,0.0000,0.0000,17,100.850,0.0000,0,0.9606,,0.850,0,
630,4,16,fog-25,1,fog,2200.0,0.0000,0.0000,17,100.850,0.0000,0,0.9588,,0.850,0,
631,4,16,fog-25,1,fog,2300.0,0.0000,0.0000,17,100.850,0.0000,0,0.9569,,0.850,0,
632,4,16,fog-25,1,fog,2400.0,0.0000,0.0000,17,100.850,0.0000,0,0.9550,,0.850,0,
633,4,16,fog-25,1,fog,2500.0,0.0000,0.0000,17,100.850,0.0000,0,0.9531,,0.850,0,
634,4,16,fog-25,1,fog,2600.0,0.0000,0.0000,17,100.850,0.0000,0,0.9513,,0.850,0,
635,4,16,fog-25,1,fog,2700.0,0.0000,0.0000,17,100.850,0.0000,0,0.9494,,0.850,0,
636,4,16,fog-25,1,fog,2800.0,0.0000,0.0000,17,100.850,0.0000,0,0.9475,,0.850,0,
637,4,16,fog-25,1,fog,2900.0,0.0000,0.0000,17,100.850,0.0000,0,0.9456,,0.850,0,
638,4,16,fog-25,1,fog,3000.0,0.0000,0.0000,16,100.800,0.0000,0,0.9438,,0.850,0,
639,4,16,fog-25,1,fog,3100.0,0.0000,0.0000,17,100.850,0.0000,0,0.9419,,0.850,0,
640,4,16,fog-25,1,fog,3200.0,0.0000,0.0000,17,100.850,0.0000,0,0.9400,,0.850,0,
641,4,16,fog-25,1,fog,3300.0,0.0000,0.0000,17,100.850,0.0000,0,0.9381,,0.850,0,
642,4,16,fog-25,1,fog,3400.0,0.0000,0.0000,17,100.850,0.0000,0,0.9363,,0.850,0,
643,4,16,fog-25,1,fog,3500.0,0.0000,0.0000,17,100.850,0.0000,0,0.9344,,0.850,0,
644,4,16,fog-25,1,fog,3600.0,0.0000,0.0000,17,100.850,0.0000,0,0.9325,,0.850,0,
645,4,16,fog-25,1,fog,3700.0,0.0000,0.0000,17,100.850,0.0000,0,0.9306,,0.850,0,
646,4,16,fog-25,1,fog,3800.0,0.0000,0.0000,17,100.850,0.0000,0,0.9288,,0.850,0,
647,4,16,fog-25,1,fog,3900.0,0.0000,0.0000,17,100.850,0.0000,0,0.9269,,0.850,0,
648,4,16,fog-25,1,fog,4000.0,0.0000,0.0000,38,101.350,0.5394,0,0.9250,,0.850,0,
649,4,16,fog-25,1,fog,4100.0,0.0000,0.0000,17,100.850,0.0000,0,0.9231,,0.850,0,
650,4,16,fog-25,1,fog,4200.0,0.0000,0.0000,17,100.850,0.0000,0,0.9213,,0.850,0,
651,4,16,fog-25,1,fog,4300.0,0.0000,0.0000,17,100.850,0.0000,0,0.9194,,0.850,0,
652,4,16,fog-25,1,fog,4400.0,0.0000,0.0000,17,100.850,0.0000,0,0.9175,,0.850,0,
653,4,16,fog-25,1,fog,4500.0,0.0000,0.0000,32,101.250,0.4974,0,0.9156,,0.850,0,
654,4,16,fog-25,1,fog,4600.0,0.0000,0.0000,17,100.850,0.0000,0,0.9138,,0.850,0,
655,4,16,fog-25,1,fog,4700.0,0.0000,0.0000,17,100.850,0.0000,0,0.9119,,0.850,0,
656,4,16,fog-25,1,fog,4800.0,0.0000,0.0000,17,100.850,0.0000,0,0.9100,,0.850,0,
657,4,16,fog-25,1,fog,4900.0,0.0000,0.0000,61,101.800,0.8545,0,0.9081,,0.850,0,
658,4,16,fog-25,1,fog,5000.0,0.0000,0.0000,16,100.800,0.0000,0,0.9063,,0.850,0,
659,4,17,fog-26,1,fog,0.0,0.0000,0.0000,0,100.000,,0,1.0000,,0.850,0,
660,4,17,fog-26,1,fog,100.0,0.0000,0.0000,4,100.200,0.0000,0,0.9981,,0.850,0,
661,4,17,fog-26,1,fog,200.0,0.0000,0.0000,0,100.000,,0,0.9963,,0.850,0,
662,4,17,fog-26,1,fog,300.0,0.0000,0.0000,5,100.250,0.0000,0,0.9944,,0.850,0,
663,4,17,fog-26,1,fog,400.0,0.0000,0.0000,17,100.850,0.0000,0,0.9925,,0.850,0,
664,4,17,fog-26,1,fog,500.0,0.0000,0.0000,17,100.850,0.0000,0,0.9906,,0.850,0,
665,4,17,fog-26,1,fog,600.0,0.0000,0.0000,35,101.300,0.5124,0,0.9888,,0.850,0,
666,4,17,fog-26,1,fog,700.0,0.0000,0.0000,17,100.850,0.0000,0,0.9869,,0.850,0,
667,4,17,fog-26,1,fog,800.0,0.0000,0.0000,38,101.350,0.5426,0,0.9850,,0.850,0,
668,4,17,fog-26,1,fog,900.0,0.0000,0.0000,28,101.200,0.5104,0,0.9831,,0.850,0,
669,4,17,fog-26,1,fog,1000.0,0.0000,0.0000,16,100.800,0.0000,0,0.9813,,0.850,0,
670,4,17,fog-26,1,fog,1100.0,0.0000,0.0000,17,100.850,0.0000,0,0.9794,,0.850,0,
671,4,17,fog-26,1,fog,1200.0,0.0000,0.0000,17,100.850,0.0000,0,0.9775,,0.850,0,
672,4,17,fog-26,1,fog,1300.0,0.0000,0.0000,35,101.300,0.4856,0,0.9756,,0.850,0,
673,4,17,fog-26,1,fog,1400.0,0.0000,0.0000,17,100.850,0.0000,0,0.9738,,0.850,0,
674,4,17,fog-26,1,fog,1500.0,0.0000,0.0000,17,100.850,0.0000,0,0.9719,,0.850,0,
675,4,17,fog-26,1,fog,1600.0,0.0000,0.0000,17,100.850,0.0000,0,0.9700,,0.850,0,
676,4,17,fog-26,1,fog,1700.0,0.0000,0.0000,35,101.300,0.4866,0,0.9681,,0.850,0,
677,4,17,fog-26,1,fog,1800.0,0.0000,0.0000,17,100.850,0.0000,0,0.9663,,0.850,0,
678,4,17,fog-26,1,fog,1900.0,0.0000,0.0000,17,100.850,0.0000,0,0.9644,,0.850,0,
679,4,17,fog-26,1,fog,2000.0,0.0000,0.0000,17,100.850,0.0000,0,0.9625,,0.850,0,
680,4,17,fog-26,1,fog,2100.0,0.0000,0.0000,17,100.850,0.0000,0,0.9606,,0.850,0,
681,4,17,fog-26,1,fog,2200.0,0.0000,0.0000,17,100.850,0.0000,0,0.9588,,0.850,0,
682,4,17,fog-26,1,fog,2300.0,0.0000,0.0000,17,100.850,0.0000,0,0.9569,,0.850,0,
683,4,17,fog-26,1,fog,2400.0,0.0000,0.0000,17,100.850,0.0000,0,0.9550,,0.850,0,
684,4,17,fog-26,1,fog,2500.0,0.0000,0.0000,17,100.850,0.0000,0,0.9531,,0.850,0,
685,4,17,fog-26,1,fog,2600.0,0.0000,0.0000,17,100.850,0.0000,0,0.9513,,0.850,0,
686,4,17,fog-26,1,fog,2700.0,0.0000,0.0000,17,100.850,0.0000,0,0.9494,,0.850,0,
687,4,17,fog-26,1,fog,2800.0,0.0000,0.0000,17,100.850,0.0000,0,0.9475,,0.850,0,
688,4,17,fog-26,1,fog,2900.0,0.0000,0.0000,81,102.250,0.9994,0,0.9456,,0.850,0,
689,4,17,fog-26,1,fog,3000.0,0.0000,0.0000,37,101.300,0.5372,0,0.9438,,0.850,0,
690,4,17,fog-26,1,fog,3100.0,0.0000,0.0000,17,100.850,0.0000,0,0.9419,,0.850,0,
691,4,17,fog-26,1,fog,3200.0,0.0000,0.0000,17,100.850,0.0000,0,0.9400,,0.850,0,
692,4,17,fog-26,1,fog,3300.0,0.0000,0.0000,59,101.750,0.7493,0,0.9381,,0.850,0,
693,4,17,fog-26,1,fog,3400.0,0.0000,0.0000,17,100.850,0.0000,0,0.9363,,0.850,0,
694,4,17,fog-26,1,fog,3500.0,0.0000,0.0000,17,100.850,0.0000,0,0.9344,,0.850,0,
695,4,17,fog-26,1,fog,3600.0,0.0000,0.0000,17,100.850,0.0000,0,0.9325,,0.850,0,
696,4,17,fog-26,1,fog,3700.0,0.0000,0.0000,17,100.850,0.0000,0,0.9306,,0.850,0,
697,4,17,fog-26,1,fog,3800.0,0.0000,0.0000,17,100.850,0.0000,0,0.9288,,0.850,0,
698,4,17,fog-26,1,fog,3900.0,0.0000,0.0000,32,101.250,0.5068,0,0.9269,,0.850,0,
699,4,17,fog-26,1,fog,4000.0,0.0000,0.0000,35,101.300,0.4967,0,0.9250,,0.850,0,
700,4,17,fog-26,1,fog,4100.0,0.0000,0.0000,17,100.850,0.0000,0,0.9231,,0.850,0,
701,4,17,fog-26,1,fog,4200.0,0.0000,0.0000,17,100.850,0.0000,0,0.9213,,0.850,0,
702,4,17,fog-26,1,fog,4300.0,0.0000,0.0000,17,100.850,0.0000,0,0.9194,,0.850,0,
703,4,17,fog-26,1,fog,4400.0,0.0000,0.0000,41,101.400,0.5473,0,0.9175,,0.850,0,
704,4,17,fog-26,1,fog,4500.0,0.0000,0.0000,35,101.300,0.4946,0,0.9156,,0.850,0,
705,4,17,fog-26,1,fog,4600.0,0.0000,0.0000,17,100.850,0.0000,0,0.9138,,0.850,0,
706,4,17,fog-26,1,fog,4700.0,0.0000,0.0000,17,100.850,0.0000,0,0.9119,,0.850,0,
707,4,17,fog-26,1,fog,4800.0,0.0000,0.0000,56,101.700,0.7576,0,0.9100,,0.850,0,
708,4,17,fog-26,1,fog,4900.0,0.0000,0.0000,17,100.850,0.0000,0,0.9081,,0.850,0,
709,4,17,fog-26,1,fog,5000.0,0.0000,0.0000,16,100.800,0.0000,0,0.9063,,0.850,0,
710,4,18,fog-27,1,fog,0.0,0.0000,0.0000,0,100.000,,0,1.0000,,0.850,0,
711,4,18,fog-27,1,fog,100.0,0.0000,0.0000,0,100.000,,0,0.9981,,0.850,0,
712,4,18,fog-27,1,fog,200.0,0.0000,0.0000,0,100.000,,0,0.9963,,0.850,0,
713,4,18,fog-27,1,fog,300.0,0.0000,0.0000,5,100.250,0.0000,0,0.9944,,0.850,0,
714,4,18,fog-27,1,fog,400.0,0.0000,0.0000,35,101.300,0.4924,0,0.9925,,0.850,0,
715,4,18,fog-27,1,fog,500.0,0.0000,0.0000,38,101.350,0.5422,0,0.9906,,0.850,0,
716,4,18,fog-27,1,fog,600.0,0.0000,0.0000,38,101.350,0.5448,0,0.9888,,0.850,0,
717,4,18,fog-27,1,fog,700.0,0.0000,0.0000,17,100.850,0.0000,0,0.9869,,0.850,0,
718,4,18,fog-27,1,fog,800.0,0.0000,0.0000,17,100.850,0.0000,0,0.9850,,0.850,0,
719,4,18,fog-27,1,fog,900.0,0.0000,0.0000,17,100.850,0.0000,0,0.9831,,0.850,0,
720,4,18,fog-27,1,fog,1000.0,0.0000,0.0000,16,100.800,0.0000,0,0.9813,,0.850,0,
721,4,18,fog-27,1,fog,1100.0,0.0000,0.0000,17,100.850,0.0000,0,0.9794,,0.850,0,
722,4,18,fog-27,1,fog,1200.0,0.0000,0.0000,17,100.850,0.0000,0,0.9775,,0.850,0,
723,4,18,fog-27,1,fog,1300.0,0.0000,0.0000,17,100.850,0.0000,0,0.9756,,0.850,0,
724,4,18,fog-27,1,fog,1400.0,0.0000,0.0000,17,100.850,0.0000,0,0.9738,,0.850,0,
725,4,18,fog-27,1,fog,1500.0,0.0000,0.0000,17,100.850,0.0000,0,0.9719,,0.850,0,
726,4,18,fog-27,1,fog,1600.0,0.0000,0.0000,17,100.850,0.0000,0,0.9700,,0.850,0,
727,4,18,fog-27,1,fog,1700.0,0.0000,0.0000,17,100.850,0.0000,0,0.9681,,0.850,0,
728,4,18,fog-27,1,fog,1800.0,0.0000,0.0000,17,100.850,0.0000,0,0.9663,,0.850,0,
729,4,18,fog-27,1,fog,1900.0,0.0000,0.0000,17,100.850,0.0000,0,0.9644,,0.850,0,
730,4,18,fog-27,1,fog,2000.0,0.0000,0.0000,17,100.850,0.0000,0,0.9625,,0.850,0,
731,4,18,fog-27,1,fog,2100.0,0.0000,0.0000,17,100.850,0.0000,0,0.9606,,0.850,0,
732,4,18,fog-27,1,fog,2200.0,0.0000,0.0000,17,100.850,0.0000,0,0.9588,,0.850,0,
733,4,18,fog-27,1,fog,2300.0,0.0000,0.0000,17,100.850,0.0000,0,0.9569,,0.850,0,
734,4,18,fog-27,1,fog,2400.0,0.0000,0.0000,17,100.850,0.0000,0,0.9550,,0.850,0,
735,4,18,fog-27,1,fog,2500.0,0.0000,0.0000,17,100.850,0.0000,0,0.9531,,0.850,0,
736,4,18,fog-27,1,fog,2600.0,0.0000,0.0000,17,100.850,0.0000,0,0.9513,,0.850,0,
737,4,18,fog-27,1,fog,2700.0,0.0000,0.0000,17,100.850,0.0000,0,0.9494,,0.850,0,
738,4,18,fog-27,1,fog,2800.0,0.0000,0.0000,38,101.350,0.5361,0,0.9475,,0.850,0,
739,4,18,fog-27,1,fog,2900.0,0.0000,0.0000,35,101.300,0.5225,0,0.9456,,0.850,0,
740,4,18,fog-27,1,fog,3000.0,0.0000,0.0000,34,101.250,0.5096,0,0.9438,,0.850,0,
741,4,18,fog-27,1,fog,3100.0,0.0000,0.0000,17,100.850,0.0000,0,0.9419,,0.850,0,
742,4,18,fog-27,1,fog,3200.0,0.0000,0.0000,17,100.850,0.0000,0,0.9400,,0.850,0,
743,4,18,fog-27,1,fog,3300.0,0.0000,0.0000,17,100.850,0.0000,0,0.9381,,0.850,0,
744,4,18,fog-27,1,fog,3400.0,0.0000,0.0000,17,100.850,0.0000,0,0.9363,,0.850,0,
745,4,18,fog-27,1,fog,3500.0,0.0000,0.0000,17,100.850,0.0000,0,0.9344,,0.850,0,
746,4,18,fog-27,1,fog,3600.0,0.0000,0.0000,17,100.850,0.0000,0,0.9325,,0.850,0,
747,4,18,fog-27,1,fog,3700.0,0.0000,0.0000,32,101.250,0.5149,0,0.9306,,0.850,0,
748,4,18,fog-27,1,fog,3800.0,0.0000,0.0000,32,101.250,0.5059,0,0.9288,,0.850,0,
749,4,18,fog-27,1,fog,3900.0,0.0000,0.0000,35,101.300,0.5216,0,0.9269,,0.850,0,
750,4,18,fog-27,1,fog,4000.0,0.0000,0.0000,17,100.850,0.0000,0,0.9250,,0.850,0,
751,4,18,fog-27,1,fog,4100.0,0.0000,0.0000,35,101.300,0.5286,0,0.9231,,0.850,0,
752,4,18,fog-27,1,fog,4200.0,0.0000,0.0000,32,101.250,0.4771,0,0.9213,,0.850,0,
753,4,18,fog-27,1,fog,4300.0,0.0000,0.0000,32,101.250,0.5305,0,0.9194,,0.850,0,
754,4,18,fog-27,1,fog,4400.0,0.0000,0.0000,17,100.850,0.0000,0,0.9175,,0.850,0,
755,4,18,fog-27,1,fog,4500.0,0.0000,0.0000,17,100.850,0.0000,0,0.9156,,0.850,0,
756,4,18,fog-27,1,fog,4600.0,0.0000,0.0000,17,100.850,0.0000,0,0.9138,,0.850,0,
757,4,18,fog-27,1,fog,4700.0,0.0000,0.0000,17,100.850,0.0000,0,0.9119,,0.850,0,
758,4,18,fog-27,1,fog,4800.0,0.0000,0.0000,17,100.850,0.0000,0,0.9100,,0.850,0,
759,4,18,fog-27,1,fog,4900.0,0.0000,0.0000,17,100.850,0.0000,0,0.9081,,0.850,0,
760,4,18,fog-27,1,fog,5000.0,0.0000,0.0000,16,100.800,0.0000,0,0.9063,,0.850,0,
761,4,19,fog-28,1,fog,0.0,0.0000,0.0000,0,100.000,,0,1.0000,,0.850,0,
762,4,19,fog-28,1,fog,100.0,0.0000,0.0000,0,100.000,,0,0.9981,,0.850,0,
763,4,19,fog-28,1,fog,200.0,0.0000,0.0000,0,100.000,,0,0.9963,,0.850,0,
764,4,19,fog-28,1,fog,300.0,0.0000,0.0000,5,100.250,0.0000,0,0.9944,,0.850,0,
765,4,19,fog-28,1,fog,400.0,0.0000,0.0000,17,100.850,0.0000,0,0.9925,,0.850,0,
766,4,19,fog-28,1,fog,500.0,0.0000,0.0000,17,100.850,0.0000,0,0.9906,,0.850,0,
767,4,19,fog-28,1,fog,600.0,0.0000,0.0000,17,100.850,0.0000,0,0.9888,,0.850,0,
768,4,19,fog-28,1,fog,700.0,0.0000,0.0000,17,100.850,0.0000,0,0.9869,,0.850,0,
769,4,19,fog-28,1,fog,800.0,0.0000,0.0000,17,100.850,0.0000,0,0.9850,,0.850,0,
770,4,19,fog-28,1,fog,900.0,0.0000,0.0000,17,100.850,0.0000,0,0.9831,,0.850,0,
771,4,19,fog-28,1,fog,1000.0,0.0000,0.0000,16,100.800,0.0000,0,0.9813,,0.850,0,
772,4,19,fog-28,1,fog,1100.0,0.0000,0.0000,17,100.850,0.0000,0,0.9794,,0.850,0,
773,4,19,fog-28,1,fog,1200.0,0.0000,0.0000,17,100.850,0.0000,0,0.9775,,0.850,0,
774,4,19,fog-28,1,fog,1300.0,0.0000,0.0000,17,100.850,0.0000,0,0.9756,,0.850,0,
775,4,19,fog-28,1,fog,1400.0,0.0000,0.0000,17,100.850,0.0000,0,0.9738,,0.850,0,
776,4,19,fog-28,1,fog,1500.0,0.0000,0.0000,17,100.850,0.0000,0,0.9719,,0.850,0,
777,4,19,fog-28,1,fog,1600.0,0.0000,0.0000,17,100.850,0.0000,0,0.9700,,0.850,0,
778,4,19,fog-28,1,fog,1700.0,0.0000,0.0000,17,100.850,0.0000,0,0.9681,,0.850,0,
779,4,19,fog-28,1,fog,1800.0,0.0000,0.0000,17,100.850,0.0000,0,0.9663,,0.850,0,
780,4,19,fog-28,1,fog,1900.0,0.0000,0.0000,17,100.850,0.0000,0,0.9644,,0.850,0,
781,4,19,fog-28,1,fog,2000.0,0.0000,0.0000,17,100.850,0.0000,0,0.9625,,0.850,0,
782,4,19,fog-28,1,fog,2100.0,0.0000,0.0000,17,100.850,0.0000,0,0.9606,,0.850,0,
783,4,19,fog-28,1,fog,2200.0,0.0000,0.0000,17,100.850,0.0000,0,0.9588,,0.850,0,
784,4,19,fog-28,1,fog,2300.0,0.0000,0.0000,17,100.850,0.0000,0,0.9569,,0.850,0,
785,4,19,fog-28,1,fog,2400.0,0.0000,0.0000,17,100.850,0.0000,0,0.9550,,0.850,0,
786,4,19,fog-28,1,fog,2500.0,0.0000,0.0000,17,100.850,0.0000,0,0.9531,,0.850,0,
787,4,19,fog-28,1,fog,2600.0,0.0000,0.0000,17,100.850,0.0000,0,0.9513,,0.850,0,
788,4,19,fog-28,1,fog,2700.0,0.0000,0.0000,17,100.850,0.0000,0,0.9494,,0.850,0,
789,4,19,fog-28,1,fog,2800.0,0.0000,0.0000,17,100.850,0.0000,0,0.9475,,0.850,0,
790,4,19,fog-28,1,fog,2900.0,0.0000,0.0000,17,100.850,0.0000,0,0.9456,,0.850,0,
791,4,19,fog-28,1,fog,3000.0,0.0000,0.0000,16,100.800,0.0000,0,0.9438,,0.850,0,
792,4,19,fog-28,1,fog,3100.0,0.0000,0.0000,17,100.850,0.0000,0,0.9419,,0.850,0,
793,4,19,fog-28,1,fog,3200.0,0.0000,0.0000,17,100.850,0.0000,0,0.9400,,0.850,0,
794,4,19,fog-28,1,fog,3300.0,0.0000,0.0000,17,100.850,0.0000,0,0.9381,,0.850,0,
795,4,19,fog-28,1,fog,3400.0,0.0000,0.0000,17,100.850,0.0000,0,0.9363,,0.850,0,
796,4,19,fog-28,1,fog,3500.0,0.0000,0.0000,17,100.850,0.0000,0,0.9344,,0.850,0,
797,4,19,fog-28,1,fog,3600.0,0.0000,0.0000,17,100.850,0.0000,0,0.9325,,0.850,0,
798,4,19,fog-28,1,fog,3700.0,0.0000,0.0000,17,100.850,0.0000,0,0.9306,,0.850,0,
799,4,19,fog-28,1,fog,3800.0,0.0000,0.0000,17,100.850,0.0000,0,0.9288,,0.850,0,
800,4,19,fog-28,1,fog,3900.0,0.0000,0.0000,17,100.850,0.0000,0,0.9269,,0.850,0,
801,4,19,fog-28,1,fog,4000.0,0.0000,0.0000,17,100.850,0.0000,0,0.9250,,0.850,0,
802,4,19,fog-28,1,fog,4100.0,0.0000,0.0000,17,100.850,0.0000,0,0.9231,,0.850,0,
803,4,19,fog-28,1,fog,4200.0,0.0000,0.0000,17,100.850,0.0000,0,0.9213,,0.850,0,
804,4,19,fog-28,1,fog,4300.0,0.0000,0.0000,17,100.850,0.0000,0,0.9194,,0.850,0,
805,4,19,fog-28,1,fog,4400.0,0.0000,0.0000,17,100.850,0.0000,0,0.9175,,0.850,0,
806,4,19,fog-28,1,fog,4500.0,0.0000,0.0000,17,100.850,0.0000,0,0.9156,,0.850,0,
807,4,19,fog-28,1,fog,4600.0,0.0000,0.0000,17,100.850,0.0000,0,0.9138,,0.850,0,
808,4,19,fog-28,1,fog,4700.0,0.0000,0.0000,17,100.850,0.0000,0,0.9119,,0.850,0,
809,4,19,fog-28,1,fog,4800.0,0.0000,0.0000,17,100.850,0.0000,0,0.9100,,0.850,0,
810,4,19,fog-28,1,fog,4900.0,0.0000,0.0000,16,100.800,0.0000,0,0.9081,,0.850,0,
811,4,19,fog-28,1,fog,5000.0,0.0000,0.0000,17,100.850,0.0000,0,0.9063,,0.850,0,
812,4,20,fog-29,1,fog,0.0,0.0000,0.0000,0,100.000,,0,1.0000,,0.850,0,
813,4,20,fog-29,1,fog,100.0,0.0000,0.0000,0,100.000,,0,0.9981,,0.850,0,
814,4,20,fog-29,1,fog,200.0,0.0000,0.0000,0,100.000,,0,0.9963,,0.850,0,
815,4,20,fog-29,1,fog,300.0,0.0000,0.0000,5,100.250,0.0000,0,0.9944,,0.850,0,
816,4,20,fog-29,1,fog,400.0,0.0000,0.0000,17,100.850,0.0000,0,0.9925,,0.850,0,
817,4,20,fog-29,1,fog,500.0,0.0000,0.0000,17,100.850,0.0000,0,0.9906,,0.850,0,
818,4,20,fog-29,1,fog,600.0,0.0000,0.0000,17,100.850,0.0000,0,0.9888,,0.850,0,
819,4,20,fog-29,1,fog,700.0,0.0000,0.0000,17,100.850,0.0000,0,0.9869,,0.850,0,
820,4,20,fog-29,1,fog,800.0,0.0000,0.0000,17,100.850,0.0000,0,0.9850,,0.850,0,
821,4,20,fog-29,1,fog,900.0,0.0000,0.0000,17,100.850,0.0000,0,0.9831,,0.850,0,
822,4,20,fog-29,1,fog,1000.0,0.0000,0.0000,16,100.800,0.0000,0,0.9813,,0.850,0,
823,4,20,fog-29,1,fog,1100.0,0.0000,0.0000,17,100.850,0.0000,0,0.9794,,0.850,0,
824,4,20,fog-29,1,fog,1200.0,0.0000,0.0000,17,100.850,0.0000,0,0.9775,,0.850,0,
825,4,20,fog-29,1,fog,1300.0,0.0000,0.0000,17,100.850,0.0000,0,0.9756,,0.850,0,
826,4,20,fog-29,1,fog,1400.0,0.0000,0.0000,17,100.850,0.0000,0,0.9738,,0.850,0,
827,4,20,fog-29,1,fog,1500.0,0.0000,0.0000,17,100.850,0.0000,0,0.9719,,0.850,0,
828,4,20,fog-29,1,fog,1600.0,0.0000,0.0000,17,100.850,0.0000,0,0.9700,,0.850,0,
829,4,20,fog-29,1,fog,1700.0,0.0000,0.0000,17,100.850,0.0000,0,0.9681,,0.850,0,
830,4,20,fog-29,1,fog,1800.0,0.0000,0.0000,17,100.850,0.0000,0,0.9663,,0.850,0,
831,4,20,fog-29,1,fog,1900.0,0.0000,0.0000,17,100.850,0.0000,0,0.9644,,0.850,0,
832,4,20,fog-29,1,fog,2000.0,0.0000,0.0000,17,100.850,0.0000,0,0.9625,,0.850,0,
833,4,20,fog-29,1,fog,2100.0,0.0000,0.0000,17,100.850,0.0000,0,0.9606,,0.850,0,
834,4,20,fog-29,1,fog,2200.0,0.0000,0.0000,17,100.850,0.0000,0,0.9588,,0.850,0,
835,4,20,fog-29,1,fog,2300.0,0.0000,0.0000,17,100.850,0.0000,0,0.9569,,0.850,0,
836,4,20,fog-29,1,fog,2400.0,0.0000,0.0000,17,100.850,0.0000,0,0.9550,,0.850,0,
837,4,20,fog-29,1,fog,2500.0,0.0000,0.0000,17,100.850,0.0000,0,0.9531,,0.850,0,
838,4,20,fog-29,1,fog,2600.0,0.0000,0.0000,17,100.850,0.0000,0,0.9513,,0.850,0,
839,4,20,fog-29,1,fog,2700.0,0.0000,0.0000,17,100.850,0.0000,0,0.9494,,0.850,0,
840,4,20,fog-29,1,fog,2800.0,0.0000,0.0000,17,100.850,0.0000,0,0.9475,,0.850,0,
841,4,20,fog-29,1,fog,2900.0,0.0000,0.0000,17,100.850,0.0000,0,0.9456,,0.850,0,
842,4,20,fog-29,1,fog,3000.0,0.0000,0.0000,16,100.800,0.0000,0,0.9438,,0.850,0,
843,4,20,fog-29,1,fog,3100.0,0.0000,0.0000,17,100.850,0.0000,0,0.9419,,0.850,0,
844,4,20,fog-29,1,fog,3200.0,0.0000,0.0000,17,100.850,0.0000,0,0.9400,,0.850,0,
845,4,20,fog-29,1,fog,3300.0,0.0000,0.0000,17,100.850,0.0000,0,0.9381,,0.850,0,
846,4,20,fog-29,1,fog,3400.0,0.0000,0.0000,17,100.850,0.0000,0,0.9363,,0.850,0,
847,4,20,fog-29,1,fog,3500.0,0.0000,0.0000,17,100.850,0.0000,0,0.9344,,0.850,0,
848,4,20,fog-29,1,fog,3600.0,0.0000,0.0000,17,100.850,0.0000,0,0.9325,,0.850,0,
849,4,20,fog-29,1,fog,3700.0,0.0000,0.0000,17,100.850,0.0000,0,0.9306,,0.850,0,
850,4,20,fog-29,1,fog,3800.0,0.0000,0.0000,17,100.850,0.0000,0,0.9288,,0.850,0,
851,4,20,fog-29,1,fog,3900.0,0.0000,0.0000,17,100.850,0.0000,0,0.9269,,0.850,0,
852,4,20,fog-29,1,fog,4000.0,0.0000,0.0000,17,100.850,0.0000,0,0.9250,,0.850,0,
853,4,20,fog-29,1,fog,4100.0,0.0000,0.0000,17,100.850,0.0000,0,0.9231,,0.850,0,
854,4,20,fog-29,1,fog,4200.0,0.0000,0.0000,17,100.850,0.0000,0,0.9213,,0.850,0,
855,4,20,fog-29,1,fog,4300.0,0.0000,0.0000,17,100.850,0.0000,0,0.9194,,0.850,0,
856,4,20,fog-29,1,fog,4400.0,0.0000,0.0000,17,100.850,0.0000,0,0.9175,,0.850,0,
857,4,20,fog-29,1,fog,4500.0,0.0000,0.0000,17,100.850,0.0000,0,0.9156,,0.850,0,
858,4,20,fog-29,1,fog,4600.0,0.0000,0.0000,17,100.850,0.0000,0,0.9138,,0.850,0,
859,4,20,fog-29,1,fog,4700.0,0.0000,0.0000,17,100.850,0.0000,0,0.9119,,0.850,0,
860,4,20,fog-29,1,fog,4800.0,0.0000,0.0000,17,100.850,0.0000,0,0.9100,,0.850,0,
861,4,20,fog-29,1,fog,4900.0,0.0000,0.0000,16,100.800,0.0000,0,0.9081,,0.850,0,
862,4,20,fog-29,1,fog,5000.0,0.0000,0.0000,17,100.850,0.0000,0,0.9063,,0.850,0,
863,4,21,fog-30,1,fog,0.0,0.0000,0.0000,0,100.000,,0,1.0000,,0.850,0,
864,4,21,fog-30,1,fog,100.0,0.0000,0.0000,3,100.150,0.0000,0,0.9981,,0.850,0,
865,4,21,fog-30,1,fog,200.0,0.0000,0.0000,30,100.900,1.0000,0,0.9963,,0.850,0,
866,4,21,fog-30,1,fog,300.0,0.0000,0.0000,61,101.700,1.0000,0,0.9944,,0.850,0,
867,4,21,fog-30,1,fog,400.0,0.0000,0.0000,35,101.300,0.5372,0,0.9925,,0.850,0,
868,4,21,fog-30,1,fog,500.0,0.0000,0.0000,17,100.850,0.0000,0,0.9906,,0.850,0,
869,4,21,fog-30,1,fog,600.0,0.0000,0.0000,59,101.750,0.8241,0,0.9888,,0.850,0,
870,4,21,fog-30,1,fog,700.0,0.0000,0.0000,35,101.300,0.5302,0,0.9869,,0.850,0,
871,4,21,fog-30,1,fog,800.0,0.0000,0.0000,38,101.350,0.5438,0,0.9850,,0.850,0,
872,4,21,fog-30,1,fog,900.0,0.0000,0.0000,59,101.750,0.7317,0,0.9831,,0.850,0,
873,4,21,fog-30,1,fog,1000.0,0.0000,0.0000,27,101.150,0.4880,0,0.9813,,0.850,0,
874,4,21,fog-30,1,fog,1100.0,0.0000,0.0000,76,102.150,0.9121,0,0.9794,,0.850,0,
875,4,21,fog-30,1,fog,1200.0,0.0000,0.0000,35,101.300,0.5224,0,0.9775,,0.850,0,
876,4,21,fog-30,1,fog,1300.0,0.0000,0.0000,38,101.350,0.5270,0,0.9756,,0.850,0,
877,4,21,fog-30,1,fog,1400.0,0.0000,0.0000,24,101.150,0.4067,0,0.9738,,0.850,0,
878,4,21,fog-30,1,fog,1500.0,0.0000,0.0000,32,101.250,0.4965,0,0.9719,,0.850,0,
879,4,21,fog-30,1,fog,1600.0,0.0000,0.0000,61,101.800,0.7537,0,0.9700,,0.850,0,
880,4,21,fog-30,1,fog,1700.0,0.0000,0.0000,61,101.800,0.8100,0,0.9681,,0.850,0,
881,4,21,fog-30,1,fog,1800.0,0.0000,0.0000,38,101.350,0.5365,0,0.9663,,0.850,0,
882,4,21,fog-30,1,fog,1900.0,0.0000,0.0000,59,101.750,0.7189,0,0.9644,,0.850,0,
883,4,21,fog-30,1,fog,2000.0,0.0000,0.0000,38,101.350,0.5347,0,0.9625,,0.850,0,
884,4,21,fog-30,1,fog,2100.0,0.0000,0.0000,17,100.850,0.0000,0,0.9606,,0.850,0,
885,4,21,fog-30,1,fog,2200.0,0.0000,0.0000,17,100.850,0.0000,0,0.9588,,0.850,0,
886,4,21,fog-30,1,fog,2300.0,0.0000,0.0000,17,100.850,0.0000,0,0.9569,,0.850,0,
887,4,21,fog-30,1,fog,2400.0,0.0000,0.0000,17,100.850,0.0000,0,0.9550,,0.850,0,
888,4,21,fog-30,1,fog,2500.0,0.0000,0.0000,28,101.200,0.4902,0,0.9531,,0.850,0,
889,4,21,fog-30,1,fog,2600.0,0.0000,0.0000,59,101.750,0.8247,0,0.9513,,0.850,0,
890,4,21,fog-30,1,fog,2700.0,0.0000,0.0000,95,102.600,1.0000,0,0.9494,,0.850,0,
891,4,21,fog-30,1,fog,2800.0,0.0000,0.0000,61,101.800,0.8482,0,0.9475,,0.850,0,
892,4,21,fog-30,1,fog,2900.0,0.0000,0.0000,57,101.700,0.7855,0,0.9456,,0.850,0,
893,4,21,fog-30,1,fog,3000.0,0.0000,0.0000,61,101.800,0.8380,0,0.9438,,0.850,0,
894,4,21,fog-30,1,fog,3100.0,0.0000,0.0000,38,101.350,0.5336,0,0.9419,,0.850,0,
895,4,21,fog-30,1,fog,3200.0,0.0000,0.0000,59,101.750,0.8070,0,0.9400,,0.850,0,
896,4,21,fog-30,1,fog,3300.0,0.0000,0.0000,32,101.250,0.4788,0,0.9381,,0.850,0,
897,4,21,fog-30,1,fog,3400.0,0.0000,0.0000,52,101.600,0.7377,0,0.9363,,0.850,0,
898,4,21,fog-30,1,fog,3500.0,0.0000,0.0000,17,100.850,0.0000,0,0.9344,,0.850,0,
899,4,21,fog-30,1,fog,3600.0,0.0000,0.0000,17,100.850,0.0000,0,0.9325,,0.850,0,
900,4,21,fog-30,1,fog,3700.0,0.0000,0.0000,17,100.850,0.0000,0,0.9306,,0.850,0,
901,4,21,fog-30,1,fog,3800.0,0.0000,0.0000,32,101.250,0.4750,0,0.9288,,0.850,0,
902,4,21,fog-30,1,fog,3900.0,0.0000,0.0000,61,101.800,0.8309,0,0.9269,,0.850,0,
903,4,21,fog-30,1,fog,4000.0,0.0000,0.0000,38,101.350,0.5261,0,0.9250,,0.850,0,
904,4,21,fog-30,1,fog,4100.0,0.0000,0.0000,35,101.300,0.5195,0,0.9231,,0.850,0,
905,4,21,fog-30,1,fog,4200.0,0.0000,0.0000,81,102.250,1.0000,0,0.9213,,0.850,0,
906,4,21,fog-30,1,fog,4300.0,0.0000,0.0000,102,102.750,1.0000,0,0.9194,,0.850,0,
907,4,21,fog-30,1,fog,4400.0,0.0000,0.0000,35,101.300,0.4929,0,0.9175,,0.850,0,
908,4,21,fog-30,1,fog,4500.0,0.0000,0.0000,93,102.550,1.0000,0,0.9156,,0.850,0,
909,4,21,fog-30,1,fog,4600.0,0.0000,0.0000,56,101.700,0.7864,0,0.9138,,0.850,0,
910,4,21,fog-30,1,fog,4700.0,0.0000,0.0000,79,102.200,1.0000,0,0.9119,,0.850,0,
911,4,21,fog-30,1,fog,4800.0,0.0000,0.0000,59,101.750,0.8081,0,0.9100,,0.850,0,
912,4,21,fog-30,1,fog,4900.0,0.0000,0.0000,55,101.650,0.8365,0,0.9081,,0.850,0,
913,4,21,fog-30,1,fog,5000.0,0.0000,0.0000,79,102.200,1.0000,0,0.9063,,0.850,0,
914,4,22,fog-31,1,fog,0.0,0.0000,0.0000,0,100.000,,0,1.0000,,0.850,0,
915,4,22,fog-31,1,fog,100.0,0.0000,0.0000,0,100.000,,0,0.9981,,0.850,0,
916,4,22,fog-31,1,fog,200.0,0.0000,0.0000,0,100.000,,0,0.9963,,0.850,0,
917,4,22,fog-31,1,fog,300.0,0.0000,0.0000,5,100.250,0.0000,0,0.9944,,0.850,0,
918,4,22,fog-31,1,fog,400.0,0.0000,0.0000,17,100.850,0.0000,0,0.9925,,0.850,0,
919,4,22,fog-31,1,fog,500.0,0.0000,0.0000,17,100.850,0.0000,0,0.9906,,0.850,0,
920,4,22,fog-31,1,fog,600.0,0.0000,0.0000,17,100.850,0.0000,0,0.9888,,0.850,0,
921,4,22,fog-31,1,fog,700.0,0.0000,0.0000,17,100.850,0.0000,0,0.9869,,0.850,0,
922,4,22,fog-31,1,fog,800.0,0.0000,0.0000,17,100.850,0.0000,0,0.9850,,0.850,0,
923,4,22,fog-31,1,fog,900.0,0.0000,0.0000,17,100.850,0.0000,0,0.9831,,0.850,0,
924,4,22,fog-31,1,fog,1000.0,0.0000,0.0000,34,101.250,0.5346,0,0.9813,,0.850,0,
925,4,22,fog-31,1,fog,1100.0,0.0000,0.0000,17,100.850,0.0000,0,0.9794,,0.850,0,
926,4,22,fog-31,1,fog,1200.0,0.0000,0.0000,17,100.850,0.0000,0,0.9775,,0.850,0,
927,4,22,fog-31,1,fog,1300.0,0.0000,0.0000,17,100.850,0.0000,0,0.9756,,0.850,0,
928,4,22,fog-31,1,fog,1400.0,0.0000,0.0000,17,100.850,0.0000,0,0.9738,,0.850,0,
929,4,22,fog-31,1,fog,1500.0,0.0000,0.0000,17,100.850,0.0000,0,0.9719,,0.850,0,
930,4,22,fog-31,1,fog,1600.0,0.0000,0.0000,17,100.850,0.0000,0,0.9700,,0.850,0,
931,4,22,fog-31,1,fog,1700.0,0.0000,0.0000,17,100.850,0.0000,0,0.9681,,0.850,0,
932,4,22,fog-31,1,fog,1800.0,0.0000,0.0000,17,100.850,0.0000,0,0.9663,,0.850,0,
933,4,22,fog-31,1,fog,1900.0,0.0000,0.0000,17,100.850,0.0000,0,0.9644,,0.850,0,
934,4,22,fog-31,1,fog,2000.0,0.0000,0.0000,17,100.850,0.0000,0,0.9625,,0.850,0,
935,4,22,fog-31,1,fog,2100.0,0.0000,0.0000,17,100.850,0.0000,0,0.9606,,0.850,0,
936,4,22,fog-31,1,fog,2200.0,0.0000,0.0000,17,100.850,0.0000,0,0.9588,,0.850,0,
937,4,22,fog-31,1,fog,2300.0,0.0000,0.0000,17,100.850,0.0000,0,0.9569,,0.850,0,
938,4,22,fog-31,1,fog,2400.0,0.0000,0.0000,17,100.850,0.0000,0,0.9550,,0.850,0,
939,4,22,fog-31,1,fog,2500.0,0.0000,0.0000,17,100.850,0.0000,0,0.9531,,0.850,0,
940,4,22,fog-31,1,fog,2600.0,0.0000,0.0000,38,101.350,0.5325,0,0.9513,,0.850,0,
941,4,22,fog-31,1,fog,2700.0,0.0000,0.0000,17,100.850,0.0000,0,0.9494,,0.850,0,
942,4,22,fog-31,1,fog,2800.0,0.0000,0.0000,17,100.850,0.0000,0,0.9475,,0.850,0,
943,4,22,fog-31,1,fog,2900.0,0.0000,0.0000,16,100.800,0.0000,0,0.9456,,0.850,0,
944,4,22,fog-31,1,fog,3000.0,0.0000,0.0000,17,100.850,0.0000,0,0.9438,,0.850,0,
945,4,22,fog-31,1,fog,3100.0,0.0000,0.0000,17,100.850,0.0000,0,0.9419,,0.850,0,
946,4,22,fog-31,1,fog,3200.0,0.0000,0.0000,17,100.850,0.0000,0,0.9400,,0.850,0,
947,4,22,fog-31,1,fog,3300.0,0.0000,0.0000,17,100.850,0.0000,0,0.9381,,0.850,0,
948,4,22,fog-31,1,fog,3400.0,0.0000,0.0000,17,100.850,0.0000,0,0.9363,,0.850,0,
949,4,22,fog-31,1,fog,3500.0,0.0000,0.0000,17,100.850,0.0000,0,0.9344,,0.850,0,
950,4,22,fog-31,1,fog,3600.0,0.0000,0.0000,17,100.850,0.0000,0,0.9325,,0.850,0,
951,4,22,fog-31,1,fog,3700.0,0.0000,0.0000,17,100.850,0.0000,0,0.9306,,0.850,0,
952,4,22,fog-31,1,fog,3800.0,0.0000,0.0000,17,100.850,0.0000,0,0.9288,,0.850,0,
953,4,22,fog-31,1,fog,3900.0,0.0000,0.0000,17,100.850,0.0000,0,0.9269,,0.850,0,
954,4,22,fog-31,1,fog,4000.0,0.0000,0.0000,17,100.850,0.0000,0,0.9250,,0.850,0,
955,4,22,fog-31,1,fog,4100.0,0.0000,0.0000,17,100.850,0.0000,0,0.9231,,0.850,0,
956,4,22,fog-31,1,fog,4200.0,0.0000,0.0000,38,101.350,0.5445,0,0.9213,,0.850,0,
957,4,22,fog-31,1,fog,4300.0,0.0000,0.0000,17,100.850,0.0000,0,0.9194,,0.850,0,
958,4,22,fog-31,1,fog,4400.0,0.0000,0.0000,17,100.850,0.0000,0,0.9175,,0.850,0,
959,4,22,fog-31,1,fog,4500.0,0.0000,0.0000,17,100.850,0.0000,0,0.9156,,0.850,0,
960,4,22,fog-31,1,fog,4600.0,0.0000,0.0000,17,100.850,0.0000,0,0.9138,,0.850,0,
961,4,22,fog-31,1,fog,4700.0,0.0000,0.0000,17,100.850,0.0000,0,0.9119,,0.850,0,
962,4,22,fog-31,1,fog,4800.0,0.0000,0.0000,17,100.850,0.0000,0,0.9100,,0.850,0,
963,4,22,fog-31,1,fog,4900.0,0.0000,0.0000,16,100.800,0.0000,0,0.9081,,0.850,0,
964,4,22,fog-31,1,fog,5000.0,0.0000,0.0000,17,100.850,0.0000,0,0.9063,,0.850,0,
965,4,23,fog-32,1,fog,0.0,0.0000,0.0000,0,100.000,,0,1.0000,,0.850,0,
966,4,23,fog-32,1,fog,100.0,0.0000,0.0000,0,100.000,,0,0.9981,,0.850,0,
967,4,23,fog-32,1,fog,200.0,0.0000,0.0000,12,100.450,0.2940,0,0.9963,,0.850,0,
968,4,23,fog-32,1,fog,300.0,0.0000,0.0000,5,100.250,0.0000,0,0.9944,,0.850,0,
969,4,23,fog-32,1,fog,400.0,0.0000,0.0000,17,100.850,0.0000,0,0.9925,,0.850,0,
970,4,23,fog-32,1,fog,500.0,0.0000,0.0000,17,100.850,0.0000,0,0.9906,,0.850,0,
971,4,23,fog-32,1,fog,600.0,0.0000,0.0000,63,101.850,0.8928,0,0.9888,,0.850,0,
972,4,23,fog-32,1,fog,700.0,0.0000,0.0000,17,100.850,0.0000,0,0.9869,,0.850,0,
973,4,23,fog-32,1,fog,800.0,0.0000,0.0000,17,100.850,0.0000,0,0.9850,,0.850,0,
974,4,23,fog-32,1,fog,900.0,0.0000,0.0000,16,100.800,0.0000,0,0.9831,,0.850,0,
975,4,23,fog-32,1,fog,1000.0,0.0000,0.0000,17,100.850,0.0000,0,0.9813,,0.850,0,
976,4,23,fog-32,1,fog,1100.0,0.0000,0.0000,17,100.850,0.0000,0,0.9794,,0.850,0,
977,4,23,fog-32,1,fog,1200.0,0.0000,0.0000,17,100.850,0.0000,0,0.9775,,0.850,0,
978,4,23,fog-32,1,fog,1300.0,0.0000,0.0000,17,100.850,0.0000,0,0.9756,,0.850,0,
979,4,23,fog-32,1,fog,1400.0,0.0000,0.0000,56,101.700,0.7824,0,0.9738,,0.850,0,
980,4,23,fog-32,1,fog,1500.0,0.0000,0.0000,61,101.800,0.8016,0,0.9719,,0.850,0,
981,4,23,fog-32,1,fog,1600.0,0.0000,0.0000,17,100.850,0.0000,0,0.9700,,0.850,0,
982,4,23,fog-32,1,fog,1700.0,0.0000,0.0000,38,101.350,0.5336,0,0.9681,,0.850,0,
983,4,23,fog-32,1,fog,1800.0,0.0000,0.0000,38,101.350,0.5387,0,0.9663,,0.850,0,
984,4,23,fog-32,1,fog,1900.0,0.0000,0.0000,17,100.850,0.0000,0,0.9644,,0.850,0,
985,4,23,fog-32,1,fog,2000.0,0.0000,0.0000,35,101.300,0.5402,0,0.9625,,0.850,0,
986,4,23,fog-32,1,fog,2100.0,0.0000,0.0000,17,100.850,0.0000,0,0.9606,,0.850,0,
987,4,23,fog-32,1,fog,2200.0,0.0000,0.0000,17,100.850,0.0000,0,0.9588,,0.850,0,
988,4,23,fog-32,1,fog,2300.0,0.0000,0.0000,17,100.850,0.0000,0,0.9569,,0.850,0,
989,4,23,fog-32,1,fog,2400.0,0.0000,0.0000,17,100.850,0.0000,0,0.9550,,0.850,0,
990,4,23,fog-32,1,fog,2500.0,0.0000,0.0000,35,101.300,0.5166,0,0.9531,,0.850,0,
991,4,23,fog-32,1,fog,2600.0,0.0000,0.0000,35,101.300,0.5430,0,0.9513,,0.850,0,
992,4,23,fog-32,1,fog,2700.0,0.0000,0.0000,17,100.850,0.0000,0,0.9494,,0.850,0,
993,4,23,fog-32,1,fog,2800.0,0.0000,0.0000,17,100.850,0.0000,0,0.9475,,0.850,0,
994,4,23,fog-32,1,fog,2900.0,0.0000,0.0000,16,100.800,0.0000,0,0.9456,,0.850,0,
995,4,23,fog-32,1,fog,3000.0,0.0000,0.0000,17,100.850,0.0000,0,0.9438,,0.850,0,
996,4,23,fog-32,1,fog,3100.0,0.0000,0.0000,17,100.850,0.0000,0,0.9419,,0.850,0,
997,4,23,fog-32,1,fog,3200.0,0.0000,0.0000,17,100.850,0.0000,0,0.9400,,0.850,0,
998,4,23,fog-32,1,fog,3300.0,0.0000,0.0000,17,100.850,0.0000,0,0.9381,,0.850,0,
999,4,23,fog-32,1,fog,3400.0,0.0000,0.0000,17,100.850,0.0000,0,0.9363,,0.850,0,
1000,4,23,fog-32,1,fog,3500.0,0.0000,0.0000,32,101.250,0.5174,0,0.9344,,0.850,0,
1001,4,23,fog-32,1,fog,3600.0,0.0000,0.0000,35,101.300,0.5031,0,0.9325,,0.850,0,
1002,4,23,fog-32,1,fog,3700.0,0.0000,0.0000,17,100.850,0.0000,0,0.9306,,0.850,0,
1003,4,23,fog-32,1,fog,3800.0,0.0000,0.0000,35,101.300,0.5240,0,0.9288,,0.850,0,
1004,4,23,fog-32,1,fog,3900.0,0.0000,0.0000,38,101.350,0.5360,0,0.9269,,0.850,0,
1005,4,23,fog-32,1,fog,4000.0,0.0000,0.0000,17,100.850,0.0000,0,0.9250,,0.850,0,
1006,4,23,fog-32,1,fog,4100.0,0.0000,0.0000,38,101.350,0.5418,0,0.9231,,0.850,0,
1007,4,23,fog-32,1,fog,4200.0,0.0000,0.0000,17,100.850,0.0000,0,0.9213,,0.850,0,
1008,4,23,fog-32,1,fog,4300.0,0.0000,0.0000,32,101.250,0.4776,0,0.9194,,0.850,0,
1009,4,23,fog-32,1,fog,4400.0,0.0000,0.0000,35,101.300,0.5091,0,0.9175,,0.850,0,
1010,4,23,fog-32,1,fog,4500.0,0.0000,0.0000,17,100.850,0.0000,0,0.9156,,0.850,0,
1011,4,23,fog-32,1,fog,4600.0,0.0000,0.0000,32,101.250,0.4705,0,0.9138,,0.850,0,
1012,4,23,fog-32,1,fog,4700.0,0.0000,0.0000,61,101.800,0.7550,0,0.9119,,0.850,0,
1013,4,23,fog-32,1,fog,4800.0,0.0000,0.0000,24,101.150,0.4549,0,0.9100,,0.850,0,
1014,4,23,fog-32,1,fog,4900.0,0.0000,0.0000,16,100.800,0.0000,0,0.9081,,0.850,0,
1015,4,23,fog-32,1,fog,5000.0,0.0000,0.0000,17,100.850,0.0000,0,0.9063,,0.850,0,
1016,4,24,fog-33,1,fog,0.0,0.0000,0.0000,0,100.000,,0,1.0000,,0.850,0,
1017,4,24,fog-33,1,fog,100.0,0.0000,0.0000,0,100.000,,0,0.9981,,0.850,0,
1018,4,24,fog-33,1,fog,200.0,0.0000,0.0000,0,100.000,,0,0.9963,,0.850,0,
1019,4,24,fog-33,1,fog,300.0,0.0000,0.0000,5,100.250,0.0000,0,0.9944,,0.850,0,
1020,4,24,fog-33,1,fog,400.0,0.0000,0.0000,17,100.850,0.0000,0,0.9925,,0.850,0,
1021,4,24,fog-33,1,fog,500.0,0.0000,0.0000,17,100.850,0.0000,0,0.9906,,0.850,0,
1022,4,24,fog-33,1,fog,600.0,0.0000,0.0000,17,100.850,0.0000,0,0.9888,,0.850,0,
1023,4,24,fog-33,1,fog,700.0,0.0000,0.0000,17,100.850,0.0000,0,0.9869,,0.850,0,
1024,4,24,fog-33,1,fog,800.0,0.0000,0.0000,17,100.850,0.0000,0,0.9850,,0.850,0,
1025,4,24,fog-33,1,fog,900.0,0.0000,0.0000,16,100.800,0.0000,0,0.9831,,0.850,0,
1026,4,24,fog-33,1,fog,1000.0,0.0000,0.0000,17,100.850,0.0000,0,0.9813,,0.850,0,
1027,4,24,fog-33,1,fog,1100.0,0.0000,0.0000,17,100.850,0.0000,0,0.9794,,0.850,0,
1028,4,24,fog-33,1,fog,1200.0,0.0000,0.0000,17,100.850,0.0000,0,0.9775,,0.850,0,
1029,4,24,fog-33,1,fog,1300.0,0.0000,0.0000,17,100.850,0.0000,0,0.9756,,0.850,0,
1030,4,24,fog-33,1,fog,1400.0,0.0000,0.0000,17,100.850,0.0000,0,0.9738,,0.850,0,
1031,4,24,fog-33,1,fog,1500.0,0.0000,0.0000,35,101.300,0.4906,0,0.9719,,0.850,0,
1032,4,24,fog-33,1,fog,1600.0,0.0000,0.0000,17,100.850,0.0000,0,0.9700,,0.850,0,
1033,4,24,fog-33,1,fog,1700.0,0.0000,0.0000,17,100.850,0.0000,0,0.9681,,0.850,0,
1034,4,24,fog-33,1,fog,1800.0,0.0000,0.0000,17,100.850,0.0000,0,0.9663,,0.850,0,
1035,4,24,fog-33,1,fog,1900.0,0.0000,0.0000,17,100.850,0.0000,0,0.9644,,0.850,0,
1036,4,24,fog-33,1,fog,2000.0,0.0000,0.0000,17,100.850,0.0000,0,0.9625,,0.850,0,
1037,4,24,fog-33,1,fog,2100.0,0.0000,0.0000,17,100.850,0.0000,0,0.9606,,0.850,0,
1038,4,24,fog-33,1,fog,2200.0,0.0000,0.0000,17,100.850,0.0000,0,0.9588,,0.850,0,
1039,4,24,fog-33,1,fog,2300.0,0.0000,0.0000,17,100.850,0.0000,0,0.9569,,0.850,0,
1040,4,24,fog-33,1,fog,2400.0,0.0000,0.0000,17,100.850,0.0000,0,0.9550,,0.850,0,
1041,4,24,fog-33,1,fog,2500.0,0.0000,0.0000,17,100.850,0.0000,0,0.9531,,0.850,0,
1042,4,24,fog-33,1,fog,2600.0,0.0000,0.0000,17,100.850,0.0000,0,0.9513,,0.850,0,
1043,4,24,fog-33,1,fog,2700.0,0.0000,0.0000,17,100.850,0.0000,0,0.9494,,0.850,0,
1044,4,24,fog-33,1,fog,2800.0,0.0000,0.0000,17,100.850,0.0000,0,0.9475,,0.850,0,
1045,4,24,fog-33,1,fog,2900.0,0.0000,0.0000,16,100.800,0.0000,0,0.9456,,0.850,0,
1046,4,24,fog-33,1,fog,3000.0,0.0000,0.0000,38,101.350,0.5328,0,0.9438,,0.850,0,
1047,4,24,fog-33,1,fog,3100.0,0.0000,0.0000,32,101.250,0.5060,0,0.9419,,0.850,0,
1048,4,24,fog-33,1,fog,3200.0,0.0000,0.0000,17,100.850,0.0000,0,0.9400,,0.850,0,
1049,4,24,fog-33,1,fog,3300.0,0.0000,0.0000,17,100.850,0.0000,0,0.9381,,0.850,0,
1050,4,24,fog-33,1,fog,3400.0,0.0000,0.0000,17,100.850,0.0000,0,0.9363,,0.850,0,
1051,4,24,fog-33,1,fog,3500.0,0.0000,0.0000,17,100.850,0.0000,0,0.9344,,0.850,0,
1052,4,24,fog-33,1,fog,3600.0,0.0000,0.0000,17,100.850,0.0000,0,0.9325,,0.850,0,
1053,4,24,fog-33,1,fog,3700.0,0.0000,0.0000,17,100.850,0.0000,0,0.9306,,0.850,0,
1054,4,24,fog-33,1,fog,3800.0,0.0000,0.0000,17,100.850,0.0000,0,0.9288,,0.850,0,
1055,4,24,fog-33,1,fog,3900.0,0.0000,0.0000,38,101.350,0.5383,0,0.9269,,0.850,0,
1056,4,24,fog-33,1,fog,4000.0,0.0000,0.0000,17,100.850,0.0000,0,0.9250,,0.850,0,
1057,4,24,fog-33,1,fog,4100.0,0.0000,0.0000,17,100.850,0.0000,0,0.9231,,0.850,0,
1058,4,24,fog-33,1,fog,4200.0,0.0000,0.0000,17,100.850,0.0000,0,0.9213,,0.850,0,
1059,4,24,fog-33,1,fog,4300.0,0.0000,0.0000,17,100.850,0.0000,0,0.9194,,0.850,0,
1060,4,24,fog-33,1,fog,4400.0,0.0000,0.0000,17,100.850,0.0000,0,0.9175,,0.850,0,
1061,4,24,fog-33,1,fog,4500.0,0.0000,0.0000,17,100.850,0.0000,0,0.9156,,0.850,0,
1062,4,24,fog-33,1,fog,4600.0,0.0000,0.0000,38,101.350,0.5460,0,0.9138,,0.850,0,
1063,4,24,fog-33,1,fog,4700.0,0.0000,0.0000,17,100.850,0.0000,0,0.9119,,0.850,0,
1064,4,24,fog-33,1,fog,4800.0,0.0000,0.0000,17,100.850,0.0000,0,0.9100,,0.850,0,
1065,4,24,fog-33,1,fog,4900.0,0.0000,0.0000,16,100.800,0.0000,0,0.9081,,0.850,0,
1066,4,24,fog-33,1,fog,5000.0,0.0000,0.0000,17,100.850,0.0000,0,0.9063,,0.850,0,
1067,4,25,fog-34,1,fog,0.0,0.0000,0.0000,0,100.000,,0,1.0000,,0.850,0,
1068,4,25,fog-34,1,fog,100.0,0.0000,0.0000,0,100.000,,0,0.9981,,0.850,0,
1069,4,25,fog-34,1,fog,200.0,0.0000,0.0000,0,100.000,,0,0.9963,,0.850,0,
1070,4,25,fog-34,1,fog,300.0,0.0000,0.0000,5,100.250,0.0000,0,0.9944,,0.850,0,
1071,4,25,fog-34,1,fog,400.0,0.0000,0.0000,17,100.850,0.0000,0,0.9925,,0.850,0,
1072,4,25,fog-34,1,fog,500.0,0.0000,0.0000,17,100.850,0.0000,0,0.9906,,0.850,0,
1073,4,25,fog-34,1,fog,600.0,0.0000,0.0000,17,100.850,0.0000,0,0.9888,,0.850,0,
1074,4,25,fog-34,1,fog,700.0,0.0000,0.0000,17,100.850,0.0000,0,0.9869,,0.850,0,
1075,4,25,fog-34,1,fog,800.0,0.0000,0.0000,17,100.850,0.0000,0,0.9850,,0.850,0,
1076,4,25,fog-34,1,fog,900.0,0.0000,0.0000,16,100.800,0.0000,0,0.9831,,0.850,0,
1077,4,25,fog-34,1,fog,1000.0,0.0000,0.0000,17,100.850,0.0000,0,0.9813,,0.850,0,
1078,4,25,fog-34,1,fog,1100.0,0.0000,0.0000,17,100.850,0.0000,0,0.9794,,0.850,0,
1079,4,25,fog-34,1,fog,1200.0,0.0000,0.0000,17,100.850,0.0000,0,0.9775,,0.850,0,
1080,4,25,fog-34,1,fog,1300.0,0.0000,0.0000,17,100.850,0.0000,0,0.9756,,0.850,0,
1081,4,25,fog-34,1,fog,1400.0,0.0000,0.0000,17,100.850,0.0000,0,0.9738,,0.850,0,
1082,4,25,fog-34,1,fog,1500.0,0.0000,0.0000,17,100.850,0.0000,0,0.9719,,0.850,0,
1083,4,25,fog-34,1,fog,1600.0,0.0000,0.0000,17,100.850,0.0000,0,0.9700,,0.850,0,
1084,4,25,fog-34,1,fog,1700.0,0.0000,0.0000,17,100.850,0.0000,0,0.9681,,0.850,0,
1085,4,25,fog-34,1,fog,1800.0,0.0000,0.0000,17,100.850,0.0000,0,0.9663,,0.850,0,
1086,4,25,fog-34,1,fog,1900.0,0.0000,0.0000,17,100.850,0.0000,0,0.9644,,0.850,0,
1087,4,25,fog-34,1,fog,2000.0,0.0000,0.0000,17,100.850,0.0000,0,0.9625,,0.850,0,
1088,4,25,fog-34,1,fog,2100.0,0.0000,0.0000,17,100.850,0.0000,0,0.9606,,0.850,0,
1089,4,25,fog-34,1,fog,2200.0,0.0000,0.0000,17,100.850,0.0000,0,0.9588,,0.850,0,
1090,4,25,fog-34,1,fog,2300.0,0.0000,0.0000,17,100.850,0.0000,0,0.9569,,0.850,0,
1091,4,25,fog-34,1,fog,2400.0,0.0000,0.0000,17,100.850,0.0000,0,0.9550,,0.850,0,
1092,4,25,fog-34,1,fog,2500.0,0.0000,0.0000,17,100.850,0.0000,0,0.9531,,0.850,0,
1093,4,25,fog-34,1,fog,2600.0,0.0000,0.0000,17,100.850,0.0000,0,0.9513,,0.850,0,
1094,4,25,fog-34,1,fog,2700.0,0.0000,0.0000,17,100.850,0.0000,0,0.9494,,0.850,0,
1095,4,25,fog-34,1,fog,2800.0,0.0000,0.0000,17,100.850,0.0000,0,0.9475,,0.850,0,
1096,4,25,fog-34,1,fog,2900.0,0.0000,0.0000,16,100.800,0.0000,0,0.9456,,0.850,0,
1097,4,25,fog-34,1,fog,3000.0,0.0000,0.0000,17,100.850,0.0000,0,0.9438,,0.850,0,
1098,4,25,fog-34,1,fog,3100.0,0.0000,0.0000,17,100.850,0.0000,0,0.9419,,0.850,0,
1099,4,25,fog-34,1,fog,3200.0,0.0000,0.0000,17,100.850,0.0000,0,0.9400,,0.850,0,
1100,4,25,fog-34,1,fog,3300.0,0.0000,0.0000,17,100.850,0.0000,0,0.9381,,0.850,0,
1101,4,25,fog-34,1,fog,3400.0,0.0000,0.0000,17,100.850,0.0000,0,0.9363,,0.850,0,
1102,4,25,fog-34,1,fog,3500.0,0.0000,0.0000,17,100.850,0.0000,0,0.9344,,0.850,0,
1103,4,25,fog-34,1,fog,3600.0,0.0000,0.0000,17,100.850,0.0000,0,0.9325,,0.850,0,
1104,4,25,fog-34,1,fog,3700.0,0.0000,0.0000,17,100.850,0.0000,0,0.9306,,0.850,0,
1105,4,25,fog-34,1,fog,3800.0,0.0000,0.0000,17,100.850,0.0000,0,0.9288,,0.850,0,
1106,4,25,fog-34,1,fog,3900.0,0.0000,0.0000,17,100.850,0.0000,0,0.9269,,0.850,0,
1107,4,25,fog-34,1,fog,4000.0,0.0000,0.0000,17,100.850,0.0000,0,0.9250,,0.850,0,
1108,4,25,fog-34,1,fog,4100.0,0.0000,0.0000,17,100.850,0.0000,0,0.9231,,0.850,0,
1109,4,25,fog-34,1,fog,4200.0,0.0000,0.0000,17,100.850,0.0000,0,0.9213,,0.850,0,
1110,4,25,fog-34,1,fog,4300.0,0.0000,0.0000,17,100.850,0.0000,0,0.9194,,0.850,0,
1111,4,25,fog-34,1,fog,4400.0,0.0000,0.0000,17,100.850,0.0000,0,0.9175,,0.850,0,
1112,4,25,fog-34,1,fog,4500.0,0.0000,0.0000,17,100.850,0.0000,0,0.9156,,0.850,0,
1113,4,25,fog-34,1,fog,4600.0,0.0000,0.0000,17,100.850,0.0000,0,0.9138,,0.850,0,
1114,4,25,fog-34,1,fog,4700.0,0.0000,0.0000,17,100.850,0.0000,0,0.9119,,0.850,0,
1115,4,25,fog-34,1,fog,4800.0,0.0000,0.0000,16,100.800,0.0000,0,0.9100,,0.850,0,
1116,4,25,fog-34,1,fog,4900.0,0.0000,0.0000,17,100.850,0.0000,0,0.9081,,0.850,0,
1117,4,25,fog-34,1,fog,5000.0,0.0000,0.0000,17,100.850,0.0000,0,0.9063,,0.850,0,
1118,4,26,fog-35,1,fog,0.0,0.0000,0.0000,0,100.000,,0,1.0000,,0.850,0,
1119,4,26,fog-35,1,fog,100.0,0.0000,0.0000,0,100.000,,0,0.9981,,0.850,0,
1120,4,26,fog-35,1,fog,200.0,0.0000,0.0000,10,100.400,0.3062,0,0.9963,,0.850,0,
1121,4,26,fog-35,1,fog,300.0,0.0000,0.0000,21,100.750,0.5183,0,0.9944,,0.850,0,
1122,4,26,fog-35,1,fog,400.0,0.0000,0.0000,32,101.250,0.4956,0,0.9925,,0.850,0,
1123,4,26,fog-35,1,fog,500.0,0.0000,0.0000,17,100.850,0.0000,0,0.9906,,0.850,0,
1124,4,26,fog-35,1,fog,600.0,0.0000,0.0000,17,100.850,0.0000,0,0.9888,,0.850,0,
1125,4,26,fog-35,1,fog,700.0,0.0000,0.0000,17,100.850,0.0000,0,0.9869,,0.850,0,
1126,4,26,fog-35,1,fog,800.0,0.0000,0.0000,17,100.850,0.0000,0,0.9850,,0.850,0,
1127,4,26,fog-35,1,fog,900.0,0.0000,0.0000,16,100.800,0.0000,0,0.9831,,0.850,0,
1128,4,26,fog-35,1,fog,1000.0,0.0000,0.0000,32,101.250,0.5179,0,0.9813,,0.850,0,
1129,4,26,fog-35,1,fog,1100.0,0.0000,0.0000,32,101.250,0.4996,0,0.9794,,0.850,0,
1130,4,26,fog-35,1,fog,1200.0,0.0000,0.0000,24,101.150,0.4534,0,0.9775,,0.850,0,
1131,4,26,fog-35,1,fog,1300.0,0.0000,0.0000,17,100.850,0.0000,0,0.9756,,0.850,0,
1132,4,26,fog-35,1,fog,1400.0,0.0000,0.0000,17,100.850,0.0000,0,0.9738,,0.850,0,
1133,4,26,fog-35,1,fog,1500.0,0.0000,0.0000,17,100.850,0.0000,0,0.9719,,0.850,0,
1134,4,26,fog-35,1,fog,1600.0,0.0000,0.0000,17,100.850,0.0000,0,0.9700,,0.850,0,
1135,4,26,fog-35,1,fog,1700.0,0.0000,0.0000,17,100.850,0.0000,0,0.9681,,0.850,0,
1136,4,26,fog-35,1,fog,1800.0,0.0000,0.0000,17,100.850,0.0000,0,0.9663,,0.850,0,
1137,4,26,fog-35,1,fog,1900.0,0.0000,0.0000,17,100.850,0.0000,0,0.9644,,0.850,0,
1138,4,26,fog-35,1,fog,2000.0,0.0000,0.0000,17,100.850,0.0000,0,0.9625,,0.850,0,
1139,4,26,fog-35,1,fog,2100.0,0.0000,0.0000,38,101.350,0.5444,0,0.9606,,0.850,0,
1140,4,26,fog-35,1,fog,2200.0,0.0000,0.0000,17,100.850,0.0000,0,0.9588,,0.850,0,
1141,4,26,fog-35,1,fog,2300.0,0.0000,0.0000,32,101.250,0.5294,0,0.9569,,0.850,0,
1142,4,26,fog-35,1,fog,2400.0,0.0000,0.0000,35,101.300,0.5090,0,0.9550,,0.850,0,
1143,4,26,fog-35,1,fog,2500.0,0.0000,0.0000,28,101.200,0.4413,0,0.9531,,0.850,0,
1144,4,26,fog-35,1,fog,2600.0,0.0000,0.0000,17,100.850,0.0000,0,0.9513,,0.850,0,
1145,4,26,fog-35,1,fog,2700.0,0.0000,0.0000,17,100.850,0.0000,0,0.9494,,0.850,0,
1146,4,26,fog-35,1,fog,2800.0,0.0000,0.0000,35,101.300,0.5175,0,0.9475,,0.850,0,
1147,4,26,fog-35,1,fog,2900.0,0.0000,0.0000,31,101.200,0.4706,0,0.9456,,0.850,0,
1148,4,26,fog-35,1,fog,3000.0,0.0000,0.0000,35,101.300,0.5125,0,0.9438,,0.850,0,
1149,4,26,fog-35,1,fog,3100.0,0.0000,0.0000,17,100.850,0.0000,0,0.9419,,0.850,0,
1150,4,26,fog-35,1,fog,3200.0,0.0000,0.0000,17,100.850,0.0000,0,0.9400,,0.850,0,
1151,4,26,fog-35,1,fog,3300.0,0.0000,0.0000,17,100.850,0.0000,0,0.9381,,0.850,0,
1152,4,26,fog-35,1,fog,3400.0,0.0000,0.0000,17,100.850,0.0000,0,0.9363,,0.850,0,
1153,4,26,fog-35,1,fog,3500.0,0.0000,0.0000,17,100.850,0.0000,0,0.9344,,0.850,0,
1154,4,26,fog-35,1,fog,3600.0,0.0000,0.0000,38,101.350,0.5338,0,0.9325,,0.850,0,
1155,4,26,fog-35,1,fog,3700.0,0.0000,0.0000,32,101.250,0.4941,0,0.9306,,0.850,0,
1156,4,26,fog-35,1,fog,3800.0,0.0000,0.0000,32,101.250,0.4894,0,0.9288,,0.850,0,
1157,4,26,fog-35,1,fog,3900.0,0.0000,0.0000,63,101.850,0.8855,0,0.9269,,0.850,0,
1158,4,26,fog-35,1,fog,4000.0,0.0000,0.0000,61,101.800,0.8510,0,0.9250,,0.850,0,
1159,4,26,fog-35,1,fog,4100.0,0.0000,0.0000,32,101.250,0.5037,0,0.9231,,0.850,0,
1160,4,26,fog-35,1,fog,4200.0,0.0000,0.0000,17,100.850,0.0000,0,0.9213,,0.850,0,
1161,4,26,fog-35,1,fog,4300.0,0.0000,0.0000,17,100.850,0.0000,0,0.9194,,0.850,0,
1162,4,26,fog-35,1,fog,4400.0,0.0000,0.0000,35,101.300,0.4790,0,0.9175,,0.850,0,
1163,4,26,fog-35,1,fog,4500.0,0.0000,0.0000,54,101.650,0.7605,0,0.9156,,0.850,0,
1164,4,26,fog-35,1,fog,4600.0,0.0000,0.0000,38,101.350,0.5356,0,0.9138,,0.850,0,
1165,4,26,fog-35,1,fog,4700.0,0.0000,0.0000,35,101.300,0.5265,0,0.9119,,0.850,0,
1166,4,26,fog-35,1,fog,4800.0,0.0000,0.0000,31,101.200,0.4930,0,0.9100,,0.850,0,
1167,4,26,fog-35,1,fog,4900.0,0.0000,0.0000,38,101.350,0.5340,0,0.9081,,0.850,0,
1168,4,26,fog-35,1,fog,5000.0,0.0000,0.0000,17,100.850,0.0000,0,0.9063,,0.850,0,
1169,4,27,fog-36,1,fog,0.0,0.0000,0.0000,0,100.000,,0,1.0000,,0.850,0,
1170,4,27,fog-36,1,fog,100.0,0.0000,0.0000,0,100.000,,0,0.9981,,0.850,0,
1171,4,27,fog-36,1,fog,200.0,0.0000,0.0000,0,100.000,,0,0.9963,,0.850,0,
1172,4,27,fog-36,1,fog,300.0,0.0000,0.0000,5,100.250,0.0000,0,0.9944,,0.850,0,
1173,4,27,fog-36,1,fog,400.0,0.0000,0.0000,17,100.850,0.0000,0,0.9925,,0.850,0,
1174,4,27,fog-36,1,fog,500.0,0.0000,0.0000,17,100.850,0.0000,0,0.9906,,0.850,0,
1175,4,27,fog-36,1,fog,600.0,0.0000,0.0000,17,100.850,0.0000,0,0.9888,,0.850,0,
1176,4,27,fog-36,1,fog,700.0,0.0000,0.0000,17,100.850,0.0000,0,0.9869,,0.850,0,
1177,4,27,fog-36,1,fog,800.0,0.0000,0.0000,17,100.850,0.0000,0,0.9850,,0.850,0,
1178,4,27,fog-36,1,fog,900.0,0.0000,0.0000,16,100.800,0.0000,0,0.9831,,0.850,0,
1179,4,27,fog-36,1,fog,1000.0,0.0000,0.0000,17,100.850,0.0000,0,0.9813,,0.850,0,
1180,4,27,fog-36,1,fog,1100.0,0.0000,0.0000,17,100.850,0.0000,0,0.9794,,0.850,0,
1181,4,27,fog-36,1,fog,1200.0,0.0000,0.0000,17,100.850,0.0000,0,0.9775,,0.850,0,
1182,4,27,fog-36,1,fog,1300.0,0.0000,0.0000,17,100.850,0.0000,0,0.9756,,0.850,0,
1183,4,27,fog-36,1,fog,1400.0,0.0000,0.0000,17,100.850,0.0000,0,0.9738,,0.850,0,
1184,4,27,fog-36,1,fog,1500.0,0.0000,0.0000,17,100.850,0.0000,0,0.9719,,0.850,0,
1185,4,27,fog-36,1,fog,1600.0,0.0000,0.0000,17,100.850,0.0000,0,0.9700,,0.850,0,
1186,4,27,fog-36,1,fog,1700.0,0.0000,0.0000,17,100.850,0.0000,0,0.9681,,0.850,0,
1187,4,27,fog-36,1,fog,1800.0,0.0000,0.0000,17,100.850,0.0000,0,0.9663,,0.850,0,
1188,4,27,fog-36,1,fog,1900.0,0.0000,0.0000,17,100.850,0.0000,0,0.9644,,0.850,0,
1189,4,27,fog-36,1,fog,2000.0,0.0000,0.0000,17,100.850,0.0000,0,0.9625,,0.850,0,
1190,4,27,fog-36,1,fog,2100.0,0.0000,0.0000,17,100.850,0.0000,0,0.9606,,0.850,0,
1191,4,27,fog-36,1,fog,2200.0,0.0000,0.0000,17,100.850,0.0000,0,0.9588,,0.850,0,
1192,4,27,fog-36,1,fog,2300.0,0.0000,0.0000,17,100.850,0.0000,0,0.9569,,0.850,0,
1193,4,27,fog-36,1,fog,2400.0,0.0000,0.0000,17,100.850,0.0000,0,0.9550,,0.850,0,
1194,4,27,fog-36,1,fog,2500.0,0.0000,0.0000,17,100.850,0.0000,0,0.9531,,0.850,0,
1195,4,27,fog-36,1,fog,2600.0,0.0000,0.0000,17,100.850,0.0000,0,0.9513,,0.850,0,
1196,4,27,fog-36,1,fog,2700.0,0.0000,0.0000,17,100.850,0.0000,0,0.9494,,0.850,0,
1197,4,27,fog-36,1,fog,2800.0,0.0000,0.0000,16,100.800,0.0000,0,0.9475,,0.850,0,
1198,4,27,fog-36,1,fog,2900.0,0.0000,0.0000,17,100.850,0.0000,0,0.9456,,0.850,0,
1199,4,27,fog-36,1,fog,3000.0,0.0000,0.0000,17,100.850,0.0000,0,0.9438,,0.850,0,
1200,4,27,fog-36,1,fog,3100.0,0.0000,0.0000,17,100.850,0.0000,0,0.9419,,0.850,0,
1201,4,27,fog-36,1,fog,3200.0,0.0000,0.0000,17,100.850,0.0000,0,0.9400,,0.850,0,
1202,4,27,fog-36,1,fog,3300.0,0.0000,0.0000,17,100.850,0.0000,0,0.9381,,0.850,0,
1203,4,27,fog-36,1,fog,3400.0,0.0000,0.0000,17,100.850,0.0000,0,0.9363,,0.850,0,
1204,4,27,fog-36,1,fog,3500.0,0.0000,0.0000,17,100.850,0.0000,0,0.9344,,0.850,0,
1205,4,27,fog-36,1,fog,3600.0,0.0000,0.0000,17,100.850,0.0000,0,0.9325,,0.850,0,
1206,4,27,fog-36,1,fog,3700.0,0.0000,0.0000,17,100.850,0.0000,0,0.9306,,0.850,0,
1207,4,27,fog-36,1,fog,3800.0,0.0000,0.0000,17,100.850,0.0000,0,0.9288,,0.850,0,
1208,4,27,fog-36,1,fog,3900.0,0.0000,0.0000,17,100.850,0.0000,0,0.9269,,0.850,0,
1209,4,27,fog-36,1,fog,4000.0,0.0000,0.0000,17,100.850,0.0000,0,0.9250,,0.850,0,
1210,4,27,fog-36,1,fog,4100.0,0.0000,0.0000,17,100.850,0.0000,0,0.9231,,0.850,0,
1211,4,27,fog-36,1,fog,4200.0,0.0000,0.0000,17,100.850,0.0000,0,0.9213,,0.850,0,
1212,4,27,fog-36,1,fog,4300.0,0.0000,0.0000,17,100.850,0.0000,0,0.9194,,0.850,0,
1213,4,27,fog-36,1,fog,4400.0,0.0000,0.0000,17,100.850,0.0000,0,0.9175,,0.850,0,
1214,4,27,fog-36,1,fog,4500.0,0.0000,0.0000,17,100.850,0.0000,0,0.9156,,0.850,0,
1215,4,27,fog-36,1,fog,4600.0,0.0000,0.0000,17,100.850,0.0000,0,0.9138,,0.850,0,
1216,4,27,fog-36,1,fog,4700.0,0.0000,0.0000,17,100.850,0.0000,0,0.9119,,0.850,0,
1217,4,27,fog-36,1,fog,4800.0,0.0000,0.0000,16,100.800,0.0000,0,0.9100,,0.850,0,
1218,4,27,fog-36,1,fog,4900.0,0.0000,0.0000,17,100.850,0.0000,0,0.9081,,0.850,0,
1219,4,27,fog-36,1,fog,5000.0,0.0000,0.0000,17,100.850,0.0000,0,0.9063,,0.850,0,
1220,4,28,fog-37,1,fog,0.0,0.0000,0.0000,0,100.000,,0,1.0000,,0.850,0,
1221,4,28,fog-37,1,fog,100.0,0.0000,0.0000,0,100.000,,0,0.9981,,0.850,0,
1222,4,28,fog-37,1,fog,200.0,0.0000,0.0000,0,100.000,,0,0.9963,,0.850,0,
1223,4,28,fog-37,1,fog,300.0,0.0000,0.0000,5,100.250,0.0000,0,0.9944,,0.850,0,
1224,4,28,fog-37,1,fog,400.0,0.0000,0.0000,17,100.850,0.0000,0,0.9925,,0.850,0,
1225,4,28,fog-37,1,fog,500.0,0.0000,0.0000,17,100.850,0.0000,0,0.9906,,0.850,0,
1226,4,28,fog-37,1,fog,600.0,0.0000,0.0000,17,100.850,0.0000,0,0.9888,,0.850,0,
1227,4,28,fog-37,1,fog,700.0,0.0000,0.0000,17,100.850,0.0000,0,0.9869,,0.850,0,
1228,4,28,fog-37,1,fog,800.0,0.0000,0.0000,17,100.850,0.0000,0,0.9850,,0.850,0,
1229,4,28,fog-37,1,fog,900.0,0.0000,0.0000,16,100.800,0.0000,0,0.9831,,0.850,0,
1230,4,28,fog-37,1,fog,1000.0,0.0000,0.0000,17,100.850,0.0000,0,0.9813,,0.850,0,
1231,4,28,fog-37,1,fog,1100.0,0.0000,0.0000,17,100.850,0.0000,0,0.9794,,0.850,0,
1232,4,28,fog-37,1,fog,1200.0,0.0000,0.0000,17,100.850,0.0000,0,0.9775,,0.850,0,
1233,4,28,fog-37,1,fog,1300.0,0.0000,0.0000,17,100.850,0.0000,0,0.9756,,0.850,0,
1234,4,28,fog-37,1,fog,1400.0,0.0000,0.0000,17,100.850,0.0000,0,0.9738,,0.850,0,
1235,4,28,fog-37,1,fog,1500.0,0.0000,0.0000,17,100.850,0.0000,0,0.9719,,0.850,0,
1236,4,28,fog-37,1,fog,1600.0,0.0000,0.0000,17,100.850,0.0000,0,0.9700,,0.850,0,
1237,4,28,fog-37,1,fog,1700.0,0.0000,0.0000,17,100.850,0.0000,0,0.9681,,0.850,0,
1238,4,28,fog-37,1,fog,1800.0,0.0000,0.0000,17,100.850,0.0000,0,0.9663,,0.850,0,
1239,4,28,fog-37,1,fog,1900.0,0.0000,0.0000,17,100.850,0.0000,0,0.9644,,0.850,0,
1240,4,28,fog-37,1,fog,2000.0,0.0000,0.0000,17,100.850,0.0000,0,0.9625,,0.850,0,
1241,4,28,fog-37,1,fog,2100.0,0.0000,0.0000,17,100.850,0.0000,0,0.9606,,0.850,0,
1242,4,28,fog-37,1,fog,2200.0,0.0000,0.0000,17,100.850,0.0000,0,0.9588,,0.850,0,
1243,4,28,fog-37,1,fog,2300.0,0.0000,0.0000,17,100.850,0.0000,0,0.9569,,0.850,0,
1244,4,28,fog-37,1,fog,2400.0,0.0000,0.0000,17,100.850,0.0000,0,0.9550,,0.850,0,
1245,4,28,fog-37,1,fog,2500.0,0.0000,0.0000,17,100.850,0.0000,0,0.9531,,0.850,0,
1246,4,28,fog-37,1,fog,2600.0,0.0000,0.0000,17,100.850,0.0000,0,0.9513,,0.850,0,
1247,4,28,fog-37,1,fog,2700.0,0.0000,0.0000,17,100.850,0.0000,0,0.9494,,0.850,0,
1248,4,28,fog-37,1,fog,2800.0,0.0000,0.0000,16,100.800,0.0000,0,0.9475,,0.850,0,
1249,4,28,fog-37,1,fog,2900.0,0.0000,0.0000,17,100.850,0.0000,0,0.9456,,0.850,0,
1250,4,28,fog-37,1,fog,3000.0,0.0000,0.0000,17,100.850,0.0000,0,0.9438,,0.850,0,
1251,4,28,fog-37,1,fog,3100.0,0.0000,0.0000,17,100.850,0.0000,0,0.9419,,0.850,0,
1252,4,28,fog-37,1,fog,3200.0,0.0000,0.0000,17,100.850,0.0000,0,0.9400,,0.850,0,
1253,4,28,fog-37,1,fog,3300.0,0.0000,0.0000,17,100.850,0.0000,0,0.9381,,0.850,0,
1254,4,28,fog-37,1,fog,3400.0,0.0000,0.0000,17,100.850,0.0000,0,0.9363,,0.850,0,
1255,4,28,fog-37,1,fog,3500.0,0.0000,0.0000,17,100.850,0.0000,0,0.9344,,0.850,0,
1256,4,28,fog-37,1,fog,3600.0,0.0000,0.0000,17,100.850,0.0000,0,0.9325,,0.850,0,
1257,4,28,fog-37,1,fog,3700.0,0.0000,0.0000,17,100.850,0.0000,0,0.9306,,0.850,0,
1258,4,28,fog-37,1,fog,3800.0,0.0000,0.0000,17,100.850,0.0000,0,0.9288,,0.850,0,
1259,4,28,fog-37,1,fog,3900.0,0.0000,0.0000,17,100.850,0.0000,0,0.9269,,0.850,0,
1260,4,28,fog-37,1,fog,4000.0,0.0000,0.0000,17,100.850,0.0000,0,0.9250,,0.850,0,
1261,4,28,fog-37,1,fog,4100.0,0.0000,0.0000,17,100.850,0.0000,0,0.9231,,0.850,0,
1262,4,28,fog-37,1,fog,4200.0,0.0000,0.0000,17,100.850,0.0000,0,0.9213,,0.850,0,
1263,4,28,fog-37,1,fog,4300.0,0.0000,0.0000,17,100.850,0.0000,0,0.9194,,0.850,0,
1264,4,28,fog-37,1,fog,4400.0,0.0000,0.0000,17,100.850,0.0000,0,0.9175,,0.850,0,
1265,4,28,fog-37,1,fog,4500.0,0.0000,0.0000,17,100.850,0.0000,0,0.9156,,0.850,0,
1266,4,28,fog-37,1,fog,4600.0,0.0000,0.0000,17,100.850,0.0000,0,0.9138,,0.850,0,
1267,4,28,fog-37,1,fog,4700.0,0.0000,0.0000,17,100.850,0.0000,0,0.9119,,0.850,0,
1268,4,28,fog-37,1,fog,4800.0,0.0000,0.0000,16,100.800,0.0000,0,0.9100,,0.850,0,
1269,4,28,fog-37,1,fog,4900.0,0.0000,0.0000,17,100.850,0.0000,0,0.9081,,0.850,0,
1270,4,28,fog-37,1,fog,5000.0,0.0000,0.0000,17,100.850,0.0000,0,0.9063,,0.850,0,
1271,4,29,fog-38,1,fog,0.0,0.0000,0.0000,0,100.000,,0,1.0000,,0.850,0,
1272,4,29,fog-38,1,fog,100.0,0.0000,0.0000,16,100.550,1.0000,0,0.9981,,0.850,0,
1273,4,29,fog-38,1,fog,200.0,0.0000,0.0000,12,100.450,0.0000,0,0.9963,,0.850,0,
1274,4,29,fog-38,1,fog,300.0,0.0000,0.0000,36,101.100,0.9509,0,0.9944,,0.850,0,
1275,4,29,fog-38,1,fog,400.0,0.0000,0.0000,99,102.700,1.0000,0,0.9925,,0.850,0,
1276,4,29,fog-38,1,fog,500.0,0.0000,0.0000,118,103.150,1.0000,0,0.9906,,0.850,0,
1277,4,29,fog-38,1,fog,600.0,0.0000,0.0000,79,102.200,1.0000,0,0.9888,,0.850,0,
1278,4,29,fog-38,1,fog,700.0,0.0000,0.0000,102,102.750,1.0000,0,0.9869,,0.850,0,
1279,4,29,fog-38,1,fog,800.0,0.0000,0.0000,87,102.400,1.0000,0,0.9850,,0.850,0,
1280,4,29,fog-38,1,fog,900.0,0.0000,0.0000,114,103.050,1.0000,0,0.9831,,0.850,0,
1281,4,29,fog-38,1,fog,1000.0,0.0000,0.0000,118,103.150,1.0000,0,0.9813,,0.850,0,
1282,4,29,fog-38,1,fog,1100.0,0.0000,0.0000,56,101.700,0.7961,0,0.9794,,0.850,0,
1283,4,29,fog-38,1,fog,1200.0,0.0000,0.0000,54,101.650,0.7631,0,0.9775,,0.850,0,
1284,4,29,fog-38,1,fog,1300.0,0.0000,0.0000,63,101.850,0.8838,0,0.9756,,0.850,0,
1285,4,29,fog-38,1,fog,1400.0,0.0000,0.0000,76,102.150,1.0000,0,0.9738,,0.850,0,
1286,4,29,fog-38,1,fog,1500.0,0.0000,0.0000,95,102.600,1.0000,0,0.9719,,0.850,0,
1287,4,29,fog-38,1,fog,1600.0,0.0000,0.0000,63,101.850,0.8826,0,0.9700,,0.850,0,
1288,4,29,fog-38,1,fog,1700.0,0.0000,0.0000,79,102.200,1.0000,0,0.9681,,0.850,0,
1289,4,29,fog-38,1,fog,1800.0,0.0000,0.0000,68,101.950,0.9183,0,0.9663,,0.850,0,
1290,4,29,fog-38,1,fog,1900.0,0.0000,0.0000,74,102.100,0.9103,0,0.9644,,0.850,0,
1291,4,29,fog-38,1,fog,2000.0,0.0000,0.0000,79,102.200,0.9285,0,0.9625,,0.850,0,
1292,4,29,fog-38,1,fog,2100.0,0.0000,0.0000,81,102.250,0.9092,0,0.9606,,0.850,0,
1293,4,29,fog-38,1,fog,2200.0,0.0000,0.0000,56,101.700,0.6982,0,0.9588,,0.850,0,
1294,4,29,fog-38,1,fog,2300.0,0.0000,0.0000,49,101.550,0.7387,0,0.9569,,0.850,0,
1295,4,29,fog-38,1,fog,2400.0,0.0000,0.0000,104,102.800,1.0000,0,0.9550,,0.850,0,
1296,4,29,fog-38,1,fog,2500.0,0.0000,0.0000,102,102.750,1.0000,0,0.9531,,0.850,0,
1297,4,29,fog-38,1,fog,2600.0,0.0000,0.0000,32,101.250,0.4891,0,0.9513,,0.850,0,
1298,4,29,fog-38,1,fog,2700.0,0.0000,0.0000,56,101.700,0.7812,0,0.9494,,0.850,0,
1299,4,29,fog-38,1,fog,2800.0,0.0000,0.0000,59,101.750,0.8520,0,0.9475,,0.850,0,
1300,4,29,fog-38,1,fog,2900.0,0.0000,0.0000,59,101.750,0.7482,0,0.9456,,0.850,0,
1301,4,29,fog-38,1,fog,3000.0,0.0000,0.0000,61,101.800,0.7574,0,0.9438,,0.850,0,
1302,4,29,fog-38,1,fog,3100.0,0.0000,0.0000,76,102.150,0.9303,0,0.9419,,0.850,0,
1303,4,29,fog-38,1,fog,3200.0,0.0000,0.0000,17,100.850,0.0000,0,0.9400,,0.850,0,
1304,4,29,fog-38,1,fog,3300.0,0.0000,0.0000,17,100.850,0.0000,0,0.9381,,0.850,0,
1305,4,29,fog-38,1,fog,3400.0,0.0000,0.0000,17,100.850,0.0000,0,0.9363,,0.850,0,
1306,4,29,fog-38,1,fog,3500.0,0.0000,0.0000,17,100.850,0.0000,0,0.9344,,0.850,0,
1307,4,29,fog-38,1,fog,3600.0,0.0000,0.0000,38,101.350,0.5352,0,0.9325,,0.850,0,
1308,4,29,fog-38,1,fog,3700.0,0.0000,0.0000,17,100.850,0.0000,0,0.9306,,0.850,0,
1309,4,29,fog-38,1,fog,3800.0,0.0000,0.0000,61,101.800,0.8243,0,0.9288,,0.850,0,
1310,4,29,fog-38,1,fog,3900.0,0.0000,0.0000,35,101.300,0.5435,0,0.9269,,0.850,0,
1311,4,29,fog-38,1,fog,4000.0,0.0000,0.0000,35,101.300,0.5420,0,0.9250,,0.850,0,
1312,4,29,fog-38,1,fog,4100.0,0.0000,0.0000,91,102.500,1.0000,0,0.9231,,0.850,0,
1313,4,29,fog-38,1,fog,4200.0,0.0000,0.0000,106,102.850,1.0000,0,0.9213,,0.850,0,
1314,4,29,fog-38,1,fog,4300.0,0.0000,0.0000,81,102.250,1.0000,0,0.9194,,0.850,0,
1315,4,29,fog-38,1,fog,4400.0,0.0000,0.0000,70,102.000,0.9244,0,0.9175,,0.850,0,
1316,4,29,fog-38,1,fog,4500.0,0.0000,0.0000,122,103.250,1.0000,0,0.9156,,0.850,0,
1317,4,29,fog-38,1,fog,4600.0,0.0000,0.0000,118,103.150,1.0000,0,0.9138,,0.850,0,
1318,4,29,fog-38,1,fog,4700.0,0.0000,0.0000,95,102.550,1.0000,0,0.9119,,0.850,0,
1319,4,29,fog-38,1,fog,4800.0,0.0000,0.0000,75,102.100,0.9508,0,0.9100,,0.850,0,
1320,4,29,fog-38,1,fog,4900.0,0.0000,0.0000,93,102.550,1.0000,0,0.9081,,0.850,0,
1321,4,29,fog-38,1,fog,5000.0,0.0000,0.0000,63,101.850,0.8370,0,0.9063,,0.850,0,
1322,4,30,fog-39,1,fog,0.0,0.0000,0.0000,0,100.000,,0,1.0000,,0.850,0,
1323,4,30,fog-39,1,fog,100.0,0.0000,0.0000,0,100.000,,0,0.9981,,0.850,0,
1324,4,30,fog-39,1,fog,200.0,0.0000,0.0000,0,100.000,,0,0.9963,,0.850,0,
1325,4,30,fog-39,1,fog,300.0,0.0000,0.0000,5,100.250,0.0000,0,0.9944,,0.850,0,
1326,4,30,fog-39,1,fog,400.0,0.0000,0.0000,17,100.850,0.0000,0,0.9925,,0.850,0,
1327,4,30,fog-39,1,fog,500.0,0.0000,0.0000,17,100.850,0.0000,0,0.9906,,0.850,0,
1328,4,30,fog-39,1,fog,600.0,0.0000,0.0000,17,100.850,0.0000,0,0.9888,,0.850,0,
1329,4,30,fog-39,1,fog,700.0,0.0000,0.0000,17,100.850,0.0000,0,0.9869,,0.850,0,
1330,4,30,fog-39,1,fog,800.0,0.0000,0.0000,16,100.800,0.0000,0,0.9850,,0.850,0,
1331,4,30,fog-39,1,fog,900.0,0.0000,0.0000,17,100.850,0.0000,0,0.9831,,0.850,0,
1332,4,30,fog-39,1,fog,1000.0,0.0000,0.0000,17,100.850,0.0000,0,0.9813,,0.850,0,
1333,4,30,fog-39,1,fog,1100.0,0.0000,0.0000,17,100.850,0.0000,0,0.9794,,0.850,0,
1334,4,30,fog-39,1,fog,1200.0,0.0000,0.0000,17,100.850,0.0000,0,0.9775,,0.850,0,
1335,4,30,fog-39,1,fog,1300.0,0.0000,0.0000,17,100.850,0.0000,0,0.9756,,0.850,0,
1336,4,30,fog-39,1,fog,1400.0,0.0000,0.0000,17,100.850,0.0000,0,0.9738,,0.850,0,
1337,4,30,fog-39,1,fog,1500.0,0.0000,0.0000,17,100.850,0.0000,0,0.9719,,0.850,0,
1338,4,30,fog-39,1,fog,1600.0,0.0000,0.0000,17,100.850,0.0000,0,0.9700,,0.850,0,
1339,4,30,fog-39,1,fog,1700.0,0.0000,0.0000,17,100.850,0.0000,0,0.9681,,0.850,0,
1340,4,30,fog-39,1,fog,1800.0,0.0000,0.0000,17,100.850,0.0000,0,0.9663,,0.850,0,
1341,4,30,fog-39,1,fog,1900.0,0.0000,0.0000,17,100.850,0.0000,0,0.9644,,0.850,0,
1342,4,30,fog-39,1,fog,2000.0,0.0000,0.0000,17,100.850,0.0000,0,0.9625,,0.850,0,
1343,4,30,fog-39,1,fog,2100.0,0.0000,0.0000,17,100.850,0.0000,0,0.9606,,0.850,0,
1344,4,30,fog-39,1,fog,2200.0,0.0000,0.0000,17,100.850,0.0000,0,0.9588,,0.850,0,
1345,4,30,fog-39,1,fog,2300.0,0.0000,0.0000,17,100.850,0.0000,0,0.9569,,0.850,0,
1346,4,30,fog-39,1,fog,2400.0,0.0000,0.0000,17,100.850,0.0000,0,0.9550,,0.850,0,
1347,4,30,fog-39,1,fog,2500.0,0.0000,0.0000,17,100.850,0.0000,0,0.9531,,0.850,0,
1348,4,30,fog-39,1,fog,2600.0,0.0000,0.0000,17,100.850,0.0000,0,0.9513,,0.850,0,
1349,4,30,fog-39,1,fog,2700.0,0.0000,0.0000,17,100.850,0.0000,0,0.9494,,0.850,0,
1350,4,30,fog-39,1,fog,2800.0,0.0000,0.0000,16,100.800,0.0000,0,0.9475,,0.850,0,
1351,4,30,fog-39,1,fog,2900.0,0.0000,0.0000,17,100.850,0.0000,0,0.9456,,0.850,0,
1352,4,30,fog-39,1,fog,3000.0,0.0000,0.0000,17,100.850,0.0000,0,0.9438,,0.850,0,
1353,4,30,fog-39,1,fog,3100.0,0.0000,0.0000,17,100.850,0.0000,0,0.9419,,0.850,0,
1354,4,30,fog-39,1,fog,3200.0,0.0000,0.0000,17,100.850,0.0000,0,0.9400,,0.850,0,
1355,4,30,fog-39,1,fog,3300.0,0.0000,0.0000,17,100.850,0.0000,0,0.9381,,0.850,0,
1356,4,30,fog-39,1,fog,3400.0,0.0000,0.0000,17,100.850,0.0000,0,0.9363,,0.850,0,
1357,4,30,fog-39,1,fog,3500.0,0.0000,0.0000,17,100.850,0.0000,0,0.9344,,0.850,0,
1358,4,30,fog-39,1,fog,3600.0,0.0000,0.0000,17,100.850,0.0000,0,0.9325,,0.850,0,
1359,4,30,fog-39,1,fog,3700.0,0.0000,0.0000,17,100.850,0.0000,0,0.9306,,0.850,0,
1360,4,30,fog-39,1,fog,3800.0,0.0000,0.0000,17,100.850,0.0000,0,0.9288,,0.850,0,
1361,4,30,fog-39,1,fog,3900.0,0.0000,0.0000,17,100.850,0.0000,0,0.9269,,0.850,0,
1362,4,30,fog-39,1,fog,4000.0,0.0000,0.0000,17,100.850,0.0000,0,0.9250,,0.850,0,
1363,4,30,fog-39,1,fog,4100.0,0.0000,0.0000,17,100.850,0.0000,0,0.9231,,0.850,0,
1364,4,30,fog-39,1,fog,4200.0,0.0000,0.0000,17,100.850,0.0000,0,0.9213,,0.850,0,
1365,4,30,fog-39,1,fog,4300.0,0.0000,0.0000,17,100.850,0.0000,0,0.9194,,0.850,0,
1366,4,30,fog-39,1,fog,4400.0,0.0000,0.0000,17,100.850,0.0000,0,0.9175,,0.850,0,
1367,4,30,fog-39,1,fog,4500.0,0.0000,0.0000,17,100.850,0.0000,0,0.9156,,0.850,0,
1368,4,30,fog-39,1,fog,4600.0,0.0000,0.0000,17,100.850,0.0000,0,0.9138,,0.850,0,
1369,4,30,fog-39,1,fog,4700.0,0.0000,0.0000,17,100.850,0.0000,0,0.9119,,0.850,0,
1370,4,30,fog-39,1,fog,4800.0,0.0000,0.0000,16,100.800,0.0000,0,0.9100,,0.850,0,
1371,4,30,fog-39,1,fog,4900.0,0.0000,0.0000,17,100.850,0.0000,0,0.9081,,0.850,0,
1372,4,30,fog-39,1,fog,5000.0,0.0000,0.0000,17,100.850,0.0000,0,0.9063,,0.850,0,
1373,4,31,fog-40,1,fog,0.0,0.0000,0.0000,0,100.000,,0,1.0000,,0.850,0,4876.8
1374,4,31,fog-40,1,fog,100.0,0.0000,0.0000,0,100.000,,0,0.9981,,0.850,0,4876.8
1375,4,31,fog-40,1,fog,200.0,0.0000,0.0000,0,100.000,,0,0.9963,,0.850,0,4876.8
1376,4,31,fog-40,1,fog,300.0,0.0000,0.0000,5,100.250,0.0000,0,0.9944,,0.850,0,4876.8
1377,4,31,fog-40,1,fog,400.0,0.0000,0.0000,17,100.850,0.0000,0,0.9925,,0.850,0,4876.8
1378,4,31,fog-40,1,fog,500.0,0.0000,0.0000,17,100.850,0.0000,0,0.9906,,0.850,0,4876.8
1379,4,31,fog-40,1,fog,600.0,0.0000,0.0000,17,100.850,0.0000,0,0.9888,,0.850,0,4876.8
1380,4,31,fog-40,1,fog,700.0,0.0000,0.0000,17,100.850,0.0000,0,0.9869,,0.850,0,4876.8
1381,4,31,fog-40,1,fog,800.0,0.0000,0.0000,16,100.800,0.0000,0,0.9850,,0.850,0,4876.8
1382,4,31,fog-40,1,fog,900.0,0.0000,0.0000,17,100.850,0.0000,0,0.9831,,0.850,0,4876.8
1383,4,31,fog-40,1,fog,1000.0,0.0000,0.0000,17,100.850,0.0000,0,0.9813,,0.850,0,4876.8
1384,4,31,fog-40,1,fog,1100.0,0.0000,0.0000,17,100.850,0.0000,0,0.9794,,0.850,0,4876.8
1385,4,31,fog-40,1,fog,1200.0,0.0000,0.0000,17,100.850,0.0000,0,0.9775,,0.850,0,4876.8
1386,4,31,fog-40,1,fog,1300.0,0.0000,0.0000,17,100.850,0.0000,0,0.9756,,0.850,0,4876.8
1387,4,31,fog-40,1,fog,1400.0,0.0000,0.0000,17,100.850,0.0000,0,0.9738,,0.850,0,4876.8
1388,4,31,fog-40,1,fog,1500.0,0.0000,0.0000,17,100.850,0.0000,0,0.9719,,0.850,0,4876.8
1389,4,31,fog-40,1,fog,1600.0,0.0000,0.0000,17,100.850,0.0000,0,0.9700,,0.850,0,4876.8
1390,4,31,fog-40,1,fog,1700.0,0.0000,0.0000,17,100.850,0.0000,0,0.9681,,0.850,0,4876.8
1391,4,31,fog-40,1,fog,1800.0,0.0000,0.0000,17,100.850,0.0000,0,0.9663,,0.850,0,4876.8
1392,4,31,fog-40,1,fog,1900.0,0.0000,0.0000,17,100.850,0.0000,0,0.9644,,0.850,0,4876.8
1393,4,31,fog-40,1,fog,2000.0,0.0000,0.0000,17,100.850,0.0000,0,0.9625,,0.850,0,4876.8
1394,4,31,fog-40,1,fog,2100.0,0.0000,0.0000,17,100.850,0.0000,0,0.9606,,0.850,0,4876.8
1395,4,31,fog-40,1,fog,2200.0,0.0000,0.0000,17,100.850,0.0000,0,0.9588,,0.850,0,4876.8
1396,4,31,fog-40,1,fog,2300.0,0.0000,0.0000,17,100.850,0.0000,0,0.9569,,0.850,0,4876.8
1397,4,31,fog-40,1,fog,2400.0,0.0000,0.0000,17,100.850,0.0000,0,0.9550,,0.850,0,4876.8
1398,4,31,fog-40,1,fog,2500.0,0.0000,0.0000,17,100.850,0.0000,0,0.9531,,0.850,0,4876.8
1399,4,31,fog-40,1,fog,2600.0,0.0000,0.0000,17,100.850,0.0000,0,0.9513,,0.850,0,4876.8
1400,4,31,fog-40,1,fog,2700.0,0.0000,0.0000,17,100.850,0.0000,0,0.9494,,0.850,0,4876.8
1401,4,31,fog-40,1,fog,2800.0,0.0000,0.0000,16,100.800,0.0000,0,0.9475,,0.850,0,4876.8
1402,4,31,fog-40,1,fog,2900.0,0.0000,0.0000,17,100.850,0.0000,0,0.9456,,0.850,0,4876.8
1403,4,31,fog-40,1,fog,3000.0,0.0000,0.0000,17,100.850,0.0000,0,0.9438,,0.850,0,4876.8
1404,4,31,fog-40,1,fog,3100.0,0.0000,0.0000,17,100.850,0.0000,0,0.9419,,0.850,0,4876.8
1405,4,31,fog-40,1,fog,3200.0,0.0000,0.0000,17,100.850,0.0000,0,0.9400,,0.850,0,4876.8
1406,4,31,fog-40,1,fog,3300.0,0.0000,0.0000,17,100.850,0.0000,0,0.9381,,0.850,0,4876.8
1407,4,31,fog-40,1,fog,3400.0,0.0000,0.0000,17,100.850,0.0000,0,0.9363,,0.850,0,4876.8
1408,4,31,fog-40,1,fog,3500.0,0.0000,0.0000,17,100.850,0.0000,0,0.9344,,0.850,0,4876.8
1409,4,31,fog-40,1,fog,3600.0,0.0000,0.0000,17,100.850,0.0000,0,0.9325,,0.850,0,4876.8
1410,4,31,fog-40,1,fog,3700.0,0.0000,0.0000,17,100.850,0.0000,0,0.9306,,0.850,0,4876.8
1411,4,31,fog-40,1,fog,3800.0,0.0000,0.0000,17,100.850,0.0000,0,0.9288,,0.850,0,4876.8
1412,4,31,fog-40,1,fog,3900.0,0.0000,0.0000,17,100.850,0.0000,0,0.9269,,0.850,0,4876.8
1413,4,31,fog-40,1,fog,4000.0,0.0000,0.0000,17,100.850,0.0000,0,0.9250,,0.850,0,4876.8
1414,4,31,fog-40,1,fog,4100.0,0.0000,0.0000,17,100.850,0.0000,0,0.9231,,0.850,0,4876.8
1415,4,31,fog-40,1,fog,4200.0,0.0000,0.0000,17,100.850,0.0000,0,0.9213,,0.850,0,4876.8
1416,4,31,fog-40,1,fog,4300.0,0.0000,0.0000,17,100.850,0.0000,0,0.9194,,0.850,0,4876.8
1417,4,31,fog-40,1,fog,4400.0,0.0000,0.0000,17,100.850,0.0000,0,0.9175,,0.850,0,4876.8
1418,4,31,fog-40,1,fog,4500.0,0.0000,0.0000,17,100.850,0.0000,0,0.9156,,0.850,0,4876.8
1419,4,31,fog-40,1,fog,4600.0,0.0000,0.0000,17,100.850,0.0000,0,0.9138,,0.850,0,4876.8
1420,4,31,fog-40,1,fog,4700.0,0.0000,0.0000,16,100.800,0.0000,0,0.9119,,0.850,1,4876.8
1421,4,31,fog-40,1,fog,4800.0,0.0000,0.0000,17,100.850,0.0000,0,0.9100,,0.850,1,4876.8
1422,4,32,fog-41,1,fog,0.0,0.0000,0.0000,0,100.000,,0,1.0000,,0.850,0,
1423,4,32,fog-41,1,fog,100.0,0.0000,0.0000,10,100.400,1.0000,0,0.9981,,0.850,0,
1424,4,32,fog-41,1,fog,200.0,0.0000,0.0000,30,100.900,0.9332,0,0.9963,,0.850,0,
1425,4,32,fog-41,1,fog,300.0,0.0000,0.0000,73,102.000,1.0000,0,0.9944,,0.850,0,
1426,4,32,fog-41,1,fog,400.0,0.0000,0.0000,79,102.200,1.0000,0,0.9925,,0.850,0,
1427,4,32,fog-41,1,fog,500.0,0.0000,0.0000,17,100.850,0.0000,0,0.9906,,0.850,0,
1428,4,32,fog-41,1,fog,600.0,0.0000,0.0000,35,101.300,0.5399,0,0.9888,,0.850,0,
1429,4,32,fog-41,1,fog,700.0,0.0000,0.0000,17,100.850,0.0000,0,0.9869,,0.850,0,
1430,4,32,fog-41,1,fog,800.0,0.0000,0.0000,16,100.800,0.0000,0,0.9850,,0.850,0,
1431,4,32,fog-41,1,fog,900.0,0.0000,0.0000,17,100.850,0.0000,0,0.9831,,0.850,0,
1432,4,32,fog-41,1,fog,1000.0,0.0000,0.0000,61,101.800,0.7469,0,0.9813,,0.850,0,
1433,4,32,fog-41,1,fog,1100.0,0.0000,0.0000,38,101.350,0.5337,0,0.9794,,0.850,0,
1434,4,32,fog-41,1,fog,1200.0,0.0000,0.0000,17,100.850,0.0000,0,0.9775,,0.850,0,
1435,4,32,fog-41,1,fog,1300.0,0.0000,0.0000,74,102.100,0.9218,0,0.9756,,0.850,0,
1436,4,32,fog-41,1,fog,1400.0,0.0000,0.0000,56,101.700,0.7271,0,0.9738,,0.850,0,
1437,4,32,fog-41,1,fog,1500.0,0.0000,0.0000,76,102.150,1.0000,0,0.9719,,0.850,0,
1438,4,32,fog-41,1,fog,1600.0,0.0000,0.0000,81,102.250,1.0000,0,0.9700,,0.850,0,
1439,4,32,fog-41,1,fog,1700.0,0.0000,0.0000,83,102.300,0.9659,0,0.9681,,0.850,0,
1440,4,32,fog-41,1,fog,1800.0,0.0000,0.0000,59,101.750,0.7037,0,0.9663,,0.850,0,
1441,4,32,fog-41,1,fog,1900.0,0.0000,0.0000,54,101.650,0.6612,0,0.9644,,0.850,0,
1442,4,32,fog-41,1,fog,2000.0,0.0000,0.0000,102,102.750,1.0000,0,0.9625,,0.850,0,
1443,4,32,fog-41,1,fog,2100.0,0.0000,0.0000,35,101.300,0.4910,0,0.9606,,0.850,0,
1444,4,32,fog-41,1,fog,2200.0,0.0000,0.0000,61,101.800,0.8561,0,0.9588,,0.850,0,
1445,4,32,fog-41,1,fog,2300.0,0.0000,0.0000,54,101.650,0.7637,0,0.9569,,0.850,0,
1446,4,32,fog-41,1,fog,2400.0,0.0000,0.0000,17,100.850,0.0000,0,0.9550,,0.850,0,
1447,4,32,fog-41,1,fog,2500.0,0.0000,0.0000,17,100.850,0.0000,0,0.9531,,0.850,0,
1448,4,32,fog-41,1,fog,2600.0,0.0000,0.0000,61,101.800,0.8526,0,0.9513,,0.850,0,
1449,4,32,fog-41,1,fog,2700.0,0.0000,0.0000,76,102.100,0.9920,0,0.9494,,0.850,0,
1450,4,32,fog-41,1,fog,2800.0,0.0000,0.0000,59,101.750,0.8689,0,0.9475,,0.850,0,
1451,4,32,fog-41,1,fog,2900.0,0.0000,0.0000,104,102.800,1.0000,0,0.9456,,0.850,0,
1452,4,32,fog-41,1,fog,3000.0,0.0000,0.0000,79,102.200,1.0000,0,0.9438,,0.850,0,
1453,4,32,fog-41,1,fog,3100.0,0.0000,0.0000,106,102.850,1.0000,0,0.9419,,0.850,0,
1454,4,32,fog-41,1,fog,3200.0,0.0000,0.0000,17,100.850,0.0000,0,0.9400,,0.850,0,
1455,4,32,fog-41,1,fog,3300.0,0.0000,0.0000,59,101.750,0.6798,0,0.9381,,0.850,0,
1456,4,32,fog-41,1,fog,3400.0,0.0000,0.0000,74,102.100,0.8983,0,0.9363,,0.850,0,
1457,4,32,fog-41,1,fog,3500.0,0.0000,0.0000,38,101.350,0.5346,0,0.9344,,0.850,0,
1458,4,32,fog-41,1,fog,3600.0,0.0000,0.0000,35,101.300,0.5056,0,0.9325,,0.850,0,
1459,4,32,fog-41,1,fog,3700.0,0.0000,0.0000,49,101.550,0.7073,0,0.9306,,0.850,0,
1460,4,32,fog-41,1,fog,3800.0,0.0000,0.0000,56,101.700,0.7255,0,0.9288,,0.850,0,
1461,4,32,fog-41,1,fog,3900.0,0.0000,0.0000,17,100.850,0.0000,0,0.9269,,0.850,0,
1462,4,32,fog-41,1,fog,4000.0,0.0000,0.0000,35,101.300,0.5319,0,0.9250,,0.850,0,
1463,4,32,fog-41,1,fog,4100.0,0.0000,0.0000,38,101.350,0.5220,0,0.9231,,0.850,0,
1464,4,32,fog-41,1,fog,4200.0,0.0000,0.0000,61,101.800,0.7443,0,0.9213,,0.850,0,
1465,4,32,fog-41,1,fog,4300.0,0.0000,0.0000,35,101.300,0.4737,0,0.9194,,0.850,0,
1466,4,32,fog-41,1,fog,4400.0,0.0000,0.0000,17,100.850,0.0000,0,0.9175,,0.850,0,
1467,4,32,fog-41,1,fog,4500.0,0.0000,0.0000,17,100.850,0.0000,0,0.9156,,0.850,0,
1468,4,32,fog-41,1,fog,4600.0,0.0000,0.0000,32,101.250,0.5272,0,0.9138,,0.850,0,
1469,4,32,fog-41,1,fog,4700.0,0.0000,0.0000,62,101.800,0.8464,0,0.9119,,0.850,0,
1470,4,32,fog-41,1,fog,4800.0,0.0000,0.0000,17,100.850,0.0000,0,0.9100,,0.850,0,
1471,4,32,fog-41,1,fog,4900.0,0.0000,0.0000,38,101.350,0.5240,0,0.9081,,0.850,0,
1472,4,32,fog-41,1,fog,5000.0,0.0000,0.0000,54,101.650,0.7472,0,0.9063,,0.850,0,
1473,4,33,fog-42,1,fog,0.0,0.0000,0.0000,0,100.000,,0,1.0000,,0.850,0,
1474,4,33,fog-42,1,fog,100.0,0.0000,0.0000,0,100.000,,0,0.9981,,0.850,0,
1475,4,33,fog-42,1,fog,200.0,0.0000,0.0000,0,100.000,,0,0.9963,,0.850,0,
1476,4,33,fog-42,1,fog,300.0,0.0000,0.0000,5,100.250,0.0000,0,0.9944,,0.850,0,
1477,4,33,fog-42,1,fog,400.0,0.0000,0.0000,17,100.850,0.0000,0,0.9925,,0.850,0,
1478,4,33,fog-42,1,fog,500.0,0.0000,0.0000,17,100.850,0.0000,0,0.9906,,0.850,0,
1479,4,33,fog-42,1,fog,600.0,0.0000,0.0000,17,100.850,0.0000,0,0.9888,,0.850,0,
1480,4,33,fog-42,1,fog,700.0,0.0000,0.0000,17,100.850,0.0000,0,0.9869,,0.850,0,
1481,4,33,fog-42,1,fog,800.0,0.0000,0.0000,16,100.800,0.0000,0,0.9850,,0.850,0,
1482,4,33,fog-42,1,fog,900.0,0.0000,0.0000,17,100.850,0.0000,0,0.9831,,0.850,0,
1483,4,33,fog-42,1,fog,1000.0,0.0000,0.0000,17,100.850,0.0000,0,0.9813,,0.850,0,
1484,4,33,fog-42,1,fog,1100.0,0.0000,0.0000,17,100.850,0.0000,0,0.9794,,0.850,0,
1485,4,33,fog-42,1,fog,1200.0,0.0000,0.0000,17,100.850,0.0000,0,0.9775,,0.850,0,
1486,4,33,fog-42,1,fog,1300.0,0.0000,0.0000,17,100.850,0.0000,0,0.9756,,0.850,0,
1487,4,33,fog-42,1,fog,1400.0,0.0000,0.0000,17,100.850,0.0000,0,0.9738,,0.850,0,
1488,4,33,fog-42,1,fog,1500.0,0.0000,0.0000,17,100.850,0.0000,0,0.9719,,0.850,0,
1489,4,33,fog-42,1,fog,1600.0,0.0000,0.0000,17,100.850,0.0000,0,0.9700,,0.850,0,
1490,4,33,fog-42,1,fog,1700.0,0.0000,0.0000,17,100.850,0.0000,0,0.9681,,0.850,0,
1491,4,33,fog-42,1,fog,1800.0,0.0000,0.0000,17,100.850,0.0000,0,0.9663,,0.850,0,
1492,4,33,fog-42,1,fog,1900.0,0.0000,0.0000,17,100.850,0.0000,0,0.9644,,0.850,0,
1493,4,33,fog-42,1,fog,2000.0,0.0000,0.0000,17,100.850,0.0000,0,0.9625,,0.850,0,
1494,4,33,fog-42,1,fog,2100.0,0.0000,0.0000,17,100.850,0.0000,0,0.9606,,0.850,0,
1495,4,33,fog-42,1,fog,2200.0,0.0000,0.0000,17,100.850,0.0000,0,0.9588,,0.850,0,
1496,4,33,fog-42,1,fog,2300.0,0.0000,0.0000,17,100.850,0.0000,0,0.9569,,0.850,0,
1497,4,33,fog-42,1,fog,2400.0,0.0000,0.0000,17,100.850,0.0000,0,0.9550,,0.850,0,
1498,4,33,fog-42,1,fog,2500.0,0.0000,0.0000,17,100.850,0.0000,0,0.9531,,0.850,0,
1499,4,33,fog-42,1,fog,2600.0,0.0000,0.0000,17,100.850,0.0000,0,0.9513,,0.850,0,
1500,4,33,fog-42,1,fog,2700.0,0.0000,0.0000,16,100.800,0.0000,0,0.9494,,0.850,0,
1501,4,33,fog-42,1,fog,2800.0,0.0000,0.0000,17,100.850,0.0000,0,0.9475,,0.850,0,
1502,4,33,fog-42,1,fog,2900.0,0.0000,0.0000,17,100.850,0.0000,0,0.9456,,0.850,0,
1503,4,33,fog-42,1,fog,3000.0,0.0000,0.0000,17,100.850,0.0000,0,0.9438,,0.850,0,
1504,4,33,fog-42,1,fog,3100.0,0.0000,0.0000,17,100.850,0.0000,0,0.9419,,0.850,0,
1505,4,33,fog-42,1,fog,3200.0,0.0000,0.0000,17,100.850,0.0000,0,0.9400,,0.850,0,
1506,4,33,fog-42,1,fog,3300.0,0.0000,0.0000,17,100.850,0.0000,0,0.9381,,0.850,0,
1507,4,33,fog-42,1,fog,3400.0,0.0000,0.0000,17,100.850,0.0000,0,0.9363,,0.850,0,
1508,4,33,fog-42,1,fog,3500.0,0.0000,0.0000,17,100.850,0.0000,0,0.9344,,0.850,0,
1509,4,33,fog-42,1,fog,3600.0,0.0000,0.0000,17,100.850,0.0000,0,0.9325,,0.850,0,
1510,4,33,fog-42,1,fog,3700.0,0.0000,0.0000,17,100.850,0.0000,0,0.9306,,0.850,0,
1511,4,33,fog-42,1,fog,3800.0,0.0000,0.0000,17,100.850,0.0000,0,0.9288,,0.850,0,
1512,4,33,fog-42,1,fog,3900.0,0.0000,0.0000,17,100.850,0.0000,0,0.9269,,0.850,0,
1513,4,33,fog-42,1,fog,4000.0,0.0000,0.0000,17,100.850,0.0000,0,0.9250,,0.850,0,
1514,4,33,fog-42,1,fog,4100.0,0.0000,0.0000,17,100.850,0.0000,0,0.9231,,0.850,0,
1515,4,33,fog-42,1,fog,4200.0,0.0000,0.0000,17,100.850,0.0000,0,0.9213,,0.850,0,
1516,4,33,fog-42,1,fog,4300.0,0.0000,0.0000,17,100.850,0.0000,0,0.9194,,0.850,0,
1517,4,33,fog-42,1,fog,4400.0,0.0000,0.0000,17,100.850,0.0000,0,0.9175,,0.850,0,
1518,4,33,fog-42,1,fog,4500.0,0.0000,0.0000,17,100.850,0.0000,0,0.9156,,0.850,0,
1519,4,33,fog-42,1,fog,4600.0,0.0000,0.0000,17,100.850,0.0000,0,0.9138,,0.850,0,
1520,4,33,fog-42,1,fog,4700.0,0.0000,0.0000,16,100.800,0.0000,0,0.9119,,0.850,0,
1521,4,33,fog-42,1,fog,4800.0,0.0000,0.0000,17,100.850,0.0000,0,0.9100,,0.850,0,
1522,4,33,fog-42,1,fog,4900.0,0.0000,0.0000,17,100.850,0.0000,0,0.9081,,0.850,0,
1523,4,33,fog-42,1,fog,5000.0,0.0000,0.0000,17,100.850,0.0000,0,0.9063,,0.850,0,
1524,4,34,fog-43,1,fog,0.0,0.0000,0.0000,0,100.000,,0,1.0000,,0.850,0,
1525,4,34,fog-43,1,fog,100.0,0.0000,0.0000,0,100.000,,0,0.9981,,0.850,0,
1526,4,34,fog-43,1,fog,200.0,0.0000,0.0000,0,100.000,,0,0.9963,,0.850,0,
1527,4,34,fog-43,1,fog,300.0,0.0000,0.0000,5,100.250,0.0000,0,0.9944,,0.850,0,
1528,4,34,fog-43,1,fog,400.0,0.0000,0.0000,17,100.850,0.0000,0,0.9925,,0.850,0,
1529,4,34,fog-43,1,fog,500.0,0.0000,0.0000,17,100.850,0.0000,0,0.9906,,0.850,0,
1530,4,34,fog-43,1,fog,600.0,0.0000,0.0000,17,100.850,0.0000,0,0.9888,,0.850,0,
1531,4,34,fog-43,1,fog,700.0,0.0000,0.0000,17,100.850,0.0000,0,0.9869,,0.850,0,
1532,4,34,fog-43,1,fog,800.0,0.0000,0.0000,16,100.800,0.0000,0,0.9850,,0.850,0,
1533,4,34,fog-43,1,fog,900.0,0.0000,0.0000,17,100.850,0.0000,0,0.9831,,0.850,0,
1534,4,34,fog-43,1,fog,1000.0,0.0000,0.0000,17,100.850,0.0000,0,0.9813,,0.850,0,
1535,4,34,fog-43,1,fog,1100.0,0.0000,0.0000,17,100.850,0.0000,0,0.9794,,0.850,0,
1536,4,34,fog-43,1,fog,1200.0,0.0000,0.0000,35,101.300,0.5214,0,0.9775,,0.850,0,
1537,4,34,fog-43,1,fog,1300.0,0.0000,0.0000,17,100.850,0.0000,0,0.9756,,0.850,0,
1538,4,34,fog-43,1,fog,1400.0,0.0000,0.0000,17,100.850,0.0000,0,0.9738,,0.850,0,
1539,4,34,fog-43,1,fog,1500.0,0.0000,0.0000,17,100.850,0.0000,0,0.9719,,0.850,0,
1540,4,34,fog-43,1,fog,1600.0,0.0000,0.0000,17,100.850,0.0000,0,0.9700,,0.850,0,
1541,4,34,fog-43,1,fog,1700.0,0.0000,0.0000,17,100.850,0.0000,0,0.9681,,0.850,0,
1542,4,34,fog-43,1,fog,1800.0,0.0000,0.0000,17,100.850,0.0000,0,0.9663,,0.850,0,
1543,4,34,fog-43,1,fog,1900.0,0.0000,0.0000,17,100.850,0.0000,0,0.9644,,0.850,0,
1544,4,34,fog-43,1,fog,2000.0,0.0000,0.0000,17,100.850,0.0000,0,0.9625,,0.850,0,
1545,4,34,fog-43,1,fog,2100.0,0.0000,0.0000,17,100.850,0.0000,0,0.9606,,0.850,0,
1546,4,34,fog-43,1,fog,2200.0,0.0000,0.0000,17,100.850,0.0000,0,0.9588,,0.850,0,
1547,4,34,fog-43,1,fog,2300.0,0.0000,0.0000,17,100.850,0.0000,0,0.9569,,0.850,0,
1548,4,34,fog-43,1,fog,2400.0,0.0000,0.0000,17,100.850,0.0000,0,0.9550,,0.850,0,
1549,4,34,fog-43,1,fog,2500.0,0.0000,0.0000,17,100.850,0.0000,0,0.9531,,0.850,0,
1550,4,34,fog-43,1,fog,2600.0,0.0000,0.0000,17,100.850,0.0000,0,0.9513,,0.850,0,
1551,4,34,fog-43,1,fog,2700.0,0.0000,0.0000,16,100.800,0.0000,0,0.9494,,0.850,0,
1552,4,34,fog-43,1,fog,2800.0,0.0000,0.0000,32,101.250,0.5201,0,0.9475,,0.850,0,
1553,4,34,fog-43,1,fog,2900.0,0.0000,0.0000,17,100.850,0.0000,0,0.9456,,0.850,0,
1554,4,34,fog-43,1,fog,3000.0,0.0000,0.0000,17,100.850,0.0000,0,0.9438,,0.850,0,
1555,4,34,fog-43,1,fog,3100.0,0.0000,0.0000,17,100.850,0.0000,0,0.9419,,0.850,0,
1556,4,34,fog-43,1,fog,3200.0,0.0000,0.0000,17,100.850,0.0000,0,0.9400,,0.850,0,
1557,4,34,fog-43,1,fog,3300.0,0.0000,0.0000,17,100.850,0.0000,0,0.9381,,0.850,0,
1558,4,34,fog-43,1,fog,3400.0,0.0000,0.0000,17,100.850,0.0000,0,0.9363,,0.850,0,
1559,4,34,fog-43,1,fog,3500.0,0.0000,0.0000,17,100.850,0.0000,0,0.9344,,0.850,0,
1560,4,34,fog-43,1,fog,3600.0,0.0000,0.0000,17,100.850,0.0000,0,0.9325,,0.850,0,
1561,4,34,fog-43,1,fog,3700.0,0.0000,0.0000,17,100.850,0.0000,0,0.9306,,0.850,0,
1562,4,34,fog-43,1,fog,3800.0,0.0000,0.0000,17,100.850,0.0000,0,0.9288,,0.850,0,
1563,4,34,fog-43,1,fog,3900.0,0.0000,0.0000,17,100.850,0.0000,0,0.9269,,0.850,0,
1564,4,34,fog-43,1,fog,4000.0,0.0000,0.0000,17,100.850,0.0000,0,0.9250,,0.850,0,
1565,4,34,fog-43,1,fog,4100.0,0.0000,0.0000,17,100.850,0.0000,0,0.9231,,0.850,0,
1566,4,34,fog-43,1,fog,4200.0,0.0000,0.0000,17,100.850,0.0000,0,0.9213,,0.850,0,
1567,4,34,fog-43,1,fog,4300.0,0.0000,0.0000,17,100.850,0.0000,0,0.9194,,0.850,0,
1568,4,34,fog-43,1,fog,4400.0,0.0000,0.0000,35,101.300,0.5327,0,0.9175,,0.850,0,
1569,4,34,fog-43,1,fog,4500.0,0.0000,0.0000,17,100.850,0.0000,0,0.9156,,0.850,0,
1570,4,34,fog-43,1,fog,4600.0,0.0000,0.0000,17,100.850,0.0000,0,0.9138,,0.850,0,
1571,4,34,fog-43,1,fog,4700.0,0.0000,0.0000,16,100.800,0.0000,0,0.9119,,0.850,0,
1572,4,34,fog-43,1,fog,4800.0,0.0000,0.0000,17,100.850,0.0000,0,0.9100,,0.850,0,
1573,4,34,fog-43,1,fog,4900.0,0.0000,0.0000,17,100.850,0.0000,0,0.9081,,0.850,0,
1574,4,34,fog-43,1,fog,5000.0,0.0000,0.0000,17,100.850,0.0000,0,0.9063,,0.850,0,
1575,4,35,fog-44,1,fog,0.0,0.0000,0.0000,0,100.000,,0,1.0000,,0.850,0,
1576,4,35,fog-44,1,fog,100.0,0.0000,0.0000,0,100.000,,0,0.9981,,0.850,0,
1577,4,35,fog-44,1,fog,200.0,0.0000,0.0000,0,100.000,,0,0.9963,,0.850,0,
1578,4,35,fog-44,1,fog,300.0,0.0000,0.0000,5,100.250,0.0000,0,0.9944,,0.850,0,
1579,4,35,fog-44,1,fog,400.0,0.0000,0.0000,17,100.850,0.0000,0,0.9925,,0.850,0,
1580,4,35,fog-44,1,fog,500.0,0.0000,0.0000,17,100.850,0.0000,0,0.9906,,0.850,0,
1581,4,35,fog-44,1,fog,600.0,0.0000,0.0000,17,100.850,0.0000,0,0.9888,,0.850,0,
1582,4,35,fog-44,1,fog,700.0,0.0000,0.0000,16,100.800,0.0000,0,0.9869,,0.850,0,
1583,4,35,fog-44,1,fog,800.0,0.0000,0.0000,17,100.850,0.0000,0,0.9850,,0.850,0,
1584,4,35,fog-44,1,fog,900.0,0.0000,0.0000,17,100.850,0.0000,0,0.9831,,0.850,0,
1585,4,35,fog-44,1,fog,1000.0,0.0000,0.0000,17,100.850,0.0000,0,0.9813,,0.850,0,
1586,4,35,fog-44,1,fog,1100.0,0.0000,0.0000,17,100.850,0.0000,0,0.9794,,0.850,0,
1587,4,35,fog-44,1,fog,1200.0,0.0000,0.0000,17,100.850,0.0000,0,0.9775,,0.850,0,
1588,4,35,fog-44,1,fog,1300.0,0.0000,0.0000,17,100.850,0.0000,0,0.9756,,0.850,0,
1589,4,35,fog-44,1,fog,1400.0,0.0000,0.0000,17,100.850,0.0000,0,0.9738,,0.850,0,
1590,4,35,fog-44,1,fog,1500.0,0.0000,0.0000,17,100.850,0.0000,0,0.9719,,0.850,0,
1591,4,35,fog-44,1,fog,1600.0,0.0000,0.0000,17,100.850,0.0000,0,0.9700,,0.850,0,
1592,4,35,fog-44,1,fog,1700.0,0.0000,0.0000,17,100.850,0.0000,0,0.9681,,0.850,0,
1593,4,35,fog-44,1,fog,1800.0,0.0000,0.0000,17,100.850,0.0000,0,0.9663,,0.850,0,
1594,4,35,fog-44,1,fog,1900.0,0.0000,0.0000,17,100.850,0.0000,0,0.9644,,0.850,0,
1595,4,35,fog-44,1,fog,2000.0,0.0000,0.0000,17,100.850,0.0000,0,0.9625,,0.850,0,
1596,4,35,fog-44,1,fog,2100.0,0.0000,0.0000,17,100.850,0.0000,0,0.9606,,0.850,0,
1597,4,35,fog-44,1,fog,2200.0,0.0000,0.0000,17,100.850,0.0000,0,0.9588,,0.850,0,
1598,4,35,fog-44,1,fog,2300.0,0.0000,0.0000,17,100.850,0.0000,0,0.9569,,0.850,0,
1599,4,35,fog-44,1,fog,2400.0,0.0000,0.0000,17,100.850,0.0000,0,0.9550,,0.850,0,
1600,4,35,fog-44,1,fog,2500.0,0.0000,0.0000,17,100.850,0.0000,0,0.9531,,0.850,0,
1601,4,35,fog-44,1,fog,2600.0,0.0000,0.0000,17,100.850,0.0000,0,0.9513,,0.850,0,
1602,4,35,fog-44,1,fog,2700.0,0.0000,0.0000,16,100.800,0.0000,0,0.9494,,0.850,0,
1603,4,35,fog-44,1,fog,2800.0,0.0000,0.0000,17,100.850,0.0000,0,0.9475,,0.850,0,
1604,4,35,fog-44,1,fog,2900.0,0.0000,0.0000,17,100.850,0.0000,0,0.9456,,0.850,0,
1605,4,35,fog-44,1,fog,3000.0,0.0000,0.0000,17,100.850,0.0000,0,0.9438,,0.850,0,
1606,4,35,fog-44,1,fog,3100.0,0.0000,0.0000,17,100.850,0.0000,0,0.9419,,0.850,0,
1607,4,35,fog-44,1,fog,3200.0,0.0000,0.0000,17,100.850,0.0000,0,0.9400,,0.850,0,
1608,4,35,fog-44,1,fog,3300.0,0.0000,0.0000,17,100.850,0.0000,0,0.9381,,0.850,0,
1609,4,35,fog-44,1,fog,3400.0,0.0000,0.0000,17,100.850,0.0000,0,0.9363,,0.850,0,
1610,4,35,fog-44,1,fog,3500.0,0.0000,0.0000,17,100.850,0.0000,0,0.9344,,0.850,0,
1611,4,35,fog-44,1,fog,3600.0,0.0000,0.0000,17,100.850,0.0000,0,0.9325,,0.850,0,
1612,4,35,fog-44,1,fog,3700.0,0.0000,0.0000,17,100.850,0.0000,0,0.9306,,0.850,0,
1613,4,35,fog-44,1,fog,3800.0,0.0000,0.0000,17,100.850,0.0000,0,0.9288,,0.850,0,
1614,4,35,fog-44,1,fog,3900.0,0.0000,0.0000,17,100.850,0.0000,0,0.9269,,0.850,0,
1615,4,35,fog-44,1,fog,4000.0,0.0000,0.0000,17,100.850,0.0000,0,0.9250,,0.850,0,
1616,4,35,fog-44,1,fog,4100.0,0.0000,0.0000,17,100.850,0.0000,0,0.9231,,0.850,0,
1617,4,35,fog-44,1,fog,4200.0,0.0000,0.0000,17,100.850,0.0000,0,0.9213,,0.850,0,
1618,4,35,fog-44,1,fog,4300.0,0.0000,0.0000,17,100.850,0.0000,0,0.9194,,0.850,0,
1619,4,35,fog-44,1,fog,4400.0,0.0000,0.0000,17,100.850,0.0000,0,0.9175,,0.850,0,
1620,4,35,fog-44,1,fog,4500.0,0.0000,0.0000,17,100.850,0.0000,0,0.9156,,0.850,0,
1621,4,35,fog-44,1,fog,4600.0,0.0000,0.0000,17,100.850,0.0000,0,0.9138,,0.850,0,
1622,4,35,fog-44,1,fog,4700.0,0.0000,0.0000,16,100.800,0.0000,0,0.9119,,0.850,0,
1623,4,35,fog-44,1,fog,4800.0,0.0000,0.0000,17,100.850,0.0000,0,0.9100,,0.850,0,
1624,4,35,fog-44,1,fog,4900.0,0.0000,0.0000,17,100.850,0.0000,0,0.9081,,0.850,0,
1625,4,35,fog-44,1,fog,5000.0,0.0000,0.0000,17,100.850,0.0000,0,0.9063,,0.850,0,
1626,4,36,fog-45,1,fog,0.0,0.0000,0.0000,0,100.000,,0,1.0000,,0.850,0,
1627,4,36,fog-45,1,fog,100.0,0.0000,0.0000,0,100.000,,0,0.9981,,0.850,0,
1628,4,36,fog-45,1,fog,200.0,0.0000,0.0000,0,100.000,,0,0.9963,,0.850,0,
1629,4,36,fog-45,1,fog,300.0,0.0000,0.0000,5,100.250,0.0000,0,0.9944,,0.850,0,
1630,4,36,fog-45,1,fog,400.0,0.0000,0.0000,17,100.850,0.0000,0,0.9925,,0.850,0,
1631,4,36,fog-45,1,fog,500.0,0.0000,0.0000,17,100.850,0.0000,0,0.9906,,0.850,0,
1632,4,36,fog-45,1,fog,600.0,0.0000,0.0000,17,100.850,0.0000,0,0.9888,,0.850,0,
1633,4,36,fog-45,1,fog,700.0,0.0000,0.0000,16,100.800,0.0000,0,0.9869,,0.850,0,
1634,4,36,fog-45,1,fog,800.0,0.0000,0.0000,17,100.850,0.0000,0,0.9850,,0.850,0,
1635,4,36,fog-45,1,fog,900.0,0.0000,0.0000,17,100.850,0.0000,0,0.9831,,0.850,0,
1636,4,36,fog-45,1,fog,1000.0,0.0000,0.0000,17,100.850,0.0000,0,0.9813,,0.850,0,
1637,4,36,fog-45,1,fog,1100.0,0.0000,0.0000,17,100.850,0.0000,0,0.9794,,0.850,0,
1638,4,36,fog-45,1,fog,1200.0,0.0000,0.0000,17,100.850,0.0000,0,0.9775,,0.850,0,
1639,4,36,fog-45,1,fog,1300.0,0.0000,0.0000,17,100.850,0.0000,0,0.9756,,0.850,0,
1640,4,36,fog-45,1,fog,1400.0,0.0000,0.0000,17,100.850,0.0000,0,0.9738,,0.850,0,
1641,4,36,fog-45,1,fog,1500.0,0.0000,0.0000,17,100.850,0.0000,0,0.9719,,0.850,0,
1642,4,36,fog-45,1,fog,1600.0,0.0000,0.0000,17,100.850,0.0000,0,0.9700,,0.850,0,
1643,4,36,fog-45,1,fog,1700.0,0.0000,0.0000,17,100.850,0.0000,0,0.9681,,0.850,0,
1644,4,36,fog-45,1,fog,1800.0,0.0000,0.0000,17,100.850,0.0000,0,0.9663,,0.850,0,
1645,4,36,fog-45,1,fog,1900.0,0.0000,0.0000,17,100.850,0.0000,0,0.9644,,0.850,0,
1646,4,36,fog-45,1,fog,2000.0,0.0000,0.0000,17,100.850,0.0000,0,0.9625,,0.850,0,
1647,4,36,fog-45,1,fog,2100.0,0.0000,0.0000,17,100.850,0.0000,0,0.9606,,0.850,0,
1648,4,36,fog-45,1,fog,2200.0,0.0000,0.0000,17,100.850,0.0000,0,0.9588,,0.850,0,
1649,4,36,fog-45,1,fog,2300.0,0.0000,0.0000,17,100.850,0.0000,0,0.9569,,0.850,0,
1650,4,36,fog-45,1,fog,2400.0,0.0000,0.0000,17,100.850,0.0000,0,0.9550,,0.850,0,
1651,4,36,fog-45,1,fog,2500.0,0.0000,0.0000,17,100.850,0.0000,0,0.9531,,0.850,0,
1652,4,36,fog-45,1,fog,2600.0,0.0000,0.0000,17,100.850,0.0000,0,0.9513,,0.850,0,
1653,4,36,fog-45,1,fog,2700.0,0.0000,0.0000,16,100.800,0.0000,0,0.9494,,0.850,0,
1654,4,36,fog-45,1,fog,2800.0,0.0000,0.0000,17,100.850,0.0000,0,0.9475,,0.850,0,
1655,4,36,fog-45,1,fog,2900.0,0.0000,0.0000,17,100.850,0.0000,0,0.9456,,0.850,0,
1656,4,36,fog-45,1,fog,3000.0,0.0000,0.0000,17,100.850,0.0000,0,0.9438,,0.850,0,
1657,4,36,fog-45,1,fog,3100.0,0.0000,0.0000,17,100.850,0.0000,0,0.9419,,0.850,0,
1658,4,36,fog-45,1,fog,3200.0,0.0000,0.0000,17,100.850,0.0000,0,0.9400,,0.850,0,
1659,4,36,fog-45,1,fog,3300.0,0.0000,0.0000,17,100.850,0.0000,0,0.9381,,0.850,0,
1660,4,36,fog-45,1,fog,3400.0,0.0000,0.0000,17,100.850,0.0000,0,0.9363,,0.850,0,
1661,4,36,fog-45,1,fog,3500.0,0.0000,0.0000,17,100.850,0.0000,0,0.9344,,0.850,0,
1662,4,36,fog-45,1,fog,3600.0,0.0000,0.0000,17,100.850,0.0000,0,0.9325,,0.850,0,
1663,4,36,fog-45,1,fog,3700.0,0.0000,0.0000,17,100.850,0.0000,0,0.9306,,0.850,0,
1664,4,36,fog-45,1,fog,3800.0,0.0000,0.0000,17,100.850,0.0000,0,0.9288,,0.850,0,
1665,4,36,fog-45,1,fog,3900.0,0.0000,0.0000,17,100.850,0.0000,0,0.9269,,0.850,0,
1666,4,36,fog-45,1,fog,4000.0,0.0000,0.0000,17,100.850,0.0000,0,0.9250,,0.850,0,
1667,4,36,fog-45,1,fog,4100.0,0.0000,0.0000,17,100.850,0.0000,0,0.9231,,0.850,0,
1668,4,36,fog-45,1,fog,4200.0,0.0000,0.0000,17,100.850,0.0000,0,0.9213,,0.850,0,
1669,4,36,fog-45,1,fog,4300.0,0.0000,0.0000,17,100.850,0.0000,0,0.9194,,0.850,0,
1670,4,36,fog-45,1,fog,4400.0,0.0000,0.0000,17,100.850,0.0000,0,0.9175,,0.850,0,
1671,4,36,fog-45,1,fog,4500.0,0.0000,0.0000,17,100.850,0.0000,0,0.9156,,0.850,0,
1672,4,36,fog-45,1,fog,4600.0,0.0000,0.0000,17,100.850,0.0000,0,0.9138,,0.850,0,
1673,4,36,fog-45,1,fog,4700.0,0.0000,0.0000,16,100.800,0.0000,0,0.9119,,0.850,0,
1674,4,36,fog-45,1,fog,4800.0,0.0000,0.0000,17,100.850,0.0000,0,0.9100,,0.850,0,
1675,4,36,fog-45,1,fog,4900.0,0.0000,0.0000,17,100.850,0.0000,0,0.9081,,0.850,0,
1676,4,36,fog-45,1,fog,5000.0,0.0000,0.0000,17,100.850,0.0000,0,0.9063,,0.850,0,
1677,4,37,fog-46,1,fog,0.0,0.0000,0.0000,0,100.000,,0,1.0000,,0.850,0,
1678,4,37,fog-46,1,fog,100.0,0.0000,0.0000,4,100.200,0.0000,0,0.9981,,0.850,0,
1679,4,37,fog-46,1,fog,200.0,0.0000,0.0000,0,100.000,,0,0.9963,,0.850,0,
1680,4,37,fog-46,1,fog,300.0,0.0000,0.0000,5,100.250,0.0000,0,0.9944,,0.850,0,
1681,4,37,fog-46,1,fog,400.0,0.0000,0.0000,17,100.850,0.0000,0,0.9925,,0.850,0,
1682,4,37,fog-46,1,fog,500.0,0.0000,0.0000,17,100.850,0.0000,0,0.9906,,0.850,0,
1683,4,37,fog-46,1,fog,600.0,0.0000,0.0000,17,100.850,0.0000,0,0.9888,,0.850,0,
1684,4,37,fog-46,1,fog,700.0,0.0000,0.0000,27,101.150,0.4865,0,0.9869,,0.850,0,
1685,4,37,fog-46,1,fog,800.0,0.0000,0.0000,28,101.200,0.4841,0,0.9850,,0.850,0,
1686,4,37,fog-46,1,fog,900.0,0.0000,0.0000,35,101.300,0.5295,0,0.9831,,0.850,0,
1687,4,37,fog-46,1,fog,1000.0,0.0000,0.0000,17,100.850,0.0000,0,0.9813,,0.850,0,
1688,4,37,fog-46,1,fog,1100.0,0.0000,0.0000,17,100.850,0.0000,0,0.9794,,0.850,0,
1689,4,37,fog-46,1,fog,1200.0,0.0000,0.0000,17,100.850,0.0000,0,0.9775,,0.850,0,
1690,4,37,fog-46,1,fog,1300.0,0.0000,0.0000,17,100.850,0.0000,0,0.9756,,0.850,0,
1691,4,37,fog-46,1,fog,1400.0,0.0000,0.0000,17,100.850,0.0000,0,0.9738,,0.850,0,
1692,4,37,fog-46,1,fog,1500.0,0.0000,0.0000,17,100.850,0.0000,0,0.9719,,0.850,0,
1693,4,37,fog-46,1,fog,1600.0,0.0000,0.0000,17,100.850,0.0000,0,0.9700,,0.850,0,
1694,4,37,fog-46,1,fog,1700.0,0.0000,0.0000,17,100.850,0.0000,0,0.9681,,0.850,0,
1695,4,37,fog-46,1,fog,1800.0,0.0000,0.0000,17,100.850,0.0000,0,0.9663,,0.850,0,
1696,4,37,fog-46,1,fog,1900.0,0.0000,0.0000,17,100.850,0.0000,0,0.9644,,0.850,0,
1697,4,37,fog-46,1,fog,2000.0,0.0000,0.0000,17,100.850,0.0000,0,0.9625,,0.850,0,
1698,4,37,fog-46,1,fog,2100.0,0.0000,0.0000,17,100.850,0.0000,0,0.9606,,0.850,0,
1699,4,37,fog-46,1,fog,2200.0,0.0000,0.0000,35,101.300,0.5199,0,0.9588,,0.850,0,
1700,4,37,fog-46,1,fog,2300.0,0.0000,0.0000,17,100.850,0.0000,0,0.9569,,0.850,0,
1701,4,37,fog-46,1,fog,2400.0,0.0000,0.0000,17,100.850,0.0000,0,0.9550,,0.850,0,
1702,4,37,fog-46,1,fog,2500.0,0.0000,0.0000,38,101.350,0.5335,0,0.9531,,0.850,0,
1703,4,37,fog-46,1,fog,2600.0,0.0000,0.0000,35,101.300,0.5296,0,0.9513,,0.850,0,
1704,4,37,fog-46,1,fog,2700.0,0.0000,0.0000,34,101.250,0.5306,0,0.9494,,0.850,0,
1705,4,37,fog-46,1,fog,2800.0,0.0000,0.0000,17,100.850,0.0000,0,0.9475,,0.850,0,
1706,4,37,fog-46,1,fog,2900.0,0.0000,0.0000,17,100.850,0.0000,0,0.9456,,0.850,0,
1707,4,37,fog-46,1,fog,3000.0,0.0000,0.0000,17,100.850,0.0000,0,0.9438,,0.850,0,
1708,4,37,fog-46,1,fog,3100.0,0.0000,0.0000,17,100.850,0.0000,0,0.9419,,0.850,0,
1709,4,37,fog-46,1,fog,3200.0,0.0000,0.0000,17,100.850,0.0000,0,0.9400,,0.850,0,
1710,4,37,fog-46,1,fog,3300.0,0.0000,0.0000,17,100.850,0.0000,0,0.9381,,0.850,0,
1711,4,37,fog-46,1,fog,3400.0,0.0000,0.0000,17,100.850,0.0000,0,0.9363,,0.850,0,
1712,4,37,fog-46,1,fog,3500.0,0.0000,0.0000,17,100.850,0.0000,0,0.9344,,0.850,0,
1713,4,37,fog-46,1,fog,3600.0,0.0000,0.0000,17,100.850,0.0000,0,0.9325,,0.850,0,
1714,4,37,fog-46,1,fog,3700.0,0.0000,0.0000,35,101.300,0.5002,0,0.9306,,0.850,0,
1715,4,37,fog-46,1,fog,3800.0,0.0000,0.0000,35,101.300,0.5205,0,0.9288,,0.850,0,
1716,4,37,fog-46,1,fog,3900.0,0.0000,0.0000,17,100.850,0.0000,0,0.9269,,0.850,0,
1717,4,37,fog-46,1,fog,4000.0,0.0000,0.0000,17,100.850,0.0000,0,0.9250,,0.850,0,
1718,4,37,fog-46,1,fog,4100.0,0.0000,0.0000,38,101.350,0.5421,0,0.9231,,0.850,0,
1719,4,37,fog-46,1,fog,4200.0,0.0000,0.0000,28,101.200,0.4579,0,0.9213,,0.850,0,
1720,4,37,fog-46,1,fog,4300.0,0.0000,0.0000,38,101.350,0.5321,0,0.9194,,0.850,0,
1721,4,37,fog-46,1,fog,4400.0,0.0000,0.0000,17,100.850,0.0000,0,0.9175,,0.850,0,
1722,4,37,fog-46,1,fog,4500.0,0.0000,0.0000,17,100.850,0.0000,0,0.9156,,0.850,0,
1723,4,37,fog-46,1,fog,4600.0,0.0000,0.0000,37,101.300,0.5402,0,0.9138,,0.850,0,
1724,4,37,fog-46,1,fog,4700.0,0.0000,0.0000,17,100.850,0.0000,0,0.9119,,0.850,0,
1725,4,37,fog-46,1,fog,4800.0,0.0000,0.0000,17,100.850,0.0000,0,0.9100,,0.850,0,
1726,4,37,fog-46,1,fog,4900.0,0.0000,0.0000,17,100.850,0.0000,0,0.9081,,0.850,0,
1727,4,37,fog-46,1,fog,5000.0,0.0000,0.0000,17,100.850,0.0000,0,0.9063,,0.850,0,
1728,4,38,fog-47,1,fog,0.0,0.0000,0.0000,0,100.000,,0,1.0000,,0.850,0,
1729,4,38,fog-47,1,fog,100.0,0.0000,0.0000,0,100.000,,0,0.9981,,0.850,0,
1730,4,38,fog-47,1,fog,200.0,0.0000,0.0000,0,100.000,,0,0.9963,,0.850,0,
1731,4,38,fog-47,1,fog,300.0,0.0000,0.0000,5,100.250,0.0000,0,0.9944,,0.850,0,
1732,4,38,fog-47,1,fog,400.0,0.0000,0.0000,17,100.850,0.0000,0,0.9925,,0.850,0,
1733,4,38,fog-47,1,fog,500.0,0.0000,0.0000,17,100.850,0.0000,0,0.9906,,0.850,0,
1734,4,38,fog-47,1,fog,600.0,0.0000,0.0000,17,100.850,0.0000,0,0.9888,,0.850,0,
1735,4,38,fog-47,1,fog,700.0,0.0000,0.0000,16,100.800,0.0000,0,0.9869,,0.850,0,
1736,4,38,fog-47,1,fog,800.0,0.0000,0.0000,17,100.850,0.0000,0,0.9850,,0.850,0,
1737,4,38,fog-47,1,fog,900.0,0.0000,0.0000,17,100.850,0.0000,0,0.9831,,0.850,0,
1738,4,38,fog-47,1,fog,1000.0,0.0000,0.0000,17,100.850,0.0000,0,0.9813,,0.850,0,
1739,4,38,fog-47,1,fog,1100.0,0.0000,0.0000,17,100.850,0.0000,0,0.9794,,0.850,0,
1740,4,38,fog-47,1,fog,1200.0,0.0000,0.0000,17,100.850,0.0000,0,0.9775,,0.850,0,
1741,4,38,fog-47,1,fog,1300.0,0.0000,0.0000,17,100.850,0.0000,0,0.9756,,0.850,0,
1742,4,38,fog-47,1,fog,1400.0,0.0000,0.0000,17,100.850,0.0000,0,0.9738,,0.850,0,
1743,4,38,fog-47,1,fog,1500.0,0.0000,0.0000,17,100.850,0.0000,0,0.9719,,0.850,0,
1744,4,38,fog-47,1,fog,1600.0,0.0000,0.0000,17,100.850,0.0000,0,0.9700,,0.850,0,
1745,4,38,fog-47,1,fog,1700.0,0.0000,0.0000,17,100.850,0.0000,0,0.9681,,0.850,0,
1746,4,38,fog-47,1,fog,1800.0,0.0000,0.0000,17,100.850,0.0000,0,0.9663,,0.850,0,
1747,4,38,fog-47,1,fog,1900.0,0.0000,0.0000,17,100.850,0.0000,0,0.9644,,0.850,0,
1748,4,38,fog-47,1,fog,2000.0,0.0000,0.0000,17,100.850,0.0000,0,0.9625,,0.850,0,
1749,4,38,fog-47,1,fog,2100.0,0.0000,0.0000,17,100.850,0.0000,0,0.9606,,0.850,0,
1750,4,38,fog-47,1,fog,2200.0,0.0000,0.0000,17,100.850,0.0000,0,0.9588,,0.850,0,
1751,4,38,fog-47,1,fog,2300.0,0.0000,0.0000,17,100.850,0.0000,0,0.9569,,0.850,0,
1752,4,38,fog-47,1,fog,2400.0,0.0000,0.0000,17,100.850,0.0000,0,0.9550,,0.850,0,
1753,4,38,fog-47,1,fog,2500.0,0.0000,0.0000,17,100.850,0.0000,0,0.9531,,0.850,0,
1754,4,38,fog-47,1,fog,2600.0,0.0000,0.0000,17,100.850,0.0000,0,0.9513,,0.850,0,
1755,4,38,fog-47,1,fog,2700.0,0.0000,0.0000,16,100.800,0.0000,0,0.9494,,0.850,0,
1756,4,38,fog-47,1,fog,2800.0,0.0000,0.0000,17,100.850,0.0000,0,0.9475,,0.850,0,
1757,4,38,fog-47,1,fog,2900.0,0.0000,0.0000,17,100.850,0.0000,0,0.9456,,0.850,0,
1758,4,38,fog-47,1,fog,3000.0,0.0000,0.0000,17,100.850,0.0000,0,0.9438,,0.850,0,
1759,4,38,fog-47,1,fog,3100.0,0.0000,0.0000,17,100.850,0.0000,0,0.9419,,0.850,0,
1760,4,38,fog-47,1,fog,3200.0,0.0000,0.0000,17,100.850,0.0000,0,0.9400,,0.850,0,
1761,4,38,fog-47,1,fog,3300.0,0.0000,0.0000,17,100.850,0.0000,0,0.9381,,0.850,0,
1762,4,38,fog-47,1,fog,3400.0,0.0000,0.0000,17,100.850,0.0000,0,0.9363,,0.850,0,
1763,4,38,fog-47,1,fog,3500.0,0.0000,0.0000,17,100.850,0.0000,0,0.9344,,0.850,0,
1764,4,38,fog-47,1,fog,3600.0,0.0000,0.0000,17,100.850,0.0000,0,0.9325,,0.850,0,
1765,4,38,fog-47,1,fog,3700.0,0.0000,0.0000,17,100.850,0.0000,0,0.9306,,0.850,0,
1766,4,38,fog-47,1,fog,3800.0,0.0000,0.0000,17,100.850,0.0000,0,0.9288,,0.850,0,
1767,4,38,fog-47,1,fog,3900.0,0.0000,0.0000,17,100.850,0.0000,0,0.9269,,0.850,0,
1768,4,38,fog-47,1,fog,4000.0,0.0000,0.0000,17,100.850,0.0000,0,0.9250,,0.850,0,
1769,4,38,fog-47,1,fog,4100.0,0.0000,0.0000,17,100.850,0.0000,0,0.9231,,0.850,0,
1770,4,38,fog-47,1,fog,4200.0,0.0000,0.0000,17,100.850,0.0000,0,0.9213,,0.850,0,
1771,4,38,fog-47,1,fog,4300.0,0.0000,0.0000,17,100.850,0.0000,0,0.9194,,0.850,0,
1772,4,38,fog-47,1,fog,4400.0,0.0000,0.0000,17,100.850,0.0000,0,0.9175,,0.850,0,
1773,4,38,fog-47,1,fog,4500.0,0.0000,0.0000,17,100.850,0.0000,0,0.9156,,0.850,0,
1774,4,38,fog-47,1,fog,4600.0,0.0000,0.0000,16,100.800,0.0000,0,0.9138,,0.850,0,
1775,4,38,fog-47,1,fog,4700.0,0.0000,0.0000,17,100.850,0.0000,0,0.9119,,0.850,0,
1776,4,38,fog-47,1,fog,4800.0,0.0000,0.0000,17,100.850,0.0000,0,0.9100,,0.850,0,
1777,4,38,fog-47,1,fog,4900.0,0.0000,0.0000,17,100.850,0.0000,0,0.9081,,0.850,0,
1778,4,38,fog-47,1,fog,5000.0,0.0000,0.0000,17,100.850,0.0000,0,0.9063,,0.850,0,
1779,4,39,fog-48,1,fog,0.0,0.0000,0.0000,0,100.000,,0,1.0000,,0.850,0,
1780,4,39,fog-48,1,fog,100.0,0.0000,0.0000,3,100.150,0.3333,0,0.9981,,0.850,0,
1781,4,39,fog-48,1,fog,200.0,0.0000,0.0000,0,100.000,,0,0.9963,,0.850,0,
1782,4,39,fog-48,1,fog,300.0,0.0000,0.0000,5,100.250,0.0000,0,0.9944,,0.850,0,
1783,4,39,fog-48,1,fog,400.0,0.0000,0.0000,17,100.850,0.0000,0,0.9925,,0.850,0,
1784,4,39,fog-48,1,fog,500.0,0.0000,0.0000,17,100.850,0.0000,0,0.9906,,0.850,0,
1785,4,39,fog-48,1,fog,600.0,0.0000,0.0000,17,100.850,0.0000,0,0.9888,,0.850,0,
1786,4,39,fog-48,1,fog,700.0,0.0000,0.0000,16,100.800,0.0000,0,0.9869,,0.850,0,
1787,4,39,fog-48,1,fog,800.0,0.0000,0.0000,17,100.850,0.0000,0,0.9850,,0.850,0,
1788,4,39,fog-48,1,fog,900.0,0.0000,0.0000,17,100.850,0.0000,0,0.9831,,0.850,0,
1789,4,39,fog-48,1,fog,1000.0,0.0000,0.0000,17,100.850,0.0000,0,0.9813,,0.850,0,
1790,4,39,fog-48,1,fog,1100.0,0.0000,0.0000,38,101.350,0.5302,0,0.9794,,0.850,0,
1791,4,39,fog-48,1,fog,1200.0,0.0000,0.0000,17,100.850,0.0000,0,0.9775,,0.850,0,
1792,4,39,fog-48,1,fog,1300.0,0.0000,0.0000,17,100.850,0.0000,0,0.9756,,0.850,0,
1793,4,39,fog-48,1,fog,1400.0,0.0000,0.0000,17,100.850,0.0000,0,0.9738,,0.850,0,
1794,4,39,fog-48,1,fog,1500.0,0.0000,0.0000,17,100.850,0.0000,0,0.9719,,0.850,0,
1795,4,39,fog-48,1,fog,1600.0,0.0000,0.0000,17,100.850,0.0000,0,0.9700,,0.850,0,
1796,4,39,fog-48,1,fog,1700.0,0.0000,0.0000,17,100.850,0.0000,0,0.9681,,0.850,0,
1797,4,39,fog-48,1,fog,1800.0,0.0000,0.0000,17,100.850,0.0000,0,0.9663,,0.850,0,
1798,4,39,fog-48,1,fog,1900.0,0.0000,0.0000,17,100.850,0.0000,0,0.9644,,0.850,0,
1799,4,39,fog-48,1,fog,2000.0,0.0000,0.0000,17,100.850,0.0000,0,0.9625,,0.850,0,
1800,4,39,fog-48,1,fog,2100.0,0.0000,0.0000,17,100.850,0.0000,0,0.9606,,0.850,0,
1801,4,39,fog-48,1,fog,2200.0,0.0000,0.0000,17,100.850,0.0000,0,0.9588,,0.850,0,
1802,4,39,fog-48,1,fog,2300.0,0.0000,0.0000,17,100.850,0.0000,0,0.9569,,0.850,0,
1803,4,39,fog-48,1,fog,2400.0,0.0000,0.0000,17,100.850,0.0000,0,0.9550,,0.850,0,
1804,4,39,fog-48,1,fog,2500.0,0.0000,0.0000,17,100.850,0.0000,0,0.9531,,0.850,0,
1805,4,39,fog-48,1,fog,2600.0,0.0000,0.0000,16,100.800,0.0000,0,0.9513,,0.850,0,
1806,4,39,fog-48,1,fog,2700.0,0.0000,0.0000,17,100.850,0.0000,0,0.9494,,0.850,0,
1807,4,39,fog-48,1,fog,2800.0,0.0000,0.0000,17,100.850,0.0000,0,0.9475,,0.850,0,
1808,4,39,fog-48,1,fog,2900.0,0.0000,0.0000,17,100.850,0.0000,0,0.9456,,0.850,0,
1809,4,39,fog-48,1,fog,3000.0,0.0000,0.0000,17,100.850,0.0000,0,0.9438,,0.850,0,
1810,4,39,fog-48,1,fog,3100.0,0.0000,0.0000,17,100.850,0.0000,0,0.9419,,0.850,0,
1811,4,39,fog-48,1,fog,3200.0,0.0000,0.0000,17,100.850,0.0000,0,0.9400,,0.850,0,
1812,4,39,fog-48,1,fog,3300.0,0.0000,0.0000,17,100.850,0.0000,0,0.9381,,0.850,0,
1813,4,39,fog-48,1,fog,3400.0,0.0000,0.0000,17,100.850,0.0000,0,0.9363,,0.850,0,
1814,4,39,fog-48,1,fog,3500.0,0.0000,0.0000,32,101.250,0.4694,0,0.9344,,0.850,0,
1815,4,39,fog-48,1,fog,3600.0,0.0000,0.0000,17,100.850,0.0000,0,0.9325,,0.850,0,
1816,4,39,fog-48,1,fog,3700.0,0.0000,0.0000,17,100.850,0.0000,0,0.9306,,0.850,0,
1817,4,39,fog-48,1,fog,3800.0,0.0000,0.0000,17,100.850,0.0000,0,0.9288,,0.850,0,
1818,4,39,fog-48,1,fog,3900.0,0.0000,0.0000,17,100.850,0.0000,0,0.9269,,0.850,0,
1819,4,39,fog-48,1,fog,4000.0,0.0000,0.0000,17,100.850,0.0000,0,0.9250,,0.850,0,
1820,4,39,fog-48,1,fog,4100.0,0.0000,0.0000,17,100.850,0.0000,0,0.9231,,0.850,0,
1821,4,39,fog-48,1,fog,4200.0,0.0000,0.0000,17,100.850,0.0000,0,0.9213,,0.850,0,
1822,4,39,fog-48,1,fog,4300.0,0.0000,0.0000,17,100.850,0.0000,0,0.9194,,0.850,0,
1823,4,39,fog-48,1,fog,4400.0,0.0000,0.0000,38,101.350,0.5332,0,0.9175,,0.850,0,
1824,4,39,fog-48,1,fog,4500.0,0.0000,0.0000,17,100.850,0.0000,0,0.9156,,0.850,0,
1825,4,39,fog-48,1,fog,4600.0,0.0000,0.0000,16,100.800,0.0000,0,0.9138,,0.850,0,
1826,4,39,fog-48,1,fog,4700.0,0.0000,0.0000,17,100.850,0.0000,0,0.9119,,0.850,0,
1827,4,39,fog-48,1,fog,4800.0,0.0000,0.0000,38,101.350,0.5128,0,0.9100,,0.850,0,
1828,4,39,fog-48,1,fog,4900.0,0.0000,0.0000,17,100.850,0.0000,0,0.9081,,0.850,0,
1829,4,39,fog-48,1,fog,5000.0,0.0000,0.0000,17,100.850,0.0000,0,0.9063,,0.850,0,
1830,4,40,fog-49,1,fog,0.0,0.0000,0.0000,0,100.000,,0,1.0000,,0.850,0,
1831,4,40,fog-49,1,fog,100.0,0.0000,0.0000,4,100.200,0.0000,0,0.9981,,0.850,0,
1832,4,40,fog-49,1,fog,200.0,0.0000,0.0000,30,100.900,0.9386,0,0.9963,,0.850,0,
1833,4,40,fog-49,1,fog,300.0,0.0000,0.0000,36,101.100,0.9425,0,0.9944,,0.850,0,
1834,4,40,fog-49,1,fog,400.0,0.0000,0.0000,38,101.350,0.5442,0,0.9925,,0.850,0,
1835,4,40,fog-49,1,fog,500.0,0.0000,0.0000,38,101.350,0.5426,0,0.9906,,0.850,0,
1836,4,40,fog-49,1,fog,600.0,0.0000,0.0000,17,100.850,0.0000,0,0.9888,,0.850,0,
1837,4,40,fog-49,1,fog,700.0,0.0000,0.0000,16,100.800,0.0000,0,0.9869,,0.850,0,
1838,4,40,fog-49,1,fog,800.0,0.0000,0.0000,17,100.850,0.0000,0,0.9850,,0.850,0,
1839,4,40,fog-49,1,fog,900.0,0.0000,0.0000,17,100.850,0.0000,0,0.9831,,0.850,0,
1840,4,40,fog-49,1,fog,1000.0,0.0000,0.0000,17,100.850,0.0000,0,0.9813,,0.850,0,
1841,4,40,fog-49,1,fog,1100.0,0.0000,0.0000,35,101.300,0.5329,0,0.9794,,0.850,0,
1842,4,40,fog-49,1,fog,1200.0,0.0000,0.0000,38,101.350,0.5380,0,0.9775,,0.850,0,
1843,4,40,fog-49,1,fog,1300.0,0.0000,0.0000,32,101.250,0.4909,0,0.9756,,0.850,0,
1844,4,40,fog-49,1,fog,1400.0,0.0000,0.0000,17,100.850,0.0000,0,0.9738,,0.850,0,
1845,4,40,fog-49,1,fog,1500.0,0.0000,0.0000,28,101.200,0.4727,0,0.9719,,0.850,0,
1846,4,40,fog-49,1,fog,1600.0,0.0000,0.0000,17,100.850,0.0000,0,0.9700,,0.850,0,
1847,4,40,fog-49,1,fog,1700.0,0.0000,0.0000,17,100.850,0.0000,0,0.9681,,0.850,0,
1848,4,40,fog-49,1,fog,1800.0,0.0000,0.0000,17,100.850,0.0000,0,0.9663,,0.850,0,
1849,4,40,fog-49,1,fog,1900.0,0.0000,0.0000,17,100.850,0.0000,0,0.9644,,0.850,0,
1850,4,40,fog-49,1,fog,2000.0,0.0000,0.0000,17,100.850,0.0000,0,0.9625,,0.850,0,
1851,4,40,fog-49,1,fog,2100.0,0.0000,0.0000,35,101.300,0.4984,0,0.9606,,0.850,0,
1852,4,40,fog-49,1,fog,2200.0,0.0000,0.0000,32,101.250,0.4717,0,0.9588,,0.850,0,
1853,4,40,fog-49,1,fog,2300.0,0.0000,0.0000,35,101.300,0.5263,0,0.9569,,0.850,0,
1854,4,40,fog-49,1,fog,2400.0,0.0000,0.0000,56,101.700,0.7018,0,0.9550,,0.850,0,
1855,4,40,fog-49,1,fog,2500.0,0.0000,0.0000,61,101.800,0.7572,0,0.9531,,0.850,0,
1856,4,40,fog-49,1,fog,2600.0,0.0000,0.0000,57,101.700,0.7337,0,0.9513,,0.850,0,
1857,4,40,fog-49,1,fog,2700.0,0.0000,0.0000,61,101.800,0.7550,0,0.9494,,0.850,0,
1858,4,40,fog-49,1,fog,2800.0,0.0000,0.0000,17,100.850,0.0000,0,0.9475,,0.850,0,
1859,4,40,fog-49,1,fog,2900.0,0.0000,0.0000,17,100.850,0.0000,0,0.9456,,0.850,0,
1860,4,40,fog-49,1,fog,3000.0,0.0000,0.0000,17,100.850,0.0000,0,0.9438,,0.850,0,
1861,4,40,fog-49,1,fog,3100.0,0.0000,0.0000,17,100.850,0.0000,0,0.9419,,0.850,0,
1862,4,40,fog-49,1,fog,3200.0,0.0000,0.0000,28,101.200,0.4312,0,0.9400,,0.850,0,
1863,4,40,fog-49,1,fog,3300.0,0.0000,0.0000,38,101.350,0.5305,0,0.9381,,0.850,0,
1864,4,40,fog-49,1,fog,3400.0,0.0000,0.0000,32,101.250,0.5250,0,0.9363,,0.850,0,
1865,4,40,fog-49,1,fog,3500.0,0.0000,0.0000,38,101.350,0.5376,0,0.9344,,0.850,0,
1866,4,40,fog-49,1,fog,3600.0,0.0000,0.0000,17,100.850,0.0000,0,0.9325,,0.850,0,
1867,4,40,fog-49,1,fog,3700.0,0.0000,0.0000,17,100.850,0.0000,0,0.9306,,0.850,0,
1868,4,40,fog-49,1,fog,3800.0,0.0000,0.0000,17,100.850,0.0000,0,0.9288,,0.850,0,
1869,4,40,fog-49,1,fog,3900.0,0.0000,0.0000,38,101.350,0.5453,0,0.9269,,0.850,0,
1870,4,40,fog-49,1,fog,4000.0,0.0000,0.0000,17,100.850,0.0000,0,0.9250,,0.850,0,
1871,4,40,fog-49,1,fog,4100.0,0.0000,0.0000,17,100.850,0.0000,0,0.9231,,0.850,0,
1872,4,40,fog-49,1,fog,4200.0,0.0000,0.0000,17,100.850,0.0000,0,0.9213,,0.850,0,
1873,4,40,fog-49,1,fog,4300.0,0.0000,0.0000,17,100.850,0.0000,0,0.9194,,0.850,0,
1874,4,40,fog-49,1,fog,4400.0,0.0000,0.0000,17,100.850,0.0000,0,0.9175,,0.850,0,
1875,4,40,fog-49,1,fog,4500.0,0.0000,0.0000,17,100.850,0.0000,0,0.9156,,0.850,0,
1876,4,40,fog-49,1,fog,4600.0,0.0000,0.0000,16,100.800,0.0000,0,0.9138,,0.850,0,
1877,4,40,fog-49,1,fog,4700.0,0.0000,0.0000,17,100.850,0.0000,0,0.9119,,0.850,0,
1878,4,40,fog-49,1,fog,4800.0,0.0000,0.0000,38,101.350,0.5278,0,0.9100,,0.850,0,
1879,4,40,fog-49,1,fog,4900.0,0.0000,0.0000,17,100.850,0.0000,0,0.9081,,0.850,0,
1880,4,40,fog-49,1,fog,5000.0,0.0000,0.0000,35,101.300,0.5341,0,0.9063,,0.850,0,
1881,4,41,fog-50,1,fog,0.0,0.0000,0.0000,0,100.000,,0,1.0000,,0.850,0,
1882,4,41,fog-50,1,fog,100.0,0.0000,0.0000,0,100.000,,0,0.9981,,0.850,0,
1883,4,41,fog-50,1,fog,200.0,0.0000,0.0000,0,100.000,,0,0.9963,,0.850,0,
1884,4,41,fog-50,1,fog,300.0,0.0000,0.0000,5,100.250,0.0000,0,0.9944,,0.850,0,
1885,4,41,fog-50,1,fog,400.0,0.0000,0.0000,17,100.850,0.0000,0,0.9925,,0.850,0,
1886,4,41,fog-50,1,fog,500.0,0.0000,0.0000,17,100.850,0.0000,0,0.9906,,0.850,0,
1887,4,41,fog-50,1,fog,600.0,0.0000,0.0000,16,100.800,0.0000,0,0.9888,,0.850,0,
1888,4,41,fog-50,1,fog,700.0,0.0000,0.0000,17,100.850,0.0000,0,0.9869,,0.850,0,
1889,4,41,fog-50,1,fog,800.0,0.0000,0.0000,17,100.850,0.0000,0,0.9850,,0.850,0,
1890,4,41,fog-50,1,fog,900.0,0.0000,0.0000,17,100.850,0.0000,0,0.9831,,0.850,0,
1891,4,41,fog-50,1,fog,1000.0,0.0000,0.0000,17,100.850,0.0000,0,0.9813,,0.850,0,
1892,4,41,fog-50,1,fog,1100.0,0.0000,0.0000,17,100.850,0.0000,0,0.9794,,0.850,0,
1893,4,41,fog-50,1,fog,1200.0,0.0000,0.0000,17,100.850,0.0000,0,0.9775,,0.850,0,
1894,4,41,fog-50,1,fog,1300.0,0.0000,0.0000,17,100.850,0.0000,0,0.9756,,0.850,0,
1895,4,41,fog-50,1,fog,1400.0,0.0000,0.0000,17,100.850,0.0000,0,0.9738,,0.850,0,
1896,4,41,fog-50,1,fog,1500.0,0.0000,0.0000,17,100.850,0.0000,0,0.9719,,0.850,0,
1897,4,41,fog-50,1,fog,1600.0,0.0000,0.0000,17,100.850,0.0000,0,0.9700,,0.850,0,
1898,4,41,fog-50,1,fog,1700.0,0.0000,0.0000,17,100.850,0.0000,0,0.9681,,0.850,0,
1899,4,41,fog-50,1,fog,1800.0,0.0000,0.0000,17,100.850,0.0000,0,0.9663,,0.850,0,
1900,4,41,fog-50,1,fog,1900.0,0.0000,0.0000,17,100.850,0.0000,0,0.9644,,0.850,0,
1901,4,41,fog-50,1,fog,2000.0,0.0000,0.0000,17,100.850,0.0000,0,0.9625,,0.850,0,
1902,4,41,fog-50,1,fog,2100.0,0.0000,0.0000,17,100.850,0.0000,0,0.9606,,0.850,0,
1903,4,41,fog-50,1,fog,2200.0,0.0000,0.0000,17,100.850,0.0000,0,0.9588,,0.850,0,
1904,4,41,fog-50,1,fog,2300.0,0.0000,0.0000,17,100.850,0.0000,0,0.9569,,0.850,0,
1905,4,41,fog-50,1,fog,2400.0,0.0000,0.0000,17,100.850,0.0000,0,0.9550,,0.850,0,
1906,4,41,fog-50,1,fog,2500.0,0.0000,0.0000,17,100.850,0.0000,0,0.9531,,0.850,0,
1907,4,41,fog-50,1,fog,2600.0,0.0000,0.0000,16,100.800,0.0000,0,0.9513,,0.850,0,
1908,4,41,fog-50,1,fog,2700.0,0.0000,0.0000,17,100.850,0.0000,0,0.9494,,0.850,0,
1909,4,41,fog-50,1,fog,2800.0,0.0000,0.0000,17,100.850,0.0000,0,0.9475,,0.850,0,
1910,4,41,fog-50,1,fog,2900.0,0.0000,0.0000,17,100.850,0.0000,0,0.9456,,0.850,0,
1911,4,41,fog-50,1,fog,3000.0,0.0000,0.0000,17,100.850,0.0000,0,0.9438,,0.850,0,
1912,4,41,fog-50,1,fog,3100.0,0.0000,0.0000,17,100.850,0.0000,0,0.9419,,0.850,0,
1913,4,41,fog-50,1,fog,3200.0,0.0000,0.0000,17,100.850,0.0000,0,0.9400,,0.850,0,
1914,4,41,fog-50,1,fog,3300.0,0.0000,0.0000,17,100.850,0.0000,0,0.9381,,0.850,0,
1915,4,41,fog-50,1,fog,3400.0,0.0000,0.0000,17,100.850,0.0000,0,0.9363,,0.850,0,
1916,4,41,fog-50,1,fog,3500.0,0.0000,0.0000,17,100.850,0.0000,0,0.9344,,0.850,0,
1917,4,41,fog-50,1,fog,3600.0,0.0000,0.0000,17,100.850,0.0000,0,0.9325,,0.850,0,
1918,4,41,fog-50,1,fog,3700.0,0.0000,0.0000,17,100.850,0.0000,0,0.9306,,0.850,0,
1919,4,41,fog-50,1,fog,3800.0,0.0000,0.0000,17,100.850,0.0000,0,0.9288,,0.850,0,
1920,4,41,fog-50,1,fog,3900.0,0.0000,0.0000,17,100.850,0.0000,0,0.9269,,0.850,0,
1921,4,41,fog-50,1,fog,4000.0,0.0000,0.0000,17,100.850,0.0000,0,0.9250,,0.850,0,
1922,4,41,fog-50,1,fog,4100.0,0.0000,0.0000,17,100.850,0.0000,0,0.9231,,0.850,0,
1923,4,41,fog-50,1,fog,4200.0,0.0000,0.0000,17,100.850,0.0000,0,0.9213,,0.850,0,
1924,4,41,fog-50,1,fog,4300.0,0.0000,0.0000,17,100.850,0.0000,0,0.9194,,0.850,0,
1925,4,41,fog-50,1,fog,4400.0,0.0000,0.0000,17,100.850,0.0000,0,0.9175,,0.850,0,
1926,4,41,fog-50,1,fog,4500.0,0.0000,0.0000,17,100.850,0.0000,0,0.9156,,0.850,0,
1927,4,41,fog-50,1,fog,4600.0,0.0000,0.0000,16,100.800,0.0000,0,0.9138,,0.850,0,
1928,4,41,fog-50,1,fog,4700.0,0.0000,0.0000,17,100.850,0.0000,0,0.9119,,0.850,0,
1929,4,41,fog-50,1,fog,4800.0,0.0000,0.0000,17,100.850,0.0000,0,0.9100,,0.850,0,
1930,4,41,fog-50,1,fog,4900.0,0.0000,0.0000,17,100.850,0.0000,0,0.9081,,0.850,0,
1931,4,41,fog-50,1,fog,5000.0,0.0000,0.0000,17,100.850,0.0000,0,0.9063,,0.850,0,
1932,4,42,fog-51,1,fog,0.0,0.0000,0.0000,0,100.000,,0,1.0000,,0.850,0,
1933,4,42,fog-51,1,fog,100.0,0.0000,0.0000,0,100.000,,0,0.9981,,0.850,0,
1934,4,42,fog-51,1,fog,200.0,0.0000,0.0000,0,100.000,,0,0.9963,,0.850,0,
1935,4,42,fog-51,1,fog,300.0,0.0000,0.0000,5,100.250,0.0000,0,0.9944,,0.850,0,
1936,4,42,fog-51,1,fog,400.0,0.0000,0.0000,17,100.850,0.0000,0,0.9925,,0.850,0,
1937,4,42,fog-51,1,fog,500.0,0.0000,0.0000,17,100.850,0.0000,0,0.9906,,0.850,0,
1938,4,42,fog-51,1,fog,600.0,0.0000,0.0000,16,100.800,0.0000,0,0.9888,,0.850,0,
1939,4,42,fog-51,1,fog,700.0,0.0000,0.0000,17,100.850,0.0000,0,0.9869,,0.850,0,
1940,4,42,fog-51,1,fog,800.0,0.0000,0.0000,17,100.850,0.0000,0,0.9850,,0.850,0,
1941,4,42,fog-51,1,fog,900.0,0.0000,0.0000,17,100.850,0.0000,0,0.9831,,0.850,0,
1942,4,42,fog-51,1,fog,1000.0,0.0000,0.0000,17,100.850,0.0000,0,0.9813,,0.850,0,
1943,4,42,fog-51,1,fog,1100.0,0.0000,0.0000,17,100.850,0.0000,0,0.9794,,0.850,0,
1944,4,42,fog-51,1,fog,1200.0,0.0000,0.0000,17,100.850,0.0000,0,0.9775,,0.850,0,
1945,4,42,fog-51,1,fog,1300.0,0.0000,0.0000,17,100.850,0.0000,0,0.9756,,0.850,0,
1946,4,42,fog-51,1,fog,1400.0,0.0000,0.0000,17,100.850,0.0000,0,0.9738,,0.850,0,
1947,4,42,fog-51,1,fog,1500.0,0.0000,0.0000,17,100.850,0.0000,0,0.9719,,0.850,0,
1948,4,42,fog-51,1,fog,1600.0,0.0000,0.0000,17,100.850,0.0000,0,0.9700,,0.850,0,
1949,4,42,fog-51,1,fog,1700.0,0.0000,0.0000,17,100.850,0.0000,0,0.9681,,0.850,0,
1950,4,42,fog-51,1,fog,1800.0,0.0000,0.0000,17,100.850,0.0000,0,0.9663,,0.850,0,
1951,4,42,fog-51,1,fog,1900.0,0.0000,0.0000,17,100.850,0.0000,0,0.9644,,0.850,0,
1952,4,42,fog-51,1,fog,2000.0,0.0000,0.0000,17,100.850,0.0000,0,0.9625,,0.850,0,
1953,4,42,fog-51,1,fog,2100.0,0.0000,0.0000,17,100.850,0.0000,0,0.9606,,0.850,0,
1954,4,42,fog-51,1,fog,2200.0,0.0000,0.0000,17,100.850,0.0000,0,0.9588,,0.850,0,
1955,4,42,fog-51,1,fog,2300.0,0.0000,0.0000,17,100.850,0.0000,0,0.9569,,0.850,0,
1956,4,42,fog-51,1,fog,2400.0,0.0000,0.0000,17,100.850,0.0000,0,0.9550,,0.850,0,
1957,4,42,fog-51,1,fog,2500.0,0.0000,0.0000,17,100.850,0.0000,0,0.9531,,0.850,0,
1958,4,42,fog-51,1,fog,2600.0,0.0000,0.0000,16,100.800,0.0000,0,0.9513,,0.850,0,
1959,4,42,fog-51,1,fog,2700.0,0.0000,0.0000,17,100.850,0.0000,0,0.9494,,0.850,0,
1960,4,42,fog-51,1,fog,2800.0,0.0000,0.0000,17,100.850,0.0000,0,0.9475,,0.850,0,
1961,4,42,fog-51,1,fog,2900.0,0.0000,0.0000,17,100.850,0.0000,0,0.9456,,0.850,0,
1962,4,42,fog-51,1,fog,3000.0,0.0000,0.0000,17,100.850,0.0000,0,0.9438,,0.850,0,
1963,4,42,fog-51,1,fog,3100.0,0.0000,0.0000,17,100.850,0.0000,0,0.9419,,0.850,0,
1964,4,42,fog-51,1,fog,3200.0,0.0000,0.0000,17,100.850,0.0000,0,0.9400,,0.850,0,
1965,4,42,fog-51,1,fog,3300.0,0.0000,0.0000,17,100.850,0.0000,0,0.9381,,0.850,0,
1966,4,42,fog-51,1,fog,3400.0,0.0000,0.0000,17,100.850,0.0000,0,0.9363,,0.850,0,
1967,4,42,fog-51,1,fog,3500.0,0.0000,0.0000,17,100.850,0.0000,0,0.9344,,0.850,0,
1968,4,42,fog-51,1,fog,3600.0,0.0000,0.0000,17,100.850,0.0000,0,0.9325,,0.850,0,
1969,4,42,fog-51,1,fog,3700.0,0.0000,0.0000,17,100.850,0.0000,0,0.9306,,0.850,0,
1970,4,42,fog-51,1,fog,3800.0,0.0000,0.0000,17,100.850,0.0000,0,0.9288,,0.850,0,
1971,4,42,fog-51,1,fog,3900.0,0.0000,0.0000,17,100.850,0.0000,0,0.9269,,0.850,0,
1972,4,42,fog-51,1,fog,4000.0,0.0000,0.0000,17,100.850,0.0000,0,0.9250,,0.850,0,
1973,4,42,fog-51,1,fog,4100.0,0.0000,0.0000,17,100.850,0.0000,0,0.9231,,0.850,0,
1974,4,42,fog-51,1,fog,4200.0,0.0000,0.0000,17,100.850,0.0000,0,0.9213,,0.850,0,
1975,4,42,fog-51,1,fog,4300.0,0.0000,0.0000,17,100.850,0.0000,0,0.9194,,0.850,0,
1976,4,42,fog-51,1,fog,4400.0,0.0000,0.0000,17,100.850,0.0000,0,0.9175,,0.850,0,
1977,4,42,fog-51,1,fog,4500.0,0.0000,0.0000,17,100.850,0.0000,0,0.9156,,0.850,0,
1978,4,42,fog-51,1,fog,4600.0,0.0000,0.0000,16,100.800,0.0000,0,0.9138,,0.850,0,
1979,4,42,fog-51,1,fog,4700.0,0.0000,0.0000,17,100.850,0.0000,0,0.9119,,0.850,0,
1980,4,42,fog-51,1,fog,4800.0,0.0000,0.0000,17,100.850,0.0000,0,0.9100,,0.850,0,
1981,4,42,fog-51,1,fog,4900.0,0.0000,0.0000,17,100.850,0.0000,0,0.9081,,0.850,0,
1982,4,42,fog-51,1,fog,5000.0,0.0000,0.0000,17,100.850,0.0000,0,0.9063,,0.850,0,
1983,4,43,fog-52,1,fog,0.0,0.0000,0.0000,0,100.000,,0,1.0000,,0.850,0,
1984,4,43,fog-52,1,fog,100.0,0.0000,0.0000,0,100.000,,0,0.9981,,0.850,0,
1985,4,43,fog-52,1,fog,200.0,0.0000,0.0000,0,100.000,,0,0.9963,,0.850,0,
1986,4,43,fog-52,1,fog,300.0,0.0000,0.0000,5,100.250,0.0000,0,0.9944,,0.850,0,
1987,4,43,fog-52,1,fog,400.0,0.0000,0.0000,17,100.850,0.0000,0,0.9925,,0.850,0,
1988,4,43,fog-52,1,fog,500.0,0.0000,0.0000,17,100.850,0.0000,0,0.9906,,0.850,0,
1989,4,43,fog-52,1,fog,600.0,0.0000,0.0000,16,100.800,0.0000,0,0.9888,,0.850,0,
1990,4,43,fog-52,1,fog,700.0,0.0000,0.0000,17,100.850,0.0000,0,0.9869,,0.850,0,
1991,4,43,fog-52,1,fog,800.0,0.0000,0.0000,17,100.850,0.0000,0,0.9850,,0.850,0,
1992,4,43,fog-52,1,fog,900.0,0.0000,0.0000,17,100.850,0.0000,0,0.9831,,0.850,0,
1993,4,43,fog-52,1,fog,1000.0,0.0000,0.0000,17,100.850,0.0000,0,0.9813,,0.850,0,
1994,4,43,fog-52,1,fog,1100.0,0.0000,0.0000,17,100.850,0.0000,0,0.9794,,0.850,0,
1995,4,43,fog-52,1,fog,1200.0,0.0000,0.0000,17,100.850,0.0000,0,0.9775,,0.850,0,
1996,4,43,fog-52,1,fog,1300.0,0.0000,0.0000,17,100.850,0.0000,0,0.9756,,0.850,0,
1997,4,43,fog-52,1,fog,1400.0,0.0000,0.0000,17,100.850,0.0000,0,0.9738,,0.850,0,
1998,4,43,fog-52,1,fog,1500.0,0.0000,0.0000,17,100.850,0.0000,0,0.9719,,0.850,0,
1999,4,43,fog-52,1,fog,1600.0,0.0000,0.0000,17,100.850,0.0000,0,0.9700,,0.850,0,
2000,4,43,fog-52,1,fog,1700.0,0.0000,0.0000,17,100.850,0.0000,0,0.9681,,0.850,0,
2001,4,43,fog-52,1,fog,1800.0,0.0000,0.0000,17,100.850,0.0000,0,0.9663,,0.850,0,
2002,4,43,fog-52,1,fog,1900.0,0.0000,0.0000,17,100.850,0.0000,0,0.9644,,0.850,0,
2003,4,43,fog-52,1,fog,2000.0,0.0000,0.0000,17,100.850,0.0000,0,0.9625,,0.850,0,
2004,4,43,fog-52,1,fog,2100.0,0.0000,0.0000,17,100.850,0.0000,0,0.9606,,0.850,0,
2005,4,43,fog-52,1,fog,2200.0,0.0000,0.0000,17,100.850,0.0000,0,0.9588,,0.850,0,
2006,4,43,fog-52,1,fog,2300.0,0.0000,0.0000,17,100.850,0.0000,0,0.9569,,0.850,0,
2007,4,43,fog-52,1,fog,2400.0,0.0000,0.0000,17,100.850,0.0000,0,0.9550,,0.850,0,
2008,4,43,fog-52,1,fog,2500.0,0.0000,0.0000,17,100.850,0.0000,0,0.9531,,0.850,0,
2009,4,43,fog-52,1,fog,2600.0,0.0000,0.0000,16,100.800,0.0000,0,0.9513,,0.850,0,
2010,4,43,fog-52,1,fog,2700.0,0.0000,0.0000,17,100.850,0.0000,0,0.9494,,0.850,0,
2011,4,43,fog-52,1,fog,2800.0,0.0000,0.0000,17,100.850,0.0000,0,0.9475,,0.850,0,
2012,4,43,fog-52,1,fog,2900.0,0.0000,0.0000,17,100.850,0.0000,0,0.9456,,0.850,0,
2013,4,43,fog-52,1,fog,3000.0,0.0000,0.0000,17,100.850,0.0000,0,0.9438,,0.850,0,
2014,4,43,fog-52,1,fog,3100.0,0.0000,0.0000,17,100.850,0.0000,0,0.9419,,0.850,0,
2015,4,43,fog-52,1,fog,3200.0,0.0000,0.0000,17,100.850,0.0000,0,0.9400,,0.850,0,
2016,4,43,fog-52,1,fog,3300.0,0.0000,0.0000,17,100.850,0.0000,0,0.9381,,0.850,0,
2017,4,43,fog-52,1,fog,3400.0,0.0000,0.0000,17,100.850,0.0000,0,0.9363,,0.850,0,
2018,4,43,fog-52,1,fog,3500.0,0.0000,0.0000,17,100.850,0.0000,0,0.9344,,0.850,0,
2019,4,43,fog-52,1,fog,3600.0,0.0000,0.0000,17,100.850,0.0000,0,0.9325,,0.850,0,
2020,4,43,fog-52,1,fog,3700.0,0.0000,0.0000,17,100.850,0.0000,0,0.9306,,0.850,0,
2021,4,43,fog-52,1,fog,3800.0,0.0000,0.0000,17,100.850,0.0000,0,0.9288,,0.850,0,
2022,4,43,fog-52,1,fog,3900.0,0.0000,0.0000,17,100.850,0.0000,0,0.9269,,0.850,0,
2023,4,43,fog-52,1,fog,4000.0,0.0000,0.0000,17,100.850,0.0000,0,0.9250,,0.850,0,
2024,4,43,fog-52,1,fog,4100.0,0.0000,0.0000,17,100.850,0.0000,0,0.9231,,0.850,0,
2025,4,43,fog-52,1,fog,4200.0,0.0000,0.0000,17,100.850,0.0000,0,0.9213,,0.850,0,
2026,4,43,fog-52,1,fog,4300.0,0.0000,0.0000,17,100.850,0.0000,0,0.9194,,0.850,0,
2027,4,43,fog-52,1,fog,4400.0,0.0000,0.0000,17,100.850,0.0000,0,0.9175,,0.850,0,
2028,4,43,fog-52,1,fog,4500.0,0.0000,0.0000,16,100.800,0.0000,0,0.9156,,0.850,0,
2029,4,43,fog-52,1,fog,4600.0,0.0000,0.0000,17,100.850,0.0000,0,0.9138,,0.850,0,
2030,4,43,fog-52,1,fog,4700.0,0.0000,0.0000,17,100.850,0.0000,0,0.9119,,0.850,0,
2031,4,43,fog-52,1,fog,4800.0,0.0000,0.0000,17,100.850,0.0000,0,0.9100,,0.850,0,
2032,4,43,fog-52,1,fog,4900.0,0.0000,0.0000,17,100.850,0.0000,0,0.9081,,0.850,0,
2033,4,43,fog-52,1,fog,5000.0,0.0000,0.0000,17,100.850,0.0000,0,0.9063,,0.850,0,
2034,4,44,fog-53,1,fog,0.0,0.0000,0.0000,0,100.000,,0,1.0000,,0.850,0,3456.1
2035,4,44,fog-53,1,fog,100.0,0.0000,0.0000,0,100.000,,0,0.9981,,0.850,0,3456.1
2036,4,44,fog-53,1,fog,200.0,0.0000,0.0000,0,100.000,,0,0.9963,,0.850,0,3456.1
2037,4,44,fog-53,1,fog,300.0,0.0000,0.0000,5,100.250,0.0000,0,0.9944,,0.850,0,3456.1
2038,4,44,fog-53,1,fog,400.0,0.0000,0.0000,17,100.850,0.0000,0,0.9925,,0.850,0,3456.1
2039,4,44,fog-53,1,fog,500.0,0.0000,0.0000,17,100.850,0.0000,0,0.9906,,0.850,0,3456.1
2040,4,44,fog-53,1,fog,600.0,0.0000,0.0000,16,100.800,0.0000,0,0.9888,,0.850,0,3456.1
2041,4,44,fog-53,1,fog,700.0,0.0000,0.0000,17,100.850,0.0000,0,0.9869,,0.850,0,3456.1
2042,4,44,fog-53,1,fog,800.0,0.0000,0.0000,17,100.850,0.0000,0,0.9850,,0.850,0,3456.1
2043,4,44,fog-53,1,fog,900.0,0.0000,0.0000,17,100.850,0.0000,0,0.9831,,0.850,0,3456.1
2044,4,44,fog-53,1,fog,1000.0,0.0000,0.0000,17,100.850,0.0000,0,0.9813,,0.850,0,3456.1
2045,4,44,fog-53,1,fog,1100.0,0.0000,0.0000,17,100.850,0.0000,0,0.9794,,0.850,0,3456.1
2046,4,44,fog-53,1,fog,1200.0,0.0000,0.0000,17,100.850,0.0000,0,0.9775,,0.850,0,3456.1
2047,4,44,fog-53,1,fog,1300.0,0.0000,0.0000,17,100.850,0.0000,0,0.9756,,0.850,0,3456.1
2048,4,44,fog-53,1,fog,1400.0,0.0000,0.0000,17,100.850,0.0000,0,0.9738,,0.850,0,3456.1
2049,4,44,fog-53,1,fog,1500.0,0.0000,0.0000,17,100.850,0.0000,0,0.9719,,0.850,0,3456.1
2050,4,44,fog-53,1,fog,1600.0,0.0000,0.0000,17,100.850,0.0000,0,0.9700,,0.850,0,3456.1
2051,4,44,fog-53,1,fog,1700.0,0.0000,0.0000,17,100.850,0.0000,0,0.9681,,0.850,0,3456.1
2052,4,44,fog-53,1,fog,1800.0,0.0000,0.0000,17,100.850,0.0000,0,0.9663,,0.850,0,3456.1
2053,4,44,fog-53,1,fog,1900.0,0.0000,0.0000,17,100.850,0.0000,0,0.9644,,0.850,0,3456.1
2054,4,44,fog-53,1,fog,2000.0,0.0000,0.0000,17,100.850,0.0000,0,0.9625,,0.850,0,3456.1
2055,4,44,fog-53,1,fog,2100.0,0.0000,0.0000,17,100.850,0.0000,0,0.9606,,0.850,0,3456.1
2056,4,44,fog-53,1,fog,2200.0,0.0000,0.0000,17,100.850,0.0000,0,0.9588,,0.850,0,3456.1
2057,4,44,fog-53,1,fog,2300.0,0.0000,0.0000,17,100.850,0.0000,0,0.9569,,0.850,0,3456.1
2058,4,44,fog-53,1,fog,2400.0,0.0000,0.0000,17,100.850,0.0000,0,0.9550,,0.850,0,3456.1
2059,4,44,fog-53,1,fog,2500.0,0.0000,0.0000,17,100.850,0.0000,0,0.9531,,0.850,0,3456.1
2060,4,44,fog-53,1,fog,2600.0,0.0000,0.0000,16,100.800,0.0000,0,0.9513,,0.850,0,3456.1
2061,4,44,fog-53,1,fog,2700.0,0.0000,0.0000,17,100.850,0.0000,0,0.9494,,0.850,0,3456.1
2062,4,44,fog-53,1,fog,2800.0,0.0000,0.0000,17,100.850,0.0000,0,0.9475,,0.850,0,3456.1
2063,4,44,fog-53,1,fog,2900.0,0.0000,0.0000,17,100.850,0.0000,0,0.9456,,0.850,0,3456.1
2064,4,44,fog-53,1,fog,3000.0,0.0000,0.0000,17,100.850,0.0000,0,0.9438,,0.850,0,3456.1
2065,4,44,fog-53,1,fog,3100.0,0.0000,0.0000,17,100.850,0.0000,0,0.9419,,0.850,0,3456.1
2066,4,44,fog-53,1,fog,3200.0,0.0000,0.0000,17,100.850,0.0000,0,0.9400,,0.850,0,3456.1
2067,4,44,fog-53,1,fog,3300.0,0.0000,0.0000,17,100.850,0.0000,0,0.9381,,0.850,1,3456.1
2068,4,44,fog-53,1,fog,3400.0,0.0000,0.0000,17,100.850,0.0000,0,0.9363,,0.850,1,3456.1
2069,4,45,fog-54,1,fog,0.0,0.0000,0.0000,0,100.000,,0,1.0000,,0.850,0,
2070,4,45,fog-54,1,fog,100.0,0.0000,0.0000,0,100.000,,0,0.9981,,0.850,0,
2071,4,45,fog-54,1,fog,200.0,0.0000,0.0000,0,100.000,,0,0.9963,,0.850,0,
2072,4,45,fog-54,1,fog,300.0,0.0000,0.0000,5,100.250,0.0000,0,0.9944,,0.850,0,
2073,4,45,fog-54,1,fog,400.0,0.0000,0.0000,17,100.850,0.0000,0,0.9925,,0.850,0,
2074,4,45,fog-54,1,fog,500.0,0.0000,0.0000,17,100.850,0.0000,0,0.9906,,0.850,0,
2075,4,45,fog-54,1,fog,600.0,0.0000,0.0000,16,100.800,0.0000,0,0.9888,,0.850,0,
2076,4,45,fog-54,1,fog,700.0,0.0000,0.0000,17,100.850,0.0000,0,0.9869,,0.850,0,
2077,4,45,fog-54,1,fog,800.0,0.0000,0.0000,17,100.850,0.0000,0,0.9850,,0.850,0,
2078,4,45,fog-54,1,fog,900.0,0.0000,0.0000,17,100.850,0.0000,0,0.9831,,0.850,0,
2079,4,45,fog-54,1,fog,1000.0,0.0000,0.0000,17,100.850,0.0000,0,0.9813,,0.850,0,
2080,4,45,fog-54,1,fog,1100.0,0.0000,0.0000,17,100.850,0.0000,0,0.9794,,0.850,0,
2081,4,45,fog-54,1,fog,1200.0,0.0000,0.0000,17,100.850,0.0000,0,0.9775,,0.850,0,
2082,4,45,fog-54,1,fog,1300.0,0.0000,0.0000,17,100.850,0.0000,0,0.9756,,0.850,0,
2083,4,45,fog-54,1,fog,1400.0,0.0000,0.0000,17,100.850,0.0000,0,0.9738,,0.850,0,
2084,4,45,fog-54,1,fog,1500.0,0.0000,0.0000,17,100.850,0.0000,0,0.9719,,0.850,0,
2085,4,45,fog-54,1,fog,1600.0,0.0000,0.0000,17,100.850,0.0000,0,0.9700,,0.850,0,
2086,4,45,fog-54,1,fog,1700.0,0.0000,0.0000,17,100.850,0.0000,0,0.9681,,0.850,0,
2087,4,45,fog-54,1,fog,1800.0,0.0000,0.0000,17,100.850,0.0000,0,0.9663,,0.850,0,
2088,4,45,fog-54,1,fog,1900.0,0.0000,0.0000,17,100.850,0.0000,0,0.9644,,0.850,0,
2089,4,45,fog-54,1,fog,2000.0,0.0000,0.0000,17,100.850,0.0000,0,0.9625,,0.850,0,
2090,4,45,fog-54,1,fog,2100.0,0.0000,0.0000,17,100.850,0.0000,0,0.9606,,0.850,0,
2091,4,45,fog-54,1,fog,2200.0,0.0000,0.0000,17,100.850,0.0000,0,0.9588,,0.850,0,
2092,4,45,fog-54,1,fog,2300.0,0.0000,0.0000,17,100.850,0.0000,0,0.9569,,0.850,0,
2093,4,45,fog-54,1,fog,2400.0,0.0000,0.0000,17,100.850,0.0000,0,0.9550,,0.850,0,
2094,4,45,fog-54,1,fog,2500.0,0.0000,0.0000,16,100.800,0.0000,0,0.9531,,0.850,0,
2095,4,45,fog-54,1,fog,2600.0,0.0000,0.0000,17,100.850,0.0000,0,0.9513,,0.850,0,
2096,4,45,fog-54,1,fog,2700.0,0.0000,0.0000,17,100.850,0.0000,0,0.9494,,0.850,0,
2097,4,45,fog-54,1,fog,2800.0,0.0000,0.0000,17,100.850,0.0000,0,0.9475,,0.850,0,
2098,4,45,fog-54,1,fog,2900.0,0.0000,0.0000,17,100.850,0.0000,0,0.9456,,0.850,0,
2099,4,45,fog-54,1,fog,3000.0,0.0000,0.0000,17,100.850,0.0000,0,0.9438,,0.850,0,
2100,4,45,fog-54,1,fog,3100.0,0.0000,0.0000,17,100.850,0.0000,0,0.9419,,0.850,0,
2101,4,45,fog-54,1,fog,3200.0,0.0000,0.0000,17,100.850,0.0000,0,0.9400,,0.850,0,
2102,4,45,fog-54,1,fog,3300.0,0.0000,0.0000,17,100.850,0.0000,0,0.9381,,0.850,0,
2103,4,45,fog-54,1,fog,3400.0,0.0000,0.0000,17,100.850,0.0000,0,0.9363,,0.850,0,
2104,4,45,fog-54,1,fog,3500.0,0.0000,0.0000,17,100.850,0.0000,0,0.9344,,0.850,0,
2105,4,45,fog-54,1,fog,3600.0,0.0000,0.0000,17,100.850,0.0000,0,0.9325,,0.850,0,
2106,4,45,fog-54,1,fog,3700.0,0.0000,0.0000,17,100.850,0.0000,0,0.9306,,0.850,0,
2107,4,45,fog-54,1,fog,3800.0,0.0000,0.0000,17,100.850,0.0000,0,0.9288,,0.850,0,
2108,4,45,fog-54,1,fog,3900.0,0.0000,0.0000,17,100.850,0.0000,0,0.9269,,0.850,0,
2109,4,45,fog-54,1,fog,4000.0,0.0000,0.0000,17,100.850,0.0000,0,0.9250,,0.850,0,
2110,4,45,fog-54,1,fog,4100.0,0.0000,0.0000,17,100.850,0.0000,0,0.9231,,0.850,0,
2111,4,45,fog-54,1,fog,4200.0,0.0000,0.0000,17,100.850,0.0000,0,0.9213,,0.850,0,
2112,4,45,fog-54,1,fog,4300.0,0.0000,0.0000,17,100.850,0.0000,0,0.9194,,0.850,0,
2113,4,45,fog-54,1,fog,4400.0,0.0000,0.0000,17,100.850,0.0000,0,0.9175,,0.850,0,
2114,4,45,fog-54,1,fog,4500.0,0.0000,0.0000,16,100.800,0.0000,0,0.9156,,0.850,0,
2115,4,45,fog-54,1,fog,4600.0,0.0000,0.0000,17,100.850,0.0000,0,0.9138,,0.850,0,
2116,4,45,fog-54,1,fog,4700.0,0.0000,0.0000,17,100.850,0.0000,0,0.9119,,0.850,0,
2117,4,45,fog-54,1,fog,4800.0,0.0000,0.0000,17,100.850,0.0000,0,0.9100,,0.850,0,
2118,4,45,fog-54,1,fog,4900.0,0.0000,0.0000,17,100.850,0.0000,0,0.9081,,0.850,0,
2119,4,45,fog-54,1,fog,5000.0,0.0000,0.0000,17,100.850,0.0000,0,0.9063,,0.850,0,
2120,4,46,fog-55,1,fog,0.0,0.0000,0.0000,0,100.000,,0,1.0000,,0.850,0,
2121,4,46,fog-55,1,fog,100.0,0.0000,0.0000,0,100.000,,0,0.9981,,0.850,0,
2122,4,46,fog-55,1,fog,200.0,0.0000,0.0000,0,100.000,,0,0.9963,,0.850,0,
2123,4,46,fog-55,1,fog,300.0,0.0000,0.0000,5,100.250,0.0000,0,0.9944,,0.850,0,
2124,4,46,fog-55,1,fog,400.0,0.0000,0.0000,17,100.850,0.0000,0,0.9925,,0.850,0,
2125,4,46,fog-55,1,fog,500.0,0.0000,0.0000,17,100.850,0.0000,0,0.9906,,0.850,0,
2126,4,46,fog-55,1,fog,600.0,0.0000,0.0000,16,100.800,0.0000,0,0.9888,,0.850,0,
2127,4,46,fog-55,1,fog,700.0,0.0000,0.0000,17,100.850,0.0000,0,0.9869,,0.850,0,
2128,4,46,fog-55,1,fog,800.0,0.0000,0.0000,17,100.850,0.0000,0,0.9850,,0.850,0,
2129,4,46,fog-55,1,fog,900.0,0.0000,0.0000,17,100.850,0.0000,0,0.9831,,0.850,0,
2130,4,46,fog-55,1,fog,1000.0,0.0000,0.0000,17,100.850,0.0000,0,0.9813,,0.850,0,
2131,4,46,fog-55,1,fog,1100.0,0.0000,0.0000,17,100.850,0.0000,0,0.9794,,0.850,0,
2132,4,46,fog-55,1,fog,1200.0,0.0000,0.0000,17,100.850,0.0000,0,0.9775,,0.850,0,
2133,4,46,fog-55,1,fog,1300.0,0.0000,0.0000,17,100.850,0.0000,0,0.9756,,0.850,0,
2134,4,46,fog-55,1,fog,1400.0,0.0000,0.0000,17,100.850,0.0000,0,0.9738,,0.850,0,
2135,4,46,fog-55,1,fog,1500.0,0.0000,0.0000,17,100.850,0.0000,0,0.9719,,0.850,0,
2136,4,46,fog-55,1,fog,1600.0,0.0000,0.0000,17,100.850,0.0000,0,0.9700,,0.850,0,
2137,4,46,fog-55,1,fog,1700.0,0.0000,0.0000,17,100.850,0.0000,0,0.9681,,0.850,0,
2138,4,46,fog-55,1,fog,1800.0,0.0000,0.0000,17,100.850,0.0000,0,0.9663,,0.850,0,
2139,4,46,fog-55,1,fog,1900.0,0.0000,0.0000,17,100.850,0.0000,0,0.9644,,0.850,0,
2140,4,46,fog-55,1,fog,2000.0,0.0000,0.0000,17,100.850,0.0000,0,0.9625,,0.850,0,
2141,4,46,fog-55,1,fog,2100.0,0.0000,0.0000,17,100.850,0.0000,0,0.9606,,0.850,0,
2142,4,46,fog-55,1,fog,2200.0,0.0000,0.0000,17,100.850,0.0000,0,0.9588,,0.850,0,
2143,4,46,fog-55,1,fog,2300.0,0.0000,0.0000,17,100.850,0.0000,0,0.9569,,0.850,0,
2144,4,46,fog-55,1,fog,2400.0,0.0000,0.0000,17,100.850,0.0000,0,0.9550,,0.850,0,
2145,4,46,fog-55,1,fog,2500.0,0.0000,0.0000,16,100.800,0.0000,0,0.9531,,0.850,0,
2146,4,46,fog-55,1,fog,2600.0,0.0000,0.0000,17,100.850,0.0000,0,0.9513,,0.850,0,
2147,4,46,fog-55,1,fog,2700.0,0.0000,0.0000,17,100.850,0.0000,0,0.9494,,0.850,0,
2148,4,46,fog-55,1,fog,2800.0,0.0000,0.0000,17,100.850,0.0000,0,0.9475,,0.850,0,
2149,4,46,fog-55,1,fog,2900.0,0.0000,0.0000,17,100.850,0.0000,0,0.9456,,0.850,0,
2150,4,46,fog-55,1,fog,3000.0,0.0000,0.0000,17,100.850,0.0000,0,0.9438,,0.850,0,
2151,4,46,fog-55,1,fog,3100.0,0.0000,0.0000,17,100.850,0.0000,0,0.9419,,0.850,0,
2152,4,46,fog-55,1,fog,3200.0,0.0000,0.0000,17,100.850,0.0000,0,0.9400,,0.850,0,
2153,4,46,fog-55,1,fog,3300.0,0.0000,0.0000,17,100.850,0.0000,0,0.9381,,0.850,0,
2154,4,46,fog-55,1,fog,3400.0,0.0000,0.0000,17,100.850,0.0000,0,0.9363,,0.850,0,
2155,4,46,fog-55,1,fog,3500.0,0.0000,0.0000,17,100.850,0.0000,0,0.9344,,0.850,0,
2156,4,46,fog-55,1,fog,3600.0,0.0000,0.0000,17,100.850,0.0000,0,0.9325,,0.850,0,
2157,4,46,fog-55,1,fog,3700.0,0.0000,0.0000,17,100.850,0.0000,0,0.9306,,0.850,0,
2158,4,46,fog-55,1,fog,3800.0,0.0000,0.0000,17,100.850,0.0000,0,0.9288,,0.850,0,
2159,4,46,fog-55,1,fog,3900.0,0.0000,0.0000,17,100.850,0.0000,0,0.9269,,0.850,0,
2160,4,46,fog-55,1,fog,4000.0,0.0000,0.0000,17,100.850,0.0000,0,0.9250,,0.850,0,
2161,4,46,fog-55,1,fog,4100.0,0.0000,0.0000,17,100.850,0.0000,0,0.9231,,0.850,0,
2162,4,46,fog-55,1,fog,4200.0,0.0000,0.0000,17,100.850,0.0000,0,0.9213,,0.850,0,
2163,4,46,fog-55,1,fog,4300.0,0.0000,0.0000,17,100.850,0.0000,0,0.9194,,0.850,0,
2164,4,46,fog-55,1,fog,4400.0,0.0000,0.0000,17,100.850,0.0000,0,0.9175,,0.850,0,
2165,4,46,fog-55,1,fog,4500.0,0.0000,0.0000,16,100.800,0.0000,0,0.9156,,0.850,0,
2166,4,46,fog-55,1,fog,4600.0,0.0000,0.0000,17,100.850,0.0000,0,0.9138,,0.850,0,
2167,4,46,fog-55,1,fog,4700.0,0.0000,0.0000,17,100.850,0.0000,0,0.9119,,0.850,0,
2168,4,46,fog-55,1,fog,4800.0,0.0000,0.0000,17,100.850,0.0000,0,0.9100,,0.850,0,
2169,4,46,fog-55,1,fog,4900.0,0.0000,0.0000,17,100.850,0.0000,0,0.9081,,0.850,0,
2170,4,46,fog-55,1,fog,5000.0,0.0000,0.0000,17,100.850,0.0000,0,0.9063,,0.850,0,
2171,4,47,fog-56,1,fog,0.0,0.0000,0.0000,0,100.000,,0,1.0000,,0.850,0,
2172,4,47,fog-56,1,fog,100.0,0.0000,0.0000,0,100.000,,0,0.9981,,0.850,0,
2173,4,47,fog-56,1,fog,200.0,0.0000,0.0000,0,100.000,,0,0.9963,,0.850,0,
2174,4,47,fog-56,1,fog,300.0,0.0000,0.0000,5,100.250,0.0000,0,0.9944,,0.850,0,
2175,4,47,fog-56,1,fog,400.0,0.0000,0.0000,17,100.850,0.0000,0,0.9925,,0.850,0,
2176,4,47,fog-56,1,fog,500.0,0.0000,0.0000,16,100.800,0.0000,0,0.9906,,0.850,0,
2177,4,47,fog-56,1,fog,600.0,0.0000,0.0000,17,100.850,0.0000,0,0.9888,,0.850,0,
2178,4,47,fog-56,1,fog,700.0,0.0000,0.0000,17,100.850,0.0000,0,0.9869,,0.850,0,
2179,4,47,fog-56,1,fog,800.0,0.0000,0.0000,17,100.850,0.0000,0,0.9850,,0.850,0,
2180,4,47,fog-56,1,fog,900.0,0.0000,0.0000,17,100.850,0.0000,0,0.9831,,0.850,0,
2181,4,47,fog-56,1,fog,1000.0,0.0000,0.0000,17,100.850,0.0000,0,0.9813,,0.850,0,
2182,4,47,fog-56,1,fog,1100.0,0.0000,0.0000,17,100.850,0.0000,0,0.9794,,0.850,0,
2183,4,47,fog-56,1,fog,1200.0,0.0000,0.0000,17,100.850,0.0000,0,0.9775,,0.850,0,
2184,4,47,fog-56,1,fog,1300.0,0.0000,0.0000,17,100.850,0.0000,0,0.9756,,0.850,0,
2185,4,47,fog-56,1,fog,1400.0,0.0000,0.0000,17,100.850,0.0000,0,0.9738,,0.850,0,
2186,4,47,fog-56,1,fog,1500.0,0.0000,0.0000,17,100.850,0.0000,0,0.9719,,0.850,0,
2187,4,47,fog-56,1,fog,1600.0,0.0000,0.0000,17,100.850,0.0000,0,0.9700,,0.850,0,
2188,4,47,fog-56,1,fog,1700.0,0.0000,0.0000,17,100.850,0.0000,0,0.9681,,0.850,0,
2189,4,47,fog-56,1,fog,1800.0,0.0000,0.0000,17,100.850,0.0000,0,0.9663,,0.850,0,
2190,4,47,fog-56,1,fog,1900.0,0.0000,0.0000,17,100.850,0.0000,0,0.9644,,0.850,0,
2191,4,47,fog-56,1,fog,2000.0,0.0000,0.0000,17,100.850,0.0000,0,0.9625,,0.850,0,
2192,4,47,fog-56,1,fog,2100.0,0.0000,0.0000,17,100.850,0.0000,0,0.9606,,0.850,0,
2193,4,47,fog-56,1,fog,2200.0,0.0000,0.0000,17,100.850,0.0000,0,0.9588,,0.850,0,
2194,4,47,fog-56,1,fog,2300.0,0.0000,0.0000,17,100.850,0.0000,0,0.9569,,0.850,0,
2195,4,47,fog-56,1,fog,2400.0,0.0000,0.0000,17,100.850,0.0000,0,0.9550,,0.850,0,
2196,4,47,fog-56,1,fog,2500.0,0.0000,0.0000,16,100.800,0.0000,0,0.9531,,0.850,0,
2197,4,47,fog-56,1,fog,2600.0,0.0000,0.0000,17,100.850,0.0000,0,0.9513,,0.850,0,
2198,4,47,fog-56,1,fog,2700.0,0.0000,0.0000,17,100.850,0.0000,0,0.9494,,0.850,0,
2199,4,47,fog-56,1,fog,2800.0,0.0000,0.0000,17,100.850,0.0000,0,0.9475,,0.850,0,
2200,4,47,fog-56,1,fog,2900.0,0.0000,0.0000,17,100.850,0.0000,0,0.9456,,0.850,0,
2201,4,47,fog-56,1,fog,3000.0,0.0000,0.0000,17,100.850,0.0000,0,0.9438,,0.850,0,
2202,4,47,fog-56,1,fog,3100.0,0.0000,0.0000,17,100.850,0.0000,0,0.9419,,0.850,0,
2203,4,47,fog-56,1,fog,3200.0,0.0000,0.0000,17,100.850,0.0000,0,0.9400,,0.850,0,
2204,4,47,fog-56,1,fog,3300.0,0.0000,0.0000,17,100.850,0.0000,0,0.9381,,0.850,0,
2205,4,47,fog-56,1,fog,3400.0,0.0000,0.0000,17,100.850,0.0000,0,0.9363,,0.850,0,
2206,4,47,fog-56,1,fog,3500.0,0.0000,0.0000,17,100.850,0.0000,0,0.9344,,0.850,0,
2207,4,47,fog-56,1,fog,3600.0,0.0000,0.0000,17,100.850,0.0000,0,0.9325,,0.850,0,
2208,4,47,fog-56,1,fog,3700.0,0.0000,0.0000,17,100.850,0.0000,0,0.9306,,0.850,0,
2209,4,47,fog-56,1,fog,3800.0,0.0000,0.0000,17,100.850,0.0000,0,0.9288,,0.850,0,
2210,4,47,fog-56,1,fog,3900.0,0.0000,0.0000,17,100.850,0.0000,0,0.9269,,0.850,0,
2211,4,47,fog-56,1,fog,4000.0,0.0000,0.0000,17,100.850,0.0000,0,0.9250,,0.850,0,
2212,4,47,fog-56,1,fog,4100.0,0.0000,0.0000,17,100.850,0.0000,0,0.9231,,0.850,0,
2213,4,47,fog-56,1,fog,4200.0,0.0000,0.0000,17,100.850,0.0000,0,0.9213,,0.850,0,
2214,4,47,fog-56,1,fog,4300.0,0.0000,0.0000,17,100.850,0.0000,0,0.9194,,0.850,0,
2215,4,47,fog-56,1,fog,4400.0,0.0000,0.0000,17,100.850,0.0000,0,0.9175,,0.850,0,
2216,4,47,fog-56,1,fog,4500.0,0.0000,0.0000,16,100.800,0.0000,0,0.9156,,0.850,0,
2217,4,47,fog-56,1,fog,4600.0,0.0000,0.0000,17,100.850,0.0000,0,0.9138,,0.850,0,
2218,4,47,fog-56,1,fog,4700.0,0.0000,0.0000,17,100.850,0.0000,0,0.9119,,0.850,0,
2219,4,47,fog-56,1,fog,4800.0,0.0000,0.0000,17,100.850,0.0000,0,0.9100,,0.850,0,
2220,4,47,fog-56,1,fog,4900.0,0.0000,0.0000,17,100.850,0.0000,0,0.9081,,0.850,0,
2221,4,47,fog-56,1,fog,5000.0,0.0000,0.0000,17,100.850,0.0000,0,0.9063,,0.850,0,
2222,4,48,fog-57,1,fog,0.0,0.0000,0.0000,0,100.000,,0,1.0000,,0.850,0,
2223,4,48,fog-57,1,fog,100.0,0.0000,0.0000,0,100.000,,0,0.9981,,0.850,0,
2224,4,48,fog-57,1,fog,200.0,0.0000,0.0000,0,100.000,,0,0.9963,,0.850,0,
2225,4,48,fog-57,1,fog,300.0,0.0000,0.0000,5,100.250,0.0000,0,0.9944,,0.850,0,
2226,4,48,fog-57,1,fog,400.0,0.0000,0.0000,17,100.850,0.0000,0,0.9925,,0.850,0,
2227,4,48,fog-57,1,fog,500.0,0.0000,0.0000,16,100.800,0.0000,0,0.9906,,0.850,0,
2228,4,48,fog-57,1,fog,600.0,0.0000,0.0000,17,100.850,0.0000,0,0.9888,,0.850,0,
2229,4,48,fog-57,1,fog,700.0,0.0000,0.0000,17,100.850,0.0000,0,0.9869,,0.850,0,
2230,4,48,fog-57,1,fog,800.0,0.0000,0.0000,17,100.850,0.0000,0,0.9850,,0.850,0,
2231,4,48,fog-57,1,fog,900.0,0.0000,0.0000,17,100.850,0.0000,0,0.9831,,0.850,0,
2232,4,48,fog-57,1,fog,1000.0,0.0000,0.0000,17,100.850,0.0000,0,0.9813,,0.850,0,
2233,4,48,fog-57,1,fog,1100.0,0.0000,0.0000,17,100.850,0.0000,0,0.9794,,0.850,0,
2234,4,48,fog-57,1,fog,1200.0,0.0000,0.0000,17,100.850,0.0000,0,0.9775,,0.850,0,
2235,4,48,fog-57,1,fog,1300.0,0.0000,0.0000,17,100.850,0.0000,0,0.9756,,0.850,0,
2236,4,48,fog-57,1,fog,1400.0,0.0000,0.0000,17,100.850,0.0000,0,0.9738,,0.850,0,
2237,4,48,fog-57,1,fog,1500.0,0.0000,0.0000,17,100.850,0.0000,0,0.9719,,0.850,0,
2238,4,48,fog-57,1,fog,1600.0,0.0000,0.0000,17,100.850,0.0000,0,0.9700,,0.850,0,
2239,4,48,fog-57,1,fog,1700.0,0.0000,0.0000,17,100.850,0.0000,0,0.9681,,0.850,0,
2240,4,48,fog-57,1,fog,1800.0,0.0000,0.0000,17,100.850,0.0000,0,0.9663,,0.850,0,
2241,4,48,fog-57,1,fog,1900.0,0.0000,0.0000,17,100.850,0.0000,0,0.9644,,0.850,0,
2242,4,48,fog-57,1,fog,2000.0,0.0000,0.0000,17,100.850,0.0000,0,0.9625,,0.850,0,
2243,4,48,fog-57,1,fog,2100.0,0.0000,0.0000,17,100.850,0.0000,0,0.9606,,0.850,0,
2244,4,48,fog-57,1,fog,2200.0,0.0000,0.0000,17,100.850,0.0000,0,0.9588,,0.850,0,
2245,4,48,fog-57,1,fog,2300.0,0.0000,0.0000,17,100.850,0.0000,0,0.9569,,0.850,0,
2246,4,48,fog-57,1,fog,2400.0,0.0000,0.0000,17,100.850,0.0000,0,0.9550,,0.850,0,
2247,4,48,fog-57,1,fog,2500.0,0.0000,0.0000,16,100.800,0.0000,0,0.9531,,0.850,0,
2248,4,48,fog-57,1,fog,2600.0,0.0000,0.0000,17,100.850,0.0000,0,0.9513,,0.850,0,
2249,4,48,fog-57,1,fog,2700.0,0.0000,0.0000,17,100.850,0.0000,0,0.9494,,0.850,0,
2250,4,48,fog-57,1,fog,2800.0,0.0000,0.0000,17,100.850,0.0000,0,0.9475,,0.850,0,
2251,4,48,fog-57,1,fog,2900.0,0.0000,0.0000,17,100.850,0.0000,0,0.9456,,0.850,0,
2252,4,48,fog-57,1,fog,3000.0,0.0000,0.0000,17,100.850,0.0000,0,0.9438,,0.850,0,
2253,4,48,fog-57,1,fog,3100.0,0.0000,0.0000,17,100.850,0.0000,0,0.9419,,0.850,0,
2254,4,48,fog-57,1,fog,3200.0,0.0000,0.0000,17,100.850,0.0000,0,0.9400,,0.850,0,
2255,4,48,fog-57,1,fog,3300.0,0.0000,0.0000,17,100.850,0.0000,0,0.9381,,0.850,0,
2256,4,48,fog-57,1,fog,3400.0,0.0000,0.0000,17,100.850,0.0000,0,0.9363,,0.850,0,
2257,4,48,fog-57,1,fog,3500.0,0.0000,0.0000,17,100.850,0.0000,0,0.9344,,0.850,0,
2258,4,48,fog-57,1,fog,3600.0,0.0000,0.0000,17,100.850,0.0000,0,0.9325,,0.850,0,
2259,4,48,fog-57,1,fog,3700.0,0.0000,0.0000,17,100.850,0.0000,0,0.9306,,0.850,0,
2260,4,48,fog-57,1,fog,3800.0,0.0000,0.0000,17,100.850,0.0000,0,0.9288,,0.850,0,
2261,4,48,fog-57,1,fog,3900.0,0.0000,0.0000,17,100.850,0.0000,0,0.9269,,0.850,0,
2262,4,48,fog-57,1,fog,4000.0,0.0000,0.0000,17,100.850,0.0000,0,0.9250,,0.850,0,
2263,4,48,fog-57,1,fog,4100.0,0.0000,0.0000,17,100.850,0.0000,0,0.9231,,0.850,0,
2264,4,48,fog-57,1,fog,4200.0,0.0000,0.0000,17,100.850,0.0000,0,0.9213,,0.850,0,
2265,4,48,fog-57,1,fog,4300.0,0.0000,0.0000,17,100.850,0.0000,0,0.9194,,0.850,0,
2266,4,48,fog-57,1,fog,4400.0,0.0000,0.0000,17,100.850,0.0000,0,0.9175,,0.850,0,
2267,4,48,fog-57,1,fog,4500.0,0.0000,0.0000,16,100.800,0.0000,0,0.9156,,0.850,0,
2268,4,48,fog-57,1,fog,4600.0,0.0000,0.0000,17,100.850,0.0000,0,0.9138,,0.850,0,
2269,4,48,fog-57,1,fog,4700.0,0.0000,0.0000,17,100.850,0.0000,0,0.9119,,0.850,0,
2270,4,48,fog-57,1,fog,4800.0,0.0000,0.0000,17,100.850,0.0000,0,0.9100,,0.850,0,
2271,4,48,fog-57,1,fog,4900.0,0.0000,0.0000,17,100.850,0.0000,0,0.9081,,0.850,0,
2272,4,48,fog-57,1,fog,5000.0,0.0000,0.0000,17,100.850,0.0000,0,0.9063,,0.850,0,
2273,4,49,fog-58,1,fog,0.0,0.0000,0.0000,0,100.000,,0,1.0000,,0.850,0,
2274,4,49,fog-58,1,fog,100.0,0.0000,0.0000,0,100.000,,0,0.9981,,0.850,0,
2275,4,49,fog-58,1,fog,200.0,0.0000,0.0000,0,100.000,,0,0.9963,,0.850,0,
2276,4,49,fog-58,1,fog,300.0,0.0000,0.0000,5,100.250,0.0000,0,0.9944,,0.850,0,
2277,4,49,fog-58,1,fog,400.0,0.0000,0.0000,17,100.850,0.0000,0,0.9925,,0.850,0,
2278,4,49,fog-58,1,fog,500.0,0.0000,0.0000,16,100.800,0.0000,0,0.9906,,0.850,0,
2279,4,49,fog-58,1,fog,600.0,0.0000,0.0000,17,100.850,0.0000,0,0.9888,,0.850,0,
2280,4,49,fog-58,1,fog,700.0,0.0000,0.0000,17,100.850,0.0000,0,0.9869,,0.850,0,
2281,4,49,fog-58,1,fog,800.0,0.0000,0.0000,17,100.850,0.0000,0,0.9850,,0.850,0,
2282,4,49,fog-58,1,fog,900.0,0.0000,0.0000,17,100.850,0.0000,0,0.9831,,0.850,0,
2283,4,49,fog-58,1,fog,1000.0,0.0000,0.0000,17,100.850,0.0000,0,0.9813,,0.850,0,
2284,4,49,fog-58,1,fog,1100.0,0.0000,0.0000,17,100.850,0.0000,0,0.9794,,0.850,0,
2285,4,49,fog-58,1,fog,1200.0,0.0000,0.0000,17,100.850,0.0000,0,0.9775,,0.850,0,
2286,4,49,fog-58,1,fog,1300.0,0.0000,0.0000,17,100.850,0.0000,0,0.9756,,0.850,0,
2287,4,49,fog-58,1,fog,1400.0,0.0000,0.0000,17,100.850,0.0000,0,0.9738,,0.850,0,
2288,4,49,fog-58,1,fog,1500.0,0.0000,0.0000,17,100.850,0.0000,0,0.9719,,0.850,0,
2289,4,49,fog-58,1,fog,1600.0,0.0000,0.0000,17,100.850,0.0000,0,0.9700,,0.850,0,
2290,4,49,fog-58,1,fog,1700.0,0.0000,0.0000,17,100.850,0.0000,0,0.9681,,0.850,0,
2291,4,49,fog-58,1,fog,1800.0,0.0000,0.0000,17,100.850,0.0000,0,0.9663,,0.850,0,
2292,4,49,fog-58,1,fog,1900.0,0.0000,0.0000,17,100.850,0.0000,0,0.9644,,0.850,0,
2293,4,49,fog-58,1,fog,2000.0,0.0000,0.0000,17,100.850,0.0000,0,0.9625,,0.850,0,
2294,4,49,fog-58,1,fog,2100.0,0.0000,0.0000,17,100.850,0.0000,0,0.9606,,0.850,0,
2295,4,49,fog-58,1,fog,2200.0,0.0000,0.0000,17,100.850,0.0000,0,0.9588,,0.850,0,
2296,4,49,fog-58,1,fog,2300.0,0.0000,0.0000,17,100.850,0.0000,0,0.9569,,0.850,0,
2297,4,49,fog-58,1,fog,2400.0,0.0000,0.0000,17,100.850,0.0000,0,0.9550,,0.850,0,
2298,4,49,fog-58,1,fog,2500.0,0.0000,0.0000,16,100.800,0.0000,0,0.9531,,0.850,0,
2299,4,49,fog-58,1,fog,2600.0,0.0000,0.0000,17,100.850,0.0000,0,0.9513,,0.850,0,
2300,4,49,fog-58,1,fog,2700.0,0.0000,0.0000,17,100.850,0.0000,0,0.9494,,0.850,0,
2301,4,49,fog-58,1,fog,2800.0,0.0000,0.0000,17,100.850,0.0000,0,0.9475,,0.850,0,
2302,4,49,fog-58,1,fog,2900.0,0.0000,0.0000,17,100.850,0.0000,0,0.9456,,0.850,0,
2303,4,49,fog-58,1,fog,3000.0,0.0000,0.0000,17,100.850,0.0000,0,0.9438,,0.850,0,
2304,4,49,fog-58,1,fog,3100.0,0.0000,0.0000,17,100.850,0.0000,0,0.9419,,0.850,0,
2305,4,49,fog-58,1,fog,3200.0,0.0000,0.0000,17,100.850,0.0000,0,0.9400,,0.850,0,
2306,4,49,fog-58,1,fog,3300.0,0.0000,0.0000,17,100.850,0.0000,0,0.9381,,0.850,0,
2307,4,49,fog-58,1,fog,3400.0,0.0000,0.0000,17,100.850,0.0000,0,0.9363,,0.850,0,
2308,4,49,fog-58,1,fog,3500.0,0.0000,0.0000,17,100.850,0.0000,0,0.9344,,0.850,0,
2309,4,49,fog-58,1,fog,3600.0,0.0000,0.0000,17,100.850,0.0000,0,0.9325,,0.850,0,
2310,4,49,fog-58,1,fog,3700.0,0.0000,0.0000,17,100.850,0.0000,0,0.9306,,0.850,0,
2311,4,49,fog-58,1,fog,3800.0,0.0000,0.0000,17,100.850,0.0000,0,0.9288,,0.850,0,
2312,4,49,fog-58,1,fog,3900.0,0.0000,0.0000,17,100.850,0.0000,0,0.9269,,0.850,0,
2313,4,49,fog-58,1,fog,4000.0,0.0000,0.0000,17,100.850,0.0000,0,0.9250,,0.850,0,
2314,4,49,fog-58,1,fog,4100.0,0.0000,0.0000,17,100.850,0.0000,0,0.9231,,0.850,0,
2315,4,49,fog-58,1,fog,4200.0,0.0000,0.0000,17,100.850,0.0000,0,0.9213,,0.850,0,
2316,4,49,fog-58,1,fog,4300.0,0.0000,0.0000,17,100.850,0.0000,0,0.9194,,0.850,0,
2317,4,49,fog-58,1,fog,4400.0,0.0000,0.0000,16,100.800,0.0000,0,0.9175,,0.850,0,
2318,4,49,fog-58,1,fog,4500.0,0.0000,0.0000,17,100.850,0.0000,0,0.9156,,0.850,0,
2319,4,49,fog-58,1,fog,4600.0,0.0000,0.0000,17,100.850,0.0000,0,0.9138,,0.850,0,
2320,4,49,fog-58,1,fog,4700.0,0.0000,0.0000,17,100.850,0.0000,0,0.9119,,0.850,0,
2321,4,49,fog-58,1,fog,4800.0,0.0000,0.0000,17,100.850,0.0000,0,0.9100,,0.850,0,
2322,4,49,fog-58,1,fog,4900.0,0.0000,0.0000,17,100.850,0.0000,0,0.9081,,0.850,0,
2323,4,49,fog-58,1,fog,5000.0,0.0000,0.0000,17,100.850,0.0000,0,0.9063,,0.850,0,
2324,4,50,fog-59,1,fog,0.0,0.0000,0.0000,0,100.000,,0,1.0000,,0.850,0,
2325,4,50,fog-59,1,fog,100.0,0.0000,0.0000,0,100.000,,0,0.9981,,0.850,0,
2326,4,50,fog-59,1,fog,200.0,0.0000,0.0000,14,100.500,0.0000,0,0.9963,,0.850,0,
2327,4,50,fog-59,1,fog,300.0,0.0000,0.0000,19,100.700,0.6750,0,0.9944,,0.850,0,
2328,4,50,fog-59,1,fog,400.0,0.0000,0.0000,17,100.850,0.0000,0,0.9925,,0.850,0,
2329,4,50,fog-59,1,fog,500.0,0.0000,0.0000,34,101.250,0.5257,0,0.9906,,0.850,0,
2330,4,50,fog-59,1,fog,600.0,0.0000,0.0000,17,100.850,0.0000,0,0.9888,,0.850,0,
2331,4,50,fog-59,1,fog,700.0,0.0000,0.0000,17,100.850,0.0000,0,0.9869,,0.850,0,
2332,4,50,fog-59,1,fog,800.0,0.0000,0.0000,17,100.850,0.0000,0,0.9850,,0.850,0,
2333,4,50,fog-59,1,fog,900.0,0.0000,0.0000,35,101.300,0.5329,0,0.9831,,0.850,0,
2334,4,50,fog-59,1,fog,1000.0,0.0000,0.0000,32,101.250,0.5196,0,0.9813,,0.850,0,
2335,4,50,fog-59,1,fog,1100.0,0.0000,0.0000,56,101.700,0.7759,0,0.9794,,0.850,0,
2336,4,50,fog-59,1,fog,1200.0,0.0000,0.0000,17,100.850,0.0000,0,0.9775,,0.850,0,
2337,4,50,fog-59,1,fog,1300.0,0.0000,0.0000,17,100.850,0.0000,0,0.9756,,0.850,0,
2338,4,50,fog-59,1,fog,1400.0,0.0000,0.0000,17,100.850,0.0000,0,0.9738,,0.850,0,
2339,4,50,fog-59,1,fog,1500.0,0.0000,0.0000,17,100.850,0.0000,0,0.9719,,0.850,0,
2340,4,50,fog-59,1,fog,1600.0,0.0000,0.0000,17,100.850,0.0000,0,0.9700,,0.850,0,
2341,4,50,fog-59,1,fog,1700.0,0.0000,0.0000,17,100.850,0.0000,0,0.9681,,0.850,0,
2342,4,50,fog-59,1,fog,1800.0,0.0000,0.0000,35,101.300,0.5256,0,0.9663,,0.850,0,
2343,4,50,fog-59,1,fog,1900.0,0.0000,0.0000,17,100.850,0.0000,0,0.9644,,0.850,0,
2344,4,50,fog-59,1,fog,2000.0,0.0000,0.0000,17,100.850,0.0000,0,0.9625,,0.850,0,
2345,4,50,fog-59,1,fog,2100.0,0.0000,0.0000,17,100.850,0.0000,0,0.9606,,0.850,0,
2346,4,50,fog-59,1,fog,2200.0,0.0000,0.0000,17,100.850,0.0000,0,0.9588,,0.850,0,
2347,4,50,fog-59,1,fog,2300.0,0.0000,0.0000,17,100.850,0.0000,0,0.9569,,0.850,0,
2348,4,50,fog-59,1,fog,2400.0,0.0000,0.0000,17,100.850,0.0000,0,0.9550,,0.850,0,
2349,4,50,fog-59,1,fog,2500.0,0.0000,0.0000,16,100.800,0.0000,0,0.9531,,0.850,0,
2350,4,50,fog-59,1,fog,2600.0,0.0000,0.0000,17,100.850,0.0000,0,0.9513,,0.850,0,
2351,4,50,fog-59,1,fog,2700.0,0.0000,0.0000,35,101.300,0.5334,0,0.9494,,0.850,0,
2352,4,50,fog-59,1,fog,2800.0,0.0000,0.0000,28,101.200,0.4604,0,0.9475,,0.850,0,
2353,4,50,fog-59,1,fog,2900.0,0.0000,0.0000,17,100.850,0.0000,0,0.9456,,0.850,0,
2354,4,50,fog-59,1,fog,3000.0,0.0000,0.0000,32,101.250,0.4989,0,0.9438,,0.850,0,
2355,4,50,fog-59,1,fog,3100.0,0.0000,0.0000,17,100.850,0.0000,0,0.9419,,0.850,0,
2356,4,50,fog-59,1,fog,3200.0,0.0000,0.0000,38,101.350,0.5331,0,0.9400,,0.850,0,
2357,4,50,fog-59,1,fog,3300.0,0.0000,0.0000,59,101.750,0.8050,0,0.9381,,0.850,0,
2358,4,50,fog-59,1,fog,3400.0,0.0000,0.0000,17,100.850,0.0000,0,0.9363,,0.850,0,
2359,4,50,fog-59,1,fog,3500.0,0.0000,0.0000,17,100.850,0.0000,0,0.9344,,0.850,0,
2360,4,50,fog-59,1,fog,3600.0,0.0000,0.0000,17,100.850,0.0000,0,0.9325,,0.850,0,
2361,4,50,fog-59,1,fog,3700.0,0.0000,0.0000,32,101.250,0.4980,0,0.9306,,0.850,0,
2362,4,50,fog-59,1,fog,3800.0,0.0000,0.0000,61,101.800,0.8187,0,0.9288,,0.850,0,
2363,4,50,fog-59,1,fog,3900.0,0.0000,0.0000,17,100.850,0.0000,0,0.9269,,0.850,0,
2364,4,50,fog-59,1,fog,4000.0,0.0000,0.0000,17,100.850,0.0000,0,0.9250,,0.850,0,
2365,4,50,fog-59,1,fog,4100.0,0.0000,0.0000,61,101.800,0.8289,0,0.9231,,0.850,0,
2366,4,50,fog-59,1,fog,4200.0,0.0000,0.0000,59,101.750,0.8269,0,0.9213,,0.850,0,
2367,4,50,fog-59,1,fog,4300.0,0.0000,0.0000,17,100.850,0.0000,0,0.9194,,0.850,0,
2368,4,50,fog-59,1,fog,4400.0,0.0000,0.0000,16,100.800,0.0000,0,0.9175,,0.850,0,
2369,4,50,fog-59,1,fog,4500.0,0.0000,0.0000,17,100.850,0.0000,0,0.9156,,0.850,0,
2370,4,50,fog-59,1,fog,4600.0,0.0000,0.0000,17,100.850,0.0000,0,0.9138,,0.850,0,
2371,4,50,fog-59,1,fog,4700.0,0.0000,0.0000,17,100.850,0.0000,0,0.9119,,0.850,0,
2372,4,50,fog-59,1,fog,4800.0,0.0000,0.0000,17,100.850,0.0000,0,0.9100,,0.850,0,
2373,4,50,fog-59,1,fog,4900.0,0.0000,0.0000,17,100.850,0.0000,0,0.9081,,0.850,0,
2374,4,50,fog-59,1,fog,5000.0,0.0000,0.0000,17,100.850,0.0000,0,0.9063,,0.850,0,
2375,4,51,fog-60,1,fog,0.0,0.0000,0.0000,0,100.000,,0,1.0000,,0.850,0,
2376,4,51,fog-60,1,fog,100.0,0.0000,0.0000,0,100.000,,0,0.9981,,0.850,0,
2377,4,51,fog-60,1,fog,200.0,0.0000,0.0000,0,100.000,,0,0.9963,,0.850,0,
2378,4,51,fog-60,1,fog,300.0,0.0000,0.0000,5,100.250,0.0000,0,0.9944,,0.850,0,
2379,4,51,fog-60,1,fog,400.0,0.0000,0.0000,17,100.850,0.0000,0,0.9925,,0.850,0,
2380,4,51,fog-60,1,fog,500.0,0.0000,0.0000,16,100.800,0.0000,0,0.9906,,0.850,0,
2381,4,51,fog-60,1,fog,600.0,0.0000,0.0000,17,100.850,0.0000,0,0.9888,,0.850,0,
2382,4,51,fog-60,1,fog,700.0,0.0000,0.0000,17,100.850,0.0000,0,0.9869,,0.850,0,
2383,4,51,fog-60,1,fog,800.0,0.0000,0.0000,17,100.850,0.0000,0,0.9850,,0.850,0,
2384,4,51,fog-60,1,fog,900.0,0.0000,0.0000,17,100.850,0.0000,0,0.9831,,0.850,0,
2385,4,51,fog-60,1,fog,1000.0,0.0000,0.0000,17,100.850,0.0000,0,0.9813,,0.850,0,
2386,4,51,fog-60,1,fog,1100.0,0.0000,0.0000,17,100.850,0.0000,0,0.9794,,0.850,0,
2387,4,51,fog-60,1,fog,1200.0,0.0000,0.0000,17,100.850,0.0000,0,0.9775,,0.850,0,
2388,4,51,fog-60,1,fog,1300.0,0.0000,0.0000,17,100.850,0.0000,0,0.9756,,0.850,0,
2389,4,51,fog-60,1,fog,1400.0,0.0000,0.0000,17,100.850,0.0000,0,0.9738,,0.850,0,
2390,4,51,fog-60,1,fog,1500.0,0.0000,0.0000,17,100.850,0.0000,0,0.9719,,0.850,0,
2391,4,51,fog-60,1,fog,1600.0,0.0000,0.0000,17,100.850,0.0000,0,0.9700,,0.850,0,
2392,4,51,fog-60,1,fog,1700.0,0.0000,0.0000,17,100.850,0.0000,0,0.9681,,0.850,0,
2393,4,51,fog-60,1,fog,1800.0,0.0000,0.0000,17,100.850,0.0000,0,0.9663,,0.850,0,
2394,4,51,fog-60,1,fog,1900.0,0.0000,0.0000,17,100.850,0.0000,0,0.9644,,0.850,0,
2395,4,51,fog-60,1,fog,2000.0,0.0000,0.0000,17,100.850,0.0000,0,0.9625,,0.850,0,
2396,4,51,fog-60,1,fog,2100.0,0.0000,0.0000,17,100.850,0.0000,0,0.9606,,0.850,0,
2397,4,51,fog-60,1,fog,2200.0,0.0000,0.0000,17,100.850,0.0000,0,0.9588,,0.850,0,
2398,4,51,fog-60,1,fog,2300.0,0.0000,0.0000,17,100.850,0.0000,0,0.9569,,0.850,0,
2399,4,51,fog-60,1,fog,2400.0,0.0000,0.0000,16,100.800,0.0000,0,0.9550,,0.850,0,
2400,4,51,fog-60,1,fog,2500.0,0.0000,0.0000,17,100.850,0.0000,0,0.9531,,0.850,0,
2401,4,51,fog-60,1,fog,2600.0,0.0000,0.0000,17,100.850,0.0000,0,0.9513,,0.850,0,
2402,4,51,fog-60,1,fog,2700.0,0.0000,0.0000,17,100.850,0.0000,0,0.9494,,0.850,0,
2403,4,51,fog-60,1,fog,2800.0,0.0000,0.0000,17,100.850,0.0000,0,0.9475,,0.850,0,
2404,4,51,fog-60,1,fog,2900.0,0.0000,0.0000,17,100.850,0.0000,0,0.9456,,0.850,0,
2405,4,51,fog-60,1,fog,3000.0,0.0000,0.0000,17,100.850,0.0000,0,0.9438,,0.850,0,
2406,4,51,fog-60,1,fog,3100.0,0.0000,0.0000,17,100.850,0.0000,0,0.9419,,0.850,0,
2407,4,51,fog-60,1,fog,3200.0,0.0000,0.0000,17,100.850,0.0000,0,0.9400,,0.850,0,
2408,4,51,fog-60,1,fog,3300.0,0.0000,0.0000,17,100.850,0.0000,0,0.9381,,0.850,0,
2409,4,51,fog-60,1,fog,3400.0,0.0000,0.0000,17,100.850,0.0000,0,0.9363,,0.850,0,
2410,4,51,fog-60,1,fog,3500.0,0.0000,0.0000,17,100.850,0.0000,0,0.9344,,0.850,0,
2411,4,51,fog-60,1,fog,3600.0,0.0000,0.0000,17,100.850,0.0000,0,0.9325,,0.850,0,
2412,4,51,fog-60,1,fog,3700.0,0.0000,0.0000,17,100.850,0.0000,0,0.9306,,0.850,0,
2413,4,51,fog-60,1,fog,3800.0,0.0000,0.0000,17,100.850,0.0000,0,0.9288,,0.850,0,
2414,4,51,fog-60,1,fog,3900.0,0.0000,0.0000,17,100.850,0.0000,0,0.9269,,0.850,0,
2415,4,51,fog-60,1,fog,4000.0,0.0000,0.0000,17,100.850,0.0000,0,0.9250,,0.850,0,
2416,4,51,fog-60,1,fog,4100.0,0.0000,0.0000,17,100.850,0.0000,0,0.9231,,0.850,0,
2417,4,51,fog-60,1,fog,4200.0,0.0000,0.0000,17,100.850,0.0000,0,0.9213,,0.850,0,
2418,4,51,fog-60,1,fog,4300.0,0.0000,0.0000,17,100.850,0.0000,0,0.9194,,0.850,0,
2419,4,51,fog-60,1,fog,4400.0,0.0000,0.0000,16,100.800,0.0000,0,0.9175,,0.850,0,
2420,4,51,fog-60,1,fog,4500.0,0.0000,0.0000,17,100.850,0.0000,0,0.9156,,0.850,0,
2421,4,51,fog-60,1,fog,4600.0,0.0000,0.0000,17,100.850,0.0000,0,0.9138,,0.850,0,
2422,4,51,fog-60,1,fog,4700.0,0.0000,0.0000,17,100.850,0.0000,0,0.9119,,0.850,0,
2423,4,51,fog-60,1,fog,4800.0,0.0000,0.0000,17,100.850,0.0000,0,0.9100,,0.850,0,
2424,4,51,fog-60,1,fog,4900.0,0.0000,0.0000,17,100.850,0.0000,0,0.9081,,0.850,0,
2425,4,51,fog-60,1,fog,5000.0,0.0000,0.0000,17,100.850,0.0000,0,0.9063,,0.850,0,
2426,4,52,fog-61,1,fog,0.0,0.0000,0.0000,0,100.000,,0,1.0000,,0.850,0,
2427,4,52,fog-61,1,fog,100.0,0.0000,0.0000,10,100.400,1.0000,0,0.9981,,0.850,0,
2428,4,52,fog-61,1,fog,200.0,0.0000,0.0000,48,101.350,1.0000,0,0.9963,,0.850,0,
2429,4,52,fog-61,1,fog,300.0,0.0000,0.0000,75,102.050,1.0000,0,0.9944,,0.850,0,
2430,4,52,fog-61,1,fog,400.0,0.0000,0.0000,81,102.200,1.0000,0,0.9925,,0.850,0,
2431,4,52,fog-61,1,fog,500.0,0.0000,0.0000,77,102.150,1.0000,0,0.9906,,0.850,0,
2432,4,52,fog-61,1,fog,600.0,0.0000,0.0000,56,101.700,0.7741,0,0.9888,,0.850,0,
2433,4,52,fog-61,1,fog,700.0,0.0000,0.0000,38,101.350,0.5363,0,0.9869,,0.850,0,
2434,4,52,fog-61,1,fog,800.0,0.0000,0.0000,72,102.050,0.9848,0,0.9850,,0.850,0,
2435,4,52,fog-61,1,fog,900.0,0.0000,0.0000,79,102.200,0.9420,0,0.9831,,0.850,0,
2436,4,52,fog-61,1,fog,1000.0,0.0000,0.0000,17,100.850,0.0000,0,0.9813,,0.850,0,
2437,4,52,fog-61,1,fog,1100.0,0.0000,0.0000,17,100.850,0.0000,0,0.9794,,0.850,0,
2438,4,52,fog-61,1,fog,1200.0,0.0000,0.0000,79,102.200,0.9527,0,0.9775,,0.850,0,
2439,4,52,fog-61,1,fog,1300.0,0.0000,0.0000,17,100.850,0.0000,0,0.9756,,0.850,0,
2440,4,52,fog-61,1,fog,1400.0,0.0000,0.0000,17,100.850,0.0000,0,0.9738,,0.850,0,
2441,4,52,fog-61,1,fog,1500.0,0.0000,0.0000,38,101.350,0.5358,0,0.9719,,0.850,0,
2442,4,52,fog-61,1,fog,1600.0,0.0000,0.0000,79,102.200,0.9528,0,0.9700,,0.850,0,
2443,4,52,fog-61,1,fog,1700.0,0.0000,0.0000,97,102.650,1.0000,0,0.9681,,0.850,0,
2444,4,52,fog-61,1,fog,1800.0,0.0000,0.0000,54,101.650,0.6404,0,0.9663,,0.850,0,
2445,4,52,fog-61,1,fog,1900.0,0.0000,0.0000,81,102.250,0.9347,0,0.9644,,0.850,0,
2446,4,52,fog-61,1,fog,2000.0,0.0000,0.0000,61,101.800,0.7887,0,0.9625,,0.850,0,
2447,4,52,fog-61,1,fog,2100.0,0.0000,0.0000,38,101.350,0.5321,0,0.9606,,0.850,0,
2448,4,52,fog-61,1,fog,2200.0,0.0000,0.0000,56,101.700,0.7955,0,0.9588,,0.850,0,
2449,4,52,fog-61,1,fog,2300.0,0.0000,0.0000,17,100.850,0.0000,0,0.9569,,0.850,0,
2450,4,52,fog-61,1,fog,2400.0,0.0000,0.0000,62,101.800,0.7374,0,0.9550,,0.850,0,
2451,4,52,fog-61,1,fog,2500.0,0.0000,0.0000,61,101.800,0.7273,0,0.9531,,0.850,0,
2452,4,52,fog-61,1,fog,2600.0,0.0000,0.0000,17,100.850,0.0000,0,0.9513,,0.850,0,
2453,4,52,fog-61,1,fog,2700.0,0.0000,0.0000,54,101.650,0.6919,0,0.9494,,0.850,0,
2454,4,52,fog-61,1,fog,2800.0,0.0000,0.0000,17,100.850,0.0000,0,0.9475,,0.850,0,
2455,4,52,fog-61,1,fog,2900.0,0.0000,0.0000,59,101.750,0.7241,0,0.9456,,0.850,0,
2456,4,52,fog-61,1,fog,3000.0,0.0000,0.0000,28,101.200,0.4799,0,0.9438,,0.850,0,
2457,4,52,fog-61,1,fog,3100.0,0.0000,0.0000,38,101.350,0.5318,0,0.9419,,0.850,0,
2458,4,52,fog-61,1,fog,3200.0,0.0000,0.0000,32,101.250,0.5204,0,0.9400,,0.850,0,
2459,4,52,fog-61,1,fog,3300.0,0.0000,0.0000,22,101.100,0.3822,0,0.9381,,0.850,0,
2460,4,52,fog-61,1,fog,3400.0,0.0000,0.0000,63,101.850,0.8736,0,0.9363,,0.850,0,
2461,4,52,fog-61,1,fog,3500.0,0.0000,0.0000,17,100.850,0.0000,0,0.9344,,0.850,0,
2462,4,52,fog-61,1,fog,3600.0,0.0000,0.0000,17,100.850,0.0000,0,0.9325,,0.850,0,
2463,4,52,fog-61,1,fog,3700.0,0.0000,0.0000,61,101.800,0.7572,0,0.9306,,0.850,0,
2464,4,52,fog-61,1,fog,3800.0,0.0000,0.0000,32,101.250,0.5107,0,0.9288,,0.850,0,
2465,4,52,fog-61,1,fog,3900.0,0.0000,0.0000,35,101.300,0.5178,0,0.9269,,0.850,0,
2466,4,52,fog-61,1,fog,4000.0,0.0000,0.0000,59,101.750,0.7298,0,0.9250,,0.850,0,
2467,4,52,fog-61,1,fog,4100.0,0.0000,0.0000,38,101.350,0.5430,0,0.9231,,0.850,0,
2468,4,52,fog-61,1,fog,4200.0,0.0000,0.0000,17,100.850,0.0000,0,0.9213,,0.850,0,
2469,4,52,fog-61,1,fog,4300.0,0.0000,0.0000,38,101.350,0.5322,0,0.9194,,0.850,0,
2470,4,52,fog-61,1,fog,4400.0,0.0000,0.0000,31,101.200,0.5314,0,0.9175,,0.850,0,
2471,4,52,fog-61,1,fog,4500.0,0.0000,0.0000,35,101.300,0.5293,0,0.9156,,0.850,0,
2472,4,52,fog-61,1,fog,4600.0,0.0000,0.0000,17,100.850,0.0000,0,0.9138,,0.850,0,
2473,4,52,fog-61,1,fog,4700.0,0.0000,0.0000,17,100.850,0.0000,0,0.9119,,0.850,0,
2474,4,52,fog-61,1,fog,4800.0,0.0000,0.0000,85,102.350,0.9644,0,0.9100,,0.850,0,
2475,4,52,fog-61,1,fog,4900.0,0.0000,0.0000,76,102.150,0.9434,0,0.9081,,0.850,0,
2476,4,52,fog-61,1,fog,5000.0,0.0000,0.0000,24,101.150,0.3827,0,0.9063,,0.850,0,
2477,4,53,fog-62,1,fog,0.0,0.0000,0.0000,0,100.000,,0,1.0000,,0.850,0,
2478,4,53,fog-62,1,fog,100.0,0.0000,0.0000,0,100.000,,0,0.9981,,0.850,0,
2479,4,53,fog-62,1,fog,200.0,0.0000,0.0000,0,100.000,,0,0.9963,,0.850,0,
2480,4,53,fog-62,1,fog,300.0,0.0000,0.0000,5,100.250,0.0000,0,0.9944,,0.850,0,
2481,4,53,fog-62,1,fog,400.0,0.0000,0.0000,16,100.800,0.0000,0,0.9925,,0.850,0,
2482,4,53,fog-62,1,fog,500.0,0.0000,0.0000,17,100.850,0.0000,0,0.9906,,0.850,0,
2483,4,53,fog-62,1,fog,600.0,0.0000,0.0000,17,100.850,0.0000,0,0.9888,,0.850,0,
2484,4,53,fog-62,1,fog,700.0,0.0000,0.0000,17,100.850,0.0000,0,0.9869,,0.850,0,
2485,4,53,fog-62,1,fog,800.0,0.0000,0.0000,17,100.850,0.0000,0,0.9850,,0.850,0,
2486,4,53,fog-62,1,fog,900.0,0.0000,0.0000,17,100.850,0.0000,0,0.9831,,0.850,0,
2487,4,53,fog-62,1,fog,1000.0,0.0000,0.0000,17,100.850,0.0000,0,0.9813,,0.850,0,
2488,4,53,fog-62,1,fog,1100.0,0.0000,0.0000,17,100.850,0.0000,0,0.9794,,0.850,0,
2489,4,53,fog-62,1,fog,1200.0,0.0000,0.0000,17,100.850,0.0000,0,0.9775,,0.850,0,
2490,4,53,fog-62,1,fog,1300.0,0.0000,0.0000,17,100.850,0.0000,0,0.9756,,0.850,0,
2491,4,53,fog-62,1,fog,1400.0,0.0000,0.0000,17,100.850,0.0000,0,0.9738,,0.850,0,
2492,4,53,fog-62,1,fog,1500.0,0.0000,0.0000,17,100.850,0.0000,0,0.9719,,0.850,0,
2493,4,53,fog-62,1,fog,1600.0,0.0000,0.0000,17,100.850,0.0000,0,0.9700,,0.850,0,
2494,4,53,fog-62,1,fog,1700.0,0.0000,0.0000,17,100.850,0.0000,0,0.9681,,0.850,0,
2495,4,53,fog-62,1,fog,1800.0,0.0000,0.0000,17,100.850,0.0000,0,0.9663,,0.850,0,
2496,4,53,fog-62,1,fog,1900.0,0.0000,0.0000,17,100.850,0.0000,0,0.9644,,0.850,0,
2497,4,53,fog-62,1,fog,2000.0,0.0000,0.0000,17,100.850,0.0000,0,0.9625,,0.850,0,
2498,4,53,fog-62,1,fog,2100.0,0.0000,0.0000,17,100.850,0.0000,0,0.9606,,0.850,0,
2499,4,53,fog-62,1,fog,2200.0,0.0000,0.0000,17,100.850,0.0000,0,0.9588,,0.850,0,
2500,4,53,fog-62,1,fog,2300.0,0.0000,0.0000,17,100.850,0.0000,0,0.9569,,0.850,0,
2501,4,53,fog-62,1,fog,2400.0,0.0000,0.0000,16,100.800,0.0000,0,0.9550,,0.850,0,
2502,4,53,fog-62,1,fog,2500.0,0.0000,0.0000,17,100.850,0.0000,0,0.9531,,0.850,0,
2503,4,53,fog-62,1,fog,2600.0,0.0000,0.0000,17,100.850,0.0000,0,0.9513,,0.850,0,
2504,4,53,fog-62,1,fog,2700.0,0.0000,0.0000,17,100.850,0.0000,0,0.9494,,0.850,0,
2505,4,53,fog-62,1,fog,2800.0,0.0000,0.0000,17,100.850,0.0000,0,0.9475,,0.850,0,
2506,4,53,fog-62,1,fog,2900.0,0.0000,0.0000,17,100.850,0.0000,0,0.9456,,0.850,0,
2507,4,53,fog-62,1,fog,3000.0,0.0000,0.0000,17,100.850,0.0000,0,0.9438,,0.850,0,
2508,4,53,fog-62,1,fog,3100.0,0.0000,0.0000,17,100.850,0.0000,0,0.9419,,0.850,0,
2509,4,53,fog-62,1,fog,3200.0,0.0000,0.0000,17,100.850,0.0000,0,0.9400,,0.850,0,
2510,4,53,fog-62,1,fog,3300.0,0.0000,0.0000,17,100.850,0.0000,0,0.9381,,0.850,0,
2511,4,53,fog-62,1,fog,3400.0,0.0000,0.0000,17,100.850,0.0000,0,0.9363,,0.850,0,
2512,4,53,fog-62,1,fog,3500.0,0.0000,0.0000,17,100.850,0.0000,0,0.9344,,0.850,0,
2513,4,53,fog-62,1,fog,3600.0,0.0000,0.0000,17,100.850,0.0000,0,0.9325,,0.850,0,
2514,4,53,fog-62,1,fog,3700.0,0.0000,0.0000,17,100.850,0.0000,0,0.9306,,0.850,0,
2515,4,53,fog-62,1,fog,3800.0,0.0000,0.0000,17,100.850,0.0000,0,0.9288,,0.850,0,
2516,4,53,fog-62,1,fog,3900.0,0.0000,0.0000,17,100.850,0.0000,0,0.9269,,0.850,0,
2517,4,53,fog-62,1,fog,4000.0,0.0000,0.0000,17,100.850,0.0000,0,0.9250,,0.850,0,
2518,4,53,fog-62,1,fog,4100.0,0.0000,0.0000,17,100.850,0.0000,0,0.9231,,0.850,0,
2519,4,53,fog-62,1,fog,4200.0,0.0000,0.0000,17,100.850,0.0000,0,0.9213,,0.850,0,
2520,4,53,fog-62,1,fog,4300.0,0.0000,0.0000,17,100.850,0.0000,0,0.9194,,0.850,0,
2521,4,53,fog-62,1,fog,4400.0,0.0000,0.0000,16,100.800,0.0000,0,0.9175,,0.850,0,
2522,4,53,fog-62,1,fog,4500.0,0.0000,0.0000,17,100.850,0.0000,0,0.9156,,0.850,0,
2523,4,53,fog-62,1,fog,4600.0,0.0000,0.0000,17,100.850,0.0000,0,0.9138,,0.850,0,
2524,4,53,fog-62,1,fog,4700.0,0.0000,0.0000,17,100.850,0.0000,0,0.9119,,0.850,0,
2525,4,53,fog-62,1,fog,4800.0,0.0000,0.0000,17,100.850,0.0000,0,0.9100,,0.850,0,
2526,4,53,fog-62,1,fog,4900.0,0.0000,0.0000,17,100.850,0.0000,0,0.9081,,0.850,0,
2527,4,53,fog-62,1,fog,5000.0,0.0000,0.0000,17,100.850,0.0000,0,0.9063,,0.850,0,
2528,4,54,fog-63,1,fog,0.0,0.0000,0.0000,0,100.000,,0,1.0000,,0.850,0,
2529,4,54,fog-63,1,fog,100.0,0.0000,0.0000,4,100.200,0.0000,0,0.9981,,0.850,0,
2530,4,54,fog-63,1,fog,200.0,0.0000,0.0000,0,100.000,,0,0.9963,,0.850,0,
2531,4,54,fog-63,1,fog,300.0,0.0000,0.0000,5,100.250,0.0000,0,0.9944,,0.850,0,
2532,4,54,fog-63,1,fog,400.0,0.0000,0.0000,16,100.800,0.0000,0,0.9925,,0.850,0,
2533,4,54,fog-63,1,fog,500.0,0.0000,0.0000,17,100.850,0.0000,0,0.9906,,0.850,0,
2534,4,54,fog-63,1,fog,600.0,0.0000,0.0000,17,100.850,0.0000,0,0.9888,,0.850,0,
2535,4,54,fog-63,1,fog,700.0,0.0000,0.0000,17,100.850,0.0000,0,0.9869,,0.850,0,
2536,4,54,fog-63,1,fog,800.0,0.0000,0.0000,17,100.850,0.0000,0,0.9850,,0.850,0,
2537,4,54,fog-63,1,fog,900.0,0.0000,0.0000,17,100.850,0.0000,0,0.9831,,0.850,0,
2538,4,54,fog-63,1,fog,1000.0,0.0000,0.0000,17,100.850,0.0000,0,0.9813,,0.850,0,
2539,4,54,fog-63,1,fog,1100.0,0.0000,0.0000,17,100.850,0.0000,0,0.9794,,0.850,0,
2540,4,54,fog-63,1,fog,1200.0,0.0000,0.0000,17,100.850,0.0000,0,0.9775,,0.850,0,
2541,4,54,fog-63,1,fog,1300.0,0.0000,0.0000,17,100.850,0.0000,0,0.9756,,0.850,0,
2542,4,54,fog-63,1,fog,1400.0,0.0000,0.0000,17,100.850,0.0000,0,0.9738,,0.850,0,
2543,4,54,fog-63,1,fog,1500.0,0.0000,0.0000,38,101.350,0.5317,0,0.9719,,0.850,0,
2544,4,54,fog-63,1,fog,1600.0,0.0000,0.0000,56,101.700,0.7913,0,0.9700,,0.850,0,
2545,4,54,fog-63,1,fog,1700.0,0.0000,0.0000,35,101.300,0.5232,0,0.9681,,0.850,0,
2546,4,54,fog-63,1,fog,1800.0,0.0000,0.0000,17,100.850,0.0000,0,0.9663,,0.850,0,
2547,4,54,fog-63,1,fog,1900.0,0.0000,0.0000,17,100.850,0.0000,0,0.9644,,0.850,0,
2548,4,54,fog-63,1,fog,2000.0,0.0000,0.0000,17,100.850,0.0000,0,0.9625,,0.850,0,
2549,4,54,fog-63,1,fog,2100.0,0.0000,0.0000,17,100.850,0.0000,0,0.9606,,0.850,0,
2550,4,54,fog-63,1,fog,2200.0,0.0000,0.0000,17,100.850,0.0000,0,0.9588,,0.850,0,
2551,4,54,fog-63,1,fog,2300.0,0.0000,0.0000,17,100.850,0.0000,0,0.9569,,0.850,0,
2552,4,54,fog-63,1,fog,2400.0,0.0000,0.0000,37,101.300,0.5424,0,0.9550,,0.850,0,
2553,4,54,fog-63,1,fog,2500.0,0.0000,0.0000,38,101.350,0.5356,0,0.9531,,0.850,0,
2554,4,54,fog-63,1,fog,2600.0,0.0000,0.0000,17,100.850,0.0000,0,0.9513,,0.850,0,
2555,4,54,fog-63,1,fog,2700.0,0.0000,0.0000,17,100.850,0.0000,0,0.9494,,0.850,0,
2556,4,54,fog-63,1,fog,2800.0,0.0000,0.0000,17,100.850,0.0000,0,0.9475,,0.850,0,
2557,4,54,fog-63,1,fog,2900.0,0.0000,0.0000,17,100.850,0.0000,0,0.9456,,0.850,0,
2558,4,54,fog-63,1,fog,3000.0,0.0000,0.0000,17,100.850,0.0000,0,0.9438,,0.850,0,
2559,4,54,fog-63,1,fog,3100.0,0.0000,0.0000,35,101.300,0.5116,0,0.9419,,0.850,0,
2560,4,54,fog-63,1,fog,3200.0,0.0000,0.0000,35,101.300,0.5334,0,0.9400,,0.850,0,
2561,4,54,fog-63,1,fog,3300.0,0.0000,0.0000,17,100.850,0.0000,0,0.9381,,0.850,0,
2562,4,54,fog-63,1,fog,3400.0,0.0000,0.0000,17,100.850,0.0000,0,0.9363,,0.850,0,
2563,4,54,fog-63,1,fog,3500.0,0.0000,0.0000,17,100.850,0.0000,0,0.9344,,0.850,0,
2564,4,54,fog-63,1,fog,3600.0,0.0000,0.0000,17,100.850,0.0000,0,0.9325,,0.850,0,
2565,4,54,fog-63,1,fog,3700.0,0.0000,0.0000,17,100.850,0.0000,0,0.9306,,0.850,0,
2566,4,54,fog-63,1,fog,3800.0,0.0000,0.0000,17,100.850,0.0000,0,0.9288,,0.850,0,
2567,4,54,fog-63,1,fog,3900.0,0.0000,0.0000,17,100.850,0.0000,0,0.9269,,0.850,0,
2568,4,54,fog-63,1,fog,4000.0,0.0000,0.0000,38,101.350,0.5330,0,0.9250,,0.850,0,
2569,4,54,fog-63,1,fog,4100.0,0.0000,0.0000,32,101.250,0.5098,0,0.9231,,0.850,0,
2570,4,54,fog-63,1,fog,4200.0,0.0000,0.0000,17,100.850,0.0000,0,0.9213,,0.850,0,
2571,4,54,fog-63,1,fog,4300.0,0.0000,0.0000,17,100.850,0.0000,0,0.9194,,0.850,0,
2572,4,54,fog-63,1,fog,4400.0,0.0000,0.0000,16,100.800,0.0000,0,0.9175,,0.850,0,
2573,4,54,fog-63,1,fog,4500.0,0.0000,0.0000,17,100.850,0.0000,0,0.9156,,0.850,0,
2574,4,54,fog-63,1,fog,4600.0,0.0000,0.0000,17,100.850,0.0000,0,0.9138,,0.850,0,
2575,4,54,fog-63,1,fog,4700.0,0.0000,0.0000,17,100.850,0.0000,0,0.9119,,0.850,0,
2576,4,54,fog-63,1,fog,4800.0,0.0000,0.0000,17,100.850,0.0000,0,0.9100,,0.850,0,
2577,4,54,fog-63,1,fog,4900.0,0.0000,0.0000,17,100.850,0.0000,0,0.9081,,0.850,0,
2578,4,54,fog-63,1,fog,5000.0,0.0000,0.0000,17,100.850,0.0000,0,0.9063,,0.850,0,
2579,4,55,fog-64,1,fog,0.0,0.0000,0.0000,0,100.000,,0,1.0000,,0.850,0,
2580,4,55,fog-64,1,fog,100.0,0.0000,0.0000,0,100.000,,0,0.9981,,0.850,0,
2581,4,55,fog-64,1,fog,200.0,0.0000,0.0000,0,100.000,,0,0.9963,,0.850,0,
2582,4,55,fog-64,1,fog,300.0,0.0000,0.0000,5,100.250,0.0000,0,0.9944,,0.850,0,
2583,4,55,fog-64,1,fog,400.0,0.0000,0.0000,34,101.250,0.5405,0,0.9925,,0.850,0,
2584,4,55,fog-64,1,fog,500.0,0.0000,0.0000,17,100.850,0.0000,0,0.9906,,0.850,0,
2585,4,55,fog-64,1,fog,600.0,0.0000,0.0000,17,100.850,0.0000,0,0.9888,,0.850,0,
2586,4,55,fog-64,1,fog,700.0,0.0000,0.0000,17,100.850,0.0000,0,0.9869,,0.850,0,
2587,4,55,fog-64,1,fog,800.0,0.0000,0.0000,35,101.300,0.4905,0,0.9850,,0.850,0,
2588,4,55,fog-64,1,fog,900.0,0.0000,0.0000,17,100.850,0.0000,0,0.9831,,0.850,0,
2589,4,55,fog-64,1,fog,1000.0,0.0000,0.0000,17,100.850,0.0000,0,0.9813,,0.850,0,
2590,4,55,fog-64,1,fog,1100.0,0.0000,0.0000,59,101.750,0.7481,0,0.9794,,0.850,0,
2591,4,55,fog-64,1,fog,1200.0,0.0000,0.0000,59,101.750,0.7058,0,0.9775,,0.850,0,
2592,4,55,fog-64,1,fog,1300.0,0.0000,0.0000,17,100.850,0.0000,0,0.9756,,0.850,0,
2593,4,55,fog-64,1,fog,1400.0,0.0000,0.0000,35,101.300,0.5388,0,0.9738,,0.850,0,
2594,4,55,fog-64,1,fog,1500.0,0.0000,0.0000,17,100.850,0.0000,0,0.9719,,0.850,0,
2595,4,55,fog-64,1,fog,1600.0,0.0000,0.0000,17,100.850,0.0000,0,0.9700,,0.850,0,
2596,4,55,fog-64,1,fog,1700.0,0.0000,0.0000,38,101.350,0.5395,0,0.9681,,0.850,0,
2597,4,55,fog-64,1,fog,1800.0,0.0000,0.0000,17,100.850,0.0000,0,0.9663,,0.850,0,
2598,4,55,fog-64,1,fog,1900.0,0.0000,0.0000,61,101.800,0.8591,0,0.9644,,0.850,0,
2599,4,55,fog-64,1,fog,2000.0,0.0000,0.0000,17,100.850,0.0000,0,0.9625,,0.850,0,
2600,4,55,fog-64,1,fog,2100.0,0.0000,0.0000,17,100.850,0.0000,0,0.9606,,0.850,0,
2601,4,55,fog-64,1,fog,2200.0,0.0000,0.0000,17,100.850,0.0000,0,0.9588,,0.850,0,
2602,4,55,fog-64,1,fog,2300.0,0.0000,0.0000,17,100.850,0.0000,0,0.9569,,0.850,0,
2603,4,55,fog-64,1,fog,2400.0,0.0000,0.0000,34,101.250,0.5155,0,0.9550,,0.850,0,
2604,4,55,fog-64,1,fog,2500.0,0.0000,0.0000,17,100.850,0.0000,0,0.9531,,0.850,0,
2605,4,55,fog-64,1,fog,2600.0,0.0000,0.0000,35,101.300,0.5358,0,0.9513,,0.850,0,
2606,4,55,fog-64,1,fog,2700.0,0.0000,0.0000,17,100.850,0.0000,0,0.9494,,0.850,0,
2607,4,55,fog-64,1,fog,2800.0,0.0000,0.0000,17,100.850,0.0000,0,0.9475,,0.850,0,
2608,4,55,fog-64,1,fog,2900.0,0.0000,0.0000,17,100.850,0.0000,0,0.9456,,0.850,0,
2609,4,55,fog-64,1,fog,3000.0,0.0000,0.0000,17,100.850,0.0000,0,0.9438,,0.850,0,
2610,4,55,fog-64,1,fog,3100.0,0.0000,0.0000,17,100.850,0.0000,0,0.9419,,0.850,0,
2611,4,55,fog-64,1,fog,3200.0,0.0000,0.0000,32,101.250,0.4852,0,0.9400,,0.850,0,
2612,4,55,fog-64,1,fog,3300.0,0.0000,0.0000,35,101.300,0.5262,0,0.9381,,0.850,0,
2613,4,55,fog-64,1,fog,3400.0,0.0000,0.0000,17,100.850,0.0000,0,0.9363,,0.850,0,
2614,4,55,fog-64,1,fog,3500.0,0.0000,0.0000,32,101.250,0.5097,0,0.9344,,0.850,0,
2615,4,55,fog-64,1,fog,3600.0,0.0000,0.0000,38,101.350,0.5335,0,0.9325,,0.850,0,
2616,4,55,fog-64,1,fog,3700.0,0.0000,0.0000,28,101.200,0.5257,0,0.9306,,0.850,0,
2617,4,55,fog-64,1,fog,3800.0,0.0000,0.0000,17,100.850,0.0000,0,0.9288,,0.850,0,
2618,4,55,fog-64,1,fog,3900.0,0.0000,0.0000,17,100.850,0.0000,0,0.9269,,0.850,0,
2619,4,55,fog-64,1,fog,4000.0,0.0000,0.0000,17,100.850,0.0000,0,0.9250,,0.850,0,
2620,4,55,fog-64,1,fog,4100.0,0.0000,0.0000,54,101.650,0.7615,0,0.9231,,0.850,0,
2621,4,55,fog-64,1,fog,4200.0,0.0000,0.0000,17,100.850,0.0000,0,0.9213,,0.850,0,
2622,4,55,fog-64,1,fog,4300.0,0.0000,0.0000,37,101.300,0.5432,0,0.9194,,0.850,0,
2623,4,55,fog-64,1,fog,4400.0,0.0000,0.0000,35,101.300,0.5152,0,0.9175,,0.850,0,
2624,4,55,fog-64,1,fog,4500.0,0.0000,0.0000,17,100.850,0.0000,0,0.9156,,0.850,0,
2625,4,55,fog-64,1,fog,4600.0,0.0000,0.0000,41,101.400,0.5201,0,0.9138,,0.850,0,
2626,4,55,fog-64,1,fog,4700.0,0.0000,0.0000,17,100.850,0.0000,0,0.9119,,0.850,0,
2627,4,55,fog-64,1,fog,4800.0,0.0000,0.0000,41,101.400,0.5234,0,0.9100,,0.850,0,
2628,4,55,fog-64,1,fog,4900.0,0.0000,0.0000,17,100.850,0.0000,0,0.9081,,0.850,0,
2629,4,55,fog-64,1,fog,5000.0,0.0000,0.0000,59,101.750,0.7441,0,0.9063,,0.850,0,
2630,4,56,fog-65,1,fog,0.0,0.0000,0.0000,0,100.000,,0,1.0000,,0.850,0,1711.4
2631,4,56,fog-65,1,fog,100.0,0.0000,0.0000,0,100.000,,0,0.9981,,0.850,0,1711.4
2632,4,56,fog-65,1,fog,200.0,0.0000,0.0000,0,100.000,,0,0.9963,,0.850,0,1711.4
2633,4,56,fog-65,1,fog,300.0,0.0000,0.0000,5,100.250,0.0000,0,0.9944,,0.850,0,1711.4
2634,4,56,fog-65,1,fog,400.0,0.0000,0.0000,16,100.800,0.0000,0,0.9925,,0.850,0,1711.4
2635,4,56,fog-65,1,fog,500.0,0.0000,0.0000,28,101.200,0.5076,0,0.9906,,0.850,0,1711.4
2636,4,56,fog-65,1,fog,600.0,0.0000,0.0000,35,101.300,0.5010,0,0.9888,,0.850,0,1711.4
2637,4,56,fog-65,1,fog,700.0,0.0000,0.0000,32,101.250,0.4871,0,0.9869,,0.850,0,1711.4
2638,4,56,fog-65,1,fog,800.0,0.0000,0.0000,32,101.250,0.4981,0,0.9850,,0.850,0,1711.4
2639,4,56,fog-65,1,fog,900.0,0.0000,0.0000,35,101.300,0.5231,0,0.9831,,0.850,0,1711.4
2640,4,56,fog-65,1,fog,1000.0,0.0000,0.0000,17,100.850,0.0000,0,0.9813,,0.850,0,1711.4
2641,4,56,fog-65,1,fog,1100.0,0.0000,0.0000,35,101.300,0.5207,0,0.9794,,0.850,0,1711.4
2642,4,56,fog-65,1,fog,1200.0,0.0000,0.0000,38,101.350,0.5317,0,0.9775,,0.850,0,1711.4
2643,4,56,fog-65,1,fog,1300.0,0.0000,0.0000,38,101.350,0.5303,0,0.9756,,0.850,0,1711.4
2644,4,56,fog-65,1,fog,1400.0,0.0000,0.0000,17,100.850,0.0000,0,0.9738,,0.850,0,1711.4
2645,4,56,fog-65,1,fog,1500.0,0.0000,0.0000,17,100.850,0.0000,0,0.9719,,0.850,0,1711.4
2646,4,56,fog-65,1,fog,1600.0,0.0000,0.0000,17,100.850,0.0000,0,0.9700,,0.850,1,1711.4
2647,4,56,fog-65,1,fog,1700.0,0.0000,0.0000,17,100.850,0.0000,0,0.9681,,0.850,1,1711.4
2648,4,57,fog-66,1,fog,0.0,0.0000,0.0000,0,100.000,,0,1.0000,,0.850,0,
2649,4,57,fog-66,1,fog,100.0,0.0000,0.0000,0,100.000,,0,0.9981,,0.850,0,
2650,4,57,fog-66,1,fog,200.0,0.0000,0.0000,0,100.000,,0,0.9963,,0.850,0,
2651,4,57,fog-66,1,fog,300.0,0.0000,0.0000,5,100.250,0.0000,0,0.9944,,0.850,0,
2652,4,57,fog-66,1,fog,400.0,0.0000,0.0000,16,100.800,0.0000,0,0.9925,,0.850,0,
2653,4,57,fog-66,1,fog,500.0,0.0000,0.0000,17,100.850,0.0000,0,0.9906,,0.850,0,
2654,4,57,fog-66,1,fog,600.0,0.0000,0.0000,17,100.850,0.0000,0,0.9888,,0.850,0,
2655,4,57,fog-66,1,fog,700.0,0.0000,0.0000,38,101.350,0.5343,0,0.9869,,0.850,0,
2656,4,57,fog-66,1,fog,800.0,0.0000,0.0000,17,100.850,0.0000,0,0.9850,,0.850,0,
2657,4,57,fog-66,1,fog,900.0,0.0000,0.0000,32,101.250,0.5196,0,0.9831,,0.850,0,
2658,4,57,fog-66,1,fog,1000.0,0.0000,0.0000,32,101.250,0.5163,0,0.9813,,0.850,0,
2659,4,57,fog-66,1,fog,1100.0,0.0000,0.0000,17,100.850,0.0000,0,0.9794,,0.850,0,
2660,4,57,fog-66,1,fog,1200.0,0.0000,0.0000,17,100.850,0.0000,0,0.9775,,0.850,0,
2661,4,57,fog-66,1,fog,1300.0,0.0000,0.0000,17,100.850,0.0000,0,0.9756,,0.850,0,
2662,4,57,fog-66,1,fog,1400.0,0.0000,0.0000,32,101.250,0.5007,0,0.9738,,0.850,0,
2663,4,57,fog-66,1,fog,1500.0,0.0000,0.0000,38,101.350,0.5447,0,0.9719,,0.850,0,
2664,4,57,fog-66,1,fog,1600.0,0.0000,0.0000,38,101.350,0.5450,0,0.9700,,0.850,0,
2665,4,57,fog-66,1,fog,1700.0,0.0000,0.0000,32,101.250,0.5296,0,0.9681,,0.850,0,
2666,4,57,fog-66,1,fog,1800.0,0.0000,0.0000,17,100.850,0.0000,0,0.9663,,0.850,0,
2667,4,57,fog-66,1,fog,1900.0,0.0000,0.0000,17,100.850,0.0000,0,0.9644,,0.850,0,
2668,4,57,fog-66,1,fog,2000.0,0.0000,0.0000,17,100.850,0.0000,0,0.9625,,0.850,0,
2669,4,57,fog-66,1,fog,2100.0,0.0000,0.0000,17,100.850,0.0000,0,0.9606,,0.850,0,
2670,4,57,fog-66,1,fog,2200.0,0.0000,0.0000,17,100.850,0.0000,0,0.9588,,0.850,0,
2671,4,57,fog-66,1,fog,2300.0,0.0000,0.0000,16,100.800,0.0000,0,0.9569,,0.850,0,
2672,4,57,fog-66,1,fog,2400.0,0.0000,0.0000,17,100.850,0.0000,0,0.9550,,0.850,0,
2673,4,57,fog-66,1,fog,2500.0,0.0000,0.0000,17,100.850,0.0000,0,0.9531,,0.850,0,
2674,4,57,fog-66,1,fog,2600.0,0.0000,0.0000,17,100.850,0.0000,0,0.9513,,0.850,0,
2675,4,57,fog-66,1,fog,2700.0,0.0000,0.0000,17,100.850,0.0000,0,0.9494,,0.850,0,
2676,4,57,fog-66,1,fog,2800.0,0.0000,0.0000,17,100.850,0.0000,0,0.9475,,0.850,0,
2677,4,57,fog-66,1,fog,2900.0,0.0000,0.0000,17,100.850,0.0000,0,0.9456,,0.850,0,
2678,4,57,fog-66,1,fog,3000.0,0.0000,0.0000,54,101.650,0.7085,0,0.9438,,0.850,0,
2679,4,57,fog-66,1,fog,3100.0,0.0000,0.0000,59,101.750,0.8222,0,0.9419,,0.850,0,
2680,4,57,fog-66,1,fog,3200.0,0.0000,0.0000,81,102.250,0.9184,0,0.9400,,0.850,0,
2681,4,57,fog-66,1,fog,3300.0,0.0000,0.0000,49,101.550,0.7284,0,0.9381,,0.850,0,
2682,4,57,fog-66,1,fog,3400.0,0.0000,0.0000,59,101.750,0.7869,0,0.9363,,0.850,0,
2683,4,57,fog-66,1,fog,3500.0,0.0000,0.0000,61,101.800,0.8202,0,0.9344,,0.850,0,
2684,4,57,fog-66,1,fog,3600.0,0.0000,0.0000,35,101.300,0.5318,0,0.9325,,0.850,0,
2685,4,57,fog-66,1,fog,3700.0,0.0000,0.0000,35,101.300,0.4988,0,0.9306,,0.850,0,
2686,4,57,fog-66,1,fog,3800.0,0.0000,0.0000,17,100.850,0.0000,0,0.9288,,0.850,0,
2687,4,57,fog-66,1,fog,3900.0,0.0000,0.0000,17,100.850,0.0000,0,0.9269,,0.850,0,
2688,4,57,fog-66,1,fog,4000.0,0.0000,0.0000,17,100.850,0.0000,0,0.9250,,0.850,0,
2689,4,57,fog-66,1,fog,4100.0,0.0000,0.0000,17,100.850,0.0000,0,0.9231,,0.850,0,
2690,4,57,fog-66,1,fog,4200.0,0.0000,0.0000,17,100.850,0.0000,0,0.9213,,0.850,0,
2691,4,57,fog-66,1,fog,4300.0,0.0000,0.0000,16,100.800,0.0000,0,0.9194,,0.850,0,
2692,4,57,fog-66,1,fog,4400.0,0.0000,0.0000,17,100.850,0.0000,0,0.9175,,0.850,0,
2693,4,57,fog-66,1,fog,4500.0,0.0000,0.0000,17,100.850,0.0000,0,0.9156,,0.850,0,
2694,4,57,fog-66,1,fog,4600.0,0.0000,0.0000,35,101.300,0.5242,0,0.9138,,0.850,0,
2695,4,57,fog-66,1,fog,4700.0,0.0000,0.0000,38,101.350,0.5139,0,0.9119,,0.850,0,
2696,4,57,fog-66,1,fog,4800.0,0.0000,0.0000,38,101.350,0.5368,0,0.9100,,0.850,0,
2697,4,57,fog-66,1,fog,4900.0,0.0000,0.0000,38,101.350,0.5348,0,0.9081,,0.850,0,
2698,4,57,fog-66,1,fog,5000.0,0.0000,0.0000,17,100.850,0.0000,0,0.9063,,0.850,0,
2699,4,58,fog-67,1,fog,0.0,0.0000,0.0000,0,100.000,,0,1.0000,,0.850,0,4546.4
2700,4,58,fog-67,1,fog,100.0,0.0000,0.0000,4,100.200,0.0000,0,0.9981,,0.850,0,4546.4
2701,4,58,fog-67,1,fog,200.0,0.0000,0.0000,0,100.000,,0,0.9963,,0.850,0,4546.4
2702,4,58,fog-67,1,fog,300.0,0.0000,0.0000,5,100.250,0.0000,0,0.9944,,0.850,0,4546.4
2703,4,58,fog-67,1,fog,400.0,0.0000,0.0000,16,100.800,0.0000,0,0.9925,,0.850,0,4546.4
2704,4,58,fog-67,1,fog,500.0,0.0000,0.0000,17,100.850,0.0000,0,0.9906,,0.850,0,4546.4
2705,4,58,fog-67,1,fog,600.0,0.0000,0.0000,17,100.850,0.0000,0,0.9888,,0.850,0,4546.4
2706,4,58,fog-67,1,fog,700.0,0.0000,0.0000,17,100.850,0.0000,0,0.9869,,0.850,0,4546.4
2707,4,58,fog-67,1,fog,800.0,0.0000,0.0000,17,100.850,0.0000,0,0.9850,,0.850,0,4546.4
2708,4,58,fog-67,1,fog,900.0,0.0000,0.0000,17,100.850,0.0000,0,0.9831,,0.850,0,4546.4
2709,4,58,fog-67,1,fog,1000.0,0.0000,0.0000,35,101.300,0.4867,0,0.9813,,0.850,0,4546.4
2710,4,58,fog-67,1,fog,1100.0,0.0000,0.0000,35,101.300,0.5330,0,0.9794,,0.850,0,4546.4
2711,4,58,fog-67,1,fog,1200.0,0.0000,0.0000,17,100.850,0.0000,0,0.9775,,0.850,0,4546.4
2712,4,58,fog-67,1,fog,1300.0,0.0000,0.0000,17,100.850,0.0000,0,0.9756,,0.850,0,4546.4
2713,4,58,fog-67,1,fog,1400.0,0.0000,0.0000,35,101.300,0.5332,0,0.9738,,0.850,0,4546.4
2714,4,58,fog-67,1,fog,1500.0,0.0000,0.0000,35,101.300,0.4962,0,0.9719,,0.850,0,4546.4
2715,4,58,fog-67,1,fog,1600.0,0.0000,0.0000,61,101.800,0.8466,0,0.9700,,0.850,0,4546.4
2716,4,58,fog-67,1,fog,1700.0,0.0000,0.0000,17,100.850,0.0000,0,0.9681,,0.850,0,4546.4
2717,4,58,fog-67,1,fog,1800.0,0.0000,0.0000,17,100.850,0.0000,0,0.9663,,0.850,0,4546.4
2718,4,58,fog-67,1,fog,1900.0,0.0000,0.0000,59,101.750,0.7291,0,0.9644,,0.850,0,4546.4
2719,4,58,fog-67,1,fog,2000.0,0.0000,0.0000,35,101.300,0.5007,0,0.9625,,0.850,0,4546.4
2720,4,58,fog-67,1,fog,2100.0,0.0000,0.0000,17,100.850,0.0000,0,0.9606,,0.850,0,4546.4
2721,4,58,fog-67,1,fog,2200.0,0.0000,0.0000,35,101.300,0.5247,0,0.9588,,0.850,0,4546.4
2722,4,58,fog-67,1,fog,2300.0,0.0000,0.0000,57,101.700,0.8364,0,0.9569,,0.850,0,4546.4
2723,4,58,fog-67,1,fog,2400.0,0.0000,0.0000,59,101.750,0.8452,0,0.9550,,0.850,0,4546.4
2724,4,58,fog-67,1,fog,2500.0,0.0000,0.0000,38,101.350,0.5345,0,0.9531,,0.850,0,4546.4
2725,4,58,fog-67,1,fog,2600.0,0.0000,0.0000,17,100.850,0.0000,0,0.9513,,0.850,0,4546.4
2726,4,58,fog-67,1,fog,2700.0,0.0000,0.0000,17,100.850,0.0000,0,0.9494,,0.850,0,4546.4
2727,4,58,fog-67,1,fog,2800.0,0.0000,0.0000,35,101.300,0.5222,0,0.9475,,0.850,0,4546.4
2728,4,58,fog-67,1,fog,2900.0,0.0000,0.0000,32,101.250,0.5218,0,0.9456,,0.850,0,4546.4
2729,4,58,fog-67,1,fog,3000.0,0.0000,0.0000,32,101.250,0.4920,0,0.9438,,0.850,0,4546.4
2730,4,58,fog-67,1,fog,3100.0,0.0000,0.0000,17,100.850,0.0000,0,0.9419,,0.850,0,4546.4
2731,4,58,fog-67,1,fog,3200.0,0.0000,0.0000,17,100.850,0.0000,0,0.9400,,0.850,0,4546.4
2732,4,58,fog-67,1,fog,3300.0,0.0000,0.0000,17,100.850,0.0000,0,0.9381,,0.850,0,4546.4
2733,4,58,fog-67,1,fog,3400.0,0.0000,0.0000,17,100.850,0.0000,0,0.9363,,0.850,0,4546.4
2734,4,58,fog-67,1,fog,3500.0,0.0000,0.0000,17,100.850,0.0000,0,0.9344,,0.850,0,4546.4
2735,4,58,fog-67,1,fog,3600.0,0.0000,0.0000,17,100.850,0.0000,0,0.9325,,0.850,0,4546.4
2736,4,58,fog-67,1,fog,3700.0,0.0000,0.0000,17,100.850,0.0000,0,0.9306,,0.850,0,4546.4
2737,4,58,fog-67,1,fog,3800.0,0.0000,0.0000,35,101.300,0.4967,0,0.9288,,0.850,0,4546.4
2738,4,58,fog-67,1,fog,3900.0,0.0000,0.0000,17,100.850,0.0000,0,0.9269,,0.850,0,4546.4
2739,4,58,fog-67,1,fog,4000.0,0.0000,0.0000,17,100.850,0.0000,0,0.9250,,0.850,0,4546.4
2740,4,58,fog-67,1,fog,4100.0,0.0000,0.0000,17,100.850,0.0000,0,0.9231,,0.850,0,4546.4
2741,4,58,fog-67,1,fog,4200.0,0.0000,0.0000,17,100.850,0.0000,0,0.9213,,0.850,0,4546.4
2742,4,58,fog-67,1,fog,4300.0,0.0000,0.0000,16,100.800,0.0000,0,0.9194,,0.850,0,4546.4
2743,4,58,fog-67,1,fog,4400.0,0.0000,0.0000,17,100.850,0.0000,0,0.9175,,0.850,1,4546.4
2744,4,58,fog-67,1,fog,4500.0,0.0000,0.0000,17,100.850,0.0000,0,0.9156,,0.850,1,4546.4
2745,4,59,fog-68,1,fog,0.0,0.0000,0.0000,0,100.000,,0,1.0000,,0.850,0,
2746,4,59,fog-68,1,fog,100.0,0.0000,0.0000,0,100.000,,0,0.9981,,0.850,0,
2747,4,59,fog-68,1,fog,200.0,0.0000,0.0000,0,100.000,,0,0.9963,,0.850,0,
2748,4,59,fog-68,1,fog,300.0,0.0000,0.0000,4,100.200,0.0000,0,0.9944,,0.850,0,
2749,4,59,fog-68,1,fog,400.0,0.0000,0.0000,17,100.850,0.0000,0,0.9925,,0.850,0,
2750,4,59,fog-68,1,fog,500.0,0.0000,0.0000,17,100.850,0.0000,0,0.9906,,0.850,0,
2751,4,59,fog-68,1,fog,600.0,0.0000,0.0000,17,100.850,0.0000,0,0.9888,,0.850,0,
2752,4,59,fog-68,1,fog,700.0,0.0000,0.0000,17,100.850,0.0000,0,0.9869,,0.850,0,
2753,4,59,fog-68,1,fog,800.0,0.0000,0.0000,17,100.850,0.0000,0,0.9850,,0.850,0,
2754,4,59,fog-68,1,fog,900.0,0.0000,0.0000,17,100.850,0.0000,0,0.9831,,0.850,0,
2755,4,59,fog-68,1,fog,1000.0,0.0000,0.0000,17,100.850,0.0000,0,0.9813,,0.850,0,
2756,4,59,fog-68,1,fog,1100.0,0.0000,0.0000,17,100.850,0.0000,0,0.9794,,0.850,0,
2757,4,59,fog-68,1,fog,1200.0,0.0000,0.0000,17,100.850,0.0000,0,0.9775,,0.850,0,
2758,4,59,fog-68,1,fog,1300.0,0.0000,0.0000,17,100.850,0.0000,0,0.9756,,0.850,0,
2759,4,59,fog-68,1,fog,1400.0,0.0000,0.0000,17,100.850,0.0000,0,0.9738,,0.850,0,
2760,4,59,fog-68,1,fog,1500.0,0.0000,0.0000,17,100.850,0.0000,0,0.9719,,0.850,0,
2761,4,59,fog-68,1,fog,1600.0,0.0000,0.0000,17,100.850,0.0000,0,0.9700,,0.850,0,
2762,4,59,fog-68,1,fog,1700.0,0.0000,0.0000,17,100.850,0.0000,0,0.9681,,0.850,0,
2763,4,59,fog-68,1,fog,1800.0,0.0000,0.0000,17,100.850,0.0000,0,0.9663,,0.850,0,
2764,4,59,fog-68,1,fog,1900.0,0.0000,0.0000,17,100.850,0.0000,0,0.9644,,0.850,0,
2765,4,59,fog-68,1,fog,2000.0,0.0000,0.0000,17,100.850,0.0000,0,0.9625,,0.850,0,
2766,4,59,fog-68,1,fog,2100.0,0.0000,0.0000,17,100.850,0.0000,0,0.9606,,0.850,0,
2767,4,59,fog-68,1,fog,2200.0,0.0000,0.0000,17,100.850,0.0000,0,0.9588,,0.850,0,
2768,4,59,fog-68,1,fog,2300.0,0.0000,0.0000,16,100.800,0.0000,0,0.9569,,0.850,0,
2769,4,59,fog-68,1,fog,2400.0,0.0000,0.0000,17,100.850,0.0000,0,0.9550,,0.850,0,
2770,4,59,fog-68,1,fog,2500.0,0.0000,0.0000,17,100.850,0.0000,0,0.9531,,0.850,0,
2771,4,59,fog-68,1,fog,2600.0,0.0000,0.0000,17,100.850,0.0000,0,0.9513,,0.850,0,
2772,4,59,fog-68,1,fog,2700.0,0.0000,0.0000,17,100.850,0.0000,0,0.9494,,0.850,0,
2773,4,59,fog-68,1,fog,2800.0,0.0000,0.0000,17,100.850,0.0000,0,0.9475,,0.850,0,
2774,4,59,fog-68,1,fog,2900.0,0.0000,0.0000,17,100.850,0.0000,0,0.9456,,0.850,0,
2775,4,59,fog-68,1,fog,3000.0,0.0000,0.0000,17,100.850,0.0000,0,0.9438,,0.850,0,
2776,4,59,fog-68,1,fog,3100.0,0.0000,0.0000,17,100.850,0.0000,0,0.9419,,0.850,0,
2777,4,59,fog-68,1,fog,3200.0,0.0000,0.0000,17,100.850,0.0000,0,0.9400,,0.850,0,
2778,4,59,fog-68,1,fog,3300.0,0.0000,0.0000,17,100.850,0.0000,0,0.9381,,0.850,0,
2779,4,59,fog-68,1,fog,3400.0,0.0000,0.0000,17,100.850,0.0000,0,0.9363,,0.850,0,
2780,4,59,fog-68,1,fog,3500.0,0.0000,0.0000,17,100.850,0.0000,0,0.9344,,0.850,0,
2781,4,59,fog-68,1,fog,3600.0,0.0000,0.0000,17,100.850,0.0000,0,0.9325,,0.850,0,
2782,4,59,fog-68,1,fog,3700.0,0.0000,0.0000,17,100.850,0.0000,0,0.9306,,0.850,0,
2783,4,59,fog-68,1,fog,3800.0,0.0000,0.0000,17,100.850,0.0000,0,0.9288,,0.850,0,
2784,4,59,fog-68,1,fog,3900.0,0.0000,0.0000,17,100.850,0.0000,0,0.9269,,0.850,0,
2785,4,59,fog-68,1,fog,4000.0,0.0000,0.0000,17,100.850,0.0000,0,0.9250,,0.850,0,
2786,4,59,fog-68,1,fog,4100.0,0.0000,0.0000,17,100.850,0.0000,0,0.9231,,0.850,0,
2787,4,59,fog-68,1,fog,4200.0,0.0000,0.0000,17,100.850,0.0000,0,0.9213,,0.850,0,
2788,4,59,fog-68,1,fog,4300.0,0.0000,0.0000,16,100.800,0.0000,0,0.9194,,0.850,0,
2789,4,59,fog-68,1,fog,4400.0,0.0000,0.0000,17,100.850,0.0000,0,0.9175,,0.850,0,
2790,4,59,fog-68,1,fog,4500.0,0.0000,0.0000,17,100.850,0.0000,0,0.9156,,0.850,0,
2791,4,59,fog-68,1,fog,4600.0,0.0000,0.0000,17,100.850,0.0000,0,0.9138,,0.850,0,
2792,4,59,fog-68,1,fog,4700.0,0.0000,0.0000,17,100.850,0.0000,0,0.9119,,0.850,0,
2793,4,59,fog-68,1,fog,4800.0,0.0000,0.0000,17,100.850,0.0000,0,0.9100,,0.850,0,
2794,4,59,fog-68,1,fog,4900.0,0.0000,0.0000,17,100.850,0.0000,0,0.9081,,0.850,0,
2795,4,59,fog-68,1,fog,5000.0,0.0000,0.0000,17,100.850,0.0000,0,0.9063,,0.850,0,
2796,4,60,fog-69,1,fog,0.0,0.0000,0.0000,0,100.000,,0,1.0000,,0.850,0,
2797,4,60,fog-69,1,fog,100.0,0.0000,0.0000,0,100.000,,0,0.9981,,0.850,0,
2798,4,60,fog-69,1,fog,200.0,0.0000,0.0000,0,100.000,,0,0.9963,,0.850,0,
2799,4,60,fog-69,1,fog,300.0,0.0000,0.0000,4,100.200,0.0000,0,0.9944,,0.850,0,
2800,4,60,fog-69,1,fog,400.0,0.0000,0.0000,17,100.850,0.0000,0,0.9925,,0.850,0,
2801,4,60,fog-69,1,fog,500.0,0.0000,0.0000,17,100.850,0.0000,0,0.9906,,0.850,0,
2802,4,60,fog-69,1,fog,600.0,0.0000,0.0000,17,100.850,0.0000,0,0.9888,,0.850,0,
2803,4,60,fog-69,1,fog,700.0,0.0000,0.0000,17,100.850,0.0000,0,0.9869,,0.850,0,
2804,4,60,fog-69,1,fog,800.0,0.0000,0.0000,17,100.850,0.0000,0,0.9850,,0.850,0,
2805,4,60,fog-69,1,fog,900.0,0.0000,0.0000,17,100.850,0.0000,0,0.9831,,0.850,0,
2806,4,60,fog-69,1,fog,1000.0,0.0000,0.0000,17,100.850,0.0000,0,0.9813,,0.850,0,
2807,4,60,fog-69,1,fog,1100.0,0.0000,0.0000,17,100.850,0.0000,0,0.9794,,0.850,0,
2808,4,60,fog-69,1,fog,1200.0,0.0000,0.0000,17,100.850,0.0000,0,0.9775,,0.850,0,
2809,4,60,fog-69,1,fog,1300.0,0.0000,0.0000,35,101.300,0.5240,0,0.9756,,0.850,0,
2810,4,60,fog-69,1,fog,1400.0,0.0000,0.0000,28,101.200,0.4494,0,0.9738,,0.850,0,
2811,4,60,fog-69,1,fog,1500.0,0.0000,0.0000,17,100.850,0.0000,0,0.9719,,0.850,0,
2812,4,60,fog-69,1,fog,1600.0,0.0000,0.0000,17,100.850,0.0000,0,0.9700,,0.850,0,
2813,4,60,fog-69,1,fog,1700.0,0.0000,0.0000,17,100.850,0.0000,0,0.9681,,0.850,0,
2814,4,60,fog-69,1,fog,1800.0,0.0000,0.0000,17,100.850,0.0000,0,0.9663,,0.850,0,
2815,4,60,fog-69,1,fog,1900.0,0.0000,0.0000,17,100.850,0.0000,0,0.9644,,0.850,0,
2816,4,60,fog-69,1,fog,2000.0,0.0000,0.0000,17,100.850,0.0000,0,0.9625,,0.850,0,
2817,4,60,fog-69,1,fog,2100.0,0.0000,0.0000,17,100.850,0.0000,0,0.9606,,0.850,0,
2818,4,60,fog-69,1,fog,2200.0,0.0000,0.0000,17,100.850,0.0000,0,0.9588,,0.850,0,
2819,4,60,fog-69,1,fog,2300.0,0.0000,0.0000,16,100.800,0.0000,0,0.9569,,0.850,0,
2820,4,60,fog-69,1,fog,2400.0,0.0000,0.0000,17,100.850,0.0000,0,0.9550,,0.850,0,
2821,4,60,fog-69,1,fog,2500.0,0.0000,0.0000,17,100.850,0.0000,0,0.9531,,0.850,0,
2822,4,60,fog-69,1,fog,2600.0,0.0000,0.0000,17,100.850,0.0000,0,0.9513,,0.850,0,
2823,4,60,fog-69,1,fog,2700.0,0.0000,0.0000,17,100.850,0.0000,0,0.9494,,0.850,0,
2824,4,60,fog-69,1,fog,2800.0,0.0000,0.0000,17,100.850,0.0000,0,0.9475,,0.850,0,
2825,4,60,fog-69,1,fog,2900.0,0.0000,0.0000,56,101.700,0.7171,0,0.9456,,0.850,0,
2826,4,60,fog-69,1,fog,3000.0,0.0000,0.0000,35,101.300,0.5330,0,0.9438,,0.850,0,
2827,4,60,fog-69,1,fog,3100.0,0.0000,0.0000,17,100.850,0.0000,0,0.9419,,0.850,0,
2828,4,60,fog-69,1,fog,3200.0,0.0000,0.0000,17,100.850,0.0000,0,0.9400,,0.850,0,
2829,4,60,fog-69,1,fog,3300.0,0.0000,0.0000,17,100.850,0.0000,0,0.9381,,0.850,0,
2830,4,60,fog-69,1,fog,3400.0,0.0000,0.0000,17,100.850,0.0000,0,0.9363,,0.850,0,
2831,4,60,fog-69,1,fog,3500.0,0.0000,0.0000,17,100.850,0.0000,0,0.9344,,0.850,0,
2832,4,60,fog-69,1,fog,3600.0,0.0000,0.0000,17,100.850,0.0000,0,0.9325,,0.850,0,
2833,4,60,fog-69,1,fog,3700.0,0.0000,0.0000,17,100.850,0.0000,0,0.9306,,0.850,0,
2834,4,60,fog-69,1,fog,3800.0,0.0000,0.0000,35,101.300,0.5039,0,0.9288,,0.850,0,
2835,4,60,fog-69,1,fog,3900.0,0.0000,0.0000,17,100.850,0.0000,0,0.9269,,0.850,0,
2836,4,60,fog-69,1,fog,4000.0,0.0000,0.0000,17,100.850,0.0000,0,0.9250,,0.850,0,
2837,4,60,fog-69,1,fog,4100.0,0.0000,0.0000,17,100.850,0.0000,0,0.9231,,0.850,0,
2838,4,60,fog-69,1,fog,4200.0,0.0000,0.0000,17,100.850,0.0000,0,0.9213,,0.850,0,
2839,4,60,fog-69,1,fog,4300.0,0.0000,0.0000,16,100.800,0.0000,0,0.9194,,0.850,0,
2840,4,60,fog-69,1,fog,4400.0,0.0000,0.0000,17,100.850,0.0000,0,0.9175,,0.850,0,
2841,4,60,fog-69,1,fog,4500.0,0.0000,0.0000,52,101.600,0.6778,0,0.9156,,0.850,0,
2842,4,60,fog-69,1,fog,4600.0,0.0000,0.0000,17,100.850,0.0000,0,0.9138,,0.850,0,
2843,4,60,fog-69,1,fog,4700.0,0.0000,0.0000,17,100.850,0.0000,0,0.9119,,0.850,0,
2844,4,60,fog-69,1,fog,4800.0,0.0000,0.0000,17,100.850,0.0000,0,0.9100,,0.850,0,
2845,4,60,fog-69,1,fog,4900.0,0.0000,0.0000,17,100.850,0.0000,0,0.9081,,0.850,0,
2846,4,60,fog-69,1,fog,5000.0,0.0000,0.0000,17,100.850,0.0000,0,0.9063,,0.850,0,
2847,4,61,fog-70,1,fog,0.0,0.0000,0.0000,0,100.000,,0,1.0000,,0.850,0,
2848,4,61,fog-70,1,fog,100.0,0.0000,0.0000,0,100.000,,0,0.9981,,0.850,0,
2849,4,61,fog-70,1,fog,200.0,0.0000,0.0000,0,100.000,,0,0.9963,,0.850,0,
2850,4,61,fog-70,1,fog,300.0,0.0000,0.0000,4,100.200,0.0000,0,0.9944,,0.850,0,
2851,4,61,fog-70,1,fog,400.0,0.0000,0.0000,17,100.850,0.0000,0,0.9925,,0.850,0,
2852,4,61,fog-70,1,fog,500.0,0.0000,0.0000,17,100.850,0.0000,0,0.9906,,0.850,0,
2853,4,61,fog-70,1,fog,600.0,0.0000,0.0000,17,100.850,0.0000,0,0.9888,,0.850,0,
2854,4,61,fog-70,1,fog,700.0,0.0000,0.0000,17,100.850,0.0000,0,0.9869,,0.850,0,
2855,4,61,fog-70,1,fog,800.0,0.0000,0.0000,17,100.850,0.0000,0,0.9850,,0.850,0,
2856,4,61,fog-70,1,fog,900.0,0.0000,0.0000,17,100.850,0.0000,0,0.9831,,0.850,0,
2857,4,61,fog-70,1,fog,1000.0,0.0000,0.0000,17,100.850,0.0000,0,0.9813,,0.850,0,
2858,4,61,fog-70,1,fog,1100.0,0.0000,0.0000,17,100.850,0.0000,0,0.9794,,0.850,0,
2859,4,61,fog-70,1,fog,1200.0,0.0000,0.0000,17,100.850,0.0000,0,0.9775,,0.850,0,
2860,4,61,fog-70,1,fog,1300.0,0.0000,0.0000,17,100.850,0.0000,0,0.9756,,0.850,0,
2861,4,61,fog-70,1,fog,1400.0,0.0000,0.0000,17,100.850,0.0000,0,0.9738,,0.850,0,
2862,4,61,fog-70,1,fog,1500.0,0.0000,0.0000,17,100.850,0.0000,0,0.9719,,0.850,0,
2863,4,61,fog-70,1,fog,1600.0,0.0000,0.0000,17,100.850,0.0000,0,0.9700,,0.850,0,
2864,4,61,fog-70,1,fog,1700.0,0.0000,0.0000,17,100.850,0.0000,0,0.9681,,0.850,0,
2865,4,61,fog-70,1,fog,1800.0,0.0000,0.0000,17,100.850,0.0000,0,0.9663,,0.850,0,
2866,4,61,fog-70,1,fog,1900.0,0.0000,0.0000,17,100.850,0.0000,0,0.9644,,0.850,0,
2867,4,61,fog-70,1,fog,2000.0,0.0000,0.0000,17,100.850,0.0000,0,0.9625,,0.850,0,
2868,4,61,fog-70,1,fog,2100.0,0.0000,0.0000,17,100.850,0.0000,0,0.9606,,0.850,0,
2869,4,61,fog-70,1,fog,2200.0,0.0000,0.0000,17,100.850,0.0000,0,0.9588,,0.850,0,
2870,4,61,fog-70,1,fog,2300.0,0.0000,0.0000,16,100.800,0.0000,0,0.9569,,0.850,0,
2871,4,61,fog-70,1,fog,2400.0,0.0000,0.0000,17,100.850,0.0000,0,0.9550,,0.850,0,
2872,4,61,fog-70,1,fog,2500.0,0.0000,0.0000,17,100.850,0.0000,0,0.9531,,0.850,0,
2873,4,61,fog-70,1,fog,2600.0,0.0000,0.0000,17,100.850,0.0000,0,0.9513,,0.850,0,
2874,4,61,fog-70,1,fog,2700.0,0.0000,0.0000,17,100.850,0.0000,0,0.9494,,0.850,0,
2875,4,61,fog-70,1,fog,2800.0,0.0000,0.0000,17,100.850,0.0000,0,0.9475,,0.850,0,
2876,4,61,fog-70,1,fog,2900.0,0.0000,0.0000,17,100.850,0.0000,0,0.9456,,0.850,0,
2877,4,61,fog-70,1,fog,3000.0,0.0000,0.0000,17,100.850,0.0000,0,0.9438,,0.850,0,
2878,4,61,fog-70,1,fog,3100.0,0.0000,0.0000,17,100.850,0.0000,0,0.9419,,0.850,0,
2879,4,61,fog-70,1,fog,3200.0,0.0000,0.0000,17,100.850,0.0000,0,0.9400,,0.850,0,
2880,4,61,fog-70,1,fog,3300.0,0.0000,0.0000,17,100.850,0.0000,0,0.9381,,0.850,0,
2881,4,61,fog-70,1,fog,3400.0,0.0000,0.0000,17,100.850,0.0000,0,0.9363,,0.850,0,
2882,4,61,fog-70,1,fog,3500.0,0.0000,0.0000,17,100.850,0.0000,0,0.9344,,0.850,0,
2883,4,61,fog-70,1,fog,3600.0,0.0000,0.0000,17,100.850,0.0000,0,0.9325,,0.850,0,
2884,4,61,fog-70,1,fog,3700.0,0.0000,0.0000,17,100.850,0.0000,0,0.9306,,0.850,0,
2885,4,61,fog-70,1,fog,3800.0,0.0000,0.0000,17,100.850,0.0000,0,0.9288,,0.850,0,
2886,4,61,fog-70,1,fog,3900.0,0.0000,0.0000,17,100.850,0.0000,0,0.9269,,0.850,0,
2887,4,61,fog-70,1,fog,4000.0,0.0000,0.0000,17,100.850,0.0000,0,0.9250,,0.850,0,
2888,4,61,fog-70,1,fog,4100.0,0.0000,0.0000,17,100.850,0.0000,0,0.9231,,0.850,0,
2889,4,61,fog-70,1,fog,4200.0,0.0000,0.0000,16,100.800,0.0000,0,0.9213,,0.850,0,
2890,4,61,fog-70,1,fog,4300.0,0.0000,0.0000,17,100.850,0.0000,0,0.9194,,0.850,0,
2891,4,61,fog-70,1,fog,4400.0,0.0000,0.0000,17,100.850,0.0000,0,0.9175,,0.850,0,
2892,4,61,fog-70,1,fog,4500.0,0.0000,0.0000,17,100.850,0.0000,0,0.9156,,0.850,0,
2893,4,61,fog-70,1,fog,4600.0,0.0000,0.0000,17,100.850,0.0000,0,0.9138,,0.850,0,
2894,4,61,fog-70,1,fog,4700.0,0.0000,0.0000,17,100.850,0.0000,0,0.9119,,0.850,0,
2895,4,61,fog-70,1,fog,4800.0,0.0000,0.0000,17,100.850,0.0000,0,0.9100,,0.850,0,
2896,4,61,fog-70,1,fog,4900.0,0.0000,0.0000,17,100.850,0.0000,0,0.9081,,0.850,0,
2897,4,61,fog-70,1,fog,5000.0,0.0000,0.0000,17,100.850,0.0000,0,0.9063,,0.850,0,
2898,4,62,fog-71,1,fog,0.0,0.0000,0.0000,0,100.000,,0,1.0000,,0.850,0,
2899,4,62,fog-71,1,fog,100.0,0.0000,0.0000,0,100.000,,0,0.9981,,0.850,0,
2900,4,62,fog-71,1,fog,200.0,0.0000,0.0000,0,100.000,,0,0.9963,,0.850,0,
2901,4,62,fog-71,1,fog,300.0,0.0000,0.0000,4,100.200,0.0000,0,0.9944,,0.850,0,
2902,4,62,fog-71,1,fog,400.0,0.0000,0.0000,17,100.850,0.0000,0,0.9925,,0.850,0,
2903,4,62,fog-71,1,fog,500.0,0.0000,0.0000,17,100.850,0.0000,0,0.9906,,0.850,0,
2904,4,62,fog-71,1,fog,600.0,0.0000,0.0000,17,100.850,0.0000,0,0.9888,,0.850,0,
2905,4,62,fog-71,1,fog,700.0,0.0000,0.0000,17,100.850,0.0000,0,0.9869,,0.850,0,
2906,4,62,fog-71,1,fog,800.0,0.0000,0.0000,17,100.850,0.0000,0,0.9850,,0.850,0,
2907,4,62,fog-71,1,fog,900.0,0.0000,0.0000,17,100.850,0.0000,0,0.9831,,0.850,0,
2908,4,62,fog-71,1,fog,1000.0,0.0000,0.0000,17,100.850,0.0000,0,0.9813,,0.850,0,
2909,4,62,fog-71,1,fog,1100.0,0.0000,0.0000,17,100.850,0.0000,0,0.9794,,0.850,0,
2910,4,62,fog-71,1,fog,1200.0,0.0000,0.0000,17,100.850,0.0000,0,0.9775,,0.850,0,
2911,4,62,fog-71,1,fog,1300.0,0.0000,0.0000,17,100.850,0.0000,0,0.9756,,0.850,0,
2912,4,62,fog-71,1,fog,1400.0,0.0000,0.0000,17,100.850,0.0000,0,0.9738,,0.850,0,
2913,4,62,fog-71,1,fog,1500.0,0.0000,0.0000,17,100.850,0.0000,0,0.9719,,0.850,0,
2914,4,62,fog-71,1,fog,1600.0,0.0000,0.0000,17,100.850,0.0000,0,0.9700,,0.850,0,
2915,4,62,fog-71,1,fog,1700.0,0.0000,0.0000,17,100.850,0.0000,0,0.9681,,0.850,0,
2916,4,62,fog-71,1,fog,1800.0,0.0000,0.0000,17,100.850,0.0000,0,0.9663,,0.850,0,
2917,4,62,fog-71,1,fog,1900.0,0.0000,0.0000,17,100.850,0.0000,0,0.9644,,0.850,0,
2918,4,62,fog-71,1,fog,2000.0,0.0000,0.0000,17,100.850,0.0000,0,0.9625,,0.850,0,
2919,4,62,fog-71,1,fog,2100.0,0.0000,0.0000,17,100.850,0.0000,0,0.9606,,0.850,0,
2920,4,62,fog-71,1,fog,2200.0,0.0000,0.0000,17,100.850,0.0000,0,0.9588,,0.850,0,
2921,4,62,fog-71,1,fog,2300.0,0.0000,0.0000,16,100.800,0.0000,0,0.9569,,0.850,0,
2922,4,62,fog-71,1,fog,2400.0,0.0000,0.0000,17,100.850,0.0000,0,0.9550,,0.850,0,
2923,4,62,fog-71,1,fog,2500.0,0.0000,0.0000,17,100.850,0.0000,0,0.9531,,0.850,0,
2924,4,62,fog-71,1,fog,2600.0,0.0000,0.0000,17,100.850,0.0000,0,0.9513,,0.850,0,
2925,4,62,fog-71,1,fog,2700.0,0.0000,0.0000,17,100.850,0.0000,0,0.9494,,0.850,0,
2926,4,62,fog-71,1,fog,2800.0,0.0000,0.0000,17,100.850,0.0000,0,0.9475,,0.850,0,
2927,4,62,fog-71,1,fog,2900.0,0.0000,0.0000,17,100.850,0.0000,0,0.9456,,0.850,0,
2928,4,62,fog-71,1,fog,3000.0,0.0000,0.0000,17,100.850,0.0000,0,0.9438,,0.850,0,
2929,4,62,fog-71,1,fog,3100.0,0.0000,0.0000,17,100.850,0.0000,0,0.9419,,0.850,0,
2930,4,62,fog-71,1,fog,3200.0,0.0000,0.0000,17,100.850,0.0000,0,0.9400,,0.850,0,
2931,4,62,fog-71,1,fog,3300.0,0.0000,0.0000,17,100.850,0.0000,0,0.9381,,0.850,0,
2932,4,62,fog-71,1,fog,3400.0,0.0000,0.0000,17,100.850,0.0000,0,0.9363,,0.850,0,
2933,4,62,fog-71,1,fog,3500.0,0.0000,0.0000,17,100.850,0.0000,0,0.9344,,0.850,0,
2934,4,62,fog-71,1,fog,3600.0,0.0000,0.0000,17,100.850,0.0000,0,0.9325,,0.850,0,
2935,4,62,fog-71,1,fog,3700.0,0.0000,0.0000,17,100.850,0.0000,0,0.9306,,0.850,0,
2936,4,62,fog-71,1,fog,3800.0,0.0000,0.0000,17,100.850,0.0000,0,0.9288,,0.850,0,
2937,4,62,fog-71,1,fog,3900.0,0.0000,0.0000,17,100.850,0.0000,0,0.9269,,0.850,0,
2938,4,62,fog-71,1,fog,4000.0,0.0000,0.0000,17,100.850,0.0000,0,0.9250,,0.850,0,
2939,4,62,fog-71,1,fog,4100.0,0.0000,0.0000,17,100.850,0.0000,0,0.9231,,0.850,0,
2940,4,62,fog-71,1,fog,4200.0,0.0000,0.0000,16,100.800,0.0000,0,0.9213,,0.850,0,
2941,4,62,fog-71,1,fog,4300.0,0.0000,0.0000,17,100.850,0.0000,0,0.9194,,0.850,0,
2942,4,62,fog-71,1,fog,4400.0,0.0000,0.0000,17,100.850,0.0000,0,0.9175,,0.850,0,
2943,4,62,fog-71,1,fog,4500.0,0.0000,0.0000,17,100.850,0.0000,0,0.9156,,0.850,0,
2944,4,62,fog-71,1,fog,4600.0,0.0000,0.0000,17,100.850,0.0000,0,0.9138,,0.850,0,
2945,4,62,fog-71,1,fog,4700.0,0.0000,0.0000,17,100.850,0.0000,0,0.9119,,0.850,0,
2946,4,62,fog-71,1,fog,4800.0,0.0000,0.0000,17,100.850,0.0000,0,0.9100,,0.850,0,
2947,4,62,fog-71,1,fog,4900.0,0.0000,0.0000,17,100.850,0.0000,0,0.9081,,0.850,0,
2948,4,62,fog-71,1,fog,5000.0,0.0000,0.0000,17,100.850,0.0000,0,0.9063,,0.850,0,
2949,4,63,fog-72,1,fog,0.0,0.0000,0.0000,0,100.000,,0,1.0000,,0.850,0,
2950,4,63,fog-72,1,fog,100.0,0.0000,0.0000,0,100.000,,0,0.9981,,0.850,0,
2951,4,63,fog-72,1,fog,200.0,0.0000,0.0000,0,100.000,,0,0.9963,,0.850,0,
2952,4,63,fog-72,1,fog,300.0,0.0000,0.0000,4,100.200,0.0000,0,0.9944,,0.850,0,
2953,4,63,fog-72,1,fog,400.0,0.0000,0.0000,17,100.850,0.0000,0,0.9925,,0.850,0,
2954,4,63,fog-72,1,fog,500.0,0.0000,0.0000,17,100.850,0.0000,0,0.9906,,0.850,0,
2955,4,63,fog-72,1,fog,600.0,0.0000,0.0000,17,100.850,0.0000,0,0.9888,,0.850,0,
2956,4,63,fog-72,1,fog,700.0,0.0000,0.0000,17,100.850,0.0000,0,0.9869,,0.850,0,
2957,4,63,fog-72,1,fog,800.0,0.0000,0.0000,35,101.300,0.5077,0,0.9850,,0.850,0,
2958,4,63,fog-72,1,fog,900.0,0.0000,0.0000,35,101.300,0.5318,0,0.9831,,0.850,0,
2959,4,63,fog-72,1,fog,1000.0,0.0000,0.0000,35,101.300,0.5166,0,0.9813,,0.850,0,
2960,4,63,fog-72,1,fog,1100.0,0.0000,0.0000,38,101.350,0.5307,0,0.9794,,0.850,0,
2961,4,63,fog-72,1,fog,1200.0,0.0000,0.0000,17,100.850,0.0000,0,0.9775,,0.850,0,
2962,4,63,fog-72,1,fog,1300.0,0.0000,0.0000,17,100.850,0.0000,0,0.9756,,0.850,0,
2963,4,63,fog-72,1,fog,1400.0,0.0000,0.0000,17,100.850,0.0000,0,0.9738,,0.850,0,
2964,4,63,fog-72,1,fog,1500.0,0.0000,0.0000,17,100.850,0.0000,0,0.9719,,0.850,0,
2965,4,63,fog-72,1,fog,1600.0,0.0000,0.0000,17,100.850,0.0000,0,0.9700,,0.850,0,
2966,4,63,fog-72,1,fog,1700.0,0.0000,0.0000,17,100.850,0.0000,0,0.9681,,0.850,0,
2967,4,63,fog-72,1,fog,1800.0,0.0000,0.0000,17,100.850,0.0000,0,0.9663,,0.850,0,
2968,4,63,fog-72,1,fog,1900.0,0.0000,0.0000,17,100.850,0.0000,0,0.9644,,0.850,0,
2969,4,63,fog-72,1,fog,2000.0,0.0000,0.0000,17,100.850,0.0000,0,0.9625,,0.850,0,
2970,4,63,fog-72,1,fog,2100.0,0.0000,0.0000,17,100.850,0.0000,0,0.9606,,0.850,0,
2971,4,63,fog-72,1,fog,2200.0,0.0000,0.0000,16,100.800,0.0000,0,0.9588,,0.850,0,
2972,4,63,fog-72,1,fog,2300.0,0.0000,0.0000,17,100.850,0.0000,0,0.9569,,0.850,0,
2973,4,63,fog-72,1,fog,2400.0,0.0000,0.0000,61,101.800,0.7550,0,0.9550,,0.850,0,
2974,4,63,fog-72,1,fog,2500.0,0.0000,0.0000,61,101.800,0.8560,0,0.9531,,0.850,0,
2975,4,63,fog-72,1,fog,2600.0,0.0000,0.0000,54,101.650,0.7627,0,0.9513,,0.850,0,
2976,4,63,fog-72,1,fog,2700.0,0.0000,0.0000,38,101.350,0.5289,0,0.9494,,0.850,0,
2977,4,63,fog-72,1,fog,2800.0,0.0000,0.0000,17,100.850,0.0000,0,0.9475,,0.850,0,
2978,4,63,fog-72,1,fog,2900.0,0.0000,0.0000,17,100.850,0.0000,0,0.9456,,0.850,0,
2979,4,63,fog-72,1,fog,3000.0,0.0000,0.0000,17,100.850,0.0000,0,0.9438,,0.850,0,
2980,4,63,fog-72,1,fog,3100.0,0.0000,0.0000,17,100.850,0.0000,0,0.9419,,0.850,0,
2981,4,63,fog-72,1,fog,3200.0,0.0000,0.0000,17,100.850,0.0000,0,0.9400,,0.850,0,
2982,4,63,fog-72,1,fog,3300.0,0.0000,0.0000,35,101.300,0.5344,0,0.9381,,0.850,0,
2983,4,63,fog-72,1,fog,3400.0,0.0000,0.0000,38,101.350,0.5445,0,0.9363,,0.850,0,
2984,4,63,fog-72,1,fog,3500.0,0.0000,0.0000,38,101.350,0.5086,0,0.9344,,0.850,0,
2985,4,63,fog-72,1,fog,3600.0,0.0000,0.0000,17,100.850,0.0000,0,0.9325,,0.850,0,
2986,4,63,fog-72,1,fog,3700.0,0.0000,0.0000,17,100.850,0.0000,0,0.9306,,0.850,0,
2987,4,63,fog-72,1,fog,3800.0,0.0000,0.0000,17,100.850,0.0000,0,0.9288,,0.850,0,
2988,4,63,fog-72,1,fog,3900.0,0.0000,0.0000,17,100.850,0.0000,0,0.9269,,0.850,0,
2989,4,63,fog-72,1,fog,4000.0,0.0000,0.0000,63,101.850,0.7482,0,0.9250,,0.850,0,
2990,4,63,fog-72,1,fog,4100.0,0.0000,0.0000,35,101.300,0.5203,0,0.9231,,0.850,0,
2991,4,63,fog-72,1,fog,4200.0,0.0000,0.0000,31,101.200,0.5313,0,0.9213,,0.850,0,
2992,4,63,fog-72,1,fog,4300.0,0.0000,0.0000,17,100.850,0.0000,0,0.9194,,0.850,0,
2993,4,63,fog-72,1,fog,4400.0,0.0000,0.0000,17,100.850,0.0000,0,0.9175,,0.850,0,
2994,4,63,fog-72,1,fog,4500.0,0.0000,0.0000,17,100.850,0.0000,0,0.9156,,0.850,0,
2995,4,63,fog-72,1,fog,4600.0,0.0000,0.0000,17,100.850,0.0000,0,0.9138,,0.850,0,
2996,4,63,fog-72,1,fog,4700.0,0.0000,0.0000,17,100.850,0.0000,0,0.9119,,0.850,0,
2997,4,63,fog-72,1,fog,4800.0,0.0000,0.0000,17,100.850,0.0000,0,0.9100,,0.850,0,
2998,4,63,fog-72,1,fog,4900.0,0.0000,0.0000,35,101.300,0.5056,0,0.9081,,0.850,0,
2999,4,63,fog-72,1,fog,5000.0,0.0000,0.0000,24,101.150,0.4465,0,0.9063,,0.850,0,
3000,4,64,fog-73,1,fog,0.0,0.0000,0.0000,0,100.000,,0,1.0000,,0.850,0,
3001,4,64,fog-73,1,fog,100.0,0.0000,0.0000,0,100.000,,0,0.9981,,0.850,0,
3002,4,64,fog-73,1,fog,200.0,0.0000,0.0000,0,100.000,,0,0.9963,,0.850,0,
3003,4,64,fog-73,1,fog,300.0,0.0000,0.0000,4,100.200,0.0000,0,0.9944,,0.850,0,
3004,4,64,fog-73,1,fog,400.0,0.0000,0.0000,17,100.850,0.0000,0,0.9925,,0.850,0,
3005,4,64,fog-73,1,fog,500.0,0.0000,0.0000,17,100.850,0.0000,0,0.9906,,0.850,0,
3006,4,64,fog-73,1,fog,600.0,0.0000,0.0000,17,100.850,0.0000,0,0.9888,,0.850,0,
3007,4,64,fog-73,1,fog,700.0,0.0000,0.0000,17,100.850,0.0000,0,0.9869,,0.850,0,
3008,4,64,fog-73,1,fog,800.0,0.0000,0.0000,17,100.850,0.0000,0,0.9850,,0.850,0,
3009,4,64,fog-73,1,fog,900.0,0.0000,0.0000,17,100.850,0.0000,0,0.9831,,0.850,0,
3010,4,64,fog-73,1,fog,1000.0,0.0000,0.0000,17,100.850,0.0000,0,0.9813,,0.850,0,
3011,4,64,fog-73,1,fog,1100.0,0.0000,0.0000,17,100.850,0.0000,0,0.9794,,0.850,0,
3012,4,64,fog-73,1,fog,1200.0,0.0000,0.0000,17,100.850,0.0000,0,0.9775,,0.850,0,
3013,4,64,fog-73,1,fog,1300.0,0.0000,0.0000,17,100.850,0.0000,0,0.9756,,0.850,0,
3014,4,64,fog-73,1,fog,1400.0,0.0000,0.0000,17,100.850,0.0000,0,0.9738,,0.850,0,
3015,4,64,fog-73,1,fog,1500.0,0.0000,0.0000,17,100.850,0.0000,0,0.9719,,0.850,0,
3016,4,64,fog-73,1,fog,1600.0,0.0000,0.0000,17,100.850,0.0000,0,0.9700,,0.850,0,
3017,4,64,fog-73,1,fog,1700.0,0.0000,0.0000,17,100.850,0.0000,0,0.9681,,0.850,0,
3018,4,64,fog-73,1,fog,1800.0,0.0000,0.0000,17,100.850,0.0000,0,0.9663,,0.850,0,
3019,4,64,fog-73,1,fog,1900.0,0.0000,0.0000,17,100.850,0.0000,0,0.9644,,0.850,0,
3020,4,64,fog-73,1,fog,2000.0,0.0000,0.0000,17,100.850,0.0000,0,0.9625,,0.850,0,
3021,4,64,fog-73,1,fog,2100.0,0.0000,0.0000,17,100.850,0.0000,0,0.9606,,0.850,0,
3022,4,64,fog-73,1,fog,2200.0,0.0000,0.0000,16,100.800,0.0000,0,0.9588,,0.850,0,
3023,4,64,fog-73,1,fog,2300.0,0.0000,0.0000,17,100.850,0.0000,0,0.9569,,0.850,0,
3024,4,64,fog-73,1,fog,2400.0,0.0000,0.0000,17,100.850,0.0000,0,0.9550,,0.850,0,
3025,4,64,fog-73,1,fog,2500.0,0.0000,0.0000,17,100.850,0.0000,0,0.9531,,0.850,0,
3026,4,64,fog-73,1,fog,2600.0,0.0000,0.0000,17,100.850,0.0000,0,0.9513,,0.850,0,
3027,4,64,fog-73,1,fog,2700.0,0.0000,0.0000,17,100.850,0.0000,0,0.9494,,0.850,0,
3028,4,64,fog-73,1,fog,2800.0,0.0000,0.0000,17,100.850,0.0000,0,0.9475,,0.850,0,
3029,4,64,fog-73,1,fog,2900.0,0.0000,0.0000,17,100.850,0.0000,0,0.9456,,0.850,0,
3030,4,64,fog-73,1,fog,3000.0,0.0000,0.0000,17,100.850,0.0000,0,0.9438,,0.850,0,
3031,4,64,fog-73,1,fog,3100.0,0.0000,0.0000,17,100.850,0.0000,0,0.9419,,0.850,0,
3032,4,64,fog-73,1,fog,3200.0,0.0000,0.0000,17,100.850,0.0000,0,0.9400,,0.850,0,
3033,4,64,fog-73,1,fog,3300.0,0.0000,0.0000,17,100.850,0.0000,0,0.9381,,0.850,0,
3034,4,64,fog-73,1,fog,3400.0,0.0000,0.0000,17,100.850,0.0000,0,0.9363,,0.850,0,
3035,4,64,fog-73,1,fog,3500.0,0.0000,0.0000,17,100.850,0.0000,0,0.9344,,0.850,0,
3036,4,64,fog-73,1,fog,3600.0,0.0000,0.0000,17,100.850,0.0000,0,0.9325,,0.850,0,
3037,4,64,fog-73,1,fog,3700.0,0.0000,0.0000,17,100.850,0.0000,0,0.9306,,0.850,0,
3038,4,64,fog-73,1,fog,3800.0,0.0000,0.0000,17,100.850,0.0000,0,0.9288,,0.850,0,
3039,4,64,fog-73,1,fog,3900.0,0.0000,0.0000,17,100.850,0.0000,0,0.9269,,0.850,0,
3040,4,64,fog-73,1,fog,4000.0,0.0000,0.0000,17,100.850,0.0000,0,0.9250,,0.850,0,
3041,4,64,fog-73,1,fog,4100.0,0.0000,0.0000,17,100.850,0.0000,0,0.9231,,0.850,0,
3042,4,64,fog-73,1,fog,4200.0,0.0000,0.0000,16,100.800,0.0000,0,0.9213,,0.850,0,
3043,4,64,fog-73,1,fog,4300.0,0.0000,0.0000,17,100.850,0.0000,0,0.9194,,0.850,0,
3044,4,64,fog-73,1,fog,4400.0,0.0000,0.0000,17,100.850,0.0000,0,0.9175,,0.850,0,
3045,4,64,fog-73,1,fog,4500.0,0.0000,0.0000,17,100.850,0.0000,0,0.9156,,0.850,0,
3046,4,64,fog-73,1,fog,4600.0,0.0000,0.0000,17,100.850,0.0000,0,0.9138,,0.850,0,
3047,4,64,fog-73,1,fog,4700.0,0.0000,0.0000,17,100.850,0.0000,0,0.9119,,0.850,0,
3048,4,64,fog-73,1,fog,4800.0,0.0000,0.0000,17,100.850,0.0000,0,0.9100,,0.850,0,
3049,4,64,fog-73,1,fog,4900.0,0.0000,0.0000,17,100.850,0.0000,0,0.9081,,0.850,0,
3050,4,64,fog-73,1,fog,5000.0,0.0000,0.0000,17,100.850,0.0000,0,0.9063,,0.850,0,
3051,4,65,fog-74,1,fog,0.0,0.0000,0.0000,0,100.000,,0,1.0000,,0.850,0,
3052,4,65,fog-74,1,fog,100.0,0.0000,0.0000,0,100.000,,0,0.9981,,0.850,0,
3053,4,65,fog-74,1,fog,200.0,0.0000,0.0000,0,100.000,,0,0.9963,,0.850,0,
3054,4,65,fog-74,1,fog,300.0,0.0000,0.0000,20,100.700,0.5076,0,0.9944,,0.850,0,
3055,4,65,fog-74,1,fog,400.0,0.0000,0.0000,17,100.850,0.0000,0,0.9925,,0.850,0,
3056,4,65,fog-74,1,fog,500.0,0.0000,0.0000,17,100.850,0.0000,0,0.9906,,0.850,0,
3057,4,65,fog-74,1,fog,600.0,0.0000,0.0000,17,100.850,0.0000,0,0.9888,,0.850,0,
3058,4,65,fog-74,1,fog,700.0,0.0000,0.0000,17,100.850,0.0000,0,0.9869,,0.850,0,
3059,4,65,fog-74,1,fog,800.0,0.0000,0.0000,17,100.850,0.0000,0,0.9850,,0.850,0,
3060,4,65,fog-74,1,fog,900.0,0.0000,0.0000,17,100.850,0.0000,0,0.9831,,0.850,0,
3061,4,65,fog-74,1,fog,1000.0,0.0000,0.0000,17,100.850,0.0000,0,0.9813,,0.850,0,
3062,4,65,fog-74,1,fog,1100.0,0.0000,0.0000,17,100.850,0.0000,0,0.9794,,0.850,0,
3063,4,65,fog-74,1,fog,1200.0,0.0000,0.0000,17,100.850,0.0000,0,0.9775,,0.850,0,
3064,4,65,fog-74,1,fog,1300.0,0.0000,0.0000,17,100.850,0.0000,0,0.9756,,0.850,0,
3065,4,65,fog-74,1,fog,1400.0,0.0000,0.0000,38,101.350,0.5298,0,0.9738,,0.850,0,
3066,4,65,fog-74,1,fog,1500.0,0.0000,0.0000,38,101.350,0.5329,0,0.9719,,0.850,0,
3067,4,65,fog-74,1,fog,1600.0,0.0000,0.0000,38,101.350,0.5392,0,0.9700,,0.850,0,
3068,4,65,fog-74,1,fog,1700.0,0.0000,0.0000,17,100.850,0.0000,0,0.9681,,0.850,0,
3069,4,65,fog-74,1,fog,1800.0,0.0000,0.0000,17,100.850,0.0000,0,0.9663,,0.850,0,
3070,4,65,fog-74,1,fog,1900.0,0.0000,0.0000,17,100.850,0.0000,0,0.9644,,0.850,0,
3071,4,65,fog-74,1,fog,2000.0,0.0000,0.0000,17,100.850,0.0000,0,0.9625,,0.850,0,
3072,4,65,fog-74,1,fog,2100.0,0.0000,0.0000,35,101.300,0.5240,0,0.9606,,0.850,0,
3073,4,65,fog-74,1,fog,2200.0,0.0000,0.0000,16,100.800,0.0000,0,0.9588,,0.850,0,
3074,4,65,fog-74,1,fog,2300.0,0.0000,0.0000,17,100.850,0.0000,0,0.9569,,0.850,0,
3075,4,65,fog-74,1,fog,2400.0,0.0000,0.0000,17,100.850,0.0000,0,0.9550,,0.850,0,
3076,4,65,fog-74,1,fog,2500.0,0.0000,0.0000,17,100.850,0.0000,0,0.9531,,0.850,0,
3077,4,65,fog-74,1,fog,2600.0,0.0000,0.0000,17,100.850,0.0000,0,0.9513,,0.850,0,
3078,4,65,fog-74,1,fog,2700.0,0.0000,0.0000,17,100.850,0.0000,0,0.9494,,0.850,0,
3079,4,65,fog-74,1,fog,2800.0,0.0000,0.0000,17,100.850,0.0000,0,0.9475,,0.850,0,
3080,4,65,fog-74,1,fog,2900.0,0.0000,0.0000,17,100.850,0.0000,0,0.9456,,0.850,0,
3081,4,65,fog-74,1,fog,3000.0,0.0000,0.0000,38,101.350,0.5310,0,0.9438,,0.850,0,
3082,4,65,fog-74,1,fog,3100.0,0.0000,0.0000,38,101.350,0.5308,0,0.9419,,0.850,0,
3083,4,65,fog-74,1,fog,3200.0,0.0000,0.0000,32,101.250,0.5320,0,0.9400,,0.850,0,
3084,4,65,fog-74,1,fog,3300.0,0.0000,0.0000,17,100.850,0.0000,0,0.9381,,0.850,0,
3085,4,65,fog-74,1,fog,3400.0,0.0000,0.0000,17,100.850,0.0000,0,0.9363,,0.850,0,
3086,4,65,fog-74,1,fog,3500.0,0.0000,0.0000,17,100.850,0.0000,0,0.9344,,0.850,0,
3087,4,65,fog-74,1,fog,3600.0,0.0000,0.0000,17,100.850,0.0000,0,0.9325,,0.850,0,
3088,4,65,fog-74,1,fog,3700.0,0.0000,0.0000,38,101.350,0.5397,0,0.9306,,0.850,0,
3089,4,65,fog-74,1,fog,3800.0,0.0000,0.0000,17,100.850,0.0000,0,0.9288,,0.850,0,
3090,4,65,fog-74,1,fog,3900.0,0.0000,0.0000,17,100.850,0.0000,0,0.9269,,0.850,0,
3091,4,65,fog-74,1,fog,4000.0,0.0000,0.0000,17,100.850,0.0000,0,0.9250,,0.850,0,
3092,4,65,fog-74,1,fog,4100.0,0.0000,0.0000,17,100.850,0.0000,0,0.9231,,0.850,0,
3093,4,65,fog-74,1,fog,4200.0,0.0000,0.0000,16,100.800,0.0000,0,0.9213,,0.850,0,
3094,4,65,fog-74,1,fog,4300.0,0.0000,0.0000,17,100.850,0.0000,0,0.9194,,0.850,0,
3095,4,65,fog-74,1,fog,4400.0,0.0000,0.0000,17,100.850,0.0000,0,0.9175,,0.850,0,
3096,4,65,fog-74,1,fog,4500.0,0.0000,0.0000,17,100.850,0.0000,0,0.9156,,0.850,0,
3097,4,65,fog-74,1,fog,4600.0,0.0000,0.0000,38,101.350,0.5339,0,0.9138,,0.850,0,
3098,4,65,fog-74,1,fog,4700.0,0.0000,0.0000,35,101.300,0.5297,0,0.9119,,0.850,0,
3099,4,65,fog-74,1,fog,4800.0,0.0000,0.0000,35,101.300,0.5156,0,0.9100,,0.850,0,
3100,4,65,fog-74,1,fog,4900.0,0.0000,0.0000,17,100.850,0.0000,0,0.9081,,0.850,0,
3101,4,65,fog-74,1,fog,5000.0,0.0000,0.0000,17,100.850,0.0000,0,0.9063,,0.850,0,
3102,4,66,fog-75,1,fog,0.0,0.0000,0.0000,0,100.000,,0,1.0000,,0.850,0,
3103,4,66,fog-75,1,fog,100.0,0.0000,0.0000,0,100.000,,0,0.9981,,0.850,0,
3104,4,66,fog-75,1,fog,200.0,0.0000,0.0000,0,100.000,,0,0.9963,,0.850,0,
3105,4,66,fog-75,1,fog,300.0,0.0000,0.0000,4,100.200,0.0000,0,0.9944,,0.850,0,
3106,4,66,fog-75,1,fog,400.0,0.0000,0.0000,17,100.850,0.0000,0,0.9925,,0.850,0,
3107,4,66,fog-75,1,fog,500.0,0.0000,0.0000,35,101.300,0.5162,0,0.9906,,0.850,0,
3108,4,66,fog-75,1,fog,600.0,0.0000,0.0000,17,100.850,0.0000,0,0.9888,,0.850,0,
3109,4,66,fog-75,1,fog,700.0,0.0000,0.0000,17,100.850,0.0000,0,0.9869,,0.850,0,
3110,4,66,fog-75,1,fog,800.0,0.0000,0.0000,17,100.850,0.0000,0,0.9850,,0.850,0,
3111,4,66,fog-75,1,fog,900.0,0.0000,0.0000,17,100.850,0.0000,0,0.9831,,0.850,0,
3112,4,66,fog-75,1,fog,1000.0,0.0000,0.0000,17,100.850,0.0000,0,0.9813,,0.850,0,
3113,4,66,fog-75,1,fog,1100.0,0.0000,0.0000,17,100.850,0.0000,0,0.9794,,0.850,0,
3114,4,66,fog-75,1,fog,1200.0,0.0000,0.0000,17,100.850,0.0000,0,0.9775,,0.850,0,
3115,4,66,fog-75,1,fog,1300.0,0.0000,0.0000,17,100.850,0.0000,0,0.9756,,0.850,0,
3116,4,66,fog-75,1,fog,1400.0,0.0000,0.0000,17,100.850,0.0000,0,0.9738,,0.850,0,
3117,4,66,fog-75,1,fog,1500.0,0.0000,0.0000,17,100.850,0.0000,0,0.9719,,0.850,0,
3118,4,66,fog-75,1,fog,1600.0,0.0000,0.0000,38,101.350,0.5193,0,0.9700,,0.850,0,
3119,4,66,fog-75,1,fog,1700.0,0.0000,0.0000,17,100.850,0.0000,0,0.9681,,0.850,0,
3120,4,66,fog-75,1,fog,1800.0,0.0000,0.0000,17,100.850,0.0000,0,0.9663,,0.850,0,
3121,4,66,fog-75,1,fog,1900.0,0.0000,0.0000,17,100.850,0.0000,0,0.9644,,0.850,0,
3122,4,66,fog-75,1,fog,2000.0,0.0000,0.0000,17,100.850,0.0000,0,0.9625,,0.850,0,
3123,4,66,fog-75,1,fog,2100.0,0.0000,0.0000,17,100.850,0.0000,0,0.9606,,0.850,0,
3124,4,66,fog-75,1,fog,2200.0,0.0000,0.0000,16,100.800,0.0000,0,0.9588,,0.850,0,
3125,4,66,fog-75,1,fog,2300.0,0.0000,0.0000,38,101.350,0.5346,0,0.9569,,0.850,0,
3126,4,66,fog-75,1,fog,2400.0,0.0000,0.0000,17,100.850,0.0000,0,0.9550,,0.850,0,
3127,4,66,fog-75,1,fog,2500.0,0.0000,0.0000,17,100.850,0.0000,0,0.9531,,0.850,0,
3128,4,66,fog-75,1,fog,2600.0,0.0000,0.0000,17,100.850,0.0000,0,0.9513,,0.850,0,
3129,4,66,fog-75,1,fog,2700.0,0.0000,0.0000,17,100.850,0.0000,0,0.9494,,0.850,0,
3130,4,66,fog-75,1,fog,2800.0,0.0000,0.0000,17,100.850,0.0000,0,0.9475,,0.850,0,
3131,4,66,fog-75,1,fog,2900.0,0.0000,0.0000,17,100.850,0.0000,0,0.9456,,0.850,0,
3132,4,66,fog-75,1,fog,3000.0,0.0000,0.0000,17,100.850,0.0000,0,0.9438,,0.850,0,
3133,4,66,fog-75,1,fog,3100.0,0.0000,0.0000,38,101.350,0.5345,0,0.9419,,0.850,0,
3134,4,66,fog-75,1,fog,3200.0,0.0000,0.0000,35,101.300,0.5182,0,0.9400,,0.850,0,
3135,4,66,fog-75,1,fog,3300.0,0.0000,0.0000,17,100.850,0.0000,0,0.9381,,0.850,0,
3136,4,66,fog-75,1,fog,3400.0,0.0000,0.0000,17,100.850,0.0000,0,0.9363,,0.850,0,
3137,4,66,fog-75,1,fog,3500.0,0.0000,0.0000,17,100.850,0.0000,0,0.9344,,0.850,0,
3138,4,66,fog-75,1,fog,3600.0,0.0000,0.0000,17,100.850,0.0000,0,0.9325,,0.850,0,
3139,4,66,fog-75,1,fog,3700.0,0.0000,0.0000,17,100.850,0.0000,0,0.9306,,0.850,0,
3140,4,66,fog-75,1,fog,3800.0,0.0000,0.0000,17,100.850,0.0000,0,0.9288,,0.850,0,
3141,4,66,fog-75,1,fog,3900.0,0.0000,0.0000,32,101.250,0.4710,0,0.9269,,0.850,0,
3142,4,66,fog-75,1,fog,4000.0,0.0000,0.0000,35,101.300,0.5124,0,0.9250,,0.850,0,
3143,4,66,fog-75,1,fog,4100.0,0.0000,0.0000,17,100.850,0.0000,0,0.9231,,0.850,0,
3144,4,66,fog-75,1,fog,4200.0,0.0000,0.0000,16,100.800,0.0000,0,0.9213,,0.850,0,
3145,4,66,fog-75,1,fog,4300.0,0.0000,0.0000,17,100.850,0.0000,0,0.9194,,0.850,0,
3146,4,66,fog-75,1,fog,4400.0,0.0000,0.0000,17,100.850,0.0000,0,0.9175,,0.850,0,
3147,4,66,fog-75,1,fog,4500.0,0.0000,0.0000,17,100.850,0.0000,0,0.9156,,0.850,0,
3148,4,66,fog-75,1,fog,4600.0,0.0000,0.0000,17,100.850,0.0000,0,0.9138,,0.850,0,
3149,4,66,fog-75,1,fog,4700.0,0.0000,0.0000,35,101.300,0.5242,0,0.9119,,0.850,0,
3150,4,66,fog-75,1,fog,4800.0,0.0000,0.0000,17,100.850,0.0000,0,0.9100,,0.850,0,
3151,4,66,fog-75,1,fog,4900.0,0.0000,0.0000,17,100.850,0.0000,0,0.9081,,0.850,0,
3152,4,66,fog-75,1,fog,5000.0,0.0000,0.0000,17,100.850,0.0000,0,0.9063,,0.850,0,
3153,4,67,fog-76,1,fog,0.0,0.0000,0.0000,0,100.000,,0,1.0000,,0.850,0,
3154,4,67,fog-76,1,fog,100.0,0.0000,0.0000,0,100.000,,0,0.9981,,0.850,0,
3155,4,67,fog-76,1,fog,200.0,0.0000,0.0000,0,100.000,,0,0.9963,,0.850,0,
3156,4,67,fog-76,1,fog,300.0,0.0000,0.0000,4,100.200,0.0000,0,0.9944,,0.850,0,
3157,4,67,fog-76,1,fog,400.0,0.0000,0.0000,17,100.850,0.0000,0,0.9925,,0.850,0,
3158,4,67,fog-76,1,fog,500.0,0.0000,0.0000,17,100.850,0.0000,0,0.9906,,0.850,0,
3159,4,67,fog-76,1,fog,600.0,0.0000,0.0000,17,100.850,0.0000,0,0.9888,,0.850,0,
3160,4,67,fog-76,1,fog,700.0,0.0000,0.0000,17,100.850,0.0000,0,0.9869,,0.850,0,
3161,4,67,fog-76,1,fog,800.0,0.0000,0.0000,17,100.850,0.0000,0,0.9850,,0.850,0,
3162,4,67,fog-76,1,fog,900.0,0.0000,0.0000,17,100.850,0.0000,0,0.9831,,0.850,0,
3163,4,67,fog-76,1,fog,1000.0,0.0000,0.0000,17,100.850,0.0000,0,0.9813,,0.850,0,
3164,4,67,fog-76,1,fog,1100.0,0.0000,0.0000,17,100.850,0.0000,0,0.9794,,0.850,0,
3165,4,67,fog-76,1,fog,1200.0,0.0000,0.0000,17,100.850,0.0000,0,0.9775,,0.850,0,
3166,4,67,fog-76,1,fog,1300.0,0.0000,0.0000,17,100.850,0.0000,0,0.9756,,0.850,0,
3167,4,67,fog-76,1,fog,1400.0,0.0000,0.0000,17,100.850,0.0000,0,0.9738,,0.850,0,
3168,4,67,fog-76,1,fog,1500.0,0.0000,0.0000,17,100.850,0.0000,0,0.9719,,0.850,0,
3169,4,67,fog-76,1,fog,1600.0,0.0000,0.0000,17,100.850,0.0000,0,0.9700,,0.850,0,
3170,4,67,fog-76,1,fog,1700.0,0.0000,0.0000,17,100.850,0.0000,0,0.9681,,0.850,0,
3171,4,67,fog-76,1,fog,1800.0,0.0000,0.0000,17,100.850,0.0000,0,0.9663,,0.850,0,
3172,4,67,fog-76,1,fog,1900.0,0.0000,0.0000,17,100.850,0.0000,0,0.9644,,0.850,0,
3173,4,67,fog-76,1,fog,2000.0,0.0000,0.0000,17,100.850,0.0000,0,0.9625,,0.850,0,
3174,4,67,fog-76,1,fog,2100.0,0.0000,0.0000,17,100.850,0.0000,0,0.9606,,0.850,0,
3175,4,67,fog-76,1,fog,2200.0,0.0000,0.0000,16,100.800,0.0000,0,0.9588,,0.850,0,
3176,4,67,fog-76,1,fog,2300.0,0.0000,0.0000,17,100.850,0.0000,0,0.9569,,0.850,0,
3177,4,67,fog-76,1,fog,2400.0,0.0000,0.0000,17,100.850,0.0000,0,0.9550,,0.850,0,
3178,4,67,fog-76,1,fog,2500.0,0.0000,0.0000,17,100.850,0.0000,0,0.9531,,0.850,0,
3179,4,67,fog-76,1,fog,2600.0,0.0000,0.0000,17,100.850,0.0000,0,0.9513,,0.850,0,
3180,4,67,fog-76,1,fog,2700.0,0.0000,0.0000,17,100.850,0.0000,0,0.9494,,0.850,0,
3181,4,67,fog-76,1,fog,2800.0,0.0000,0.0000,17,100.850,0.0000,0,0.9475,,0.850,0,
3182,4,67,fog-76,1,fog,2900.0,0.0000,0.0000,17,100.850,0.0000,0,0.9456,,0.850,0,
3183,4,67,fog-76,1,fog,3000.0,0.0000,0.0000,17,100.850,0.0000,0,0.9438,,0.850,0,
3184,4,67,fog-76,1,fog,3100.0,0.0000,0.0000,17,100.850,0.0000,0,0.9419,,0.850,0,
3185,4,67,fog-76,1,fog,3200.0,0.0000,0.0000,17,100.850,0.0000,0,0.9400,,0.850,0,
3186,4,67,fog-76,1,fog,3300.0,0.0000,0.0000,17,100.850,0.0000,0,0.9381,,0.850,0,
3187,4,67,fog-76,1,fog,3400.0,0.0000,0.0000,17,100.850,0.0000,0,0.9363,,0.850,0,
3188,4,67,fog-76,1,fog,3500.0,0.0000,0.0000,17,100.850,0.0000,0,0.9344,,0.850,0,
3189,4,67,fog-76,1,fog,3600.0,0.0000,0.0000,17,100.850,0.0000,0,0.9325,,0.850,0,
3190,4,67,fog-76,1,fog,3700.0,0.0000,0.0000,17,100.850,0.0000,0,0.9306,,0.850,0,
3191,4,67,fog-76,1,fog,3800.0,0.0000,0.0000,17,100.850,0.0000,0,0.9288,,0.850,0,
3192,4,67,fog-76,1,fog,3900.0,0.0000,0.0000,17,100.850,0.0000,0,0.9269,,0.850,0,
3193,4,67,fog-76,1,fog,4000.0,0.0000,0.0000,17,100.850,0.0000,0,0.9250,,0.850,0,
3194,4,67,fog-76,1,fog,4100.0,0.0000,0.0000,16,100.800,0.0000,0,0.9231,,0.850,0,
3195,4,67,fog-76,1,fog,4200.0,0.0000,0.0000,17,100.850,0.0000,0,0.9213,,0.850,0,
3196,4,67,fog-76,1,fog,4300.0,0.0000,0.0000,17,100.850,0.0000,0,0.9194,,0.850,0,
3197,4,67,fog-76,1,fog,4400.0,0.0000,0.0000,17,100.850,0.0000,0,0.9175,,0.850,0,
3198,4,67,fog-76,1,fog,4500.0,0.0000,0.0000,17,100.850,0.0000,0,0.9156,,0.850,0,
3199,4,67,fog-76,1,fog,4600.0,0.0000,0.0000,17,100.850,0.0000,0,0.9138,,0.850,0,
3200,4,67,fog-76,1,fog,4700.0,0.0000,0.0000,17,100.850,0.0000,0,0.9119,,0.850,0,
3201,4,67,fog-76,1,fog,4800.0,0.0000,0.0000,17,100.850,0.0000,0,0.9100,,0.850,0,
3202,4,67,fog-76,1,fog,4900.0,0.0000,0.0000,17,100.850,0.0000,0,0.9081,,0.850,0,
3203,4,67,fog-76,1,fog,5000.0,0.0000,0.0000,17,100.850,0.0000,0,0.9063,,0.850,0,
3204,4,68,fog-77,1,fog,0.0,0.0000,0.0000,0,100.000,,0,1.0000,,0.850,0,
3205,4,68,fog-77,1,fog,100.0,0.0000,0.0000,0,100.000,,0,0.9981,,0.850,0,
3206,4,68,fog-77,1,fog,200.0,0.0000,0.0000,0,100.000,,0,0.9963,,0.850,0,
3207,4,68,fog-77,1,fog,300.0,0.0000,0.0000,4,100.200,0.0000,0,0.9944,,0.850,0,
3208,4,68,fog-77,1,fog,400.0,0.0000,0.0000,17,100.850,0.0000,0,0.9925,,0.850,0,
3209,4,68,fog-77,1,fog,500.0,0.0000,0.0000,17,100.850,0.0000,0,0.9906,,0.850,0,
3210,4,68,fog-77,1,fog,600.0,0.0000,0.0000,17,100.850,0.0000,0,0.9888,,0.850,0,
3211,4,68,fog-77,1,fog,700.0,0.0000,0.0000,17,100.850,0.0000,0,0.9869,,0.850,0,
3212,4,68,fog-77,1,fog,800.0,0.0000,0.0000,17,100.850,0.0000,0,0.9850,,0.850,0,
3213,4,68,fog-77,1,fog,900.0,0.0000,0.0000,17,100.850,0.0000,0,0.9831,,0.850,0,
3214,4,68,fog-77,1,fog,1000.0,0.0000,0.0000,17,100.850,0.0000,0,0.9813,,0.850,0,
3215,4,68,fog-77,1,fog,1100.0,0.0000,0.0000,17,100.850,0.0000,0,0.9794,,0.850,0,
3216,4,68,fog-77,1,fog,1200.0,0.0000,0.0000,17,100.850,0.0000,0,0.9775,,0.850,0,
3217,4,68,fog-77,1,fog,1300.0,0.0000,0.0000,17,100.850,0.0000,0,0.9756,,0.850,0,
3218,4,68,fog-77,1,fog,1400.0,0.0000,0.0000,17,100.850,0.0000,0,0.9738,,0.850,0,
3219,4,68,fog-77,1,fog,1500.0,0.0000,0.0000,17,100.850,0.0000,0,0.9719,,0.850,0,
3220,4,68,fog-77,1,fog,1600.0,0.0000,0.0000,17,100.850,0.0000,0,0.9700,,0.850,0,
3221,4,68,fog-77,1,fog,1700.0,0.0000,0.0000,17,100.850,0.0000,0,0.9681,,0.850,0,
3222,4,68,fog-77,1,fog,1800.0,0.0000,0.0000,17,100.850,0.0000,0,0.9663,,0.850,0,
3223,4,68,fog-77,1,fog,1900.0,0.0000,0.0000,17,100.850,0.0000,0,0.9644,,0.850,0,
3224,4,68,fog-77,1,fog,2000.0,0.0000,0.0000,17,100.850,0.0000,0,0.9625,,0.850,0,
3225,4,68,fog-77,1,fog,2100.0,0.0000,0.0000,17,100.850,0.0000,0,0.9606,,0.850,0,
3226,4,68,fog-77,1,fog,2200.0,0.0000,0.0000,16,100.800,0.0000,0,0.9588,,0.850,0,
3227,4,68,fog-77,1,fog,2300.0,0.0000,0.0000,17,100.850,0.0000,0,0.9569,,0.850,0,
3228,4,68,fog-77,1,fog,2400.0,0.0000,0.0000,17,100.850,0.0000,0,0.9550,,0.850,0,
3229,4,68,fog-77,1,fog,2500.0,0.0000,0.0000,17,100.850,0.0000,0,0.9531,,0.850,0,
3230,4,68,fog-77,1,fog,2600.0,0.0000,0.0000,17,100.850,0.0000,0,0.9513,,0.850,0,
3231,4,68,fog-77,1,fog,2700.0,0.0000,0.0000,17,100.850,0.0000,0,0.9494,,0.850,0,
3232,4,68,fog-77,1,fog,2800.0,0.0000,0.0000,17,100.850,0.0000,0,0.9475,,0.850,0,
3233,4,68,fog-77,1,fog,2900.0,0.0000,0.0000,17,100.850,0.0000,0,0.9456,,0.850,0,
3234,4,68,fog-77,1,fog,3000.0,0.0000,0.0000,17,100.850,0.0000,0,0.9438,,0.850,0,
3235,4,68,fog-77,1,fog,3100.0,0.0000,0.0000,17,100.850,0.0000,0,0.9419,,0.850,0,
3236,4,68,fog-77,1,fog,3200.0,0.0000,0.0000,17,100.850,0.0000,0,0.9400,,0.850,0,
3237,4,68,fog-77,1,fog,3300.0,0.0000,0.0000,17,100.850,0.0000,0,0.9381,,0.850,0,
3238,4,68,fog-77,1,fog,3400.0,0.0000,0.0000,17,100.850,0.0000,0,0.9363,,0.850,0,
3239,4,68,fog-77,1,fog,3500.0,0.0000,0.0000,17,100.850,0.0000,0,0.9344,,0.850,0,
3240,4,68,fog-77,1,fog,3600.0,0.0000,0.0000,17,100.850,0.0000,0,0.9325,,0.850,0,
3241,4,68,fog-77,1,fog,3700.0,0.0000,0.0000,17,100.850,0.0000,0,0.9306,,0.850,0,
3242,4,68,fog-77,1,fog,3800.0,0.0000,0.0000,17,100.850,0.0000,0,0.9288,,0.850,0,
3243,4,68,fog-77,1,fog,3900.0,0.0000,0.0000,17,100.850,0.0000,0,0.9269,,0.850,0,
3244,4,68,fog-77,1,fog,4000.0,0.0000,0.0000,17,100.850,0.0000,0,0.9250,,0.850,0,
3245,4,68,fog-77,1,fog,4100.0,0.0000,0.0000,16,100.800,0.0000,0,0.9231,,0.850,0,
3246,4,68,fog-77,1,fog,4200.0,0.0000,0.0000,17,100.850,0.0000,0,0.9213,,0.850,0,
3247,4,68,fog-77,1,fog,4300.0,0.0000,0.0000,17,100.850,0.0000,0,0.9194,,0.850,0,
3248,4,68,fog-77,1,fog,4400.0,0.0000,0.0000,17,100.850,0.0000,0,0.9175,,0.850,0,
3249,4,68,fog-77,1,fog,4500.0,0.0000,0.0000,17,100.850,0.0000,0,0.9156,,0.850,0,
3250,4,68,fog-77,1,fog,4600.0,0.0000,0.0000,17,100.850,0.0000,0,0.9138,,0.850,0,
3251,4,68,fog-77,1,fog,4700.0,0.0000,0.0000,17,100.850,0.0000,0,0.9119,,0.850,0,
3252,4,68,fog-77,1,fog,4800.0,0.0000,0.0000,17,100.850,0.0000,0,0.9100,,0.850,0,
3253,4,68,fog-77,1,fog,4900.0,0.0000,0.0000,17,100.850,0.0000,0,0.9081,,0.850,0,
3254,4,68,fog-77,1,fog,5000.0,0.0000,0.0000,17,100.850,0.0000,0,0.9063,,0.850,0,
3255,4,69,fog-78,1,fog,0.0,0.0000,0.0000,0,100.000,,0,1.0000,,0.850,0,
3256,4,69,fog-78,1,fog,100.0,0.0000,0.0000,0,100.000,,0,0.9981,,0.850,0,
3257,4,69,fog-78,1,fog,200.0,0.0000,0.0000,0,100.000,,0,0.9963,,0.850,0,
3258,4,69,fog-78,1,fog,300.0,0.0000,0.0000,4,100.200,0.0000,0,0.9944,,0.850,0,
3259,4,69,fog-78,1,fog,400.0,0.0000,0.0000,17,100.850,0.0000,0,0.9925,,0.850,0,
3260,4,69,fog-78,1,fog,500.0,0.0000,0.0000,17,100.850,0.0000,0,0.9906,,0.850,0,
3261,4,69,fog-78,1,fog,600.0,0.0000,0.0000,17,100.850,0.0000,0,0.9888,,0.850,0,
3262,4,69,fog-78,1,fog,700.0,0.0000,0.0000,17,100.850,0.0000,0,0.9869,,0.850,0,
3263,4,69,fog-78,1,fog,800.0,0.0000,0.0000,17,100.850,0.0000,0,0.9850,,0.850,0,
3264,4,69,fog-78,1,fog,900.0,0.0000,0.0000,17,100.850,0.0000,0,0.9831,,0.850,0,
3265,4,69,fog-78,1,fog,1000.0,0.0000,0.0000,17,100.850,0.0000,0,0.9813,,0.850,0,
3266,4,69,fog-78,1,fog,1100.0,0.0000,0.0000,17,100.850,0.0000,0,0.9794,,0.850,0,
3267,4,69,fog-78,1,fog,1200.0,0.0000,0.0000,17,100.850,0.0000,0,0.9775,,0.850,0,
3268,4,69,fog-78,1,fog,1300.0,0.0000,0.0000,17,100.850,0.0000,0,0.9756,,0.850,0,
3269,4,69,fog-78,1,fog,1400.0,0.0000,0.0000,17,100.850,0.0000,0,0.9738,,0.850,0,
3270,4,69,fog-78,1,fog,1500.0,0.0000,0.0000,17,100.850,0.0000,0,0.9719,,0.850,0,
3271,4,69,fog-78,1,fog,1600.0,0.0000,0.0000,17,100.850,0.0000,0,0.9700,,0.850,0,
3272,4,69,fog-78,1,fog,1700.0,0.0000,0.0000,17,100.850,0.0000,0,0.9681,,0.850,0,
3273,4,69,fog-78,1,fog,1800.0,0.0000,0.0000,17,100.850,0.0000,0,0.9663,,0.850,0,
3274,4,69,fog-78,1,fog,1900.0,0.0000,0.0000,17,100.850,0.0000,0,0.9644,,0.850,0,
3275,4,69,fog-78,1,fog,2000.0,0.0000,0.0000,17,100.850,0.0000,0,0.9625,,0.850,0,
3276,4,69,fog-78,1,fog,2100.0,0.0000,0.0000,16,100.800,0.0000,0,0.9606,,0.850,0,
3277,4,69,fog-78,1,fog,2200.0,0.0000,0.0000,17,100.850,0.0000,0,0.9588,,0.850,0,
3278,4,69,fog-78,1,fog,2300.0,0.0000,0.0000,17,100.850,0.0000,0,0.9569,,0.850,0,
3279,4,69,fog-78,1,fog,2400.0,0.0000,0.0000,17,100.850,0.0000,0,0.9550,,0.850,0,
3280,4,69,fog-78,1,fog,2500.0,0.0000,0.0000,17,100.850,0.0000,0,0.9531,,0.850,0,
3281,4,69,fog-78,1,fog,2600.0,0.0000,0.0000,17,100.850,0.0000,0,0.9513,,0.850,0,
3282,4,69,fog-78,1,fog,2700.0,0.0000,0.0000,17,100.850,0.0000,0,0.9494,,0.850,0,
3283,4,69,fog-78,1,fog,2800.0,0.0000,0.0000,17,100.850,0.0000,0,0.9475,,0.850,0,
3284,4,69,fog-78,1,fog,2900.0,0.0000,0.0000,17,100.850,0.0000,0,0.9456,,0.850,0,
3285,4,69,fog-78,1,fog,3000.0,0.0000,0.0000,17,100.850,0.0000,0,0.9438,,0.850,0,
3286,4,69,fog-78,1,fog,3100.0,0.0000,0.0000,17,100.850,0.0000,0,0.9419,,0.850,0,
3287,4,69,fog-78,1,fog,3200.0,0.0000,0.0000,17,100.850,0.0000,0,0.9400,,0.850,0,
3288,4,69,fog-78,1,fog,3300.0,0.0000,0.0000,17,100.850,0.0000,0,0.9381,,0.850,0,
3289,4,69,fog-78,1,fog,3400.0,0.0000,0.0000,17,100.850,0.0000,0,0.9363,,0.850,0,
3290,4,69,fog-78,1,fog,3500.0,0.0000,0.0000,17,100.850,0.0000,0,0.9344,,0.850,0,
3291,4,69,fog-78,1,fog,3600.0,0.0000,0.0000,17,100.850,0.0000,0,0.9325,,0.850,0,
3292,4,69,fog-78,1,fog,3700.0,0.0000,0.0000,17,100.850,0.0000,0,0.9306,,0.850,0,
3293,4,69,fog-78,1,fog,3800.0,0.0000,0.0000,17,100.850,0.0000,0,0.9288,,0.850,0,
3294,4,69,fog-78,1,fog,3900.0,0.0000,0.0000,17,100.850,0.0000,0,0.9269,,0.850,0,
3295,4,69,fog-78,1,fog,4000.0,0.0000,0.0000,17,100.850,0.0000,0,0.9250,,0.850,0,
3296,4,69,fog-78,1,fog,4100.0,0.0000,0.0000,16,100.800,0.0000,0,0.9231,,0.850,0,
3297,4,69,fog-78,1,fog,4200.0,0.0000,0.0000,17,100.850,0.0000,0,0.9213,,0.850,0,
3298,4,69,fog-78,1,fog,4300.0,0.0000,0.0000,17,100.850,0.0000,0,0.9194,,0.850,0,
3299,4,69,fog-78,1,fog,4400.0,0.0000,0.0000,17,100.850,0.0000,0,0.9175,,0.850,0,
3300,4,69,fog-78,1,fog,4500.0,0.0000,0.0000,17,100.850,0.0000,0,0.9156,,0.850,0,
3301,4,69,fog-78,1,fog,4600.0,0.0000,0.0000,17,100.850,0.0000,0,0.9138,,0.850,0,
3302,4,69,fog-78,1,fog,4700.0,0.0000,0.0000,17,100.850,0.0000,0,0.9119,,0.850,0,
3303,4,69,fog-78,1,fog,4800.0,0.0000,0.0000,17,100.850,0.0000,0,0.9100,,0.850,0,
3304,4,69,fog-78,1,fog,4900.0,0.0000,0.0000,17,100.850,0.0000,0,0.9081,,0.850,0,
3305,4,69,fog-78,1,fog,5000.0,0.0000,0.0000,17,100.850,0.0000,0,0.9063,,0.850,0,
3306,4,70,fog-79,1,fog,0.0,0.0000,0.0000,0,100.000,,0,1.0000,,0.850,0,2031.8
3307,4,70,fog-79,1,fog,100.0,0.0000,0.0000,0,100.000,,0,0.9981,,0.850,0,2031.8
3308,4,70,fog-79,1,fog,200.0,0.0000,0.0000,0,100.000,,0,0.9963,,0.850,0,2031.8
3309,4,70,fog-79,1,fog,300.0,0.0000,0.0000,4,100.200,0.0000,0,0.9944,,0.850,0,2031.8
3310,4,70,fog-79,1,fog,400.0,0.0000,0.0000,17,100.850,0.0000,0,0.9925,,0.850,0,2031.8
3311,4,70,fog-79,1,fog,500.0,0.0000,0.0000,17,100.850,0.0000,0,0.9906,,0.850,0,2031.8
3312,4,70,fog-79,1,fog,600.0,0.0000,0.0000,17,100.850,0.0000,0,0.9888,,0.850,0,2031.8
3313,4,70,fog-79,1,fog,700.0,0.0000,0.0000,17,100.850,0.0000,0,0.9869,,0.850,0,2031.8
3314,4,70,fog-79,1,fog,800.0,0.0000,0.0000,17,100.850,0.0000,0,0.9850,,0.850,0,2031.8
3315,4,70,fog-79,1,fog,900.0,0.0000,0.0000,17,100.850,0.0000,0,0.9831,,0.850,0,2031.8
3316,4,70,fog-79,1,fog,1000.0,0.0000,0.0000,17,100.850,0.0000,0,0.9813,,0.850,0,2031.8
3317,4,70,fog-79,1,fog,1100.0,0.0000,0.0000,17,100.850,0.0000,0,0.9794,,0.850,0,2031.8
3318,4,70,fog-79,1,fog,1200.0,0.0000,0.0000,17,100.850,0.0000,0,0.9775,,0.850,0,2031.8
3319,4,70,fog-79,1,fog,1300.0,0.0000,0.0000,17,100.850,0.0000,0,0.9756,,0.850,0,2031.8
3320,4,70,fog-79,1,fog,1400.0,0.0000,0.0000,17,100.850,0.0000,0,0.9738,,0.850,0,2031.8
3321,4,70,fog-79,1,fog,1500.0,0.0000,0.0000,17,100.850,0.0000,0,0.9719,,0.850,0,2031.8
3322,4,70,fog-79,1,fog,1600.0,0.0000,0.0000,17,100.850,0.0000,0,0.9700,,0.850,0,2031.8
3323,4,70,fog-79,1,fog,1700.0,0.0000,0.0000,17,100.850,0.0000,0,0.9681,,0.850,0,2031.8
3324,4,70,fog-79,1,fog,1800.0,0.0000,0.0000,17,100.850,0.0000,0,0.9663,,0.850,0,2031.8
3325,4,70,fog-79,1,fog,1900.0,0.0000,0.0000,17,100.850,0.0000,0,0.9644,,0.850,1,2031.8
3326,4,70,fog-79,1,fog,2000.0,0.0000,0.0000,17,100.850,0.0000,0,0.9625,,0.850,1,2031.8
3327,4,71,fog-80,1,fog,0.0,0.0000,0.0000,0,100.000,,0,1.0000,,0.850,0,
3328,4,71,fog-80,1,fog,100.0,0.0000,0.0000,0,100.000,,0,0.9981,,0.850,0,
3329,4,71,fog-80,1,fog,200.0,0.0000,0.0000,0,100.000,,0,0.9963,,0.850,0,
3330,4,71,fog-80,1,fog,300.0,0.0000,0.0000,4,100.200,0.0000,0,0.9944,,0.850,0,
3331,4,71,fog-80,1,fog,400.0,0.0000,0.0000,17,100.850,0.0000,0,0.9925,,0.850,0,
3332,4,71,fog-80,1,fog,500.0,0.0000,0.0000,17,100.850,0.0000,0,0.9906,,0.850,0,
3333,4,71,fog-80,1,fog,600.0,0.0000,0.0000,17,100.850,0.0000,0,0.9888,,0.850,0,
3334,4,71,fog-80,1,fog,700.0,0.0000,0.0000,17,100.850,0.0000,0,0.9869,,0.850,0,
3335,4,71,fog-80,1,fog,800.0,0.0000,0.0000,17,100.850,0.0000,0,0.9850,,0.850,0,
3336,4,71,fog-80,1,fog,900.0,0.0000,0.0000,17,100.850,0.0000,0,0.9831,,0.850,0,
3337,4,71,fog-80,1,fog,1000.0,0.0000,0.0000,17,100.850,0.0000,0,0.9813,,0.850,0,
3338,4,71,fog-80,1,fog,1100.0,0.0000,0.0000,17,100.850,0.0000,0,0.9794,,0.850,0,
3339,4,71,fog-80,1,fog,1200.0,0.0000,0.0000,17,100.850,0.0000,0,0.9775,,0.850,0,
3340,4,71,fog-80,1,fog,1300.0,0.0000,0.0000,17,100.850,0.0000,0,0.9756,,0.850,0,
3341,4,71,fog-80,1,fog,1400.0,0.0000,0.0000,17,100.850,0.0000,0,0.9738,,0.850,0,
3342,4,71,fog-80,1,fog,1500.0,0.0000,0.0000,17,100.850,0.0000,0,0.9719,,0.850,0,
3343,4,71,fog-80,1,fog,1600.0,0.0000,0.0000,17,100.850,0.0000,0,0.9700,,0.850,0,
3344,4,71,fog-80,1,fog,1700.0,0.0000,0.0000,17,100.850,0.0000,0,0.9681,,0.850,0,
3345,4,71,fog-80,1,fog,1800.0,0.0000,0.0000,17,100.850,0.0000,0,0.9663,,0.850,0,
3346,4,71,fog-80,1,fog,1900.0,0.0000,0.0000,17,100.850,0.0000,0,0.9644,,0.850,0,
3347,4,71,fog-80,1,fog,2000.0,0.0000,0.0000,17,100.850,0.0000,0,0.9625,,0.850,0,
3348,4,71,fog-80,1,fog,2100.0,0.0000,0.0000,16,100.800,0.0000,0,0.9606,,0.850,0,
3349,4,71,fog-80,1,fog,2200.0,0.0000,0.0000,17,100.850,0.0000,0,0.9588,,0.850,0,
3350,4,71,fog-80,1,fog,2300.0,0.0000,0.0000,17,100.850,0.0000,0,0.9569,,0.850,0,
3351,4,71,fog-80,1,fog,2400.0,0.0000,0.0000,17,100.850,0.0000,0,0.9550,,0.850,0,
3352,4,71,fog-80,1,fog,2500.0,0.0000,0.0000,17,100.850,0.0000,0,0.9531,,0.850,0,
3353,4,71,fog-80,1,fog,2600.0,0.0000,0.0000,17,100.850,0.0000,0,0.9513,,0.850,0,
3354,4,71,fog-80,1,fog,2700.0,0.0000,0.0000,17,100.850,0.0000,0,0.9494,,0.850,0,
3355,4,71,fog-80,1,fog,2800.0,0.0000,0.0000,17,100.850,0.0000,0,0.9475,,0.850,0,
3356,4,71,fog-80,1,fog,2900.0,0.0000,0.0000,17,100.850,0.0000,0,0.9456,,0.850,0,
3357,4,71,fog-80,1,fog,3000.0,0.0000,0.0000,17,100.850,0.0000,0,0.9438,,0.850,0,
3358,4,71,fog-80,1,fog,3100.0,0.0000,0.0000,17,100.850,0.0000,0,0.9419,,0.850,0,
3359,4,71,fog-80,1,fog,3200.0,0.0000,0.0000,17,100.850,0.0000,0,0.9400,,0.850,0,
3360,4,71,fog-80,1,fog,3300.0,0.0000,0.0000,17,100.850,0.0000,0,0.9381,,0.850,0,
3361,4,71,fog-80,1,fog,3400.0,0.0000,0.0000,17,100.850,0.0000,0,0.9363,,0.850,0,
3362,4,71,fog-80,1,fog,3500.0,0.0000,0.0000,17,100.850,0.0000,0,0.9344,,0.850,0,
3363,4,71,fog-80,1,fog,3600.0,0.0000,0.0000,17,100.850,0.0000,0,0.9325,,0.850,0,
3364,4,71,fog-80,1,fog,3700.0,0.0000,0.0000,17,100.850,0.0000,0,0.9306,,0.850,0,
3365,4,71,fog-80,1,fog,3800.0,0.0000,0.0000,17,100.850,0.0000,0,0.9288,,0.850,0,
3366,4,71,fog-80,1,fog,3900.0,0.0000,0.0000,17,100.850,0.0000,0,0.9269,,0.850,0,
3367,4,71,fog-80,1,fog,4000.0,0.0000,0.0000,17,100.850,0.0000,0,0.9250,,0.850,0,
3368,4,71,fog-80,1,fog,4100.0,0.0000,0.0000,16,100.800,0.0000,0,0.9231,,0.850,0,
3369,4,71,fog-80,1,fog,4200.0,0.0000,0.0000,17,100.850,0.0000,0,0.9213,,0.850,0,
3370,4,71,fog-80,1,fog,4300.0,0.0000,0.0000,17,100.850,0.0000,0,0.9194,,0.850,0,
3371,4,71,fog-80,1,fog,4400.0,0.0000,0.0000,17,100.850,0.0000,0,0.9175,,0.850,0,
3372,4,71,fog-80,1,fog,4500.0,0.0000,0.0000,17,100.850,0.0000,0,0.9156,,0.850,0,
3373,4,71,fog-80,1,fog,4600.0,0.0000,0.0000,17,100.850,0.0000,0,0.9138,,0.850,0,
3374,4,71,fog-80,1,fog,4700.0,0.0000,0.0000,17,100.850,0.0000,0,0.9119,,0.850,0,
3375,4,71,fog-80,1,fog,4800.0,0.0000,0.0000,17,100.850,0.0000,0,0.9100,,0.850,0,
3376,4,71,fog-80,1,fog,4900.0,0.0000,0.0000,17,100.850,0.0000,0,0.9081,,0.850,0,
3377,4,71,fog-80,1,fog,5000.0,0.0000,0.0000,17,100.850,0.0000,0,0.9063,,0.850,0,
3378,4,72,fog-81,1,fog,0.0,0.0000,0.0000,0,100.000,,0,1.0000,,0.850,0,
3379,4,72,fog-81,1,fog,100.0,0.0000,0.0000,0,100.000,,0,0.9981,,0.850,0,
3380,4,72,fog-81,1,fog,200.0,0.0000,0.0000,0,100.000,,0,0.9963,,0.850,0,
3381,4,72,fog-81,1,fog,300.0,0.0000,0.0000,4,100.200,0.0000,0,0.9944,,0.850,0,
3382,4,72,fog-81,1,fog,400.0,0.0000,0.0000,17,100.850,0.0000,0,0.9925,,0.850,0,
3383,4,72,fog-81,1,fog,500.0,0.0000,0.0000,17,100.850,0.0000,0,0.9906,,0.850,0,
3384,4,72,fog-81,1,fog,600.0,0.0000,0.0000,17,100.850,0.0000,0,0.9888,,0.850,0,
3385,4,72,fog-81,1,fog,700.0,0.0000,0.0000,17,100.850,0.0000,0,0.9869,,0.850,0,
3386,4,72,fog-81,1,fog,800.0,0.0000,0.0000,17,100.850,0.0000,0,0.9850,,0.850,0,
3387,4,72,fog-81,1,fog,900.0,0.0000,0.0000,17,100.850,0.0000,0,0.9831,,0.850,0,
3388,4,72,fog-81,1,fog,1000.0,0.0000,0.0000,17,100.850,0.0000,0,0.9813,,0.850,0,
3389,4,72,fog-81,1,fog,1100.0,0.0000,0.0000,17,100.850,0.0000,0,0.9794,,0.850,0,
3390,4,72,fog-81,1,fog,1200.0,0.0000,0.0000,17,100.850,0.0000,0,0.9775,,0.850,0,
3391,4,72,fog-81,1,fog,1300.0,0.0000,0.0000,17,100.850,0.0000,0,0.9756,,0.850,0,
3392,4,72,fog-81,1,fog,1400.0,0.0000,0.0000,17,100.850,0.0000,0,0.9738,,0.850,0,
3393,4,72,fog-81,1,fog,1500.0,0.0000,0.0000,17,100.850,0.0000,0,0.9719,,0.850,0,
3394,4,72,fog-81,1,fog,1600.0,0.0000,0.0000,17,100.850,0.0000,0,0.9700,,0.850,0,
3395,4,72,fog-81,1,fog,1700.0,0.0000,0.0000,17,100.850,0.0000,0,0.9681,,0.850,0,
3396,4,72,fog-81,1,fog,1800.0,0.0000,0.0000,17,100.850,0.0000,0,0.9663,,0.850,0,
3397,4,72,fog-81,1,fog,1900.0,0.0000,0.0000,17,100.850,0.0000,0,0.9644,,0.850,0,
3398,4,72,fog-81,1,fog,2000.0,0.0000,0.0000,17,100.850,0.0000,0,0.9625,,0.850,0,
3399,4,72,fog-81,1,fog,2100.0,0.0000,0.0000,16,100.800,0.0000,0,0.9606,,0.850,0,
3400,4,72,fog-81,1,fog,2200.0,0.0000,0.0000,17,100.850,0.0000,0,0.9588,,0.850,0,
3401,4,72,fog-81,1,fog,2300.0,0.0000,0.0000,17,100.850,0.0000,0,0.9569,,0.850,0,
3402,4,72,fog-81,1,fog,2400.0,0.0000,0.0000,17,100.850,0.0000,0,0.9550,,0.850,0,
3403,4,72,fog-81,1,fog,2500.0,0.0000,0.0000,17,100.850,0.0000,0,0.9531,,0.850,0,
3404,4,72,fog-81,1,fog,2600.0,0.0000,0.0000,17,100.850,0.0000,0,0.9513,,0.850,0,
3405,4,72,fog-81,1,fog,2700.0,0.0000,0.0000,17,100.850,0.0000,0,0.9494,,0.850,0,
3406,4,72,fog-81,1,fog,2800.0,0.0000,0.0000,17,100.850,0.0000,0,0.9475,,0.850,0,
3407,4,72,fog-81,1,fog,2900.0,0.0000,0.0000,17,100.850,0.0000,0,0.9456,,0.850,0,
3408,4,72,fog-81,1,fog,3000.0,0.0000,0.0000,17,100.850,0.0000,0,0.9438,,0.850,0,
3409,4,72,fog-81,1,fog,3100.0,0.0000,0.0000,17,100.850,0.0000,0,0.9419,,0.850,0,
3410,4,72,fog-81,1,fog,3200.0,0.0000,0.0000,17,100.850,0.0000,0,0.9400,,0.850,0,
3411,4,72,fog-81,1,fog,3300.0,0.0000,0.0000,17,100.850,0.0000,0,0.9381,,0.850,0,
3412,4,72,fog-81,1,fog,3400.0,0.0000,0.0000,17,100.850,0.0000,0,0.9363,,0.850,0,
3413,4,72,fog-81,1,fog,3500.0,0.0000,0.0000,17,100.850,0.0000,0,0.9344,,0.850,0,
3414,4,72,fog-81,1,fog,3600.0,0.0000,0.0000,17,100.850,0.0000,0,0.9325,,0.850,0,
3415,4,72,fog-81,1,fog,3700.0,0.0000,0.0000,17,100.850,0.0000,0,0.9306,,0.850,0,
3416,4,72,fog-81,1,fog,3800.0,0.0000,0.0000,17,100.850,0.0000,0,0.9288,,0.850,0,
3417,4,72,fog-81,1,fog,3900.0,0.0000,0.0000,17,100.850,0.0000,0,0.9269,,0.850,0,
3418,4,72,fog-81,1,fog,4000.0,0.0000,0.0000,17,100.850,0.0000,0,0.9250,,0.850,0,
3419,4,72,fog-81,1,fog,4100.0,0.0000,0.0000,16,100.800,0.0000,0,0.9231,,0.850,0,
3420,4,72,fog-81,1,fog,4200.0,0.0000,0.0000,17,100.850,0.0000,0,0.9213,,0.850,0,
3421,4,72,fog-81,1,fog,4300.0,0.0000,0.0000,17,100.850,0.0000,0,0.9194,,0.850,0,
3422,4,72,fog-81,1,fog,4400.0,0.0000,0.0000,17,100.850,0.0000,0,0.9175,,0.850,0,
3423,4,72,fog-81,1,fog,4500.0,0.0000,0.0000,17,100.850,0.0000,0,0.9156,,0.850,0,
3424,4,72,fog-81,1,fog,4600.0,0.0000,0.0000,17,100.850,0.0000,0,0.9138,,0.850,0,
3425,4,72,fog-81,1,fog,4700.0,0.0000,0.0000,17,100.850,0.0000,0,0.9119,,0.850,0,
3426,4,72,fog-81,1,fog,4800.0,0.0000,0.0000,17,100.850,0.0000,0,0.9100,,0.850,0,
3427,4,72,fog-81,1,fog,4900.0,0.0000,0.0000,17,100.850,0.0000,0,0.9081,,0.850,0,
3428,4,72,fog-81,1,fog,5000.0,0.0000,0.0000,17,100.850,0.0000,0,0.9063,,0.850,0,
3429,4,73,fog-82,1,fog,0.0,0.0000,0.0000,0,100.000,,0,1.0000,,0.850,0,
3430,4,73,fog-82,1,fog,100.0,0.0000,0.0000,0,100.000,,0,0.9981,,0.850,0,
3431,4,73,fog-82,1,fog,200.0,0.0000,0.0000,10,100.400,0.3514,0,0.9963,,0.850,0,
3432,4,73,fog-82,1,fog,300.0,0.0000,0.0000,4,100.200,0.0000,0,0.9944,,0.850,0,
3433,4,73,fog-82,1,fog,400.0,0.0000,0.0000,38,101.350,0.5360,0,0.9925,,0.850,0,
3434,4,73,fog-82,1,fog,500.0,0.0000,0.0000,17,100.850,0.0000,0,0.9906,,0.850,0,
3435,4,73,fog-82,1,fog,600.0,0.0000,0.0000,17,100.850,0.0000,0,0.9888,,0.850,0,
3436,4,73,fog-82,1,fog,700.0,0.0000,0.0000,17,100.850,0.0000,0,0.9869,,0.850,0,
3437,4,73,fog-82,1,fog,800.0,0.0000,0.0000,17,100.850,0.0000,0,0.9850,,0.850,0,
3438,4,73,fog-82,1,fog,900.0,0.0000,0.0000,17,100.850,0.0000,0,0.9831,,0.850,0,
3439,4,73,fog-82,1,fog,1000.0,0.0000,0.0000,17,100.850,0.0000,0,0.9813,,0.850,0,
3440,4,73,fog-82,1,fog,1100.0,0.0000,0.0000,17,100.850,0.0000,0,0.9794,,0.850,0,
3441,4,73,fog-82,1,fog,1200.0,0.0000,0.0000,17,100.850,0.0000,0,0.9775,,0.850,0,
3442,4,73,fog-82,1,fog,1300.0,0.0000,0.0000,17,100.850,0.0000,0,0.9756,,0.850,0,
3443,4,73,fog-82,1,fog,1400.0,0.0000,0.0000,17,100.850,0.0000,0,0.9738,,0.850,0,
3444,4,73,fog-82,1,fog,1500.0,0.0000,0.0000,17,100.850,0.0000,0,0.9719,,0.850,0,
3445,4,73,fog-82,1,fog,1600.0,0.0000,0.0000,17,100.850,0.0000,0,0.9700,,0.850,0,
3446,4,73,fog-82,1,fog,1700.0,0.0000,0.0000,17,100.850,0.0000,0,0.9681,,0.850,0,
3447,4,73,fog-82,1,fog,1800.0,0.0000,0.0000,35,101.300,0.5063,0,0.9663,,0.850,0,
3448,4,73,fog-82,1,fog,1900.0,0.0000,0.0000,17,100.850,0.0000,0,0.9644,,0.850,0,
3449,4,73,fog-82,1,fog,2000.0,0.0000,0.0000,32,101.250,0.4886,0,0.9625,,0.850,0,
3450,4,73,fog-82,1,fog,2100.0,0.0000,0.0000,16,100.800,0.0000,0,0.9606,,0.850,0,
3451,4,73,fog-82,1,fog,2200.0,0.0000,0.0000,35,101.300,0.5219,0,0.9588,,0.850,0,
3452,4,73,fog-82,1,fog,2300.0,0.0000,0.0000,17,100.850,0.0000,0,0.9569,,0.850,0,
3453,4,73,fog-82,1,fog,2400.0,0.0000,0.0000,17,100.850,0.0000,0,0.9550,,0.850,0,
3454,4,73,fog-82,1,fog,2500.0,0.0000,0.0000,17,100.850,0.0000,0,0.9531,,0.850,0,
3455,4,73,fog-82,1,fog,2600.0,0.0000,0.0000,17,100.850,0.0000,0,0.9513,,0.850,0,
3456,4,73,fog-82,1,fog,2700.0,0.0000,0.0000,17,100.850,0.0000,0,0.9494,,0.850,0,
3457,4,73,fog-82,1,fog,2800.0,0.0000,0.0000,17,100.850,0.0000,0,0.9475,,0.850,0,
3458,4,73,fog-82,1,fog,2900.0,0.0000,0.0000,17,100.850,0.0000,0,0.9456,,0.850,0,
3459,4,73,fog-82,1,fog,3000.0,0.0000,0.0000,17,100.850,0.0000,0,0.9438,,0.850,0,
3460,4,73,fog-82,1,fog,3100.0,0.0000,0.0000,17,100.850,0.0000,0,0.9419,,0.850,0,
3461,4,73,fog-82,1,fog,3200.0,0.0000,0.0000,17,100.850,0.0000,0,0.9400,,0.850,0,
3462,4,73,fog-82,1,fog,3300.0,0.0000,0.0000,32,101.250,0.4801,0,0.9381,,0.850,0,
3463,4,73,fog-82,1,fog,3400.0,0.0000,0.0000,38,101.350,0.5345,0,0.9363,,0.850,0,
3464,4,73,fog-82,1,fog,3500.0,0.0000,0.0000,17,100.850,0.0000,0,0.9344,,0.850,0,
3465,4,73,fog-82,1,fog,3600.0,0.0000,0.0000,35,101.300,0.5179,0,0.9325,,0.850,0,
3466,4,73,fog-82,1,fog,3700.0,0.0000,0.0000,17,100.850,0.0000,0,0.9306,,0.850,0,
3467,4,73,fog-82,1,fog,3800.0,0.0000,0.0000,32,101.250,0.5059,0,0.9288,,0.850,0,
3468,4,73,fog-82,1,fog,3900.0,0.0000,0.0000,17,100.850,0.0000,0,0.9269,,0.850,0,
3469,4,73,fog-82,1,fog,4000.0,0.0000,0.0000,16,100.800,0.0000,0,0.9250,,0.850,0,
3470,4,73,fog-82,1,fog,4100.0,0.0000,0.0000,17,100.850,0.0000,0,0.9231,,0.850,0,
3471,4,73,fog-82,1,fog,4200.0,0.0000,0.0000,38,101.350,0.5376,0,0.9213,,0.850,0,
3472,4,73,fog-82,1,fog,4300.0,0.0000,0.0000,17,100.850,0.0000,0,0.9194,,0.850,0,
3473,4,73,fog-82,1,fog,4400.0,0.0000,0.0000,17,100.850,0.0000,0,0.9175,,0.850,0,
3474,4,73,fog-82,1,fog,4500.0,0.0000,0.0000,17,100.850,0.0000,0,0.9156,,0.850,0,
3475,4,73,fog-82,1,fog,4600.0,0.0000,0.0000,17,100.850,0.0000,0,0.9138,,0.850,0,
3476,4,73,fog-82,1,fog,4700.0,0.0000,0.0000,17,100.850,0.0000,0,0.9119,,0.850,0,
3477,4,73,fog-82,1,fog,4800.0,0.0000,0.0000,17,100.850,0.0000,0,0.9100,,0.850,0,
3478,4,73,fog-82,1,fog,4900.0,0.0000,0.0000,32,101.250,0.4965,0,0.9081,,0.850,0,
3479,4,73,fog-82,1,fog,5000.0,0.0000,0.0000,17,100.850,0.0000,0,0.9063,,0.850,0,
3480,4,74,fog-83,1,fog,0.0,0.0000,0.0000,0,100.000,,0,1.0000,,0.850,0,
3481,4,74,fog-83,1,fog,100.0,0.0000,0.0000,0,100.000,,0,0.9981,,0.850,0,
3482,4,74,fog-83,1,fog,200.0,0.0000,0.0000,0,100.000,,0,0.9963,,0.850,0,
3483,4,74,fog-83,1,fog,300.0,0.0000,0.0000,4,100.200,0.0000,0,0.9944,,0.850,0,
3484,4,74,fog-83,1,fog,400.0,0.0000,0.0000,17,100.850,0.0000,0,0.9925,,0.850,0,
3485,4,74,fog-83,1,fog,500.0,0.0000,0.0000,17,100.850,0.0000,0,0.9906,,0.850,0,
3486,4,74,fog-83,1,fog,600.0,0.0000,0.0000,17,100.850,0.0000,0,0.9888,,0.850,0,
3487,4,74,fog-83,1,fog,700.0,0.0000,0.0000,17,100.850,0.0000,0,0.9869,,0.850,0,
3488,4,74,fog-83,1,fog,800.0,0.0000,0.0000,17,100.850,0.0000,0,0.9850,,0.850,0,
3489,4,74,fog-83,1,fog,900.0,0.0000,0.0000,17,100.850,0.0000,0,0.9831,,0.850,0,
3490,4,74,fog-83,1,fog,1000.0,0.0000,0.0000,17,100.850,0.0000,0,0.9813,,0.850,0,
3491,4,74,fog-83,1,fog,1100.0,0.0000,0.0000,17,100.850,0.0000,0,0.9794,,0.850,0,
3492,4,74,fog-83,1,fog,1200.0,0.0000,0.0000,17,100.850,0.0000,0,0.9775,,0.850,0,
3493,4,74,fog-83,1,fog,1300.0,0.0000,0.0000,17,100.850,0.0000,0,0.9756,,0.850,0,
3494,4,74,fog-83,1,fog,1400.0,0.0000,0.0000,17,100.850,0.0000,0,0.9738,,0.850,0,
3495,4,74,fog-83,1,fog,1500.0,0.0000,0.0000,17,100.850,0.0000,0,0.9719,,0.850,0,
3496,4,74,fog-83,1,fog,1600.0,0.0000,0.0000,17,100.850,0.0000,0,0.9700,,0.850,0,
3497,4,74,fog-83,1,fog,1700.0,0.0000,0.0000,17,100.850,0.0000,0,0.9681,,0.850,0,
3498,4,74,fog-83,1,fog,1800.0,0.0000,0.0000,17,100.850,0.0000,0,0.9663,,0.850,0,
3499,4,74,fog-83,1,fog,1900.0,0.0000,0.0000,17,100.850,0.0000,0,0.9644,,0.850,0,
3500,4,74,fog-83,1,fog,2000.0,0.0000,0.0000,17,100.850,0.0000,0,0.9625,,0.850,0,
3501,4,74,fog-83,1,fog,2100.0,0.0000,0.0000,16,100.800,0.0000,0,0.9606,,0.850,0,
3502,4,74,fog-83,1,fog,2200.0,0.0000,0.0000,17,100.850,0.0000,0,0.9588,,0.850,0,
3503,4,74,fog-83,1,fog,2300.0,0.0000,0.0000,17,100.850,0.0000,0,0.9569,,0.850,0,
3504,4,74,fog-83,1,fog,2400.0,0.0000,0.0000,17,100.850,0.0000,0,0.9550,,0.850,0,
3505,4,74,fog-83,1,fog,2500.0,0.0000,0.0000,17,100.850,0.0000,0,0.9531,,0.850,0,
3506,4,74,fog-83,1,fog,2600.0,0.0000,0.0000,17,100.850,0.0000,0,0.9513,,0.850,0,
3507,4,74,fog-83,1,fog,2700.0,0.0000,0.0000,17,100.850,0.0000,0,0.9494,,0.850,0,
3508,4,74,fog-83,1,fog,2800.0,0.0000,0.0000,17,100.850,0.0000,0,0.9475,,0.850,0,
3509,4,74,fog-83,1,fog,2900.0,0.0000,0.0000,17,100.850,0.0000,0,0.9456,,0.850,0,
3510,4,74,fog-83,1,fog,3000.0,0.0000,0.0000,17,100.850,0.0000,0,0.9438,,0.850,0,
3511,4,74,fog-83,1,fog,3100.0,0.0000,0.0000,17,100.850,0.0000,0,0.9419,,0.850,0,
3512,4,74,fog-83,1,fog,3200.0,0.0000,0.0000,17,100.850,0.0000,0,0.9400,,0.850,0,
3513,4,74,fog-83,1,fog,3300.0,0.0000,0.0000,17,100.850,0.0000,0,0.9381,,0.850,0,
3514,4,74,fog-83,1,fog,3400.0,0.0000,0.0000,17,100.850,0.0000,0,0.9363,,0.850,0,
3515,4,74,fog-83,1,fog,3500.0,0.0000,0.0000,17,100.850,0.0000,0,0.9344,,0.850,0,
3516,4,74,fog-83,1,fog,3600.0,0.0000,0.0000,17,100.850,0.0000,0,0.9325,,0.850,0,
3517,4,74,fog-83,1,fog,3700.0,0.0000,0.0000,17,100.850,0.0000,0,0.9306,,0.850,0,
3518,4,74,fog-83,1,fog,3800.0,0.0000,0.0000,17,100.850,0.0000,0,0.9288,,0.850,0,
3519,4,74,fog-83,1,fog,3900.0,0.0000,0.0000,17,100.850,0.0000,0,0.9269,,0.850,0,
3520,4,74,fog-83,1,fog,4000.0,0.0000,0.0000,16,100.800,0.0000,0,0.9250,,0.850,0,
3521,4,74,fog-83,1,fog,4100.0,0.0000,0.0000,17,100.850,0.0000,0,0.9231,,0.850,0,
3522,4,74,fog-83,1,fog,4200.0,0.0000,0.0000,17,100.850,0.0000,0,0.9213,,0.850,0,
3523,4,74,fog-83,1,fog,4300.0,0.0000,0.0000,17,100.850,0.0000,0,0.9194,,0.850,0,
3524,4,74,fog-83,1,fog,4400.0,0.0000,0.0000,17,100.850,0.0000,0,0.9175,,0.850,0,
3525,4,74,fog-83,1,fog,4500.0,0.0000,0.0000,17,100.850,0.0000,0,0.9156,,0.850,0,
3526,4,74,fog-83,1,fog,4600.0,0.0000,0.0000,17,100.850,0.0000,0,0.9138,,0.850,0,
3527,4,74,fog-83,1,fog,4700.0,0.0000,0.0000,17,100.850,0.0000,0,0.9119,,0.850,0,
3528,4,74,fog-83,1,fog,4800.0,0.0000,0.0000,17,100.850,0.0000,0,0.9100,,0.850,0,
3529,4,74,fog-83,1,fog,4900.0,0.0000,0.0000,17,100.850,0.0000,0,0.9081,,0.850,0,
3530,4,74,fog-83,1,fog,5000.0,0.0000,0.0000,17,100.850,0.0000,0,0.9063,,0.850,0,
3531,4,75,fog-84,1,fog,0.0,0.0000,0.0000,0,100.000,,0,1.0000,,0.850,0,
3532,4,75,fog-84,1,fog,100.0,0.0000,0.0000,0,100.000,,0,0.9981,,0.850,0,
3533,4,75,fog-84,1,fog,200.0,0.0000,0.0000,0,100.000,,0,0.9963,,0.850,0,
3534,4,75,fog-84,1,fog,300.0,0.0000,0.0000,4,100.200,0.0000,0,0.9944,,0.850,0,
3535,4,75,fog-84,1,fog,400.0,0.0000,0.0000,17,100.850,0.0000,0,0.9925,,0.850,0,
3536,4,75,fog-84,1,fog,500.0,0.0000,0.0000,17,100.850,0.0000,0,0.9906,,0.850,0,
3537,4,75,fog-84,1,fog,600.0,0.0000,0.0000,17,100.850,0.0000,0,0.9888,,0.850,0,
3538,4,75,fog-84,1,fog,700.0,0.0000,0.0000,17,100.850,0.0000,0,0.9869,,0.850,0,
3539,4,75,fog-84,1,fog,800.0,0.0000,0.0000,17,100.850,0.0000,0,0.9850,,0.850,0,
3540,4,75,fog-84,1,fog,900.0,0.0000,0.0000,17,100.850,0.0000,0,0.9831,,0.850,0,
3541,4,75,fog-84,1,fog,1000.0,0.0000,0.0000,17,100.850,0.0000,0,0.9813,,0.850,0,
3542,4,75,fog-84,1,fog,1100.0,0.0000,0.0000,17,100.850,0.0000,0,0.9794,,0.850,0,
3543,4,75,fog-84,1,fog,1200.0,0.0000,0.0000,17,100.850,0.0000,0,0.9775,,0.850,0,
3544,4,75,fog-84,1,fog,1300.0,0.0000,0.0000,17,100.850,0.0000,0,0.9756,,0.850,0,
3545,4,75,fog-84,1,fog,1400.0,0.0000,0.0000,17,100.850,0.0000,0,0.9738,,0.850,0,
3546,4,75,fog-84,1,fog,1500.0,0.0000,0.0000,17,100.850,0.0000,0,0.9719,,0.850,0,
3547,4,75,fog-84,1,fog,1600.0,0.0000,0.0000,17,100.850,0.0000,0,0.9700,,0.850,0,
3548,4,75,fog-84,1,fog,1700.0,0.0000,0.0000,17,100.850,0.0000,0,0.9681,,0.850,0,
3549,4,75,fog-84,1,fog,1800.0,0.0000,0.0000,17,100.850,0.0000,0,0.9663,,0.850,0,
3550,4,75,fog-84,1,fog,1900.0,0.0000,0.0000,17,100.850,0.0000,0,0.9644,,0.850,0,
3551,4,75,fog-84,1,fog,2000.0,0.0000,0.0000,16,100.800,0.0000,0,0.9625,,0.850,0,
3552,4,75,fog-84,1,fog,2100.0,0.0000,0.0000,17,100.850,0.0000,0,0.9606,,0.850,0,
3553,4,75,fog-84,1,fog,2200.0,0.0000,0.0000,17,100.850,0.0000,0,0.9588,,0.850,0,
3554,4,75,fog-84,1,fog,2300.0,0.0000,0.0000,17,100.850,0.0000,0,0.9569,,0.850,0,
3555,4,75,fog-84,1,fog,2400.0,0.0000,0.0000,17,100.850,0.0000,0,0.9550,,0.850,0,
3556,4,75,fog-84,1,fog,2500.0,0.0000,0.0000,17,100.850,0.0000,0,0.9531,,0.850,0,
3557,4,75,fog-84,1,fog,2600.0,0.0000,0.0000,17,100.850,0.0000,0,0.9513,,0.850,0,
3558,4,75,fog-84,1,fog,2700.0,0.0000,0.0000,17,100.850,0.0000,0,0.9494,,0.850,0,
3559,4,75,fog-84,1,fog,2800.0,0.0000,0.0000,17,100.850,0.0000,0,0.9475,,0.850,0,
3560,4,75,fog-84,1,fog,2900.0,0.0000,0.0000,17,100.850,0.0000,0,0.9456,,0.850,0,
3561,4,75,fog-84,1,fog,3000.0,0.0000,0.0000,17,100.850,0.0000,0,0.9438,,0.850,0,
3562,4,75,fog-84,1,fog,3100.0,0.0000,0.0000,17,100.850,0.0000,0,0.9419,,0.850,0,
3563,4,75,fog-84,1,fog,3200.0,0.0000,0.0000,17,100.850,0.0000,0,0.9400,,0.850,0,
3564,4,75,fog-84,1,fog,3300.0,0.0000,0.0000,17,100.850,0.0000,0,0.9381,,0.850,0,
3565,4,75,fog-84,1,fog,3400.0,0.0000,0.0000,17,100.850,0.0000,0,0.9363,,0.850,0,
3566,4,75,fog-84,1,fog,3500.0,0.0000,0.0000,17,100.850,0.0000,0,0.9344,,0.850,0,
3567,4,75,fog-84,1,fog,3600.0,0.0000,0.0000,17,100.850,0.0000,0,0.9325,,0.850,0,
3568,4,75,fog-84,1,fog,3700.0,0.0000,0.0000,17,100.850,0.0000,0,0.9306,,0.850,0,
3569,4,75,fog-84,1,fog,3800.0,0.0000,0.0000,17,100.850,0.0000,0,0.9288,,0.850,0,
3570,4,75,fog-84,1,fog,3900.0,0.0000,0.0000,17,100.850,0.0000,0,0.9269,,0.850,0,
3571,4,75,fog-84,1,fog,4000.0,0.0000,0.0000,16,100.800,0.0000,0,0.9250,,0.850,0,
3572,4,75,fog-84,1,fog,4100.0,0.0000,0.0000,17,100.850,0.0000,0,0.9231,,0.850,0,
3573,4,75,fog-84,1,fog,4200.0,0.0000,0.0000,17,100.850,0.0000,0,0.9213,,0.850,0,
3574,4,75,fog-84,1,fog,4300.0,0.0000,0.0000,17,100.850,0.0000,0,0.9194,,0.850,0,
3575,4,75,fog-84,1,fog,4400.0,0.0000,0.0000,17,100.850,0.0000,0,0.9175,,0.850,0,
3576,4,75,fog-84,1,fog,4500.0,0.0000,0.0000,17,100.850,0.0000,0,0.9156,,0.850,0,
3577,4,75,fog-84,1,fog,4600.0,0.0000,0.0000,17,100.850,0.0000,0,0.9138,,0.850,0,
3578,4,75,fog-84,1,fog,4700.0,0.0000,0.0000,17,100.850,0.0000,0,0.9119,,0.850,0,
3579,4,75,fog-84,1,fog,4800.0,0.0000,0.0000,17,100.850,0.0000,0,0.9100,,0.850,0,
3580,4,75,fog-84,1,fog,4900.0,0.0000,0.0000,17,100.850,0.0000,0,0.9081,,0.850,0,
3581,4,75,fog-84,1,fog,5000.0,0.0000,0.0000,17,100.850,0.0000,0,0.9063,,0.850,0,
3582,4,76,fog-85,1,fog,0.0,0.0000,0.0000,0,100.000,,0,1.0000,,0.850,0,
3583,4,76,fog-85,1,fog,100.0,0.0000,0.0000,0,100.000,,0,0.9981,,0.850,0,
3584,4,76,fog-85,1,fog,200.0,0.0000,0.0000,0,100.000,,0,0.9963,,0.850,0,
3585,4,76,fog-85,1,fog,300.0,0.0000,0.0000,4,100.200,0.0000,0,0.9944,,0.850,0,
3586,4,76,fog-85,1,fog,400.0,0.0000,0.0000,17,100.850,0.0000,0,0.9925,,0.850,0,
3587,4,76,fog-85,1,fog,500.0,0.0000,0.0000,17,100.850,0.0000,0,0.9906,,0.850,0,
3588,4,76,fog-85,1,fog,600.0,0.0000,0.0000,17,100.850,0.0000,0,0.9888,,0.850,0,
3589,4,76,fog-85,1,fog,700.0,0.0000,0.0000,17,100.850,0.0000,0,0.9869,,0.850,0,
3590,4,76,fog-85,1,fog,800.0,0.0000,0.0000,17,100.850,0.0000,0,0.9850,,0.850,0,
3591,4,76,fog-85,1,fog,900.0,0.0000,0.0000,17,100.850,0.0000,0,0.9831,,0.850,0,
3592,4,76,fog-85,1,fog,1000.0,0.0000,0.0000,17,100.850,0.0000,0,0.9813,,0.850,0,
3593,4,76,fog-85,1,fog,1100.0,0.0000,0.0000,17,100.850,0.0000,0,0.9794,,0.850,0,
3594,4,76,fog-85,1,fog,1200.0,0.0000,0.0000,17,100.850,0.0000,0,0.9775,,0.850,0,
3595,4,76,fog-85,1,fog,1300.0,0.0000,0.0000,17,100.850,0.0000,0,0.9756,,0.850,0,
3596,4,76,fog-85,1,fog,1400.0,0.0000,0.0000,17,100.850,0.0000,0,0.9738,,0.850,0,
3597,4,76,fog-85,1,fog,1500.0,0.0000,0.0000,17,100.850,0.0000,0,0.9719,,0.850,0,
3598,4,76,fog-85,1,fog,1600.0,0.0000,0.0000,17,100.850,0.0000,0,0.9700,,0.850,0,
3599,4,76,fog-85,1,fog,1700.0,0.0000,0.0000,17,100.850,0.0000,0,0.9681,,0.850,0,
3600,4,76,fog-85,1,fog,1800.0,0.0000,0.0000,17,100.850,0.0000,0,0.9663,,0.850,0,
3601,4,76,fog-85,1,fog,1900.0,0.0000,0.0000,17,100.850,0.0000,0,0.9644,,0.850,0,
3602,4,76,fog-85,1,fog,2000.0,0.0000,0.0000,16,100.800,0.0000,0,0.9625,,0.850,0,
3603,4,76,fog-85,1,fog,2100.0,0.0000,0.0000,17,100.850,0.0000,0,0.9606,,0.850,0,
3604,4,76,fog-85,1,fog,2200.0,0.0000,0.0000,17,100.850,0.0000,0,0.9588,,0.850,0,
3605,4,76,fog-85,1,fog,2300.0,0.0000,0.0000,17,100.850,0.0000,0,0.9569,,0.850,0,
3606,4,76,fog-85,1,fog,2400.0,0.0000,0.0000,17,100.850,0.0000,0,0.9550,,0.850,0,
3607,4,76,fog-85,1,fog,2500.0,0.0000,0.0000,17,100.850,0.0000,0,0.9531,,0.850,0,
3608,4,76,fog-85,1,fog,2600.0,0.0000,0.0000,17,100.850,0.0000,0,0.9513,,0.850,0,
3609,4,76,fog-85,1,fog,2700.0,0.0000,0.0000,17,100.850,0.0000,0,0.9494,,0.850,0,
3610,4,76,fog-85,1,fog,2800.0,0.0000,0.0000,17,100.850,0.0000,0,0.9475,,0.850,0,
3611,4,76,fog-85,1,fog,2900.0,0.0000,0.0000,17,100.850,0.0000,0,0.9456,,0.850,0,
3612,4,76,fog-85,1,fog,3000.0,0.0000,0.0000,17,100.850,0.0000,0,0.9438,,0.850,0,
3613,4,76,fog-85,1,fog,3100.0,0.0000,0.0000,17,100.850,0.0000,0,0.9419,,0.850,0,
3614,4,76,fog-85,1,fog,3200.0,0.0000,0.0000,17,100.850,0.0000,0,0.9400,,0.850,0,
3615,4,76,fog-85,1,fog,3300.0,0.0000,0.0000,17,100.850,0.0000,0,0.9381,,0.850,0,
3616,4,76,fog-85,1,fog,3400.0,0.0000,0.0000,17,100.850,0.0000,0,0.9363,,0.850,0,
3617,4,76,fog-85,1,fog,3500.0,0.0000,0.0000,17,100.850,0.0000,0,0.9344,,0.850,0,
3618,4,76,fog-85,1,fog,3600.0,0.0000,0.0000,17,100.850,0.0000,0,0.9325,,0.850,0,
3619,4,76,fog-85,1,fog,3700.0,0.0000,0.0000,17,100.850,0.0000,0,0.9306,,0.850,0,
3620,4,76,fog-85,1,fog,3800.0,0.0000,0.0000,17,100.850,0.0000,0,0.9288,,0.850,0,
3621,4,76,fog-85,1,fog,3900.0,0.0000,0.0000,17,100.850,0.0000,0,0.9269,,0.850,0,
3622,4,76,fog-85,1,fog,4000.0,0.0000,0.0000,16,100.800,0.0000,0,0.9250,,0.850,0,
3623,4,76,fog-85,1,fog,4100.0,0.0000,0.0000,17,100.850,0.0000,0,0.9231,,0.850,0,
3624,4,76,fog-85,1,fog,4200.0,0.0000,0.0000,17,100.850,0.0000,0,0.9213,,0.850,0,
3625,4,76,fog-85,1,fog,4300.0,0.0000,0.0000,17,100.850,0.0000,0,0.9194,,0.850,0,
3626,4,76,fog-85,1,fog,4400.0,0.0000,0.0000,17,100.850,0.0000,0,0.9175,,0.850,0,
3627,4,76,fog-85,1,fog,4500.0,0.0000,0.0000,17,100.850,0.0000,0,0.9156,,0.850,0,
3628,4,76,fog-85,1,fog,4600.0,0.0000,0.0000,17,100.850,0.0000,0,0.9138,,0.850,0,
3629,4,76,fog-85,1,fog,4700.0,0.0000,0.0000,17,100.850,0.0000,0,0.9119,,0.850,0,
3630,4,76,fog-85,1,fog,4800.0,0.0000,0.0000,17,100.850,0.0000,0,0.9100,,0.850,0,
3631,4,76,fog-85,1,fog,4900.0,0.0000,0.0000,17,100.850,0.0000,0,0.9081,,0.850,0,
3632,4,76,fog-85,1,fog,5000.0,0.0000,0.0000,17,100.850,0.0000,0,0.9063,,0.850,0,
3633,4,77,fog-86,1,fog,0.0,0.0000,0.0000,0,100.000,,0,1.0000,,0.850,0,
3634,4,77,fog-86,1,fog,100.0,0.0000,0.0000,0,100.000,,0,0.9981,,0.850,0,
3635,4,77,fog-86,1,fog,200.0,0.0000,0.0000,14,100.500,0.0000,0,0.9963,,0.850,0,
3636,4,77,fog-86,1,fog,300.0,0.0000,0.0000,4,100.200,0.0000,0,0.9944,,0.850,0,
3637,4,77,fog-86,1,fog,400.0,0.0000,0.0000,17,100.850,0.0000,0,0.9925,,0.850,0,
3638,4,77,fog-86,1,fog,500.0,0.0000,0.0000,56,101.700,0.7926,0,0.9906,,0.850,0,
3639,4,77,fog-86,1,fog,600.0,0.0000,0.0000,59,101.750,0.8567,0,0.9888,,0.850,0,
3640,4,77,fog-86,1,fog,700.0,0.0000,0.0000,35,101.300,0.5074,0,0.9869,,0.850,0,
3641,4,77,fog-86,1,fog,800.0,0.0000,0.0000,32,101.250,0.4778,0,0.9850,,0.850,0,
3642,4,77,fog-86,1,fog,900.0,0.0000,0.0000,38,101.350,0.5348,0,0.9831,,0.850,0,
3643,4,77,fog-86,1,fog,1000.0,0.0000,0.0000,38,101.350,0.5310,0,0.9813,,0.850,0,
3644,4,77,fog-86,1,fog,1100.0,0.0000,0.0000,38,101.350,0.5395,0,0.9794,,0.850,0,
3645,4,77,fog-86,1,fog,1200.0,0.0000,0.0000,38,101.350,0.5417,0,0.9775,,0.850,0,
3646,4,77,fog-86,1,fog,1300.0,0.0000,0.0000,38,101.350,0.5424,0,0.9756,,0.850,0,
3647,4,77,fog-86,1,fog,1400.0,0.0000,0.0000,59,101.750,0.7943,0,0.9738,,0.850,0,
3648,4,77,fog-86,1,fog,1500.0,0.0000,0.0000,76,102.150,0.9482,0,0.9719,,0.850,0,
3649,4,77,fog-86,1,fog,1600.0,0.0000,0.0000,81,102.250,0.9955,0,0.9700,,0.850,0,
3650,4,77,fog-86,1,fog,1700.0,0.0000,0.0000,76,102.150,0.9876,0,0.9681,,0.850,0,
3651,4,77,fog-86,1,fog,1800.0,0.0000,0.0000,76,102.150,1.0000,0,0.9663,,0.850,0,
3652,4,77,fog-86,1,fog,1900.0,0.0000,0.0000,81,102.250,0.9151,0,0.9644,,0.850,0,
3653,4,77,fog-86,1,fog,2000.0,0.0000,0.0000,77,102.150,0.9608,0,0.9625,,0.850,0,
3654,4,77,fog-86,1,fog,2100.0,0.0000,0.0000,102,102.750,1.0000,0,0.9606,,0.850,0,
3655,4,77,fog-86,1,fog,2200.0,0.0000,0.0000,106,102.850,1.0000,0,0.9588,,0.850,0,
3656,4,77,fog-86,1,fog,2300.0,0.0000,0.0000,106,102.850,1.0000,0,0.9569,,0.850,0,
3657,4,77,fog-86,1,fog,2400.0,0.0000,0.0000,81,102.250,0.9529,0,0.9550,,0.850,0,
3658,4,77,fog-86,1,fog,2500.0,0.0000,0.0000,63,101.850,0.7617,0,0.9531,,0.850,0,
3659,4,77,fog-86,1,fog,2600.0,0.0000,0.0000,61,101.800,0.7412,0,0.9513,,0.850,0,
3660,4,77,fog-86,1,fog,2700.0,0.0000,0.0000,59,101.750,0.6817,0,0.9494,,0.850,0,
3661,4,77,fog-86,1,fog,2800.0,0.0000,0.0000,17,100.850,0.0000,0,0.9475,,0.850,0,
3662,4,77,fog-86,1,fog,2900.0,0.0000,0.0000,35,101.300,0.5315,0,0.9456,,0.850,0,
3663,4,77,fog-86,1,fog,3000.0,0.0000,0.0000,38,101.350,0.5094,0,0.9438,,0.850,0,
3664,4,77,fog-86,1,fog,3100.0,0.0000,0.0000,35,101.300,0.5184,0,0.9419,,0.850,0,
3665,4,77,fog-86,1,fog,3200.0,0.0000,0.0000,59,101.750,0.7316,0,0.9400,,0.850,0,
3666,4,77,fog-86,1,fog,3300.0,0.0000,0.0000,17,100.850,0.0000,0,0.9381,,0.850,0,
3667,4,77,fog-86,1,fog,3400.0,0.0000,0.0000,38,101.350,0.5444,0,0.9363,,0.850,0,
3668,4,77,fog-86,1,fog,3500.0,0.0000,0.0000,35,101.300,0.5375,0,0.9344,,0.850,0,
3669,4,77,fog-86,1,fog,3600.0,0.0000,0.0000,35,101.300,0.5144,0,0.9325,,0.850,0,
3670,4,77,fog-86,1,fog,3700.0,0.0000,0.0000,35,101.300,0.5253,0,0.9306,,0.850,0,
3671,4,77,fog-86,1,fog,3800.0,0.0000,0.0000,17,100.850,0.0000,0,0.9288,,0.850,0,
3672,4,77,fog-86,1,fog,3900.0,0.0000,0.0000,17,100.850,0.0000,0,0.9269,,0.850,0,
3673,4,77,fog-86,1,fog,4000.0,0.0000,0.0000,59,101.750,0.8285,0,0.9250,,0.850,0,
3674,4,77,fog-86,1,fog,4100.0,0.0000,0.0000,35,101.300,0.5110,0,0.9231,,0.850,0,
3675,4,77,fog-86,1,fog,4200.0,0.0000,0.0000,17,100.850,0.0000,0,0.9213,,0.850,0,
3676,4,77,fog-86,1,fog,4300.0,0.0000,0.0000,17,100.850,0.0000,0,0.9194,,0.850,0,
3677,4,77,fog-86,1,fog,4400.0,0.0000,0.0000,17,100.850,0.0000,0,0.9175,,0.850,0,
3678,4,77,fog-86,1,fog,4500.0,0.0000,0.0000,17,100.850,0.0000,0,0.9156,,0.850,0,
3679,4,77,fog-86,1,fog,4600.0,0.0000,0.0000,17,100.850,0.0000,0,0.9138,,0.850,0,
3680,4,77,fog-86,1,fog,4700.0,0.0000,0.0000,63,101.850,0.7619,0,0.9119,,0.850,0,
3681,4,77,fog-86,1,fog,4800.0,0.0000,0.0000,81,102.250,1.0000,0,0.9100,,0.850,0,
3682,4,77,fog-86,1,fog,4900.0,0.0000,0.0000,59,101.750,0.7074,0,0.9081,,0.850,0,
3683,4,77,fog-86,1,fog,5000.0,0.0000,0.0000,72,102.050,0.8917,0,0.9063,,0.850,0,
3684,4,78,fog-87,1,fog,0.0,0.0000,0.0000,0,100.000,,0,1.0000,,0.850,0,
3685,4,78,fog-87,1,fog,100.0,0.0000,0.0000,0,100.000,,0,0.9981,,0.850,0,
3686,4,78,fog-87,1,fog,200.0,0.0000,0.0000,0,100.000,,0,0.9963,,0.850,0,
3687,4,78,fog-87,1,fog,300.0,0.0000,0.0000,4,100.200,0.0000,0,0.9944,,0.850,0,
3688,4,78,fog-87,1,fog,400.0,0.0000,0.0000,17,100.850,0.0000,0,0.9925,,0.850,0,
3689,4,78,fog-87,1,fog,500.0,0.0000,0.0000,17,100.850,0.0000,0,0.9906,,0.850,0,
3690,4,78,fog-87,1,fog,600.0,0.0000,0.0000,17,100.850,0.0000,0,0.9888,,0.850,0,
3691,4,78,fog-87,1,fog,700.0,0.0000,0.0000,17,100.850,0.0000,0,0.9869,,0.850,0,
3692,4,78,fog-87,1,fog,800.0,0.0000,0.0000,17,100.850,0.0000,0,0.9850,,0.850,0,
3693,4,78,fog-87,1,fog,900.0,0.0000,0.0000,17,100.850,0.0000,0,0.9831,,0.850,0,
3694,4,78,fog-87,1,fog,1000.0,0.0000,0.0000,17,100.850,0.0000,0,0.9813,,0.850,0,
3695,4,78,fog-87,1,fog,1100.0,0.0000,0.0000,17,100.850,0.0000,0,0.9794,,0.850,0,
3696,4,78,fog-87,1,fog,1200.0,0.0000,0.0000,17,100.850,0.0000,0,0.9775,,0.850,0,
3697,4,78,fog-87,1,fog,1300.0,0.0000,0.0000,17,100.850,0.0000,0,0.9756,,0.850,0,
3698,4,78,fog-87,1,fog,1400.0,0.0000,0.0000,17,100.850,0.0000,0,0.9738,,0.850,0,
3699,4,78,fog-87,1,fog,1500.0,0.0000,0.0000,17,100.850,0.0000,0,0.9719,,0.850,0,
3700,4,78,fog-87,1,fog,1600.0,0.0000,0.0000,17,100.850,0.0000,0,0.9700,,0.850,0,
3701,4,78,fog-87,1,fog,1700.0,0.0000,0.0000,17,100.850,0.0000,0,0.9681,,0.850,0,
3702,4,78,fog-87,1,fog,1800.0,0.0000,0.0000,17,100.850,0.0000,0,0.9663,,0.850,0,
3703,4,78,fog-87,1,fog,1900.0,0.0000,0.0000,17,100.850,0.0000,0,0.9644,,0.850,0,
3704,4,78,fog-87,1,fog,2000.0,0.0000,0.0000,16,100.800,0.0000,0,0.9625,,0.850,0,
3705,4,78,fog-87,1,fog,2100.0,0.0000,0.0000,17,100.850,0.0000,0,0.9606,,0.850,0,
3706,4,78,fog-87,1,fog,2200.0,0.0000,0.0000,17,100.850,0.0000,0,0.9588,,0.850,0,
3707,4,78,fog-87,1,fog,2300.0,0.0000,0.0000,17,100.850,0.0000,0,0.9569,,0.850,0,
3708,4,78,fog-87,1,fog,2400.0,0.0000,0.0000,17,100.850,0.0000,0,0.9550,,0.850,0,
3709,4,78,fog-87,1,fog,2500.0,0.0000,0.0000,17,100.850,0.0000,0,0.9531,,0.850,0,
3710,4,78,fog-87,1,fog,2600.0,0.0000,0.0000,17,100.850,0.0000,0,0.9513,,0.850,0,
3711,4,78,fog-87,1,fog,2700.0,0.0000,0.0000,17,100.850,0.0000,0,0.9494,,0.850,0,
3712,4,78,fog-87,1,fog,2800.0,0.0000,0.0000,17,100.850,0.0000,0,0.9475,,0.850,0,
3713,4,78,fog-87,1,fog,2900.0,0.0000,0.0000,17,100.850,0.0000,0,0.9456,,0.850,0,
3714,4,78,fog-87,1,fog,3000.0,0.0000,0.0000,17,100.850,0.0000,0,0.9438,,0.850,0,
3715,4,78,fog-87,1,fog,3100.0,0.0000,0.0000,17,100.850,0.0000,0,0.9419,,0.850,0,
3716,4,78,fog-87,1,fog,3200.0,0.0000,0.0000,17,100.850,0.0000,0,0.9400,,0.850,0,
3717,4,78,fog-87,1,fog,3300.0,0.0000,0.0000,17,100.850,0.0000,0,0.9381,,0.850,0,
3718,4,78,fog-87,1,fog,3400.0,0.0000,0.0000,17,100.850,0.0000,0,0.9363,,0.850,0,
3719,4,78,fog-87,1,fog,3500.0,0.0000,0.0000,17,100.850,0.0000,0,0.9344,,0.850,0,
3720,4,78,fog-87,1,fog,3600.0,0.0000,0.0000,17,100.850,0.0000,0,0.9325,,0.850,0,
3721,4,78,fog-87,1,fog,3700.0,0.0000,0.0000,17,100.850,0.0000,0,0.9306,,0.850,0,
3722,4,78,fog-87,1,fog,3800.0,0.0000,0.0000,17,100.850,0.0000,0,0.9288,,0.850,0,
3723,4,78,fog-87,1,fog,3900.0,0.0000,0.0000,17,100.850,0.0000,0,0.9269,,0.850,0,
3724,4,78,fog-87,1,fog,4000.0,0.0000,0.0000,16,100.800,0.0000,0,0.9250,,0.850,0,
3725,4,78,fog-87,1,fog,4100.0,0.0000,0.0000,17,100.850,0.0000,0,0.9231,,0.850,0,
3726,4,78,fog-87,1,fog,4200.0,0.0000,0.0000,17,100.850,0.0000,0,0.9213,,0.850,0,
3727,4,78,fog-87,1,fog,4300.0,0.0000,0.0000,17,100.850,0.0000,0,0.9194,,0.850,0,
3728,4,78,fog-87,1,fog,4400.0,0.0000,0.0000,17,100.850,0.0000,0,0.9175,,0.850,0,
3729,4,78,fog-87,1,fog,4500.0,0.0000,0.0000,17,100.850,0.0000,0,0.9156,,0.850,0,
3730,4,78,fog-87,1,fog,4600.0,0.0000,0.0000,17,100.850,0.0000,0,0.9138,,0.850,0,
3731,4,78,fog-87,1,fog,4700.0,0.0000,0.0000,17,100.850,0.0000,0,0.9119,,0.850,0,
3732,4,78,fog-87,1,fog,4800.0,0.0000,0.0000,17,100.850,0.0000,0,0.9100,,0.850,0,
3733,4,78,fog-87,1,fog,4900.0,0.0000,0.0000,17,100.850,0.0000,0,0.9081,,0.850,0,
3734,4,78,fog-87,1,fog,5000.0,0.0000,0.0000,17,100.850,0.0000,0,0.9063,,0.850,0,
3735,4,79,fog-88,1,fog,0.0,0.0000,0.0000,0,100.000,,0,1.0000,,0.850,0,
3736,4,79,fog-88,1,fog,100.0,0.0000,0.0000,10,100.400,1.0000,0,0.9981,,0.850,0,
3737,4,79,fog-88,1,fog,200.0,0.0000,0.0000,10,100.400,0.3062,0,0.9963,,0.850,0,
3738,4,79,fog-88,1,fog,300.0,0.0000,0.0000,4,100.200,0.0000,0,0.9944,,0.850,0,
3739,4,79,fog-88,1,fog,400.0,0.0000,0.0000,35,101.300,0.5330,0,0.9925,,0.850,0,
3740,4,79,fog-88,1,fog,500.0,0.0000,0.0000,38,101.350,0.5291,0,0.9906,,0.850,0,
3741,4,79,fog-88,1,fog,600.0,0.0000,0.0000,35,101.300,0.5018,0,0.9888,,0.850,0,
3742,4,79,fog-88,1,fog,700.0,0.0000,0.0000,79,102.200,0.9564,0,0.9869,,0.850,0,
3743,4,79,fog-88,1,fog,800.0,0.0000,0.0000,76,102.150,0.9461,0,0.9850,,0.850,0,
3744,4,79,fog-88,1,fog,900.0,0.0000,0.0000,59,101.750,0.8270,0,0.9831,,0.850,0,
3745,4,79,fog-88,1,fog,1000.0,0.0000,0.0000,61,101.800,0.8555,0,0.9813,,0.850,0,
3746,4,79,fog-88,1,fog,1100.0,0.0000,0.0000,54,101.650,0.7604,0,0.9794,,0.850,0,
3747,4,79,fog-88,1,fog,1200.0,0.0000,0.0000,59,101.750,0.7032,0,0.9775,,0.850,0,
3748,4,79,fog-88,1,fog,1300.0,0.0000,0.0000,72,102.050,0.8738,0,0.9756,,0.850,0,
3749,4,79,fog-88,1,fog,1400.0,0.0000,0.0000,49,101.550,0.6967,0,0.9738,,0.850,0,
3750,4,79,fog-88,1,fog,1500.0,0.0000,0.0000,59,101.750,0.8220,0,0.9719,,0.850,0,
3751,4,79,fog-88,1,fog,1600.0,0.0000,0.0000,32,101.250,0.5313,0,0.9700,,0.850,0,
3752,4,79,fog-88,1,fog,1700.0,0.0000,0.0000,17,100.850,0.0000,0,0.9681,,0.850,0,
3753,4,79,fog-88,1,fog,1800.0,0.0000,0.0000,17,100.850,0.0000,0,0.9663,,0.850,0,
3754,4,79,fog-88,1,fog,1900.0,0.0000,0.0000,17,100.850,0.0000,0,0.9644,,0.850,0,
3755,4,79,fog-88,1,fog,2000.0,0.0000,0.0000,55,101.650,0.7938,0,0.9625,,0.850,0,
3756,4,79,fog-88,1,fog,2100.0,0.0000,0.0000,59,101.750,0.7533,0,0.9606,,0.850,0,
3757,4,79,fog-88,1,fog,2200.0,0.0000,0.0000,61,101.800,0.7619,0,0.9588,,0.850,0,
3758,4,79,fog-88,1,fog,2300.0,0.0000,0.0000,52,101.600,0.6946,0,0.9569,,0.850,0,
3759,4,79,fog-88,1,fog,2400.0,0.0000,0.0000,38,101.350,0.5304,0,0.9550,,0.850,0,
3760,4,79,fog-88,1,fog,2500.0,0.0000,0.0000,17,100.850,0.0000,0,0.9531,,0.850,0,
3761,4,79,fog-88,1,fog,2600.0,0.0000,0.0000,35,101.300,0.5233,0,0.9513,,0.850,0,
3762,4,79,fog-88,1,fog,2700.0,0.0000,0.0000,35,101.300,0.5157,0,0.9494,,0.850,0,
3763,4,79,fog-88,1,fog,2800.0,0.0000,0.0000,38,101.350,0.5298,0,0.9475,,0.850,0,
3764,4,79,fog-88,1,fog,2900.0,0.0000,0.0000,32,101.250,0.4653,0,0.9456,,0.850,0,
3765,4,79,fog-88,1,fog,3000.0,0.0000,0.0000,63,101.850,0.7657,0,0.9438,,0.850,0,
3766,4,79,fog-88,1,fog,3100.0,0.0000,0.0000,61,101.800,0.7435,0,0.9419,,0.850,0,
3767,4,79,fog-88,1,fog,3200.0,0.0000,0.0000,56,101.700,0.7178,0,0.9400,,0.850,0,
3768,4,79,fog-88,1,fog,3300.0,0.0000,0.0000,17,100.850,0.0000,0,0.9381,,0.850,0,
3769,4,79,fog-88,1,fog,3400.0,0.0000,0.0000,17,100.850,0.0000,0,0.9363,,0.850,0,
3770,4,79,fog-88,1,fog,3500.0,0.0000,0.0000,17,100.850,0.0000,0,0.9344,,0.850,0,
3771,4,79,fog-88,1,fog,3600.0,0.0000,0.0000,38,101.350,0.5479,0,0.9325,,0.850,0,
3772,4,79,fog-88,1,fog,3700.0,0.0000,0.0000,63,101.850,0.7738,0,0.9306,,0.850,0,
3773,4,79,fog-88,1,fog,3800.0,0.0000,0.0000,79,102.200,0.9206,0,0.9288,,0.850,0,
3774,4,79,fog-88,1,fog,3900.0,0.0000,0.0000,72,102.050,0.9280,0,0.9269,,0.850,0,
3775,4,79,fog-88,1,fog,4000.0,0.0000,0.0000,61,101.800,0.7301,0,0.9250,,0.850,0,
3776,4,79,fog-88,1,fog,4100.0,0.0000,0.0000,59,101.750,0.7740,0,0.9231,,0.850,0,
3777,4,79,fog-88,1,fog,4200.0,0.0000,0.0000,59,101.750,0.8047,0,0.9213,,0.850,0,
3778,4,79,fog-88,1,fog,4300.0,0.0000,0.0000,59,101.750,0.7995,0,0.9194,,0.850,0,
3779,4,79,fog-88,1,fog,4400.0,0.0000,0.0000,63,101.850,0.8613,0,0.9175,,0.850,0,
3780,4,79,fog-88,1,fog,4500.0,0.0000,0.0000,35,101.300,0.5266,0,0.9156,,0.850,0,
3781,4,79,fog-88,1,fog,4600.0,0.0000,0.0000,32,101.250,0.4937,0,0.9138,,0.850,0,
3782,4,79,fog-88,1,fog,4700.0,0.0000,0.0000,35,101.300,0.5010,0,0.9119,,0.850,0,
3783,4,79,fog-88,1,fog,4800.0,0.0000,0.0000,28,101.200,0.4793,0,0.9100,,0.850,0,
3784,4,79,fog-88,1,fog,4900.0,0.0000,0.0000,38,101.350,0.5395,0,0.9081,,0.850,0,
3785,4,79,fog-88,1,fog,5000.0,0.0000,0.0000,52,101.600,0.7573,0,0.9063,,0.850,0,
3786,4,80,fog-89,1,fog,0.0,0.0000,0.0000,0,100.000,,0,1.0000,,0.850,0,
3787,4,80,fog-89,1,fog,100.0,0.0000,0.0000,26,100.800,1.0000,0,0.9981,,0.850,0,
3788,4,80,fog-89,1,fog,200.0,0.0000,0.0000,100,102.650,1.0000,0,0.9963,,0.850,0,
3789,4,80,fog-89,1,fog,300.0,0.0000,0.0000,92,102.450,1.0000,0,0.9944,,0.850,0,
3790,4,80,fog-89,1,fog,400.0,0.0000,0.0000,112,103.000,1.0000,0,0.9925,,0.850,0,
3791,4,80,fog-89,1,fog,500.0,0.0000,0.0000,76,102.150,0.9011,0,0.9906,,0.850,0,
3792,4,80,fog-89,1,fog,600.0,0.0000,0.0000,102,102.750,1.0000,0,0.9888,,0.850,0,
3793,4,80,fog-89,1,fog,700.0,0.0000,0.0000,79,102.200,0.9084,0,0.9869,,0.850,0,
3794,4,80,fog-89,1,fog,800.0,0.0000,0.0000,74,102.100,0.9045,0,0.9850,,0.850,0,
3795,4,80,fog-89,1,fog,900.0,0.0000,0.0000,63,101.850,0.8370,0,0.9831,,0.850,0,
3796,4,80,fog-89,1,fog,1000.0,0.0000,0.0000,83,102.300,1.0000,0,0.9813,,0.850,0,
3797,4,80,fog-89,1,fog,1100.0,0.0000,0.0000,97,102.650,1.0000,0,0.9794,,0.850,0,
3798,4,80,fog-89,1,fog,1200.0,0.0000,0.0000,118,103.150,1.0000,0,0.9775,,0.850,0,
3799,4,80,fog-89,1,fog,1300.0,0.0000,0.0000,95,102.600,1.0000,0,0.9756,,0.850,0,
3800,4,80,fog-89,1,fog,1400.0,0.0000,0.0000,79,102.200,1.0000,0,0.9738,,0.850,0,
3801,4,80,fog-89,1,fog,1500.0,0.0000,0.0000,91,102.500,1.0000,0,0.9719,,0.850,0,
3802,4,80,fog-89,1,fog,1600.0,0.0000,0.0000,97,102.650,1.0000,0,0.9700,,0.850,0,
3803,4,80,fog-89,1,fog,1700.0,0.0000,0.0000,99,102.700,1.0000,0,0.9681,,0.850,0,
3804,4,80,fog-89,1,fog,1800.0,0.0000,0.0000,122,103.250,1.0000,0,0.9663,,0.850,0,
3805,4,80,fog-89,1,fog,1900.0,0.0000,0.0000,137,103.500,1.0000,0,0.9644,,0.850,0,
3806,4,80,fog-89,1,fog,2000.0,0.0000,0.0000,157,104.100,1.0000,0,0.9625,,0.850,0,
3807,4,80,fog-89,1,fog,2100.0,0.0000,0.0000,136,103.600,1.0000,0,0.9606,,0.850,0,
3808,4,80,fog-89,1,fog,2200.0,0.0000,0.0000,108,102.900,1.0000,0,0.9588,,0.850,0,
3809,4,80,fog-89,1,fog,2300.0,0.0000,0.0000,102,102.750,1.0000,0,0.9569,,0.850,0,
3810,4,80,fog-89,1,fog,2400.0,0.0000,0.0000,120,103.200,1.0000,0,0.9550,,0.850,0,
3811,4,80,fog-89,1,fog,2500.0,0.0000,0.0000,81,102.250,0.9648,0,0.9531,,0.850,0,
3812,4,80,fog-89,1,fog,2600.0,0.0000,0.0000,79,102.200,0.9104,0,0.9513,,0.850,0,
3813,4,80,fog-89,1,fog,2700.0,0.0000,0.0000,97,102.650,1.0000,0,0.9494,,0.850,0,
3814,4,80,fog-89,1,fog,2800.0,0.0000,0.0000,99,102.700,1.0000,0,0.9475,,0.850,0,
3815,4,80,fog-89,1,fog,2900.0,0.0000,0.0000,63,101.850,0.8212,0,0.9456,,0.850,0,
3816,4,80,fog-89,1,fog,3000.0,0.0000,0.0000,63,101.850,0.8343,0,0.9438,,0.850,0,
3817,4,80,fog-89,1,fog,3100.0,0.0000,0.0000,79,102.200,1.0000,0,0.9419,,0.850,0,
3818,4,80,fog-89,1,fog,3200.0,0.0000,0.0000,63,101.850,0.8543,0,0.9400,,0.850,0,
3819,4,80,fog-89,1,fog,3300.0,0.0000,0.0000,54,101.650,0.7168,0,0.9381,,0.850,0,
3820,4,80,fog-89,1,fog,3400.0,0.0000,0.0000,97,102.650,1.0000,0,0.9363,,0.850,0,
3821,4,80,fog-89,1,fog,3500.0,0.0000,0.0000,118,103.150,1.0000,0,0.9344,,0.850,0,
3822,4,80,fog-89,1,fog,3600.0,0.0000,0.0000,157,104.100,1.0000,0,0.9325,,0.850,0,
3823,4,80,fog-89,1,fog,3700.0,0.0000,0.0000,120,103.200,1.0000,0,0.9306,,0.850,0,
3824,4,80,fog-89,1,fog,3800.0,0.0000,0.0000,120,103.200,1.0000,0,0.9288,,0.850,0,
3825,4,80,fog-89,1,fog,3900.0,0.0000,0.0000,81,102.250,1.0000,0,0.9269,,0.850,0,
3826,4,80,fog-89,1,fog,4000.0,0.0000,0.0000,32,101.250,0.4885,0,0.9250,,0.850,0,
3827,4,80,fog-89,1,fog,4100.0,0.0000,0.0000,32,101.250,0.5061,0,0.9231,,0.850,0,
3828,4,80,fog-89,1,fog,4200.0,0.0000,0.0000,38,101.350,0.5297,0,0.9213,,0.850,0,
3829,4,80,fog-89,1,fog,4300.0,0.0000,0.0000,38,101.350,0.5178,0,0.9194,,0.850,0,
3830,4,80,fog-89,1,fog,4400.0,0.0000,0.0000,59,101.750,0.7572,0,0.9175,,0.850,0,
3831,4,80,fog-89,1,fog,4500.0,0.0000,0.0000,61,101.800,0.7412,0,0.9156,,0.850,0,
3832,4,80,fog-89,1,fog,4600.0,0.0000,0.0000,56,101.700,0.7504,0,0.9138,,0.850,0,
3833,4,80,fog-89,1,fog,4700.0,0.0000,0.0000,63,101.850,0.7805,0,0.9119,,0.850,0,
3834,4,80,fog-89,1,fog,4800.0,0.0000,0.0000,56,101.700,0.7190,0,0.9100,,0.850,0,
3835,4,80,fog-89,1,fog,4900.0,0.0000,0.0000,76,102.150,0.9137,0,0.9081,,0.850,0,
3836,4,80,fog-89,1,fog,5000.0,0.0000,0.0000,56,101.700,0.7229,0,0.9063,,0.850,0,
3837,4,81,fog-90,1,fog,0.0,0.0000,0.0000,0,100.000,,0,1.0000,,0.850,0,
3838,4,81,fog-90,1,fog,100.0,0.0000,0.0000,0,100.000,,0,0.9981,,0.850,0,
3839,4,81,fog-90,1,fog,200.0,0.0000,0.0000,0,100.000,,0,0.9963,,0.850,0,
3840,4,81,fog-90,1,fog,300.0,0.0000,0.0000,4,100.200,0.0000,0,0.9944,,0.850,0,
3841,4,81,fog-90,1,fog,400.0,0.0000,0.0000,17,100.850,0.0000,0,0.9925,,0.850,0,
3842,4,81,fog-90,1,fog,500.0,0.0000,0.0000,17,100.850,0.0000,0,0.9906,,0.850,0,
3843,4,81,fog-90,1,fog,600.0,0.0000,0.0000,17,100.850,0.0000,0,0.9888,,0.850,0,
3844,4,81,fog-90,1,fog,700.0,0.0000,0.0000,17,100.850,0.0000,0,0.9869,,0.850,0,
3845,4,81,fog-90,1,fog,800.0,0.0000,0.0000,17,100.850,0.0000,0,0.9850,,0.850,0,
3846,4,81,fog-90,1,fog,900.0,0.0000,0.0000,17,100.850,0.0000,0,0.9831,,0.850,0,
3847,4,81,fog-90,1,fog,1000.0,0.0000,0.0000,17,100.850,0.0000,0,0.9813,,0.850,0,
3848,4,81,fog-90,1,fog,1100.0,0.0000,0.0000,17,100.850,0.0000,0,0.9794,,0.850,0,
3849,4,81,fog-90,1,fog,1200.0,0.0000,0.0000,17,100.850,0.0000,0,0.9775,,0.850,0,
3850,4,81,fog-90,1,fog,1300.0,0.0000,0.0000,17,100.850,0.0000,0,0.9756,,0.850,0,
3851,4,81,fog-90,1,fog,1400.0,0.0000,0.0000,17,100.850,0.0000,0,0.9738,,0.850,0,
3852,4,81,fog-90,1,fog,1500.0,0.0000,0.0000,17,100.850,0.0000,0,0.9719,,0.850,0,
3853,4,81,fog-90,1,fog,1600.0,0.0000,0.0000,17,100.850,0.0000,0,0.9700,,0.850,0,
3854,4,81,fog-90,1,fog,1700.0,0.0000,0.0000,17,100.850,0.0000,0,0.9681,,0.850,0,
3855,4,81,fog-90,1,fog,1800.0,0.0000,0.0000,17,100.850,0.0000,0,0.9663,,0.850,0,
3856,4,81,fog-90,1,fog,1900.0,0.0000,0.0000,16,100.800,0.0000,0,0.9644,,0.850,0,
3857,4,81,fog-90,1,fog,2000.0,0.0000,0.0000,17,100.850,0.0000,0,0.9625,,0.850,0,
3858,4,81,fog-90,1,fog,2100.0,0.0000,0.0000,17,100.850,0.0000,0,0.9606,,0.850,0,
3859,4,81,fog-90,1,fog,2200.0,0.0000,0.0000,17,100.850,0.0000,0,0.9588,,0.850,0,
3860,4,81,fog-90,1,fog,2300.0,0.0000,0.0000,17,100.850,0.0000,0,0.9569,,0.850,0,
3861,4,81,fog-90,1,fog,2400.0,0.0000,0.0000,17,100.850,0.0000,0,0.9550,,0.850,0,
3862,4,81,fog-90,1,fog,2500.0,0.0000,0.0000,17,100.850,0.0000,0,0.9531,,0.850,0,
3863,4,81,fog-90,1,fog,2600.0,0.0000,0.0000,17,100.850,0.0000,0,0.9513,,0.850,0,
3864,4,81,fog-90,1,fog,2700.0,0.0000,0.0000,17,100.850,0.0000,0,0.9494,,0.850,0,
3865,4,81,fog-90,1,fog,2800.0,0.0000,0.0000,17,100.850,0.0000,0,0.9475,,0.850,0,
3866,4,81,fog-90,1,fog,2900.0,0.0000,0.0000,17,100.850,0.0000,0,0.9456,,0.850,0,
3867,4,81,fog-90,1,fog,3000.0,0.0000,0.0000,17,100.850,0.0000,0,0.9438,,0.850,0,
3868,4,81,fog-90,1,fog,3100.0,0.0000,0.0000,17,100.850,0.0000,0,0.9419,,0.850,0,
3869,4,81,fog-90,1,fog,3200.0,0.0000,0.0000,17,100.850,0.0000,0,0.9400,,0.850,0,
3870,4,81,fog-90,1,fog,3300.0,0.0000,0.0000,17,100.850,0.0000,0,0.9381,,0.850,0,
3871,4,81,fog-90,1,fog,3400.0,0.0000,0.0000,17,100.850,0.0000,0,0.9363,,0.850,0,
3872,4,81,fog-90,1,fog,3500.0,0.0000,0.0000,17,100.850,0.0000,0,0.9344,,0.850,0,
3873,4,81,fog-90,1,fog,3600.0,0.0000,0.0000,17,100.850,0.0000,0,0.9325,,0.850,0,
3874,4,81,fog-90,1,fog,3700.0,0.0000,0.0000,17,100.850,0.0000,0,0.9306,,0.850,0,
3875,4,81,fog-90,1,fog,3800.0,0.0000,0.0000,17,100.850,0.0000,0,0.9288,,0.850,0,
3876,4,81,fog-90,1,fog,3900.0,0.0000,0.0000,16,100.800,0.0000,0,0.9269,,0.850,0,
3877,4,81,fog-90,1,fog,4000.0,0.0000,0.0000,17,100.850,0.0000,0,0.9250,,0.850,0,
3878,4,81,fog-90,1,fog,4100.0,0.0000,0.0000,17,100.850,0.0000,0,0.9231,,0.850,0,
3879,4,81,fog-90,1,fog,4200.0,0.0000,0.0000,17,100.850,0.0000,0,0.9213,,0.850,0,
3880,4,81,fog-90,1,fog,4300.0,0.0000,0.0000,17,100.850,0.0000,0,0.9194,,0.850,0,
3881,4,81,fog-90,1,fog,4400.0,0.0000,0.0000,17,100.850,0.0000,0,0.9175,,0.850,0,
3882,4,81,fog-90,1,fog,4500.0,0.0000,0.0000,17,100.850,0.0000,0,0.9156,,0.850,0,
3883,4,81,fog-90,1,fog,4600.0,0.0000,0.0000,17,100.850,0.0000,0,0.9138,,0.850,0,
3884,4,81,fog-90,1,fog,4700.0,0.0000,0.0000,17,100.850,0.0000,0,0.9119,,0.850,0,
3885,4,81,fog-90,1,fog,4800.0,0.0000,0.0000,17,100.850,0.0000,0,0.9100,,0.850,0,
3886,4,81,fog-90,1,fog,4900.0,0.0000,0.0000,17,100.850,0.0000,0,0.9081,,0.850,0,
3887,4,81,fog-90,1,fog,5000.0,0.0000,0.0000,17,100.850,0.0000,0,0.9063,,0.850,0,
3888,4,82,fog-91,1,fog,0.0,0.0000,0.0000,0,100.000,,0,1.0000,,0.850,0,1281.3
3889,4,82,fog-91,1,fog,100.0,0.0000,0.0000,6,100.300,0.7927,0,0.9981,,0.850,0,1281.3
3890,4,82,fog-91,1,fog,200.0,0.0000,0.0000,8,100.350,0.3194,0,0.9963,,0.850,0,1281.3
3891,4,82,fog-91,1,fog,300.0,0.0000,0.0000,4,100.200,0.0000,0,0.9944,,0.850,0,1281.3
3892,4,82,fog-91,1,fog,400.0,0.0000,0.0000,63,101.850,0.8832,0,0.9925,,0.850,0,1281.3
3893,4,82,fog-91,1,fog,500.0,0.0000,0.0000,102,102.750,1.0000,0,0.9906,,0.850,0,1281.3
3894,4,82,fog-91,1,fog,600.0,0.0000,0.0000,91,102.500,1.0000,0,0.9888,,0.850,0,1281.3
3895,4,82,fog-91,1,fog,700.0,0.0000,0.0000,132,103.500,1.0000,0,0.9869,,0.850,0,1281.3
3896,4,82,fog-91,1,fog,800.0,0.0000,0.0000,118,103.150,1.0000,0,0.9850,,0.850,0,1281.3
3897,4,82,fog-91,1,fog,900.0,0.0000,0.0000,112,103.000,1.0000,0,0.9831,,0.850,0,1281.3
3898,4,82,fog-91,1,fog,1000.0,0.0000,0.0000,68,101.950,0.8001,0,0.9813,,0.850,0,1281.3
3899,4,82,fog-91,1,fog,1100.0,0.0000,0.0000,38,101.350,0.5460,0,0.9794,,0.850,1,1281.3
3900,4,82,fog-91,1,fog,1200.0,0.0000,0.0000,32,101.250,0.4948,0,0.9775,,0.850,1,1281.3
3901,4,83,fog-92,1,fog,0.0,0.0000,0.0000,0,100.000,,0,1.0000,,0.850,0,
3902,4,83,fog-92,1,fog,100.0,0.0000,0.0000,3,100.150,0.3333,0,0.9981,,0.850,0,
3903,4,83,fog-92,1,fog,200.0,0.0000,0.0000,0,100.000,,0,0.9963,,0.850,0,
3904,4,83,fog-92,1,fog,300.0,0.0000,0.0000,4,100.200,0.0000,0,0.9944,,0.850,0,
3905,4,83,fog-92,1,fog,400.0,0.0000,0.0000,17,100.850,0.0000,0,0.9925,,0.850,0,
3906,4,83,fog-92,1,fog,500.0,0.0000,0.0000,17,100.850,0.0000,0,0.9906,,0.850,0,
3907,4,83,fog-92,1,fog,600.0,0.0000,0.0000,17,100.850,0.0000,0,0.9888,,0.850,0,
3908,4,83,fog-92,1,fog,700.0,0.0000,0.0000,17,100.850,0.0000,0,0.9869,,0.850,0,
3909,4,83,fog-92,1,fog,800.0,0.0000,0.0000,17,100.850,0.0000,0,0.9850,,0.850,0,
3910,4,83,fog-92,1,fog,900.0,0.0000,0.0000,17,100.850,0.0000,0,0.9831,,0.850,0,
3911,4,83,fog-92,1,fog,1000.0,0.0000,0.0000,17,100.850,0.0000,0,0.9813,,0.850,0,
3912,4,83,fog-92,1,fog,1100.0,0.0000,0.0000,17,100.850,0.0000,0,0.9794,,0.850,0,
3913,4,83,fog-92,1,fog,1200.0,0.0000,0.0000,17,100.850,0.0000,0,0.9775,,0.850,0,
3914,4,83,fog-92,1,fog,1300.0,0.0000,0.0000,17,100.850,0.0000,0,0.9756,,0.850,0,
3915,4,83,fog-92,1,fog,1400.0,0.0000,0.0000,28,101.200,0.4538,0,0.9738,,0.850,0,
3916,4,83,fog-92,1,fog,1500.0,0.0000,0.0000,17,100.850,0.0000,0,0.9719,,0.850,0,
3917,4,83,fog-92,1,fog,1600.0,0.0000,0.0000,17,100.850,0.0000,0,0.9700,,0.850,0,
3918,4,83,fog-92,1,fog,1700.0,0.0000,0.0000,17,100.850,0.0000,0,0.9681,,0.850,0,
3919,4,83,fog-92,1,fog,1800.0,0.0000,0.0000,17,100.850,0.0000,0,0.9663,,0.850,0,
3920,4,83,fog-92,1,fog,1900.0,0.0000,0.0000,16,100.800,0.0000,0,0.9644,,0.850,0,
3921,4,83,fog-92,1,fog,2000.0,0.0000,0.0000,17,100.850,0.0000,0,0.9625,,0.850,0,
3922,4,83,fog-92,1,fog,2100.0,0.0000,0.0000,17,100.850,0.0000,0,0.9606,,0.850,0,
3923,4,83,fog-92,1,fog,2200.0,0.0000,0.0000,17,100.850,0.0000,0,0.9588,,0.850,0,
3924,4,83,fog-92,1,fog,2300.0,0.0000,0.0000,17,100.850,0.0000,0,0.9569,,0.850,0,
3925,4,83,fog-92,1,fog,2400.0,0.0000,0.0000,17,100.850,0.0000,0,0.9550,,0.850,0,
3926,4,83,fog-92,1,fog,2500.0,0.0000,0.0000,17,100.850,0.0000,0,0.9531,,0.850,0,
3927,4,83,fog-92,1,fog,2600.0,0.0000,0.0000,17,100.850,0.0000,0,0.9513,,0.850,0,
3928,4,83,fog-92,1,fog,2700.0,0.0000,0.0000,17,100.850,0.0000,0,0.9494,,0.850,0,
3929,4,83,fog-92,1,fog,2800.0,0.0000,0.0000,17,100.850,0.0000,0,0.9475,,0.850,0,
3930,4,83,fog-92,1,fog,2900.0,0.0000,0.0000,17,100.850,0.0000,0,0.9456,,0.850,0,
3931,4,83,fog-92,1,fog,3000.0,0.0000,0.0000,17,100.850,0.0000,0,0.9438,,0.850,0,
3932,4,83,fog-92,1,fog,3100.0,0.0000,0.0000,17,100.850,0.0000,0,0.9419,,0.850,0,
3933,4,83,fog-92,1,fog,3200.0,0.0000,0.0000,17,100.850,0.0000,0,0.9400,,0.850,0,
3934,4,83,fog-92,1,fog,3300.0,0.0000,0.0000,17,100.850,0.0000,0,0.9381,,0.850,0,
3935,4,83,fog-92,1,fog,3400.0,0.0000,0.0000,17,100.850,0.0000,0,0.9363,,0.850,0,
3936,4,83,fog-92,1,fog,3500.0,0.0000,0.0000,17,100.850,0.0000,0,0.9344,,0.850,0,
3937,4,83,fog-92,1,fog,3600.0,0.0000,0.0000,17,100.850,0.0000,0,0.9325,,0.850,0,
3938,4,83,fog-92,1,fog,3700.0,0.0000,0.0000,17,100.850,0.0000,0,0.9306,,0.850,0,
3939,4,83,fog-92,1,fog,3800.0,0.0000,0.0000,17,100.850,0.0000,0,0.9288,,0.850,0,
3940,4,83,fog-92,1,fog,3900.0,0.0000,0.0000,16,100.800,0.0000,0,0.9269,,0.850,0,
3941,4,83,fog-92,1,fog,4000.0,0.0000,0.0000,17,100.850,0.0000,0,0.9250,,0.850,0,
3942,4,83,fog-92,1,fog,4100.0,0.0000,0.0000,17,100.850,0.0000,0,0.9231,,0.850,0,
3943,4,83,fog-92,1,fog,4200.0,0.0000,0.0000,17,100.850,0.0000,0,0.9213,,0.850,0,
3944,4,83,fog-92,1,fog,4300.0,0.0000,0.0000,17,100.850,0.0000,0,0.9194,,0.850,0,
3945,4,83,fog-92,1,fog,4400.0,0.0000,0.0000,17,100.850,0.0000,0,0.9175,,0.850,0,
3946,4,83,fog-92,1,fog,4500.0,0.0000,0.0000,17,100.850,0.0000,0,0.9156,,0.850,0,
3947,4,83,fog-92,1,fog,4600.0,0.0000,0.0000,35,101.300,0.5337,0,0.9138,,0.850,0,
3948,4,83,fog-92,1,fog,4700.0,0.0000,0.0000,17,100.850,0.0000,0,0.9119,,0.850,0,
3949,4,83,fog-92,1,fog,4800.0,0.0000,0.0000,17,100.850,0.0000,0,0.9100,,0.850,0,
3950,4,83,fog-92,1,fog,4900.0,0.0000,0.0000,17,100.850,0.0000,0,0.9081,,0.850,0,
3951,4,83,fog-92,1,fog,5000.0,0.0000,0.0000,17,100.850,0.0000,0,0.9063,,0.850,0,
3952,4,84,fog-93,1,fog,0.0,0.0000,0.0000,0,100.000,,0,1.0000,,0.850,0,2472.2
3953,4,84,fog-93,1,fog,100.0,0.0000,0.0000,0,100.000,,0,0.9981,,0.850,0,2472.2
3954,4,84,fog-93,1,fog,200.0,0.0000,0.0000,0,100.000,,0,0.9963,,0.850,0,2472.2
3955,4,84,fog-93,1,fog,300.0,0.0000,0.0000,4,100.200,0.0000,0,0.9944,,0.850,0,2472.2
3956,4,84,fog-93,1,fog,400.0,0.0000,0.0000,17,100.850,0.0000,0,0.9925,,0.850,0,2472.2
3957,4,84,fog-93,1,fog,500.0,0.0000,0.0000,17,100.850,0.0000,0,0.9906,,0.850,0,2472.2
3958,4,84,fog-93,1,fog,600.0,0.0000,0.0000,17,100.850,0.0000,0,0.9888,,0.850,0,2472.2
3959,4,84,fog-93,1,fog,700.0,0.0000,0.0000,17,100.850,0.0000,0,0.9869,,0.850,0,2472.2
3960,4,84,fog-93,1,fog,800.0,0.0000,0.0000,17,100.850,0.0000,0,0.9850,,0.850,0,2472.2
3961,4,84,fog-93,1,fog,900.0,0.0000,0.0000,17,100.850,0.0000,0,0.9831,,0.850,0,2472.2
3962,4,84,fog-93,1,fog,1000.0,0.0000,0.0000,17,100.850,0.0000,0,0.9813,,0.850,0,2472.2
3963,4,84,fog-93,1,fog,1100.0,0.0000,0.0000,17,100.850,0.0000,0,0.9794,,0.850,0,2472.2
3964,4,84,fog-93,1,fog,1200.0,0.0000,0.0000,17,100.850,0.0000,0,0.9775,,0.850,0,2472.2
3965,4,84,fog-93,1,fog,1300.0,0.0000,0.0000,17,100.850,0.0000,0,0.9756,,0.850,0,2472.2
3966,4,84,fog-93,1,fog,1400.0,0.0000,0.0000,17,100.850,0.0000,0,0.9738,,0.850,0,2472.2
3967,4,84,fog-93,1,fog,1500.0,0.0000,0.0000,17,100.850,0.0000,0,0.9719,,0.850,0,2472.2
3968,4,84,fog-93,1,fog,1600.0,0.0000,0.0000,17,100.850,0.0000,0,0.9700,,0.850,0,2472.2
3969,4,84,fog-93,1,fog,1700.0,0.0000,0.0000,17,100.850,0.0000,0,0.9681,,0.850,0,2472.2
3970,4,84,fog-93,1,fog,1800.0,0.0000,0.0000,17,100.850,0.0000,0,0.9663,,0.850,0,2472.2
3971,4,84,fog-93,1,fog,1900.0,0.0000,0.0000,16,100.800,0.0000,0,0.9644,,0.850,0,2472.2
3972,4,84,fog-93,1,fog,2000.0,0.0000,0.0000,17,100.850,0.0000,0,0.9625,,0.850,0,2472.2
3973,4,84,fog-93,1,fog,2100.0,0.0000,0.0000,17,100.850,0.0000,0,0.9606,,0.850,0,2472.2
3974,4,84,fog-93,1,fog,2200.0,0.0000,0.0000,17,100.850,0.0000,0,0.9588,,0.850,0,2472.2
3975,4,84,fog-93,1,fog,2300.0,0.0000,0.0000,17,100.850,0.0000,0,0.9569,,0.850,1,2472.2
3976,4,84,fog-93,1,fog,2400.0,0.0000,0.0000,17,100.850,0.0000,0,0.9550,,0.850,1,2472.2
3977,4,85,fog-94,1,fog,0.0,0.0000,0.0000,0,100.000,,0,1.0000,,0.850,0,
3978,4,85,fog-94,1,fog,100.0,0.0000,0.0000,0,100.000,,0,0.9981,,0.850,0,
3979,4,85,fog-94,1,fog,200.0,0.0000,0.0000,0,100.000,,0,0.9963,,0.850,0,
3980,4,85,fog-94,1,fog,300.0,0.0000,0.0000,4,100.200,0.0000,0,0.9944,,0.850,0,
3981,4,85,fog-94,1,fog,400.0,0.0000,0.0000,17,100.850,0.0000,0,0.9925,,0.850,0,
3982,4,85,fog-94,1,fog,500.0,0.0000,0.0000,17,100.850,0.0000,0,0.9906,,0.850,0,
3983,4,85,fog-94,1,fog,600.0,0.0000,0.0000,17,100.850,0.0000,0,0.9888,,0.850,0,
3984,4,85,fog-94,1,fog,700.0,0.0000,0.0000,17,100.850,0.0000,0,0.9869,,0.850,0,
3985,4,85,fog-94,1,fog,800.0,0.0000,0.0000,17,100.850,0.0000,0,0.9850,,0.850,0,
3986,4,85,fog-94,1,fog,900.0,0.0000,0.0000,17,100.850,0.0000,0,0.9831,,0.850,0,
3987,4,85,fog-94,1,fog,1000.0,0.0000,0.0000,17,100.850,0.0000,0,0.9813,,0.850,0,
3988,4,85,fog-94,1,fog,1100.0,0.0000,0.0000,17,100.850,0.0000,0,0.9794,,0.850,0,
3989,4,85,fog-94,1,fog,1200.0,0.0000,0.0000,17,100.850,0.0000,0,0.9775,,0.850,0,
3990,4,85,fog-94,1,fog,1300.0,0.0000,0.0000,17,100.850,0.0000,0,0.9756,,0.850,0,
3991,4,85,fog-94,1,fog,1400.0,0.0000,0.0000,17,100.850,0.0000,0,0.9738,,0.850,0,
3992,4,85,fog-94,1,fog,1500.0,0.0000,0.0000,17,100.850,0.0000,0,0.9719,,0.850,0,
3993,4,85,fog-94,1,fog,1600.0,0.0000,0.0000,17,100.850,0.0000,0,0.9700,,0.850,0,
3994,4,85,fog-94,1,fog,1700.0,0.0000,0.0000,17,100.850,0.0000,0,0.9681,,0.850,0,
3995,4,85,fog-94,1,fog,1800.0,0.0000,0.0000,17,100.850,0.0000,0,0.9663,,0.850,0,
3996,4,85,fog-94,1,fog,1900.0,0.0000,0.0000,16,100.800,0.0000,0,0.9644,,0.850,0,
3997,4,85,fog-94,1,fog,2000.0,0.0000,0.0000,17,100.850,0.0000,0,0.9625,,0.850,0,
3998,4,85,fog-94,1,fog,2100.0,0.0000,0.0000,17,100.850,0.0000,0,0.9606,,0.850,0,
3999,4,85,fog-94,1,fog,2200.0,0.0000,0.0000,17,100.850,0.0000,0,0.9588,,0.850,0,
4000,4,85,fog-94,1,fog,2300.0,0.0000,0.0000,17,100.850,0.0000,0,0.9569,,0.850,0,
4001,4,85,fog-94,1,fog,2400.0,0.0000,0.0000,17,100.850,0.0000,0,0.9550,,0.850,0,
4002,4,85,fog-94,1,fog,2500.0,0.0000,0.0000,17,100.850,0.0000,0,0.9531,,0.850,0,
4003,4,85,fog-94,1,fog,2600.0,0.0000,0.0000,17,100.850,0.0000,0,0.9513,,0.850,0,
4004,4,85,fog-94,1,fog,2700.0,0.0000,0.0000,17,100.850,0.0000,0,0.9494,,0.850,0,
4005,4,85,fog-94,1,fog,2800.0,0.0000,0.0000,17,100.850,0.0000,0,0.9475,,0.850,0,
4006,4,85,fog-94,1,fog,2900.0,0.0000,0.0000,17,100.850,0.0000,0,0.9456,,0.850,0,
4007,4,85,fog-94,1,fog,3000.0,0.0000,0.0000,17,100.850,0.0000,0,0.9438,,0.850,0,
4008,4,85,fog-94,1,fog,3100.0,0.0000,0.0000,17,100.850,0.0000,0,0.9419,,0.850,0,
4009,4,85,fog-94,1,fog,3200.0,0.0000,0.0000,17,100.850,0.0000,0,0.9400,,0.850,0,
4010,4,85,fog-94,1,fog,3300.0,0.0000,0.0000,17,100.850,0.0000,0,0.9381,,0.850,0,
4011,4,85,fog-94,1,fog,3400.0,0.0000,0.0000,17,100.850,0.0000,0,0.9363,,0.850,0,
4012,4,85,fog-94,1,fog,3500.0,0.0000,0.0000,17,100.850,0.0000,0,0.9344,,0.850,0,
4013,4,85,fog-94,1,fog,3600.0,0.0000,0.0000,17,100.850,0.0000,0,0.9325,,0.850,0,
4014,4,85,fog-94,1,fog,3700.0,0.0000,0.0000,17,100.850,0.0000,0,0.9306,,0.850,0,
4015,4,85,fog-94,1,fog,3800.0,0.0000,0.0000,16,100.800,0.0000,0,0.9288,,0.850,0,
4016,4,85,fog-94,1,fog,3900.0,0.0000,0.0000,17,100.850,0.0000,0,0.9269,,0.850,0,
4017,4,85,fog-94,1,fog,4000.0,0.0000,0.0000,17,100.850,0.0000,0,0.9250,,0.850,0,
4018,4,85,fog-94,1,fog,4100.0,0.0000,0.0000,17,100.850,0.0000,0,0.9231,,0.850,0,
4019,4,85,fog-94,1,fog,4200.0,0.0000,0.0000,17,100.850,0.0000,0,0.9213,,0.850,0,
4020,4,85,fog-94,1,fog,4300.0,0.0000,0.0000,17,100.850,0.0000,0,0.9194,,0.850,0,
4021,4,85,fog-94,1,fog,4400.0,0.0000,0.0000,17,100.850,0.0000,0,0.9175,,0.850,0,
4022,4,85,fog-94,1,fog,4500.0,0.0000,0.0000,17,100.850,0.0000,0,0.9156,,0.850,0,
4023,4,85,fog-94,1,fog,4600.0,0.0000,0.0000,17,100.850,0.0000,0,0.9138,,0.850,0,
4024,4,85,fog-94,1,fog,4700.0,0.0000,0.0000,17,100.850,0.0000,0,0.9119,,0.850,0,
4025,4,85,fog-94,1,fog,4800.0,0.0000,0.0000,17,100.850,0.0000,0,0.9100,,0.850,0,
4026,4,85,fog-94,1,fog,4900.0,0.0000,0.0000,17,100.850,0.0000,0,0.9081,,0.850,0,
4027,4,85,fog-94,1,fog,5000.0,0.0000,0.0000,17,100.850,0.0000,0,0.9063,,0.850,0,
4028,4,86,fog-95,1,fog,0.0,0.0000,0.0000,0,100.000,,0,1.0000,,0.850,0,
4029,4,86,fog-95,1,fog,100.0,0.0000,0.0000,0,100.000,,0,0.9981,,0.850,0,
4030,4,86,fog-95,1,fog,200.0,0.0000,0.0000,0,100.000,,0,0.9963,,0.850,0,
4031,4,86,fog-95,1,fog,300.0,0.0000,0.0000,4,100.200,0.0000,0,0.9944,,0.850,0,
4032,4,86,fog-95,1,fog,400.0,0.0000,0.0000,17,100.850,0.0000,0,0.9925,,0.850,0,
4033,4,86,fog-95,1,fog,500.0,0.0000,0.0000,17,100.850,0.0000,0,0.9906,,0.850,0,
4034,4,86,fog-95,1,fog,600.0,0.0000,0.0000,17,100.850,0.0000,0,0.9888,,0.850,0,
4035,4,86,fog-95,1,fog,700.0,0.0000,0.0000,17,100.850,0.0000,0,0.9869,,0.850,0,
4036,4,86,fog-95,1,fog,800.0,0.0000,0.0000,17,100.850,0.0000,0,0.9850,,0.850,0,
4037,4,86,fog-95,1,fog,900.0,0.0000,0.0000,17,100.850,0.0000,0,0.9831,,0.850,0,
4038,4,86,fog-95,1,fog,1000.0,0.0000,0.0000,17,100.850,0.0000,0,0.9813,,0.850,0,
4039,4,86,fog-95,1,fog,1100.0,0.0000,0.0000,17,100.850,0.0000,0,0.9794,,0.850,0,
4040,4,86,fog-95,1,fog,1200.0,0.0000,0.0000,17,100.850,0.0000,0,0.9775,,0.850,0,
4041,4,86,fog-95,1,fog,1300.0,0.0000,0.0000,17,100.850,0.0000,0,0.9756,,0.850,0,
4042,4,86,fog-95,1,fog,1400.0,0.0000,0.0000,17,100.850,0.0000,0,0.9738,,0.850,0,
4043,4,86,fog-95,1,fog,1500.0,0.0000,0.0000,17,100.850,0.0000,0,0.9719,,0.850,0,
4044,4,86,fog-95,1,fog,1600.0,0.0000,0.0000,17,100.850,0.0000,0,0.9700,,0.850,0,
4045,4,86,fog-95,1,fog,1700.0,0.0000,0.0000,17,100.850,0.0000,0,0.9681,,0.850,0,
4046,4,86,fog-95,1,fog,1800.0,0.0000,0.0000,38,101.350,0.5355,0,0.9663,,0.850,0,
4047,4,86,fog-95,1,fog,1900.0,0.0000,0.0000,16,100.800,0.0000,0,0.9644,,0.850,0,
4048,4,86,fog-95,1,fog,2000.0,0.0000,0.0000,17,100.850,0.0000,0,0.9625,,0.850,0,
4049,4,86,fog-95,1,fog,2100.0,0.0000,0.0000,17,100.850,0.0000,0,0.9606,,0.850,0,
4050,4,86,fog-95,1,fog,2200.0,0.0000,0.0000,17,100.850,0.0000,0,0.9588,,0.850,0,
4051,4,86,fog-95,1,fog,2300.0,0.0000,0.0000,17,100.850,0.0000,0,0.9569,,0.850,0,
4052,4,86,fog-95,1,fog,2400.0,0.0000,0.0000,17,100.850,0.0000,0,0.9550,,0.850,0,
4053,4,86,fog-95,1,fog,2500.0,0.0000,0.0000,17,100.850,0.0000,0,0.9531,,0.850,0,
4054,4,86,fog-95,1,fog,2600.0,0.0000,0.0000,17,100.850,0.0000,0,0.9513,,0.850,0,
4055,4,86,fog-95,1,fog,2700.0,0.0000,0.0000,17,100.850,0.0000,0,0.9494,,0.850,0,
4056,4,86,fog-95,1,fog,2800.0,0.0000,0.0000,17,100.850,0.0000,0,0.9475,,0.850,0,
4057,4,86,fog-95,1,fog,2900.0,0.0000,0.0000,17,100.850,0.0000,0,0.9456,,0.850,0,
4058,4,86,fog-95,1,fog,3000.0,0.0000,0.0000,17,100.850,0.0000,0,0.9438,,0.850,0,
4059,4,86,fog-95,1,fog,3100.0,0.0000,0.0000,17,100.850,0.0000,0,0.9419,,0.850,0,
4060,4,86,fog-95,1,fog,3200.0,0.0000,0.0000,17,100.850,0.0000,0,0.9400,,0.850,0,
4061,4,86,fog-95,1,fog,3300.0,0.0000,0.0000,17,100.850,0.0000,0,0.9381,,0.850,0,
4062,4,86,fog-95,1,fog,3400.0,0.0000,0.0000,35,101.300,0.5206,0,0.9363,,0.850,0,
4063,4,86,fog-95,1,fog,3500.0,0.0000,0.0000,17,100.850,0.0000,0,0.9344,,0.850,0,
4064,4,86,fog-95,1,fog,3600.0,0.0000,0.0000,17,100.850,0.0000,0,0.9325,,0.850,0,
4065,4,86,fog-95,1,fog,3700.0,0.0000,0.0000,17,100.850,0.0000,0,0.9306,,0.850,0,
4066,4,86,fog-95,1,fog,3800.0,0.0000,0.0000,16,100.800,0.0000,0,0.9288,,0.850,0,
4067,4,86,fog-95,1,fog,3900.0,0.0000,0.0000,17,100.850,0.0000,0,0.9269,,0.850,0,
4068,4,86,fog-95,1,fog,4000.0,0.0000,0.0000,17,100.850,0.0000,0,0.9250,,0.850,0,
4069,4,86,fog-95,1,fog,4100.0,0.0000,0.0000,17,100.850,0.0000,0,0.9231,,0.850,0,
4070,4,86,fog-95,1,fog,4200.0,0.0000,0.0000,17,100.850,0.0000,0,0.9213,,0.850,0,
4071,4,86,fog-95,1,fog,4300.0,0.0000,0.0000,17,100.850,0.0000,0,0.9194,,0.850,0,
4072,4,86,fog-95,1,fog,4400.0,0.0000,0.0000,17,100.850,0.0000,0,0.9175,,0.850,0,
4073,4,86,fog-95,1,fog,4500.0,0.0000,0.0000,17,100.850,0.0000,0,0.9156,,0.850,0,
4074,4,86,fog-95,1,fog,4600.0,0.0000,0.0000,17,100.850,0.0000,0,0.9138,,0.850,0,
4075,4,86,fog-95,1,fog,4700.0,0.0000,0.0000,17,100.850,0.0000,0,0.9119,,0.850,0,
4076,4,86,fog-95,1,fog,4800.0,0.0000,0.0000,17,100.850,0.0000,0,0.9100,,0.850,0,
4077,4,86,fog-95,1,fog,4900.0,0.0000,0.0000,17,100.850,0.0000,0,0.9081,,0.850,0,
4078,4,86,fog-95,1,fog,5000.0,0.0000,0.0000,35,101.300,0.5315,0,0.9063,,0.850,0,
4079,4,87,fog-96,1,fog,0.0,0.0000,0.0000,0,100.000,,0,1.0000,,0.850,0,
4080,4,87,fog-96,1,fog,100.0,0.0000,0.0000,10,100.400,1.0000,0,0.9981,,0.850,0,
4081,4,87,fog-96,1,fog,200.0,0.0000,0.0000,34,101.000,1.0000,0,0.9963,,0.850,0,
4082,4,87,fog-96,1,fog,300.0,0.0000,0.0000,39,101.150,1.0000,0,0.9944,,0.850,0,
4083,4,87,fog-96,1,fog,400.0,0.0000,0.0000,59,101.750,0.8209,0,0.9925,,0.850,0,
4084,4,87,fog-96,1,fog,500.0,0.0000,0.0000,56,101.700,0.7887,0,0.9906,,0.850,0,
4085,4,87,fog-96,1,fog,600.0,0.0000,0.0000,56,101.700,0.7955,0,0.9888,,0.850,0,
4086,4,87,fog-96,1,fog,700.0,0.0000,0.0000,32,101.250,0.4918,0,0.9869,,0.850,0,
4087,4,87,fog-96,1,fog,800.0,0.0000,0.0000,38,101.350,0.5365,0,0.9850,,0.850,0,
4088,4,87,fog-96,1,fog,900.0,0.0000,0.0000,38,101.350,0.5352,0,0.9831,,0.850,0,
4089,4,87,fog-96,1,fog,1000.0,0.0000,0.0000,35,101.300,0.5298,0,0.9813,,0.850,0,
4090,4,87,fog-96,1,fog,1100.0,0.0000,0.0000,38,101.350,0.5305,0,0.9794,,0.850,0,
4091,4,87,fog-96,1,fog,1200.0,0.0000,0.0000,32,101.250,0.5010,0,0.9775,,0.850,0,
4092,4,87,fog-96,1,fog,1300.0,0.0000,0.0000,38,101.350,0.5410,0,0.9756,,0.850,0,
4093,4,87,fog-96,1,fog,1400.0,0.0000,0.0000,17,100.850,0.0000,0,0.9738,,0.850,0,
4094,4,87,fog-96,1,fog,1500.0,0.0000,0.0000,17,100.850,0.0000,0,0.9719,,0.850,0,
4095,4,87,fog-96,1,fog,1600.0,0.0000,0.0000,17,100.850,0.0000,0,0.9700,,0.850,0,
4096,4,87,fog-96,1,fog,1700.0,0.0000,0.0000,17,100.850,0.0000,0,0.9681,,0.850,0,
4097,4,87,fog-96,1,fog,1800.0,0.0000,0.0000,16,100.800,0.0000,0,0.9663,,0.850,0,
4098,4,87,fog-96,1,fog,1900.0,0.0000,0.0000,17,100.850,0.0000,0,0.9644,,0.850,0,
4099,4,87,fog-96,1,fog,2000.0,0.0000,0.0000,38,101.350,0.5320,0,0.9625,,0.850,0,
4100,4,87,fog-96,1,fog,2100.0,0.0000,0.0000,35,101.300,0.5261,0,0.9606,,0.850,0,
4101,4,87,fog-96,1,fog,2200.0,0.0000,0.0000,38,101.350,0.5314,0,0.9588,,0.850,0,
4102,4,87,fog-96,1,fog,2300.0,0.0000,0.0000,35,101.300,0.5083,0,0.9569,,0.850,0,
4103,4,87,fog-96,1,fog,2400.0,0.0000,0.0000,35,101.300,0.5232,0,0.9550,,0.850,0,
4104,4,87,fog-96,1,fog,2500.0,0.0000,0.0000,35,101.300,0.5016,0,0.9531,,0.850,0,
4105,4,87,fog-96,1,fog,2600.0,0.0000,0.0000,35,101.300,0.5149,0,0.9513,,0.850,0,
4106,4,87,fog-96,1,fog,2700.0,0.0000,0.0000,41,101.400,0.5532,0,0.9494,,0.850,0,
4107,4,87,fog-96,1,fog,2800.0,0.0000,0.0000,32,101.250,0.4877,0,0.9475,,0.850,0,
4108,4,87,fog-96,1,fog,2900.0,0.0000,0.0000,17,100.850,0.0000,0,0.9456,,0.850,0,
4109,4,87,fog-96,1,fog,3000.0,0.0000,0.0000,17,100.850,0.0000,0,0.9438,,0.850,0,
4110,4,87,fog-96,1,fog,3100.0,0.0000,0.0000,17,100.850,0.0000,0,0.9419,,0.850,0,
4111,4,87,fog-96,1,fog,3200.0,0.0000,0.0000,17,100.850,0.0000,0,0.9400,,0.850,0,
4112,4,87,fog-96,1,fog,3300.0,0.0000,0.0000,17,100.850,0.0000,0,0.9381,,0.850,0,
4113,4,87,fog-96,1,fog,3400.0,0.0000,0.0000,17,100.850,0.0000,0,0.9363,,0.850,0,
4114,4,87,fog-96,1,fog,3500.0,0.0000,0.0000,17,100.850,0.0000,0,0.9344,,0.850,0,
4115,4,87,fog-96,1,fog,3600.0,0.0000,0.0000,17,100.850,0.0000,0,0.9325,,0.850,0,
4116,4,87,fog-96,1,fog,3700.0,0.0000,0.0000,17,100.850,0.0000,0,0.9306,,0.850,0,
4117,4,87,fog-96,1,fog,3800.0,0.0000,0.0000,34,101.250,0.5048,0,0.9288,,0.850,0,
4118,4,87,fog-96,1,fog,3900.0,0.0000,0.0000,38,101.350,0.5295,0,0.9269,,0.850,0,
4119,4,87,fog-96,1,fog,4000.0,0.0000,0.0000,35,101.300,0.5121,0,0.9250,,0.850,0,
4120,4,87,fog-96,1,fog,4100.0,0.0000,0.0000,35,101.300,0.5268,0,0.9231,,0.850,0,
4121,4,87,fog-96,1,fog,4200.0,0.0000,0.0000,35,101.300,0.5339,0,0.9213,,0.850,0,
4122,4,87,fog-96,1,fog,4300.0,0.0000,0.0000,28,101.200,0.4432,0,0.9194,,0.850,0,
4123,4,87,fog-96,1,fog,4400.0,0.0000,0.0000,38,101.350,0.5084,0,0.9175,,0.850,0,
4124,4,87,fog-96,1,fog,4500.0,0.0000,0.0000,41,101.400,0.5646,0,0.9156,,0.850,0,
4125,4,87,fog-96,1,fog,4600.0,0.0000,0.0000,32,101.250,0.4696,0,0.9138,,0.850,0,
4126,4,87,fog-96,1,fog,4700.0,0.0000,0.0000,17,100.850,0.0000,0,0.9119,,0.850,0,
4127,4,87,fog-96,1,fog,4800.0,0.0000,0.0000,17,100.850,0.0000,0,0.9100,,0.850,0,
4128,4,87,fog-96,1,fog,4900.0,0.0000,0.0000,17,100.850,0.0000,0,0.9081,,0.850,0,
4129,4,87,fog-96,1,fog,5000.0,0.0000,0.0000,17,100.850,0.0000,0,0.9063,,0.850,0,
4130,4,88,fog-97,1,fog,0.0,0.0000,0.0000,0,100.000,,0,1.0000,,0.850,0,
4131,4,88,fog-97,1,fog,100.0,0.0000,0.0000,0,100.000,,0,0.9981,,0.850,0,
4132,4,88,fog-97,1,fog,200.0,0.0000,0.0000,0,100.000,,0,0.9963,,0.850,0,
4133,4,88,fog-97,1,fog,300.0,0.0000,0.0000,13,100.550,0.6662,0,0.9944,,0.850,0,
4134,4,88,fog-97,1,fog,400.0,0.0000,0.0000,17,100.850,0.0000,0,0.9925,,0.850,0,
4135,4,88,fog-97,1,fog,500.0,0.0000,0.0000,17,100.850,0.0000,0,0.9906,,0.850,0,
4136,4,88,fog-97,1,fog,600.0,0.0000,0.0000,17,100.850,0.0000,0,0.9888,,0.850,0,
4137,4,88,fog-97,1,fog,700.0,0.0000,0.0000,17,100.850,0.0000,0,0.9869,,0.850,0,
4138,4,88,fog-97,1,fog,800.0,0.0000,0.0000,32,101.250,0.4978,0,0.9850,,0.850,0,
4139,4,88,fog-97,1,fog,900.0,0.0000,0.0000,17,100.850,0.0000,0,0.9831,,0.850,0,
4140,4,88,fog-97,1,fog,1000.0,0.0000,0.0000,17,100.850,0.0000,0,0.9813,,0.850,0,
4141,4,88,fog-97,1,fog,1100.0,0.0000,0.0000,17,100.850,0.0000,0,0.9794,,0.850,0,
4142,4,88,fog-97,1,fog,1200.0,0.0000,0.0000,17,100.850,0.0000,0,0.9775,,0.850,0,
4143,4,88,fog-97,1,fog,1300.0,0.0000,0.0000,17,100.850,0.0000,0,0.9756,,0.850,0,
4144,4,88,fog-97,1,fog,1400.0,0.0000,0.0000,17,100.850,0.0000,0,0.9738,,0.850,0,
4145,4,88,fog-97,1,fog,1500.0,0.0000,0.0000,17,100.850,0.0000,0,0.9719,,0.850,0,
4146,4,88,fog-97,1,fog,1600.0,0.0000,0.0000,38,101.350,0.5425,0,0.9700,,0.850,0,
4147,4,88,fog-97,1,fog,1700.0,0.0000,0.0000,32,101.250,0.4955,0,0.9681,,0.850,0,
4148,4,88,fog-97,1,fog,1800.0,0.0000,0.0000,31,101.200,0.5057,0,0.9663,,0.850,0,
4149,4,88,fog-97,1,fog,1900.0,0.0000,0.0000,17,100.850,0.0000,0,0.9644,,0.850,0,
4150,4,88,fog-97,1,fog,2000.0,0.0000,0.0000,17,100.850,0.0000,0,0.9625,,0.850,0,
4151,4,88,fog-97,1,fog,2100.0,0.0000,0.0000,32,101.250,0.5152,0,0.9606,,0.850,0,
4152,4,88,fog-97,1,fog,2200.0,0.0000,0.0000,17,100.850,0.0000,0,0.9588,,0.850,0,
4153,4,88,fog-97,1,fog,2300.0,0.0000,0.0000,17,100.850,0.0000,0,0.9569,,0.850,0,
4154,4,88,fog-97,1,fog,2400.0,0.0000,0.0000,17,100.850,0.0000,0,0.9550,,0.850,0,
4155,4,88,fog-97,1,fog,2500.0,0.0000,0.0000,35,101.300,0.5104,0,0.9531,,0.850,0,
4156,4,88,fog-97,1,fog,2600.0,0.0000,0.0000,17,100.850,0.0000,0,0.9513,,0.850,0,
4157,4,88,fog-97,1,fog,2700.0,0.0000,0.0000,17,100.850,0.0000,0,0.9494,,0.850,0,
4158,4,88,fog-97,1,fog,2800.0,0.0000,0.0000,17,100.850,0.0000,0,0.9475,,0.850,0,
4159,4,88,fog-97,1,fog,2900.0,0.0000,0.0000,17,100.850,0.0000,0,0.9456,,0.850,0,
4160,4,88,fog-97,1,fog,3000.0,0.0000,0.0000,17,100.850,0.0000,0,0.9438,,0.850,0,
4161,4,88,fog-97,1,fog,3100.0,0.0000,0.0000,17,100.850,0.0000,0,0.9419,,0.850,0,
4162,4,88,fog-97,1,fog,3200.0,0.0000,0.0000,17,100.850,0.0000,0,0.9400,,0.850,0,
4163,4,88,fog-97,1,fog,3300.0,0.0000,0.0000,17,100.850,0.0000,0,0.9381,,0.850,0,
4164,4,88,fog-97,1,fog,3400.0,0.0000,0.0000,17,100.850,0.0000,0,0.9363,,0.850,0,
4165,4,88,fog-97,1,fog,3500.0,0.0000,0.0000,17,100.850,0.0000,0,0.9344,,0.850,0,
4166,4,88,fog-97,1,fog,3600.0,0.0000,0.0000,17,100.850,0.0000,0,0.9325,,0.850,0,
4167,4,88,fog-97,1,fog,3700.0,0.0000,0.0000,17,100.850,0.0000,0,0.9306,,0.850,0,
4168,4,88,fog-97,1,fog,3800.0,0.0000,0.0000,16,100.800,0.0000,0,0.9288,,0.850,0,
4169,4,88,fog-97,1,fog,3900.0,0.0000,0.0000,17,100.850,0.0000,0,0.9269,,0.850,0,
4170,4,88,fog-97,1,fog,4000.0,0.0000,0.0000,38,101.350,0.4984,0,0.9250,,0.850,0,
4171,4,88,fog-97,1,fog,4100.0,0.0000,0.0000,17,100.850,0.0000,0,0.9231,,0.850,0,
4172,4,88,fog-97,1,fog,4200.0,0.0000,0.0000,17,100.850,0.0000,0,0.9213,,0.850,0,
4173,4,88,fog-97,1,fog,4300.0,0.0000,0.0000,17,100.850,0.0000,0,0.9194,,0.850,0,
4174,4,88,fog-97,1,fog,4400.0,0.0000,0.0000,17,100.850,0.0000,0,0.9175,,0.850,0,
4175,4,88,fog-97,1,fog,4500.0,0.0000,0.0000,17,100.850,0.0000,0,0.9156,,0.850,0,
4176,4,88,fog-97,1,fog,4600.0,0.0000,0.0000,17,100.850,0.0000,0,0.9138,,0.850,0,
4177,4,88,fog-97,1,fog,4700.0,0.0000,0.0000,17,100.850,0.0000,0,0.9119,,0.850,0,
4178,4,88,fog-97,1,fog,4800.0,0.0000,0.0000,17,100.850,0.0000,0,0.9100,,0.850,0,
4179,4,88,fog-97,1,fog,4900.0,0.0000,0.0000,32,101.250,0.5322,0,0.9081,,0.850,0,
4180,4,88,fog-97,1,fog,5000.0,0.0000,0.0000,38,101.350,0.5049,0,0.9063,,0.850,0,
4181,4,89,fog-98,1,fog,0.0,0.0000,0.0000,0,100.000,,0,1.0000,,0.850,0,
4182,4,89,fog-98,1,fog,100.0,0.0000,0.0000,0,100.000,,0,0.9981,,0.850,0,
4183,4,89,fog-98,1,fog,200.0,0.0000,0.0000,0,100.000,,0,0.9963,,0.850,0,
4184,4,89,fog-98,1,fog,300.0,0.0000,0.0000,4,100.200,0.0000,0,0.9944,,0.850,0,
4185,4,89,fog-98,1,fog,400.0,0.0000,0.0000,17,100.850,0.0000,0,0.9925,,0.850,0,
4186,4,89,fog-98,1,fog,500.0,0.0000,0.0000,17,100.850,0.0000,0,0.9906,,0.850,0,
4187,4,89,fog-98,1,fog,600.0,0.0000,0.0000,61,101.800,0.8551,0,0.9888,,0.850,0,
4188,4,89,fog-98,1,fog,700.0,0.0000,0.0000,56,101.700,0.7958,0,0.9869,,0.850,0,
4189,4,89,fog-98,1,fog,800.0,0.0000,0.0000,32,101.250,0.5043,0,0.9850,,0.850,0,
4190,4,89,fog-98,1,fog,900.0,0.0000,0.0000,17,100.850,0.0000,0,0.9831,,0.850,0,
4191,4,89,fog-98,1,fog,1000.0,0.0000,0.0000,38,101.350,0.5312,0,0.9813,,0.850,0,
4192,4,89,fog-98,1,fog,1100.0,0.0000,0.0000,32,101.250,0.5204,0,0.9794,,0.850,0,
4193,4,89,fog-98,1,fog,1200.0,0.0000,0.0000,17,100.850,0.0000,0,0.9775,,0.850,0,
4194,4,89,fog-98,1,fog,1300.0,0.0000,0.0000,17,100.850,0.0000,0,0.9756,,0.850,0,
4195,4,89,fog-98,1,fog,1400.0,0.0000,0.0000,17,100.850,0.0000,0,0.9738,,0.850,0,
4196,4,89,fog-98,1,fog,1500.0,0.0000,0.0000,17,100.850,0.0000,0,0.9719,,0.850,0,
4197,4,89,fog-98,1,fog,1600.0,0.0000,0.0000,17,100.850,0.0000,0,0.9700,,0.850,0,
4198,4,89,fog-98,1,fog,1700.0,0.0000,0.0000,17,100.850,0.0000,0,0.9681,,0.850,0,
4199,4,89,fog-98,1,fog,1800.0,0.0000,0.0000,16,100.800,0.0000,0,0.9663,,0.850,0,
4200,4,89,fog-98,1,fog,1900.0,0.0000,0.0000,17,100.850,0.0000,0,0.9644,,0.850,0,
4201,4,89,fog-98,1,fog,2000.0,0.0000,0.0000,17,100.850,0.0000,0,0.9625,,0.850,0,
4202,4,89,fog-98,1,fog,2100.0,0.0000,0.0000,35,101.300,0.5252,0,0.9606,,0.850,0,
4203,4,89,fog-98,1,fog,2200.0,0.0000,0.0000,32,101.250,0.4900,0,0.9588,,0.850,0,
4204,4,89,fog-98,1,fog,2300.0,0.0000,0.0000,32,101.250,0.4868,0,0.9569,,0.850,0,
4205,4,89,fog-98,1,fog,2400.0,0.0000,0.0000,17,100.850,0.0000,0,0.9550,,0.850,0,
4206,4,89,fog-98,1,fog,2500.0,0.0000,0.0000,17,100.850,0.0000,0,0.9531,,0.850,0,
4207,4,89,fog-98,1,fog,2600.0,0.0000,0.0000,17,100.850,0.0000,0,0.9513,,0.850,0,
4208,4,89,fog-98,1,fog,2700.0,0.0000,0.0000,17,100.850,0.0000,0,0.9494,,0.850,0,
4209,4,89,fog-98,1,fog,2800.0,0.0000,0.0000,17,100.850,0.0000,0,0.9475,,0.850,0,
4210,4,89,fog-98,1,fog,2900.0,0.0000,0.0000,17,100.850,0.0000,0,0.9456,,0.850,0,
4211,4,89,fog-98,1,fog,3000.0,0.0000,0.0000,17,100.850,0.0000,0,0.9438,,0.850,0,
4212,4,89,fog-98,1,fog,3100.0,0.0000,0.0000,17,100.850,0.0000,0,0.9419,,0.850,0,
4213,4,89,fog-98,1,fog,3200.0,0.0000,0.0000,17,100.850,0.0000,0,0.9400,,0.850,0,
4214,4,89,fog-98,1,fog,3300.0,0.0000,0.0000,17,100.850,0.0000,0,0.9381,,0.850,0,
4215,4,89,fog-98,1,fog,3400.0,0.0000,0.0000,38,101.350,0.5479,0,0.9363,,0.850,0,
4216,4,89,fog-98,1,fog,3500.0,0.0000,0.0000,35,101.300,0.5394,0,0.9344,,0.850,0,
4217,4,89,fog-98,1,fog,3600.0,0.0000,0.0000,61,101.800,0.8523,0,0.9325,,0.850,0,
4218,4,89,fog-98,1,fog,3700.0,0.0000,0.0000,17,100.850,0.0000,0,0.9306,,0.850,0,
4219,4,89,fog-98,1,fog,3800.0,0.0000,0.0000,16,100.800,0.0000,0,0.9288,,0.850,0,
4220,4,89,fog-98,1,fog,3900.0,0.0000,0.0000,17,100.850,0.0000,0,0.9269,,0.850,0,
4221,4,89,fog-98,1,fog,4000.0,0.0000,0.0000,17,100.850,0.0000,0,0.9250,,0.850,0,
4222,4,89,fog-98,1,fog,4100.0,0.0000,0.0000,17,100.850,0.0000,0,0.9231,,0.850,0,
4223,4,89,fog-98,1,fog,4200.0,0.0000,0.0000,17,100.850,0.0000,0,0.9213,,0.850,0,
4224,4,89,fog-98,1,fog,4300.0,0.0000,0.0000,35,101.300,0.4903,0,0.9194,,0.850,0,
4225,4,89,fog-98,1,fog,4400.0,0.0000,0.0000,17,100.850,0.0000,0,0.9175,,0.850,0,
4226,4,89,fog-98,1,fog,4500.0,0.0000,0.0000,17,100.850,0.0000,0,0.9156,,0.850,0,
4227,4,89,fog-98,1,fog,4600.0,0.0000,0.0000,17,100.850,0.0000,0,0.9138,,0.850,0,
4228,4,89,fog-98,1,fog,4700.0,0.0000,0.0000,17,100.850,0.0000,0,0.9119,,0.850,0,
4229,4,89,fog-98,1,fog,4800.0,0.0000,0.0000,17,100.850,0.0000,0,0.9100,,0.850,0,
4230,4,89,fog-98,1,fog,4900.0,0.0000,0.0000,17,100.850,0.0000,0,0.9081,,0.850,0,
4231,4,89,fog-98,1,fog,5000.0,0.0000,0.0000,17,100.850,0.0000,0,0.9063,,0.850,0,
4232,4,90,fog-99,1,fog,0.0,0.0000,0.0000,0,100.000,,0,1.0000,,0.850,0,
4233,4,90,fog-99,1,fog,100.0,0.0000,0.0000,0,100.000,,0,0.9981,,0.850,0,
4234,4,90,fog-99,1,fog,200.0,0.0000,0.0000,14,100.500,0.0000,0,0.9963,,0.850,0,
4235,4,90,fog-99,1,fog,300.0,0.0000,0.0000,20,100.700,0.4941,0,0.9944,,0.850,0,
4236,4,90,fog-99,1,fog,400.0,0.0000,0.0000,32,101.250,0.4863,0,0.9925,,0.850,0,
4237,4,90,fog-99,1,fog,500.0,0.0000,0.0000,38,101.350,0.5335,0,0.9906,,0.850,0,
4238,4,90,fog-99,1,fog,600.0,0.0000,0.0000,17,100.850,0.0000,0,0.9888,,0.850,0,
4239,4,90,fog-99,1,fog,700.0,0.0000,0.0000,35,101.300,0.5057,0,0.9869,,0.850,0,
4240,4,90,fog-99,1,fog,800.0,0.0000,0.0000,17,100.850,0.0000,0,0.9850,,0.850,0,
4241,4,90,fog-99,1,fog,900.0,0.0000,0.0000,17,100.850,0.0000,0,0.9831,,0.850,0,
4242,4,90,fog-99,1,fog,1000.0,0.0000,0.0000,17,100.850,0.0000,0,0.9813,,0.850,0,
4243,4,90,fog-99,1,fog,1100.0,0.0000,0.0000,17,100.850,0.0000,0,0.9794,,0.850,0,
4244,4,90,fog-99,1,fog,1200.0,0.0000,0.0000,17,100.850,0.0000,0,0.9775,,0.850,0,
4245,4,90,fog-99,1,fog,1300.0,0.0000,0.0000,38,101.350,0.5435,0,0.9756,,0.850,0,
4246,4,90,fog-99,1,fog,1400.0,0.0000,0.0000,61,101.800,0.8633,0,0.9738,,0.850,0,
4247,4,90,fog-99,1,fog,1500.0,0.0000,0.0000,38,101.350,0.5480,0,0.9719,,0.850,0,
4248,4,90,fog-99,1,fog,1600.0,0.0000,0.0000,17,100.850,0.0000,0,0.9700,,0.850,0,
4249,4,90,fog-99,1,fog,1700.0,0.0000,0.0000,38,101.350,0.5398,0,0.9681,,0.850,0,
4250,4,90,fog-99,1,fog,1800.0,0.0000,0.0000,59,101.750,0.8717,0,0.9663,,0.850,0,
4251,4,90,fog-99,1,fog,1900.0,0.0000,0.0000,63,101.850,0.8820,0,0.9644,,0.850,0,
4252,4,90,fog-99,1,fog,2000.0,0.0000,0.0000,35,101.300,0.5097,0,0.9625,,0.850,0,
4253,4,90,fog-99,1,fog,2100.0,0.0000,0.0000,32,101.250,0.4924,0,0.9606,,0.850,0,
4254,4,90,fog-99,1,fog,2200.0,0.0000,0.0000,38,101.350,0.5336,0,0.9588,,0.850,0,
4255,4,90,fog-99,1,fog,2300.0,0.0000,0.0000,59,101.750,0.6987,0,0.9569,,0.850,0,
4256,4,90,fog-99,1,fog,2400.0,0.0000,0.0000,17,100.850,0.0000,0,0.9550,,0.850,0,
4257,4,90,fog-99,1,fog,2500.0,0.0000,0.0000,17,100.850,0.0000,0,0.9531,,0.850,0,
4258,4,90,fog-99,1,fog,2600.0,0.0000,0.0000,32,101.250,0.4840,0,0.9513,,0.850,0,
4259,4,90,fog-99,1,fog,2700.0,0.0000,0.0000,32,101.250,0.5185,0,0.9494,,0.850,0,
4260,4,90,fog-99,1,fog,2800.0,0.0000,0.0000,38,101.350,0.5387,0,0.9475,,0.850,0,
4261,4,90,fog-99,1,fog,2900.0,0.0000,0.0000,32,101.250,0.5262,0,0.9456,,0.850,0,
4262,4,90,fog-99,1,fog,3000.0,0.0000,0.0000,32,101.250,0.4536,0,0.9438,,0.850,0,
4263,4,90,fog-99,1,fog,3100.0,0.0000,0.0000,17,100.850,0.0000,0,0.9419,,0.850,0,
4264,4,90,fog-99,1,fog,3200.0,0.0000,0.0000,17,100.850,0.0000,0,0.9400,,0.850,0,
4265,4,90,fog-99,1,fog,3300.0,0.0000,0.0000,35,101.300,0.5382,0,0.9381,,0.850,0,
4266,4,90,fog-99,1,fog,3400.0,0.0000,0.0000,32,101.250,0.5360,0,0.9363,,0.850,0,
4267,4,90,fog-99,1,fog,3500.0,0.0000,0.0000,35,101.300,0.5227,0,0.9344,,0.850,0,
4268,4,90,fog-99,1,fog,3600.0,0.0000,0.0000,17,100.850,0.0000,0,0.9325,,0.850,0,
4269,4,90,fog-99,1,fog,3700.0,0.0000,0.0000,28,101.200,0.4536,0,0.9306,,0.850,0,
4270,4,90,fog-99,1,fog,3800.0,0.0000,0.0000,37,101.300,0.5328,0,0.9288,,0.850,0,
4271,4,90,fog-99,1,fog,3900.0,0.0000,0.0000,59,101.750,0.8054,0,0.9269,,0.850,0,
4272,4,90,fog-99,1,fog,4000.0,0.0000,0.0000,17,100.850,0.0000,0,0.9250,,0.850,0,
4273,4,90,fog-99,1,fog,4100.0,0.0000,0.0000,17,100.850,0.0000,0,0.9231,,0.850,0,
4274,4,90,fog-99,1,fog,4200.0,0.0000,0.0000,35,101.300,0.4687,0,0.9213,,0.850,0,
4275,4,90,fog-99,1,fog,4300.0,0.0000,0.0000,38,101.350,0.5355,0,0.9194,,0.850,0,
4276,4,90,fog-99,1,fog,4400.0,0.0000,0.0000,28,101.200,0.4404,0,0.9175,,0.850,0,
4277,4,90,fog-99,1,fog,4500.0,0.0000,0.0000,17,100.850,0.0000,0,0.9156,,0.850,0,
4278,4,90,fog-99,1,fog,4600.0,0.0000,0.0000,17,100.850,0.0000,0,0.9138,,0.850,0,
4279,4,90,fog-99,1,fog,4700.0,0.0000,0.0000,17,100.850,0.0000,0,0.9119,,0.850,0,
4280,4,90,fog-99,1,fog,4800.0,0.0000,0.0000,17,100.850,0.0000,0,0.9100,,0.850,0,
4281,4,90,fog-99,1,fog,4900.0,0.0000,0.0000,17,100.850,0.0000,0,0.9081,,0.850,0,
4282,4,90,fog-99,1,fog,5000.0,0.0000,0.0000,38,101.350,0.5496,0,0.9063,,0.850,0,
4283,4,91,fog-100,1,fog,0.0,0.0000,0.0000,0,100.000,,0,1.0000,,0.850,0,
4284,4,91,fog-100,1,fog,100.0,0.0000,0.0000,46,101.300,1.0000,0,0.9981,,0.850,0,
4285,4,91,fog-100,1,fog,200.0,0.0000,0.0000,102,102.700,1.0000,0,0.9963,,0.850,0,
4286,4,91,fog-100,1,fog,300.0,0.0000,0.0000,126,103.300,1.0000,0,0.9944,,0.850,0,
4287,4,91,fog-100,1,fog,400.0,0.0000,0.0000,138,103.650,1.0000,0,0.9925,,0.850,0,
4288,4,91,fog-100,1,fog,500.0,0.0000,0.0000,122,103.250,1.0000,0,0.9906,,0.850,0,
4289,4,91,fog-100,1,fog,600.0,0.0000,0.0000,114,103.050,1.0000,0,0.9888,,0.850,0,
4290,4,91,fog-100,1,fog,700.0,0.0000,0.0000,147,103.850,1.0000,0,0.9869,,0.850,0,
4291,4,91,fog-100,1,fog,800.0,0.0000,0.0000,163,104.250,1.0000,0,0.9850,,0.850,0,
4292,4,91,fog-100,1,fog,900.0,0.0000,0.0000,169,104.400,1.0000,0,0.9831,,0.850,0,
4293,4,91,fog-100,1,fog,1000.0,0.0000,0.0000,149,103.900,1.0000,0,0.9813,,0.850,0,
4294,4,91,fog-100,1,fog,1100.0,0.0000,0.0000,175,104.550,1.0000,0,0.9794,,0.850,0,
4295,4,91,fog-100,1,fog,1200.0,0.0000,0.0000,207,105.350,1.0000,0,0.9775,,0.850,0,
4296,4,91,fog-100,1,fog,1300.0,0.0000,0.0000,189,104.900,1.0000,0,0.9756,,0.850,0,
4297,4,91,fog-100,1,fog,1400.0,0.0000,0.0000,136,103.600,1.0000,0,0.9738,,0.850,0,
4298,4,91,fog-100,1,fog,1500.0,0.0000,0.0000,134,103.550,1.0000,0,0.9719,,0.850,0,
4299,4,91,fog-100,1,fog,1600.0,0.0000,0.0000,149,103.900,1.0000,0,0.9700,,0.850,0,
4300,4,91,fog-100,1,fog,1700.0,0.0000,0.0000,75,102.100,0.9152,0,0.9681,,0.850,0,
4301,4,91,fog-100,1,fog,1800.0,0.0000,0.0000,112,103.000,1.0000,0,0.9663,,0.850,0,
4302,4,91,fog-100,1,fog,1900.0,0.0000,0.0000,116,103.100,1.0000,0,0.9644,,0.850,0,
4303,4,91,fog-100,1,fog,2000.0,0.0000,0.0000,126,103.350,1.0000,0,0.9625,,0.850,0,
4304,4,91,fog-100,1,fog,2100.0,0.0000,0.0000,116,103.100,1.0000,0,0.9606,,0.850,0,
4305,4,91,fog-100,1,fog,2200.0,0.0000,0.0000,120,103.200,1.0000,0,0.9588,,0.850,0,
4306,4,91,fog-100,1,fog,2300.0,0.0000,0.0000,134,103.550,1.0000,0,0.9569,,0.850,0,
4307,4,91,fog-100,1,fog,2400.0,0.0000,0.0000,140,153.700,1.0000,0,0.9550,,0.850,0,
4308,4,91,fog-100,1,fog,2500.0,0.0000,0.0000,132,103.500,1.0000,0,0.9531,,0.850,0,
4309,4,91,fog-100,1,fog,2600.0,0.0000,0.0000,144,103.800,1.0000,0,0.9513,,0.850,0,
4310,4,91,fog-100,1,fog,2700.0,0.0000,0.0000,102,102.750,1.0000,0,0.9494,,0.850,0,
4311,4,91,fog-100,1,fog,2800.0,0.0000,0.0000,165,104.300,1.0000,0,0.9475,,0.850,0,
4312,4,91,fog-100,1,fog,2900.0,0.0000,0.0000,85,102.350,1.0000,0,0.9456,,0.850,0,
4313,4,91,fog-100,1,fog,3000.0,0.0000,0.0000,89,102.450,1.0000,0,0.9438,,0.850,0,
4314,4,91,fog-100,1,fog,3100.0,0.0000,0.0000,89,102.450,1.0000,0,0.9419,,0.850,0,
4315,4,91,fog-100,1,fog,3200.0,0.0000,0.0000,95,102.600,1.0000,0,0.9400,,0.850,0,
4316,4,91,fog-100,1,fog,3300.0,0.0000,0.0000,167,104.350,1.0000,0,0.9381,,0.850,0,
4317,4,91,fog-100,1,fog,3400.0,0.0000,0.0000,99,102.700,1.0000,0,0.9363,,0.850,0,
4318,4,91,fog-100,1,fog,3500.0,0.0000,0.0000,134,103.550,1.0000,0,0.9344,,0.850,0,
4319,4,91,fog-100,1,fog,3600.0,0.0000,0.0000,118,103.150,1.0000,0,0.9325,,0.850,0,
4320,4,91,fog-100,1,fog,3700.0,0.0000,0.0000,104,102.800,1.0000,0,0.9306,,0.850,0,
4321,4,91,fog-100,1,fog,3800.0,0.0000,0.0000,157,104.100,1.0000,0,0.9288,,0.850,0,
4322,4,91,fog-100,1,fog,3900.0,0.0000,0.0000,167,104.350,1.0000,0,0.9269,,0.850,0,
4323,4,91,fog-100,1,fog,4000.0,0.0000,0.0000,211,105.450,1.0000,0,0.9250,,0.850,0,
4324,4,91,fog-100,1,fog,4100.0,0.0000,0.0000,165,104.300,1.0000,0,0.9231,,0.850,0,
4325,4,91,fog-100,1,fog,4200.0,0.0000,0.0000,171,104.450,1.0000,0,0.9213,,0.850,0,
4326,4,91,fog-100,1,fog,4300.0,0.0000,0.0000,175,104.550,1.0000,0,0.9194,,0.850,0,
4327,4,91,fog-100,1,fog,4400.0,0.0000,0.0000,167,104.350,1.0000,0,0.9175,,0.850,0,
4328,4,91,fog-100,1,fog,4500.0,0.0000,0.0000,128,103.400,1.0000,0,0.9156,,0.850,0,
4329,4,91,fog-100,1,fog,4600.0,0.0000,0.0000,142,103.750,1.0000,0,0.9138,,0.850,0,
4330,4,91,fog-100,1,fog,4700.0,0.0000,0.0000,112,103.000,1.0000,0,0.9119,,0.850,0,
4331,4,91,fog-100,1,fog,4800.0,0.0000,0.0000,112,103.000,1.0000,0,0.9100,,0.850,0,
4332,4,91,fog-100,1,fog,4900.0,0.0000,0.0000,155,104.050,1.0000,0,0.9081,,0.850,0,
4333,4,91,fog-100,1,fog,5000.0,0.0000,0.0000,112,103.000,1.0000,0,0.9063,,0.850,0,
4334,4,92,fog-101,1,fog,0.0,0.0000,0.0000,0,100.000,,0,1.0000,,0.850,0,
4335,4,92,fog-101,1,fog,100.0,0.0000,0.0000,4,100.200,0.0000,0,0.9981,,0.850,0,
4336,4,92,fog-101,1,fog,200.0,0.0000,0.0000,14,100.500,0.0000,0,0.9963,,0.850,0,
4337,4,92,fog-101,1,fog,300.0,0.0000,0.0000,18,100.650,0.5125,0,0.9944,,0.850,0,
4338,4,92,fog-101,1,fog,400.0,0.0000,0.0000,38,101.350,0.5287,0,0.9925,,0.850,0,
4339,4,92,fog-101,1,fog,500.0,0.0000,0.0000,17,100.850,0.0000,0,0.9906,,0.850,0,
4340,4,92,fog-101,1,fog,600.0,0.0000,0.0000,17,100.850,0.0000,0,0.9888,,0.850,0,
4341,4,92,fog-101,1,fog,700.0,0.0000,0.0000,17,100.850,0.0000,0,0.9869,,0.850,0,
4342,4,92,fog-101,1,fog,800.0,0.0000,0.0000,17,100.850,0.0000,0,0.9850,,0.850,0,
4343,4,92,fog-101,1,fog,900.0,0.0000,0.0000,17,100.850,0.0000,0,0.9831,,0.850,0,
4344,4,92,fog-101,1,fog,1000.0,0.0000,0.0000,17,100.850,0.0000,0,0.9813,,0.850,0,
4345,4,92,fog-101,1,fog,1100.0,0.0000,0.0000,17,100.850,0.0000,0,0.9794,,0.850,0,
4346,4,92,fog-101,1,fog,1200.0,0.0000,0.0000,17,100.850,0.0000,0,0.9775,,0.850,0,
4347,4,92,fog-101,1,fog,1300.0,0.0000,0.0000,38,101.350,0.5361,0,0.9756,,0.850,0,
4348,4,92,fog-101,1,fog,1400.0,0.0000,0.0000,35,101.300,0.5261,0,0.9738,,0.850,0,
4349,4,92,fog-101,1,fog,1500.0,0.0000,0.0000,38,101.350,0.5309,0,0.9719,,0.850,0,
4350,4,92,fog-101,1,fog,1600.0,0.0000,0.0000,38,101.350,0.5331,0,0.9700,,0.850,0,
4351,4,92,fog-101,1,fog,1700.0,0.0000,0.0000,38,101.350,0.5320,0,0.9681,,0.850,0,
4352,4,92,fog-101,1,fog,1800.0,0.0000,0.0000,21,101.050,0.4191,0,0.9663,,0.850,0,
4353,4,92,fog-101,1,fog,1900.0,0.0000,0.0000,32,101.250,0.5055,0,0.9644,,0.850,0,
4354,4,92,fog-101,1,fog,2000.0,0.0000,0.0000,17,100.850,0.0000,0,0.9625,,0.850,0,
4355,4,92,fog-101,1,fog,2100.0,0.0000,0.0000,17,100.850,0.0000,0,0.9606,,0.850,0,
4356,4,92,fog-101,1,fog,2200.0,0.0000,0.0000,17,100.850,0.0000,0,0.9588,,0.850,0,
4357,4,92,fog-101,1,fog,2300.0,0.0000,0.0000,17,100.850,0.0000,0,0.9569,,0.850,0,
4358,4,92,fog-101,1,fog,2400.0,0.0000,0.0000,17,100.850,0.0000,0,0.9550,,0.850,0,
4359,4,92,fog-101,1,fog,2500.0,0.0000,0.0000,17,100.850,0.0000,0,0.9531,,0.850,0,
4360,4,92,fog-101,1,fog,2600.0,0.0000,0.0000,17,100.850,0.0000,0,0.9513,,0.850,0,
4361,4,92,fog-101,1,fog,2700.0,0.0000,0.0000,17,100.850,0.0000,0,0.9494,,0.850,0,
4362,4,92,fog-101,1,fog,2800.0,0.0000,0.0000,17,100.850,0.0000,0,0.9475,,0.850,0,
4363,4,92,fog-101,1,fog,2900.0,0.0000,0.0000,17,100.850,0.0000,0,0.9456,,0.850,0,
4364,4,92,fog-101,1,fog,3000.0,0.0000,0.0000,17,100.850,0.0000,0,0.9438,,0.850,0,
4365,4,92,fog-101,1,fog,3100.0,0.0000,0.0000,35,101.300,0.5240,0,0.9419,,0.850,0,
4366,4,92,fog-101,1,fog,3200.0,0.0000,0.0000,38,101.350,0.5429,0,0.9400,,0.850,0,
4367,4,92,fog-101,1,fog,3300.0,0.0000,0.0000,32,101.250,0.4854,0,0.9381,,0.850,0,
4368,4,92,fog-101,1,fog,3400.0,0.0000,0.0000,38,101.350,0.5327,0,0.9363,,0.850,0,
4369,4,92,fog-101,1,fog,3500.0,0.0000,0.0000,38,101.350,0.5303,0,0.9344,,0.850,0,
4370,4,92,fog-101,1,fog,3600.0,0.0000,0.0000,35,101.300,0.5147,0,0.9325,,0.850,0,
4371,4,92,fog-101,1,fog,3700.0,0.0000,0.0000,34,101.250,0.4949,0,0.9306,,0.850,0,
4372,4,92,fog-101,1,fog,3800.0,0.0000,0.0000,17,100.850,0.0000,0,0.9288,,0.850,0,
4373,4,92,fog-101,1,fog,3900.0,0.0000,0.0000,17,100.850,0.0000,0,0.9269,,0.850,0,
4374,4,92,fog-101,1,fog,4000.0,0.0000,0.0000,17,100.850,0.0000,0,0.9250,,0.850,0,
4375,4,92,fog-101,1,fog,4100.0,0.0000,0.0000,17,100.850,0.0000,0,0.9231,,0.850,0,
4376,4,92,fog-101,1,fog,4200.0,0.0000,0.0000,17,100.850,0.0000,0,0.9213,,0.850,0,
4377,4,92,fog-101,1,fog,4300.0,0.0000,0.0000,17,100.850,0.0000,0,0.9194,,0.850,0,
4378,4,92,fog-101,1,fog,4400.0,0.0000,0.0000,17,100.850,0.0000,0,0.9175,,0.850,0,
4379,4,92,fog-101,1,fog,4500.0,0.0000,0.0000,17,100.850,0.0000,0,0.9156,,0.850,0,
4380,4,92,fog-101,1,fog,4600.0,0.0000,0.0000,17,100.850,0.0000,0,0.9138,,0.850,0,
4381,4,92,fog-101,1,fog,4700.0,0.0000,0.0000,38,101.350,0.5392,0,0.9119,,0.850,0,
4382,4,92,fog-101,1,fog,4800.0,0.0000,0.0000,35,101.300,0.4749,0,0.9100,,0.850,0,
4383,4,92,fog-101,1,fog,4900.0,0.0000,0.0000,35,101.300,0.5394,0,0.9081,,0.850,0,
4384,4,92,fog-101,1,fog,5000.0,0.0000,0.0000,35,101.300,0.5333,0,0.9063,,0.850,0,
4385,4,93,fog-102,1,fog,0.0,0.0000,0.0000,0,100.000,,0,1.0000,,0.850,0,
4386,4,93,fog-102,1,fog,100.0,0.0000,0.0000,0,100.000,,0,0.9981,,0.850,0,
4387,4,93,fog-102,1,fog,200.0,0.0000,0.0000,0,100.000,,0,0.9963,,0.850,0,
4388,4,93,fog-102,1,fog,300.0,0.0000,0.0000,4,100.200,0.0000,0,0.9944,,0.850,0,
4389,4,93,fog-102,1,fog,400.0,0.0000,0.0000,17,100.850,0.0000,0,0.9925,,0.850,0,
4390,4,93,fog-102,1,fog,500.0,0.0000,0.0000,17,100.850,0.0000,0,0.9906,,0.850,0,
4391,4,93,fog-102,1,fog,600.0,0.0000,0.0000,17,100.850,0.0000,0,0.9888,,0.850,0,
4392,4,93,fog-102,1,fog,700.0,0.0000,0.0000,17,100.850,0.0000,0,0.9869,,0.850,0,
4393,4,93,fog-102,1,fog,800.0,0.0000,0.0000,17,100.850,0.0000,0,0.9850,,0.850,0,
4394,4,93,fog-102,1,fog,900.0,0.0000,0.0000,17,100.850,0.0000,0,0.9831,,0.850,0,
4395,4,93,fog-102,1,fog,1000.0,0.0000,0.0000,17,100.850,0.0000,0,0.9813,,0.850,0,
4396,4,93,fog-102,1,fog,1100.0,0.0000,0.0000,17,100.850,0.0000,0,0.9794,,0.850,0,
4397,4,93,fog-102,1,fog,1200.0,0.0000,0.0000,17,100.850,0.0000,0,0.9775,,0.850,0,
4398,4,93,fog-102,1,fog,1300.0,0.0000,0.0000,17,100.850,0.0000,0,0.9756,,0.850,0,
4399,4,93,fog-102,1,fog,1400.0,0.0000,0.0000,17,100.850,0.0000,0,0.9738,,0.850,0,
4400,4,93,fog-102,1,fog,1500.0,0.0000,0.0000,17,100.850,0.0000,0,0.9719,,0.850,0,
4401,4,93,fog-102,1,fog,1600.0,0.0000,0.0000,17,100.850,0.0000,0,0.9700,,0.850,0,
4402,4,93,fog-102,1,fog,1700.0,0.0000,0.0000,16,100.800,0.0000,0,0.9681,,0.850,0,
4403,4,93,fog-102,1,fog,1800.0,0.0000,0.0000,17,100.850,0.0000,0,0.9663,,0.850,0,
4404,4,93,fog-102,1,fog,1900.0,0.0000,0.0000,17,100.850,0.0000,0,0.9644,,0.850,0,
4405,4,93,fog-102,1,fog,2000.0,0.0000,0.0000,17,100.850,0.0000,0,0.9625,,0.850,0,
4406,4,93,fog-102,1,fog,2100.0,0.0000,0.0000,17,100.850,0.0000,0,0.9606,,0.850,0,
4407,4,93,fog-102,1,fog,2200.0,0.0000,0.0000,17,100.850,0.0000,0,0.9588,,0.850,0,
4408,4,93,fog-102,1,fog,2300.0,0.0000,0.0000,17,100.850,0.0000,0,0.9569,,0.850,0,
4409,4,93,fog-102,1,fog,2400.0,0.0000,0.0000,17,100.850,0.0000,0,0.9550,,0.850,0,
4410,4,93,fog-102,1,fog,2500.0,0.0000,0.0000,17,100.850,0.0000,0,0.9531,,0.850,0,
4411,4,93,fog-102,1,fog,2600.0,0.0000,0.0000,17,100.850,0.0000,0,0.9513,,0.850,0,
4412,4,93,fog-102,1,fog,2700.0,0.0000,0.0000,17,100.850,0.0000,0,0.9494,,0.850,0,
4413,4,93,fog-102,1,fog,2800.0,0.0000,0.0000,17,100.850,0.0000,0,0.9475,,0.850,0,
4414,4,93,fog-102,1,fog,2900.0,0.0000,0.0000,17,100.850,0.0000,0,0.9456,,0.850,0,
4415,4,93,fog-102,1,fog,3000.0,0.0000,0.0000,17,100.850,0.0000,0,0.9438,,0.850,0,
4416,4,93,fog-102,1,fog,3100.0,0.0000,0.0000,17,100.850,0.0000,0,0.9419,,0.850,0,
4417,4,93,fog-102,1,fog,3200.0,0.0000,0.0000,17,100.850,0.0000,0,0.9400,,0.850,0,
4418,4,93,fog-102,1,fog,3300.0,0.0000,0.0000,17,100.850,0.0000,0,0.9381,,0.850,0,
4419,4,93,fog-102,1,fog,3400.0,0.0000,0.0000,17,100.850,0.0000,0,0.9363,,0.850,0,
4420,4,93,fog-102,1,fog,3500.0,0.0000,0.0000,17,100.850,0.0000,0,0.9344,,0.850,0,
4421,4,93,fog-102,1,fog,3600.0,0.0000,0.0000,17,100.850,0.0000,0,0.9325,,0.850,0,
4422,4,93,fog-102,1,fog,3700.0,0.0000,0.0000,16,100.800,0.0000,0,0.9306,,0.850,0,
4423,4,93,fog-102,1,fog,3800.0,0.0000,0.0000,17,100.850,0.0000,0,0.9288,,0.850,0,
4424,4,93,fog-102,1,fog,3900.0,0.0000,0.0000,17,100.850,0.0000,0,0.9269,,0.850,0,
4425,4,93,fog-102,1,fog,4000.0,0.0000,0.0000,17,100.850,0.0000,0,0.9250,,0.850,0,
4426,4,93,fog-102,1,fog,4100.0,0.0000,0.0000,17,100.850,0.0000,0,0.9231,,0.850,0,
4427,4,93,fog-102,1,fog,4200.0,0.0000,0.0000,17,100.850,0.0000,0,0.9213,,0.850,0,
4428,4,93,fog-102,1,fog,4300.0,0.0000,0.0000,17,100.850,0.0000,0,0.9194,,0.850,0,
4429,4,93,fog-102,1,fog,4400.0,0.0000,0.0000,17,100.850,0.0000,0,0.9175,,0.850,0,
4430,4,93,fog-102,1,fog,4500.0,0.0000,0.0000,17,100.850,0.0000,0,0.9156,,0.850,0,
4431,4,93,fog-102,1,fog,4600.0,0.0000,0.0000,17,100.850,0.0000,0,0.9138,,0.850,0,
4432,4,93,fog-102,1,fog,4700.0,0.0000,0.0000,17,100.850,0.0000,0,0.9119,,0.850,0,
4433,4,93,fog-102,1,fog,4800.0,0.0000,0.0000,17,100.850,0.0000,0,0.9100,,0.850,0,
4434,4,93,fog-102,1,fog,4900.0,0.0000,0.0000,17,100.850,0.0000,0,0.9081,,0.850,0,
4435,4,93,fog-102,1,fog,5000.0,0.0000,0.0000,17,100.850,0.0000,0,0.9063,,0.850,0,
4436,4,94,fog-103,1,fog,0.0,0.0000,0.0000,0,100.000,,0,1.0000,,0.850,0,
4437,4,94,fog-103,1,fog,100.0,0.0000,0.0000,0,100.000,,0,0.9981,,0.850,0,
4438,4,94,fog-103,1,fog,200.0,0.0000,0.0000,0,100.000,,0,0.9963,,0.850,0,
4439,4,94,fog-103,1,fog,300.0,0.0000,0.0000,4,100.200,0.0000,0,0.9944,,0.850,0,
4440,4,94,fog-103,1,fog,400.0,0.0000,0.0000,17,100.850,0.0000,0,0.9925,,0.850,0,
4441,4,94,fog-103,1,fog,500.0,0.0000,0.0000,17,100.850,0.0000,0,0.9906,,0.850,0,
4442,4,94,fog-103,1,fog,600.0,0.0000,0.0000,17,100.850,0.0000,0,0.9888,,0.850,0,
4443,4,94,fog-103,1,fog,700.0,0.0000,0.0000,17,100.850,0.0000,0,0.9869,,0.850,0,
4444,4,94,fog-103,1,fog,800.0,0.0000,0.0000,17,100.850,0.0000,0,0.9850,,0.850,0,
4445,4,94,fog-103,1,fog,900.0,0.0000,0.0000,17,100.850,0.0000,0,0.9831,,0.850,0,
4446,4,94,fog-103,1,fog,1000.0,0.0000,0.0000,17,100.850,0.0000,0,0.9813,,0.850,0,
4447,4,94,fog-103,1,fog,1100.0,0.0000,0.0000,17,100.850,0.0000,0,0.9794,,0.850,0,
4448,4,94,fog-103,1,fog,1200.0,0.0000,0.0000,17,100.850,0.0000,0,0.9775,,0.850,0,
4449,4,94,fog-103,1,fog,1300.0,0.0000,0.0000,17,100.850,0.0000,0,0.9756,,0.850,0,
4450,4,94,fog-103,1,fog,1400.0,0.0000,0.0000,17,100.850,0.0000,0,0.9738,,0.850,0,
4451,4,94,fog-103,1,fog,1500.0,0.0000,0.0000,17,100.850,0.0000,0,0.9719,,0.850,0,
4452,4,94,fog-103,1,fog,1600.0,0.0000,0.0000,17,100.850,0.0000,0,0.9700,,0.850,0,
4453,4,94,fog-103,1,fog,1700.0,0.0000,0.0000,16,100.800,0.0000,0,0.9681,,0.850,0,
4454,4,94,fog-103,1,fog,1800.0,0.0000,0.0000,17,100.850,0.0000,0,0.9663,,0.850,0,
4455,4,94,fog-103,1,fog,1900.0,0.0000,0.0000,17,100.850,0.0000,0,0.9644,,0.850,0,
4456,4,94,fog-103,1,fog,2000.0,0.0000,0.0000,17,100.850,0.0000,0,0.9625,,0.850,0,
4457,4,94,fog-103,1,fog,2100.0,0.0000,0.0000,17,100.850,0.0000,0,0.9606,,0.850,0,
4458,4,94,fog-103,1,fog,2200.0,0.0000,0.0000,17,100.850,0.0000,0,0.9588,,0.850,0,
4459,4,94,fog-103,1,fog,2300.0,0.0000,0.0000,17,100.850,0.0000,0,0.9569,,0.850,0,
4460,4,94,fog-103,1,fog,2400.0,0.0000,0.0000,17,100.850,0.0000,0,0.9550,,0.850,0,
4461,4,94,fog-103,1,fog,2500.0,0.0000,0.0000,17,100.850,0.0000,0,0.9531,,0.850,0,
4462,4,94,fog-103,1,fog,2600.0,0.0000,0.0000,17,100.850,0.0000,0,0.9513,,0.850,0,
4463,4,94,fog-103,1,fog,2700.0,0.0000,0.0000,17,100.850,0.0000,0,0.9494,,0.850,0,
4464,4,94,fog-103,1,fog,2800.0,0.0000,0.0000,17,100.850,0.0000,0,0.9475,,0.850,0,
4465,4,94,fog-103,1,fog,2900.0,0.0000,0.0000,17,100.850,0.0000,0,0.9456,,0.850,0,
4466,4,94,fog-103,1,fog,3000.0,0.0000,0.0000,17,100.850,0.0000,0,0.9438,,0.850,0,
4467,4,94,fog-103,1,fog,3100.0,0.0000,0.0000,17,100.850,0.0000,0,0.9419,,0.850,0,
4468,4,94,fog-103,1,fog,3200.0,0.0000,0.0000,17,100.850,0.0000,0,0.9400,,0.850,0,
4469,4,94,fog-103,1,fog,3300.0,0.0000,0.0000,17,100.850,0.0000,0,0.9381,,0.850,0,
4470,4,94,fog-103,1,fog,3400.0,0.0000,0.0000,17,100.850,0.0000,0,0.9363,,0.850,0,
4471,4,94,fog-103,1,fog,3500.0,0.0000,0.0000,17,100.850,0.0000,0,0.9344,,0.850,0,
4472,4,94,fog-103,1,fog,3600.0,0.0000,0.0000,17,100.850,0.0000,0,0.9325,,0.850,0,
4473,4,94,fog-103,1,fog,3700.0,0.0000,0.0000,16,100.800,0.0000,0,0.9306,,0.850,0,
4474,4,94,fog-103,1,fog,3800.0,0.0000,0.0000,17,100.850,0.0000,0,0.9288,,0.850,0,
4475,4,94,fog-103,1,fog,3900.0,0.0000,0.0000,17,100.850,0.0000,0,0.9269,,0.850,0,
4476,4,94,fog-103,1,fog,4000.0,0.0000,0.0000,17,100.850,0.0000,0,0.9250,,0.850,0,
4477,4,94,fog-103,1,fog,4100.0,0.0000,0.0000,17,100.850,0.0000,0,0.9231,,0.850,0,
4478,4,94,fog-103,1,fog,4200.0,0.0000,0.0000,17,100.850,0.0000,0,0.9213,,0.850,0,
4479,4,94,fog-103,1,fog,4300.0,0.0000,0.0000,17,100.850,0.0000,0,0.9194,,0.850,0,
4480,4,94,fog-103,1,fog,4400.0,0.0000,0.0000,17,100.850,0.0000,0,0.9175,,0.850,0,
4481,4,94,fog-103,1,fog,4500.0,0.0000,0.0000,17,100.850,0.0000,0,0.9156,,0.850,0,
4482,4,94,fog-103,1,fog,4600.0,0.0000,0.0000,17,100.850,0.0000,0,0.9138,,0.850,0,
4483,4,94,fog-103,1,fog,4700.0,0.0000,0.0000,17,100.850,0.0000,0,0.9119,,0.850,0,
4484,4,94,fog-103,1,fog,4800.0,0.0000,0.0000,17,100.850,0.0000,0,0.9100,,0.850,0,
4485,4,94,fog-103,1,fog,4900.0,0.0000,0.0000,17,100.850,0.0000,0,0.9081,,0.850,0,
4486,4,94,fog-103,1,fog,5000.0,0.0000,0.0000,17,100.850,0.0000,0,0.9063,,0.850,0,
4487,4,95,fog-104,1,fog,0.0,0.0000,0.0000,0,100.000,,0,1.0000,,0.850,0,3977.3
4488,4,95,fog-104,1,fog,100.0,0.0000,0.0000,0,100.000,,0,0.9981,,0.850,0,3977.3
4489,4,95,fog-104,1,fog,200.0,0.0000,0.0000,0,100.000,,0,0.9963,,0.850,0,3977.3
4490,4,95,fog-104,1,fog,300.0,0.0000,0.0000,4,100.200,0.0000,0,0.9944,,0.850,0,3977.3
4491,4,95,fog-104,1,fog,400.0,0.0000,0.0000,17,100.850,0.0000,0,0.9925,,0.850,0,3977.3
4492,4,95,fog-104,1,fog,500.0,0.0000,0.0000,17,100.850,0.0000,0,0.9906,,0.850,0,3977.3
4493,4,95,fog-104,1,fog,600.0,0.0000,0.0000,17,100.850,0.0000,0,0.9888,,0.850,0,3977.3
4494,4,95,fog-104,1,fog,700.0,0.0000,0.0000,17,100.850,0.0000,0,0.9869,,0.850,0,3977.3
4495,4,95,fog-104,1,fog,800.0,0.0000,0.0000,17,100.850,0.0000,0,0.9850,,0.850,0,3977.3
4496,4,95,fog-104,1,fog,900.0,0.0000,0.0000,17,100.850,0.0000,0,0.9831,,0.850,0,3977.3
4497,4,95,fog-104,1,fog,1000.0,0.0000,0.0000,17,100.850,0.0000,0,0.9813,,0.850,0,3977.3
4498,4,95,fog-104,1,fog,1100.0,0.0000,0.0000,17,100.850,0.0000,0,0.9794,,0.850,0,3977.3
4499,4,95,fog-104,1,fog,1200.0,0.0000,0.0000,38,101.350,0.5380,0,0.9775,,0.850,0,3977.3
4500,4,95,fog-104,1,fog,1300.0,0.0000,0.0000,17,100.850,0.0000,0,0.9756,,0.850,0,3977.3
4501,4,95,fog-104,1,fog,1400.0,0.0000,0.0000,17,100.850,0.0000,0,0.9738,,0.850,0,3977.3
4502,4,95,fog-104,1,fog,1500.0,0.0000,0.0000,17,100.850,0.0000,0,0.9719,,0.850,0,3977.3
4503,4,95,fog-104,1,fog,1600.0,0.0000,0.0000,17,100.850,0.0000,0,0.9700,,0.850,0,3977.3
4504,4,95,fog-104,1,fog,1700.0,0.0000,0.0000,16,100.800,0.0000,0,0.9681,,0.850,0,3977.3
4505,4,95,fog-104,1,fog,1800.0,0.0000,0.0000,17,100.850,0.0000,0,0.9663,,0.850,0,3977.3
4506,4,95,fog-104,1,fog,1900.0,0.0000,0.0000,17,100.850,0.0000,0,0.9644,,0.850,0,3977.3
4507,4,95,fog-104,1,fog,2000.0,0.0000,0.0000,17,100.850,0.0000,0,0.9625,,0.850,0,3977.3
4508,4,95,fog-104,1,fog,2100.0,0.0000,0.0000,17,100.850,0.0000,0,0.9606,,0.850,0,3977.3
4509,4,95,fog-104,1,fog,2200.0,0.0000,0.0000,17,100.850,0.0000,0,0.9588,,0.850,0,3977.3
4510,4,95,fog-104,1,fog,2300.0,0.0000,0.0000,17,100.850,0.0000,0,0.9569,,0.850,0,3977.3
4511,4,95,fog-104,1,fog,2400.0,0.0000,0.0000,17,100.850,0.0000,0,0.9550,,0.850,0,3977.3
4512,4,95,fog-104,1,fog,2500.0,0.0000,0.0000,17,100.850,0.0000,0,0.9531,,0.850,0,3977.3
4513,4,95,fog-104,1,fog,2600.0,0.0000,0.0000,17,100.850,0.0000,0,0.9513,,0.850,0,3977.3
4514,4,95,fog-104,1,fog,2700.0,0.0000,0.0000,17,100.850,0.0000,0,0.9494,,0.850,0,3977.3
4515,4,95,fog-104,1,fog,2800.0,0.0000,0.0000,63,101.850,0.8494,0,0.9475,,0.850,0,3977.3
4516,4,95,fog-104,1,fog,2900.0,0.0000,0.0000,17,100.850,0.0000,0,0.9456,,0.850,0,3977.3
4517,4,95,fog-104,1,fog,3000.0,0.0000,0.0000,17,100.850,0.0000,0,0.9438,,0.850,0,3977.3
4518,4,95,fog-104,1,fog,3100.0,0.0000,0.0000,17,100.850,0.0000,0,0.9419,,0.850,0,3977.3
4519,4,95,fog-104,1,fog,3200.0,0.0000,0.0000,32,101.250,0.5011,0,0.9400,,0.850,0,3977.3
4520,4,95,fog-104,1,fog,3300.0,0.0000,0.0000,17,100.850,0.0000,0,0.9381,,0.850,0,3977.3
4521,4,95,fog-104,1,fog,3400.0,0.0000,0.0000,17,100.850,0.0000,0,0.9363,,0.850,0,3977.3
4522,4,95,fog-104,1,fog,3500.0,0.0000,0.0000,17,100.850,0.0000,0,0.9344,,0.850,0,3977.3
4523,4,95,fog-104,1,fog,3600.0,0.0000,0.0000,17,100.850,0.0000,0,0.9325,,0.850,0,3977.3
4524,4,95,fog-104,1,fog,3700.0,0.0000,0.0000,16,100.800,0.0000,0,0.9306,,0.850,0,3977.3
4525,4,95,fog-104,1,fog,3800.0,0.0000,0.0000,17,100.850,0.0000,0,0.9288,,0.850,1,3977.3
4526,4,95,fog-104,1,fog,3900.0,0.0000,0.0000,17,100.850,0.0000,0,0.9269,,0.850,1,3977.3
4527,4,96,fog-105,1,fog,0.0,0.0000,0.0000,0,100.000,,0,1.0000,,0.850,0,
4528,4,96,fog-105,1,fog,100.0,0.0000,0.0000,0,100.000,,0,0.9981,,0.850,0,
4529,4,96,fog-105,1,fog,200.0,0.0000,0.0000,0,100.000,,0,0.9963,,0.850,0,
4530,4,96,fog-105,1,fog,300.0,0.0000,0.0000,4,100.200,0.0000,0,0.9944,,0.850,0,
4531,4,96,fog-105,1,fog,400.0,0.0000,0.0000,17,100.850,0.0000,0,0.9925,,0.850,0,
4532,4,96,fog-105,1,fog,500.0,0.0000,0.0000,17,100.850,0.0000,0,0.9906,,0.850,0,
4533,4,96,fog-105,1,fog,600.0,0.0000,0.0000,17,100.850,0.0000,0,0.9888,,0.850,0,
4534,4,96,fog-105,1,fog,700.0,0.0000,0.0000,17,100.850,0.0000,0,0.9869,,0.850,0,
4535,4,96,fog-105,1,fog,800.0,0.0000,0.0000,17,100.850,0.0000,0,0.9850,,0.850,0,
4536,4,96,fog-105,1,fog,900.0,0.0000,0.0000,17,100.850,0.0000,0,0.9831,,0.850,0,
4537,4,96,fog-105,1,fog,1000.0,0.0000,0.0000,17,100.850,0.0000,0,0.9813,,0.850,0,
4538,4,96,fog-105,1,fog,1100.0,0.0000,0.0000,17,100.850,0.0000,0,0.9794,,0.850,0,
4539,4,96,fog-105,1,fog,1200.0,0.0000,0.0000,17,100.850,0.0000,0,0.9775,,0.850,0,
4540,4,96,fog-105,1,fog,1300.0,0.0000,0.0000,17,100.850,0.0000,0,0.9756,,0.850,0,
4541,4,96,fog-105,1,fog,1400.0,0.0000,0.0000,17,100.850,0.0000,0,0.9738,,0.850,0,
4542,4,96,fog-105,1,fog,1500.0,0.0000,0.0000,17,100.850,0.0000,0,0.9719,,0.850,0,
4543,4,96,fog-105,1,fog,1600.0,0.0000,0.0000,17,100.850,0.0000,0,0.9700,,0.850,0,
4544,4,96,fog-105,1,fog,1700.0,0.0000,0.0000,16,100.800,0.0000,0,0.9681,,0.850,0,
4545,4,96,fog-105,1,fog,1800.0,0.0000,0.0000,17,100.850,0.0000,0,0.9663,,0.850,0,
4546,4,96,fog-105,1,fog,1900.0,0.0000,0.0000,17,100.850,0.0000,0,0.9644,,0.850,0,
4547,4,96,fog-105,1,fog,2000.0,0.0000,0.0000,17,100.850,0.0000,0,0.9625,,0.850,0,
4548,4,96,fog-105,1,fog,2100.0,0.0000,0.0000,17,100.850,0.0000,0,0.9606,,0.850,0,
4549,4,96,fog-105,1,fog,2200.0,0.0000,0.0000,17,100.850,0.0000,0,0.9588,,0.850,0,
4550,4,96,fog-105,1,fog,2300.0,0.0000,0.0000,17,100.850,0.0000,0,0.9569,,0.850,0,
4551,4,96,fog-105,1,fog,2400.0,0.0000,0.0000,17,100.850,0.0000,0,0.9550,,0.850,0,
4552,4,96,fog-105,1,fog,2500.0,0.0000,0.0000,17,100.850,0.0000,0,0.9531,,0.850,0,
4553,4,96,fog-105,1,fog,2600.0,0.0000,0.0000,17,100.850,0.0000,0,0.9513,,0.850,0,
4554,4,96,fog-105,1,fog,2700.0,0.0000,0.0000,17,100.850,0.0000,0,0.9494,,0.850,0,
4555,4,96,fog-105,1,fog,2800.0,0.0000,0.0000,17,100.850,0.0000,0,0.9475,,0.850,0,
4556,4,96,fog-105,1,fog,2900.0,0.0000,0.0000,17,100.850,0.0000,0,0.9456,,0.850,0,
4557,4,96,fog-105,1,fog,3000.0,0.0000,0.0000,17,100.850,0.0000,0,0.9438,,0.850,0,
4558,4,96,fog-105,1,fog,3100.0,0.0000,0.0000,17,100.850,0.0000,0,0.9419,,0.850,0,
4559,4,96,fog-105,1,fog,3200.0,0.0000,0.0000,17,100.850,0.0000,0,0.9400,,0.850,0,
4560,4,96,fog-105,1,fog,3300.0,0.0000,0.0000,17,100.850,0.0000,0,0.9381,,0.850,0,
4561,4,96,fog-105,1,fog,3400.0,0.0000,0.0000,17,100.850,0.0000,0,0.9363,,0.850,0,
4562,4,96,fog-105,1,fog,3500.0,0.0000,0.0000,17,100.850,0.0000,0,0.9344,,0.850,0,
4563,4,96,fog-105,1,fog,3600.0,0.0000,0.0000,17,100.850,0.0000,0,0.9325,,0.850,0,
4564,4,96,fog-105,1,fog,3700.0,0.0000,0.0000,16,100.800,0.0000,0,0.9306,,0.850,0,
4565,4,96,fog-105,1,fog,3800.0,0.0000,0.0000,17,100.850,0.0000,0,0.9288,,0.850,0,
4566,4,96,fog-105,1,fog,3900.0,0.0000,0.0000,17,100.850,0.0000,0,0.9269,,0.850,0,
4567,4,96,fog-105,1,fog,4000.0,0.0000,0.0000,17,100.850,0.0000,0,0.9250,,0.850,0,
4568,4,96,fog-105,1,fog,4100.0,0.0000,0.0000,17,100.850,0.0000,0,0.9231,,0.850,0,
4569,4,96,fog-105,1,fog,4200.0,0.0000,0.0000,17,100.850,0.0000,0,0.9213,,0.850,0,
4570,4,96,fog-105,1,fog,4300.0,0.0000,0.0000,17,100.850,0.0000,0,0.9194,,0.850,0,
4571,4,96,fog-105,1,fog,4400.0,0.0000,0.0000,17,100.850,0.0000,0,0.9175,,0.850,0,
4572,4,96,fog-105,1,fog,4500.0,0.0000,0.0000,17,100.850,0.0000,0,0.9156,,0.850,0,
4573,4,96,fog-105,1,fog,4600.0,0.0000,0.0000,17,100.850,0.0000,0,0.9138,,0.850,0,
4574,4,96,fog-105,1,fog,4700.0,0.0000,0.0000,17,100.850,0.0000,0,0.9119,,0.850,0,
4575,4,96,fog-105,1,fog,4800.0,0.0000,0.0000,17,100.850,0.0000,0,0.9100,,0.850,0,
4576,4,96,fog-105,1,fog,4900.0,0.0000,0.0000,17,100.850,0.0000,0,0.9081,,0.850,0,
4577,4,96,fog-105,1,fog,5000.0,0.0000,0.0000,17,100.850,0.0000,0,0.9063,,0.850,0,
4578,4,97,fog-106,1,fog,0.0,0.0000,0.0000,0,100.000,,0,1.0000,,0.850,0,
4579,4,97,fog-106,1,fog,100.0,0.0000,0.0000,0,100.000,,0,0.9981,,0.850,0,
4580,4,97,fog-106,1,fog,200.0,0.0000,0.0000,0,100.000,,0,0.9963,,0.850,0,
4581,4,97,fog-106,1,fog,300.0,0.0000,0.0000,4,100.200,0.0000,0,0.9944,,0.850,0,
4582,4,97,fog-106,1,fog,400.0,0.0000,0.0000,17,100.850,0.0000,0,0.9925,,0.850,0,
4583,4,97,fog-106,1,fog,500.0,0.0000,0.0000,17,100.850,0.0000,0,0.9906,,0.850,0,
4584,4,97,fog-106,1,fog,600.0,0.0000,0.0000,17,100.850,0.0000,0,0.9888,,0.850,0,
4585,4,97,fog-106,1,fog,700.0,0.0000,0.0000,17,100.850,0.0000,0,0.9869,,0.850,0,
4586,4,97,fog-106,1,fog,800.0,0.0000,0.0000,17,100.850,0.0000,0,0.9850,,0.850,0,
4587,4,97,fog-106,1,fog,900.0,0.0000,0.0000,17,100.850,0.0000,0,0.9831,,0.850,0,
4588,4,97,fog-106,1,fog,1000.0,0.0000,0.0000,17,100.850,0.0000,0,0.9813,,0.850,0,
4589,4,97,fog-106,1,fog,1100.0,0.0000,0.0000,17,100.850,0.0000,0,0.9794,,0.850,0,
4590,4,97,fog-106,1,fog,1200.0,0.0000,0.0000,17,100.850,0.0000,0,0.9775,,0.850,0,
4591,4,97,fog-106,1,fog,1300.0,0.0000,0.0000,17,100.850,0.0000,0,0.9756,,0.850,0,
4592,4,97,fog-106,1,fog,1400.0,0.0000,0.0000,17,100.850,0.0000,0,0.9738,,0.850,0,
4593,4,97,fog-106,1,fog,1500.0,0.0000,0.0000,17,100.850,0.0000,0,0.9719,,0.850,0,
4594,4,97,fog-106,1,fog,1600.0,0.0000,0.0000,17,100.850,0.0000,0,0.9700,,0.850,0,
4595,4,97,fog-106,1,fog,1700.0,0.0000,0.0000,16,100.800,0.0000,0,0.9681,,0.850,0,
4596,4,97,fog-106,1,fog,1800.0,0.0000,0.0000,17,100.850,0.0000,0,0.9663,,0.850,0,
4597,4,97,fog-106,1,fog,1900.0,0.0000,0.0000,17,100.850,0.0000,0,0.9644,,0.850,0,
4598,4,97,fog-106,1,fog,2000.0,0.0000,0.0000,17,100.850,0.0000,0,0.9625,,0.850,0,
4599,4,97,fog-106,1,fog,2100.0,0.0000,0.0000,17,100.850,0.0000,0,0.9606,,0.850,0,
4600,4,97,fog-106,1,fog,2200.0,0.0000,0.0000,17,100.850,0.0000,0,0.9588,,0.850,0,
4601,4,97,fog-106,1,fog,2300.0,0.0000,0.0000,17,100.850,0.0000,0,0.9569,,0.850,0,
4602,4,97,fog-106,1,fog,2400.0,0.0000,0.0000,17,100.850,0.0000,0,0.9550,,0.850,0,
4603,4,97,fog-106,1,fog,2500.0,0.0000,0.0000,17,100.850,0.0000,0,0.9531,,0.850,0,
4604,4,97,fog-106,1,fog,2600.0,0.0000,0.0000,17,100.850,0.0000,0,0.9513,,0.850,0,
4605,4,97,fog-106,1,fog,2700.0,0.0000,0.0000,17,100.850,0.0000,0,0.9494,,0.850,0,
4606,4,97,fog-106,1,fog,2800.0,0.0000,0.0000,17,100.850,0.0000,0,0.9475,,0.850,0,
4607,4,97,fog-106,1,fog,2900.0,0.0000,0.0000,17,100.850,0.0000,0,0.9456,,0.850,0,
4608,4,97,fog-106,1,fog,3000.0,0.0000,0.0000,17,100.850,0.0000,0,0.9438,,0.850,0,
4609,4,97,fog-106,1,fog,3100.0,0.0000,0.0000,17,100.850,0.0000,0,0.9419,,0.850,0,
4610,4,97,fog-106,1,fog,3200.0,0.0000,0.0000,17,100.850,0.0000,0,0.9400,,0.850,0,
4611,4,97,fog-106,1,fog,3300.0,0.0000,0.0000,17,100.850,0.0000,0,0.9381,,0.850,0,
4612,4,97,fog-106,1,fog,3400.0,0.0000,0.0000,17,100.850,0.0000,0,0.9363,,0.850,0,
4613,4,97,fog-106,1,fog,3500.0,0.0000,0.0000,17,100.850,0.0000,0,0.9344,,0.850,0,
4614,4,97,fog-106,1,fog,3600.0,0.0000,0.0000,16,100.800,0.0000,0,0.9325,,0.850,0,
4615,4,97,fog-106,1,fog,3700.0,0.0000,0.0000,17,100.850,0.0000,0,0.9306,,0.850,0,
4616,4,97,fog-106,1,fog,3800.0,0.0000,0.0000,17,100.850,0.0000,0,0.9288,,0.850,0,
4617,4,97,fog-106,1,fog,3900.0,0.0000,0.0000,17,100.850,0.0000,0,0.9269,,0.850,0,
4618,4,97,fog-106,1,fog,4000.0,0.0000,0.0000,17,100.850,0.0000,0,0.9250,,0.850,0,
4619,4,97,fog-106,1,fog,4100.0,0.0000,0.0000,17,100.850,0.0000,0,0.9231,,0.850,0,
4620,4,97,fog-106,1,fog,4200.0,0.0000,0.0000,17,100.850,0.0000,0,0.9213,,0.850,0,
4621,4,97,fog-106,1,fog,4300.0,0.0000,0.0000,17,100.850,0.0000,0,0.9194,,0.850,0,
4622,4,97,fog-106,1,fog,4400.0,0.0000,0.0000,17,100.850,0.0000,0,0.9175,,0.850,0,
4623,4,97,fog-106,1,fog,4500.0,0.0000,0.0000,17,100.850,0.0000,0,0.9156,,0.850,0,
4624,4,97,fog-106,1,fog,4600.0,0.0000,0.0000,17,100.850,0.0000,0,0.9138,,0.850,0,
4625,4,97,fog-106,1,fog,4700.0,0.0000,0.0000,17,100.850,0.0000,0,0.9119,,0.850,0,
4626,4,97,fog-106,1,fog,4800.0,0.0000,0.0000,17,100.850,0.0000,0,0.9100,,0.850,0,
4627,4,97,fog-106,1,fog,4900.0,0.0000,0.0000,17,100.850,0.0000,0,0.9081,,0.850,0,
4628,4,97,fog-106,1,fog,5000.0,0.0000,0.0000,17,100.850,0.0000,0,0.9063,,0.850,0,
4629,4,98,fog-107,1,fog,0.0,0.0000,0.0000,0,100.000,,0,1.0000,,0.850,0,
4630,4,98,fog-107,1,fog,100.0,0.0000,0.0000,0,100.000,,0,0.9981,,0.850,0,
4631,4,98,fog-107,1,fog,200.0,0.0000,0.0000,0,100.000,,0,0.9963,,0.850,0,
4632,4,98,fog-107,1,fog,300.0,0.0000,0.0000,4,100.200,0.0000,0,0.9944,,0.850,0,
4633,4,98,fog-107,1,fog,400.0,0.0000,0.0000,17,100.850,0.0000,0,0.9925,,0.850,0,
4634,4,98,fog-107,1,fog,500.0,0.0000,0.0000,17,100.850,0.0000,0,0.9906,,0.850,0,
4635,4,98,fog-107,1,fog,600.0,0.0000,0.0000,17,100.850,0.0000,0,0.9888,,0.850,0,
4636,4,98,fog-107,1,fog,700.0,0.0000,0.0000,17,100.850,0.0000,0,0.9869,,0.850,0,
4637,4,98,fog-107,1,fog,800.0,0.0000,0.0000,17,100.850,0.0000,0,0.9850,,0.850,0,
4638,4,98,fog-107,1,fog,900.0,0.0000,0.0000,17,100.850,0.0000,0,0.9831,,0.850,0,
4639,4,98,fog-107,1,fog,1000.0,0.0000,0.0000,17,100.850,0.0000,0,0.9813,,0.850,0,
4640,4,98,fog-107,1,fog,1100.0,0.0000,0.0000,17,100.850,0.0000,0,0.9794,,0.850,0,
4641,4,98,fog-107,1,fog,1200.0,0.0000,0.0000,17,100.850,0.0000,0,0.9775,,0.850,0,
4642,4,98,fog-107,1,fog,1300.0,0.0000,0.0000,17,100.850,0.0000,0,0.9756,,0.850,0,
4643,4,98,fog-107,1,fog,1400.0,0.0000,0.0000,17,100.850,0.0000,0,0.9738,,0.850,0,
4644,4,98,fog-107,1,fog,1500.0,0.0000,0.0000,17,100.850,0.0000,0,0.9719,,0.850,0,
4645,4,98,fog-107,1,fog,1600.0,0.0000,0.0000,17,100.850,0.0000,0,0.9700,,0.850,0,
4646,4,98,fog-107,1,fog,1700.0,0.0000,0.0000,16,100.800,0.0000,0,0.9681,,0.850,0,
4647,4,98,fog-107,1,fog,1800.0,0.0000,0.0000,17,100.850,0.0000,0,0.9663,,0.850,0,
4648,4,98,fog-107,1,fog,1900.0,0.0000,0.0000,17,100.850,0.0000,0,0.9644,,0.850,0,
4649,4,98,fog-107,1,fog,2000.0,0.0000,0.0000,17,100.850,0.0000,0,0.9625,,0.850,0,
4650,4,98,fog-107,1,fog,2100.0,0.0000,0.0000,17,100.850,0.0000,0,0.9606,,0.850,0,
4651,4,98,fog-107,1,fog,2200.0,0.0000,0.0000,17,100.850,0.0000,0,0.9588,,0.850,0,
4652,4,98,fog-107,1,fog,2300.0,0.0000,0.0000,17,100.850,0.0000,0,0.9569,,0.850,0,
4653,4,98,fog-107,1,fog,2400.0,0.0000,0.0000,17,100.850,0.0000,0,0.9550,,0.850,0,
4654,4,98,fog-107,1,fog,2500.0,0.0000,0.0000,17,100.850,0.0000,0,0.9531,,0.850,0,
4655,4,98,fog-107,1,fog,2600.0,0.0000,0.0000,17,100.850,0.0000,0,0.9513,,0.850,0,
4656,4,98,fog-107,1,fog,2700.0,0.0000,0.0000,17,100.850,0.0000,0,0.9494,,0.850,0,
4657,4,98,fog-107,1,fog,2800.0,0.0000,0.0000,17,100.850,0.0000,0,0.9475,,0.850,0,
4658,4,98,fog-107,1,fog,2900.0,0.0000,0.0000,17,100.850,0.0000,0,0.9456,,0.850,0,
4659,4,98,fog-107,1,fog,3000.0,0.0000,0.0000,17,100.850,0.0000,0,0.9438,,0.850,0,
4660,4,98,fog-107,1,fog,3100.0,0.0000,0.0000,17,100.850,0.0000,0,0.9419,,0.850,0,
4661,4,98,fog-107,1,fog,3200.0,0.0000,0.0000,17,100.850,0.0000,0,0.9400,,0.850,0,
4662,4,98,fog-107,1,fog,3300.0,0.0000,0.0000,17,100.850,0.0000,0,0.9381,,0.850,0,
4663,4,98,fog-107,1,fog,3400.0,0.0000,0.0000,17,100.850,0.0000,0,0.9363,,0.850,0,
4664,4,98,fog-107,1,fog,3500.0,0.0000,0.0000,17,100.850,0.0000,0,0.9344,,0.850,0,
4665,4,98,fog-107,1,fog,3600.0,0.0000,0.0000,16,100.800,0.0000,0,0.9325,,0.850,0,
4666,4,98,fog-107,1,fog,3700.0,0.0000,0.0000,17,100.850,0.0000,0,0.9306,,0.850,0,
4667,4,98,fog-107,1,fog,3800.0,0.0000,0.0000,17,100.850,0.0000,0,0.9288,,0.850,0,
4668,4,98,fog-107,1,fog,3900.0,0.0000,0.0000,17,100.850,0.0000,0,0.9269,,0.850,0,
4669,4,98,fog-107,1,fog,4000.0,0.0000,0.0000,17,100.850,0.0000,0,0.9250,,0.850,0,
4670,4,98,fog-107,1,fog,4100.0,0.0000,0.0000,17,100.850,0.0000,0,0.9231,,0.850,0,
4671,4,98,fog-107,1,fog,4200.0,0.0000,0.0000,17,100.850,0.0000,0,0.9213,,0.850,0,
4672,4,98,fog-107,1,fog,4300.0,0.0000,0.0000,17,100.850,0.0000,0,0.9194,,0.850,0,
4673,4,98,fog-107,1,fog,4400.0,0.0000,0.0000,17,100.850,0.0000,0,0.9175,,0.850,0,
4674,4,98,fog-107,1,fog,4500.0,0.0000,0.0000,17,100.850,0.0000,0,0.9156,,0.850,0,
4675,4,98,fog-107,1,fog,4600.0,0.0000,0.0000,17,100.850,0.0000,0,0.9138,,0.850,0,
4676,4,98,fog-107,1,fog,4700.0,0.0000,0.0000,17,100.850,0.0000,0,0.9119,,0.850,0,
4677,4,98,fog-107,1,fog,4800.0,0.0000,0.0000,17,100.850,0.0000,0,0.9100,,0.850,0,
4678,4,98,fog-107,1,fog,4900.0,0.0000,0.0000,17,100.850,0.0000,0,0.9081,,0.850,0,
4679,4,98,fog-107,1,fog,5000.0,0.0000,0.0000,17,100.850,0.0000,0,0.9063,,0.850,0,
4680,4,99,fog-108,1,fog,0.0,0.0000,0.0000,0,100.000,,0,1.0000,,0.850,0,
4681,4,99,fog-108,1,fog,100.0,0.0000,0.0000,0,100.000,,0,0.9981,,0.850,0,
4682,4,99,fog-108,1,fog,200.0,0.0000,0.0000,0,100.000,,0,0.9963,,0.850,0,
4683,4,99,fog-108,1,fog,300.0,0.0000,0.0000,4,100.200,0.0000,0,0.9944,,0.850,0,
4684,4,99,fog-108,1,fog,400.0,0.0000,0.0000,17,100.850,0.0000,0,0.9925,,0.850,0,
4685,4,99,fog-108,1,fog,500.0,0.0000,0.0000,17,100.850,0.0000,0,0.9906,,0.850,0,
4686,4,99,fog-108,1,fog,600.0,0.0000,0.0000,17,100.850,0.0000,0,0.9888,,0.850,0,
4687,4,99,fog-108,1,fog,700.0,0.0000,0.0000,17,100.850,0.0000,0,0.9869,,0.850,0,
4688,4,99,fog-108,1,fog,800.0,0.0000,0.0000,17,100.850,0.0000,0,0.9850,,0.850,0,
4689,4,99,fog-108,1,fog,900.0,0.0000,0.0000,17,100.850,0.0000,0,0.9831,,0.850,0,
4690,4,99,fog-108,1,fog,1000.0,0.0000,0.0000,17,100.850,0.0000,0,0.9813,,0.850,0,
4691,4,99,fog-108,1,fog,1100.0,0.0000,0.0000,17,100.850,0.0000,0,0.9794,,0.850,0,
4692,4,99,fog-108,1,fog,1200.0,0.0000,0.0000,17,100.850,0.0000,0,0.9775,,0.850,0,
4693,4,99,fog-108,1,fog,1300.0,0.0000,0.0000,17,100.850,0.0000,0,0.9756,,0.850,0,
4694,4,99,fog-108,1,fog,1400.0,0.0000,0.0000,17,100.850,0.0000,0,0.9738,,0.850,0,
4695,4,99,fog-108,1,fog,1500.0,0.0000,0.0000,17,100.850,0.0000,0,0.9719,,0.850,0,
4696,4,99,fog-108,1,fog,1600.0,0.0000,0.0000,16,100.800,0.0000,0,0.9700,,0.850,0,
4697,4,99,fog-108,1,fog,1700.0,0.0000,0.0000,17,100.850,0.0000,0,0.9681,,0.850,0,
4698,4,99,fog-108,1,fog,1800.0,0.0000,0.0000,17,100.850,0.0000,0,0.9663,,0.850,0,
4699,4,99,fog-108,1,fog,1900.0,0.0000,0.0000,17,100.850,0.0000,0,0.9644,,0.850,0,
4700,4,99,fog-108,1,fog,2000.0,0.0000,0.0000,17,100.850,0.0000,0,0.9625,,0.850,0,
4701,4,99,fog-108,1,fog,2100.0,0.0000,0.0000,17,100.850,0.0000,0,0.9606,,0.850,0,
4702,4,99,fog-108,1,fog,2200.0,0.0000,0.0000,17,100.850,0.0000,0,0.9588,,0.850,0,
4703,4,99,fog-108,1,fog,2300.0,0.0000,0.0000,17,100.850,0.0000,0,0.9569,,0.850,0,
4704,4,99,fog-108,1,fog,2400.0,0.0000,0.0000,17,100.850,0.0000,0,0.9550,,0.850,0,
4705,4,99,fog-108,1,fog,2500.0,0.0000,0.0000,17,100.850,0.0000,0,0.9531,,0.850,0,
4706,4,99,fog-108,1,fog,2600.0,0.0000,0.0000,17,100.850,0.0000,0,0.9513,,0.850,0,
4707,4,99,fog-108,1,fog,2700.0,0.0000,0.0000,17,100.850,0.0000,0,0.9494,,0.850,0,
4708,4,99,fog-108,1,fog,2800.0,0.0000,0.0000,17,100.850,0.0000,0,0.9475,,0.850,0,
4709,4,99,fog-108,1,fog,2900.0,0.0000,0.0000,17,100.850,0.0000,0,0.9456,,0.850,0,
4710,4,99,fog-108,1,fog,3000.0,0.0000,0.0000,17,100.850,0.0000,0,0.9438,,0.850,0,
4711,4,99,fog-108,1,fog,3100.0,0.0000,0.0000,17,100.850,0.0000,0,0.9419,,0.850,0,
4712,4,99,fog-108,1,fog,3200.0,0.0000,0.0000,17,100.850,0.0000,0,0.9400,,0.850,0,
4713,4,99,fog-108,1,fog,3300.0,0.0000,0.0000,17,100.850,0.0000,0,0.9381,,0.850,0,
4714,4,99,fog-108,1,fog,3400.0,0.0000,0.0000,17,100.850,0.0000,0,0.9363,,0.850,0,
4715,4,99,fog-108,1,fog,3500.0,0.0000,0.0000,17,100.850,0.0000,0,0.9344,,0.850,0,
4716,4,99,fog-108,1,fog,3600.0,0.0000,0.0000,16,100.800,0.0000,0,0.9325,,0.850,0,
4717,4,99,fog-108,1,fog,3700.0,0.0000,0.0000,17,100.850,0.0000,0,0.9306,,0.850,0,
4718,4,99,fog-108,1,fog,3800.0,0.0000,0.0000,17,100.850,0.0000,0,0.9288,,0.850,0,
4719,4,99,fog-108,1,fog,3900.0,0.0000,0.0000,17,100.850,0.0000,0,0.9269,,0.850,0,
4720,4,99,fog-108,1,fog,4000.0,0.0000,0.0000,17,100.850,0.0000,0,0.9250,,0.850,0,
4721,4,99,fog-108,1,fog,4100.0,0.0000,0.0000,17,100.850,0.0000,0,0.9231,,0.850,0,
4722,4,99,fog-108,1,fog,4200.0,0.0000,0.0000,17,100.850,0.0000,0,0.9213,,0.850,0,
4723,4,99,fog-108,1,fog,4300.0,0.0000,0.0000,17,100.850,0.0000,0,0.9194,,0.850,0,
4724,4,99,fog-108,1,fog,4400.0,0.0000,0.0000,17,100.850,0.0000,0,0.9175,,0.850,0,
4725,4,99,fog-108,1,fog,4500.0,0.0000,0.0000,17,100.850,0.0000,0,0.9156,,0.850,0,
4726,4,99,fog-108,1,fog,4600.0,0.0000,0.0000,17,100.850,0.0000,0,0.9138,,0.850,0,
4727,4,99,fog-108,1,fog,4700.0,0.0000,0.0000,17,100.850,0.0000,0,0.9119,,0.850,0,
4728,4,99,fog-108,1,fog,4800.0,0.0000,0.0000,17,100.850,0.0000,0,0.9100,,0.850,0,
4729,4,99,fog-108,1,fog,4900.0,0.0000,0.0000,17,100.850,0.0000,0,0.9081,,0.850,0,
4730,4,99,fog-108,1,fog,5000.0,0.0000,0.0000,17,100.850,0.0000,0,0.9063,,0.850,0,
4731,4,100,fog-109,1,fog,0.0,0.0000,0.0000,0,100.000,,0,1.0000,,0.850,0,
4732,4,100,fog-109,1,fog,100.0,0.0000,0.0000,0,100.000,,0,0.9981,,0.850,0,
4733,4,100,fog-109,1,fog,200.0,0.0000,0.0000,0,100.000,,0,0.9963,,0.850,0,
4734,4,100,fog-109,1,fog,300.0,0.0000,0.0000,4,100.200,0.0000,0,0.9944,,0.850,0,
4735,4,100,fog-109,1,fog,400.0,0.0000,0.0000,17,100.850,0.0000,0,0.9925,,0.850,0,
4736,4,100,fog-109,1,fog,500.0,0.0000,0.0000,17,100.850,0.0000,0,0.9906,,0.850,0,
4737,4,100,fog-109,1,fog,600.0,0.0000,0.0000,17,100.850,0.0000,0,0.9888,,0.850,0,
4738,4,100,fog-109,1,fog,700.0,0.0000,0.0000,17,100.850,0.0000,0,0.9869,,0.850,0,
4739,4,100,fog-109,1,fog,800.0,0.0000,0.0000,17,100.850,0.0000,0,0.9850,,0.850,0,
4740,4,100,fog-109,1,fog,900.0,0.0000,0.0000,17,100.850,0.0000,0,0.9831,,0.850,0,
4741,4,100,fog-109,1,fog,1000.0,0.0000,0.0000,17,100.850,0.0000,0,0.9813,,0.850,0,
4742,4,100,fog-109,1,fog,1100.0,0.0000,0.0000,17,100.850,0.0000,0,0.9794,,0.850,0,
4743,4,100,fog-109,1,fog,1200.0,0.0000,0.0000,17,100.850,0.0000,0,0.9775,,0.850,0,
4744,4,100,fog-109,1,fog,1300.0,0.0000,0.0000,17,100.850,0.0000,0,0.9756,,0.850,0,
4745,4,100,fog-109,1,fog,1400.0,0.0000,0.0000,17,100.850,0.0000,0,0.9738,,0.850,0,
4746,4,100,fog-109,1,fog,1500.0,0.0000,0.0000,17,100.850,0.0000,0,0.9719,,0.850,0,
4747,4,100,fog-109,1,fog,1600.0,0.0000,0.0000,16,100.800,0.0000,0,0.9700,,0.850,0,
4748,4,100,fog-109,1,fog,1700.0,0.0000,0.0000,17,100.850,0.0000,0,0.9681,,0.850,0,
4749,4,100,fog-109,1,fog,1800.0,0.0000,0.0000,17,100.850,0.0000,0,0.9663,,0.850,0,
4750,4,100,fog-109,1,fog,1900.0,0.0000,0.0000,17,100.850,0.0000,0,0.9644,,0.850,0,
4751,4,100,fog-109,1,fog,2000.0,0.0000,0.0000,17,100.850,0.0000,0,0.9625,,0.850,0,
4752,4,100,fog-109,1,fog,2100.0,0.0000,0.0000,17,100.850,0.0000,0,0.9606,,0.850,0,
4753,4,100,fog-109,1,fog,2200.0,0.0000,0.0000,17,100.850,0.0000,0,0.9588,,0.850,0,
4754,4,100,fog-109,1,fog,2300.0,0.0000,0.0000,17,100.850,0.0000,0,0.9569,,0.850,0,
4755,4,100,fog-109,1,fog,2400.0,0.0000,0.0000,17,100.850,0.0000,0,0.9550,,0.850,0,
4756,4,100,fog-109,1,fog,2500.0,0.0000,0.0000,17,100.850,0.0000,0,0.9531,,0.850,0,
4757,4,100,fog-109,1,fog,2600.0,0.0000,0.0000,17,100.850,0.0000,0,0.9513,,0.850,0,
4758,4,100,fog-109,1,fog,2700.0,0.0000,0.0000,17,100.850,0.0000,0,0.9494,,0.850,0,
4759,4,100,fog-109,1,fog,2800.0,0.0000,0.0000,17,100.850,0.0000,0,0.9475,,0.850,0,
4760,4,100,fog-109,1,fog,2900.0,0.0000,0.0000,17,100.850,0.0000,0,0.9456,,0.850,0,
4761,4,100,fog-109,1,fog,3000.0,0.0000,0.0000,17,100.850,0.0000,0,0.9438,,0.850,0,
4762,4,100,fog-109,1,fog,3100.0,0.0000,0.0000,17,100.850,0.0000,0,0.9419,,0.850,0,
4763,4,100,fog-109,1,fog,3200.0,0.0000,0.0000,17,100.850,0.0000,0,0.9400,,0.850,0,
4764,4,100,fog-109,1,fog,3300.0,0.0000,0.0000,17,100.850,0.0000,0,0.9381,,0.850,0,
4765,4,100,fog-109,1,fog,3400.0,0.0000,0.0000,17,100.850,0.0000,0,0.9363,,0.850,0,
4766,4,100,fog-109,1,fog,3500.0,0.0000,0.0000,17,100.850,0.0000,0,0.9344,,0.850,0,
4767,4,100,fog-109,1,fog,3600.0,0.0000,0.0000,16,100.800,0.0000,0,0.9325,,0.850,0,
4768,4,100,fog-109,1,fog,3700.0,0.0000,0.0000,17,100.850,0.0000,0,0.9306,,0.850,0,
4769,4,100,fog-109,1,fog,3800.0,0.0000,0.0000,17,100.850,0.0000,0,0.9288,,0.850,0,
4770,4,100,fog-109,1,fog,3900.0,0.0000,0.0000,17,100.850,0.0000,0,0.9269,,0.850,0,
4771,4,100,fog-109,1,fog,4000.0,0.0000,0.0000,17,100.850,0.0000,0,0.9250,,0.850,0,
4772,4,100,fog-109,1,fog,4100.0,0.0000,0.0000,17,100.850,0.0000,0,0.9231,,0.850,0,
4773,4,100,fog-109,1,fog,4200.0,0.0000,0.0000,17,100.850,0.0000,0,0.9213,,0.850,0,
4774,4,100,fog-109,1,fog,4300.0,0.0000,0.0000,17,100.850,0.0000,0,0.9194,,0.850,0,
4775,4,100,fog-109,1,fog,4400.0,0.0000,0.0000,17,100.850,0.0000,0,0.9175,,0.850,0,
4776,4,100,fog-109,1,fog,4500.0,0.0000,0.0000,17,100.850,0.0000,0,0.9156,,0.850,0,
4777,4,100,fog-109,1,fog,4600.0,0.0000,0.0000,17,100.850,0.0000,0,0.9138,,0.850,0,
4778,4,100,fog-109,1,fog,4700.0,0.0000,0.0000,17,100.850,0.0000,0,0.9119,,0.850,0,
4779,4,100,fog-109,1,fog,4800.0,0.0000,0.0000,17,100.850,0.0000,0,0.9100,,0.850,0,
4780,4,100,fog-109,1,fog,4900.0,0.0000,0.0000,17,100.850,0.0000,0,0.9081,,0.850,0,
4781,4,100,fog-109,1,fog,5000.0,0.0000,0.0000,17,100.850,0.0000,0,0.9063,,0.850,0,
4782,4,101,fog-110,1,fog,0.0,0.0000,0.0000,0,100.000,,0,1.0000,,0.850,0,
4783,4,101,fog-110,1,fog,100.0,0.0000,0.0000,0,100.000,,0,0.9981,,0.850,0,
4784,4,101,fog-110,1,fog,200.0,0.0000,0.0000,0,100.000,,0,0.9963,,0.850,0,
4785,4,101,fog-110,1,fog,300.0,0.0000,0.0000,4,100.200,0.0000,0,0.9944,,0.850,0,
4786,4,101,fog-110,1,fog,400.0,0.0000,0.0000,17,100.850,0.0000,0,0.9925,,0.850,0,
4787,4,101,fog-110,1,fog,500.0,0.0000,0.0000,17,100.850,0.0000,0,0.9906,,0.850,0,
4788,4,101,fog-110,1,fog,600.0,0.0000,0.0000,17,100.850,0.0000,0,0.9888,,0.850,0,
4789,4,101,fog-110,1,fog,700.0,0.0000,0.0000,17,100.850,0.0000,0,0.9869,,0.850,0,
4790,4,101,fog-110,1,fog,800.0,0.0000,0.0000,17,100.850,0.0000,0,0.9850,,0.850,0,
4791,4,101,fog-110,1,fog,900.0,0.0000,0.0000,17,100.850,0.0000,0,0.9831,,0.850,0,
4792,4,101,fog-110,1,fog,1000.0,0.0000,0.0000,17,100.850,0.0000,0,0.9813,,0.850,0,
4793,4,101,fog-110,1,fog,1100.0,0.0000,0.0000,17,100.850,0.0000,0,0.9794,,0.850,0,
4794,4,101,fog-110,1,fog,1200.0,0.0000,0.0000,17,100.850,0.0000,0,0.9775,,0.850,0,
4795,4,101,fog-110,1,fog,1300.0,0.0000,0.0000,17,100.850,0.0000,0,0.9756,,0.850,0,
4796,4,101,fog-110,1,fog,1400.0,0.0000,0.0000,17,100.850,0.0000,0,0.9738,,0.850,0,
4797,4,101,fog-110,1,fog,1500.0,0.0000,0.0000,17,100.850,0.0000,0,0.9719,,0.850,0,
4798,4,101,fog-110,1,fog,1600.0,0.0000,0.0000,16,100.800,0.0000,0,0.9700,,0.850,0,
4799,4,101,fog-110,1,fog,1700.0,0.0000,0.0000,17,100.850,0.0000,0,0.9681,,0.850,0,
4800,4,101,fog-110,1,fog,1800.0,0.0000,0.0000,17,100.850,0.0000,0,0.9663,,0.850,0,
4801,4,101,fog-110,1,fog,1900.0,0.0000,0.0000,17,100.850,0.0000,0,0.9644,,0.850,0,
4802,4,101,fog-110,1,fog,2000.0,0.0000,0.0000,17,100.850,0.0000,0,0.9625,,0.850,0,
4803,4,101,fog-110,1,fog,2100.0,0.0000,0.0000,17,100.850,0.0000,0,0.9606,,0.850,0,
4804,4,101,fog-110,1,fog,2200.0,0.0000,0.0000,17,100.850,0.0000,0,0.9588,,0.850,0,
4805,4,101,fog-110,1,fog,2300.0,0.0000,0.0000,17,100.850,0.0000,0,0.9569,,0.850,0,
4806,4,101,fog-110,1,fog,2400.0,0.0000,0.0000,17,100.850,0.0000,0,0.9550,,0.850,0,
4807,4,101,fog-110,1,fog,2500.0,0.0000,0.0000,17,100.850,0.0000,0,0.9531,,0.850,0,
4808,4,101,fog-110,1,fog,2600.0,0.0000,0.0000,17,100.850,0.0000,0,0.9513,,0.850,0,
4809,4,101,fog-110,1,fog,2700.0,0.0000,0.0000,17,100.850,0.0000,0,0.9494,,0.850,0,
4810,4,101,fog-110,1,fog,2800.0,0.0000,0.0000,17,100.850,0.0000,0,0.9475,,0.850,0,
4811,4,101,fog-110,1,fog,2900.0,0.0000,0.0000,17,100.850,0.0000,0,0.9456,,0.850,0,
4812,4,101,fog-110,1,fog,3000.0,0.0000,0.0000,17,100.850,0.0000,0,0.9438,,0.850,0,
4813,4,101,fog-110,1,fog,3100.0,0.0000,0.0000,17,100.850,0.0000,0,0.9419,,0.850,0,
4814,4,101,fog-110,1,fog,3200.0,0.0000,0.0000,17,100.850,0.0000,0,0.9400,,0.850,0,
4815,4,101,fog-110,1,fog,3300.0,0.0000,0.0000,17,100.850,0.0000,0,0.9381,,0.850,0,
4816,4,101,fog-110,1,fog,3400.0,0.0000,0.0000,17,100.850,0.0000,0,0.9363,,0.850,0,
4817,4,101,fog-110,1,fog,3500.0,0.0000,0.0000,17,100.850,0.0000,0,0.9344,,0.850,0,
4818,4,101,fog-110,1,fog,3600.0,0.0000,0.0000,16,100.800,0.0000,0,0.9325,,0.850,0,
4819,4,101,fog-110,1,fog,3700.0,0.0000,0.0000,17,100.850,0.0000,0,0.9306,,0.850,0,
4820,4,101,fog-110,1,fog,3800.0,0.0000,0.0000,17,100.850,0.0000,0,0.9288,,0.850,0,
4821,4,101,fog-110,1,fog,3900.0,0.0000,0.0000,17,100.850,0.0000,0,0.9269,,0.850,0,
4822,4,101,fog-110,1,fog,4000.0,0.0000,0.0000,17,100.850,0.0000,0,0.9250,,0.850,0,
4823,4,101,fog-110,1,fog,4100.0,0.0000,0.0000,17,100.850,0.0000,0,0.9231,,0.850,0,
4824,4,101,fog-110,1,fog,4200.0,0.0000,0.0000,17,100.850,0.0000,0,0.9213,,0.850,0,
4825,4,101,fog-110,1,fog,4300.0,0.0000,0.0000,17,100.850,0.0000,0,0.9194,,0.850,0,
4826,4,101,fog-110,1,fog,4400.0,0.0000,0.0000,17,100.850,0.0000,0,0.9175,,0.850,0,
4827,4,101,fog-110,1,fog,4500.0,0.0000,0.0000,17,100.850,0.0000,0,0.9156,,0.850,0,
4828,4,101,fog-110,1,fog,4600.0,0.0000,0.0000,17,100.850,0.0000,0,0.9138,,0.850,0,
4829,4,101,fog-110,1,fog,4700.0,0.0000,0.0000,17,100.850,0.0000,0,0.9119,,0.850,0,
4830,4,101,fog-110,1,fog,4800.0,0.0000,0.0000,17,100.850,0.0000,0,0.9100,,0.850,0,
4831,4,101,fog-110,1,fog,4900.0,0.0000,0.0000,17,100.850,0.0000,0,0.9081,,0.850,0,
4832,4,101,fog-110,1,fog,5000.0,0.0000,0.0000,17,100.850,0.0000,0,0.9063,,0.850,0,
4833,4,102,fog-111,1,fog,0.0,0.0000,0.0000,0,100.000,,0,1.0000,,0.850,0,
4834,4,102,fog-111,1,fog,100.0,0.0000,0.0000,0,100.000,,0,0.9981,,0.850,0,
4835,4,102,fog-111,1,fog,200.0,0.0000,0.0000,0,100.000,,0,0.9963,,0.850,0,
4836,4,102,fog-111,1,fog,300.0,0.0000,0.0000,4,100.200,0.0000,0,0.9944,,0.850,0,
4837,4,102,fog-111,1,fog,400.0,0.0000,0.0000,17,100.850,0.0000,0,0.9925,,0.850,0,
4838,4,102,fog-111,1,fog,500.0,0.0000,0.0000,17,100.850,0.0000,0,0.9906,,0.850,0,
4839,4,102,fog-111,1,fog,600.0,0.0000,0.0000,17,100.850,0.0000,0,0.9888,,0.850,0,
4840,4,102,fog-111,1,fog,700.0,0.0000,0.0000,17,100.850,0.0000,0,0.9869,,0.850,0,
4841,4,102,fog-111,1,fog,800.0,0.0000,0.0000,17,100.850,0.0000,0,0.9850,,0.850,0,
4842,4,102,fog-111,1,fog,900.0,0.0000,0.0000,17,100.850,0.0000,0,0.9831,,0.850,0,
4843,4,102,fog-111,1,fog,1000.0,0.0000,0.0000,17,100.850,0.0000,0,0.9813,,0.850,0,
4844,4,102,fog-111,1,fog,1100.0,0.0000,0.0000,17,100.850,0.0000,0,0.9794,,0.850,0,
4845,4,102,fog-111,1,fog,1200.0,0.0000,0.0000,17,100.850,0.0000,0,0.9775,,0.850,0,
4846,4,102,fog-111,1,fog,1300.0,0.0000,0.0000,17,100.850,0.0000,0,0.9756,,0.850,0,
4847,4,102,fog-111,1,fog,1400.0,0.0000,0.0000,17,100.850,0.0000,0,0.9738,,0.850,0,
4848,4,102,fog-111,1,fog,1500.0,0.0000,0.0000,17,100.850,0.0000,0,0.9719,,0.850,0,
4849,4,102,fog-111,1,fog,1600.0,0.0000,0.0000,16,100.800,0.0000,0,0.9700,,0.850,0,
4850,4,102,fog-111,1,fog,1700.0,0.0000,0.0000,17,100.850,0.0000,0,0.9681,,0.850,0,
4851,4,102,fog-111,1,fog,1800.0,0.0000,0.0000,17,100.850,0.0000,0,0.9663,,0.850,0,
4852,4,102,fog-111,1,fog,1900.0,0.0000,0.0000,17,100.850,0.0000,0,0.9644,,0.850,0,
4853,4,102,fog-111,1,fog,2000.0,0.0000,0.0000,17,100.850,0.0000,0,0.9625,,0.850,0,
4854,4,102,fog-111,1,fog,2100.0,0.0000,0.0000,17,100.850,0.0000,0,0.9606,,0.850,0,
4855,4,102,fog-111,1,fog,2200.0,0.0000,0.0000,17,100.850,0.0000,0,0.9588,,0.850,0,
4856,4,102,fog-111,1,fog,2300.0,0.0000,0.0000,17,100.850,0.0000,0,0.9569,,0.850,0,
4857,4,102,fog-111,1,fog,2400.0,0.0000,0.0000,17,100.850,0.0000,0,0.9550,,0.850,0,
4858,4,102,fog-111,1,fog,2500.0,0.0000,0.0000,17,100.850,0.0000,0,0.9531,,0.850,0,
4859,4,102,fog-111,1,fog,2600.0,0.0000,0.0000,17,100.850,0.0000,0,0.9513,,0.850,0,
4860,4,102,fog-111,1,fog,2700.0,0.0000,0.0000,17,100.850,0.0000,0,0.9494,,0.850,0,
4861,4,102,fog-111,1,fog,2800.0,0.0000,0.0000,17,100.850,0.0000,0,0.9475,,0.850,0,
4862,4,102,fog-111,1,fog,2900.0,0.0000,0.0000,17,100.850,0.0000,0,0.9456,,0.850,0,
4863,4,102,fog-111,1,fog,3000.0,0.0000,0.0000,17,100.850,0.0000,0,0.9438,,0.850,0,
4864,4,102,fog-111,1,fog,3100.0,0.0000,0.0000,17,100.850,0.0000,0,0.9419,,0.850,0,
4865,4,102,fog-111,1,fog,3200.0,0.0000,0.0000,17,100.850,0.0000,0,0.9400,,0.850,0,
4866,4,102,fog-111,1,fog,3300.0,0.0000,0.0000,17,100.850,0.0000,0,0.9381,,0.850,0,
4867,4,102,fog-111,1,fog,3400.0,0.0000,0.0000,17,100.850,0.0000,0,0.9363,,0.850,0,
4868,4,102,fog-111,1,fog,3500.0,0.0000,0.0000,17,100.850,0.0000,0,0.9344,,0.850,0,
4869,4,102,fog-111,1,fog,3600.0,0.0000,0.0000,16,100.800,0.0000,0,0.9325,,0.850,0,
4870,4,102,fog-111,1,fog,3700.0,0.0000,0.0000,17,100.850,0.0000,0,0.9306,,0.850,0,
4871,4,102,fog-111,1,fog,3800.0,0.0000,0.0000,17,100.850,0.0000,0,0.9288,,0.850,0,
4872,4,102,fog-111,1,fog,3900.0,0.0000,0.0000,17,100.850,0.0000,0,0.9269,,0.850,0,
4873,4,102,fog-111,1,fog,4000.0,0.0000,0.0000,17,100.850,0.0000,0,0.9250,,0.850,0,
4874,4,102,fog-111,1,fog,4100.0,0.0000,0.0000,17,100.850,0.0000,0,0.9231,,0.850,0,
4875,4,102,fog-111,1,fog,4200.0,0.0000,0.0000,17,100.850,0.0000,0,0.9213,,0.850,0,
4876,4,102,fog-111,1,fog,4300.0,0.0000,0.0000,17,100.850,0.0000,0,0.9194,,0.850,0,
4877,4,102,fog-111,1,fog,4400.0,0.0000,0.0000,17,100.850,0.0000,0,0.9175,,0.850,0,
4878,4,102,fog-111,1,fog,4500.0,0.0000,0.0000,17,100.850,0.0000,0,0.9156,,0.850,0,
4879,4,102,fog-111,1,fog,4600.0,0.0000,0.0000,17,100.850,0.0000,0,0.9138,,0.850,0,
4880,4,102,fog-111,1,fog,4700.0,0.0000,0.0000,17,100.850,0.0000,0,0.9119,,0.850,0,
4881,4,102,fog-111,1,fog,4800.0,0.0000,0.0000,17,100.850,0.0000,0,0.9100,,0.850,0,
4882,4,102,fog-111,1,fog,4900.0,0.0000,0.0000,17,100.850,0.0000,0,0.9081,,0.850,0,
4883,4,102,fog-111,1,fog,5000.0,0.0000,0.0000,17,100.850,0.0000,0,0.9063,,0.850,0,
4884,4,103,fog-112,1,fog,0.0,0.0000,0.0000,0,100.000,,0,1.0000,,0.850,0,
4885,4,103,fog-112,1,fog,100.0,0.0000,0.0000,0,100.000,,0,0.9981,,0.850,0,
4886,4,103,fog-112,1,fog,200.0,0.0000,0.0000,0,100.000,,0,0.9963,,0.850,0,
4887,4,103,fog-112,1,fog,300.0,0.0000,0.0000,4,100.200,0.0000,0,0.9944,,0.850,0,
4888,4,103,fog-112,1,fog,400.0,0.0000,0.0000,17,100.850,0.0000,0,0.9925,,0.850,0,
4889,4,103,fog-112,1,fog,500.0,0.0000,0.0000,17,100.850,0.0000,0,0.9906,,0.850,0,
4890,4,103,fog-112,1,fog,600.0,0.0000,0.0000,17,100.850,0.0000,0,0.9888,,0.850,0,
4891,4,103,fog-112,1,fog,700.0,0.0000,0.0000,17,100.850,0.0000,0,0.9869,,0.850,0,
4892,4,103,fog-112,1,fog,800.0,0.0000,0.0000,17,100.850,0.0000,0,0.9850,,0.850,0,
4893,4,103,fog-112,1,fog,900.0,0.0000,0.0000,17,100.850,0.0000,0,0.9831,,0.850,0,
4894,4,103,fog-112,1,fog,1000.0,0.0000,0.0000,17,100.850,0.0000,0,0.9813,,0.850,0,
4895,4,103,fog-112,1,fog,1100.0,0.0000,0.0000,17,100.850,0.0000,0,0.9794,,0.850,0,
4896,4,103,fog-112,1,fog,1200.0,0.0000,0.0000,17,100.850,0.0000,0,0.9775,,0.850,0,
4897,4,103,fog-112,1,fog,1300.0,0.0000,0.0000,17,100.850,0.0000,0,0.9756,,0.850,0,
4898,4,103,fog-112,1,fog,1400.0,0.0000,0.0000,17,100.850,0.0000,0,0.9738,,0.850,0,
4899,4,103,fog-112,1,fog,1500.0,0.0000,0.0000,17,100.850,0.0000,0,0.9719,,0.850,0,
4900,4,103,fog-112,1,fog,1600.0,0.0000,0.0000,16,100.800,0.0000,0,0.9700,,0.850,0,
4901,4,103,fog-112,1,fog,1700.0,0.0000,0.0000,17,100.850,0.0000,0,0.9681,,0.850,0,
4902,4,103,fog-112,1,fog,1800.0,0.0000,0.0000,17,100.850,0.0000,0,0.9663,,0.850,0,
4903,4,103,fog-112,1,fog,1900.0,0.0000,0.0000,17,100.850,0.0000,0,0.9644,,0.850,0,
4904,4,103,fog-112,1,fog,2000.0,0.0000,0.0000,17,100.850,0.0000,0,0.9625,,0.850,0,
4905,4,103,fog-112,1,fog,2100.0,0.0000,0.0000,17,100.850,0.0000,0,0.9606,,0.850,0,
4906,4,103,fog-112,1,fog,2200.0,0.0000,0.0000,17,100.850,0.0000,0,0.9588,,0.850,0,
4907,4,103,fog-112,1,fog,2300.0,0.0000,0.0000,17,100.850,0.0000,0,0.9569,,0.850,0,
4908,4,103,fog-112,1,fog,2400.0,0.0000,0.0000,17,100.850,0.0000,0,0.9550,,0.850,0,
4909,4,103,fog-112,1,fog,2500.0,0.0000,0.0000,17,100.850,0.0000,0,0.9531,,0.850,0,
4910,4,103,fog-112,1,fog,2600.0,0.0000,0.0000,17,100.850,0.0000,0,0.9513,,0.850,0,
4911,4,103,fog-112,1,fog,2700.0,0.0000,0.0000,17,100.850,0.0000,0,0.9494,,0.850,0,
4912,4,103,fog-112,1,fog,2800.0,0.0000,0.0000,17,100.850,0.0000,0,0.9475,,0.850,0,
4913,4,103,fog-112,1,fog,2900.0,0.0000,0.0000,17,100.850,0.0000,0,0.9456,,0.850,0,
4914,4,103,fog-112,1,fog,3000.0,0.0000,0.0000,17,100.850,0.0000,0,0.9438,,0.850,0,
4915,4,103,fog-112,1,fog,3100.0,0.0000,0.0000,17,100.850,0.0000,0,0.9419,,0.850,0,
4916,4,103,fog-112,1,fog,3200.0,0.0000,0.0000,17,100.850,0.0000,0,0.9400,,0.850,0,
4917,4,103,fog-112,1,fog,3300.0,0.0000,0.0000,17,100.850,0.0000,0,0.9381,,0.850,0,
4918,4,103,fog-112,1,fog,3400.0,0.0000,0.0000,17,100.850,0.0000,0,0.9363,,0.850,0,
4919,4,103,fog-112,1,fog,3500.0,0.0000,0.0000,16,100.800,0.0000,0,0.9344,,0.850,0,
4920,4,103,fog-112,1,fog,3600.0,0.0000,0.0000,17,100.850,0.0000,0,0.9325,,0.850,0,
4921,4,103,fog-112,1,fog,3700.0,0.0000,0.0000,17,100.850,0.0000,0,0.9306,,0.850,0,
4922,4,103,fog-112,1,fog,3800.0,0.0000,0.0000,17,100.850,0.0000,0,0.9288,,0.850,0,
4923,4,103,fog-112,1,fog,3900.0,0.0000,0.0000,17,100.850,0.0000,0,0.9269,,0.850,0,
4924,4,103,fog-112,1,fog,4000.0,0.0000,0.0000,17,100.850,0.0000,0,0.9250,,0.850,0,
4925,4,103,fog-112,1,fog,4100.0,0.0000,0.0000,17,100.850,0.0000,0,0.9231,,0.850,0,
4926,4,103,fog-112,1,fog,4200.0,0.0000,0.0000,17,100.850,0.0000,0,0.9213,,0.850,0,
4927,4,103,fog-112,1,fog,4300.0,0.0000,0.0000,17,100.850,0.0000,0,0.9194,,0.850,0,
4928,4,103,fog-112,1,fog,4400.0,0.0000,0.0000,17,100.850,0.0000,0,0.9175,,0.850,0,
4929,4,103,fog-112,1,fog,4500.0,0.0000,0.0000,17,100.850,0.0000,0,0.9156,,0.850,0,
4930,4,103,fog-112,1,fog,4600.0,0.0000,0.0000,17,100.850,0.0000,0,0.9138,,0.850,0,
4931,4,103,fog-112,1,fog,4700.0,0.0000,0.0000,17,100.850,0.0000,0,0.9119,,0.850,0,
4932,4,103,fog-112,1,fog,4800.0,0.0000,0.0000,17,100.850,0.0000,0,0.9100,,0.850,0,
4933,4,103,fog-112,1,fog,4900.0,0.0000,0.0000,17,100.850,0.0000,0,0.9081,,0.850,0,
4934,4,103,fog-112,1,fog,5000.0,0.0000,0.0000,17,100.850,0.0000,0,0.9063,,0.850,0,
4935,4,104,fog-113,1,fog,0.0,0.0000,0.0000,0,100.000,,0,1.0000,,0.850,0,
4936,4,104,fog-113,1,fog,100.0,0.0000,0.0000,0,100.000,,0,0.9981,,0.850,0,
4937,4,104,fog-113,1,fog,200.0,0.0000,0.0000,0,100.000,,0,0.9963,,0.850,0,
4938,4,104,fog-113,1,fog,300.0,0.0000,0.0000,4,100.200,0.0000,0,0.9944,,0.850,0,
4939,4,104,fog-113,1,fog,400.0,0.0000,0.0000,17,100.850,0.0000,0,0.9925,,0.850,0,
4940,4,104,fog-113,1,fog,500.0,0.0000,0.0000,17,100.850,0.0000,0,0.9906,,0.850,0,
4941,4,104,fog-113,1,fog,600.0,0.0000,0.0000,17,100.850,0.0000,0,0.9888,,0.850,0,
4942,4,104,fog-113,1,fog,700.0,0.0000,0.0000,17,100.850,0.0000,0,0.9869,,0.850,0,
4943,4,104,fog-113,1,fog,800.0,0.0000,0.0000,17,100.850,0.0000,0,0.9850,,0.850,0,
4944,4,104,fog-113,1,fog,900.0,0.0000,0.0000,17,100.850,0.0000,0,0.9831,,0.850,0,
4945,4,104,fog-113,1,fog,1000.0,0.0000,0.0000,17,100.850,0.0000,0,0.9813,,0.850,0,
4946,4,104,fog-113,1,fog,1100.0,0.0000,0.0000,17,100.850,0.0000,0,0.9794,,0.850,0,
4947,4,104,fog-113,1,fog,1200.0,0.0000,0.0000,17,100.850,0.0000,0,0.9775,,0.850,0,
4948,4,104,fog-113,1,fog,1300.0,0.0000,0.0000,17,100.850,0.0000,0,0.9756,,0.850,0,
4949,4,104,fog-113,1,fog,1400.0,0.0000,0.0000,17,100.850,0.0000,0,0.9738,,0.850,0,
4950,4,104,fog-113,1,fog,1500.0,0.0000,0.0000,17,100.850,0.0000,0,0.9719,,0.850,0,
4951,4,104,fog-113,1,fog,1600.0,0.0000,0.0000,16,100.800,0.0000,0,0.9700,,0.850,0,
4952,4,104,fog-113,1,fog,1700.0,0.0000,0.0000,17,100.850,0.0000,0,0.9681,,0.850,0,
4953,4,104,fog-113,1,fog,1800.0,0.0000,0.0000,17,100.850,0.0000,0,0.9663,,0.850,0,
4954,4,104,fog-113,1,fog,1900.0,0.0000,0.0000,17,100.850,0.0000,0,0.9644,,0.850,0,
4955,4,104,fog-113,1,fog,2000.0,0.0000,0.0000,17,100.850,0.0000,0,0.9625,,0.850,0,
4956,4,104,fog-113,1,fog,2100.0,0.0000,0.0000,17,100.850,0.0000,0,0.9606,,0.850,0,
4957,4,104,fog-113,1,fog,2200.0,0.0000,0.0000,17,100.850,0.0000,0,0.9588,,0.850,0,
4958,4,104,fog-113,1,fog,2300.0,0.0000,0.0000,17,100.850,0.0000,0,0.9569,,0.850,0,
4959,4,104,fog-113,1,fog,2400.0,0.0000,0.0000,17,100.850,0.0000,0,0.9550,,0.850,0,
4960,4,104,fog-113,1,fog,2500.0,0.0000,0.0000,17,100.850,0.0000,0,0.9531,,0.850,0,
4961,4,104,fog-113,1,fog,2600.0,0.0000,0.0000,17,100.850,0.0000,0,0.9513,,0.850,0,
4962,4,104,fog-113,1,fog,2700.0,0.0000,0.0000,17,100.850,0.0000,0,0.9494,,0.850,0,
4963,4,104,fog-113,1,fog,2800.0,0.0000,0.0000,17,100.850,0.0000,0,0.9475,,0.850,0,
4964,4,104,fog-113,1,fog,2900.0,0.0000,0.0000,17,100.850,0.0000,0,0.9456,,0.850,0,
4965,4,104,fog-113,1,fog,3000.0,0.0000,0.0000,17,100.850,0.0000,0,0.9438,,0.850,0,
4966,4,104,fog-113,1,fog,3100.0,0.0000,0.0000,17,100.850,0.0000,0,0.9419,,0.850,0,
4967,4,104,fog-113,1,fog,3200.0,0.0000,0.0000,17,100.850,0.0000,0,0.9400,,0.850,0,
4968,4,104,fog-113,1,fog,3300.0,0.0000,0.0000,17,100.850,0.0000,0,0.9381,,0.850,0,
4969,4,104,fog-113,1,fog,3400.0,0.0000,0.0000,17,100.850,0.0000,0,0.9363,,0.850,0,
4970,4,104,fog-113,1,fog,3500.0,0.0000,0.0000,16,100.800,0.0000,0,0.9344,,0.850,0,
4971,4,104,fog-113,1,fog,3600.0,0.0000,0.0000,17,100.850,0.0000,0,0.9325,,0.850,0,
4972,4,104,fog-113,1,fog,3700.0,0.0000,0.0000,17,100.850,0.0000,0,0.9306,,0.850,0,
4973,4,104,fog-113,1,fog,3800.0,0.0000,0.0000,17,100.850,0.0000,0,0.9288,,0.850,0,
4974,4,104,fog-113,1,fog,3900.0,0.0000,0.0000,17,100.850,0.0000,0,0.9269,,0.850,0,
4975,4,104,fog-113,1,fog,4000.0,0.0000,0.0000,17,100.850,0.0000,0,0.9250,,0.850,0,
4976,4,104,fog-113,1,fog,4100.0,0.0000,0.0000,17,100.850,0.0000,0,0.9231,,0.850,0,
4977,4,104,fog-113,1,fog,4200.0,0.0000,0.0000,17,100.850,0.0000,0,0.9213,,0.850,0,
4978,4,104,fog-113,1,fog,4300.0,0.0000,0.0000,17,100.850,0.0000,0,0.9194,,0.850,0,
4979,4,104,fog-113,1,fog,4400.0,0.0000,0.0000,17,100.850,0.0000,0,0.9175,,0.850,0,
4980,4,104,fog-113,1,fog,4500.0,0.0000,0.0000,17,100.850,0.0000,0,0.9156,,0.850,0,
4981,4,104,fog-113,1,fog,4600.0,0.0000,0.0000,17,100.850,0.0000,0,0.9138,,0.850,0,
4982,4,104,fog-113,1,fog,4700.0,0.0000,0.0000,17,100.850,0.0000,0,0.9119,,0.850,0,
4983,4,104,fog-113,1,fog,4800.0,0.0000,0.0000,17,100.850,0.0000,0,0.9100,,0.850,0,
4984,4,104,fog-113,1,fog,4900.0,0.0000,0.0000,17,100.850,0.0000,0,0.9081,,0.850,0,
4985,4,104,fog-113,1,fog,5000.0,0.0000,0.0000,17,100.850,0.0000,0,0.9063,,0.850,0,
4986,4,105,fog-114,1,fog,0.0,0.0000,0.0000,0,100.000,,0,1.0000,,0.850,0,
4987,4,105,fog-114,1,fog,100.0,0.0000,0.0000,0,100.000,,0,0.9981,,0.850,0,
4988,4,105,fog-114,1,fog,200.0,0.0000,0.0000,0,100.000,,0,0.9963,,0.850,0,
4989,4,105,fog-114,1,fog,300.0,0.0000,0.0000,4,100.200,0.0000,0,0.9944,,0.850,0,
4990,4,105,fog-114,1,fog,400.0,0.0000,0.0000,17,100.850,0.0000,0,0.9925,,0.850,0,
4991,4,105,fog-114,1,fog,500.0,0.0000,0.0000,17,100.850,0.0000,0,0.9906,,0.850,0,
4992,4,105,fog-114,1,fog,600.0,0.0000,0.0000,17,100.850,0.0000,0,0.9888,,0.850,0,
4993,4,105,fog-114,1,fog,700.0,0.0000,0.0000,17,100.850,0.0000,0,0.9869,,0.850,0,
4994,4,105,fog-114,1,fog,800.0,0.0000,0.0000,17,100.850,0.0000,0,0.9850,,0.850,0,
4995,4,105,fog-114,1,fog,900.0,0.0000,0.0000,17,100.850,0.0000,0,0.9831,,0.850,0,
4996,4,105,fog-114,1,fog,1000.0,0.0000,0.0000,17,100.850,0.0000,0,0.9813,,0.850,0,
4997,4,105,fog-114,1,fog,1100.0,0.0000,0.0000,17,100.850,0.0000,0,0.9794,,0.850,0,
4998,4,105,fog-114,1,fog,1200.0,0.0000,0.0000,17,100.850,0.0000,0,0.9775,,0.850,0,
4999,4,105,fog-114,1,fog,1300.0,0.0000,0.0000,17,100.850,0.0000,0,0.9756,,0.850,0,
5000,4,105,fog-114,1,fog,1400.0,0.0000,0.0000,17,100.850,0.0000,0,0.9738,,0.850,0,
5001,4,105,fog-114,1,fog,1500.0,0.0000,0.0000,16,100.800,0.0000,0,0.9719,,0.850,0,
5002,4,105,fog-114,1,fog,1600.0,0.0000,0.0000,17,100.850,0.0000,0,0.9700,,0.850,0,
5003,4,105,fog-114,1,fog,1700.0,0.0000,0.0000,17,100.850,0.0000,0,0.9681,,0.850,0,
5004,4,105,fog-114,1,fog,1800.0,0.0000,0.0000,17,100.850,0.0000,0,0.9663,,0.850,0,
5005,4,105,fog-114,1,fog,1900.0,0.0000,0.0000,17,100.850,0.0000,0,0.9644,,0.850,0,
5006,4,105,fog-114,1,fog,2000.0,0.0000,0.0000,17,100.850,0.0000,0,0.9625,,0.850,0,
5007,4,105,fog-114,1,fog,2100.0,0.0000,0.0000,17,100.850,0.0000,0,0.9606,,0.850,0,
5008,4,105,fog-114,1,fog,2200.0,0.0000,0.0000,17,100.850,0.0000,0,0.9588,,0.850,0,
5009,4,105,fog-114,1,fog,2300.0,0.0000,0.0000,17,100.850,0.0000,0,0.9569,,0.850,0,
5010,4,105,fog-114,1,fog,2400.0,0.0000,0.0000,17,100.850,0.0000,0,0.9550,,0.850,0,
5011,4,105,fog-114,1,fog,2500.0,0.0000,0.0000,17,100.850,0.0000,0,0.9531,,0.850,0,
5012,4,105,fog-114,1,fog,2600.0,0.0000,0.0000,17,100.850,0.0000,0,0.9513,,0.850,0,
5013,4,105,fog-114,1,fog,2700.0,0.0000,0.0000,17,100.850,0.0000,0,0.9494,,0.850,0,
5014,4,105,fog-114,1,fog,2800.0,0.0000,0.0000,17,100.850,0.0000,0,0.9475,,0.850,0,
5015,4,105,fog-114,1,fog,2900.0,0.0000,0.0000,17,100.850,0.0000,0,0.9456,,0.850,0,
5016,4,105,fog-114,1,fog,3000.0,0.0000,0.0000,17,100.850,0.0000,0,0.9438,,0.850,0,
5017,4,105,fog-114,1,fog,3100.0,0.0000,0.0000,17,100.850,0.0000,0,0.9419,,0.850,0,
5018,4,105,fog-114,1,fog,3200.0,0.0000,0.0000,17,100.850,0.0000,0,0.9400,,0.850,0,
5019,4,105,fog-114,1,fog,3300.0,0.0000,0.0000,17,100.850,0.0000,0,0.9381,,0.850,0,
5020,4,105,fog-114,1,fog,3400.0,0.0000,0.0000,17,100.850,0.0000,0,0.9363,,0.850,0,
5021,4,105,fog-114,1,fog,3500.0,0.0000,0.0000,16,100.800,0.0000,0,0.9344,,0.850,0,
5022,4,105,fog-114,1,fog,3600.0,0.0000,0.0000,17,100.850,0.0000,0,0.9325,,0.850,0,
5023,4,105,fog-114,1,fog,3700.0,0.0000,0.0000,17,100.850,0.0000,0,0.9306,,0.850,0,
5024,4,105,fog-114,1,fog,3800.0,0.0000,0.0000,17,100.850,0.0000,0,0.9288,,0.850,0,
5025,4,105,fog-114,1,fog,3900.0,0.0000,0.0000,17,100.850,0.0000,0,0.9269,,0.850,0,
5026,4,105,fog-114,1,fog,4000.0,0.0000,0.0000,17,100.850,0.0000,0,0.9250,,0.850,0,
5027,4,105,fog-114,1,fog,4100.0,0.0000,0.0000,17,100.850,0.0000,0,0.9231,,0.850,0,
5028,4,105,fog-114,1,fog,4200.0,0.0000,0.0000,17,100.850,0.0000,0,0.9213,,0.850,0,
5029,4,105,fog-114,1,fog,4300.0,0.0000,0.0000,17,100.850,0.0000,0,0.9194,,0.850,0,
5030,4,105,fog-114,1,fog,4400.0,0.0000,0.0000,17,100.850,0.0000,0,0.9175,,0.850,0,
5031,4,105,fog-114,1,fog,4500.0,0.0000,0.0000,17,100.850,0.0000,0,0.9156,,0.850,0,
5032,4,105,fog-114,1,fog,4600.0,0.0000,0.0000,17,100.850,0.0000,0,0.9138,,0.850,0,
5033,4,105,fog-114,1,fog,4700.0,0.0000,0.0000,17,100.850,0.0000,0,0.9119,,0.850,0,
5034,4,105,fog-114,1,fog,4800.0,0.0000,0.0000,17,100.850,0.0000,0,0.9100,,0.850,0,
5035,4,105,fog-114,1,fog,4900.0,0.0000,0.0000,17,100.850,0.0000,0,0.9081,,0.850,0,
5036,4,105,fog-114,1,fog,5000.0,0.0000,0.0000,17,100.850,0.0000,0,0.9063,,0.850,0,
5037,4,106,fog-115,1,fog,0.0,0.0000,0.0000,0,100.000,,0,1.0000,,0.850,0,921.4
5038,4,106,fog-115,1,fog,100.0,0.0000,0.0000,0,100.000,,0,0.9981,,0.850,0,921.4
5039,4,106,fog-115,1,fog,200.0,0.0000,0.0000,0,100.000,,0,0.9963,,0.850,0,921.4
5040,4,106,fog-115,1,fog,300.0,0.0000,0.0000,4,100.200,0.0000,0,0.9944,,0.850,0,921.4
5041,4,106,fog-115,1,fog,400.0,0.0000,0.0000,17,100.850,0.0000,0,0.9925,,0.850,0,921.4
5042,4,106,fog-115,1,fog,500.0,0.0000,0.0000,17,100.850,0.0000,0,0.9906,,0.850,0,921.4
5043,4,106,fog-115,1,fog,600.0,0.0000,0.0000,17,100.850,0.0000,0,0.9888,,0.850,0,921.4
5044,4,106,fog-115,1,fog,700.0,0.0000,0.0000,17,100.850,0.0000,0,0.9869,,0.850,0,921.4
5045,4,106,fog-115,1,fog,800.0,0.0000,0.0000,17,100.850,0.0000,0,0.9850,,0.850,1,921.4
5046,4,106,fog-115,1,fog,900.0,0.0000,0.0000,17,100.850,0.0000,0,0.9831,,0.850,1,921.4
5047,4,107,fog-116,1,fog,0.0,0.0000,0.0000,0,100.000,,0,1.0000,,0.850,0,
5048,4,107,fog-116,1,fog,100.0,0.0000,0.0000,0,100.000,,0,0.9981,,0.850,0,
5049,4,107,fog-116,1,fog,200.0,0.0000,0.0000,0,100.000,,0,0.9963,,0.850,0,
5050,4,107,fog-116,1,fog,300.0,0.0000,0.0000,4,100.200,0.0000,0,0.9944,,0.850,0,
5051,4,107,fog-116,1,fog,400.0,0.0000,0.0000,17,100.850,0.0000,0,0.9925,,0.850,0,
5052,4,107,fog-116,1,fog,500.0,0.0000,0.0000,17,100.850,0.0000,0,0.9906,,0.850,0,
5053,4,107,fog-116,1,fog,600.0,0.0000,0.0000,17,100.850,0.0000,0,0.9888,,0.850,0,
5054,4,107,fog-116,1,fog,700.0,0.0000,0.0000,17,100.850,0.0000,0,0.9869,,0.850,0,
5055,4,107,fog-116,1,fog,800.0,0.0000,0.0000,17,100.850,0.0000,0,0.9850,,0.850,0,
5056,4,107,fog-116,1,fog,900.0,0.0000,0.0000,17,100.850,0.0000,0,0.9831,,0.850,0,
5057,4,107,fog-116,1,fog,1000.0,0.0000,0.0000,17,100.850,0.0000,0,0.9813,,0.850,0,
5058,4,107,fog-116,1,fog,1100.0,0.0000,0.0000,17,100.850,0.0000,0,0.9794,,0.850,0,
5059,4,107,fog-116,1,fog,1200.0,0.0000,0.0000,17,100.850,0.0000,0,0.9775,,0.850,0,
5060,4,107,fog-116,1,fog,1300.0,0.0000,0.0000,17,100.850,0.0000,0,0.9756,,0.850,0,
5061,4,107,fog-116,1,fog,1400.0,0.0000,0.0000,17,100.850,0.0000,0,0.9738,,0.850,0,
5062,4,107,fog-116,1,fog,1500.0,0.0000,0.0000,16,100.800,0.0000,0,0.9719,,0.850,0,
5063,4,107,fog-116,1,fog,1600.0,0.0000,0.0000,17,100.850,0.0000,0,0.9700,,0.850,0,
5064,4,107,fog-116,1,fog,1700.0,0.0000,0.0000,17,100.850,0.0000,0,0.9681,,0.850,0,
5065,4,107,fog-116,1,fog,1800.0,0.0000,0.0000,17,100.850,0.0000,0,0.9663,,0.850,0,
5066,4,107,fog-116,1,fog,1900.0,0.0000,0.0000,17,100.850,0.0000,0,0.9644,,0.850,0,
5067,4,107,fog-116,1,fog,2000.0,0.0000,0.0000,17,100.850,0.0000,0,0.9625,,0.850,0,
5068,4,107,fog-116,1,fog,2100.0,0.0000,0.0000,17,100.850,0.0000,0,0.9606,,0.850,0,
5069,4,107,fog-116,1,fog,2200.0,0.0000,0.0000,17,100.850,0.0000,0,0.9588,,0.850,0,
5070,4,107,fog-116,1,fog,2300.0,0.0000,0.0000,17,100.850,0.0000,0,0.9569,,0.850,0,
5071,4,107,fog-116,1,fog,2400.0,0.0000,0.0000,17,100.850,0.0000,0,0.9550,,0.850,0,
5072,4,107,fog-116,1,fog,2500.0,0.0000,0.0000,17,100.850,0.0000,0,0.9531,,0.850,0,
5073,4,107,fog-116,1,fog,2600.0,0.0000,0.0000,17,100.850,0.0000,0,0.9513,,0.850,0,
5074,4,107,fog-116,1,fog,2700.0,0.0000,0.0000,17,100.850,0.0000,0,0.9494,,0.850,0,
5075,4,107,fog-116,1,fog,2800.0,0.0000,0.0000,17,100.850,0.0000,0,0.9475,,0.850,0,
5076,4,107,fog-116,1,fog,2900.0,0.0000,0.0000,17,100.850,0.0000,0,0.9456,,0.850,0,
5077,4,107,fog-116,1,fog,3000.0,0.0000,0.0000,17,100.850,0.0000,0,0.9438,,0.850,0,
5078,4,107,fog-116,1,fog,3100.0,0.0000,0.0000,17,100.850,0.0000,0,0.9419,,0.850,0,
5079,4,107,fog-116,1,fog,3200.0,0.0000,0.0000,17,100.850,0.0000,0,0.9400,,0.850,0,
5080,4,107,fog-116,1,fog,3300.0,0.0000,0.0000,17,100.850,0.0000,0,0.9381,,0.850,0,
5081,4,107,fog-116,1,fog,3400.0,0.0000,0.0000,17,100.850,0.0000,0,0.9363,,0.850,0,
5082,4,107,fog-116,1,fog,3500.0,0.0000,0.0000,16,100.800,0.0000,0,0.9344,,0.850,0,
5083,4,107,fog-116,1,fog,3600.0,0.0000,0.0000,17,100.850,0.0000,0,0.9325,,0.850,0,
5084,4,107,fog-116,1,fog,3700.0,0.0000,0.0000,17,100.850,0.0000,0,0.9306,,0.850,0,
5085,4,107,fog-116,1,fog,3800.0,0.0000,0.0000,17,100.850,0.0000,0,0.9288,,0.850,0,
5086,4,107,fog-116,1,fog,3900.0,0.0000,0.0000,17,100.850,0.0000,0,0.9269,,0.850,0,
5087,4,107,fog-116,1,fog,4000.0,0.0000,0.0000,17,100.850,0.0000,0,0.9250,,0.850,0,
5088,4,107,fog-116,1,fog,4100.0,0.0000,0.0000,17,100.850,0.0000,0,0.9231,,0.850,0,
5089,4,107,fog-116,1,fog,4200.0,0.0000,0.0000,17,100.850,0.0000,0,0.9213,,0.850,0,
5090,4,107,fog-116,1,fog,4300.0,0.0000,0.0000,17,100.850,0.0000,0,0.9194,,0.850,0,
5091,4,107,fog-116,1,fog,4400.0,0.0000,0.0000,17,100.850,0.0000,0,0.9175,,0.850,0,
5092,4,107,fog-116,1,fog,4500.0,0.0000,0.0000,17,100.850,0.0000,0,0.9156,,0.850,0,
5093,4,107,fog-116,1,fog,4600.0,0.0000,0.0000,17,100.850,0.0000,0,0.9138,,0.850,0,
5094,4,107,fog-116,1,fog,4700.0,0.0000,0.0000,17,100.850,0.0000,0,0.9119,,0.850,0,
5095,4,107,fog-116,1,fog,4800.0,0.0000,0.0000,17,100.850,0.0000,0,0.9100,,0.850,0,
5096,4,107,fog-116,1,fog,4900.0,0.0000,0.0000,17,100.850,0.0000,0,0.9081,,0.850,0,
5097,4,107,fog-116,1,fog,5000.0,0.0000,0.0000,17,100.850,0.0000,0,0.9063,,0.850,0,
5098,4,108,fog-117,1,fog,0.0,0.0000,0.0000,0,100.000,,0,1.0000,,0.850,0,
5099,4,108,fog-117,1,fog,100.0,0.0000,0.0000,0,100.000,,0,0.9981,,0.850,0,
5100,4,108,fog-117,1,fog,200.0,0.0000,0.0000,0,100.000,,0,0.9963,,0.850,0,
5101,4,108,fog-117,1,fog,300.0,0.0000,0.0000,4,100.200,0.0000,0,0.9944,,0.850,0,
5102,4,108,fog-117,1,fog,400.0,0.0000,0.0000,17,100.850,0.0000,0,0.9925,,0.850,0,
5103,4,108,fog-117,1,fog,500.0,0.0000,0.0000,17,100.850,0.0000,0,0.9906,,0.850,0,
5104,4,108,fog-117,1,fog,600.0,0.0000,0.0000,17,100.850,0.0000,0,0.9888,,0.850,0,
5105,4,108,fog-117,1,fog,700.0,0.0000,0.0000,17,100.850,0.0000,0,0.9869,,0.850,0,
5106,4,108,fog-117,1,fog,800.0,0.0000,0.0000,17,100.850,0.0000,0,0.9850,,0.850,0,
5107,4,108,fog-117,1,fog,900.0,0.0000,0.0000,17,100.850,0.0000,0,0.9831,,0.850,0,
5108,4,108,fog-117,1,fog,1000.0,0.0000,0.0000,17,100.850,0.0000,0,0.9813,,0.850,0,
5109,4,108,fog-117,1,fog,1100.0,0.0000,0.0000,17,100.850,0.0000,0,0.9794,,0.850,0,
5110,4,108,fog-117,1,fog,1200.0,0.0000,0.0000,17,100.850,0.0000,0,0.9775,,0.850,0,
5111,4,108,fog-117,1,fog,1300.0,0.0000,0.0000,17,100.850,0.0000,0,0.9756,,0.850,0,
5112,4,108,fog-117,1,fog,1400.0,0.0000,0.0000,17,100.850,0.0000,0,0.9738,,0.850,0,
5113,4,108,fog-117,1,fog,1500.0,0.0000,0.0000,16,100.800,0.0000,0,0.9719,,0.850,0,
5114,4,108,fog-117,1,fog,1600.0,0.0000,0.0000,17,100.850,0.0000,0,0.9700,,0.850,0,
5115,4,108,fog-117,1,fog,1700.0,0.0000,0.0000,17,100.850,0.0000,0,0.9681,,0.850,0,
5116,4,108,fog-117,1,fog,1800.0,0.0000,0.0000,17,100.850,0.0000,0,0.9663,,0.850,0,
5117,4,108,fog-117,1,fog,1900.0,0.0000,0.0000,17,100.850,0.0000,0,0.9644,,0.850,0,
5118,4,108,fog-117,1,fog,2000.0,0.0000,0.0000,17,100.850,0.0000,0,0.9625,,0.850,0,
5119,4,108,fog-117,1,fog,2100.0,0.0000,0.0000,17,100.850,0.0000,0,0.9606,,0.850,0,
5120,4,108,fog-117,1,fog,2200.0,0.0000,0.0000,17,100.850,0.0000,0,0.9588,,0.850,0,
5121,4,108,fog-117,1,fog,2300.0,0.0000,0.0000,17,100.850,0.0000,0,0.9569,,0.850,0,
5122,4,108,fog-117,1,fog,2400.0,0.0000,0.0000,17,100.850,0.0000,0,0.9550,,0.850,0,
5123,4,108,fog-117,1,fog,2500.0,0.0000,0.0000,17,100.850,0.0000,0,0.9531,,0.850,0,
5124,4,108,fog-117,1,fog,2600.0,0.0000,0.0000,17,100.850,0.0000,0,0.9513,,0.850,0,
5125,4,108,fog-117,1,fog,2700.0,0.0000,0.0000,17,100.850,0.0000,0,0.9494,,0.850,0,
5126,4,108,fog-117,1,fog,2800.0,0.0000,0.0000,17,100.850,0.0000,0,0.9475,,0.850,0,
5127,4,108,fog-117,1,fog,2900.0,0.0000,0.0000,17,100.850,0.0000,0,0.9456,,0.850,0,
5128,4,108,fog-117,1,fog,3000.0,0.0000,0.0000,17,100.850,0.0000,0,0.9438,,0.850,0,
5129,4,108,fog-117,1,fog,3100.0,0.0000,0.0000,17,100.850,0.0000,0,0.9419,,0.850,0,
5130,4,108,fog-117,1,fog,3200.0,0.0000,0.0000,17,100.850,0.0000,0,0.9400,,0.850,0,
5131,4,108,fog-117,1,fog,3300.0,0.0000,0.0000,17,100.850,0.0000,0,0.9381,,0.850,0,
5132,4,108,fog-117,1,fog,3400.0,0.0000,0.0000,17,100.850,0.0000,0,0.9363,,0.850,0,
5133,4,108,fog-117,1,fog,3500.0,0.0000,0.0000,16,100.800,0.0000,0,0.9344,,0.850,0,
5134,4,108,fog-117,1,fog,3600.0,0.0000,0.0000,17,100.850,0.0000,0,0.9325,,0.850,0,
5135,4,108,fog-117,1,fog,3700.0,0.0000,0.0000,17,100.850,0.0000,0,0.9306,,0.850,0,
5136,4,108,fog-117,1,fog,3800.0,0.0000,0.0000,17,100.850,0.0000,0,0.9288,,0.850,0,
5137,4,108,fog-117,1,fog,3900.0,0.0000,0.0000,17,100.850,0.0000,0,0.9269,,0.850,0,
5138,4,108,fog-117,1,fog,4000.0,0.0000,0.0000,17,100.850,0.0000,0,0.9250,,0.850,0,
5139,4,108,fog-117,1,fog,4100.0,0.0000,0.0000,17,100.850,0.0000,0,0.9231,,0.850,0,
5140,4,108,fog-117,1,fog,4200.0,0.0000,0.0000,17,100.850,0.0000,0,0.9213,,0.850,0,
5141,4,108,fog-117,1,fog,4300.0,0.0000,0.0000,17,100.850,0.0000,0,0.9194,,0.850,0,
5142,4,108,fog-117,1,fog,4400.0,0.0000,0.0000,17,100.850,0.0000,0,0.9175,,0.850,0,
5143,4,108,fog-117,1,fog,4500.0,0.0000,0.0000,17,100.850,0.0000,0,0.9156,,0.850,0,
5144,4,108,fog-117,1,fog,4600.0,0.0000,0.0000,17,100.850,0.0000,0,0.9138,,0.850,0,
5145,4,108,fog-117,1,fog,4700.0,0.0000,0.0000,17,100.850,0.0000,0,0.9119,,0.850,0,
5146,4,108,fog-117,1,fog,4800.0,0.0000,0.0000,17,100.850,0.0000,0,0.9100,,0.850,0,
5147,4,108,fog-117,1,fog,4900.0,0.0000,0.0000,17,100.850,0.0000,0,0.9081,,0.850,0,
5148,4,108,fog-117,1,fog,5000.0,0.0000,0.0000,17,100.850,0.0000,0,0.9063,,0.850,0,
5149,4,109,fog-118,1,fog,0.0,0.0000,0.0000,0,100.000,,0,1.0000,,0.850,0,
5150,4,109,fog-118,1,fog,100.0,0.0000,0.0000,0,100.000,,0,0.9981,,0.850,0,
5151,4,109,fog-118,1,fog,200.0,0.0000,0.0000,0,100.000,,0,0.9963,,0.850,0,
5152,4,109,fog-118,1,fog,300.0,0.0000,0.0000,4,100.200,0.0000,0,0.9944,,0.850,0,
5153,4,109,fog-118,1,fog,400.0,0.0000,0.0000,17,100.850,0.0000,0,0.9925,,0.850,0,
5154,4,109,fog-118,1,fog,500.0,0.0000,0.0000,17,100.850,0.0000,0,0.9906,,0.850,0,
5155,4,109,fog-118,1,fog,600.0,0.0000,0.0000,17,100.850,0.0000,0,0.9888,,0.850,0,
5156,4,109,fog-118,1,fog,700.0,0.0000,0.0000,17,100.850,0.0000,0,0.9869,,0.850,0,
5157,4,109,fog-118,1,fog,800.0,0.0000,0.0000,17,100.850,0.0000,0,0.9850,,0.850,0,
5158,4,109,fog-118,1,fog,900.0,0.0000,0.0000,17,100.850,0.0000,0,0.9831,,0.850,0,
5159,4,109,fog-118,1,fog,1000.0,0.0000,0.0000,17,100.850,0.0000,0,0.9813,,0.850,0,
5160,4,109,fog-118,1,fog,1100.0,0.0000,0.0000,17,100.850,0.0000,0,0.9794,,0.850,0,
5161,4,109,fog-118,1,fog,1200.0,0.0000,0.0000,17,100.850,0.0000,0,0.9775,,0.850,0,
5162,4,109,fog-118,1,fog,1300.0,0.0000,0.0000,17,100.850,0.0000,0,0.9756,,0.850,0,
5163,4,109,fog-118,1,fog,1400.0,0.0000,0.0000,17,100.850,0.0000,0,0.9738,,0.850,0,
5164,4,109,fog-118,1,fog,1500.0,0.0000,0.0000,16,100.800,0.0000,0,0.9719,,0.850,0,
5165,4,109,fog-118,1,fog,1600.0,0.0000,0.0000,17,100.850,0.0000,0,0.9700,,0.850,0,
5166,4,109,fog-118,1,fog,1700.0,0.0000,0.0000,17,100.850,0.0000,0,0.9681,,0.850,0,
5167,4,109,fog-118,1,fog,1800.0,0.0000,0.0000,17,100.850,0.0000,0,0.9663,,0.850,0,
5168,4,109,fog-118,1,fog,1900.0,0.0000,0.0000,17,100.850,0.0000,0,0.9644,,0.850,0,
5169,4,109,fog-118,1,fog,2000.0,0.0000,0.0000,17,100.850,0.0000,0,0.9625,,0.850,0,
5170,4,109,fog-118,1,fog,2100.0,0.0000,0.0000,17,100.850,0.0000,0,0.9606,,0.850,0,
5171,4,109,fog-118,1,fog,2200.0,0.0000,0.0000,17,100.850,0.0000,0,0.9588,,0.850,0,
5172,4,109,fog-118,1,fog,2300.0,0.0000,0.0000,17,100.850,0.0000,0,0.9569,,0.850,0,
5173,4,109,fog-118,1,fog,2400.0,0.0000,0.0000,17,100.850,0.0000,0,0.9550,,0.850,0,
5174,4,109,fog-118,1,fog,2500.0,0.0000,0.0000,17,100.850,0.0000,0,0.9531,,0.850,0,
5175,4,109,fog-118,1,fog,2600.0,0.0000,0.0000,17,100.850,0.0000,0,0.9513,,0.850,0,
5176,4,109,fog-118,1,fog,2700.0,0.0000,0.0000,17,100.850,0.0000,0,0.9494,,0.850,0,
5177,4,109,fog-118,1,fog,2800.0,0.0000,0.0000,17,100.850,0.0000,0,0.9475,,0.850,0,
5178,4,109,fog-118,1,fog,2900.0,0.0000,0.0000,17,100.850,0.0000,0,0.9456,,0.850,0,
5179,4,109,fog-118,1,fog,3000.0,0.0000,0.0000,17,100.850,0.0000,0,0.9438,,0.850,0,
5180,4,109,fog-118,1,fog,3100.0,0.0000,0.0000,17,100.850,0.0000,0,0.9419,,0.850,0,
5181,4,109,fog-118,1,fog,3200.0,0.0000,0.0000,17,100.850,0.0000,0,0.9400,,0.850,0,
5182,4,109,fog-118,1,fog,3300.0,0.0000,0.0000,17,100.850,0.0000,0,0.9381,,0.850,0,
5183,4,109,fog-118,1,fog,3400.0,0.0000,0.0000,16,100.800,0.0000,0,0.9363,,0.850,0,
5184,4,109,fog-118,1,fog,3500.0,0.0000,0.0000,17,100.850,0.0000,0,0.9344,,0.850,0,
5185,4,109,fog-118,1,fog,3600.0,0.0000,0.0000,17,100.850,0.0000,0,0.9325,,0.850,0,
5186,4,109,fog-118,1,fog,3700.0,0.0000,0.0000,17,100.850,0.0000,0,0.9306,,0.850,0,
5187,4,109,fog-118,1,fog,3800.0,0.0000,0.0000,17,100.850,0.0000,0,0.9288,,0.850,0,
5188,4,109,fog-118,1,fog,3900.0,0.0000,0.0000,17,100.850,0.0000,0,0.9269,,0.850,0,
5189,4,109,fog-118,1,fog,4000.0,0.0000,0.0000,17,100.850,0.0000,0,0.9250,,0.850,0,
5190,4,109,fog-118,1,fog,4100.0,0.0000,0.0000,17,100.850,0.0000,0,0.9231,,0.850,0,
5191,4,109,fog-118,1,fog,4200.0,0.0000,0.0000,17,100.850,0.0000,0,0.9213,,0.850,0,
5192,4,109,fog-118,1,fog,4300.0,0.0000,0.0000,17,100.850,0.0000,0,0.9194,,0.850,0,
5193,4,109,fog-118,1,fog,4400.0,0.0000,0.0000,17,100.850,0.0000,0,0.9175,,0.850,0,
5194,4,109,fog-118,1,fog,4500.0,0.0000,0.0000,17,100.850,0.0000,0,0.9156,,0.850,0,
5195,4,109,fog-118,1,fog,4600.0,0.0000,0.0000,17,100.850,0.0000,0,0.9138,,0.850,0,
5196,4,109,fog-118,1,fog,4700.0,0.0000,0.0000,17,100.850,0.0000,0,0.9119,,0.850,0,
5197,4,109,fog-118,1,fog,4800.0,0.0000,0.0000,17,100.850,0.0000,0,0.9100,,0.850,0,
5198,4,109,fog-118,1,fog,4900.0,0.0000,0.0000,17,100.850,0.0000,0,0.9081,,0.850,0,
5199,4,109,fog-118,1,fog,5000.0,0.0000,0.0000,17,100.850,0.0000,0,0.9063,,0.850,0,
5200,4,110,fog-119,1,fog,0.0,0.0000,0.0000,0,100.000,,0,1.0000,,0.850,0,2349.1
5201,4,110,fog-119,1,fog,100.0,0.0000,0.0000,0,100.000,,0,0.9981,,0.850,0,2349.1
5202,4,110,fog-119,1,fog,200.0,0.0000,0.0000,0,100.000,,0,0.9963,,0.850,0,2349.1
5203,4,110,fog-119,1,fog,300.0,0.0000,0.0000,4,100.200,0.0000,0,0.9944,,0.850,0,2349.1
5204,4,110,fog-119,1,fog,400.0,0.0000,0.0000,17,100.850,0.0000,0,0.9925,,0.850,0,2349.1
5205,4,110,fog-119,1,fog,500.0,0.0000,0.0000,17,100.850,0.0000,0,0.9906,,0.850,0,2349.1
5206,4,110,fog-119,1,fog,600.0,0.0000,0.0000,17,100.850,0.0000,0,0.9888,,0.850,0,2349.1
5207,4,110,fog-119,1,fog,700.0,0.0000,0.0000,17,100.850,0.0000,0,0.9869,,0.850,0,2349.1
5208,4,110,fog-119,1,fog,800.0,0.0000,0.0000,17,100.850,0.0000,0,0.9850,,0.850,0,2349.1
5209,4,110,fog-119,1,fog,900.0,0.0000,0.0000,17,100.850,0.0000,0,0.9831,,0.850,0,2349.1
5210,4,110,fog-119,1,fog,1000.0,0.0000,0.0000,17,100.850,0.0000,0,0.9813,,0.850,0,2349.1
5211,4,110,fog-119,1,fog,1100.0,0.0000,0.0000,17,100.850,0.0000,0,0.9794,,0.850,0,2349.1
5212,4,110,fog-119,1,fog,1200.0,0.0000,0.0000,17,100.850,0.0000,0,0.9775,,0.850,0,2349.1
5213,4,110,fog-119,1,fog,1300.0,0.0000,0.0000,17,100.850,0.0000,0,0.9756,,0.850,0,2349.1
5214,4,110,fog-119,1,fog,1400.0,0.0000,0.0000,17,100.850,0.0000,0,0.9738,,0.850,0,2349.1
5215,4,110,fog-119,1,fog,1500.0,0.0000,0.0000,16,100.800,0.0000,0,0.9719,,0.850,0,2349.1
5216,4,110,fog-119,1,fog,1600.0,0.0000,0.0000,17,100.850,0.0000,0,0.9700,,0.850,0,2349.1
5217,4,110,fog-119,1,fog,1700.0,0.0000,0.0000,17,100.850,0.0000,0,0.9681,,0.850,0,2349.1
5218,4,110,fog-119,1,fog,1800.0,0.0000,0.0000,17,100.850,0.0000,0,0.9663,,0.850,0,2349.1
5219,4,110,fog-119,1,fog,1900.0,0.0000,0.0000,17,100.850,0.0000,0,0.9644,,0.850,0,2349.1
5220,4,110,fog-119,1,fog,2000.0,0.0000,0.0000,17,100.850,0.0000,0,0.9625,,0.850,0,2349.1
5221,4,110,fog-119,1,fog,2100.0,0.0000,0.0000,17,100.850,0.0000,0,0.9606,,0.850,0,2349.1
5222,4,110,fog-119,1,fog,2200.0,0.0000,0.0000,17,100.850,0.0000,0,0.9588,,0.850,1,2349.1
5223,4,110,fog-119,1,fog,2300.0,0.0000,0.0000,17,100.850,0.0000,0,0.9569,,0.850,1,2349.1
5224,4,111,fog-120,1,fog,0.0,0.0000,0.0000,0,100.000,,0,1.0000,,0.850,0,
5225,4,111,fog-120,1,fog,100.0,0.0000,0.0000,0,100.000,,0,0.9981,,0.850,0,
5226,4,111,fog-120,1,fog,200.0,0.0000,0.0000,0,100.000,,0,0.9963,,0.850,0,
5227,4,111,fog-120,1,fog,300.0,0.0000,0.0000,4,100.200,0.0000,0,0.9944,,0.850,0,
5228,4,111,fog-120,1,fog,400.0,0.0000,0.0000,17,100.850,0.0000,0,0.9925,,0.850,0,
5229,4,111,fog-120,1,fog,500.0,0.0000,0.0000,38,101.350,0.5351,0,0.9906,,0.850,0,
5230,4,111,fog-120,1,fog,600.0,0.0000,0.0000,17,100.850,0.0000,0,0.9888,,0.850,0,
5231,4,111,fog-120,1,fog,700.0,0.0000,0.0000,17,100.850,0.0000,0,0.9869,,0.850,0,
5232,4,111,fog-120,1,fog,800.0,0.0000,0.0000,35,101.300,0.5267,0,0.9850,,0.850,0,
5233,4,111,fog-120,1,fog,900.0,0.0000,0.0000,17,100.850,0.0000,0,0.9831,,0.850,0,
5234,4,111,fog-120,1,fog,1000.0,0.0000,0.0000,32,101.250,0.5070,0,0.9813,,0.850,0,
5235,4,111,fog-120,1,fog,1100.0,0.0000,0.0000,35,101.300,0.5421,0,0.9794,,0.850,0,
5236,4,111,fog-120,1,fog,1200.0,0.0000,0.0000,61,101.800,0.8260,0,0.9775,,0.850,0,
5237,4,111,fog-120,1,fog,1300.0,0.0000,0.0000,59,101.750,0.7961,0,0.9756,,0.850,0,
5238,4,111,fog-120,1,fog,1400.0,0.0000,0.0000,34,101.250,0.5279,0,0.9738,,0.850,0,
5239,4,111,fog-120,1,fog,1500.0,0.0000,0.0000,28,101.200,0.4728,0,0.9719,,0.850,0,
5240,4,111,fog-120,1,fog,1600.0,0.0000,0.0000,32,101.250,0.5069,0,0.9700,,0.850,0,
5241,4,111,fog-120,1,fog,1700.0,0.0000,0.0000,17,100.850,0.0000,0,0.9681,,0.850,0,
5242,4,111,fog-120,1,fog,1800.0,0.0000,0.0000,17,100.850,0.0000,0,0.9663,,0.850,0,
5243,4,111,fog-120,1,fog,1900.0,0.0000,0.0000,38,101.350,0.5297,0,0.9644,,0.850,0,
5244,4,111,fog-120,1,fog,2000.0,0.0000,0.0000,32,101.250,0.5074,0,0.9625,,0.850,0,
5245,4,111,fog-120,1,fog,2100.0,0.0000,0.0000,32,101.250,0.4965,0,0.9606,,0.850,0,
5246,4,111,fog-120,1,fog,2200.0,0.0000,0.0000,32,101.250,0.4985,0,0.9588,,0.850,0,
5247,4,111,fog-120,1,fog,2300.0,0.0000,0.0000,17,100.850,0.0000,0,0.9569,,0.850,0,
5248,4,111,fog-120,1,fog,2400.0,0.0000,0.0000,17,100.850,0.0000,0,0.9550,,0.850,0,
5249,4,111,fog-120,1,fog,2500.0,0.0000,0.0000,17,100.850,0.0000,0,0.9531,,0.850,0,
5250,4,111,fog-120,1,fog,2600.0,0.0000,0.0000,17,100.850,0.0000,0,0.9513,,0.850,0,
5251,4,111,fog-120,1,fog,2700.0,0.0000,0.0000,17,100.850,0.0000,0,0.9494,,0.850,0,
5252,4,111,fog-120,1,fog,2800.0,0.0000,0.0000,35,101.300,0.4998,0,0.9475,,0.850,0,
5253,4,111,fog-120,1,fog,2900.0,0.0000,0.0000,38,101.350,0.5394,0,0.9456,,0.850,0,
5254,4,111,fog-120,1,fog,3000.0,0.0000,0.0000,17,100.850,0.0000,0,0.9438,,0.850,0,
5255,4,111,fog-120,1,fog,3100.0,0.0000,0.0000,17,100.850,0.0000,0,0.9419,,0.850,0,
5256,4,111,fog-120,1,fog,3200.0,0.0000,0.0000,17,100.850,0.0000,0,0.9400,,0.850,0,
5257,4,111,fog-120,1,fog,3300.0,0.0000,0.0000,17,100.850,0.0000,0,0.9381,,0.850,0,
5258,4,111,fog-120,1,fog,3400.0,0.0000,0.0000,34,101.250,0.5085,0,0.9363,,0.850,0,
5259,4,111,fog-120,1,fog,3500.0,0.0000,0.0000,38,101.350,0.5337,0,0.9344,,0.850,0,
5260,4,111,fog-120,1,fog,3600.0,0.0000,0.0000,35,101.300,0.5294,0,0.9325,,0.850,0,
5261,4,111,fog-120,1,fog,3700.0,0.0000,0.0000,35,101.300,0.5222,0,0.9306,,0.850,0,
5262,4,111,fog-120,1,fog,3800.0,0.0000,0.0000,35,101.300,0.5117,0,0.9288,,0.850,0,
5263,4,111,fog-120,1,fog,3900.0,0.0000,0.0000,24,101.150,0.4605,0,0.9269,,0.850,0,
5264,4,111,fog-120,1,fog,4000.0,0.0000,0.0000,17,100.850,0.0000,0,0.9250,,0.850,0,
5265,4,111,fog-120,1,fog,4100.0,0.0000,0.0000,17,100.850,0.0000,0,0.9231,,0.850,0,
5266,4,111,fog-120,1,fog,4200.0,0.0000,0.0000,17,100.850,0.0000,0,0.9213,,0.850,0,
5267,4,111,fog-120,1,fog,4300.0,0.0000,0.0000,35,101.300,0.5246,0,0.9194,,0.850,0,
5268,4,111,fog-120,1,fog,4400.0,0.0000,0.0000,17,100.850,0.0000,0,0.9175,,0.850,0,
5269,4,111,fog-120,1,fog,4500.0,0.0000,0.0000,17,100.850,0.0000,0,0.9156,,0.850,0,
5270,4,111,fog-120,1,fog,4600.0,0.0000,0.0000,17,100.850,0.0000,0,0.9138,,0.850,0,
5271,4,111,fog-120,1,fog,4700.0,0.0000,0.0000,59,101.750,0.8355,0,0.9119,,0.850,0,
5272,4,111,fog-120,1,fog,4800.0,0.0000,0.0000,17,100.850,0.0000,0,0.9100,,0.850,0,
5273,4,111,fog-120,1,fog,4900.0,0.0000,0.0000,17,100.850,0.0000,0,0.9081,,0.850,0,
5274,4,111,fog-120,1,fog,5000.0,0.0000,0.0000,17,100.850,0.0000,0,0.9063,,0.850,0,
5275,4,112,fog-121,1,fog,0.0,0.0000,0.0000,0,100.000,,0,1.0000,,0.850,0,
5276,4,112,fog-121,1,fog,100.0,0.0000,0.0000,0,100.000,,0,0.9981,,0.850,0,
5277,4,112,fog-121,1,fog,200.0,0.0000,0.0000,0,100.000,,0,0.9963,,0.850,0,
5278,4,112,fog-121,1,fog,300.0,0.0000,0.0000,4,100.200,0.0000,0,0.9944,,0.850,0,
5279,4,112,fog-121,1,fog,400.0,0.0000,0.0000,17,100.850,0.0000,0,0.9925,,0.850,0,
5280,4,112,fog-121,1,fog,500.0,0.0000,0.0000,17,100.850,0.0000,0,0.9906,,0.850,0,
5281,4,112,fog-121,1,fog,600.0,0.0000,0.0000,17,100.850,0.0000,0,0.9888,,0.850,0,
5282,4,112,fog-121,1,fog,700.0,0.0000,0.0000,17,100.850,0.0000,0,0.9869,,0.850,0,
5283,4,112,fog-121,1,fog,800.0,0.0000,0.0000,17,100.850,0.0000,0,0.9850,,0.850,0,
5284,4,112,fog-121,1,fog,900.0,0.0000,0.0000,17,100.850,0.0000,0,0.9831,,0.850,0,
5285,4,112,fog-121,1,fog,1000.0,0.0000,0.0000,17,100.850,0.0000,0,0.9813,,0.850,0,
5286,4,112,fog-121,1,fog,1100.0,0.0000,0.0000,17,100.850,0.0000,0,0.9794,,0.850,0,
5287,4,112,fog-121,1,fog,1200.0,0.0000,0.0000,17,100.850,0.0000,0,0.9775,,0.850,0,
5288,4,112,fog-121,1,fog,1300.0,0.0000,0.0000,17,100.850,0.0000,0,0.9756,,0.850,0,
5289,4,112,fog-121,1,fog,1400.0,0.0000,0.0000,16,100.800,0.0000,0,0.9738,,0.850,0,
5290,4,112,fog-121,1,fog,1500.0,0.0000,0.0000,17,100.850,0.0000,0,0.9719,,0.850,0,
5291,4,112,fog-121,1,fog,1600.0,0.0000,0.0000,17,100.850,0.0000,0,0.9700,,0.850,0,
5292,4,112,fog-121,1,fog,1700.0,0.0000,0.0000,17,100.850,0.0000,0,0.9681,,0.850,0,
5293,4,112,fog-121,1,fog,1800.0,0.0000,0.0000,17,100.850,0.0000,0,0.9663,,0.850,0,
5294,4,112,fog-121,1,fog,1900.0,0.0000,0.0000,17,100.850,0.0000,0,0.9644,,0.850,0,
5295,4,112,fog-121,1,fog,2000.0,0.0000,0.0000,17,100.850,0.0000,0,0.9625,,0.850,0,
5296,4,112,fog-121,1,fog,2100.0,0.0000,0.0000,17,100.850,0.0000,0,0.9606,,0.850,0,
5297,4,112,fog-121,1,fog,2200.0,0.0000,0.0000,17,100.850,0.0000,0,0.9588,,0.850,0,
5298,4,112,fog-121,1,fog,2300.0,0.0000,0.0000,17,100.850,0.0000,0,0.9569,,0.850,0,
5299,4,112,fog-121,1,fog,2400.0,0.0000,0.0000,17,100.850,0.0000,0,0.9550,,0.850,0,
5300,4,112,fog-121,1,fog,2500.0,0.0000,0.0000,17,100.850,0.0000,0,0.9531,,0.850,0,
5301,4,112,fog-121,1,fog,2600.0,0.0000,0.0000,17,100.850,0.0000,0,0.9513,,0.850,0,
5302,4,112,fog-121,1,fog,2700.0,0.0000,0.0000,17,100.850,0.0000,0,0.9494,,0.850,0,
5303,4,112,fog-121,1,fog,2800.0,0.0000,0.0000,17,100.850,0.0000,0,0.9475,,0.850,0,
5304,4,112,fog-121,1,fog,2900.0,0.0000,0.0000,17,100.850,0.0000,0,0.9456,,0.850,0,
5305,4,112,fog-121,1,fog,3000.0,0.0000,0.0000,17,100.850,0.0000,0,0.9438,,0.850,0,
5306,4,112,fog-121,1,fog,3100.0,0.0000,0.0000,17,100.850,0.0000,0,0.9419,,0.850,0,
5307,4,112,fog-121,1,fog,3200.0,0.0000,0.0000,17,100.850,0.0000,0,0.9400,,0.850,0,
5308,4,112,fog-121,1,fog,3300.0,0.0000,0.0000,17,100.850,0.0000,0,0.9381,,0.850,0,
5309,4,112,fog-121,1,fog,3400.0,0.0000,0.0000,16,100.800,0.0000,0,0.9363,,0.850,0,
5310,4,112,fog-121,1,fog,3500.0,0.0000,0.0000,17,100.850,0.0000,0,0.9344,,0.850,0,
5311,4,112,fog-121,1,fog,3600.0,0.0000,0.0000,17,100.850,0.0000,0,0.9325,,0.850,0,
5312,4,112,fog-121,1,fog,3700.0,0.0000,0.0000,17,100.850,0.0000,0,0.9306,,0.850,0,
5313,4,112,fog-121,1,fog,3800.0,0.0000,0.0000,17,100.850,0.0000,0,0.9288,,0.850,0,
5314,4,112,fog-121,1,fog,3900.0,0.0000,0.0000,17,100.850,0.0000,0,0.9269,,0.850,0,
5315,4,112,fog-121,1,fog,4000.0,0.0000,0.0000,17,100.850,0.0000,0,0.9250,,0.850,0,
5316,4,112,fog-121,1,fog,4100.0,0.0000,0.0000,17,100.850,0.0000,0,0.9231,,0.850,0,
5317,4,112,fog-121,1,fog,4200.0,0.0000,0.0000,17,100.850,0.0000,0,0.9213,,0.850,0,
5318,4,112,fog-121,1,fog,4300.0,0.0000,0.0000,17,100.850,0.0000,0,0.9194,,0.850,0,
5319,4,112,fog-121,1,fog,4400.0,0.0000,0.0000,17,100.850,0.0000,0,0.9175,,0.850,0,
5320,4,112,fog-121,1,fog,4500.0,0.0000,0.0000,17,100.850,0.0000,0,0.9156,,0.850,0,
5321,4,112,fog-121,1,fog,4600.0,0.0000,0.0000,17,100.850,0.0000,0,0.9138,,0.850,0,
5322,4,112,fog-121,1,fog,4700.0,0.0000,0.0000,17,100.850,0.0000,0,0.9119,,0.850,0,
5323,4,112,fog-121,1,fog,4800.0,0.0000,0.0000,17,100.850,0.0000,0,0.9100,,0.850,0,
5324,4,112,fog-121,1,fog,4900.0,0.0000,0.0000,17,100.850,0.0000,0,0.9081,,0.850,0,
5325,4,112,fog-121,1,fog,5000.0,0.0000,0.0000,17,100.850,0.0000,0,0.9063,,0.850,0,
5326,4,113,fog-122,1,fog,0.0,0.0000,0.0000,0,100.000,,0,1.0000,,0.850,0,
5327,4,113,fog-122,1,fog,100.0,0.0000,0.0000,0,100.000,,0,0.9981,,0.850,0,
5328,4,113,fog-122,1,fog,200.0,0.0000,0.0000,0,100.000,,0,0.9963,,0.850,0,
5329,4,113,fog-122,1,fog,300.0,0.0000,0.0000,4,100.200,0.0000,0,0.9944,,0.850,0,
5330,4,113,fog-122,1,fog,400.0,0.0000,0.0000,17,100.850,0.0000,0,0.9925,,0.850,0,
5331,4,113,fog-122,1,fog,500.0,0.0000,0.0000,17,100.850,0.0000,0,0.9906,,0.850,0,
5332,4,113,fog-122,1,fog,600.0,0.0000,0.0000,17,100.850,0.0000,0,0.9888,,0.850,0,
5333,4,113,fog-122,1,fog,700.0,0.0000,0.0000,17,100.850,0.0000,0,0.9869,,0.850,0,
5334,4,113,fog-122,1,fog,800.0,0.0000,0.0000,17,100.850,0.0000,0,0.9850,,0.850,0,
5335,4,113,fog-122,1,fog,900.0,0.0000,0.0000,17,100.850,0.0000,0,0.9831,,0.850,0,
5336,4,113,fog-122,1,fog,1000.0,0.0000,0.0000,17,100.850,0.0000,0,0.9813,,0.850,0,
5337,4,113,fog-122,1,fog,1100.0,0.0000,0.0000,17,100.850,0.0000,0,0.9794,,0.850,0,
5338,4,113,fog-122,1,fog,1200.0,0.0000,0.0000,17,100.850,0.0000,0,0.9775,,0.850,0,
5339,4,113,fog-122,1,fog,1300.0,0.0000,0.0000,17,100.850,0.0000,0,0.9756,,0.850,0,
5340,4,113,fog-122,1,fog,1400.0,0.0000,0.0000,16,100.800,0.0000,0,0.9738,,0.850,0,
5341,4,113,fog-122,1,fog,1500.0,0.0000,0.0000,17,100.850,0.0000,0,0.9719,,0.850,0,
5342,4,113,fog-122,1,fog,1600.0,0.0000,0.0000,17,100.850,0.0000,0,0.9700,,0.850,0,
5343,4,113,fog-122,1,fog,1700.0,0.0000,0.0000,17,100.850,0.0000,0,0.9681,,0.850,0,
5344,4,113,fog-122,1,fog,1800.0,0.0000,0.0000,17,100.850,0.0000,0,0.9663,,0.850,0,
5345,4,113,fog-122,1,fog,1900.0,0.0000,0.0000,17,100.850,0.0000,0,0.9644,,0.850,0,
5346,4,113,fog-122,1,fog,2000.0,0.0000,0.0000,17,100.850,0.0000,0,0.9625,,0.850,0,
5347,4,113,fog-122,1,fog,2100.0,0.0000,0.0000,17,100.850,0.0000,0,0.9606,,0.850,0,
5348,4,113,fog-122,1,fog,2200.0,0.0000,0.0000,17,100.850,0.0000,0,0.9588,,0.850,0,
5349,4,113,fog-122,1,fog,2300.0,0.0000,0.0000,17,100.850,0.0000,0,0.9569,,0.850,0,
5350,4,113,fog-122,1,fog,2400.0,0.0000,0.0000,17,100.850,0.0000,0,0.9550,,0.850,0,
5351,4,113,fog-122,1,fog,2500.0,0.0000,0.0000,17,100.850,0.0000,0,0.9531,,0.850,0,
5352,4,113,fog-122,1,fog,2600.0,0.0000,0.0000,17,100.850,0.0000,0,0.9513,,0.850,0,
5353,4,113,fog-122,1,fog,2700.0,0.0000,0.0000,17,100.850,0.0000,0,0.9494,,0.850,0,
5354,4,113,fog-122,1,fog,2800.0,0.0000,0.0000,17,100.850,0.0000,0,0.9475,,0.850,0,
5355,4,113,fog-122,1,fog,2900.0,0.0000,0.0000,17,100.850,0.0000,0,0.9456,,0.850,0,
5356,4,113,fog-122,1,fog,3000.0,0.0000,0.0000,17,100.850,0.0000,0,0.9438,,0.850,0,
5357,4,113,fog-122,1,fog,3100.0,0.0000,0.0000,17,100.850,0.0000,0,0.9419,,0.850,0,
5358,4,113,fog-122,1,fog,3200.0,0.0000,0.0000,17,100.850,0.0000,0,0.9400,,0.850,0,
5359,4,113,fog-122,1,fog,3300.0,0.0000,0.0000,17,100.850,0.0000,0,0.9381,,0.850,0,
5360,4,113,fog-122,1,fog,3400.0,0.0000,0.0000,16,100.800,0.0000,0,0.9363,,0.850,0,
5361,4,113,fog-122,1,fog,3500.0,0.0000,0.0000,17,100.850,0.0000,0,0.9344,,0.850,0,
5362,4,113,fog-122,1,fog,3600.0,0.0000,0.0000,17,100.850,0.0000,0,0.9325,,0.850,0,
5363,4,113,fog-122,1,fog,3700.0,0.0000,0.0000,17,100.850,0.0000,0,0.9306,,0.850,0,
5364,4,113,fog-122,1,fog,3800.0,0.0000,0.0000,17,100.850,0.0000,0,0.9288,,0.850,0,
5365,4,113,fog-122,1,fog,3900.0,0.0000,0.0000,17,100.850,0.0000,0,0.9269,,0.850,0,
5366,4,113,fog-122,1,fog,4000.0,0.0000,0.0000,17,100.850,0.0000,0,0.9250,,0.850,0,
5367,4,113,fog-122,1,fog,4100.0,0.0000,0.0000,17,100.850,0.0000,0,0.9231,,0.850,0,
5368,4,113,fog-122,1,fog,4200.0,0.0000,0.0000,17,100.850,0.0000,0,0.9213,,0.850,0,
5369,4,113,fog-122,1,fog,4300.0,0.0000,0.0000,17,100.850,0.0000,0,0.9194,,0.850,0,
5370,4,113,fog-122,1,fog,4400.0,0.0000,0.0000,17,100.850,0.0000,0,0.9175,,0.850,0,
5371,4,113,fog-122,1,fog,4500.0,0.0000,0.0000,17,100.850,0.0000,0,0.9156,,0.850,0,
5372,4,113,fog-122,1,fog,4600.0,0.0000,0.0000,17,100.850,0.0000,0,0.9138,,0.850,0,
5373,4,113,fog-122,1,fog,4700.0,0.0000,0.0000,17,100.850,0.0000,0,0.9119,,0.850,0,
5374,4,113,fog-122,1,fog,4800.0,0.0000,0.0000,17,100.850,0.0000,0,0.9100,,0.850,0,
5375,4,113,fog-122,1,fog,4900.0,0.0000,0.0000,17,100.850,0.0000,0,0.9081,,0.850,0,
5376,4,113,fog-122,1,fog,5000.0,0.0000,0.0000,17,100.850,0.0000,0,0.9063,,0.850,0,
5377,4,114,fog-123,1,fog,0.0,0.0000,0.0000,0,100.000,,0,1.0000,,0.850,0,
5378,4,114,fog-123,1,fog,100.0,0.0000,0.0000,0,100.000,,0,0.9981,,0.850,0,
5379,4,114,fog-123,1,fog,200.0,0.0000,0.0000,14,100.500,0.0000,0,0.9963,,0.850,0,
5380,4,114,fog-123,1,fog,300.0,0.0000,0.0000,4,100.200,0.0000,0,0.9944,,0.850,0,
5381,4,114,fog-123,1,fog,400.0,0.0000,0.0000,17,100.850,0.0000,0,0.9925,,0.850,0,
5382,4,114,fog-123,1,fog,500.0,0.0000,0.0000,17,100.850,0.0000,0,0.9906,,0.850,0,
5383,4,114,fog-123,1,fog,600.0,0.0000,0.0000,17,100.850,0.0000,0,0.9888,,0.850,0,
5384,4,114,fog-123,1,fog,700.0,0.0000,0.0000,17,100.850,0.0000,0,0.9869,,0.850,0,
5385,4,114,fog-123,1,fog,800.0,0.0000,0.0000,17,100.850,0.0000,0,0.9850,,0.850,0,
5386,4,114,fog-123,1,fog,900.0,0.0000,0.0000,17,100.850,0.0000,0,0.9831,,0.850,0,
5387,4,114,fog-123,1,fog,1000.0,0.0000,0.0000,17,100.850,0.0000,0,0.9813,,0.850,0,
5388,4,114,fog-123,1,fog,1100.0,0.0000,0.0000,17,100.850,0.0000,0,0.9794,,0.850,0,
5389,4,114,fog-123,1,fog,1200.0,0.0000,0.0000,38,101.350,0.5420,0,0.9775,,0.850,0,
5390,4,114,fog-123,1,fog,1300.0,0.0000,0.0000,17,100.850,0.0000,0,0.9756,,0.850,0,
5391,4,114,fog-123,1,fog,1400.0,0.0000,0.0000,16,100.800,0.0000,0,0.9738,,0.850,0,
5392,4,114,fog-123,1,fog,1500.0,0.0000,0.0000,17,100.850,0.0000,0,0.9719,,0.850,0,
5393,4,114,fog-123,1,fog,1600.0,0.0000,0.0000,17,100.850,0.0000,0,0.9700,,0.850,0,
5394,4,114,fog-123,1,fog,1700.0,0.0000,0.0000,17,100.850,0.0000,0,0.9681,,0.850,0,
5395,4,114,fog-123,1,fog,1800.0,0.0000,0.0000,35,101.300,0.4645,0,0.9663,,0.850,0,
5396,4,114,fog-123,1,fog,1900.0,0.0000,0.0000,17,100.850,0.0000,0,0.9644,,0.850,0,
5397,4,114,fog-123,1,fog,2000.0,0.0000,0.0000,17,100.850,0.0000,0,0.9625,,0.850,0,
5398,4,114,fog-123,1,fog,2100.0,0.0000,0.0000,38,101.350,0.5329,0,0.9606,,0.850,0,
5399,4,114,fog-123,1,fog,2200.0,0.0000,0.0000,17,100.850,0.0000,0,0.9588,,0.850,0,
5400,4,114,fog-123,1,fog,2300.0,0.0000,0.0000,17,100.850,0.0000,0,0.9569,,0.850,0,
5401,4,114,fog-123,1,fog,2400.0,0.0000,0.0000,17,100.850,0.0000,0,0.9550,,0.850,0,
5402,4,114,fog-123,1,fog,2500.0,0.0000,0.0000,17,100.850,0.0000,0,0.9531,,0.850,0,
5403,4,114,fog-123,1,fog,2600.0,0.0000,0.0000,17,100.850,0.0000,0,0.9513,,0.850,0,
5404,4,114,fog-123,1,fog,2700.0,0.0000,0.0000,17,100.850,0.0000,0,0.9494,,0.850,0,
5405,4,114,fog-123,1,fog,2800.0,0.0000,0.0000,17,100.850,0.0000,0,0.9475,,0.850,0,
5406,4,114,fog-123,1,fog,2900.0,0.0000,0.0000,35,101.300,0.5424,0,0.9456,,0.850,0,
5407,4,114,fog-123,1,fog,3000.0,0.0000,0.0000,17,100.850,0.0000,0,0.9438,,0.850,0,
5408,4,114,fog-123,1,fog,3100.0,0.0000,0.0000,17,100.850,0.0000,0,0.9419,,0.850,0,
5409,4,114,fog-123,1,fog,3200.0,0.0000,0.0000,17,100.850,0.0000,0,0.9400,,0.850,0,
5410,4,114,fog-123,1,fog,3300.0,0.0000,0.0000,17,100.850,0.0000,0,0.9381,,0.850,0,
5411,4,114,fog-123,1,fog,3400.0,0.0000,0.0000,16,100.800,0.0000,0,0.9363,,0.850,0,
5412,4,114,fog-123,1,fog,3500.0,0.0000,0.0000,17,100.850,0.0000,0,0.9344,,0.850,0,
5413,4,114,fog-123,1,fog,3600.0,0.0000,0.0000,32,101.250,0.4679,0,0.9325,,0.850,0,
5414,4,114,fog-123,1,fog,3700.0,0.0000,0.0000,17,100.850,0.0000,0,0.9306,,0.850,0,
5415,4,114,fog-123,1,fog,3800.0,0.0000,0.0000,17,100.850,0.0000,0,0.9288,,0.850,0,
5416,4,114,fog-123,1,fog,3900.0,0.0000,0.0000,17,100.850,0.0000,0,0.9269,,0.850,0,
5417,4,114,fog-123,1,fog,4000.0,0.0000,0.0000,17,100.850,0.0000,0,0.9250,,0.850,0,
5418,4,114,fog-123,1,fog,4100.0,0.0000,0.0000,17,100.850,0.0000,0,0.9231,,0.850,0,
5419,4,114,fog-123,1,fog,4200.0,0.0000,0.0000,17,100.850,0.0000,0,0.9213,,0.850,0,
5420,4,114,fog-123,1,fog,4300.0,0.0000,0.0000,17,100.850,0.0000,0,0.9194,,0.850,0,
5421,4,114,fog-123,1,fog,4400.0,0.0000,0.0000,17,100.850,0.0000,0,0.9175,,0.850,0,
5422,4,114,fog-123,1,fog,4500.0,0.0000,0.0000,38,101.350,0.5394,0,0.9156,,0.850,0,
5423,4,114,fog-123,1,fog,4600.0,0.0000,0.0000,17,100.850,0.0000,0,0.9138,,0.850,0,
5424,4,114,fog-123,1,fog,4700.0,0.0000,0.0000,17,100.850,0.0000,0,0.9119,,0.850,0,
5425,4,114,fog-123,1,fog,4800.0,0.0000,0.0000,17,100.850,0.0000,0,0.9100,,0.850,0,
5426,4,114,fog-123,1,fog,4900.0,0.0000,0.0000,32,101.250,0.5203,0,0.9081,,0.850,0,
5427,4,114,fog-123,1,fog,5000.0,0.0000,0.0000,17,100.850,0.0000,0,0.9063,,0.850,0,
5428,4,115,fog-124,1,fog,0.0,0.0000,0.0000,0,100.000,,0,1.0000,,0.850,0,
5429,4,115,fog-124,1,fog,100.0,0.0000,0.0000,0,100.000,,0,0.9981,,0.850,0,
5430,4,115,fog-124,1,fog,200.0,0.0000,0.0000,0,100.000,,0,0.9963,,0.850,0,
5431,4,115,fog-124,1,fog,300.0,0.0000,0.0000,4,100.200,0.0000,0,0.9944,,0.850,0,
5432,4,115,fog-124,1,fog,400.0,0.0000,0.0000,17,100.850,0.0000,0,0.9925,,0.850,0,
5433,4,115,fog-124,1,fog,500.0,0.0000,0.0000,17,100.850,0.0000,0,0.9906,,0.850,0,
5434,4,115,fog-124,1,fog,600.0,0.0000,0.0000,17,100.850,0.0000,0,0.9888,,0.850,0,
5435,4,115,fog-124,1,fog,700.0,0.0000,0.0000,17,100.850,0.0000,0,0.9869,,0.850,0,
5436,4,115,fog-124,1,fog,800.0,0.0000,0.0000,17,100.850,0.0000,0,0.9850,,0.850,0,
5437,4,115,fog-124,1,fog,900.0,0.0000,0.0000,17,100.850,0.0000,0,0.9831,,0.850,0,
5438,4,115,fog-124,1,fog,1000.0,0.0000,0.0000,17,100.850,0.0000,0,0.9813,,0.850,0,
5439,4,115,fog-124,1,fog,1100.0,0.0000,0.0000,17,100.850,0.0000,0,0.9794,,0.850,0,
5440,4,115,fog-124,1,fog,1200.0,0.0000,0.0000,17,100.850,0.0000,0,0.9775,,0.850,0,
5441,4,115,fog-124,1,fog,1300.0,0.0000,0.0000,17,100.850,0.0000,0,0.9756,,0.850,0,
5442,4,115,fog-124,1,fog,1400.0,0.0000,0.0000,16,100.800,0.0000,0,0.9738,,0.850,0,
5443,4,115,fog-124,1,fog,1500.0,0.0000,0.0000,17,100.850,0.0000,0,0.9719,,0.850,0,
5444,4,115,fog-124,1,fog,1600.0,0.0000,0.0000,17,100.850,0.0000,0,0.9700,,0.850,0,
5445,4,115,fog-124,1,fog,1700.0,0.0000,0.0000,17,100.850,0.0000,0,0.9681,,0.850,0,
5446,4,115,fog-124,1,fog,1800.0,0.0000,0.0000,17,100.850,0.0000,0,0.9663,,0.850,0,
5447,4,115,fog-124,1,fog,1900.0,0.0000,0.0000,17,100.850,0.0000,0,0.9644,,0.850,0,
5448,4,115,fog-124,1,fog,2000.0,0.0000,0.0000,17,100.850,0.0000,0,0.9625,,0.850,0,
5449,4,115,fog-124,1,fog,2100.0,0.0000,0.0000,17,100.850,0.0000,0,0.9606,,0.850,0,
5450,4,115,fog-124,1,fog,2200.0,0.0000,0.0000,17,100.850,0.0000,0,0.9588,,0.850,0,
5451,4,115,fog-124,1,fog,2300.0,0.0000,0.0000,17,100.850,0.0000,0,0.9569,,0.850,0,
5452,4,115,fog-124,1,fog,2400.0,0.0000,0.0000,17,100.850,0.0000,0,0.9550,,0.850,0,
5453,4,115,fog-124,1,fog,2500.0,0.0000,0.0000,17,100.850,0.0000,0,0.9531,,0.850,0,
5454,4,115,fog-124,1,fog,2600.0,0.0000,0.0000,17,100.850,0.0000,0,0.9513,,0.850,0,
5455,4,115,fog-124,1,fog,2700.0,0.0000,0.0000,17,100.850,0.0000,0,0.9494,,0.850,0,
5456,4,115,fog-124,1,fog,2800.0,0.0000,0.0000,17,100.850,0.0000,0,0.9475,,0.850,0,
5457,4,115,fog-124,1,fog,2900.0,0.0000,0.0000,17,100.850,0.0000,0,0.9456,,0.850,0,
5458,4,115,fog-124,1,fog,3000.0,0.0000,0.0000,17,100.850,0.0000,0,0.9438,,0.850,0,
5459,4,115,fog-124,1,fog,3100.0,0.0000,0.0000,17,100.850,0.0000,0,0.9419,,0.850,0,
5460,4,115,fog-124,1,fog,3200.0,0.0000,0.0000,17,100.850,0.0000,0,0.9400,,0.850,0,
5461,4,115,fog-124,1,fog,3300.0,0.0000,0.0000,16,100.800,0.0000,0,0.9381,,0.850,0,
5462,4,115,fog-124,1,fog,3400.0,0.0000,0.0000,17,100.850,0.0000,0,0.9363,,0.850,0,
5463,4,115,fog-124,1,fog,3500.0,0.0000,0.0000,17,100.850,0.0000,0,0.9344,,0.850,0,
5464,4,115,fog-124,1,fog,3600.0,0.0000,0.0000,17,100.850,0.0000,0,0.9325,,0.850,0,
5465,4,115,fog-124,1,fog,3700.0,0.0000,0.0000,17,100.850,0.0000,0,0.9306,,0.850,0,
5466,4,115,fog-124,1,fog,3800.0,0.0000,0.0000,17,100.850,0.0000,0,0.9288,,0.850,0,
5467,4,115,fog-124,1,fog,3900.0,0.0000,0.0000,17,100.850,0.0000,0,0.9269,,0.850,0,
5468,4,115,fog-124,1,fog,4000.0,0.0000,0.0000,17,100.850,0.0000,0,0.9250,,0.850,0,
5469,4,115,fog-124,1,fog,4100.0,0.0000,0.0000,17,100.850,0.0000,0,0.9231,,0.850,0,
5470,4,115,fog-124,1,fog,4200.0,0.0000,0.0000,17,100.850,0.0000,0,0.9213,,0.850,0,
5471,4,115,fog-124,1,fog,4300.0,0.0000,0.0000,17,100.850,0.0000,0,0.9194,,0.850,0,
5472,4,115,fog-124,1,fog,4400.0,0.0000,0.0000,17,100.850,0.0000,0,0.9175,,0.850,0,
5473,4,115,fog-124,1,fog,4500.0,0.0000,0.0000,17,100.850,0.0000,0,0.9156,,0.850,0,
5474,4,115,fog-124,1,fog,4600.0,0.0000,0.0000,17,100.850,0.0000,0,0.9138,,0.850,0,
5475,4,115,fog-124,1,fog,4700.0,0.0000,0.0000,17,100.850,0.0000,0,0.9119,,0.850,0,
5476,4,115,fog-124,1,fog,4800.0,0.0000,0.0000,17,100.850,0.0000,0,0.9100,,0.850,0,
5477,4,115,fog-124,1,fog,4900.0,0.0000,0.0000,17,100.850,0.0000,0,0.9081,,0.850,0,
5478,4,115,fog-124,1,fog,5000.0,0.0000,0.0000,17,100.850,0.0000,0,0.9063,,0.850,0,
5479,4,116,fog-125,1,fog,0.0,0.0000,0.0000,0,100.000,,0,1.0000,,0.850,0,
5480,4,116,fog-125,1,fog,100.0,0.0000,0.0000,0,100.000,,0,0.9981,,0.850,0,
5481,4,116,fog-125,1,fog,200.0,0.0000,0.0000,0,100.000,,0,0.9963,,0.850,0,
5482,4,116,fog-125,1,fog,300.0,0.0000,0.0000,4,100.200,0.0000,0,0.9944,,0.850,0,
5483,4,116,fog-125,1,fog,400.0,0.0000,0.0000,17,100.850,0.0000,0,0.9925,,0.850,0,
5484,4,116,fog-125,1,fog,500.0,0.0000,0.0000,17,100.850,0.0000,0,0.9906,,0.850,0,
5485,4,116,fog-125,1,fog,600.0,0.0000,0.0000,17,100.850,0.0000,0,0.9888,,0.850,0,
5486,4,116,fog-125,1,fog,700.0,0.0000,0.0000,17,100.850,0.0000,0,0.9869,,0.850,0,
5487,4,116,fog-125,1,fog,800.0,0.0000,0.0000,17,100.850,0.0000,0,0.9850,,0.850,0,
5488,4,116,fog-125,1,fog,900.0,0.0000,0.0000,17,100.850,0.0000,0,0.9831,,0.850,0,
5489,4,116,fog-125,1,fog,1000.0,0.0000,0.0000,17,100.850,0.0000,0,0.9813,,0.850,0,
5490,4,116,fog-125,1,fog,1100.0,0.0000,0.0000,17,100.850,0.0000,0,0.9794,,0.850,0,
5491,4,116,fog-125,1,fog,1200.0,0.0000,0.0000,17,100.850,0.0000,0,0.9775,,0.850,0,
5492,4,116,fog-125,1,fog,1300.0,0.0000,0.0000,17,100.850,0.0000,0,0.9756,,0.850,0,
5493,4,116,fog-125,1,fog,1400.0,0.0000,0.0000,16,100.800,0.0000,0,0.9738,,0.850,0,
5494,4,116,fog-125,1,fog,1500.0,0.0000,0.0000,17,100.850,0.0000,0,0.9719,,0.850,0,
5495,4,116,fog-125,1,fog,1600.0,0.0000,0.0000,17,100.850,0.0000,0,0.9700,,0.850,0,
5496,4,116,fog-125,1,fog,1700.0,0.0000,0.0000,17,100.850,0.0000,0,0.9681,,0.850,0,
5497,4,116,fog-125,1,fog,1800.0,0.0000,0.0000,17,100.850,0.0000,0,0.9663,,0.850,0,
5498,4,116,fog-125,1,fog,1900.0,0.0000,0.0000,17,100.850,0.0000,0,0.9644,,0.850,0,
5499,4,116,fog-125,1,fog,2000.0,0.0000,0.0000,17,100.850,0.0000,0,0.9625,,0.850,0,
5500,4,116,fog-125,1,fog,2100.0,0.0000,0.0000,17,100.850,0.0000,0,0.9606,,0.850,0,
5501,4,116,fog-125,1,fog,2200.0,0.0000,0.0000,17,100.850,0.0000,0,0.9588,,0.850,0,
5502,4,116,fog-125,1,fog,2300.0,0.0000,0.0000,17,100.850,0.0000,0,0.9569,,0.850,0,
5503,4,116,fog-125,1,fog,2400.0,0.0000,0.0000,17,100.850,0.0000,0,0.9550,,0.850,0,
5504,4,116,fog-125,1,fog,2500.0,0.0000,0.0000,17,100.850,0.0000,0,0.9531,,0.850,0,
5505,4,116,fog-125,1,fog,2600.0,0.0000,0.0000,17,100.850,0.0000,0,0.9513,,0.850,0,
5506,4,116,fog-125,1,fog,2700.0,0.0000,0.0000,17,100.850,0.0000,0,0.9494,,0.850,0,
5507,4,116,fog-125,1,fog,2800.0,0.0000,0.0000,17,100.850,0.0000,0,0.9475,,0.850,0,
5508,4,116,fog-125,1,fog,2900.0,0.0000,0.0000,17,100.850,0.0000,0,0.9456,,0.850,0,
5509,4,116,fog-125,1,fog,3000.0,0.0000,0.0000,17,100.850,0.0000,0,0.9438,,0.850,0,
5510,4,116,fog-125,1,fog,3100.0,0.0000,0.0000,17,100.850,0.0000,0,0.9419,,0.850,0,
5511,4,116,fog-125,1,fog,3200.0,0.0000,0.0000,17,100.850,0.0000,0,0.9400,,0.850,0,
5512,4,116,fog-125,1,fog,3300.0,0.0000,0.0000,16,100.800,0.0000,0,0.9381,,0.850,0,
5513,4,116,fog-125,1,fog,3400.0,0.0000,0.0000,17,100.850,0.0000,0,0.9363,,0.850,0,
5514,4,116,fog-125,1,fog,3500.0,0.0000,0.0000,17,100.850,0.0000,0,0.9344,,0.850,0,
5515,4,116,fog-125,1,fog,3600.0,0.0000,0.0000,17,100.850,0.0000,0,0.9325,,0.850,0,
5516,4,116,fog-125,1,fog,3700.0,0.0000,0.0000,17,100.850,0.0000,0,0.9306,,0.850,0,
5517,4,116,fog-125,1,fog,3800.0,0.0000,0.0000,17,100.850,0.0000,0,0.9288,,0.850,0,
5518,4,116,fog-125,1,fog,3900.0,0.0000,0.0000,17,100.850,0.0000,0,0.9269,,0.850,0,
5519,4,116,fog-125,1,fog,4000.0,0.0000,0.0000,17,100.850,0.0000,0,0.9250,,0.850,0,
5520,4,116,fog-125,1,fog,4100.0,0.0000,0.0000,17,100.850,0.0000,0,0.9231,,0.850,0,
5521,4,116,fog-125,1,fog,4200.0,0.0000,0.0000,17,100.850,0.0000,0,0.9213,,0.850,0,
5522,4,116,fog-125,1,fog,4300.0,0.0000,0.0000,17,100.850,0.0000,0,0.9194,,0.850,0,
5523,4,116,fog-125,1,fog,4400.0,0.0000,0.0000,17,100.850,0.0000,0,0.9175,,0.850,0,
5524,4,116,fog-125,1,fog,4500.0,0.0000,0.0000,17,100.850,0.0000,0,0.9156,,0.850,0,
5525,4,116,fog-125,1,fog,4600.0,0.0000,0.0000,17,100.850,0.0000,0,0.9138,,0.850,0,
5526,4,116,fog-125,1,fog,4700.0,0.0000,0.0000,17,100.850,0.0000,0,0.9119,,0.850,0,
5527,4,116,fog-125,1,fog,4800.0,0.0000,0.0000,17,100.850,0.0000,0,0.9100,,0.850,0,
5528,4,116,fog-125,1,fog,4900.0,0.0000,0.0000,17,100.850,0.0000,0,0.9081,,0.850,0,
5529,4,116,fog-125,1,fog,5000.0,0.0000,0.0000,17,100.850,0.0000,0,0.9063,,0.850,0,
5530,4,117,fog-126,1,fog,0.0,0.0000,0.0000,0,100.000,,0,1.0000,,0.850,0,1784.6
5531,4,117,fog-126,1,fog,100.0,0.0000,0.0000,0,100.000,,0,0.9981,,0.850,0,1784.6
5532,4,117,fog-126,1,fog,200.0,0.0000,0.0000,0,100.000,,0,0.9963,,0.850,0,1784.6
5533,4,117,fog-126,1,fog,300.0,0.0000,0.0000,4,100.200,0.0000,0,0.9944,,0.850,0,1784.6
5534,4,117,fog-126,1,fog,400.0,0.0000,0.0000,17,100.850,0.0000,0,0.9925,,0.850,0,1784.6
5535,4,117,fog-126,1,fog,500.0,0.0000,0.0000,17,100.850,0.0000,0,0.9906,,0.850,0,1784.6
5536,4,117,fog-126,1,fog,600.0,0.0000,0.0000,17,100.850,0.0000,0,0.9888,,0.850,0,1784.6
5537,4,117,fog-126,1,fog,700.0,0.0000,0.0000,17,100.850,0.0000,0,0.9869,,0.850,0,1784.6
5538,4,117,fog-126,1,fog,800.0,0.0000,0.0000,17,100.850,0.0000,0,0.9850,,0.850,0,1784.6
5539,4,117,fog-126,1,fog,900.0,0.0000,0.0000,17,100.850,0.0000,0,0.9831,,0.850,0,1784.6
5540,4,117,fog-126,1,fog,1000.0,0.0000,0.0000,17,100.850,0.0000,0,0.9813,,0.850,0,1784.6
5541,4,117,fog-126,1,fog,1100.0,0.0000,0.0000,17,100.850,0.0000,0,0.9794,,0.850,0,1784.6
5542,4,117,fog-126,1,fog,1200.0,0.0000,0.0000,17,100.850,0.0000,0,0.9775,,0.850,0,1784.6
5543,4,117,fog-126,1,fog,1300.0,0.0000,0.0000,16,100.800,0.0000,0,0.9756,,0.850,0,1784.6
5544,4,117,fog-126,1,fog,1400.0,0.0000,0.0000,17,100.850,0.0000,0,0.9738,,0.850,0,1784.6
5545,4,117,fog-126,1,fog,1500.0,0.0000,0.0000,17,100.850,0.0000,0,0.9719,,0.850,0,1784.6
5546,4,117,fog-126,1,fog,1600.0,0.0000,0.0000,17,100.850,0.0000,0,0.9700,,0.850,1,1784.6
5547,4,117,fog-126,1,fog,1700.0,0.0000,0.0000,17,100.850,0.0000,0,0.9681,,0.850,1,1784.6
5548,4,118,fog-127,1,fog,0.0,0.0000,0.0000,0,100.000,,0,1.0000,,0.850,0,
5549,4,118,fog-127,1,fog,100.0,0.0000,0.0000,0,100.000,,0,0.9981,,0.850,0,
5550,4,118,fog-127,1,fog,200.0,0.0000,0.0000,10,100.400,0.3514,0,0.9963,,0.850,0,
5551,4,118,fog-127,1,fog,300.0,0.0000,0.0000,4,100.200,0.0000,0,0.9944,,0.850,0,
5552,4,118,fog-127,1,fog,400.0,0.0000,0.0000,38,101.350,0.5352,0,0.9925,,0.850,0,
5553,4,118,fog-127,1,fog,500.0,0.0000,0.0000,59,101.750,0.8062,0,0.9906,,0.850,0,
5554,4,118,fog-127,1,fog,600.0,0.0000,0.0000,17,100.850,0.0000,0,0.9888,,0.850,0,
5555,4,118,fog-127,1,fog,700.0,0.0000,0.0000,17,100.850,0.0000,0,0.9869,,0.850,0,
5556,4,118,fog-127,1,fog,800.0,0.0000,0.0000,17,100.850,0.0000,0,0.9850,,0.850,0,
5557,4,118,fog-127,1,fog,900.0,0.0000,0.0000,17,100.850,0.0000,0,0.9831,,0.850,0,
5558,4,118,fog-127,1,fog,1000.0,0.0000,0.0000,61,101.800,0.8432,0,0.9813,,0.850,0,
5559,4,118,fog-127,1,fog,1100.0,0.0000,0.0000,61,101.800,0.7188,0,0.9794,,0.850,0,
5560,4,118,fog-127,1,fog,1200.0,0.0000,0.0000,17,100.850,0.0000,0,0.9775,,0.850,0,
5561,4,118,fog-127,1,fog,1300.0,0.0000,0.0000,34,101.250,0.5428,0,0.9756,,0.850,0,
5562,4,118,fog-127,1,fog,1400.0,0.0000,0.0000,38,101.350,0.5365,0,0.9738,,0.850,0,
5563,4,118,fog-127,1,fog,1500.0,0.0000,0.0000,17,100.850,0.0000,0,0.9719,,0.850,0,
5564,4,118,fog-127,1,fog,1600.0,0.0000,0.0000,17,100.850,0.0000,0,0.9700,,0.850,0,
5565,4,118,fog-127,1,fog,1700.0,0.0000,0.0000,35,101.300,0.5338,0,0.9681,,0.850,0,
5566,4,118,fog-127,1,fog,1800.0,0.0000,0.0000,70,102.000,0.8580,0,0.9663,,0.850,0,
5567,4,118,fog-127,1,fog,1900.0,0.0000,0.0000,17,100.850,0.0000,0,0.9644,,0.850,0,
5568,4,118,fog-127,1,fog,2000.0,0.0000,0.0000,17,100.850,0.0000,0,0.9625,,0.850,0,
5569,4,118,fog-127,1,fog,2100.0,0.0000,0.0000,17,100.850,0.0000,0,0.9606,,0.850,0,
5570,4,118,fog-127,1,fog,2200.0,0.0000,0.0000,17,100.850,0.0000,0,0.9588,,0.850,0,
5571,4,118,fog-127,1,fog,2300.0,0.0000,0.0000,32,101.250,0.5254,0,0.9569,,0.850,0,
5572,4,118,fog-127,1,fog,2400.0,0.0000,0.0000,35,101.300,0.5220,0,0.9550,,0.850,0,
5573,4,118,fog-127,1,fog,2500.0,0.0000,0.0000,32,101.250,0.5105,0,0.9531,,0.850,0,
5574,4,118,fog-127,1,fog,2600.0,0.0000,0.0000,38,101.350,0.5324,0,0.9513,,0.850,0,
5575,4,118,fog-127,1,fog,2700.0,0.0000,0.0000,17,100.850,0.0000,0,0.9494,,0.850,0,
5576,4,118,fog-127,1,fog,2800.0,0.0000,0.0000,38,101.350,0.5271,0,0.9475,,0.850,0,
5577,4,118,fog-127,1,fog,2900.0,0.0000,0.0000,17,100.850,0.0000,0,0.9456,,0.850,0,
5578,4,118,fog-127,1,fog,3000.0,0.0000,0.0000,35,101.300,0.5427,0,0.9438,,0.850,0,
5579,4,118,fog-127,1,fog,3100.0,0.0000,0.0000,35,101.300,0.5142,0,0.9419,,0.850,0,
5580,4,118,fog-127,1,fog,3200.0,0.0000,0.0000,38,101.350,0.5391,0,0.9400,,0.850,0,
5581,4,118,fog-127,1,fog,3300.0,0.0000,0.0000,34,101.250,0.5282,0,0.9381,,0.850,0,
5582,4,118,fog-127,1,fog,3400.0,0.0000,0.0000,63,101.850,0.8137,0,0.9363,,0.850,0,
5583,4,118,fog-127,1,fog,3500.0,0.0000,0.0000,17,100.850,0.0000,0,0.9344,,0.850,0,
5584,4,118,fog-127,1,fog,3600.0,0.0000,0.0000,35,101.300,0.4951,0,0.9325,,0.850,0,
5585,4,118,fog-127,1,fog,3700.0,0.0000,0.0000,17,100.850,0.0000,0,0.9306,,0.850,0,
5586,4,118,fog-127,1,fog,3800.0,0.0000,0.0000,35,101.300,0.5290,0,0.9288,,0.850,0,
5587,4,118,fog-127,1,fog,3900.0,0.0000,0.0000,38,101.350,0.5318,0,0.9269,,0.850,0,
5588,4,118,fog-127,1,fog,4000.0,0.0000,0.0000,17,100.850,0.0000,0,0.9250,,0.850,0,
5589,4,118,fog-127,1,fog,4100.0,0.0000,0.0000,38,101.350,0.5307,0,0.9231,,0.850,0,
5590,4,118,fog-127,1,fog,4200.0,0.0000,0.0000,35,101.300,0.5238,0,0.9213,,0.850,0,
5591,4,118,fog-127,1,fog,4300.0,0.0000,0.0000,17,100.850,0.0000,0,0.9194,,0.850,0,
5592,4,118,fog-127,1,fog,4400.0,0.0000,0.0000,61,101.800,0.8620,0,0.9175,,0.850,0,
5593,4,118,fog-127,1,fog,4500.0,0.0000,0.0000,35,101.300,0.5222,0,0.9156,,0.850,0,
5594,4,118,fog-127,1,fog,4600.0,0.0000,0.0000,59,101.750,0.7829,0,0.9138,,0.850,0,
5595,4,118,fog-127,1,fog,4700.0,0.0000,0.0000,59,101.750,0.7791,0,0.9119,,0.850,0,
5596,4,118,fog-127,1,fog,4800.0,0.0000,0.0000,61,101.800,0.8229,0,0.9100,,0.850,0,
5597,4,118,fog-127,1,fog,4900.0,0.0000,0.0000,17,100.850,0.0000,0,0.9081,,0.850,0,
5598,4,118,fog-127,1,fog,5000.0,0.0000,0.0000,54,101.650,0.7495,0,0.9063,,0.850,0,
5599,4,119,fog-128,1,fog,0.0,0.0000,0.0000,0,100.000,,0,1.0000,,0.850,0,
5600,4,119,fog-128,1,fog,100.0,0.0000,0.0000,0,100.000,,0,0.9981,,0.850,0,
5601,4,119,fog-128,1,fog,200.0,0.0000,0.0000,0,100.000,,0,0.9963,,0.850,0,
5602,4,119,fog-128,1,fog,300.0,0.0000,0.0000,4,100.200,0.0000,0,0.9944,,0.850,0,
5603,4,119,fog-128,1,fog,400.0,0.0000,0.0000,17,100.850,0.0000,0,0.9925,,0.850,0,
5604,4,119,fog-128,1,fog,500.0,0.0000,0.0000,17,100.850,0.0000,0,0.9906,,0.850,0,
5605,4,119,fog-128,1,fog,600.0,0.0000,0.0000,17,100.850,0.0000,0,0.9888,,0.850,0,
5606,4,119,fog-128,1,fog,700.0,0.0000,0.0000,17,100.850,0.0000,0,0.9869,,0.850,0,
5607,4,119,fog-128,1,fog,800.0,0.0000,0.0000,17,100.850,0.0000,0,0.9850,,0.850,0,
5608,4,119,fog-128,1,fog,900.0,0.0000,0.0000,17,100.850,0.0000,0,0.9831,,0.850,0,
5609,4,119,fog-128,1,fog,1000.0,0.0000,0.0000,17,100.850,0.0000,0,0.9813,,0.850,0,
5610,4,119,fog-128,1,fog,1100.0,0.0000,0.0000,17,100.850,0.0000,0,0.9794,,0.850,0,
5611,4,119,fog-128,1,fog,1200.0,0.0000,0.0000,17,100.850,0.0000,0,0.9775,,0.850,0,
5612,4,119,fog-128,1,fog,1300.0,0.0000,0.0000,16,100.800,0.0000,0,0.9756,,0.850,0,
5613,4,119,fog-128,1,fog,1400.0,0.0000,0.0000,17,100.850,0.0000,0,0.9738,,0.850,0,
5614,4,119,fog-128,1,fog,1500.0,0.0000,0.0000,17,100.850,0.0000,0,0.9719,,0.850,0,
5615,4,119,fog-128,1,fog,1600.0,0.0000,0.0000,17,100.850,0.0000,0,0.9700,,0.850,0,
5616,4,119,fog-128,1,fog,1700.0,0.0000,0.0000,17,100.850,0.0000,0,0.9681,,0.850,0,
5617,4,119,fog-128,1,fog,1800.0,0.0000,0.0000,17,100.850,0.0000,0,0.9663,,0.850,0,
5618,4,119,fog-128,1,fog,1900.0,0.0000,0.0000,17,100.850,0.0000,0,0.9644,,0.850,0,
5619,4,119,fog-128,1,fog,2000.0,0.0000,0.0000,17,100.850,0.0000,0,0.9625,,0.850,0,
5620,4,119,fog-128,1,fog,2100.0,0.0000,0.0000,17,100.850,0.0000,0,0.9606,,0.850,0,
5621,4,119,fog-128,1,fog,2200.0,0.0000,0.0000,17,100.850,0.0000,0,0.9588,,0.850,0,
5622,4,119,fog-128,1,fog,2300.0,0.0000,0.0000,17,100.850,0.0000,0,0.9569,,0.850,0,
5623,4,119,fog-128,1,fog,2400.0,0.0000,0.0000,17,100.850,0.0000,0,0.9550,,0.850,0,
5624,4,119,fog-128,1,fog,2500.0,0.0000,0.0000,17,100.850,0.0000,0,0.9531,,0.850,0,
5625,4,119,fog-128,1,fog,2600.0,0.0000,0.0000,17,100.850,0.0000,0,0.9513,,0.850,0,
5626,4,119,fog-128,1,fog,2700.0,0.0000,0.0000,17,100.850,0.0000,0,0.9494,,0.850,0,
5627,4,119,fog-128,1,fog,2800.0,0.0000,0.0000,17,100.850,0.0000,0,0.9475,,0.850,0,
5628,4,119,fog-128,1,fog,2900.0,0.0000,0.0000,17,100.850,0.0000,0,0.9456,,0.850,0,
5629,4,119,fog-128,1,fog,3000.0,0.0000,0.0000,17,100.850,0.0000,0,0.9438,,0.850,0,
5630,4,119,fog-128,1,fog,3100.0,0.0000,0.0000,17,100.850,0.0000,0,0.9419,,0.850,0,
5631,4,119,fog-128,1,fog,3200.0,0.0000,0.0000,17,100.850,0.0000,0,0.9400,,0.850,0,
5632,4,119,fog-128,1,fog,3300.0,0.0000,0.0000,16,100.800,0.0000,0,0.9381,,0.850,0,
5633,4,119,fog-128,1,fog,3400.0,0.0000,0.0000,17,100.850,0.0000,0,0.9363,,0.850,0,
5634,4,119,fog-128,1,fog,3500.0,0.0000,0.0000,17,100.850,0.0000,0,0.9344,,0.850,0,
5635,4,119,fog-128,1,fog,3600.0,0.0000,0.0000,17,100.850,0.0000,0,0.9325,,0.850,0,
5636,4,119,fog-128,1,fog,3700.0,0.0000,0.0000,17,100.850,0.0000,0,0.9306,,0.850,0,
5637,4,119,fog-128,1,fog,3800.0,0.0000,0.0000,17,100.850,0.0000,0,0.9288,,0.850,0,
5638,4,119,fog-128,1,fog,3900.0,0.0000,0.0000,17,100.850,0.0000,0,0.9269,,0.850,0,
5639,4,119,fog-128,1,fog,4000.0,0.0000,0.0000,17,100.850,0.0000,0,0.9250,,0.850,0,
5640,4,119,fog-128,1,fog,4100.0,0.0000,0.0000,17,100.850,0.0000,0,0.9231,,0.850,0,
5641,4,119,fog-128,1,fog,4200.0,0.0000,0.0000,17,100.850,0.0000,0,0.9213,,0.850,0,
5642,4,119,fog-128,1,fog,4300.0,0.0000,0.0000,17,100.850,0.0000,0,0.9194,,0.850,0,
5643,4,119,fog-128,1,fog,4400.0,0.0000,0.0000,17,100.850,0.0000,0,0.9175,,0.850,0,
5644,4,119,fog-128,1,fog,4500.0,0.0000,0.0000,17,100.850,0.0000,0,0.9156,,0.850,0,
5645,4,119,fog-128,1,fog,4600.0,0.0000,0.0000,17,100.850,0.0000,0,0.9138,,0.850,0,
5646,4,119,fog-128,1,fog,4700.0,0.0000,0.0000,17,100.850,0.0000,0,0.9119,,0.850,0,
5647,4,119,fog-128,1,fog,4800.0,0.0000,0.0000,17,100.850,0.0000,0,0.9100,,0.850,0,
5648,4,119,fog-128,1,fog,4900.0,0.0000,0.0000,17,100.850,0.0000,0,0.9081,,0.850,0,
5649,4,119,fog-128,1,fog,5000.0,0.0000,0.0000,17,100.850,0.0000,0,0.9063,,0.850,0,
5650,4,120,fog-129,1,fog,0.0,0.0000,0.0000,0,100.000,,0,1.0000,,0.850,0,
5651,4,120,fog-129,1,fog,100.0,0.0000,0.0000,0,100.000,,0,0.9981,,0.850,0,
5652,4,120,fog-129,1,fog,200.0,0.0000,0.0000,0,100.000,,0,0.9963,,0.850,0,
5653,4,120,fog-129,1,fog,300.0,0.0000,0.0000,4,100.200,0.0000,0,0.9944,,0.850,0,
5654,4,120,fog-129,1,fog,400.0,0.0000,0.0000,17,100.850,0.0000,0,0.9925,,0.850,0,
5655,4,120,fog-129,1,fog,500.0,0.0000,0.0000,17,100.850,0.0000,0,0.9906,,0.850,0,
5656,4,120,fog-129,1,fog,600.0,0.0000,0.0000,17,100.850,0.0000,0,0.9888,,0.850,0,
5657,4,120,fog-129,1,fog,700.0,0.0000,0.0000,17,100.850,0.0000,0,0.9869,,0.850,0,
5658,4,120,fog-129,1,fog,800.0,0.0000,0.0000,17,100.850,0.0000,0,0.9850,,0.850,0,
5659,4,120,fog-129,1,fog,900.0,0.0000,0.0000,17,100.850,0.0000,0,0.9831,,0.850,0,
5660,4,120,fog-129,1,fog,1000.0,0.0000,0.0000,17,100.850,0.0000,0,0.9813,,0.850,0,
5661,4,120,fog-129,1,fog,1100.0,0.0000,0.0000,17,100.850,0.0000,0,0.9794,,0.850,0,
5662,4,120,fog-129,1,fog,1200.0,0.0000,0.0000,17,100.850,0.0000,0,0.9775,,0.850,0,
5663,4,120,fog-129,1,fog,1300.0,0.0000,0.0000,16,100.800,0.0000,0,0.9756,,0.850,0,
5664,4,120,fog-129,1,fog,1400.0,0.0000,0.0000,17,100.850,0.0000,0,0.9738,,0.850,0,
5665,4,120,fog-129,1,fog,1500.0,0.0000,0.0000,17,100.850,0.0000,0,0.9719,,0.850,0,
5666,4,120,fog-129,1,fog,1600.0,0.0000,0.0000,17,100.850,0.0000,0,0.9700,,0.850,0,
5667,4,120,fog-129,1,fog,1700.0,0.0000,0.0000,17,100.850,0.0000,0,0.9681,,0.850,0,
5668,4,120,fog-129,1,fog,1800.0,0.0000,0.0000,17,100.850,0.0000,0,0.9663,,0.850,0,
5669,4,120,fog-129,1,fog,1900.0,0.0000,0.0000,17,100.850,0.0000,0,0.9644,,0.850,0,
5670,4,120,fog-129,1,fog,2000.0,0.0000,0.0000,17,100.850,0.0000,0,0.9625,,0.850,0,
5671,4,120,fog-129,1,fog,2100.0,0.0000,0.0000,17,100.850,0.0000,0,0.9606,,0.850,0,
5672,4,120,fog-129,1,fog,2200.0,0.0000,0.0000,17,100.850,0.0000,0,0.9588,,0.850,0,
5673,4,120,fog-129,1,fog,2300.0,0.0000,0.0000,17,100.850,0.0000,0,0.9569,,0.850,0,
5674,4,120,fog-129,1,fog,2400.0,0.0000,0.0000,17,100.850,0.0000,0,0.9550,,0.850,0,
5675,4,120,fog-129,1,fog,2500.0,0.0000,0.0000,17,100.850,0.0000,0,0.9531,,0.850,0,
5676,4,120,fog-129,1,fog,2600.0,0.0000,0.0000,17,100.850,0.0000,0,0.9513,,0.850,0,
5677,4,120,fog-129,1,fog,2700.0,0.0000,0.0000,17,100.850,0.0000,0,0.9494,,0.850,0,
5678,4,120,fog-129,1,fog,2800.0,0.0000,0.0000,17,100.850,0.0000,0,0.9475,,0.850,0,
5679,4,120,fog-129,1,fog,2900.0,0.0000,0.0000,17,100.850,0.0000,0,0.9456,,0.850,0,
5680,4,120,fog-129,1,fog,3000.0,0.0000,0.0000,17,100.850,0.0000,0,0.9438,,0.850,0,
5681,4,120,fog-129,1,fog,3100.0,0.0000,0.0000,17,100.850,0.0000,0,0.9419,,0.850,0,
5682,4,120,fog-129,1,fog,3200.0,0.0000,0.0000,17,100.850,0.0000,0,0.9400,,0.850,0,
5683,4,120,fog-129,1,fog,3300.0,0.0000,0.0000,16,100.800,0.0000,0,0.9381,,0.850,0,
5684,4,120,fog-129,1,fog,3400.0,0.0000,0.0000,17,100.850,0.0000,0,0.9363,,0.850,0,
5685,4,120,fog-129,1,fog,3500.0,0.0000,0.0000,17,100.850,0.0000,0,0.9344,,0.850,0,
5686,4,120,fog-129,1,fog,3600.0,0.0000,0.0000,17,100.850,0.0000,0,0.9325,,0.850,0,
5687,4,120,fog-129,1,fog,3700.0,0.0000,0.0000,17,100.850,0.0000,0,0.9306,,0.850,0,
5688,4,120,fog-129,1,fog,3800.0,0.0000,0.0000,17,100.850,0.0000,0,0.9288,,0.850,0,
5689,4,120,fog-129,1,fog,3900.0,0.0000,0.0000,17,100.850,0.0000,0,0.9269,,0.850,0,
5690,4,120,fog-129,1,fog,4000.0,0.0000,0.0000,17,100.850,0.0000,0,0.9250,,0.850,0,
5691,4,120,fog-129,1,fog,4100.0,0.0000,0.0000,17,100.850,0.0000,0,0.9231,,0.850,0,
5692,4,120,fog-129,1,fog,4200.0,0.0000,0.0000,17,100.850,0.0000,0,0.9213,,0.850,0,
5693,4,120,fog-129,1,fog,4300.0,0.0000,0.0000,17,100.850,0.0000,0,0.9194,,0.850,0,
5694,4,120,fog-129,1,fog,4400.0,0.0000,0.0000,17,100.850,0.0000,0,0.9175,,0.850,0,
5695,4,120,fog-129,1,fog,4500.0,0.0000,0.0000,17,100.850,0.0000,0,0.9156,,0.850,0,
5696,4,120,fog-129,1,fog,4600.0,0.0000,0.0000,17,100.850,0.0000,0,0.9138,,0.850,0,
5697,4,120,fog-129,1,fog,4700.0,0.0000,0.0000,17,100.850,0.0000,0,0.9119,,0.850,0,
5698,4,120,fog-129,1,fog,4800.0,0.0000,0.0000,17,100.850,0.0000,0,0.9100,,0.850,0,
5699,4,120,fog-129,1,fog,4900.0,0.0000,0.0000,17,100.850,0.0000,0,0.9081,,0.850,0,
5700,4,120,fog-129,1,fog,5000.0,0.0000,0.0000,17,100.850,0.0000,0,0.9063,,0.850,0,
5701,4,121,fog-130,1,fog,0.0,0.0000,0.0000,0,100.000,,0,1.0000,,0.850,0,2644.6
5702,4,121,fog-130,1,fog,100.0,0.0000,0.0000,10,100.400,1.0000,0,0.9981,,0.850,0,2644.6
5703,4,121,fog-130,1,fog,200.0,0.0000,0.0000,10,100.400,0.3514,0,0.9963,,0.850,0,2644.6
5704,4,121,fog-130,1,fog,300.0,0.0000,0.0000,15,100.600,0.5340,0,0.9944,,0.850,0,2644.6
5705,4,121,fog-130,1,fog,400.0,0.0000,0.0000,38,101.350,0.5315,0,0.9925,,0.850,0,2644.6
5706,4,121,fog-130,1,fog,500.0,0.0000,0.0000,35,101.300,0.5156,0,0.9906,,0.850,0,2644.6
5707,4,121,fog-130,1,fog,600.0,0.0000,0.0000,38,101.350,0.5392,0,0.9888,,0.850,0,2644.6
5708,4,121,fog-130,1,fog,700.0,0.0000,0.0000,79,102.200,1.0000,0,0.9869,,0.850,0,2644.6
5709,4,121,fog-130,1,fog,800.0,0.0000,0.0000,79,102.200,1.0000,0,0.9850,,0.850,0,2644.6
5710,4,121,fog-130,1,fog,900.0,0.0000,0.0000,85,102.350,1.0000,0,0.9831,,0.850,0,2644.6
5711,4,121,fog-130,1,fog,1000.0,0.0000,0.0000,56,101.700,0.7257,0,0.9813,,0.850,0,2644.6
5712,4,121,fog-130,1,fog,1100.0,0.0000,0.0000,17,100.850,0.0000,0,0.9794,,0.850,0,2644.6
5713,4,121,fog-130,1,fog,1200.0,0.0000,0.0000,17,100.850,0.0000,0,0.9775,,0.850,0,2644.6
5714,4,121,fog-130,1,fog,1300.0,0.0000,0.0000,16,100.800,0.0000,0,0.9756,,0.850,0,2644.6
5715,4,121,fog-130,1,fog,1400.0,0.0000,0.0000,38,101.350,0.5355,0,0.9738,,0.850,0,2644.6
5716,4,121,fog-130,1,fog,1500.0,0.0000,0.0000,32,101.250,0.5023,0,0.9719,,0.850,0,2644.6
5717,4,121,fog-130,1,fog,1600.0,0.0000,0.0000,38,101.350,0.5344,0,0.9700,,0.850,0,2644.6
5718,4,121,fog-130,1,fog,1700.0,0.0000,0.0000,35,101.300,0.5141,0,0.9681,,0.850,0,2644.6
5719,4,121,fog-130,1,fog,1800.0,0.0000,0.0000,17,100.850,0.0000,0,0.9663,,0.850,0,2644.6
5720,4,121,fog-130,1,fog,1900.0,0.0000,0.0000,17,100.850,0.0000,0,0.9644,,0.850,0,2644.6
5721,4,121,fog-130,1,fog,2000.0,0.0000,0.0000,17,100.850,0.0000,0,0.9625,,0.850,0,2644.6
5722,4,121,fog-130,1,fog,2100.0,0.0000,0.0000,38,101.350,0.5357,0,0.9606,,0.850,0,2644.6
5723,4,121,fog-130,1,fog,2200.0,0.0000,0.0000,63,101.850,0.7625,0,0.9588,,0.850,0,2644.6
5724,4,121,fog-130,1,fog,2300.0,0.0000,0.0000,61,101.800,0.7274,0,0.9569,,0.850,0,2644.6
5725,4,121,fog-130,1,fog,2400.0,0.0000,0.0000,59,101.750,0.7299,0,0.9550,,0.850,0,2644.6
5726,4,121,fog-130,1,fog,2500.0,0.0000,0.0000,89,102.450,1.0000,0,0.9531,,0.850,1,2644.6
5727,4,121,fog-130,1,fog,2600.0,0.0000,0.0000,114,103.050,1.0000,0,0.9513,,0.850,1,2644.6
5728,4,122,edge-0,2,edge,0.0,0.0000,0.0100,0,1.519,,1,1.0000,,0.700,0,
5729,4,122,edge-0,2,edge,100.0,0.0400,0.0100,8,1.919,0.8914,1,0.9911,,0.700,0,
5730,4,122,edge-0,2,edge,200.0,0.1000,0.0100,22,2.469,0.8015,1,0.9873,,0.700,0,
5731,4,122,edge-0,2,edge,300.0,0.1001,0.0100,29,2.724,0.8643,1,0.9836,,0.700,0,
5732,4,122,edge-0,2,edge,400.0,0.1000,0.0100,40,3.533,0.7399,2,0.9798,,0.700,0,
5733,4,122,edge-0,2,edge,500.0,0.1000,0.0100,46,3.633,0.7597,1,0.9760,,0.700,0,
5734,4,122,edge-0,2,edge,600.0,0.1001,0.0100,47,3.638,0.7860,1,0.9723,,0.700,0,
5735,4,122,edge-0,2,edge,700.0,0.1000,0.0100,47,3.670,0.7829,2,0.9685,,0.700,0,
5736,4,122,edge-0,2,edge,800.0,0.1001,0.0100,43,3.575,0.7723,2,0.9647,,0.700,0,
5737,4,122,edge-0,2,edge,900.0,0.1000,0.0100,46,3.620,0.7544,1,0.9609,,0.700,0,
5738,4,122,edge-0,2,edge,1000.0,0.1001,0.0100,35,3.475,0.7327,1,0.9571,,0.700,0,
5739,4,122,edge-0,2,edge,1100.0,0.1000,0.0100,46,3.381,0.7697,2,0.9533,,0.700,0,
5740,4,122,edge-0,2,edge,1200.0,0.1001,0.0100,46,3.574,0.7641,2,0.9495,,0.700,0,
5741,4,122,edge-0,2,edge,1300.0,0.1000,0.0100,43,3.515,0.7795,3,0.9457,,0.700,0,
5742,4,122,edge-0,2,edge,1400.0,0.1001,0.0100,43,3.470,0.7821,3,0.9419,,0.700,0,
5743,4,122,edge-0,2,edge,1500.0,0.1000,0.0100,34,3.469,0.6986,4,0.9382,,0.700,0,
5744,4,122,edge-0,2,edge,1600.0,0.1000,0.0100,36,3.379,0.6938,4,0.9344,,0.700,0,
5745,4,122,edge-0,2,edge,1700.0,0.1000,0.0100,34,3.379,0.6840,3,0.9306,,0.700,0,
5746,4,122,edge-0,2,edge,1800.0,0.1000,0.0100,46,3.529,0.7661,2,0.9268,,0.700,0,
5747,4,122,edge-0,2,edge,1900.0,0.1001,0.0100,43,3.484,0.7732,2,0.9230,,0.700,0,
5748,4,122,edge-0,2,edge,2000.0,0.1000,0.0100,46,3.529,0.7682,1,0.9192,,0.700,0,
5749,4,122,edge-0,2,edge,2100.0,0.1001,0.0100,35,3.384,0.7691,0,0.9154,,0.700,0,
5750,4,122,edge-0,2,edge,2200.0,0.1000,0.0100,42,3.479,0.7500,0,0.9116,,0.700,0,
5751,4,122,edge-0,2,edge,2300.0,0.1001,0.0100,42,3.332,0.7730,1,0.9078,,0.700,0,
5752,4,122,edge-0,2,edge,2400.0,0.1000,0.0100,42,3.578,0.7420,2,0.9040,,0.700,0,
5753,4,122,edge-0,2,edge,2500.0,0.1001,0.0100,37,3.420,0.7303,3,0.9002,,0.700,0,
5754,4,122,edge-0,2,edge,2600.0,0.1000,0.0100,38,3.604,0.7677,4,0.8964,,0.700,0,
5755,4,122,edge-0,2,edge,2700.0,0.1001,0.0100,34,3.630,0.7190,5,0.8927,,0.700,0,
5756,4,122,edge-0,2,edge,2800.0,0.1000,0.0100,47,3.748,0.7803,5,0.8889,,0.700,0,
5757,4,122,edge-0,2,edge,2900.0,0.1001,0.0100,47,3.703,0.7791,4,0.8851,,0.700,0,
5758,4,122,edge-0,2,edge,3000.0,0.1000,0.0100,37,3.598,0.7274,3,0.8813,,0.700,0,
5759,4,122,edge-0,2,edge,3100.0,0.1001,0.0100,37,3.553,0.7508,2,0.8775,,0.700,0,
5760,4,122,edge-0,2,edge,3200.0,0.1000,0.0100,37,3.598,0.7231,1,0.8737,,0.700,0,
5761,4,122,edge-0,2,edge,3300.0,0.1001,0.0100,43,3.653,0.7982,0,0.8655,,0.700,0,
5762,4,122,edge-0,2,edge,3400.0,0.1000,0.0100,42,3.858,0.8545,1,0.8464,,0.700,0,
5763,4,122,edge-0,2,edge,3500.0,0.1001,0.0100,43,3.863,0.8800,1,0.8274,,0.700,0,
5764,4,122,edge-0,2,edge,3600.0,0.1000,0.0100,46,3.908,0.8859,1,0.8083,,0.700,0,
5765,4,122,edge-0,2,edge,3700.0,0.1000,0.0100,46,3.908,0.8894,1,0.7893,,0.700,0,
5766,4,122,edge-0,2,edge,3800.0,0.1001,0.0100,47,3.652,0.9092,1,0.7702,,0.700,0,
5767,4,122,edge-0,2,edge,3900.0,0.1000,0.0100,43,3.807,0.8681,1,0.7512,,0.700,0,
5768,4,122,edge-0,2,edge,4000.0,0.1001,0.0100,46,3.674,0.9128,2,0.7321,,0.700,0,
5769,4,122,edge-0,2,edge,4100.0,0.1000,0.0100,34,3.362,0.7734,3,0.7131,,0.700,0,
5770,4,122,edge-0,2,edge,4200.0,0.1001,0.0100,43,3.680,0.8829,4,0.6940,,0.700,0,
5771,4,122,edge-0,2,edge,4300.0,0.1000,0.0100,42,3.675,0.8524,4,0.6750,,0.700,0,
5772,4,122,edge-0,2,edge,4400.0,0.1001,0.0100,43,3.680,0.8792,3,0.6559,,0.700,0,
5773,4,122,edge-0,2,edge,4500.0,0.1000,0.0100,40,3.629,0.8420,3,0.6369,,0.700,0,
5774,4,122,edge-0,2,edge,4600.0,0.1001,0.0100,44,3.761,0.8861,3,0.6178,,0.700,0,
5775,4,122,edge-0,2,edge,4700.0,0.1000,0.0100,42,3.706,0.8363,2,0.5988,,0.700,0,
5776,4,122,edge-0,2,edge,4800.0,0.1000,0.0100,46,3.810,0.8657,2,0.5797,,0.700,0,
5777,4,122,edge-0,2,edge,4900.0,0.1000,0.0100,34,3.337,0.8051,3,0.5607,,0.700,0,
5778,4,122,edge-0,2,edge,5000.0,0.1001,0.0100,47,3.492,0.9158,2,0.5416,,0.700,0,
5779,4,125,edge-1,2,edge,0.0,0.0000,0.0100,0,1.633,,1,1.0000,,0.700,0,
5780,4,125,edge-1,2,edge,100.0,0.0400,0.0100,8,2.033,0.8914,1,0.9911,,0.700,0,
5781,4,125,edge-1,2,edge,200.0,0.1000,0.0100,22,2.583,0.8015,1,0.9873,,0.700,0,
5782,4,125,edge-1,2,edge,300.0,0.1000,0.0100,23,2.733,0.8262,1,0.9836,,0.700,0,
5783,4,125,edge-1,2,edge,400.0,0.1001,0.0100,48,3.675,0.8135,2,0.9798,,0.700,0,
5784,4,125,edge-1,2,edge,500.0,0.1000,0.0100,42,3.570,0.7608,1,0.9760,,0.700,0,
5785,4,125,edge-1,2,edge,600.0,0.1001,0.0100,43,3.575,0.7666,1,0.9722,,0.700,0,
5786,4,125,edge-1,2,edge,700.0,0.1000,0.0100,46,3.620,0.7621,1,0.9684,,0.700,0,
5787,4,125,edge-1,2,edge,800.0,0.1001,0.0100,38,3.343,0.7903,2,0.9571,,0.700,0,
5788,4,125,edge-1,2,edge,900.0,0.1000,0.0100,40,3.454,0.8283,2,0.9380,,0.700,0,
5789,4,125,edge-1,2,edge,1000.0,0.1001,0.0100,44,3.470,0.9157,3,0.9190,,0.700,0,
5790,4,125,edge-1,2,edge,1100.0,0.1000,0.0100,44,3.700,0.8729,4,0.8999,,0.700,0,
5791,4,125,edge-1,2,edge,1200.0,0.1001,0.0100,47,3.755,0.9113,4,0.8809,,0.700,0,
5792,4,125,edge-1,2,edge,1300.0,0.1000,0.0100,34,3.600,0.7924,3,0.8618,,0.700,0,
5793,4,125,edge-1,2,edge,1400.0,0.1000,0.0100,42,3.700,0.8507,2,0.8428,,0.700,0,
5794,4,125,edge-1,2,edge,1500.0,0.1001,0.0100,47,3.755,0.9137,1,0.8237,,0.700,0,
5795,4,125,edge-1,2,edge,1600.0,0.1000,0.0100,42,3.700,0.8598,0,0.8047,,0.700,0,
5796,4,125,edge-1,2,edge,1700.0,0.1001,0.0100,44,3.966,0.8962,1,0.7856,,0.700,0,
5797,4,125,edge-1,2,edge,1800.0,0.1000,0.0100,46,3.961,0.8687,1,0.7666,,0.700,0,
5798,4,125,edge-1,2,edge,1900.0,0.1001,0.0100,38,3.866,0.8355,1,0.7475,,0.700,0,
5799,4,125,edge-1,2,edge,2000.0,0.1000,0.0100,42,3.635,0.8569,2,0.7285,,0.700,0,
5800,4,125,edge-1,2,edge,2100.0,0.1001,0.0100,43,3.654,0.8893,3,0.7094,,0.700,0,
5801,4,125,edge-1,2,edge,2200.0,0.1000,0.0100,32,3.449,0.7368,2,0.6904,,0.700,0,
5802,4,125,edge-1,2,edge,2300.0,0.1001,0.0100,35,3.554,0.8238,2,0.6713,,0.700,0,
5803,4,125,edge-1,2,edge,2400.0,0.1000,0.0100,42,3.649,0.8517,2,0.6523,,0.700,0,
5804,4,125,edge-1,2,edge,2500.0,0.1001,0.0100,34,3.707,0.7972,2,0.6332,,0.700,0,
5805,4,125,edge-1,2,edge,2600.0,0.1000,0.0100,42,3.852,0.8556,1,0.6142,,0.700,0,
5806,4,125,edge-1,2,edge,2700.0,0.1001,0.0100,38,3.807,0.8585,1,0.5951,,0.700,0,
5807,4,125,edge-1,2,edge,2800.0,0.1000,0.0100,42,3.852,0.8636,1,0.5761,,0.700,0,
5808,4,125,edge-1,2,edge,2900.0,0.1000,0.0100,42,3.852,0.8627,1,0.5571,,0.700,0,
5809,4,125,edge-1,2,edge,3000.0,0.1000,0.0100,42,3.852,0.8620,0,0.5380,,0.700,0,
5810,4,125,edge-1,2,edge,3100.0,0.1001,0.0100,33,3.565,0.7939,1,0.5190,,0.700,0,
5811,4,125,edge-1,2,edge,3200.0,0.1000,0.0100,38,3.670,0.8617,1,0.4999,,0.700,0,
5812,4,125,edge-1,2,edge,3300.0,0.1000,0.0100,46,3.765,0.8887,1,0.4809,,0.700,0,
5813,4,125,edge-1,2,edge,3400.0,0.1001,0.0100,43,3.720,0.8818,1,0.4618,,0.700,0,
5814,4,125,edge-1,2,edge,3500.0,0.1000,0.0100,42,3.715,0.8517,1,0.4428,,0.700,0,
5815,4,125,edge-1,2,edge,3600.0,0.1001,0.0100,46,3.606,0.8857,1,0.4237,,0.700,0,
5816,4,125,edge-1,2,edge,3700.0,0.1000,0.0100,34,3.378,0.8052,2,0.4047,,0.700,0,
5817,4,125,edge-1,2,edge,3800.0,0.1001,0.0100,47,3.668,0.9152,3,0.3856,,0.700,0,
5818,4,125,edge-1,2,edge,3900.0,0.1000,0.0100,47,3.564,0.9189,4,0.3666,,0.700,0,
5819,4,125,edge-1,2,edge,4000.0,0.1001,0.0100,46,3.523,0.8861,5,0.3475,,0.700,0,
5820,4,125,edge-1,2,edge,4100.0,0.1000,0.0100,37,3.377,0.8196,5,0.3285,,0.700,0,
5821,4,125,edge-1,2,edge,4200.0,0.1000,0.0100,47,3.760,0.8870,5,0.3094,,0.700,0,
5822,4,125,edge-1,2,edge,4300.0,0.1000,0.0100,44,3.417,0.8744,5,0.2904,,0.700,0,
5823,4,125,edge-1,2,edge,4400.0,0.1000,0.0100,40,3.345,0.8277,5,0.2713,,0.700,0,
5824,4,125,edge-1,2,edge,4500.0,0.1000,0.0100,38,3.547,0.8586,5,0.2523,,0.700,0,
5825,4,125,edge-1,2,edge,4600.0,0.1001,0.0100,46,3.615,0.8799,5,0.2332,,0.700,0,
5826,4,125,edge-1,2,edge,4700.0,0.1000,0.0100,43,3.570,0.8832,4,0.2142,,0.700,0,
5827,4,125,edge-1,2,edge,4800.0,0.1000,0.0100,42,3.565,0.8525,3,0.1951,,0.700,0,
5828,4,125,edge-1,2,edge,4900.0,0.1000,0.0100,36,3.404,0.7965,3,0.1761,,0.700,0,
5829,4,125,edge-1,2,edge,5000.0,0.1000,0.0100,43,3.674,0.8610,3,0.1571,,0.700,0,
5830,4,128,edge-2,2,edge,0.0,0.0000,0.0100,0,1.691,,1,1.0000,,0.700,0,4161.6
5831,4,128,edge-2,2,edge,100.0,0.0400,0.0100,8,2.091,0.8914,1,0.9911,,0.700,0,4161.6
5832,4,128,edge-2,2,edge,200.0,0.1000,0.0100,19,2.591,0.7671,1,0.9873,,0.700,0,4161.6
5833,4,128,edge-2,2,edge,300.0,0.1000,0.0100,23,2.791,0.8130,1,0.9836,,0.700,0,4161.6
5834,4,128,edge-2,2,edge,400.0,0.1001,0.0100,47,3.546,0.7822,1,0.9798,,0.700,0,4161.6
5835,4,128,edge-2,2,edge,500.0,0.1000,0.0100,40,3.446,0.7195,1,0.9760,,0.700,0,4161.6
5836,4,128,edge-2,2,edge,600.0,0.1001,0.0100,46,3.549,0.7758,2,0.9722,,0.700,0,4161.6
5837,4,128,edge-2,2,edge,700.0,0.1000,0.0100,47,3.584,0.7880,3,0.9684,,0.700,0,4161.6
5838,4,128,edge-2,2,edge,800.0,0.1001,0.0100,46,3.544,0.7632,4,0.9646,,0.700,0,4161.6
5839,4,128,edge-2,2,edge,900.0,0.1000,0.0100,38,3.411,0.7468,5,0.9608,,0.700,0,4161.6
5840,4,128,edge-2,2,edge,1000.0,0.1001,0.0100,38,3.366,0.7665,4,0.9570,,0.700,0,4161.6
5841,4,128,edge-2,2,edge,1100.0,0.1000,0.0100,44,3.529,0.7344,4,0.9534,,0.700,0,4161.6
5842,4,128,edge-2,2,edge,1200.0,0.1001,0.0100,48,3.754,0.8148,4,0.9496,,0.700,0,4161.6
5843,4,128,edge-2,2,edge,1300.0,0.1000,0.0100,32,3.358,0.6968,4,0.9458,,0.700,0,4161.6
5844,4,128,edge-2,2,edge,1400.0,0.1000,0.0100,42,3.558,0.7415,3,0.9420,,0.700,0,4161.6
5845,4,128,edge-2,2,edge,1500.0,0.1001,0.0100,39,3.384,0.8451,4,0.9261,,0.700,0,4161.6
5846,4,128,edge-2,2,edge,1600.0,0.1000,0.0100,42,3.379,0.8496,3,0.9070,,0.700,0,4161.6
5847,4,128,edge-2,2,edge,1700.0,0.1000,0.0100,42,3.379,0.8470,2,0.8880,,0.700,0,4161.6
5848,4,128,edge-2,2,edge,1800.0,0.1000,0.0100,42,3.379,0.8397,1,0.8689,,0.700,0,4161.6
5849,4,128,edge-2,2,edge,1900.0,0.1001,0.0100,46,3.673,0.9112,2,0.8499,,0.700,0,4161.6
5850,4,128,edge-2,2,edge,2000.0,0.1000,0.0100,42,3.668,0.8626,1,0.8308,,0.700,0,4161.6
5851,4,128,edge-2,2,edge,2100.0,0.1000,0.0100,42,3.668,0.8600,1,0.8118,,0.700,0,4161.6
5852,4,128,edge-2,2,edge,2200.0,0.1000,0.0100,46,3.718,0.8842,1,0.7927,,0.700,0,4161.6
5853,4,128,edge-2,2,edge,2300.0,0.1001,0.0100,38,3.623,0.8517,1,0.7737,,0.700,0,4161.6
5854,4,128,edge-2,2,edge,2400.0,0.1000,0.0100,46,3.718,0.8821,0,0.7546,,0.700,0,4161.6
5855,4,128,edge-2,2,edge,2500.0,0.1001,0.0100,46,3.597,0.8986,1,0.7356,,0.700,0,4161.6
5856,4,128,edge-2,2,edge,2600.0,0.1000,0.0100,46,3.642,0.8905,1,0.7165,,0.700,0,4161.6
5857,4,128,edge-2,2,edge,2700.0,0.1001,0.0100,43,3.597,0.8929,1,0.6975,,0.700,0,4161.6
5858,4,128,edge-2,2,edge,2800.0,0.1000,0.0100,46,3.568,0.8755,2,0.6784,,0.700,0,4161.6
5859,4,128,edge-2,2,edge,2900.0,0.1001,0.0100,47,3.543,0.9188,3,0.6594,,0.700,0,4161.6
5860,4,128,edge-2,2,edge,3000.0,0.1000,0.0100,42,3.489,0.8358,3,0.6403,,0.700,0,4161.6
5861,4,128,edge-2,2,edge,3100.0,0.1000,0.0100,42,3.489,0.8364,3,0.6213,,0.700,0,4161.6
5862,4,128,edge-2,2,edge,3200.0,0.1001,0.0100,47,3.544,0.8891,3,0.6022,,0.700,0,4161.6
5863,4,128,edge-2,2,edge,3300.0,0.1000,0.0100,42,3.365,0.8522,3,0.5832,,0.700,0,4161.6
5864,4,128,edge-2,2,edge,3400.0,0.1001,0.0100,38,3.320,0.8541,2,0.5642,,0.700,0,4161.6
5865,4,128,edge-2,2,edge,3500.0,0.1000,0.0100,42,3.583,0.8526,2,0.5451,,0.700,0,4161.6
5866,4,128,edge-2,2,edge,3600.0,0.1001,0.0100,43,3.588,0.8821,2,0.5261,,0.700,0,4161.6
5867,4,128,edge-2,2,edge,3700.0,0.1000,0.0100,42,3.583,0.8528,2,0.5070,,0.700,0,4161.6
5868,4,128,edge-2,2,edge,3800.0,0.1001,0.0100,43,3.525,0.8661,2,0.4880,,0.700,0,4161.6
5869,4,128,edge-2,2,edge,3900.0,0.1000,0.0100,37,3.578,0.8312,3,0.4689,,0.700,0,4161.6
5870,4,128,edge-2,2,edge,4000.0,0.1000,0.0100,46,3.678,0.8817,2,0.4499,,0.700,1,4161.6
5871,4,128,edge-2,2,edge,4100.0,0.1000,0.0100,37,3.812,0.8316,3,0.4308,,0.700,1,4161.6
5872,4,131,edge-3,2,edge,0.0,0.0000,0.0100,0,1.823,,1,1.0000,,0.700,0,4083.5
5873,4,131,edge-3,2,edge,100.0,0.0400,0.0100,8,2.223,0.8914,1,0.9911,,0.700,0,4083.5
5874,4,131,edge-3,2,edge,200.0,0.1000,0.0100,22,2.811,0.7980,2,0.9873,,0.700,0,4083.5
5875,4,131,edge-3,2,edge,300.0,0.1000,0.0100,30,2.947,0.8694,3,0.9837,,0.700,0,4083.5
5876,4,131,edge-3,2,edge,400.0,0.1000,0.0100,42,3.547,0.7469,3,0.9799,,0.700,0,4083.5
5877,4,131,edge-3,2,edge,500.0,0.1001,0.0100,47,3.602,0.7927,2,0.9761,,0.700,0,4083.5
5878,4,131,edge-3,2,edge,600.0,0.1000,0.0100,42,3.547,0.7478,2,0.9724,,0.700,0,4083.5
5879,4,131,edge-3,2,edge,700.0,0.1001,0.0100,47,3.842,0.7822,1,0.9686,,0.700,0,4083.5
5880,4,131,edge-3,2,edge,800.0,0.1000,0.0100,46,3.550,0.7549,0,0.9648,,0.700,0,4083.5
5881,4,131,edge-3,2,edge,900.0,0.1001,0.0100,47,3.454,0.7966,1,0.9610,,0.700,0,4083.5
5882,4,131,edge-3,2,edge,1000.0,0.1000,0.0100,46,3.449,0.7717,1,0.9572,,0.700,0,4083.5
5883,4,131,edge-3,2,edge,1100.0,0.1001,0.0100,37,3.585,0.7505,2,0.9534,,0.700,0,4083.5
5884,4,131,edge-3,2,edge,1200.0,0.1000,0.0100,37,3.630,0.7257,2,0.9496,,0.700,0,4083.5
5885,4,131,edge-3,2,edge,1300.0,0.1000,0.0100,42,3.680,0.7374,2,0.9458,,0.700,0,4083.5
5886,4,131,edge-3,2,edge,1400.0,0.1001,0.0100,35,3.405,0.7522,2,0.9420,,0.700,0,4083.5
5887,4,131,edge-3,2,edge,1500.0,0.1000,0.0100,46,3.706,0.7615,3,0.9382,,0.700,0,4083.5
5888,4,131,edge-3,2,edge,1600.0,0.1001,0.0100,39,3.491,0.7672,3,0.9344,,0.700,0,4083.5
5889,4,131,edge-3,2,edge,1700.0,0.1000,0.0100,46,3.536,0.7503,3,0.9306,,0.700,0,4083.5
5890,4,131,edge-3,2,edge,1800.0,0.1001,0.0100,42,3.623,0.7584,4,0.9269,,0.700,0,4083.5
5891,4,131,edge-3,2,edge,1900.0,0.1000,0.0100,44,3.451,0.7473,4,0.9231,,0.700,0,4083.5
5892,4,131,edge-3,2,edge,2000.0,0.1001,0.0100,47,3.537,0.7826,4,0.9193,,0.700,0,4083.5
5893,4,131,edge-3,2,edge,2100.0,0.1000,0.0100,42,3.482,0.7569,3,0.9155,,0.700,0,4083.5
5894,4,131,edge-3,2,edge,2200.0,0.1001,0.0100,37,3.407,0.7516,4,0.9117,,0.700,0,4083.5
5895,4,131,edge-3,2,edge,2300.0,0.1000,0.0100,43,3.738,0.7873,4,0.9079,,0.700,0,4083.5
5896,4,131,edge-3,2,edge,2400.0,0.1001,0.0100,47,3.743,0.7927,3,0.9041,,0.700,0,4083.5
5897,4,131,edge-3,2,edge,2500.0,0.1000,0.0100,42,3.688,0.7363,2,0.9003,,0.700,0,4083.5
5898,4,131,edge-3,2,edge,2600.0,0.1001,0.0100,38,3.643,0.7714,2,0.8965,,0.700,0,4083.5
5899,4,131,edge-3,2,edge,2700.0,0.1000,0.0100,37,3.638,0.7134,1,0.8927,,0.700,0,4083.5
5900,4,131,edge-3,2,edge,2800.0,0.1001,0.0100,38,3.643,0.7625,0,0.8889,,0.700,0,4083.5
5901,4,131,edge-3,2,edge,2900.0,0.1000,0.0100,46,3.738,0.7520,0,0.8851,,0.700,0,4083.5
5902,4,131,edge-3,2,edge,3000.0,0.1000,0.0100,34,3.428,0.7071,1,0.8814,,0.700,0,4083.5
5903,4,131,edge-3,2,edge,3100.0,0.1001,0.0100,47,3.583,0.7934,1,0.8776,,0.700,0,4083.5
5904,4,131,edge-3,2,edge,3200.0,0.1000,0.0100,37,3.478,0.7182,1,0.8738,,0.700,0,4083.5
5905,4,131,edge-3,2,edge,3300.0,0.1000,0.0100,32,3.328,0.6851,1,0.8700,,0.700,0,4083.5
5906,4,131,edge-3,2,edge,3400.0,0.1001,0.0100,47,3.564,0.7835,1,0.8662,,0.700,0,4083.5
5907,4,131,edge-3,2,edge,3500.0,0.1000,0.0100,40,3.290,0.7095,1,0.8624,,0.700,0,4083.5
5908,4,131,edge-3,2,edge,3600.0,0.1001,0.0100,43,3.345,0.7655,1,0.8586,,0.700,0,4083.5
5909,4,131,edge-3,2,edge,3700.0,0.1000,0.0100,43,3.610,0.7575,2,0.8548,,0.700,0,4083.5
5910,4,131,edge-3,2,edge,3800.0,0.1000,0.0100,46,3.386,0.7696,3,0.8510,,0.700,0,4083.5
5911,4,131,edge-3,2,edge,3900.0,0.1001,0.0100,43,3.821,0.7813,3,0.8472,,0.700,1,4083.5
5912,4,131,edge-3,2,edge,4000.0,0.1000,0.0100,42,3.816,0.7560,2,0.8434,,0.700,1,4083.5
5913,4,134,edge-4,2,edge,0.0,0.0000,0.0100,0,2.062,,1,1.0000,,0.700,0,
5914,4,134,edge-4,2,edge,100.0,0.0400,0.0100,8,2.462,0.8914,1,0.9911,,0.700,0,
5915,4,134,edge-4,2,edge,200.0,0.1000,0.0100,22,3.012,0.8015,1,0.9873,,0.700,0,
5916,4,134,edge-4,2,edge,300.0,0.1000,0.0100,23,2.965,0.8297,2,0.9836,,0.700,0,
5917,4,134,edge-4,2,edge,400.0,0.1000,0.0100,36,3.233,0.7222,3,0.9798,,0.700,0,
5918,4,134,edge-4,2,edge,500.0,0.1001,0.0100,43,3.338,0.7756,2,0.9760,,0.700,0,
5919,4,134,edge-4,2,edge,600.0,0.1000,0.0100,46,3.455,0.7642,3,0.9722,,0.700,0,
5920,4,134,edge-4,2,edge,700.0,0.1000,0.0100,46,3.534,0.7626,4,0.9684,,0.700,0,
5921,4,134,edge-4,2,edge,800.0,0.1001,0.0100,47,3.539,0.7945,3,0.9646,,0.700,0,
5922,4,134,edge-4,2,edge,900.0,0.1000,0.0100,37,3.434,0.7294,2,0.9608,,0.700,0,
5923,4,134,edge-4,2,edge,1000.0,0.1001,0.0100,38,3.556,0.7661,2,0.9570,,0.700,0,
5924,4,134,edge-4,2,edge,1100.0,0.1000,0.0100,34,3.501,0.7169,1,0.9532,,0.700,0,
5925,4,134,edge-4,2,edge,1200.0,0.1001,0.0100,35,3.506,0.7365,0,0.9494,,0.700,0,
5926,4,134,edge-4,2,edge,1300.0,0.1000,0.0100,46,3.651,0.7697,0,0.9456,,0.700,0,
5927,4,134,edge-4,2,edge,1400.0,0.1001,0.0100,38,3.556,0.7549,0,0.9418,,0.700,0,
5928,4,134,edge-4,2,edge,1500.0,0.1000,0.0100,44,3.734,0.7368,1,0.9381,,0.700,0,
5929,4,134,edge-4,2,edge,1600.0,0.1000,0.0100,37,3.445,0.7424,1,0.9343,,0.700,0,
5930,4,134,edge-4,2,edge,1700.0,0.1001,0.0100,38,3.450,0.8571,1,0.9152,,0.700,0,
5931,4,134,edge-4,2,edge,1800.0,0.1000,0.0100,42,3.495,0.8620,1,0.8962,,0.700,0,
5932,4,134,edge-4,2,edge,1900.0,0.1001,0.0100,46,3.757,0.9063,2,0.8771,,0.700,0,
5933,4,134,edge-4,2,edge,2000.0,0.1000,0.0100,37,3.702,0.8339,1,0.8581,,0.700,0,
5934,4,134,edge-4,2,edge,2100.0,0.1001,0.0100,43,3.757,0.8894,1,0.8390,,0.700,0,
5935,4,134,edge-4,2,edge,2200.0,0.1000,0.0100,46,3.802,0.8890,1,0.8200,,0.700,0,
5936,4,134,edge-4,2,edge,2300.0,0.1001,0.0100,38,3.707,0.8531,1,0.8009,,0.700,0,
5937,4,134,edge-4,2,edge,2400.0,0.1000,0.0100,46,3.802,0.8801,0,0.7819,,0.700,0,
5938,4,134,edge-4,2,edge,2500.0,0.1000,0.0100,46,3.802,0.8835,0,0.7628,,0.700,0,
5939,4,134,edge-4,2,edge,2600.0,0.1000,0.0100,46,3.802,0.8808,0,0.7438,,0.700,0,
5940,4,134,edge-4,2,edge,2700.0,0.1001,0.0100,43,3.757,0.8786,0,0.7247,,0.700,0,
5941,4,134,edge-4,2,edge,2800.0,0.1000,0.0100,42,3.397,0.8356,1,0.7057,,0.700,0,
5942,4,134,edge-4,2,edge,2900.0,0.1001,0.0100,38,3.465,0.8519,2,0.6866,,0.700,0,
5943,4,134,edge-4,2,edge,3000.0,0.1000,0.0100,46,3.605,0.8643,3,0.6676,,0.700,0,
5944,4,134,edge-4,2,edge,3100.0,0.1001,0.0100,43,3.560,0.8655,3,0.6486,,0.700,0,
5945,4,134,edge-4,2,edge,3200.0,0.1000,0.0100,37,3.505,0.8043,3,0.6295,,0.700,0,
5946,4,134,edge-4,2,edge,3300.0,0.1001,0.0100,43,3.388,0.8883,3,0.6105,,0.700,0,
5947,4,134,edge-4,2,edge,3400.0,0.1000,0.0100,32,3.183,0.7359,2,0.5914,,0.700,0,
5948,4,134,edge-4,2,edge,3500.0,0.1001,0.0100,47,3.438,0.9082,1,0.5724,,0.700,0,
5949,4,134,edge-4,2,edge,3600.0,0.1000,0.0100,46,3.433,0.8808,1,0.5533,,0.700,0,
5950,4,134,edge-4,2,edge,3700.0,0.1001,0.0100,34,3.238,0.7948,1,0.5343,,0.700,0,
5951,4,134,edge-4,2,edge,3800.0,0.1000,0.0100,42,3.491,0.8555,1,0.5152,,0.700,0,
5952,4,134,edge-4,2,edge,3900.0,0.1001,0.0100,38,3.446,0.8526,1,0.4962,,0.700,0,
5953,4,134,edge-4,2,edge,4000.0,0.1000,0.0100,42,3.491,0.8518,1,0.4771,,0.700,0,
5954,4,134,edge-4,2,edge,4100.0,0.1000,0.0100,44,3.508,0.8570,2,0.4581,,0.700,0,
5955,4,134,edge-4,2,edge,4200.0,0.1000,0.0100,46,3.542,0.8840,2,0.4390,,0.700,0,
5956,4,134,edge-4,2,edge,4300.0,0.1000,0.0100,43,3.650,0.8613,2,0.4200,,0.700,0,
5957,4,134,edge-4,2,edge,4400.0,0.1000,0.0100,34,3.500,0.7745,2,0.4009,,0.700,0,
5958,4,134,edge-4,2,edge,4500.0,0.1001,0.0100,43,3.605,0.8622,2,0.3819,,0.700,0,
5959,4,134,edge-4,2,edge,4600.0,0.1000,0.0100,44,3.661,0.8721,1,0.3628,,0.700,0,
5960,4,134,edge-4,2,edge,4700.0,0.1000,0.0100,43,3.476,0.8494,2,0.3438,,0.700,0,
5961,4,134,edge-4,2,edge,4800.0,0.1001,0.0100,42,3.514,0.8611,2,0.3247,,0.700,0,
5962,4,134,edge-4,2,edge,4900.0,0.1000,0.0100,42,3.490,0.8566,3,0.3057,,0.700,0,
5963,4,134,edge-4,2,edge,5000.0,0.1001,0.0100,48,3.520,0.9302,4,0.2866,,0.700,0,
5964,4,137,edge-5,2,edge,0.0,0.0000,0.0100,0,2.058,,1,1.0000,,0.700,0,
5965,4,137,edge-5,2,edge,100.0,0.0400,0.0100,6,2.358,0.6818,1,0.9911,,0.700,0,
5966,4,137,edge-5,2,edge,200.0,0.1000,0.0100,25,3.058,0.8318,1,0.9875,,0.700,0,
5967,4,137,edge-5,2,edge,300.0,0.1000,0.0100,30,3.258,0.8658,1,0.9837,,0.700,0,
5968,4,137,edge-5,2,edge,400.0,0.1000,0.0100,42,3.597,0.7449,1,0.9799,,0.700,0,
5969,4,137,edge-5,2,edge,500.0,0.1001,0.0100,33,3.562,0.7088,1,0.9761,,0.700,0,
5970,4,137,edge-5,2,edge,600.0,0.1000,0.0100,43,3.719,0.7579,2,0.9724,,0.700,0,
5971,4,137,edge-5,2,edge,700.0,0.1001,0.0100,42,3.417,0.7614,3,0.9686,,0.700,0,
5972,4,137,edge-5,2,edge,800.0,0.1000,0.0100,43,3.725,0.7730,4,0.9649,,0.700,0,
5973,4,137,edge-5,2,edge,900.0,0.1000,0.0100,42,3.675,0.7443,4,0.9611,,0.700,0,
5974,4,137,edge-5,2,edge,1000.0,0.1000,0.0100,42,3.675,0.7313,3,0.9574,,0.700,0,
5975,4,137,edge-5,2,edge,1100.0,0.1000,0.0100,40,3.629,0.7106,3,0.9536,,0.700,0,
5976,4,137,edge-5,2,edge,1200.0,0.1000,0.0100,44,3.706,0.7397,3,0.9498,,0.700,0,
5977,4,137,edge-5,2,edge,1300.0,0.1000,0.0100,46,3.756,0.7614,2,0.9460,,0.700,0,
5978,4,137,edge-5,2,edge,1400.0,0.1001,0.0100,43,3.765,0.7657,2,0.9422,,0.700,0,
5979,4,137,edge-5,2,edge,1500.0,0.1000,0.0100,38,3.437,0.7547,3,0.9384,,0.700,0,
5980,4,137,edge-5,2,edge,1600.0,0.1001,0.0100,47,3.492,0.7909,2,0.9346,,0.700,0,
5981,4,137,edge-5,2,edge,1700.0,0.1000,0.0100,42,3.437,0.7422,1,0.9308,,0.700,0,
5982,4,137,edge-5,2,edge,1800.0,0.1001,0.0100,38,3.392,0.7539,1,0.9241,,0.700,0,
5983,4,137,edge-5,2,edge,1900.0,0.1000,0.0100,34,3.337,0.7755,1,0.9051,,0.700,0,
5984,4,137,edge-5,2,edge,2000.0,0.1001,0.0100,47,3.492,0.8938,0,0.8860,,0.700,0,
5985,4,137,edge-5,2,edge,2100.0,0.1000,0.0100,37,3.387,0.8044,0,0.8670,,0.700,0,
5986,4,137,edge-5,2,edge,2200.0,0.1001,0.0100,49,3.591,0.8982,1,0.8479,,0.700,0,
5987,4,137,edge-5,2,edge,2300.0,0.1000,0.0100,38,3.446,0.8361,1,0.8289,,0.700,0,
5988,4,137,edge-5,2,edge,2400.0,0.1000,0.0100,37,3.441,0.8077,1,0.8098,,0.700,0,
5989,4,137,edge-5,2,edge,2500.0,0.1001,0.0100,35,3.396,0.8045,1,0.7908,,0.700,0,
5990,4,137,edge-5,2,edge,2600.0,0.1000,0.0100,36,3.391,0.8207,1,0.7717,,0.700,0,
5991,4,137,edge-5,2,edge,2700.0,0.1001,0.0100,43,3.496,0.8828,0,0.7527,,0.700,0,
5992,4,137,edge-5,2,edge,2800.0,0.1000,0.0100,35,3.538,0.8109,1,0.7336,,0.700,0,
5993,4,137,edge-5,2,edge,2900.0,0.1001,0.0100,46,3.406,0.9010,2,0.7146,,0.700,0,
5994,4,137,edge-5,2,edge,3000.0,0.1000,0.0100,46,3.430,0.8897,3,0.6955,,0.700,0,
5995,4,137,edge-5,2,edge,3100.0,0.1001,0.0100,42,3.553,0.8609,4,0.6765,,0.700,0,
5996,4,137,edge-5,2,edge,3200.0,0.1000,0.0100,42,3.358,0.8650,5,0.6574,,0.700,0,
5997,4,137,edge-5,2,edge,3300.0,0.1001,0.0100,43,3.587,0.8742,4,0.6384,,0.700,0,
5998,4,137,edge-5,2,edge,3400.0,0.1000,0.0100,42,3.582,0.8516,3,0.6194,,0.700,0,
5999,4,137,edge-5,2,edge,3500.0,0.1001,0.0100,38,3.537,0.8580,2,0.6003,,0.700,0,
6000,4,137,edge-5,2,edge,3600.0,0.1000,0.0100,46,3.632,0.8858,1,0.5813,,0.700,0,
6001,4,137,edge-5,2,edge,3700.0,0.1001,0.0100,47,3.540,0.8988,1,0.5622,,0.700,0,
6002,4,137,edge-5,2,edge,3800.0,0.1000,0.0100,42,3.485,0.8583,1,0.5432,,0.700,0,
6003,4,137,edge-5,2,edge,3900.0,0.1000,0.0100,34,3.385,0.8043,1,0.5241,,0.700,0,
6004,4,137,edge-5,2,edge,4000.0,0.1001,0.0100,43,3.490,0.8909,1,0.5051,,0.700,0,
6005,4,137,edge-5,2,edge,4100.0,0.1000,0.0100,42,3.485,0.8623,1,0.4860,,0.700,0,
6006,4,137,edge-5,2,edge,4200.0,0.1001,0.0100,43,3.490,0.8886,0,0.4670,,0.700,0,
6007,4,137,edge-5,2,edge,4300.0,0.1000,0.0100,42,3.485,0.8542,0,0.4479,,0.700,0,
6008,4,137,edge-5,2,edge,4400.0,0.1001,0.0100,47,3.540,0.9074,0,0.4289,,0.700,0,
6009,4,137,edge-5,2,edge,4500.0,0.1000,0.0100,42,3.417,0.8628,1,0.4098,,0.700,0,
6010,4,137,edge-5,2,edge,4600.0,0.1001,0.0100,42,3.594,0.8767,2,0.3908,,0.700,0,
6011,4,137,edge-5,2,edge,4700.0,0.1000,0.0100,37,3.348,0.8302,2,0.3717,,0.700,0,
6012,4,137,edge-5,2,edge,4800.0,0.1001,0.0100,38,3.594,0.8592,3,0.3527,,0.700,0,
6013,4,137,edge-5,2,edge,4900.0,0.1000,0.0100,37,3.589,0.8316,3,0.3336,,0.700,0,
6014,4,137,edge-5,2,edge,5000.0,0.1001,0.0100,43,3.388,0.8664,3,0.3146,,0.700,0,
6015,4,140,edge-6,2,edge,0.0,0.0000,0.0100,0,1.642,,1,1.0000,,0.700,0,
6016,4,140,edge-6,2,edge,100.0,0.0400,0.0100,8,2.042,0.8914,1,0.9911,,0.700,0,
6017,4,140,edge-6,2,edge,200.0,0.1000,0.0100,25,2.642,0.8318,1,0.9873,,0.700,0,
6018,4,140,edge-6,2,edge,300.0,0.1000,0.0100,27,2.792,0.8443,1,0.9836,,0.700,0,
6019,4,140,edge-6,2,edge,400.0,0.1001,0.0100,47,3.497,0.7970,1,0.9798,,0.700,0,
6020,4,140,edge-6,2,edge,500.0,0.1000,0.0100,37,3.538,0.7450,1,0.9760,,0.700,0,
6021,4,140,edge-6,2,edge,600.0,0.1001,0.0100,43,3.593,0.7840,1,0.9722,,0.700,0,
6022,4,140,edge-6,2,edge,700.0,0.1000,0.0100,37,3.538,0.7266,1,0.9684,,0.700,0,
6023,4,140,edge-6,2,edge,800.0,0.1001,0.0100,47,3.643,0.7849,1,0.9646,,0.700,0,
6024,4,140,edge-6,2,edge,900.0,0.1000,0.0100,46,3.638,0.7548,1,0.9608,,0.700,0,
6025,4,140,edge-6,2,edge,1000.0,0.1001,0.0100,43,3.593,0.7541,0,0.9570,,0.700,0,
6026,4,140,edge-6,2,edge,1100.0,0.1000,0.0100,46,3.638,0.7487,0,0.9532,,0.700,0,
6027,4,140,edge-6,2,edge,1200.0,0.1001,0.0100,37,3.493,0.7449,0,0.9494,,0.700,0,
6028,4,140,edge-6,2,edge,1300.0,0.1000,0.0100,46,3.638,0.7585,0,0.9456,,0.700,0,
6029,4,140,edge-6,2,edge,1400.0,0.1000,0.0100,47,3.591,0.7891,1,0.9418,,0.700,0,
6030,4,140,edge-6,2,edge,1500.0,0.1001,0.0100,38,3.446,0.7578,1,0.9381,,0.700,0,
6031,4,140,edge-6,2,edge,1600.0,0.1000,0.0100,46,3.541,0.7727,1,0.9343,,0.700,0,
6032,4,140,edge-6,2,edge,1700.0,0.1001,0.0100,43,3.496,0.7907,1,0.9305,,0.700,0,
6033,4,140,edge-6,2,edge,1800.0,0.1000,0.0100,40,3.569,0.7335,2,0.9267,,0.700,0,
6034,4,140,edge-6,2,edge,1900.0,0.1001,0.0100,48,3.515,0.8066,2,0.9229,,0.700,0,
6035,4,140,edge-6,2,edge,2000.0,0.1000,0.0100,37,3.661,0.7325,2,0.9191,,0.700,0,
6036,4,140,edge-6,2,edge,2100.0,0.1001,0.0100,38,3.666,0.7520,2,0.9153,,0.700,0,
6037,4,140,edge-6,2,edge,2200.0,0.1000,0.0100,37,3.344,0.7248,2,0.9115,,0.700,0,
6038,4,140,edge-6,2,edge,2300.0,0.1001,0.0100,46,3.572,0.7668,2,0.9077,,0.700,0,
6039,4,140,edge-6,2,edge,2400.0,0.1000,0.0100,44,3.598,0.7382,2,0.9039,,0.700,0,
6040,4,140,edge-6,2,edge,2500.0,0.1001,0.0100,43,3.381,0.7887,3,0.9001,,0.700,0,
6041,4,140,edge-6,2,edge,2600.0,0.1000,0.0100,42,3.457,0.7431,4,0.8963,,0.700,0,
6042,4,140,edge-6,2,edge,2700.0,0.1001,0.0100,42,3.565,0.7445,5,0.8926,,0.700,0,
6043,4,140,edge-6,2,edge,2800.0,0.1000,0.0100,46,3.660,0.7670,4,0.8888,,0.700,0,
6044,4,140,edge-6,2,edge,2900.0,0.1001,0.0100,38,3.272,0.7573,4,0.8850,,0.700,0,
6045,4,140,edge-6,2,edge,3000.0,0.1000,0.0100,37,3.578,0.7045,4,0.8812,,0.700,0,
6046,4,140,edge-6,2,edge,3100.0,0.1000,0.0100,37,3.455,0.7356,4,0.8774,,0.700,0,
6047,4,140,edge-6,2,edge,3200.0,0.1001,0.0100,46,3.640,0.7677,4,0.8736,,0.700,0,
6048,4,140,edge-6,2,edge,3300.0,0.1000,0.0100,42,3.635,0.7577,4,0.8698,,0.700,0,
6049,4,140,edge-6,2,edge,3400.0,0.1001,0.0100,47,3.489,0.7842,4,0.8660,,0.700,0,
6050,4,140,edge-6,2,edge,3500.0,0.1000,0.0100,33,3.349,0.6983,4,0.8622,,0.700,0,
6051,4,140,edge-6,2,edge,3600.0,0.1001,0.0100,43,3.438,0.7789,4,0.8584,,0.700,0,
6052,4,140,edge-6,2,edge,3700.0,0.1000,0.0100,34,3.333,0.6876,3,0.8546,,0.700,0,
6053,4,140,edge-6,2,edge,3800.0,0.1001,0.0100,47,3.488,0.7821,3,0.8508,,0.700,0,
6054,4,140,edge-6,2,edge,3900.0,0.1000,0.0100,44,3.570,0.7388,3,0.8471,,0.700,0,
6055,4,140,edge-6,2,edge,4000.0,0.1001,0.0100,43,3.575,0.7818,2,0.8433,,0.700,0,
6056,4,140,edge-6,2,edge,4100.0,0.1000,0.0100,46,3.620,0.7720,1,0.8395,,0.700,0,
6057,4,140,edge-6,2,edge,4200.0,0.1001,0.0100,47,3.625,0.7999,1,0.8357,,0.700,0,
6058,4,140,edge-6,2,edge,4300.0,0.1000,0.0100,42,3.388,0.7591,2,0.8319,,0.700,0,
6059,4,140,edge-6,2,edge,4400.0,0.1001,0.0100,47,3.559,0.7729,2,0.8281,,0.700,0,
6060,4,140,edge-6,2,edge,4500.0,0.1000,0.0100,44,3.415,0.7349,3,0.8243,,0.700,0,
6061,4,140,edge-6,2,edge,4600.0,0.1001,0.0100,44,3.755,0.8021,4,0.8205,,0.700,0,
6062,4,140,edge-6,2,edge,4700.0,0.1000,0.0100,46,3.750,0.7545,4,0.8167,,0.700,0,
6063,4,140,edge-6,2,edge,4800.0,0.1000,0.0100,37,3.650,0.7069,3,0.8129,,0.700,0,
6064,4,140,edge-6,2,edge,4900.0,0.1000,0.0100,42,3.700,0.7220,2,0.8091,,0.700,0,
6065,4,140,edge-6,2,edge,5000.0,0.1000,0.0100,37,3.650,0.7243,1,0.8054,,0.700,0,
6066,4,143,edge-7,2,edge,0.0,0.0000,0.0100,0,1.828,,1,1.0000,,0.700,0,
6067,4,143,edge-7,2,edge,100.0,0.0400,0.0100,8,2.228,0.8914,1,0.9911,,0.700,0,
6068,4,143,edge-7,2,edge,200.0,0.1000,0.0100,22,2.778,0.8015,1,0.9873,,0.700,0,
6069,4,143,edge-7,2,edge,300.0,0.1000,0.0100,21,3.112,0.7785,2,0.9836,,0.700,0,
6070,4,143,edge-7,2,edge,400.0,0.1000,0.0100,42,3.862,0.7514,2,0.9798,,0.700,0,
6071,4,143,edge-7,2,edge,500.0,0.1001,0.0100,43,3.867,0.7878,1,0.9760,,0.700,0,
6072,4,143,edge-7,2,edge,600.0,0.1000,0.0100,46,3.912,0.7623,1,0.9722,,0.700,0,
6073,4,143,edge-7,2,edge,700.0,0.1001,0.0100,43,3.867,0.7776,1,0.9684,,0.700,0,
6074,4,143,edge-7,2,edge,800.0,0.1000,0.0100,37,3.812,0.7165,0,0.9646,,0.700,0,
6075,4,143,edge-7,2,edge,900.0,0.1001,0.0100,47,3.917,0.7822,0,0.9608,,0.700,0,
6076,4,143,edge-7,2,edge,1000.0,0.1000,0.0100,46,3.555,0.7543,0,0.9570,,0.700,0,
6077,4,143,edge-7,2,edge,1100.0,0.1000,0.0100,37,3.455,0.7194,0,0.9532,,0.700,0,
6078,4,143,edge-7,2,edge,1200.0,0.1001,0.0100,38,3.460,0.7370,0,0.9494,,0.700,0,
6079,4,143,edge-7,2,edge,1300.0,0.1000,0.0100,42,3.505,0.7335,0,0.9456,,0.700,0,
6080,4,143,edge-7,2,edge,1400.0,0.1001,0.0100,46,3.639,0.7660,1,0.9418,,0.700,0,
6081,4,143,edge-7,2,edge,1500.0,0.1000,0.0100,46,3.684,0.7624,1,0.9381,,0.700,0,
6082,4,143,edge-7,2,edge,1600.0,0.1001,0.0100,48,3.556,0.8071,2,0.9343,,0.700,0,
6083,4,143,edge-7,2,edge,1700.0,0.1000,0.0100,42,3.451,0.7420,2,0.9305,,0.700,0,
6084,4,143,edge-7,2,edge,1800.0,0.1001,0.0100,42,3.608,0.7435,3,0.9267,,0.700,0,
6085,4,143,edge-7,2,edge,1900.0,0.1000,0.0100,46,3.703,0.7717,2,0.9229,,0.700,0,
6086,4,143,edge-7,2,edge,2000.0,0.1000,0.0100,42,3.653,0.7586,2,0.9191,,0.700,0,
6087,4,143,edge-7,2,edge,2100.0,0.1000,0.0100,33,3.469,0.6776,2,0.9153,,0.700,0,
6088,4,143,edge-7,2,edge,2200.0,0.1001,0.0100,38,3.574,0.7725,2,0.9115,,0.700,0,
6089,4,143,edge-7,2,edge,2300.0,0.1000,0.0100,37,3.569,0.7281,1,0.9077,,0.700,0,
6090,4,143,edge-7,2,edge,2400.0,0.1001,0.0100,43,3.624,0.7725,1,0.9039,,0.700,0,
6091,4,143,edge-7,2,edge,2500.0,0.1000,0.0100,46,3.426,0.7715,2,0.9001,,0.700,0,
6092,4,143,edge-7,2,edge,2600.0,0.1001,0.0100,34,3.231,0.7278,1,0.8963,,0.700,0,
6093,4,143,edge-7,2,edge,2700.0,0.1000,0.0100,46,3.426,0.7689,1,0.8926,,0.700,0,
6094,4,143,edge-7,2,edge,2800.0,0.1001,0.0100,47,3.705,0.7976,2,0.8888,,0.700,0,
6095,4,143,edge-7,2,edge,2900.0,0.1000,0.0100,46,3.700,0.7694,2,0.8850,,0.700,0,
6096,4,143,edge-7,2,edge,3000.0,0.1000,0.0100,42,3.416,0.7375,2,0.8812,,0.700,0,
6097,4,143,edge-7,2,edge,3100.0,0.1001,0.0100,38,3.617,0.7645,3,0.8774,,0.700,0,
6098,4,143,edge-7,2,edge,3200.0,0.1000,0.0100,42,3.359,0.7370,4,0.8736,,0.700,0,
6099,4,143,edge-7,2,edge,3300.0,0.1001,0.0100,43,3.502,0.7752,4,0.8698,,0.700,0,
6100,4,143,edge-7,2,edge,3400.0,0.1000,0.0100,44,3.713,0.7484,5,0.8660,,0.700,0,
6101,4,143,edge-7,2,edge,3500.0,0.1001,0.0100,38,3.323,0.7338,5,0.8622,,0.700,0,
6102,4,143,edge-7,2,edge,3600.0,0.1000,0.0100,37,3.318,0.7224,4,0.8584,,0.700,0,
6103,4,143,edge-7,2,edge,3700.0,0.1001,0.0100,38,3.461,0.7623,4,0.8546,,0.700,0,
6104,4,143,edge-7,2,edge,3800.0,0.1000,0.0100,42,3.561,0.7339,4,0.8509,,0.700,0,
6105,4,143,edge-7,2,edge,3900.0,0.1000,0.0100,46,3.581,0.7549,4,0.8471,,0.700,0,
6106,4,143,edge-7,2,edge,4000.0,0.1001,0.0100,43,3.536,0.7652,3,0.8433,,0.700,0,
6107,4,143,edge-7,2,edge,4100.0,0.1000,0.0100,37,3.481,0.7098,3,0.8395,,0.700,0,
6108,4,143,edge-7,2,edge,4200.0,0.1001,0.0100,47,3.423,0.7839,3,0.8357,,0.700,0,
6109,4,143,edge-7,2,edge,4300.0,0.1000,0.0100,37,3.318,0.7156,2,0.8319,,0.700,0,
6110,4,143,edge-7,2,edge,4400.0,0.1001,0.0100,43,3.373,0.7718,1,0.8281,,0.700,0,
6111,4,143,edge-7,2,edge,4500.0,0.1000,0.0100,42,3.368,0.7353,1,0.8243,,0.700,0,
6112,4,143,edge-7,2,edge,4600.0,0.1000,0.0100,44,3.368,0.7506,1,0.8205,,0.700,0,
6113,4,143,edge-7,2,edge,4700.0,0.1000,0.0100,46,3.418,0.7590,0,0.8167,,0.700,0,
6114,4,143,edge-7,2,edge,4800.0,0.1001,0.0100,47,3.423,0.7864,0,0.8129,,0.700,0,
6115,4,143,edge-7,2,edge,4900.0,0.1000,0.0100,42,3.368,0.7518,0,0.8091,,0.700,0,
6116,4,143,edge-7,2,edge,5000.0,0.1000,0.0100,42,3.368,0.7512,0,0.8054,,0.700,0,
6117,4,146,edge-8,2,edge,0.0,0.0000,0.0100,0,1.888,,1,1.0000,,0.700,0,3419.1
6118,4,146,edge-8,2,edge,100.0,0.0400,0.0100,7,2.238,0.8072,1,0.9911,,0.700,0,3419.1
6119,4,146,edge-8,2,edge,200.0,0.1000,0.0100,25,2.888,0.8318,1,0.9873,,0.700,0,3419.1
6120,4,146,edge-8,2,edge,300.0,0.1000,0.0100,27,3.038,0.8497,1,0.9836,,0.700,0,3419.1
6121,4,146,edge-8,2,edge,400.0,0.1000,0.0100,37,3.638,0.7109,1,0.9798,,0.700,0,3419.1
6122,4,146,edge-8,2,edge,500.0,0.1001,0.0100,42,3.483,0.7577,1,0.9760,,0.700,0,3419.1
6123,4,146,edge-8,2,edge,600.0,0.1000,0.0100,42,3.528,0.7480,1,0.9722,,0.700,0,3419.1
6124,4,146,edge-8,2,edge,700.0,0.1000,0.0100,46,3.578,0.7721,1,0.9684,,0.700,0,3419.1
6125,4,146,edge-8,2,edge,800.0,0.1000,0.0100,42,3.528,0.7513,1,0.9646,,0.700,0,3419.1
6126,4,146,edge-8,2,edge,900.0,0.1000,0.0100,42,3.509,0.7554,1,0.9608,,0.700,0,3419.1
6127,4,146,edge-8,2,edge,1000.0,0.1001,0.0100,47,3.395,0.7818,1,0.9570,,0.700,0,3419.1
6128,4,146,edge-8,2,edge,1100.0,0.1000,0.0100,37,3.290,0.7160,1,0.9532,,0.700,0,3419.1
6129,4,146,edge-8,2,edge,1200.0,0.1001,0.0100,38,3.515,0.8352,2,0.9373,,0.700,0,3419.1
6130,4,146,edge-8,2,edge,1300.0,0.1000,0.0100,44,3.336,0.8621,3,0.9182,,0.700,0,3419.1
6131,4,146,edge-8,2,edge,1400.0,0.1001,0.0100,38,3.771,0.8532,3,0.8992,,0.700,0,3419.1
6132,4,146,edge-8,2,edge,1500.0,0.1000,0.0100,37,3.766,0.8249,2,0.8801,,0.700,0,3419.1
6133,4,146,edge-8,2,edge,1600.0,0.1001,0.0100,43,3.821,0.8924,2,0.8611,,0.700,0,3419.1
6134,4,146,edge-8,2,edge,1700.0,0.1000,0.0100,38,3.789,0.8463,2,0.8420,,0.700,0,3419.1
6135,4,146,edge-8,2,edge,1800.0,0.1001,0.0100,47,3.844,0.9053,1,0.8230,,0.700,0,3419.1
6136,4,146,edge-8,2,edge,1900.0,0.1000,0.0100,44,3.561,0.8813,2,0.8039,,0.700,0,3419.1
6137,4,146,edge-8,2,edge,2000.0,0.1001,0.0100,47,3.616,0.9195,2,0.7849,,0.700,0,3419.1
6138,4,146,edge-8,2,edge,2100.0,0.1000,0.0100,37,3.511,0.8307,2,0.7658,,0.700,0,3419.1
6139,4,146,edge-8,2,edge,2200.0,0.1001,0.0100,43,3.566,0.8873,1,0.7468,,0.700,0,3419.1
6140,4,146,edge-8,2,edge,2300.0,0.1000,0.0100,46,3.611,0.8805,1,0.7277,,0.700,0,3419.1
6141,4,146,edge-8,2,edge,2400.0,0.1001,0.0100,46,3.611,0.8811,0,0.7087,,0.700,0,3419.1
6142,4,146,edge-8,2,edge,2500.0,0.1000,0.0100,47,3.641,0.9104,0,0.6896,,0.700,0,3419.1
6143,4,146,edge-8,2,edge,2600.0,0.1001,0.0100,42,3.511,0.8524,0,0.6706,,0.700,0,3419.1
6144,4,146,edge-8,2,edge,2700.0,0.1000,0.0100,38,3.466,0.8514,0,0.6515,,0.700,0,3419.1
6145,4,146,edge-8,2,edge,2800.0,0.1001,0.0100,46,3.561,0.8753,0,0.6325,,0.700,0,3419.1
6146,4,146,edge-8,2,edge,2900.0,0.1000,0.0100,34,3.346,0.7974,1,0.6135,,0.700,0,3419.1
6147,4,146,edge-8,2,edge,3000.0,0.1000,0.0100,42,3.614,0.8564,1,0.5944,,0.700,0,3419.1
6148,4,146,edge-8,2,edge,3100.0,0.1001,0.0100,35,3.500,0.8425,2,0.5754,,0.700,0,3419.1
6149,4,146,edge-8,2,edge,3200.0,0.1000,0.0100,36,3.253,0.8129,3,0.5563,,0.700,0,3419.1
6150,4,146,edge-8,2,edge,3300.0,0.1001,0.0100,44,3.604,0.9026,4,0.5373,,0.700,1,3419.1
6151,4,146,edge-8,2,edge,3400.0,0.1000,0.0100,46,3.495,0.8644,4,0.5182,,0.700,1,3419.1
6152,4,149,edge-9,2,edge,0.0,0.0000,0.0100,0,2.062,,1,1.0000,,0.700,0,4619.9
6153,4,149,edge-9,2,edge,100.0,0.0400,0.0100,7,2.412,0.7980,1,0.9911,,0.700,0,4619.9
6154,4,149,edge-9,2,edge,200.0,0.1000,0.0100,19,2.962,0.7671,1,0.9875,,0.700,0,4619.9
6155,4,149,edge-9,2,edge,300.0,0.1000,0.0100,23,2.965,0.8304,2,0.9837,,0.700,0,4619.9
6156,4,149,edge-9,2,edge,400.0,0.1000,0.0100,44,3.333,0.7457,3,0.9799,,0.700,0,4619.9
6157,4,149,edge-9,2,edge,500.0,0.1001,0.0100,43,3.338,0.7812,2,0.9761,,0.700,0,4619.9
6158,4,149,edge-9,2,edge,600.0,0.1000,0.0100,46,3.455,0.7645,3,0.9725,,0.700,0,4619.9
6159,4,149,edge-9,2,edge,700.0,0.1000,0.0100,46,3.534,0.7634,4,0.9687,,0.700,0,4619.9
6160,4,149,edge-9,2,edge,800.0,0.1001,0.0100,34,3.339,0.7309,3,0.9649,,0.700,0,4619.9
6161,4,149,edge-9,2,edge,900.0,0.1000,0.0100,42,3.484,0.7583,2,0.9611,,0.700,0,4619.9
6162,4,149,edge-9,2,edge,1000.0,0.1001,0.0100,47,3.656,0.7991,2,0.9574,,0.700,0,4619.9
6163,4,149,edge-9,2,edge,1100.0,0.1000,0.0100,46,3.651,0.7740,1,0.9536,,0.700,0,4619.9
6164,4,149,edge-9,2,edge,1200.0,0.1000,0.0100,42,3.601,0.7570,0,0.9498,,0.700,0,4619.9
6165,4,149,edge-9,2,edge,1300.0,0.1000,0.0100,46,3.651,0.7695,0,0.9460,,0.700,0,4619.9
6166,4,149,edge-9,2,edge,1400.0,0.1001,0.0100,43,3.606,0.7913,0,0.9422,,0.700,0,4619.9
6167,4,149,edge-9,2,edge,1500.0,0.1000,0.0100,40,3.684,0.7195,1,0.9384,,0.700,0,4619.9
6168,4,149,edge-9,2,edge,1600.0,0.1000,0.0100,37,3.445,0.7117,1,0.9346,,0.700,0,4619.9
6169,4,149,edge-9,2,edge,1700.0,0.1000,0.0100,37,3.445,0.7332,1,0.9308,,0.700,0,4619.9
6170,4,149,edge-9,2,edge,1800.0,0.1000,0.0100,46,3.545,0.7668,1,0.9270,,0.700,0,4619.9
6171,4,149,edge-9,2,edge,1900.0,0.1000,0.0100,44,3.752,0.7382,2,0.9232,,0.700,0,4619.9
6172,4,149,edge-9,2,edge,2000.0,0.1000,0.0100,46,3.802,0.7718,1,0.9194,,0.700,0,4619.9
6173,4,149,edge-9,2,edge,2100.0,0.1001,0.0100,47,3.807,0.7990,1,0.9157,,0.700,0,4619.9
6174,4,149,edge-9,2,edge,2200.0,0.1000,0.0100,42,3.752,0.7657,1,0.9119,,0.700,0,4619.9
6175,4,149,edge-9,2,edge,2300.0,0.1001,0.0100,43,3.757,0.7700,1,0.9081,,0.700,0,4619.9
6176,4,149,edge-9,2,edge,2400.0,0.1000,0.0100,42,3.752,0.7640,0,0.9043,,0.700,0,4619.9
6177,4,149,edge-9,2,edge,2500.0,0.1001,0.0100,47,3.807,0.7969,0,0.9005,,0.700,0,4619.9
6178,4,149,edge-9,2,edge,2600.0,0.1000,0.0100,42,3.752,0.7372,0,0.8967,,0.700,0,4619.9
6179,4,149,edge-9,2,edge,2700.0,0.1001,0.0100,43,3.757,0.7650,0,0.8929,,0.700,0,4619.9
6180,4,149,edge-9,2,edge,2800.0,0.1000,0.0100,37,3.347,0.7061,1,0.8891,,0.700,0,4619.9
6181,4,149,edge-9,2,edge,2900.0,0.1001,0.0100,47,3.565,0.7976,2,0.8853,,0.700,0,4619.9
6182,4,149,edge-9,2,edge,3000.0,0.1000,0.0100,46,3.605,0.7550,3,0.8815,,0.700,0,4619.9
6183,4,149,edge-9,2,edge,3100.0,0.1001,0.0100,47,3.610,0.7817,3,0.8777,,0.700,0,4619.9
6184,4,149,edge-9,2,edge,3200.0,0.1000,0.0100,42,3.555,0.7370,3,0.8739,,0.700,0,4619.9
6185,4,149,edge-9,2,edge,3300.0,0.1001,0.0100,43,3.388,0.8318,3,0.8642,,0.700,0,4619.9
6186,4,149,edge-9,2,edge,3400.0,0.1000,0.0100,42,3.383,0.8584,2,0.8451,,0.700,0,4619.9
6187,4,149,edge-9,2,edge,3500.0,0.1001,0.0100,47,3.438,0.9077,1,0.8261,,0.700,0,4619.9
6188,4,149,edge-9,2,edge,3600.0,0.1000,0.0100,46,3.433,0.8815,1,0.8070,,0.700,0,4619.9
6189,4,149,edge-9,2,edge,3700.0,0.1000,0.0100,46,3.433,0.8821,1,0.7880,,0.700,0,4619.9
6190,4,149,edge-9,2,edge,3800.0,0.1000,0.0100,46,3.541,0.8838,1,0.7689,,0.700,0,4619.9
6191,4,149,edge-9,2,edge,3900.0,0.1001,0.0100,37,3.441,0.8231,1,0.7499,,0.700,0,4619.9
6192,4,149,edge-9,2,edge,4000.0,0.1000,0.0100,38,3.446,0.8505,1,0.7308,,0.700,0,4619.9
6193,4,149,edge-9,2,edge,4100.0,0.1001,0.0100,42,3.463,0.8563,2,0.7118,,0.700,0,4619.9
6194,4,149,edge-9,2,edge,4200.0,0.1000,0.0100,37,3.442,0.8281,2,0.6927,,0.700,0,4619.9
6195,4,149,edge-9,2,edge,4300.0,0.1001,0.0100,47,3.700,0.8887,2,0.6737,,0.700,0,4619.9
6196,4,149,edge-9,2,edge,4400.0,0.1000,0.0100,38,3.555,0.8337,2,0.6546,,0.700,0,4619.9
6197,4,149,edge-9,2,edge,4500.0,0.1001,0.0100,40,3.550,0.8507,2,0.6356,,0.700,1,4619.9
6198,4,149,edge-9,2,edge,4600.0,0.1000,0.0100,38,3.616,0.8531,1,0.6165,,0.700,1,4619.9
6199,4,152,edge-10,2,edge,0.0,0.0000,0.0100,0,2.058,,1,1.0000,,0.700,0,
6200,4,152,edge-10,2,edge,100.0,0.0400,0.0100,8,2.458,0.8914,1,0.9911,,0.700,0,
6201,4,152,edge-10,2,edge,200.0,0.1000,0.0100,19,2.958,0.7642,1,0.9873,,0.700,0,
6202,4,152,edge-10,2,edge,300.0,0.1000,0.0100,27,2.947,0.8459,1,0.9837,,0.700,0,
6203,4,152,edge-10,2,edge,400.0,0.1000,0.0100,42,3.757,0.7309,2,0.9799,,0.700,0,
6204,4,152,edge-10,2,edge,500.0,0.1001,0.0100,47,3.724,0.7971,2,0.9761,,0.700,0,
6205,4,152,edge-10,2,edge,600.0,0.1000,0.0100,44,3.462,0.7343,3,0.9724,,0.700,0,
6206,4,152,edge-10,2,edge,700.0,0.1000,0.0100,35,3.625,0.7301,4,0.9686,,0.700,0,
6207,4,152,edge-10,2,edge,800.0,0.1001,0.0100,47,3.730,0.7812,4,0.9648,,0.700,0,
6208,4,152,edge-10,2,edge,900.0,0.1000,0.0100,37,3.625,0.7021,3,0.9610,,0.700,0,
6209,4,152,edge-10,2,edge,1000.0,0.1001,0.0100,46,3.684,0.7671,3,0.9572,,0.700,0,
6210,4,152,edge-10,2,edge,1100.0,0.1000,0.0100,42,3.706,0.7501,3,0.9534,,0.700,0,
6211,4,152,edge-10,2,edge,1200.0,0.1001,0.0100,35,3.611,0.7535,2,0.9496,,0.700,0,
6212,4,152,edge-10,2,edge,1300.0,0.1000,0.0100,42,3.760,0.7540,2,0.9458,,0.700,0,
6213,4,152,edge-10,2,edge,1400.0,0.1001,0.0100,44,3.492,0.8111,3,0.9420,,0.700,0,
6214,4,152,edge-10,2,edge,1500.0,0.1000,0.0100,46,3.487,0.7687,2,0.9382,,0.700,0,
6215,4,152,edge-10,2,edge,1600.0,0.1001,0.0100,47,3.492,0.7925,1,0.9344,,0.700,0,
6216,4,152,edge-10,2,edge,1700.0,0.1000,0.0100,42,3.437,0.7391,1,0.9306,,0.700,0,
6217,4,152,edge-10,2,edge,1800.0,0.1001,0.0100,34,3.292,0.7255,1,0.9269,,0.700,0,
6218,4,152,edge-10,2,edge,1900.0,0.1000,0.0100,37,3.387,0.7166,0,0.9231,,0.700,0,
6219,4,152,edge-10,2,edge,2000.0,0.1001,0.0100,47,3.492,0.7811,0,0.9193,,0.700,0,
6220,4,152,edge-10,2,edge,2100.0,0.1000,0.0100,46,3.541,0.7603,1,0.9155,,0.700,0,
6221,4,152,edge-10,2,edge,2200.0,0.1000,0.0100,46,3.541,0.7598,1,0.9117,,0.700,0,
6222,4,152,edge-10,2,edge,2300.0,0.1001,0.0100,47,3.546,0.7820,1,0.9079,,0.700,0,
6223,4,152,edge-10,2,edge,2400.0,0.1000,0.0100,46,3.541,0.7531,1,0.9041,,0.700,0,
6224,4,152,edge-10,2,edge,2500.0,0.1001,0.0100,38,3.446,0.7570,1,0.9003,,0.700,0,
6225,4,152,edge-10,2,edge,2600.0,0.1000,0.0100,37,3.441,0.7081,0,0.8965,,0.700,0,
6226,4,152,edge-10,2,edge,2700.0,0.1000,0.0100,42,3.588,0.7503,1,0.8927,,0.700,0,
6227,4,152,edge-10,2,edge,2800.0,0.1000,0.0100,42,3.401,0.7334,2,0.8889,,0.700,0,
6228,4,152,edge-10,2,edge,2900.0,0.1001,0.0100,42,3.335,0.7411,3,0.8851,,0.700,0,
6229,4,152,edge-10,2,edge,3000.0,0.1000,0.0100,42,3.598,0.7414,4,0.8814,,0.700,0,
6230,4,152,edge-10,2,edge,3100.0,0.1001,0.0100,44,3.413,0.7874,5,0.8776,,0.700,0,
6231,4,152,edge-10,2,edge,3200.0,0.1000,0.0100,36,3.482,0.7330,4,0.8738,,0.700,0,
6232,4,152,edge-10,2,edge,3300.0,0.1000,0.0100,46,3.632,0.7578,3,0.8700,,0.700,0,
6233,4,152,edge-10,2,edge,3400.0,0.1000,0.0100,46,3.632,0.7609,2,0.8662,,0.700,0,
6234,4,152,edge-10,2,edge,3500.0,0.1001,0.0100,43,3.587,0.7701,1,0.8624,,0.700,0,
6235,4,152,edge-10,2,edge,3600.0,0.1000,0.0100,46,3.535,0.7660,1,0.8586,,0.700,0,
6236,4,152,edge-10,2,edge,3700.0,0.1001,0.0100,47,3.540,0.7888,1,0.8548,,0.700,0,
6237,4,152,edge-10,2,edge,3800.0,0.1000,0.0100,37,3.435,0.7271,1,0.8510,,0.700,0,
6238,4,152,edge-10,2,edge,3900.0,0.1001,0.0100,43,3.490,0.7728,1,0.8472,,0.700,0,
6239,4,152,edge-10,2,edge,4000.0,0.1000,0.0100,46,3.535,0.7674,1,0.8434,,0.700,0,
6240,4,152,edge-10,2,edge,4100.0,0.1001,0.0100,43,3.490,0.8346,0,0.8337,,0.700,0,
6241,4,152,edge-10,2,edge,4200.0,0.1000,0.0100,42,3.485,0.8600,0,0.8146,,0.700,0,
6242,4,152,edge-10,2,edge,4300.0,0.1001,0.0100,43,3.490,0.8839,0,0.7956,,0.700,0,
6243,4,152,edge-10,2,edge,4400.0,0.1000,0.0100,36,3.317,0.8185,1,0.7765,,0.700,0,
6244,4,152,edge-10,2,edge,4500.0,0.1000,0.0100,42,3.639,0.8334,2,0.7575,,0.700,0,
6245,4,152,edge-10,2,edge,4600.0,0.1000,0.0100,42,3.398,0.8332,2,0.7384,,0.700,0,
6246,4,152,edge-10,2,edge,4700.0,0.1001,0.0100,46,3.644,0.8921,3,0.7194,,0.700,0,
6247,4,152,edge-10,2,edge,4800.0,0.1000,0.0100,46,3.689,0.8878,3,0.7003,,0.700,0,
6248,4,152,edge-10,2,edge,4900.0,0.1001,0.0100,43,3.433,0.8542,3,0.6813,,0.700,0,
6249,4,152,edge-10,2,edge,5000.0,0.1000,0.0100,34,3.443,0.7931,3,0.6622,,0.700,0,
6250,4,155,edge-11,2,edge,0.0,0.0000,0.0100,0,1.701,,1,1.0000,,0.700,0,
6251,4,155,edge-11,2,edge,100.0,0.0400,0.0100,8,2.101,0.8914,1,0.9911,,0.700,0,
6252,4,155,edge-11,2,edge,200.0,0.1000,0.0100,19,2.605,0.7671,2,0.9873,,0.700,0,
6253,4,155,edge-11,2,edge,300.0,0.1000,0.0100,30,2.900,0.8561,3,0.9836,,0.700,0,
6254,4,155,edge-11,2,edge,400.0,0.1001,0.0100,47,3.535,0.8023,4,0.9798,,0.700,0,
6255,4,155,edge-11,2,edge,500.0,0.1000,0.0100,42,3.356,0.7528,4,0.9760,,0.700,0,
6256,4,155,edge-11,2,edge,600.0,0.1001,0.0100,46,3.526,0.7805,5,0.9722,,0.700,0,
6257,4,155,edge-11,2,edge,700.0,0.1000,0.0100,34,3.374,0.7074,5,0.9684,,0.700,0,
6258,4,155,edge-11,2,edge,800.0,0.1001,0.0100,35,3.379,0.7476,4,0.9646,,0.700,0,
6259,4,155,edge-11,2,edge,900.0,0.1000,0.0100,42,3.474,0.7497,3,0.9608,,0.700,0,
6260,4,155,edge-11,2,edge,1000.0,0.1000,0.0100,37,3.446,0.7407,3,0.9570,,0.700,0,
6261,4,155,edge-11,2,edge,1100.0,0.1001,0.0100,38,3.451,0.7639,2,0.9532,,0.700,0,
6262,4,155,edge-11,2,edge,1200.0,0.1001,0.0100,33,3.346,0.7075,1,0.9481,,0.700,0,
6263,4,155,edge-11,2,edge,1300.0,0.1000,0.0100,46,3.447,0.8997,2,0.9290,,0.700,0,
6264,4,155,edge-11,2,edge,1400.0,0.1000,0.0100,42,3.442,0.8499,2,0.9100,,0.700,0,
6265,4,155,edge-11,2,edge,1500.0,0.1001,0.0100,47,3.497,0.9074,1,0.8909,,0.700,0,
6266,4,155,edge-11,2,edge,1600.0,0.1000,0.0100,46,3.492,0.8859,1,0.8719,,0.700,0,
6267,4,155,edge-11,2,edge,1700.0,0.1000,0.0100,46,3.492,0.8891,1,0.8528,,0.700,0,
6268,4,155,edge-11,2,edge,1800.0,0.1000,0.0100,32,3.242,0.7383,0,0.8338,,0.700,0,
6269,4,155,edge-11,2,edge,1900.0,0.1001,0.0100,38,3.397,0.8644,0,0.8147,,0.700,0,
6270,4,155,edge-11,2,edge,2000.0,0.1000,0.0100,46,3.638,0.8896,1,0.7957,,0.700,0,
6271,4,155,edge-11,2,edge,2100.0,0.1001,0.0100,43,3.593,0.8889,1,0.7766,,0.700,0,
6272,4,155,edge-11,2,edge,2200.0,0.1000,0.0100,46,3.638,0.8815,1,0.7576,,0.700,0,
6273,4,155,edge-11,2,edge,2300.0,0.1000,0.0100,42,3.588,0.8520,1,0.7385,,0.700,0,
6274,4,155,edge-11,2,edge,2400.0,0.1000,0.0100,42,3.588,0.8546,1,0.7195,,0.700,0,
6275,4,155,edge-11,2,edge,2500.0,0.1001,0.0100,43,3.593,0.8812,0,0.7004,,0.700,0,
6276,4,155,edge-11,2,edge,2600.0,0.1000,0.0100,42,3.588,0.8496,0,0.6814,,0.700,0,
6277,4,155,edge-11,2,edge,2700.0,0.1001,0.0100,49,3.688,0.9029,0,0.6623,,0.700,0,
6278,4,155,edge-11,2,edge,2800.0,0.1000,0.0100,38,3.543,0.8383,0,0.6433,,0.700,0,
6279,4,155,edge-11,2,edge,2900.0,0.1001,0.0100,36,3.391,0.7969,1,0.6242,,0.700,0,
6280,4,155,edge-11,2,edge,3000.0,0.1000,0.0100,38,3.446,0.8564,1,0.6052,,0.700,0,
6281,4,155,edge-11,2,edge,3100.0,0.1000,0.0100,46,3.541,0.8848,1,0.5862,,0.700,0,
6282,4,155,edge-11,2,edge,3200.0,0.1001,0.0100,35,3.396,0.8339,1,0.5671,,0.700,0,
6283,4,155,edge-11,2,edge,3300.0,0.1000,0.0100,37,3.569,0.8179,2,0.5481,,0.700,0,
6284,4,155,edge-11,2,edge,3400.0,0.1001,0.0100,42,3.365,0.8768,2,0.5290,,0.700,0,
6285,4,155,edge-11,2,edge,3500.0,0.1000,0.0100,46,3.761,0.8910,2,0.5100,,0.700,0,
6286,4,155,edge-11,2,edge,3600.0,0.1001,0.0100,43,3.716,0.8884,2,0.4909,,0.700,0,
6287,4,155,edge-11,2,edge,3700.0,0.1000,0.0100,42,3.394,0.8601,2,0.4719,,0.700,0,
6288,4,155,edge-11,2,edge,3800.0,0.1001,0.0100,42,3.522,0.8711,2,0.4528,,0.700,0,
6289,4,155,edge-11,2,edge,3900.0,0.1000,0.0100,42,3.598,0.8598,2,0.4338,,0.700,0,
6290,4,155,edge-11,2,edge,4000.0,0.1001,0.0100,47,3.476,0.9090,3,0.4147,,0.700,0,
6291,4,155,edge-11,2,edge,4100.0,0.1000,0.0100,42,3.412,0.8561,4,0.3957,,0.700,0,
6292,4,155,edge-11,2,edge,4200.0,0.1000,0.0100,42,3.610,0.8684,5,0.3766,,0.700,0,
6293,4,155,edge-11,2,edge,4300.0,0.1001,0.0100,47,3.665,0.9094,4,0.3576,,0.700,0,
6294,4,155,edge-11,2,edge,4400.0,0.1000,0.0100,47,3.417,0.9010,4,0.3385,,0.700,0,
6295,4,155,edge-11,2,edge,4500.0,0.1001,0.0100,43,3.633,0.8756,4,0.3195,,0.700,0,
6296,4,155,edge-11,2,edge,4600.0,0.1000,0.0100,40,3.455,0.8353,4,0.3004,,0.700,0,
6297,4,155,edge-11,2,edge,4700.0,0.1001,0.0100,47,3.690,0.9162,4,0.2814,,0.700,0,
6298,4,155,edge-11,2,edge,4800.0,0.1000,0.0100,42,3.635,0.8524,4,0.2623,,0.700,0,
6299,4,155,edge-11,2,edge,4900.0,0.1001,0.0100,39,3.439,0.8751,4,0.2433,,0.700,0,
6300,4,155,edge-11,2,edge,5000.0,0.1000,0.0100,36,3.399,0.8047,4,0.2242,,0.700,0,
6301,4,158,edge-12,2,edge,0.0,0.0000,0.0100,0,1.828,,1,1.0000,,0.700,0,
6302,4,158,edge-12,2,edge,100.0,0.0400,0.0100,8,2.228,0.8914,1,0.9911,,0.700,0,
6303,4,158,edge-12,2,edge,200.0,0.1000,0.0100,22,3.012,0.8015,2,0.9873,,0.700,0,
6304,4,158,edge-12,2,edge,300.0,0.1000,0.0100,30,3.262,0.8668,2,0.9836,,0.700,0,
6305,4,158,edge-12,2,edge,400.0,0.1000,0.0100,34,3.762,0.7324,2,0.9798,,0.700,0,
6306,4,158,edge-12,2,edge,500.0,0.1001,0.0100,38,3.817,0.7602,1,0.9760,,0.700,0,
6307,4,158,edge-12,2,edge,600.0,0.1000,0.0100,42,3.862,0.7410,1,0.9722,,0.700,0,
6308,4,158,edge-12,2,edge,700.0,0.1001,0.0100,38,3.817,0.7535,0,0.9684,,0.700,0,
6309,4,158,edge-12,2,edge,800.0,0.1000,0.0100,37,3.812,0.7212,0,0.9646,,0.700,0,
6310,4,158,edge-12,2,edge,900.0,0.1000,0.0100,46,3.555,0.7612,0,0.9608,,0.700,0,
6311,4,158,edge-12,2,edge,1000.0,0.1001,0.0100,43,3.510,0.7757,0,0.9570,,0.700,0,
6312,4,158,edge-12,2,edge,1100.0,0.1000,0.0100,46,3.555,0.7533,0,0.9532,,0.700,0,
6313,4,158,edge-12,2,edge,1200.0,0.1001,0.0100,43,3.510,0.7729,0,0.9494,,0.700,0,
6314,4,158,edge-12,2,edge,1300.0,0.1000,0.0100,44,3.634,0.7456,1,0.9456,,0.700,0,
6315,4,158,edge-12,2,edge,1400.0,0.1001,0.0100,43,3.639,0.7668,1,0.9418,,0.700,0,
6316,4,158,edge-12,2,edge,1500.0,0.1000,0.0100,47,3.551,0.7807,2,0.9381,,0.700,0,
6317,4,158,edge-12,2,edge,1600.0,0.1001,0.0100,35,3.356,0.7220,2,0.9343,,0.700,0,
6318,4,158,edge-12,2,edge,1700.0,0.1000,0.0100,44,3.653,0.7392,3,0.9305,,0.700,0,
6319,4,158,edge-12,2,edge,1800.0,0.1000,0.0100,46,3.703,0.7677,2,0.9267,,0.700,0,
6320,4,158,edge-12,2,edge,1900.0,0.1001,0.0100,47,3.708,0.7998,2,0.9229,,0.700,0,
6321,4,158,edge-12,2,edge,2000.0,0.1000,0.0100,32,3.419,0.6704,2,0.9191,,0.700,0,
6322,4,158,edge-12,2,edge,2100.0,0.1000,0.0100,34,3.519,0.7061,2,0.9153,,0.700,0,
6323,4,158,edge-12,2,edge,2200.0,0.1000,0.0100,42,3.619,0.7489,1,0.9115,,0.700,0,
6324,4,158,edge-12,2,edge,2300.0,0.1001,0.0100,38,3.574,0.7668,1,0.9077,,0.700,0,
6325,4,158,edge-12,2,edge,2400.0,0.1000,0.0100,43,3.426,0.7870,2,0.9039,,0.700,0,
6326,4,158,edge-12,2,edge,2500.0,0.1001,0.0100,43,3.381,0.7899,1,0.9001,,0.700,0,
6327,4,158,edge-12,2,edge,2600.0,0.1000,0.0100,46,3.426,0.7732,1,0.8964,,0.700,0,
6328,4,158,edge-12,2,edge,2700.0,0.1001,0.0100,47,3.705,0.7965,2,0.8926,,0.700,0,
6329,4,158,edge-12,2,edge,2800.0,0.1000,0.0100,42,3.650,0.7590,2,0.8888,,0.700,0,
6330,4,158,edge-12,2,edge,2900.0,0.1001,0.0100,38,3.371,0.7701,2,0.8850,,0.700,0,
6331,4,158,edge-12,2,edge,3000.0,0.1000,0.0100,46,3.712,0.7722,3,0.8812,,0.700,0,
6332,4,158,edge-12,2,edge,3100.0,0.1001,0.0100,47,3.414,0.7888,4,0.8774,,0.700,0,
6333,4,158,edge-12,2,edge,3200.0,0.1000,0.0100,36,3.397,0.7159,4,0.8736,,0.700,0,
6334,4,158,edge-12,2,edge,3300.0,0.1001,0.0100,38,3.668,0.7540,5,0.8698,,0.700,0,
6335,4,158,edge-12,2,edge,3400.0,0.1000,0.0100,44,3.368,0.7377,5,0.8660,,0.700,0,
6336,4,158,edge-12,2,edge,3500.0,0.1001,0.0100,43,3.373,0.7804,4,0.8622,,0.700,0,
6337,4,158,edge-12,2,edge,3600.0,0.1000,0.0100,46,3.556,0.7637,4,0.8584,,0.700,0,
6338,4,158,edge-12,2,edge,3700.0,0.1001,0.0100,43,3.566,0.7740,4,0.8546,,0.700,0,
6339,4,158,edge-12,2,edge,3800.0,0.1000,0.0100,37,3.481,0.7209,4,0.8510,,0.700,0,
6340,4,158,edge-12,2,edge,3900.0,0.1000,0.0100,46,3.581,0.7547,3,0.8472,,0.700,0,
6341,4,158,edge-12,2,edge,4000.0,0.1001,0.0100,47,3.586,0.7810,3,0.8434,,0.700,0,
6342,4,158,edge-12,2,edge,4100.0,0.1000,0.0100,37,3.318,0.7213,3,0.8396,,0.700,0,
6343,4,158,edge-12,2,edge,4200.0,0.1001,0.0100,43,3.373,0.7615,2,0.8359,,0.700,0,
6344,4,158,edge-12,2,edge,4300.0,0.1000,0.0100,42,3.368,0.7389,1,0.8321,,0.700,0,
6345,4,158,edge-12,2,edge,4400.0,0.1001,0.0100,38,3.323,0.7632,1,0.8283,,0.700,0,
6346,4,158,edge-12,2,edge,4500.0,0.1000,0.0100,42,3.368,0.7200,1,0.8245,,0.700,0,
6347,4,158,edge-12,2,edge,4600.0,0.1001,0.0100,34,3.223,0.7355,0,0.8207,,0.700,0,
6348,4,158,edge-12,2,edge,4700.0,0.1000,0.0100,46,3.418,0.7582,0,0.8169,,0.700,0,
6349,4,158,edge-12,2,edge,4800.0,0.1001,0.0100,38,3.323,0.7729,0,0.8131,,0.700,0,
6350,4,158,edge-12,2,edge,4900.0,0.1000,0.0100,42,3.368,0.7532,0,0.8093,,0.700,0,
6351,4,158,edge-12,2,edge,5000.0,0.1001,0.0100,43,3.373,0.7843,0,0.8055,,0.700,0,
6352,4,161,edge-13,2,edge,0.0,0.0000,0.0100,0,1.739,,1,1.0000,,0.700,0,2568.8
6353,4,161,edge-13,2,edge,100.0,0.0400,0.0100,7,2.089,0.7980,1,0.9911,,0.700,0,2568.8
6354,4,161,edge-13,2,edge,200.0,0.1000,0.0100,22,2.964,0.8015,1,0.9875,,0.700,0,2568.8
6355,4,161,edge-13,2,edge,300.0,0.1000,0.0100,23,3.114,0.8160,1,0.9837,,0.700,0,2568.8
6356,4,161,edge-13,2,edge,400.0,0.1001,0.0100,47,3.869,0.7932,1,0.9799,,0.700,0,2568.8
6357,4,161,edge-13,2,edge,500.0,0.1000,0.0100,42,3.814,0.7504,0,0.9761,,0.700,0,2568.8
6358,4,161,edge-13,2,edge,600.0,0.1001,0.0100,38,3.769,0.7532,0,0.9723,,0.700,0,2568.8
6359,4,161,edge-13,2,edge,700.0,0.1000,0.0100,46,3.864,0.7548,0,0.9686,,0.700,0,2568.8
6360,4,161,edge-13,2,edge,800.0,0.1000,0.0100,44,3.821,0.7380,1,0.9648,,0.700,0,2568.8
6361,4,161,edge-13,2,edge,900.0,0.1001,0.0100,43,3.826,0.8904,1,0.9457,,0.700,0,2568.8
6362,4,161,edge-13,2,edge,1000.0,0.1000,0.0100,46,3.603,0.8636,2,0.9267,,0.700,0,2568.8
6363,4,161,edge-13,2,edge,1100.0,0.1000,0.0100,38,3.537,0.8632,3,0.9076,,0.700,0,2568.8
6364,4,161,edge-13,2,edge,1200.0,0.1000,0.0100,44,3.747,0.8590,4,0.8886,,0.700,0,2568.8
6365,4,161,edge-13,2,edge,1300.0,0.1000,0.0100,46,3.775,0.8813,3,0.8695,,0.700,0,2568.8
6366,4,161,edge-13,2,edge,1400.0,0.1001,0.0100,38,3.896,0.8677,4,0.8505,,0.700,0,2568.8
6367,4,161,edge-13,2,edge,1500.0,0.1000,0.0100,37,3.457,0.8209,4,0.8314,,0.700,0,2568.8
6368,4,161,edge-13,2,edge,1600.0,0.1001,0.0100,44,3.881,0.9043,4,0.8124,,0.700,0,2568.8
6369,4,161,edge-13,2,edge,1700.0,0.1000,0.0100,44,3.755,0.8645,4,0.7933,,0.700,0,2568.8
6370,4,161,edge-13,2,edge,1800.0,0.1001,0.0100,43,3.760,0.8920,4,0.7743,,0.700,0,2568.8
6371,4,161,edge-13,2,edge,1900.0,0.1000,0.0100,42,3.755,0.8625,3,0.7552,,0.700,0,2568.8
6372,4,161,edge-13,2,edge,2000.0,0.1000,0.0100,42,3.755,0.8618,2,0.7362,,0.700,0,2568.8
6373,4,161,edge-13,2,edge,2100.0,0.1000,0.0100,42,3.755,0.8602,1,0.7171,,0.700,0,2568.8
6374,4,161,edge-13,2,edge,2200.0,0.1001,0.0100,34,3.785,0.7937,1,0.6981,,0.700,0,2568.8
6375,4,161,edge-13,2,edge,2300.0,0.1000,0.0100,35,3.790,0.8227,1,0.6791,,0.700,0,2568.8
6376,4,161,edge-13,2,edge,2400.0,0.1001,0.0100,49,3.685,0.9088,2,0.6600,,0.700,1,2568.8
6377,4,161,edge-13,2,edge,2500.0,0.1000,0.0100,43,3.590,0.8779,2,0.6410,,0.700,1,2568.8
6378,4,164,edge-14,2,edge,0.0,0.0000,0.0100,0,1.533,,1,1.0000,,0.700,0,
6379,4,164,edge-14,2,edge,100.0,0.0400,0.0100,7,1.883,0.7980,1,0.9911,,0.700,0,
6380,4,164,edge-14,2,edge,200.0,0.1000,0.0100,22,2.555,0.8015,2,0.9875,,0.700,0,
6381,4,164,edge-14,2,edge,300.0,0.1001,0.0100,24,2.789,0.8493,3,0.9837,,0.700,0,
6382,4,164,edge-14,2,edge,400.0,0.1000,0.0100,46,3.534,0.7591,3,0.9799,,0.700,0,
6383,4,164,edge-14,2,edge,500.0,0.1000,0.0100,37,3.434,0.7104,2,0.9761,,0.700,0,
6384,4,164,edge-14,2,edge,600.0,0.1001,0.0100,35,3.506,0.7373,2,0.9723,,0.700,0,
6385,4,164,edge-14,2,edge,700.0,0.1000,0.0100,42,3.601,0.7420,1,0.9686,,0.700,0,
6386,4,164,edge-14,2,edge,800.0,0.1001,0.0100,38,3.556,0.8316,0,0.9541,,0.700,0,
6387,4,164,edge-14,2,edge,900.0,0.1000,0.0100,42,3.601,0.8630,0,0.9351,,0.700,0,
6388,4,164,edge-14,2,edge,1000.0,0.1000,0.0100,42,3.601,0.8610,0,0.9160,,0.700,0,
6389,4,164,edge-14,2,edge,1100.0,0.1000,0.0100,44,3.734,0.8713,1,0.8970,,0.700,0,
6390,4,164,edge-14,2,edge,1200.0,0.1001,0.0100,38,3.450,0.8608,1,0.8779,,0.700,0,
6391,4,164,edge-14,2,edge,1300.0,0.1000,0.0100,34,3.395,0.7935,1,0.8589,,0.700,0,
6392,4,164,edge-14,2,edge,1400.0,0.1001,0.0100,46,3.545,0.8798,1,0.8399,,0.700,0,
6393,4,164,edge-14,2,edge,1500.0,0.1000,0.0100,35,3.657,0.8299,2,0.8208,,0.700,0,
6394,4,164,edge-14,2,edge,1600.0,0.1000,0.0100,46,3.802,0.8795,1,0.8018,,0.700,0,
6395,4,164,edge-14,2,edge,1700.0,0.1001,0.0100,38,3.707,0.8576,1,0.7827,,0.700,0,
6396,4,164,edge-14,2,edge,1800.0,0.1000,0.0100,42,3.752,0.8590,1,0.7637,,0.700,0,
6397,4,164,edge-14,2,edge,1900.0,0.1001,0.0100,38,3.707,0.8623,1,0.7446,,0.700,0,
6398,4,164,edge-14,2,edge,2000.0,0.1000,0.0100,42,3.752,0.8625,0,0.7256,,0.700,0,
6399,4,164,edge-14,2,edge,2100.0,0.1001,0.0100,47,3.807,0.9177,0,0.7065,,0.700,0,
6400,4,164,edge-14,2,edge,2200.0,0.1000,0.0100,42,3.752,0.8602,0,0.6875,,0.700,0,
6401,4,164,edge-14,2,edge,2300.0,0.1000,0.0100,42,3.752,0.8540,0,0.6684,,0.700,0,
6402,4,164,edge-14,2,edge,2400.0,0.1000,0.0100,42,3.397,0.8526,1,0.6494,,0.700,0,
6403,4,164,edge-14,2,edge,2500.0,0.1001,0.0100,43,3.515,0.8911,2,0.6303,,0.700,0,
6404,4,164,edge-14,2,edge,2600.0,0.1000,0.0100,42,3.555,0.8527,3,0.6113,,0.700,0,
6405,4,164,edge-14,2,edge,2700.0,0.1001,0.0100,43,3.560,0.8811,3,0.5922,,0.700,0,
6406,4,164,edge-14,2,edge,2800.0,0.1000,0.0100,46,3.605,0.8757,3,0.5732,,0.700,0,
6407,4,164,edge-14,2,edge,2900.0,0.1001,0.0100,37,3.288,0.8281,3,0.5541,,0.700,0,
6408,4,164,edge-14,2,edge,3000.0,0.1000,0.0100,33,3.233,0.7674,2,0.5351,,0.700,0,
6409,4,164,edge-14,2,edge,3100.0,0.1001,0.0100,47,3.438,0.9190,1,0.5160,,0.700,0,
6410,4,164,edge-14,2,edge,3200.0,0.1000,0.0100,42,3.383,0.8628,1,0.4970,,0.700,0,
6411,4,164,edge-14,2,edge,3300.0,0.1000,0.0100,34,3.283,0.8018,1,0.4779,,0.700,0,
6412,4,164,edge-14,2,edge,3400.0,0.1001,0.0100,47,3.546,0.9177,1,0.4589,,0.700,0,
6413,4,164,edge-14,2,edge,3500.0,0.1000,0.0100,37,3.441,0.8310,1,0.4399,,0.700,0,
6414,4,164,edge-14,2,edge,3600.0,0.1001,0.0100,38,3.446,0.8539,1,0.4208,,0.700,0,
6415,4,164,edge-14,2,edge,3700.0,0.1000,0.0100,37,3.458,0.8042,2,0.4018,,0.700,0,
6416,4,164,edge-14,2,edge,3800.0,0.1001,0.0100,46,3.497,0.9083,2,0.3827,,0.700,0,
6417,4,164,edge-14,2,edge,3900.0,0.1000,0.0100,35,3.550,0.8067,2,0.3637,,0.700,0,
6418,4,164,edge-14,2,edge,4000.0,0.1000,0.0100,42,3.600,0.8478,2,0.3446,,0.700,0,
6419,4,164,edge-14,2,edge,4100.0,0.1000,0.0100,34,3.500,0.7840,2,0.3256,,0.700,0,
6420,4,164,edge-14,2,edge,4200.0,0.1001,0.0100,43,3.666,0.8641,1,0.3065,,0.700,0,
6421,4,164,edge-14,2,edge,4300.0,0.1000,0.0100,42,3.426,0.8471,2,0.2875,,0.700,0,
6422,4,164,edge-14,2,edge,4400.0,0.1001,0.0100,48,3.609,0.9018,2,0.2684,,0.700,0,
6423,4,164,edge-14,2,edge,4500.0,0.1000,0.0100,38,3.445,0.8567,3,0.2494,,0.700,0,
6424,4,164,edge-14,2,edge,4600.0,0.1001,0.0100,51,3.565,0.9312,4,0.2303,,0.700,0,
6425,4,164,edge-14,2,edge,4700.0,0.1000,0.0100,35,3.312,0.8085,5,0.2113,,0.700,0,
6426,4,164,edge-14,2,edge,4800.0,0.1000,0.0100,46,3.758,0.8666,4,0.1922,,0.700,0,
6427,4,164,edge-14,2,edge,4900.0,0.1001,0.0100,47,3.763,0.8898,3,0.1732,,0.700,0,
6428,4,164,edge-14,2,edge,5000.0,0.1000,0.0100,34,3.239,0.7768,3,0.1541,,0.700,0,
6429,4,167,edge-15,2,edge,0.0,0.0000,0.0100,0,1.782,,1,1.0000,,0.700,0,5045.9
6430,4,167,edge-15,2,edge,100.0,0.0400,0.0100,8,2.182,0.8914,1,0.9911,,0.700,0,5045.9
6431,4,167,edge-15,2,edge,200.0,0.1000,0.0100,22,2.732,0.8015,1,0.9873,,0.700,0,5045.9
6432,4,167,edge-15,2,edge,300.0,0.1000,0.0100,27,2.932,0.8496,1,0.9836,,0.700,0,5045.9
6433,4,167,edge-15,2,edge,400.0,0.1000,0.0100,42,3.485,0.7411,2,0.9798,,0.700,0,5045.9
6434,4,167,edge-15,2,edge,500.0,0.1001,0.0100,47,3.540,0.7980,1,0.9760,,0.700,0,5045.9
6435,4,167,edge-15,2,edge,600.0,0.1000,0.0100,42,3.485,0.7537,1,0.9722,,0.700,0,5045.9
6436,4,167,edge-15,2,edge,700.0,0.1001,0.0100,43,3.490,0.7714,1,0.9684,,0.700,0,5045.9
6437,4,167,edge-15,2,edge,800.0,0.1000,0.0100,46,3.535,0.7610,1,0.9646,,0.700,0,5045.9
6438,4,167,edge-15,2,edge,900.0,0.1001,0.0100,43,3.490,0.7628,0,0.9608,,0.700,0,5045.9
6439,4,167,edge-15,2,edge,1000.0,0.1000,0.0100,46,3.535,0.7551,0,0.9570,,0.700,0,5045.9
6440,4,167,edge-15,2,edge,1100.0,0.1001,0.0100,35,3.390,0.7349,0,0.9532,,0.700,0,5045.9
6441,4,167,edge-15,2,edge,1200.0,0.1000,0.0100,42,3.417,0.7396,1,0.9494,,0.700,0,5045.9
6442,4,167,edge-15,2,edge,1300.0,0.1001,0.0100,42,3.594,0.7426,2,0.9456,,0.700,0,5045.9
6443,4,167,edge-15,2,edge,1400.0,0.1000,0.0100,46,3.448,0.7669,2,0.9418,,0.700,0,5045.9
6444,4,167,edge-15,2,edge,1500.0,0.1001,0.0100,38,3.594,0.7689,3,0.9381,,0.700,0,5045.9
6445,4,167,edge-15,2,edge,1600.0,0.1000,0.0100,46,3.689,0.7665,3,0.9343,,0.700,0,5045.9
6446,4,167,edge-15,2,edge,1700.0,0.1001,0.0100,37,3.288,0.7245,3,0.9305,,0.700,0,5045.9
6447,4,167,edge-15,2,edge,1800.0,0.1000,0.0100,37,3.538,0.7534,3,0.9267,,0.700,0,5045.9
6448,4,167,edge-15,2,edge,1900.0,0.1001,0.0100,43,3.517,0.7696,4,0.9229,,0.700,0,5045.9
6449,4,167,edge-15,2,edge,2000.0,0.1000,0.0100,42,3.395,0.7491,3,0.9193,,0.700,0,5045.9
6450,4,167,edge-15,2,edge,2100.0,0.1000,0.0100,43,3.423,0.7661,4,0.9155,,0.700,0,5045.9
6451,4,167,edge-15,2,edge,2200.0,0.1001,0.0100,46,3.547,0.7759,4,0.9117,,0.700,0,5045.9
6452,4,167,edge-15,2,edge,2300.0,0.1000,0.0100,38,3.483,0.7351,4,0.9079,,0.700,0,5045.9
6453,4,167,edge-15,2,edge,2400.0,0.1001,0.0100,43,3.520,0.7867,4,0.9041,,0.700,0,5045.9
6454,4,167,edge-15,2,edge,2500.0,0.1000,0.0100,46,3.565,0.7715,4,0.9003,,0.700,0,5045.9
6455,4,167,edge-15,2,edge,2600.0,0.1000,0.0100,40,3.578,0.7264,4,0.8965,,0.700,0,5045.9
6456,4,167,edge-15,2,edge,2700.0,0.1000,0.0100,34,3.528,0.7145,3,0.8927,,0.700,0,5045.9
6457,4,167,edge-15,2,edge,2800.0,0.1001,0.0100,43,3.363,0.7909,3,0.8889,,0.700,0,5045.9
6458,4,167,edge-15,2,edge,2900.0,0.1000,0.0100,43,3.624,0.7818,3,0.8851,,0.700,0,5045.9
6459,4,167,edge-15,2,edge,3000.0,0.1001,0.0100,47,3.629,0.8008,3,0.8814,,0.700,0,5045.9
6460,4,167,edge-15,2,edge,3100.0,0.1000,0.0100,37,3.524,0.7383,2,0.8776,,0.700,0,5045.9
6461,4,167,edge-15,2,edge,3200.0,0.1001,0.0100,47,3.374,0.7974,3,0.8738,,0.700,0,5045.9
6462,4,167,edge-15,2,edge,3300.0,0.1000,0.0100,46,3.369,0.7715,2,0.8700,,0.700,0,5045.9
6463,4,167,edge-15,2,edge,3400.0,0.1000,0.0100,34,3.219,0.7277,1,0.8662,,0.700,0,5045.9
6464,4,167,edge-15,2,edge,3500.0,0.1000,0.0100,42,3.319,0.7574,1,0.8624,,0.700,0,5045.9
6465,4,167,edge-15,2,edge,3600.0,0.1000,0.0100,42,3.319,0.7549,1,0.8586,,0.700,0,5045.9
6466,4,167,edge-15,2,edge,3700.0,0.1001,0.0100,38,3.538,0.7565,1,0.8548,,0.700,0,5045.9
6467,4,167,edge-15,2,edge,3800.0,0.1000,0.0100,37,3.533,0.7322,1,0.8510,,0.700,0,5045.9
6468,4,167,edge-15,2,edge,3900.0,0.1001,0.0100,43,3.588,0.7698,1,0.8472,,0.700,0,5045.9
6469,4,167,edge-15,2,edge,4000.0,0.1000,0.0100,46,3.620,0.7721,2,0.8434,,0.700,0,5045.9
6470,4,167,edge-15,2,edge,4100.0,0.1001,0.0100,34,3.425,0.7192,2,0.8396,,0.700,0,5045.9
6471,4,167,edge-15,2,edge,4200.0,0.1000,0.0100,42,3.570,0.7605,1,0.8359,,0.700,0,5045.9
6472,4,167,edge-15,2,edge,4300.0,0.1001,0.0100,38,3.525,0.7860,1,0.8261,,0.700,0,5045.9
6473,4,167,edge-15,2,edge,4400.0,0.1000,0.0100,44,3.331,0.8560,2,0.8070,,0.700,0,5045.9
6474,4,167,edge-15,2,edge,4500.0,0.1001,0.0100,48,3.674,0.9189,2,0.7880,,0.700,0,5045.9
6475,4,167,edge-15,2,edge,4600.0,0.1000,0.0100,36,3.365,0.8038,3,0.7689,,0.700,0,5045.9
6476,4,167,edge-15,2,edge,4700.0,0.1001,0.0100,47,3.520,0.9198,3,0.7499,,0.700,0,5045.9
6477,4,167,edge-15,2,edge,4800.0,0.1000,0.0100,46,3.619,0.8884,4,0.7308,,0.700,0,5045.9
6478,4,167,edge-15,2,edge,4900.0,0.1001,0.0100,47,3.534,0.8926,4,0.7118,,0.700,1,5045.9
6479,4,167,edge-15,2,edge,5000.0,0.1000,0.0100,42,3.479,0.8358,3,0.6927,,0.700,1,5045.9
6480,4,170,edge-16,2,edge,0.0,0.0000,0.0100,0,1.788,,1,1.0000,,0.700,0,
6481,4,170,edge-16,2,edge,100.0,0.0400,0.0100,8,2.188,0.8914,1,0.9911,,0.700,0,
6482,4,170,edge-16,2,edge,200.0,0.1000,0.0100,25,2.788,0.8318,1,0.9873,,0.700,0,
6483,4,170,edge-16,2,edge,300.0,0.1000,0.0100,30,2.988,0.8663,1,0.9836,,0.700,0,
6484,4,170,edge-16,2,edge,400.0,0.1000,0.0100,42,3.588,0.7655,1,0.9798,,0.700,0,
6485,4,170,edge-16,2,edge,500.0,0.1001,0.0100,43,3.593,0.7786,0,0.9760,,0.700,0,
6486,4,170,edge-16,2,edge,600.0,0.1000,0.0100,37,3.538,0.7349,0,0.9722,,0.700,0,
6487,4,170,edge-16,2,edge,700.0,0.1001,0.0100,46,3.496,0.7765,1,0.9684,,0.700,0,
6488,4,170,edge-16,2,edge,800.0,0.1000,0.0100,46,3.541,0.7615,1,0.9646,,0.700,0,
6489,4,170,edge-16,2,edge,900.0,0.1001,0.0100,47,3.546,0.7861,1,0.9608,,0.700,0,
6490,4,170,edge-16,2,edge,1000.0,0.1000,0.0100,37,3.441,0.7305,1,0.9570,,0.700,0,
6491,4,170,edge-16,2,edge,1100.0,0.1001,0.0100,39,3.624,0.7811,2,0.9532,,0.700,0,
6492,4,170,edge-16,2,edge,1200.0,0.1000,0.0100,40,3.360,0.7176,2,0.9494,,0.700,0,
6493,4,170,edge-16,2,edge,1300.0,0.1001,0.0100,43,3.716,0.7681,2,0.9456,,0.700,0,
6494,4,170,edge-16,2,edge,1400.0,0.1000,0.0100,42,3.711,0.7519,2,0.9418,,0.700,0,
6495,4,170,edge-16,2,edge,1500.0,0.1001,0.0100,35,3.299,0.7602,2,0.9381,,0.700,0,
6496,4,170,edge-16,2,edge,1600.0,0.1000,0.0100,46,3.617,0.7468,2,0.9343,,0.700,0,
6497,4,170,edge-16,2,edge,1700.0,0.1001,0.0100,47,3.653,0.7733,2,0.9305,,0.700,0,
6498,4,170,edge-16,2,edge,1800.0,0.1000,0.0100,36,3.276,0.6973,3,0.9267,,0.700,0,
6499,4,170,edge-16,2,edge,1900.0,0.1000,0.0100,40,3.407,0.7340,4,0.9229,,0.700,0,
6500,4,170,edge-16,2,edge,2000.0,0.1001,0.0100,36,3.565,0.7378,5,0.9192,,0.700,0,
6501,4,170,edge-16,2,edge,2100.0,0.1000,0.0100,46,3.660,0.7454,4,0.9154,,0.700,0,
6502,4,170,edge-16,2,edge,2200.0,0.1001,0.0100,43,3.322,0.7939,4,0.9116,,0.700,0,
6503,4,170,edge-16,2,edge,2300.0,0.1000,0.0100,42,3.628,0.7412,4,0.9078,,0.700,0,
6504,4,170,edge-16,2,edge,2400.0,0.1001,0.0100,46,3.510,0.7683,4,0.9040,,0.700,0,
6505,4,170,edge-16,2,edge,2500.0,0.1000,0.0100,38,3.635,0.7392,4,0.9002,,0.700,0,
6506,4,170,edge-16,2,edge,2600.0,0.1001,0.0100,47,3.690,0.7730,4,0.8964,,0.700,0,
6507,4,170,edge-16,2,edge,2700.0,0.1000,0.0100,42,3.434,0.7515,4,0.8927,,0.700,0,
6508,4,170,edge-16,2,edge,2800.0,0.1001,0.0100,37,3.404,0.7514,4,0.8889,,0.700,0,
6509,4,170,edge-16,2,edge,2900.0,0.1000,0.0100,47,3.533,0.7977,4,0.8851,,0.700,0,
6510,4,170,edge-16,2,edge,3000.0,0.1001,0.0100,43,3.438,0.7857,3,0.8813,,0.700,0,
6511,4,170,edge-16,2,edge,3100.0,0.1000,0.0100,37,3.383,0.7381,3,0.8775,,0.700,0,
6512,4,170,edge-16,2,edge,3200.0,0.1001,0.0100,42,3.525,0.7703,3,0.8737,,0.700,0,
6513,4,170,edge-16,2,edge,3300.0,0.1000,0.0100,34,3.470,0.7148,2,0.8699,,0.700,0,
6514,4,170,edge-16,2,edge,3400.0,0.1001,0.0100,47,3.625,0.7900,1,0.8661,,0.700,0,
6515,4,170,edge-16,2,edge,3500.0,0.1000,0.0100,42,3.570,0.7351,1,0.8623,,0.700,0,
6516,4,170,edge-16,2,edge,3600.0,0.1000,0.0100,46,3.438,0.7598,2,0.8585,,0.700,0,
6517,4,170,edge-16,2,edge,3700.0,0.1001,0.0100,44,3.559,0.9055,2,0.8395,,0.700,0,
6518,4,170,edge-16,2,edge,3800.0,0.1000,0.0100,46,3.465,0.8673,3,0.8204,,0.700,0,
6519,4,170,edge-16,2,edge,3900.0,0.1001,0.0100,47,3.755,0.9119,4,0.8014,,0.700,0,
6520,4,170,edge-16,2,edge,4000.0,0.1000,0.0100,46,3.750,0.8799,4,0.7823,,0.700,0,
6521,4,170,edge-16,2,edge,4100.0,0.1001,0.0100,47,3.755,0.9085,3,0.7633,,0.700,0,
6522,4,170,edge-16,2,edge,4200.0,0.1000,0.0100,42,3.700,0.8556,2,0.7442,,0.700,0,
6523,4,170,edge-16,2,edge,4300.0,0.1001,0.0100,43,3.705,0.8808,1,0.7252,,0.700,0,
6524,4,170,edge-16,2,edge,4400.0,0.1000,0.0100,42,3.700,0.8531,0,0.7061,,0.700,0,
6525,4,170,edge-16,2,edge,4500.0,0.1001,0.0100,37,3.816,0.8268,1,0.6871,,0.700,0,
6526,4,170,edge-16,2,edge,4600.0,0.1000,0.0100,37,3.861,0.8270,1,0.6681,,0.700,0,
6527,4,170,edge-16,2,edge,4700.0,0.1001,0.0100,43,3.916,0.8895,1,0.6490,,0.700,0,
6528,4,170,edge-16,2,edge,4800.0,0.1000,0.0100,38,3.635,0.8276,2,0.6300,,0.700,0,
6529,4,170,edge-16,2,edge,4900.0,0.1001,0.0100,43,3.654,0.8664,3,0.6109,,0.700,0,
6530,4,170,edge-16,2,edge,5000.0,0.1000,0.0100,34,3.549,0.7757,2,0.5919,,0.700,0,
6531,4,173,edge-17,2,edge,0.0,0.0000,0.0100,0,1.761,,1,1.0000,,0.700,0,
6532,4,173,edge-17,2,edge,100.0,0.0400,0.0100,8,2.161,0.8914,1,0.9911,,0.700,0,
6533,4,173,edge-17,2,edge,200.0,0.1000,0.0100,19,2.631,0.7642,2,0.9873,,0.700,0,
6534,4,173,edge-17,2,edge,300.0,0.1000,0.0100,30,2.931,0.8683,2,0.9837,,0.700,0,
6535,4,173,edge-17,2,edge,400.0,0.1001,0.0100,38,3.486,0.7541,2,0.9799,,0.700,0,
6536,4,173,edge-17,2,edge,500.0,0.1000,0.0100,47,3.468,0.7713,2,0.9761,,0.700,0,
6537,4,173,edge-17,2,edge,600.0,0.1001,0.0100,47,3.423,0.7758,2,0.9723,,0.700,0,
6538,4,173,edge-17,2,edge,700.0,0.1000,0.0100,40,3.318,0.7402,1,0.9687,,0.700,0,
6539,4,173,edge-17,2,edge,800.0,0.1000,0.0100,37,3.318,0.7289,1,0.9649,,0.700,0,
6540,4,173,edge-17,2,edge,900.0,0.1001,0.0100,38,3.323,0.7495,1,0.9611,,0.700,0,
6541,4,173,edge-17,2,edge,1000.0,0.1000,0.0100,46,3.418,0.7609,0,0.9574,,0.700,0,
6542,4,173,edge-17,2,edge,1100.0,0.1001,0.0100,47,3.423,0.7914,0,0.9536,,0.700,0,
6543,4,173,edge-17,2,edge,1200.0,0.1000,0.0100,46,3.418,0.7655,0,0.9498,,0.700,0,
6544,4,173,edge-17,2,edge,1300.0,0.1001,0.0100,47,3.423,0.7941,0,0.9460,,0.700,0,
6545,4,173,edge-17,2,edge,1400.0,0.1000,0.0100,46,3.418,0.7706,0,0.9422,,0.700,0,
6546,4,173,edge-17,2,edge,1500.0,0.1001,0.0100,43,3.373,0.7791,0,0.9384,,0.700,0,
6547,4,173,edge-17,2,edge,1600.0,0.1000,0.0100,42,3.368,0.7484,0,0.9346,,0.700,0,
6548,4,173,edge-17,2,edge,1700.0,0.1001,0.0100,47,3.423,0.7965,0,0.9308,,0.700,0,
6549,4,173,edge-17,2,edge,1800.0,0.1000,0.0100,37,3.318,0.7277,0,0.9270,,0.700,0,
6550,4,173,edge-17,2,edge,1900.0,0.1001,0.0100,47,3.423,0.7972,0,0.9232,,0.700,0,
6551,4,173,edge-17,2,edge,2000.0,0.1000,0.0100,46,3.418,0.7655,0,0.9194,,0.700,0,
6552,4,173,edge-17,2,edge,2100.0,0.1001,0.0100,43,3.373,0.7650,0,0.9156,,0.700,0,
6553,4,173,edge-17,2,edge,2200.0,0.1000,0.0100,42,3.368,0.7488,0,0.9119,,0.700,0,
6554,4,173,edge-17,2,edge,2300.0,0.1001,0.0100,47,3.423,0.7827,0,0.9081,,0.700,0,
6555,4,173,edge-17,2,edge,2400.0,0.1000,0.0100,37,3.318,0.6970,0,0.9043,,0.700,0,
6556,4,173,edge-17,2,edge,2500.0,0.1001,0.0100,47,3.423,0.7792,0,0.9005,,0.700,0,
6557,4,173,edge-17,2,edge,2600.0,0.1000,0.0100,40,3.441,0.7284,1,0.8967,,0.700,0,
6558,4,173,edge-17,2,edge,2700.0,0.1000,0.0100,37,3.441,0.7291,1,0.8929,,0.700,0,
6559,4,173,edge-17,2,edge,2800.0,0.1000,0.0100,42,3.491,0.7441,1,0.8891,,0.700,0,
6560,4,173,edge-17,2,edge,2900.0,0.1000,0.0100,37,3.441,0.7190,1,0.8853,,0.700,0,
6561,4,173,edge-17,2,edge,3000.0,0.1001,0.0100,39,3.501,0.7923,2,0.8815,,0.700,0,
6562,4,173,edge-17,2,edge,3100.0,0.1000,0.0100,44,3.544,0.7382,2,0.8777,,0.700,0,
6563,4,173,edge-17,2,edge,3200.0,0.1000,0.0100,37,3.434,0.7290,3,0.8739,,0.700,0,
6564,4,173,edge-17,2,edge,3300.0,0.1000,0.0100,42,3.539,0.7531,4,0.8702,,0.700,0,
6565,4,173,edge-17,2,edge,3400.0,0.1001,0.0100,38,3.366,0.7857,5,0.8588,,0.700,0,
6566,4,173,edge-17,2,edge,3500.0,0.1000,0.0100,42,3.411,0.8373,4,0.8398,,0.700,0,
6567,4,173,edge-17,2,edge,3600.0,0.1001,0.0100,43,3.534,0.8869,4,0.8207,,0.700,0,
6568,4,173,edge-17,2,edge,3700.0,0.1000,0.0100,33,3.499,0.7853,4,0.8017,,0.700,0,
6569,4,173,edge-17,2,edge,3800.0,0.1001,0.0100,46,3.608,0.8806,4,0.7826,,0.700,0,
6570,4,173,edge-17,2,edge,3900.0,0.1000,0.0100,43,3.563,0.8907,3,0.7636,,0.700,0,
6571,4,173,edge-17,2,edge,4000.0,0.1001,0.0100,46,3.429,0.8639,4,0.7445,,0.700,0,
6572,4,173,edge-17,2,edge,4100.0,0.1000,0.0100,43,3.384,0.8617,3,0.7255,,0.700,0,
6573,4,173,edge-17,2,edge,4200.0,0.1000,0.0100,40,3.329,0.8451,2,0.7064,,0.700,0,
6574,4,173,edge-17,2,edge,4300.0,0.1001,0.0100,43,3.384,0.8838,1,0.6874,,0.700,0,
6575,4,173,edge-17,2,edge,4400.0,0.1000,0.0100,47,3.768,0.9013,2,0.6683,,0.700,0,
6576,4,173,edge-17,2,edge,4500.0,0.1001,0.0100,47,3.723,0.9083,1,0.6493,,0.700,0,
6577,4,173,edge-17,2,edge,4600.0,0.1000,0.0100,42,3.668,0.8500,1,0.6302,,0.700,0,
6578,4,173,edge-17,2,edge,4700.0,0.1001,0.0100,43,3.673,0.8755,1,0.6112,,0.700,0,
6579,4,173,edge-17,2,edge,4800.0,0.1000,0.0100,46,3.718,0.8685,1,0.5922,,0.700,0,
6580,4,173,edge-17,2,edge,4900.0,0.1001,0.0100,47,3.723,0.8914,0,0.5731,,0.700,0,
6581,4,173,edge-17,2,edge,5000.0,0.1000,0.0100,42,3.592,0.8515,1,0.5541,,0.700,0,
6582,4,176,edge-18,2,edge,0.0,0.0000,0.0100,0,1.761,,1,1.0000,,0.700,0,
6583,4,176,edge-18,2,edge,100.0,0.0400,0.0100,7,2.111,0.7980,1,0.9911,,0.700,0,
6584,4,176,edge-18,2,edge,200.0,0.1000,0.0100,22,2.711,0.8015,1,0.9875,,0.700,0,
6585,4,176,edge-18,2,edge,300.0,0.1000,0.0100,27,2.911,0.8296,1,0.9837,,0.700,0,
6586,4,176,edge-18,2,edge,400.0,0.1001,0.0100,42,3.561,0.7554,1,0.9786,,0.700,0,
6587,4,176,edge-18,2,edge,500.0,0.1000,0.0100,43,3.591,0.8826,0,0.9595,,0.700,0,
6588,4,176,edge-18,2,edge,600.0,0.1000,0.0100,46,3.561,0.8817,0,0.9405,,0.700,0,
6589,4,176,edge-18,2,edge,700.0,0.1001,0.0100,47,3.566,0.9092,0,0.9214,,0.700,0,
6590,4,176,edge-18,2,edge,800.0,0.1000,0.0100,42,3.511,0.8484,0,0.9024,,0.700,0,
6591,4,176,edge-18,2,edge,900.0,0.1001,0.0100,46,3.496,0.8864,1,0.8833,,0.700,0,
6592,4,176,edge-18,2,edge,1000.0,0.1000,0.0100,42,3.614,0.8547,1,0.8643,,0.700,0,
6593,4,176,edge-18,2,edge,1100.0,0.1000,0.0100,42,3.595,0.8714,2,0.8452,,0.700,0,
6594,4,176,edge-18,2,edge,1200.0,0.1000,0.0100,44,3.353,0.8738,3,0.8262,,0.700,0,
6595,4,176,edge-18,2,edge,1300.0,0.1001,0.0100,44,3.604,0.9015,4,0.8071,,0.700,0,
6596,4,176,edge-18,2,edge,1400.0,0.1000,0.0100,37,3.395,0.8079,4,0.7881,,0.700,0,
6597,4,176,edge-18,2,edge,1500.0,0.1001,0.0100,47,3.500,0.8917,4,0.7690,,0.700,0,
6598,4,176,edge-18,2,edge,1600.0,0.1000,0.0100,46,3.495,0.8637,3,0.7500,,0.700,0,
6599,4,176,edge-18,2,edge,1700.0,0.1001,0.0100,38,3.400,0.8331,2,0.7309,,0.700,0,
6600,4,176,edge-18,2,edge,1800.0,0.1000,0.0100,34,3.490,0.7936,2,0.7119,,0.700,0,
6601,4,176,edge-18,2,edge,1900.0,0.1000,0.0100,46,3.589,0.8904,2,0.6928,,0.700,0,
6602,4,176,edge-18,2,edge,2000.0,0.1000,0.0100,37,3.764,0.8252,2,0.6738,,0.700,0,
6603,4,176,edge-18,2,edge,2100.0,0.1001,0.0100,38,3.769,0.8516,2,0.6548,,0.700,0,
6604,4,176,edge-18,2,edge,2200.0,0.1000,0.0100,46,3.864,0.8831,2,0.6357,,0.700,0,
6605,4,176,edge-18,2,edge,2300.0,0.1001,0.0100,46,3.864,0.8808,1,0.6167,,0.700,0,
6606,4,176,edge-18,2,edge,2400.0,0.1000,0.0100,35,3.719,0.8248,0,0.5976,,0.700,0,
6607,4,176,edge-18,2,edge,2500.0,0.1000,0.0100,42,3.814,0.8476,0,0.5786,,0.700,0,
6608,4,176,edge-18,2,edge,2600.0,0.1000,0.0100,40,3.771,0.8279,1,0.5595,,0.700,0,
6609,4,176,edge-18,2,edge,2700.0,0.1000,0.0100,46,3.871,0.8869,1,0.5405,,0.700,0,
6610,4,176,edge-18,2,edge,2800.0,0.1001,0.0100,47,3.608,0.8300,2,0.5336,,0.700,0,
6611,4,176,edge-18,2,edge,2900.0,0.1000,0.0100,42,3.537,0.7420,3,0.5298,,0.700,0,
6612,4,176,edge-18,2,edge,3000.0,0.1001,0.0100,34,3.602,0.7583,4,0.5260,,0.700,0,
6613,4,176,edge-18,2,edge,3100.0,0.1000,0.0100,34,3.625,0.7177,3,0.5222,,0.700,0,
6614,4,176,edge-18,2,edge,3200.0,0.1001,0.0100,43,3.946,0.8425,4,0.5093,,0.700,0,
6615,4,176,edge-18,2,edge,3300.0,0.1000,0.0100,37,3.457,0.8129,4,0.4903,,0.700,0,
6616,4,176,edge-18,2,edge,3400.0,0.1001,0.0100,36,3.781,0.8516,4,0.4712,,0.700,0,
6617,4,176,edge-18,2,edge,3500.0,0.1000,0.0100,36,3.655,0.7965,4,0.4522,,0.700,0,
6618,4,176,edge-18,2,edge,3600.0,0.1001,0.0100,35,3.660,0.8281,4,0.4332,,0.700,0,
6619,4,176,edge-18,2,edge,3700.0,0.1000,0.0100,46,3.805,0.8870,3,0.4141,,0.700,0,
6620,4,176,edge-18,2,edge,3800.0,0.1000,0.0100,42,3.755,0.8617,2,0.3951,,0.700,0,
6621,4,176,edge-18,2,edge,3900.0,0.1001,0.0100,47,3.810,0.9170,1,0.3760,,0.700,0,
6622,4,176,edge-18,2,edge,4000.0,0.1000,0.0100,40,3.835,0.8618,1,0.3570,,0.700,0,
6623,4,176,edge-18,2,edge,4100.0,0.1001,0.0100,43,3.890,0.8883,1,0.3379,,0.700,0,
6624,4,176,edge-18,2,edge,4200.0,0.1000,0.0100,42,3.585,0.8556,2,0.3189,,0.700,0,
6625,4,176,edge-18,2,edge,4300.0,0.1001,0.0100,43,3.590,0.8808,2,0.2998,,0.700,0,
6626,4,176,edge-18,2,edge,4400.0,0.1000,0.0100,37,3.535,0.8227,2,0.2808,,0.700,0,
6627,4,176,edge-18,2,edge,4500.0,0.1001,0.0100,43,3.590,0.8762,1,0.2617,,0.700,0,
6628,4,176,edge-18,2,edge,4600.0,0.1000,0.0100,34,3.801,0.7782,1,0.2427,,0.700,0,
6629,4,176,edge-18,2,edge,4700.0,0.1001,0.0100,37,3.475,0.8490,1,0.2236,,0.700,0,
6630,4,176,edge-18,2,edge,4800.0,0.1000,0.0100,37,3.520,0.8322,1,0.2046,,0.700,0,
6631,4,176,edge-18,2,edge,4900.0,0.1001,0.0100,47,3.634,0.8898,2,0.1855,,0.700,0,
6632,4,176,edge-18,2,edge,5000.0,0.1000,0.0100,37,3.727,0.8323,3,0.1665,,0.700,0,
6633,4,179,edge-19,2,edge,0.0,0.0000,0.0100,0,1.768,,1,1.0000,,0.700,0,2208.3
6634,4,179,edge-19,2,edge,100.0,0.0400,0.0100,8,2.168,0.8914,1,0.9911,,0.700,0,2208.3
6635,4,179,edge-19,2,edge,200.0,0.1000,0.0100,22,2.718,0.8015,1,0.9873,,0.700,0,2208.3
6636,4,179,edge-19,2,edge,300.0,0.1000,0.0100,23,2.868,0.8076,1,0.9836,,0.700,0,2208.3
6637,4,179,edge-19,2,edge,400.0,0.1000,0.0100,47,3.667,0.7962,2,0.9798,,0.700,0,2208.3
6638,4,179,edge-19,2,edge,500.0,0.1001,0.0100,47,3.622,0.7973,1,0.9760,,0.700,0,2208.3
6639,4,179,edge-19,2,edge,600.0,0.1000,0.0100,37,3.517,0.7310,1,0.9722,,0.700,0,2208.3
6640,4,179,edge-19,2,edge,700.0,0.1001,0.0100,35,3.472,0.7954,1,0.9562,,0.700,0,2208.3
6641,4,179,edge-19,2,edge,800.0,0.1000,0.0100,42,3.567,0.8470,1,0.9372,,0.700,0,2208.3
6642,4,179,edge-19,2,edge,900.0,0.1001,0.0100,35,3.472,0.8106,0,0.9181,,0.700,0,2208.3
6643,4,179,edge-19,2,edge,1000.0,0.1000,0.0100,42,3.407,0.8619,1,0.8991,,0.700,0,2208.3
6644,4,179,edge-19,2,edge,1100.0,0.1001,0.0100,47,3.633,0.9095,2,0.8800,,0.700,0,2208.3
6645,4,179,edge-19,2,edge,1200.0,0.1000,0.0100,37,3.394,0.8212,2,0.8610,,0.700,0,2208.3
6646,4,179,edge-19,2,edge,1300.0,0.1001,0.0100,34,3.281,0.8031,3,0.8419,,0.700,0,2208.3
6647,4,179,edge-19,2,edge,1400.0,0.1000,0.0100,46,3.399,0.8807,4,0.8229,,0.700,0,2208.3
6648,4,179,edge-19,2,edge,1500.0,0.1001,0.0100,43,3.354,0.8809,3,0.8038,,0.700,0,2208.3
6649,4,179,edge-19,2,edge,1600.0,0.1000,0.0100,42,3.425,0.8367,3,0.7848,,0.700,0,2208.3
6650,4,179,edge-19,2,edge,1700.0,0.1001,0.0100,34,3.280,0.7740,3,0.7657,,0.700,0,2208.3
6651,4,179,edge-19,2,edge,1800.0,0.1000,0.0100,37,3.338,0.8222,3,0.7467,,0.700,0,2208.3
6652,4,179,edge-19,2,edge,1900.0,0.1001,0.0100,42,3.277,0.8734,3,0.7276,,0.700,0,2208.3
6653,4,179,edge-19,2,edge,2000.0,0.1000,0.0100,43,3.519,0.8502,4,0.7086,,0.700,0,2208.3
6654,4,179,edge-19,2,edge,2100.0,0.1001,0.0100,47,3.466,0.8893,4,0.6896,,0.700,1,2208.3
6655,4,179,edge-19,2,edge,2200.0,0.1000,0.0100,40,3.361,0.8520,4,0.6705,,0.700,1,2208.3
6656,4,182,edge-20,2,edge,0.0,0.0000,0.0100,0,1.715,,1,1.0000,,0.700,0,
6657,4,182,edge-20,2,edge,100.0,0.0400,0.0100,8,2.115,0.8914,1,0.9911,,0.700,0,
6658,4,182,edge-20,2,edge,200.0,0.1000,0.0100,25,2.804,0.8318,2,0.9873,,0.700,0,
6659,4,182,edge-20,2,edge,300.0,0.1000,0.0100,30,3.175,0.8674,3,0.9836,,0.700,0,
6660,4,182,edge-20,2,edge,400.0,0.1001,0.0100,48,3.753,0.8054,4,0.9798,,0.700,0,
6661,4,182,edge-20,2,edge,500.0,0.1000,0.0100,46,3.698,0.7609,3,0.9760,,0.700,0,
6662,4,182,edge-20,2,edge,600.0,0.1001,0.0100,47,3.703,0.7900,3,0.9722,,0.700,0,
6663,4,182,edge-20,2,edge,700.0,0.1000,0.0100,37,3.598,0.7017,2,0.9684,,0.700,0,
6664,4,182,edge-20,2,edge,800.0,0.1001,0.0100,43,3.653,0.7680,1,0.9646,,0.700,0,
6665,4,182,edge-20,2,edge,900.0,0.1000,0.0100,37,3.598,0.7094,0,0.9608,,0.700,0,
6666,4,182,edge-20,2,edge,1000.0,0.1000,0.0100,46,3.908,0.7535,1,0.9570,,0.700,0,
6667,4,182,edge-20,2,edge,1100.0,0.1001,0.0100,47,3.913,0.7762,1,0.9532,,0.700,0,
6668,4,182,edge-20,2,edge,1200.0,0.1000,0.0100,44,3.858,0.7509,1,0.9494,,0.700,0,
6669,4,182,edge-20,2,edge,1300.0,0.1001,0.0100,47,3.913,0.7864,1,0.9456,,0.700,0,
6670,4,182,edge-20,2,edge,1400.0,0.1000,0.0100,42,3.597,0.7400,1,0.9418,,0.700,0,
6671,4,182,edge-20,2,edge,1500.0,0.1000,0.0100,43,3.807,0.7710,1,0.9381,,0.700,0,
6672,4,182,edge-20,2,edge,1600.0,0.1001,0.0100,37,3.574,0.7249,2,0.9343,,0.700,0,
6673,4,182,edge-20,2,edge,1700.0,0.1000,0.0100,43,3.512,0.7625,3,0.9305,,0.700,0,
6674,4,182,edge-20,2,edge,1800.0,0.1001,0.0100,37,3.580,0.8113,4,0.9161,,0.700,0,
6675,4,182,edge-20,2,edge,1900.0,0.1000,0.0100,42,3.675,0.8615,4,0.8970,,0.700,0,
6676,4,182,edge-20,2,edge,2000.0,0.1001,0.0100,47,3.730,0.9162,3,0.8780,,0.700,0,
6677,4,182,edge-20,2,edge,2100.0,0.1000,0.0100,37,3.629,0.8067,3,0.8589,,0.700,0,
6678,4,182,edge-20,2,edge,2200.0,0.1001,0.0100,43,3.711,0.8840,3,0.8399,,0.700,0,
6679,4,182,edge-20,2,edge,2300.0,0.1000,0.0100,42,3.706,0.8525,2,0.8208,,0.700,0,
6680,4,182,edge-20,2,edge,2400.0,0.1001,0.0100,47,3.815,0.8528,2,0.8078,,0.700,0,
6681,4,182,edge-20,2,edge,2500.0,0.1000,0.0100,44,3.437,0.7362,3,0.8040,,0.700,0,
6682,4,182,edge-20,2,edge,2600.0,0.1001,0.0100,38,3.392,0.7596,2,0.8002,,0.700,0,
6683,4,182,edge-20,2,edge,2700.0,0.1000,0.0100,37,3.387,0.7160,1,0.7964,,0.700,0,
6684,4,182,edge-20,2,edge,2800.0,0.1001,0.0100,43,3.442,0.7870,1,0.7926,,0.700,0,
6685,4,182,edge-20,2,edge,2900.0,0.1000,0.0100,46,3.487,0.7684,1,0.7888,,0.700,0,
6686,4,182,edge-20,2,edge,3000.0,0.1001,0.0100,47,3.492,0.7998,0,0.7850,,0.700,0,
6687,4,182,edge-20,2,edge,3100.0,0.1000,0.0100,42,3.437,0.7619,0,0.7812,,0.700,0,
6688,4,182,edge-20,2,edge,3200.0,0.1000,0.0100,36,3.391,0.7124,1,0.7774,,0.700,0,
6689,4,182,edge-20,2,edge,3300.0,0.1001,0.0100,35,3.396,0.8330,1,0.7584,,0.700,0,
6690,4,182,edge-20,2,edge,3400.0,0.1000,0.0100,46,3.541,0.8915,1,0.7393,,0.700,0,
6691,4,182,edge-20,2,edge,3500.0,0.1001,0.0100,43,3.496,0.8881,1,0.7203,,0.700,0,
6692,4,182,edge-20,2,edge,3600.0,0.1000,0.0100,37,3.441,0.8259,1,0.7012,,0.700,0,
6693,4,182,edge-20,2,edge,3700.0,0.1001,0.0100,43,3.496,0.8799,0,0.6822,,0.700,0,
6694,4,182,edge-20,2,edge,3800.0,0.1000,0.0100,40,3.538,0.8461,1,0.6632,,0.700,0,
6695,4,182,edge-20,2,edge,3900.0,0.1000,0.0100,34,3.301,0.7759,2,0.6441,,0.700,0,
6696,4,182,edge-20,2,edge,4000.0,0.1000,0.0100,42,3.380,0.8412,3,0.6251,,0.700,0,
6697,4,182,edge-20,2,edge,4100.0,0.1000,0.0100,46,3.648,0.8757,4,0.6060,,0.700,0,
6698,4,182,edge-20,2,edge,4200.0,0.1001,0.0100,38,3.313,0.8527,5,0.5870,,0.700,0,
6699,4,182,edge-20,2,edge,4300.0,0.1000,0.0100,46,3.632,0.8808,4,0.5679,,0.700,0,
6700,4,182,edge-20,2,edge,4400.0,0.1001,0.0100,43,3.587,0.8790,3,0.5489,,0.700,0,
6701,4,182,edge-20,2,edge,4500.0,0.1000,0.0100,42,3.582,0.8476,2,0.5298,,0.700,0,
6702,4,182,edge-20,2,edge,4600.0,0.1001,0.0100,38,3.537,0.8468,1,0.5108,,0.700,0,
6703,4,182,edge-20,2,edge,4700.0,0.1000,0.0100,42,3.485,0.8520,1,0.4917,,0.700,0,
6704,4,182,edge-20,2,edge,4800.0,0.1001,0.0100,35,3.390,0.8178,1,0.4727,,0.700,0,
6705,4,182,edge-20,2,edge,4900.0,0.1000,0.0100,46,3.535,0.8694,1,0.4536,,0.700,0,
6706,4,182,edge-20,2,edge,5000.0,0.1001,0.0100,38,3.440,0.8359,1,0.4346,,0.700,0,
6707,4,185,edge-21,2,edge,0.0,0.0000,0.0100,0,1.788,,1,1.0000,,0.700,0,
6708,4,185,edge-21,2,edge,100.0,0.0400,0.0100,8,2.188,0.8914,1,0.9911,,0.700,0,
6709,4,185,edge-21,2,edge,200.0,0.1000,0.0100,25,2.788,0.8318,1,0.9873,,0.700,0,
6710,4,185,edge-21,2,edge,300.0,0.1000,0.0100,27,2.938,0.8473,1,0.9836,,0.700,0,
6711,4,185,edge-21,2,edge,400.0,0.1000,0.0100,42,3.588,0.7425,1,0.9798,,0.700,0,
6712,4,185,edge-21,2,edge,500.0,0.1001,0.0100,43,3.496,0.7626,1,0.9760,,0.700,0,
6713,4,185,edge-21,2,edge,600.0,0.1000,0.0100,46,3.541,0.7464,1,0.9722,,0.700,0,
6714,4,185,edge-21,2,edge,700.0,0.1001,0.0100,42,3.446,0.7635,1,0.9684,,0.700,0,
6715,4,185,edge-21,2,edge,800.0,0.1000,0.0100,34,3.391,0.7191,1,0.9646,,0.700,0,
6716,4,185,edge-21,2,edge,900.0,0.1001,0.0100,44,3.674,0.7916,2,0.9608,,0.700,0,
6717,4,185,edge-21,2,edge,1000.0,0.1000,0.0100,36,3.310,0.7159,2,0.9570,,0.700,0,
6718,4,185,edge-21,2,edge,1100.0,0.1001,0.0100,43,3.716,0.7573,2,0.9532,,0.700,0,
6719,4,185,edge-21,2,edge,1200.0,0.1000,0.0100,46,3.761,0.7642,2,0.9496,,0.700,0,
6720,4,185,edge-21,2,edge,1300.0,0.1001,0.0100,43,3.399,0.7650,2,0.9458,,0.700,0,
6721,4,185,edge-21,2,edge,1400.0,0.1000,0.0100,43,3.617,0.7540,2,0.9420,,0.700,0,
6722,4,185,edge-21,2,edge,1500.0,0.1000,0.0100,46,3.648,0.7546,2,0.9382,,0.700,0,
6723,4,185,edge-21,2,edge,1600.0,0.1001,0.0100,46,3.381,0.7640,3,0.9344,,0.700,0,
6724,4,185,edge-21,2,edge,1700.0,0.1000,0.0100,47,3.557,0.7749,4,0.9306,,0.700,0,
6725,4,185,edge-21,2,edge,1800.0,0.1001,0.0100,38,3.565,0.7436,5,0.9269,,0.700,0,
6726,4,185,edge-21,2,edge,1900.0,0.1000,0.0100,46,3.660,0.7531,4,0.9231,,0.700,0,
6727,4,185,edge-21,2,edge,2000.0,0.1001,0.0100,34,3.172,0.6935,4,0.9193,,0.700,0,
6728,4,185,edge-21,2,edge,2100.0,0.1000,0.0100,42,3.628,0.7427,4,0.9155,,0.700,0,
6729,4,185,edge-21,2,edge,2200.0,0.1001,0.0100,37,3.410,0.7527,4,0.9117,,0.700,0,
6730,4,185,edge-21,2,edge,2300.0,0.1000,0.0100,38,3.635,0.7187,4,0.9079,,0.700,0,
6731,4,185,edge-21,2,edge,2400.0,0.1001,0.0100,43,3.640,0.7650,4,0.9041,,0.700,0,
6732,4,185,edge-21,2,edge,2500.0,0.1000,0.0100,46,3.484,0.7684,4,0.9003,,0.700,0,
6733,4,185,edge-21,2,edge,2600.0,0.1001,0.0100,46,3.504,0.7769,4,0.8965,,0.700,0,
6734,4,185,edge-21,2,edge,2700.0,0.1000,0.0100,46,3.483,0.7523,4,0.8927,,0.700,0,
6735,4,185,edge-21,2,edge,2800.0,0.1001,0.0100,47,3.488,0.7939,3,0.8889,,0.700,0,
6736,4,185,edge-21,2,edge,2900.0,0.1000,0.0100,46,3.483,0.7729,3,0.8851,,0.700,0,
6737,4,185,edge-21,2,edge,3000.0,0.1001,0.0100,43,3.575,0.7718,3,0.8814,,0.700,0,
6738,4,185,edge-21,2,edge,3100.0,0.1000,0.0100,34,3.470,0.6728,2,0.8776,,0.700,0,
6739,4,185,edge-21,2,edge,3200.0,0.1000,0.0100,44,3.570,0.7540,1,0.8738,,0.700,0,
6740,4,185,edge-21,2,edge,3300.0,0.1001,0.0100,38,3.525,0.7538,1,0.8700,,0.700,0,
6741,4,185,edge-21,2,edge,3400.0,0.1000,0.0100,46,3.438,0.7561,2,0.8662,,0.700,0,
6742,4,185,edge-21,2,edge,3500.0,0.1001,0.0100,44,3.559,0.8090,2,0.8624,,0.700,0,
6743,4,185,edge-21,2,edge,3600.0,0.1000,0.0100,46,3.465,0.7623,3,0.8586,,0.700,0,
6744,4,185,edge-21,2,edge,3700.0,0.1001,0.0100,37,3.605,0.7440,4,0.8548,,0.700,0,
6745,4,185,edge-21,2,edge,3800.0,0.1000,0.0100,46,3.750,0.7713,4,0.8510,,0.700,0,
6746,4,185,edge-21,2,edge,3900.0,0.1001,0.0100,38,3.655,0.7859,3,0.8472,,0.700,0,
6747,4,185,edge-21,2,edge,4000.0,0.1000,0.0100,46,3.750,0.7694,2,0.8434,,0.700,0,
6748,4,185,edge-21,2,edge,4100.0,0.1001,0.0100,47,3.755,0.7977,1,0.8396,,0.700,0,
6749,4,185,edge-21,2,edge,4200.0,0.1000,0.0100,46,3.750,0.7696,0,0.8359,,0.700,0,
6750,4,185,edge-21,2,edge,4300.0,0.1001,0.0100,42,3.866,0.7570,1,0.8321,,0.700,0,
6751,4,185,edge-21,2,edge,4400.0,0.1000,0.0100,42,3.911,0.7547,1,0.8283,,0.700,0,
6752,4,185,edge-21,2,edge,4500.0,0.1000,0.0100,42,3.911,0.7415,1,0.8245,,0.700,0,
6753,4,185,edge-21,2,edge,4600.0,0.1000,0.0100,38,3.635,0.7558,2,0.8207,,0.700,0,
6754,4,185,edge-21,2,edge,4700.0,0.1001,0.0100,47,3.704,0.7894,3,0.8169,,0.700,0,
6755,4,185,edge-21,2,edge,4800.0,0.1000,0.0100,42,3.649,0.7342,2,0.8133,,0.700,0,
6756,4,185,edge-21,2,edge,4900.0,0.1000,0.0100,42,3.649,0.7339,2,0.8095,,0.700,0,
6757,4,185,edge-21,2,edge,5000.0,0.1001,0.0100,35,3.554,0.7248,2,0.8057,,0.700,0,
6758,4,188,edge-22,2,edge,0.0,0.0000,0.0100,0,1.651,,1,1.0000,,0.700,0,1668.4
6759,4,188,edge-22,2,edge,100.0,0.0400,0.0100,8,2.051,0.8914,1,0.9911,,0.700,0,1668.4
6760,4,188,edge-22,2,edge,200.0,0.1000,0.0100,25,2.853,0.8318,2,0.9873,,0.700,0,1668.4
6761,4,188,edge-22,2,edge,300.0,0.1000,0.0100,30,3.053,0.8682,2,0.9836,,0.700,0,1668.4
6762,4,188,edge-22,2,edge,400.0,0.1001,0.0100,38,3.608,0.8465,2,0.9676,,0.700,0,1668.4
6763,4,188,edge-22,2,edge,500.0,0.1000,0.0100,34,3.519,0.8041,2,0.9485,,0.700,0,1668.4
6764,4,188,edge-22,2,edge,600.0,0.1001,0.0100,43,3.624,0.8883,2,0.9295,,0.700,0,1668.4
6765,4,188,edge-22,2,edge,700.0,0.1000,0.0100,37,3.569,0.8266,1,0.9104,,0.700,0,1668.4
6766,4,188,edge-22,2,edge,800.0,0.1001,0.0100,38,3.574,0.8516,1,0.8914,,0.700,0,1668.4
6767,4,188,edge-22,2,edge,900.0,0.1000,0.0100,42,3.376,0.8548,2,0.8724,,0.700,0,1668.4
6768,4,188,edge-22,2,edge,1000.0,0.1001,0.0100,43,3.381,0.8810,1,0.8533,,0.700,0,1668.4
6769,4,188,edge-22,2,edge,1100.0,0.1000,0.0100,46,3.426,0.8781,1,0.8343,,0.700,0,1668.4
6770,4,188,edge-22,2,edge,1200.0,0.1000,0.0100,46,3.700,0.8755,2,0.8152,,0.700,0,1668.4
6771,4,188,edge-22,2,edge,1300.0,0.1001,0.0100,46,3.700,0.8690,2,0.7962,,0.700,0,1668.4
6772,4,188,edge-22,2,edge,1400.0,0.1000,0.0100,35,3.321,0.8063,2,0.7771,,0.700,0,1668.4
6773,4,188,edge-22,2,edge,1500.0,0.1000,0.0100,42,3.662,0.8529,3,0.7581,,0.700,1,1668.4
6774,4,188,edge-22,2,edge,1600.0,0.1001,0.0100,47,3.414,0.8899,4,0.7390,,0.700,1,1668.4
6775,4,191,edge-23,2,edge,0.0,0.0000,0.0100,0,1.728,,1,1.0000,,0.700,0,
6776,4,191,edge-23,2,edge,100.0,0.0400,0.0100,8,2.128,0.8914,1,0.9911,,0.700,0,
6777,4,191,edge-23,2,edge,200.0,0.1000,0.0100,25,2.728,0.8318,1,0.9873,,0.700,0,
6778,4,191,edge-23,2,edge,300.0,0.1000,0.0100,27,2.878,0.8359,1,0.9836,,0.700,0,
6779,4,191,edge-23,2,edge,400.0,0.1001,0.0100,43,3.533,0.7680,1,0.9798,,0.700,0,
6780,4,191,edge-23,2,edge,500.0,0.1000,0.0100,42,3.509,0.7458,0,0.9760,,0.700,0,
6781,4,191,edge-23,2,edge,600.0,0.1001,0.0100,47,3.395,0.7935,1,0.9722,,0.700,0,
6782,4,191,edge-23,2,edge,700.0,0.1000,0.0100,34,3.240,0.6960,1,0.9684,,0.700,0,
6783,4,191,edge-23,2,edge,800.0,0.1001,0.0100,34,3.415,0.7366,2,0.9646,,0.700,0,
6784,4,191,edge-23,2,edge,900.0,0.1000,0.0100,46,3.386,0.7535,3,0.9610,,0.700,0,
6785,4,191,edge-23,2,edge,1000.0,0.1000,0.0100,46,3.866,0.7454,3,0.9572,,0.700,0,
6786,4,191,edge-23,2,edge,1100.0,0.1001,0.0100,46,3.821,0.7769,2,0.9534,,0.700,0,
6787,4,191,edge-23,2,edge,1200.0,0.1000,0.0100,46,3.866,0.7622,2,0.9496,,0.700,0,
6788,4,191,edge-23,2,edge,1300.0,0.1001,0.0100,48,3.894,0.8181,2,0.9458,,0.700,0,
6789,4,191,edge-23,2,edge,1400.0,0.1000,0.0100,42,3.789,0.7622,1,0.9420,,0.700,0,
6790,4,191,edge-23,2,edge,1500.0,0.1001,0.0100,37,3.466,0.7849,2,0.9291,,0.700,0,
6791,4,191,edge-23,2,edge,1600.0,0.1000,0.0100,42,3.561,0.8504,2,0.9101,,0.700,0,
6792,4,191,edge-23,2,edge,1700.0,0.1001,0.0100,47,3.616,0.9127,2,0.8910,,0.700,0,
6793,4,191,edge-23,2,edge,1800.0,0.1000,0.0100,46,3.611,0.8868,1,0.8720,,0.700,0,
6794,4,191,edge-23,2,edge,1900.0,0.1001,0.0100,43,3.566,0.8918,1,0.8530,,0.700,0,
6795,4,191,edge-23,2,edge,2000.0,0.1000,0.0100,37,3.511,0.8332,0,0.8339,,0.700,0,
6796,4,191,edge-23,2,edge,2100.0,0.1001,0.0100,43,3.591,0.8896,0,0.8149,,0.700,0,
6797,4,191,edge-23,2,edge,2200.0,0.1000,0.0100,46,3.561,0.8883,0,0.7958,,0.700,0,
6798,4,191,edge-23,2,edge,2300.0,0.1001,0.0100,47,3.566,0.9116,0,0.7768,,0.700,0,
6799,4,191,edge-23,2,edge,2400.0,0.1000,0.0100,46,3.561,0.8799,0,0.7577,,0.700,0,
6800,4,191,edge-23,2,edge,2500.0,0.1001,0.0100,49,3.591,0.8893,1,0.7387,,0.700,0,
6801,4,191,edge-23,2,edge,2600.0,0.1000,0.0100,42,3.569,0.8747,1,0.7196,,0.700,0,
6802,4,191,edge-23,2,edge,2700.0,0.1000,0.0100,46,3.645,0.8731,2,0.7006,,0.700,0,
6803,4,191,edge-23,2,edge,2800.0,0.1003,0.0100,49,3.463,0.9402,3,0.6815,,0.700,0,
6804,4,191,edge-23,2,edge,2900.0,0.1000,0.0100,40,3.499,0.8417,4,0.6625,,0.700,0,
6805,4,191,edge-23,2,edge,3000.0,0.1003,0.0100,44,3.500,0.9030,4,0.6434,,0.700,0,
6806,4,191,edge-23,2,edge,3100.0,0.1000,0.0100,42,3.445,0.8531,4,0.6244,,0.700,0,
6807,4,191,edge-23,2,edge,3200.0,0.1001,0.0100,47,3.500,0.9031,3,0.6053,,0.700,0,
6808,4,191,edge-23,2,edge,3300.0,0.1000,0.0100,32,3.245,0.7178,2,0.5863,,0.700,0,
6809,4,191,edge-23,2,edge,3400.0,0.1001,0.0100,47,3.645,0.9202,2,0.5672,,0.700,0,
6810,4,191,edge-23,2,edge,3500.0,0.1000,0.0100,40,3.489,0.8302,2,0.5482,,0.700,0,
6811,4,191,edge-23,2,edge,3600.0,0.1001,0.0100,43,3.819,0.8960,2,0.5291,,0.700,0,
6812,4,191,edge-23,2,edge,3700.0,0.1000,0.0100,42,3.814,0.8610,2,0.5101,,0.700,0,
6813,4,191,edge-23,2,edge,3800.0,0.1000,0.0100,42,3.814,0.8627,2,0.4910,,0.700,0,
6814,4,191,edge-23,2,edge,3900.0,0.1001,0.0100,35,3.719,0.8307,1,0.4720,,0.700,0,
6815,4,191,edge-23,2,edge,4000.0,0.1000,0.0100,46,3.864,0.8830,0,0.4530,,0.700,0,
6816,4,191,edge-23,2,edge,4100.0,0.1001,0.0100,47,3.869,0.9074,0,0.4339,,0.700,0,
6817,4,191,edge-23,2,edge,4200.0,0.1000,0.0100,44,3.821,0.8758,1,0.4149,,0.700,0,
6818,4,191,edge-23,2,edge,4300.0,0.1001,0.0100,47,3.876,0.9106,1,0.3958,,0.700,0,
6819,4,191,edge-23,2,edge,4400.0,0.1000,0.0100,47,3.653,0.8821,2,0.3768,,0.700,0,
6820,4,191,edge-23,2,edge,4500.0,0.1000,0.0100,44,3.537,0.8592,3,0.3577,,0.700,0,
6821,4,191,edge-23,2,edge,4600.0,0.1000,0.0100,43,3.797,0.8616,4,0.3387,,0.700,0,
6822,4,191,edge-23,2,edge,4700.0,0.1001,0.0100,43,3.730,0.8638,3,0.3196,,0.700,0,
6823,4,191,edge-23,2,edge,4800.0,0.1000,0.0100,46,3.991,0.8667,4,0.3006,,0.700,0,
6824,4,191,edge-23,2,edge,4900.0,0.1001,0.0100,43,3.512,0.8627,4,0.2815,,0.700,0,
6825,4,191,edge-23,2,edge,5000.0,0.1000,0.0100,42,3.826,0.8603,4,0.2625,,0.700,0,
6826,4,194,edge-24,2,edge,0.0,0.0000,0.0100,0,1.801,,1,1.0000,,0.700,0,4706.6
6827,4,194,edge-24,2,edge,100.0,0.0400,0.0100,8,2.201,0.8914,1,0.9911,,0.700,0,4706.6
6828,4,194,edge-24,2,edge,200.0,0.1000,0.0100,22,2.751,0.7980,1,0.9873,,0.700,0,4706.6
6829,4,194,edge-24,2,edge,300.0,0.1000,0.0100,27,2.951,0.8211,1,0.9837,,0.700,0,4706.6
6830,4,194,edge-24,2,edge,400.0,0.1000,0.0100,42,3.601,0.7382,1,0.9799,,0.700,0,4706.6
6831,4,194,edge-24,2,edge,500.0,0.1001,0.0100,47,3.656,0.7886,0,0.9761,,0.700,0,4706.6
6832,4,194,edge-24,2,edge,600.0,0.1000,0.0100,43,3.784,0.7791,1,0.9724,,0.700,0,4706.6
6833,4,194,edge-24,2,edge,700.0,0.1001,0.0100,35,3.400,0.7548,1,0.9610,,0.700,0,4706.6
6834,4,194,edge-24,2,edge,800.0,0.1000,0.0100,46,3.545,0.8649,1,0.9420,,0.700,0,4706.6
6835,4,194,edge-24,2,edge,900.0,0.1001,0.0100,38,3.450,0.8358,1,0.9229,,0.700,0,4706.6
6836,4,194,edge-24,2,edge,1000.0,0.1000,0.0100,46,3.802,0.8643,2,0.9039,,0.700,0,4706.6
6837,4,194,edge-24,2,edge,1100.0,0.1001,0.0100,47,3.807,0.8932,1,0.8848,,0.700,0,4706.6
6838,4,194,edge-24,2,edge,1200.0,0.1000,0.0100,46,3.802,0.8622,1,0.8658,,0.700,0,4706.6
6839,4,194,edge-24,2,edge,1300.0,0.1001,0.0100,46,3.757,0.9078,1,0.8467,,0.700,0,4706.6
6840,4,194,edge-24,2,edge,1400.0,0.1000,0.0100,46,3.802,0.8821,1,0.8277,,0.700,0,4706.6
6841,4,194,edge-24,2,edge,1500.0,0.1000,0.0100,42,3.752,0.8520,0,0.8086,,0.700,0,4706.6
6842,4,194,edge-24,2,edge,1600.0,0.1001,0.0100,47,3.807,0.9057,0,0.7896,,0.700,0,4706.6
6843,4,194,edge-24,2,edge,1700.0,0.1000,0.0100,42,3.752,0.8557,0,0.7705,,0.700,0,4706.6
6844,4,194,edge-24,2,edge,1800.0,0.1001,0.0100,43,3.757,0.8865,0,0.7515,,0.700,0,4706.6
6845,4,194,edge-24,2,edge,1900.0,0.1000,0.0100,43,3.447,0.8916,1,0.7324,,0.700,0,4706.6
6846,4,194,edge-24,2,edge,2000.0,0.1001,0.0100,42,3.465,0.8628,2,0.7134,,0.700,0,4706.6
6847,4,194,edge-24,2,edge,2100.0,0.1000,0.0100,43,3.605,0.8852,3,0.6944,,0.700,0,4706.6
6848,4,194,edge-24,2,edge,2200.0,0.1001,0.0100,47,3.610,0.9158,3,0.6753,,0.700,0,4706.6
6849,4,194,edge-24,2,edge,2300.0,0.1000,0.0100,34,3.455,0.7964,3,0.6563,,0.700,0,4706.6
6850,4,194,edge-24,2,edge,2400.0,0.1001,0.0100,38,3.338,0.8331,3,0.6372,,0.700,0,4706.6
6851,4,194,edge-24,2,edge,2500.0,0.1000,0.0100,44,3.383,0.8769,2,0.6182,,0.700,0,4706.6
6852,4,194,edge-24,2,edge,2600.0,0.1001,0.0100,43,3.388,0.8830,1,0.5991,,0.700,0,4706.6
6853,4,194,edge-24,2,edge,2700.0,0.1000,0.0100,46,3.433,0.8790,1,0.5801,,0.700,0,4706.6
6854,4,194,edge-24,2,edge,2800.0,0.1001,0.0100,38,3.338,0.8512,1,0.5610,,0.700,0,4706.6
6855,4,194,edge-24,2,edge,2900.0,0.1000,0.0100,42,3.491,0.8558,1,0.5420,,0.700,0,4706.6
6856,4,194,edge-24,2,edge,3000.0,0.1001,0.0100,43,3.496,0.8852,1,0.5229,,0.700,0,4706.6
6857,4,194,edge-24,2,edge,3100.0,0.1000,0.0100,46,3.541,0.8853,1,0.5039,,0.700,0,4706.6
6858,4,194,edge-24,2,edge,3200.0,0.1000,0.0100,47,3.608,0.9035,2,0.4848,,0.700,0,4706.6
6859,4,194,edge-24,2,edge,3300.0,0.1000,0.0100,46,3.542,0.8757,2,0.4658,,0.700,0,4706.6
6860,4,194,edge-24,2,edge,3400.0,0.1001,0.0100,43,3.605,0.8886,2,0.4467,,0.700,0,4706.6
6861,4,194,edge-24,2,edge,3500.0,0.1000,0.0100,42,3.600,0.8580,2,0.4277,,0.700,0,4706.6
6862,4,194,edge-24,2,edge,3600.0,0.1000,0.0100,37,3.550,0.8225,2,0.4086,,0.700,0,4706.6
6863,4,194,edge-24,2,edge,3700.0,0.1001,0.0100,47,3.716,0.9103,1,0.3896,,0.700,0,4706.6
6864,4,194,edge-24,2,edge,3800.0,0.1000,0.0100,42,3.426,0.8545,2,0.3705,,0.700,0,4706.6
6865,4,194,edge-24,2,edge,3900.0,0.1001,0.0100,38,3.514,0.8456,2,0.3515,,0.700,0,4706.6
6866,4,194,edge-24,2,edge,4000.0,0.1000,0.0100,46,3.540,0.8679,3,0.3324,,0.700,0,4706.6
6867,4,194,edge-24,2,edge,4100.0,0.1001,0.0100,34,3.270,0.7965,4,0.3134,,0.700,0,4706.6
6868,4,194,edge-24,2,edge,4200.0,0.1000,0.0100,47,3.507,0.9092,5,0.2944,,0.700,0,4706.6
6869,4,194,edge-24,2,edge,4300.0,0.1001,0.0100,47,3.763,0.9097,4,0.2753,,0.700,0,4706.6
6870,4,194,edge-24,2,edge,4400.0,0.1000,0.0100,42,3.708,0.8476,3,0.2563,,0.700,0,4706.6
6871,4,194,edge-24,2,edge,4500.0,0.1001,0.0100,43,3.344,0.8808,3,0.2372,,0.700,0,4706.6
6872,4,194,edge-24,2,edge,4600.0,0.1000,0.0100,37,3.289,0.8245,2,0.2182,,0.700,1,4706.6
6873,4,194,edge-24,2,edge,4700.0,0.1001,0.0100,42,3.432,0.8603,2,0.1991,,0.700,1,4706.6
6874,4,197,edge-25,2,edge,0.0,0.0000,0.0100,0,1.580,,1,1.0000,,0.700,0,778.7
6875,4,197,edge-25,2,edge,100.0,0.0400,0.0100,8,1.980,0.8914,1,0.9911,,0.700,0,778.7
6876,4,197,edge-25,2,edge,200.0,0.1000,0.0100,19,2.698,0.7671,2,0.9873,,0.700,0,778.7
6877,4,197,edge-25,2,edge,300.0,0.1000,0.0100,30,2.758,0.8689,3,0.9836,,0.700,0,778.7
6878,4,197,edge-25,2,edge,400.0,0.1001,0.0100,47,3.637,0.7941,3,0.9798,,0.700,0,778.7
6879,4,197,edge-25,2,edge,500.0,0.1000,0.0100,42,3.582,0.7431,2,0.9760,,0.700,0,778.7
6880,4,197,edge-25,2,edge,600.0,0.1001,0.0100,38,3.537,0.7589,2,0.9722,,0.700,1,778.7
6881,4,197,edge-25,2,edge,700.0,0.1000,0.0100,42,3.582,0.7465,1,0.9684,,0.700,1,778.7
6882,4,200,edge-26,2,edge,0.0,0.0000,0.0100,0,1.915,,1,1.0000,,0.700,0,
6883,4,200,edge-26,2,edge,100.0,0.0400,0.0100,8,2.315,0.8914,1,0.9911,,0.700,0,
6884,4,200,edge-26,2,edge,200.0,0.1000,0.0100,22,2.865,0.8015,1,0.9873,,0.700,0,
6885,4,200,edge-26,2,edge,300.0,0.1000,0.0100,31,3.165,0.8500,1,0.9836,,0.700,0,
6886,4,200,edge-26,2,edge,400.0,0.1000,0.0100,42,3.601,0.7526,2,0.9798,,0.700,0,
6887,4,200,edge-26,2,edge,500.0,0.1001,0.0100,47,3.533,0.7944,2,0.9760,,0.700,0,
6888,4,200,edge-26,2,edge,600.0,0.1000,0.0100,42,3.613,0.7522,3,0.9722,,0.700,0,
6889,4,200,edge-26,2,edge,700.0,0.1001,0.0100,43,3.469,0.7807,4,0.9684,,0.700,0,
6890,4,200,edge-26,2,edge,800.0,0.1000,0.0100,42,3.518,0.7530,5,0.9646,,0.700,0,
6891,4,200,edge-26,2,edge,900.0,0.1001,0.0100,43,3.432,0.7814,5,0.9608,,0.700,0,
6892,4,200,edge-26,2,edge,1000.0,0.1000,0.0100,40,3.610,0.7413,5,0.9572,,0.700,0,
6893,4,200,edge-26,2,edge,1100.0,0.1000,0.0100,42,3.417,0.7605,5,0.9534,,0.700,0,
6894,4,200,edge-26,2,edge,1200.0,0.1001,0.0100,43,3.400,0.7768,5,0.9496,,0.700,0,
6895,4,200,edge-26,2,edge,1300.0,0.1000,0.0100,42,3.547,0.7441,5,0.9458,,0.700,0,
6896,4,200,edge-26,2,edge,1400.0,0.1001,0.0100,47,3.620,0.7802,5,0.9420,,0.700,0,
6897,4,200,edge-26,2,edge,1500.0,0.1000,0.0100,46,3.615,0.7469,4,0.9382,,0.700,0,
6898,4,200,edge-26,2,edge,1600.0,0.1001,0.0100,46,3.570,0.7778,3,0.9344,,0.700,0,
6899,4,200,edge-26,2,edge,1700.0,0.1000,0.0100,47,3.604,0.7817,3,0.9306,,0.700,0,
6900,4,200,edge-26,2,edge,1800.0,0.1001,0.0100,46,3.629,0.7673,3,0.9269,,0.700,0,
6901,4,200,edge-26,2,edge,1900.0,0.1000,0.0100,43,3.551,0.7803,3,0.9231,,0.700,0,
6902,4,200,edge-26,2,edge,2000.0,0.1001,0.0100,37,3.410,0.7277,4,0.9193,,0.700,0,
6903,4,200,edge-26,2,edge,2100.0,0.1000,0.0100,42,3.500,0.7448,5,0.9155,,0.700,0,
6904,4,200,edge-26,2,edge,2200.0,0.1001,0.0100,44,3.535,0.8242,5,0.9117,,0.700,0,
6905,4,200,edge-26,2,edge,2300.0,0.1000,0.0100,46,3.406,0.7678,5,0.9079,,0.700,0,
6906,4,200,edge-26,2,edge,2400.0,0.1001,0.0100,38,3.476,0.7568,5,0.9012,,0.700,0,
6907,4,200,edge-26,2,edge,2500.0,0.1000,0.0100,44,3.474,0.8590,5,0.8821,,0.700,0,
6908,4,200,edge-26,2,edge,2600.0,0.1000,0.0100,42,3.474,0.8603,4,0.8631,,0.700,0,
6909,4,200,edge-26,2,edge,2700.0,0.1000,0.0100,42,3.474,0.8622,3,0.8440,,0.700,0,
6910,4,200,edge-26,2,edge,2800.0,0.1001,0.0100,42,3.451,0.8731,3,0.8250,,0.700,0,
6911,4,200,edge-26,2,edge,2900.0,0.1000,0.0100,37,3.446,0.8328,2,0.8060,,0.700,0,
6912,4,200,edge-26,2,edge,3000.0,0.1000,0.0100,42,3.496,0.8644,1,0.7869,,0.700,0,
6913,4,200,edge-26,2,edge,3100.0,0.1001,0.0100,43,3.447,0.8622,2,0.7679,,0.700,0,
6914,4,200,edge-26,2,edge,3200.0,0.1000,0.0100,44,3.442,0.8730,2,0.7488,,0.700,0,
6915,4,200,edge-26,2,edge,3300.0,0.1001,0.0100,38,3.397,0.8537,1,0.7298,,0.700,0,
6916,4,200,edge-26,2,edge,3400.0,0.1000,0.0100,46,3.492,0.8779,1,0.7107,,0.700,0,
6917,4,200,edge-26,2,edge,3500.0,0.1001,0.0100,47,3.497,0.9095,1,0.6917,,0.700,0,
6918,4,200,edge-26,2,edge,3600.0,0.1000,0.0100,42,3.442,0.8579,0,0.6726,,0.700,0,
6919,4,200,edge-26,2,edge,3700.0,0.1001,0.0100,43,3.447,0.8917,0,0.6536,,0.700,0,
6920,4,200,edge-26,2,edge,3800.0,0.1000,0.0100,40,3.538,0.8504,1,0.6345,,0.700,0,
6921,4,200,edge-26,2,edge,3900.0,0.1001,0.0100,47,3.643,0.9201,1,0.6155,,0.700,0,
6922,4,200,edge-26,2,edge,4000.0,0.1000,0.0100,42,3.588,0.8603,1,0.5964,,0.700,0,
6923,4,200,edge-26,2,edge,4100.0,0.1001,0.0100,42,3.588,0.8582,1,0.5774,,0.700,0,
6924,4,200,edge-26,2,edge,4200.0,0.1000,0.0100,43,3.593,0.8803,1,0.5583,,0.700,0,
6925,4,200,edge-26,2,edge,4300.0,0.1000,0.0100,34,3.488,0.7935,0,0.5393,,0.700,0,
6926,4,200,edge-26,2,edge,4400.0,0.1001,0.0100,47,3.643,0.9089,0,0.5202,,0.700,0,
6927,4,200,edge-26,2,edge,4500.0,0.1001,0.0100,49,3.688,0.9094,0,0.5012,,0.700,0,
6928,4,200,edge-26,2,edge,4600.0,0.1000,0.0100,38,3.543,0.8480,0,0.4821,,0.700,0,
6929,4,200,edge-26,2,edge,4700.0,0.1000,0.0100,33,3.341,0.7806,1,0.4631,,0.700,0,
6930,4,200,edge-26,2,edge,4800.0,0.1001,0.0100,47,3.546,0.9058,1,0.4440,,0.700,0,
6931,4,200,edge-26,2,edge,4900.0,0.1000,0.0100,46,3.541,0.8798,1,0.4250,,0.700,0,
6932,4,200,edge-26,2,edge,5000.0,0.1001,0.0100,38,3.446,0.8577,1,0.4060,,0.700,0,
6933,4,203,edge-27,2,edge,0.0,0.0000,0.0100,0,1.689,,1,1.0000,,0.700,0,1719.9
6934,4,203,edge-27,2,edge,100.0,0.0400,0.0100,7,2.039,0.8072,1,0.9911,,0.700,0,1719.9
6935,4,203,edge-27,2,edge,200.0,0.1000,0.0100,17,2.539,0.7257,1,0.9873,,0.700,0,1719.9
6936,4,203,edge-27,2,edge,300.0,0.1000,0.0100,30,2.765,0.8638,2,0.9837,,0.700,0,1719.9
6937,4,203,edge-27,2,edge,400.0,0.1001,0.0100,38,3.320,0.7749,2,0.9799,,0.700,0,1719.9
6938,4,203,edge-27,2,edge,500.0,0.1000,0.0100,37,3.533,0.7245,2,0.9761,,0.700,0,1719.9
6939,4,203,edge-27,2,edge,600.0,0.1000,0.0100,34,3.483,0.7038,2,0.9724,,0.700,0,1719.9
6940,4,203,edge-27,2,edge,700.0,0.1000,0.0100,37,3.533,0.7251,2,0.9686,,0.700,0,1719.9
6941,4,203,edge-27,2,edge,800.0,0.1001,0.0100,38,3.475,0.7704,2,0.9648,,0.700,0,1719.9
6942,4,203,edge-27,2,edge,900.0,0.1000,0.0100,37,3.578,0.7034,3,0.9610,,0.700,0,1719.9
6943,4,203,edge-27,2,edge,1000.0,0.1001,0.0100,43,3.633,0.7500,2,0.9572,,0.700,0,1719.9
6944,4,203,edge-27,2,edge,1100.0,0.1000,0.0100,37,3.812,0.7224,3,0.9534,,0.700,0,1719.9
6945,4,203,edge-27,2,edge,1200.0,0.1000,0.0100,40,3.812,0.7340,3,0.9496,,0.700,0,1719.9
6946,4,203,edge-27,2,edge,1300.0,0.1000,0.0100,37,3.812,0.7099,2,0.9458,,0.700,0,1719.9
6947,4,203,edge-27,2,edge,1400.0,0.1000,0.0100,42,3.862,0.7476,1,0.9420,,0.700,0,1719.9
6948,4,203,edge-27,2,edge,1500.0,0.1001,0.0100,47,3.917,0.7875,1,0.9382,,0.700,0,1719.9
6949,4,203,edge-27,2,edge,1600.0,0.1000,0.0100,42,3.862,0.7578,0,0.9344,,0.700,1,1719.9
6950,4,203,edge-27,2,edge,1700.0,0.1001,0.0100,43,3.867,0.7705,0,0.9306,,0.700,1,1719.9
6951,4,206,edge-28,2,edge,0.0,0.0000,0.0100,0,2.014,,1,1.0000,,0.700,0,
6952,4,206,edge-28,2,edge,100.0,0.0400,0.0100,8,2.414,0.8914,1,0.9911,,0.700,0,
6953,4,206,edge-28,2,edge,200.0,0.1000,0.0100,17,2.864,0.7257,1,0.9873,,0.700,0,
6954,4,206,edge-28,2,edge,300.0,0.1000,0.0100,27,3.171,0.8479,2,0.9837,,0.700,0,
6955,4,206,edge-28,2,edge,400.0,0.1000,0.0100,42,3.821,0.7417,2,0.9799,,0.700,0,
6956,4,206,edge-28,2,edge,500.0,0.1001,0.0100,44,3.608,0.7723,2,0.9761,,0.700,0,
6957,4,206,edge-28,2,edge,600.0,0.1000,0.0100,44,3.537,0.7382,3,0.9724,,0.700,0,
6958,4,206,edge-28,2,edge,700.0,0.1001,0.0100,44,3.802,0.7989,4,0.9686,,0.700,0,
6959,4,206,edge-28,2,edge,800.0,0.1000,0.0100,46,3.775,0.7531,3,0.9648,,0.700,0,
6960,4,206,edge-28,2,edge,900.0,0.1000,0.0100,46,3.991,0.7546,4,0.9610,,0.700,0,
6961,4,206,edge-28,2,edge,1000.0,0.1001,0.0100,43,3.512,0.7562,4,0.9572,,0.700,0,
6962,4,206,edge-28,2,edge,1100.0,0.1000,0.0100,37,3.776,0.7250,4,0.9534,,0.700,0,
6963,4,206,edge-28,2,edge,1200.0,0.1001,0.0100,46,3.760,0.7799,4,0.9496,,0.700,0,
6964,4,206,edge-28,2,edge,1300.0,0.1000,0.0100,37,3.705,0.7304,4,0.9458,,0.700,0,
6965,4,206,edge-28,2,edge,1400.0,0.1001,0.0100,43,3.760,0.8363,3,0.9329,,0.700,0,
6966,4,206,edge-28,2,edge,1500.0,0.1000,0.0100,37,3.705,0.8214,2,0.9139,,0.700,0,
6967,4,206,edge-28,2,edge,1600.0,0.1001,0.0100,38,3.710,0.8529,1,0.8948,,0.700,0,
6968,4,206,edge-28,2,edge,1700.0,0.1000,0.0100,42,3.885,0.8587,1,0.8758,,0.700,0,
6969,4,206,edge-28,2,edge,1800.0,0.1000,0.0100,37,3.835,0.8340,1,0.8567,,0.700,0,
6970,4,206,edge-28,2,edge,1900.0,0.1000,0.0100,38,3.585,0.8586,2,0.8377,,0.700,0,
6971,4,206,edge-28,2,edge,2000.0,0.1001,0.0100,35,3.490,0.8309,2,0.8186,,0.700,0,
6972,4,206,edge-28,2,edge,2100.0,0.1000,0.0100,37,3.535,0.8239,2,0.7996,,0.700,0,
6973,4,206,edge-28,2,edge,2200.0,0.1000,0.0100,42,3.585,0.8519,1,0.7806,,0.700,0,
6974,4,206,edge-28,2,edge,2300.0,0.1000,0.0100,42,3.901,0.8529,1,0.7615,,0.700,0,
6975,4,206,edge-28,2,edge,2400.0,0.1000,0.0100,44,3.570,0.8585,1,0.7425,,0.700,0,
6976,4,206,edge-28,2,edge,2500.0,0.1001,0.0100,47,3.625,0.9088,1,0.7234,,0.700,0,
6977,4,206,edge-28,2,edge,2600.0,0.1000,0.0100,43,3.629,0.8683,2,0.7044,,0.700,0,
6978,4,206,edge-28,2,edge,2700.0,0.1001,0.0100,46,3.782,0.8957,3,0.6853,,0.700,0,
6979,4,206,edge-28,2,edge,2800.0,0.1000,0.0100,46,3.827,0.8900,3,0.6663,,0.700,0,
6980,4,206,edge-28,2,edge,2900.0,0.1001,0.0100,48,3.560,0.9156,3,0.6472,,0.700,0,
6981,4,206,edge-28,2,edge,3000.0,0.1000,0.0100,46,3.505,0.8643,3,0.6282,,0.700,0,
6982,4,206,edge-28,2,edge,3100.0,0.1001,0.0100,43,3.460,0.8657,2,0.6091,,0.700,0,
6983,4,206,edge-28,2,edge,3200.0,0.1000,0.0100,46,3.717,0.8899,2,0.5901,,0.700,0,
6984,4,206,edge-28,2,edge,3300.0,0.1000,0.0100,36,3.523,0.7965,3,0.5710,,0.700,0,
6985,4,206,edge-28,2,edge,3400.0,0.1000,0.0100,38,3.661,0.8538,3,0.5520,,0.700,0,
6986,4,206,edge-28,2,edge,3500.0,0.1001,0.0100,42,3.502,0.8607,4,0.5329,,0.700,0,
6987,4,206,edge-28,2,edge,3600.0,0.1000,0.0100,42,3.547,0.8574,4,0.5139,,0.700,0,
6988,4,206,edge-28,2,edge,3700.0,0.1001,0.0100,35,3.452,0.8325,3,0.4948,,0.700,0,
6989,4,206,edge-28,2,edge,3800.0,0.1000,0.0100,37,3.497,0.8338,2,0.4758,,0.700,0,
6990,4,206,edge-28,2,edge,3900.0,0.1000,0.0100,37,3.737,0.8309,1,0.4567,,0.700,0,
6991,4,206,edge-28,2,edge,4000.0,0.1001,0.0100,47,3.555,0.9158,0,0.4377,,0.700,0,
6992,4,206,edge-28,2,edge,4100.0,0.1000,0.0100,42,3.399,0.8335,1,0.4186,,0.700,0,
6993,4,206,edge-28,2,edge,4200.0,0.1001,0.0100,34,3.254,0.8158,1,0.3996,,0.700,0,
6994,4,206,edge-28,2,edge,4300.0,0.1000,0.0100,43,3.730,0.8668,2,0.3806,,0.700,0,
6995,4,206,edge-28,2,edge,4400.0,0.1000,0.0100,37,3.630,0.8180,2,0.3615,,0.700,0,
6996,4,206,edge-28,2,edge,4500.0,0.1000,0.0100,37,3.630,0.8176,2,0.3425,,0.700,0,
6997,4,206,edge-28,2,edge,4600.0,0.1001,0.0100,43,3.505,0.8823,2,0.3234,,0.700,0,
6998,4,206,edge-28,2,edge,4700.0,0.1000,0.0100,46,3.706,0.8775,3,0.3044,,0.700,0,
6999,4,206,edge-28,2,edge,4800.0,0.1001,0.0100,47,3.541,0.9083,3,0.2853,,0.700,0,
7000,4,206,edge-28,2,edge,4900.0,0.1000,0.0100,42,3.486,0.8524,3,0.2663,,0.700,0,
7001,4,206,edge-28,2,edge,5000.0,0.1001,0.0100,37,3.573,0.8482,4,0.2472,,0.700,0,
7002,4,209,edge-29,2,edge,0.0,0.0000,0.0100,0,1.691,,1,1.0000,,0.700,0,
7003,4,209,edge-29,2,edge,100.0,0.0400,0.0100,8,2.091,0.8914,1,0.9911,,0.700,0,
7004,4,209,edge-29,2,edge,200.0,0.1000,0.0100,25,2.708,0.8318,2,0.9873,,0.700,0,
7005,4,209,edge-29,2,edge,300.0,0.1000,0.0100,27,2.842,0.8363,2,0.9836,,0.700,0,
7006,4,209,edge-29,2,edge,400.0,0.1001,0.0100,36,3.555,0.7667,3,0.9798,,0.700,0,
7007,4,209,edge-29,2,edge,500.0,0.1000,0.0100,37,3.550,0.7208,2,0.9760,,0.700,0,
7008,4,209,edge-29,2,edge,600.0,0.1001,0.0100,37,3.505,0.7683,2,0.9722,,0.700,0,
7009,4,209,edge-29,2,edge,700.0,0.1000,0.0100,42,3.661,0.7319,1,0.9684,,0.700,0,
7010,4,209,edge-29,2,edge,800.0,0.1000,0.0100,43,3.476,0.7587,2,0.9646,,0.700,0,
7011,4,209,edge-29,2,edge,900.0,0.1001,0.0100,34,3.414,0.6958,2,0.9608,,0.700,0,
7012,4,209,edge-29,2,edge,1000.0,0.1000,0.0100,37,3.440,0.7356,3,0.9570,,0.700,0,
7013,4,209,edge-29,2,edge,1100.0,0.1001,0.0100,39,3.420,0.7850,4,0.9532,,0.700,0,
7014,4,209,edge-29,2,edge,1200.0,0.1000,0.0100,40,3.357,0.7167,5,0.9494,,0.700,0,
7015,4,209,edge-29,2,edge,1300.0,0.1001,0.0100,43,3.713,0.7569,4,0.9457,,0.700,0,
7016,4,209,edge-29,2,edge,1400.0,0.1000,0.0100,42,3.708,0.7449,3,0.9419,,0.700,0,
7017,4,209,edge-29,2,edge,1500.0,0.1001,0.0100,38,3.294,0.7892,3,0.9381,,0.700,0,
7018,4,209,edge-29,2,edge,1600.0,0.1000,0.0100,37,3.289,0.7347,2,0.9343,,0.700,0,
7019,4,209,edge-29,2,edge,1700.0,0.1001,0.0100,48,3.582,0.8106,2,0.9305,,0.700,0,
7020,4,209,edge-29,2,edge,1800.0,0.1000,0.0100,46,3.527,0.7606,2,0.9268,,0.700,0,
7021,4,209,edge-29,2,edge,1900.0,0.1001,0.0100,47,3.451,0.7826,3,0.9230,,0.700,0,
7022,4,209,edge-29,2,edge,2000.0,0.1000,0.0100,42,3.396,0.7274,2,0.9192,,0.700,0,
7023,4,209,edge-29,2,edge,2100.0,0.1001,0.0100,47,3.650,0.7920,3,0.9154,,0.700,0,
7024,4,209,edge-29,2,edge,2200.0,0.1000,0.0100,40,3.393,0.7160,3,0.9116,,0.700,0,
7025,4,209,edge-29,2,edge,2300.0,0.1001,0.0100,35,3.371,0.7471,4,0.9078,,0.700,0,
7026,4,209,edge-29,2,edge,2400.0,0.1000,0.0100,37,3.518,0.7327,4,0.9040,,0.700,0,
7027,4,209,edge-29,2,edge,2500.0,0.1001,0.0100,43,3.573,0.7679,4,0.9002,,0.700,0,
7028,4,209,edge-29,2,edge,2600.0,0.1000,0.0100,37,3.518,0.7467,3,0.8964,,0.700,0,
7029,4,209,edge-29,2,edge,2700.0,0.1001,0.0100,47,3.623,0.7983,2,0.8926,,0.700,0,
7030,4,209,edge-29,2,edge,2800.0,0.1000,0.0100,46,3.617,0.7590,2,0.8890,,0.700,0,
7031,4,209,edge-29,2,edge,2900.0,0.1001,0.0100,47,3.622,0.7823,1,0.8852,,0.700,0,
7032,4,209,edge-29,2,edge,3000.0,0.1000,0.0100,42,3.567,0.7270,1,0.8816,,0.700,0,
7033,4,209,edge-29,2,edge,3100.0,0.1000,0.0100,42,3.567,0.7355,1,0.8778,,0.700,0,
7034,4,209,edge-29,2,edge,3200.0,0.1001,0.0100,47,3.622,0.7742,1,0.8740,,0.700,0,
7035,4,209,edge-29,2,edge,3300.0,0.1000,0.0100,44,3.567,0.7484,0,0.8702,,0.700,0,
7036,4,209,edge-29,2,edge,3400.0,0.1001,0.0100,39,3.412,0.7690,1,0.8664,,0.700,0,
7037,4,209,edge-29,2,edge,3500.0,0.1000,0.0100,37,3.528,0.7187,2,0.8626,,0.700,0,
7038,4,209,edge-29,2,edge,3600.0,0.1001,0.0100,47,3.499,0.7791,2,0.8589,,0.700,0,
7039,4,209,edge-29,2,edge,3700.0,0.1000,0.0100,46,3.476,0.7695,3,0.8551,,0.700,0,
7040,4,209,edge-29,2,edge,3800.0,0.1001,0.0100,43,3.354,0.7678,4,0.8513,,0.700,0,
7041,4,209,edge-29,2,edge,3900.0,0.1000,0.0100,46,3.399,0.7580,3,0.8475,,0.700,0,
7042,4,209,edge-29,2,edge,4000.0,0.1001,0.0100,42,3.380,0.7645,3,0.8437,,0.700,0,
7043,4,209,edge-29,2,edge,4100.0,0.1000,0.0100,46,3.475,0.7597,3,0.8399,,0.700,0,
7044,4,209,edge-29,2,edge,4200.0,0.1000,0.0100,43,3.438,0.7691,3,0.8361,,0.700,0,
7045,4,209,edge-29,2,edge,4300.0,0.1001,0.0100,46,3.327,0.7653,3,0.8323,,0.700,0,
7046,4,209,edge-29,2,edge,4400.0,0.1000,0.0100,42,3.469,0.7631,4,0.8285,,0.700,0,
7047,4,209,edge-29,2,edge,4500.0,0.1001,0.0100,43,3.416,0.7747,4,0.8247,,0.700,0,
7048,4,209,edge-29,2,edge,4600.0,0.1000,0.0100,46,3.461,0.7639,4,0.8209,,0.700,0,
7049,4,209,edge-29,2,edge,4700.0,0.1000,0.0100,42,3.411,0.7611,3,0.8171,,0.700,0,
7050,4,209,edge-29,2,edge,4800.0,0.1000,0.0100,46,3.461,0.7663,2,0.8134,,0.700,0,
7051,4,209,edge-29,2,edge,4900.0,0.1001,0.0100,43,3.416,0.7845,1,0.8096,,0.700,0,
7052,4,209,edge-29,2,edge,5000.0,0.1000,0.0100,40,3.473,0.7320,1,0.8058,,0.700,0,
7053,4,212,edge-30,2,edge,0.0,0.0000,0.0100,0,1.531,,1,1.0000,,0.700,0,
7054,4,212,edge-30,2,edge,100.0,0.0400,0.0100,7,1.881,0.8072,1,0.9911,,0.700,0,
7055,4,212,edge-30,2,edge,200.0,0.1000,0.0100,25,2.769,0.8318,2,0.9873,,0.700,0,
7056,4,212,edge-30,2,edge,300.0,0.1001,0.0100,24,2.770,0.8698,3,0.9836,,0.700,0,
7057,4,212,edge-30,2,edge,400.0,0.1000,0.0100,46,3.515,0.7586,3,0.9798,,0.700,0,
7058,4,212,edge-30,2,edge,500.0,0.1000,0.0100,46,3.619,0.7628,3,0.9760,,0.700,0,
7059,4,212,edge-30,2,edge,600.0,0.1001,0.0100,44,3.534,0.7985,4,0.9722,,0.700,0,
7060,4,212,edge-30,2,edge,700.0,0.1000,0.0100,37,3.429,0.7451,3,0.9684,,0.700,0,
7061,4,212,edge-30,2,edge,800.0,0.1000,0.0100,46,3.529,0.7612,2,0.9646,,0.700,0,
7062,4,212,edge-30,2,edge,900.0,0.1000,0.0100,42,3.479,0.7317,2,0.9608,,0.700,0,
7063,4,212,edge-30,2,edge,1000.0,0.1001,0.0100,35,3.384,0.7639,1,0.9495,,0.700,0,
7064,4,212,edge-30,2,edge,1100.0,0.1000,0.0100,46,3.529,0.8652,0,0.9304,,0.700,0,
7065,4,212,edge-30,2,edge,1200.0,0.1000,0.0100,37,3.429,0.8047,0,0.9114,,0.700,0,
7066,4,212,edge-30,2,edge,1300.0,0.1001,0.0100,38,3.332,0.8518,1,0.8923,,0.700,0,
7067,4,212,edge-30,2,edge,1400.0,0.1000,0.0100,42,3.578,0.8367,2,0.8733,,0.700,0,
7068,4,212,edge-30,2,edge,1500.0,0.1001,0.0100,35,3.420,0.8236,3,0.8542,,0.700,0,
7069,4,212,edge-30,2,edge,1600.0,0.1000,0.0100,36,3.504,0.8143,4,0.8352,,0.700,0,
7070,4,212,edge-30,2,edge,1700.0,0.1001,0.0100,48,3.880,0.9225,5,0.8161,,0.700,0,
7071,4,212,edge-30,2,edge,1800.0,0.1000,0.0100,36,3.548,0.8315,5,0.7971,,0.700,0,
7072,4,212,edge-30,2,edge,1900.0,0.1001,0.0100,43,3.653,0.8893,4,0.7780,,0.700,0,
7073,4,212,edge-30,2,edge,2000.0,0.1000,0.0100,34,3.548,0.8011,3,0.7590,,0.700,0,
7074,4,212,edge-30,2,edge,2100.0,0.1001,0.0100,46,3.698,0.8822,2,0.7399,,0.700,0,
7075,4,212,edge-30,2,edge,2200.0,0.1000,0.0100,43,3.653,0.8800,1,0.7209,,0.700,0,
7076,4,212,edge-30,2,edge,2300.0,0.1000,0.0100,42,3.648,0.8552,0,0.7019,,0.700,0,
7077,4,212,edge-30,2,edge,2400.0,0.1001,0.0100,47,3.913,0.9087,1,0.6828,,0.700,0,
7078,4,212,edge-30,2,edge,2500.0,0.1000,0.0100,37,3.808,0.8234,1,0.6638,,0.700,0,
7079,4,212,edge-30,2,edge,2600.0,0.1001,0.0100,43,3.863,0.8775,1,0.6447,,0.700,0,
7080,4,212,edge-30,2,edge,2700.0,0.1000,0.0100,42,3.858,0.8473,1,0.6257,,0.700,0,
7081,4,212,edge-30,2,edge,2800.0,0.1001,0.0100,47,3.652,0.9018,1,0.6066,,0.700,0,
7082,4,212,edge-30,2,edge,2900.0,0.1000,0.0100,40,3.707,0.8374,1,0.5876,,0.700,0,
7083,4,212,edge-30,2,edge,3000.0,0.1001,0.0100,48,3.774,0.9105,2,0.5685,,0.700,0,
7084,4,212,edge-30,2,edge,3100.0,0.1000,0.0100,42,3.462,0.8590,3,0.5495,,0.700,0,
7085,4,212,edge-30,2,edge,3200.0,0.1001,0.0100,46,3.680,0.8943,4,0.5304,,0.700,0,
7086,4,212,edge-30,2,edge,3300.0,0.1000,0.0100,46,3.725,0.8780,4,0.5114,,0.700,0,
7087,4,212,edge-30,2,edge,3400.0,0.1000,0.0100,46,3.725,0.8828,3,0.4923,,0.700,0,
7088,4,212,edge-30,2,edge,3500.0,0.1000,0.0100,47,3.779,0.9065,3,0.4733,,0.700,0,
7089,4,212,edge-30,2,edge,3600.0,0.1001,0.0100,42,3.661,0.8781,3,0.4542,,0.700,0,
7090,4,212,edge-30,2,edge,3700.0,0.1000,0.0100,34,3.606,0.8022,2,0.4352,,0.700,0,
7091,4,212,edge-30,2,edge,3800.0,0.1001,0.0100,47,3.815,0.9168,2,0.4161,,0.700,0,
7092,4,212,edge-30,2,edge,3900.0,0.1000,0.0100,42,3.437,0.8354,3,0.3971,,0.700,0,
7093,4,212,edge-30,2,edge,4000.0,0.1000,0.0100,42,3.437,0.8377,2,0.3780,,0.700,0,
7094,4,212,edge-30,2,edge,4100.0,0.1000,0.0100,42,3.437,0.8333,1,0.3590,,0.700,0,
7095,4,212,edge-30,2,edge,4200.0,0.1001,0.0100,34,3.292,0.8173,1,0.3399,,0.700,0,
7096,4,212,edge-30,2,edge,4300.0,0.1000,0.0100,37,3.387,0.8252,1,0.3209,,0.700,0,
7097,4,212,edge-30,2,edge,4400.0,0.1001,0.0100,38,3.392,0.8508,0,0.3019,,0.700,0,
7098,4,212,edge-30,2,edge,4500.0,0.1000,0.0100,42,3.437,0.8507,0,0.2828,,0.700,0,
7099,4,212,edge-30,2,edge,4600.0,0.1000,0.0100,42,3.491,0.8781,1,0.2638,,0.700,0,
7100,4,212,edge-30,2,edge,4700.0,0.1001,0.0100,38,3.446,0.8541,1,0.2447,,0.700,0,
7101,4,212,edge-30,2,edge,4800.0,0.1000,0.0100,46,3.541,0.8796,1,0.2257,,0.700,0,
7102,4,212,edge-30,2,edge,4900.0,0.1001,0.0100,43,3.496,0.8786,1,0.2066,,0.700,0,
7103,4,212,edge-30,2,edge,5000.0,0.1000,0.0100,46,3.541,0.8854,1,0.1876,,0.700,0,
7104,4,215,edge-31,2,edge,0.0,0.0000,0.0100,0,2.111,,1,1.0000,,0.700,0,
7105,4,215,edge-31,2,edge,100.0,0.0400,0.0100,7,2.461,0.8072,1,0.9911,,0.700,0,
7106,4,215,edge-31,2,edge,200.0,0.1000,0.0100,22,3.061,0.7980,1,0.9873,,0.700,0,
7107,4,215,edge-31,2,edge,300.0,0.1000,0.0100,30,3.311,0.8657,1,0.9837,,0.700,0,
7108,4,215,edge-31,2,edge,400.0,0.1000,0.0100,43,3.685,0.7692,2,0.9799,,0.700,0,
7109,4,215,edge-31,2,edge,500.0,0.1000,0.0100,34,3.549,0.7299,2,0.9761,,0.700,0,
7110,4,215,edge-31,2,edge,600.0,0.1000,0.0100,42,3.649,0.7420,2,0.9724,,0.700,0,
7111,4,215,edge-31,2,edge,700.0,0.1000,0.0100,42,3.649,0.7601,2,0.9686,,0.700,0,
7112,4,215,edge-31,2,edge,800.0,0.1001,0.0100,38,3.604,0.7576,2,0.9648,,0.700,0,
7113,4,215,edge-31,2,edge,900.0,0.1000,0.0100,40,3.802,0.7282,2,0.9610,,0.700,0,
7114,4,215,edge-31,2,edge,1000.0,0.1001,0.0100,35,3.757,0.8253,1,0.9466,,0.700,0,
7115,4,215,edge-31,2,edge,1100.0,0.1000,0.0100,46,3.902,0.8883,1,0.9275,,0.700,0,
7116,4,215,edge-31,2,edge,1200.0,0.1001,0.0100,43,3.857,0.8844,1,0.9085,,0.700,0,
7117,4,215,edge-31,2,edge,1300.0,0.1000,0.0100,46,3.902,0.8799,1,0.8894,,0.700,0,
7118,4,215,edge-31,2,edge,1400.0,0.1001,0.0100,34,3.707,0.7950,0,0.8704,,0.700,0,
7119,4,215,edge-31,2,edge,1500.0,0.1000,0.0100,46,3.765,0.8799,1,0.8513,,0.700,0,
7120,4,215,edge-31,2,edge,1600.0,0.1001,0.0100,38,3.670,0.8547,1,0.8323,,0.700,0,
7121,4,215,edge-31,2,edge,1700.0,0.1000,0.0100,37,3.665,0.8233,1,0.8132,,0.700,0,
7122,4,215,edge-31,2,edge,1800.0,0.1001,0.0100,49,3.815,0.9082,1,0.7942,,0.700,0,
7123,4,215,edge-31,2,edge,1900.0,0.1000,0.0100,38,3.670,0.8473,1,0.7751,,0.700,0,
7124,4,215,edge-31,2,edge,2000.0,0.1001,0.0100,44,3.601,0.8909,1,0.7561,,0.700,0,
7125,4,215,edge-31,2,edge,2100.0,0.1000,0.0100,38,3.433,0.8605,2,0.7370,,0.700,0,
7126,4,215,edge-31,2,edge,2200.0,0.1000,0.0100,33,3.463,0.7648,3,0.7180,,0.700,0,
7127,4,215,edge-31,2,edge,2300.0,0.1001,0.0100,43,3.469,0.8812,4,0.6989,,0.700,0,
7128,4,215,edge-31,2,edge,2400.0,0.1000,0.0100,46,3.568,0.8899,5,0.6799,,0.700,0,
7129,4,215,edge-31,2,edge,2500.0,0.1001,0.0100,43,3.432,0.8928,5,0.6608,,0.700,0,
7130,4,215,edge-31,2,edge,2600.0,0.1000,0.0100,44,3.660,0.8560,5,0.6418,,0.700,0,
7131,4,215,edge-31,2,edge,2700.0,0.1001,0.0100,48,3.522,0.9393,5,0.6228,,0.700,0,
7132,4,215,edge-31,2,edge,2800.0,0.1000,0.0100,37,3.345,0.8329,5,0.6037,,0.700,0,
7133,4,215,edge-31,2,edge,2900.0,0.1001,0.0100,43,3.552,0.8810,5,0.5847,,0.700,0,
7134,4,215,edge-31,2,edge,3000.0,0.1000,0.0100,46,3.615,0.8765,5,0.5656,,0.700,0,
7135,4,215,edge-31,2,edge,3100.0,0.1001,0.0100,47,3.620,0.9012,4,0.5466,,0.700,0,
7136,4,215,edge-31,2,edge,3200.0,0.1000,0.0100,37,3.515,0.8074,3,0.5275,,0.700,0,
7137,4,215,edge-31,2,edge,3300.0,0.1000,0.0100,34,3.404,0.8053,3,0.5085,,0.700,0,
7138,4,215,edge-31,2,edge,3400.0,0.1000,0.0100,40,3.574,0.8316,3,0.4894,,0.700,0,
7139,4,215,edge-31,2,edge,3500.0,0.1001,0.0100,39,3.506,0.8831,3,0.4704,,0.700,0,
7140,4,215,edge-31,2,edge,3600.0,0.1000,0.0100,40,3.455,0.8380,4,0.4513,,0.700,0,
7141,4,215,edge-31,2,edge,3700.0,0.1001,0.0100,46,3.550,0.8914,5,0.4323,,0.700,0,
7142,4,215,edge-31,2,edge,3800.0,0.1000,0.0100,38,3.435,0.8460,5,0.4132,,0.700,0,
7143,4,215,edge-31,2,edge,3900.0,0.1000,0.0100,37,3.306,0.8233,5,0.3942,,0.700,0,
7144,4,215,edge-31,2,edge,4000.0,0.1001,0.0100,44,3.576,0.9039,5,0.3751,,0.700,0,
7145,4,215,edge-31,2,edge,4100.0,0.1000,0.0100,44,3.474,0.8734,5,0.3561,,0.700,0,
7146,4,215,edge-31,2,edge,4200.0,0.1001,0.0100,35,3.379,0.8249,4,0.3370,,0.700,0,
7147,4,215,edge-31,2,edge,4300.0,0.1000,0.0100,46,3.524,0.8779,3,0.3180,,0.700,0,
7148,4,215,edge-31,2,edge,4400.0,0.1001,0.0100,43,3.501,0.8910,3,0.2989,,0.700,0,
7149,4,215,edge-31,2,edge,4500.0,0.1000,0.0100,37,3.446,0.8206,2,0.2799,,0.700,0,
7150,4,215,edge-31,2,edge,4600.0,0.1001,0.0100,47,3.551,0.9112,1,0.2608,,0.700,0,
7151,4,215,edge-31,2,edge,4700.0,0.1000,0.0100,47,3.542,0.8937,2,0.2418,,0.700,0,
7152,4,215,edge-31,2,edge,4800.0,0.1001,0.0100,43,3.447,0.8641,2,0.2228,,0.700,0,
7153,4,215,edge-31,2,edge,4900.0,0.1000,0.0100,42,3.442,0.8378,1,0.2037,,0.700,0,
7154,4,215,edge-31,2,edge,5000.0,0.1001,0.0100,43,3.447,0.8619,1,0.1847,,0.700,0,
7155,4,218,edge-32,2,edge,0.0,0.0000,0.0100,0,1.868,,1,1.0000,,0.700,0,
7156,4,218,edge-32,2,edge,100.0,0.0400,0.0100,7,2.218,0.8072,1,0.9911,,0.700,0,
7157,4,218,edge-32,2,edge,200.0,0.1000,0.0100,22,2.742,0.8015,2,0.9873,,0.700,0,
7158,4,218,edge-32,2,edge,300.0,0.1000,0.0100,27,2.942,0.8385,2,0.9836,,0.700,0,
7159,4,218,edge-32,2,edge,400.0,0.1000,0.0100,46,3.642,0.7633,2,0.9798,,0.700,0,
7160,4,218,edge-32,2,edge,500.0,0.1000,0.0100,47,3.618,0.7971,2,0.9760,,0.700,0,
7161,4,218,edge-32,2,edge,600.0,0.1000,0.0100,40,3.438,0.7057,3,0.9722,,0.700,0,
7162,4,218,edge-32,2,edge,700.0,0.1001,0.0100,44,3.544,0.7937,3,0.9684,,0.700,0,
7163,4,218,edge-32,2,edge,800.0,0.1000,0.0100,46,3.539,0.7618,3,0.9646,,0.700,0,
7164,4,218,edge-32,2,edge,900.0,0.1001,0.0100,43,3.494,0.7557,3,0.9608,,0.700,0,
7165,4,218,edge-32,2,edge,1000.0,0.1000,0.0100,46,3.415,0.7715,3,0.9570,,0.700,0,
7166,4,218,edge-32,2,edge,1100.0,0.1001,0.0100,47,3.420,0.8004,2,0.9532,,0.700,0,
7167,4,218,edge-32,2,edge,1200.0,0.1000,0.0100,46,3.633,0.7729,2,0.9496,,0.700,0,
7168,4,218,edge-32,2,edge,1300.0,0.1001,0.0100,43,3.588,0.7776,2,0.9458,,0.700,0,
7169,4,218,edge-32,2,edge,1400.0,0.1000,0.0100,46,3.633,0.7730,2,0.9420,,0.700,0,
7170,4,218,edge-32,2,edge,1500.0,0.1000,0.0100,46,3.570,0.7651,2,0.9382,,0.700,0,
7171,4,218,edge-32,2,edge,1600.0,0.1001,0.0100,46,3.633,0.7680,3,0.9344,,0.700,0,
7172,4,218,edge-32,2,edge,1700.0,0.1000,0.0100,42,3.628,0.7516,2,0.9306,,0.700,0,
7173,4,218,edge-32,2,edge,1800.0,0.1001,0.0100,47,3.917,0.7952,3,0.9269,,0.700,0,
7174,4,218,edge-32,2,edge,1900.0,0.1000,0.0100,46,3.912,0.7741,3,0.9231,,0.700,0,
7175,4,218,edge-32,2,edge,2000.0,0.1001,0.0100,47,3.917,0.7990,2,0.9193,,0.700,0,
7176,4,218,edge-32,2,edge,2100.0,0.1000,0.0100,46,3.912,0.7721,1,0.9155,,0.700,0,
7177,4,218,edge-32,2,edge,2200.0,0.1000,0.0100,37,3.812,0.7332,1,0.9117,,0.700,0,
7178,4,218,edge-32,2,edge,2300.0,0.1000,0.0100,46,3.912,0.7696,0,0.9079,,0.700,0,
7179,4,218,edge-32,2,edge,2400.0,0.1001,0.0100,43,3.867,0.7796,0,0.9041,,0.700,0,
7180,4,218,edge-32,2,edge,2500.0,0.1000,0.0100,46,3.555,0.7700,0,0.9003,,0.700,0,
7181,4,218,edge-32,2,edge,2600.0,0.1001,0.0100,43,3.510,0.7679,0,0.8965,,0.700,0,
7182,4,218,edge-32,2,edge,2700.0,0.1000,0.0100,46,3.555,0.7637,0,0.8927,,0.700,0,
7183,4,218,edge-32,2,edge,2800.0,0.1001,0.0100,38,3.460,0.7621,0,0.8889,,0.700,0,
7184,4,218,edge-32,2,edge,2900.0,0.1000,0.0100,37,3.584,0.7049,1,0.8851,,0.700,0,
7185,4,218,edge-32,2,edge,3000.0,0.1001,0.0100,38,3.589,0.7562,1,0.8814,,0.700,0,
7186,4,218,edge-32,2,edge,3100.0,0.1000,0.0100,42,3.451,0.7488,2,0.8776,,0.700,0,
7187,4,218,edge-32,2,edge,3200.0,0.1001,0.0100,43,3.456,0.7652,2,0.8738,,0.700,0,
7188,4,218,edge-32,2,edge,3300.0,0.1000,0.0100,40,3.603,0.7215,3,0.8700,,0.700,0,
7189,4,218,edge-32,2,edge,3400.0,0.1000,0.0100,37,3.603,0.7101,2,0.8662,,0.700,0,
7190,4,218,edge-32,2,edge,3500.0,0.1000,0.0100,42,3.653,0.7601,2,0.8624,,0.700,0,
7191,4,218,edge-32,2,edge,3600.0,0.1000,0.0100,43,3.669,0.7484,2,0.8586,,0.700,0,
7192,4,218,edge-32,2,edge,3700.0,0.1001,0.0100,34,3.474,0.7497,2,0.8548,,0.700,0,
7193,4,218,edge-32,2,edge,3800.0,0.1000,0.0100,37,3.569,0.7489,1,0.8510,,0.700,0,
7194,4,218,edge-32,2,edge,3900.0,0.1001,0.0100,47,3.674,0.7857,1,0.8472,,0.700,0,
7195,4,218,edge-32,2,edge,4000.0,0.1000,0.0100,46,3.426,0.7586,2,0.8434,,0.700,0,
7196,4,218,edge-32,2,edge,4100.0,0.1001,0.0100,43,3.381,0.7737,1,0.8397,,0.700,0,
7197,4,218,edge-32,2,edge,4200.0,0.1000,0.0100,37,3.326,0.7176,1,0.8359,,0.700,0,
7198,4,218,edge-32,2,edge,4300.0,0.1001,0.0100,42,3.605,0.7620,2,0.8321,,0.700,0,
7199,4,218,edge-32,2,edge,4400.0,0.1000,0.0100,46,3.700,0.7736,2,0.8283,,0.700,0,
7200,4,218,edge-32,2,edge,4500.0,0.1001,0.0100,35,3.321,0.7539,2,0.8245,,0.700,0,
7201,4,218,edge-32,2,edge,4600.0,0.1000,0.0100,44,3.662,0.7344,3,0.8207,,0.700,0,
7202,4,218,edge-32,2,edge,4700.0,0.1001,0.0100,43,3.409,0.7799,4,0.8155,,0.700,0,
7203,4,218,edge-32,2,edge,4800.0,0.1000,0.0100,37,3.402,0.8297,4,0.7965,,0.700,0,
7204,4,218,edge-32,2,edge,4900.0,0.1001,0.0100,39,3.718,0.8687,5,0.7774,,0.700,0,
7205,4,218,edge-32,2,edge,5000.0,0.1000,0.0100,32,3.168,0.7480,5,0.7584,,0.700,0,
7206,4,221,edge-33,2,edge,0.0,0.0000,0.0100,0,1.728,,1,1.0000,,0.700,0,
7207,4,221,edge-33,2,edge,100.0,0.0400,0.0100,8,2.128,0.8914,1,0.9911,,0.700,0,
7208,4,221,edge-33,2,edge,200.0,0.1000,0.0100,19,2.628,0.7671,1,0.9873,,0.700,0,
7209,4,221,edge-33,2,edge,300.0,0.1000,0.0100,30,2.928,0.8539,1,0.9836,,0.700,0,
7210,4,221,edge-33,2,edge,400.0,0.1000,0.0100,37,3.478,0.7254,1,0.9798,,0.700,0,
7211,4,221,edge-33,2,edge,500.0,0.1001,0.0100,43,3.514,0.7731,0,0.9760,,0.700,0,
7212,4,221,edge-33,2,edge,600.0,0.1000,0.0100,42,3.340,0.7500,1,0.9722,,0.700,0,
7213,4,221,edge-33,2,edge,700.0,0.1001,0.0100,47,3.395,0.7882,1,0.9684,,0.700,0,
7214,4,221,edge-33,2,edge,800.0,0.1000,0.0100,42,3.560,0.7437,2,0.9646,,0.700,0,
7215,4,221,edge-33,2,edge,900.0,0.1001,0.0100,47,3.391,0.7809,3,0.9608,,0.700,0,
7216,4,221,edge-33,2,edge,1000.0,0.1000,0.0100,44,3.816,0.7523,3,0.9570,,0.700,0,
7217,4,221,edge-33,2,edge,1100.0,0.1001,0.0100,43,3.821,0.7611,2,0.9532,,0.700,0,
7218,4,221,edge-33,2,edge,1200.0,0.1000,0.0100,42,3.816,0.7456,2,0.9494,,0.700,0,
7219,4,221,edge-33,2,edge,1300.0,0.1001,0.0100,39,3.794,0.8496,2,0.9350,,0.700,0,
7220,4,221,edge-33,2,edge,1400.0,0.1000,0.0100,42,3.789,0.8531,1,0.9160,,0.700,0,
7221,4,221,edge-33,2,edge,1500.0,0.1001,0.0100,34,3.416,0.8018,2,0.8969,,0.700,0,
7222,4,221,edge-33,2,edge,1600.0,0.1000,0.0100,46,3.611,0.8793,2,0.8779,,0.700,0,
7223,4,221,edge-33,2,edge,1700.0,0.1001,0.0100,38,3.516,0.8567,2,0.8588,,0.700,0,
7224,4,221,edge-33,2,edge,1800.0,0.1000,0.0100,42,3.561,0.8591,1,0.8398,,0.700,0,
7225,4,221,edge-33,2,edge,1900.0,0.1001,0.0100,35,3.466,0.8338,1,0.8207,,0.700,0,
7226,4,221,edge-33,2,edge,2000.0,0.1000,0.0100,46,3.611,0.8915,0,0.8017,,0.700,0,
7227,4,221,edge-33,2,edge,2100.0,0.1000,0.0100,46,3.636,0.8890,0,0.7826,,0.700,0,
7228,4,221,edge-33,2,edge,2200.0,0.1001,0.0100,38,3.466,0.8598,0,0.7636,,0.700,0,
7229,4,221,edge-33,2,edge,2300.0,0.1000,0.0100,37,3.461,0.8255,0,0.7445,,0.700,0,
7230,4,221,edge-33,2,edge,2400.0,0.1001,0.0100,38,3.466,0.8513,0,0.7255,,0.700,0,
7231,4,221,edge-33,2,edge,2500.0,0.1000,0.0100,33,3.341,0.7412,1,0.7064,,0.700,0,
7232,4,221,edge-33,2,edge,2600.0,0.1000,0.0100,44,3.614,0.8736,1,0.6874,,0.700,0,
7233,4,221,edge-33,2,edge,2700.0,0.1000,0.0100,37,3.545,0.8150,2,0.6683,,0.700,0,
7234,4,221,edge-33,2,edge,2800.0,0.1000,0.0100,47,3.453,0.8883,3,0.6493,,0.700,0,
7235,4,221,edge-33,2,edge,2900.0,0.1000,0.0100,44,3.549,0.8734,4,0.6302,,0.700,0,
7236,4,221,edge-33,2,edge,3000.0,0.1001,0.0100,36,3.400,0.8467,4,0.6112,,0.700,0,
7237,4,221,edge-33,2,edge,3100.0,0.1000,0.0100,42,3.445,0.8517,4,0.5922,,0.700,0,
7238,4,221,edge-33,2,edge,3200.0,0.1001,0.0100,47,3.500,0.9029,3,0.5731,,0.700,0,
7239,4,221,edge-33,2,edge,3300.0,0.1000,0.0100,42,3.445,0.8408,2,0.5541,,0.700,0,
7240,4,221,edge-33,2,edge,3400.0,0.1001,0.0100,47,3.645,0.9189,2,0.5350,,0.700,0,
7241,4,221,edge-33,2,edge,3500.0,0.1000,0.0100,40,3.489,0.8330,2,0.5160,,0.700,0,
7242,4,221,edge-33,2,edge,3600.0,0.1001,0.0100,42,3.814,0.8665,2,0.4969,,0.700,0,
7243,4,221,edge-33,2,edge,3700.0,0.1000,0.0100,43,3.819,0.8905,2,0.4779,,0.700,0,
7244,4,221,edge-33,2,edge,3800.0,0.1000,0.0100,37,3.764,0.8315,2,0.4588,,0.700,0,
7245,4,221,edge-33,2,edge,3900.0,0.1001,0.0100,47,3.869,0.9164,1,0.4398,,0.700,0,
7246,4,221,edge-33,2,edge,4000.0,0.1000,0.0100,46,3.864,0.8811,0,0.4207,,0.700,0,
7247,4,221,edge-33,2,edge,4100.0,0.1001,0.0100,47,3.869,0.9074,0,0.4017,,0.700,0,
7248,4,221,edge-33,2,edge,4200.0,0.1000,0.0100,36,3.721,0.8151,1,0.3826,,0.700,0,
7249,4,221,edge-33,2,edge,4300.0,0.1001,0.0100,47,3.876,0.9114,1,0.3636,,0.700,0,
7250,4,221,edge-33,2,edge,4400.0,0.1000,0.0100,43,3.603,0.8562,2,0.3445,,0.700,0,
7251,4,221,edge-33,2,edge,4500.0,0.1001,0.0100,34,3.392,0.7987,3,0.3255,,0.700,0,
7252,4,221,edge-33,2,edge,4600.0,0.1000,0.0100,38,3.747,0.8336,4,0.3064,,0.700,0,
7253,4,221,edge-33,2,edge,4700.0,0.1001,0.0100,38,3.680,0.8355,3,0.2874,,0.700,0,
7254,4,221,edge-33,2,edge,4800.0,0.1000,0.0100,42,3.941,0.8373,4,0.2683,,0.700,0,
7255,4,221,edge-33,2,edge,4900.0,0.1001,0.0100,47,3.562,0.8897,4,0.2493,,0.700,0,
7256,4,221,edge-33,2,edge,5000.0,0.1000,0.0100,46,3.876,0.8883,4,0.2302,,0.700,0,
7257,4,224,edge-34,2,edge,0.0,0.0000,0.0100,0,1.755,,1,1.0000,,0.700,0,
7258,4,224,edge-34,2,edge,100.0,0.0400,0.0100,8,2.155,0.8914,1,0.9911,,0.700,0,
7259,4,224,edge-34,2,edge,200.0,0.1000,0.0100,22,2.533,0.8015,2,0.9873,,0.700,0,
7260,4,224,edge-34,2,edge,300.0,0.1000,0.0100,28,2.783,0.8353,2,0.9836,,0.700,0,
7261,4,224,edge-34,2,edge,400.0,0.1001,0.0100,43,3.388,0.7640,2,0.9798,,0.700,0,
7262,4,224,edge-34,2,edge,500.0,0.1000,0.0100,37,3.333,0.7169,1,0.9760,,0.700,0,
7263,4,224,edge-34,2,edge,600.0,0.1001,0.0100,34,3.238,0.7185,1,0.9722,,0.700,0,
7264,4,224,edge-34,2,edge,700.0,0.1000,0.0100,37,3.441,0.7123,1,0.9686,,0.700,0,
7265,4,224,edge-34,2,edge,800.0,0.1000,0.0100,46,3.541,0.7601,1,0.9648,,0.700,0,
7266,4,224,edge-34,2,edge,900.0,0.1001,0.0100,47,3.546,0.7867,1,0.9610,,0.700,0,
7267,4,224,edge-34,2,edge,1000.0,0.1000,0.0100,38,3.508,0.7500,2,0.9572,,0.700,0,
7268,4,224,edge-34,2,edge,1100.0,0.1001,0.0100,43,3.497,0.7845,2,0.9534,,0.700,0,
7269,4,224,edge-34,2,edge,1200.0,0.1001,0.0100,46,3.605,0.7676,2,0.9496,,0.700,0,
7270,4,224,edge-34,2,edge,1300.0,0.1000,0.0100,42,3.600,0.7537,2,0.9458,,0.700,0,
7271,4,224,edge-34,2,edge,1400.0,0.1001,0.0100,43,3.605,0.7781,2,0.9420,,0.700,0,
7272,4,224,edge-34,2,edge,1500.0,0.1000,0.0100,37,3.611,0.7263,1,0.9382,,0.700,0,
7273,4,224,edge-34,2,edge,1600.0,0.1000,0.0100,37,3.376,0.7507,2,0.9344,,0.700,0,
7274,4,224,edge-34,2,edge,1700.0,0.1001,0.0100,43,3.564,0.7831,2,0.9306,,0.700,0,
7275,4,224,edge-34,2,edge,1800.0,0.1000,0.0100,42,3.490,0.7588,3,0.9269,,0.700,0,
7276,4,224,edge-34,2,edge,1900.0,0.1001,0.0100,46,3.420,0.7769,4,0.9231,,0.700,0,
7277,4,224,edge-34,2,edge,2000.0,0.1000,0.0100,43,3.457,0.7646,5,0.9193,,0.700,0,
7278,4,224,edge-34,2,edge,2100.0,0.1001,0.0100,47,3.763,0.7972,4,0.9155,,0.700,0,
7279,4,224,edge-34,2,edge,2200.0,0.1000,0.0100,46,3.758,0.7700,3,0.9117,,0.700,0,
7280,4,224,edge-34,2,edge,2300.0,0.1001,0.0100,38,3.294,0.7756,3,0.9079,,0.700,0,
7281,4,224,edge-34,2,edge,2400.0,0.1000,0.0100,46,3.389,0.7695,2,0.9041,,0.700,0,
7282,4,224,edge-34,2,edge,2500.0,0.1000,0.0100,40,3.427,0.7265,2,0.9003,,0.700,0,
7283,4,224,edge-34,2,edge,2600.0,0.1000,0.0100,42,3.477,0.7329,2,0.8965,,0.700,0,
7284,4,224,edge-34,2,edge,2700.0,0.1001,0.0100,38,3.351,0.7845,3,0.8927,,0.700,0,
7285,4,224,edge-34,2,edge,2800.0,0.1000,0.0100,42,3.396,0.7543,2,0.8889,,0.700,0,
7286,4,224,edge-34,2,edge,2900.0,0.1001,0.0100,42,3.550,0.7506,3,0.8851,,0.700,0,
7287,4,224,edge-34,2,edge,3000.0,0.1000,0.0100,38,3.443,0.7529,3,0.8814,,0.700,0,
7288,4,224,edge-34,2,edge,3100.0,0.1001,0.0100,38,3.421,0.7780,4,0.8776,,0.700,0,
7289,4,224,edge-34,2,edge,3200.0,0.1000,0.0100,34,3.468,0.7252,4,0.8738,,0.700,0,
7290,4,224,edge-34,2,edge,3300.0,0.1001,0.0100,47,3.623,0.7930,4,0.8700,,0.700,0,
7291,4,224,edge-34,2,edge,3400.0,0.1000,0.0100,37,3.518,0.7134,3,0.8662,,0.700,0,
7292,4,224,edge-34,2,edge,3500.0,0.1001,0.0100,47,3.623,0.7904,2,0.8624,,0.700,0,
7293,4,224,edge-34,2,edge,3600.0,0.1000,0.0100,36,3.467,0.6966,2,0.8588,,0.700,0,
7294,4,224,edge-34,2,edge,3700.0,0.1000,0.0100,37,3.517,0.7211,1,0.8550,,0.700,0,
7295,4,224,edge-34,2,edge,3800.0,0.1001,0.0100,35,3.472,0.7727,1,0.8512,,0.700,0,
7296,4,224,edge-34,2,edge,3900.0,0.1000,0.0100,42,3.567,0.7398,1,0.8474,,0.700,0,
7297,4,224,edge-34,2,edge,4000.0,0.1000,0.0100,46,3.617,0.7741,1,0.8436,,0.700,0,
7298,4,224,edge-34,2,edge,4100.0,0.1000,0.0100,46,3.617,0.7714,0,0.8398,,0.700,0,
7299,4,224,edge-34,2,edge,4200.0,0.1001,0.0100,46,3.412,0.7764,1,0.8360,,0.700,0,
7300,4,224,edge-34,2,edge,4300.0,0.1000,0.0100,46,3.628,0.7538,2,0.8322,,0.700,0,
7301,4,224,edge-34,2,edge,4400.0,0.1001,0.0100,43,3.449,0.7784,2,0.8284,,0.700,0,
7302,4,224,edge-34,2,edge,4500.0,0.1000,0.0100,42,3.426,0.7195,3,0.8247,,0.700,0,
7303,4,224,edge-34,2,edge,4600.0,0.1001,0.0100,37,3.254,0.7440,4,0.8209,,0.700,0,
7304,4,224,edge-34,2,edge,4700.0,0.1000,0.0100,46,3.399,0.7623,3,0.8171,,0.700,0,
7305,4,224,edge-34,2,edge,4800.0,0.1001,0.0100,48,3.530,0.8228,3,0.8133,,0.700,0,
7306,4,224,edge-34,2,edge,4900.0,0.1000,0.0100,42,3.425,0.7500,3,0.8095,,0.700,0,
7307,4,224,edge-34,2,edge,5000.0,0.1000,0.0100,36,3.288,0.6822,3,0.8057,,0.700,0,
7308,4,227,edge-35,2,edge,0.0,0.0000,0.0100,0,1.685,,1,1.0000,,0.700,0,
7309,4,227,edge-35,2,edge,100.0,0.0400,0.0100,8,2.085,0.8914,1,0.9911,,0.700,0,
7310,4,227,edge-35,2,edge,200.0,0.1000,0.0100,19,2.585,0.7671,1,0.9873,,0.700,0,
7311,4,227,edge-35,2,edge,300.0,0.1000,0.0100,23,2.717,0.7936,2,0.9836,,0.700,0,
7312,4,227,edge-35,2,edge,400.0,0.1001,0.0100,48,3.744,0.8082,3,0.9798,,0.700,0,
7313,4,227,edge-35,2,edge,500.0,0.1000,0.0100,42,3.398,0.7449,2,0.9760,,0.700,0,
7314,4,227,edge-35,2,edge,600.0,0.1001,0.0100,37,3.544,0.7409,3,0.9722,,0.700,0,
7315,4,227,edge-35,2,edge,700.0,0.1000,0.0100,42,3.639,0.7473,3,0.9684,,0.700,0,
7316,4,227,edge-35,2,edge,800.0,0.1001,0.0100,39,3.388,0.8044,3,0.9646,,0.700,0,
7317,4,227,edge-35,2,edge,900.0,0.1000,0.0100,46,3.638,0.7698,3,0.9608,,0.700,0,
7318,4,227,edge-35,2,edge,1000.0,0.1001,0.0100,43,3.517,0.7842,4,0.9570,,0.700,0,
7319,4,227,edge-35,2,edge,1100.0,0.1000,0.0100,42,3.395,0.7371,3,0.9532,,0.700,0,
7320,4,227,edge-35,2,edge,1200.0,0.1000,0.0100,36,3.273,0.7004,4,0.9494,,0.700,0,
7321,4,227,edge-35,2,edge,1300.0,0.1000,0.0100,37,3.492,0.7278,4,0.9456,,0.700,0,
7322,4,227,edge-35,2,edge,1400.0,0.1000,0.0100,42,3.483,0.7547,4,0.9418,,0.700,0,
7323,4,227,edge-35,2,edge,1500.0,0.1001,0.0100,43,3.520,0.7682,4,0.9381,,0.700,0,
7324,4,227,edge-35,2,edge,1600.0,0.1000,0.0100,42,3.515,0.7251,4,0.9343,,0.700,0,
7325,4,227,edge-35,2,edge,1700.0,0.1001,0.0100,47,3.683,0.7829,4,0.9305,,0.700,0,
7326,4,227,edge-35,2,edge,1800.0,0.1000,0.0100,42,3.628,0.7435,3,0.9267,,0.700,0,
7327,4,227,edge-35,2,edge,1900.0,0.1000,0.0100,46,3.408,0.7670,3,0.9229,,0.700,0,
7328,4,227,edge-35,2,edge,2000.0,0.1000,0.0100,46,3.624,0.7478,3,0.9191,,0.700,0,
7329,4,227,edge-35,2,edge,2100.0,0.1001,0.0100,42,3.529,0.7725,3,0.9153,,0.700,0,
7330,4,227,edge-35,2,edge,2200.0,0.1000,0.0100,42,3.574,0.7313,2,0.9115,,0.700,0,
7331,4,227,edge-35,2,edge,2300.0,0.1001,0.0100,39,3.324,0.7628,3,0.9077,,0.700,0,
7332,4,227,edge-35,2,edge,2400.0,0.1000,0.0100,46,3.369,0.7508,2,0.9039,,0.700,0,
7333,4,227,edge-35,2,edge,2500.0,0.1001,0.0100,42,3.274,0.7549,1,0.9001,,0.700,0,
7334,4,227,edge-35,2,edge,2600.0,0.1000,0.0100,46,3.369,0.7573,1,0.8964,,0.700,0,
7335,4,227,edge-35,2,edge,2700.0,0.1001,0.0100,38,3.274,0.7723,1,0.8881,,0.700,0,
7336,4,227,edge-35,2,edge,2800.0,0.1000,0.0100,46,3.633,0.8810,1,0.8691,,0.700,0,
7337,4,227,edge-35,2,edge,2900.0,0.1001,0.0100,43,3.588,0.8899,1,0.8500,,0.700,0,
7338,4,227,edge-35,2,edge,3000.0,0.1000,0.0100,42,3.583,0.8621,1,0.8310,,0.700,0,
7339,4,227,edge-35,2,edge,3100.0,0.1000,0.0100,42,3.570,0.8337,2,0.8119,,0.700,0,
7340,4,227,edge-35,2,edge,3200.0,0.1001,0.0100,42,3.525,0.8793,2,0.7929,,0.700,0,
7341,4,227,edge-35,2,edge,3300.0,0.1000,0.0100,37,3.520,0.8251,1,0.7738,,0.700,0,
7342,4,227,edge-35,2,edge,3400.0,0.1001,0.0100,47,3.625,0.9131,1,0.7548,,0.700,0,
7343,4,227,edge-35,2,edge,3500.0,0.1000,0.0100,38,3.331,0.8391,2,0.7357,,0.700,0,
7344,4,227,edge-35,2,edge,3600.0,0.1001,0.0100,38,3.524,0.8600,2,0.7167,,0.700,0,
7345,4,227,edge-35,2,edge,3700.0,0.1000,0.0100,34,3.365,0.7818,3,0.6976,,0.700,0,
7346,4,227,edge-35,2,edge,3800.0,0.1001,0.0100,35,3.370,0.8065,3,0.6786,,0.700,0,
7347,4,227,edge-35,2,edge,3900.0,0.1000,0.0100,46,3.619,0.8617,4,0.6595,,0.700,0,
7348,4,227,edge-35,2,edge,4000.0,0.1000,0.0100,42,3.479,0.8634,4,0.6405,,0.700,0,
7349,4,227,edge-35,2,edge,4100.0,0.1000,0.0100,46,3.529,0.8883,3,0.6214,,0.700,0,
7350,4,227,edge-35,2,edge,4200.0,0.1001,0.0100,38,3.434,0.8569,2,0.6024,,0.700,0,
7351,4,227,edge-35,2,edge,4300.0,0.1000,0.0100,37,3.429,0.8226,2,0.5833,,0.700,0,
7352,4,227,edge-35,2,edge,4400.0,0.1001,0.0100,43,3.484,0.8808,1,0.5643,,0.700,0,
7353,4,227,edge-35,2,edge,4500.0,0.1000,0.0100,46,3.529,0.8821,0,0.5452,,0.700,0,
7354,4,227,edge-35,2,edge,4600.0,0.1001,0.0100,38,3.434,0.8531,0,0.5262,,0.700,0,
7355,4,227,edge-35,2,edge,4700.0,0.1000,0.0100,44,3.377,0.8750,1,0.5072,,0.700,0,
7356,4,227,edge-35,2,edge,4800.0,0.1001,0.0100,49,3.678,0.9076,2,0.4881,,0.700,0,
7357,4,227,edge-35,2,edge,4900.0,0.1000,0.0100,38,3.470,0.8616,3,0.4691,,0.700,0,
7358,4,227,edge-35,2,edge,5000.0,0.1000,0.0100,40,3.554,0.8486,4,0.4500,,0.700,0,
7359,4,230,edge-36,2,edge,0.0,0.0000,0.0100,0,1.767,,1,1.0000,,0.700,0,4657.5
7360,4,230,edge-36,2,edge,100.0,0.0400,0.0100,8,2.167,0.8914,1,0.9911,,0.700,0,4657.5
7361,4,230,edge-36,2,edge,200.0,0.1000,0.0100,22,2.748,0.8015,2,0.9873,,0.700,0,4657.5
7362,4,230,edge-36,2,edge,300.0,0.1000,0.0100,21,2.626,0.7841,3,0.9836,,0.700,0,4657.5
7363,4,230,edge-36,2,edge,400.0,0.1001,0.0100,42,3.412,0.7426,4,0.9798,,0.700,0,4657.5
7364,4,230,edge-36,2,edge,500.0,0.1000,0.0100,44,3.610,0.7345,4,0.9761,,0.700,0,4657.5
7365,4,230,edge-36,2,edge,600.0,0.1000,0.0100,46,3.660,0.7632,4,0.9724,,0.700,0,4657.5
7366,4,230,edge-36,2,edge,700.0,0.1001,0.0100,39,3.322,0.7716,4,0.9686,,0.700,0,4657.5
7367,4,230,edge-36,2,edge,800.0,0.1000,0.0100,46,3.678,0.7531,4,0.9648,,0.700,0,4657.5
7368,4,230,edge-36,2,edge,900.0,0.1001,0.0100,38,3.460,0.8404,4,0.9503,,0.700,0,4657.5
7369,4,230,edge-36,2,edge,1000.0,0.1000,0.0100,40,3.585,0.8266,4,0.9313,,0.700,0,4657.5
7370,4,230,edge-36,2,edge,1100.0,0.1001,0.0100,43,3.640,0.8846,4,0.9123,,0.700,0,4657.5
7371,4,230,edge-36,2,edge,1200.0,0.1000,0.0100,47,3.534,0.9040,4,0.8932,,0.700,0,4657.5
7372,4,230,edge-36,2,edge,1300.0,0.1001,0.0100,38,3.454,0.8649,4,0.8742,,0.700,0,4657.5
7373,4,230,edge-36,2,edge,1400.0,0.1000,0.0100,37,3.383,0.8246,4,0.8551,,0.700,0,4657.5
7374,4,230,edge-36,2,edge,1500.0,0.1000,0.0100,37,3.383,0.8235,3,0.8361,,0.700,0,4657.5
7375,4,230,edge-36,2,edge,1600.0,0.1001,0.0100,43,3.438,0.8779,3,0.8170,,0.700,0,4657.5
7376,4,230,edge-36,2,edge,1700.0,0.1000,0.0100,40,3.520,0.8309,3,0.7980,,0.700,0,4657.5
7377,4,230,edge-36,2,edge,1800.0,0.1001,0.0100,43,3.575,0.8897,2,0.7789,,0.700,0,4657.5
7378,4,230,edge-36,2,edge,1900.0,0.1000,0.0100,46,3.620,0.8894,1,0.7599,,0.700,0,4657.5
7379,4,230,edge-36,2,edge,2000.0,0.1001,0.0100,35,3.475,0.8351,1,0.7408,,0.700,0,4657.5
7380,4,230,edge-36,2,edge,2100.0,0.1000,0.0100,42,3.388,0.8599,2,0.7218,,0.700,0,4657.5
7381,4,230,edge-36,2,edge,2200.0,0.1001,0.0100,43,3.509,0.8643,2,0.7027,,0.700,0,4657.5
7382,4,230,edge-36,2,edge,2300.0,0.1000,0.0100,33,3.265,0.7810,3,0.6837,,0.700,0,4657.5
7383,4,230,edge-36,2,edge,2400.0,0.1000,0.0100,43,3.750,0.8663,4,0.6646,,0.700,0,4657.5
7384,4,230,edge-36,2,edge,2500.0,0.1000,0.0100,34,3.600,0.7877,4,0.6456,,0.700,0,4657.5
7385,4,230,edge-36,2,edge,2600.0,0.1001,0.0100,38,3.655,0.8438,3,0.6265,,0.700,0,4657.5
7386,4,230,edge-36,2,edge,2700.0,0.1000,0.0100,46,3.750,0.8649,2,0.6075,,0.700,0,4657.5
7387,4,230,edge-36,2,edge,2800.0,0.1001,0.0100,47,3.755,0.8924,1,0.5884,,0.700,0,4657.5
7388,4,230,edge-36,2,edge,2900.0,0.1000,0.0100,42,3.700,0.8351,0,0.5694,,0.700,0,4657.5
7389,4,230,edge-36,2,edge,3000.0,0.1001,0.0100,47,3.966,0.9160,1,0.5503,,0.700,0,4657.5
7390,4,230,edge-36,2,edge,3100.0,0.1000,0.0100,46,3.961,0.8891,1,0.5313,,0.700,0,4657.5
7391,4,230,edge-36,2,edge,3200.0,0.1001,0.0100,37,3.861,0.8236,1,0.5123,,0.700,0,4657.5
7392,4,230,edge-36,2,edge,3300.0,0.1001,0.0100,38,3.545,0.8563,2,0.4932,,0.700,0,4657.5
7393,4,230,edge-36,2,edge,3400.0,0.1000,0.0100,46,3.699,0.8991,3,0.4742,,0.700,0,4657.5
7394,4,230,edge-36,2,edge,3500.0,0.1000,0.0100,42,3.649,0.8520,2,0.4551,,0.700,0,4657.5
7395,4,230,edge-36,2,edge,3600.0,0.1000,0.0100,42,3.649,0.8497,2,0.4361,,0.700,0,4657.5
7396,4,230,edge-36,2,edge,3700.0,0.1000,0.0100,42,3.649,0.8558,2,0.4170,,0.700,0,4657.5
7397,4,230,edge-36,2,edge,3800.0,0.1001,0.0100,39,3.857,0.8645,2,0.3980,,0.700,0,4657.5
7398,4,230,edge-36,2,edge,3900.0,0.1000,0.0100,42,3.852,0.8355,1,0.3789,,0.700,0,4657.5
7399,4,230,edge-36,2,edge,4000.0,0.1001,0.0100,47,3.907,0.8933,1,0.3599,,0.700,0,4657.5
7400,4,230,edge-36,2,edge,4100.0,0.1000,0.0100,42,3.852,0.8333,1,0.3408,,0.700,0,4657.5
7401,4,230,edge-36,2,edge,4200.0,0.1000,0.0100,44,3.852,0.8763,1,0.3218,,0.700,0,4657.5
7402,4,230,edge-36,2,edge,4300.0,0.1000,0.0100,42,3.852,0.8549,0,0.3027,,0.700,0,4657.5
7403,4,230,edge-36,2,edge,4400.0,0.1001,0.0100,43,3.720,0.8932,1,0.2837,,0.700,0,4657.5
7404,4,230,edge-36,2,edge,4500.0,0.1000,0.0100,42,3.715,0.8550,1,0.2646,,0.700,1,4657.5
7405,4,230,edge-36,2,edge,4600.0,0.1001,0.0100,38,3.670,0.8503,1,0.2456,,0.700,1,4657.5
7406,4,233,edge-37,2,edge,0.0,0.0000,0.0100,0,1.579,,1,1.0000,,0.700,1,96.5
7407,4,236,edge-38,2,edge,0.0,0.0000,0.0100,0,1.700,,1,1.0000,,0.700,0,3985.5
7408,4,236,edge-38,2,edge,100.0,0.0400,0.0100,7,2.050,0.8072,1,0.9911,,0.700,0,3985.5
7409,4,236,edge-38,2,edge,200.0,0.1000,0.0100,25,2.856,0.8318,2,0.9873,,0.700,0,3985.5
7410,4,236,edge-38,2,edge,300.0,0.1000,0.0100,27,2.836,0.8358,3,0.9836,,0.700,0,3985.5
7411,4,236,edge-38,2,edge,400.0,0.1001,0.0100,47,3.541,0.7945,3,0.9798,,0.700,0,3985.5
7412,4,236,edge-38,2,edge,500.0,0.1000,0.0100,47,3.768,0.7879,3,0.9760,,0.700,0,3985.5
7413,4,236,edge-38,2,edge,600.0,0.1001,0.0100,38,3.406,0.8188,4,0.9662,,0.700,0,3985.5
7414,4,236,edge-38,2,edge,700.0,0.1000,0.0100,46,3.532,0.8820,4,0.9471,,0.700,0,3985.5
7415,4,236,edge-38,2,edge,800.0,0.1000,0.0100,34,3.382,0.7889,3,0.9281,,0.700,0,3985.5
7416,4,236,edge-38,2,edge,900.0,0.1000,0.0100,37,3.452,0.8224,4,0.9090,,0.700,0,3985.5
7417,4,236,edge-38,2,edge,1000.0,0.1000,0.0100,36,3.588,0.8192,4,0.8900,,0.700,0,3985.5
7418,4,236,edge-38,2,edge,1100.0,0.1001,0.0100,38,3.643,0.8563,3,0.8709,,0.700,0,3985.5
7419,4,236,edge-38,2,edge,1200.0,0.1000,0.0100,42,3.688,0.8561,2,0.8519,,0.700,0,3985.5
7420,4,236,edge-38,2,edge,1300.0,0.1000,0.0100,46,3.738,0.8816,2,0.8328,,0.700,0,3985.5
7421,4,236,edge-38,2,edge,1400.0,0.1001,0.0100,47,3.743,0.9059,1,0.8138,,0.700,0,3985.5
7422,4,236,edge-38,2,edge,1500.0,0.1000,0.0100,42,3.688,0.8571,0,0.7948,,0.700,0,3985.5
7423,4,236,edge-38,2,edge,1600.0,0.1001,0.0100,43,3.693,0.8870,0,0.7757,,0.700,0,3985.5
7424,4,236,edge-38,2,edge,1700.0,0.1000,0.0100,47,3.628,0.8798,1,0.7567,,0.700,0,3985.5
7425,4,236,edge-38,2,edge,1800.0,0.1001,0.0100,37,3.433,0.8496,1,0.7376,,0.700,0,3985.5
7426,4,236,edge-38,2,edge,1900.0,0.1000,0.0100,42,3.528,0.8540,1,0.7186,,0.700,0,3985.5
7427,4,236,edge-38,2,edge,2000.0,0.1001,0.0100,47,3.583,0.9072,1,0.6995,,0.700,0,3985.5
7428,4,236,edge-38,2,edge,2100.0,0.1000,0.0100,46,3.559,0.8785,1,0.6805,,0.700,0,3985.5
7429,4,236,edge-38,2,edge,2200.0,0.1001,0.0100,39,3.345,0.8840,1,0.6614,,0.700,0,3985.5
7430,4,236,edge-38,2,edge,2300.0,0.1000,0.0100,37,3.290,0.8223,1,0.6424,,0.700,0,3985.5
7431,4,236,edge-38,2,edge,2400.0,0.1001,0.0100,46,3.565,0.9072,2,0.6233,,0.700,0,3985.5
7432,4,236,edge-38,2,edge,2500.0,0.1000,0.0100,42,3.336,0.8519,3,0.6043,,0.700,0,3985.5
7433,4,236,edge-38,2,edge,2600.0,0.1001,0.0100,38,3.771,0.8377,3,0.5852,,0.700,0,3985.5
7434,4,236,edge-38,2,edge,2700.0,0.1000,0.0100,46,3.866,0.8639,2,0.5662,,0.700,0,3985.5
7435,4,236,edge-38,2,edge,2800.0,0.1001,0.0100,35,3.721,0.8074,2,0.5471,,0.700,0,3985.5
7436,4,236,edge-38,2,edge,2900.0,0.1000,0.0100,40,3.739,0.8411,2,0.5281,,0.700,0,3985.5
7437,4,236,edge-38,2,edge,3000.0,0.1001,0.0100,49,3.889,0.9170,1,0.5090,,0.700,0,3985.5
7438,4,236,edge-38,2,edge,3100.0,0.1000,0.0100,39,3.566,0.8515,2,0.4900,,0.700,0,3985.5
7439,4,236,edge-38,2,edge,3200.0,0.1000,0.0100,46,3.611,0.8616,2,0.4709,,0.700,0,3985.5
7440,4,236,edge-38,2,edge,3300.0,0.1001,0.0100,37,3.466,0.8468,2,0.4519,,0.700,0,3985.5
7441,4,236,edge-38,2,edge,3400.0,0.1000,0.0100,46,3.611,0.8832,1,0.4328,,0.700,0,3985.5
7442,4,236,edge-38,2,edge,3500.0,0.1000,0.0100,46,3.611,0.8786,1,0.4138,,0.700,0,3985.5
7443,4,236,edge-38,2,edge,3600.0,0.1001,0.0100,38,3.516,0.8510,0,0.3948,,0.700,0,3985.5
7444,4,236,edge-38,2,edge,3700.0,0.1000,0.0100,42,3.586,0.8584,0,0.3757,,0.700,0,3985.5
7445,4,236,edge-38,2,edge,3800.0,0.1001,0.0100,47,3.566,0.9110,0,0.3567,,0.700,1,3985.5
7446,4,236,edge-38,2,edge,3900.0,0.1000,0.0100,46,3.561,0.8918,0,0.3376,,0.700,1,3985.5
7447,4,239,edge-39,2,edge,0.0,0.0000,0.0100,0,1.800,,1,1.0000,,0.700,0,
7448,4,239,edge-39,2,edge,100.0,0.0400,0.0100,8,2.200,0.8914,1,0.9911,,0.700,0,
7449,4,239,edge-39,2,edge,200.0,0.1000,0.0100,22,2.750,0.8015,1,0.9873,,0.700,0,
7450,4,239,edge-39,2,edge,300.0,0.1000,0.0100,28,3.000,0.8231,1,0.9836,,0.700,0,
7451,4,239,edge-39,2,edge,400.0,0.1000,0.0100,46,3.711,0.7524,1,0.9798,,0.700,0,
7452,4,239,edge-39,2,edge,500.0,0.1001,0.0100,47,3.481,0.7827,1,0.9760,,0.700,0,
7453,4,239,edge-39,2,edge,600.0,0.1000,0.0100,40,3.509,0.7350,2,0.9722,,0.700,0,
7454,4,239,edge-39,2,edge,700.0,0.1001,0.0100,43,3.495,0.8295,3,0.9593,,0.700,0,
7455,4,239,edge-39,2,edge,800.0,0.1000,0.0100,43,3.465,0.8796,4,0.9403,,0.700,0,
7456,4,239,edge-39,2,edge,900.0,0.1001,0.0100,47,3.462,0.8930,5,0.9212,,0.700,0,
7457,4,239,edge-39,2,edge,1000.0,0.1000,0.0100,33,3.558,0.7423,4,0.9022,,0.700,0,
7458,4,239,edge-39,2,edge,1100.0,0.1001,0.0100,46,3.713,0.9030,3,0.8831,,0.700,0,
7459,4,239,edge-39,2,edge,1200.0,0.1000,0.0100,43,3.389,0.8513,3,0.8641,,0.700,0,
7460,4,239,edge-39,2,edge,1300.0,0.1001,0.0100,38,3.294,0.8334,2,0.8450,,0.700,0,
7461,4,239,edge-39,2,edge,1400.0,0.1000,0.0100,34,3.377,0.7917,2,0.8260,,0.700,0,
7462,4,239,edge-39,2,edge,1500.0,0.1001,0.0100,46,3.527,0.8841,2,0.8069,,0.700,0,
7463,4,239,edge-39,2,edge,1600.0,0.1000,0.0100,47,3.451,0.9044,3,0.7879,,0.700,0,
7464,4,239,edge-39,2,edge,1700.0,0.1000,0.0100,46,3.446,0.8756,2,0.7688,,0.700,0,
7465,4,239,edge-39,2,edge,1800.0,0.1001,0.0100,43,3.600,0.8801,3,0.7498,,0.700,0,
7466,4,239,edge-39,2,edge,1900.0,0.1000,0.0100,40,3.393,0.8362,3,0.7307,,0.700,0,
7467,4,239,edge-39,2,edge,2000.0,0.1001,0.0100,48,3.571,0.9093,4,0.7117,,0.700,0,
7468,4,239,edge-39,2,edge,2100.0,0.1000,0.0100,40,3.518,0.8424,4,0.6926,,0.700,0,
7469,4,239,edge-39,2,edge,2200.0,0.1001,0.0100,38,3.523,0.8509,4,0.6736,,0.700,0,
7470,4,239,edge-39,2,edge,2300.0,0.1000,0.0100,42,3.568,0.8503,3,0.6545,,0.700,0,
7471,4,239,edge-39,2,edge,2400.0,0.1001,0.0100,43,3.573,0.8864,2,0.6355,,0.700,0,
7472,4,239,edge-39,2,edge,2500.0,0.1000,0.0100,43,3.617,0.8797,2,0.6164,,0.700,0,
7473,4,239,edge-39,2,edge,2600.0,0.1001,0.0100,47,3.622,0.9087,1,0.5974,,0.700,0,
7474,4,239,edge-39,2,edge,2700.0,0.1000,0.0100,37,3.517,0.8195,1,0.5784,,0.700,0,
7475,4,239,edge-39,2,edge,2800.0,0.1000,0.0100,42,3.567,0.8471,1,0.5593,,0.700,0,
7476,4,239,edge-39,2,edge,2900.0,0.1000,0.0100,37,3.517,0.8082,1,0.5403,,0.700,0,
7477,4,239,edge-39,2,edge,3000.0,0.1001,0.0100,47,3.622,0.8916,0,0.5212,,0.700,0,
7478,4,239,edge-39,2,edge,3100.0,0.1000,0.0100,37,3.357,0.8243,1,0.5022,,0.700,0,
7479,4,239,edge-39,2,edge,3200.0,0.1001,0.0100,38,3.533,0.8475,2,0.4831,,0.700,0,
7480,4,239,edge-39,2,edge,3300.0,0.1000,0.0100,42,3.444,0.8461,2,0.4641,,0.700,0,
7481,4,239,edge-39,2,edge,3400.0,0.1001,0.0100,38,3.381,0.8603,3,0.4450,,0.700,0,
7482,4,239,edge-39,2,edge,3500.0,0.1000,0.0100,37,3.299,0.8250,4,0.4260,,0.700,0,
7483,4,239,edge-39,2,edge,3600.0,0.1000,0.0100,42,3.349,0.8526,3,0.4069,,0.700,0,
7484,4,239,edge-39,2,edge,3700.0,0.1001,0.0100,47,3.480,0.8893,3,0.3879,,0.700,0,
7485,4,239,edge-39,2,edge,3800.0,0.1000,0.0100,36,3.325,0.8194,3,0.3688,,0.700,0,
7486,4,239,edge-39,2,edge,3900.0,0.1001,0.0100,48,3.493,0.9205,3,0.3498,,0.700,0,
7487,4,239,edge-39,2,edge,4000.0,0.1000,0.0100,40,3.272,0.8372,3,0.3307,,0.700,0,
7488,4,239,edge-39,2,edge,4100.0,0.1001,0.0100,48,3.574,0.9120,4,0.3117,,0.700,0,
7489,4,239,edge-39,2,edge,4200.0,0.1000,0.0100,33,3.261,0.7818,4,0.2926,,0.700,0,
7490,4,239,edge-39,2,edge,4300.0,0.1001,0.0100,47,3.466,0.9131,4,0.2736,,0.700,0,
7491,4,239,edge-39,2,edge,4400.0,0.1000,0.0100,37,3.361,0.8219,3,0.2545,,0.700,0,
7492,4,239,edge-39,2,edge,4500.0,0.1001,0.0100,47,3.466,0.9066,2,0.2355,,0.700,0,
7493,4,239,edge-39,2,edge,4600.0,0.1000,0.0100,46,3.461,0.8851,1,0.2164,,0.700,0,
7494,4,239,edge-39,2,edge,4700.0,0.1001,0.0100,47,3.578,0.9065,1,0.1974,,0.700,0,
7495,4,239,edge-39,2,edge,4800.0,0.1000,0.0100,47,3.531,0.9061,2,0.1784,,0.700,0,
7496,4,239,edge-39,2,edge,4900.0,0.1000,0.0100,37,3.478,0.8038,3,0.1593,,0.700,0,
7497,4,239,edge-39,2,edge,5000.0,0.1000,0.0100,46,3.965,0.8643,4,0.1403,,0.700,0,
