case_id,scenario_id,node_id,node_name,level,device_class,epoch,cpu_util,ram_util,queue_depth,uplink_latency,jitter_pktloss,handover_rate,residual_energy,temperature,reliability_prior,ground_truth_fail,failure_time
1,8,3,cloud,0,cloud,0.0,0.0000,0.0025,0,0.000,,0,1.0000,,0.990,0,
2,8,3,cloud,0,cloud,100.0,0.0000,0.0025,0,0.000,,0,0.9959,,0.990,0,
3,8,3,cloud,0,cloud,200.0,0.0000,0.0025,0,0.000,,0,0.9918,,0.990,0,
4,8,3,cloud,0,cloud,300.0,0.0000,0.0025,0,0.000,,0,0.9877,,0.990,0,
5,8,3,cloud,0,cloud,400.0,0.0031,0.0025,231,1225.000,1.0000,0,0.9836,,0.990,0,
6,8,3,cloud,0,cloud,500.0,0.0042,0.0025,250,1345.000,1.0000,0,0.9790,,0.990,0,
7,8,3,cloud,0,cloud,600.0,0.0051,0.0025,242,1325.000,1.0000,0,0.9743,,0.990,0,
8,8,3,cloud,0,cloud,700.0,0.0063,0.0025,274,1510.000,1.0000,0,0.9697,,0.990,0,
9,8,3,cloud,0,cloud,800.0,0.0074,0.0025,263,1480.000,1.0000,0,0.9650,,0.990,0,
10,8,3,cloud,0,cloud,900.0,0.0089,0.0025,279,1595.000,1.0000,0,0.9604,,0.990,0,
11,8,3,cloud,0,cloud,1000.0,0.0096,0.0025,314,1785.000,1.0000,0,0.9558,,0.990,0,
12,8,3,cloud,0,cloud,1100.0,0.0103,0.0025,319,1825.000,1.0000,0,0.9511,,0.990,0,
13,8,3,cloud,0,cloud,1200.0,0.0109,0.0025,298,1735.000,1.0000,0,0.9465,,0.990,0,
14,8,3,cloud,0,cloud,1300.0,0.0121,0.0025,301,1775.000,1.0000,0,0.9418,,0.990,0,
15,8,3,cloud,0,cloud,1400.0,0.0127,0.0025,316,1865.000,1.0000,0,0.9372,,0.990,0,
16,8,3,cloud,0,cloud,1500.0,0.0136,0.0025,311,1860.000,1.0000,0,0.9325,,0.990,0,
17,8,3,cloud,0,cloud,1600.0,0.0152,0.0025,299,1835.000,1.0000,0,0.9279,,0.990,0,
18,8,3,cloud,0,cloud,1700.0,0.0161,0.0025,284,1780.000,1.0000,0,0.9232,,0.990,0,
19,8,3,cloud,0,cloud,1800.0,0.0179,0.0025,325,2025.000,1.0000,0,0.9186,,0.990,0,
20,8,3,cloud,0,cloud,1900.0,0.0181,0.0025,331,2060.000,1.0000,0,0.9139,,0.990,0,
21,8,3,cloud,0,cloud,2000.0,0.0196,0.0025,330,2090.000,1.0000,0,0.9092,,0.990,0,
22,8,3,cloud,0,cloud,2100.0,0.0201,0.0025,351,2205.000,1.0000,0,0.9045,,0.990,0,
23,8,3,cloud,0,cloud,2200.0,0.0205,0.0025,353,2225.000,1.0000,0,0.8999,,0.990,0,
24,8,3,cloud,0,cloud,2300.0,0.0208,0.0025,362,2275.000,1.0000,0,0.8952,,0.990,0,
25,8,3,cloud,0,cloud,2400.0,0.0219,0.0025,369,2335.000,1.0000,0,0.8905,,0.990,0,
26,8,3,cloud,0,cloud,2500.0,0.0225,0.0025,365,2330.000,1.0000,0,0.8858,,0.990,0,
27,8,3,cloud,0,cloud,2600.0,0.0228,0.0025,367,2345.000,1.0000,0,0.8812,,0.990,0,
28,8,3,cloud,0,cloud,2700.0,0.0237,0.0025,364,2350.000,1.0000,0,0.8765,,0.990,0,
29,8,3,cloud,0,cloud,2800.0,0.0248,0.0025,346,2285.000,1.0000,0,0.8718,,0.990,0,
30,8,3,cloud,0,cloud,2900.0,0.0261,0.0025,318,2175.000,1.0000,0,0.8671,,0.990,0,
31,8,3,cloud,0,cloud,3000.0,0.0277,0.0025,341,2325.000,1.0000,0,0.8624,,0.990,0,
32,8,3,cloud,0,cloud,3100.0,0.0286,0.0025,350,2390.000,1.0000,0,0.8577,,0.990,0,
33,8,3,cloud,0,cloud,3200.0,0.0304,0.0025,361,2485.000,1.0000,0,0.8530,,0.990,0,
34,8,3,cloud,0,cloud,3300.0,0.0310,0.0025,367,2530.000,1.0000,0,0.8483,,0.990,0,
35,8,3,cloud,0,cloud,3400.0,0.0319,0.0025,387,2650.000,1.0000,0,0.8436,,0.990,0,
36,8,3,cloud,0,cloud,3500.0,0.0326,0.0025,394,2700.000,1.0000,0,0.8389,,0.990,0,
37,8,3,cloud,0,cloud,3600.0,0.0339,0.0025,385,2685.000,1.0000,0,0.8342,,0.990,0,
38,8,3,cloud,0,cloud,3700.0,0.0344,0.0025,386,2700.000,1.0000,0,0.8295,,0.990,0,
39,8,3,cloud,0,cloud,3800.0,0.0353,0.0025,400,2790.000,1.0000,0,0.8249,,0.990,0,
40,8,3,cloud,0,cloud,3900.0,0.0357,0.0025,404,2820.000,1.0000,0,0.8201,,0.990,0,
41,8,3,cloud,0,cloud,4000.0,0.0371,0.0025,410,2880.000,1.0000,0,0.8154,,0.990,0,
42,8,3,cloud,0,cloud,4100.0,0.0375,0.0025,418,2930.000,1.0000,0,0.8107,,0.990,0,
43,8,3,cloud,0,cloud,4200.0,0.0386,0.0025,416,2945.000,1.0000,0,0.8060,,0.990,0,
44,8,3,cloud,0,cloud,4300.0,0.0393,0.0025,432,3040.000,1.0000,0,0.8013,,0.990,0,
45,8,3,cloud,0,cloud,4400.0,0.0402,0.0025,390,2850.000,1.0000,0,0.7966,,0.990,0,
46,8,3,cloud,0,cloud,4500.0,0.0417,0.0025,386,2865.000,1.0000,0,0.7919,,0.990,0,
47,8,3,cloud,0,cloud,4600.0,0.0426,0.0025,396,2935.000,1.0000,0,0.7872,,0.990,0,
48,8,3,cloud,0,cloud,4700.0,0.0440,0.0025,386,2915.000,1.0000,0,0.7825,,0.990,0,
49,8,3,cloud,0,cloud,4800.0,0.0453,0.0025,380,2915.000,1.0000,0,0.7778,,0.990,0,
50,8,3,cloud,0,cloud,4900.0,0.0460,0.0025,411,3085.000,1.0000,0,0.7731,,0.990,0,
51,8,3,cloud,0,cloud,5000.0,0.0469,0.0025,434,3220.000,1.0000,0,0.7684,,0.990,0,
52,8,4,fog-13,1,fog,0.0,0.0000,0.3000,0,250.000,,0,1.0000,,0.850,0,4970.0
53,8,4,fog-13,1,fog,100.0,0.0000,0.3000,0,250.000,,0,0.9950,,0.850,0,4970.0
54,8,4,fog-13,1,fog,200.0,0.0000,0.3000,0,250.000,,0,0.9900,,0.850,0,4970.0
55,8,4,fog-13,1,fog,300.0,0.0000,0.3000,0,250.000,,0,0.9850,,0.850,0,4970.0
56,8,4,fog-13,1,fog,400.0,0.0000,0.3000,0,250.000,,0,0.9800,,0.850,0,4970.0
57,8,4,fog-13,1,fog,500.0,0.4821,0.3000,18,254.500,0.4070,0,0.9755,,0.850,0,4970.0
58,8,4,fog-13,1,fog,600.0,0.3750,0.3000,15,254.000,0.5627,0,0.9712,,0.850,0,4970.0
59,8,4,fog-13,1,fog,700.0,0.4821,0.3000,19,255.000,0.4119,0,0.9667,,0.850,0,4970.0
60,8,4,fog-13,1,fog,800.0,0.5357,0.3000,21,255.500,0.0950,0,0.9622,,0.850,0,4970.0
61,8,4,fog-13,1,fog,900.0,0.5357,0.3000,21,255.500,0.0950,0,0.9577,,0.850,0,4970.0
62,8,4,fog-13,1,fog,1000.0,0.4286,0.3000,17,254.500,0.5218,0,0.9533,,0.850,0,4970.0
63,8,4,fog-13,1,fog,1100.0,0.4286,0.3000,17,254.500,0.7739,0,0.9489,,0.850,0,4970.0
64,8,4,fog-13,1,fog,1200.0,0.5357,0.3000,21,255.500,0.0950,0,0.9443,,0.850,0,4970.0
65,8,4,fog-13,1,fog,1300.0,0.5357,0.3000,21,255.500,0.0950,0,0.9398,,0.850,0,4970.0
66,8,4,fog-13,1,fog,1400.0,0.4821,0.3000,19,255.000,0.4119,0,0.9354,,0.850,0,4970.0
67,8,4,fog-13,1,fog,1500.0,0.4821,0.3000,19,255.000,0.0971,0,0.9309,,0.850,0,4970.0
68,8,4,fog-13,1,fog,1600.0,0.4286,0.3000,17,254.500,0.5218,0,0.9265,,0.850,0,4970.0
69,8,4,fog-13,1,fog,1700.0,0.5357,0.3000,21,255.500,0.0950,0,0.9220,,0.850,0,4970.0
70,8,4,fog-13,1,fog,1800.0,0.4286,0.3000,17,254.500,0.4301,0,0.9176,,0.850,0,4970.0
71,8,4,fog-13,1,fog,1900.0,0.5357,0.3000,21,255.500,0.0950,0,0.9130,,0.850,0,4970.0
72,8,4,fog-13,1,fog,2000.0,0.5357,0.3000,21,255.500,0.0950,0,0.9085,,0.850,0,4970.0
73,8,4,fog-13,1,fog,2100.0,0.4286,0.3000,17,254.500,0.4301,0,0.9041,,0.850,0,4970.0
74,8,4,fog-13,1,fog,2200.0,0.4821,0.3000,19,255.000,0.4119,0,0.8997,,0.850,0,4970.0
75,8,4,fog-13,1,fog,2300.0,0.4286,0.3000,17,254.500,0.4301,0,0.8952,,0.850,0,4970.0
76,8,4,fog-13,1,fog,2400.0,0.4821,0.3000,19,255.000,0.4119,0,0.8908,,0.850,0,4970.0
77,8,4,fog-13,1,fog,2500.0,0.5357,0.3000,21,255.500,0.0950,0,0.8863,,0.850,0,4970.0
78,8,4,fog-13,1,fog,2600.0,0.5357,0.3000,22,255.250,0.5274,0,0.8817,,0.850,0,4970.0
79,8,4,fog-13,1,fog,2700.0,0.4821,0.3000,22,255.500,0.6637,0,0.8773,,0.850,0,4970.0
80,8,4,fog-13,1,fog,2800.0,0.4286,0.3000,19,255.250,0.6958,0,0.8729,,0.850,0,4970.0
81,8,4,fog-13,1,fog,2900.0,0.5357,0.3000,23,255.750,0.8022,0,0.8684,,0.850,0,4970.0
82,8,4,fog-13,1,fog,3000.0,0.3750,0.3000,18,254.500,1.0000,0,0.8641,,0.850,0,4970.0
83,8,4,fog-13,1,fog,3100.0,0.4286,0.3000,20,255.000,1.0000,0,0.8597,,0.850,0,4970.0
84,8,4,fog-13,1,fog,3200.0,0.4286,0.3000,19,255.250,0.6958,0,0.8553,,0.850,0,4970.0
85,8,4,fog-13,1,fog,3300.0,0.5893,0.3000,25,256.250,0.5379,0,0.8508,,0.850,0,4970.0
86,8,4,fog-13,1,fog,3400.0,0.4286,0.3000,20,255.000,0.9260,0,0.8465,,0.850,0,4970.0
87,8,4,fog-13,1,fog,3500.0,0.5357,0.3000,24,256.000,0.5093,0,0.8419,,0.850,0,4970.0
88,8,4,fog-13,1,fog,3600.0,0.4286,0.3000,20,255.000,1.0000,0,0.8376,,0.850,0,4970.0
89,8,4,fog-13,1,fog,3700.0,0.3750,0.3000,18,254.500,0.8505,0,0.8333,,0.850,0,4970.0
90,8,4,fog-13,1,fog,3800.0,0.5357,0.3000,24,256.000,0.5093,0,0.8288,,0.850,0,4970.0
91,8,4,fog-13,1,fog,3900.0,0.4821,0.3000,22,255.500,0.7173,0,0.8244,,0.850,0,4970.0
92,8,4,fog-13,1,fog,4000.0,0.4821,0.3000,21,255.750,0.6287,0,0.8199,,0.850,0,4970.0
93,8,4,fog-13,1,fog,4100.0,0.9643,0.3000,41,258.250,1.0000,0,0.8150,,0.850,0,4970.0
94,8,4,fog-13,1,fog,4200.0,1.0000,0.3000,107,262.250,1.0000,0,0.8100,,0.850,0,4970.0
95,8,4,fog-13,1,fog,4300.0,1.0000,0.3000,141,261.500,1.0000,0,0.8050,,0.850,0,4970.0
96,8,4,fog-13,1,fog,4400.0,1.0000,0.3000,173,262.000,1.0000,0,0.8000,,0.850,0,4970.0
97,8,4,fog-13,1,fog,4500.0,1.0000,0.3000,198,261.500,1.0000,0,0.7950,,0.850,0,4970.0
98,8,4,fog-13,1,fog,4600.0,1.0000,0.3000,231,261.750,1.0000,0,0.7900,,0.850,0,4970.0
99,8,4,fog-13,1,fog,4700.0,0.8571,0.3000,211,259.250,1.0000,0,0.7850,,0.850,0,4970.0
100,8,4,fog-13,1,fog,4800.0,0.8571,0.3000,219,259.250,1.0000,0,0.7800,,0.850,1,4970.0
101,8,4,fog-13,1,fog,4900.0,0.9643,0.3000,221,260.750,1.0000,0,0.7750,,0.850,1,4970.0
102,8,5,fog-14,1,fog,0.0,0.0000,0.3000,0,250.000,,0,1.0000,,0.850,0,
103,8,5,fog-14,1,fog,100.0,0.1607,0.3000,6,251.500,0.5279,0,0.9952,,0.850,0,
104,8,5,fog-14,1,fog,200.0,0.4286,0.3000,17,254.500,0.7119,0,0.9908,,0.850,0,
105,8,5,fog-14,1,fog,300.0,0.4286,0.3000,17,254.500,0.6644,0,0.9865,,0.850,0,
106,8,5,fog-14,1,fog,400.0,1.0000,0.3000,44,258.000,1.0000,0,0.9815,,0.850,0,
107,8,5,fog-14,1,fog,500.0,0.5357,0.3000,31,257.750,1.0000,0,0.9767,,0.850,0,
108,8,5,fog-14,1,fog,600.0,0.3750,0.3000,17,254.750,0.8080,0,0.9723,,0.850,0,
109,8,5,fog-14,1,fog,700.0,0.4286,0.3000,18,255.000,0.6962,0,0.9680,,0.850,0,
110,8,5,fog-14,1,fog,800.0,0.0000,0.3000,2,251.000,,0,0.9630,,0.850,0,
111,8,5,fog-14,1,fog,900.0,0.0000,0.3000,2,251.000,,0,0.9580,,0.850,0,
112,8,5,fog-14,1,fog,1000.0,0.0000,0.3000,2,251.000,,0,0.9530,,0.850,0,
113,8,5,fog-14,1,fog,1100.0,0.0000,0.3000,2,251.000,,0,0.9480,,0.850,0,
114,8,5,fog-14,1,fog,1200.0,0.4821,0.3000,20,255.500,0.5053,0,0.9435,,0.850,0,
115,8,5,fog-14,1,fog,1300.0,0.3750,0.3000,17,255.000,1.0000,0,0.9390,,0.850,0,
116,8,5,fog-14,1,fog,1400.0,0.4821,0.3000,22,255.750,1.0000,0,0.9347,,0.850,0,
117,8,5,fog-14,1,fog,1500.0,0.4821,0.3000,23,256.000,0.7852,0,0.9302,,0.850,0,
118,8,5,fog-14,1,fog,1600.0,0.0000,0.3000,4,251.750,1.0000,0,0.9263,,0.850,0,
119,8,5,fog-14,1,fog,1700.0,0.0000,0.3000,3,251.500,0.0000,0,0.9213,,0.850,0,
120,8,5,fog-14,1,fog,1800.0,0.0000,0.3000,3,251.500,0.0000,0,0.9163,,0.850,0,
121,8,5,fog-14,1,fog,1900.0,0.0000,0.3000,3,251.500,0.0000,0,0.9113,,0.850,0,
122,8,5,fog-14,1,fog,2000.0,0.0000,0.3000,3,251.500,0.0000,0,0.9063,,0.850,0,
123,8,5,fog-14,1,fog,2100.0,0.0000,0.3000,3,251.500,0.0000,0,0.9013,,0.850,0,
124,8,5,fog-14,1,fog,2200.0,0.0000,0.3000,3,251.500,0.0000,0,0.8963,,0.850,0,
125,8,5,fog-14,1,fog,2300.0,0.0000,0.3000,3,251.500,0.0000,0,0.8913,,0.850,0,
126,8,5,fog-14,1,fog,2400.0,0.0000,0.3000,3,251.500,0.0000,0,0.8863,,0.850,0,
127,8,5,fog-14,1,fog,2500.0,0.0000,0.3000,3,251.500,0.0000,0,0.8813,,0.850,0,
128,8,5,fog-14,1,fog,2600.0,0.0000,0.3000,3,251.500,0.0000,0,0.8763,,0.850,0,
129,8,5,fog-14,1,fog,2700.0,0.0000,0.3000,3,251.500,0.0000,0,0.8713,,0.850,0,
130,8,5,fog-14,1,fog,2800.0,0.0000,0.3000,3,251.500,0.0000,0,0.8663,,0.850,0,
131,8,5,fog-14,1,fog,2900.0,0.0000,0.3000,3,251.500,0.0000,0,0.8613,,0.850,0,
132,8,5,fog-14,1,fog,3000.0,0.0000,0.3000,3,251.500,0.0000,0,0.8563,,0.850,0,
133,8,5,fog-14,1,fog,3100.0,0.0000,0.3000,3,251.500,0.0000,0,0.8513,,0.850,0,
134,8,5,fog-14,1,fog,3200.0,0.0000,0.3000,3,251.500,0.0000,0,0.8463,,0.850,0,
135,8,5,fog-14,1,fog,3300.0,0.0000,0.3000,3,251.500,0.0000,0,0.8413,,0.850,0,
136,8,5,fog-14,1,fog,3400.0,0.5357,0.3000,23,256.500,0.3784,0,0.8368,,0.850,0,
137,8,5,fog-14,1,fog,3500.0,0.5357,0.3000,25,256.750,0.6833,0,0.8323,,0.850,0,
138,8,5,fog-14,1,fog,3600.0,0.4821,0.3000,24,256.500,0.9340,0,0.8279,,0.850,0,
139,8,5,fog-14,1,fog,3700.0,0.4286,0.3000,21,256.250,0.7865,0,0.8235,,0.850,0,
140,8,5,fog-14,1,fog,3800.0,0.0536,0.3000,6,252.500,1.0000,0,0.8195,,0.850,0,
141,8,5,fog-14,1,fog,3900.0,0.4821,0.3000,22,256.500,0.6225,0,0.8151,,0.850,0,
142,8,5,fog-14,1,fog,4000.0,0.5357,0.3000,25,257.500,0.6224,0,0.8104,,0.850,0,
143,8,5,fog-14,1,fog,4100.0,0.5357,0.3000,25,257.500,0.6224,0,0.8058,,0.850,0,
144,8,5,fog-14,1,fog,4200.0,0.2679,0.3000,15,255.000,0.9679,0,0.8015,,0.850,0,
145,8,5,fog-14,1,fog,4300.0,0.8571,0.3000,41,258.500,1.0000,0,0.7967,,0.850,0,
146,8,5,fog-14,1,fog,4400.0,1.0000,0.3000,76,262.750,1.0000,0,0.7917,,0.850,0,
147,8,5,fog-14,1,fog,4500.0,0.9107,0.3000,65,262.500,1.0000,0,0.7867,,0.850,0,
148,8,5,fog-14,1,fog,4600.0,0.8571,0.3000,56,261.750,1.0000,0,0.7817,,0.850,0,
149,8,5,fog-14,1,fog,4700.0,0.0000,0.3000,17,256.000,1.0000,0,0.7775,,0.850,0,
150,8,5,fog-14,1,fog,4800.0,0.0000,0.3000,7,253.500,0.0000,0,0.7725,,0.850,0,
151,8,5,fog-14,1,fog,4900.0,0.0000,0.3000,7,253.500,0.0000,0,0.7675,,0.850,0,
152,8,5,fog-14,1,fog,5000.0,0.0000,0.3000,7,253.500,0.0000,0,0.7625,,0.850,0,
153,8,6,fog-15,1,fog,0.0,0.0000,0.3000,0,250.000,,0,1.0000,,0.850,0,
154,8,6,fog-15,1,fog,100.0,0.2143,0.3000,8,252.000,0.0719,0,0.9952,,0.850,0,
155,8,6,fog-15,1,fog,200.0,0.0000,0.3000,1,250.500,,0,0.9902,,0.850,0,
156,8,6,fog-15,1,fog,300.0,0.0000,0.3000,1,250.500,,0,0.9852,,0.850,0,
157,8,6,fog-15,1,fog,400.0,0.0000,0.3000,1,250.500,,0,0.9802,,0.850,0,
158,8,6,fog-15,1,fog,500.0,0.0000,0.3000,1,250.500,,0,0.9752,,0.850,0,
159,8,6,fog-15,1,fog,600.0,0.4821,0.3000,19,255.000,0.4101,0,0.9707,,0.850,0,
160,8,6,fog-15,1,fog,700.0,0.0000,0.3000,1,250.500,,0,0.9657,,0.850,0,
161,8,6,fog-15,1,fog,800.0,0.0000,0.3000,1,250.500,,0,0.9607,,0.850,0,
162,8,6,fog-15,1,fog,900.0,0.0000,0.3000,1,250.500,,0,0.9557,,0.850,0,
163,8,6,fog-15,1,fog,1000.0,0.0000,0.3000,1,250.500,,0,0.9507,,0.850,0,
164,8,6,fog-15,1,fog,1100.0,0.0000,0.3000,1,250.500,,0,0.9457,,0.850,0,
165,8,6,fog-15,1,fog,1200.0,0.0000,0.3000,1,250.500,,0,0.9407,,0.850,0,
166,8,6,fog-15,1,fog,1300.0,0.0000,0.3000,1,250.500,,0,0.9357,,0.850,0,
167,8,6,fog-15,1,fog,1400.0,0.0000,0.3000,1,250.500,,0,0.9307,,0.850,0,
168,8,6,fog-15,1,fog,1500.0,0.0000,0.3000,1,250.500,,0,0.9257,,0.850,0,
169,8,6,fog-15,1,fog,1600.0,0.0000,0.3000,1,250.500,,0,0.9207,,0.850,0,
170,8,6,fog-15,1,fog,1700.0,1.0000,0.3000,49,259.000,1.0000,0,0.9157,,0.850,0,
171,8,6,fog-15,1,fog,1800.0,0.0000,0.3000,9,253.000,1.0000,0,0.9115,,0.850,0,
172,8,6,fog-15,1,fog,1900.0,0.5357,0.3000,24,256.250,0.7308,0,0.9070,,0.850,0,
173,8,6,fog-15,1,fog,2000.0,0.0000,0.3000,4,251.750,1.0000,0,0.9031,,0.850,0,
174,8,6,fog-15,1,fog,2100.0,0.0000,0.3000,3,251.500,0.0000,0,0.8981,,0.850,0,
175,8,6,fog-15,1,fog,2200.0,0.0000,0.3000,3,251.500,0.0000,0,0.8931,,0.850,0,
176,8,6,fog-15,1,fog,2300.0,0.0000,0.3000,3,251.500,0.0000,0,0.8881,,0.850,0,
177,8,6,fog-15,1,fog,2400.0,0.4821,0.3000,21,256.000,0.8722,0,0.8837,,0.850,0,
178,8,6,fog-15,1,fog,2500.0,0.0536,0.3000,5,252.000,1.0000,0,0.8797,,0.850,0,
179,8,6,fog-15,1,fog,2600.0,0.0000,0.3000,3,251.500,0.0000,0,0.8747,,0.850,0,
180,8,6,fog-15,1,fog,2700.0,0.0000,0.3000,3,251.500,0.0000,0,0.8697,,0.850,0,
181,8,6,fog-15,1,fog,2800.0,0.0000,0.3000,3,251.500,0.0000,0,0.8647,,0.850,0,
182,8,6,fog-15,1,fog,2900.0,0.0000,0.3000,3,251.500,0.0000,0,0.8597,,0.850,0,
183,8,6,fog-15,1,fog,3000.0,0.0000,0.3000,3,251.500,0.0000,0,0.8547,,0.850,0,
184,8,6,fog-15,1,fog,3100.0,0.0000,0.3000,3,251.500,0.0000,0,0.8497,,0.850,0,
185,8,6,fog-15,1,fog,3200.0,0.5357,0.3000,23,256.500,0.5372,0,0.8452,,0.850,0,
186,8,6,fog-15,1,fog,3300.0,1.0000,0.3000,53,260.500,1.0000,0,0.8402,,0.850,0,
187,8,6,fog-15,1,fog,3400.0,0.0000,0.3000,12,254.500,1.0000,0,0.8360,,0.850,0,
188,8,6,fog-15,1,fog,3500.0,0.4821,0.3000,24,257.500,0.5847,0,0.8316,,0.850,0,
189,8,6,fog-15,1,fog,3600.0,0.0000,0.3000,6,253.000,0.0000,0,0.8266,,0.850,0,
190,8,6,fog-15,1,fog,3700.0,0.0000,0.3000,6,253.000,0.0000,0,0.8216,,0.850,0,
191,8,6,fog-15,1,fog,3800.0,0.0000,0.3000,6,253.000,0.0000,0,0.8166,,0.850,0,
192,8,6,fog-15,1,fog,3900.0,0.0000,0.3000,6,253.000,0.0000,0,0.8116,,0.850,0,
193,8,6,fog-15,1,fog,4000.0,0.5357,0.3000,26,258.000,0.6980,0,0.8070,,0.850,0,
194,8,6,fog-15,1,fog,4100.0,0.4821,0.3000,24,257.500,0.8159,0,0.8025,,0.850,0,
195,8,6,fog-15,1,fog,4200.0,0.0000,0.3000,7,253.500,0.0000,0,0.7975,,0.850,0,
196,8,6,fog-15,1,fog,4300.0,0.0000,0.3000,7,253.500,0.0000,0,0.7925,,0.850,0,
197,8,6,fog-15,1,fog,4400.0,0.0000,0.3000,7,253.500,0.0000,0,0.7875,,0.850,0,
198,8,6,fog-15,1,fog,4500.0,0.0000,0.3000,7,253.500,0.0000,0,0.7825,,0.850,0,
199,8,6,fog-15,1,fog,4600.0,0.0000,0.3000,7,253.500,0.0000,0,0.7775,,0.850,0,
200,8,6,fog-15,1,fog,4700.0,0.0000,0.3000,7,253.500,0.0000,0,0.7725,,0.850,0,
201,8,6,fog-15,1,fog,4800.0,0.4821,0.3000,25,258.000,1.0000,0,0.7680,,0.850,0,
202,8,6,fog-15,1,fog,4900.0,0.5357,0.3000,28,259.000,1.0000,0,0.7634,,0.850,0,
203,8,6,fog-15,1,fog,5000.0,0.0000,0.3000,9,254.500,0.0000,0,0.7584,,0.850,0,
204,8,7,fog-16,1,fog,0.0,0.0000,0.3000,0,250.000,,0,1.0000,,0.850,0,
205,8,7,fog-16,1,fog,100.0,0.0000,0.3000,0,250.000,,0,0.9950,,0.850,0,
206,8,7,fog-16,1,fog,200.0,0.0000,0.3000,0,250.000,,0,0.9900,,0.850,0,
207,8,7,fog-16,1,fog,300.0,0.0000,0.3000,0,250.000,,0,0.9850,,0.850,0,
208,8,7,fog-16,1,fog,400.0,0.0000,0.3000,0,250.000,,0,0.9800,,0.850,0,
209,8,7,fog-16,1,fog,500.0,0.0000,0.3000,0,250.000,,0,0.9750,,0.850,0,
210,8,7,fog-16,1,fog,600.0,0.0000,0.3000,0,250.000,,0,0.9700,,0.850,0,
211,8,7,fog-16,1,fog,700.0,0.0000,0.3000,0,250.000,,0,0.9650,,0.850,0,
212,8,7,fog-16,1,fog,800.0,0.0000,0.3000,0,250.000,,0,0.9600,,0.850,0,
213,8,7,fog-16,1,fog,900.0,0.0000,0.3000,0,250.000,,0,0.9550,,0.850,0,
214,8,7,fog-16,1,fog,1000.0,0.0000,0.3000,0,250.000,,0,0.9500,,0.850,0,
215,8,7,fog-16,1,fog,1100.0,0.0000,0.3000,0,250.000,,0,0.9450,,0.850,0,
216,8,7,fog-16,1,fog,1200.0,0.0000,0.3000,0,250.000,,0,0.9400,,0.850,0,
217,8,7,fog-16,1,fog,1300.0,0.0000,0.3000,0,250.000,,0,0.9350,,0.850,0,
218,8,7,fog-16,1,fog,1400.0,0.0000,0.3000,0,250.000,,0,0.9300,,0.850,0,
219,8,7,fog-16,1,fog,1500.0,0.0000,0.3000,0,250.000,,0,0.9250,,0.850,0,
220,8,7,fog-16,1,fog,1600.0,0.0000,0.3000,0,250.000,,0,0.9200,,0.850,0,
221,8,7,fog-16,1,fog,1700.0,0.0000,0.3000,0,250.000,,0,0.9150,,0.850,0,
222,8,7,fog-16,1,fog,1800.0,0.0000,0.3000,0,250.000,,0,0.9100,,0.850,0,
223,8,7,fog-16,1,fog,1900.0,0.0000,0.3000,0,250.000,,0,0.9050,,0.850,0,
224,8,7,fog-16,1,fog,2000.0,0.0000,0.3000,0,250.000,,0,0.9000,,0.850,0,
225,8,7,fog-16,1,fog,2100.0,0.0000,0.3000,0,250.000,,0,0.8950,,0.850,0,
226,8,7,fog-16,1,fog,2200.0,0.0000,0.3000,0,250.000,,0,0.8900,,0.850,0,
227,8,7,fog-16,1,fog,2300.0,0.0000,0.3000,0,250.000,,0,0.8850,,0.850,0,
228,8,7,fog-16,1,fog,2400.0,0.0000,0.3000,0,250.000,,0,0.8800,,0.850,0,
229,8,7,fog-16,1,fog,2500.0,0.0000,0.3000,0,250.000,,0,0.8750,,0.850,0,
230,8,7,fog-16,1,fog,2600.0,0.0000,0.3000,0,250.000,,0,0.8700,,0.850,0,
231,8,7,fog-16,1,fog,2700.0,0.0000,0.3000,0,250.000,,0,0.8650,,0.850,0,
232,8,7,fog-16,1,fog,2800.0,0.0000,0.3000,0,250.000,,0,0.8600,,0.850,0,
233,8,7,fog-16,1,fog,2900.0,0.0000,0.3000,0,250.000,,0,0.8550,,0.850,0,
234,8,7,fog-16,1,fog,3000.0,0.0000,0.3000,0,250.000,,0,0.8500,,0.850,0,
235,8,7,fog-16,1,fog,3100.0,0.0000,0.3000,0,250.000,,0,0.8450,,0.850,0,
236,8,7,fog-16,1,fog,3200.0,0.0000,0.3000,0,250.000,,0,0.8400,,0.850,0,
237,8,7,fog-16,1,fog,3300.0,0.0000,0.3000,0,250.000,,0,0.8350,,0.850,0,
238,8,7,fog-16,1,fog,3400.0,0.0000,0.3000,0,250.000,,0,0.8300,,0.850,0,
239,8,7,fog-16,1,fog,3500.0,0.0000,0.3000,0,250.000,,0,0.8250,,0.850,0,
240,8,7,fog-16,1,fog,3600.0,0.0000,0.3000,0,250.000,,0,0.8200,,0.850,0,
241,8,7,fog-16,1,fog,3700.0,0.0000,0.3000,0,250.000,,0,0.8150,,0.850,0,
242,8,7,fog-16,1,fog,3800.0,0.0000,0.3000,0,250.000,,0,0.8100,,0.850,0,
243,8,7,fog-16,1,fog,3900.0,0.0000,0.3000,0,250.000,,0,0.8050,,0.850,0,
244,8,7,fog-16,1,fog,4000.0,0.0000,0.3000,0,250.000,,0,0.8000,,0.850,0,
245,8,7,fog-16,1,fog,4100.0,0.0000,0.3000,0,250.000,,0,0.7950,,0.850,0,
246,8,7,fog-16,1,fog,4200.0,0.0000,0.3000,0,250.000,,0,0.7900,,0.850,0,
247,8,7,fog-16,1,fog,4300.0,0.0000,0.3000,0,250.000,,0,0.7850,,0.850,0,
248,8,7,fog-16,1,fog,4400.0,0.0000,0.3000,0,250.000,,0,0.7800,,0.850,0,
249,8,7,fog-16,1,fog,4500.0,0.0000,0.3000,0,250.000,,0,0.7750,,0.850,0,
250,8,7,fog-16,1,fog,4600.0,0.0000,0.3000,0,250.000,,0,0.7700,,0.850,0,
251,8,7,fog-16,1,fog,4700.0,0.0000,0.3000,0,250.000,,0,0.7650,,0.850,0,
252,8,7,fog-16,1,fog,4800.0,0.0000,0.3000,0,250.000,,0,0.7600,,0.850,0,
253,8,7,fog-16,1,fog,4900.0,0.0000,0.3000,0,250.000,,0,0.7550,,0.850,0,
254,8,7,fog-16,1,fog,5000.0,0.0000,0.3000,0,250.000,,0,0.7500,,0.850,0,
255,8,8,fog-17,1,fog,0.0,0.0000,0.3000,0,250.000,,0,1.0000,,0.850,0,2874.8
256,8,8,fog-17,1,fog,100.0,0.0000,0.3000,0,250.000,,0,0.9950,,0.850,0,2874.8
257,8,8,fog-17,1,fog,200.0,0.0000,0.3000,0,250.000,,0,0.9900,,0.850,0,2874.8
258,8,8,fog-17,1,fog,300.0,0.0000,0.3000,0,250.000,,0,0.9850,,0.850,0,2874.8
259,8,8,fog-17,1,fog,400.0,0.0000,0.3000,0,250.000,,0,0.9800,,0.850,0,2874.8
260,8,8,fog-17,1,fog,500.0,0.0000,0.3000,0,250.000,,0,0.9750,,0.850,0,2874.8
261,8,8,fog-17,1,fog,600.0,0.0000,0.3000,0,250.000,,0,0.9700,,0.850,0,2874.8
262,8,8,fog-17,1,fog,700.0,0.0000,0.3000,0,250.000,,0,0.9650,,0.850,0,2874.8
263,8,8,fog-17,1,fog,800.0,0.0000,0.3000,0,250.000,,0,0.9600,,0.850,0,2874.8
264,8,8,fog-17,1,fog,900.0,0.0000,0.3000,0,250.000,,0,0.9550,,0.850,0,2874.8
265,8,8,fog-17,1,fog,1000.0,0.0000,0.3000,0,250.000,,0,0.9500,,0.850,0,2874.8
266,8,8,fog-17,1,fog,1100.0,0.0000,0.3000,0,250.000,,0,0.9450,,0.850,0,2874.8
267,8,8,fog-17,1,fog,1200.0,0.5893,0.3000,23,255.250,0.6300,0,0.9404,,0.850,0,2874.8
268,8,8,fog-17,1,fog,1300.0,0.9107,0.3000,37,258.500,1.0000,0,0.9354,,0.850,0,2874.8
269,8,8,fog-17,1,fog,1400.0,0.0000,0.3000,6,252.250,1.0000,0,0.9313,,0.850,0,2874.8
270,8,8,fog-17,1,fog,1500.0,0.0000,0.3000,3,251.500,0.0000,0,0.9263,,0.850,0,2874.8
271,8,8,fog-17,1,fog,1600.0,0.0000,0.3000,3,251.500,0.0000,0,0.9213,,0.850,0,2874.8
272,8,8,fog-17,1,fog,1700.0,0.0000,0.3000,3,251.500,0.0000,0,0.9163,,0.850,0,2874.8
273,8,8,fog-17,1,fog,1800.0,0.0000,0.3000,3,251.500,0.0000,0,0.9113,,0.850,0,2874.8
274,8,8,fog-17,1,fog,1900.0,0.4821,0.3000,21,256.000,0.6003,0,0.9069,,0.850,0,2874.8
275,8,8,fog-17,1,fog,2000.0,0.0000,0.3000,3,251.500,0.0000,0,0.9019,,0.850,0,2874.8
276,8,8,fog-17,1,fog,2100.0,0.5893,0.3000,26,256.750,0.5655,0,0.8973,,0.850,0,2874.8
277,8,8,fog-17,1,fog,2200.0,0.0000,0.3000,5,252.250,1.0000,0,0.8934,,0.850,0,2874.8
278,8,8,fog-17,1,fog,2300.0,0.0000,0.3000,4,252.000,0.0000,0,0.8884,,0.850,0,2874.8
279,8,8,fog-17,1,fog,2400.0,0.0000,0.3000,4,252.000,0.0000,0,0.8834,,0.850,0,2874.8
280,8,8,fog-17,1,fog,2500.0,0.4286,0.3000,20,256.000,0.8239,0,0.8789,,0.850,0,2874.8
281,8,8,fog-17,1,fog,2600.0,0.5357,0.3000,25,257.500,0.4582,0,0.8744,,0.850,0,2874.8
282,8,8,fog-17,1,fog,2700.0,0.0000,0.3000,6,253.000,0.0000,0,0.8694,,0.850,1,2874.8
283,8,8,fog-17,1,fog,2800.0,1.0000,0.3000,50,260.750,1.0000,0,0.8644,,0.850,1,2874.8
284,8,9,fog-18,1,fog,0.0,0.0000,0.3000,0,250.000,,0,1.0000,,0.850,0,1423.6
285,8,9,fog-18,1,fog,100.0,0.0000,0.3000,0,250.000,,0,0.9950,,0.850,0,1423.6
286,8,9,fog-18,1,fog,200.0,0.0000,0.3000,0,250.000,,0,0.9900,,0.850,0,1423.6
287,8,9,fog-18,1,fog,300.0,0.0000,0.3000,0,250.000,,0,0.9850,,0.850,0,1423.6
288,8,9,fog-18,1,fog,400.0,0.0000,0.3000,0,250.000,,0,0.9800,,0.850,0,1423.6
289,8,9,fog-18,1,fog,500.0,0.0000,0.3000,0,250.000,,0,0.9750,,0.850,0,1423.6
290,8,9,fog-18,1,fog,600.0,0.0000,0.3000,0,250.000,,0,0.9700,,0.850,0,1423.6
291,8,9,fog-18,1,fog,700.0,0.0000,0.3000,0,250.000,,0,0.9650,,0.850,0,1423.6
292,8,9,fog-18,1,fog,800.0,0.0000,0.3000,0,250.000,,0,0.9600,,0.850,0,1423.6
293,8,9,fog-18,1,fog,900.0,0.0000,0.3000,0,250.000,,0,0.9550,,0.850,0,1423.6
294,8,9,fog-18,1,fog,1000.0,0.0000,0.3000,0,250.000,,0,0.9500,,0.850,0,1423.6
295,8,9,fog-18,1,fog,1100.0,0.0000,0.3000,0,250.000,,0,0.9450,,0.850,0,1423.6
296,8,9,fog-18,1,fog,1200.0,0.0000,0.3000,0,250.000,,0,0.9400,,0.850,0,1423.6
297,8,9,fog-18,1,fog,1300.0,0.0000,0.3000,0,250.000,,0,0.9350,,0.850,1,1423.6
298,8,9,fog-18,1,fog,1400.0,0.0000,0.3000,0,250.000,,0,0.9300,,0.850,1,1423.6
299,8,10,fog-19,1,fog,0.0,0.0000,0.3000,0,250.000,,0,1.0000,,0.850,0,
300,8,10,fog-19,1,fog,100.0,0.0000,0.3000,0,250.000,,0,0.9950,,0.850,0,
301,8,10,fog-19,1,fog,200.0,0.0000,0.3000,0,250.000,,0,0.9900,,0.850,0,
302,8,10,fog-19,1,fog,300.0,0.0000,0.3000,0,250.000,,0,0.9850,,0.850,0,
303,8,10,fog-19,1,fog,400.0,0.0000,0.3000,0,250.000,,0,0.9800,,0.850,0,
304,8,10,fog-19,1,fog,500.0,0.0000,0.3000,0,250.000,,0,0.9750,,0.850,0,
305,8,10,fog-19,1,fog,600.0,0.0000,0.3000,0,250.000,,0,0.9700,,0.850,0,
306,8,10,fog-19,1,fog,700.0,0.0000,0.3000,0,250.000,,0,0.9650,,0.850,0,
307,8,10,fog-19,1,fog,800.0,0.0000,0.3000,0,250.000,,0,0.9600,,0.850,0,
308,8,10,fog-19,1,fog,900.0,0.0000,0.3000,0,250.000,,0,0.9550,,0.850,0,
309,8,10,fog-19,1,fog,1000.0,0.0000,0.3000,0,250.000,,0,0.9500,,0.850,0,
310,8,10,fog-19,1,fog,1100.0,0.0000,0.3000,0,250.000,,0,0.9450,,0.850,0,
311,8,10,fog-19,1,fog,1200.0,0.0000,0.3000,0,250.000,,0,0.9400,,0.850,0,
312,8,10,fog-19,1,fog,1300.0,0.0000,0.3000,0,250.000,,0,0.9350,,0.850,0,
313,8,10,fog-19,1,fog,1400.0,0.0000,0.3000,0,250.000,,0,0.9300,,0.850,0,
314,8,10,fog-19,1,fog,1500.0,0.0000,0.3000,0,250.000,,0,0.9250,,0.850,0,
315,8,10,fog-19,1,fog,1600.0,0.0000,0.3000,0,250.000,,0,0.9200,,0.850,0,
316,8,10,fog-19,1,fog,1700.0,0.0000,0.3000,0,250.000,,0,0.9150,,0.850,0,
317,8,10,fog-19,1,fog,1800.0,0.0000,0.3000,0,250.000,,0,0.9100,,0.850,0,
318,8,10,fog-19,1,fog,1900.0,0.0000,0.3000,0,250.000,,0,0.9050,,0.850,0,
319,8,10,fog-19,1,fog,2000.0,0.0000,0.3000,0,250.000,,0,0.9000,,0.850,0,
320,8,10,fog-19,1,fog,2100.0,0.0000,0.3000,0,250.000,,0,0.8950,,0.850,0,
321,8,10,fog-19,1,fog,2200.0,0.0000,0.3000,0,250.000,,0,0.8900,,0.850,0,
322,8,10,fog-19,1,fog,2300.0,0.0000,0.3000,0,250.000,,0,0.8850,,0.850,0,
323,8,10,fog-19,1,fog,2400.0,0.0000,0.3000,0,250.000,,0,0.8800,,0.850,0,
324,8,10,fog-19,1,fog,2500.0,0.0000,0.3000,0,250.000,,0,0.8750,,0.850,0,
325,8,10,fog-19,1,fog,2600.0,0.0000,0.3000,0,250.000,,0,0.8700,,0.850,0,
326,8,10,fog-19,1,fog,2700.0,0.0000,0.3000,0,250.000,,0,0.8650,,0.850,0,
327,8,10,fog-19,1,fog,2800.0,0.0000,0.3000,0,250.000,,0,0.8600,,0.850,0,
328,8,10,fog-19,1,fog,2900.0,0.0000,0.3000,0,250.000,,0,0.8550,,0.850,0,
329,8,10,fog-19,1,fog,3000.0,0.0000,0.3000,0,250.000,,0,0.8500,,0.850,0,
330,8,10,fog-19,1,fog,3100.0,0.0000,0.3000,0,250.000,,0,0.8450,,0.850,0,
331,8,10,fog-19,1,fog,3200.0,0.0000,0.3000,0,250.000,,0,0.8400,,0.850,0,
332,8,10,fog-19,1,fog,3300.0,0.0000,0.3000,0,250.000,,0,0.8350,,0.850,0,
333,8,10,fog-19,1,fog,3400.0,0.0000,0.3000,0,250.000,,0,0.8300,,0.850,0,
334,8,10,fog-19,1,fog,3500.0,0.0000,0.3000,0,250.000,,0,0.8250,,0.850,0,
335,8,10,fog-19,1,fog,3600.0,0.0000,0.3000,0,250.000,,0,0.8200,,0.850,0,
336,8,10,fog-19,1,fog,3700.0,0.0000,0.3000,0,250.000,,0,0.8150,,0.850,0,
337,8,10,fog-19,1,fog,3800.0,0.0000,0.3000,0,250.000,,0,0.8100,,0.850,0,
338,8,10,fog-19,1,fog,3900.0,0.0000,0.3000,0,250.000,,0,0.8050,,0.850,0,
339,8,10,fog-19,1,fog,4000.0,0.0000,0.3000,0,250.000,,0,0.8000,,0.850,0,
340,8,10,fog-19,1,fog,4100.0,0.0000,0.3000,0,250.000,,0,0.7950,,0.850,0,
341,8,10,fog-19,1,fog,4200.0,0.0000,0.3000,0,250.000,,0,0.7900,,0.850,0,
342,8,10,fog-19,1,fog,4300.0,0.0000,0.3000,0,250.000,,0,0.7850,,0.850,0,
343,8,10,fog-19,1,fog,4400.0,0.0000,0.3000,0,250.000,,0,0.7800,,0.850,0,
344,8,10,fog-19,1,fog,4500.0,0.0000,0.3000,0,250.000,,0,0.7750,,0.850,0,
345,8,10,fog-19,1,fog,4600.0,0.0000,0.3000,0,250.000,,0,0.7700,,0.850,0,
346,8,10,fog-19,1,fog,4700.0,0.0000,0.3000,0,250.000,,0,0.7650,,0.850,0,
347,8,10,fog-19,1,fog,4800.0,0.0000,0.3000,0,250.000,,0,0.7600,,0.850,0,
348,8,10,fog-19,1,fog,4900.0,0.0000,0.3000,0,250.000,,0,0.7550,,0.850,0,
349,8,10,fog-19,1,fog,5000.0,0.0000,0.3000,0,250.000,,0,0.7500,,0.850,0,
350,8,11,fog-20,1,fog,0.0,0.0000,0.3000,0,250.000,,0,1.0000,,0.850,0,
351,8,11,fog-20,1,fog,100.0,0.0000,0.3000,0,250.000,,0,0.9950,,0.850,0,
352,8,11,fog-20,1,fog,200.0,0.0000,0.3000,0,250.000,,0,0.9900,,0.850,0,
353,8,11,fog-20,1,fog,300.0,0.0000,0.3000,0,250.000,,0,0.9850,,0.850,0,
354,8,11,fog-20,1,fog,400.0,0.0000,0.3000,0,250.000,,0,0.9800,,0.850,0,
355,8,11,fog-20,1,fog,500.0,0.0000,0.3000,0,250.000,,0,0.9750,,0.850,0,
356,8,11,fog-20,1,fog,600.0,0.4821,0.3000,18,254.500,0.0730,0,0.9705,,0.850,0,
357,8,11,fog-20,1,fog,700.0,0.0000,0.3000,1,250.500,,0,0.9655,,0.850,0,
358,8,11,fog-20,1,fog,800.0,0.0000,0.3000,1,250.500,,0,0.9605,,0.850,0,
359,8,11,fog-20,1,fog,900.0,0.0000,0.3000,1,250.500,,0,0.9555,,0.850,0,
360,8,11,fog-20,1,fog,1000.0,0.0000,0.3000,1,250.500,,0,0.9505,,0.850,0,
361,8,11,fog-20,1,fog,1100.0,0.5357,0.3000,22,255.250,0.4349,0,0.9460,,0.850,0,
362,8,11,fog-20,1,fog,1200.0,0.0000,0.3000,3,251.250,1.0000,0,0.9421,,0.850,0,
363,8,11,fog-20,1,fog,1300.0,0.0000,0.3000,2,251.000,,0,0.9371,,0.850,0,
364,8,11,fog-20,1,fog,1400.0,0.0000,0.3000,2,251.000,,0,0.9321,,0.850,0,
365,8,11,fog-20,1,fog,1500.0,0.0000,0.3000,2,251.000,,0,0.9271,,0.850,0,
366,8,11,fog-20,1,fog,1600.0,0.0000,0.3000,2,251.000,,0,0.9221,,0.850,0,
367,8,11,fog-20,1,fog,1700.0,0.0000,0.3000,2,251.000,,0,0.9171,,0.850,0,
368,8,11,fog-20,1,fog,1800.0,0.0000,0.3000,2,251.000,,0,0.9121,,0.850,0,
369,8,11,fog-20,1,fog,1900.0,0.0000,0.3000,2,251.000,,0,0.9071,,0.850,0,
370,8,11,fog-20,1,fog,2000.0,0.0000,0.3000,2,251.000,,0,0.9021,,0.850,0,
371,8,11,fog-20,1,fog,2100.0,0.0000,0.3000,2,251.000,,0,0.8971,,0.850,0,
372,8,11,fog-20,1,fog,2200.0,0.0000,0.3000,2,251.000,,0,0.8921,,0.850,0,
373,8,11,fog-20,1,fog,2300.0,0.0000,0.3000,2,251.000,,0,0.8871,,0.850,0,
374,8,11,fog-20,1,fog,2400.0,0.0000,0.3000,2,251.000,,0,0.8821,,0.850,0,
375,8,11,fog-20,1,fog,2500.0,0.0000,0.3000,2,251.000,,0,0.8771,,0.850,0,
376,8,11,fog-20,1,fog,2600.0,0.0000,0.3000,2,251.000,,0,0.8721,,0.850,0,
377,8,11,fog-20,1,fog,2700.0,1.0000,0.3000,49,258.500,1.0000,0,0.8671,,0.850,0,
378,8,11,fog-20,1,fog,2800.0,0.0000,0.3000,12,254.000,1.0000,0,0.8630,,0.850,0,
379,8,11,fog-20,1,fog,2900.0,0.0000,0.3000,4,252.000,0.0000,0,0.8580,,0.850,0,
380,8,11,fog-20,1,fog,3000.0,0.0000,0.3000,4,252.000,0.0000,0,0.8530,,0.850,0,
381,8,11,fog-20,1,fog,3100.0,0.7500,0.3000,29,257.750,1.0000,0,0.8481,,0.850,0,
382,8,11,fog-20,1,fog,3200.0,0.0000,0.3000,11,254.250,1.0000,0,0.8441,,0.850,0,
383,8,11,fog-20,1,fog,3300.0,0.0000,0.3000,6,253.000,0.0000,0,0.8391,,0.850,0,
384,8,11,fog-20,1,fog,3400.0,0.0000,0.3000,6,253.000,0.0000,0,0.8341,,0.850,0,
385,8,11,fog-20,1,fog,3500.0,0.0000,0.3000,6,253.000,0.0000,0,0.8291,,0.850,0,
386,8,11,fog-20,1,fog,3600.0,0.0000,0.3000,6,253.000,0.0000,0,0.8241,,0.850,0,
387,8,11,fog-20,1,fog,3700.0,0.0000,0.3000,6,253.000,0.0000,0,0.8191,,0.850,0,
388,8,11,fog-20,1,fog,3800.0,0.0000,0.3000,6,253.000,0.0000,0,0.8141,,0.850,0,
389,8,11,fog-20,1,fog,3900.0,0.0000,0.3000,6,253.000,0.0000,0,0.8091,,0.850,0,
390,8,11,fog-20,1,fog,4000.0,0.0000,0.3000,6,253.000,0.0000,0,0.8041,,0.850,0,
391,8,11,fog-20,1,fog,4100.0,0.0000,0.3000,6,253.000,0.0000,0,0.7991,,0.850,0,
392,8,11,fog-20,1,fog,4200.0,0.0000,0.3000,6,253.000,0.0000,0,0.7941,,0.850,0,
393,8,11,fog-20,1,fog,4300.0,0.4821,0.3000,24,257.500,0.5739,0,0.7896,,0.850,0,
394,8,11,fog-20,1,fog,4400.0,0.0000,0.3000,7,253.500,0.0000,0,0.7846,,0.850,0,
395,8,11,fog-20,1,fog,4500.0,0.0000,0.3000,7,253.500,0.0000,0,0.7796,,0.850,0,
396,8,11,fog-20,1,fog,4600.0,0.0000,0.3000,7,253.500,0.0000,0,0.7746,,0.850,0,
397,8,11,fog-20,1,fog,4700.0,0.0000,0.3000,7,253.500,0.0000,0,0.7696,,0.850,0,
398,8,11,fog-20,1,fog,4800.0,0.0000,0.3000,7,253.500,0.0000,0,0.7646,,0.850,0,
399,8,11,fog-20,1,fog,4900.0,0.0000,0.3000,7,253.500,0.0000,0,0.7596,,0.850,0,
400,8,11,fog-20,1,fog,5000.0,0.0000,0.3000,7,253.500,0.0000,0,0.7546,,0.850,0,
401,8,12,fog-21,1,fog,0.0,0.0000,0.3000,0,250.000,,0,1.0000,,0.850,0,2739.9
402,8,12,fog-21,1,fog,100.0,0.1071,0.3000,4,251.000,0.4797,0,0.9953,,0.850,0,2739.9
403,8,12,fog-21,1,fog,200.0,0.5357,0.3000,22,255.250,0.5372,0,0.9908,,0.850,0,2739.9
404,8,12,fog-21,1,fog,300.0,0.4821,0.3000,20,255.250,0.4066,0,0.9863,,0.850,0,2739.9
405,8,12,fog-21,1,fog,400.0,0.4286,0.3000,17,254.500,0.5739,0,0.9819,,0.850,0,2739.9
406,8,12,fog-21,1,fog,500.0,0.5893,0.3000,25,256.250,0.5739,0,0.9774,,0.850,0,2739.9
407,8,12,fog-21,1,fog,600.0,0.0000,0.3000,4,251.750,1.0000,0,0.9735,,0.850,0,2739.9
408,8,12,fog-21,1,fog,700.0,0.0000,0.3000,3,251.500,0.0000,0,0.9685,,0.850,0,2739.9
409,8,12,fog-21,1,fog,800.0,0.0000,0.3000,3,251.500,0.0000,0,0.9635,,0.850,0,2739.9
410,8,12,fog-21,1,fog,900.0,0.0000,0.3000,3,251.500,0.0000,0,0.9585,,0.850,0,2739.9
411,8,12,fog-21,1,fog,1000.0,0.5893,0.3000,26,256.750,0.3614,0,0.9539,,0.850,0,2739.9
412,8,12,fog-21,1,fog,1100.0,0.5357,0.3000,25,256.500,0.6608,0,0.9494,,0.850,0,2739.9
413,8,12,fog-21,1,fog,1200.0,0.0000,0.3000,4,251.750,1.0000,0,0.9455,,0.850,0,2739.9
414,8,12,fog-21,1,fog,1300.0,0.9107,0.3000,39,258.500,1.0000,0,0.9405,,0.850,0,2739.9
415,8,12,fog-21,1,fog,1400.0,1.0000,0.3000,58,261.500,1.0000,0,0.9355,,0.850,0,2739.9
416,8,12,fog-21,1,fog,1500.0,0.9643,0.3000,56,261.250,1.0000,0,0.9305,,0.850,0,2739.9
417,8,12,fog-21,1,fog,1600.0,0.4286,0.3000,32,259.750,1.0000,0,0.9258,,0.850,0,2739.9
418,8,12,fog-21,1,fog,1700.0,0.9643,0.3000,47,261.500,1.0000,0,0.9208,,0.850,0,2739.9
419,8,12,fog-21,1,fog,1800.0,0.9107,0.3000,47,261.750,1.0000,0,0.9158,,0.850,0,2739.9
420,8,12,fog-21,1,fog,1900.0,0.4821,0.3000,33,260.250,1.0000,0,0.9111,,0.850,0,2739.9
421,8,12,fog-21,1,fog,2000.0,0.0000,0.3000,8,254.000,0.0000,0,0.9061,,0.850,0,2739.9
422,8,12,fog-21,1,fog,2100.0,0.2679,0.3000,18,256.500,1.0000,0,0.9017,,0.850,0,2739.9
423,8,12,fog-21,1,fog,2200.0,0.0000,0.3000,8,254.000,0.0000,0,0.8967,,0.850,0,2739.9
424,8,12,fog-21,1,fog,2300.0,0.0000,0.3000,8,254.000,0.0000,0,0.8917,,0.850,0,2739.9
425,8,12,fog-21,1,fog,2400.0,0.0000,0.3000,8,254.000,0.0000,0,0.8867,,0.850,0,2739.9
426,8,12,fog-21,1,fog,2500.0,0.0000,0.3000,8,254.000,0.0000,0,0.8817,,0.850,0,2739.9
427,8,12,fog-21,1,fog,2600.0,0.0000,0.3000,8,254.000,0.0000,0,0.8767,,0.850,1,2739.9
428,8,12,fog-21,1,fog,2700.0,0.0000,0.3000,8,254.000,0.0000,0,0.8717,,0.850,1,2739.9
429,8,13,fog-22,1,fog,0.0,0.0000,0.3000,0,250.000,,0,1.0000,,0.850,0,1443.2
430,8,13,fog-22,1,fog,100.0,0.2143,0.3000,8,252.000,0.0719,0,0.9952,,0.850,0,1443.2
431,8,13,fog-22,1,fog,200.0,1.0000,0.3000,44,258.000,1.0000,0,0.9902,,0.850,0,1443.2
432,8,13,fog-22,1,fog,300.0,0.9107,0.3000,51,259.750,1.0000,0,0.9852,,0.850,0,1443.2
433,8,13,fog-22,1,fog,400.0,0.3750,0.3000,23,256.250,0.8822,0,0.9804,,0.850,0,1443.2
434,8,13,fog-22,1,fog,500.0,1.0000,0.3000,52,259.000,1.0000,0,0.9754,,0.850,0,1443.2
435,8,13,fog-22,1,fog,600.0,1.0000,0.3000,62,260.000,1.0000,0,0.9704,,0.850,0,1443.2
436,8,13,fog-22,1,fog,700.0,0.3750,0.3000,29,258.000,1.0000,0,0.9656,,0.850,0,1443.2
437,8,13,fog-22,1,fog,800.0,0.0536,0.3000,5,252.000,1.0000,0,0.9616,,0.850,0,1443.2
438,8,13,fog-22,1,fog,900.0,0.5357,0.3000,23,256.500,0.3303,0,0.9571,,0.850,0,1443.2
439,8,13,fog-22,1,fog,1000.0,0.0000,0.3000,4,252.000,0.0000,0,0.9521,,0.850,0,1443.2
440,8,13,fog-22,1,fog,1100.0,0.0000,0.3000,4,252.000,0.0000,0,0.9471,,0.850,0,1443.2
441,8,13,fog-22,1,fog,1200.0,0.4286,0.3000,21,255.750,0.9717,0,0.9425,,0.850,0,1443.2
442,8,13,fog-22,1,fog,1300.0,0.5357,0.3000,27,257.500,0.6572,0,0.9380,,0.850,1,1443.2
443,8,13,fog-22,1,fog,1400.0,0.9643,0.3000,48,260.250,1.0000,0,0.9331,,0.850,1,1443.2
444,8,14,fog-23,1,fog,0.0,0.0000,0.3000,0,250.000,,0,1.0000,,0.850,0,
445,8,14,fog-23,1,fog,100.0,0.0000,0.3000,0,250.000,,0,0.9950,,0.850,0,
446,8,14,fog-23,1,fog,200.0,0.0000,0.3000,0,250.000,,0,0.9900,,0.850,0,
447,8,14,fog-23,1,fog,300.0,0.0000,0.3000,0,250.000,,0,0.9850,,0.850,0,
448,8,14,fog-23,1,fog,400.0,0.0000,0.3000,0,250.000,,0,0.9800,,0.850,0,
449,8,14,fog-23,1,fog,500.0,0.0000,0.3000,0,250.000,,0,0.9750,,0.850,0,
450,8,14,fog-23,1,fog,600.0,0.0000,0.3000,0,250.000,,0,0.9700,,0.850,0,
451,8,14,fog-23,1,fog,700.0,0.0000,0.3000,0,250.000,,0,0.9650,,0.850,0,
452,8,14,fog-23,1,fog,800.0,0.0000,0.3000,0,250.000,,0,0.9600,,0.850,0,
453,8,14,fog-23,1,fog,900.0,0.0000,0.3000,0,250.000,,0,0.9550,,0.850,0,
454,8,14,fog-23,1,fog,1000.0,0.0000,0.3000,0,250.000,,0,0.9500,,0.850,0,
455,8,14,fog-23,1,fog,1100.0,0.0000,0.3000,0,250.000,,0,0.9450,,0.850,0,
456,8,14,fog-23,1,fog,1200.0,0.0000,0.3000,0,250.000,,0,0.9400,,0.850,0,
457,8,14,fog-23,1,fog,1300.0,0.0000,0.3000,0,250.000,,0,0.9350,,0.850,0,
458,8,14,fog-23,1,fog,1400.0,0.0000,0.3000,0,250.000,,0,0.9300,,0.850,0,
459,8,14,fog-23,1,fog,1500.0,0.0000,0.3000,0,250.000,,0,0.9250,,0.850,0,
460,8,14,fog-23,1,fog,1600.0,0.0000,0.3000,0,250.000,,0,0.9200,,0.850,0,
461,8,14,fog-23,1,fog,1700.0,0.0000,0.3000,0,250.000,,0,0.9150,,0.850,0,
462,8,14,fog-23,1,fog,1800.0,0.0000,0.3000,0,250.000,,0,0.9100,,0.850,0,
463,8,14,fog-23,1,fog,1900.0,0.0000,0.3000,0,250.000,,0,0.9050,,0.850,0,
464,8,14,fog-23,1,fog,2000.0,0.0000,0.3000,0,250.000,,0,0.9000,,0.850,0,
465,8,14,fog-23,1,fog,2100.0,0.0000,0.3000,0,250.000,,0,0.8950,,0.850,0,
466,8,14,fog-23,1,fog,2200.0,0.0000,0.3000,0,250.000,,0,0.8900,,0.850,0,
467,8,14,fog-23,1,fog,2300.0,0.0000,0.3000,0,250.000,,0,0.8850,,0.850,0,
468,8,14,fog-23,1,fog,2400.0,0.0000,0.3000,0,250.000,,0,0.8800,,0.850,0,
469,8,14,fog-23,1,fog,2500.0,0.0000,0.3000,0,250.000,,0,0.8750,,0.850,0,
470,8,14,fog-23,1,fog,2600.0,0.0000,0.3000,0,250.000,,0,0.8700,,0.850,0,
471,8,14,fog-23,1,fog,2700.0,0.0000,0.3000,0,250.000,,0,0.8650,,0.850,0,
472,8,14,fog-23,1,fog,2800.0,0.0000,0.3000,0,250.000,,0,0.8600,,0.850,0,
473,8,14,fog-23,1,fog,2900.0,0.0000,0.3000,0,250.000,,0,0.8550,,0.850,0,
474,8,14,fog-23,1,fog,3000.0,0.0000,0.3000,0,250.000,,0,0.8500,,0.850,0,
475,8,14,fog-23,1,fog,3100.0,0.0000,0.3000,0,250.000,,0,0.8450,,0.850,0,
476,8,14,fog-23,1,fog,3200.0,0.0000,0.3000,0,250.000,,0,0.8400,,0.850,0,
477,8,14,fog-23,1,fog,3300.0,0.0000,0.3000,0,250.000,,0,0.8350,,0.850,0,
478,8,14,fog-23,1,fog,3400.0,0.0000,0.3000,0,250.000,,0,0.8300,,0.850,0,
479,8,14,fog-23,1,fog,3500.0,0.0000,0.3000,0,250.000,,0,0.8250,,0.850,0,
480,8,14,fog-23,1,fog,3600.0,0.0000,0.3000,0,250.000,,0,0.8200,,0.850,0,
481,8,14,fog-23,1,fog,3700.0,0.0000,0.3000,0,250.000,,0,0.8150,,0.850,0,
482,8,14,fog-23,1,fog,3800.0,0.0000,0.3000,0,250.000,,0,0.8100,,0.850,0,
483,8,14,fog-23,1,fog,3900.0,0.0000,0.3000,0,250.000,,0,0.8050,,0.850,0,
484,8,14,fog-23,1,fog,4000.0,0.0000,0.3000,0,250.000,,0,0.8000,,0.850,0,
485,8,14,fog-23,1,fog,4100.0,0.0000,0.3000,0,250.000,,0,0.7950,,0.850,0,
486,8,14,fog-23,1,fog,4200.0,0.0000,0.3000,0,250.000,,0,0.7900,,0.850,0,
487,8,14,fog-23,1,fog,4300.0,0.0000,0.3000,0,250.000,,0,0.7850,,0.850,0,
488,8,14,fog-23,1,fog,4400.0,0.0000,0.3000,0,250.000,,0,0.7800,,0.850,0,
489,8,14,fog-23,1,fog,4500.0,0.0000,0.3000,0,250.000,,0,0.7750,,0.850,0,
490,8,14,fog-23,1,fog,4600.0,0.0000,0.3000,0,250.000,,0,0.7700,,0.850,0,
491,8,14,fog-23,1,fog,4700.0,0.0000,0.3000,0,250.000,,0,0.7650,,0.850,0,
492,8,14,fog-23,1,fog,4800.0,0.0000,0.3000,0,250.000,,0,0.7600,,0.850,0,
493,8,14,fog-23,1,fog,4900.0,0.0000,0.3000,0,250.000,,0,0.7550,,0.850,0,
494,8,14,fog-23,1,fog,5000.0,0.0000,0.3000,0,250.000,,0,0.7500,,0.850,0,
495,8,15,fog-24,1,fog,0.0,0.0000,0.3000,0,250.000,,0,1.0000,,0.850,0,
496,8,15,fog-24,1,fog,100.0,0.0000,0.3000,0,250.000,,0,0.9950,,0.850,0,
497,8,15,fog-24,1,fog,200.0,0.0000,0.3000,0,250.000,,0,0.9900,,0.850,0,
498,8,15,fog-24,1,fog,300.0,0.0000,0.3000,0,250.000,,0,0.9850,,0.850,0,
499,8,15,fog-24,1,fog,400.0,0.0000,0.3000,0,250.000,,0,0.9800,,0.850,0,
500,8,15,fog-24,1,fog,500.0,0.0000,0.3000,0,250.000,,0,0.9750,,0.850,0,
501,8,15,fog-24,1,fog,600.0,0.0000,0.3000,0,250.000,,0,0.9700,,0.850,0,
502,8,15,fog-24,1,fog,700.0,0.0000,0.3000,0,250.000,,0,0.9650,,0.850,0,
503,8,15,fog-24,1,fog,800.0,0.0000,0.3000,0,250.000,,0,0.9600,,0.850,0,
504,8,15,fog-24,1,fog,900.0,0.0000,0.3000,0,250.000,,0,0.9550,,0.850,0,
505,8,15,fog-24,1,fog,1000.0,0.0000,0.3000,0,250.000,,0,0.9500,,0.850,0,
506,8,15,fog-24,1,fog,1100.0,0.0000,0.3000,0,250.000,,0,0.9450,,0.850,0,
507,8,15,fog-24,1,fog,1200.0,0.0000,0.3000,0,250.000,,0,0.9400,,0.850,0,
508,8,15,fog-24,1,fog,1300.0,0.0000,0.3000,0,250.000,,0,0.9350,,0.850,0,
509,8,15,fog-24,1,fog,1400.0,0.0000,0.3000,0,250.000,,0,0.9300,,0.850,0,
510,8,15,fog-24,1,fog,1500.0,0.0000,0.3000,0,250.000,,0,0.9250,,0.850,0,
511,8,15,fog-24,1,fog,1600.0,0.0000,0.3000,0,250.000,,0,0.9200,,0.850,0,
512,8,15,fog-24,1,fog,1700.0,0.0000,0.3000,0,250.000,,0,0.9150,,0.850,0,
513,8,15,fog-24,1,fog,1800.0,0.0000,0.3000,0,250.000,,0,0.9100,,0.850,0,
514,8,15,fog-24,1,fog,1900.0,0.0000,0.3000,0,250.000,,0,0.9050,,0.850,0,
515,8,15,fog-24,1,fog,2000.0,0.0000,0.3000,0,250.000,,0,0.9000,,0.850,0,
516,8,15,fog-24,1,fog,2100.0,0.0000,0.3000,0,250.000,,0,0.8950,,0.850,0,
517,8,15,fog-24,1,fog,2200.0,0.0000,0.3000,0,250.000,,0,0.8900,,0.850,0,
518,8,15,fog-24,1,fog,2300.0,0.0000,0.3000,0,250.000,,0,0.8850,,0.850,0,
519,8,15,fog-24,1,fog,2400.0,0.0000,0.3000,0,250.000,,0,0.8800,,0.850,0,
520,8,15,fog-24,1,fog,2500.0,0.0000,0.3000,0,250.000,,0,0.8750,,0.850,0,
521,8,15,fog-24,1,fog,2600.0,0.0000,0.3000,0,250.000,,0,0.8700,,0.850,0,
522,8,15,fog-24,1,fog,2700.0,0.0000,0.3000,0,250.000,,0,0.8650,,0.850,0,
523,8,15,fog-24,1,fog,2800.0,0.0000,0.3000,0,250.000,,0,0.8600,,0.850,0,
524,8,15,fog-24,1,fog,2900.0,0.0000,0.3000,0,250.000,,0,0.8550,,0.850,0,
525,8,15,fog-24,1,fog,3000.0,0.0000,0.3000,0,250.000,,0,0.8500,,0.850,0,
526,8,15,fog-24,1,fog,3100.0,0.0000,0.3000,0,250.000,,0,0.8450,,0.850,0,
527,8,15,fog-24,1,fog,3200.0,0.0000,0.3000,0,250.000,,0,0.8400,,0.850,0,
528,8,15,fog-24,1,fog,3300.0,0.0000,0.3000,0,250.000,,0,0.8350,,0.850,0,
529,8,15,fog-24,1,fog,3400.0,0.0000,0.3000,0,250.000,,0,0.8300,,0.850,0,
530,8,15,fog-24,1,fog,3500.0,0.0000,0.3000,0,250.000,,0,0.8250,,0.850,0,
531,8,15,fog-24,1,fog,3600.0,0.0000,0.3000,0,250.000,,0,0.8200,,0.850,0,
532,8,15,fog-24,1,fog,3700.0,0.0000,0.3000,0,250.000,,0,0.8150,,0.850,0,
533,8,15,fog-24,1,fog,3800.0,0.0000,0.3000,0,250.000,,0,0.8100,,0.850,0,
534,8,15,fog-24,1,fog,3900.0,0.0000,0.3000,0,250.000,,0,0.8050,,0.850,0,
535,8,15,fog-24,1,fog,4000.0,0.0000,0.3000,0,250.000,,0,0.8000,,0.850,0,
536,8,15,fog-24,1,fog,4100.0,0.0000,0.3000,0,250.000,,0,0.7950,,0.850,0,
537,8,15,fog-24,1,fog,4200.0,0.0000,0.3000,0,250.000,,0,0.7900,,0.850,0,
538,8,15,fog-24,1,fog,4300.0,0.0000,0.3000,0,250.000,,0,0.7850,,0.850,0,
539,8,15,fog-24,1,fog,4400.0,0.0000,0.3000,0,250.000,,0,0.7800,,0.850,0,
540,8,15,fog-24,1,fog,4500.0,0.0000,0.3000,0,250.000,,0,0.7750,,0.850,0,
541,8,15,fog-24,1,fog,4600.0,0.0000,0.3000,0,250.000,,0,0.7700,,0.850,0,
542,8,15,fog-24,1,fog,4700.0,0.0000,0.3000,0,250.000,,0,0.7650,,0.850,0,
543,8,15,fog-24,1,fog,4800.0,0.0000,0.3000,0,250.000,,0,0.7600,,0.850,0,
544,8,15,fog-24,1,fog,4900.0,0.0000,0.3000,0,250.000,,0,0.7550,,0.850,0,
545,8,15,fog-24,1,fog,5000.0,0.0000,0.3000,0,250.000,,0,0.7500,,0.850,0,
546,8,16,fog-25,1,fog,0.0,0.0000,0.3000,0,250.000,,0,1.0000,,0.850,0,2685.6
547,8,16,fog-25,1,fog,100.0,0.0000,0.3000,0,250.000,,0,0.9950,,0.850,0,2685.6
548,8,16,fog-25,1,fog,200.0,0.0000,0.3000,0,250.000,,0,0.9900,,0.850,0,2685.6
549,8,16,fog-25,1,fog,300.0,0.0000,0.3000,0,250.000,,0,0.9850,,0.850,0,2685.6
550,8,16,fog-25,1,fog,400.0,0.0000,0.3000,0,250.000,,0,0.9800,,0.850,0,2685.6
551,8,16,fog-25,1,fog,500.0,0.0000,0.3000,0,250.000,,0,0.9750,,0.850,0,2685.6
552,8,16,fog-25,1,fog,600.0,0.0000,0.3000,0,250.000,,0,0.9700,,0.850,0,2685.6
553,8,16,fog-25,1,fog,700.0,0.5893,0.3000,23,255.250,0.8812,0,0.9653,,0.850,0,2685.6
554,8,16,fog-25,1,fog,800.0,0.0000,0.3000,2,250.750,,0,0.9613,,0.850,0,2685.6
555,8,16,fog-25,1,fog,900.0,0.0000,0.3000,1,250.500,,0,0.9563,,0.850,0,2685.6
556,8,16,fog-25,1,fog,1000.0,0.4821,0.3000,19,255.000,0.4965,0,0.9518,,0.850,0,2685.6
557,8,16,fog-25,1,fog,1100.0,0.0536,0.3000,4,251.500,0.9696,0,0.9478,,0.850,0,2685.6
558,8,16,fog-25,1,fog,1200.0,0.0000,0.3000,2,251.000,,0,0.9428,,0.850,0,2685.6
559,8,16,fog-25,1,fog,1300.0,0.0000,0.3000,2,251.000,,0,0.9378,,0.850,0,2685.6
560,8,16,fog-25,1,fog,1400.0,0.0000,0.3000,2,251.000,,0,0.9328,,0.850,0,2685.6
561,8,16,fog-25,1,fog,1500.0,0.0000,0.3000,2,251.000,,0,0.9278,,0.850,0,2685.6
562,8,16,fog-25,1,fog,1600.0,0.0000,0.3000,2,251.000,,0,0.9228,,0.850,0,2685.6
563,8,16,fog-25,1,fog,1700.0,0.0000,0.3000,2,251.000,,0,0.9178,,0.850,0,2685.6
564,8,16,fog-25,1,fog,1800.0,0.4821,0.3000,20,255.500,0.5619,0,0.9132,,0.850,0,2685.6
565,8,16,fog-25,1,fog,1900.0,0.0536,0.3000,5,252.000,1.0000,0,0.9093,,0.850,0,2685.6
566,8,16,fog-25,1,fog,2000.0,0.0000,0.3000,3,251.500,0.0000,0,0.9043,,0.850,0,2685.6
567,8,16,fog-25,1,fog,2100.0,0.0000,0.3000,3,251.500,0.0000,0,0.8993,,0.850,0,2685.6
568,8,16,fog-25,1,fog,2200.0,0.0000,0.3000,3,251.500,0.0000,0,0.8943,,0.850,0,2685.6
569,8,16,fog-25,1,fog,2300.0,0.0000,0.3000,3,251.500,0.0000,0,0.8893,,0.850,0,2685.6
570,8,16,fog-25,1,fog,2400.0,0.0000,0.3000,3,251.500,0.0000,0,0.8843,,0.850,0,2685.6
571,8,16,fog-25,1,fog,2500.0,0.0000,0.3000,3,251.500,0.0000,0,0.8793,,0.850,1,2685.6
572,8,16,fog-25,1,fog,2600.0,0.0000,0.3000,3,251.500,0.0000,0,0.8743,,0.850,1,2685.6
573,8,17,fog-26,1,fog,0.0,0.0000,0.3000,0,250.000,,0,1.0000,,0.850,0,
574,8,17,fog-26,1,fog,100.0,0.2143,0.3000,8,252.000,0.0719,0,0.9952,,0.850,0,
575,8,17,fog-26,1,fog,200.0,0.0000,0.3000,1,250.500,,0,0.9902,,0.850,0,
576,8,17,fog-26,1,fog,300.0,0.0000,0.3000,1,250.500,,0,0.9852,,0.850,0,
577,8,17,fog-26,1,fog,400.0,0.0000,0.3000,1,250.500,,0,0.9802,,0.850,0,
578,8,17,fog-26,1,fog,500.0,0.0000,0.3000,1,250.500,,0,0.9752,,0.850,0,
579,8,17,fog-26,1,fog,600.0,0.4821,0.3000,19,255.000,0.7398,0,0.9707,,0.850,0,
580,8,17,fog-26,1,fog,700.0,0.0000,0.3000,2,251.000,,0,0.9657,,0.850,0,
581,8,17,fog-26,1,fog,800.0,0.5357,0.3000,22,256.000,0.2419,0,0.9612,,0.850,0,
582,8,17,fog-26,1,fog,900.0,0.5357,0.3000,24,256.250,0.6752,0,0.9567,,0.850,0,
583,8,17,fog-26,1,fog,1000.0,0.0000,0.3000,5,252.250,1.0000,0,0.9528,,0.850,0,
584,8,17,fog-26,1,fog,1100.0,0.0000,0.3000,4,252.000,0.0000,0,0.9478,,0.850,0,
585,8,17,fog-26,1,fog,1200.0,0.0000,0.3000,4,252.000,0.0000,0,0.9428,,0.850,0,
586,8,17,fog-26,1,fog,1300.0,0.3750,0.3000,18,255.500,1.0000,0,0.9385,,0.850,0,
587,8,17,fog-26,1,fog,1400.0,0.0000,0.3000,5,252.500,0.0000,0,0.9335,,0.850,0,
588,8,17,fog-26,1,fog,1500.0,0.0000,0.3000,5,252.500,0.0000,0,0.9285,,0.850,0,
589,8,17,fog-26,1,fog,1600.0,0.0000,0.3000,5,252.500,0.0000,0,0.9235,,0.850,0,
590,8,17,fog-26,1,fog,1700.0,0.4821,0.3000,24,256.750,1.0000,0,0.9190,,0.850,0,
591,8,17,fog-26,1,fog,1800.0,0.0000,0.3000,7,253.250,1.0000,0,0.9151,,0.850,0,
592,8,17,fog-26,1,fog,1900.0,0.0000,0.3000,6,253.000,0.0000,0,0.9101,,0.850,0,
593,8,17,fog-26,1,fog,2000.0,0.0000,0.3000,6,253.000,0.0000,0,0.9051,,0.850,0,
594,8,17,fog-26,1,fog,2100.0,0.0000,0.3000,6,253.000,0.0000,0,0.9001,,0.850,0,
595,8,17,fog-26,1,fog,2200.0,0.0000,0.3000,6,253.000,0.0000,0,0.8951,,0.850,0,
596,8,17,fog-26,1,fog,2300.0,0.0000,0.3000,6,253.000,0.0000,0,0.8901,,0.850,0,
597,8,17,fog-26,1,fog,2400.0,0.0000,0.3000,6,253.000,0.0000,0,0.8851,,0.850,0,
598,8,17,fog-26,1,fog,2500.0,0.0000,0.3000,6,253.000,0.0000,0,0.8801,,0.850,0,
599,8,17,fog-26,1,fog,2600.0,0.0000,0.3000,6,253.000,0.0000,0,0.8751,,0.850,0,
600,8,17,fog-26,1,fog,2700.0,0.0000,0.3000,6,253.000,0.0000,0,0.8701,,0.850,0,
601,8,17,fog-26,1,fog,2800.0,0.0000,0.3000,6,253.000,0.0000,0,0.8651,,0.850,0,
602,8,17,fog-26,1,fog,2900.0,1.0000,0.3000,99,262.750,1.0000,0,0.8601,,0.850,0,
603,8,17,fog-26,1,fog,3000.0,0.4286,0.3000,48,261.250,1.0000,0,0.8551,,0.850,0,
604,8,17,fog-26,1,fog,3100.0,0.0000,0.3000,18,257.000,1.0000,0,0.8510,,0.850,0,
605,8,17,fog-26,1,fog,3200.0,0.0000,0.3000,10,255.000,0.0000,0,0.8460,,0.850,0,
606,8,17,fog-26,1,fog,3300.0,0.9107,0.3000,45,262.250,1.0000,0,0.8410,,0.850,0,
607,8,17,fog-26,1,fog,3400.0,0.0536,0.3000,19,257.750,1.0000,0,0.8369,,0.850,0,
608,8,17,fog-26,1,fog,3500.0,0.0000,0.3000,12,256.000,0.0000,0,0.8319,,0.850,0,
609,8,17,fog-26,1,fog,3600.0,0.0000,0.3000,12,256.000,0.0000,0,0.8269,,0.850,0,
610,8,17,fog-26,1,fog,3700.0,0.0000,0.3000,12,256.000,0.0000,0,0.8219,,0.850,0,
611,8,17,fog-26,1,fog,3800.0,0.0000,0.3000,12,256.000,0.0000,0,0.8169,,0.850,0,
612,8,17,fog-26,1,fog,3900.0,0.2679,0.3000,22,258.500,1.0000,0,0.8126,,0.850,0,
613,8,17,fog-26,1,fog,4000.0,0.5893,0.3000,36,261.750,0.9417,0,0.8081,,0.850,0,
614,8,17,fog-26,1,fog,4100.0,0.0000,0.3000,15,257.250,1.0000,0,0.8042,,0.850,0,
615,8,17,fog-26,1,fog,4200.0,0.0000,0.3000,14,257.000,0.0000,0,0.7992,,0.850,0,
616,8,17,fog-26,1,fog,4300.0,0.0000,0.3000,14,257.000,0.0000,0,0.7942,,0.850,0,
617,8,17,fog-26,1,fog,4400.0,0.4821,0.3000,32,261.500,1.0000,0,0.7897,,0.850,0,
618,8,17,fog-26,1,fog,4500.0,0.5893,0.3000,38,262.750,1.0000,0,0.7851,,0.850,0,
619,8,17,fog-26,1,fog,4600.0,0.0000,0.3000,17,258.250,1.0000,0,0.7811,,0.850,0,
620,8,17,fog-26,1,fog,4700.0,0.0000,0.3000,16,258.000,0.0000,0,0.7761,,0.850,0,
621,8,17,fog-26,1,fog,4800.0,0.9643,0.3000,56,265.250,1.0000,0,0.7712,,0.850,0,
622,8,17,fog-26,1,fog,4900.0,0.0000,0.3000,25,260.750,1.0000,0,0.7671,,0.850,0,
623,8,17,fog-26,1,fog,5000.0,0.0000,0.3000,18,259.000,0.0000,0,0.7621,,0.850,0,
624,8,18,fog-27,1,fog,0.0,0.0000,0.3000,0,250.000,,0,1.0000,,0.850,0,
625,8,18,fog-27,1,fog,100.0,0.0000,0.3000,0,250.000,,0,0.9950,,0.850,0,
626,8,18,fog-27,1,fog,200.0,0.0000,0.3000,0,250.000,,0,0.9900,,0.850,0,
627,8,18,fog-27,1,fog,300.0,0.0000,0.3000,0,250.000,,0,0.9850,,0.850,0,
628,8,18,fog-27,1,fog,400.0,0.4286,0.3000,17,253.750,0.5892,0,0.9805,,0.850,0,
629,8,18,fog-27,1,fog,500.0,0.3750,0.3000,17,254.000,0.9351,0,0.9762,,0.850,0,
630,8,18,fog-27,1,fog,600.0,0.4821,0.3000,21,255.000,0.7540,0,0.9718,,0.850,0,
631,8,18,fog-27,1,fog,700.0,0.0000,0.3000,2,250.750,,0,0.9679,,0.850,0,
632,8,18,fog-27,1,fog,800.0,0.0000,0.3000,1,250.500,,0,0.9629,,0.850,0,
633,8,18,fog-27,1,fog,900.0,0.0000,0.3000,1,250.500,,0,0.9579,,0.850,0,
634,8,18,fog-27,1,fog,1000.0,0.0000,0.3000,1,250.500,,0,0.9529,,0.850,0,
635,8,18,fog-27,1,fog,1100.0,0.0000,0.3000,1,250.500,,0,0.9479,,0.850,0,
636,8,18,fog-27,1,fog,1200.0,0.0000,0.3000,1,250.500,,0,0.9429,,0.850,0,
637,8,18,fog-27,1,fog,1300.0,0.0000,0.3000,1,250.500,,0,0.9379,,0.850,0,
638,8,18,fog-27,1,fog,1400.0,0.0000,0.3000,1,250.500,,0,0.9329,,0.850,0,
639,8,18,fog-27,1,fog,1500.0,0.0000,0.3000,1,250.500,,0,0.9279,,0.850,0,
640,8,18,fog-27,1,fog,1600.0,0.0000,0.3000,1,250.500,,0,0.9229,,0.850,0,
641,8,18,fog-27,1,fog,1700.0,0.0000,0.3000,1,250.500,,0,0.9179,,0.850,0,
642,8,18,fog-27,1,fog,1800.0,0.0000,0.3000,1,250.500,,0,0.9129,,0.850,0,
643,8,18,fog-27,1,fog,1900.0,0.0000,0.3000,1,250.500,,0,0.9079,,0.850,0,
644,8,18,fog-27,1,fog,2000.0,0.0000,0.3000,1,250.500,,0,0.9029,,0.850,0,
645,8,18,fog-27,1,fog,2100.0,0.0000,0.3000,1,250.500,,0,0.8979,,0.850,0,
646,8,18,fog-27,1,fog,2200.0,0.0000,0.3000,1,250.500,,0,0.8929,,0.850,0,
647,8,18,fog-27,1,fog,2300.0,0.0000,0.3000,1,250.500,,0,0.8879,,0.850,0,
648,8,18,fog-27,1,fog,2400.0,0.0000,0.3000,1,250.500,,0,0.8829,,0.850,0,
649,8,18,fog-27,1,fog,2500.0,0.0000,0.3000,1,250.500,,0,0.8779,,0.850,0,
650,8,18,fog-27,1,fog,2600.0,0.0000,0.3000,1,250.500,,0,0.8729,,0.850,0,
651,8,18,fog-27,1,fog,2700.0,0.0000,0.3000,1,250.500,,0,0.8679,,0.850,0,
652,8,18,fog-27,1,fog,2800.0,0.4286,0.3000,17,254.500,0.6918,0,0.8634,,0.850,0,
653,8,18,fog-27,1,fog,2900.0,0.5357,0.3000,23,255.750,0.7568,0,0.8589,,0.850,0,
654,8,18,fog-27,1,fog,3000.0,0.5357,0.3000,24,256.000,0.4781,0,0.8544,,0.850,0,
655,8,18,fog-27,1,fog,3100.0,0.0000,0.3000,3,251.250,1.0000,0,0.8505,,0.850,0,
656,8,18,fog-27,1,fog,3200.0,0.0000,0.3000,2,251.000,,0,0.8455,,0.850,0,
657,8,18,fog-27,1,fog,3300.0,0.0000,0.3000,2,251.000,,0,0.8405,,0.850,0,
658,8,18,fog-27,1,fog,3400.0,0.0000,0.3000,2,251.000,,0,0.8355,,0.850,0,
659,8,18,fog-27,1,fog,3500.0,0.0000,0.3000,2,251.000,,0,0.8305,,0.850,0,
660,8,18,fog-27,1,fog,3600.0,0.0000,0.3000,2,251.000,,0,0.8255,,0.850,0,
661,8,18,fog-27,1,fog,3700.0,0.4286,0.3000,19,254.750,0.8618,0,0.8209,,0.850,0,
662,8,18,fog-27,1,fog,3800.0,0.4821,0.3000,23,256.000,0.8727,0,0.8165,,0.850,0,
663,8,18,fog-27,1,fog,3900.0,0.4286,0.3000,20,255.750,0.6999,0,0.8121,,0.850,0,
664,8,18,fog-27,1,fog,4000.0,0.0536,0.3000,5,252.000,1.0000,0,0.8081,,0.850,0,
665,8,18,fog-27,1,fog,4100.0,0.5357,0.3000,24,256.250,0.6365,0,0.8036,,0.850,0,
666,8,18,fog-27,1,fog,4200.0,0.5357,0.3000,26,257.000,0.6242,0,0.7991,,0.850,0,
667,8,18,fog-27,1,fog,4300.0,0.4821,0.3000,24,256.500,0.7947,0,0.7948,,0.850,0,
668,8,18,fog-27,1,fog,4400.0,0.0000,0.3000,5,252.250,1.0000,0,0.7908,,0.850,0,
669,8,18,fog-27,1,fog,4500.0,0.0000,0.3000,4,252.000,0.0000,0,0.7858,,0.850,0,
670,8,18,fog-27,1,fog,4600.0,0.0000,0.3000,4,252.000,0.0000,0,0.7808,,0.850,0,
671,8,18,fog-27,1,fog,4700.0,0.0000,0.3000,4,252.000,0.0000,0,0.7758,,0.850,0,
672,8,18,fog-27,1,fog,4800.0,0.0000,0.3000,4,252.000,0.0000,0,0.7708,,0.850,0,
673,8,18,fog-27,1,fog,4900.0,0.0000,0.3000,4,252.000,0.0000,0,0.7658,,0.850,0,
674,8,18,fog-27,1,fog,5000.0,0.0000,0.3000,4,252.000,0.0000,0,0.7608,,0.850,0,
675,8,19,fog-28,1,fog,0.0,0.0000,0.3000,0,250.000,,0,1.0000,,0.850,0,
676,8,19,fog-28,1,fog,100.0,0.0000,0.3000,0,250.000,,0,0.9950,,0.850,0,
677,8,19,fog-28,1,fog,200.0,0.0000,0.3000,0,250.000,,0,0.9900,,0.850,0,
678,8,19,fog-28,1,fog,300.0,0.0000,0.3000,0,250.000,,0,0.9850,,0.850,0,
679,8,19,fog-28,1,fog,400.0,0.0000,0.3000,0,250.000,,0,0.9800,,0.850,0,
680,8,19,fog-28,1,fog,500.0,0.0000,0.3000,0,250.000,,0,0.9750,,0.850,0,
681,8,19,fog-28,1,fog,600.0,0.0000,0.3000,0,250.000,,0,0.9700,,0.850,0,
682,8,19,fog-28,1,fog,700.0,0.0000,0.3000,0,250.000,,0,0.9650,,0.850,0,
683,8,19,fog-28,1,fog,800.0,0.0000,0.3000,0,250.000,,0,0.9600,,0.850,0,
684,8,19,fog-28,1,fog,900.0,0.0000,0.3000,0,250.000,,0,0.9550,,0.850,0,
685,8,19,fog-28,1,fog,1000.0,0.0000,0.3000,0,250.000,,0,0.9500,,0.850,0,
686,8,19,fog-28,1,fog,1100.0,0.0000,0.3000,0,250.000,,0,0.9450,,0.850,0,
687,8,19,fog-28,1,fog,1200.0,0.0000,0.3000,0,250.000,,0,0.9400,,0.850,0,
688,8,19,fog-28,1,fog,1300.0,0.0000,0.3000,0,250.000,,0,0.9350,,0.850,0,
689,8,19,fog-28,1,fog,1400.0,0.0000,0.3000,0,250.000,,0,0.9300,,0.850,0,
690,8,19,fog-28,1,fog,1500.0,0.0000,0.3000,0,250.000,,0,0.9250,,0.850,0,
691,8,19,fog-28,1,fog,1600.0,0.0000,0.3000,0,250.000,,0,0.9200,,0.850,0,
692,8,19,fog-28,1,fog,1700.0,0.0000,0.3000,0,250.000,,0,0.9150,,0.850,0,
693,8,19,fog-28,1,fog,1800.0,0.0000,0.3000,0,250.000,,0,0.9100,,0.850,0,
694,8,19,fog-28,1,fog,1900.0,0.0000,0.3000,0,250.000,,0,0.9050,,0.850,0,
695,8,19,fog-28,1,fog,2000.0,0.0000,0.3000,0,250.000,,0,0.9000,,0.850,0,
696,8,19,fog-28,1,fog,2100.0,0.0000,0.3000,0,250.000,,0,0.8950,,0.850,0,
697,8,19,fog-28,1,fog,2200.0,0.0000,0.3000,0,250.000,,0,0.8900,,0.850,0,
698,8,19,fog-28,1,fog,2300.0,0.0000,0.3000,0,250.000,,0,0.8850,,0.850,0,
699,8,19,fog-28,1,fog,2400.0,0.0000,0.3000,0,250.000,,0,0.8800,,0.850,0,
700,8,19,fog-28,1,fog,2500.0,0.0000,0.3000,0,250.000,,0,0.8750,,0.850,0,
701,8,19,fog-28,1,fog,2600.0,0.0000,0.3000,0,250.000,,0,0.8700,,0.850,0,
702,8,19,fog-28,1,fog,2700.0,0.0000,0.3000,0,250.000,,0,0.8650,,0.850,0,
703,8,19,fog-28,1,fog,2800.0,0.0000,0.3000,0,250.000,,0,0.8600,,0.850,0,
704,8,19,fog-28,1,fog,2900.0,0.0000,0.3000,0,250.000,,0,0.8550,,0.850,0,
705,8,19,fog-28,1,fog,3000.0,0.0000,0.3000,0,250.000,,0,0.8500,,0.850,0,
706,8,19,fog-28,1,fog,3100.0,0.0000,0.3000,0,250.000,,0,0.8450,,0.850,0,
707,8,19,fog-28,1,fog,3200.0,0.0000,0.3000,0,250.000,,0,0.8400,,0.850,0,
708,8,19,fog-28,1,fog,3300.0,0.0000,0.3000,0,250.000,,0,0.8350,,0.850,0,
709,8,19,fog-28,1,fog,3400.0,0.0000,0.3000,0,250.000,,0,0.8300,,0.850,0,
710,8,19,fog-28,1,fog,3500.0,0.0000,0.3000,0,250.000,,0,0.8250,,0.850,0,
711,8,19,fog-28,1,fog,3600.0,0.0000,0.3000,0,250.000,,0,0.8200,,0.850,0,
712,8,19,fog-28,1,fog,3700.0,0.0000,0.3000,0,250.000,,0,0.8150,,0.850,0,
713,8,19,fog-28,1,fog,3800.0,0.0000,0.3000,0,250.000,,0,0.8100,,0.850,0,
714,8,19,fog-28,1,fog,3900.0,0.0000,0.3000,0,250.000,,0,0.8050,,0.850,0,
715,8,19,fog-28,1,fog,4000.0,0.0000,0.3000,0,250.000,,0,0.8000,,0.850,0,
716,8,19,fog-28,1,fog,4100.0,0.0000,0.3000,0,250.000,,0,0.7950,,0.850,0,
717,8,19,fog-28,1,fog,4200.0,0.0000,0.3000,0,250.000,,0,0.7900,,0.850,0,
718,8,19,fog-28,1,fog,4300.0,0.0000,0.3000,0,250.000,,0,0.7850,,0.850,0,
719,8,19,fog-28,1,fog,4400.0,0.0000,0.3000,0,250.000,,0,0.7800,,0.850,0,
720,8,19,fog-28,1,fog,4500.0,0.0000,0.3000,0,250.000,,0,0.7750,,0.850,0,
721,8,19,fog-28,1,fog,4600.0,0.0000,0.3000,0,250.000,,0,0.7700,,0.850,0,
722,8,19,fog-28,1,fog,4700.0,0.0000,0.3000,0,250.000,,0,0.7650,,0.850,0,
723,8,19,fog-28,1,fog,4800.0,0.0000,0.3000,0,250.000,,0,0.7600,,0.850,0,
724,8,19,fog-28,1,fog,4900.0,0.0000,0.3000,0,250.000,,0,0.7550,,0.850,0,
725,8,19,fog-28,1,fog,5000.0,0.0000,0.3000,0,250.000,,0,0.7500,,0.850,0,
726,8,20,fog-29,1,fog,0.0,0.0000,0.3000,0,250.000,,0,1.0000,,0.850,0,
727,8,20,fog-29,1,fog,100.0,0.0000,0.3000,0,250.000,,0,0.9950,,0.850,0,
728,8,20,fog-29,1,fog,200.0,0.0000,0.3000,0,250.000,,0,0.9900,,0.850,0,
729,8,20,fog-29,1,fog,300.0,0.0000,0.3000,0,250.000,,0,0.9850,,0.850,0,
730,8,20,fog-29,1,fog,400.0,0.0000,0.3000,0,250.000,,0,0.9800,,0.850,0,
731,8,20,fog-29,1,fog,500.0,0.0000,0.3000,0,250.000,,0,0.9750,,0.850,0,
732,8,20,fog-29,1,fog,600.0,0.0000,0.3000,0,250.000,,0,0.9700,,0.850,0,
733,8,20,fog-29,1,fog,700.0,0.0000,0.3000,0,250.000,,0,0.9650,,0.850,0,
734,8,20,fog-29,1,fog,800.0,0.0000,0.3000,0,250.000,,0,0.9600,,0.850,0,
735,8,20,fog-29,1,fog,900.0,0.0000,0.3000,0,250.000,,0,0.9550,,0.850,0,
736,8,20,fog-29,1,fog,1000.0,0.0000,0.3000,0,250.000,,0,0.9500,,0.850,0,
737,8,20,fog-29,1,fog,1100.0,0.0000,0.3000,0,250.000,,0,0.9450,,0.850,0,
738,8,20,fog-29,1,fog,1200.0,0.0000,0.3000,0,250.000,,0,0.9400,,0.850,0,
739,8,20,fog-29,1,fog,1300.0,0.0000,0.3000,0,250.000,,0,0.9350,,0.850,0,
740,8,20,fog-29,1,fog,1400.0,0.0000,0.3000,0,250.000,,0,0.9300,,0.850,0,
741,8,20,fog-29,1,fog,1500.0,0.0000,0.3000,0,250.000,,0,0.9250,,0.850,0,
742,8,20,fog-29,1,fog,1600.0,0.0000,0.3000,0,250.000,,0,0.9200,,0.850,0,
743,8,20,fog-29,1,fog,1700.0,0.0000,0.3000,0,250.000,,0,0.9150,,0.850,0,
744,8,20,fog-29,1,fog,1800.0,0.0000,0.3000,0,250.000,,0,0.9100,,0.850,0,
745,8,20,fog-29,1,fog,1900.0,0.0000,0.3000,0,250.000,,0,0.9050,,0.850,0,
746,8,20,fog-29,1,fog,2000.0,0.0000,0.3000,0,250.000,,0,0.9000,,0.850,0,
747,8,20,fog-29,1,fog,2100.0,0.0000,0.3000,0,250.000,,0,0.8950,,0.850,0,
748,8,20,fog-29,1,fog,2200.0,0.0000,0.3000,0,250.000,,0,0.8900,,0.850,0,
749,8,20,fog-29,1,fog,2300.0,0.0000,0.3000,0,250.000,,0,0.8850,,0.850,0,
750,8,20,fog-29,1,fog,2400.0,0.0000,0.3000,0,250.000,,0,0.8800,,0.850,0,
751,8,20,fog-29,1,fog,2500.0,0.0000,0.3000,0,250.000,,0,0.8750,,0.850,0,
752,8,20,fog-29,1,fog,2600.0,0.0000,0.3000,0,250.000,,0,0.8700,,0.850,0,
753,8,20,fog-29,1,fog,2700.0,0.0000,0.3000,0,250.000,,0,0.8650,,0.850,0,
754,8,20,fog-29,1,fog,2800.0,0.0000,0.3000,0,250.000,,0,0.8600,,0.850,0,
755,8,20,fog-29,1,fog,2900.0,0.0000,0.3000,0,250.000,,0,0.8550,,0.850,0,
756,8,20,fog-29,1,fog,3000.0,0.0000,0.3000,0,250.000,,0,0.8500,,0.850,0,
757,8,20,fog-29,1,fog,3100.0,0.0000,0.3000,0,250.000,,0,0.8450,,0.850,0,
758,8,20,fog-29,1,fog,3200.0,0.0000,0.3000,0,250.000,,0,0.8400,,0.850,0,
759,8,20,fog-29,1,fog,3300.0,0.0000,0.3000,0,250.000,,0,0.8350,,0.850,0,
760,8,20,fog-29,1,fog,3400.0,0.0000,0.3000,0,250.000,,0,0.8300,,0.850,0,
761,8,20,fog-29,1,fog,3500.0,0.0000,0.3000,0,250.000,,0,0.8250,,0.850,0,
762,8,20,fog-29,1,fog,3600.0,0.0000,0.3000,0,250.000,,0,0.8200,,0.850,0,
763,8,20,fog-29,1,fog,3700.0,0.0000,0.3000,0,250.000,,0,0.8150,,0.850,0,
764,8,20,fog-29,1,fog,3800.0,0.0000,0.3000,0,250.000,,0,0.8100,,0.850,0,
765,8,20,fog-29,1,fog,3900.0,0.0000,0.3000,0,250.000,,0,0.8050,,0.850,0,
766,8,20,fog-29,1,fog,4000.0,0.0000,0.3000,0,250.000,,0,0.8000,,0.850,0,
767,8,20,fog-29,1,fog,4100.0,0.0000,0.3000,0,250.000,,0,0.7950,,0.850,0,
768,8,20,fog-29,1,fog,4200.0,0.0000,0.3000,0,250.000,,0,0.7900,,0.850,0,
769,8,20,fog-29,1,fog,4300.0,0.0000,0.3000,0,250.000,,0,0.7850,,0.850,0,
770,8,20,fog-29,1,fog,4400.0,0.0000,0.3000,0,250.000,,0,0.7800,,0.850,0,
771,8,20,fog-29,1,fog,4500.0,0.0000,0.3000,0,250.000,,0,0.7750,,0.850,0,
772,8,20,fog-29,1,fog,4600.0,0.0000,0.3000,0,250.000,,0,0.7700,,0.850,0,
773,8,20,fog-29,1,fog,4700.0,0.0000,0.3000,0,250.000,,0,0.7650,,0.850,0,
774,8,20,fog-29,1,fog,4800.0,0.0000,0.3000,0,250.000,,0,0.7600,,0.850,0,
775,8,20,fog-29,1,fog,4900.0,0.0000,0.3000,0,250.000,,0,0.7550,,0.850,0,
776,8,20,fog-29,1,fog,5000.0,0.0000,0.3000,0,250.000,,0,0.7500,,0.850,0,
777,8,21,fog-30,1,fog,0.0,0.0000,0.3000,0,250.000,,0,1.0000,,0.850,0,972.4
778,8,21,fog-30,1,fog,100.0,0.1071,0.3000,4,251.000,0.4797,0,0.9952,,0.850,0,972.4
779,8,21,fog-30,1,fog,200.0,1.0000,0.3000,45,258.750,1.0000,0,0.9902,,0.850,0,972.4
780,8,21,fog-30,1,fog,300.0,1.0000,0.3000,89,260.000,1.0000,0,0.9852,,0.850,0,972.4
781,8,21,fog-30,1,fog,400.0,0.4821,0.3000,46,260.000,1.0000,0,0.9802,,0.850,0,972.4
782,8,21,fog-30,1,fog,500.0,0.0000,0.3000,11,253.750,1.0000,0,0.9760,,0.850,0,972.4
783,8,21,fog-30,1,fog,600.0,0.8036,0.3000,40,258.000,1.0000,0,0.9712,,0.850,0,972.4
784,8,21,fog-30,1,fog,700.0,0.4821,0.3000,29,258.500,1.0000,0,0.9665,,0.850,0,972.4
785,8,21,fog-30,1,fog,800.0,0.5893,0.3000,28,257.750,0.7153,0,0.9620,,0.850,1,972.4
786,8,21,fog-30,1,fog,900.0,1.0000,0.3000,60,261.250,1.0000,0,0.9570,,0.850,1,972.4
787,8,22,fog-31,1,fog,0.0,0.0000,0.3000,0,250.000,,0,1.0000,,0.850,0,
788,8,22,fog-31,1,fog,100.0,0.0000,0.3000,0,250.000,,0,0.9950,,0.850,0,
789,8,22,fog-31,1,fog,200.0,0.0000,0.3000,0,250.000,,0,0.9900,,0.850,0,
790,8,22,fog-31,1,fog,300.0,0.0000,0.3000,0,250.000,,0,0.9850,,0.850,0,
791,8,22,fog-31,1,fog,400.0,0.0000,0.3000,0,250.000,,0,0.9800,,0.850,0,
792,8,22,fog-31,1,fog,500.0,0.0000,0.3000,0,250.000,,0,0.9750,,0.850,0,
793,8,22,fog-31,1,fog,600.0,0.0000,0.3000,0,250.000,,0,0.9700,,0.850,0,
794,8,22,fog-31,1,fog,700.0,0.0000,0.3000,0,250.000,,0,0.9650,,0.850,0,
795,8,22,fog-31,1,fog,800.0,0.0000,0.3000,0,250.000,,0,0.9600,,0.850,0,
796,8,22,fog-31,1,fog,900.0,0.0000,0.3000,0,250.000,,0,0.9550,,0.850,0,
797,8,22,fog-31,1,fog,1000.0,0.5357,0.3000,20,255.000,0.5877,0,0.9504,,0.850,0,
798,8,22,fog-31,1,fog,1100.0,0.0536,0.3000,3,251.000,0.6089,0,0.9464,,0.850,0,
799,8,22,fog-31,1,fog,1200.0,0.0000,0.3000,1,250.500,,0,0.9414,,0.850,0,
800,8,22,fog-31,1,fog,1300.0,0.0000,0.3000,1,250.500,,0,0.9364,,0.850,0,
801,8,22,fog-31,1,fog,1400.0,0.0000,0.3000,1,250.500,,0,0.9314,,0.850,0,
802,8,22,fog-31,1,fog,1500.0,0.0000,0.3000,1,250.500,,0,0.9264,,0.850,0,
803,8,22,fog-31,1,fog,1600.0,0.0000,0.3000,1,250.500,,0,0.9214,,0.850,0,
804,8,22,fog-31,1,fog,1700.0,0.0000,0.3000,1,250.500,,0,0.9164,,0.850,0,
805,8,22,fog-31,1,fog,1800.0,0.0000,0.3000,1,250.500,,0,0.9114,,0.850,0,
806,8,22,fog-31,1,fog,1900.0,0.0000,0.3000,1,250.500,,0,0.9064,,0.850,0,
807,8,22,fog-31,1,fog,2000.0,0.0000,0.3000,1,250.500,,0,0.9014,,0.850,0,
808,8,22,fog-31,1,fog,2100.0,0.0000,0.3000,1,250.500,,0,0.8964,,0.850,0,
809,8,22,fog-31,1,fog,2200.0,0.0000,0.3000,1,250.500,,0,0.8914,,0.850,0,
810,8,22,fog-31,1,fog,2300.0,0.0000,0.3000,1,250.500,,0,0.8864,,0.850,0,
811,8,22,fog-31,1,fog,2400.0,0.0000,0.3000,1,250.500,,0,0.8814,,0.850,0,
812,8,22,fog-31,1,fog,2500.0,0.0000,0.3000,1,250.500,,0,0.8764,,0.850,0,
813,8,22,fog-31,1,fog,2600.0,0.4821,0.3000,19,255.000,0.6468,0,0.8720,,0.850,0,
814,8,22,fog-31,1,fog,2700.0,0.0536,0.3000,4,251.500,1.0000,0,0.8680,,0.850,0,
815,8,22,fog-31,1,fog,2800.0,0.0000,0.3000,2,251.000,,0,0.8630,,0.850,0,
816,8,22,fog-31,1,fog,2900.0,0.0000,0.3000,2,251.000,,0,0.8580,,0.850,0,
817,8,22,fog-31,1,fog,3000.0,0.0000,0.3000,2,251.000,,0,0.8530,,0.850,0,
818,8,22,fog-31,1,fog,3100.0,0.0000,0.3000,2,251.000,,0,0.8480,,0.850,0,
819,8,22,fog-31,1,fog,3200.0,0.0000,0.3000,2,251.000,,0,0.8430,,0.850,0,
820,8,22,fog-31,1,fog,3300.0,0.0000,0.3000,2,251.000,,0,0.8380,,0.850,0,
821,8,22,fog-31,1,fog,3400.0,0.0000,0.3000,2,251.000,,0,0.8330,,0.850,0,
822,8,22,fog-31,1,fog,3500.0,0.0000,0.3000,2,251.000,,0,0.8280,,0.850,0,
823,8,22,fog-31,1,fog,3600.0,0.0000,0.3000,2,251.000,,0,0.8230,,0.850,0,
824,8,22,fog-31,1,fog,3700.0,0.0000,0.3000,2,251.000,,0,0.8180,,0.850,0,
825,8,22,fog-31,1,fog,3800.0,0.0000,0.3000,2,251.000,,0,0.8130,,0.850,0,
826,8,22,fog-31,1,fog,3900.0,0.0000,0.3000,2,251.000,,0,0.8080,,0.850,0,
827,8,22,fog-31,1,fog,4000.0,0.0000,0.3000,2,251.000,,0,0.8030,,0.850,0,
828,8,22,fog-31,1,fog,4100.0,0.0000,0.3000,2,251.000,,0,0.7980,,0.850,0,
829,8,22,fog-31,1,fog,4200.0,0.4286,0.3000,18,255.000,0.9040,0,0.7936,,0.850,0,
830,8,22,fog-31,1,fog,4300.0,0.0000,0.3000,3,251.500,0.0000,0,0.7886,,0.850,0,
831,8,22,fog-31,1,fog,4400.0,0.0000,0.3000,3,251.500,0.0000,0,0.7836,,0.850,0,
832,8,22,fog-31,1,fog,4500.0,0.0000,0.3000,3,251.500,0.0000,0,0.7786,,0.850,0,
833,8,22,fog-31,1,fog,4600.0,0.0000,0.3000,3,251.500,0.0000,0,0.7736,,0.850,0,
834,8,22,fog-31,1,fog,4700.0,0.0000,0.3000,3,251.500,0.0000,0,0.7686,,0.850,0,
835,8,22,fog-31,1,fog,4800.0,0.0000,0.3000,3,251.500,0.0000,0,0.7636,,0.850,0,
836,8,22,fog-31,1,fog,4900.0,0.0000,0.3000,3,251.500,0.0000,0,0.7586,,0.850,0,
837,8,22,fog-31,1,fog,5000.0,0.0000,0.3000,3,251.500,0.0000,0,0.7536,,0.850,0,
838,8,23,fog-32,1,fog,0.0,0.0000,0.3000,0,250.000,,0,1.0000,,0.850,0,
839,8,23,fog-32,1,fog,100.0,0.0000,0.3000,0,250.000,,0,0.9950,,0.850,0,
840,8,23,fog-32,1,fog,200.0,0.4821,0.3000,18,254.500,0.4070,0,0.9905,,0.850,0,
841,8,23,fog-32,1,fog,300.0,0.0000,0.3000,1,250.500,,0,0.9855,,0.850,0,
842,8,23,fog-32,1,fog,400.0,0.0000,0.3000,1,250.500,,0,0.9805,,0.850,0,
843,8,23,fog-32,1,fog,500.0,0.0000,0.3000,1,250.500,,0,0.9755,,0.850,0,
844,8,23,fog-32,1,fog,600.0,1.0000,0.3000,44,258.000,1.0000,0,0.9705,,0.850,0,
845,8,23,fog-32,1,fog,700.0,0.0000,0.3000,11,253.500,1.0000,0,0.9664,,0.850,0,
846,8,23,fog-32,1,fog,800.0,0.0000,0.3000,3,251.500,0.0000,0,0.9614,,0.850,0,
847,8,23,fog-32,1,fog,900.0,0.0000,0.3000,3,251.500,0.0000,0,0.9564,,0.850,0,
848,8,23,fog-32,1,fog,1000.0,0.0000,0.3000,3,251.500,0.0000,0,0.9514,,0.850,0,
849,8,23,fog-32,1,fog,1100.0,0.0000,0.3000,3,251.500,0.0000,0,0.9464,,0.850,0,
850,8,23,fog-32,1,fog,1200.0,0.0000,0.3000,3,251.500,0.0000,0,0.9414,,0.850,0,
851,8,23,fog-32,1,fog,1300.0,0.0000,0.3000,3,251.500,0.0000,0,0.9364,,0.850,0,
852,8,23,fog-32,1,fog,1400.0,0.9107,0.3000,39,258.500,1.0000,0,0.9315,,0.850,0,
853,8,23,fog-32,1,fog,1500.0,1.0000,0.3000,56,262.250,1.0000,0,0.9265,,0.850,0,
854,8,23,fog-32,1,fog,1600.0,0.0000,0.3000,10,253.750,1.0000,0,0.9223,,0.850,0,
855,8,23,fog-32,1,fog,1700.0,0.5357,0.3000,25,257.500,0.6478,0,0.9177,,0.850,0,
856,8,23,fog-32,1,fog,1800.0,0.5357,0.3000,27,257.750,0.9528,0,0.9133,,0.850,0,
857,8,23,fog-32,1,fog,1900.0,0.0000,0.3000,7,253.250,1.0000,0,0.9094,,0.850,0,
858,8,23,fog-32,1,fog,2000.0,0.5357,0.3000,26,258.000,0.6965,0,0.9049,,0.850,0,
859,8,23,fog-32,1,fog,2100.0,0.0536,0.3000,8,253.500,1.0000,0,0.9009,,0.850,0,
860,8,23,fog-32,1,fog,2200.0,0.0000,0.3000,6,253.000,0.0000,0,0.8959,,0.850,0,
861,8,23,fog-32,1,fog,2300.0,0.0000,0.3000,6,253.000,0.0000,0,0.8909,,0.850,0,
862,8,23,fog-32,1,fog,2400.0,0.0000,0.3000,6,253.000,0.0000,0,0.8859,,0.850,0,
863,8,23,fog-32,1,fog,2500.0,0.4821,0.3000,24,257.500,0.7253,0,0.8815,,0.850,0,
864,8,23,fog-32,1,fog,2600.0,0.4821,0.3000,25,258.000,1.0000,0,0.8770,,0.850,0,
865,8,23,fog-32,1,fog,2700.0,0.0536,0.3000,9,254.000,1.0000,0,0.8730,,0.850,0,
866,8,23,fog-32,1,fog,2800.0,0.0000,0.3000,7,253.500,0.0000,0,0.8680,,0.850,0,
867,8,23,fog-32,1,fog,2900.0,0.0000,0.3000,7,253.500,0.0000,0,0.8630,,0.850,0,
868,8,23,fog-32,1,fog,3000.0,0.0000,0.3000,7,253.500,0.0000,0,0.8580,,0.850,0,
869,8,23,fog-32,1,fog,3100.0,0.0000,0.3000,7,253.500,0.0000,0,0.8530,,0.850,0,
870,8,23,fog-32,1,fog,3200.0,0.0000,0.3000,7,253.500,0.0000,0,0.8480,,0.850,0,
871,8,23,fog-32,1,fog,3300.0,0.0000,0.3000,7,253.500,0.0000,0,0.8430,,0.850,0,
872,8,23,fog-32,1,fog,3400.0,0.0000,0.3000,7,253.500,0.0000,0,0.8380,,0.850,0,
873,8,23,fog-32,1,fog,3500.0,0.5357,0.3000,28,258.250,0.8328,0,0.8335,,0.850,0,
874,8,23,fog-32,1,fog,3600.0,0.5357,0.3000,29,258.500,0.7574,0,0.8289,,0.850,0,
875,8,23,fog-32,1,fog,3700.0,0.0000,0.3000,8,253.750,1.0000,0,0.8250,,0.850,0,
876,8,23,fog-32,1,fog,3800.0,0.4286,0.3000,23,257.500,0.9110,0,0.8205,,0.850,0,
877,8,23,fog-32,1,fog,3900.0,0.5893,0.3000,30,258.750,0.7531,0,0.8160,,0.850,0,
878,8,23,fog-32,1,fog,4000.0,0.0000,0.3000,8,253.750,1.0000,0,0.8121,,0.850,0,
879,8,23,fog-32,1,fog,4100.0,0.5357,0.3000,27,258.500,0.7379,0,0.8076,,0.850,0,
880,8,23,fog-32,1,fog,4200.0,0.0536,0.3000,9,254.000,1.0000,0,0.8036,,0.850,0,
881,8,23,fog-32,1,fog,4300.0,0.5893,0.3000,30,258.750,0.7252,0,0.7991,,0.850,0,
882,8,23,fog-32,1,fog,4400.0,0.4821,0.3000,26,258.250,0.7493,0,0.7946,,0.850,0,
883,8,23,fog-32,1,fog,4500.0,0.0536,0.3000,9,254.000,1.0000,0,0.7907,,0.850,0,
884,8,23,fog-32,1,fog,4600.0,0.5357,0.3000,28,258.250,0.8328,0,0.7861,,0.850,0,
885,8,23,fog-32,1,fog,4700.0,1.0000,0.3000,59,262.000,1.0000,0,0.7811,,0.850,0,
886,8,23,fog-32,1,fog,4800.0,0.4821,0.3000,33,260.250,1.0000,0,0.7763,,0.850,0,
887,8,23,fog-32,1,fog,4900.0,0.0000,0.3000,8,254.000,0.0000,0,0.7713,,0.850,0,
888,8,23,fog-32,1,fog,5000.0,0.0000,0.3000,8,254.000,0.0000,0,0.7663,,0.850,0,
889,8,24,fog-33,1,fog,0.0,0.0000,0.3000,0,250.000,,0,1.0000,,0.850,0,
890,8,24,fog-33,1,fog,100.0,0.0000,0.3000,0,250.000,,0,0.9950,,0.850,0,
891,8,24,fog-33,1,fog,200.0,0.0000,0.3000,0,250.000,,0,0.9900,,0.850,0,
892,8,24,fog-33,1,fog,300.0,0.0000,0.3000,0,250.000,,0,0.9850,,0.850,0,
893,8,24,fog-33,1,fog,400.0,0.0000,0.3000,0,250.000,,0,0.9800,,0.850,0,
894,8,24,fog-33,1,fog,500.0,0.0000,0.3000,0,250.000,,0,0.9750,,0.850,0,
895,8,24,fog-33,1,fog,600.0,0.0000,0.3000,0,250.000,,0,0.9700,,0.850,0,
896,8,24,fog-33,1,fog,700.0,0.0000,0.3000,0,250.000,,0,0.9650,,0.850,0,
897,8,24,fog-33,1,fog,800.0,0.0000,0.3000,0,250.000,,0,0.9600,,0.850,0,
898,8,24,fog-33,1,fog,900.0,0.0000,0.3000,0,250.000,,0,0.9550,,0.850,0,
899,8,24,fog-33,1,fog,1000.0,0.0000,0.3000,0,250.000,,0,0.9500,,0.850,0,
900,8,24,fog-33,1,fog,1100.0,0.0000,0.3000,0,250.000,,0,0.9450,,0.850,0,
901,8,24,fog-33,1,fog,1200.0,0.0000,0.3000,0,250.000,,0,0.9400,,0.850,0,
902,8,24,fog-33,1,fog,1300.0,0.0000,0.3000,0,250.000,,0,0.9350,,0.850,0,
903,8,24,fog-33,1,fog,1400.0,0.0000,0.3000,0,250.000,,0,0.9300,,0.850,0,
904,8,24,fog-33,1,fog,1500.0,0.5357,0.3000,21,254.750,0.4254,0,0.9255,,0.850,0,
905,8,24,fog-33,1,fog,1600.0,0.0000,0.3000,2,250.750,,0,0.9216,,0.850,0,
906,8,24,fog-33,1,fog,1700.0,0.0000,0.3000,1,250.500,,0,0.9166,,0.850,0,
907,8,24,fog-33,1,fog,1800.0,0.0000,0.3000,1,250.500,,0,0.9116,,0.850,0,
908,8,24,fog-33,1,fog,1900.0,0.0000,0.3000,1,250.500,,0,0.9066,,0.850,0,
909,8,24,fog-33,1,fog,2000.0,0.0000,0.3000,1,250.500,,0,0.9016,,0.850,0,
910,8,24,fog-33,1,fog,2100.0,0.0000,0.3000,1,250.500,,0,0.8966,,0.850,0,
911,8,24,fog-33,1,fog,2200.0,0.0000,0.3000,1,250.500,,0,0.8916,,0.850,0,
912,8,24,fog-33,1,fog,2300.0,0.0000,0.3000,1,250.500,,0,0.8866,,0.850,0,
913,8,24,fog-33,1,fog,2400.0,0.0000,0.3000,1,250.500,,0,0.8816,,0.850,0,
914,8,24,fog-33,1,fog,2500.0,0.0000,0.3000,1,250.500,,0,0.8766,,0.850,0,
915,8,24,fog-33,1,fog,2600.0,0.0000,0.3000,1,250.500,,0,0.8716,,0.850,0,
916,8,24,fog-33,1,fog,2700.0,0.0000,0.3000,1,250.500,,0,0.8666,,0.850,0,
917,8,24,fog-33,1,fog,2800.0,0.0000,0.3000,1,250.500,,0,0.8616,,0.850,0,
918,8,24,fog-33,1,fog,2900.0,0.0000,0.3000,1,250.500,,0,0.8566,,0.850,0,
919,8,24,fog-33,1,fog,3000.0,0.4821,0.3000,20,254.750,0.5440,0,0.8522,,0.850,0,
920,8,24,fog-33,1,fog,3100.0,0.3214,0.3000,15,254.250,0.8974,0,0.8479,,0.850,0,
921,8,24,fog-33,1,fog,3200.0,0.0536,0.3000,5,252.000,1.0000,0,0.8439,,0.850,0,
922,8,24,fog-33,1,fog,3300.0,0.0000,0.3000,3,251.500,0.0000,0,0.8389,,0.850,0,
923,8,24,fog-33,1,fog,3400.0,0.0000,0.3000,3,251.500,0.0000,0,0.8339,,0.850,0,
924,8,24,fog-33,1,fog,3500.0,0.0000,0.3000,3,251.500,0.0000,0,0.8289,,0.850,0,
925,8,24,fog-33,1,fog,3600.0,0.0000,0.3000,3,251.500,0.0000,0,0.8239,,0.850,0,
926,8,24,fog-33,1,fog,3700.0,0.0000,0.3000,3,251.500,0.0000,0,0.8189,,0.850,0,
927,8,24,fog-33,1,fog,3800.0,0.0000,0.3000,3,251.500,0.0000,0,0.8139,,0.850,0,
928,8,24,fog-33,1,fog,3900.0,0.5357,0.3000,24,256.250,0.6964,0,0.8095,,0.850,0,
929,8,24,fog-33,1,fog,4000.0,0.0000,0.3000,5,252.250,1.0000,0,0.8055,,0.850,0,
930,8,24,fog-33,1,fog,4100.0,0.0000,0.3000,4,252.000,0.0000,0,0.8005,,0.850,0,
931,8,24,fog-33,1,fog,4200.0,0.0000,0.3000,4,252.000,0.0000,0,0.7955,,0.850,0,
932,8,24,fog-33,1,fog,4300.0,0.0000,0.3000,4,252.000,0.0000,0,0.7905,,0.850,0,
933,8,24,fog-33,1,fog,4400.0,0.0000,0.3000,4,252.000,0.0000,0,0.7855,,0.850,0,
934,8,24,fog-33,1,fog,4500.0,0.0000,0.3000,4,252.000,0.0000,0,0.7805,,0.850,0,
935,8,24,fog-33,1,fog,4600.0,0.4821,0.3000,22,256.500,0.8336,0,0.7761,,0.850,0,
936,8,24,fog-33,1,fog,4700.0,0.0000,0.3000,5,252.500,0.0000,0,0.7711,,0.850,0,
937,8,24,fog-33,1,fog,4800.0,0.0000,0.3000,5,252.500,0.0000,0,0.7661,,0.850,0,
938,8,24,fog-33,1,fog,4900.0,0.0000,0.3000,5,252.500,0.0000,0,0.7611,,0.850,0,
939,8,24,fog-33,1,fog,5000.0,0.0000,0.3000,5,252.500,0.0000,0,0.7561,,0.850,0,
940,8,25,fog-34,1,fog,0.0,0.0000,0.3000,0,250.000,,0,1.0000,,0.850,0,
941,8,25,fog-34,1,fog,100.0,0.0000,0.3000,0,250.000,,0,0.9950,,0.850,0,
942,8,25,fog-34,1,fog,200.0,0.0000,0.3000,0,250.000,,0,0.9900,,0.850,0,
943,8,25,fog-34,1,fog,300.0,0.0000,0.3000,0,250.000,,0,0.9850,,0.850,0,
944,8,25,fog-34,1,fog,400.0,0.0000,0.3000,0,250.000,,0,0.9800,,0.850,0,
945,8,25,fog-34,1,fog,500.0,0.0000,0.3000,0,250.000,,0,0.9750,,0.850,0,
946,8,25,fog-34,1,fog,600.0,0.0000,0.3000,0,250.000,,0,0.9700,,0.850,0,
947,8,25,fog-34,1,fog,700.0,0.0000,0.3000,0,250.000,,0,0.9650,,0.850,0,
948,8,25,fog-34,1,fog,800.0,0.0000,0.3000,0,250.000,,0,0.9600,,0.850,0,
949,8,25,fog-34,1,fog,900.0,0.0000,0.3000,0,250.000,,0,0.9550,,0.850,0,
950,8,25,fog-34,1,fog,1000.0,0.0000,0.3000,0,250.000,,0,0.9500,,0.850,0,
951,8,25,fog-34,1,fog,1100.0,0.0000,0.3000,0,250.000,,0,0.9450,,0.850,0,
952,8,25,fog-34,1,fog,1200.0,0.0000,0.3000,0,250.000,,0,0.9400,,0.850,0,
953,8,25,fog-34,1,fog,1300.0,0.0000,0.3000,0,250.000,,0,0.9350,,0.850,0,
954,8,25,fog-34,1,fog,1400.0,0.0000,0.3000,0,250.000,,0,0.9300,,0.850,0,
955,8,25,fog-34,1,fog,1500.0,0.0000,0.3000,0,250.000,,0,0.9250,,0.850,0,
956,8,25,fog-34,1,fog,1600.0,0.0000,0.3000,0,250.000,,0,0.9200,,0.850,0,
957,8,25,fog-34,1,fog,1700.0,0.0000,0.3000,0,250.000,,0,0.9150,,0.850,0,
958,8,25,fog-34,1,fog,1800.0,0.0000,0.3000,0,250.000,,0,0.9100,,0.850,0,
959,8,25,fog-34,1,fog,1900.0,0.0000,0.3000,0,250.000,,0,0.9050,,0.850,0,
960,8,25,fog-34,1,fog,2000.0,0.0000,0.3000,0,250.000,,0,0.9000,,0.850,0,
961,8,25,fog-34,1,fog,2100.0,0.0000,0.3000,0,250.000,,0,0.8950,,0.850,0,
962,8,25,fog-34,1,fog,2200.0,0.0000,0.3000,0,250.000,,0,0.8900,,0.850,0,
963,8,25,fog-34,1,fog,2300.0,0.0000,0.3000,0,250.000,,0,0.8850,,0.850,0,
964,8,25,fog-34,1,fog,2400.0,0.0000,0.3000,0,250.000,,0,0.8800,,0.850,0,
965,8,25,fog-34,1,fog,2500.0,0.0000,0.3000,0,250.000,,0,0.8750,,0.850,0,
966,8,25,fog-34,1,fog,2600.0,0.0000,0.3000,0,250.000,,0,0.8700,,0.850,0,
967,8,25,fog-34,1,fog,2700.0,0.0000,0.3000,0,250.000,,0,0.8650,,0.850,0,
968,8,25,fog-34,1,fog,2800.0,0.0000,0.3000,0,250.000,,0,0.8600,,0.850,0,
969,8,25,fog-34,1,fog,2900.0,0.0000,0.3000,0,250.000,,0,0.8550,,0.850,0,
970,8,25,fog-34,1,fog,3000.0,0.0000,0.3000,0,250.000,,0,0.8500,,0.850,0,
971,8,25,fog-34,1,fog,3100.0,0.0000,0.3000,0,250.000,,0,0.8450,,0.850,0,
972,8,25,fog-34,1,fog,3200.0,0.0000,0.3000,0,250.000,,0,0.8400,,0.850,0,
973,8,25,fog-34,1,fog,3300.0,0.0000,0.3000,0,250.000,,0,0.8350,,0.850,0,
974,8,25,fog-34,1,fog,3400.0,0.0000,0.3000,0,250.000,,0,0.8300,,0.850,0,
975,8,25,fog-34,1,fog,3500.0,0.0000,0.3000,0,250.000,,0,0.8250,,0.850,0,
976,8,25,fog-34,1,fog,3600.0,0.0000,0.3000,0,250.000,,0,0.8200,,0.850,0,
977,8,25,fog-34,1,fog,3700.0,0.0000,0.3000,0,250.000,,0,0.8150,,0.850,0,
978,8,25,fog-34,1,fog,3800.0,0.0000,0.3000,0,250.000,,0,0.8100,,0.850,0,
979,8,25,fog-34,1,fog,3900.0,0.0000,0.3000,0,250.000,,0,0.8050,,0.850,0,
980,8,25,fog-34,1,fog,4000.0,0.0000,0.3000,0,250.000,,0,0.8000,,0.850,0,
981,8,25,fog-34,1,fog,4100.0,0.0000,0.3000,0,250.000,,0,0.7950,,0.850,0,
982,8,25,fog-34,1,fog,4200.0,0.0000,0.3000,0,250.000,,0,0.7900,,0.850,0,
983,8,25,fog-34,1,fog,4300.0,0.0000,0.3000,0,250.000,,0,0.7850,,0.850,0,
984,8,25,fog-34,1,fog,4400.0,0.0000,0.3000,0,250.000,,0,0.7800,,0.850,0,
985,8,25,fog-34,1,fog,4500.0,0.0000,0.3000,0,250.000,,0,0.7750,,0.850,0,
986,8,25,fog-34,1,fog,4600.0,0.0000,0.3000,0,250.000,,0,0.7700,,0.850,0,
987,8,25,fog-34,1,fog,4700.0,0.0000,0.3000,0,250.000,,0,0.7650,,0.850,0,
988,8,25,fog-34,1,fog,4800.0,0.0000,0.3000,0,250.000,,0,0.7600,,0.850,0,
989,8,25,fog-34,1,fog,4900.0,0.0000,0.3000,0,250.000,,0,0.7550,,0.850,0,
990,8,25,fog-34,1,fog,5000.0,0.0000,0.3000,0,250.000,,0,0.7500,,0.850,0,
991,8,26,fog-35,1,fog,0.0,0.0000,0.3000,0,250.000,,0,1.0000,,0.850,0,
992,8,26,fog-35,1,fog,100.0,0.0000,0.3000,0,250.000,,0,0.9950,,0.850,0,
993,8,26,fog-35,1,fog,200.0,0.4286,0.3000,16,254.000,0.6894,0,0.9904,,0.850,0,
994,8,26,fog-35,1,fog,300.0,0.5357,0.3000,21,255.500,0.0903,0,0.9859,,0.850,0,
995,8,26,fog-35,1,fog,400.0,0.4821,0.3000,19,255.000,0.4100,0,0.9814,,0.850,0,
996,8,26,fog-35,1,fog,500.0,0.0000,0.3000,1,250.500,,0,0.9764,,0.850,0,
997,8,26,fog-35,1,fog,600.0,0.0000,0.3000,1,250.500,,0,0.9714,,0.850,0,
998,8,26,fog-35,1,fog,700.0,0.0000,0.3000,1,250.500,,0,0.9664,,0.850,0,
999,8,26,fog-35,1,fog,800.0,0.0000,0.3000,1,250.500,,0,0.9614,,0.850,0,
1000,8,26,fog-35,1,fog,900.0,0.0000,0.3000,1,250.500,,0,0.9564,,0.850,0,
1001,8,26,fog-35,1,fog,1000.0,0.5357,0.3000,21,255.500,0.0913,0,0.9519,,0.850,0,
1002,8,26,fog-35,1,fog,1100.0,0.5357,0.3000,22,256.000,0.2424,0,0.9474,,0.850,0,
1003,8,26,fog-35,1,fog,1200.0,0.3750,0.3000,16,254.500,0.8696,0,0.9431,,0.850,0,
1004,8,26,fog-35,1,fog,1300.0,0.0000,0.3000,2,251.000,,0,0.9381,,0.850,0,
1005,8,26,fog-35,1,fog,1400.0,0.0000,0.3000,2,251.000,,0,0.9331,,0.850,0,
1006,8,26,fog-35,1,fog,1500.0,0.0000,0.3000,2,251.000,,0,0.9281,,0.850,0,
1007,8,26,fog-35,1,fog,1600.0,0.0000,0.3000,2,251.000,,0,0.9231,,0.850,0,
1008,8,26,fog-35,1,fog,1700.0,0.0000,0.3000,2,251.000,,0,0.9181,,0.850,0,
1009,8,26,fog-35,1,fog,1800.0,0.0000,0.3000,2,251.000,,0,0.9131,,0.850,0,
1010,8,26,fog-35,1,fog,1900.0,0.0000,0.3000,2,251.000,,0,0.9081,,0.850,0,
1011,8,26,fog-35,1,fog,2000.0,0.0000,0.3000,2,251.000,,0,0.9031,,0.850,0,
1012,8,26,fog-35,1,fog,2100.0,0.4286,0.3000,18,255.000,1.0000,0,0.8987,,0.850,0,
1013,8,26,fog-35,1,fog,2200.0,0.0536,0.3000,5,252.000,1.0000,0,0.8947,,0.850,0,
1014,8,26,fog-35,1,fog,2300.0,0.3750,0.3000,17,255.000,0.6091,0,0.8903,,0.850,0,
1015,8,26,fog-35,1,fog,2400.0,0.4821,0.3000,22,255.750,1.0000,0,0.8858,,0.850,0,
1016,8,26,fog-35,1,fog,2500.0,0.4286,0.3000,20,255.750,0.7019,0,0.8814,,0.850,0,
1017,8,26,fog-35,1,fog,2600.0,0.0536,0.3000,5,252.000,1.0000,0,0.8775,,0.850,0,
1018,8,26,fog-35,1,fog,2700.0,0.0000,0.3000,3,251.500,0.0000,0,0.8725,,0.850,0,
1019,8,26,fog-35,1,fog,2800.0,0.4821,0.3000,22,255.750,0.7076,0,0.8679,,0.850,0,
1020,8,26,fog-35,1,fog,2900.0,0.4286,0.3000,22,256.000,1.0000,0,0.8636,,0.850,0,
1021,8,26,fog-35,1,fog,3000.0,0.3750,0.3000,19,255.750,0.9908,0,0.8593,,0.850,0,
1022,8,26,fog-35,1,fog,3100.0,0.0536,0.3000,6,252.500,1.0000,0,0.8553,,0.850,0,
1023,8,26,fog-35,1,fog,3200.0,0.0000,0.3000,4,252.000,0.0000,0,0.8503,,0.850,0,
1024,8,26,fog-35,1,fog,3300.0,0.0000,0.3000,4,252.000,0.0000,0,0.8453,,0.850,0,
1025,8,26,fog-35,1,fog,3400.0,0.0000,0.3000,4,252.000,0.0000,0,0.8403,,0.850,0,
1026,8,26,fog-35,1,fog,3500.0,0.0000,0.3000,4,252.000,0.0000,0,0.8353,,0.850,0,
1027,8,26,fog-35,1,fog,3600.0,0.4286,0.3000,20,256.000,0.8757,0,0.8308,,0.850,0,
1028,8,26,fog-35,1,fog,3700.0,0.5357,0.3000,25,257.500,1.0000,0,0.8262,,0.850,0,
1029,8,26,fog-35,1,fog,3800.0,0.6429,0.3000,30,259.000,0.9344,0,0.8215,,0.850,0,
1030,8,26,fog-35,1,fog,3900.0,0.8036,0.3000,39,259.750,1.0000,0,0.8166,,0.850,0,
1031,8,26,fog-35,1,fog,4000.0,1.0000,0.3000,54,261.250,1.0000,0,0.8116,,0.850,0,
1032,8,26,fog-35,1,fog,4100.0,0.3750,0.3000,28,258.500,1.0000,0,0.8070,,0.850,0,
1033,8,26,fog-35,1,fog,4200.0,0.0536,0.3000,8,253.500,1.0000,0,0.8030,,0.850,0,
1034,8,26,fog-35,1,fog,4300.0,0.0000,0.3000,6,253.000,0.0000,0,0.7980,,0.850,0,
1035,8,26,fog-35,1,fog,4400.0,0.4821,0.3000,25,257.250,0.8589,0,0.7935,,0.850,0,
1036,8,26,fog-35,1,fog,4500.0,0.8571,0.3000,42,261.250,1.0000,0,0.7885,,0.850,0,
1037,8,26,fog-35,1,fog,4600.0,0.4821,0.3000,28,259.000,0.8434,0,0.7839,,0.850,0,
1038,8,26,fog-35,1,fog,4700.0,0.4821,0.3000,26,258.500,0.6902,0,0.7795,,0.850,0,
1039,8,26,fog-35,1,fog,4800.0,0.3750,0.3000,22,257.500,1.0000,0,0.7751,,0.850,0,
1040,8,26,fog-35,1,fog,4900.0,0.4286,0.3000,24,258.000,1.0000,0,0.7706,,0.850,0,
1041,8,26,fog-35,1,fog,5000.0,0.0000,0.3000,8,254.000,0.0000,0,0.7656,,0.850,0,
1042,8,27,fog-36,1,fog,0.0,0.0000,0.3000,0,250.000,,0,1.0000,,0.850,0,
1043,8,27,fog-36,1,fog,100.0,0.0000,0.3000,0,250.000,,0,0.9950,,0.850,0,
1044,8,27,fog-36,1,fog,200.0,0.0000,0.3000,0,250.000,,0,0.9900,,0.850,0,
1045,8,27,fog-36,1,fog,300.0,0.0000,0.3000,0,250.000,,0,0.9850,,0.850,0,
1046,8,27,fog-36,1,fog,400.0,0.0000,0.3000,0,250.000,,0,0.9800,,0.850,0,
1047,8,27,fog-36,1,fog,500.0,0.0000,0.3000,0,250.000,,0,0.9750,,0.850,0,
1048,8,27,fog-36,1,fog,600.0,0.0000,0.3000,0,250.000,,0,0.9700,,0.850,0,
1049,8,27,fog-36,1,fog,700.0,0.0000,0.3000,0,250.000,,0,0.9650,,0.850,0,
1050,8,27,fog-36,1,fog,800.0,0.0000,0.3000,0,250.000,,0,0.9600,,0.850,0,
1051,8,27,fog-36,1,fog,900.0,0.0000,0.3000,0,250.000,,0,0.9550,,0.850,0,
1052,8,27,fog-36,1,fog,1000.0,0.0000,0.3000,0,250.000,,0,0.9500,,0.850,0,
1053,8,27,fog-36,1,fog,1100.0,0.0000,0.3000,0,250.000,,0,0.9450,,0.850,0,
1054,8,27,fog-36,1,fog,1200.0,0.0000,0.3000,0,250.000,,0,0.9400,,0.850,0,
1055,8,27,fog-36,1,fog,1300.0,0.0000,0.3000,0,250.000,,0,0.9350,,0.850,0,
1056,8,27,fog-36,1,fog,1400.0,0.0000,0.3000,0,250.000,,0,0.9300,,0.850,0,
1057,8,27,fog-36,1,fog,1500.0,0.0000,0.3000,0,250.000,,0,0.9250,,0.850,0,
1058,8,27,fog-36,1,fog,1600.0,0.0000,0.3000,0,250.000,,0,0.9200,,0.850,0,
1059,8,27,fog-36,1,fog,1700.0,0.0000,0.3000,0,250.000,,0,0.9150,,0.850,0,
1060,8,27,fog-36,1,fog,1800.0,0.0000,0.3000,0,250.000,,0,0.9100,,0.850,0,
1061,8,27,fog-36,1,fog,1900.0,0.0000,0.3000,0,250.000,,0,0.9050,,0.850,0,
1062,8,27,fog-36,1,fog,2000.0,0.0000,0.3000,0,250.000,,0,0.9000,,0.850,0,
1063,8,27,fog-36,1,fog,2100.0,0.0000,0.3000,0,250.000,,0,0.8950,,0.850,0,
1064,8,27,fog-36,1,fog,2200.0,0.0000,0.3000,0,250.000,,0,0.8900,,0.850,0,
1065,8,27,fog-36,1,fog,2300.0,0.0000,0.3000,0,250.000,,0,0.8850,,0.850,0,
1066,8,27,fog-36,1,fog,2400.0,0.0000,0.3000,0,250.000,,0,0.8800,,0.850,0,
1067,8,27,fog-36,1,fog,2500.0,0.0000,0.3000,0,250.000,,0,0.8750,,0.850,0,
1068,8,27,fog-36,1,fog,2600.0,0.0000,0.3000,0,250.000,,0,0.8700,,0.850,0,
1069,8,27,fog-36,1,fog,2700.0,0.0000,0.3000,0,250.000,,0,0.8650,,0.850,0,
1070,8,27,fog-36,1,fog,2800.0,0.0000,0.3000,0,250.000,,0,0.8600,,0.850,0,
1071,8,27,fog-36,1,fog,2900.0,0.0000,0.3000,0,250.000,,0,0.8550,,0.850,0,
1072,8,27,fog-36,1,fog,3000.0,0.0000,0.3000,0,250.000,,0,0.8500,,0.850,0,
1073,8,27,fog-36,1,fog,3100.0,0.0000,0.3000,0,250.000,,0,0.8450,,0.850,0,
1074,8,27,fog-36,1,fog,3200.0,0.0000,0.3000,0,250.000,,0,0.8400,,0.850,0,
1075,8,27,fog-36,1,fog,3300.0,0.0000,0.3000,0,250.000,,0,0.8350,,0.850,0,
1076,8,27,fog-36,1,fog,3400.0,0.0000,0.3000,0,250.000,,0,0.8300,,0.850,0,
1077,8,27,fog-36,1,fog,3500.0,0.0000,0.3000,0,250.000,,0,0.8250,,0.850,0,
1078,8,27,fog-36,1,fog,3600.0,0.0000,0.3000,0,250.000,,0,0.8200,,0.850,0,
1079,8,27,fog-36,1,fog,3700.0,0.0000,0.3000,0,250.000,,0,0.8150,,0.850,0,
1080,8,27,fog-36,1,fog,3800.0,0.0000,0.3000,0,250.000,,0,0.8100,,0.850,0,
1081,8,27,fog-36,1,fog,3900.0,0.0000,0.3000,0,250.000,,0,0.8050,,0.850,0,
1082,8,27,fog-36,1,fog,4000.0,0.0000,0.3000,0,250.000,,0,0.8000,,0.850,0,
1083,8,27,fog-36,1,fog,4100.0,0.0000,0.3000,0,250.000,,0,0.7950,,0.850,0,
1084,8,27,fog-36,1,fog,4200.0,0.0000,0.3000,0,250.000,,0,0.7900,,0.850,0,
1085,8,27,fog-36,1,fog,4300.0,0.0000,0.3000,0,250.000,,0,0.7850,,0.850,0,
1086,8,27,fog-36,1,fog,4400.0,0.0000,0.3000,0,250.000,,0,0.7800,,0.850,0,
1087,8,27,fog-36,1,fog,4500.0,0.0000,0.3000,0,250.000,,0,0.7750,,0.850,0,
1088,8,27,fog-36,1,fog,4600.0,0.0000,0.3000,0,250.000,,0,0.7700,,0.850,0,
1089,8,27,fog-36,1,fog,4700.0,0.0000,0.3000,0,250.000,,0,0.7650,,0.850,0,
1090,8,27,fog-36,1,fog,4800.0,0.0000,0.3000,0,250.000,,0,0.7600,,0.850,0,
1091,8,27,fog-36,1,fog,4900.0,0.0000,0.3000,0,250.000,,0,0.7550,,0.850,0,
1092,8,27,fog-36,1,fog,5000.0,0.0000,0.3000,0,250.000,,0,0.7500,,0.850,0,
1093,8,28,fog-37,1,fog,0.0,0.0000,0.3000,0,250.000,,0,1.0000,,0.850,0,
1094,8,28,fog-37,1,fog,100.0,0.0000,0.3000,0,250.000,,0,0.9950,,0.850,0,
1095,8,28,fog-37,1,fog,200.0,0.0000,0.3000,0,250.000,,0,0.9900,,0.850,0,
1096,8,28,fog-37,1,fog,300.0,0.0000,0.3000,0,250.000,,0,0.9850,,0.850,0,
1097,8,28,fog-37,1,fog,400.0,0.0000,0.3000,0,250.000,,0,0.9800,,0.850,0,
1098,8,28,fog-37,1,fog,500.0,0.0000,0.3000,0,250.000,,0,0.9750,,0.850,0,
1099,8,28,fog-37,1,fog,600.0,0.0000,0.3000,0,250.000,,0,0.9700,,0.850,0,
1100,8,28,fog-37,1,fog,700.0,0.0000,0.3000,0,250.000,,0,0.9650,,0.850,0,
1101,8,28,fog-37,1,fog,800.0,0.0000,0.3000,0,250.000,,0,0.9600,,0.850,0,
1102,8,28,fog-37,1,fog,900.0,0.0000,0.3000,0,250.000,,0,0.9550,,0.850,0,
1103,8,28,fog-37,1,fog,1000.0,0.0000,0.3000,0,250.000,,0,0.9500,,0.850,0,
1104,8,28,fog-37,1,fog,1100.0,0.0000,0.3000,0,250.000,,0,0.9450,,0.850,0,
1105,8,28,fog-37,1,fog,1200.0,0.0000,0.3000,0,250.000,,0,0.9400,,0.850,0,
1106,8,28,fog-37,1,fog,1300.0,0.0000,0.3000,0,250.000,,0,0.9350,,0.850,0,
1107,8,28,fog-37,1,fog,1400.0,0.0000,0.3000,0,250.000,,0,0.9300,,0.850,0,
1108,8,28,fog-37,1,fog,1500.0,0.0000,0.3000,0,250.000,,0,0.9250,,0.850,0,
1109,8,28,fog-37,1,fog,1600.0,0.0000,0.3000,0,250.000,,0,0.9200,,0.850,0,
1110,8,28,fog-37,1,fog,1700.0,0.0000,0.3000,0,250.000,,0,0.9150,,0.850,0,
1111,8,28,fog-37,1,fog,1800.0,0.0000,0.3000,0,250.000,,0,0.9100,,0.850,0,
1112,8,28,fog-37,1,fog,1900.0,0.0000,0.3000,0,250.000,,0,0.9050,,0.850,0,
1113,8,28,fog-37,1,fog,2000.0,0.0000,0.3000,0,250.000,,0,0.9000,,0.850,0,
1114,8,28,fog-37,1,fog,2100.0,0.0000,0.3000,0,250.000,,0,0.8950,,0.850,0,
1115,8,28,fog-37,1,fog,2200.0,0.0000,0.3000,0,250.000,,0,0.8900,,0.850,0,
1116,8,28,fog-37,1,fog,2300.0,0.0000,0.3000,0,250.000,,0,0.8850,,0.850,0,
1117,8,28,fog-37,1,fog,2400.0,0.0000,0.3000,0,250.000,,0,0.8800,,0.850,0,
1118,8,28,fog-37,1,fog,2500.0,0.0000,0.3000,0,250.000,,0,0.8750,,0.850,0,
1119,8,28,fog-37,1,fog,2600.0,0.0000,0.3000,0,250.000,,0,0.8700,,0.850,0,
1120,8,28,fog-37,1,fog,2700.0,0.0000,0.3000,0,250.000,,0,0.8650,,0.850,0,
1121,8,28,fog-37,1,fog,2800.0,0.0000,0.3000,0,250.000,,0,0.8600,,0.850,0,
1122,8,28,fog-37,1,fog,2900.0,0.0000,0.3000,0,250.000,,0,0.8550,,0.850,0,
1123,8,28,fog-37,1,fog,3000.0,0.0000,0.3000,0,250.000,,0,0.8500,,0.850,0,
1124,8,28,fog-37,1,fog,3100.0,0.0000,0.3000,0,250.000,,0,0.8450,,0.850,0,
1125,8,28,fog-37,1,fog,3200.0,0.0000,0.3000,0,250.000,,0,0.8400,,0.850,0,
1126,8,28,fog-37,1,fog,3300.0,0.0000,0.3000,0,250.000,,0,0.8350,,0.850,0,
1127,8,28,fog-37,1,fog,3400.0,0.0000,0.3000,0,250.000,,0,0.8300,,0.850,0,
1128,8,28,fog-37,1,fog,3500.0,0.0000,0.3000,0,250.000,,0,0.8250,,0.850,0,
1129,8,28,fog-37,1,fog,3600.0,0.0000,0.3000,0,250.000,,0,0.8200,,0.850,0,
1130,8,28,fog-37,1,fog,3700.0,0.0000,0.3000,0,250.000,,0,0.8150,,0.850,0,
1131,8,28,fog-37,1,fog,3800.0,0.0000,0.3000,0,250.000,,0,0.8100,,0.850,0,
1132,8,28,fog-37,1,fog,3900.0,0.0000,0.3000,0,250.000,,0,0.8050,,0.850,0,
1133,8,28,fog-37,1,fog,4000.0,0.0000,0.3000,0,250.000,,0,0.8000,,0.850,0,
1134,8,28,fog-37,1,fog,4100.0,0.0000,0.3000,0,250.000,,0,0.7950,,0.850,0,
1135,8,28,fog-37,1,fog,4200.0,0.0000,0.3000,0,250.000,,0,0.7900,,0.850,0,
1136,8,28,fog-37,1,fog,4300.0,0.0000,0.3000,0,250.000,,0,0.7850,,0.850,0,
1137,8,28,fog-37,1,fog,4400.0,0.0000,0.3000,0,250.000,,0,0.7800,,0.850,0,
1138,8,28,fog-37,1,fog,4500.0,0.0000,0.3000,0,250.000,,0,0.7750,,0.850,0,
1139,8,28,fog-37,1,fog,4600.0,0.0000,0.3000,0,250.000,,0,0.7700,,0.850,0,
1140,8,28,fog-37,1,fog,4700.0,0.0000,0.3000,0,250.000,,0,0.7650,,0.850,0,
1141,8,28,fog-37,1,fog,4800.0,0.0000,0.3000,0,250.000,,0,0.7600,,0.850,0,
1142,8,28,fog-37,1,fog,4900.0,0.0000,0.3000,0,250.000,,0,0.7550,,0.850,0,
1143,8,28,fog-37,1,fog,5000.0,0.0000,0.3000,0,250.000,,0,0.7500,,0.850,0,
1144,8,29,fog-38,1,fog,0.0,0.0000,0.3000,0,250.000,,0,1.0000,,0.850,0,839.2
1145,8,29,fog-38,1,fog,100.0,0.5893,0.3000,30,253.500,1.0000,0,0.9950,,0.850,0,839.2
1146,8,29,fog-38,1,fog,200.0,0.4821,0.3000,29,258.000,1.0000,0,0.9901,,0.850,0,839.2
1147,8,29,fog-38,1,fog,300.0,0.9107,0.3000,37,259.000,1.0000,0,0.9851,,0.850,0,839.2
1148,8,29,fog-38,1,fog,400.0,1.0000,0.3000,128,263.000,1.0000,0,0.9801,,0.850,0,839.2
1149,8,29,fog-38,1,fog,500.0,1.0000,0.3000,231,266.000,1.0000,0,0.9751,,0.850,0,839.2
1150,8,29,fog-38,1,fog,600.0,1.0000,0.3000,229,261.500,1.0000,0,0.9701,,0.850,0,839.2
1151,8,29,fog-38,1,fog,700.0,1.0000,0.3000,304,263.500,1.0000,0,0.9651,,0.850,1,839.2
1152,8,29,fog-38,1,fog,800.0,1.0000,0.3000,368,264.750,1.0000,0,0.9601,,0.850,1,839.2
1153,8,30,fog-39,1,fog,0.0,0.0000,0.3000,0,250.000,,0,1.0000,,0.850,0,
1154,8,30,fog-39,1,fog,100.0,0.0000,0.3000,0,250.000,,0,0.9950,,0.850,0,
1155,8,30,fog-39,1,fog,200.0,0.0000,0.3000,0,250.000,,0,0.9900,,0.850,0,
1156,8,30,fog-39,1,fog,300.0,0.0000,0.3000,0,250.000,,0,0.9850,,0.850,0,
1157,8,30,fog-39,1,fog,400.0,0.0000,0.3000,0,250.000,,0,0.9800,,0.850,0,
1158,8,30,fog-39,1,fog,500.0,0.0000,0.3000,0,250.000,,0,0.9750,,0.850,0,
1159,8,30,fog-39,1,fog,600.0,0.0000,0.3000,0,250.000,,0,0.9700,,0.850,0,
1160,8,30,fog-39,1,fog,700.0,0.0000,0.3000,0,250.000,,0,0.9650,,0.850,0,
1161,8,30,fog-39,1,fog,800.0,0.0000,0.3000,0,250.000,,0,0.9600,,0.850,0,
1162,8,30,fog-39,1,fog,900.0,0.0000,0.3000,0,250.000,,0,0.9550,,0.850,0,
1163,8,30,fog-39,1,fog,1000.0,0.0000,0.3000,0,250.000,,0,0.9500,,0.850,0,
1164,8,30,fog-39,1,fog,1100.0,0.0000,0.3000,0,250.000,,0,0.9450,,0.850,0,
1165,8,30,fog-39,1,fog,1200.0,0.0000,0.3000,0,250.000,,0,0.9400,,0.850,0,
1166,8,30,fog-39,1,fog,1300.0,0.0000,0.3000,0,250.000,,0,0.9350,,0.850,0,
1167,8,30,fog-39,1,fog,1400.0,0.0000,0.3000,0,250.000,,0,0.9300,,0.850,0,
1168,8,30,fog-39,1,fog,1500.0,0.0000,0.3000,0,250.000,,0,0.9250,,0.850,0,
1169,8,30,fog-39,1,fog,1600.0,0.0000,0.3000,0,250.000,,0,0.9200,,0.850,0,
1170,8,30,fog-39,1,fog,1700.0,0.0000,0.3000,0,250.000,,0,0.9150,,0.850,0,
1171,8,30,fog-39,1,fog,1800.0,0.0000,0.3000,0,250.000,,0,0.9100,,0.850,0,
1172,8,30,fog-39,1,fog,1900.0,0.0000,0.3000,0,250.000,,0,0.9050,,0.850,0,
1173,8,30,fog-39,1,fog,2000.0,0.0000,0.3000,0,250.000,,0,0.9000,,0.850,0,
1174,8,30,fog-39,1,fog,2100.0,0.0000,0.3000,0,250.000,,0,0.8950,,0.850,0,
1175,8,30,fog-39,1,fog,2200.0,0.0000,0.3000,0,250.000,,0,0.8900,,0.850,0,
1176,8,30,fog-39,1,fog,2300.0,0.0000,0.3000,0,250.000,,0,0.8850,,0.850,0,
1177,8,30,fog-39,1,fog,2400.0,0.0000,0.3000,0,250.000,,0,0.8800,,0.850,0,
1178,8,30,fog-39,1,fog,2500.0,0.0000,0.3000,0,250.000,,0,0.8750,,0.850,0,
1179,8,30,fog-39,1,fog,2600.0,0.0000,0.3000,0,250.000,,0,0.8700,,0.850,0,
1180,8,30,fog-39,1,fog,2700.0,0.0000,0.3000,0,250.000,,0,0.8650,,0.850,0,
1181,8,30,fog-39,1,fog,2800.0,0.0000,0.3000,0,250.000,,0,0.8600,,0.850,0,
1182,8,30,fog-39,1,fog,2900.0,0.0000,0.3000,0,250.000,,0,0.8550,,0.850,0,
1183,8,30,fog-39,1,fog,3000.0,0.0000,0.3000,0,250.000,,0,0.8500,,0.850,0,
1184,8,30,fog-39,1,fog,3100.0,0.0000,0.3000,0,250.000,,0,0.8450,,0.850,0,
1185,8,30,fog-39,1,fog,3200.0,0.0000,0.3000,0,250.000,,0,0.8400,,0.850,0,
1186,8,30,fog-39,1,fog,3300.0,0.0000,0.3000,0,250.000,,0,0.8350,,0.850,0,
1187,8,30,fog-39,1,fog,3400.0,0.0000,0.3000,0,250.000,,0,0.8300,,0.850,0,
1188,8,30,fog-39,1,fog,3500.0,0.0000,0.3000,0,250.000,,0,0.8250,,0.850,0,
1189,8,30,fog-39,1,fog,3600.0,0.0000,0.3000,0,250.000,,0,0.8200,,0.850,0,
1190,8,30,fog-39,1,fog,3700.0,0.0000,0.3000,0,250.000,,0,0.8150,,0.850,0,
1191,8,30,fog-39,1,fog,3800.0,0.0000,0.3000,0,250.000,,0,0.8100,,0.850,0,
1192,8,30,fog-39,1,fog,3900.0,0.0000,0.3000,0,250.000,,0,0.8050,,0.850,0,
1193,8,30,fog-39,1,fog,4000.0,0.0000,0.3000,0,250.000,,0,0.8000,,0.850,0,
1194,8,30,fog-39,1,fog,4100.0,0.0000,0.3000,0,250.000,,0,0.7950,,0.850,0,
1195,8,30,fog-39,1,fog,4200.0,0.0000,0.3000,0,250.000,,0,0.7900,,0.850,0,
1196,8,30,fog-39,1,fog,4300.0,0.0000,0.3000,0,250.000,,0,0.7850,,0.850,0,
1197,8,30,fog-39,1,fog,4400.0,0.0000,0.3000,0,250.000,,0,0.7800,,0.850,0,
1198,8,30,fog-39,1,fog,4500.0,0.0000,0.3000,0,250.000,,0,0.7750,,0.850,0,
1199,8,30,fog-39,1,fog,4600.0,0.0000,0.3000,0,250.000,,0,0.7700,,0.850,0,
1200,8,30,fog-39,1,fog,4700.0,0.0000,0.3000,0,250.000,,0,0.7650,,0.850,0,
1201,8,30,fog-39,1,fog,4800.0,0.0000,0.3000,0,250.000,,0,0.7600,,0.850,0,
1202,8,30,fog-39,1,fog,4900.0,0.0000,0.3000,0,250.000,,0,0.7550,,0.850,0,
1203,8,30,fog-39,1,fog,5000.0,0.0000,0.3000,0,250.000,,0,0.7500,,0.850,0,
1204,8,31,fog-40,1,fog,0.0,0.0000,0.3000,0,250.000,,0,1.0000,,0.850,0,4876.8
1205,8,31,fog-40,1,fog,100.0,0.0000,0.3000,0,250.000,,0,0.9950,,0.850,0,4876.8
1206,8,31,fog-40,1,fog,200.0,0.0000,0.3000,0,250.000,,0,0.9900,,0.850,0,4876.8
1207,8,31,fog-40,1,fog,300.0,0.0000,0.3000,0,250.000,,0,0.9850,,0.850,0,4876.8
1208,8,31,fog-40,1,fog,400.0,0.0000,0.3000,0,250.000,,0,0.9800,,0.850,0,4876.8
1209,8,31,fog-40,1,fog,500.0,0.0000,0.3000,0,250.000,,0,0.9750,,0.850,0,4876.8
1210,8,31,fog-40,1,fog,600.0,0.0000,0.3000,0,250.000,,0,0.9700,,0.850,0,4876.8
1211,8,31,fog-40,1,fog,700.0,0.0000,0.3000,0,250.000,,0,0.9650,,0.850,0,4876.8
1212,8,31,fog-40,1,fog,800.0,0.0000,0.3000,0,250.000,,0,0.9600,,0.850,0,4876.8
1213,8,31,fog-40,1,fog,900.0,0.0000,0.3000,0,250.000,,0,0.9550,,0.850,0,4876.8
1214,8,31,fog-40,1,fog,1000.0,0.0000,0.3000,0,250.000,,0,0.9500,,0.850,0,4876.8
1215,8,31,fog-40,1,fog,1100.0,0.0000,0.3000,0,250.000,,0,0.9450,,0.850,0,4876.8
1216,8,31,fog-40,1,fog,1200.0,0.0000,0.3000,0,250.000,,0,0.9400,,0.850,0,4876.8
1217,8,31,fog-40,1,fog,1300.0,0.0000,0.3000,0,250.000,,0,0.9350,,0.850,0,4876.8
1218,8,31,fog-40,1,fog,1400.0,0.0000,0.3000,0,250.000,,0,0.9300,,0.850,0,4876.8
1219,8,31,fog-40,1,fog,1500.0,0.0000,0.3000,0,250.000,,0,0.9250,,0.850,0,4876.8
1220,8,31,fog-40,1,fog,1600.0,0.0000,0.3000,0,250.000,,0,0.9200,,0.850,0,4876.8
1221,8,31,fog-40,1,fog,1700.0,0.0000,0.3000,0,250.000,,0,0.9150,,0.850,0,4876.8
1222,8,31,fog-40,1,fog,1800.0,0.0000,0.3000,0,250.000,,0,0.9100,,0.850,0,4876.8
1223,8,31,fog-40,1,fog,1900.0,0.0000,0.3000,0,250.000,,0,0.9050,,0.850,0,4876.8
1224,8,31,fog-40,1,fog,2000.0,0.0000,0.3000,0,250.000,,0,0.9000,,0.850,0,4876.8
1225,8,31,fog-40,1,fog,2100.0,0.0000,0.3000,0,250.000,,0,0.8950,,0.850,0,4876.8
1226,8,31,fog-40,1,fog,2200.0,0.0000,0.3000,0,250.000,,0,0.8900,,0.850,0,4876.8
1227,8,31,fog-40,1,fog,2300.0,0.0000,0.3000,0,250.000,,0,0.8850,,0.850,0,4876.8
1228,8,31,fog-40,1,fog,2400.0,0.0000,0.3000,0,250.000,,0,0.8800,,0.850,0,4876.8
1229,8,31,fog-40,1,fog,2500.0,0.0000,0.3000,0,250.000,,0,0.8750,,0.850,0,4876.8
1230,8,31,fog-40,1,fog,2600.0,0.0000,0.3000,0,250.000,,0,0.8700,,0.850,0,4876.8
1231,8,31,fog-40,1,fog,2700.0,0.0000,0.3000,0,250.000,,0,0.8650,,0.850,0,4876.8
1232,8,31,fog-40,1,fog,2800.0,0.0000,0.3000,0,250.000,,0,0.8600,,0.850,0,4876.8
1233,8,31,fog-40,1,fog,2900.0,0.0000,0.3000,0,250.000,,0,0.8550,,0.850,0,4876.8
1234,8,31,fog-40,1,fog,3000.0,0.0000,0.3000,0,250.000,,0,0.8500,,0.850,0,4876.8
1235,8,31,fog-40,1,fog,3100.0,0.0000,0.3000,0,250.000,,0,0.8450,,0.850,0,4876.8
1236,8,31,fog-40,1,fog,3200.0,0.0000,0.3000,0,250.000,,0,0.8400,,0.850,0,4876.8
1237,8,31,fog-40,1,fog,3300.0,0.0000,0.3000,0,250.000,,0,0.8350,,0.850,0,4876.8
1238,8,31,fog-40,1,fog,3400.0,0.0000,0.3000,0,250.000,,0,0.8300,,0.850,0,4876.8
1239,8,31,fog-40,1,fog,3500.0,0.0000,0.3000,0,250.000,,0,0.8250,,0.850,0,4876.8
1240,8,31,fog-40,1,fog,3600.0,0.0000,0.3000,0,250.000,,0,0.8200,,0.850,0,4876.8
1241,8,31,fog-40,1,fog,3700.0,0.0000,0.3000,0,250.000,,0,0.8150,,0.850,0,4876.8
1242,8,31,fog-40,1,fog,3800.0,0.0000,0.3000,0,250.000,,0,0.8100,,0.850,0,4876.8
1243,8,31,fog-40,1,fog,3900.0,0.0000,0.3000,0,250.000,,0,0.8050,,0.850,0,4876.8
1244,8,31,fog-40,1,fog,4000.0,0.0000,0.3000,0,250.000,,0,0.8000,,0.850,0,4876.8
1245,8,31,fog-40,1,fog,4100.0,0.0000,0.3000,0,250.000,,0,0.7950,,0.850,0,4876.8
1246,8,31,fog-40,1,fog,4200.0,0.0000,0.3000,0,250.000,,0,0.7900,,0.850,0,4876.8
1247,8,31,fog-40,1,fog,4300.0,0.0000,0.3000,0,250.000,,0,0.7850,,0.850,0,4876.8
1248,8,31,fog-40,1,fog,4400.0,0.0000,0.3000,0,250.000,,0,0.7800,,0.850,0,4876.8
1249,8,31,fog-40,1,fog,4500.0,0.0000,0.3000,0,250.000,,0,0.7750,,0.850,0,4876.8
1250,8,31,fog-40,1,fog,4600.0,0.0000,0.3000,0,250.000,,0,0.7700,,0.850,0,4876.8
1251,8,31,fog-40,1,fog,4700.0,0.0000,0.3000,0,250.000,,0,0.7650,,0.850,1,4876.8
1252,8,31,fog-40,1,fog,4800.0,0.0000,0.3000,0,250.000,,0,0.7600,,0.850,1,4876.8
1253,8,32,fog-41,1,fog,0.0,0.0000,0.3000,0,250.000,,0,1.0000,,0.850,0,2604.0
1254,8,32,fog-41,1,fog,100.0,0.4286,0.3000,18,252.500,1.0000,0,0.9950,,0.850,0,2604.0
1255,8,32,fog-41,1,fog,200.0,0.9643,0.3000,48,259.500,1.0000,0,0.9900,,0.850,0,2604.0
1256,8,32,fog-41,1,fog,300.0,1.0000,0.3000,144,262.250,1.0000,0,0.9850,,0.850,0,2604.0
1257,8,32,fog-41,1,fog,400.0,1.0000,0.3000,159,261.500,1.0000,0,0.9800,,0.850,0,2604.0
1258,8,32,fog-41,1,fog,500.0,0.0000,0.3000,91,254.750,1.0000,0,0.9750,,0.850,0,2604.0
1259,8,32,fog-41,1,fog,600.0,0.4821,0.3000,73,264.750,1.0000,0,0.9700,,0.850,0,2604.0
1260,8,32,fog-41,1,fog,700.0,0.0000,0.3000,14,254.750,1.0000,0,0.9657,,0.850,0,2604.0
1261,8,32,fog-41,1,fog,800.0,0.0000,0.3000,5,252.500,0.0000,0,0.9607,,0.850,0,2604.0
1262,8,32,fog-41,1,fog,900.0,0.0000,0.3000,5,252.500,0.0000,0,0.9557,,0.850,0,2604.0
1263,8,32,fog-41,1,fog,1000.0,0.7500,0.3000,33,259.000,1.0000,0,0.9507,,0.850,0,2604.0
1264,8,32,fog-41,1,fog,1100.0,0.5357,0.3000,29,258.250,0.7479,0,0.9462,,0.850,0,2604.0
1265,8,32,fog-41,1,fog,1200.0,0.0000,0.3000,7,253.250,1.0000,0,0.9423,,0.850,0,2604.0
1266,8,32,fog-41,1,fog,1300.0,1.0000,0.3000,108,263.250,1.0000,0,0.9373,,0.850,0,2604.0
1267,8,32,fog-41,1,fog,1400.0,0.9643,0.3000,94,261.000,1.0000,0,0.9323,,0.850,0,2604.0
1268,8,32,fog-41,1,fog,1500.0,1.0000,0.3000,155,265.500,1.0000,0,0.9273,,0.850,0,2604.0
1269,8,32,fog-41,1,fog,1600.0,1.0000,0.3000,180,265.000,1.0000,0,0.9223,,0.850,0,2604.0
1270,8,32,fog-41,1,fog,1700.0,1.0000,0.3000,212,265.000,1.0000,0,0.9173,,0.850,0,2604.0
1271,8,32,fog-41,1,fog,1800.0,1.0000,0.3000,212,264.000,1.0000,0,0.9123,,0.850,0,2604.0
1272,8,32,fog-41,1,fog,1900.0,0.8571,0.3000,208,262.750,1.0000,0,0.9073,,0.850,0,2604.0
1273,8,32,fog-41,1,fog,2000.0,1.0000,0.3000,307,268.750,1.0000,0,0.9023,,0.850,0,2604.0
1274,8,32,fog-41,1,fog,2100.0,0.4286,0.3000,233,262.250,1.0000,0,0.8973,,0.850,0,2604.0
1275,8,32,fog-41,1,fog,2200.0,0.9643,0.3000,240,265.500,1.0000,0,0.8923,,0.850,0,2604.0
1276,8,32,fog-41,1,fog,2300.0,0.9107,0.3000,237,264.500,1.0000,0,0.8873,,0.850,0,2604.0
1277,8,32,fog-41,1,fog,2400.0,0.0000,0.3000,191,260.000,1.0000,0,0.8823,,0.850,0,2604.0
1278,8,32,fog-41,1,fog,2500.0,0.0000,0.3000,133,267.500,1.0000,0,0.8773,,0.850,1,2604.0
1279,8,32,fog-41,1,fog,2600.0,0.9643,0.3000,108,271.000,1.0000,0,0.8723,,0.850,1,2604.0
1280,8,33,fog-42,1,fog,0.0,0.0000,0.3000,0,250.000,,0,1.0000,,0.850,0,
1281,8,33,fog-42,1,fog,100.0,0.0000,0.3000,0,250.000,,0,0.9950,,0.850,0,
1282,8,33,fog-42,1,fog,200.0,0.0000,0.3000,0,250.000,,0,0.9900,,0.850,0,
1283,8,33,fog-42,1,fog,300.0,0.0000,0.3000,0,250.000,,0,0.9850,,0.850,0,
1284,8,33,fog-42,1,fog,400.0,0.0000,0.3000,0,250.000,,0,0.9800,,0.850,0,
1285,8,33,fog-42,1,fog,500.0,0.0000,0.3000,0,250.000,,0,0.9750,,0.850,0,
1286,8,33,fog-42,1,fog,600.0,0.0000,0.3000,0,250.000,,0,0.9700,,0.850,0,
1287,8,33,fog-42,1,fog,700.0,0.0000,0.3000,0,250.000,,0,0.9650,,0.850,0,
1288,8,33,fog-42,1,fog,800.0,0.0000,0.3000,0,250.000,,0,0.9600,,0.850,0,
1289,8,33,fog-42,1,fog,900.0,0.0000,0.3000,0,250.000,,0,0.9550,,0.850,0,
1290,8,33,fog-42,1,fog,1000.0,0.0000,0.3000,0,250.000,,0,0.9500,,0.850,0,
1291,8,33,fog-42,1,fog,1100.0,0.0000,0.3000,0,250.000,,0,0.9450,,0.850,0,
1292,8,33,fog-42,1,fog,1200.0,0.0000,0.3000,0,250.000,,0,0.9400,,0.850,0,
1293,8,33,fog-42,1,fog,1300.0,0.0000,0.3000,0,250.000,,0,0.9350,,0.850,0,
1294,8,33,fog-42,1,fog,1400.0,0.0000,0.3000,0,250.000,,0,0.9300,,0.850,0,
1295,8,33,fog-42,1,fog,1500.0,0.0000,0.3000,0,250.000,,0,0.9250,,0.850,0,
1296,8,33,fog-42,1,fog,1600.0,0.0000,0.3000,0,250.000,,0,0.9200,,0.850,0,
1297,8,33,fog-42,1,fog,1700.0,0.0000,0.3000,0,250.000,,0,0.9150,,0.850,0,
1298,8,33,fog-42,1,fog,1800.0,0.0000,0.3000,0,250.000,,0,0.9100,,0.850,0,
1299,8,33,fog-42,1,fog,1900.0,0.0000,0.3000,0,250.000,,0,0.9050,,0.850,0,
1300,8,33,fog-42,1,fog,2000.0,0.0000,0.3000,0,250.000,,0,0.9000,,0.850,0,
1301,8,33,fog-42,1,fog,2100.0,0.0000,0.3000,0,250.000,,0,0.8950,,0.850,0,
1302,8,33,fog-42,1,fog,2200.0,0.0000,0.3000,0,250.000,,0,0.8900,,0.850,0,
1303,8,33,fog-42,1,fog,2300.0,0.0000,0.3000,0,250.000,,0,0.8850,,0.850,0,
1304,8,33,fog-42,1,fog,2400.0,0.0000,0.3000,0,250.000,,0,0.8800,,0.850,0,
1305,8,33,fog-42,1,fog,2500.0,0.0000,0.3000,0,250.000,,0,0.8750,,0.850,0,
1306,8,33,fog-42,1,fog,2600.0,0.0000,0.3000,0,250.000,,0,0.8700,,0.850,0,
1307,8,33,fog-42,1,fog,2700.0,0.0000,0.3000,0,250.000,,0,0.8650,,0.850,0,
1308,8,33,fog-42,1,fog,2800.0,0.0000,0.3000,0,250.000,,0,0.8600,,0.850,0,
1309,8,33,fog-42,1,fog,2900.0,0.0000,0.3000,0,250.000,,0,0.8550,,0.850,0,
1310,8,33,fog-42,1,fog,3000.0,0.0000,0.3000,0,250.000,,0,0.8500,,0.850,0,
1311,8,33,fog-42,1,fog,3100.0,0.0000,0.3000,0,250.000,,0,0.8450,,0.850,0,
1312,8,33,fog-42,1,fog,3200.0,0.0000,0.3000,0,250.000,,0,0.8400,,0.850,0,
1313,8,33,fog-42,1,fog,3300.0,0.0000,0.3000,0,250.000,,0,0.8350,,0.850,0,
1314,8,33,fog-42,1,fog,3400.0,0.0000,0.3000,0,250.000,,0,0.8300,,0.850,0,
1315,8,33,fog-42,1,fog,3500.0,0.0000,0.3000,0,250.000,,0,0.8250,,0.850,0,
1316,8,33,fog-42,1,fog,3600.0,0.0000,0.3000,0,250.000,,0,0.8200,,0.850,0,
1317,8,33,fog-42,1,fog,3700.0,0.0000,0.3000,0,250.000,,0,0.8150,,0.850,0,
1318,8,33,fog-42,1,fog,3800.0,0.0000,0.3000,0,250.000,,0,0.8100,,0.850,0,
1319,8,33,fog-42,1,fog,3900.0,0.0000,0.3000,0,250.000,,0,0.8050,,0.850,0,
1320,8,33,fog-42,1,fog,4000.0,0.0000,0.3000,0,250.000,,0,0.8000,,0.850,0,
1321,8,33,fog-42,1,fog,4100.0,0.0000,0.3000,0,250.000,,0,0.7950,,0.850,0,
1322,8,33,fog-42,1,fog,4200.0,0.0000,0.3000,0,250.000,,0,0.7900,,0.850,0,
1323,8,33,fog-42,1,fog,4300.0,0.0000,0.3000,0,250.000,,0,0.7850,,0.850,0,
1324,8,33,fog-42,1,fog,4400.0,0.0000,0.3000,0,250.000,,0,0.7800,,0.850,0,
1325,8,33,fog-42,1,fog,4500.0,0.0000,0.3000,0,250.000,,0,0.7750,,0.850,0,
1326,8,33,fog-42,1,fog,4600.0,0.0000,0.3000,0,250.000,,0,0.7700,,0.850,0,
1327,8,33,fog-42,1,fog,4700.0,0.0000,0.3000,0,250.000,,0,0.7650,,0.850,0,
1328,8,33,fog-42,1,fog,4800.0,0.0000,0.3000,0,250.000,,0,0.7600,,0.850,0,
1329,8,33,fog-42,1,fog,4900.0,0.0000,0.3000,0,250.000,,0,0.7550,,0.850,0,
1330,8,33,fog-42,1,fog,5000.0,0.0000,0.3000,0,250.000,,0,0.7500,,0.850,0,
1331,8,34,fog-43,1,fog,0.0,0.0000,0.3000,0,250.000,,0,1.0000,,0.850,0,
1332,8,34,fog-43,1,fog,100.0,0.0000,0.3000,0,250.000,,0,0.9950,,0.850,0,
1333,8,34,fog-43,1,fog,200.0,0.0000,0.3000,0,250.000,,0,0.9900,,0.850,0,
1334,8,34,fog-43,1,fog,300.0,0.0000,0.3000,0,250.000,,0,0.9850,,0.850,0,
1335,8,34,fog-43,1,fog,400.0,0.0000,0.3000,0,250.000,,0,0.9800,,0.850,0,
1336,8,34,fog-43,1,fog,500.0,0.0000,0.3000,0,250.000,,0,0.9750,,0.850,0,
1337,8,34,fog-43,1,fog,600.0,0.0000,0.3000,0,250.000,,0,0.9700,,0.850,0,
1338,8,34,fog-43,1,fog,700.0,0.0000,0.3000,0,250.000,,0,0.9650,,0.850,0,
1339,8,34,fog-43,1,fog,800.0,0.0000,0.3000,0,250.000,,0,0.9600,,0.850,0,
1340,8,34,fog-43,1,fog,900.0,0.0000,0.3000,0,250.000,,0,0.9550,,0.850,0,
1341,8,34,fog-43,1,fog,1000.0,0.0000,0.3000,0,250.000,,0,0.9500,,0.850,0,
1342,8,34,fog-43,1,fog,1100.0,0.0000,0.3000,0,250.000,,0,0.9450,,0.850,0,
1343,8,34,fog-43,1,fog,1200.0,0.5893,0.3000,23,255.250,0.6231,0,0.9404,,0.850,0,
1344,8,34,fog-43,1,fog,1300.0,0.0000,0.3000,2,250.750,,0,0.9364,,0.850,0,
1345,8,34,fog-43,1,fog,1400.0,0.0000,0.3000,1,250.500,,0,0.9314,,0.850,0,
1346,8,34,fog-43,1,fog,1500.0,0.0000,0.3000,1,250.500,,0,0.9264,,0.850,0,
1347,8,34,fog-43,1,fog,1600.0,0.0000,0.3000,1,250.500,,0,0.9214,,0.850,0,
1348,8,34,fog-43,1,fog,1700.0,0.0000,0.3000,1,250.500,,0,0.9164,,0.850,0,
1349,8,34,fog-43,1,fog,1800.0,0.0000,0.3000,1,250.500,,0,0.9114,,0.850,0,
1350,8,34,fog-43,1,fog,1900.0,0.0000,0.3000,1,250.500,,0,0.9064,,0.850,0,
1351,8,34,fog-43,1,fog,2000.0,0.0000,0.3000,1,250.500,,0,0.9014,,0.850,0,
1352,8,34,fog-43,1,fog,2100.0,0.0000,0.3000,1,250.500,,0,0.8964,,0.850,0,
1353,8,34,fog-43,1,fog,2200.0,0.0000,0.3000,1,250.500,,0,0.8914,,0.850,0,
1354,8,34,fog-43,1,fog,2300.0,0.0000,0.3000,1,250.500,,0,0.8864,,0.850,0,
1355,8,34,fog-43,1,fog,2400.0,0.0000,0.3000,1,250.500,,0,0.8814,,0.850,0,
1356,8,34,fog-43,1,fog,2500.0,0.0000,0.3000,1,250.500,,0,0.8764,,0.850,0,
1357,8,34,fog-43,1,fog,2600.0,0.0000,0.3000,1,250.500,,0,0.8714,,0.850,0,
1358,8,34,fog-43,1,fog,2700.0,0.0000,0.3000,1,250.500,,0,0.8664,,0.850,0,
1359,8,34,fog-43,1,fog,2800.0,0.5357,0.3000,22,255.250,0.8032,0,0.8620,,0.850,0,
1360,8,34,fog-43,1,fog,2900.0,0.0000,0.3000,3,251.250,1.0000,0,0.8580,,0.850,0,
1361,8,34,fog-43,1,fog,3000.0,0.0000,0.3000,2,251.000,,0,0.8530,,0.850,0,
1362,8,34,fog-43,1,fog,3100.0,0.0000,0.3000,2,251.000,,0,0.8480,,0.850,0,
1363,8,34,fog-43,1,fog,3200.0,0.0000,0.3000,2,251.000,,0,0.8430,,0.850,0,
1364,8,34,fog-43,1,fog,3300.0,0.0000,0.3000,2,251.000,,0,0.8380,,0.850,0,
1365,8,34,fog-43,1,fog,3400.0,0.0000,0.3000,2,251.000,,0,0.8330,,0.850,0,
1366,8,34,fog-43,1,fog,3500.0,0.0000,0.3000,2,251.000,,0,0.8280,,0.850,0,
1367,8,34,fog-43,1,fog,3600.0,0.0000,0.3000,2,251.000,,0,0.8230,,0.850,0,
1368,8,34,fog-43,1,fog,3700.0,0.0000,0.3000,2,251.000,,0,0.8180,,0.850,0,
1369,8,34,fog-43,1,fog,3800.0,0.0000,0.3000,2,251.000,,0,0.8130,,0.850,0,
1370,8,34,fog-43,1,fog,3900.0,0.0000,0.3000,2,251.000,,0,0.8080,,0.850,0,
1371,8,34,fog-43,1,fog,4000.0,0.0000,0.3000,2,251.000,,0,0.8030,,0.850,0,
1372,8,34,fog-43,1,fog,4100.0,0.0000,0.3000,2,251.000,,0,0.7980,,0.850,0,
1373,8,34,fog-43,1,fog,4200.0,0.0000,0.3000,2,251.000,,0,0.7930,,0.850,0,
1374,8,34,fog-43,1,fog,4300.0,0.0000,0.3000,2,251.000,,0,0.7880,,0.850,0,
1375,8,34,fog-43,1,fog,4400.0,0.4821,0.3000,20,255.500,0.6283,0,0.7836,,0.850,0,
1376,8,34,fog-43,1,fog,4500.0,0.0536,0.3000,5,252.000,1.0000,0,0.7796,,0.850,0,
1377,8,34,fog-43,1,fog,4600.0,0.0000,0.3000,3,251.500,0.0000,0,0.7746,,0.850,0,
1378,8,34,fog-43,1,fog,4700.0,0.0000,0.3000,3,251.500,0.0000,0,0.7696,,0.850,0,
1379,8,34,fog-43,1,fog,4800.0,0.0000,0.3000,3,251.500,0.0000,0,0.7646,,0.850,0,
1380,8,34,fog-43,1,fog,4900.0,0.0000,0.3000,3,251.500,0.0000,0,0.7596,,0.850,0,
1381,8,34,fog-43,1,fog,5000.0,0.0000,0.3000,3,251.500,0.0000,0,0.7546,,0.850,0,
1382,8,35,fog-44,1,fog,0.0,0.0000,0.3000,0,250.000,,0,1.0000,,0.850,0,
1383,8,35,fog-44,1,fog,100.0,0.0000,0.3000,0,250.000,,0,0.9950,,0.850,0,
1384,8,35,fog-44,1,fog,200.0,0.0000,0.3000,0,250.000,,0,0.9900,,0.850,0,
1385,8,35,fog-44,1,fog,300.0,0.0000,0.3000,0,250.000,,0,0.9850,,0.850,0,
1386,8,35,fog-44,1,fog,400.0,0.0000,0.3000,0,250.000,,0,0.9800,,0.850,0,
1387,8,35,fog-44,1,fog,500.0,0.0000,0.3000,0,250.000,,0,0.9750,,0.850,0,
1388,8,35,fog-44,1,fog,600.0,0.0000,0.3000,0,250.000,,0,0.9700,,0.850,0,
1389,8,35,fog-44,1,fog,700.0,0.0000,0.3000,0,250.000,,0,0.9650,,0.850,0,
1390,8,35,fog-44,1,fog,800.0,0.0000,0.3000,0,250.000,,0,0.9600,,0.850,0,
1391,8,35,fog-44,1,fog,900.0,0.0000,0.3000,0,250.000,,0,0.9550,,0.850,0,
1392,8,35,fog-44,1,fog,1000.0,0.0000,0.3000,0,250.000,,0,0.9500,,0.850,0,
1393,8,35,fog-44,1,fog,1100.0,0.0000,0.3000,0,250.000,,0,0.9450,,0.850,0,
1394,8,35,fog-44,1,fog,1200.0,0.0000,0.3000,0,250.000,,0,0.9400,,0.850,0,
1395,8,35,fog-44,1,fog,1300.0,0.0000,0.3000,0,250.000,,0,0.9350,,0.850,0,
1396,8,35,fog-44,1,fog,1400.0,0.0000,0.3000,0,250.000,,0,0.9300,,0.850,0,
1397,8,35,fog-44,1,fog,1500.0,0.0000,0.3000,0,250.000,,0,0.9250,,0.850,0,
1398,8,35,fog-44,1,fog,1600.0,0.0000,0.3000,0,250.000,,0,0.9200,,0.850,0,
1399,8,35,fog-44,1,fog,1700.0,0.0000,0.3000,0,250.000,,0,0.9150,,0.850,0,
1400,8,35,fog-44,1,fog,1800.0,0.0000,0.3000,0,250.000,,0,0.9100,,0.850,0,
1401,8,35,fog-44,1,fog,1900.0,0.0000,0.3000,0,250.000,,0,0.9050,,0.850,0,
1402,8,35,fog-44,1,fog,2000.0,0.0000,0.3000,0,250.000,,0,0.9000,,0.850,0,
1403,8,35,fog-44,1,fog,2100.0,0.0000,0.3000,0,250.000,,0,0.8950,,0.850,0,
1404,8,35,fog-44,1,fog,2200.0,0.0000,0.3000,0,250.000,,0,0.8900,,0.850,0,
1405,8,35,fog-44,1,fog,2300.0,0.0000,0.3000,0,250.000,,0,0.8850,,0.850,0,
1406,8,35,fog-44,1,fog,2400.0,0.0000,0.3000,0,250.000,,0,0.8800,,0.850,0,
1407,8,35,fog-44,1,fog,2500.0,0.0000,0.3000,0,250.000,,0,0.8750,,0.850,0,
1408,8,35,fog-44,1,fog,2600.0,0.0000,0.3000,0,250.000,,0,0.8700,,0.850,0,
1409,8,35,fog-44,1,fog,2700.0,0.0000,0.3000,0,250.000,,0,0.8650,,0.850,0,
1410,8,35,fog-44,1,fog,2800.0,0.0000,0.3000,0,250.000,,0,0.8600,,0.850,0,
1411,8,35,fog-44,1,fog,2900.0,0.0000,0.3000,0,250.000,,0,0.8550,,0.850,0,
1412,8,35,fog-44,1,fog,3000.0,0.0000,0.3000,0,250.000,,0,0.8500,,0.850,0,
1413,8,35,fog-44,1,fog,3100.0,0.0000,0.3000,0,250.000,,0,0.8450,,0.850,0,
1414,8,35,fog-44,1,fog,3200.0,0.0000,0.3000,0,250.000,,0,0.8400,,0.850,0,
1415,8,35,fog-44,1,fog,3300.0,0.0000,0.3000,0,250.000,,0,0.8350,,0.850,0,
1416,8,35,fog-44,1,fog,3400.0,0.0000,0.3000,0,250.000,,0,0.8300,,0.850,0,
1417,8,35,fog-44,1,fog,3500.0,0.0000,0.3000,0,250.000,,0,0.8250,,0.850,0,
1418,8,35,fog-44,1,fog,3600.0,0.0000,0.3000,0,250.000,,0,0.8200,,0.850,0,
1419,8,35,fog-44,1,fog,3700.0,0.0000,0.3000,0,250.000,,0,0.8150,,0.850,0,
1420,8,35,fog-44,1,fog,3800.0,0.0000,0.3000,0,250.000,,0,0.8100,,0.850,0,
1421,8,35,fog-44,1,fog,3900.0,0.0000,0.3000,0,250.000,,0,0.8050,,0.850,0,
1422,8,35,fog-44,1,fog,4000.0,0.0000,0.3000,0,250.000,,0,0.8000,,0.850,0,
1423,8,35,fog-44,1,fog,4100.0,0.0000,0.3000,0,250.000,,0,0.7950,,0.850,0,
1424,8,35,fog-44,1,fog,4200.0,0.0000,0.3000,0,250.000,,0,0.7900,,0.850,0,
1425,8,35,fog-44,1,fog,4300.0,0.0000,0.3000,0,250.000,,0,0.7850,,0.850,0,
1426,8,35,fog-44,1,fog,4400.0,0.0000,0.3000,0,250.000,,0,0.7800,,0.850,0,
1427,8,35,fog-44,1,fog,4500.0,0.0000,0.3000,0,250.000,,0,0.7750,,0.850,0,
1428,8,35,fog-44,1,fog,4600.0,0.0000,0.3000,0,250.000,,0,0.7700,,0.850,0,
1429,8,35,fog-44,1,fog,4700.0,0.0000,0.3000,0,250.000,,0,0.7650,,0.850,0,
1430,8,35,fog-44,1,fog,4800.0,0.0000,0.3000,0,250.000,,0,0.7600,,0.850,0,
1431,8,35,fog-44,1,fog,4900.0,0.0000,0.3000,0,250.000,,0,0.7550,,0.850,0,
1432,8,35,fog-44,1,fog,5000.0,0.0000,0.3000,0,250.000,,0,0.7500,,0.850,0,
1433,8,36,fog-45,1,fog,0.0,0.0000,0.3000,0,250.000,,0,1.0000,,0.850,0,
1434,8,36,fog-45,1,fog,100.0,0.0000,0.3000,0,250.000,,0,0.9950,,0.850,0,
1435,8,36,fog-45,1,fog,200.0,0.0000,0.3000,0,250.000,,0,0.9900,,0.850,0,
1436,8,36,fog-45,1,fog,300.0,0.0000,0.3000,0,250.000,,0,0.9850,,0.850,0,
1437,8,36,fog-45,1,fog,400.0,0.0000,0.3000,0,250.000,,0,0.9800,,0.850,0,
1438,8,36,fog-45,1,fog,500.0,0.0000,0.3000,0,250.000,,0,0.9750,,0.850,0,
1439,8,36,fog-45,1,fog,600.0,0.0000,0.3000,0,250.000,,0,0.9700,,0.850,0,
1440,8,36,fog-45,1,fog,700.0,0.0000,0.3000,0,250.000,,0,0.9650,,0.850,0,
1441,8,36,fog-45,1,fog,800.0,0.0000,0.3000,0,250.000,,0,0.9600,,0.850,0,
1442,8,36,fog-45,1,fog,900.0,0.0000,0.3000,0,250.000,,0,0.9550,,0.850,0,
1443,8,36,fog-45,1,fog,1000.0,0.0000,0.3000,0,250.000,,0,0.9500,,0.850,0,
1444,8,36,fog-45,1,fog,1100.0,0.0000,0.3000,0,250.000,,0,0.9450,,0.850,0,
1445,8,36,fog-45,1,fog,1200.0,0.0000,0.3000,0,250.000,,0,0.9400,,0.850,0,
1446,8,36,fog-45,1,fog,1300.0,0.0000,0.3000,0,250.000,,0,0.9350,,0.850,0,
1447,8,36,fog-45,1,fog,1400.0,0.0000,0.3000,0,250.000,,0,0.9300,,0.850,0,
1448,8,36,fog-45,1,fog,1500.0,0.0000,0.3000,0,250.000,,0,0.9250,,0.850,0,
1449,8,36,fog-45,1,fog,1600.0,0.0000,0.3000,0,250.000,,0,0.9200,,0.850,0,
1450,8,36,fog-45,1,fog,1700.0,0.0000,0.3000,0,250.000,,0,0.9150,,0.850,0,
1451,8,36,fog-45,1,fog,1800.0,0.0000,0.3000,0,250.000,,0,0.9100,,0.850,0,
1452,8,36,fog-45,1,fog,1900.0,0.0000,0.3000,0,250.000,,0,0.9050,,0.850,0,
1453,8,36,fog-45,1,fog,2000.0,0.0000,0.3000,0,250.000,,0,0.9000,,0.850,0,
1454,8,36,fog-45,1,fog,2100.0,0.0000,0.3000,0,250.000,,0,0.8950,,0.850,0,
1455,8,36,fog-45,1,fog,2200.0,0.0000,0.3000,0,250.000,,0,0.8900,,0.850,0,
1456,8,36,fog-45,1,fog,2300.0,0.0000,0.3000,0,250.000,,0,0.8850,,0.850,0,
1457,8,36,fog-45,1,fog,2400.0,0.0000,0.3000,0,250.000,,0,0.8800,,0.850,0,
1458,8,36,fog-45,1,fog,2500.0,0.0000,0.3000,0,250.000,,0,0.8750,,0.850,0,
1459,8,36,fog-45,1,fog,2600.0,0.0000,0.3000,0,250.000,,0,0.8700,,0.850,0,
1460,8,36,fog-45,1,fog,2700.0,0.0000,0.3000,0,250.000,,0,0.8650,,0.850,0,
1461,8,36,fog-45,1,fog,2800.0,0.0000,0.3000,0,250.000,,0,0.8600,,0.850,0,
1462,8,36,fog-45,1,fog,2900.0,0.0000,0.3000,0,250.000,,0,0.8550,,0.850,0,
1463,8,36,fog-45,1,fog,3000.0,0.0000,0.3000,0,250.000,,0,0.8500,,0.850,0,
1464,8,36,fog-45,1,fog,3100.0,0.0000,0.3000,0,250.000,,0,0.8450,,0.850,0,
1465,8,36,fog-45,1,fog,3200.0,0.0000,0.3000,0,250.000,,0,0.8400,,0.850,0,
1466,8,36,fog-45,1,fog,3300.0,0.0000,0.3000,0,250.000,,0,0.8350,,0.850,0,
1467,8,36,fog-45,1,fog,3400.0,0.0000,0.3000,0,250.000,,0,0.8300,,0.850,0,
1468,8,36,fog-45,1,fog,3500.0,0.0000,0.3000,0,250.000,,0,0.8250,,0.850,0,
1469,8,36,fog-45,1,fog,3600.0,0.0000,0.3000,0,250.000,,0,0.8200,,0.850,0,
1470,8,36,fog-45,1,fog,3700.0,0.0000,0.3000,0,250.000,,0,0.8150,,0.850,0,
1471,8,36,fog-45,1,fog,3800.0,0.0000,0.3000,0,250.000,,0,0.8100,,0.850,0,
1472,8,36,fog-45,1,fog,3900.0,0.0000,0.3000,0,250.000,,0,0.8050,,0.850,0,
1473,8,36,fog-45,1,fog,4000.0,0.0000,0.3000,0,250.000,,0,0.8000,,0.850,0,
1474,8,36,fog-45,1,fog,4100.0,0.0000,0.3000,0,250.000,,0,0.7950,,0.850,0,
1475,8,36,fog-45,1,fog,4200.0,0.0000,0.3000,0,250.000,,0,0.7900,,0.850,0,
1476,8,36,fog-45,1,fog,4300.0,0.0000,0.3000,0,250.000,,0,0.7850,,0.850,0,
1477,8,36,fog-45,1,fog,4400.0,0.0000,0.3000,0,250.000,,0,0.7800,,0.850,0,
1478,8,36,fog-45,1,fog,4500.0,0.0000,0.3000,0,250.000,,0,0.7750,,0.850,0,
1479,8,36,fog-45,1,fog,4600.0,0.0000,0.3000,0,250.000,,0,0.7700,,0.850,0,
1480,8,36,fog-45,1,fog,4700.0,0.0000,0.3000,0,250.000,,0,0.7650,,0.850,0,
1481,8,36,fog-45,1,fog,4800.0,0.0000,0.3000,0,250.000,,0,0.7600,,0.850,0,
1482,8,36,fog-45,1,fog,4900.0,0.0000,0.3000,0,250.000,,0,0.7550,,0.850,0,
1483,8,36,fog-45,1,fog,5000.0,0.0000,0.3000,0,250.000,,0,0.7500,,0.850,0,
1484,8,37,fog-46,1,fog,0.0,0.0000,0.3000,0,250.000,,0,1.0000,,0.850,0,
1485,8,37,fog-46,1,fog,100.0,0.2143,0.3000,9,251.750,0.8074,0,0.9952,,0.850,0,
1486,8,37,fog-46,1,fog,200.0,0.0000,0.3000,2,250.750,,0,0.9912,,0.850,0,
1487,8,37,fog-46,1,fog,300.0,0.0000,0.3000,1,250.500,,0,0.9862,,0.850,0,
1488,8,37,fog-46,1,fog,400.0,0.0000,0.3000,1,250.500,,0,0.9812,,0.850,0,
1489,8,37,fog-46,1,fog,500.0,0.0000,0.3000,1,250.500,,0,0.9762,,0.850,0,
1490,8,37,fog-46,1,fog,600.0,0.0000,0.3000,1,250.500,,0,0.9712,,0.850,0,
1491,8,37,fog-46,1,fog,700.0,0.5357,0.3000,21,255.500,0.0919,0,0.9666,,0.850,0,
1492,8,37,fog-46,1,fog,800.0,0.4821,0.3000,20,255.500,0.4833,0,0.9622,,0.850,0,
1493,8,37,fog-46,1,fog,900.0,0.4821,0.3000,20,255.500,0.4833,0,0.9577,,0.850,0,
1494,8,37,fog-46,1,fog,1000.0,0.0000,0.3000,2,251.000,,0,0.9527,,0.850,0,
1495,8,37,fog-46,1,fog,1100.0,0.0000,0.3000,2,251.000,,0,0.9477,,0.850,0,
1496,8,37,fog-46,1,fog,1200.0,0.0000,0.3000,2,251.000,,0,0.9427,,0.850,0,
1497,8,37,fog-46,1,fog,1300.0,0.0000,0.3000,2,251.000,,0,0.9377,,0.850,0,
1498,8,37,fog-46,1,fog,1400.0,0.0000,0.3000,2,251.000,,0,0.9327,,0.850,0,
1499,8,37,fog-46,1,fog,1500.0,0.0000,0.3000,2,251.000,,0,0.9277,,0.850,0,
1500,8,37,fog-46,1,fog,1600.0,0.0000,0.3000,2,251.000,,0,0.9227,,0.850,0,
1501,8,37,fog-46,1,fog,1700.0,0.0000,0.3000,2,251.000,,0,0.9177,,0.850,0,
1502,8,37,fog-46,1,fog,1800.0,0.0000,0.3000,2,251.000,,0,0.9127,,0.850,0,
1503,8,37,fog-46,1,fog,1900.0,0.0000,0.3000,2,251.000,,0,0.9077,,0.850,0,
1504,8,37,fog-46,1,fog,2000.0,0.0000,0.3000,2,251.000,,0,0.9027,,0.850,0,
1505,8,37,fog-46,1,fog,2100.0,0.0000,0.3000,2,251.000,,0,0.8977,,0.850,0,
1506,8,37,fog-46,1,fog,2200.0,0.4821,0.3000,21,255.250,0.8456,0,0.8930,,0.850,0,
1507,8,37,fog-46,1,fog,2300.0,0.0000,0.3000,4,251.750,1.0000,0,0.8891,,0.850,0,
1508,8,37,fog-46,1,fog,2400.0,0.0000,0.3000,3,251.500,0.0000,0,0.8841,,0.850,0,
1509,8,37,fog-46,1,fog,2500.0,0.4821,0.3000,21,256.000,0.6270,0,0.8796,,0.850,0,
1510,8,37,fog-46,1,fog,2600.0,0.4821,0.3000,22,256.500,0.9699,0,0.8751,,0.850,0,
1511,8,37,fog-46,1,fog,2700.0,0.5893,0.3000,27,257.250,0.6339,0,0.8706,,0.850,0,
1512,8,37,fog-46,1,fog,2800.0,0.0000,0.3000,5,252.250,1.0000,0,0.8667,,0.850,0,
1513,8,37,fog-46,1,fog,2900.0,0.0000,0.3000,4,252.000,0.0000,0,0.8617,,0.850,0,
1514,8,37,fog-46,1,fog,3000.0,0.0000,0.3000,4,252.000,0.0000,0,0.8567,,0.850,0,
1515,8,37,fog-46,1,fog,3100.0,0.0000,0.3000,4,252.000,0.0000,0,0.8517,,0.850,0,
1516,8,37,fog-46,1,fog,3200.0,0.0000,0.3000,4,252.000,0.0000,0,0.8467,,0.850,0,
1517,8,37,fog-46,1,fog,3300.0,0.0000,0.3000,4,252.000,0.0000,0,0.8417,,0.850,0,
1518,8,37,fog-46,1,fog,3400.0,0.0000,0.3000,4,252.000,0.0000,0,0.8367,,0.850,0,
1519,8,37,fog-46,1,fog,3500.0,0.0000,0.3000,4,252.000,0.0000,0,0.8317,,0.850,0,
1520,8,37,fog-46,1,fog,3600.0,0.0000,0.3000,4,252.000,0.0000,0,0.8267,,0.850,0,
1521,8,37,fog-46,1,fog,3700.0,0.4821,0.3000,22,256.500,0.6050,0,0.8221,,0.850,0,
1522,8,37,fog-46,1,fog,3800.0,0.4821,0.3000,24,256.750,0.7771,0,0.8176,,0.850,0,
1523,8,37,fog-46,1,fog,3900.0,0.0000,0.3000,7,253.250,1.0000,0,0.8137,,0.850,0,
1524,8,37,fog-46,1,fog,4000.0,0.0000,0.3000,6,253.000,0.0000,0,0.8087,,0.850,0,
1525,8,37,fog-46,1,fog,4100.0,0.4821,0.3000,24,257.500,0.7760,0,0.8041,,0.850,0,
1526,8,37,fog-46,1,fog,4200.0,0.4821,0.3000,25,258.000,1.0000,0,0.7997,,0.850,0,
1527,8,37,fog-46,1,fog,4300.0,0.5893,0.3000,30,258.750,0.7596,0,0.7952,,0.850,0,
1528,8,37,fog-46,1,fog,4400.0,0.0000,0.3000,8,253.750,1.0000,0,0.7912,,0.850,0,
1529,8,37,fog-46,1,fog,4500.0,0.0000,0.3000,7,253.500,0.0000,0,0.7862,,0.850,0,
1530,8,37,fog-46,1,fog,4600.0,0.4286,0.3000,23,257.500,1.0000,0,0.7819,,0.850,0,
1531,8,37,fog-46,1,fog,4700.0,0.0536,0.3000,10,254.500,1.0000,0,0.7779,,0.850,0,
1532,8,37,fog-46,1,fog,4800.0,0.0000,0.3000,8,254.000,0.0000,0,0.7729,,0.850,0,
1533,8,37,fog-46,1,fog,4900.0,0.0000,0.3000,8,254.000,0.0000,0,0.7679,,0.850,0,
1534,8,37,fog-46,1,fog,5000.0,0.0000,0.3000,8,254.000,0.0000,0,0.7629,,0.850,0,
1535,8,38,fog-47,1,fog,0.0,0.0000,0.3000,0,250.000,,0,1.0000,,0.850,0,
1536,8,38,fog-47,1,fog,100.0,0.0000,0.3000,0,250.000,,0,0.9950,,0.850,0,
1537,8,38,fog-47,1,fog,200.0,0.0000,0.3000,0,250.000,,0,0.9900,,0.850,0,
1538,8,38,fog-47,1,fog,300.0,0.0000,0.3000,0,250.000,,0,0.9850,,0.850,0,
1539,8,38,fog-47,1,fog,400.0,0.0000,0.3000,0,250.000,,0,0.9800,,0.850,0,
1540,8,38,fog-47,1,fog,500.0,0.0000,0.3000,0,250.000,,0,0.9750,,0.850,0,
1541,8,38,fog-47,1,fog,600.0,0.0000,0.3000,0,250.000,,0,0.9700,,0.850,0,
1542,8,38,fog-47,1,fog,700.0,0.0000,0.3000,0,250.000,,0,0.9650,,0.850,0,
1543,8,38,fog-47,1,fog,800.0,0.0000,0.3000,0,250.000,,0,0.9600,,0.850,0,
1544,8,38,fog-47,1,fog,900.0,0.0000,0.3000,0,250.000,,0,0.9550,,0.850,0,
1545,8,38,fog-47,1,fog,1000.0,0.0000,0.3000,0,250.000,,0,0.9500,,0.850,0,
1546,8,38,fog-47,1,fog,1100.0,0.0000,0.3000,0,250.000,,0,0.9450,,0.850,0,
1547,8,38,fog-47,1,fog,1200.0,0.0000,0.3000,0,250.000,,0,0.9400,,0.850,0,
1548,8,38,fog-47,1,fog,1300.0,0.0000,0.3000,0,250.000,,0,0.9350,,0.850,0,
1549,8,38,fog-47,1,fog,1400.0,0.0000,0.3000,0,250.000,,0,0.9300,,0.850,0,
1550,8,38,fog-47,1,fog,1500.0,0.0000,0.3000,0,250.000,,0,0.9250,,0.850,0,
1551,8,38,fog-47,1,fog,1600.0,0.0000,0.3000,0,250.000,,0,0.9200,,0.850,0,
1552,8,38,fog-47,1,fog,1700.0,0.0000,0.3000,0,250.000,,0,0.9150,,0.850,0,
1553,8,38,fog-47,1,fog,1800.0,0.0000,0.3000,0,250.000,,0,0.9100,,0.850,0,
1554,8,38,fog-47,1,fog,1900.0,0.0000,0.3000,0,250.000,,0,0.9050,,0.850,0,
1555,8,38,fog-47,1,fog,2000.0,0.0000,0.3000,0,250.000,,0,0.9000,,0.850,0,
1556,8,38,fog-47,1,fog,2100.0,0.0000,0.3000,0,250.000,,0,0.8950,,0.850,0,
1557,8,38,fog-47,1,fog,2200.0,0.0000,0.3000,0,250.000,,0,0.8900,,0.850,0,
1558,8,38,fog-47,1,fog,2300.0,0.0000,0.3000,0,250.000,,0,0.8850,,0.850,0,
1559,8,38,fog-47,1,fog,2400.0,0.0000,0.3000,0,250.000,,0,0.8800,,0.850,0,
1560,8,38,fog-47,1,fog,2500.0,0.0000,0.3000,0,250.000,,0,0.8750,,0.850,0,
1561,8,38,fog-47,1,fog,2600.0,0.0000,0.3000,0,250.000,,0,0.8700,,0.850,0,
1562,8,38,fog-47,1,fog,2700.0,0.0000,0.3000,0,250.000,,0,0.8650,,0.850,0,
1563,8,38,fog-47,1,fog,2800.0,0.0000,0.3000,0,250.000,,0,0.8600,,0.850,0,
1564,8,38,fog-47,1,fog,2900.0,0.0000,0.3000,0,250.000,,0,0.8550,,0.850,0,
1565,8,38,fog-47,1,fog,3000.0,0.0000,0.3000,0,250.000,,0,0.8500,,0.850,0,
1566,8,38,fog-47,1,fog,3100.0,0.0000,0.3000,0,250.000,,0,0.8450,,0.850,0,
1567,8,38,fog-47,1,fog,3200.0,0.0000,0.3000,0,250.000,,0,0.8400,,0.850,0,
1568,8,38,fog-47,1,fog,3300.0,0.0000,0.3000,0,250.000,,0,0.8350,,0.850,0,
1569,8,38,fog-47,1,fog,3400.0,0.0000,0.3000,0,250.000,,0,0.8300,,0.850,0,
1570,8,38,fog-47,1,fog,3500.0,0.0000,0.3000,0,250.000,,0,0.8250,,0.850,0,
1571,8,38,fog-47,1,fog,3600.0,0.0000,0.3000,0,250.000,,0,0.8200,,0.850,0,
1572,8,38,fog-47,1,fog,3700.0,0.0000,0.3000,0,250.000,,0,0.8150,,0.850,0,
1573,8,38,fog-47,1,fog,3800.0,0.0000,0.3000,0,250.000,,0,0.8100,,0.850,0,
1574,8,38,fog-47,1,fog,3900.0,0.0000,0.3000,0,250.000,,0,0.8050,,0.850,0,
1575,8,38,fog-47,1,fog,4000.0,0.0000,0.3000,0,250.000,,0,0.8000,,0.850,0,
1576,8,38,fog-47,1,fog,4100.0,0.0000,0.3000,0,250.000,,0,0.7950,,0.850,0,
1577,8,38,fog-47,1,fog,4200.0,0.0000,0.3000,0,250.000,,0,0.7900,,0.850,0,
1578,8,38,fog-47,1,fog,4300.0,0.0000,0.3000,0,250.000,,0,0.7850,,0.850,0,
1579,8,38,fog-47,1,fog,4400.0,0.0000,0.3000,0,250.000,,0,0.7800,,0.850,0,
1580,8,38,fog-47,1,fog,4500.0,0.0000,0.3000,0,250.000,,0,0.7750,,0.850,0,
1581,8,38,fog-47,1,fog,4600.0,0.0000,0.3000,0,250.000,,0,0.7700,,0.850,0,
1582,8,38,fog-47,1,fog,4700.0,0.0000,0.3000,0,250.000,,0,0.7650,,0.850,0,
1583,8,38,fog-47,1,fog,4800.0,0.0000,0.3000,0,250.000,,0,0.7600,,0.850,0,
1584,8,38,fog-47,1,fog,4900.0,0.0000,0.3000,0,250.000,,0,0.7550,,0.850,0,
1585,8,38,fog-47,1,fog,5000.0,0.0000,0.3000,0,250.000,,0,0.7500,,0.850,0,
1586,8,39,fog-48,1,fog,0.0,0.0000,0.3000,0,250.000,,0,1.0000,,0.850,0,
1587,8,39,fog-48,1,fog,100.0,0.1607,0.3000,6,251.500,0.5359,0,0.9952,,0.850,0,
1588,8,39,fog-48,1,fog,200.0,0.0000,0.3000,1,250.500,,0,0.9902,,0.850,0,
1589,8,39,fog-48,1,fog,300.0,0.0000,0.3000,1,250.500,,0,0.9852,,0.850,0,
1590,8,39,fog-48,1,fog,400.0,0.0000,0.3000,1,250.500,,0,0.9802,,0.850,0,
1591,8,39,fog-48,1,fog,500.0,0.0000,0.3000,1,250.500,,0,0.9752,,0.850,0,
1592,8,39,fog-48,1,fog,600.0,0.0000,0.3000,1,250.500,,0,0.9702,,0.850,0,
1593,8,39,fog-48,1,fog,700.0,0.0000,0.3000,1,250.500,,0,0.9652,,0.850,0,
1594,8,39,fog-48,1,fog,800.0,0.0000,0.3000,1,250.500,,0,0.9602,,0.850,0,
1595,8,39,fog-48,1,fog,900.0,0.0000,0.3000,1,250.500,,0,0.9552,,0.850,0,
1596,8,39,fog-48,1,fog,1000.0,0.0000,0.3000,1,250.500,,0,0.9502,,0.850,0,
1597,8,39,fog-48,1,fog,1100.0,0.5357,0.3000,21,255.500,0.4782,0,0.9457,,0.850,0,
1598,8,39,fog-48,1,fog,1200.0,0.0000,0.3000,2,251.000,,0,0.9407,,0.850,0,
1599,8,39,fog-48,1,fog,1300.0,0.0000,0.3000,2,251.000,,0,0.9357,,0.850,0,
1600,8,39,fog-48,1,fog,1400.0,0.0000,0.3000,2,251.000,,0,0.9307,,0.850,0,
1601,8,39,fog-48,1,fog,1500.0,0.0000,0.3000,2,251.000,,0,0.9257,,0.850,0,
1602,8,39,fog-48,1,fog,1600.0,0.0000,0.3000,2,251.000,,0,0.9207,,0.850,0,
1603,8,39,fog-48,1,fog,1700.0,0.0000,0.3000,2,251.000,,0,0.9157,,0.850,0,
1604,8,39,fog-48,1,fog,1800.0,0.0000,0.3000,2,251.000,,0,0.9107,,0.850,0,
1605,8,39,fog-48,1,fog,1900.0,0.0000,0.3000,2,251.000,,0,0.9057,,0.850,0,
1606,8,39,fog-48,1,fog,2000.0,0.0000,0.3000,2,251.000,,0,0.9007,,0.850,0,
1607,8,39,fog-48,1,fog,2100.0,0.0000,0.3000,2,251.000,,0,0.8957,,0.850,0,
1608,8,39,fog-48,1,fog,2200.0,0.0000,0.3000,2,251.000,,0,0.8907,,0.850,0,
1609,8,39,fog-48,1,fog,2300.0,0.0000,0.3000,2,251.000,,0,0.8857,,0.850,0,
1610,8,39,fog-48,1,fog,2400.0,0.0000,0.3000,2,251.000,,0,0.8807,,0.850,0,
1611,8,39,fog-48,1,fog,2500.0,0.0000,0.3000,2,251.000,,0,0.8757,,0.850,0,
1612,8,39,fog-48,1,fog,2600.0,0.0000,0.3000,2,251.000,,0,0.8707,,0.850,0,
1613,8,39,fog-48,1,fog,2700.0,0.0000,0.3000,2,251.000,,0,0.8657,,0.850,0,
1614,8,39,fog-48,1,fog,2800.0,0.0000,0.3000,2,251.000,,0,0.8607,,0.850,0,
1615,8,39,fog-48,1,fog,2900.0,0.0000,0.3000,2,251.000,,0,0.8557,,0.850,0,
1616,8,39,fog-48,1,fog,3000.0,0.0000,0.3000,2,251.000,,0,0.8507,,0.850,0,
1617,8,39,fog-48,1,fog,3100.0,0.0000,0.3000,2,251.000,,0,0.8457,,0.850,0,
1618,8,39,fog-48,1,fog,3200.0,0.0000,0.3000,2,251.000,,0,0.8407,,0.850,0,
1619,8,39,fog-48,1,fog,3300.0,0.0000,0.3000,2,251.000,,0,0.8357,,0.850,0,
1620,8,39,fog-48,1,fog,3400.0,0.0000,0.3000,2,251.000,,0,0.8307,,0.850,0,
1621,8,39,fog-48,1,fog,3500.0,0.5357,0.3000,22,256.000,0.6774,0,0.8262,,0.850,0,
1622,8,39,fog-48,1,fog,3600.0,0.0000,0.3000,3,251.500,0.0000,0,0.8212,,0.850,0,
1623,8,39,fog-48,1,fog,3700.0,0.0000,0.3000,3,251.500,0.0000,0,0.8162,,0.850,0,
1624,8,39,fog-48,1,fog,3800.0,0.0000,0.3000,3,251.500,0.0000,0,0.8112,,0.850,0,
1625,8,39,fog-48,1,fog,3900.0,0.0000,0.3000,3,251.500,0.0000,0,0.8062,,0.850,0,
1626,8,39,fog-48,1,fog,4000.0,0.0000,0.3000,3,251.500,0.0000,0,0.8012,,0.850,0,
1627,8,39,fog-48,1,fog,4100.0,0.0000,0.3000,3,251.500,0.0000,0,0.7962,,0.850,0,
1628,8,39,fog-48,1,fog,4200.0,0.0000,0.3000,3,251.500,0.0000,0,0.7912,,0.850,0,
1629,8,39,fog-48,1,fog,4300.0,0.0000,0.3000,3,251.500,0.0000,0,0.7862,,0.850,0,
1630,8,39,fog-48,1,fog,4400.0,0.5357,0.3000,24,256.250,0.9435,0,0.7817,,0.850,0,
1631,8,39,fog-48,1,fog,4500.0,0.0000,0.3000,5,252.250,1.0000,0,0.7778,,0.850,0,
1632,8,39,fog-48,1,fog,4600.0,0.0000,0.3000,4,252.000,0.0000,0,0.7728,,0.850,0,
1633,8,39,fog-48,1,fog,4700.0,0.0000,0.3000,4,252.000,0.0000,0,0.7678,,0.850,0,
1634,8,39,fog-48,1,fog,4800.0,0.5893,0.3000,27,257.250,0.6370,0,0.7633,,0.850,0,
1635,8,39,fog-48,1,fog,4900.0,0.0000,0.3000,6,252.750,1.0000,0,0.7593,,0.850,0,
1636,8,39,fog-48,1,fog,5000.0,0.0000,0.3000,5,252.500,0.0000,0,0.7543,,0.850,0,
1637,8,40,fog-49,1,fog,0.0,0.0000,0.3000,0,250.000,,0,1.0000,,0.850,0,344.4
1638,8,40,fog-49,1,fog,100.0,0.1607,0.3000,6,251.500,0.5305,0,0.9952,,0.850,0,344.4
1639,8,40,fog-49,1,fog,200.0,1.0000,0.3000,43,258.250,1.0000,0,0.9902,,0.850,1,344.4
1640,8,40,fog-49,1,fog,300.0,0.9107,0.3000,47,259.750,1.0000,0,0.9852,,0.850,1,344.4
1641,8,41,fog-50,1,fog,0.0,0.0000,0.3000,0,250.000,,0,1.0000,,0.850,0,
1642,8,41,fog-50,1,fog,100.0,0.0000,0.3000,0,250.000,,0,0.9950,,0.850,0,
1643,8,41,fog-50,1,fog,200.0,0.0000,0.3000,0,250.000,,0,0.9900,,0.850,0,
1644,8,41,fog-50,1,fog,300.0,0.0000,0.3000,0,250.000,,0,0.9850,,0.850,0,
1645,8,41,fog-50,1,fog,400.0,0.0000,0.3000,0,250.000,,0,0.9800,,0.850,0,
1646,8,41,fog-50,1,fog,500.0,0.0000,0.3000,0,250.000,,0,0.9750,,0.850,0,
1647,8,41,fog-50,1,fog,600.0,0.0000,0.3000,0,250.000,,0,0.9700,,0.850,0,
1648,8,41,fog-50,1,fog,700.0,0.0000,0.3000,0,250.000,,0,0.9650,,0.850,0,
1649,8,41,fog-50,1,fog,800.0,0.0000,0.3000,0,250.000,,0,0.9600,,0.850,0,
1650,8,41,fog-50,1,fog,900.0,0.0000,0.3000,0,250.000,,0,0.9550,,0.850,0,
1651,8,41,fog-50,1,fog,1000.0,0.0000,0.3000,0,250.000,,0,0.9500,,0.850,0,
1652,8,41,fog-50,1,fog,1100.0,0.0000,0.3000,0,250.000,,0,0.9450,,0.850,0,
1653,8,41,fog-50,1,fog,1200.0,0.0000,0.3000,0,250.000,,0,0.9400,,0.850,0,
1654,8,41,fog-50,1,fog,1300.0,0.0000,0.3000,0,250.000,,0,0.9350,,0.850,0,
1655,8,41,fog-50,1,fog,1400.0,0.0000,0.3000,0,250.000,,0,0.9300,,0.850,0,
1656,8,41,fog-50,1,fog,1500.0,0.0000,0.3000,0,250.000,,0,0.9250,,0.850,0,
1657,8,41,fog-50,1,fog,1600.0,0.0000,0.3000,0,250.000,,0,0.9200,,0.850,0,
1658,8,41,fog-50,1,fog,1700.0,0.0000,0.3000,0,250.000,,0,0.9150,,0.850,0,
1659,8,41,fog-50,1,fog,1800.0,0.0000,0.3000,0,250.000,,0,0.9100,,0.850,0,
1660,8,41,fog-50,1,fog,1900.0,0.0000,0.3000,0,250.000,,0,0.9050,,0.850,0,
1661,8,41,fog-50,1,fog,2000.0,0.0000,0.3000,0,250.000,,0,0.9000,,0.850,0,
1662,8,41,fog-50,1,fog,2100.0,0.0000,0.3000,0,250.000,,0,0.8950,,0.850,0,
1663,8,41,fog-50,1,fog,2200.0,0.0000,0.3000,0,250.000,,0,0.8900,,0.850,0,
1664,8,41,fog-50,1,fog,2300.0,0.0000,0.3000,0,250.000,,0,0.8850,,0.850,0,
1665,8,41,fog-50,1,fog,2400.0,0.0000,0.3000,0,250.000,,0,0.8800,,0.850,0,
1666,8,41,fog-50,1,fog,2500.0,0.0000,0.3000,0,250.000,,0,0.8750,,0.850,0,
1667,8,41,fog-50,1,fog,2600.0,0.0000,0.3000,0,250.000,,0,0.8700,,0.850,0,
1668,8,41,fog-50,1,fog,2700.0,0.0000,0.3000,0,250.000,,0,0.8650,,0.850,0,
1669,8,41,fog-50,1,fog,2800.0,0.0000,0.3000,0,250.000,,0,0.8600,,0.850,0,
1670,8,41,fog-50,1,fog,2900.0,0.0000,0.3000,0,250.000,,0,0.8550,,0.850,0,
1671,8,41,fog-50,1,fog,3000.0,0.0000,0.3000,0,250.000,,0,0.8500,,0.850,0,
1672,8,41,fog-50,1,fog,3100.0,0.0000,0.3000,0,250.000,,0,0.8450,,0.850,0,
1673,8,41,fog-50,1,fog,3200.0,0.0000,0.3000,0,250.000,,0,0.8400,,0.850,0,
1674,8,41,fog-50,1,fog,3300.0,0.0000,0.3000,0,250.000,,0,0.8350,,0.850,0,
1675,8,41,fog-50,1,fog,3400.0,0.0000,0.3000,0,250.000,,0,0.8300,,0.850,0,
1676,8,41,fog-50,1,fog,3500.0,0.0000,0.3000,0,250.000,,0,0.8250,,0.850,0,
1677,8,41,fog-50,1,fog,3600.0,0.0000,0.3000,0,250.000,,0,0.8200,,0.850,0,
1678,8,41,fog-50,1,fog,3700.0,0.0000,0.3000,0,250.000,,0,0.8150,,0.850,0,
1679,8,41,fog-50,1,fog,3800.0,0.0000,0.3000,0,250.000,,0,0.8100,,0.850,0,
1680,8,41,fog-50,1,fog,3900.0,0.0000,0.3000,0,250.000,,0,0.8050,,0.850,0,
1681,8,41,fog-50,1,fog,4000.0,0.0000,0.3000,0,250.000,,0,0.8000,,0.850,0,
1682,8,41,fog-50,1,fog,4100.0,0.0000,0.3000,0,250.000,,0,0.7950,,0.850,0,
1683,8,41,fog-50,1,fog,4200.0,0.0000,0.3000,0,250.000,,0,0.7900,,0.850,0,
1684,8,41,fog-50,1,fog,4300.0,0.0000,0.3000,0,250.000,,0,0.7850,,0.850,0,
1685,8,41,fog-50,1,fog,4400.0,0.0000,0.3000,0,250.000,,0,0.7800,,0.850,0,
1686,8,41,fog-50,1,fog,4500.0,0.0000,0.3000,0,250.000,,0,0.7750,,0.850,0,
1687,8,41,fog-50,1,fog,4600.0,0.0000,0.3000,0,250.000,,0,0.7700,,0.850,0,
1688,8,41,fog-50,1,fog,4700.0,0.0000,0.3000,0,250.000,,0,0.7650,,0.850,0,
1689,8,41,fog-50,1,fog,4800.0,0.0000,0.3000,0,250.000,,0,0.7600,,0.850,0,
1690,8,41,fog-50,1,fog,4900.0,0.0000,0.3000,0,250.000,,0,0.7550,,0.850,0,
1691,8,41,fog-50,1,fog,5000.0,0.0000,0.3000,0,250.000,,0,0.7500,,0.850,0,
1692,8,42,fog-51,1,fog,0.0,0.0000,0.3000,0,250.000,,0,1.0000,,0.850,0,
1693,8,42,fog-51,1,fog,100.0,0.0000,0.3000,0,250.000,,0,0.9950,,0.850,0,
1694,8,42,fog-51,1,fog,200.0,0.0000,0.3000,0,250.000,,0,0.9900,,0.850,0,
1695,8,42,fog-51,1,fog,300.0,0.0000,0.3000,0,250.000,,0,0.9850,,0.850,0,
1696,8,42,fog-51,1,fog,400.0,0.0000,0.3000,0,250.000,,0,0.9800,,0.850,0,
1697,8,42,fog-51,1,fog,500.0,0.0000,0.3000,0,250.000,,0,0.9750,,0.850,0,
1698,8,42,fog-51,1,fog,600.0,0.0000,0.3000,0,250.000,,0,0.9700,,0.850,0,
1699,8,42,fog-51,1,fog,700.0,0.0000,0.3000,0,250.000,,0,0.9650,,0.850,0,
1700,8,42,fog-51,1,fog,800.0,0.0000,0.3000,0,250.000,,0,0.9600,,0.850,0,
1701,8,42,fog-51,1,fog,900.0,0.0000,0.3000,0,250.000,,0,0.9550,,0.850,0,
1702,8,42,fog-51,1,fog,1000.0,0.0000,0.3000,0,250.000,,0,0.9500,,0.850,0,
1703,8,42,fog-51,1,fog,1100.0,0.0000,0.3000,0,250.000,,0,0.9450,,0.850,0,
1704,8,42,fog-51,1,fog,1200.0,0.0000,0.3000,0,250.000,,0,0.9400,,0.850,0,
1705,8,42,fog-51,1,fog,1300.0,0.0000,0.3000,0,250.000,,0,0.9350,,0.850,0,
1706,8,42,fog-51,1,fog,1400.0,0.0000,0.3000,0,250.000,,0,0.9300,,0.850,0,
1707,8,42,fog-51,1,fog,1500.0,0.0000,0.3000,0,250.000,,0,0.9250,,0.850,0,
1708,8,42,fog-51,1,fog,1600.0,0.0000,0.3000,0,250.000,,0,0.9200,,0.850,0,
1709,8,42,fog-51,1,fog,1700.0,0.0000,0.3000,0,250.000,,0,0.9150,,0.850,0,
1710,8,42,fog-51,1,fog,1800.0,0.0000,0.3000,0,250.000,,0,0.9100,,0.850,0,
1711,8,42,fog-51,1,fog,1900.0,0.0000,0.3000,0,250.000,,0,0.9050,,0.850,0,
1712,8,42,fog-51,1,fog,2000.0,0.0000,0.3000,0,250.000,,0,0.9000,,0.850,0,
1713,8,42,fog-51,1,fog,2100.0,0.0000,0.3000,0,250.000,,0,0.8950,,0.850,0,
1714,8,42,fog-51,1,fog,2200.0,0.0000,0.3000,0,250.000,,0,0.8900,,0.850,0,
1715,8,42,fog-51,1,fog,2300.0,0.0000,0.3000,0,250.000,,0,0.8850,,0.850,0,
1716,8,42,fog-51,1,fog,2400.0,0.0000,0.3000,0,250.000,,0,0.8800,,0.850,0,
1717,8,42,fog-51,1,fog,2500.0,0.0000,0.3000,0,250.000,,0,0.8750,,0.850,0,
1718,8,42,fog-51,1,fog,2600.0,0.0000,0.3000,0,250.000,,0,0.8700,,0.850,0,
1719,8,42,fog-51,1,fog,2700.0,0.0000,0.3000,0,250.000,,0,0.8650,,0.850,0,
1720,8,42,fog-51,1,fog,2800.0,0.0000,0.3000,0,250.000,,0,0.8600,,0.850,0,
1721,8,42,fog-51,1,fog,2900.0,0.0000,0.3000,0,250.000,,0,0.8550,,0.850,0,
1722,8,42,fog-51,1,fog,3000.0,0.0000,0.3000,0,250.000,,0,0.8500,,0.850,0,
1723,8,42,fog-51,1,fog,3100.0,0.0000,0.3000,0,250.000,,0,0.8450,,0.850,0,
1724,8,42,fog-51,1,fog,3200.0,0.0000,0.3000,0,250.000,,0,0.8400,,0.850,0,
1725,8,42,fog-51,1,fog,3300.0,0.0000,0.3000,0,250.000,,0,0.8350,,0.850,0,
1726,8,42,fog-51,1,fog,3400.0,0.0000,0.3000,0,250.000,,0,0.8300,,0.850,0,
1727,8,42,fog-51,1,fog,3500.0,0.0000,0.3000,0,250.000,,0,0.8250,,0.850,0,
1728,8,42,fog-51,1,fog,3600.0,0.0000,0.3000,0,250.000,,0,0.8200,,0.850,0,
1729,8,42,fog-51,1,fog,3700.0,0.0000,0.3000,0,250.000,,0,0.8150,,0.850,0,
1730,8,42,fog-51,1,fog,3800.0,0.0000,0.3000,0,250.000,,0,0.8100,,0.850,0,
1731,8,42,fog-51,1,fog,3900.0,0.0000,0.3000,0,250.000,,0,0.8050,,0.850,0,
1732,8,42,fog-51,1,fog,4000.0,0.0000,0.3000,0,250.000,,0,0.8000,,0.850,0,
1733,8,42,fog-51,1,fog,4100.0,0.0000,0.3000,0,250.000,,0,0.7950,,0.850,0,
1734,8,42,fog-51,1,fog,4200.0,0.0000,0.3000,0,250.000,,0,0.7900,,0.850,0,
1735,8,42,fog-51,1,fog,4300.0,0.0000,0.3000,0,250.000,,0,0.7850,,0.850,0,
1736,8,42,fog-51,1,fog,4400.0,0.0000,0.3000,0,250.000,,0,0.7800,,0.850,0,
1737,8,42,fog-51,1,fog,4500.0,0.0000,0.3000,0,250.000,,0,0.7750,,0.850,0,
1738,8,42,fog-51,1,fog,4600.0,0.0000,0.3000,0,250.000,,0,0.7700,,0.850,0,
1739,8,42,fog-51,1,fog,4700.0,0.0000,0.3000,0,250.000,,0,0.7650,,0.850,0,
1740,8,42,fog-51,1,fog,4800.0,0.0000,0.3000,0,250.000,,0,0.7600,,0.850,0,
1741,8,42,fog-51,1,fog,4900.0,0.0000,0.3000,0,250.000,,0,0.7550,,0.850,0,
1742,8,42,fog-51,1,fog,5000.0,0.0000,0.3000,0,250.000,,0,0.7500,,0.850,0,
1743,8,43,fog-52,1,fog,0.0,0.0000,0.3000,0,250.000,,0,1.0000,,0.850,0,
1744,8,43,fog-52,1,fog,100.0,0.0000,0.3000,0,250.000,,0,0.9950,,0.850,0,
1745,8,43,fog-52,1,fog,200.0,0.0000,0.3000,0,250.000,,0,0.9900,,0.850,0,
1746,8,43,fog-52,1,fog,300.0,0.0000,0.3000,0,250.000,,0,0.9850,,0.850,0,
1747,8,43,fog-52,1,fog,400.0,0.0000,0.3000,0,250.000,,0,0.9800,,0.850,0,
1748,8,43,fog-52,1,fog,500.0,0.0000,0.3000,0,250.000,,0,0.9750,,0.850,0,
1749,8,43,fog-52,1,fog,600.0,0.0000,0.3000,0,250.000,,0,0.9700,,0.850,0,
1750,8,43,fog-52,1,fog,700.0,0.0000,0.3000,0,250.000,,0,0.9650,,0.850,0,
1751,8,43,fog-52,1,fog,800.0,0.0000,0.3000,0,250.000,,0,0.9600,,0.850,0,
1752,8,43,fog-52,1,fog,900.0,0.0000,0.3000,0,250.000,,0,0.9550,,0.850,0,
1753,8,43,fog-52,1,fog,1000.0,0.0000,0.3000,0,250.000,,0,0.9500,,0.850,0,
1754,8,43,fog-52,1,fog,1100.0,0.0000,0.3000,0,250.000,,0,0.9450,,0.850,0,
1755,8,43,fog-52,1,fog,1200.0,0.0000,0.3000,0,250.000,,0,0.9400,,0.850,0,
1756,8,43,fog-52,1,fog,1300.0,0.0000,0.3000,0,250.000,,0,0.9350,,0.850,0,
1757,8,43,fog-52,1,fog,1400.0,0.0000,0.3000,0,250.000,,0,0.9300,,0.850,0,
1758,8,43,fog-52,1,fog,1500.0,0.0000,0.3000,0,250.000,,0,0.9250,,0.850,0,
1759,8,43,fog-52,1,fog,1600.0,0.0000,0.3000,0,250.000,,0,0.9200,,0.850,0,
1760,8,43,fog-52,1,fog,1700.0,0.0000,0.3000,0,250.000,,0,0.9150,,0.850,0,
1761,8,43,fog-52,1,fog,1800.0,0.0000,0.3000,0,250.000,,0,0.9100,,0.850,0,
1762,8,43,fog-52,1,fog,1900.0,0.0000,0.3000,0,250.000,,0,0.9050,,0.850,0,
1763,8,43,fog-52,1,fog,2000.0,0.0000,0.3000,0,250.000,,0,0.9000,,0.850,0,
1764,8,43,fog-52,1,fog,2100.0,0.0000,0.3000,0,250.000,,0,0.8950,,0.850,0,
1765,8,43,fog-52,1,fog,2200.0,0.0000,0.3000,0,250.000,,0,0.8900,,0.850,0,
1766,8,43,fog-52,1,fog,2300.0,0.0000,0.3000,0,250.000,,0,0.8850,,0.850,0,
1767,8,43,fog-52,1,fog,2400.0,0.0000,0.3000,0,250.000,,0,0.8800,,0.850,0,
1768,8,43,fog-52,1,fog,2500.0,0.0000,0.3000,0,250.000,,0,0.8750,,0.850,0,
1769,8,43,fog-52,1,fog,2600.0,0.0000,0.3000,0,250.000,,0,0.8700,,0.850,0,
1770,8,43,fog-52,1,fog,2700.0,0.0000,0.3000,0,250.000,,0,0.8650,,0.850,0,
1771,8,43,fog-52,1,fog,2800.0,0.0000,0.3000,0,250.000,,0,0.8600,,0.850,0,
1772,8,43,fog-52,1,fog,2900.0,0.0000,0.3000,0,250.000,,0,0.8550,,0.850,0,
1773,8,43,fog-52,1,fog,3000.0,0.0000,0.3000,0,250.000,,0,0.8500,,0.850,0,
1774,8,43,fog-52,1,fog,3100.0,0.0000,0.3000,0,250.000,,0,0.8450,,0.850,0,
1775,8,43,fog-52,1,fog,3200.0,0.0000,0.3000,0,250.000,,0,0.8400,,0.850,0,
1776,8,43,fog-52,1,fog,3300.0,0.0000,0.3000,0,250.000,,0,0.8350,,0.850,0,
1777,8,43,fog-52,1,fog,3400.0,0.0000,0.3000,0,250.000,,0,0.8300,,0.850,0,
1778,8,43,fog-52,1,fog,3500.0,0.0000,0.3000,0,250.000,,0,0.8250,,0.850,0,
1779,8,43,fog-52,1,fog,3600.0,0.0000,0.3000,0,250.000,,0,0.8200,,0.850,0,
1780,8,43,fog-52,1,fog,3700.0,0.0000,0.3000,0,250.000,,0,0.8150,,0.850,0,
1781,8,43,fog-52,1,fog,3800.0,0.0000,0.3000,0,250.000,,0,0.8100,,0.850,0,
1782,8,43,fog-52,1,fog,3900.0,0.0000,0.3000,0,250.000,,0,0.8050,,0.850,0,
1783,8,43,fog-52,1,fog,4000.0,0.0000,0.3000,0,250.000,,0,0.8000,,0.850,0,
1784,8,43,fog-52,1,fog,4100.0,0.0000,0.3000,0,250.000,,0,0.7950,,0.850,0,
1785,8,43,fog-52,1,fog,4200.0,0.0000,0.3000,0,250.000,,0,0.7900,,0.850,0,
1786,8,43,fog-52,1,fog,4300.0,0.0000,0.3000,0,250.000,,0,0.7850,,0.850,0,
1787,8,43,fog-52,1,fog,4400.0,0.0000,0.3000,0,250.000,,0,0.7800,,0.850,0,
1788,8,43,fog-52,1,fog,4500.0,0.0000,0.3000,0,250.000,,0,0.7750,,0.850,0,
1789,8,43,fog-52,1,fog,4600.0,0.0000,0.3000,0,250.000,,0,0.7700,,0.850,0,
1790,8,43,fog-52,1,fog,4700.0,0.0000,0.3000,0,250.000,,0,0.7650,,0.850,0,
1791,8,43,fog-52,1,fog,4800.0,0.0000,0.3000,0,250.000,,0,0.7600,,0.850,0,
1792,8,43,fog-52,1,fog,4900.0,0.0000,0.3000,0,250.000,,0,0.7550,,0.850,0,
1793,8,43,fog-52,1,fog,5000.0,0.0000,0.3000,0,250.000,,0,0.7500,,0.850,0,
1794,8,44,fog-53,1,fog,0.0,0.0000,0.0000,0,250.000,,0,1.0000,,0.850,0,3456.1
1795,8,44,fog-53,1,fog,100.0,0.0000,0.0000,0,250.000,,0,0.9961,,0.850,0,3456.1
1796,8,44,fog-53,1,fog,200.0,0.0000,0.0000,0,250.000,,0,0.9922,,0.850,0,3456.1
1797,8,44,fog-53,1,fog,300.0,0.0000,0.0000,0,250.000,,0,0.9883,,0.850,0,3456.1
1798,8,44,fog-53,1,fog,400.0,0.0000,0.0000,0,250.000,,0,0.9845,,0.850,0,3456.1
1799,8,44,fog-53,1,fog,500.0,0.0000,0.0000,0,250.000,,0,0.9806,,0.850,0,3456.1
1800,8,44,fog-53,1,fog,600.0,0.0000,0.0000,0,250.000,,0,0.9767,,0.850,0,3456.1
1801,8,44,fog-53,1,fog,700.0,0.0000,0.0000,0,250.000,,0,0.9728,,0.850,0,3456.1
1802,8,44,fog-53,1,fog,800.0,0.0000,0.0000,0,250.000,,0,0.9689,,0.850,0,3456.1
1803,8,44,fog-53,1,fog,900.0,0.0000,0.0000,0,250.000,,0,0.9650,,0.850,0,3456.1
1804,8,44,fog-53,1,fog,1000.0,0.0000,0.0000,0,250.000,,0,0.9611,,0.850,0,3456.1
1805,8,44,fog-53,1,fog,1100.0,0.0000,0.0000,0,250.000,,0,0.9572,,0.850,0,3456.1
1806,8,44,fog-53,1,fog,1200.0,0.0000,0.0000,0,250.000,,0,0.9534,,0.850,0,3456.1
1807,8,44,fog-53,1,fog,1300.0,0.0000,0.0000,0,250.000,,0,0.9495,,0.850,0,3456.1
1808,8,44,fog-53,1,fog,1400.0,0.0000,0.0000,0,250.000,,0,0.9456,,0.850,0,3456.1
1809,8,44,fog-53,1,fog,1500.0,0.0000,0.0000,0,250.000,,0,0.9417,,0.850,0,3456.1
1810,8,44,fog-53,1,fog,1600.0,0.0000,0.0000,0,250.000,,0,0.9378,,0.850,0,3456.1
1811,8,44,fog-53,1,fog,1700.0,0.0000,0.0000,0,250.000,,0,0.9339,,0.850,0,3456.1
1812,8,44,fog-53,1,fog,1800.0,0.0000,0.0000,0,250.000,,0,0.9300,,0.850,0,3456.1
1813,8,44,fog-53,1,fog,1900.0,0.0000,0.0000,0,250.000,,0,0.9262,,0.850,0,3456.1
1814,8,44,fog-53,1,fog,2000.0,0.0000,0.0000,0,250.000,,0,0.9223,,0.850,0,3456.1
1815,8,44,fog-53,1,fog,2100.0,0.0000,0.0000,0,250.000,,0,0.9184,,0.850,0,3456.1
1816,8,44,fog-53,1,fog,2200.0,0.0000,0.0000,0,250.000,,0,0.9145,,0.850,0,3456.1
1817,8,44,fog-53,1,fog,2300.0,0.0000,0.0000,0,250.000,,0,0.9106,,0.850,0,3456.1
1818,8,44,fog-53,1,fog,2400.0,0.0000,0.0000,0,250.000,,0,0.9067,,0.850,0,3456.1
1819,8,44,fog-53,1,fog,2500.0,0.0000,0.0000,0,250.000,,0,0.9028,,0.850,0,3456.1
1820,8,44,fog-53,1,fog,2600.0,0.0000,0.0000,0,250.000,,0,0.8990,,0.850,0,3456.1
1821,8,44,fog-53,1,fog,2700.0,0.0000,0.0000,0,250.000,,0,0.8951,,0.850,0,3456.1
1822,8,44,fog-53,1,fog,2800.0,0.0000,0.0000,0,250.000,,0,0.8912,,0.850,0,3456.1
1823,8,44,fog-53,1,fog,2900.0,0.0000,0.0000,0,250.000,,0,0.8873,,0.850,0,3456.1
1824,8,44,fog-53,1,fog,3000.0,0.0000,0.0000,0,250.000,,0,0.8834,,0.850,0,3456.1
1825,8,44,fog-53,1,fog,3100.0,0.0000,0.0000,0,250.000,,0,0.8795,,0.850,0,3456.1
1826,8,44,fog-53,1,fog,3200.0,0.0000,0.0000,0,250.000,,0,0.8756,,0.850,0,3456.1
1827,8,44,fog-53,1,fog,3300.0,0.0000,0.0000,0,250.000,,0,0.8717,,0.850,1,3456.1
1828,8,44,fog-53,1,fog,3400.0,0.0000,0.0000,0,250.000,,0,0.8679,,0.850,1,3456.1
1829,8,45,fog-54,1,fog,0.0,0.0000,0.0000,0,250.000,,0,1.0000,,0.850,0,
1830,8,45,fog-54,1,fog,100.0,0.0000,0.0000,0,250.000,,0,0.9961,,0.850,0,
1831,8,45,fog-54,1,fog,200.0,0.0000,0.0000,0,250.000,,0,0.9922,,0.850,0,
1832,8,45,fog-54,1,fog,300.0,0.0000,0.0000,0,250.000,,0,0.9883,,0.850,0,
1833,8,45,fog-54,1,fog,400.0,0.0000,0.0000,0,250.000,,0,0.9845,,0.850,0,
1834,8,45,fog-54,1,fog,500.0,0.0000,0.0000,0,250.000,,0,0.9806,,0.850,0,
1835,8,45,fog-54,1,fog,600.0,0.0000,0.0000,0,250.000,,0,0.9767,,0.850,0,
1836,8,45,fog-54,1,fog,700.0,0.0000,0.0000,0,250.000,,0,0.9728,,0.850,0,
1837,8,45,fog-54,1,fog,800.0,0.0000,0.0000,0,250.000,,0,0.9689,,0.850,0,
1838,8,45,fog-54,1,fog,900.0,0.0000,0.0000,0,250.000,,0,0.9650,,0.850,0,
1839,8,45,fog-54,1,fog,1000.0,0.0000,0.0000,0,250.000,,0,0.9611,,0.850,0,
1840,8,45,fog-54,1,fog,1100.0,0.0000,0.0000,0,250.000,,0,0.9572,,0.850,0,
1841,8,45,fog-54,1,fog,1200.0,0.0000,0.0000,0,250.000,,0,0.9534,,0.850,0,
1842,8,45,fog-54,1,fog,1300.0,0.0000,0.0000,0,250.000,,0,0.9495,,0.850,0,
1843,8,45,fog-54,1,fog,1400.0,0.0000,0.0000,0,250.000,,0,0.9456,,0.850,0,
1844,8,45,fog-54,1,fog,1500.0,0.0000,0.0000,0,250.000,,0,0.9417,,0.850,0,
1845,8,45,fog-54,1,fog,1600.0,0.0000,0.0000,0,250.000,,0,0.9378,,0.850,0,
1846,8,45,fog-54,1,fog,1700.0,0.0000,0.0000,0,250.000,,0,0.9339,,0.850,0,
1847,8,45,fog-54,1,fog,1800.0,0.0000,0.0000,0,250.000,,0,0.9300,,0.850,0,
1848,8,45,fog-54,1,fog,1900.0,0.0000,0.0000,0,250.000,,0,0.9262,,0.850,0,
1849,8,45,fog-54,1,fog,2000.0,0.0000,0.0000,0,250.000,,0,0.9223,,0.850,0,
1850,8,45,fog-54,1,fog,2100.0,0.0000,0.0000,0,250.000,,0,0.9184,,0.850,0,
1851,8,45,fog-54,1,fog,2200.0,0.0000,0.0000,0,250.000,,0,0.9145,,0.850,0,
1852,8,45,fog-54,1,fog,2300.0,0.0000,0.0000,0,250.000,,0,0.9106,,0.850,0,
1853,8,45,fog-54,1,fog,2400.0,0.0000,0.0000,0,250.000,,0,0.9067,,0.850,0,
1854,8,45,fog-54,1,fog,2500.0,0.0000,0.0000,0,250.000,,0,0.9028,,0.850,0,
1855,8,45,fog-54,1,fog,2600.0,0.0000,0.0000,0,250.000,,0,0.8990,,0.850,0,
1856,8,45,fog-54,1,fog,2700.0,0.0000,0.0000,0,250.000,,0,0.8951,,0.850,0,
1857,8,45,fog-54,1,fog,2800.0,0.0000,0.0000,0,250.000,,0,0.8912,,0.850,0,
1858,8,45,fog-54,1,fog,2900.0,0.0000,0.0000,0,250.000,,0,0.8873,,0.850,0,
1859,8,45,fog-54,1,fog,3000.0,0.0000,0.0000,0,250.000,,0,0.8834,,0.850,0,
1860,8,45,fog-54,1,fog,3100.0,0.0000,0.0000,0,250.000,,0,0.8795,,0.850,0,
1861,8,45,fog-54,1,fog,3200.0,0.0000,0.0000,0,250.000,,0,0.8756,,0.850,0,
1862,8,45,fog-54,1,fog,3300.0,0.0000,0.0000,0,250.000,,0,0.8717,,0.850,0,
1863,8,45,fog-54,1,fog,3400.0,0.0000,0.0000,0,250.000,,0,0.8679,,0.850,0,
1864,8,45,fog-54,1,fog,3500.0,0.0000,0.0000,0,250.000,,0,0.8640,,0.850,0,
1865,8,45,fog-54,1,fog,3600.0,0.0000,0.0000,0,250.000,,0,0.8601,,0.850,0,
1866,8,45,fog-54,1,fog,3700.0,0.0000,0.0000,0,250.000,,0,0.8562,,0.850,0,
1867,8,45,fog-54,1,fog,3800.0,0.0000,0.0000,0,250.000,,0,0.8523,,0.850,0,
1868,8,45,fog-54,1,fog,3900.0,0.0000,0.0000,0,250.000,,0,0.8484,,0.850,0,
1869,8,45,fog-54,1,fog,4000.0,0.0000,0.0000,0,250.000,,0,0.8445,,0.850,0,
1870,8,45,fog-54,1,fog,4100.0,0.0000,0.0000,0,250.000,,0,0.8407,,0.850,0,
1871,8,45,fog-54,1,fog,4200.0,0.0000,0.0000,0,250.000,,0,0.8368,,0.850,0,
1872,8,45,fog-54,1,fog,4300.0,0.0000,0.0000,0,250.000,,0,0.8329,,0.850,0,
1873,8,45,fog-54,1,fog,4400.0,0.0000,0.0000,0,250.000,,0,0.8290,,0.850,0,
1874,8,45,fog-54,1,fog,4500.0,0.0000,0.0000,0,250.000,,0,0.8251,,0.850,0,
1875,8,45,fog-54,1,fog,4600.0,0.0000,0.0000,0,250.000,,0,0.8212,,0.850,0,
1876,8,45,fog-54,1,fog,4700.0,0.0000,0.0000,0,250.000,,0,0.8173,,0.850,0,
1877,8,45,fog-54,1,fog,4800.0,0.0000,0.0000,0,250.000,,0,0.8135,,0.850,0,
1878,8,45,fog-54,1,fog,4900.0,0.0000,0.0000,0,250.000,,0,0.8096,,0.850,0,
1879,8,45,fog-54,1,fog,5000.0,0.0000,0.0000,0,250.000,,0,0.8057,,0.850,0,
1880,8,46,fog-55,1,fog,0.0,0.0000,0.0000,0,250.000,,0,1.0000,,0.850,0,
1881,8,46,fog-55,1,fog,100.0,0.0000,0.0000,0,250.000,,0,0.9961,,0.850,0,
1882,8,46,fog-55,1,fog,200.0,0.0000,0.0000,0,250.000,,0,0.9922,,0.850,0,
1883,8,46,fog-55,1,fog,300.0,0.0000,0.0000,0,250.000,,0,0.9883,,0.850,0,
1884,8,46,fog-55,1,fog,400.0,0.0000,0.0000,0,250.000,,0,0.9845,,0.850,0,
1885,8,46,fog-55,1,fog,500.0,0.0000,0.0000,0,250.000,,0,0.9806,,0.850,0,
1886,8,46,fog-55,1,fog,600.0,0.0000,0.0000,0,250.000,,0,0.9767,,0.850,0,
1887,8,46,fog-55,1,fog,700.0,0.0000,0.0000,0,250.000,,0,0.9728,,0.850,0,
1888,8,46,fog-55,1,fog,800.0,0.0000,0.0000,0,250.000,,0,0.9689,,0.850,0,
1889,8,46,fog-55,1,fog,900.0,0.0000,0.0000,0,250.000,,0,0.9650,,0.850,0,
1890,8,46,fog-55,1,fog,1000.0,0.0000,0.0000,0,250.000,,0,0.9611,,0.850,0,
1891,8,46,fog-55,1,fog,1100.0,0.0000,0.0000,0,250.000,,0,0.9572,,0.850,0,
1892,8,46,fog-55,1,fog,1200.0,0.0000,0.0000,0,250.000,,0,0.9534,,0.850,0,
1893,8,46,fog-55,1,fog,1300.0,0.0000,0.0000,0,250.000,,0,0.9495,,0.850,0,
1894,8,46,fog-55,1,fog,1400.0,0.0000,0.0000,0,250.000,,0,0.9456,,0.850,0,
1895,8,46,fog-55,1,fog,1500.0,0.0000,0.0000,0,250.000,,0,0.9417,,0.850,0,
1896,8,46,fog-55,1,fog,1600.0,0.0000,0.0000,0,250.000,,0,0.9378,,0.850,0,
1897,8,46,fog-55,1,fog,1700.0,0.0000,0.0000,0,250.000,,0,0.9339,,0.850,0,
1898,8,46,fog-55,1,fog,1800.0,0.0000,0.0000,0,250.000,,0,0.9300,,0.850,0,
1899,8,46,fog-55,1,fog,1900.0,0.0000,0.0000,0,250.000,,0,0.9262,,0.850,0,
1900,8,46,fog-55,1,fog,2000.0,0.0000,0.0000,0,250.000,,0,0.9223,,0.850,0,
1901,8,46,fog-55,1,fog,2100.0,0.0000,0.0000,0,250.000,,0,0.9184,,0.850,0,
1902,8,46,fog-55,1,fog,2200.0,0.0000,0.0000,0,250.000,,0,0.9145,,0.850,0,
1903,8,46,fog-55,1,fog,2300.0,0.0000,0.0000,0,250.000,,0,0.9106,,0.850,0,
1904,8,46,fog-55,1,fog,2400.0,0.0000,0.0000,0,250.000,,0,0.9067,,0.850,0,
1905,8,46,fog-55,1,fog,2500.0,0.0000,0.0000,0,250.000,,0,0.9028,,0.850,0,
1906,8,46,fog-55,1,fog,2600.0,0.0000,0.0000,0,250.000,,0,0.8990,,0.850,0,
1907,8,46,fog-55,1,fog,2700.0,0.0000,0.0000,0,250.000,,0,0.8951,,0.850,0,
1908,8,46,fog-55,1,fog,2800.0,0.0000,0.0000,0,250.000,,0,0.8912,,0.850,0,
1909,8,46,fog-55,1,fog,2900.0,0.0000,0.0000,0,250.000,,0,0.8873,,0.850,0,
1910,8,46,fog-55,1,fog,3000.0,0.0000,0.0000,0,250.000,,0,0.8834,,0.850,0,
1911,8,46,fog-55,1,fog,3100.0,0.0000,0.0000,0,250.000,,0,0.8795,,0.850,0,
1912,8,46,fog-55,1,fog,3200.0,0.0000,0.0000,0,250.000,,0,0.8756,,0.850,0,
1913,8,46,fog-55,1,fog,3300.0,0.0000,0.0000,0,250.000,,0,0.8717,,0.850,0,
1914,8,46,fog-55,1,fog,3400.0,0.0000,0.0000,0,250.000,,0,0.8679,,0.850,0,
1915,8,46,fog-55,1,fog,3500.0,0.0000,0.0000,0,250.000,,0,0.8640,,0.850,0,
1916,8,46,fog-55,1,fog,3600.0,0.0000,0.0000,0,250.000,,0,0.8601,,0.850,0,
1917,8,46,fog-55,1,fog,3700.0,0.0000,0.0000,0,250.000,,0,0.8562,,0.850,0,
1918,8,46,fog-55,1,fog,3800.0,0.0000,0.0000,0,250.000,,0,0.8523,,0.850,0,
1919,8,46,fog-55,1,fog,3900.0,0.0000,0.0000,0,250.000,,0,0.8484,,0.850,0,
1920,8,46,fog-55,1,fog,4000.0,0.0000,0.0000,0,250.000,,0,0.8445,,0.850,0,
1921,8,46,fog-55,1,fog,4100.0,0.0000,0.0000,0,250.000,,0,0.8407,,0.850,0,
1922,8,46,fog-55,1,fog,4200.0,0.0000,0.0000,0,250.000,,0,0.8368,,0.850,0,
1923,8,46,fog-55,1,fog,4300.0,0.0000,0.0000,0,250.000,,0,0.8329,,0.850,0,
1924,8,46,fog-55,1,fog,4400.0,0.0000,0.0000,0,250.000,,0,0.8290,,0.850,0,
1925,8,46,fog-55,1,fog,4500.0,0.0000,0.0000,0,250.000,,0,0.8251,,0.850,0,
1926,8,46,fog-55,1,fog,4600.0,0.0000,0.0000,0,250.000,,0,0.8212,,0.850,0,
1927,8,46,fog-55,1,fog,4700.0,0.0000,0.0000,0,250.000,,0,0.8173,,0.850,0,
1928,8,46,fog-55,1,fog,4800.0,0.0000,0.0000,0,250.000,,0,0.8135,,0.850,0,
1929,8,46,fog-55,1,fog,4900.0,0.0000,0.0000,0,250.000,,0,0.8096,,0.850,0,
1930,8,46,fog-55,1,fog,5000.0,0.0000,0.0000,0,250.000,,0,0.8057,,0.850,0,
1931,8,47,fog-56,1,fog,0.0,0.0000,0.0000,0,250.000,,0,1.0000,,0.850,0,
1932,8,47,fog-56,1,fog,100.0,0.0000,0.0000,0,250.000,,0,0.9961,,0.850,0,
1933,8,47,fog-56,1,fog,200.0,0.0000,0.0000,0,250.000,,0,0.9922,,0.850,0,
1934,8,47,fog-56,1,fog,300.0,0.0000,0.0000,0,250.000,,0,0.9883,,0.850,0,
1935,8,47,fog-56,1,fog,400.0,0.0000,0.0000,0,250.000,,0,0.9845,,0.850,0,
1936,8,47,fog-56,1,fog,500.0,0.0000,0.0000,0,250.000,,0,0.9806,,0.850,0,
1937,8,47,fog-56,1,fog,600.0,0.0000,0.0000,0,250.000,,0,0.9767,,0.850,0,
1938,8,47,fog-56,1,fog,700.0,0.0000,0.0000,0,250.000,,0,0.9728,,0.850,0,
1939,8,47,fog-56,1,fog,800.0,0.0000,0.0000,0,250.000,,0,0.9689,,0.850,0,
1940,8,47,fog-56,1,fog,900.0,0.0000,0.0000,0,250.000,,0,0.9650,,0.850,0,
1941,8,47,fog-56,1,fog,1000.0,0.0000,0.0000,0,250.000,,0,0.9611,,0.850,0,
1942,8,47,fog-56,1,fog,1100.0,0.0000,0.0000,0,250.000,,0,0.9572,,0.850,0,
1943,8,47,fog-56,1,fog,1200.0,0.0000,0.0000,0,250.000,,0,0.9534,,0.850,0,
1944,8,47,fog-56,1,fog,1300.0,0.0000,0.0000,0,250.000,,0,0.9495,,0.850,0,
1945,8,47,fog-56,1,fog,1400.0,0.0000,0.0000,0,250.000,,0,0.9456,,0.850,0,
1946,8,47,fog-56,1,fog,1500.0,0.0000,0.0000,0,250.000,,0,0.9417,,0.850,0,
1947,8,47,fog-56,1,fog,1600.0,0.0000,0.0000,0,250.000,,0,0.9378,,0.850,0,
1948,8,47,fog-56,1,fog,1700.0,0.0000,0.0000,0,250.000,,0,0.9339,,0.850,0,
1949,8,47,fog-56,1,fog,1800.0,0.0000,0.0000,0,250.000,,0,0.9300,,0.850,0,
1950,8,47,fog-56,1,fog,1900.0,0.0000,0.0000,0,250.000,,0,0.9262,,0.850,0,
1951,8,47,fog-56,1,fog,2000.0,0.0000,0.0000,0,250.000,,0,0.9223,,0.850,0,
1952,8,47,fog-56,1,fog,2100.0,0.0000,0.0000,0,250.000,,0,0.9184,,0.850,0,
1953,8,47,fog-56,1,fog,2200.0,0.0000,0.0000,0,250.000,,0,0.9145,,0.850,0,
1954,8,47,fog-56,1,fog,2300.0,0.0000,0.0000,0,250.000,,0,0.9106,,0.850,0,
1955,8,47,fog-56,1,fog,2400.0,0.0000,0.0000,0,250.000,,0,0.9067,,0.850,0,
1956,8,47,fog-56,1,fog,2500.0,0.0000,0.0000,0,250.000,,0,0.9028,,0.850,0,
1957,8,47,fog-56,1,fog,2600.0,0.0000,0.0000,0,250.000,,0,0.8990,,0.850,0,
1958,8,47,fog-56,1,fog,2700.0,0.0000,0.0000,0,250.000,,0,0.8951,,0.850,0,
1959,8,47,fog-56,1,fog,2800.0,0.0000,0.0000,0,250.000,,0,0.8912,,0.850,0,
1960,8,47,fog-56,1,fog,2900.0,0.0000,0.0000,0,250.000,,0,0.8873,,0.850,0,
1961,8,47,fog-56,1,fog,3000.0,0.0000,0.0000,0,250.000,,0,0.8834,,0.850,0,
1962,8,47,fog-56,1,fog,3100.0,0.0000,0.0000,0,250.000,,0,0.8795,,0.850,0,
1963,8,47,fog-56,1,fog,3200.0,0.0000,0.0000,0,250.000,,0,0.8756,,0.850,0,
1964,8,47,fog-56,1,fog,3300.0,0.0000,0.0000,0,250.000,,0,0.8717,,0.850,0,
1965,8,47,fog-56,1,fog,3400.0,0.0000,0.0000,0,250.000,,0,0.8679,,0.850,0,
1966,8,47,fog-56,1,fog,3500.0,0.0000,0.0000,0,250.000,,0,0.8640,,0.850,0,
1967,8,47,fog-56,1,fog,3600.0,0.0000,0.0000,0,250.000,,0,0.8601,,0.850,0,
1968,8,47,fog-56,1,fog,3700.0,0.0000,0.0000,0,250.000,,0,0.8562,,0.850,0,
1969,8,47,fog-56,1,fog,3800.0,0.0000,0.0000,0,250.000,,0,0.8523,,0.850,0,
1970,8,47,fog-56,1,fog,3900.0,0.0000,0.0000,0,250.000,,0,0.8484,,0.850,0,
1971,8,47,fog-56,1,fog,4000.0,0.0000,0.0000,0,250.000,,0,0.8445,,0.850,0,
1972,8,47,fog-56,1,fog,4100.0,0.0000,0.0000,0,250.000,,0,0.8407,,0.850,0,
1973,8,47,fog-56,1,fog,4200.0,0.0000,0.0000,0,250.000,,0,0.8368,,0.850,0,
1974,8,47,fog-56,1,fog,4300.0,0.0000,0.0000,0,250.000,,0,0.8329,,0.850,0,
1975,8,47,fog-56,1,fog,4400.0,0.0000,0.0000,0,250.000,,0,0.8290,,0.850,0,
1976,8,47,fog-56,1,fog,4500.0,0.0000,0.0000,0,250.000,,0,0.8251,,0.850,0,
1977,8,47,fog-56,1,fog,4600.0,0.0000,0.0000,0,250.000,,0,0.8212,,0.850,0,
1978,8,47,fog-56,1,fog,4700.0,0.0000,0.0000,0,250.000,,0,0.8173,,0.850,0,
1979,8,47,fog-56,1,fog,4800.0,0.0000,0.0000,0,250.000,,0,0.8135,,0.850,0,
1980,8,47,fog-56,1,fog,4900.0,0.0000,0.0000,0,250.000,,0,0.8096,,0.850,0,
1981,8,47,fog-56,1,fog,5000.0,0.0000,0.0000,0,250.000,,0,0.8057,,0.850,0,
1982,8,48,fog-57,1,fog,0.0,0.0000,0.0000,0,250.000,,0,1.0000,,0.850,0,
1983,8,48,fog-57,1,fog,100.0,0.0000,0.0000,0,250.000,,0,0.9961,,0.850,0,
1984,8,48,fog-57,1,fog,200.0,0.0000,0.0000,0,250.000,,0,0.9922,,0.850,0,
1985,8,48,fog-57,1,fog,300.0,0.0000,0.0000,0,250.000,,0,0.9883,,0.850,0,
1986,8,48,fog-57,1,fog,400.0,0.0000,0.0000,0,250.000,,0,0.9845,,0.850,0,
1987,8,48,fog-57,1,fog,500.0,0.0000,0.0000,0,250.000,,0,0.9806,,0.850,0,
1988,8,48,fog-57,1,fog,600.0,0.0000,0.0000,0,250.000,,0,0.9767,,0.850,0,
1989,8,48,fog-57,1,fog,700.0,0.0000,0.0000,0,250.000,,0,0.9728,,0.850,0,
1990,8,48,fog-57,1,fog,800.0,0.0000,0.0000,0,250.000,,0,0.9689,,0.850,0,
1991,8,48,fog-57,1,fog,900.0,0.0000,0.0000,0,250.000,,0,0.9650,,0.850,0,
1992,8,48,fog-57,1,fog,1000.0,0.0000,0.0000,0,250.000,,0,0.9611,,0.850,0,
1993,8,48,fog-57,1,fog,1100.0,0.0000,0.0000,0,250.000,,0,0.9572,,0.850,0,
1994,8,48,fog-57,1,fog,1200.0,0.0000,0.0000,0,250.000,,0,0.9534,,0.850,0,
1995,8,48,fog-57,1,fog,1300.0,0.0000,0.0000,0,250.000,,0,0.9495,,0.850,0,
1996,8,48,fog-57,1,fog,1400.0,0.0000,0.0000,0,250.000,,0,0.9456,,0.850,0,
1997,8,48,fog-57,1,fog,1500.0,0.0000,0.0000,0,250.000,,0,0.9417,,0.850,0,
1998,8,48,fog-57,1,fog,1600.0,0.0000,0.0000,0,250.000,,0,0.9378,,0.850,0,
1999,8,48,fog-57,1,fog,1700.0,0.0000,0.0000,0,250.000,,0,0.9339,,0.850,0,
2000,8,48,fog-57,1,fog,1800.0,0.0000,0.0000,0,250.000,,0,0.9300,,0.850,0,
2001,8,48,fog-57,1,fog,1900.0,0.0000,0.0000,0,250.000,,0,0.9262,,0.850,0,
2002,8,48,fog-57,1,fog,2000.0,0.0000,0.0000,0,250.000,,0,0.9223,,0.850,0,
2003,8,48,fog-57,1,fog,2100.0,0.0000,0.0000,0,250.000,,0,0.9184,,0.850,0,
2004,8,48,fog-57,1,fog,2200.0,0.0000,0.0000,0,250.000,,0,0.9145,,0.850,0,
2005,8,48,fog-57,1,fog,2300.0,0.0000,0.0000,0,250.000,,0,0.9106,,0.850,0,
2006,8,48,fog-57,1,fog,2400.0,0.0000,0.0000,0,250.000,,0,0.9067,,0.850,0,
2007,8,48,fog-57,1,fog,2500.0,0.0000,0.0000,0,250.000,,0,0.9028,,0.850,0,
2008,8,48,fog-57,1,fog,2600.0,0.0000,0.0000,0,250.000,,0,0.8990,,0.850,0,
2009,8,48,fog-57,1,fog,2700.0,0.0000,0.0000,0,250.000,,0,0.8951,,0.850,0,
2010,8,48,fog-57,1,fog,2800.0,0.0000,0.0000,0,250.000,,0,0.8912,,0.850,0,
2011,8,48,fog-57,1,fog,2900.0,0.0000,0.0000,0,250.000,,0,0.8873,,0.850,0,
2012,8,48,fog-57,1,fog,3000.0,0.0000,0.0000,0,250.000,,0,0.8834,,0.850,0,
2013,8,48,fog-57,1,fog,3100.0,0.0000,0.0000,0,250.000,,0,0.8795,,0.850,0,
2014,8,48,fog-57,1,fog,3200.0,0.0000,0.0000,0,250.000,,0,0.8756,,0.850,0,
2015,8,48,fog-57,1,fog,3300.0,0.0000,0.0000,0,250.000,,0,0.8717,,0.850,0,
2016,8,48,fog-57,1,fog,3400.0,0.0000,0.0000,0,250.000,,0,0.8679,,0.850,0,
2017,8,48,fog-57,1,fog,3500.0,0.0000,0.0000,0,250.000,,0,0.8640,,0.850,0,
2018,8,48,fog-57,1,fog,3600.0,0.0000,0.0000,0,250.000,,0,0.8601,,0.850,0,
2019,8,48,fog-57,1,fog,3700.0,0.0000,0.0000,0,250.000,,0,0.8562,,0.850,0,
2020,8,48,fog-57,1,fog,3800.0,0.0000,0.0000,0,250.000,,0,0.8523,,0.850,0,
2021,8,48,fog-57,1,fog,3900.0,0.0000,0.0000,0,250.000,,0,0.8484,,0.850,0,
2022,8,48,fog-57,1,fog,4000.0,0.0000,0.0000,0,250.000,,0,0.8445,,0.850,0,
2023,8,48,fog-57,1,fog,4100.0,0.0000,0.0000,0,250.000,,0,0.8407,,0.850,0,
2024,8,48,fog-57,1,fog,4200.0,0.0000,0.0000,0,250.000,,0,0.8368,,0.850,0,
2025,8,48,fog-57,1,fog,4300.0,0.0000,0.0000,0,250.000,,0,0.8329,,0.850,0,
2026,8,48,fog-57,1,fog,4400.0,0.0000,0.0000,0,250.000,,0,0.8290,,0.850,0,
2027,8,48,fog-57,1,fog,4500.0,0.0000,0.0000,0,250.000,,0,0.8251,,0.850,0,
2028,8,48,fog-57,1,fog,4600.0,0.0000,0.0000,0,250.000,,0,0.8212,,0.850,0,
2029,8,48,fog-57,1,fog,4700.0,0.0000,0.0000,0,250.000,,0,0.8173,,0.850,0,
2030,8,48,fog-57,1,fog,4800.0,0.0000,0.0000,0,250.000,,0,0.8135,,0.850,0,
2031,8,48,fog-57,1,fog,4900.0,0.0000,0.0000,0,250.000,,0,0.8096,,0.850,0,
2032,8,48,fog-57,1,fog,5000.0,0.0000,0.0000,0,250.000,,0,0.8057,,0.850,0,
2033,8,49,fog-58,1,fog,0.0,0.0000,0.0000,0,250.000,,0,1.0000,,0.850,0,
2034,8,49,fog-58,1,fog,100.0,0.0000,0.0000,0,250.000,,0,0.9961,,0.850,0,
2035,8,49,fog-58,1,fog,200.0,0.0000,0.0000,0,250.000,,0,0.9922,,0.850,0,
2036,8,49,fog-58,1,fog,300.0,0.0000,0.0000,0,250.000,,0,0.9883,,0.850,0,
2037,8,49,fog-58,1,fog,400.0,0.0000,0.0000,0,250.000,,0,0.9845,,0.850,0,
2038,8,49,fog-58,1,fog,500.0,0.0000,0.0000,0,250.000,,0,0.9806,,0.850,0,
2039,8,49,fog-58,1,fog,600.0,0.0000,0.0000,0,250.000,,0,0.9767,,0.850,0,
2040,8,49,fog-58,1,fog,700.0,0.0000,0.0000,0,250.000,,0,0.9728,,0.850,0,
2041,8,49,fog-58,1,fog,800.0,0.0000,0.0000,0,250.000,,0,0.9689,,0.850,0,
2042,8,49,fog-58,1,fog,900.0,0.0000,0.0000,0,250.000,,0,0.9650,,0.850,0,
2043,8,49,fog-58,1,fog,1000.0,0.0000,0.0000,0,250.000,,0,0.9611,,0.850,0,
2044,8,49,fog-58,1,fog,1100.0,0.0000,0.0000,0,250.000,,0,0.9572,,0.850,0,
2045,8,49,fog-58,1,fog,1200.0,0.0000,0.0000,0,250.000,,0,0.9534,,0.850,0,
2046,8,49,fog-58,1,fog,1300.0,0.0000,0.0000,0,250.000,,0,0.9495,,0.850,0,
2047,8,49,fog-58,1,fog,1400.0,0.0000,0.0000,0,250.000,,0,0.9456,,0.850,0,
2048,8,49,fog-58,1,fog,1500.0,0.0000,0.0000,0,250.000,,0,0.9417,,0.850,0,
2049,8,49,fog-58,1,fog,1600.0,0.0000,0.0000,0,250.000,,0,0.9378,,0.850,0,
2050,8,49,fog-58,1,fog,1700.0,0.0000,0.0000,0,250.000,,0,0.9339,,0.850,0,
2051,8,49,fog-58,1,fog,1800.0,0.0000,0.0000,0,250.000,,0,0.9300,,0.850,0,
2052,8,49,fog-58,1,fog,1900.0,0.0000,0.0000,0,250.000,,0,0.9262,,0.850,0,
2053,8,49,fog-58,1,fog,2000.0,0.0000,0.0000,0,250.000,,0,0.9223,,0.850,0,
2054,8,49,fog-58,1,fog,2100.0,0.0000,0.0000,0,250.000,,0,0.9184,,0.850,0,
2055,8,49,fog-58,1,fog,2200.0,0.0000,0.0000,0,250.000,,0,0.9145,,0.850,0,
2056,8,49,fog-58,1,fog,2300.0,0.0000,0.0000,0,250.000,,0,0.9106,,0.850,0,
2057,8,49,fog-58,1,fog,2400.0,0.0000,0.0000,0,250.000,,0,0.9067,,0.850,0,
2058,8,49,fog-58,1,fog,2500.0,0.0000,0.0000,0,250.000,,0,0.9028,,0.850,0,
2059,8,49,fog-58,1,fog,2600.0,0.0000,0.0000,0,250.000,,0,0.8990,,0.850,0,
2060,8,49,fog-58,1,fog,2700.0,0.0000,0.0000,0,250.000,,0,0.8951,,0.850,0,
2061,8,49,fog-58,1,fog,2800.0,0.0000,0.0000,0,250.000,,0,0.8912,,0.850,0,
2062,8,49,fog-58,1,fog,2900.0,0.0000,0.0000,0,250.000,,0,0.8873,,0.850,0,
2063,8,49,fog-58,1,fog,3000.0,0.0000,0.0000,0,250.000,,0,0.8834,,0.850,0,
2064,8,49,fog-58,1,fog,3100.0,0.0000,0.0000,0,250.000,,0,0.8795,,0.850,0,
2065,8,49,fog-58,1,fog,3200.0,0.0000,0.0000,0,250.000,,0,0.8756,,0.850,0,
2066,8,49,fog-58,1,fog,3300.0,0.0000,0.0000,0,250.000,,0,0.8717,,0.850,0,
2067,8,49,fog-58,1,fog,3400.0,0.0000,0.0000,0,250.000,,0,0.8679,,0.850,0,
2068,8,49,fog-58,1,fog,3500.0,0.0000,0.0000,0,250.000,,0,0.8640,,0.850,0,
2069,8,49,fog-58,1,fog,3600.0,0.0000,0.0000,0,250.000,,0,0.8601,,0.850,0,
2070,8,49,fog-58,1,fog,3700.0,0.0000,0.0000,0,250.000,,0,0.8562,,0.850,0,
2071,8,49,fog-58,1,fog,3800.0,0.0000,0.0000,0,250.000,,0,0.8523,,0.850,0,
2072,8,49,fog-58,1,fog,3900.0,0.0000,0.0000,0,250.000,,0,0.8484,,0.850,0,
2073,8,49,fog-58,1,fog,4000.0,0.0000,0.0000,0,250.000,,0,0.8445,,0.850,0,
2074,8,49,fog-58,1,fog,4100.0,0.0000,0.0000,0,250.000,,0,0.8407,,0.850,0,
2075,8,49,fog-58,1,fog,4200.0,0.0000,0.0000,0,250.000,,0,0.8368,,0.850,0,
2076,8,49,fog-58,1,fog,4300.0,0.0000,0.0000,0,250.000,,0,0.8329,,0.850,0,
2077,8,49,fog-58,1,fog,4400.0,0.0000,0.0000,0,250.000,,0,0.8290,,0.850,0,
2078,8,49,fog-58,1,fog,4500.0,0.0000,0.0000,0,250.000,,0,0.8251,,0.850,0,
2079,8,49,fog-58,1,fog,4600.0,0.0000,0.0000,0,250.000,,0,0.8212,,0.850,0,
2080,8,49,fog-58,1,fog,4700.0,0.0000,0.0000,0,250.000,,0,0.8173,,0.850,0,
2081,8,49,fog-58,1,fog,4800.0,0.0000,0.0000,0,250.000,,0,0.8135,,0.850,0,
2082,8,49,fog-58,1,fog,4900.0,0.0000,0.0000,0,250.000,,0,0.8096,,0.850,0,
2083,8,49,fog-58,1,fog,5000.0,0.0000,0.0000,0,250.000,,0,0.8057,,0.850,0,
2084,8,50,fog-59,1,fog,0.0,0.0000,0.0000,0,250.000,,0,1.0000,,0.850,0,
2085,8,50,fog-59,1,fog,100.0,0.0000,0.0000,0,250.000,,0,0.9961,,0.850,0,
2086,8,50,fog-59,1,fog,200.0,0.0000,0.0000,9,252.250,0.2940,0,0.9922,,0.850,0,
2087,8,50,fog-59,1,fog,300.0,0.0000,0.0000,10,252.500,0.0000,0,0.9883,,0.850,0,
2088,8,50,fog-59,1,fog,400.0,0.0000,0.0000,0,250.000,,0,0.9845,,0.850,0,
2089,8,50,fog-59,1,fog,500.0,0.0000,0.0000,9,252.250,0.2940,0,0.9806,,0.850,0,
2090,8,50,fog-59,1,fog,600.0,0.0000,0.0000,0,250.000,,0,0.9767,,0.850,0,
2091,8,50,fog-59,1,fog,700.0,0.0000,0.0000,0,250.000,,0,0.9728,,0.850,0,
2092,8,50,fog-59,1,fog,800.0,0.0000,0.0000,0,250.000,,0,0.9689,,0.850,0,
2093,8,50,fog-59,1,fog,900.0,0.0000,0.0000,9,252.250,0.0000,0,0.9650,,0.850,0,
2094,8,50,fog-59,1,fog,1000.0,0.0000,0.0000,9,252.250,0.0000,0,0.9611,,0.850,0,
2095,8,50,fog-59,1,fog,1100.0,0.0000,0.0000,15,253.750,0.7307,0,0.9572,,0.850,0,
2096,8,50,fog-59,1,fog,1200.0,0.0000,0.0000,0,250.000,,0,0.9534,,0.850,0,
2097,8,50,fog-59,1,fog,1300.0,0.0000,0.0000,0,250.000,,0,0.9495,,0.850,0,
2098,8,50,fog-59,1,fog,1400.0,0.0000,0.0000,0,250.000,,0,0.9456,,0.850,0,
2099,8,50,fog-59,1,fog,1500.0,0.0000,0.0000,0,250.000,,0,0.9417,,0.850,0,
2100,8,50,fog-59,1,fog,1600.0,0.0000,0.0000,0,250.000,,0,0.9378,,0.850,0,
2101,8,50,fog-59,1,fog,1700.0,0.0000,0.0000,0,250.000,,0,0.9339,,0.850,0,
2102,8,50,fog-59,1,fog,1800.0,0.0000,0.0000,10,252.500,0.0000,0,0.9300,,0.850,0,
2103,8,50,fog-59,1,fog,1900.0,0.0000,0.0000,0,250.000,,0,0.9262,,0.850,0,
2104,8,50,fog-59,1,fog,2000.0,0.0000,0.0000,0,250.000,,0,0.9223,,0.850,0,
2105,8,50,fog-59,1,fog,2100.0,0.0000,0.0000,0,250.000,,0,0.9184,,0.850,0,
2106,8,50,fog-59,1,fog,2200.0,0.0000,0.0000,0,250.000,,0,0.9145,,0.850,0,
2107,8,50,fog-59,1,fog,2300.0,0.0000,0.0000,0,250.000,,0,0.9106,,0.850,0,
2108,8,50,fog-59,1,fog,2400.0,0.0000,0.0000,0,250.000,,0,0.9067,,0.850,0,
2109,8,50,fog-59,1,fog,2500.0,0.0000,0.0000,0,250.000,,0,0.9028,,0.850,0,
2110,8,50,fog-59,1,fog,2600.0,0.0000,0.0000,0,250.000,,0,0.8990,,0.850,0,
2111,8,50,fog-59,1,fog,2700.0,0.0000,0.0000,10,252.500,0.0000,0,0.8951,,0.850,0,
2112,8,50,fog-59,1,fog,2800.0,0.0000,0.0000,8,252.000,0.3514,0,0.8912,,0.850,0,
2113,8,50,fog-59,1,fog,2900.0,0.0000,0.0000,0,250.000,,0,0.8873,,0.850,0,
2114,8,50,fog-59,1,fog,3000.0,0.0000,0.0000,8,252.000,0.3514,0,0.8834,,0.850,0,
2115,8,50,fog-59,1,fog,3100.0,0.0000,0.0000,0,250.000,,0,0.8795,,0.850,0,
2116,8,50,fog-59,1,fog,3200.0,0.0000,0.0000,10,252.500,0.0000,0,0.8756,,0.850,0,
2117,8,50,fog-59,1,fog,3300.0,0.0000,0.0000,18,254.500,0.7473,0,0.8717,,0.850,0,
2118,8,50,fog-59,1,fog,3400.0,0.0000,0.0000,0,250.000,,0,0.8679,,0.850,0,
2119,8,50,fog-59,1,fog,3500.0,0.0000,0.0000,0,250.000,,0,0.8640,,0.850,0,
2120,8,50,fog-59,1,fog,3600.0,0.0000,0.0000,0,250.000,,0,0.8601,,0.850,0,
2121,8,50,fog-59,1,fog,3700.0,0.0000,0.0000,8,252.000,0.3062,0,0.8562,,0.850,0,
2122,8,50,fog-59,1,fog,3800.0,0.0000,0.0000,19,254.750,0.8220,0,0.8523,,0.850,0,
2123,8,50,fog-59,1,fog,3900.0,0.0000,0.0000,0,250.000,,0,0.8484,,0.850,0,
2124,8,50,fog-59,1,fog,4000.0,0.0000,0.0000,0,250.000,,0,0.8445,,0.850,0,
2125,8,50,fog-59,1,fog,4100.0,0.0000,0.0000,17,254.250,1.0000,0,0.8407,,0.850,0,
2126,8,50,fog-59,1,fog,4200.0,0.0000,0.0000,19,254.750,1.0000,0,0.8368,,0.850,0,
2127,8,50,fog-59,1,fog,4300.0,0.0000,0.0000,0,250.000,,0,0.8329,,0.850,0,
2128,8,50,fog-59,1,fog,4400.0,0.0000,0.0000,0,250.000,,0,0.8290,,0.850,0,
2129,8,50,fog-59,1,fog,4500.0,0.0000,0.0000,0,250.000,,0,0.8251,,0.850,0,
2130,8,50,fog-59,1,fog,4600.0,0.0000,0.0000,0,250.000,,0,0.8212,,0.850,0,
2131,8,50,fog-59,1,fog,4700.0,0.0000,0.0000,0,250.000,,0,0.8173,,0.850,0,
2132,8,50,fog-59,1,fog,4800.0,0.0000,0.0000,0,250.000,,0,0.8135,,0.850,0,
2133,8,50,fog-59,1,fog,4900.0,0.0000,0.0000,0,250.000,,0,0.8096,,0.850,0,
2134,8,50,fog-59,1,fog,5000.0,0.0000,0.0000,0,250.000,,0,0.8057,,0.850,0,
2135,8,51,fog-60,1,fog,0.0,0.0000,0.0000,0,250.000,,0,1.0000,,0.850,0,
2136,8,51,fog-60,1,fog,100.0,0.0000,0.0000,0,250.000,,0,0.9961,,0.850,0,
2137,8,51,fog-60,1,fog,200.0,0.0000,0.0000,0,250.000,,0,0.9922,,0.850,0,
2138,8,51,fog-60,1,fog,300.0,0.0000,0.0000,0,250.000,,0,0.9883,,0.850,0,
2139,8,51,fog-60,1,fog,400.0,0.0000,0.0000,0,250.000,,0,0.9845,,0.850,0,
2140,8,51,fog-60,1,fog,500.0,0.0000,0.0000,0,250.000,,0,0.9806,,0.850,0,
2141,8,51,fog-60,1,fog,600.0,0.0000,0.0000,0,250.000,,0,0.9767,,0.850,0,
2142,8,51,fog-60,1,fog,700.0,0.0000,0.0000,0,250.000,,0,0.9728,,0.850,0,
2143,8,51,fog-60,1,fog,800.0,0.0000,0.0000,0,250.000,,0,0.9689,,0.850,0,
2144,8,51,fog-60,1,fog,900.0,0.0000,0.0000,0,250.000,,0,0.9650,,0.850,0,
2145,8,51,fog-60,1,fog,1000.0,0.0000,0.0000,0,250.000,,0,0.9611,,0.850,0,
2146,8,51,fog-60,1,fog,1100.0,0.0000,0.0000,0,250.000,,0,0.9572,,0.850,0,
2147,8,51,fog-60,1,fog,1200.0,0.0000,0.0000,0,250.000,,0,0.9534,,0.850,0,
2148,8,51,fog-60,1,fog,1300.0,0.0000,0.0000,0,250.000,,0,0.9495,,0.850,0,
2149,8,51,fog-60,1,fog,1400.0,0.0000,0.0000,0,250.000,,0,0.9456,,0.850,0,
2150,8,51,fog-60,1,fog,1500.0,0.0000,0.0000,0,250.000,,0,0.9417,,0.850,0,
2151,8,51,fog-60,1,fog,1600.0,0.0000,0.0000,0,250.000,,0,0.9378,,0.850,0,
2152,8,51,fog-60,1,fog,1700.0,0.0000,0.0000,0,250.000,,0,0.9339,,0.850,0,
2153,8,51,fog-60,1,fog,1800.0,0.0000,0.0000,0,250.000,,0,0.9300,,0.850,0,
2154,8,51,fog-60,1,fog,1900.0,0.0000,0.0000,0,250.000,,0,0.9262,,0.850,0,
2155,8,51,fog-60,1,fog,2000.0,0.0000,0.0000,0,250.000,,0,0.9223,,0.850,0,
2156,8,51,fog-60,1,fog,2100.0,0.0000,0.0000,0,250.000,,0,0.9184,,0.850,0,
2157,8,51,fog-60,1,fog,2200.0,0.0000,0.0000,0,250.000,,0,0.9145,,0.850,0,
2158,8,51,fog-60,1,fog,2300.0,0.0000,0.0000,0,250.000,,0,0.9106,,0.850,0,
2159,8,51,fog-60,1,fog,2400.0,0.0000,0.0000,0,250.000,,0,0.9067,,0.850,0,
2160,8,51,fog-60,1,fog,2500.0,0.0000,0.0000,0,250.000,,0,0.9028,,0.850,0,
2161,8,51,fog-60,1,fog,2600.0,0.0000,0.0000,0,250.000,,0,0.8990,,0.850,0,
2162,8,51,fog-60,1,fog,2700.0,0.0000,0.0000,0,250.000,,0,0.8951,,0.850,0,
2163,8,51,fog-60,1,fog,2800.0,0.0000,0.0000,0,250.000,,0,0.8912,,0.850,0,
2164,8,51,fog-60,1,fog,2900.0,0.0000,0.0000,0,250.000,,0,0.8873,,0.850,0,
2165,8,51,fog-60,1,fog,3000.0,0.0000,0.0000,0,250.000,,0,0.8834,,0.850,0,
2166,8,51,fog-60,1,fog,3100.0,0.0000,0.0000,0,250.000,,0,0.8795,,0.850,0,
2167,8,51,fog-60,1,fog,3200.0,0.0000,0.0000,0,250.000,,0,0.8756,,0.850,0,
2168,8,51,fog-60,1,fog,3300.0,0.0000,0.0000,0,250.000,,0,0.8717,,0.850,0,
2169,8,51,fog-60,1,fog,3400.0,0.0000,0.0000,0,250.000,,0,0.8679,,0.850,0,
2170,8,51,fog-60,1,fog,3500.0,0.0000,0.0000,0,250.000,,0,0.8640,,0.850,0,
2171,8,51,fog-60,1,fog,3600.0,0.0000,0.0000,0,250.000,,0,0.8601,,0.850,0,
2172,8,51,fog-60,1,fog,3700.0,0.0000,0.0000,0,250.000,,0,0.8562,,0.850,0,
2173,8,51,fog-60,1,fog,3800.0,0.0000,0.0000,0,250.000,,0,0.8523,,0.850,0,
2174,8,51,fog-60,1,fog,3900.0,0.0000,0.0000,0,250.000,,0,0.8484,,0.850,0,
2175,8,51,fog-60,1,fog,4000.0,0.0000,0.0000,0,250.000,,0,0.8445,,0.850,0,
2176,8,51,fog-60,1,fog,4100.0,0.0000,0.0000,0,250.000,,0,0.8407,,0.850,0,
2177,8,51,fog-60,1,fog,4200.0,0.0000,0.0000,0,250.000,,0,0.8368,,0.850,0,
2178,8,51,fog-60,1,fog,4300.0,0.0000,0.0000,0,250.000,,0,0.8329,,0.850,0,
2179,8,51,fog-60,1,fog,4400.0,0.0000,0.0000,0,250.000,,0,0.8290,,0.850,0,
2180,8,51,fog-60,1,fog,4500.0,0.0000,0.0000,0,250.000,,0,0.8251,,0.850,0,
2181,8,51,fog-60,1,fog,4600.0,0.0000,0.0000,0,250.000,,0,0.8212,,0.850,0,
2182,8,51,fog-60,1,fog,4700.0,0.0000,0.0000,0,250.000,,0,0.8173,,0.850,0,
2183,8,51,fog-60,1,fog,4800.0,0.0000,0.0000,0,250.000,,0,0.8135,,0.850,0,
2184,8,51,fog-60,1,fog,4900.0,0.0000,0.0000,0,250.000,,0,0.8096,,0.850,0,
2185,8,51,fog-60,1,fog,5000.0,0.0000,0.0000,0,250.000,,0,0.8057,,0.850,0,
2186,8,52,fog-61,1,fog,0.0,0.0000,0.0000,0,250.000,,0,1.0000,,0.850,0,
2187,8,52,fog-61,1,fog,100.0,0.0000,0.0000,7,251.750,1.0000,0,0.9961,,0.850,0,
2188,8,52,fog-61,1,fog,200.0,0.0000,0.0000,37,257.000,1.0000,0,0.9922,,0.850,0,
2189,8,52,fog-61,1,fog,300.0,0.0000,0.0000,57,259.500,1.0000,0,0.9883,,0.850,0,
2190,8,52,fog-61,1,fog,400.0,0.0000,0.0000,35,256.750,1.0000,0,0.9845,,0.850,0,
2191,8,52,fog-61,1,fog,500.0,0.0000,0.0000,37,257.000,1.0000,0,0.9806,,0.850,0,
2192,8,52,fog-61,1,fog,600.0,0.0000,0.0000,19,254.750,0.9847,0,0.9767,,0.850,0,
2193,8,52,fog-61,1,fog,700.0,0.0000,0.0000,8,252.000,0.3062,0,0.9728,,0.850,0,
2194,8,52,fog-61,1,fog,800.0,0.0000,0.0000,31,256.250,1.0000,0,0.9689,,0.850,0,
2195,8,52,fog-61,1,fog,900.0,0.0000,0.0000,35,256.750,1.0000,0,0.9650,,0.850,0,
2196,8,52,fog-61,1,fog,1000.0,0.0000,0.0000,0,250.000,,0,0.9611,,0.850,0,
2197,8,52,fog-61,1,fog,1100.0,0.0000,0.0000,0,250.000,,0,0.9572,,0.850,0,
2198,8,52,fog-61,1,fog,1200.0,0.0000,0.0000,35,256.750,1.0000,0,0.9534,,0.850,0,
2199,8,52,fog-61,1,fog,1300.0,0.0000,0.0000,0,250.000,,0,0.9495,,0.850,0,
2200,8,52,fog-61,1,fog,1400.0,0.0000,0.0000,0,250.000,,0,0.9456,,0.850,0,
2201,8,52,fog-61,1,fog,1500.0,0.0000,0.0000,10,252.500,0.0000,0,0.9417,,0.850,0,
2202,8,52,fog-61,1,fog,1600.0,0.0000,0.0000,33,256.500,1.0000,0,0.9378,,0.850,0,
2203,8,52,fog-61,1,fog,1700.0,0.0000,0.0000,53,259.000,1.0000,0,0.9339,,0.850,0,
2204,8,52,fog-61,1,fog,1800.0,0.0000,0.0000,18,254.500,0.7790,0,0.9300,,0.850,0,
2205,8,52,fog-61,1,fog,1900.0,0.0000,0.0000,37,257.000,1.0000,0,0.9262,,0.850,0,
2206,8,52,fog-61,1,fog,2000.0,0.0000,0.0000,19,254.750,0.8000,0,0.9223,,0.850,0,
2207,8,52,fog-61,1,fog,2100.0,0.0000,0.0000,9,252.250,0.0000,0,0.9184,,0.850,0,
2208,8,52,fog-61,1,fog,2200.0,0.0000,0.0000,18,254.500,0.7835,0,0.9145,,0.850,0,
2209,8,52,fog-61,1,fog,2300.0,0.0000,0.0000,0,250.000,,0,0.9106,,0.850,0,
2210,8,52,fog-61,1,fog,2400.0,0.0000,0.0000,19,254.750,0.9923,0,0.9067,,0.850,0,
2211,8,52,fog-61,1,fog,2500.0,0.0000,0.0000,19,254.750,0.9849,0,0.9028,,0.850,0,
2212,8,52,fog-61,1,fog,2600.0,0.0000,0.0000,0,250.000,,0,0.8990,,0.850,0,
2213,8,52,fog-61,1,fog,2700.0,0.0000,0.0000,18,254.500,0.7682,0,0.8951,,0.850,0,
2214,8,52,fog-61,1,fog,2800.0,0.0000,0.0000,0,250.000,,0,0.8912,,0.850,0,
2215,8,52,fog-61,1,fog,2900.0,0.0000,0.0000,16,254.000,0.9354,0,0.8873,,0.850,0,
2216,8,52,fog-61,1,fog,3000.0,0.0000,0.0000,7,251.750,0.5092,0,0.8834,,0.850,0,
2217,8,52,fog-61,1,fog,3100.0,0.0000,0.0000,10,252.500,0.0000,0,0.8795,,0.850,0,
2218,8,52,fog-61,1,fog,3200.0,0.0000,0.0000,8,252.000,0.5443,0,0.8756,,0.850,0,
2219,8,52,fog-61,1,fog,3300.0,0.0000,0.0000,6,251.500,0.5714,0,0.8717,,0.850,0,
2220,8,52,fog-61,1,fog,3400.0,0.0000,0.0000,21,255.000,1.0000,0,0.8679,,0.850,0,
2221,8,52,fog-61,1,fog,3500.0,0.0000,0.0000,0,250.000,,0,0.8640,,0.850,0,
2222,8,52,fog-61,1,fog,3600.0,0.0000,0.0000,0,250.000,,0,0.8601,,0.850,0,
2223,8,52,fog-61,1,fog,3700.0,0.0000,0.0000,16,254.000,0.6656,0,0.8562,,0.850,0,
2224,8,52,fog-61,1,fog,3800.0,0.0000,0.0000,8,252.000,0.5443,0,0.8523,,0.850,0,
2225,8,52,fog-61,1,fog,3900.0,0.0000,0.0000,9,252.250,0.0000,0,0.8484,,0.850,0,
2226,8,52,fog-61,1,fog,4000.0,0.0000,0.0000,18,254.500,0.9245,0,0.8445,,0.850,0,
2227,8,52,fog-61,1,fog,4100.0,0.0000,0.0000,9,252.250,0.2940,0,0.8407,,0.850,0,
2228,8,52,fog-61,1,fog,4200.0,0.0000,0.0000,0,250.000,,0,0.8368,,0.850,0,
2229,8,52,fog-61,1,fog,4300.0,0.0000,0.0000,8,252.000,0.3514,0,0.8329,,0.850,0,
2230,8,52,fog-61,1,fog,4400.0,0.0000,0.0000,10,252.500,0.0000,0,0.8290,,0.850,0,
2231,8,52,fog-61,1,fog,4500.0,0.0000,0.0000,9,252.250,0.2940,0,0.8251,,0.850,0,
2232,8,52,fog-61,1,fog,4600.0,0.0000,0.0000,0,250.000,,0,0.8212,,0.850,0,
2233,8,52,fog-61,1,fog,4700.0,0.0000,0.0000,0,250.000,,0,0.8173,,0.850,0,
2234,8,52,fog-61,1,fog,4800.0,0.0000,0.0000,37,257.000,1.0000,0,0.8135,,0.850,0,
2235,8,52,fog-61,1,fog,4900.0,0.0000,0.0000,37,257.000,1.0000,0,0.8096,,0.850,0,
2236,8,52,fog-61,1,fog,5000.0,0.0000,0.0000,8,252.000,0.0000,0,0.8057,,0.850,0,
2237,8,53,fog-62,1,fog,0.0,0.0000,0.0000,0,250.000,,0,1.0000,,0.850,0,
2238,8,53,fog-62,1,fog,100.0,0.0000,0.0000,0,250.000,,0,0.9961,,0.850,0,
2239,8,53,fog-62,1,fog,200.0,0.0000,0.0000,0,250.000,,0,0.9922,,0.850,0,
2240,8,53,fog-62,1,fog,300.0,0.0000,0.0000,0,250.000,,0,0.9883,,0.850,0,
2241,8,53,fog-62,1,fog,400.0,0.0000,0.0000,0,250.000,,0,0.9845,,0.850,0,
2242,8,53,fog-62,1,fog,500.0,0.0000,0.0000,0,250.000,,0,0.9806,,0.850,0,
2243,8,53,fog-62,1,fog,600.0,0.0000,0.0000,0,250.000,,0,0.9767,,0.850,0,
2244,8,53,fog-62,1,fog,700.0,0.0000,0.0000,0,250.000,,0,0.9728,,0.850,0,
2245,8,53,fog-62,1,fog,800.0,0.0000,0.0000,0,250.000,,0,0.9689,,0.850,0,
2246,8,53,fog-62,1,fog,900.0,0.0000,0.0000,0,250.000,,0,0.9650,,0.850,0,
2247,8,53,fog-62,1,fog,1000.0,0.0000,0.0000,0,250.000,,0,0.9611,,0.850,0,
2248,8,53,fog-62,1,fog,1100.0,0.0000,0.0000,0,250.000,,0,0.9572,,0.850,0,
2249,8,53,fog-62,1,fog,1200.0,0.0000,0.0000,0,250.000,,0,0.9534,,0.850,0,
2250,8,53,fog-62,1,fog,1300.0,0.0000,0.0000,0,250.000,,0,0.9495,,0.850,0,
2251,8,53,fog-62,1,fog,1400.0,0.0000,0.0000,0,250.000,,0,0.9456,,0.850,0,
2252,8,53,fog-62,1,fog,1500.0,0.0000,0.0000,0,250.000,,0,0.9417,,0.850,0,
2253,8,53,fog-62,1,fog,1600.0,0.0000,0.0000,0,250.000,,0,0.9378,,0.850,0,
2254,8,53,fog-62,1,fog,1700.0,0.0000,0.0000,0,250.000,,0,0.9339,,0.850,0,
2255,8,53,fog-62,1,fog,1800.0,0.0000,0.0000,0,250.000,,0,0.9300,,0.850,0,
2256,8,53,fog-62,1,fog,1900.0,0.0000,0.0000,0,250.000,,0,0.9262,,0.850,0,
2257,8,53,fog-62,1,fog,2000.0,0.0000,0.0000,0,250.000,,0,0.9223,,0.850,0,
2258,8,53,fog-62,1,fog,2100.0,0.0000,0.0000,0,250.000,,0,0.9184,,0.850,0,
2259,8,53,fog-62,1,fog,2200.0,0.0000,0.0000,0,250.000,,0,0.9145,,0.850,0,
2260,8,53,fog-62,1,fog,2300.0,0.0000,0.0000,0,250.000,,0,0.9106,,0.850,0,
2261,8,53,fog-62,1,fog,2400.0,0.0000,0.0000,0,250.000,,0,0.9067,,0.850,0,
2262,8,53,fog-62,1,fog,2500.0,0.0000,0.0000,0,250.000,,0,0.9028,,0.850,0,
2263,8,53,fog-62,1,fog,2600.0,0.0000,0.0000,0,250.000,,0,0.8990,,0.850,0,
2264,8,53,fog-62,1,fog,2700.0,0.0000,0.0000,0,250.000,,0,0.8951,,0.850,0,
2265,8,53,fog-62,1,fog,2800.0,0.0000,0.0000,0,250.000,,0,0.8912,,0.850,0,
2266,8,53,fog-62,1,fog,2900.0,0.0000,0.0000,0,250.000,,0,0.8873,,0.850,0,
2267,8,53,fog-62,1,fog,3000.0,0.0000,0.0000,0,250.000,,0,0.8834,,0.850,0,
2268,8,53,fog-62,1,fog,3100.0,0.0000,0.0000,0,250.000,,0,0.8795,,0.850,0,
2269,8,53,fog-62,1,fog,3200.0,0.0000,0.0000,0,250.000,,0,0.8756,,0.850,0,
2270,8,53,fog-62,1,fog,3300.0,0.0000,0.0000,0,250.000,,0,0.8717,,0.850,0,
2271,8,53,fog-62,1,fog,3400.0,0.0000,0.0000,0,250.000,,0,0.8679,,0.850,0,
2272,8,53,fog-62,1,fog,3500.0,0.0000,0.0000,0,250.000,,0,0.8640,,0.850,0,
2273,8,53,fog-62,1,fog,3600.0,0.0000,0.0000,0,250.000,,0,0.8601,,0.850,0,
2274,8,53,fog-62,1,fog,3700.0,0.0000,0.0000,0,250.000,,0,0.8562,,0.850,0,
2275,8,53,fog-62,1,fog,3800.0,0.0000,0.0000,0,250.000,,0,0.8523,,0.850,0,
2276,8,53,fog-62,1,fog,3900.0,0.0000,0.0000,0,250.000,,0,0.8484,,0.850,0,
2277,8,53,fog-62,1,fog,4000.0,0.0000,0.0000,0,250.000,,0,0.8445,,0.850,0,
2278,8,53,fog-62,1,fog,4100.0,0.0000,0.0000,0,250.000,,0,0.8407,,0.850,0,
2279,8,53,fog-62,1,fog,4200.0,0.0000,0.0000,0,250.000,,0,0.8368,,0.850,0,
2280,8,53,fog-62,1,fog,4300.0,0.0000,0.0000,0,250.000,,0,0.8329,,0.850,0,
2281,8,53,fog-62,1,fog,4400.0,0.0000,0.0000,0,250.000,,0,0.8290,,0.850,0,
2282,8,53,fog-62,1,fog,4500.0,0.0000,0.0000,0,250.000,,0,0.8251,,0.850,0,
2283,8,53,fog-62,1,fog,4600.0,0.0000,0.0000,0,250.000,,0,0.8212,,0.850,0,
2284,8,53,fog-62,1,fog,4700.0,0.0000,0.0000,0,250.000,,0,0.8173,,0.850,0,
2285,8,53,fog-62,1,fog,4800.0,0.0000,0.0000,0,250.000,,0,0.8135,,0.850,0,
2286,8,53,fog-62,1,fog,4900.0,0.0000,0.0000,0,250.000,,0,0.8096,,0.850,0,
2287,8,53,fog-62,1,fog,5000.0,0.0000,0.0000,0,250.000,,0,0.8057,,0.850,0,
2288,8,54,fog-63,1,fog,0.0,0.0000,0.0000,0,250.000,,0,1.0000,,0.850,0,
2289,8,54,fog-63,1,fog,100.0,0.0000,0.0000,4,251.000,0.0000,0,0.9961,,0.850,0,
2290,8,54,fog-63,1,fog,200.0,0.0000,0.0000,0,250.000,,0,0.9922,,0.850,0,
2291,8,54,fog-63,1,fog,300.0,0.0000,0.0000,0,250.000,,0,0.9883,,0.850,0,
2292,8,54,fog-63,1,fog,400.0,0.0000,0.0000,0,250.000,,0,0.9845,,0.850,0,
2293,8,54,fog-63,1,fog,500.0,0.0000,0.0000,0,250.000,,0,0.9806,,0.850,0,
2294,8,54,fog-63,1,fog,600.0,0.0000,0.0000,0,250.000,,0,0.9767,,0.850,0,
2295,8,54,fog-63,1,fog,700.0,0.0000,0.0000,0,250.000,,0,0.9728,,0.850,0,
2296,8,54,fog-63,1,fog,800.0,0.0000,0.0000,0,250.000,,0,0.9689,,0.850,0,
2297,8,54,fog-63,1,fog,900.0,0.0000,0.0000,0,250.000,,0,0.9650,,0.850,0,
2298,8,54,fog-63,1,fog,1000.0,0.0000,0.0000,0,250.000,,0,0.9611,,0.850,0,
2299,8,54,fog-63,1,fog,1100.0,0.0000,0.0000,0,250.000,,0,0.9572,,0.850,0,
2300,8,54,fog-63,1,fog,1200.0,0.0000,0.0000,0,250.000,,0,0.9534,,0.850,0,
2301,8,54,fog-63,1,fog,1300.0,0.0000,0.0000,0,250.000,,0,0.9495,,0.850,0,
2302,8,54,fog-63,1,fog,1400.0,0.0000,0.0000,0,250.000,,0,0.9456,,0.850,0,
2303,8,54,fog-63,1,fog,1500.0,0.0000,0.0000,9,252.250,0.2940,0,0.9417,,0.850,0,
2304,8,54,fog-63,1,fog,1600.0,0.0000,0.0000,21,255.000,1.0000,0,0.9378,,0.850,0,
2305,8,54,fog-63,1,fog,1700.0,0.0000,0.0000,8,252.000,0.3062,0,0.9339,,0.850,0,
2306,8,54,fog-63,1,fog,1800.0,0.0000,0.0000,0,250.000,,0,0.9300,,0.850,0,
2307,8,54,fog-63,1,fog,1900.0,0.0000,0.0000,0,250.000,,0,0.9262,,0.850,0,
2308,8,54,fog-63,1,fog,2000.0,0.0000,0.0000,0,250.000,,0,0.9223,,0.850,0,
2309,8,54,fog-63,1,fog,2100.0,0.0000,0.0000,0,250.000,,0,0.9184,,0.850,0,
2310,8,54,fog-63,1,fog,2200.0,0.0000,0.0000,0,250.000,,0,0.9145,,0.850,0,
2311,8,54,fog-63,1,fog,2300.0,0.0000,0.0000,0,250.000,,0,0.9106,,0.850,0,
2312,8,54,fog-63,1,fog,2400.0,0.0000,0.0000,10,252.500,0.0000,0,0.9067,,0.850,0,
2313,8,54,fog-63,1,fog,2500.0,0.0000,0.0000,10,252.500,0.0000,0,0.9028,,0.850,0,
2314,8,54,fog-63,1,fog,2600.0,0.0000,0.0000,0,250.000,,0,0.8990,,0.850,0,
2315,8,54,fog-63,1,fog,2700.0,0.0000,0.0000,0,250.000,,0,0.8951,,0.850,0,
2316,8,54,fog-63,1,fog,2800.0,0.0000,0.0000,0,250.000,,0,0.8912,,0.850,0,
2317,8,54,fog-63,1,fog,2900.0,0.0000,0.0000,0,250.000,,0,0.8873,,0.850,0,
2318,8,54,fog-63,1,fog,3000.0,0.0000,0.0000,0,250.000,,0,0.8834,,0.850,0,
2319,8,54,fog-63,1,fog,3100.0,0.0000,0.0000,9,252.250,0.0000,0,0.8795,,0.850,0,
2320,8,54,fog-63,1,fog,3200.0,0.0000,0.0000,9,252.250,0.2940,0,0.8756,,0.850,0,
2321,8,54,fog-63,1,fog,3300.0,0.0000,0.0000,0,250.000,,0,0.8717,,0.850,0,
2322,8,54,fog-63,1,fog,3400.0,0.0000,0.0000,0,250.000,,0,0.8679,,0.850,0,
2323,8,54,fog-63,1,fog,3500.0,0.0000,0.0000,0,250.000,,0,0.8640,,0.850,0,
2324,8,54,fog-63,1,fog,3600.0,0.0000,0.0000,0,250.000,,0,0.8601,,0.850,0,
2325,8,54,fog-63,1,fog,3700.0,0.0000,0.0000,0,250.000,,0,0.8562,,0.850,0,
2326,8,54,fog-63,1,fog,3800.0,0.0000,0.0000,0,250.000,,0,0.8523,,0.850,0,
2327,8,54,fog-63,1,fog,3900.0,0.0000,0.0000,0,250.000,,0,0.8484,,0.850,0,
2328,8,54,fog-63,1,fog,4000.0,0.0000,0.0000,10,252.500,0.0000,0,0.8445,,0.850,0,
2329,8,54,fog-63,1,fog,4100.0,0.0000,0.0000,8,252.000,0.3062,0,0.8407,,0.850,0,
2330,8,54,fog-63,1,fog,4200.0,0.0000,0.0000,0,250.000,,0,0.8368,,0.850,0,
2331,8,54,fog-63,1,fog,4300.0,0.0000,0.0000,0,250.000,,0,0.8329,,0.850,0,
2332,8,54,fog-63,1,fog,4400.0,0.0000,0.0000,0,250.000,,0,0.8290,,0.850,0,
2333,8,54,fog-63,1,fog,4500.0,0.0000,0.0000,0,250.000,,0,0.8251,,0.850,0,
2334,8,54,fog-63,1,fog,4600.0,0.0000,0.0000,0,250.000,,0,0.8212,,0.850,0,
2335,8,54,fog-63,1,fog,4700.0,0.0000,0.0000,0,250.000,,0,0.8173,,0.850,0,
2336,8,54,fog-63,1,fog,4800.0,0.0000,0.0000,0,250.000,,0,0.8135,,0.850,0,
2337,8,54,fog-63,1,fog,4900.0,0.0000,0.0000,0,250.000,,0,0.8096,,0.850,0,
2338,8,54,fog-63,1,fog,5000.0,0.0000,0.0000,0,250.000,,0,0.8057,,0.850,0,
2339,8,55,fog-64,1,fog,0.0,0.0000,0.0000,0,250.000,,0,1.0000,,0.850,0,
2340,8,55,fog-64,1,fog,100.0,0.0000,0.0000,0,250.000,,0,0.9961,,0.850,0,
2341,8,55,fog-64,1,fog,200.0,0.0000,0.0000,0,250.000,,0,0.9922,,0.850,0,
2342,8,55,fog-64,1,fog,300.0,0.0000,0.0000,0,250.000,,0,0.9883,,0.850,0,
2343,8,55,fog-64,1,fog,400.0,0.0000,0.0000,9,252.250,0.2940,0,0.9845,,0.850,0,
2344,8,55,fog-64,1,fog,500.0,0.0000,0.0000,0,250.000,,0,0.9806,,0.850,0,
2345,8,55,fog-64,1,fog,600.0,0.0000,0.0000,0,250.000,,0,0.9767,,0.850,0,
2346,8,55,fog-64,1,fog,700.0,0.0000,0.0000,0,250.000,,0,0.9728,,0.850,0,
2347,8,55,fog-64,1,fog,800.0,0.0000,0.0000,8,252.000,0.0000,0,0.9689,,0.850,0,
2348,8,55,fog-64,1,fog,900.0,0.0000,0.0000,0,250.000,,0,0.9650,,0.850,0,
2349,8,55,fog-64,1,fog,1000.0,0.0000,0.0000,0,250.000,,0,0.9611,,0.850,0,
2350,8,55,fog-64,1,fog,1100.0,0.0000,0.0000,18,254.500,0.9139,0,0.9572,,0.850,0,
2351,8,55,fog-64,1,fog,1200.0,0.0000,0.0000,21,255.000,0.7893,0,0.9534,,0.850,0,
2352,8,55,fog-64,1,fog,1300.0,0.0000,0.0000,0,250.000,,0,0.9495,,0.850,0,
2353,8,55,fog-64,1,fog,1400.0,0.0000,0.0000,8,252.000,0.3062,0,0.9456,,0.850,0,
2354,8,55,fog-64,1,fog,1500.0,0.0000,0.0000,0,250.000,,0,0.9417,,0.850,0,
2355,8,55,fog-64,1,fog,1600.0,0.0000,0.0000,0,250.000,,0,0.9378,,0.850,0,
2356,8,55,fog-64,1,fog,1700.0,0.0000,0.0000,10,252.500,0.0000,0,0.9339,,0.850,0,
2357,8,55,fog-64,1,fog,1800.0,0.0000,0.0000,0,250.000,,0,0.9300,,0.850,0,
2358,8,55,fog-64,1,fog,1900.0,0.0000,0.0000,15,253.750,0.6279,0,0.9262,,0.850,0,
2359,8,55,fog-64,1,fog,2000.0,0.0000,0.0000,0,250.000,,0,0.9223,,0.850,0,
2360,8,55,fog-64,1,fog,2100.0,0.0000,0.0000,0,250.000,,0,0.9184,,0.850,0,
2361,8,55,fog-64,1,fog,2200.0,0.0000,0.0000,0,250.000,,0,0.9145,,0.850,0,
2362,8,55,fog-64,1,fog,2300.0,0.0000,0.0000,0,250.000,,0,0.9106,,0.850,0,
2363,8,55,fog-64,1,fog,2400.0,0.0000,0.0000,9,252.250,0.0000,0,0.9067,,0.850,0,
2364,8,55,fog-64,1,fog,2500.0,0.0000,0.0000,0,250.000,,0,0.9028,,0.850,0,
2365,8,55,fog-64,1,fog,2600.0,0.0000,0.0000,6,251.500,0.4157,0,0.8990,,0.850,0,
2366,8,55,fog-64,1,fog,2700.0,0.0000,0.0000,0,250.000,,0,0.8951,,0.850,0,
2367,8,55,fog-64,1,fog,2800.0,0.0000,0.0000,0,250.000,,0,0.8912,,0.850,0,
2368,8,55,fog-64,1,fog,2900.0,0.0000,0.0000,0,250.000,,0,0.8873,,0.850,0,
2369,8,55,fog-64,1,fog,3000.0,0.0000,0.0000,0,250.000,,0,0.8834,,0.850,0,
2370,8,55,fog-64,1,fog,3100.0,0.0000,0.0000,0,250.000,,0,0.8795,,0.850,0,
2371,8,55,fog-64,1,fog,3200.0,0.0000,0.0000,8,252.000,0.3514,0,0.8756,,0.850,0,
2372,8,55,fog-64,1,fog,3300.0,0.0000,0.0000,9,252.250,0.0000,0,0.8717,,0.850,0,
2373,8,55,fog-64,1,fog,3400.0,0.0000,0.0000,0,250.000,,0,0.8679,,0.850,0,
2374,8,55,fog-64,1,fog,3500.0,0.0000,0.0000,9,252.250,0.0000,0,0.8640,,0.850,0,
2375,8,55,fog-64,1,fog,3600.0,0.0000,0.0000,10,252.500,0.0000,0,0.8601,,0.850,0,
2376,8,55,fog-64,1,fog,3700.0,0.0000,0.0000,9,252.250,0.2940,0,0.8562,,0.850,0,
2377,8,55,fog-64,1,fog,3800.0,0.0000,0.0000,0,250.000,,0,0.8523,,0.850,0,
2378,8,55,fog-64,1,fog,3900.0,0.0000,0.0000,0,250.000,,0,0.8484,,0.850,0,
2379,8,55,fog-64,1,fog,4000.0,0.0000,0.0000,0,250.000,,0,0.8445,,0.850,0,
2380,8,55,fog-64,1,fog,4100.0,0.0000,0.0000,16,254.000,0.8108,0,0.8407,,0.850,0,
2381,8,55,fog-64,1,fog,4200.0,0.0000,0.0000,0,250.000,,0,0.8368,,0.850,0,
2382,8,55,fog-64,1,fog,4300.0,0.0000,0.0000,9,252.250,0.0000,0,0.8329,,0.850,0,
2383,8,55,fog-64,1,fog,4400.0,0.0000,0.0000,8,252.000,0.3514,0,0.8290,,0.850,0,
2384,8,55,fog-64,1,fog,4500.0,0.0000,0.0000,0,250.000,,0,0.8251,,0.850,0,
2385,8,55,fog-64,1,fog,4600.0,0.0000,0.0000,7,251.750,0.3194,0,0.8212,,0.850,0,
2386,8,55,fog-64,1,fog,4700.0,0.0000,0.0000,0,250.000,,0,0.8173,,0.850,0,
2387,8,55,fog-64,1,fog,4800.0,0.0000,0.0000,8,252.000,0.3062,0,0.8135,,0.850,0,
2388,8,55,fog-64,1,fog,4900.0,0.0000,0.0000,0,250.000,,0,0.8096,,0.850,0,
2389,8,55,fog-64,1,fog,5000.0,0.0000,0.0000,14,253.500,1.0000,0,0.8057,,0.850,0,
2390,8,56,fog-65,1,fog,0.0,0.0000,0.0000,0,250.000,,0,1.0000,,0.850,0,1711.4
2391,8,56,fog-65,1,fog,100.0,0.0000,0.0000,0,250.000,,0,0.9961,,0.850,0,1711.4
2392,8,56,fog-65,1,fog,200.0,0.0000,0.0000,0,250.000,,0,0.9922,,0.850,0,1711.4
2393,8,56,fog-65,1,fog,300.0,0.0000,0.0000,0,250.000,,0,0.9883,,0.850,0,1711.4
2394,8,56,fog-65,1,fog,400.0,0.0000,0.0000,0,250.000,,0,0.9845,,0.850,0,1711.4
2395,8,56,fog-65,1,fog,500.0,0.0000,0.0000,10,252.500,0.0000,0,0.9806,,0.850,0,1711.4
2396,8,56,fog-65,1,fog,600.0,0.0000,0.0000,8,252.000,0.3514,0,0.9767,,0.850,0,1711.4
2397,8,56,fog-65,1,fog,700.0,0.0000,0.0000,8,252.000,0.3062,0,0.9728,,0.850,0,1711.4
2398,8,56,fog-65,1,fog,800.0,0.0000,0.0000,8,252.000,0.3062,0,0.9689,,0.850,0,1711.4
2399,8,56,fog-65,1,fog,900.0,0.0000,0.0000,9,252.250,0.2940,0,0.9650,,0.850,0,1711.4
2400,8,56,fog-65,1,fog,1000.0,0.0000,0.0000,0,250.000,,0,0.9611,,0.850,0,1711.4
2401,8,56,fog-65,1,fog,1100.0,0.0000,0.0000,9,252.250,0.0000,0,0.9572,,0.850,0,1711.4
2402,8,56,fog-65,1,fog,1200.0,0.0000,0.0000,10,252.500,0.0000,0,0.9534,,0.850,0,1711.4
2403,8,56,fog-65,1,fog,1300.0,0.0000,0.0000,10,252.500,0.0000,0,0.9495,,0.850,0,1711.4
2404,8,56,fog-65,1,fog,1400.0,0.0000,0.0000,0,250.000,,0,0.9456,,0.850,0,1711.4
2405,8,56,fog-65,1,fog,1500.0,0.0000,0.0000,0,250.000,,0,0.9417,,0.850,0,1711.4
2406,8,56,fog-65,1,fog,1600.0,0.0000,0.0000,0,250.000,,0,0.9378,,0.850,1,1711.4
2407,8,56,fog-65,1,fog,1700.0,0.0000,0.0000,0,250.000,,0,0.9339,,0.850,1,1711.4
2408,8,57,fog-66,1,fog,0.0,0.0000,0.0000,0,250.000,,0,1.0000,,0.850,0,
2409,8,57,fog-66,1,fog,100.0,0.0000,0.0000,0,250.000,,0,0.9961,,0.850,0,
2410,8,57,fog-66,1,fog,200.0,0.0000,0.0000,0,250.000,,0,0.9922,,0.850,0,
2411,8,57,fog-66,1,fog,300.0,0.0000,0.0000,0,250.000,,0,0.9883,,0.850,0,
2412,8,57,fog-66,1,fog,400.0,0.0000,0.0000,0,250.000,,0,0.9845,,0.850,0,
2413,8,57,fog-66,1,fog,500.0,0.0000,0.0000,0,250.000,,0,0.9806,,0.850,0,
2414,8,57,fog-66,1,fog,600.0,0.0000,0.0000,0,250.000,,0,0.9767,,0.850,0,
2415,8,57,fog-66,1,fog,700.0,0.0000,0.0000,10,252.500,0.0000,0,0.9728,,0.850,0,
2416,8,57,fog-66,1,fog,800.0,0.0000,0.0000,0,250.000,,0,0.9689,,0.850,0,
2417,8,57,fog-66,1,fog,900.0,0.0000,0.0000,8,252.000,0.3062,0,0.9650,,0.850,0,
2418,8,57,fog-66,1,fog,1000.0,0.0000,0.0000,8,252.000,0.5443,0,0.9611,,0.850,0,
2419,8,57,fog-66,1,fog,1100.0,0.0000,0.0000,0,250.000,,0,0.9572,,0.850,0,
2420,8,57,fog-66,1,fog,1200.0,0.0000,0.0000,0,250.000,,0,0.9534,,0.850,0,
2421,8,57,fog-66,1,fog,1300.0,0.0000,0.0000,0,250.000,,0,0.9495,,0.850,0,
2422,8,57,fog-66,1,fog,1400.0,0.0000,0.0000,9,252.250,0.0000,0,0.9456,,0.850,0,
2423,8,57,fog-66,1,fog,1500.0,0.0000,0.0000,7,251.750,0.7454,0,0.9417,,0.850,0,
2424,8,57,fog-66,1,fog,1600.0,0.0000,0.0000,10,252.500,0.0000,0,0.9378,,0.850,0,
2425,8,57,fog-66,1,fog,1700.0,0.0000,0.0000,8,252.000,0.3514,0,0.9339,,0.850,0,
2426,8,57,fog-66,1,fog,1800.0,0.0000,0.0000,0,250.000,,0,0.9300,,0.850,0,
2427,8,57,fog-66,1,fog,1900.0,0.0000,0.0000,0,250.000,,0,0.9262,,0.850,0,
2428,8,57,fog-66,1,fog,2000.0,0.0000,0.0000,0,250.000,,0,0.9223,,0.850,0,
2429,8,57,fog-66,1,fog,2100.0,0.0000,0.0000,0,250.000,,0,0.9184,,0.850,0,
2430,8,57,fog-66,1,fog,2200.0,0.0000,0.0000,0,250.000,,0,0.9145,,0.850,0,
2431,8,57,fog-66,1,fog,2300.0,0.0000,0.0000,0,250.000,,0,0.9106,,0.850,0,
2432,8,57,fog-66,1,fog,2400.0,0.0000,0.0000,0,250.000,,0,0.9067,,0.850,0,
2433,8,57,fog-66,1,fog,2500.0,0.0000,0.0000,0,250.000,,0,0.9028,,0.850,0,
2434,8,57,fog-66,1,fog,2600.0,0.0000,0.0000,0,250.000,,0,0.8990,,0.850,0,
2435,8,57,fog-66,1,fog,2700.0,0.0000,0.0000,0,250.000,,0,0.8951,,0.850,0,
2436,8,57,fog-66,1,fog,2800.0,0.0000,0.0000,0,250.000,,0,0.8912,,0.850,0,
2437,8,57,fog-66,1,fog,2900.0,0.0000,0.0000,0,250.000,,0,0.8873,,0.850,0,
2438,8,57,fog-66,1,fog,3000.0,0.0000,0.0000,17,254.250,1.0000,0,0.8834,,0.850,0,
2439,8,57,fog-66,1,fog,3100.0,0.0000,0.0000,18,254.500,0.9428,0,0.8795,,0.850,0,
2440,8,57,fog-66,1,fog,3200.0,0.0000,0.0000,33,256.500,1.0000,0,0.8756,,0.850,0,
2441,8,57,fog-66,1,fog,3300.0,0.0000,0.0000,16,254.000,0.8165,0,0.8717,,0.850,0,
2442,8,57,fog-66,1,fog,3400.0,0.0000,0.0000,18,254.500,0.9368,0,0.8679,,0.850,0,
2443,8,57,fog-66,1,fog,3500.0,0.0000,0.0000,13,253.250,1.0000,0,0.8640,,0.850,0,
2444,8,57,fog-66,1,fog,3600.0,0.0000,0.0000,9,252.250,0.2940,0,0.8601,,0.850,0,
2445,8,57,fog-66,1,fog,3700.0,0.0000,0.0000,10,252.500,0.0000,0,0.8562,,0.850,0,
2446,8,57,fog-66,1,fog,3800.0,0.0000,0.0000,0,250.000,,0,0.8523,,0.850,0,
2447,8,57,fog-66,1,fog,3900.0,0.0000,0.0000,0,250.000,,0,0.8484,,0.850,0,
2448,8,57,fog-66,1,fog,4000.0,0.0000,0.0000,0,250.000,,0,0.8445,,0.850,0,
2449,8,57,fog-66,1,fog,4100.0,0.0000,0.0000,0,250.000,,0,0.8407,,0.850,0,
2450,8,57,fog-66,1,fog,4200.0,0.0000,0.0000,0,250.000,,0,0.8368,,0.850,0,
2451,8,57,fog-66,1,fog,4300.0,0.0000,0.0000,0,250.000,,0,0.8329,,0.850,0,
2452,8,57,fog-66,1,fog,4400.0,0.0000,0.0000,0,250.000,,0,0.8290,,0.850,0,
2453,8,57,fog-66,1,fog,4500.0,0.0000,0.0000,0,250.000,,0,0.8251,,0.850,0,
2454,8,57,fog-66,1,fog,4600.0,0.0000,0.0000,9,252.250,0.0000,0,0.8212,,0.850,0,
2455,8,57,fog-66,1,fog,4700.0,0.0000,0.0000,10,252.500,0.0000,0,0.8173,,0.850,0,
2456,8,57,fog-66,1,fog,4800.0,0.0000,0.0000,10,252.500,0.0000,0,0.8135,,0.850,0,
2457,8,57,fog-66,1,fog,4900.0,0.0000,0.0000,10,252.500,0.0000,0,0.8096,,0.850,0,
2458,8,57,fog-66,1,fog,5000.0,0.0000,0.0000,0,250.000,,0,0.8057,,0.850,0,
2459,8,58,fog-67,1,fog,0.0,0.0000,0.0000,0,250.000,,0,1.0000,,0.850,0,4546.4
2460,8,58,fog-67,1,fog,100.0,0.0000,0.0000,4,251.000,0.0000,0,0.9961,,0.850,0,4546.4
2461,8,58,fog-67,1,fog,200.0,0.0000,0.0000,0,250.000,,0,0.9922,,0.850,0,4546.4
2462,8,58,fog-67,1,fog,300.0,0.0000,0.0000,0,250.000,,0,0.9883,,0.850,0,4546.4
2463,8,58,fog-67,1,fog,400.0,0.0000,0.0000,0,250.000,,0,0.9845,,0.850,0,4546.4
2464,8,58,fog-67,1,fog,500.0,0.0000,0.0000,0,250.000,,0,0.9806,,0.850,0,4546.4
2465,8,58,fog-67,1,fog,600.0,0.0000,0.0000,0,250.000,,0,0.9767,,0.850,0,4546.4
2466,8,58,fog-67,1,fog,700.0,0.0000,0.0000,0,250.000,,0,0.9728,,0.850,0,4546.4
2467,8,58,fog-67,1,fog,800.0,0.0000,0.0000,0,250.000,,0,0.9689,,0.850,0,4546.4
2468,8,58,fog-67,1,fog,900.0,0.0000,0.0000,0,250.000,,0,0.9650,,0.850,0,4546.4
2469,8,58,fog-67,1,fog,1000.0,0.0000,0.0000,8,252.000,0.3062,0,0.9611,,0.850,0,4546.4
2470,8,58,fog-67,1,fog,1100.0,0.0000,0.0000,9,252.250,0.2940,0,0.9572,,0.850,0,4546.4
2471,8,58,fog-67,1,fog,1200.0,0.0000,0.0000,0,250.000,,0,0.9534,,0.850,0,4546.4
2472,8,58,fog-67,1,fog,1300.0,0.0000,0.0000,0,250.000,,0,0.9495,,0.850,0,4546.4
2473,8,58,fog-67,1,fog,1400.0,0.0000,0.0000,9,252.250,0.2940,0,0.9456,,0.850,0,4546.4
2474,8,58,fog-67,1,fog,1500.0,0.0000,0.0000,8,252.000,0.0000,0,0.9417,,0.850,0,4546.4
2475,8,58,fog-67,1,fog,1600.0,0.0000,0.0000,18,254.500,0.7629,0,0.9378,,0.850,0,4546.4
2476,8,58,fog-67,1,fog,1700.0,0.0000,0.0000,0,250.000,,0,0.9339,,0.850,0,4546.4
2477,8,58,fog-67,1,fog,1800.0,0.0000,0.0000,0,250.000,,0,0.9300,,0.850,0,4546.4
2478,8,58,fog-67,1,fog,1900.0,0.0000,0.0000,17,254.250,1.0000,0,0.9262,,0.850,0,4546.4
2479,8,58,fog-67,1,fog,2000.0,0.0000,0.0000,10,252.500,0.0000,0,0.9223,,0.850,0,4546.4
2480,8,58,fog-67,1,fog,2100.0,0.0000,0.0000,0,250.000,,0,0.9184,,0.850,0,4546.4
2481,8,58,fog-67,1,fog,2200.0,0.0000,0.0000,8,252.000,0.3062,0,0.9145,,0.850,0,4546.4
2482,8,58,fog-67,1,fog,2300.0,0.0000,0.0000,18,254.500,0.7595,0,0.9106,,0.850,0,4546.4
2483,8,58,fog-67,1,fog,2400.0,0.0000,0.0000,21,255.000,1.0000,0,0.9067,,0.850,0,4546.4
2484,8,58,fog-67,1,fog,2500.0,0.0000,0.0000,9,252.250,0.2940,0,0.9028,,0.850,0,4546.4
2485,8,58,fog-67,1,fog,2600.0,0.0000,0.0000,0,250.000,,0,0.8990,,0.850,0,4546.4
2486,8,58,fog-67,1,fog,2700.0,0.0000,0.0000,0,250.000,,0,0.8951,,0.850,0,4546.4
2487,8,58,fog-67,1,fog,2800.0,0.0000,0.0000,9,252.250,0.2940,0,0.8912,,0.850,0,4546.4
2488,8,58,fog-67,1,fog,2900.0,0.0000,0.0000,9,252.250,0.2940,0,0.8873,,0.850,0,4546.4
2489,8,58,fog-67,1,fog,3000.0,0.0000,0.0000,9,252.250,0.2940,0,0.8834,,0.850,0,4546.4
2490,8,58,fog-67,1,fog,3100.0,0.0000,0.0000,0,250.000,,0,0.8795,,0.850,0,4546.4
2491,8,58,fog-67,1,fog,3200.0,0.0000,0.0000,0,250.000,,0,0.8756,,0.850,0,4546.4
2492,8,58,fog-67,1,fog,3300.0,0.0000,0.0000,0,250.000,,0,0.8717,,0.850,0,4546.4
2493,8,58,fog-67,1,fog,3400.0,0.0000,0.0000,0,250.000,,0,0.8679,,0.850,0,4546.4
2494,8,58,fog-67,1,fog,3500.0,0.0000,0.0000,0,250.000,,0,0.8640,,0.850,0,4546.4
2495,8,58,fog-67,1,fog,3600.0,0.0000,0.0000,0,250.000,,0,0.8601,,0.850,0,4546.4
2496,8,58,fog-67,1,fog,3700.0,0.0000,0.0000,0,250.000,,0,0.8562,,0.850,0,4546.4
2497,8,58,fog-67,1,fog,3800.0,0.0000,0.0000,8,252.000,0.3514,0,0.8523,,0.850,0,4546.4
2498,8,58,fog-67,1,fog,3900.0,0.0000,0.0000,0,250.000,,0,0.8484,,0.850,0,4546.4
2499,8,58,fog-67,1,fog,4000.0,0.0000,0.0000,0,250.000,,0,0.8445,,0.850,0,4546.4
2500,8,58,fog-67,1,fog,4100.0,0.0000,0.0000,0,250.000,,0,0.8407,,0.850,0,4546.4
2501,8,58,fog-67,1,fog,4200.0,0.0000,0.0000,0,250.000,,0,0.8368,,0.850,0,4546.4
2502,8,58,fog-67,1,fog,4300.0,0.0000,0.0000,0,250.000,,0,0.8329,,0.850,0,4546.4
2503,8,58,fog-67,1,fog,4400.0,0.0000,0.0000,0,250.000,,0,0.8290,,0.850,1,4546.4
2504,8,58,fog-67,1,fog,4500.0,0.0000,0.0000,0,250.000,,0,0.8251,,0.850,1,4546.4
2505,8,59,fog-68,1,fog,0.0,0.0000,0.0000,0,250.000,,0,1.0000,,0.850,0,
2506,8,59,fog-68,1,fog,100.0,0.0000,0.0000,0,250.000,,0,0.9961,,0.850,0,
2507,8,59,fog-68,1,fog,200.0,0.0000,0.0000,0,250.000,,0,0.9922,,0.850,0,
2508,8,59,fog-68,1,fog,300.0,0.0000,0.0000,0,250.000,,0,0.9883,,0.850,0,
2509,8,59,fog-68,1,fog,400.0,0.0000,0.0000,0,250.000,,0,0.9845,,0.850,0,
2510,8,59,fog-68,1,fog,500.0,0.0000,0.0000,0,250.000,,0,0.9806,,0.850,0,
2511,8,59,fog-68,1,fog,600.0,0.0000,0.0000,0,250.000,,0,0.9767,,0.850,0,
2512,8,59,fog-68,1,fog,700.0,0.0000,0.0000,0,250.000,,0,0.9728,,0.850,0,
2513,8,59,fog-68,1,fog,800.0,0.0000,0.0000,0,250.000,,0,0.9689,,0.850,0,
2514,8,59,fog-68,1,fog,900.0,0.0000,0.0000,0,250.000,,0,0.9650,,0.850,0,
2515,8,59,fog-68,1,fog,1000.0,0.0000,0.0000,0,250.000,,0,0.9611,,0.850,0,
2516,8,59,fog-68,1,fog,1100.0,0.0000,0.0000,0,250.000,,0,0.9572,,0.850,0,
2517,8,59,fog-68,1,fog,1200.0,0.0000,0.0000,0,250.000,,0,0.9534,,0.850,0,
2518,8,59,fog-68,1,fog,1300.0,0.0000,0.0000,0,250.000,,0,0.9495,,0.850,0,
2519,8,59,fog-68,1,fog,1400.0,0.0000,0.0000,0,250.000,,0,0.9456,,0.850,0,
2520,8,59,fog-68,1,fog,1500.0,0.0000,0.0000,0,250.000,,0,0.9417,,0.850,0,
2521,8,59,fog-68,1,fog,1600.0,0.0000,0.0000,0,250.000,,0,0.9378,,0.850,0,
2522,8,59,fog-68,1,fog,1700.0,0.0000,0.0000,0,250.000,,0,0.9339,,0.850,0,
2523,8,59,fog-68,1,fog,1800.0,0.0000,0.0000,0,250.000,,0,0.9300,,0.850,0,
2524,8,59,fog-68,1,fog,1900.0,0.0000,0.0000,0,250.000,,0,0.9262,,0.850,0,
2525,8,59,fog-68,1,fog,2000.0,0.0000,0.0000,0,250.000,,0,0.9223,,0.850,0,
2526,8,59,fog-68,1,fog,2100.0,0.0000,0.0000,0,250.000,,0,0.9184,,0.850,0,
2527,8,59,fog-68,1,fog,2200.0,0.0000,0.0000,0,250.000,,0,0.9145,,0.850,0,
2528,8,59,fog-68,1,fog,2300.0,0.0000,0.0000,0,250.000,,0,0.9106,,0.850,0,
2529,8,59,fog-68,1,fog,2400.0,0.0000,0.0000,0,250.000,,0,0.9067,,0.850,0,
2530,8,59,fog-68,1,fog,2500.0,0.0000,0.0000,0,250.000,,0,0.9028,,0.850,0,
2531,8,59,fog-68,1,fog,2600.0,0.0000,0.0000,0,250.000,,0,0.8990,,0.850,0,
2532,8,59,fog-68,1,fog,2700.0,0.0000,0.0000,0,250.000,,0,0.8951,,0.850,0,
2533,8,59,fog-68,1,fog,2800.0,0.0000,0.0000,0,250.000,,0,0.8912,,0.850,0,
2534,8,59,fog-68,1,fog,2900.0,0.0000,0.0000,0,250.000,,0,0.8873,,0.850,0,
2535,8,59,fog-68,1,fog,3000.0,0.0000,0.0000,0,250.000,,0,0.8834,,0.850,0,
2536,8,59,fog-68,1,fog,3100.0,0.0000,0.0000,0,250.000,,0,0.8795,,0.850,0,
2537,8,59,fog-68,1,fog,3200.0,0.0000,0.0000,0,250.000,,0,0.8756,,0.850,0,
2538,8,59,fog-68,1,fog,3300.0,0.0000,0.0000,0,250.000,,0,0.8717,,0.850,0,
2539,8,59,fog-68,1,fog,3400.0,0.0000,0.0000,0,250.000,,0,0.8679,,0.850,0,
2540,8,59,fog-68,1,fog,3500.0,0.0000,0.0000,0,250.000,,0,0.8640,,0.850,0,
2541,8,59,fog-68,1,fog,3600.0,0.0000,0.0000,0,250.000,,0,0.8601,,0.850,0,
2542,8,59,fog-68,1,fog,3700.0,0.0000,0.0000,0,250.000,,0,0.8562,,0.850,0,
2543,8,59,fog-68,1,fog,3800.0,0.0000,0.0000,0,250.000,,0,0.8523,,0.850,0,
2544,8,59,fog-68,1,fog,3900.0,0.0000,0.0000,0,250.000,,0,0.8484,,0.850,0,
2545,8,59,fog-68,1,fog,4000.0,0.0000,0.0000,0,250.000,,0,0.8445,,0.850,0,
2546,8,59,fog-68,1,fog,4100.0,0.0000,0.0000,0,250.000,,0,0.8407,,0.850,0,
2547,8,59,fog-68,1,fog,4200.0,0.0000,0.0000,0,250.000,,0,0.8368,,0.850,0,
2548,8,59,fog-68,1,fog,4300.0,0.0000,0.0000,0,250.000,,0,0.8329,,0.850,0,
2549,8,59,fog-68,1,fog,4400.0,0.0000,0.0000,0,250.000,,0,0.8290,,0.850,0,
2550,8,59,fog-68,1,fog,4500.0,0.0000,0.0000,0,250.000,,0,0.8251,,0.850,0,
2551,8,59,fog-68,1,fog,4600.0,0.0000,0.0000,0,250.000,,0,0.8212,,0.850,0,
2552,8,59,fog-68,1,fog,4700.0,0.0000,0.0000,0,250.000,,0,0.8173,,0.850,0,
2553,8,59,fog-68,1,fog,4800.0,0.0000,0.0000,0,250.000,,0,0.8135,,0.850,0,
2554,8,59,fog-68,1,fog,4900.0,0.0000,0.0000,0,250.000,,0,0.8096,,0.850,0,
2555,8,59,fog-68,1,fog,5000.0,0.0000,0.0000,0,250.000,,0,0.8057,,0.850,0,
2556,8,60,fog-69,1,fog,0.0,0.0000,0.0000,0,250.000,,0,1.0000,,0.850,0,
2557,8,60,fog-69,1,fog,100.0,0.0000,0.0000,0,250.000,,0,0.9961,,0.850,0,
2558,8,60,fog-69,1,fog,200.0,0.0000,0.0000,0,250.000,,0,0.9922,,0.850,0,
2559,8,60,fog-69,1,fog,300.0,0.0000,0.0000,0,250.000,,0,0.9883,,0.850,0,
2560,8,60,fog-69,1,fog,400.0,0.0000,0.0000,0,250.000,,0,0.9845,,0.850,0,
2561,8,60,fog-69,1,fog,500.0,0.0000,0.0000,0,250.000,,0,0.9806,,0.850,0,
2562,8,60,fog-69,1,fog,600.0,0.0000,0.0000,0,250.000,,0,0.9767,,0.850,0,
2563,8,60,fog-69,1,fog,700.0,0.0000,0.0000,0,250.000,,0,0.9728,,0.850,0,
2564,8,60,fog-69,1,fog,800.0,0.0000,0.0000,0,250.000,,0,0.9689,,0.850,0,
2565,8,60,fog-69,1,fog,900.0,0.0000,0.0000,0,250.000,,0,0.9650,,0.850,0,
2566,8,60,fog-69,1,fog,1000.0,0.0000,0.0000,0,250.000,,0,0.9611,,0.850,0,
2567,8,60,fog-69,1,fog,1100.0,0.0000,0.0000,0,250.000,,0,0.9572,,0.850,0,
2568,8,60,fog-69,1,fog,1200.0,0.0000,0.0000,0,250.000,,0,0.9534,,0.850,0,
2569,8,60,fog-69,1,fog,1300.0,0.0000,0.0000,8,252.000,0.3062,0,0.9495,,0.850,0,
2570,8,60,fog-69,1,fog,1400.0,0.0000,0.0000,5,251.250,0.7286,0,0.9456,,0.850,0,
2571,8,60,fog-69,1,fog,1500.0,0.0000,0.0000,0,250.000,,0,0.9417,,0.850,0,
2572,8,60,fog-69,1,fog,1600.0,0.0000,0.0000,0,250.000,,0,0.9378,,0.850,0,
2573,8,60,fog-69,1,fog,1700.0,0.0000,0.0000,0,250.000,,0,0.9339,,0.850,0,
2574,8,60,fog-69,1,fog,1800.0,0.0000,0.0000,0,250.000,,0,0.9300,,0.850,0,
2575,8,60,fog-69,1,fog,1900.0,0.0000,0.0000,0,250.000,,0,0.9262,,0.850,0,
2576,8,60,fog-69,1,fog,2000.0,0.0000,0.0000,0,250.000,,0,0.9223,,0.850,0,
2577,8,60,fog-69,1,fog,2100.0,0.0000,0.0000,0,250.000,,0,0.9184,,0.850,0,
2578,8,60,fog-69,1,fog,2200.0,0.0000,0.0000,0,250.000,,0,0.9145,,0.850,0,
2579,8,60,fog-69,1,fog,2300.0,0.0000,0.0000,0,250.000,,0,0.9106,,0.850,0,
2580,8,60,fog-69,1,fog,2400.0,0.0000,0.0000,0,250.000,,0,0.9067,,0.850,0,
2581,8,60,fog-69,1,fog,2500.0,0.0000,0.0000,0,250.000,,0,0.9028,,0.850,0,
2582,8,60,fog-69,1,fog,2600.0,0.0000,0.0000,0,250.000,,0,0.8990,,0.850,0,
2583,8,60,fog-69,1,fog,2700.0,0.0000,0.0000,0,250.000,,0,0.8951,,0.850,0,
2584,8,60,fog-69,1,fog,2800.0,0.0000,0.0000,0,250.000,,0,0.8912,,0.850,0,
2585,8,60,fog-69,1,fog,2900.0,0.0000,0.0000,18,254.500,0.7891,0,0.8873,,0.850,0,
2586,8,60,fog-69,1,fog,3000.0,0.0000,0.0000,10,252.500,0.0000,0,0.8834,,0.850,0,
2587,8,60,fog-69,1,fog,3100.0,0.0000,0.0000,0,250.000,,0,0.8795,,0.850,0,
2588,8,60,fog-69,1,fog,3200.0,0.0000,0.0000,0,250.000,,0,0.8756,,0.850,0,
2589,8,60,fog-69,1,fog,3300.0,0.0000,0.0000,0,250.000,,0,0.8717,,0.850,0,
2590,8,60,fog-69,1,fog,3400.0,0.0000,0.0000,0,250.000,,0,0.8679,,0.850,0,
2591,8,60,fog-69,1,fog,3500.0,0.0000,0.0000,0,250.000,,0,0.8640,,0.850,0,
2592,8,60,fog-69,1,fog,3600.0,0.0000,0.0000,0,250.000,,0,0.8601,,0.850,0,
2593,8,60,fog-69,1,fog,3700.0,0.0000,0.0000,0,250.000,,0,0.8562,,0.850,0,
2594,8,60,fog-69,1,fog,3800.0,0.0000,0.0000,10,252.500,0.0000,0,0.8523,,0.850,0,
2595,8,60,fog-69,1,fog,3900.0,0.0000,0.0000,0,250.000,,0,0.8484,,0.850,0,
2596,8,60,fog-69,1,fog,4000.0,0.0000,0.0000,0,250.000,,0,0.8445,,0.850,0,
2597,8,60,fog-69,1,fog,4100.0,0.0000,0.0000,0,250.000,,0,0.8407,,0.850,0,
2598,8,60,fog-69,1,fog,4200.0,0.0000,0.0000,0,250.000,,0,0.8368,,0.850,0,
2599,8,60,fog-69,1,fog,4300.0,0.0000,0.0000,0,250.000,,0,0.8329,,0.850,0,
2600,8,60,fog-69,1,fog,4400.0,0.0000,0.0000,0,250.000,,0,0.8290,,0.850,0,
2601,8,60,fog-69,1,fog,4500.0,0.0000,0.0000,16,254.000,0.9123,0,0.8251,,0.850,0,
2602,8,60,fog-69,1,fog,4600.0,0.0000,0.0000,0,250.000,,0,0.8212,,0.850,0,
2603,8,60,fog-69,1,fog,4700.0,0.0000,0.0000,0,250.000,,0,0.8173,,0.850,0,
2604,8,60,fog-69,1,fog,4800.0,0.0000,0.0000,0,250.000,,0,0.8135,,0.850,0,
2605,8,60,fog-69,1,fog,4900.0,0.0000,0.0000,0,250.000,,0,0.8096,,0.850,0,
2606,8,60,fog-69,1,fog,5000.0,0.0000,0.0000,0,250.000,,0,0.8057,,0.850,0,
2607,8,61,fog-70,1,fog,0.0,0.0000,0.0000,0,250.000,,0,1.0000,,0.850,0,
2608,8,61,fog-70,1,fog,100.0,0.0000,0.0000,0,250.000,,0,0.9961,,0.850,0,
2609,8,61,fog-70,1,fog,200.0,0.0000,0.0000,0,250.000,,0,0.9922,,0.850,0,
2610,8,61,fog-70,1,fog,300.0,0.0000,0.0000,0,250.000,,0,0.9883,,0.850,0,
2611,8,61,fog-70,1,fog,400.0,0.0000,0.0000,0,250.000,,0,0.9845,,0.850,0,
2612,8,61,fog-70,1,fog,500.0,0.0000,0.0000,0,250.000,,0,0.9806,,0.850,0,
2613,8,61,fog-70,1,fog,600.0,0.0000,0.0000,0,250.000,,0,0.9767,,0.850,0,
2614,8,61,fog-70,1,fog,700.0,0.0000,0.0000,0,250.000,,0,0.9728,,0.850,0,
2615,8,61,fog-70,1,fog,800.0,0.0000,0.0000,0,250.000,,0,0.9689,,0.850,0,
2616,8,61,fog-70,1,fog,900.0,0.0000,0.0000,0,250.000,,0,0.9650,,0.850,0,
2617,8,61,fog-70,1,fog,1000.0,0.0000,0.0000,0,250.000,,0,0.9611,,0.850,0,
2618,8,61,fog-70,1,fog,1100.0,0.0000,0.0000,0,250.000,,0,0.9572,,0.850,0,
2619,8,61,fog-70,1,fog,1200.0,0.0000,0.0000,0,250.000,,0,0.9534,,0.850,0,
2620,8,61,fog-70,1,fog,1300.0,0.0000,0.0000,0,250.000,,0,0.9495,,0.850,0,
2621,8,61,fog-70,1,fog,1400.0,0.0000,0.0000,0,250.000,,0,0.9456,,0.850,0,
2622,8,61,fog-70,1,fog,1500.0,0.0000,0.0000,0,250.000,,0,0.9417,,0.850,0,
2623,8,61,fog-70,1,fog,1600.0,0.0000,0.0000,0,250.000,,0,0.9378,,0.850,0,
2624,8,61,fog-70,1,fog,1700.0,0.0000,0.0000,0,250.000,,0,0.9339,,0.850,0,
2625,8,61,fog-70,1,fog,1800.0,0.0000,0.0000,0,250.000,,0,0.9300,,0.850,0,
2626,8,61,fog-70,1,fog,1900.0,0.0000,0.0000,0,250.000,,0,0.9262,,0.850,0,
2627,8,61,fog-70,1,fog,2000.0,0.0000,0.0000,0,250.000,,0,0.9223,,0.850,0,
2628,8,61,fog-70,1,fog,2100.0,0.0000,0.0000,0,250.000,,0,0.9184,,0.850,0,
2629,8,61,fog-70,1,fog,2200.0,0.0000,0.0000,0,250.000,,0,0.9145,,0.850,0,
2630,8,61,fog-70,1,fog,2300.0,0.0000,0.0000,0,250.000,,0,0.9106,,0.850,0,
2631,8,61,fog-70,1,fog,2400.0,0.0000,0.0000,0,250.000,,0,0.9067,,0.850,0,
2632,8,61,fog-70,1,fog,2500.0,0.0000,0.0000,0,250.000,,0,0.9028,,0.850,0,
2633,8,61,fog-70,1,fog,2600.0,0.0000,0.0000,0,250.000,,0,0.8990,,0.850,0,
2634,8,61,fog-70,1,fog,2700.0,0.0000,0.0000,0,250.000,,0,0.8951,,0.850,0,
2635,8,61,fog-70,1,fog,2800.0,0.0000,0.0000,0,250.000,,0,0.8912,,0.850,0,
2636,8,61,fog-70,1,fog,2900.0,0.0000,0.0000,0,250.000,,0,0.8873,,0.850,0,
2637,8,61,fog-70,1,fog,3000.0,0.0000,0.0000,0,250.000,,0,0.8834,,0.850,0,
2638,8,61,fog-70,1,fog,3100.0,0.0000,0.0000,0,250.000,,0,0.8795,,0.850,0,
2639,8,61,fog-70,1,fog,3200.0,0.0000,0.0000,0,250.000,,0,0.8756,,0.850,0,
2640,8,61,fog-70,1,fog,3300.0,0.0000,0.0000,0,250.000,,0,0.8717,,0.850,0,
2641,8,61,fog-70,1,fog,3400.0,0.0000,0.0000,0,250.000,,0,0.8679,,0.850,0,
2642,8,61,fog-70,1,fog,3500.0,0.0000,0.0000,0,250.000,,0,0.8640,,0.850,0,
2643,8,61,fog-70,1,fog,3600.0,0.0000,0.0000,0,250.000,,0,0.8601,,0.850,0,
2644,8,61,fog-70,1,fog,3700.0,0.0000,0.0000,0,250.000,,0,0.8562,,0.850,0,
2645,8,61,fog-70,1,fog,3800.0,0.0000,0.0000,0,250.000,,0,0.8523,,0.850,0,
2646,8,61,fog-70,1,fog,3900.0,0.0000,0.0000,0,250.000,,0,0.8484,,0.850,0,
2647,8,61,fog-70,1,fog,4000.0,0.0000,0.0000,0,250.000,,0,0.8445,,0.850,0,
2648,8,61,fog-70,1,fog,4100.0,0.0000,0.0000,0,250.000,,0,0.8407,,0.850,0,
2649,8,61,fog-70,1,fog,4200.0,0.0000,0.0000,0,250.000,,0,0.8368,,0.850,0,
2650,8,61,fog-70,1,fog,4300.0,0.0000,0.0000,0,250.000,,0,0.8329,,0.850,0,
2651,8,61,fog-70,1,fog,4400.0,0.0000,0.0000,0,250.000,,0,0.8290,,0.850,0,
2652,8,61,fog-70,1,fog,4500.0,0.0000,0.0000,0,250.000,,0,0.8251,,0.850,0,
2653,8,61,fog-70,1,fog,4600.0,0.0000,0.0000,0,250.000,,0,0.8212,,0.850,0,
2654,8,61,fog-70,1,fog,4700.0,0.0000,0.0000,0,250.000,,0,0.8173,,0.850,0,
2655,8,61,fog-70,1,fog,4800.0,0.0000,0.0000,0,250.000,,0,0.8135,,0.850,0,
2656,8,61,fog-70,1,fog,4900.0,0.0000,0.0000,0,250.000,,0,0.8096,,0.850,0,
2657,8,61,fog-70,1,fog,5000.0,0.0000,0.0000,0,250.000,,0,0.8057,,0.850,0,
2658,8,62,fog-71,1,fog,0.0,0.0000,0.0000,0,250.000,,0,1.0000,,0.850,0,
2659,8,62,fog-71,1,fog,100.0,0.0000,0.0000,0,250.000,,0,0.9961,,0.850,0,
2660,8,62,fog-71,1,fog,200.0,0.0000,0.0000,0,250.000,,0,0.9922,,0.850,0,
2661,8,62,fog-71,1,fog,300.0,0.0000,0.0000,0,250.000,,0,0.9883,,0.850,0,
2662,8,62,fog-71,1,fog,400.0,0.0000,0.0000,0,250.000,,0,0.9845,,0.850,0,
2663,8,62,fog-71,1,fog,500.0,0.0000,0.0000,0,250.000,,0,0.9806,,0.850,0,
2664,8,62,fog-71,1,fog,600.0,0.0000,0.0000,0,250.000,,0,0.9767,,0.850,0,
2665,8,62,fog-71,1,fog,700.0,0.0000,0.0000,0,250.000,,0,0.9728,,0.850,0,
2666,8,62,fog-71,1,fog,800.0,0.0000,0.0000,0,250.000,,0,0.9689,,0.850,0,
2667,8,62,fog-71,1,fog,900.0,0.0000,0.0000,0,250.000,,0,0.9650,,0.850,0,
2668,8,62,fog-71,1,fog,1000.0,0.0000,0.0000,0,250.000,,0,0.9611,,0.850,0,
2669,8,62,fog-71,1,fog,1100.0,0.0000,0.0000,0,250.000,,0,0.9572,,0.850,0,
2670,8,62,fog-71,1,fog,1200.0,0.0000,0.0000,0,250.000,,0,0.9534,,0.850,0,
2671,8,62,fog-71,1,fog,1300.0,0.0000,0.0000,0,250.000,,0,0.9495,,0.850,0,
2672,8,62,fog-71,1,fog,1400.0,0.0000,0.0000,0,250.000,,0,0.9456,,0.850,0,
2673,8,62,fog-71,1,fog,1500.0,0.0000,0.0000,0,250.000,,0,0.9417,,0.850,0,
2674,8,62,fog-71,1,fog,1600.0,0.0000,0.0000,0,250.000,,0,0.9378,,0.850,0,
2675,8,62,fog-71,1,fog,1700.0,0.0000,0.0000,0,250.000,,0,0.9339,,0.850,0,
2676,8,62,fog-71,1,fog,1800.0,0.0000,0.0000,0,250.000,,0,0.9300,,0.850,0,
2677,8,62,fog-71,1,fog,1900.0,0.0000,0.0000,0,250.000,,0,0.9262,,0.850,0,
2678,8,62,fog-71,1,fog,2000.0,0.0000,0.0000,0,250.000,,0,0.9223,,0.850,0,
2679,8,62,fog-71,1,fog,2100.0,0.0000,0.0000,0,250.000,,0,0.9184,,0.850,0,
2680,8,62,fog-71,1,fog,2200.0,0.0000,0.0000,0,250.000,,0,0.9145,,0.850,0,
2681,8,62,fog-71,1,fog,2300.0,0.0000,0.0000,0,250.000,,0,0.9106,,0.850,0,
2682,8,62,fog-71,1,fog,2400.0,0.0000,0.0000,0,250.000,,0,0.9067,,0.850,0,
2683,8,62,fog-71,1,fog,2500.0,0.0000,0.0000,0,250.000,,0,0.9028,,0.850,0,
2684,8,62,fog-71,1,fog,2600.0,0.0000,0.0000,0,250.000,,0,0.8990,,0.850,0,
2685,8,62,fog-71,1,fog,2700.0,0.0000,0.0000,0,250.000,,0,0.8951,,0.850,0,
2686,8,62,fog-71,1,fog,2800.0,0.0000,0.0000,0,250.000,,0,0.8912,,0.850,0,
2687,8,62,fog-71,1,fog,2900.0,0.0000,0.0000,0,250.000,,0,0.8873,,0.850,0,
2688,8,62,fog-71,1,fog,3000.0,0.0000,0.0000,0,250.000,,0,0.8834,,0.850,0,
2689,8,62,fog-71,1,fog,3100.0,0.0000,0.0000,0,250.000,,0,0.8795,,0.850,0,
2690,8,62,fog-71,1,fog,3200.0,0.0000,0.0000,0,250.000,,0,0.8756,,0.850,0,
2691,8,62,fog-71,1,fog,3300.0,0.0000,0.0000,0,250.000,,0,0.8717,,0.850,0,
2692,8,62,fog-71,1,fog,3400.0,0.0000,0.0000,0,250.000,,0,0.8679,,0.850,0,
2693,8,62,fog-71,1,fog,3500.0,0.0000,0.0000,0,250.000,,0,0.8640,,0.850,0,
2694,8,62,fog-71,1,fog,3600.0,0.0000,0.0000,0,250.000,,0,0.8601,,0.850,0,
2695,8,62,fog-71,1,fog,3700.0,0.0000,0.0000,0,250.000,,0,0.8562,,0.850,0,
2696,8,62,fog-71,1,fog,3800.0,0.0000,0.0000,0,250.000,,0,0.8523,,0.850,0,
2697,8,62,fog-71,1,fog,3900.0,0.0000,0.0000,0,250.000,,0,0.8484,,0.850,0,
2698,8,62,fog-71,1,fog,4000.0,0.0000,0.0000,0,250.000,,0,0.8445,,0.850,0,
2699,8,62,fog-71,1,fog,4100.0,0.0000,0.0000,0,250.000,,0,0.8407,,0.850,0,
2700,8,62,fog-71,1,fog,4200.0,0.0000,0.0000,0,250.000,,0,0.8368,,0.850,0,
2701,8,62,fog-71,1,fog,4300.0,0.0000,0.0000,0,250.000,,0,0.8329,,0.850,0,
2702,8,62,fog-71,1,fog,4400.0,0.0000,0.0000,0,250.000,,0,0.8290,,0.850,0,
2703,8,62,fog-71,1,fog,4500.0,0.0000,0.0000,0,250.000,,0,0.8251,,0.850,0,
2704,8,62,fog-71,1,fog,4600.0,0.0000,0.0000,0,250.000,,0,0.8212,,0.850,0,
2705,8,62,fog-71,1,fog,4700.0,0.0000,0.0000,0,250.000,,0,0.8173,,0.850,0,
2706,8,62,fog-71,1,fog,4800.0,0.0000,0.0000,0,250.000,,0,0.8135,,0.850,0,
2707,8,62,fog-71,1,fog,4900.0,0.0000,0.0000,0,250.000,,0,0.8096,,0.850,0,
2708,8,62,fog-71,1,fog,5000.0,0.0000,0.0000,0,250.000,,0,0.8057,,0.850,0,
2709,8,63,fog-72,1,fog,0.0,0.0000,0.0000,0,250.000,,0,1.0000,,0.850,0,
2710,8,63,fog-72,1,fog,100.0,0.0000,0.0000,0,250.000,,0,0.9961,,0.850,0,
2711,8,63,fog-72,1,fog,200.0,0.0000,0.0000,0,250.000,,0,0.9922,,0.850,0,
2712,8,63,fog-72,1,fog,300.0,0.0000,0.0000,0,250.000,,0,0.9883,,0.850,0,
2713,8,63,fog-72,1,fog,400.0,0.0000,0.0000,0,250.000,,0,0.9845,,0.850,0,
2714,8,63,fog-72,1,fog,500.0,0.0000,0.0000,0,250.000,,0,0.9806,,0.850,0,
2715,8,63,fog-72,1,fog,600.0,0.0000,0.0000,0,250.000,,0,0.9767,,0.850,0,
2716,8,63,fog-72,1,fog,700.0,0.0000,0.0000,0,250.000,,0,0.9728,,0.850,0,
2717,8,63,fog-72,1,fog,800.0,0.0000,0.0000,8,252.000,0.3514,0,0.9689,,0.850,0,
2718,8,63,fog-72,1,fog,900.0,0.0000,0.0000,10,252.500,0.0000,0,0.9650,,0.850,0,
2719,8,63,fog-72,1,fog,1000.0,0.0000,0.0000,10,252.500,0.0000,0,0.9611,,0.850,0,
2720,8,63,fog-72,1,fog,1100.0,0.0000,0.0000,9,252.250,0.2940,0,0.9572,,0.850,0,
2721,8,63,fog-72,1,fog,1200.0,0.0000,0.0000,0,250.000,,0,0.9534,,0.850,0,
2722,8,63,fog-72,1,fog,1300.0,0.0000,0.0000,0,250.000,,0,0.9495,,0.850,0,
2723,8,63,fog-72,1,fog,1400.0,0.0000,0.0000,0,250.000,,0,0.9456,,0.850,0,
2724,8,63,fog-72,1,fog,1500.0,0.0000,0.0000,0,250.000,,0,0.9417,,0.850,0,
2725,8,63,fog-72,1,fog,1600.0,0.0000,0.0000,0,250.000,,0,0.9378,,0.850,0,
2726,8,63,fog-72,1,fog,1700.0,0.0000,0.0000,0,250.000,,0,0.9339,,0.850,0,
2727,8,63,fog-72,1,fog,1800.0,0.0000,0.0000,0,250.000,,0,0.9300,,0.850,0,
2728,8,63,fog-72,1,fog,1900.0,0.0000,0.0000,0,250.000,,0,0.9262,,0.850,0,
2729,8,63,fog-72,1,fog,2000.0,0.0000,0.0000,0,250.000,,0,0.9223,,0.850,0,
2730,8,63,fog-72,1,fog,2100.0,0.0000,0.0000,0,250.000,,0,0.9184,,0.850,0,
2731,8,63,fog-72,1,fog,2200.0,0.0000,0.0000,0,250.000,,0,0.9145,,0.850,0,
2732,8,63,fog-72,1,fog,2300.0,0.0000,0.0000,0,250.000,,0,0.9106,,0.850,0,
2733,8,63,fog-72,1,fog,2400.0,0.0000,0.0000,21,255.000,0.8649,0,0.9067,,0.850,0,
2734,8,63,fog-72,1,fog,2500.0,0.0000,0.0000,18,254.500,0.9428,0,0.9028,,0.850,0,
2735,8,63,fog-72,1,fog,2600.0,0.0000,0.0000,19,254.750,1.0000,0,0.8990,,0.850,0,
2736,8,63,fog-72,1,fog,2700.0,0.0000,0.0000,9,252.250,0.2940,0,0.8951,,0.850,0,
2737,8,63,fog-72,1,fog,2800.0,0.0000,0.0000,0,250.000,,0,0.8912,,0.850,0,
2738,8,63,fog-72,1,fog,2900.0,0.0000,0.0000,0,250.000,,0,0.8873,,0.850,0,
2739,8,63,fog-72,1,fog,3000.0,0.0000,0.0000,0,250.000,,0,0.8834,,0.850,0,
2740,8,63,fog-72,1,fog,3100.0,0.0000,0.0000,0,250.000,,0,0.8795,,0.850,0,
2741,8,63,fog-72,1,fog,3200.0,0.0000,0.0000,0,250.000,,0,0.8756,,0.850,0,
2742,8,63,fog-72,1,fog,3300.0,0.0000,0.0000,9,252.250,0.0000,0,0.8717,,0.850,0,
2743,8,63,fog-72,1,fog,3400.0,0.0000,0.0000,10,252.500,0.0000,0,0.8679,,0.850,0,
2744,8,63,fog-72,1,fog,3500.0,0.0000,0.0000,10,252.500,0.0000,0,0.8640,,0.850,0,
2745,8,63,fog-72,1,fog,3600.0,0.0000,0.0000,0,250.000,,0,0.8601,,0.850,0,
2746,8,63,fog-72,1,fog,3700.0,0.0000,0.0000,0,250.000,,0,0.8562,,0.850,0,
2747,8,63,fog-72,1,fog,3800.0,0.0000,0.0000,0,250.000,,0,0.8523,,0.850,0,
2748,8,63,fog-72,1,fog,3900.0,0.0000,0.0000,0,250.000,,0,0.8484,,0.850,0,
2749,8,63,fog-72,1,fog,4000.0,0.0000,0.0000,17,254.250,0.8598,0,0.8445,,0.850,0,
2750,8,63,fog-72,1,fog,4100.0,0.0000,0.0000,10,252.500,0.0000,0,0.8407,,0.850,0,
2751,8,63,fog-72,1,fog,4200.0,0.0000,0.0000,9,252.250,0.0000,0,0.8368,,0.850,0,
2752,8,63,fog-72,1,fog,4300.0,0.0000,0.0000,0,250.000,,0,0.8329,,0.850,0,
2753,8,63,fog-72,1,fog,4400.0,0.0000,0.0000,0,250.000,,0,0.8290,,0.850,0,
2754,8,63,fog-72,1,fog,4500.0,0.0000,0.0000,0,250.000,,0,0.8251,,0.850,0,
2755,8,63,fog-72,1,fog,4600.0,0.0000,0.0000,0,250.000,,0,0.8212,,0.850,0,
2756,8,63,fog-72,1,fog,4700.0,0.0000,0.0000,0,250.000,,0,0.8173,,0.850,0,
2757,8,63,fog-72,1,fog,4800.0,0.0000,0.0000,0,250.000,,0,0.8135,,0.850,0,
2758,8,63,fog-72,1,fog,4900.0,0.0000,0.0000,9,252.250,0.0000,0,0.8096,,0.850,0,
2759,8,63,fog-72,1,fog,5000.0,0.0000,0.0000,6,251.500,0.5000,0,0.8057,,0.850,0,
2760,8,64,fog-73,1,fog,0.0,0.0000,0.0000,0,250.000,,0,1.0000,,0.850,0,
2761,8,64,fog-73,1,fog,100.0,0.0000,0.0000,0,250.000,,0,0.9961,,0.850,0,
2762,8,64,fog-73,1,fog,200.0,0.0000,0.0000,0,250.000,,0,0.9922,,0.850,0,
2763,8,64,fog-73,1,fog,300.0,0.0000,0.0000,0,250.000,,0,0.9883,,0.850,0,
2764,8,64,fog-73,1,fog,400.0,0.0000,0.0000,0,250.000,,0,0.9845,,0.850,0,
2765,8,64,fog-73,1,fog,500.0,0.0000,0.0000,0,250.000,,0,0.9806,,0.850,0,
2766,8,64,fog-73,1,fog,600.0,0.0000,0.0000,0,250.000,,0,0.9767,,0.850,0,
2767,8,64,fog-73,1,fog,700.0,0.0000,0.0000,0,250.000,,0,0.9728,,0.850,0,
2768,8,64,fog-73,1,fog,800.0,0.0000,0.0000,0,250.000,,0,0.9689,,0.850,0,
2769,8,64,fog-73,1,fog,900.0,0.0000,0.0000,0,250.000,,0,0.9650,,0.850,0,
2770,8,64,fog-73,1,fog,1000.0,0.0000,0.0000,0,250.000,,0,0.9611,,0.850,0,
2771,8,64,fog-73,1,fog,1100.0,0.0000,0.0000,0,250.000,,0,0.9572,,0.850,0,
2772,8,64,fog-73,1,fog,1200.0,0.0000,0.0000,0,250.000,,0,0.9534,,0.850,0,
2773,8,64,fog-73,1,fog,1300.0,0.0000,0.0000,0,250.000,,0,0.9495,,0.850,0,
2774,8,64,fog-73,1,fog,1400.0,0.0000,0.0000,0,250.000,,0,0.9456,,0.850,0,
2775,8,64,fog-73,1,fog,1500.0,0.0000,0.0000,0,250.000,,0,0.9417,,0.850,0,
2776,8,64,fog-73,1,fog,1600.0,0.0000,0.0000,0,250.000,,0,0.9378,,0.850,0,
2777,8,64,fog-73,1,fog,1700.0,0.0000,0.0000,0,250.000,,0,0.9339,,0.850,0,
2778,8,64,fog-73,1,fog,1800.0,0.0000,0.0000,0,250.000,,0,0.9300,,0.850,0,
2779,8,64,fog-73,1,fog,1900.0,0.0000,0.0000,0,250.000,,0,0.9262,,0.850,0,
2780,8,64,fog-73,1,fog,2000.0,0.0000,0.0000,0,250.000,,0,0.9223,,0.850,0,
2781,8,64,fog-73,1,fog,2100.0,0.0000,0.0000,0,250.000,,0,0.9184,,0.850,0,
2782,8,64,fog-73,1,fog,2200.0,0.0000,0.0000,0,250.000,,0,0.9145,,0.850,0,
2783,8,64,fog-73,1,fog,2300.0,0.0000,0.0000,0,250.000,,0,0.9106,,0.850,0,
2784,8,64,fog-73,1,fog,2400.0,0.0000,0.0000,0,250.000,,0,0.9067,,0.850,0,
2785,8,64,fog-73,1,fog,2500.0,0.0000,0.0000,0,250.000,,0,0.9028,,0.850,0,
2786,8,64,fog-73,1,fog,2600.0,0.0000,0.0000,0,250.000,,0,0.8990,,0.850,0,
2787,8,64,fog-73,1,fog,2700.0,0.0000,0.0000,0,250.000,,0,0.8951,,0.850,0,
2788,8,64,fog-73,1,fog,2800.0,0.0000,0.0000,0,250.000,,0,0.8912,,0.850,0,
2789,8,64,fog-73,1,fog,2900.0,0.0000,0.0000,0,250.000,,0,0.8873,,0.850,0,
2790,8,64,fog-73,1,fog,3000.0,0.0000,0.0000,0,250.000,,0,0.8834,,0.850,0,
2791,8,64,fog-73,1,fog,3100.0,0.0000,0.0000,0,250.000,,0,0.8795,,0.850,0,
2792,8,64,fog-73,1,fog,3200.0,0.0000,0.0000,0,250.000,,0,0.8756,,0.850,0,
2793,8,64,fog-73,1,fog,3300.0,0.0000,0.0000,0,250.000,,0,0.8717,,0.850,0,
2794,8,64,fog-73,1,fog,3400.0,0.0000,0.0000,0,250.000,,0,0.8679,,0.850,0,
2795,8,64,fog-73,1,fog,3500.0,0.0000,0.0000,0,250.000,,0,0.8640,,0.850,0,
2796,8,64,fog-73,1,fog,3600.0,0.0000,0.0000,0,250.000,,0,0.8601,,0.850,0,
2797,8,64,fog-73,1,fog,3700.0,0.0000,0.0000,0,250.000,,0,0.8562,,0.850,0,
2798,8,64,fog-73,1,fog,3800.0,0.0000,0.0000,0,250.000,,0,0.8523,,0.850,0,
2799,8,64,fog-73,1,fog,3900.0,0.0000,0.0000,0,250.000,,0,0.8484,,0.850,0,
2800,8,64,fog-73,1,fog,4000.0,0.0000,0.0000,0,250.000,,0,0.8445,,0.850,0,
2801,8,64,fog-73,1,fog,4100.0,0.0000,0.0000,0,250.000,,0,0.8407,,0.850,0,
2802,8,64,fog-73,1,fog,4200.0,0.0000,0.0000,0,250.000,,0,0.8368,,0.850,0,
2803,8,64,fog-73,1,fog,4300.0,0.0000,0.0000,0,250.000,,0,0.8329,,0.850,0,
2804,8,64,fog-73,1,fog,4400.0,0.0000,0.0000,0,250.000,,0,0.8290,,0.850,0,
2805,8,64,fog-73,1,fog,4500.0,0.0000,0.0000,0,250.000,,0,0.8251,,0.850,0,
2806,8,64,fog-73,1,fog,4600.0,0.0000,0.0000,0,250.000,,0,0.8212,,0.850,0,
2807,8,64,fog-73,1,fog,4700.0,0.0000,0.0000,0,250.000,,0,0.8173,,0.850,0,
2808,8,64,fog-73,1,fog,4800.0,0.0000,0.0000,0,250.000,,0,0.8135,,0.850,0,
2809,8,64,fog-73,1,fog,4900.0,0.0000,0.0000,0,250.000,,0,0.8096,,0.850,0,
2810,8,64,fog-73,1,fog,5000.0,0.0000,0.0000,0,250.000,,0,0.8057,,0.850,0,
2811,8,65,fog-74,1,fog,0.0,0.0000,0.0000,0,250.000,,0,1.0000,,0.850,0,
2812,8,65,fog-74,1,fog,100.0,0.0000,0.0000,0,250.000,,0,0.9961,,0.850,0,
2813,8,65,fog-74,1,fog,200.0,0.0000,0.0000,0,250.000,,0,0.9922,,0.850,0,
2814,8,65,fog-74,1,fog,300.0,0.0000,0.0000,10,252.500,0.0000,0,0.9883,,0.850,0,
2815,8,65,fog-74,1,fog,400.0,0.0000,0.0000,0,250.000,,0,0.9845,,0.850,0,
2816,8,65,fog-74,1,fog,500.0,0.0000,0.0000,0,250.000,,0,0.9806,,0.850,0,
2817,8,65,fog-74,1,fog,600.0,0.0000,0.0000,0,250.000,,0,0.9767,,0.850,0,
2818,8,65,fog-74,1,fog,700.0,0.0000,0.0000,0,250.000,,0,0.9728,,0.850,0,
2819,8,65,fog-74,1,fog,800.0,0.0000,0.0000,0,250.000,,0,0.9689,,0.850,0,
2820,8,65,fog-74,1,fog,900.0,0.0000,0.0000,0,250.000,,0,0.9650,,0.850,0,
2821,8,65,fog-74,1,fog,1000.0,0.0000,0.0000,0,250.000,,0,0.9611,,0.850,0,
2822,8,65,fog-74,1,fog,1100.0,0.0000,0.0000,0,250.000,,0,0.9572,,0.850,0,
2823,8,65,fog-74,1,fog,1200.0,0.0000,0.0000,0,250.000,,0,0.9534,,0.850,0,
2824,8,65,fog-74,1,fog,1300.0,0.0000,0.0000,0,250.000,,0,0.9495,,0.850,0,
2825,8,65,fog-74,1,fog,1400.0,0.0000,0.0000,10,252.500,0.0000,0,0.9456,,0.850,0,
2826,8,65,fog-74,1,fog,1500.0,0.0000,0.0000,9,252.250,0.2940,0,0.9417,,0.850,0,
2827,8,65,fog-74,1,fog,1600.0,0.0000,0.0000,8,252.000,0.3514,0,0.9378,,0.850,0,
2828,8,65,fog-74,1,fog,1700.0,0.0000,0.0000,0,250.000,,0,0.9339,,0.850,0,
2829,8,65,fog-74,1,fog,1800.0,0.0000,0.0000,0,250.000,,0,0.9300,,0.850,0,
2830,8,65,fog-74,1,fog,1900.0,0.0000,0.0000,0,250.000,,0,0.9262,,0.850,0,
2831,8,65,fog-74,1,fog,2000.0,0.0000,0.0000,0,250.000,,0,0.9223,,0.850,0,
2832,8,65,fog-74,1,fog,2100.0,0.0000,0.0000,9,252.250,0.0000,0,0.9184,,0.850,0,
2833,8,65,fog-74,1,fog,2200.0,0.0000,0.0000,0,250.000,,0,0.9145,,0.850,0,
2834,8,65,fog-74,1,fog,2300.0,0.0000,0.0000,0,250.000,,0,0.9106,,0.850,0,
2835,8,65,fog-74,1,fog,2400.0,0.0000,0.0000,0,250.000,,0,0.9067,,0.850,0,
2836,8,65,fog-74,1,fog,2500.0,0.0000,0.0000,0,250.000,,0,0.9028,,0.850,0,
2837,8,65,fog-74,1,fog,2600.0,0.0000,0.0000,0,250.000,,0,0.8990,,0.850,0,
2838,8,65,fog-74,1,fog,2700.0,0.0000,0.0000,0,250.000,,0,0.8951,,0.850,0,
2839,8,65,fog-74,1,fog,2800.0,0.0000,0.0000,0,250.000,,0,0.8912,,0.850,0,
2840,8,65,fog-74,1,fog,2900.0,0.0000,0.0000,0,250.000,,0,0.8873,,0.850,0,
2841,8,65,fog-74,1,fog,3000.0,0.0000,0.0000,9,252.250,0.2940,0,0.8834,,0.850,0,
2842,8,65,fog-74,1,fog,3100.0,0.0000,0.0000,10,252.500,0.0000,0,0.8795,,0.850,0,
2843,8,65,fog-74,1,fog,3200.0,0.0000,0.0000,9,252.250,0.2940,0,0.8756,,0.850,0,
2844,8,65,fog-74,1,fog,3300.0,0.0000,0.0000,0,250.000,,0,0.8717,,0.850,0,
2845,8,65,fog-74,1,fog,3400.0,0.0000,0.0000,0,250.000,,0,0.8679,,0.850,0,
2846,8,65,fog-74,1,fog,3500.0,0.0000,0.0000,0,250.000,,0,0.8640,,0.850,0,
2847,8,65,fog-74,1,fog,3600.0,0.0000,0.0000,0,250.000,,0,0.8601,,0.850,0,
2848,8,65,fog-74,1,fog,3700.0,0.0000,0.0000,7,251.750,0.3536,0,0.8562,,0.850,0,
2849,8,65,fog-74,1,fog,3800.0,0.0000,0.0000,0,250.000,,0,0.8523,,0.850,0,
2850,8,65,fog-74,1,fog,3900.0,0.0000,0.0000,0,250.000,,0,0.8484,,0.850,0,
2851,8,65,fog-74,1,fog,4000.0,0.0000,0.0000,0,250.000,,0,0.8445,,0.850,0,
2852,8,65,fog-74,1,fog,4100.0,0.0000,0.0000,0,250.000,,0,0.8407,,0.850,0,
2853,8,65,fog-74,1,fog,4200.0,0.0000,0.0000,0,250.000,,0,0.8368,,0.850,0,
2854,8,65,fog-74,1,fog,4300.0,0.0000,0.0000,0,250.000,,0,0.8329,,0.850,0,
2855,8,65,fog-74,1,fog,4400.0,0.0000,0.0000,0,250.000,,0,0.8290,,0.850,0,
2856,8,65,fog-74,1,fog,4500.0,0.0000,0.0000,0,250.000,,0,0.8251,,0.850,0,
2857,8,65,fog-74,1,fog,4600.0,0.0000,0.0000,6,251.500,0.3062,0,0.8212,,0.850,0,
2858,8,65,fog-74,1,fog,4700.0,0.0000,0.0000,9,252.250,0.2940,0,0.8173,,0.850,0,
2859,8,65,fog-74,1,fog,4800.0,0.0000,0.0000,9,252.250,0.0000,0,0.8135,,0.850,0,
2860,8,65,fog-74,1,fog,4900.0,0.0000,0.0000,0,250.000,,0,0.8096,,0.850,0,
2861,8,65,fog-74,1,fog,5000.0,0.0000,0.0000,0,250.000,,0,0.8057,,0.850,0,
2862,8,66,fog-75,1,fog,0.0,0.0000,0.0000,0,250.000,,0,1.0000,,0.850,0,
2863,8,66,fog-75,1,fog,100.0,0.0000,0.0000,0,250.000,,0,0.9961,,0.850,0,
2864,8,66,fog-75,1,fog,200.0,0.0000,0.0000,0,250.000,,0,0.9922,,0.850,0,
2865,8,66,fog-75,1,fog,300.0,0.0000,0.0000,0,250.000,,0,0.9883,,0.850,0,
2866,8,66,fog-75,1,fog,400.0,0.0000,0.0000,0,250.000,,0,0.9845,,0.850,0,
2867,8,66,fog-75,1,fog,500.0,0.0000,0.0000,8,252.000,0.3062,0,0.9806,,0.850,0,
2868,8,66,fog-75,1,fog,600.0,0.0000,0.0000,0,250.000,,0,0.9767,,0.850,0,
2869,8,66,fog-75,1,fog,700.0,0.0000,0.0000,0,250.000,,0,0.9728,,0.850,0,
2870,8,66,fog-75,1,fog,800.0,0.0000,0.0000,0,250.000,,0,0.9689,,0.850,0,
2871,8,66,fog-75,1,fog,900.0,0.0000,0.0000,0,250.000,,0,0.9650,,0.850,0,
2872,8,66,fog-75,1,fog,1000.0,0.0000,0.0000,0,250.000,,0,0.9611,,0.850,0,
2873,8,66,fog-75,1,fog,1100.0,0.0000,0.0000,0,250.000,,0,0.9572,,0.850,0,
2874,8,66,fog-75,1,fog,1200.0,0.0000,0.0000,0,250.000,,0,0.9534,,0.850,0,
2875,8,66,fog-75,1,fog,1300.0,0.0000,0.0000,0,250.000,,0,0.9495,,0.850,0,
2876,8,66,fog-75,1,fog,1400.0,0.0000,0.0000,0,250.000,,0,0.9456,,0.850,0,
2877,8,66,fog-75,1,fog,1500.0,0.0000,0.0000,0,250.000,,0,0.9417,,0.850,0,
2878,8,66,fog-75,1,fog,1600.0,0.0000,0.0000,9,252.250,0.0000,0,0.9378,,0.850,0,
2879,8,66,fog-75,1,fog,1700.0,0.0000,0.0000,0,250.000,,0,0.9339,,0.850,0,
2880,8,66,fog-75,1,fog,1800.0,0.0000,0.0000,0,250.000,,0,0.9300,,0.850,0,
2881,8,66,fog-75,1,fog,1900.0,0.0000,0.0000,0,250.000,,0,0.9262,,0.850,0,
2882,8,66,fog-75,1,fog,2000.0,0.0000,0.0000,0,250.000,,0,0.9223,,0.850,0,
2883,8,66,fog-75,1,fog,2100.0,0.0000,0.0000,0,250.000,,0,0.9184,,0.850,0,
2884,8,66,fog-75,1,fog,2200.0,0.0000,0.0000,0,250.000,,0,0.9145,,0.850,0,
2885,8,66,fog-75,1,fog,2300.0,0.0000,0.0000,7,251.750,0.3536,0,0.9106,,0.850,0,
2886,8,66,fog-75,1,fog,2400.0,0.0000,0.0000,0,250.000,,0,0.9067,,0.850,0,
2887,8,66,fog-75,1,fog,2500.0,0.0000,0.0000,0,250.000,,0,0.9028,,0.850,0,
2888,8,66,fog-75,1,fog,2600.0,0.0000,0.0000,0,250.000,,0,0.8990,,0.850,0,
2889,8,66,fog-75,1,fog,2700.0,0.0000,0.0000,0,250.000,,0,0.8951,,0.850,0,
2890,8,66,fog-75,1,fog,2800.0,0.0000,0.0000,0,250.000,,0,0.8912,,0.850,0,
2891,8,66,fog-75,1,fog,2900.0,0.0000,0.0000,0,250.000,,0,0.8873,,0.850,0,
2892,8,66,fog-75,1,fog,3000.0,0.0000,0.0000,0,250.000,,0,0.8834,,0.850,0,
2893,8,66,fog-75,1,fog,3100.0,0.0000,0.0000,8,252.000,0.3062,0,0.8795,,0.850,0,
2894,8,66,fog-75,1,fog,3200.0,0.0000,0.0000,9,252.250,0.0000,0,0.8756,,0.850,0,
2895,8,66,fog-75,1,fog,3300.0,0.0000,0.0000,0,250.000,,0,0.8717,,0.850,0,
2896,8,66,fog-75,1,fog,3400.0,0.0000,0.0000,0,250.000,,0,0.8679,,0.850,0,
2897,8,66,fog-75,1,fog,3500.0,0.0000,0.0000,0,250.000,,0,0.8640,,0.850,0,
2898,8,66,fog-75,1,fog,3600.0,0.0000,0.0000,0,250.000,,0,0.8601,,0.850,0,
2899,8,66,fog-75,1,fog,3700.0,0.0000,0.0000,0,250.000,,0,0.8562,,0.850,0,
2900,8,66,fog-75,1,fog,3800.0,0.0000,0.0000,0,250.000,,0,0.8523,,0.850,0,
2901,8,66,fog-75,1,fog,3900.0,0.0000,0.0000,8,252.000,0.3514,0,0.8484,,0.850,0,
2902,8,66,fog-75,1,fog,4000.0,0.0000,0.0000,8,252.000,0.3062,0,0.8445,,0.850,0,
2903,8,66,fog-75,1,fog,4100.0,0.0000,0.0000,0,250.000,,0,0.8407,,0.850,0,
2904,8,66,fog-75,1,fog,4200.0,0.0000,0.0000,0,250.000,,0,0.8368,,0.850,0,
2905,8,66,fog-75,1,fog,4300.0,0.0000,0.0000,0,250.000,,0,0.8329,,0.850,0,
2906,8,66,fog-75,1,fog,4400.0,0.0000,0.0000,0,250.000,,0,0.8290,,0.850,0,
2907,8,66,fog-75,1,fog,4500.0,0.0000,0.0000,0,250.000,,0,0.8251,,0.850,0,
2908,8,66,fog-75,1,fog,4600.0,0.0000,0.0000,0,250.000,,0,0.8212,,0.850,0,
2909,8,66,fog-75,1,fog,4700.0,0.0000,0.0000,8,252.000,0.5364,0,0.8173,,0.850,0,
2910,8,66,fog-75,1,fog,4800.0,0.0000,0.0000,0,250.000,,0,0.8135,,0.850,0,
2911,8,66,fog-75,1,fog,4900.0,0.0000,0.0000,0,250.000,,0,0.8096,,0.850,0,
2912,8,66,fog-75,1,fog,5000.0,0.0000,0.0000,0,250.000,,0,0.8057,,0.850,0,
2913,8,67,fog-76,1,fog,0.0,0.0000,0.0000,0,250.000,,0,1.0000,,0.850,0,
2914,8,67,fog-76,1,fog,100.0,0.0000,0.0000,0,250.000,,0,0.9961,,0.850,0,
2915,8,67,fog-76,1,fog,200.0,0.0000,0.0000,0,250.000,,0,0.9922,,0.850,0,
2916,8,67,fog-76,1,fog,300.0,0.0000,0.0000,0,250.000,,0,0.9883,,0.850,0,
2917,8,67,fog-76,1,fog,400.0,0.0000,0.0000,0,250.000,,0,0.9845,,0.850,0,
2918,8,67,fog-76,1,fog,500.0,0.0000,0.0000,0,250.000,,0,0.9806,,0.850,0,
2919,8,67,fog-76,1,fog,600.0,0.0000,0.0000,0,250.000,,0,0.9767,,0.850,0,
2920,8,67,fog-76,1,fog,700.0,0.0000,0.0000,0,250.000,,0,0.9728,,0.850,0,
2921,8,67,fog-76,1,fog,800.0,0.0000,0.0000,0,250.000,,0,0.9689,,0.850,0,
2922,8,67,fog-76,1,fog,900.0,0.0000,0.0000,0,250.000,,0,0.9650,,0.850,0,
2923,8,67,fog-76,1,fog,1000.0,0.0000,0.0000,0,250.000,,0,0.9611,,0.850,0,
2924,8,67,fog-76,1,fog,1100.0,0.0000,0.0000,0,250.000,,0,0.9572,,0.850,0,
2925,8,67,fog-76,1,fog,1200.0,0.0000,0.0000,0,250.000,,0,0.9534,,0.850,0,
2926,8,67,fog-76,1,fog,1300.0,0.0000,0.0000,0,250.000,,0,0.9495,,0.850,0,
2927,8,67,fog-76,1,fog,1400.0,0.0000,0.0000,0,250.000,,0,0.9456,,0.850,0,
2928,8,67,fog-76,1,fog,1500.0,0.0000,0.0000,0,250.000,,0,0.9417,,0.850,0,
2929,8,67,fog-76,1,fog,1600.0,0.0000,0.0000,0,250.000,,0,0.9378,,0.850,0,
2930,8,67,fog-76,1,fog,1700.0,0.0000,0.0000,0,250.000,,0,0.9339,,0.850,0,
2931,8,67,fog-76,1,fog,1800.0,0.0000,0.0000,0,250.000,,0,0.9300,,0.850,0,
2932,8,67,fog-76,1,fog,1900.0,0.0000,0.0000,0,250.000,,0,0.9262,,0.850,0,
2933,8,67,fog-76,1,fog,2000.0,0.0000,0.0000,0,250.000,,0,0.9223,,0.850,0,
2934,8,67,fog-76,1,fog,2100.0,0.0000,0.0000,0,250.000,,0,0.9184,,0.850,0,
2935,8,67,fog-76,1,fog,2200.0,0.0000,0.0000,0,250.000,,0,0.9145,,0.850,0,
2936,8,67,fog-76,1,fog,2300.0,0.0000,0.0000,0,250.000,,0,0.9106,,0.850,0,
2937,8,67,fog-76,1,fog,2400.0,0.0000,0.0000,0,250.000,,0,0.9067,,0.850,0,
2938,8,67,fog-76,1,fog,2500.0,0.0000,0.0000,0,250.000,,0,0.9028,,0.850,0,
2939,8,67,fog-76,1,fog,2600.0,0.0000,0.0000,0,250.000,,0,0.8990,,0.850,0,
2940,8,67,fog-76,1,fog,2700.0,0.0000,0.0000,0,250.000,,0,0.8951,,0.850,0,
2941,8,67,fog-76,1,fog,2800.0,0.0000,0.0000,0,250.000,,0,0.8912,,0.850,0,
2942,8,67,fog-76,1,fog,2900.0,0.0000,0.0000,0,250.000,,0,0.8873,,0.850,0,
2943,8,67,fog-76,1,fog,3000.0,0.0000,0.0000,0,250.000,,0,0.8834,,0.850,0,
2944,8,67,fog-76,1,fog,3100.0,0.0000,0.0000,0,250.000,,0,0.8795,,0.850,0,
2945,8,67,fog-76,1,fog,3200.0,0.0000,0.0000,0,250.000,,0,0.8756,,0.850,0,
2946,8,67,fog-76,1,fog,3300.0,0.0000,0.0000,0,250.000,,0,0.8717,,0.850,0,
2947,8,67,fog-76,1,fog,3400.0,0.0000,0.0000,0,250.000,,0,0.8679,,0.850,0,
2948,8,67,fog-76,1,fog,3500.0,0.0000,0.0000,0,250.000,,0,0.8640,,0.850,0,
2949,8,67,fog-76,1,fog,3600.0,0.0000,0.0000,0,250.000,,0,0.8601,,0.850,0,
2950,8,67,fog-76,1,fog,3700.0,0.0000,0.0000,0,250.000,,0,0.8562,,0.850,0,
2951,8,67,fog-76,1,fog,3800.0,0.0000,0.0000,0,250.000,,0,0.8523,,0.850,0,
2952,8,67,fog-76,1,fog,3900.0,0.0000,0.0000,0,250.000,,0,0.8484,,0.850,0,
2953,8,67,fog-76,1,fog,4000.0,0.0000,0.0000,0,250.000,,0,0.8445,,0.850,0,
2954,8,67,fog-76,1,fog,4100.0,0.0000,0.0000,0,250.000,,0,0.8407,,0.850,0,
2955,8,67,fog-76,1,fog,4200.0,0.0000,0.0000,0,250.000,,0,0.8368,,0.850,0,
2956,8,67,fog-76,1,fog,4300.0,0.0000,0.0000,0,250.000,,0,0.8329,,0.850,0,
2957,8,67,fog-76,1,fog,4400.0,0.0000,0.0000,0,250.000,,0,0.8290,,0.850,0,
2958,8,67,fog-76,1,fog,4500.0,0.0000,0.0000,0,250.000,,0,0.8251,,0.850,0,
2959,8,67,fog-76,1,fog,4600.0,0.0000,0.0000,0,250.000,,0,0.8212,,0.850,0,
2960,8,67,fog-76,1,fog,4700.0,0.0000,0.0000,0,250.000,,0,0.8173,,0.850,0,
2961,8,67,fog-76,1,fog,4800.0,0.0000,0.0000,0,250.000,,0,0.8135,,0.850,0,
2962,8,67,fog-76,1,fog,4900.0,0.0000,0.0000,0,250.000,,0,0.8096,,0.850,0,
2963,8,67,fog-76,1,fog,5000.0,0.0000,0.0000,0,250.000,,0,0.8057,,0.850,0,
2964,8,68,fog-77,1,fog,0.0,0.0000,0.0000,0,250.000,,0,1.0000,,0.850,0,
2965,8,68,fog-77,1,fog,100.0,0.0000,0.0000,0,250.000,,0,0.9961,,0.850,0,
2966,8,68,fog-77,1,fog,200.0,0.0000,0.0000,0,250.000,,0,0.9922,,0.850,0,
2967,8,68,fog-77,1,fog,300.0,0.0000,0.0000,0,250.000,,0,0.9883,,0.850,0,
2968,8,68,fog-77,1,fog,400.0,0.0000,0.0000,0,250.000,,0,0.9845,,0.850,0,
2969,8,68,fog-77,1,fog,500.0,0.0000,0.0000,0,250.000,,0,0.9806,,0.850,0,
2970,8,68,fog-77,1,fog,600.0,0.0000,0.0000,0,250.000,,0,0.9767,,0.850,0,
2971,8,68,fog-77,1,fog,700.0,0.0000,0.0000,0,250.000,,0,0.9728,,0.850,0,
2972,8,68,fog-77,1,fog,800.0,0.0000,0.0000,0,250.000,,0,0.9689,,0.850,0,
2973,8,68,fog-77,1,fog,900.0,0.0000,0.0000,0,250.000,,0,0.9650,,0.850,0,
2974,8,68,fog-77,1,fog,1000.0,0.0000,0.0000,0,250.000,,0,0.9611,,0.850,0,
2975,8,68,fog-77,1,fog,1100.0,0.0000,0.0000,0,250.000,,0,0.9572,,0.850,0,
2976,8,68,fog-77,1,fog,1200.0,0.0000,0.0000,0,250.000,,0,0.9534,,0.850,0,
2977,8,68,fog-77,1,fog,1300.0,0.0000,0.0000,0,250.000,,0,0.9495,,0.850,0,
2978,8,68,fog-77,1,fog,1400.0,0.0000,0.0000,0,250.000,,0,0.9456,,0.850,0,
2979,8,68,fog-77,1,fog,1500.0,0.0000,0.0000,0,250.000,,0,0.9417,,0.850,0,
2980,8,68,fog-77,1,fog,1600.0,0.0000,0.0000,0,250.000,,0,0.9378,,0.850,0,
2981,8,68,fog-77,1,fog,1700.0,0.0000,0.0000,0,250.000,,0,0.9339,,0.850,0,
2982,8,68,fog-77,1,fog,1800.0,0.0000,0.0000,0,250.000,,0,0.9300,,0.850,0,
2983,8,68,fog-77,1,fog,1900.0,0.0000,0.0000,0,250.000,,0,0.9262,,0.850,0,
2984,8,68,fog-77,1,fog,2000.0,0.0000,0.0000,0,250.000,,0,0.9223,,0.850,0,
2985,8,68,fog-77,1,fog,2100.0,0.0000,0.0000,0,250.000,,0,0.9184,,0.850,0,
2986,8,68,fog-77,1,fog,2200.0,0.0000,0.0000,0,250.000,,0,0.9145,,0.850,0,
2987,8,68,fog-77,1,fog,2300.0,0.0000,0.0000,0,250.000,,0,0.9106,,0.850,0,
2988,8,68,fog-77,1,fog,2400.0,0.0000,0.0000,0,250.000,,0,0.9067,,0.850,0,
2989,8,68,fog-77,1,fog,2500.0,0.0000,0.0000,0,250.000,,0,0.9028,,0.850,0,
2990,8,68,fog-77,1,fog,2600.0,0.0000,0.0000,0,250.000,,0,0.8990,,0.850,0,
2991,8,68,fog-77,1,fog,2700.0,0.0000,0.0000,0,250.000,,0,0.8951,,0.850,0,
2992,8,68,fog-77,1,fog,2800.0,0.0000,0.0000,0,250.000,,0,0.8912,,0.850,0,
2993,8,68,fog-77,1,fog,2900.0,0.0000,0.0000,0,250.000,,0,0.8873,,0.850,0,
2994,8,68,fog-77,1,fog,3000.0,0.0000,0.0000,0,250.000,,0,0.8834,,0.850,0,
2995,8,68,fog-77,1,fog,3100.0,0.0000,0.0000,0,250.000,,0,0.8795,,0.850,0,
2996,8,68,fog-77,1,fog,3200.0,0.0000,0.0000,0,250.000,,0,0.8756,,0.850,0,
2997,8,68,fog-77,1,fog,3300.0,0.0000,0.0000,0,250.000,,0,0.8717,,0.850,0,
2998,8,68,fog-77,1,fog,3400.0,0.0000,0.0000,0,250.000,,0,0.8679,,0.850,0,
2999,8,68,fog-77,1,fog,3500.0,0.0000,0.0000,0,250.000,,0,0.8640,,0.850,0,
3000,8,68,fog-77,1,fog,3600.0,0.0000,0.0000,0,250.000,,0,0.8601,,0.850,0,
3001,8,68,fog-77,1,fog,3700.0,0.0000,0.0000,0,250.000,,0,0.8562,,0.850,0,
3002,8,68,fog-77,1,fog,3800.0,0.0000,0.0000,0,250.000,,0,0.8523,,0.850,0,
3003,8,68,fog-77,1,fog,3900.0,0.0000,0.0000,0,250.000,,0,0.8484,,0.850,0,
3004,8,68,fog-77,1,fog,4000.0,0.0000,0.0000,0,250.000,,0,0.8445,,0.850,0,
3005,8,68,fog-77,1,fog,4100.0,0.0000,0.0000,0,250.000,,0,0.8407,,0.850,0,
3006,8,68,fog-77,1,fog,4200.0,0.0000,0.0000,0,250.000,,0,0.8368,,0.850,0,
3007,8,68,fog-77,1,fog,4300.0,0.0000,0.0000,0,250.000,,0,0.8329,,0.850,0,
3008,8,68,fog-77,1,fog,4400.0,0.0000,0.0000,0,250.000,,0,0.8290,,0.850,0,
3009,8,68,fog-77,1,fog,4500.0,0.0000,0.0000,0,250.000,,0,0.8251,,0.850,0,
3010,8,68,fog-77,1,fog,4600.0,0.0000,0.0000,0,250.000,,0,0.8212,,0.850,0,
3011,8,68,fog-77,1,fog,4700.0,0.0000,0.0000,0,250.000,,0,0.8173,,0.850,0,
3012,8,68,fog-77,1,fog,4800.0,0.0000,0.0000,0,250.000,,0,0.8135,,0.850,0,
3013,8,68,fog-77,1,fog,4900.0,0.0000,0.0000,0,250.000,,0,0.8096,,0.850,0,
3014,8,68,fog-77,1,fog,5000.0,0.0000,0.0000,0,250.000,,0,0.8057,,0.850,0,
3015,8,69,fog-78,1,fog,0.0,0.0000,0.0000,0,250.000,,0,1.0000,,0.850,0,
3016,8,69,fog-78,1,fog,100.0,0.0000,0.0000,0,250.000,,0,0.9961,,0.850,0,
3017,8,69,fog-78,1,fog,200.0,0.0000,0.0000,0,250.000,,0,0.9922,,0.850,0,
3018,8,69,fog-78,1,fog,300.0,0.0000,0.0000,0,250.000,,0,0.9883,,0.850,0,
3019,8,69,fog-78,1,fog,400.0,0.0000,0.0000,0,250.000,,0,0.9845,,0.850,0,
3020,8,69,fog-78,1,fog,500.0,0.0000,0.0000,0,250.000,,0,0.9806,,0.850,0,
3021,8,69,fog-78,1,fog,600.0,0.0000,0.0000,0,250.000,,0,0.9767,,0.850,0,
3022,8,69,fog-78,1,fog,700.0,0.0000,0.0000,0,250.000,,0,0.9728,,0.850,0,
3023,8,69,fog-78,1,fog,800.0,0.0000,0.0000,0,250.000,,0,0.9689,,0.850,0,
3024,8,69,fog-78,1,fog,900.0,0.0000,0.0000,0,250.000,,0,0.9650,,0.850,0,
3025,8,69,fog-78,1,fog,1000.0,0.0000,0.0000,0,250.000,,0,0.9611,,0.850,0,
3026,8,69,fog-78,1,fog,1100.0,0.0000,0.0000,0,250.000,,0,0.9572,,0.850,0,
3027,8,69,fog-78,1,fog,1200.0,0.0000,0.0000,0,250.000,,0,0.9534,,0.850,0,
3028,8,69,fog-78,1,fog,1300.0,0.0000,0.0000,0,250.000,,0,0.9495,,0.850,0,
3029,8,69,fog-78,1,fog,1400.0,0.0000,0.0000,0,250.000,,0,0.9456,,0.850,0,
3030,8,69,fog-78,1,fog,1500.0,0.0000,0.0000,0,250.000,,0,0.9417,,0.850,0,
3031,8,69,fog-78,1,fog,1600.0,0.0000,0.0000,0,250.000,,0,0.9378,,0.850,0,
3032,8,69,fog-78,1,fog,1700.0,0.0000,0.0000,0,250.000,,0,0.9339,,0.850,0,
3033,8,69,fog-78,1,fog,1800.0,0.0000,0.0000,0,250.000,,0,0.9300,,0.850,0,
3034,8,69,fog-78,1,fog,1900.0,0.0000,0.0000,0,250.000,,0,0.9262,,0.850,0,
3035,8,69,fog-78,1,fog,2000.0,0.0000,0.0000,0,250.000,,0,0.9223,,0.850,0,
3036,8,69,fog-78,1,fog,2100.0,0.0000,0.0000,0,250.000,,0,0.9184,,0.850,0,
3037,8,69,fog-78,1,fog,2200.0,0.0000,0.0000,0,250.000,,0,0.9145,,0.850,0,
3038,8,69,fog-78,1,fog,2300.0,0.0000,0.0000,0,250.000,,0,0.9106,,0.850,0,
3039,8,69,fog-78,1,fog,2400.0,0.0000,0.0000,0,250.000,,0,0.9067,,0.850,0,
3040,8,69,fog-78,1,fog,2500.0,0.0000,0.0000,0,250.000,,0,0.9028,,0.850,0,
3041,8,69,fog-78,1,fog,2600.0,0.0000,0.0000,0,250.000,,0,0.8990,,0.850,0,
3042,8,69,fog-78,1,fog,2700.0,0.0000,0.0000,0,250.000,,0,0.8951,,0.850,0,
3043,8,69,fog-78,1,fog,2800.0,0.0000,0.0000,0,250.000,,0,0.8912,,0.850,0,
3044,8,69,fog-78,1,fog,2900.0,0.0000,0.0000,0,250.000,,0,0.8873,,0.850,0,
3045,8,69,fog-78,1,fog,3000.0,0.0000,0.0000,0,250.000,,0,0.8834,,0.850,0,
3046,8,69,fog-78,1,fog,3100.0,0.0000,0.0000,0,250.000,,0,0.8795,,0.850,0,
3047,8,69,fog-78,1,fog,3200.0,0.0000,0.0000,0,250.000,,0,0.8756,,0.850,0,
3048,8,69,fog-78,1,fog,3300.0,0.0000,0.0000,0,250.000,,0,0.8717,,0.850,0,
3049,8,69,fog-78,1,fog,3400.0,0.0000,0.0000,0,250.000,,0,0.8679,,0.850,0,
3050,8,69,fog-78,1,fog,3500.0,0.0000,0.0000,0,250.000,,0,0.8640,,0.850,0,
3051,8,69,fog-78,1,fog,3600.0,0.0000,0.0000,0,250.000,,0,0.8601,,0.850,0,
3052,8,69,fog-78,1,fog,3700.0,0.0000,0.0000,0,250.000,,0,0.8562,,0.850,0,
3053,8,69,fog-78,1,fog,3800.0,0.0000,0.0000,0,250.000,,0,0.8523,,0.850,0,
3054,8,69,fog-78,1,fog,3900.0,0.0000,0.0000,0,250.000,,0,0.8484,,0.850,0,
3055,8,69,fog-78,1,fog,4000.0,0.0000,0.0000,0,250.000,,0,0.8445,,0.850,0,
3056,8,69,fog-78,1,fog,4100.0,0.0000,0.0000,0,250.000,,0,0.8407,,0.850,0,
3057,8,69,fog-78,1,fog,4200.0,0.0000,0.0000,0,250.000,,0,0.8368,,0.850,0,
3058,8,69,fog-78,1,fog,4300.0,0.0000,0.0000,0,250.000,,0,0.8329,,0.850,0,
3059,8,69,fog-78,1,fog,4400.0,0.0000,0.0000,0,250.000,,0,0.8290,,0.850,0,
3060,8,69,fog-78,1,fog,4500.0,0.0000,0.0000,0,250.000,,0,0.8251,,0.850,0,
3061,8,69,fog-78,1,fog,4600.0,0.0000,0.0000,0,250.000,,0,0.8212,,0.850,0,
3062,8,69,fog-78,1,fog,4700.0,0.0000,0.0000,0,250.000,,0,0.8173,,0.850,0,
3063,8,69,fog-78,1,fog,4800.0,0.0000,0.0000,0,250.000,,0,0.8135,,0.850,0,
3064,8,69,fog-78,1,fog,4900.0,0.0000,0.0000,0,250.000,,0,0.8096,,0.850,0,
3065,8,69,fog-78,1,fog,5000.0,0.0000,0.0000,0,250.000,,0,0.8057,,0.850,0,
3066,8,70,fog-79,1,fog,0.0,0.0000,0.0000,0,250.000,,0,1.0000,,0.850,0,2031.8
3067,8,70,fog-79,1,fog,100.0,0.0000,0.0000,0,250.000,,0,0.9961,,0.850,0,2031.8
3068,8,70,fog-79,1,fog,200.0,0.0000,0.0000,0,250.000,,0,0.9922,,0.850,0,2031.8
3069,8,70,fog-79,1,fog,300.0,0.0000,0.0000,0,250.000,,0,0.9883,,0.850,0,2031.8
3070,8,70,fog-79,1,fog,400.0,0.0000,0.0000,0,250.000,,0,0.9845,,0.850,0,2031.8
3071,8,70,fog-79,1,fog,500.0,0.0000,0.0000,0,250.000,,0,0.9806,,0.850,0,2031.8
3072,8,70,fog-79,1,fog,600.0,0.0000,0.0000,0,250.000,,0,0.9767,,0.850,0,2031.8
3073,8,70,fog-79,1,fog,700.0,0.0000,0.0000,0,250.000,,0,0.9728,,0.850,0,2031.8
3074,8,70,fog-79,1,fog,800.0,0.0000,0.0000,0,250.000,,0,0.9689,,0.850,0,2031.8
3075,8,70,fog-79,1,fog,900.0,0.0000,0.0000,0,250.000,,0,0.9650,,0.850,0,2031.8
3076,8,70,fog-79,1,fog,1000.0,0.0000,0.0000,0,250.000,,0,0.9611,,0.850,0,2031.8
3077,8,70,fog-79,1,fog,1100.0,0.0000,0.0000,0,250.000,,0,0.9572,,0.850,0,2031.8
3078,8,70,fog-79,1,fog,1200.0,0.0000,0.0000,0,250.000,,0,0.9534,,0.850,0,2031.8
3079,8,70,fog-79,1,fog,1300.0,0.0000,0.0000,0,250.000,,0,0.9495,,0.850,0,2031.8
3080,8,70,fog-79,1,fog,1400.0,0.0000,0.0000,0,250.000,,0,0.9456,,0.850,0,2031.8
3081,8,70,fog-79,1,fog,1500.0,0.0000,0.0000,0,250.000,,0,0.9417,,0.850,0,2031.8
3082,8,70,fog-79,1,fog,1600.0,0.0000,0.0000,0,250.000,,0,0.9378,,0.850,0,2031.8
3083,8,70,fog-79,1,fog,1700.0,0.0000,0.0000,0,250.000,,0,0.9339,,0.850,0,2031.8
3084,8,70,fog-79,1,fog,1800.0,0.0000,0.0000,0,250.000,,0,0.9300,,0.850,0,2031.8
3085,8,70,fog-79,1,fog,1900.0,0.0000,0.0000,0,250.000,,0,0.9262,,0.850,1,2031.8
3086,8,70,fog-79,1,fog,2000.0,0.0000,0.0000,0,250.000,,0,0.9223,,0.850,1,2031.8
3087,8,71,fog-80,1,fog,0.0,0.0000,0.0000,0,250.000,,0,1.0000,,0.850,0,
3088,8,71,fog-80,1,fog,100.0,0.0000,0.0000,0,250.000,,0,0.9961,,0.850,0,
3089,8,71,fog-80,1,fog,200.0,0.0000,0.0000,0,250.000,,0,0.9922,,0.850,0,
3090,8,71,fog-80,1,fog,300.0,0.0000,0.0000,0,250.000,,0,0.9883,,0.850,0,
3091,8,71,fog-80,1,fog,400.0,0.0000,0.0000,0,250.000,,0,0.9845,,0.850,0,
3092,8,71,fog-80,1,fog,500.0,0.0000,0.0000,0,250.000,,0,0.9806,,0.850,0,
3093,8,71,fog-80,1,fog,600.0,0.0000,0.0000,0,250.000,,0,0.9767,,0.850,0,
3094,8,71,fog-80,1,fog,700.0,0.0000,0.0000,0,250.000,,0,0.9728,,0.850,0,
3095,8,71,fog-80,1,fog,800.0,0.0000,0.0000,0,250.000,,0,0.9689,,0.850,0,
3096,8,71,fog-80,1,fog,900.0,0.0000,0.0000,0,250.000,,0,0.9650,,0.850,0,
3097,8,71,fog-80,1,fog,1000.0,0.0000,0.0000,0,250.000,,0,0.9611,,0.850,0,
3098,8,71,fog-80,1,fog,1100.0,0.0000,0.0000,0,250.000,,0,0.9572,,0.850,0,
3099,8,71,fog-80,1,fog,1200.0,0.0000,0.0000,0,250.000,,0,0.9534,,0.850,0,
3100,8,71,fog-80,1,fog,1300.0,0.0000,0.0000,0,250.000,,0,0.9495,,0.850,0,
3101,8,71,fog-80,1,fog,1400.0,0.0000,0.0000,0,250.000,,0,0.9456,,0.850,0,
3102,8,71,fog-80,1,fog,1500.0,0.0000,0.0000,0,250.000,,0,0.9417,,0.850,0,
3103,8,71,fog-80,1,fog,1600.0,0.0000,0.0000,0,250.000,,0,0.9378,,0.850,0,
3104,8,71,fog-80,1,fog,1700.0,0.0000,0.0000,0,250.000,,0,0.9339,,0.850,0,
3105,8,71,fog-80,1,fog,1800.0,0.0000,0.0000,0,250.000,,0,0.9300,,0.850,0,
3106,8,71,fog-80,1,fog,1900.0,0.0000,0.0000,0,250.000,,0,0.9262,,0.850,0,
3107,8,71,fog-80,1,fog,2000.0,0.0000,0.0000,0,250.000,,0,0.9223,,0.850,0,
3108,8,71,fog-80,1,fog,2100.0,0.0000,0.0000,0,250.000,,0,0.9184,,0.850,0,
3109,8,71,fog-80,1,fog,2200.0,0.0000,0.0000,0,250.000,,0,0.9145,,0.850,0,
3110,8,71,fog-80,1,fog,2300.0,0.0000,0.0000,0,250.000,,0,0.9106,,0.850,0,
3111,8,71,fog-80,1,fog,2400.0,0.0000,0.0000,0,250.000,,0,0.9067,,0.850,0,
3112,8,71,fog-80,1,fog,2500.0,0.0000,0.0000,0,250.000,,0,0.9028,,0.850,0,
3113,8,71,fog-80,1,fog,2600.0,0.0000,0.0000,0,250.000,,0,0.8990,,0.850,0,
3114,8,71,fog-80,1,fog,2700.0,0.0000,0.0000,0,250.000,,0,0.8951,,0.850,0,
3115,8,71,fog-80,1,fog,2800.0,0.0000,0.0000,0,250.000,,0,0.8912,,0.850,0,
3116,8,71,fog-80,1,fog,2900.0,0.0000,0.0000,0,250.000,,0,0.8873,,0.850,0,
3117,8,71,fog-80,1,fog,3000.0,0.0000,0.0000,0,250.000,,0,0.8834,,0.850,0,
3118,8,71,fog-80,1,fog,3100.0,0.0000,0.0000,0,250.000,,0,0.8795,,0.850,0,
3119,8,71,fog-80,1,fog,3200.0,0.0000,0.0000,0,250.000,,0,0.8756,,0.850,0,
3120,8,71,fog-80,1,fog,3300.0,0.0000,0.0000,0,250.000,,0,0.8717,,0.850,0,
3121,8,71,fog-80,1,fog,3400.0,0.0000,0.0000,0,250.000,,0,0.8679,,0.850,0,
3122,8,71,fog-80,1,fog,3500.0,0.0000,0.0000,0,250.000,,0,0.8640,,0.850,0,
3123,8,71,fog-80,1,fog,3600.0,0.0000,0.0000,0,250.000,,0,0.8601,,0.850,0,
3124,8,71,fog-80,1,fog,3700.0,0.0000,0.0000,0,250.000,,0,0.8562,,0.850,0,
3125,8,71,fog-80,1,fog,3800.0,0.0000,0.0000,0,250.000,,0,0.8523,,0.850,0,
3126,8,71,fog-80,1,fog,3900.0,0.0000,0.0000,0,250.000,,0,0.8484,,0.850,0,
3127,8,71,fog-80,1,fog,4000.0,0.0000,0.0000,0,250.000,,0,0.8445,,0.850,0,
3128,8,71,fog-80,1,fog,4100.0,0.0000,0.0000,0,250.000,,0,0.8407,,0.850,0,
3129,8,71,fog-80,1,fog,4200.0,0.0000,0.0000,0,250.000,,0,0.8368,,0.850,0,
3130,8,71,fog-80,1,fog,4300.0,0.0000,0.0000,0,250.000,,0,0.8329,,0.850,0,
3131,8,71,fog-80,1,fog,4400.0,0.0000,0.0000,0,250.000,,0,0.8290,,0.850,0,
3132,8,71,fog-80,1,fog,4500.0,0.0000,0.0000,0,250.000,,0,0.8251,,0.850,0,
3133,8,71,fog-80,1,fog,4600.0,0.0000,0.0000,0,250.000,,0,0.8212,,0.850,0,
3134,8,71,fog-80,1,fog,4700.0,0.0000,0.0000,0,250.000,,0,0.8173,,0.850,0,
3135,8,71,fog-80,1,fog,4800.0,0.0000,0.0000,0,250.000,,0,0.8135,,0.850,0,
3136,8,71,fog-80,1,fog,4900.0,0.0000,0.0000,0,250.000,,0,0.8096,,0.850,0,
3137,8,71,fog-80,1,fog,5000.0,0.0000,0.0000,0,250.000,,0,0.8057,,0.850,0,
3138,8,72,fog-81,1,fog,0.0,0.0000,0.0000,0,250.000,,0,1.0000,,0.850,0,
3139,8,72,fog-81,1,fog,100.0,0.0000,0.0000,0,250.000,,0,0.9961,,0.850,0,
3140,8,72,fog-81,1,fog,200.0,0.0000,0.0000,0,250.000,,0,0.9922,,0.850,0,
3141,8,72,fog-81,1,fog,300.0,0.0000,0.0000,0,250.000,,0,0.9883,,0.850,0,
3142,8,72,fog-81,1,fog,400.0,0.0000,0.0000,0,250.000,,0,0.9845,,0.850,0,
3143,8,72,fog-81,1,fog,500.0,0.0000,0.0000,0,250.000,,0,0.9806,,0.850,0,
3144,8,72,fog-81,1,fog,600.0,0.0000,0.0000,0,250.000,,0,0.9767,,0.850,0,
3145,8,72,fog-81,1,fog,700.0,0.0000,0.0000,0,250.000,,0,0.9728,,0.850,0,
3146,8,72,fog-81,1,fog,800.0,0.0000,0.0000,0,250.000,,0,0.9689,,0.850,0,
3147,8,72,fog-81,1,fog,900.0,0.0000,0.0000,0,250.000,,0,0.9650,,0.850,0,
3148,8,72,fog-81,1,fog,1000.0,0.0000,0.0000,0,250.000,,0,0.9611,,0.850,0,
3149,8,72,fog-81,1,fog,1100.0,0.0000,0.0000,0,250.000,,0,0.9572,,0.850,0,
3150,8,72,fog-81,1,fog,1200.0,0.0000,0.0000,0,250.000,,0,0.9534,,0.850,0,
3151,8,72,fog-81,1,fog,1300.0,0.0000,0.0000,0,250.000,,0,0.9495,,0.850,0,
3152,8,72,fog-81,1,fog,1400.0,0.0000,0.0000,0,250.000,,0,0.9456,,0.850,0,
3153,8,72,fog-81,1,fog,1500.0,0.0000,0.0000,0,250.000,,0,0.9417,,0.850,0,
3154,8,72,fog-81,1,fog,1600.0,0.0000,0.0000,0,250.000,,0,0.9378,,0.850,0,
3155,8,72,fog-81,1,fog,1700.0,0.0000,0.0000,0,250.000,,0,0.9339,,0.850,0,
3156,8,72,fog-81,1,fog,1800.0,0.0000,0.0000,0,250.000,,0,0.9300,,0.850,0,
3157,8,72,fog-81,1,fog,1900.0,0.0000,0.0000,0,250.000,,0,0.9262,,0.850,0,
3158,8,72,fog-81,1,fog,2000.0,0.0000,0.0000,0,250.000,,0,0.9223,,0.850,0,
3159,8,72,fog-81,1,fog,2100.0,0.0000,0.0000,0,250.000,,0,0.9184,,0.850,0,
3160,8,72,fog-81,1,fog,2200.0,0.0000,0.0000,0,250.000,,0,0.9145,,0.850,0,
3161,8,72,fog-81,1,fog,2300.0,0.0000,0.0000,0,250.000,,0,0.9106,,0.850,0,
3162,8,72,fog-81,1,fog,2400.0,0.0000,0.0000,0,250.000,,0,0.9067,,0.850,0,
3163,8,72,fog-81,1,fog,2500.0,0.0000,0.0000,0,250.000,,0,0.9028,,0.850,0,
3164,8,72,fog-81,1,fog,2600.0,0.0000,0.0000,0,250.000,,0,0.8990,,0.850,0,
3165,8,72,fog-81,1,fog,2700.0,0.0000,0.0000,0,250.000,,0,0.8951,,0.850,0,
3166,8,72,fog-81,1,fog,2800.0,0.0000,0.0000,0,250.000,,0,0.8912,,0.850,0,
3167,8,72,fog-81,1,fog,2900.0,0.0000,0.0000,0,250.000,,0,0.8873,,0.850,0,
3168,8,72,fog-81,1,fog,3000.0,0.0000,0.0000,0,250.000,,0,0.8834,,0.850,0,
3169,8,72,fog-81,1,fog,3100.0,0.0000,0.0000,0,250.000,,0,0.8795,,0.850,0,
3170,8,72,fog-81,1,fog,3200.0,0.0000,0.0000,0,250.000,,0,0.8756,,0.850,0,
3171,8,72,fog-81,1,fog,3300.0,0.0000,0.0000,0,250.000,,0,0.8717,,0.850,0,
3172,8,72,fog-81,1,fog,3400.0,0.0000,0.0000,0,250.000,,0,0.8679,,0.850,0,
3173,8,72,fog-81,1,fog,3500.0,0.0000,0.0000,0,250.000,,0,0.8640,,0.850,0,
3174,8,72,fog-81,1,fog,3600.0,0.0000,0.0000,0,250.000,,0,0.8601,,0.850,0,
3175,8,72,fog-81,1,fog,3700.0,0.0000,0.0000,0,250.000,,0,0.8562,,0.850,0,
3176,8,72,fog-81,1,fog,3800.0,0.0000,0.0000,0,250.000,,0,0.8523,,0.850,0,
3177,8,72,fog-81,1,fog,3900.0,0.0000,0.0000,0,250.000,,0,0.8484,,0.850,0,
3178,8,72,fog-81,1,fog,4000.0,0.0000,0.0000,0,250.000,,0,0.8445,,0.850,0,
3179,8,72,fog-81,1,fog,4100.0,0.0000,0.0000,0,250.000,,0,0.8407,,0.850,0,
3180,8,72,fog-81,1,fog,4200.0,0.0000,0.0000,0,250.000,,0,0.8368,,0.850,0,
3181,8,72,fog-81,1,fog,4300.0,0.0000,0.0000,0,250.000,,0,0.8329,,0.850,0,
3182,8,72,fog-81,1,fog,4400.0,0.0000,0.0000,0,250.000,,0,0.8290,,0.850,0,
3183,8,72,fog-81,1,fog,4500.0,0.0000,0.0000,0,250.000,,0,0.8251,,0.850,0,
3184,8,72,fog-81,1,fog,4600.0,0.0000,0.0000,0,250.000,,0,0.8212,,0.850,0,
3185,8,72,fog-81,1,fog,4700.0,0.0000,0.0000,0,250.000,,0,0.8173,,0.850,0,
3186,8,72,fog-81,1,fog,4800.0,0.0000,0.0000,0,250.000,,0,0.8135,,0.850,0,
3187,8,72,fog-81,1,fog,4900.0,0.0000,0.0000,0,250.000,,0,0.8096,,0.850,0,
3188,8,72,fog-81,1,fog,5000.0,0.0000,0.0000,0,250.000,,0,0.8057,,0.850,0,
3189,8,73,fog-82,1,fog,0.0,0.0000,0.0000,0,250.000,,0,1.0000,,0.850,0,
3190,8,73,fog-82,1,fog,100.0,0.0000,0.0000,0,250.000,,0,0.9961,,0.850,0,
3191,8,73,fog-82,1,fog,200.0,0.0000,0.0000,8,252.000,0.3514,0,0.9922,,0.850,0,
3192,8,73,fog-82,1,fog,300.0,0.0000,0.0000,0,250.000,,0,0.9883,,0.850,0,
3193,8,73,fog-82,1,fog,400.0,0.0000,0.0000,10,252.500,0.0000,0,0.9845,,0.850,0,
3194,8,73,fog-82,1,fog,500.0,0.0000,0.0000,0,250.000,,0,0.9806,,0.850,0,
3195,8,73,fog-82,1,fog,600.0,0.0000,0.0000,0,250.000,,0,0.9767,,0.850,0,
3196,8,73,fog-82,1,fog,700.0,0.0000,0.0000,0,250.000,,0,0.9728,,0.850,0,
3197,8,73,fog-82,1,fog,800.0,0.0000,0.0000,0,250.000,,0,0.9689,,0.850,0,
3198,8,73,fog-82,1,fog,900.0,0.0000,0.0000,0,250.000,,0,0.9650,,0.850,0,
3199,8,73,fog-82,1,fog,1000.0,0.0000,0.0000,0,250.000,,0,0.9611,,0.850,0,
3200,8,73,fog-82,1,fog,1100.0,0.0000,0.0000,0,250.000,,0,0.9572,,0.850,0,
3201,8,73,fog-82,1,fog,1200.0,0.0000,0.0000,0,250.000,,0,0.9534,,0.850,0,
3202,8,73,fog-82,1,fog,1300.0,0.0000,0.0000,0,250.000,,0,0.9495,,0.850,0,
3203,8,73,fog-82,1,fog,1400.0,0.0000,0.0000,0,250.000,,0,0.9456,,0.850,0,
3204,8,73,fog-82,1,fog,1500.0,0.0000,0.0000,0,250.000,,0,0.9417,,0.850,0,
3205,8,73,fog-82,1,fog,1600.0,0.0000,0.0000,0,250.000,,0,0.9378,,0.850,0,
3206,8,73,fog-82,1,fog,1700.0,0.0000,0.0000,0,250.000,,0,0.9339,,0.850,0,
3207,8,73,fog-82,1,fog,1800.0,0.0000,0.0000,8,252.000,0.0000,0,0.9300,,0.850,0,
3208,8,73,fog-82,1,fog,1900.0,0.0000,0.0000,0,250.000,,0,0.9262,,0.850,0,
3209,8,73,fog-82,1,fog,2000.0,0.0000,0.0000,8,252.000,0.3062,0,0.9223,,0.850,0,
3210,8,73,fog-82,1,fog,2100.0,0.0000,0.0000,0,250.000,,0,0.9184,,0.850,0,
3211,8,73,fog-82,1,fog,2200.0,0.0000,0.0000,9,252.250,0.2940,0,0.9145,,0.850,0,
3212,8,73,fog-82,1,fog,2300.0,0.0000,0.0000,0,250.000,,0,0.9106,,0.850,0,
3213,8,73,fog-82,1,fog,2400.0,0.0000,0.0000,0,250.000,,0,0.9067,,0.850,0,
3214,8,73,fog-82,1,fog,2500.0,0.0000,0.0000,0,250.000,,0,0.9028,,0.850,0,
3215,8,73,fog-82,1,fog,2600.0,0.0000,0.0000,0,250.000,,0,0.8990,,0.850,0,
3216,8,73,fog-82,1,fog,2700.0,0.0000,0.0000,0,250.000,,0,0.8951,,0.850,0,
3217,8,73,fog-82,1,fog,2800.0,0.0000,0.0000,0,250.000,,0,0.8912,,0.850,0,
3218,8,73,fog-82,1,fog,2900.0,0.0000,0.0000,0,250.000,,0,0.8873,,0.850,0,
3219,8,73,fog-82,1,fog,3000.0,0.0000,0.0000,0,250.000,,0,0.8834,,0.850,0,
3220,8,73,fog-82,1,fog,3100.0,0.0000,0.0000,0,250.000,,0,0.8795,,0.850,0,
3221,8,73,fog-82,1,fog,3200.0,0.0000,0.0000,0,250.000,,0,0.8756,,0.850,0,
3222,8,73,fog-82,1,fog,3300.0,0.0000,0.0000,8,252.000,0.3062,0,0.8717,,0.850,0,
3223,8,73,fog-82,1,fog,3400.0,0.0000,0.0000,7,251.750,0.3536,0,0.8679,,0.850,0,
3224,8,73,fog-82,1,fog,3500.0,0.0000,0.0000,0,250.000,,0,0.8640,,0.850,0,
3225,8,73,fog-82,1,fog,3600.0,0.0000,0.0000,9,252.250,0.2940,0,0.8601,,0.850,0,
3226,8,73,fog-82,1,fog,3700.0,0.0000,0.0000,0,250.000,,0,0.8562,,0.850,0,
3227,8,73,fog-82,1,fog,3800.0,0.0000,0.0000,8,252.000,0.0000,0,0.8523,,0.850,0,
3228,8,73,fog-82,1,fog,3900.0,0.0000,0.0000,0,250.000,,0,0.8484,,0.850,0,
3229,8,73,fog-82,1,fog,4000.0,0.0000,0.0000,0,250.000,,0,0.8445,,0.850,0,
3230,8,73,fog-82,1,fog,4100.0,0.0000,0.0000,0,250.000,,0,0.8407,,0.850,0,
3231,8,73,fog-82,1,fog,4200.0,0.0000,0.0000,8,252.000,0.0000,0,0.8368,,0.850,0,
3232,8,73,fog-82,1,fog,4300.0,0.0000,0.0000,0,250.000,,0,0.8329,,0.850,0,
3233,8,73,fog-82,1,fog,4400.0,0.0000,0.0000,0,250.000,,0,0.8290,,0.850,0,
3234,8,73,fog-82,1,fog,4500.0,0.0000,0.0000,0,250.000,,0,0.8251,,0.850,0,
3235,8,73,fog-82,1,fog,4600.0,0.0000,0.0000,0,250.000,,0,0.8212,,0.850,0,
3236,8,73,fog-82,1,fog,4700.0,0.0000,0.0000,0,250.000,,0,0.8173,,0.850,0,
3237,8,73,fog-82,1,fog,4800.0,0.0000,0.0000,0,250.000,,0,0.8135,,0.850,0,
3238,8,73,fog-82,1,fog,4900.0,0.0000,0.0000,7,251.750,0.3536,0,0.8096,,0.850,0,
3239,8,73,fog-82,1,fog,5000.0,0.0000,0.0000,0,250.000,,0,0.8057,,0.850,0,
3240,8,74,fog-83,1,fog,0.0,0.0000,0.0000,0,250.000,,0,1.0000,,0.850,0,
3241,8,74,fog-83,1,fog,100.0,0.0000,0.0000,0,250.000,,0,0.9961,,0.850,0,
3242,8,74,fog-83,1,fog,200.0,0.0000,0.0000,0,250.000,,0,0.9922,,0.850,0,
3243,8,74,fog-83,1,fog,300.0,0.0000,0.0000,0,250.000,,0,0.9883,,0.850,0,
3244,8,74,fog-83,1,fog,400.0,0.0000,0.0000,0,250.000,,0,0.9845,,0.850,0,
3245,8,74,fog-83,1,fog,500.0,0.0000,0.0000,0,250.000,,0,0.9806,,0.850,0,
3246,8,74,fog-83,1,fog,600.0,0.0000,0.0000,0,250.000,,0,0.9767,,0.850,0,
3247,8,74,fog-83,1,fog,700.0,0.0000,0.0000,0,250.000,,0,0.9728,,0.850,0,
3248,8,74,fog-83,1,fog,800.0,0.0000,0.0000,0,250.000,,0,0.9689,,0.850,0,
3249,8,74,fog-83,1,fog,900.0,0.0000,0.0000,0,250.000,,0,0.9650,,0.850,0,
3250,8,74,fog-83,1,fog,1000.0,0.0000,0.0000,0,250.000,,0,0.9611,,0.850,0,
3251,8,74,fog-83,1,fog,1100.0,0.0000,0.0000,0,250.000,,0,0.9572,,0.850,0,
3252,8,74,fog-83,1,fog,1200.0,0.0000,0.0000,0,250.000,,0,0.9534,,0.850,0,
3253,8,74,fog-83,1,fog,1300.0,0.0000,0.0000,0,250.000,,0,0.9495,,0.850,0,
3254,8,74,fog-83,1,fog,1400.0,0.0000,0.0000,0,250.000,,0,0.9456,,0.850,0,
3255,8,74,fog-83,1,fog,1500.0,0.0000,0.0000,0,250.000,,0,0.9417,,0.850,0,
3256,8,74,fog-83,1,fog,1600.0,0.0000,0.0000,0,250.000,,0,0.9378,,0.850,0,
3257,8,74,fog-83,1,fog,1700.0,0.0000,0.0000,0,250.000,,0,0.9339,,0.850,0,
3258,8,74,fog-83,1,fog,1800.0,0.0000,0.0000,0,250.000,,0,0.9300,,0.850,0,
3259,8,74,fog-83,1,fog,1900.0,0.0000,0.0000,0,250.000,,0,0.9262,,0.850,0,
3260,8,74,fog-83,1,fog,2000.0,0.0000,0.0000,0,250.000,,0,0.9223,,0.850,0,
3261,8,74,fog-83,1,fog,2100.0,0.0000,0.0000,0,250.000,,0,0.9184,,0.850,0,
3262,8,74,fog-83,1,fog,2200.0,0.0000,0.0000,0,250.000,,0,0.9145,,0.850,0,
3263,8,74,fog-83,1,fog,2300.0,0.0000,0.0000,0,250.000,,0,0.9106,,0.850,0,
3264,8,74,fog-83,1,fog,2400.0,0.0000,0.0000,0,250.000,,0,0.9067,,0.850,0,
3265,8,74,fog-83,1,fog,2500.0,0.0000,0.0000,0,250.000,,0,0.9028,,0.850,0,
3266,8,74,fog-83,1,fog,2600.0,0.0000,0.0000,0,250.000,,0,0.8990,,0.850,0,
3267,8,74,fog-83,1,fog,2700.0,0.0000,0.0000,0,250.000,,0,0.8951,,0.850,0,
3268,8,74,fog-83,1,fog,2800.0,0.0000,0.0000,0,250.000,,0,0.8912,,0.850,0,
3269,8,74,fog-83,1,fog,2900.0,0.0000,0.0000,0,250.000,,0,0.8873,,0.850,0,
3270,8,74,fog-83,1,fog,3000.0,0.0000,0.0000,0,250.000,,0,0.8834,,0.850,0,
3271,8,74,fog-83,1,fog,3100.0,0.0000,0.0000,0,250.000,,0,0.8795,,0.850,0,
3272,8,74,fog-83,1,fog,3200.0,0.0000,0.0000,0,250.000,,0,0.8756,,0.850,0,
3273,8,74,fog-83,1,fog,3300.0,0.0000,0.0000,0,250.000,,0,0.8717,,0.850,0,
3274,8,74,fog-83,1,fog,3400.0,0.0000,0.0000,0,250.000,,0,0.8679,,0.850,0,
3275,8,74,fog-83,1,fog,3500.0,0.0000,0.0000,0,250.000,,0,0.8640,,0.850,0,
3276,8,74,fog-83,1,fog,3600.0,0.0000,0.0000,0,250.000,,0,0.8601,,0.850,0,
3277,8,74,fog-83,1,fog,3700.0,0.0000,0.0000,0,250.000,,0,0.8562,,0.850,0,
3278,8,74,fog-83,1,fog,3800.0,0.0000,0.0000,0,250.000,,0,0.8523,,0.850,0,
3279,8,74,fog-83,1,fog,3900.0,0.0000,0.0000,0,250.000,,0,0.8484,,0.850,0,
3280,8,74,fog-83,1,fog,4000.0,0.0000,0.0000,0,250.000,,0,0.8445,,0.850,0,
3281,8,74,fog-83,1,fog,4100.0,0.0000,0.0000,0,250.000,,0,0.8407,,0.850,0,
3282,8,74,fog-83,1,fog,4200.0,0.0000,0.0000,0,250.000,,0,0.8368,,0.850,0,
3283,8,74,fog-83,1,fog,4300.0,0.0000,0.0000,0,250.000,,0,0.8329,,0.850,0,
3284,8,74,fog-83,1,fog,4400.0,0.0000,0.0000,0,250.000,,0,0.8290,,0.850,0,
3285,8,74,fog-83,1,fog,4500.0,0.0000,0.0000,0,250.000,,0,0.8251,,0.850,0,
3286,8,74,fog-83,1,fog,4600.0,0.0000,0.0000,0,250.000,,0,0.8212,,0.850,0,
3287,8,74,fog-83,1,fog,4700.0,0.0000,0.0000,0,250.000,,0,0.8173,,0.850,0,
3288,8,74,fog-83,1,fog,4800.0,0.0000,0.0000,0,250.000,,0,0.8135,,0.850,0,
3289,8,74,fog-83,1,fog,4900.0,0.0000,0.0000,0,250.000,,0,0.8096,,0.850,0,
3290,8,74,fog-83,1,fog,5000.0,0.0000,0.0000,0,250.000,,0,0.8057,,0.850,0,
3291,8,75,fog-84,1,fog,0.0,0.0000,0.0000,0,250.000,,0,1.0000,,0.850,0,
3292,8,75,fog-84,1,fog,100.0,0.0000,0.0000,0,250.000,,0,0.9961,,0.850,0,
3293,8,75,fog-84,1,fog,200.0,0.0000,0.0000,0,250.000,,0,0.9922,,0.850,0,
3294,8,75,fog-84,1,fog,300.0,0.0000,0.0000,0,250.000,,0,0.9883,,0.850,0,
3295,8,75,fog-84,1,fog,400.0,0.0000,0.0000,0,250.000,,0,0.9845,,0.850,0,
3296,8,75,fog-84,1,fog,500.0,0.0000,0.0000,0,250.000,,0,0.9806,,0.850,0,
3297,8,75,fog-84,1,fog,600.0,0.0000,0.0000,0,250.000,,0,0.9767,,0.850,0,
3298,8,75,fog-84,1,fog,700.0,0.0000,0.0000,0,250.000,,0,0.9728,,0.850,0,
3299,8,75,fog-84,1,fog,800.0,0.0000,0.0000,0,250.000,,0,0.9689,,0.850,0,
3300,8,75,fog-84,1,fog,900.0,0.0000,0.0000,0,250.000,,0,0.9650,,0.850,0,
3301,8,75,fog-84,1,fog,1000.0,0.0000,0.0000,0,250.000,,0,0.9611,,0.850,0,
3302,8,75,fog-84,1,fog,1100.0,0.0000,0.0000,0,250.000,,0,0.9572,,0.850,0,
3303,8,75,fog-84,1,fog,1200.0,0.0000,0.0000,0,250.000,,0,0.9534,,0.850,0,
3304,8,75,fog-84,1,fog,1300.0,0.0000,0.0000,0,250.000,,0,0.9495,,0.850,0,
3305,8,75,fog-84,1,fog,1400.0,0.0000,0.0000,0,250.000,,0,0.9456,,0.850,0,
3306,8,75,fog-84,1,fog,1500.0,0.0000,0.0000,0,250.000,,0,0.9417,,0.850,0,
3307,8,75,fog-84,1,fog,1600.0,0.0000,0.0000,0,250.000,,0,0.9378,,0.850,0,
3308,8,75,fog-84,1,fog,1700.0,0.0000,0.0000,0,250.000,,0,0.9339,,0.850,0,
3309,8,75,fog-84,1,fog,1800.0,0.0000,0.0000,0,250.000,,0,0.9300,,0.850,0,
3310,8,75,fog-84,1,fog,1900.0,0.0000,0.0000,0,250.000,,0,0.9262,,0.850,0,
3311,8,75,fog-84,1,fog,2000.0,0.0000,0.0000,0,250.000,,0,0.9223,,0.850,0,
3312,8,75,fog-84,1,fog,2100.0,0.0000,0.0000,0,250.000,,0,0.9184,,0.850,0,
3313,8,75,fog-84,1,fog,2200.0,0.0000,0.0000,0,250.000,,0,0.9145,,0.850,0,
3314,8,75,fog-84,1,fog,2300.0,0.0000,0.0000,0,250.000,,0,0.9106,,0.850,0,
3315,8,75,fog-84,1,fog,2400.0,0.0000,0.0000,0,250.000,,0,0.9067,,0.850,0,
3316,8,75,fog-84,1,fog,2500.0,0.0000,0.0000,0,250.000,,0,0.9028,,0.850,0,
3317,8,75,fog-84,1,fog,2600.0,0.0000,0.0000,0,250.000,,0,0.8990,,0.850,0,
3318,8,75,fog-84,1,fog,2700.0,0.0000,0.0000,0,250.000,,0,0.8951,,0.850,0,
3319,8,75,fog-84,1,fog,2800.0,0.0000,0.0000,0,250.000,,0,0.8912,,0.850,0,
3320,8,75,fog-84,1,fog,2900.0,0.0000,0.0000,0,250.000,,0,0.8873,,0.850,0,
3321,8,75,fog-84,1,fog,3000.0,0.0000,0.0000,0,250.000,,0,0.8834,,0.850,0,
3322,8,75,fog-84,1,fog,3100.0,0.0000,0.0000,0,250.000,,0,0.8795,,0.850,0,
3323,8,75,fog-84,1,fog,3200.0,0.0000,0.0000,0,250.000,,0,0.8756,,0.850,0,
3324,8,75,fog-84,1,fog,3300.0,0.0000,0.0000,0,250.000,,0,0.8717,,0.850,0,
3325,8,75,fog-84,1,fog,3400.0,0.0000,0.0000,0,250.000,,0,0.8679,,0.850,0,
3326,8,75,fog-84,1,fog,3500.0,0.0000,0.0000,0,250.000,,0,0.8640,,0.850,0,
3327,8,75,fog-84,1,fog,3600.0,0.0000,0.0000,0,250.000,,0,0.8601,,0.850,0,
3328,8,75,fog-84,1,fog,3700.0,0.0000,0.0000,0,250.000,,0,0.8562,,0.850,0,
3329,8,75,fog-84,1,fog,3800.0,0.0000,0.0000,0,250.000,,0,0.8523,,0.850,0,
3330,8,75,fog-84,1,fog,3900.0,0.0000,0.0000,0,250.000,,0,0.8484,,0.850,0,
3331,8,75,fog-84,1,fog,4000.0,0.0000,0.0000,0,250.000,,0,0.8445,,0.850,0,
3332,8,75,fog-84,1,fog,4100.0,0.0000,0.0000,0,250.000,,0,0.8407,,0.850,0,
3333,8,75,fog-84,1,fog,4200.0,0.0000,0.0000,0,250.000,,0,0.8368,,0.850,0,
3334,8,75,fog-84,1,fog,4300.0,0.0000,0.0000,0,250.000,,0,0.8329,,0.850,0,
3335,8,75,fog-84,1,fog,4400.0,0.0000,0.0000,0,250.000,,0,0.8290,,0.850,0,
3336,8,75,fog-84,1,fog,4500.0,0.0000,0.0000,0,250.000,,0,0.8251,,0.850,0,
3337,8,75,fog-84,1,fog,4600.0,0.0000,0.0000,0,250.000,,0,0.8212,,0.850,0,
3338,8,75,fog-84,1,fog,4700.0,0.0000,0.0000,0,250.000,,0,0.8173,,0.850,0,
3339,8,75,fog-84,1,fog,4800.0,0.0000,0.0000,0,250.000,,0,0.8135,,0.850,0,
3340,8,75,fog-84,1,fog,4900.0,0.0000,0.0000,0,250.000,,0,0.8096,,0.850,0,
3341,8,75,fog-84,1,fog,5000.0,0.0000,0.0000,0,250.000,,0,0.8057,,0.850,0,
3342,8,76,fog-85,1,fog,0.0,0.0000,0.0000,0,250.000,,0,1.0000,,0.850,0,
3343,8,76,fog-85,1,fog,100.0,0.0000,0.0000,0,250.000,,0,0.9961,,0.850,0,
3344,8,76,fog-85,1,fog,200.0,0.0000,0.0000,0,250.000,,0,0.9922,,0.850,0,
3345,8,76,fog-85,1,fog,300.0,0.0000,0.0000,0,250.000,,0,0.9883,,0.850,0,
3346,8,76,fog-85,1,fog,400.0,0.0000,0.0000,0,250.000,,0,0.9845,,0.850,0,
3347,8,76,fog-85,1,fog,500.0,0.0000,0.0000,0,250.000,,0,0.9806,,0.850,0,
3348,8,76,fog-85,1,fog,600.0,0.0000,0.0000,0,250.000,,0,0.9767,,0.850,0,
3349,8,76,fog-85,1,fog,700.0,0.0000,0.0000,0,250.000,,0,0.9728,,0.850,0,
3350,8,76,fog-85,1,fog,800.0,0.0000,0.0000,0,250.000,,0,0.9689,,0.850,0,
3351,8,76,fog-85,1,fog,900.0,0.0000,0.0000,0,250.000,,0,0.9650,,0.850,0,
3352,8,76,fog-85,1,fog,1000.0,0.0000,0.0000,0,250.000,,0,0.9611,,0.850,0,
3353,8,76,fog-85,1,fog,1100.0,0.0000,0.0000,0,250.000,,0,0.9572,,0.850,0,
3354,8,76,fog-85,1,fog,1200.0,0.0000,0.0000,0,250.000,,0,0.9534,,0.850,0,
3355,8,76,fog-85,1,fog,1300.0,0.0000,0.0000,0,250.000,,0,0.9495,,0.850,0,
3356,8,76,fog-85,1,fog,1400.0,0.0000,0.0000,0,250.000,,0,0.9456,,0.850,0,
3357,8,76,fog-85,1,fog,1500.0,0.0000,0.0000,0,250.000,,0,0.9417,,0.850,0,
3358,8,76,fog-85,1,fog,1600.0,0.0000,0.0000,0,250.000,,0,0.9378,,0.850,0,
3359,8,76,fog-85,1,fog,1700.0,0.0000,0.0000,0,250.000,,0,0.9339,,0.850,0,
3360,8,76,fog-85,1,fog,1800.0,0.0000,0.0000,0,250.000,,0,0.9300,,0.850,0,
3361,8,76,fog-85,1,fog,1900.0,0.0000,0.0000,0,250.000,,0,0.9262,,0.850,0,
3362,8,76,fog-85,1,fog,2000.0,0.0000,0.0000,0,250.000,,0,0.9223,,0.850,0,
3363,8,76,fog-85,1,fog,2100.0,0.0000,0.0000,0,250.000,,0,0.9184,,0.850,0,
3364,8,76,fog-85,1,fog,2200.0,0.0000,0.0000,0,250.000,,0,0.9145,,0.850,0,
3365,8,76,fog-85,1,fog,2300.0,0.0000,0.0000,0,250.000,,0,0.9106,,0.850,0,
3366,8,76,fog-85,1,fog,2400.0,0.0000,0.0000,0,250.000,,0,0.9067,,0.850,0,
3367,8,76,fog-85,1,fog,2500.0,0.0000,0.0000,0,250.000,,0,0.9028,,0.850,0,
3368,8,76,fog-85,1,fog,2600.0,0.0000,0.0000,0,250.000,,0,0.8990,,0.850,0,
3369,8,76,fog-85,1,fog,2700.0,0.0000,0.0000,0,250.000,,0,0.8951,,0.850,0,
3370,8,76,fog-85,1,fog,2800.0,0.0000,0.0000,0,250.000,,0,0.8912,,0.850,0,
3371,8,76,fog-85,1,fog,2900.0,0.0000,0.0000,0,250.000,,0,0.8873,,0.850,0,
3372,8,76,fog-85,1,fog,3000.0,0.0000,0.0000,0,250.000,,0,0.8834,,0.850,0,
3373,8,76,fog-85,1,fog,3100.0,0.0000,0.0000,0,250.000,,0,0.8795,,0.850,0,
3374,8,76,fog-85,1,fog,3200.0,0.0000,0.0000,0,250.000,,0,0.8756,,0.850,0,
3375,8,76,fog-85,1,fog,3300.0,0.0000,0.0000,0,250.000,,0,0.8717,,0.850,0,
3376,8,76,fog-85,1,fog,3400.0,0.0000,0.0000,0,250.000,,0,0.8679,,0.850,0,
3377,8,76,fog-85,1,fog,3500.0,0.0000,0.0000,0,250.000,,0,0.8640,,0.850,0,
3378,8,76,fog-85,1,fog,3600.0,0.0000,0.0000,0,250.000,,0,0.8601,,0.850,0,
3379,8,76,fog-85,1,fog,3700.0,0.0000,0.0000,0,250.000,,0,0.8562,,0.850,0,
3380,8,76,fog-85,1,fog,3800.0,0.0000,0.0000,0,250.000,,0,0.8523,,0.850,0,
3381,8,76,fog-85,1,fog,3900.0,0.0000,0.0000,0,250.000,,0,0.8484,,0.850,0,
3382,8,76,fog-85,1,fog,4000.0,0.0000,0.0000,0,250.000,,0,0.8445,,0.850,0,
3383,8,76,fog-85,1,fog,4100.0,0.0000,0.0000,0,250.000,,0,0.8407,,0.850,0,
3384,8,76,fog-85,1,fog,4200.0,0.0000,0.0000,0,250.000,,0,0.8368,,0.850,0,
3385,8,76,fog-85,1,fog,4300.0,0.0000,0.0000,0,250.000,,0,0.8329,,0.850,0,
3386,8,76,fog-85,1,fog,4400.0,0.0000,0.0000,0,250.000,,0,0.8290,,0.850,0,
3387,8,76,fog-85,1,fog,4500.0,0.0000,0.0000,0,250.000,,0,0.8251,,0.850,0,
3388,8,76,fog-85,1,fog,4600.0,0.0000,0.0000,0,250.000,,0,0.8212,,0.850,0,
3389,8,76,fog-85,1,fog,4700.0,0.0000,0.0000,0,250.000,,0,0.8173,,0.850,0,
3390,8,76,fog-85,1,fog,4800.0,0.0000,0.0000,0,250.000,,0,0.8135,,0.850,0,
3391,8,76,fog-85,1,fog,4900.0,0.0000,0.0000,0,250.000,,0,0.8096,,0.850,0,
3392,8,76,fog-85,1,fog,5000.0,0.0000,0.0000,0,250.000,,0,0.8057,,0.850,0,
3393,8,77,fog-86,1,fog,0.0,0.0000,0.0000,0,250.000,,0,1.0000,,0.850,0,
3394,8,77,fog-86,1,fog,100.0,0.0000,0.0000,0,250.000,,0,0.9961,,0.850,0,
3395,8,77,fog-86,1,fog,200.0,0.0000,0.0000,9,252.250,0.2940,0,0.9922,,0.850,0,
3396,8,77,fog-86,1,fog,300.0,0.0000,0.0000,0,250.000,,0,0.9883,,0.850,0,
3397,8,77,fog-86,1,fog,400.0,0.0000,0.0000,0,250.000,,0,0.9845,,0.850,0,
3398,8,77,fog-86,1,fog,500.0,0.0000,0.0000,18,254.500,0.9392,0,0.9806,,0.850,0,
3399,8,77,fog-86,1,fog,600.0,0.0000,0.0000,16,254.000,0.8138,0,0.9767,,0.850,0,
3400,8,77,fog-86,1,fog,700.0,0.0000,0.0000,7,251.750,0.7454,0,0.9728,,0.850,0,
3401,8,77,fog-86,1,fog,800.0,0.0000,0.0000,8,252.000,0.3062,0,0.9689,,0.850,0,
3402,8,77,fog-86,1,fog,900.0,0.0000,0.0000,9,252.250,0.2940,0,0.9650,,0.850,0,
3403,8,77,fog-86,1,fog,1000.0,0.0000,0.0000,9,252.250,0.2940,0,0.9611,,0.850,0,
3404,8,77,fog-86,1,fog,1100.0,0.0000,0.0000,9,252.250,0.2940,0,0.9572,,0.850,0,
3405,8,77,fog-86,1,fog,1200.0,0.0000,0.0000,9,252.250,0.2940,0,0.9534,,0.850,0,
3406,8,77,fog-86,1,fog,1300.0,0.0000,0.0000,8,252.000,0.3514,0,0.9495,,0.850,0,
3407,8,77,fog-86,1,fog,1400.0,0.0000,0.0000,19,254.750,0.9622,0,0.9456,,0.850,0,
3408,8,77,fog-86,1,fog,1500.0,0.0000,0.0000,27,255.750,1.0000,0,0.9417,,0.850,0,
3409,8,77,fog-86,1,fog,1600.0,0.0000,0.0000,41,257.500,1.0000,0,0.9378,,0.850,0,
3410,8,77,fog-86,1,fog,1700.0,0.0000,0.0000,39,257.250,1.0000,0,0.9339,,0.850,0,
3411,8,77,fog-86,1,fog,1800.0,0.0000,0.0000,33,256.500,1.0000,0,0.9300,,0.850,0,
3412,8,77,fog-86,1,fog,1900.0,0.0000,0.0000,41,257.500,1.0000,0,0.9262,,0.850,0,
3413,8,77,fog-86,1,fog,2000.0,0.0000,0.0000,29,256.000,1.0000,0,0.9223,,0.850,0,
3414,8,77,fog-86,1,fog,2100.0,0.0000,0.0000,47,258.250,1.0000,0,0.9184,,0.850,0,
3415,8,77,fog-86,1,fog,2200.0,0.0000,0.0000,67,260.750,1.0000,0,0.9145,,0.850,0,
3416,8,77,fog-86,1,fog,2300.0,0.0000,0.0000,71,261.250,1.0000,0,0.9106,,0.850,0,
3417,8,77,fog-86,1,fog,2400.0,0.0000,0.0000,35,256.750,1.0000,0,0.9067,,0.850,0,
3418,8,77,fog-86,1,fog,2500.0,0.0000,0.0000,18,254.500,0.9428,0,0.9028,,0.850,0,
3419,8,77,fog-86,1,fog,2600.0,0.0000,0.0000,19,254.750,1.0000,0,0.8990,,0.850,0,
3420,8,77,fog-86,1,fog,2700.0,0.0000,0.0000,19,254.750,1.0000,0,0.8951,,0.850,0,
3421,8,77,fog-86,1,fog,2800.0,0.0000,0.0000,0,250.000,,0,0.8912,,0.850,0,
3422,8,77,fog-86,1,fog,2900.0,0.0000,0.0000,10,252.500,0.0000,0,0.8873,,0.850,0,
3423,8,77,fog-86,1,fog,3000.0,0.0000,0.0000,10,252.500,0.0000,0,0.8834,,0.850,0,
3424,8,77,fog-86,1,fog,3100.0,0.0000,0.0000,9,252.250,0.2940,0,0.8795,,0.850,0,
3425,8,77,fog-86,1,fog,3200.0,0.0000,0.0000,19,254.750,0.9492,0,0.8756,,0.850,0,
3426,8,77,fog-86,1,fog,3300.0,0.0000,0.0000,0,250.000,,0,0.8717,,0.850,0,
3427,8,77,fog-86,1,fog,3400.0,0.0000,0.0000,8,252.000,0.3514,0,0.8679,,0.850,0,
3428,8,77,fog-86,1,fog,3500.0,0.0000,0.0000,10,252.500,0.0000,0,0.8640,,0.850,0,
3429,8,77,fog-86,1,fog,3600.0,0.0000,0.0000,9,252.250,0.2940,0,0.8601,,0.850,0,
3430,8,77,fog-86,1,fog,3700.0,0.0000,0.0000,10,252.500,0.0000,0,0.8562,,0.850,0,
3431,8,77,fog-86,1,fog,3800.0,0.0000,0.0000,0,250.000,,0,0.8523,,0.850,0,
3432,8,77,fog-86,1,fog,3900.0,0.0000,0.0000,0,250.000,,0,0.8484,,0.850,0,
3433,8,77,fog-86,1,fog,4000.0,0.0000,0.0000,17,254.250,0.8481,0,0.8445,,0.850,0,
3434,8,77,fog-86,1,fog,4100.0,0.0000,0.0000,8,252.000,0.3514,0,0.8407,,0.850,0,
3435,8,77,fog-86,1,fog,4200.0,0.0000,0.0000,0,250.000,,0,0.8368,,0.850,0,
3436,8,77,fog-86,1,fog,4300.0,0.0000,0.0000,0,250.000,,0,0.8329,,0.850,0,
3437,8,77,fog-86,1,fog,4400.0,0.0000,0.0000,0,250.000,,0,0.8290,,0.850,0,
3438,8,77,fog-86,1,fog,4500.0,0.0000,0.0000,0,250.000,,0,0.8251,,0.850,0,
3439,8,77,fog-86,1,fog,4600.0,0.0000,0.0000,0,250.000,,0,0.8212,,0.850,0,
3440,8,77,fog-86,1,fog,4700.0,0.0000,0.0000,19,254.750,0.8047,0,0.8173,,0.850,0,
3441,8,77,fog-86,1,fog,4800.0,0.0000,0.0000,41,257.500,1.0000,0,0.8135,,0.850,0,
3442,8,77,fog-86,1,fog,4900.0,0.0000,0.0000,18,254.500,0.9428,0,0.8096,,0.850,0,
3443,8,77,fog-86,1,fog,5000.0,0.0000,0.0000,33,256.500,1.0000,0,0.8057,,0.850,0,
3444,8,78,fog-87,1,fog,0.0,0.0000,0.0000,0,250.000,,0,1.0000,,0.850,0,
3445,8,78,fog-87,1,fog,100.0,0.0000,0.0000,0,250.000,,0,0.9961,,0.850,0,
3446,8,78,fog-87,1,fog,200.0,0.0000,0.0000,0,250.000,,0,0.9922,,0.850,0,
3447,8,78,fog-87,1,fog,300.0,0.0000,0.0000,0,250.000,,0,0.9883,,0.850,0,
3448,8,78,fog-87,1,fog,400.0,0.0000,0.0000,0,250.000,,0,0.9845,,0.850,0,
3449,8,78,fog-87,1,fog,500.0,0.0000,0.0000,0,250.000,,0,0.9806,,0.850,0,
3450,8,78,fog-87,1,fog,600.0,0.0000,0.0000,0,250.000,,0,0.9767,,0.850,0,
3451,8,78,fog-87,1,fog,700.0,0.0000,0.0000,0,250.000,,0,0.9728,,0.850,0,
3452,8,78,fog-87,1,fog,800.0,0.0000,0.0000,0,250.000,,0,0.9689,,0.850,0,
3453,8,78,fog-87,1,fog,900.0,0.0000,0.0000,0,250.000,,0,0.9650,,0.850,0,
3454,8,78,fog-87,1,fog,1000.0,0.0000,0.0000,0,250.000,,0,0.9611,,0.850,0,
3455,8,78,fog-87,1,fog,1100.0,0.0000,0.0000,0,250.000,,0,0.9572,,0.850,0,
3456,8,78,fog-87,1,fog,1200.0,0.0000,0.0000,0,250.000,,0,0.9534,,0.850,0,
3457,8,78,fog-87,1,fog,1300.0,0.0000,0.0000,0,250.000,,0,0.9495,,0.850,0,
3458,8,78,fog-87,1,fog,1400.0,0.0000,0.0000,0,250.000,,0,0.9456,,0.850,0,
3459,8,78,fog-87,1,fog,1500.0,0.0000,0.0000,0,250.000,,0,0.9417,,0.850,0,
3460,8,78,fog-87,1,fog,1600.0,0.0000,0.0000,0,250.000,,0,0.9378,,0.850,0,
3461,8,78,fog-87,1,fog,1700.0,0.0000,0.0000,0,250.000,,0,0.9339,,0.850,0,
3462,8,78,fog-87,1,fog,1800.0,0.0000,0.0000,0,250.000,,0,0.9300,,0.850,0,
3463,8,78,fog-87,1,fog,1900.0,0.0000,0.0000,0,250.000,,0,0.9262,,0.850,0,
3464,8,78,fog-87,1,fog,2000.0,0.0000,0.0000,0,250.000,,0,0.9223,,0.850,0,
3465,8,78,fog-87,1,fog,2100.0,0.0000,0.0000,0,250.000,,0,0.9184,,0.850,0,
3466,8,78,fog-87,1,fog,2200.0,0.0000,0.0000,0,250.000,,0,0.9145,,0.850,0,
3467,8,78,fog-87,1,fog,2300.0,0.0000,0.0000,0,250.000,,0,0.9106,,0.850,0,
3468,8,78,fog-87,1,fog,2400.0,0.0000,0.0000,0,250.000,,0,0.9067,,0.850,0,
3469,8,78,fog-87,1,fog,2500.0,0.0000,0.0000,0,250.000,,0,0.9028,,0.850,0,
3470,8,78,fog-87,1,fog,2600.0,0.0000,0.0000,0,250.000,,0,0.8990,,0.850,0,
3471,8,78,fog-87,1,fog,2700.0,0.0000,0.0000,0,250.000,,0,0.8951,,0.850,0,
3472,8,78,fog-87,1,fog,2800.0,0.0000,0.0000,0,250.000,,0,0.8912,,0.850,0,
3473,8,78,fog-87,1,fog,2900.0,0.0000,0.0000,0,250.000,,0,0.8873,,0.850,0,
3474,8,78,fog-87,1,fog,3000.0,0.0000,0.0000,0,250.000,,0,0.8834,,0.850,0,
3475,8,78,fog-87,1,fog,3100.0,0.0000,0.0000,0,250.000,,0,0.8795,,0.850,0,
3476,8,78,fog-87,1,fog,3200.0,0.0000,0.0000,0,250.000,,0,0.8756,,0.850,0,
3477,8,78,fog-87,1,fog,3300.0,0.0000,0.0000,0,250.000,,0,0.8717,,0.850,0,
3478,8,78,fog-87,1,fog,3400.0,0.0000,0.0000,0,250.000,,0,0.8679,,0.850,0,
3479,8,78,fog-87,1,fog,3500.0,0.0000,0.0000,0,250.000,,0,0.8640,,0.850,0,
3480,8,78,fog-87,1,fog,3600.0,0.0000,0.0000,0,250.000,,0,0.8601,,0.850,0,
3481,8,78,fog-87,1,fog,3700.0,0.0000,0.0000,0,250.000,,0,0.8562,,0.850,0,
3482,8,78,fog-87,1,fog,3800.0,0.0000,0.0000,0,250.000,,0,0.8523,,0.850,0,
3483,8,78,fog-87,1,fog,3900.0,0.0000,0.0000,0,250.000,,0,0.8484,,0.850,0,
3484,8,78,fog-87,1,fog,4000.0,0.0000,0.0000,0,250.000,,0,0.8445,,0.850,0,
3485,8,78,fog-87,1,fog,4100.0,0.0000,0.0000,0,250.000,,0,0.8407,,0.850,0,
3486,8,78,fog-87,1,fog,4200.0,0.0000,0.0000,0,250.000,,0,0.8368,,0.850,0,
3487,8,78,fog-87,1,fog,4300.0,0.0000,0.0000,0,250.000,,0,0.8329,,0.850,0,
3488,8,78,fog-87,1,fog,4400.0,0.0000,0.0000,0,250.000,,0,0.8290,,0.850,0,
3489,8,78,fog-87,1,fog,4500.0,0.0000,0.0000,0,250.000,,0,0.8251,,0.850,0,
3490,8,78,fog-87,1,fog,4600.0,0.0000,0.0000,0,250.000,,0,0.8212,,0.850,0,
3491,8,78,fog-87,1,fog,4700.0,0.0000,0.0000,0,250.000,,0,0.8173,,0.850,0,
3492,8,78,fog-87,1,fog,4800.0,0.0000,0.0000,0,250.000,,0,0.8135,,0.850,0,
3493,8,78,fog-87,1,fog,4900.0,0.0000,0.0000,0,250.000,,0,0.8096,,0.850,0,
3494,8,78,fog-87,1,fog,5000.0,0.0000,0.0000,0,250.000,,0,0.8057,,0.850,0,
3495,8,79,fog-88,1,fog,0.0,0.0000,0.0000,0,250.000,,0,1.0000,,0.850,0,
3496,8,79,fog-88,1,fog,100.0,0.0000,0.0000,8,252.000,1.0000,0,0.9961,,0.850,0,
3497,8,79,fog-88,1,fog,200.0,0.0000,0.0000,8,252.000,0.3062,0,0.9922,,0.850,0,
3498,8,79,fog-88,1,fog,300.0,0.0000,0.0000,0,250.000,,0,0.9883,,0.850,0,
3499,8,79,fog-88,1,fog,400.0,0.0000,0.0000,10,252.500,0.0000,0,0.9845,,0.850,0,
3500,8,79,fog-88,1,fog,500.0,0.0000,0.0000,7,251.750,0.5092,0,0.9806,,0.850,0,
3501,8,79,fog-88,1,fog,600.0,0.0000,0.0000,9,252.250,0.2940,0,0.9767,,0.850,0,
3502,8,79,fog-88,1,fog,700.0,0.0000,0.0000,29,256.000,1.0000,0,0.9728,,0.850,0,
3503,8,79,fog-88,1,fog,800.0,0.0000,0.0000,27,255.750,1.0000,0,0.9689,,0.850,0,
3504,8,79,fog-88,1,fog,900.0,0.0000,0.0000,19,254.750,1.0000,0,0.9650,,0.850,0,
3505,8,79,fog-88,1,fog,1000.0,0.0000,0.0000,18,254.500,0.9428,0,0.9611,,0.850,0,
3506,8,79,fog-88,1,fog,1100.0,0.0000,0.0000,19,254.750,1.0000,0,0.9572,,0.850,0,
3507,8,79,fog-88,1,fog,1200.0,0.0000,0.0000,18,254.500,0.7441,0,0.9534,,0.850,0,
3508,8,79,fog-88,1,fog,1300.0,0.0000,0.0000,27,255.750,0.9699,0,0.9495,,0.850,0,
3509,8,79,fog-88,1,fog,1400.0,0.0000,0.0000,18,254.500,0.9297,0,0.9456,,0.850,0,
3510,8,79,fog-88,1,fog,1500.0,0.0000,0.0000,21,255.000,0.8022,0,0.9417,,0.850,0,
3511,8,79,fog-88,1,fog,1600.0,0.0000,0.0000,9,252.250,0.2940,0,0.9378,,0.850,0,
3512,8,79,fog-88,1,fog,1700.0,0.0000,0.0000,0,250.000,,0,0.9339,,0.850,0,
3513,8,79,fog-88,1,fog,1800.0,0.0000,0.0000,0,250.000,,0,0.9300,,0.850,0,
3514,8,79,fog-88,1,fog,1900.0,0.0000,0.0000,0,250.000,,0,0.9262,,0.850,0,
3515,8,79,fog-88,1,fog,2000.0,0.0000,0.0000,19,254.750,0.9670,0,0.9223,,0.850,0,
3516,8,79,fog-88,1,fog,2100.0,0.0000,0.0000,19,254.750,0.8175,0,0.9184,,0.850,0,
3517,8,79,fog-88,1,fog,2200.0,0.0000,0.0000,17,254.250,0.7650,0,0.9145,,0.850,0,
3518,8,79,fog-88,1,fog,2300.0,0.0000,0.0000,14,253.500,0.8512,0,0.9106,,0.850,0,
3519,8,79,fog-88,1,fog,2400.0,0.0000,0.0000,8,252.000,0.3062,0,0.9067,,0.850,0,
3520,8,79,fog-88,1,fog,2500.0,0.0000,0.0000,0,250.000,,0,0.9028,,0.850,0,
3521,8,79,fog-88,1,fog,2600.0,0.0000,0.0000,9,252.250,0.2940,0,0.8990,,0.850,0,
3522,8,79,fog-88,1,fog,2700.0,0.0000,0.0000,8,252.000,0.3062,0,0.8951,,0.850,0,
3523,8,79,fog-88,1,fog,2800.0,0.0000,0.0000,9,252.250,0.2940,0,0.8912,,0.850,0,
3524,8,79,fog-88,1,fog,2900.0,0.0000,0.0000,10,252.500,0.0000,0,0.8873,,0.850,0,
3525,8,79,fog-88,1,fog,3000.0,0.0000,0.0000,18,254.500,0.9428,0,0.8834,,0.850,0,
3526,8,79,fog-88,1,fog,3100.0,0.0000,0.0000,18,254.500,0.9428,0,0.8795,,0.850,0,
3527,8,79,fog-88,1,fog,3200.0,0.0000,0.0000,19,254.750,1.0000,0,0.8756,,0.850,0,
3528,8,79,fog-88,1,fog,3300.0,0.0000,0.0000,0,250.000,,0,0.8717,,0.850,0,
3529,8,79,fog-88,1,fog,3400.0,0.0000,0.0000,0,250.000,,0,0.8679,,0.850,0,
3530,8,79,fog-88,1,fog,3500.0,0.0000,0.0000,0,250.000,,0,0.8640,,0.850,0,
3531,8,79,fog-88,1,fog,3600.0,0.0000,0.0000,10,252.500,0.0000,0,0.8601,,0.850,0,
3532,8,79,fog-88,1,fog,3700.0,0.0000,0.0000,16,254.000,0.8165,0,0.8562,,0.850,0,
3533,8,79,fog-88,1,fog,3800.0,0.0000,0.0000,35,256.750,1.0000,0,0.8523,,0.850,0,
3534,8,79,fog-88,1,fog,3900.0,0.0000,0.0000,39,257.250,1.0000,0,0.8484,,0.850,0,
3535,8,79,fog-88,1,fog,4000.0,0.0000,0.0000,17,254.250,0.8819,0,0.8445,,0.850,0,
3536,8,79,fog-88,1,fog,4100.0,0.0000,0.0000,19,254.750,1.0000,0,0.8407,,0.850,0,
3537,8,79,fog-88,1,fog,4200.0,0.0000,0.0000,21,255.000,1.0000,0,0.8368,,0.850,0,
3538,8,79,fog-88,1,fog,4300.0,0.0000,0.0000,21,255.000,1.0000,0,0.8329,,0.850,0,
3539,8,79,fog-88,1,fog,4400.0,0.0000,0.0000,18,254.500,0.7954,0,0.8290,,0.850,0,
3540,8,79,fog-88,1,fog,4500.0,0.0000,0.0000,7,251.750,0.3333,0,0.8251,,0.850,0,
3541,8,79,fog-88,1,fog,4600.0,0.0000,0.0000,9,252.250,0.0000,0,0.8212,,0.850,0,
3542,8,79,fog-88,1,fog,4700.0,0.0000,0.0000,8,252.000,0.0000,0,0.8173,,0.850,0,
3543,8,79,fog-88,1,fog,4800.0,0.0000,0.0000,10,252.500,0.0000,0,0.8135,,0.850,0,
3544,8,79,fog-88,1,fog,4900.0,0.0000,0.0000,9,252.250,0.2940,0,0.8096,,0.850,0,
3545,8,79,fog-88,1,fog,5000.0,0.0000,0.0000,16,254.000,0.7968,0,0.8057,,0.850,0,
3546,8,80,fog-89,1,fog,0.0,0.0000,0.0000,0,250.000,,0,1.0000,,0.850,0,
3547,8,80,fog-89,1,fog,100.0,0.0000,0.0000,16,254.000,1.0000,0,0.9961,,0.850,0,
3548,8,80,fog-89,1,fog,200.0,0.0000,0.0000,87,263.250,1.0000,0,0.9922,,0.850,0,
3549,8,80,fog-89,1,fog,300.0,0.0000,0.0000,71,261.250,1.0000,0,0.9883,,0.850,0,
3550,8,80,fog-89,1,fog,400.0,0.0000,0.0000,67,260.750,1.0000,0,0.9845,,0.850,0,
3551,8,80,fog-89,1,fog,500.0,0.0000,0.0000,33,256.500,1.0000,0,0.9806,,0.850,0,
3552,8,80,fog-89,1,fog,600.0,0.0000,0.0000,55,259.250,1.0000,0,0.9767,,0.850,0,
3553,8,80,fog-89,1,fog,700.0,0.0000,0.0000,37,257.000,1.0000,0,0.9728,,0.850,0,
3554,8,80,fog-89,1,fog,800.0,0.0000,0.0000,31,256.250,1.0000,0,0.9689,,0.850,0,
3555,8,80,fog-89,1,fog,900.0,0.0000,0.0000,18,254.500,0.8798,0,0.9650,,0.850,0,
3556,8,80,fog-89,1,fog,1000.0,0.0000,0.0000,39,257.250,1.0000,0,0.9611,,0.850,0,
3557,8,80,fog-89,1,fog,1100.0,0.0000,0.0000,59,259.750,1.0000,0,0.9572,,0.850,0,
3558,8,80,fog-89,1,fog,1200.0,0.0000,0.0000,69,261.000,1.0000,0,0.9534,,0.850,0,
3559,8,80,fog-89,1,fog,1300.0,0.0000,0.0000,53,259.000,1.0000,0,0.9495,,0.850,0,
3560,8,80,fog-89,1,fog,1400.0,0.0000,0.0000,27,255.750,1.0000,0,0.9456,,0.850,0,
3561,8,80,fog-89,1,fog,1500.0,0.0000,0.0000,51,258.750,1.0000,0,0.9417,,0.850,0,
3562,8,80,fog-89,1,fog,1600.0,0.0000,0.0000,51,258.750,1.0000,0,0.9378,,0.850,0,
3563,8,80,fog-89,1,fog,1700.0,0.0000,0.0000,49,258.500,1.0000,0,0.9339,,0.850,0,
3564,8,80,fog-89,1,fog,1800.0,0.0000,0.0000,67,260.750,1.0000,0,0.9300,,0.850,0,
3565,8,80,fog-89,1,fog,1900.0,0.0000,0.0000,93,264.000,1.0000,0,0.9262,,0.850,0,
3566,8,80,fog-89,1,fog,2000.0,0.0000,0.0000,107,265.750,1.0000,0,0.9223,,0.850,0,
3567,8,80,fog-89,1,fog,2100.0,0.0000,0.0000,93,264.000,1.0000,0,0.9184,,0.850,0,
3568,8,80,fog-89,1,fog,2200.0,0.0000,0.0000,67,260.750,1.0000,0,0.9145,,0.850,0,
3569,8,80,fog-89,1,fog,2300.0,0.0000,0.0000,47,258.250,1.0000,0,0.9106,,0.850,0,
3570,8,80,fog-89,1,fog,2400.0,0.0000,0.0000,73,261.500,1.0000,0,0.9067,,0.850,0,
3571,8,80,fog-89,1,fog,2500.0,0.0000,0.0000,31,256.250,1.0000,0,0.9028,,0.850,0,
3572,8,80,fog-89,1,fog,2600.0,0.0000,0.0000,33,256.500,1.0000,0,0.8990,,0.850,0,
3573,8,80,fog-89,1,fog,2700.0,0.0000,0.0000,55,259.250,1.0000,0,0.8951,,0.850,0,
3574,8,80,fog-89,1,fog,2800.0,0.0000,0.0000,51,258.750,1.0000,0,0.8912,,0.850,0,
3575,8,80,fog-89,1,fog,2900.0,0.0000,0.0000,19,254.750,0.9192,0,0.8873,,0.850,0,
3576,8,80,fog-89,1,fog,3000.0,0.0000,0.0000,21,255.000,0.9640,0,0.8834,,0.850,0,
3577,8,80,fog-89,1,fog,3100.0,0.0000,0.0000,37,257.000,1.0000,0,0.8795,,0.850,0,
3578,8,80,fog-89,1,fog,3200.0,0.0000,0.0000,19,254.750,0.9401,0,0.8756,,0.850,0,
3579,8,80,fog-89,1,fog,3300.0,0.0000,0.0000,15,253.750,0.7107,0,0.8717,,0.850,0,
3580,8,80,fog-89,1,fog,3400.0,0.0000,0.0000,47,258.250,1.0000,0,0.8679,,0.850,0,
3581,8,80,fog-89,1,fog,3500.0,0.0000,0.0000,73,261.500,1.0000,0,0.8640,,0.850,0,
3582,8,80,fog-89,1,fog,3600.0,0.0000,0.0000,105,265.500,1.0000,0,0.8601,,0.850,0,
3583,8,80,fog-89,1,fog,3700.0,0.0000,0.0000,73,261.500,1.0000,0,0.8562,,0.850,0,
3584,8,80,fog-89,1,fog,3800.0,0.0000,0.0000,73,261.500,1.0000,0,0.8523,,0.850,0,
3585,8,80,fog-89,1,fog,3900.0,0.0000,0.0000,37,257.000,1.0000,0,0.8484,,0.850,0,
3586,8,80,fog-89,1,fog,4000.0,0.0000,0.0000,8,252.000,0.3514,0,0.8445,,0.850,0,
3587,8,80,fog-89,1,fog,4100.0,0.0000,0.0000,10,252.500,0.0000,0,0.8407,,0.850,0,
3588,8,80,fog-89,1,fog,4200.0,0.0000,0.0000,9,252.250,0.2940,0,0.8368,,0.850,0,
3589,8,80,fog-89,1,fog,4300.0,0.0000,0.0000,9,252.250,0.0000,0,0.8329,,0.850,0,
3590,8,80,fog-89,1,fog,4400.0,0.0000,0.0000,16,254.000,0.6408,0,0.8290,,0.850,0,
3591,8,80,fog-89,1,fog,4500.0,0.0000,0.0000,18,254.500,0.7134,0,0.8251,,0.850,0,
3592,8,80,fog-89,1,fog,4600.0,0.0000,0.0000,19,254.750,0.7457,0,0.8212,,0.850,0,
3593,8,80,fog-89,1,fog,4700.0,0.0000,0.0000,21,255.000,0.7687,0,0.8173,,0.850,0,
3594,8,80,fog-89,1,fog,4800.0,0.0000,0.0000,18,254.500,0.7783,0,0.8135,,0.850,0,
3595,8,80,fog-89,1,fog,4900.0,0.0000,0.0000,33,256.500,1.0000,0,0.8096,,0.850,0,
3596,8,80,fog-89,1,fog,5000.0,0.0000,0.0000,17,254.250,0.9323,0,0.8057,,0.850,0,
3597,8,81,fog-90,1,fog,0.0,0.0000,0.0000,0,250.000,,0,1.0000,,0.850,0,
3598,8,81,fog-90,1,fog,100.0,0.0000,0.0000,0,250.000,,0,0.9961,,0.850,0,
3599,8,81,fog-90,1,fog,200.0,0.0000,0.0000,0,250.000,,0,0.9922,,0.850,0,
3600,8,81,fog-90,1,fog,300.0,0.0000,0.0000,0,250.000,,0,0.9883,,0.850,0,
3601,8,81,fog-90,1,fog,400.0,0.0000,0.0000,0,250.000,,0,0.9845,,0.850,0,
3602,8,81,fog-90,1,fog,500.0,0.0000,0.0000,0,250.000,,0,0.9806,,0.850,0,
3603,8,81,fog-90,1,fog,600.0,0.0000,0.0000,0,250.000,,0,0.9767,,0.850,0,
3604,8,81,fog-90,1,fog,700.0,0.0000,0.0000,0,250.000,,0,0.9728,,0.850,0,
3605,8,81,fog-90,1,fog,800.0,0.0000,0.0000,0,250.000,,0,0.9689,,0.850,0,
3606,8,81,fog-90,1,fog,900.0,0.0000,0.0000,0,250.000,,0,0.9650,,0.850,0,
3607,8,81,fog-90,1,fog,1000.0,0.0000,0.0000,0,250.000,,0,0.9611,,0.850,0,
3608,8,81,fog-90,1,fog,1100.0,0.0000,0.0000,0,250.000,,0,0.9572,,0.850,0,
3609,8,81,fog-90,1,fog,1200.0,0.0000,0.0000,0,250.000,,0,0.9534,,0.850,0,
3610,8,81,fog-90,1,fog,1300.0,0.0000,0.0000,0,250.000,,0,0.9495,,0.850,0,
3611,8,81,fog-90,1,fog,1400.0,0.0000,0.0000,0,250.000,,0,0.9456,,0.850,0,
3612,8,81,fog-90,1,fog,1500.0,0.0000,0.0000,0,250.000,,0,0.9417,,0.850,0,
3613,8,81,fog-90,1,fog,1600.0,0.0000,0.0000,0,250.000,,0,0.9378,,0.850,0,
3614,8,81,fog-90,1,fog,1700.0,0.0000,0.0000,0,250.000,,0,0.9339,,0.850,0,
3615,8,81,fog-90,1,fog,1800.0,0.0000,0.0000,0,250.000,,0,0.9300,,0.850,0,
3616,8,81,fog-90,1,fog,1900.0,0.0000,0.0000,0,250.000,,0,0.9262,,0.850,0,
3617,8,81,fog-90,1,fog,2000.0,0.0000,0.0000,0,250.000,,0,0.9223,,0.850,0,
3618,8,81,fog-90,1,fog,2100.0,0.0000,0.0000,0,250.000,,0,0.9184,,0.850,0,
3619,8,81,fog-90,1,fog,2200.0,0.0000,0.0000,0,250.000,,0,0.9145,,0.850,0,
3620,8,81,fog-90,1,fog,2300.0,0.0000,0.0000,0,250.000,,0,0.9106,,0.850,0,
3621,8,81,fog-90,1,fog,2400.0,0.0000,0.0000,0,250.000,,0,0.9067,,0.850,0,
3622,8,81,fog-90,1,fog,2500.0,0.0000,0.0000,0,250.000,,0,0.9028,,0.850,0,
3623,8,81,fog-90,1,fog,2600.0,0.0000,0.0000,0,250.000,,0,0.8990,,0.850,0,
3624,8,81,fog-90,1,fog,2700.0,0.0000,0.0000,0,250.000,,0,0.8951,,0.850,0,
3625,8,81,fog-90,1,fog,2800.0,0.0000,0.0000,0,250.000,,0,0.8912,,0.850,0,
3626,8,81,fog-90,1,fog,2900.0,0.0000,0.0000,0,250.000,,0,0.8873,,0.850,0,
3627,8,81,fog-90,1,fog,3000.0,0.0000,0.0000,0,250.000,,0,0.8834,,0.850,0,
3628,8,81,fog-90,1,fog,3100.0,0.0000,0.0000,0,250.000,,0,0.8795,,0.850,0,
3629,8,81,fog-90,1,fog,3200.0,0.0000,0.0000,0,250.000,,0,0.8756,,0.850,0,
3630,8,81,fog-90,1,fog,3300.0,0.0000,0.0000,0,250.000,,0,0.8717,,0.850,0,
3631,8,81,fog-90,1,fog,3400.0,0.0000,0.0000,0,250.000,,0,0.8679,,0.850,0,
3632,8,81,fog-90,1,fog,3500.0,0.0000,0.0000,0,250.000,,0,0.8640,,0.850,0,
3633,8,81,fog-90,1,fog,3600.0,0.0000,0.0000,0,250.000,,0,0.8601,,0.850,0,
3634,8,81,fog-90,1,fog,3700.0,0.0000,0.0000,0,250.000,,0,0.8562,,0.850,0,
3635,8,81,fog-90,1,fog,3800.0,0.0000,0.0000,0,250.000,,0,0.8523,,0.850,0,
3636,8,81,fog-90,1,fog,3900.0,0.0000,0.0000,0,250.000,,0,0.8484,,0.850,0,
3637,8,81,fog-90,1,fog,4000.0,0.0000,0.0000,0,250.000,,0,0.8445,,0.850,0,
3638,8,81,fog-90,1,fog,4100.0,0.0000,0.0000,0,250.000,,0,0.8407,,0.850,0,
3639,8,81,fog-90,1,fog,4200.0,0.0000,0.0000,0,250.000,,0,0.8368,,0.850,0,
3640,8,81,fog-90,1,fog,4300.0,0.0000,0.0000,0,250.000,,0,0.8329,,0.850,0,
3641,8,81,fog-90,1,fog,4400.0,0.0000,0.0000,0,250.000,,0,0.8290,,0.850,0,
3642,8,81,fog-90,1,fog,4500.0,0.0000,0.0000,0,250.000,,0,0.8251,,0.850,0,
3643,8,81,fog-90,1,fog,4600.0,0.0000,0.0000,0,250.000,,0,0.8212,,0.850,0,
3644,8,81,fog-90,1,fog,4700.0,0.0000,0.0000,0,250.000,,0,0.8173,,0.850,0,
3645,8,81,fog-90,1,fog,4800.0,0.0000,0.0000,0,250.000,,0,0.8135,,0.850,0,
3646,8,81,fog-90,1,fog,4900.0,0.0000,0.0000,0,250.000,,0,0.8096,,0.850,0,
3647,8,81,fog-90,1,fog,5000.0,0.0000,0.0000,0,250.000,,0,0.8057,,0.850,0,
3648,8,82,fog-91,1,fog,0.0,0.0000,0.0000,0,250.000,,0,1.0000,,0.850,0,1281.3
3649,8,82,fog-91,1,fog,100.0,0.0000,0.0000,7,251.750,0.9646,0,0.9961,,0.850,0,1281.3
3650,8,82,fog-91,1,fog,200.0,0.0000,0.0000,7,251.750,0.3536,0,0.9922,,0.850,0,1281.3
3651,8,82,fog-91,1,fog,300.0,0.0000,0.0000,0,250.000,,0,0.9883,,0.850,0,1281.3
3652,8,82,fog-91,1,fog,400.0,0.0000,0.0000,19,254.750,0.7996,0,0.9845,,0.850,0,1281.3
3653,8,82,fog-91,1,fog,500.0,0.0000,0.0000,53,259.000,1.0000,0,0.9806,,0.850,0,1281.3
3654,8,82,fog-91,1,fog,600.0,0.0000,0.0000,51,258.750,1.0000,0,0.9767,,0.850,0,1281.3
3655,8,82,fog-91,1,fog,700.0,0.0000,0.0000,89,263.500,1.0000,0,0.9728,,0.850,0,1281.3
3656,8,82,fog-91,1,fog,800.0,0.0000,0.0000,67,260.750,1.0000,0,0.9689,,0.850,0,1281.3
3657,8,82,fog-91,1,fog,900.0,0.0000,0.0000,71,261.250,1.0000,0,0.9650,,0.850,0,1281.3
3658,8,82,fog-91,1,fog,1000.0,0.0000,0.0000,37,257.000,1.0000,0,0.9611,,0.850,0,1281.3
3659,8,82,fog-91,1,fog,1100.0,0.0000,0.0000,9,252.250,0.2940,0,0.9572,,0.850,1,1281.3
3660,8,82,fog-91,1,fog,1200.0,0.0000,0.0000,10,252.500,0.0000,0,0.9534,,0.850,1,1281.3
3661,8,83,fog-92,1,fog,0.0,0.0000,0.0000,0,250.000,,0,1.0000,,0.850,0,
3662,8,83,fog-92,1,fog,100.0,0.0000,0.0000,4,251.000,0.0000,0,0.9961,,0.850,0,
3663,8,83,fog-92,1,fog,200.0,0.0000,0.0000,0,250.000,,0,0.9922,,0.850,0,
3664,8,83,fog-92,1,fog,300.0,0.0000,0.0000,0,250.000,,0,0.9883,,0.850,0,
3665,8,83,fog-92,1,fog,400.0,0.0000,0.0000,0,250.000,,0,0.9845,,0.850,0,
3666,8,83,fog-92,1,fog,500.0,0.0000,0.0000,0,250.000,,0,0.9806,,0.850,0,
3667,8,83,fog-92,1,fog,600.0,0.0000,0.0000,0,250.000,,0,0.9767,,0.850,0,
3668,8,83,fog-92,1,fog,700.0,0.0000,0.0000,0,250.000,,0,0.9728,,0.850,0,
3669,8,83,fog-92,1,fog,800.0,0.0000,0.0000,0,250.000,,0,0.9689,,0.850,0,
3670,8,83,fog-92,1,fog,900.0,0.0000,0.0000,0,250.000,,0,0.9650,,0.850,0,
3671,8,83,fog-92,1,fog,1000.0,0.0000,0.0000,0,250.000,,0,0.9611,,0.850,0,
3672,8,83,fog-92,1,fog,1100.0,0.0000,0.0000,0,250.000,,0,0.9572,,0.850,0,
3673,8,83,fog-92,1,fog,1200.0,0.0000,0.0000,0,250.000,,0,0.9534,,0.850,0,
3674,8,83,fog-92,1,fog,1300.0,0.0000,0.0000,0,250.000,,0,0.9495,,0.850,0,
3675,8,83,fog-92,1,fog,1400.0,0.0000,0.0000,7,251.750,0.5092,0,0.9456,,0.850,0,
3676,8,83,fog-92,1,fog,1500.0,0.0000,0.0000,0,250.000,,0,0.9417,,0.850,0,
3677,8,83,fog-92,1,fog,1600.0,0.0000,0.0000,0,250.000,,0,0.9378,,0.850,0,
3678,8,83,fog-92,1,fog,1700.0,0.0000,0.0000,0,250.000,,0,0.9339,,0.850,0,
3679,8,83,fog-92,1,fog,1800.0,0.0000,0.0000,0,250.000,,0,0.9300,,0.850,0,
3680,8,83,fog-92,1,fog,1900.0,0.0000,0.0000,0,250.000,,0,0.9262,,0.850,0,
3681,8,83,fog-92,1,fog,2000.0,0.0000,0.0000,0,250.000,,0,0.9223,,0.850,0,
3682,8,83,fog-92,1,fog,2100.0,0.0000,0.0000,0,250.000,,0,0.9184,,0.850,0,
3683,8,83,fog-92,1,fog,2200.0,0.0000,0.0000,0,250.000,,0,0.9145,,0.850,0,
3684,8,83,fog-92,1,fog,2300.0,0.0000,0.0000,0,250.000,,0,0.9106,,0.850,0,
3685,8,83,fog-92,1,fog,2400.0,0.0000,0.0000,0,250.000,,0,0.9067,,0.850,0,
3686,8,83,fog-92,1,fog,2500.0,0.0000,0.0000,0,250.000,,0,0.9028,,0.850,0,
3687,8,83,fog-92,1,fog,2600.0,0.0000,0.0000,0,250.000,,0,0.8990,,0.850,0,
3688,8,83,fog-92,1,fog,2700.0,0.0000,0.0000,0,250.000,,0,0.8951,,0.850,0,
3689,8,83,fog-92,1,fog,2800.0,0.0000,0.0000,0,250.000,,0,0.8912,,0.850,0,
3690,8,83,fog-92,1,fog,2900.0,0.0000,0.0000,0,250.000,,0,0.8873,,0.850,0,
3691,8,83,fog-92,1,fog,3000.0,0.0000,0.0000,0,250.000,,0,0.8834,,0.850,0,
3692,8,83,fog-92,1,fog,3100.0,0.0000,0.0000,0,250.000,,0,0.8795,,0.850,0,
3693,8,83,fog-92,1,fog,3200.0,0.0000,0.0000,0,250.000,,0,0.8756,,0.850,0,
3694,8,83,fog-92,1,fog,3300.0,0.0000,0.0000,0,250.000,,0,0.8717,,0.850,0,
3695,8,83,fog-92,1,fog,3400.0,0.0000,0.0000,0,250.000,,0,0.8679,,0.850,0,
3696,8,83,fog-92,1,fog,3500.0,0.0000,0.0000,0,250.000,,0,0.8640,,0.850,0,
3697,8,83,fog-92,1,fog,3600.0,0.0000,0.0000,0,250.000,,0,0.8601,,0.850,0,
3698,8,83,fog-92,1,fog,3700.0,0.0000,0.0000,0,250.000,,0,0.8562,,0.850,0,
3699,8,83,fog-92,1,fog,3800.0,0.0000,0.0000,0,250.000,,0,0.8523,,0.850,0,
3700,8,83,fog-92,1,fog,3900.0,0.0000,0.0000,0,250.000,,0,0.8484,,0.850,0,
3701,8,83,fog-92,1,fog,4000.0,0.0000,0.0000,0,250.000,,0,0.8445,,0.850,0,
3702,8,83,fog-92,1,fog,4100.0,0.0000,0.0000,0,250.000,,0,0.8407,,0.850,0,
3703,8,83,fog-92,1,fog,4200.0,0.0000,0.0000,0,250.000,,0,0.8368,,0.850,0,
3704,8,83,fog-92,1,fog,4300.0,0.0000,0.0000,0,250.000,,0,0.8329,,0.850,0,
3705,8,83,fog-92,1,fog,4400.0,0.0000,0.0000,0,250.000,,0,0.8290,,0.850,0,
3706,8,83,fog-92,1,fog,4500.0,0.0000,0.0000,0,250.000,,0,0.8251,,0.850,0,
3707,8,83,fog-92,1,fog,4600.0,0.0000,0.0000,10,252.500,0.0000,0,0.8212,,0.850,0,
3708,8,83,fog-92,1,fog,4700.0,0.0000,0.0000,0,250.000,,0,0.8173,,0.850,0,
3709,8,83,fog-92,1,fog,4800.0,0.0000,0.0000,0,250.000,,0,0.8135,,0.850,0,
3710,8,83,fog-92,1,fog,4900.0,0.0000,0.0000,0,250.000,,0,0.8096,,0.850,0,
3711,8,83,fog-92,1,fog,5000.0,0.0000,0.0000,0,250.000,,0,0.8057,,0.850,0,
3712,8,84,fog-93,1,fog,0.0,0.0000,0.0000,0,250.000,,0,1.0000,,0.850,0,2472.2
3713,8,84,fog-93,1,fog,100.0,0.0000,0.0000,0,250.000,,0,0.9961,,0.850,0,2472.2
3714,8,84,fog-93,1,fog,200.0,0.0000,0.0000,0,250.000,,0,0.9922,,0.850,0,2472.2
3715,8,84,fog-93,1,fog,300.0,0.0000,0.0000,0,250.000,,0,0.9883,,0.850,0,2472.2
3716,8,84,fog-93,1,fog,400.0,0.0000,0.0000,0,250.000,,0,0.9845,,0.850,0,2472.2
3717,8,84,fog-93,1,fog,500.0,0.0000,0.0000,0,250.000,,0,0.9806,,0.850,0,2472.2
3718,8,84,fog-93,1,fog,600.0,0.0000,0.0000,0,250.000,,0,0.9767,,0.850,0,2472.2
3719,8,84,fog-93,1,fog,700.0,0.0000,0.0000,0,250.000,,0,0.9728,,0.850,0,2472.2
3720,8,84,fog-93,1,fog,800.0,0.0000,0.0000,0,250.000,,0,0.9689,,0.850,0,2472.2
3721,8,84,fog-93,1,fog,900.0,0.0000,0.0000,0,250.000,,0,0.9650,,0.850,0,2472.2
3722,8,84,fog-93,1,fog,1000.0,0.0000,0.0000,0,250.000,,0,0.9611,,0.850,0,2472.2
3723,8,84,fog-93,1,fog,1100.0,0.0000,0.0000,0,250.000,,0,0.9572,,0.850,0,2472.2
3724,8,84,fog-93,1,fog,1200.0,0.0000,0.0000,0,250.000,,0,0.9534,,0.850,0,2472.2
3725,8,84,fog-93,1,fog,1300.0,0.0000,0.0000,0,250.000,,0,0.9495,,0.850,0,2472.2
3726,8,84,fog-93,1,fog,1400.0,0.0000,0.0000,0,250.000,,0,0.9456,,0.850,0,2472.2
3727,8,84,fog-93,1,fog,1500.0,0.0000,0.0000,0,250.000,,0,0.9417,,0.850,0,2472.2
3728,8,84,fog-93,1,fog,1600.0,0.0000,0.0000,0,250.000,,0,0.9378,,0.850,0,2472.2
3729,8,84,fog-93,1,fog,1700.0,0.0000,0.0000,0,250.000,,0,0.9339,,0.850,0,2472.2
3730,8,84,fog-93,1,fog,1800.0,0.0000,0.0000,0,250.000,,0,0.9300,,0.850,0,2472.2
3731,8,84,fog-93,1,fog,1900.0,0.0000,0.0000,0,250.000,,0,0.9262,,0.850,0,2472.2
3732,8,84,fog-93,1,fog,2000.0,0.0000,0.0000,0,250.000,,0,0.9223,,0.850,0,2472.2
3733,8,84,fog-93,1,fog,2100.0,0.0000,0.0000,0,250.000,,0,0.9184,,0.850,0,2472.2
3734,8,84,fog-93,1,fog,2200.0,0.0000,0.0000,0,250.000,,0,0.9145,,0.850,0,2472.2
3735,8,84,fog-93,1,fog,2300.0,0.0000,0.0000,0,250.000,,0,0.9106,,0.850,1,2472.2
3736,8,84,fog-93,1,fog,2400.0,0.0000,0.0000,0,250.000,,0,0.9067,,0.850,1,2472.2
3737,8,85,fog-94,1,fog,0.0,0.0000,0.0000,0,250.000,,0,1.0000,,0.850,0,4830.9
3738,8,85,fog-94,1,fog,100.0,0.0000,0.0000,0,250.000,,0,0.9961,,0.850,0,4830.9
3739,8,85,fog-94,1,fog,200.0,0.0000,0.0000,0,250.000,,0,0.9922,,0.850,0,4830.9
3740,8,85,fog-94,1,fog,300.0,0.0000,0.0000,0,250.000,,0,0.9883,,0.850,0,4830.9
3741,8,85,fog-94,1,fog,400.0,0.0000,0.0000,0,250.000,,0,0.9845,,0.850,0,4830.9
3742,8,85,fog-94,1,fog,500.0,0.0000,0.0000,0,250.000,,0,0.9806,,0.850,0,4830.9
3743,8,85,fog-94,1,fog,600.0,0.0000,0.0000,0,250.000,,0,0.9767,,0.850,0,4830.9
3744,8,85,fog-94,1,fog,700.0,0.0000,0.0000,0,250.000,,0,0.9728,,0.850,0,4830.9
3745,8,85,fog-94,1,fog,800.0,0.0000,0.0000,0,250.000,,0,0.9689,,0.850,0,4830.9
3746,8,85,fog-94,1,fog,900.0,0.0000,0.0000,0,250.000,,0,0.9650,,0.850,0,4830.9
3747,8,85,fog-94,1,fog,1000.0,0.0000,0.0000,0,250.000,,0,0.9611,,0.850,0,4830.9
3748,8,85,fog-94,1,fog,1100.0,0.0000,0.0000,0,250.000,,0,0.9572,,0.850,0,4830.9
3749,8,85,fog-94,1,fog,1200.0,0.0000,0.0000,0,250.000,,0,0.9534,,0.850,0,4830.9
3750,8,85,fog-94,1,fog,1300.0,0.0000,0.0000,0,250.000,,0,0.9495,,0.850,0,4830.9
3751,8,85,fog-94,1,fog,1400.0,0.0000,0.0000,0,250.000,,0,0.9456,,0.850,0,4830.9
3752,8,85,fog-94,1,fog,1500.0,0.0000,0.0000,0,250.000,,0,0.9417,,0.850,0,4830.9
3753,8,85,fog-94,1,fog,1600.0,0.0000,0.0000,0,250.000,,0,0.9378,,0.850,0,4830.9
3754,8,85,fog-94,1,fog,1700.0,0.0000,0.0000,0,250.000,,0,0.9339,,0.850,0,4830.9
3755,8,85,fog-94,1,fog,1800.0,0.0000,0.0000,0,250.000,,0,0.9300,,0.850,0,4830.9
3756,8,85,fog-94,1,fog,1900.0,0.0000,0.0000,0,250.000,,0,0.9262,,0.850,0,4830.9
3757,8,85,fog-94,1,fog,2000.0,0.0000,0.0000,0,250.000,,0,0.9223,,0.850,0,4830.9
3758,8,85,fog-94,1,fog,2100.0,0.0000,0.0000,0,250.000,,0,0.9184,,0.850,0,4830.9
3759,8,85,fog-94,1,fog,2200.0,0.0000,0.0000,0,250.000,,0,0.9145,,0.850,0,4830.9
3760,8,85,fog-94,1,fog,2300.0,0.0000,0.0000,0,250.000,,0,0.9106,,0.850,0,4830.9
3761,8,85,fog-94,1,fog,2400.0,0.0000,0.0000,0,250.000,,0,0.9067,,0.850,0,4830.9
3762,8,85,fog-94,1,fog,2500.0,0.0000,0.0000,0,250.000,,0,0.9028,,0.850,0,4830.9
3763,8,85,fog-94,1,fog,2600.0,0.0000,0.0000,0,250.000,,0,0.8990,,0.850,0,4830.9
3764,8,85,fog-94,1,fog,2700.0,0.0000,0.0000,0,250.000,,0,0.8951,,0.850,0,4830.9
3765,8,85,fog-94,1,fog,2800.0,0.0000,0.0000,0,250.000,,0,0.8912,,0.850,0,4830.9
3766,8,85,fog-94,1,fog,2900.0,0.0000,0.0000,0,250.000,,0,0.8873,,0.850,0,4830.9
3767,8,85,fog-94,1,fog,3000.0,0.0000,0.0000,0,250.000,,0,0.8834,,0.850,0,4830.9
3768,8,85,fog-94,1,fog,3100.0,0.0000,0.0000,0,250.000,,0,0.8795,,0.850,0,4830.9
3769,8,85,fog-94,1,fog,3200.0,0.0000,0.0000,0,250.000,,0,0.8756,,0.850,0,4830.9
3770,8,85,fog-94,1,fog,3300.0,0.0000,0.0000,0,250.000,,0,0.8717,,0.850,0,4830.9
3771,8,85,fog-94,1,fog,3400.0,0.0000,0.0000,0,250.000,,0,0.8679,,0.850,0,4830.9
3772,8,85,fog-94,1,fog,3500.0,0.0000,0.0000,0,250.000,,0,0.8640,,0.850,0,4830.9
3773,8,85,fog-94,1,fog,3600.0,0.0000,0.0000,0,250.000,,0,0.8601,,0.850,0,4830.9
3774,8,85,fog-94,1,fog,3700.0,0.0000,0.0000,0,250.000,,0,0.8562,,0.850,0,4830.9
3775,8,85,fog-94,1,fog,3800.0,0.0000,0.0000,0,250.000,,0,0.8523,,0.850,0,4830.9
3776,8,85,fog-94,1,fog,3900.0,0.0000,0.0000,0,250.000,,0,0.8484,,0.850,0,4830.9
3777,8,85,fog-94,1,fog,4000.0,0.0000,0.0000,0,250.000,,0,0.8445,,0.850,0,4830.9
3778,8,85,fog-94,1,fog,4100.0,0.0000,0.0000,0,250.000,,0,0.8407,,0.850,0,4830.9
3779,8,85,fog-94,1,fog,4200.0,0.0000,0.0000,0,250.000,,0,0.8368,,0.850,0,4830.9
3780,8,85,fog-94,1,fog,4300.0,0.0000,0.0000,0,250.000,,0,0.8329,,0.850,0,4830.9
3781,8,85,fog-94,1,fog,4400.0,0.0000,0.0000,0,250.000,,0,0.8290,,0.850,0,4830.9
3782,8,85,fog-94,1,fog,4500.0,0.0000,0.0000,0,250.000,,0,0.8251,,0.850,0,4830.9
3783,8,85,fog-94,1,fog,4600.0,0.0000,0.0000,0,250.000,,0,0.8212,,0.850,0,4830.9
3784,8,85,fog-94,1,fog,4700.0,0.0000,0.0000,0,250.000,,0,0.8173,,0.850,1,4830.9
3785,8,85,fog-94,1,fog,4800.0,0.0000,0.0000,0,250.000,,0,0.8135,,0.850,1,4830.9
3786,8,86,fog-95,1,fog,0.0,0.0000,0.0000,0,250.000,,0,1.0000,,0.850,0,
3787,8,86,fog-95,1,fog,100.0,0.0000,0.0000,0,250.000,,0,0.9961,,0.850,0,
3788,8,86,fog-95,1,fog,200.0,0.0000,0.0000,0,250.000,,0,0.9922,,0.850,0,
3789,8,86,fog-95,1,fog,300.0,0.0000,0.0000,0,250.000,,0,0.9883,,0.850,0,
3790,8,86,fog-95,1,fog,400.0,0.0000,0.0000,0,250.000,,0,0.9845,,0.850,0,
3791,8,86,fog-95,1,fog,500.0,0.0000,0.0000,0,250.000,,0,0.9806,,0.850,0,
3792,8,86,fog-95,1,fog,600.0,0.0000,0.0000,0,250.000,,0,0.9767,,0.850,0,
3793,8,86,fog-95,1,fog,700.0,0.0000,0.0000,0,250.000,,0,0.9728,,0.850,0,
3794,8,86,fog-95,1,fog,800.0,0.0000,0.0000,0,250.000,,0,0.9689,,0.850,0,
3795,8,86,fog-95,1,fog,900.0,0.0000,0.0000,0,250.000,,0,0.9650,,0.850,0,
3796,8,86,fog-95,1,fog,1000.0,0.0000,0.0000,0,250.000,,0,0.9611,,0.850,0,
3797,8,86,fog-95,1,fog,1100.0,0.0000,0.0000,0,250.000,,0,0.9572,,0.850,0,
3798,8,86,fog-95,1,fog,1200.0,0.0000,0.0000,0,250.000,,0,0.9534,,0.850,0,
3799,8,86,fog-95,1,fog,1300.0,0.0000,0.0000,0,250.000,,0,0.9495,,0.850,0,
3800,8,86,fog-95,1,fog,1400.0,0.0000,0.0000,0,250.000,,0,0.9456,,0.850,0,
3801,8,86,fog-95,1,fog,1500.0,0.0000,0.0000,0,250.000,,0,0.9417,,0.850,0,
3802,8,86,fog-95,1,fog,1600.0,0.0000,0.0000,0,250.000,,0,0.9378,,0.850,0,
3803,8,86,fog-95,1,fog,1700.0,0.0000,0.0000,0,250.000,,0,0.9339,,0.850,0,
3804,8,86,fog-95,1,fog,1800.0,0.0000,0.0000,9,252.250,0.0000,0,0.9300,,0.850,0,
3805,8,86,fog-95,1,fog,1900.0,0.0000,0.0000,0,250.000,,0,0.9262,,0.850,0,
3806,8,86,fog-95,1,fog,2000.0,0.0000,0.0000,0,250.000,,0,0.9223,,0.850,0,
3807,8,86,fog-95,1,fog,2100.0,0.0000,0.0000,0,250.000,,0,0.9184,,0.850,0,
3808,8,86,fog-95,1,fog,2200.0,0.0000,0.0000,0,250.000,,0,0.9145,,0.850,0,
3809,8,86,fog-95,1,fog,2300.0,0.0000,0.0000,0,250.000,,0,0.9106,,0.850,0,
3810,8,86,fog-95,1,fog,2400.0,0.0000,0.0000,0,250.000,,0,0.9067,,0.850,0,
3811,8,86,fog-95,1,fog,2500.0,0.0000,0.0000,0,250.000,,0,0.9028,,0.850,0,
3812,8,86,fog-95,1,fog,2600.0,0.0000,0.0000,0,250.000,,0,0.8990,,0.850,0,
3813,8,86,fog-95,1,fog,2700.0,0.0000,0.0000,0,250.000,,0,0.8951,,0.850,0,
3814,8,86,fog-95,1,fog,2800.0,0.0000,0.0000,0,250.000,,0,0.8912,,0.850,0,
3815,8,86,fog-95,1,fog,2900.0,0.0000,0.0000,0,250.000,,0,0.8873,,0.850,0,
3816,8,86,fog-95,1,fog,3000.0,0.0000,0.0000,0,250.000,,0,0.8834,,0.850,0,
3817,8,86,fog-95,1,fog,3100.0,0.0000,0.0000,0,250.000,,0,0.8795,,0.850,0,
3818,8,86,fog-95,1,fog,3200.0,0.0000,0.0000,0,250.000,,0,0.8756,,0.850,0,
3819,8,86,fog-95,1,fog,3300.0,0.0000,0.0000,0,250.000,,0,0.8717,,0.850,0,
3820,8,86,fog-95,1,fog,3400.0,0.0000,0.0000,8,252.000,0.3062,0,0.8679,,0.850,0,
3821,8,86,fog-95,1,fog,3500.0,0.0000,0.0000,0,250.000,,0,0.8640,,0.850,0,
3822,8,86,fog-95,1,fog,3600.0,0.0000,0.0000,0,250.000,,0,0.8601,,0.850,0,
3823,8,86,fog-95,1,fog,3700.0,0.0000,0.0000,0,250.000,,0,0.8562,,0.850,0,
3824,8,86,fog-95,1,fog,3800.0,0.0000,0.0000,0,250.000,,0,0.8523,,0.850,0,
3825,8,86,fog-95,1,fog,3900.0,0.0000,0.0000,0,250.000,,0,0.8484,,0.850,0,
3826,8,86,fog-95,1,fog,4000.0,0.0000,0.0000,0,250.000,,0,0.8445,,0.850,0,
3827,8,86,fog-95,1,fog,4100.0,0.0000,0.0000,0,250.000,,0,0.8407,,0.850,0,
3828,8,86,fog-95,1,fog,4200.0,0.0000,0.0000,0,250.000,,0,0.8368,,0.850,0,
3829,8,86,fog-95,1,fog,4300.0,0.0000,0.0000,0,250.000,,0,0.8329,,0.850,0,
3830,8,86,fog-95,1,fog,4400.0,0.0000,0.0000,0,250.000,,0,0.8290,,0.850,0,
3831,8,86,fog-95,1,fog,4500.0,0.0000,0.0000,0,250.000,,0,0.8251,,0.850,0,
3832,8,86,fog-95,1,fog,4600.0,0.0000,0.0000,0,250.000,,0,0.8212,,0.850,0,
3833,8,86,fog-95,1,fog,4700.0,0.0000,0.0000,0,250.000,,0,0.8173,,0.850,0,
3834,8,86,fog-95,1,fog,4800.0,0.0000,0.0000,0,250.000,,0,0.8135,,0.850,0,
3835,8,86,fog-95,1,fog,4900.0,0.0000,0.0000,0,250.000,,0,0.8096,,0.850,0,
3836,8,86,fog-95,1,fog,5000.0,0.0000,0.0000,8,252.000,0.3514,0,0.8057,,0.850,0,
3837,8,87,fog-96,1,fog,0.0,0.0000,0.0000,0,250.000,,0,1.0000,,0.850,0,
3838,8,87,fog-96,1,fog,100.0,0.0000,0.0000,8,252.000,1.0000,0,0.9961,,0.850,0,
3839,8,87,fog-96,1,fog,200.0,0.0000,0.0000,21,255.000,1.0000,0,0.9922,,0.850,0,
3840,8,87,fog-96,1,fog,300.0,0.0000,0.0000,21,255.000,1.0000,0,0.9883,,0.850,0,
3841,8,87,fog-96,1,fog,400.0,0.0000,0.0000,21,255.000,1.0000,0,0.9845,,0.850,0,
3842,8,87,fog-96,1,fog,500.0,0.0000,0.0000,18,254.500,0.9428,0,0.9806,,0.850,0,
3843,8,87,fog-96,1,fog,600.0,0.0000,0.0000,18,254.500,0.9428,0,0.9767,,0.850,0,
3844,8,87,fog-96,1,fog,700.0,0.0000,0.0000,10,252.500,0.0000,0,0.9728,,0.850,0,
3845,8,87,fog-96,1,fog,800.0,0.0000,0.0000,10,252.500,0.0000,0,0.9689,,0.850,0,
3846,8,87,fog-96,1,fog,900.0,0.0000,0.0000,9,252.250,0.2940,0,0.9650,,0.850,0,
3847,8,87,fog-96,1,fog,1000.0,0.0000,0.0000,9,252.250,0.2940,0,0.9611,,0.850,0,
3848,8,87,fog-96,1,fog,1100.0,0.0000,0.0000,9,252.250,0.2940,0,0.9572,,0.850,0,
3849,8,87,fog-96,1,fog,1200.0,0.0000,0.0000,10,252.500,0.0000,0,0.9534,,0.850,0,
3850,8,87,fog-96,1,fog,1300.0,0.0000,0.0000,10,252.500,0.0000,0,0.9495,,0.850,0,
3851,8,87,fog-96,1,fog,1400.0,0.0000,0.0000,0,250.000,,0,0.9456,,0.850,0,
3852,8,87,fog-96,1,fog,1500.0,0.0000,0.0000,0,250.000,,0,0.9417,,0.850,0,
3853,8,87,fog-96,1,fog,1600.0,0.0000,0.0000,0,250.000,,0,0.9378,,0.850,0,
3854,8,87,fog-96,1,fog,1700.0,0.0000,0.0000,0,250.000,,0,0.9339,,0.850,0,
3855,8,87,fog-96,1,fog,1800.0,0.0000,0.0000,0,250.000,,0,0.9300,,0.850,0,
3856,8,87,fog-96,1,fog,1900.0,0.0000,0.0000,0,250.000,,0,0.9262,,0.850,0,
3857,8,87,fog-96,1,fog,2000.0,0.0000,0.0000,9,252.250,0.2940,0,0.9223,,0.850,0,
3858,8,87,fog-96,1,fog,2100.0,0.0000,0.0000,9,252.250,0.2940,0,0.9184,,0.850,0,
3859,8,87,fog-96,1,fog,2200.0,0.0000,0.0000,10,252.500,0.0000,0,0.9145,,0.850,0,
3860,8,87,fog-96,1,fog,2300.0,0.0000,0.0000,8,252.000,0.5443,0,0.9106,,0.850,0,
3861,8,87,fog-96,1,fog,2400.0,0.0000,0.0000,9,252.250,0.2940,0,0.9067,,0.850,0,
3862,8,87,fog-96,1,fog,2500.0,0.0000,0.0000,10,252.500,0.0000,0,0.9028,,0.850,0,
3863,8,87,fog-96,1,fog,2600.0,0.0000,0.0000,9,252.250,0.0000,0,0.8990,,0.850,0,
3864,8,87,fog-96,1,fog,2700.0,0.0000,0.0000,7,251.750,0.5590,0,0.8951,,0.850,0,
3865,8,87,fog-96,1,fog,2800.0,0.0000,0.0000,9,252.250,0.2940,0,0.8912,,0.850,0,
3866,8,87,fog-96,1,fog,2900.0,0.0000,0.0000,0,250.000,,0,0.8873,,0.850,0,
3867,8,87,fog-96,1,fog,3000.0,0.0000,0.0000,0,250.000,,0,0.8834,,0.850,0,
3868,8,87,fog-96,1,fog,3100.0,0.0000,0.0000,0,250.000,,0,0.8795,,0.850,0,
3869,8,87,fog-96,1,fog,3200.0,0.0000,0.0000,0,250.000,,0,0.8756,,0.850,0,
3870,8,87,fog-96,1,fog,3300.0,0.0000,0.0000,0,250.000,,0,0.8717,,0.850,0,
3871,8,87,fog-96,1,fog,3400.0,0.0000,0.0000,0,250.000,,0,0.8679,,0.850,0,
3872,8,87,fog-96,1,fog,3500.0,0.0000,0.0000,0,250.000,,0,0.8640,,0.850,0,
3873,8,87,fog-96,1,fog,3600.0,0.0000,0.0000,0,250.000,,0,0.8601,,0.850,0,
3874,8,87,fog-96,1,fog,3700.0,0.0000,0.0000,0,250.000,,0,0.8562,,0.850,0,
3875,8,87,fog-96,1,fog,3800.0,0.0000,0.0000,9,252.250,0.2940,0,0.8523,,0.850,0,
3876,8,87,fog-96,1,fog,3900.0,0.0000,0.0000,10,252.500,0.0000,0,0.8484,,0.850,0,
3877,8,87,fog-96,1,fog,4000.0,0.0000,0.0000,10,252.500,0.0000,0,0.8445,,0.850,0,
3878,8,87,fog-96,1,fog,4100.0,0.0000,0.0000,9,252.250,0.2940,0,0.8407,,0.850,0,
3879,8,87,fog-96,1,fog,4200.0,0.0000,0.0000,10,252.500,0.0000,0,0.8368,,0.850,0,
3880,8,87,fog-96,1,fog,4300.0,0.0000,0.0000,6,251.500,0.5000,0,0.8329,,0.850,0,
3881,8,87,fog-96,1,fog,4400.0,0.0000,0.0000,8,252.000,0.3514,0,0.8290,,0.850,0,
3882,8,87,fog-96,1,fog,4500.0,0.0000,0.0000,9,252.250,0.2940,0,0.8251,,0.850,0,
3883,8,87,fog-96,1,fog,4600.0,0.0000,0.0000,10,252.500,0.0000,0,0.8212,,0.850,0,
3884,8,87,fog-96,1,fog,4700.0,0.0000,0.0000,0,250.000,,0,0.8173,,0.850,0,
3885,8,87,fog-96,1,fog,4800.0,0.0000,0.0000,0,250.000,,0,0.8135,,0.850,0,
3886,8,87,fog-96,1,fog,4900.0,0.0000,0.0000,0,250.000,,0,0.8096,,0.850,0,
3887,8,87,fog-96,1,fog,5000.0,0.0000,0.0000,0,250.000,,0,0.8057,,0.850,0,
3888,8,88,fog-97,1,fog,0.0,0.0000,0.0000,0,250.000,,0,1.0000,,0.850,0,
3889,8,88,fog-97,1,fog,100.0,0.0000,0.0000,0,250.000,,0,0.9961,,0.850,0,
3890,8,88,fog-97,1,fog,200.0,0.0000,0.0000,0,250.000,,0,0.9922,,0.850,0,
3891,8,88,fog-97,1,fog,300.0,0.0000,0.0000,9,252.250,0.0000,0,0.9883,,0.850,0,
3892,8,88,fog-97,1,fog,400.0,0.0000,0.0000,0,250.000,,0,0.9845,,0.850,0,
3893,8,88,fog-97,1,fog,500.0,0.0000,0.0000,0,250.000,,0,0.9806,,0.850,0,
3894,8,88,fog-97,1,fog,600.0,0.0000,0.0000,0,250.000,,0,0.9767,,0.850,0,
3895,8,88,fog-97,1,fog,700.0,0.0000,0.0000,0,250.000,,0,0.9728,,0.850,0,
3896,8,88,fog-97,1,fog,800.0,0.0000,0.0000,7,251.750,0.3536,0,0.9689,,0.850,0,
3897,8,88,fog-97,1,fog,900.0,0.0000,0.0000,0,250.000,,0,0.9650,,0.850,0,
3898,8,88,fog-97,1,fog,1000.0,0.0000,0.0000,0,250.000,,0,0.9611,,0.850,0,
3899,8,88,fog-97,1,fog,1100.0,0.0000,0.0000,0,250.000,,0,0.9572,,0.850,0,
3900,8,88,fog-97,1,fog,1200.0,0.0000,0.0000,0,250.000,,0,0.9534,,0.850,0,
3901,8,88,fog-97,1,fog,1300.0,0.0000,0.0000,0,250.000,,0,0.9495,,0.850,0,
3902,8,88,fog-97,1,fog,1400.0,0.0000,0.0000,0,250.000,,0,0.9456,,0.850,0,
3903,8,88,fog-97,1,fog,1500.0,0.0000,0.0000,0,250.000,,0,0.9417,,0.850,0,
3904,8,88,fog-97,1,fog,1600.0,0.0000,0.0000,10,252.500,0.0000,0,0.9378,,0.850,0,
3905,8,88,fog-97,1,fog,1700.0,0.0000,0.0000,6,251.500,0.3062,0,0.9339,,0.850,0,
3906,8,88,fog-97,1,fog,1800.0,0.0000,0.0000,9,252.250,0.2940,0,0.9300,,0.850,0,
3907,8,88,fog-97,1,fog,1900.0,0.0000,0.0000,0,250.000,,0,0.9262,,0.850,0,
3908,8,88,fog-97,1,fog,2000.0,0.0000,0.0000,0,250.000,,0,0.9223,,0.850,0,
3909,8,88,fog-97,1,fog,2100.0,0.0000,0.0000,10,252.500,0.0263,0,0.9184,,0.850,0,
3910,8,88,fog-97,1,fog,2200.0,0.0000,0.0000,0,250.000,,0,0.9145,,0.850,0,
3911,8,88,fog-97,1,fog,2300.0,0.0000,0.0000,0,250.000,,0,0.9106,,0.850,0,
3912,8,88,fog-97,1,fog,2400.0,0.0000,0.0000,0,250.000,,0,0.9067,,0.850,0,
3913,8,88,fog-97,1,fog,2500.0,0.0000,0.0000,10,252.500,0.0000,0,0.9028,,0.850,0,
3914,8,88,fog-97,1,fog,2600.0,0.0000,0.0000,0,250.000,,0,0.8990,,0.850,0,
3915,8,88,fog-97,1,fog,2700.0,0.0000,0.0000,0,250.000,,0,0.8951,,0.850,0,
3916,8,88,fog-97,1,fog,2800.0,0.0000,0.0000,0,250.000,,0,0.8912,,0.850,0,
3917,8,88,fog-97,1,fog,2900.0,0.0000,0.0000,0,250.000,,0,0.8873,,0.850,0,
3918,8,88,fog-97,1,fog,3000.0,0.0000,0.0000,0,250.000,,0,0.8834,,0.850,0,
3919,8,88,fog-97,1,fog,3100.0,0.0000,0.0000,0,250.000,,0,0.8795,,0.850,0,
3920,8,88,fog-97,1,fog,3200.0,0.0000,0.0000,0,250.000,,0,0.8756,,0.850,0,
3921,8,88,fog-97,1,fog,3300.0,0.0000,0.0000,0,250.000,,0,0.8717,,0.850,0,
3922,8,88,fog-97,1,fog,3400.0,0.0000,0.0000,0,250.000,,0,0.8679,,0.850,0,
3923,8,88,fog-97,1,fog,3500.0,0.0000,0.0000,0,250.000,,0,0.8640,,0.850,0,
3924,8,88,fog-97,1,fog,3600.0,0.0000,0.0000,0,250.000,,0,0.8601,,0.850,0,
3925,8,88,fog-97,1,fog,3700.0,0.0000,0.0000,0,250.000,,0,0.8562,,0.850,0,
3926,8,88,fog-97,1,fog,3800.0,0.0000,0.0000,0,250.000,,0,0.8523,,0.850,0,
3927,8,88,fog-97,1,fog,3900.0,0.0000,0.0000,0,250.000,,0,0.8484,,0.850,0,
3928,8,88,fog-97,1,fog,4000.0,0.0000,0.0000,10,252.500,0.0000,0,0.8445,,0.850,0,
3929,8,88,fog-97,1,fog,4100.0,0.0000,0.0000,0,250.000,,0,0.8407,,0.850,0,
3930,8,88,fog-97,1,fog,4200.0,0.0000,0.0000,0,250.000,,0,0.8368,,0.850,0,
3931,8,88,fog-97,1,fog,4300.0,0.0000,0.0000,0,250.000,,0,0.8329,,0.850,0,
3932,8,88,fog-97,1,fog,4400.0,0.0000,0.0000,0,250.000,,0,0.8290,,0.850,0,
3933,8,88,fog-97,1,fog,4500.0,0.0000,0.0000,0,250.000,,0,0.8251,,0.850,0,
3934,8,88,fog-97,1,fog,4600.0,0.0000,0.0000,0,250.000,,0,0.8212,,0.850,0,
3935,8,88,fog-97,1,fog,4700.0,0.0000,0.0000,0,250.000,,0,0.8173,,0.850,0,
3936,8,88,fog-97,1,fog,4800.0,0.0000,0.0000,0,250.000,,0,0.8135,,0.850,0,
3937,8,88,fog-97,1,fog,4900.0,0.0000,0.0000,10,252.500,0.0000,0,0.8096,,0.850,0,
3938,8,88,fog-97,1,fog,5000.0,0.0000,0.0000,9,252.250,0.2940,0,0.8057,,0.850,0,
3939,8,89,fog-98,1,fog,0.0,0.0000,0.0000,0,250.000,,0,1.0000,,0.850,0,
3940,8,89,fog-98,1,fog,100.0,0.0000,0.0000,0,250.000,,0,0.9961,,0.850,0,
3941,8,89,fog-98,1,fog,200.0,0.0000,0.0000,0,250.000,,0,0.9922,,0.850,0,
3942,8,89,fog-98,1,fog,300.0,0.0000,0.0000,0,250.000,,0,0.9883,,0.850,0,
3943,8,89,fog-98,1,fog,400.0,0.0000,0.0000,0,250.000,,0,0.9845,,0.850,0,
3944,8,89,fog-98,1,fog,500.0,0.0000,0.0000,0,250.000,,0,0.9806,,0.850,0,
3945,8,89,fog-98,1,fog,600.0,0.0000,0.0000,19,254.750,1.0000,0,0.9767,,0.850,0,
3946,8,89,fog-98,1,fog,700.0,0.0000,0.0000,18,254.500,0.9428,0,0.9728,,0.850,0,
3947,8,89,fog-98,1,fog,800.0,0.0000,0.0000,9,252.250,0.2940,0,0.9689,,0.850,0,
3948,8,89,fog-98,1,fog,900.0,0.0000,0.0000,0,250.000,,0,0.9650,,0.850,0,
3949,8,89,fog-98,1,fog,1000.0,0.0000,0.0000,10,252.500,0.0000,0,0.9611,,0.850,0,
3950,8,89,fog-98,1,fog,1100.0,0.0000,0.0000,8,252.000,0.3062,0,0.9572,,0.850,0,
3951,8,89,fog-98,1,fog,1200.0,0.0000,0.0000,0,250.000,,0,0.9534,,0.850,0,
3952,8,89,fog-98,1,fog,1300.0,0.0000,0.0000,0,250.000,,0,0.9495,,0.850,0,
3953,8,89,fog-98,1,fog,1400.0,0.0000,0.0000,0,250.000,,0,0.9456,,0.850,0,
3954,8,89,fog-98,1,fog,1500.0,0.0000,0.0000,0,250.000,,0,0.9417,,0.850,0,
3955,8,89,fog-98,1,fog,1600.0,0.0000,0.0000,0,250.000,,0,0.9378,,0.850,0,
3956,8,89,fog-98,1,fog,1700.0,0.0000,0.0000,0,250.000,,0,0.9339,,0.850,0,
3957,8,89,fog-98,1,fog,1800.0,0.0000,0.0000,0,250.000,,0,0.9300,,0.850,0,
3958,8,89,fog-98,1,fog,1900.0,0.0000,0.0000,0,250.000,,0,0.9262,,0.850,0,
3959,8,89,fog-98,1,fog,2000.0,0.0000,0.0000,0,250.000,,0,0.9223,,0.850,0,
3960,8,89,fog-98,1,fog,2100.0,0.0000,0.0000,10,252.500,0.0000,0,0.9184,,0.850,0,
3961,8,89,fog-98,1,fog,2200.0,0.0000,0.0000,9,252.250,0.2940,0,0.9145,,0.850,0,
3962,8,89,fog-98,1,fog,2300.0,0.0000,0.0000,10,252.500,0.0000,0,0.9106,,0.850,0,
3963,8,89,fog-98,1,fog,2400.0,0.0000,0.0000,0,250.000,,0,0.9067,,0.850,0,
3964,8,89,fog-98,1,fog,2500.0,0.0000,0.0000,0,250.000,,0,0.9028,,0.850,0,
3965,8,89,fog-98,1,fog,2600.0,0.0000,0.0000,0,250.000,,0,0.8990,,0.850,0,
3966,8,89,fog-98,1,fog,2700.0,0.0000,0.0000,0,250.000,,0,0.8951,,0.850,0,
3967,8,89,fog-98,1,fog,2800.0,0.0000,0.0000,0,250.000,,0,0.8912,,0.850,0,
3968,8,89,fog-98,1,fog,2900.0,0.0000,0.0000,0,250.000,,0,0.8873,,0.850,0,
3969,8,89,fog-98,1,fog,3000.0,0.0000,0.0000,0,250.000,,0,0.8834,,0.850,0,
3970,8,89,fog-98,1,fog,3100.0,0.0000,0.0000,0,250.000,,0,0.8795,,0.850,0,
3971,8,89,fog-98,1,fog,3200.0,0.0000,0.0000,0,250.000,,0,0.8756,,0.850,0,
3972,8,89,fog-98,1,fog,3300.0,0.0000,0.0000,0,250.000,,0,0.8717,,0.850,0,
3973,8,89,fog-98,1,fog,3400.0,0.0000,0.0000,10,252.500,0.0000,0,0.8679,,0.850,0,
3974,8,89,fog-98,1,fog,3500.0,0.0000,0.0000,6,251.500,0.3499,0,0.8640,,0.850,0,
3975,8,89,fog-98,1,fog,3600.0,0.0000,0.0000,19,254.750,0.9904,0,0.8601,,0.850,0,
3976,8,89,fog-98,1,fog,3700.0,0.0000,0.0000,0,250.000,,0,0.8562,,0.850,0,
3977,8,89,fog-98,1,fog,3800.0,0.0000,0.0000,0,250.000,,0,0.8523,,0.850,0,
3978,8,89,fog-98,1,fog,3900.0,0.0000,0.0000,0,250.000,,0,0.8484,,0.850,0,
3979,8,89,fog-98,1,fog,4000.0,0.0000,0.0000,0,250.000,,0,0.8445,,0.850,0,
3980,8,89,fog-98,1,fog,4100.0,0.0000,0.0000,0,250.000,,0,0.8407,,0.850,0,
3981,8,89,fog-98,1,fog,4200.0,0.0000,0.0000,0,250.000,,0,0.8368,,0.850,0,
3982,8,89,fog-98,1,fog,4300.0,0.0000,0.0000,9,252.250,0.2940,0,0.8329,,0.850,0,
3983,8,89,fog-98,1,fog,4400.0,0.0000,0.0000,0,250.000,,0,0.8290,,0.850,0,
3984,8,89,fog-98,1,fog,4500.0,0.0000,0.0000,0,250.000,,0,0.8251,,0.850,0,
3985,8,89,fog-98,1,fog,4600.0,0.0000,0.0000,0,250.000,,0,0.8212,,0.850,0,
3986,8,89,fog-98,1,fog,4700.0,0.0000,0.0000,0,250.000,,0,0.8173,,0.850,0,
3987,8,89,fog-98,1,fog,4800.0,0.0000,0.0000,0,250.000,,0,0.8135,,0.850,0,
3988,8,89,fog-98,1,fog,4900.0,0.0000,0.0000,0,250.000,,0,0.8096,,0.850,0,
3989,8,89,fog-98,1,fog,5000.0,0.0000,0.0000,0,250.000,,0,0.8057,,0.850,0,
3990,8,90,fog-99,1,fog,0.0,0.0000,0.0000,0,250.000,,0,1.0000,,0.850,0,
3991,8,90,fog-99,1,fog,100.0,0.0000,0.0000,0,250.000,,0,0.9961,,0.850,0,
3992,8,90,fog-99,1,fog,200.0,0.0000,0.0000,10,252.500,0.0000,0,0.9922,,0.850,0,
3993,8,90,fog-99,1,fog,300.0,0.0000,0.0000,9,252.250,0.2940,0,0.9883,,0.850,0,
3994,8,90,fog-99,1,fog,400.0,0.0000,0.0000,10,252.500,0.0000,0,0.9845,,0.850,0,
3995,8,90,fog-99,1,fog,500.0,0.0000,0.0000,10,252.500,0.0000,0,0.9806,,0.850,0,
3996,8,90,fog-99,1,fog,600.0,0.0000,0.0000,0,250.000,,0,0.9767,,0.850,0,
3997,8,90,fog-99,1,fog,700.0,0.0000,0.0000,8,252.000,0.5443,0,0.9728,,0.850,0,
3998,8,90,fog-99,1,fog,800.0,0.0000,0.0000,0,250.000,,0,0.9689,,0.850,0,
3999,8,90,fog-99,1,fog,900.0,0.0000,0.0000,0,250.000,,0,0.9650,,0.850,0,
4000,8,90,fog-99,1,fog,1000.0,0.0000,0.0000,0,250.000,,0,0.9611,,0.850,0,
4001,8,90,fog-99,1,fog,1100.0,0.0000,0.0000,0,250.000,,0,0.9572,,0.850,0,
4002,8,90,fog-99,1,fog,1200.0,0.0000,0.0000,0,250.000,,0,0.9534,,0.850,0,
4003,8,90,fog-99,1,fog,1300.0,0.0000,0.0000,10,252.500,0.0000,0,0.9495,,0.850,0,
4004,8,90,fog-99,1,fog,1400.0,0.0000,0.0000,19,254.750,1.0000,0,0.9456,,0.850,0,
4005,8,90,fog-99,1,fog,1500.0,0.0000,0.0000,9,252.250,0.0000,0,0.9417,,0.850,0,
4006,8,90,fog-99,1,fog,1600.0,0.0000,0.0000,0,250.000,,0,0.9378,,0.850,0,
4007,8,90,fog-99,1,fog,1700.0,0.0000,0.0000,10,252.500,0.0000,0,0.9339,,0.850,0,
4008,8,90,fog-99,1,fog,1800.0,0.0000,0.0000,17,254.250,1.0000,0,0.9300,,0.850,0,
4009,8,90,fog-99,1,fog,1900.0,0.0000,0.0000,19,254.750,1.0000,0,0.9262,,0.850,0,
4010,8,90,fog-99,1,fog,2000.0,0.0000,0.0000,10,252.500,0.0000,0,0.9223,,0.850,0,
4011,8,90,fog-99,1,fog,2100.0,0.0000,0.0000,10,252.500,0.0000,0,0.9184,,0.850,0,
4012,8,90,fog-99,1,fog,2200.0,0.0000,0.0000,10,252.500,0.0000,0,0.9145,,0.850,0,
4013,8,90,fog-99,1,fog,2300.0,0.0000,0.0000,18,254.500,0.9125,0,0.9106,,0.850,0,
4014,8,90,fog-99,1,fog,2400.0,0.0000,0.0000,0,250.000,,0,0.9067,,0.850,0,
4015,8,90,fog-99,1,fog,2500.0,0.0000,0.0000,0,250.000,,0,0.9028,,0.850,0,
4016,8,90,fog-99,1,fog,2600.0,0.0000,0.0000,9,252.250,0.0000,0,0.8990,,0.850,0,
4017,8,90,fog-99,1,fog,2700.0,0.0000,0.0000,9,252.250,0.2940,0,0.8951,,0.850,0,
4018,8,90,fog-99,1,fog,2800.0,0.0000,0.0000,10,252.500,0.0000,0,0.8912,,0.850,0,
4019,8,90,fog-99,1,fog,2900.0,0.0000,0.0000,9,252.250,0.2940,0,0.8873,,0.850,0,
4020,8,90,fog-99,1,fog,3000.0,0.0000,0.0000,8,252.000,0.3514,0,0.8834,,0.850,0,
4021,8,90,fog-99,1,fog,3100.0,0.0000,0.0000,0,250.000,,0,0.8795,,0.850,0,
4022,8,90,fog-99,1,fog,3200.0,0.0000,0.0000,0,250.000,,0,0.8756,,0.850,0,
4023,8,90,fog-99,1,fog,3300.0,0.0000,0.0000,9,252.250,0.2940,0,0.8717,,0.850,0,
4024,8,90,fog-99,1,fog,3400.0,0.0000,0.0000,10,252.500,0.0000,0,0.8679,,0.850,0,
4025,8,90,fog-99,1,fog,3500.0,0.0000,0.0000,7,251.750,0.5590,0,0.8640,,0.850,0,
4026,8,90,fog-99,1,fog,3600.0,0.0000,0.0000,0,250.000,,0,0.8601,,0.850,0,
4027,8,90,fog-99,1,fog,3700.0,0.0000,0.0000,10,252.500,0.0000,0,0.8562,,0.850,0,
4028,8,90,fog-99,1,fog,3800.0,0.0000,0.0000,8,252.000,0.3514,0,0.8523,,0.850,0,
4029,8,90,fog-99,1,fog,3900.0,0.0000,0.0000,16,254.000,0.7935,0,0.8484,,0.850,0,
4030,8,90,fog-99,1,fog,4000.0,0.0000,0.0000,0,250.000,,0,0.8445,,0.850,0,
4031,8,90,fog-99,1,fog,4100.0,0.0000,0.0000,0,250.000,,0,0.8407,,0.850,0,
4032,8,90,fog-99,1,fog,4200.0,0.0000,0.0000,9,252.250,0.2940,0,0.8368,,0.850,0,
4033,8,90,fog-99,1,fog,4300.0,0.0000,0.0000,8,252.000,0.0000,0,0.8329,,0.850,0,
4034,8,90,fog-99,1,fog,4400.0,0.0000,0.0000,7,251.750,0.3333,0,0.8290,,0.850,0,
4035,8,90,fog-99,1,fog,4500.0,0.0000,0.0000,0,250.000,,0,0.8251,,0.850,0,
4036,8,90,fog-99,1,fog,4600.0,0.0000,0.0000,0,250.000,,0,0.8212,,0.850,0,
4037,8,90,fog-99,1,fog,4700.0,0.0000,0.0000,0,250.000,,0,0.8173,,0.850,0,
4038,8,90,fog-99,1,fog,4800.0,0.0000,0.0000,0,250.000,,0,0.8135,,0.850,0,
4039,8,90,fog-99,1,fog,4900.0,0.0000,0.0000,0,250.000,,0,0.8096,,0.850,0,
4040,8,90,fog-99,1,fog,5000.0,0.0000,0.0000,9,252.250,0.2940,0,0.8057,,0.850,0,
4041,8,91,fog-100,1,fog,0.0,0.0000,0.0000,0,250.000,,0,1.0000,,0.850,0,
4042,8,91,fog-100,1,fog,100.0,0.0000,0.0000,33,256.500,1.0000,0,0.9961,,0.850,0,
4043,8,91,fog-100,1,fog,200.0,0.0000,0.0000,91,263.750,1.0000,0,0.9922,,0.850,0,
4044,8,91,fog-100,1,fog,300.0,0.0000,0.0000,103,265.250,1.0000,0,0.9883,,0.850,0,
4045,8,91,fog-100,1,fog,400.0,0.0000,0.0000,89,263.500,1.0000,0,0.9845,,0.850,0,
4046,8,91,fog-100,1,fog,500.0,0.0000,0.0000,67,260.750,1.0000,0,0.9806,,0.850,0,
4047,8,91,fog-100,1,fog,600.0,0.0000,0.0000,71,261.250,1.0000,0,0.9767,,0.850,0,
4048,8,91,fog-100,1,fog,700.0,0.0000,0.0000,107,265.750,1.0000,0,0.9728,,0.850,0,
4049,8,91,fog-100,1,fog,800.0,0.0000,0.0000,111,266.250,1.0000,0,0.9689,,0.850,0,
4050,8,91,fog-100,1,fog,900.0,0.0000,0.0000,121,267.500,1.0000,0,0.9650,,0.850,0,
4051,8,91,fog-100,1,fog,1000.0,0.0000,0.0000,99,264.750,1.0000,0,0.9611,,0.850,0,
4052,8,91,fog-100,1,fog,1100.0,0.0000,0.0000,125,268.000,1.0000,0,0.9572,,0.850,0,
4053,8,91,fog-100,1,fog,1200.0,0.0000,0.0000,161,272.500,1.0000,0,0.9534,,0.850,0,
4054,8,91,fog-100,1,fog,1300.0,0.0000,0.0000,139,269.750,1.0000,0,0.9495,,0.850,0,
4055,8,91,fog-100,1,fog,1400.0,0.0000,0.0000,91,263.750,1.0000,0,0.9456,,0.850,0,
4056,8,91,fog-100,1,fog,1500.0,0.0000,0.0000,89,263.500,1.0000,0,0.9417,,0.850,0,
4057,8,91,fog-100,1,fog,1600.0,0.0000,0.0000,105,265.500,1.0000,0,0.9378,,0.850,0,
4058,8,91,fog-100,1,fog,1700.0,0.0000,0.0000,37,257.000,1.0000,0,0.9339,,0.850,0,
4059,8,91,fog-100,1,fog,1800.0,0.0000,0.0000,65,260.500,1.0000,0,0.9300,,0.850,0,
4060,8,91,fog-100,1,fog,1900.0,0.0000,0.0000,63,260.250,1.0000,0,0.9262,,0.850,0,
4061,8,91,fog-100,1,fog,2000.0,0.0000,0.0000,77,262.000,1.0000,0,0.9223,,0.850,0,
4062,8,91,fog-100,1,fog,2100.0,0.0000,0.0000,73,261.500,1.0000,0,0.9184,,0.850,0,
4063,8,91,fog-100,1,fog,2200.0,0.0000,0.0000,73,261.500,1.0000,0,0.9145,,0.850,0,
4064,8,91,fog-100,1,fog,2300.0,0.0000,0.0000,83,262.750,1.0000,0,0.9106,,0.850,0,
4065,8,91,fog-100,1,fog,2400.0,0.0000,0.0000,87,263.250,1.0000,0,0.9067,,0.850,0,
4066,8,91,fog-100,1,fog,2500.0,0.0000,0.0000,93,264.000,1.0000,0,0.9028,,0.850,0,
4067,8,91,fog-100,1,fog,2600.0,0.0000,0.0000,103,265.250,1.0000,0,0.8990,,0.850,0,
4068,8,91,fog-100,1,fog,2700.0,0.0000,0.0000,49,258.500,1.0000,0,0.8951,,0.850,0,
4069,8,91,fog-100,1,fog,2800.0,0.0000,0.0000,121,267.500,1.0000,0,0.8912,,0.850,0,
4070,8,91,fog-100,1,fog,2900.0,0.0000,0.0000,37,257.000,1.0000,0,0.8873,,0.850,0,
4071,8,91,fog-100,1,fog,3000.0,0.0000,0.0000,51,258.750,1.0000,0,0.8834,,0.850,0,
4072,8,91,fog-100,1,fog,3100.0,0.0000,0.0000,51,258.750,1.0000,0,0.8795,,0.850,0,
4073,8,91,fog-100,1,fog,3200.0,0.0000,0.0000,49,258.500,1.0000,0,0.8756,,0.850,0,
4074,8,91,fog-100,1,fog,3300.0,0.0000,0.0000,121,267.500,1.0000,0,0.8717,,0.850,0,
4075,8,91,fog-100,1,fog,3400.0,0.0000,0.0000,57,259.500,1.0000,0,0.8679,,0.850,0,
4076,8,91,fog-100,1,fog,3500.0,0.0000,0.0000,89,263.500,1.0000,0,0.8640,,0.850,0,
4077,8,91,fog-100,1,fog,3600.0,0.0000,0.0000,75,261.750,1.0000,0,0.8601,,0.850,0,
4078,8,91,fog-100,1,fog,3700.0,0.0000,0.0000,63,260.250,1.0000,0,0.8562,,0.850,0,
4079,8,91,fog-100,1,fog,3800.0,0.0000,0.0000,105,265.500,1.0000,0,0.8523,,0.850,0,
4080,8,91,fog-100,1,fog,3900.0,0.0000,0.0000,131,268.750,1.0000,0,0.8484,,0.850,0,
4081,8,91,fog-100,1,fog,4000.0,0.0000,0.0000,163,272.750,1.0000,0,0.8445,,0.850,0,
4082,8,91,fog-100,1,fog,4100.0,0.0000,0.0000,109,266.000,1.0000,0,0.8407,,0.850,0,
4083,8,91,fog-100,1,fog,4200.0,0.0000,0.0000,123,267.750,1.0000,0,0.8368,,0.850,0,
4084,8,91,fog-100,1,fog,4300.0,0.0000,0.0000,121,267.500,1.0000,0,0.8329,,0.850,0,
4085,8,91,fog-100,1,fog,4400.0,0.0000,0.0000,131,268.750,1.0000,0,0.8290,,0.850,0,
4086,8,91,fog-100,1,fog,4500.0,0.0000,0.0000,91,263.750,1.0000,0,0.8251,,0.850,0,
4087,8,91,fog-100,1,fog,4600.0,0.0000,0.0000,105,265.500,1.0000,0,0.8212,,0.850,0,
4088,8,91,fog-100,1,fog,4700.0,0.0000,0.0000,71,261.250,1.0000,0,0.8173,,0.850,0,
4089,8,91,fog-100,1,fog,4800.0,0.0000,0.0000,63,260.250,1.0000,0,0.8135,,0.850,0,
4090,8,91,fog-100,1,fog,4900.0,0.0000,0.0000,105,265.500,1.0000,0,0.8096,,0.850,0,
4091,8,91,fog-100,1,fog,5000.0,0.0000,0.0000,67,260.750,1.0000,0,0.8057,,0.850,0,
4092,8,92,fog-101,1,fog,0.0,0.0000,0.0000,0,250.000,,0,1.0000,,0.850,0,
4093,8,92,fog-101,1,fog,100.0,0.0000,0.0000,4,251.000,0.0000,0,0.9961,,0.850,0,
4094,8,92,fog-101,1,fog,200.0,0.0000,0.0000,10,252.500,0.0000,0,0.9922,,0.850,0,
4095,8,92,fog-101,1,fog,300.0,0.0000,0.0000,9,252.250,0.2940,0,0.9883,,0.850,0,
4096,8,92,fog-101,1,fog,400.0,0.0000,0.0000,10,252.500,0.0000,0,0.9845,,0.850,0,
4097,8,92,fog-101,1,fog,500.0,0.0000,0.0000,0,250.000,,0,0.9806,,0.850,0,
4098,8,92,fog-101,1,fog,600.0,0.0000,0.0000,0,250.000,,0,0.9767,,0.850,0,
4099,8,92,fog-101,1,fog,700.0,0.0000,0.0000,0,250.000,,0,0.9728,,0.850,0,
4100,8,92,fog-101,1,fog,800.0,0.0000,0.0000,0,250.000,,0,0.9689,,0.850,0,
4101,8,92,fog-101,1,fog,900.0,0.0000,0.0000,0,250.000,,0,0.9650,,0.850,0,
4102,8,92,fog-101,1,fog,1000.0,0.0000,0.0000,0,250.000,,0,0.9611,,0.850,0,
4103,8,92,fog-101,1,fog,1100.0,0.0000,0.0000,0,250.000,,0,0.9572,,0.850,0,
4104,8,92,fog-101,1,fog,1200.0,0.0000,0.0000,0,250.000,,0,0.9534,,0.850,0,
4105,8,92,fog-101,1,fog,1300.0,0.0000,0.0000,9,252.250,0.0000,0,0.9495,,0.850,0,
4106,8,92,fog-101,1,fog,1400.0,0.0000,0.0000,9,252.250,0.2940,0,0.9456,,0.850,0,
4107,8,92,fog-101,1,fog,1500.0,0.0000,0.0000,10,252.500,0.0000,0,0.9417,,0.850,0,
4108,8,92,fog-101,1,fog,1600.0,0.0000,0.0000,7,251.750,0.3333,0,0.9378,,0.850,0,
4109,8,92,fog-101,1,fog,1700.0,0.0000,0.0000,8,252.000,0.5443,0,0.9339,,0.850,0,
4110,8,92,fog-101,1,fog,1800.0,0.0000,0.0000,9,252.250,0.0000,0,0.9300,,0.850,0,
4111,8,92,fog-101,1,fog,1900.0,0.0000,0.0000,9,252.250,0.0000,0,0.9262,,0.850,0,
4112,8,92,fog-101,1,fog,2000.0,0.0000,0.0000,0,250.000,,0,0.9223,,0.850,0,
4113,8,92,fog-101,1,fog,2100.0,0.0000,0.0000,0,250.000,,0,0.9184,,0.850,0,
4114,8,92,fog-101,1,fog,2200.0,0.0000,0.0000,0,250.000,,0,0.9145,,0.850,0,
4115,8,92,fog-101,1,fog,2300.0,0.0000,0.0000,0,250.000,,0,0.9106,,0.850,0,
4116,8,92,fog-101,1,fog,2400.0,0.0000,0.0000,0,250.000,,0,0.9067,,0.850,0,
4117,8,92,fog-101,1,fog,2500.0,0.0000,0.0000,0,250.000,,0,0.9028,,0.850,0,
4118,8,92,fog-101,1,fog,2600.0,0.0000,0.0000,0,250.000,,0,0.8990,,0.850,0,
4119,8,92,fog-101,1,fog,2700.0,0.0000,0.0000,0,250.000,,0,0.8951,,0.850,0,
4120,8,92,fog-101,1,fog,2800.0,0.0000,0.0000,0,250.000,,0,0.8912,,0.850,0,
4121,8,92,fog-101,1,fog,2900.0,0.0000,0.0000,0,250.000,,0,0.8873,,0.850,0,
4122,8,92,fog-101,1,fog,3000.0,0.0000,0.0000,0,250.000,,0,0.8834,,0.850,0,
4123,8,92,fog-101,1,fog,3100.0,0.0000,0.0000,9,252.250,0.0000,0,0.8795,,0.850,0,
4124,8,92,fog-101,1,fog,3200.0,0.0000,0.0000,10,252.500,0.0000,0,0.8756,,0.850,0,
4125,8,92,fog-101,1,fog,3300.0,0.0000,0.0000,8,252.000,0.3062,0,0.8717,,0.850,0,
4126,8,92,fog-101,1,fog,3400.0,0.0000,0.0000,9,252.250,0.2940,0,0.8679,,0.850,0,
4127,8,92,fog-101,1,fog,3500.0,0.0000,0.0000,8,252.000,0.5443,0,0.8640,,0.850,0,
4128,8,92,fog-101,1,fog,3600.0,0.0000,0.0000,8,252.000,0.3514,0,0.8601,,0.850,0,
4129,8,92,fog-101,1,fog,3700.0,0.0000,0.0000,9,252.250,0.0000,0,0.8562,,0.850,0,
4130,8,92,fog-101,1,fog,3800.0,0.0000,0.0000,0,250.000,,0,0.8523,,0.850,0,
4131,8,92,fog-101,1,fog,3900.0,0.0000,0.0000,0,250.000,,0,0.8484,,0.850,0,
4132,8,92,fog-101,1,fog,4000.0,0.0000,0.0000,0,250.000,,0,0.8445,,0.850,0,
4133,8,92,fog-101,1,fog,4100.0,0.0000,0.0000,0,250.000,,0,0.8407,,0.850,0,
4134,8,92,fog-101,1,fog,4200.0,0.0000,0.0000,0,250.000,,0,0.8368,,0.850,0,
4135,8,92,fog-101,1,fog,4300.0,0.0000,0.0000,0,250.000,,0,0.8329,,0.850,0,
4136,8,92,fog-101,1,fog,4400.0,0.0000,0.0000,0,250.000,,0,0.8290,,0.850,0,
4137,8,92,fog-101,1,fog,4500.0,0.0000,0.0000,0,250.000,,0,0.8251,,0.850,0,
4138,8,92,fog-101,1,fog,4600.0,0.0000,0.0000,0,250.000,,0,0.8212,,0.850,0,
4139,8,92,fog-101,1,fog,4700.0,0.0000,0.0000,9,252.250,0.0000,0,0.8173,,0.850,0,
4140,8,92,fog-101,1,fog,4800.0,0.0000,0.0000,9,252.250,0.2940,0,0.8135,,0.850,0,
4141,8,92,fog-101,1,fog,4900.0,0.0000,0.0000,9,252.250,0.2940,0,0.8096,,0.850,0,
4142,8,92,fog-101,1,fog,5000.0,0.0000,0.0000,9,252.250,0.2940,0,0.8057,,0.850,0,
4143,8,93,fog-102,1,fog,0.0,0.0000,0.0000,0,250.000,,0,1.0000,,0.850,0,
4144,8,93,fog-102,1,fog,100.0,0.0000,0.0000,0,250.000,,0,0.9961,,0.850,0,
4145,8,93,fog-102,1,fog,200.0,0.0000,0.0000,0,250.000,,0,0.9922,,0.850,0,
4146,8,93,fog-102,1,fog,300.0,0.0000,0.0000,0,250.000,,0,0.9883,,0.850,0,
4147,8,93,fog-102,1,fog,400.0,0.0000,0.0000,0,250.000,,0,0.9845,,0.850,0,
4148,8,93,fog-102,1,fog,500.0,0.0000,0.0000,0,250.000,,0,0.9806,,0.850,0,
4149,8,93,fog-102,1,fog,600.0,0.0000,0.0000,0,250.000,,0,0.9767,,0.850,0,
4150,8,93,fog-102,1,fog,700.0,0.0000,0.0000,0,250.000,,0,0.9728,,0.850,0,
4151,8,93,fog-102,1,fog,800.0,0.0000,0.0000,0,250.000,,0,0.9689,,0.850,0,
4152,8,93,fog-102,1,fog,900.0,0.0000,0.0000,0,250.000,,0,0.9650,,0.850,0,
4153,8,93,fog-102,1,fog,1000.0,0.0000,0.0000,0,250.000,,0,0.9611,,0.850,0,
4154,8,93,fog-102,1,fog,1100.0,0.0000,0.0000,0,250.000,,0,0.9572,,0.850,0,
4155,8,93,fog-102,1,fog,1200.0,0.0000,0.0000,0,250.000,,0,0.9534,,0.850,0,
4156,8,93,fog-102,1,fog,1300.0,0.0000,0.0000,0,250.000,,0,0.9495,,0.850,0,
4157,8,93,fog-102,1,fog,1400.0,0.0000,0.0000,0,250.000,,0,0.9456,,0.850,0,
4158,8,93,fog-102,1,fog,1500.0,0.0000,0.0000,0,250.000,,0,0.9417,,0.850,0,
4159,8,93,fog-102,1,fog,1600.0,0.0000,0.0000,0,250.000,,0,0.9378,,0.850,0,
4160,8,93,fog-102,1,fog,1700.0,0.0000,0.0000,0,250.000,,0,0.9339,,0.850,0,
4161,8,93,fog-102,1,fog,1800.0,0.0000,0.0000,0,250.000,,0,0.9300,,0.850,0,
4162,8,93,fog-102,1,fog,1900.0,0.0000,0.0000,0,250.000,,0,0.9262,,0.850,0,
4163,8,93,fog-102,1,fog,2000.0,0.0000,0.0000,0,250.000,,0,0.9223,,0.850,0,
4164,8,93,fog-102,1,fog,2100.0,0.0000,0.0000,0,250.000,,0,0.9184,,0.850,0,
4165,8,93,fog-102,1,fog,2200.0,0.0000,0.0000,0,250.000,,0,0.9145,,0.850,0,
4166,8,93,fog-102,1,fog,2300.0,0.0000,0.0000,0,250.000,,0,0.9106,,0.850,0,
4167,8,93,fog-102,1,fog,2400.0,0.0000,0.0000,0,250.000,,0,0.9067,,0.850,0,
4168,8,93,fog-102,1,fog,2500.0,0.0000,0.0000,0,250.000,,0,0.9028,,0.850,0,
4169,8,93,fog-102,1,fog,2600.0,0.0000,0.0000,0,250.000,,0,0.8990,,0.850,0,
4170,8,93,fog-102,1,fog,2700.0,0.0000,0.0000,0,250.000,,0,0.8951,,0.850,0,
4171,8,93,fog-102,1,fog,2800.0,0.0000,0.0000,0,250.000,,0,0.8912,,0.850,0,
4172,8,93,fog-102,1,fog,2900.0,0.0000,0.0000,0,250.000,,0,0.8873,,0.850,0,
4173,8,93,fog-102,1,fog,3000.0,0.0000,0.0000,0,250.000,,0,0.8834,,0.850,0,
4174,8,93,fog-102,1,fog,3100.0,0.0000,0.0000,0,250.000,,0,0.8795,,0.850,0,
4175,8,93,fog-102,1,fog,3200.0,0.0000,0.0000,0,250.000,,0,0.8756,,0.850,0,
4176,8,93,fog-102,1,fog,3300.0,0.0000,0.0000,0,250.000,,0,0.8717,,0.850,0,
4177,8,93,fog-102,1,fog,3400.0,0.0000,0.0000,0,250.000,,0,0.8679,,0.850,0,
4178,8,93,fog-102,1,fog,3500.0,0.0000,0.0000,0,250.000,,0,0.8640,,0.850,0,
4179,8,93,fog-102,1,fog,3600.0,0.0000,0.0000,0,250.000,,0,0.8601,,0.850,0,
4180,8,93,fog-102,1,fog,3700.0,0.0000,0.0000,0,250.000,,0,0.8562,,0.850,0,
4181,8,93,fog-102,1,fog,3800.0,0.0000,0.0000,0,250.000,,0,0.8523,,0.850,0,
4182,8,93,fog-102,1,fog,3900.0,0.0000,0.0000,0,250.000,,0,0.8484,,0.850,0,
4183,8,93,fog-102,1,fog,4000.0,0.0000,0.0000,0,250.000,,0,0.8445,,0.850,0,
4184,8,93,fog-102,1,fog,4100.0,0.0000,0.0000,0,250.000,,0,0.8407,,0.850,0,
4185,8,93,fog-102,1,fog,4200.0,0.0000,0.0000,0,250.000,,0,0.8368,,0.850,0,
4186,8,93,fog-102,1,fog,4300.0,0.0000,0.0000,0,250.000,,0,0.8329,,0.850,0,
4187,8,93,fog-102,1,fog,4400.0,0.0000,0.0000,0,250.000,,0,0.8290,,0.850,0,
4188,8,93,fog-102,1,fog,4500.0,0.0000,0.0000,0,250.000,,0,0.8251,,0.850,0,
4189,8,93,fog-102,1,fog,4600.0,0.0000,0.0000,0,250.000,,0,0.8212,,0.850,0,
4190,8,93,fog-102,1,fog,4700.0,0.0000,0.0000,0,250.000,,0,0.8173,,0.850,0,
4191,8,93,fog-102,1,fog,4800.0,0.0000,0.0000,0,250.000,,0,0.8135,,0.850,0,
4192,8,93,fog-102,1,fog,4900.0,0.0000,0.0000,0,250.000,,0,0.8096,,0.850,0,
4193,8,93,fog-102,1,fog,5000.0,0.0000,0.0000,0,250.000,,0,0.8057,,0.850,0,
4194,8,94,fog-103,1,fog,0.0,0.0000,0.0000,0,250.000,,0,1.0000,,0.850,0,
4195,8,94,fog-103,1,fog,100.0,0.0000,0.0000,0,250.000,,0,0.9961,,0.850,0,
4196,8,94,fog-103,1,fog,200.0,0.0000,0.0000,0,250.000,,0,0.9922,,0.850,0,
4197,8,94,fog-103,1,fog,300.0,0.0000,0.0000,0,250.000,,0,0.9883,,0.850,0,
4198,8,94,fog-103,1,fog,400.0,0.0000,0.0000,0,250.000,,0,0.9845,,0.850,0,
4199,8,94,fog-103,1,fog,500.0,0.0000,0.0000,0,250.000,,0,0.9806,,0.850,0,
4200,8,94,fog-103,1,fog,600.0,0.0000,0.0000,0,250.000,,0,0.9767,,0.850,0,
4201,8,94,fog-103,1,fog,700.0,0.0000,0.0000,0,250.000,,0,0.9728,,0.850,0,
4202,8,94,fog-103,1,fog,800.0,0.0000,0.0000,0,250.000,,0,0.9689,,0.850,0,
4203,8,94,fog-103,1,fog,900.0,0.0000,0.0000,0,250.000,,0,0.9650,,0.850,0,
4204,8,94,fog-103,1,fog,1000.0,0.0000,0.0000,0,250.000,,0,0.9611,,0.850,0,
4205,8,94,fog-103,1,fog,1100.0,0.0000,0.0000,0,250.000,,0,0.9572,,0.850,0,
4206,8,94,fog-103,1,fog,1200.0,0.0000,0.0000,0,250.000,,0,0.9534,,0.850,0,
4207,8,94,fog-103,1,fog,1300.0,0.0000,0.0000,0,250.000,,0,0.9495,,0.850,0,
4208,8,94,fog-103,1,fog,1400.0,0.0000,0.0000,0,250.000,,0,0.9456,,0.850,0,
4209,8,94,fog-103,1,fog,1500.0,0.0000,0.0000,0,250.000,,0,0.9417,,0.850,0,
4210,8,94,fog-103,1,fog,1600.0,0.0000,0.0000,0,250.000,,0,0.9378,,0.850,0,
4211,8,94,fog-103,1,fog,1700.0,0.0000,0.0000,0,250.000,,0,0.9339,,0.850,0,
4212,8,94,fog-103,1,fog,1800.0,0.0000,0.0000,0,250.000,,0,0.9300,,0.850,0,
4213,8,94,fog-103,1,fog,1900.0,0.0000,0.0000,0,250.000,,0,0.9262,,0.850,0,
4214,8,94,fog-103,1,fog,2000.0,0.0000,0.0000,0,250.000,,0,0.9223,,0.850,0,
4215,8,94,fog-103,1,fog,2100.0,0.0000,0.0000,0,250.000,,0,0.9184,,0.850,0,
4216,8,94,fog-103,1,fog,2200.0,0.0000,0.0000,0,250.000,,0,0.9145,,0.850,0,
4217,8,94,fog-103,1,fog,2300.0,0.0000,0.0000,0,250.000,,0,0.9106,,0.850,0,
4218,8,94,fog-103,1,fog,2400.0,0.0000,0.0000,0,250.000,,0,0.9067,,0.850,0,
4219,8,94,fog-103,1,fog,2500.0,0.0000,0.0000,0,250.000,,0,0.9028,,0.850,0,
4220,8,94,fog-103,1,fog,2600.0,0.0000,0.0000,0,250.000,,0,0.8990,,0.850,0,
4221,8,94,fog-103,1,fog,2700.0,0.0000,0.0000,0,250.000,,0,0.8951,,0.850,0,
4222,8,94,fog-103,1,fog,2800.0,0.0000,0.0000,0,250.000,,0,0.8912,,0.850,0,
4223,8,94,fog-103,1,fog,2900.0,0.0000,0.0000,0,250.000,,0,0.8873,,0.850,0,
4224,8,94,fog-103,1,fog,3000.0,0.0000,0.0000,0,250.000,,0,0.8834,,0.850,0,
4225,8,94,fog-103,1,fog,3100.0,0.0000,0.0000,0,250.000,,0,0.8795,,0.850,0,
4226,8,94,fog-103,1,fog,3200.0,0.0000,0.0000,0,250.000,,0,0.8756,,0.850,0,
4227,8,94,fog-103,1,fog,3300.0,0.0000,0.0000,0,250.000,,0,0.8717,,0.850,0,
4228,8,94,fog-103,1,fog,3400.0,0.0000,0.0000,0,250.000,,0,0.8679,,0.850,0,
4229,8,94,fog-103,1,fog,3500.0,0.0000,0.0000,0,250.000,,0,0.8640,,0.850,0,
4230,8,94,fog-103,1,fog,3600.0,0.0000,0.0000,0,250.000,,0,0.8601,,0.850,0,
4231,8,94,fog-103,1,fog,3700.0,0.0000,0.0000,0,250.000,,0,0.8562,,0.850,0,
4232,8,94,fog-103,1,fog,3800.0,0.0000,0.0000,0,250.000,,0,0.8523,,0.850,0,
4233,8,94,fog-103,1,fog,3900.0,0.0000,0.0000,0,250.000,,0,0.8484,,0.850,0,
4234,8,94,fog-103,1,fog,4000.0,0.0000,0.0000,0,250.000,,0,0.8445,,0.850,0,
4235,8,94,fog-103,1,fog,4100.0,0.0000,0.0000,0,250.000,,0,0.8407,,0.850,0,
4236,8,94,fog-103,1,fog,4200.0,0.0000,0.0000,0,250.000,,0,0.8368,,0.850,0,
4237,8,94,fog-103,1,fog,4300.0,0.0000,0.0000,0,250.000,,0,0.8329,,0.850,0,
4238,8,94,fog-103,1,fog,4400.0,0.0000,0.0000,0,250.000,,0,0.8290,,0.850,0,
4239,8,94,fog-103,1,fog,4500.0,0.0000,0.0000,0,250.000,,0,0.8251,,0.850,0,
4240,8,94,fog-103,1,fog,4600.0,0.0000,0.0000,0,250.000,,0,0.8212,,0.850,0,
4241,8,94,fog-103,1,fog,4700.0,0.0000,0.0000,0,250.000,,0,0.8173,,0.850,0,
4242,8,94,fog-103,1,fog,4800.0,0.0000,0.0000,0,250.000,,0,0.8135,,0.850,0,
4243,8,94,fog-103,1,fog,4900.0,0.0000,0.0000,0,250.000,,0,0.8096,,0.850,0,
4244,8,94,fog-103,1,fog,5000.0,0.0000,0.0000,0,250.000,,0,0.8057,,0.850,0,
4245,8,95,fog-104,1,fog,0.0,0.0000,0.0000,0,250.000,,0,1.0000,,0.850,0,3977.3
4246,8,95,fog-104,1,fog,100.0,0.0000,0.0000,0,250.000,,0,0.9961,,0.850,0,3977.3
4247,8,95,fog-104,1,fog,200.0,0.0000,0.0000,0,250.000,,0,0.9922,,0.850,0,3977.3
4248,8,95,fog-104,1,fog,300.0,0.0000,0.0000,0,250.000,,0,0.9883,,0.850,0,3977.3
4249,8,95,fog-104,1,fog,400.0,0.0000,0.0000,0,250.000,,0,0.9845,,0.850,0,3977.3
4250,8,95,fog-104,1,fog,500.0,0.0000,0.0000,0,250.000,,0,0.9806,,0.850,0,3977.3
4251,8,95,fog-104,1,fog,600.0,0.0000,0.0000,0,250.000,,0,0.9767,,0.850,0,3977.3
4252,8,95,fog-104,1,fog,700.0,0.0000,0.0000,0,250.000,,0,0.9728,,0.850,0,3977.3
4253,8,95,fog-104,1,fog,800.0,0.0000,0.0000,0,250.000,,0,0.9689,,0.850,0,3977.3
4254,8,95,fog-104,1,fog,900.0,0.0000,0.0000,0,250.000,,0,0.9650,,0.850,0,3977.3
4255,8,95,fog-104,1,fog,1000.0,0.0000,0.0000,0,250.000,,0,0.9611,,0.850,0,3977.3
4256,8,95,fog-104,1,fog,1100.0,0.0000,0.0000,0,250.000,,0,0.9572,,0.850,0,3977.3
4257,8,95,fog-104,1,fog,1200.0,0.0000,0.0000,7,251.750,0.5590,0,0.9534,,0.850,0,3977.3
4258,8,95,fog-104,1,fog,1300.0,0.0000,0.0000,0,250.000,,0,0.9495,,0.850,0,3977.3
4259,8,95,fog-104,1,fog,1400.0,0.0000,0.0000,0,250.000,,0,0.9456,,0.850,0,3977.3
4260,8,95,fog-104,1,fog,1500.0,0.0000,0.0000,0,250.000,,0,0.9417,,0.850,0,3977.3
4261,8,95,fog-104,1,fog,1600.0,0.0000,0.0000,0,250.000,,0,0.9378,,0.850,0,3977.3
4262,8,95,fog-104,1,fog,1700.0,0.0000,0.0000,0,250.000,,0,0.9339,,0.850,0,3977.3
4263,8,95,fog-104,1,fog,1800.0,0.0000,0.0000,0,250.000,,0,0.9300,,0.850,0,3977.3
4264,8,95,fog-104,1,fog,1900.0,0.0000,0.0000,0,250.000,,0,0.9262,,0.850,0,3977.3
4265,8,95,fog-104,1,fog,2000.0,0.0000,0.0000,0,250.000,,0,0.9223,,0.850,0,3977.3
4266,8,95,fog-104,1,fog,2100.0,0.0000,0.0000,0,250.000,,0,0.9184,,0.850,0,3977.3
4267,8,95,fog-104,1,fog,2200.0,0.0000,0.0000,0,250.000,,0,0.9145,,0.850,0,3977.3
4268,8,95,fog-104,1,fog,2300.0,0.0000,0.0000,0,250.000,,0,0.9106,,0.850,0,3977.3
4269,8,95,fog-104,1,fog,2400.0,0.0000,0.0000,0,250.000,,0,0.9067,,0.850,0,3977.3
4270,8,95,fog-104,1,fog,2500.0,0.0000,0.0000,0,250.000,,0,0.9028,,0.850,0,3977.3
4271,8,95,fog-104,1,fog,2600.0,0.0000,0.0000,0,250.000,,0,0.8990,,0.850,0,3977.3
4272,8,95,fog-104,1,fog,2700.0,0.0000,0.0000,0,250.000,,0,0.8951,,0.850,0,3977.3
4273,8,95,fog-104,1,fog,2800.0,0.0000,0.0000,19,254.750,1.0000,0,0.8912,,0.850,0,3977.3
4274,8,95,fog-104,1,fog,2900.0,0.0000,0.0000,0,250.000,,0,0.8873,,0.850,0,3977.3
4275,8,95,fog-104,1,fog,3000.0,0.0000,0.0000,0,250.000,,0,0.8834,,0.850,0,3977.3
4276,8,95,fog-104,1,fog,3100.0,0.0000,0.0000,0,250.000,,0,0.8795,,0.850,0,3977.3
4277,8,95,fog-104,1,fog,3200.0,0.0000,0.0000,9,252.250,0.2940,0,0.8756,,0.850,0,3977.3
4278,8,95,fog-104,1,fog,3300.0,0.0000,0.0000,0,250.000,,0,0.8717,,0.850,0,3977.3
4279,8,95,fog-104,1,fog,3400.0,0.0000,0.0000,0,250.000,,0,0.8679,,0.850,0,3977.3
4280,8,95,fog-104,1,fog,3500.0,0.0000,0.0000,0,250.000,,0,0.8640,,0.850,0,3977.3
4281,8,95,fog-104,1,fog,3600.0,0.0000,0.0000,0,250.000,,0,0.8601,,0.850,0,3977.3
4282,8,95,fog-104,1,fog,3700.0,0.0000,0.0000,0,250.000,,0,0.8562,,0.850,0,3977.3
4283,8,95,fog-104,1,fog,3800.0,0.0000,0.0000,0,250.000,,0,0.8523,,0.850,1,3977.3
4284,8,95,fog-104,1,fog,3900.0,0.0000,0.0000,0,250.000,,0,0.8484,,0.850,1,3977.3
4285,8,96,fog-105,1,fog,0.0,0.0000,0.0000,0,250.000,,0,1.0000,,0.850,0,
4286,8,96,fog-105,1,fog,100.0,0.0000,0.0000,0,250.000,,0,0.9961,,0.850,0,
4287,8,96,fog-105,1,fog,200.0,0.0000,0.0000,0,250.000,,0,0.9922,,0.850,0,
4288,8,96,fog-105,1,fog,300.0,0.0000,0.0000,0,250.000,,0,0.9883,,0.850,0,
4289,8,96,fog-105,1,fog,400.0,0.0000,0.0000,0,250.000,,0,0.9845,,0.850,0,
4290,8,96,fog-105,1,fog,500.0,0.0000,0.0000,0,250.000,,0,0.9806,,0.850,0,
4291,8,96,fog-105,1,fog,600.0,0.0000,0.0000,0,250.000,,0,0.9767,,0.850,0,
4292,8,96,fog-105,1,fog,700.0,0.0000,0.0000,0,250.000,,0,0.9728,,0.850,0,
4293,8,96,fog-105,1,fog,800.0,0.0000,0.0000,0,250.000,,0,0.9689,,0.850,0,
4294,8,96,fog-105,1,fog,900.0,0.0000,0.0000,0,250.000,,0,0.9650,,0.850,0,
4295,8,96,fog-105,1,fog,1000.0,0.0000,0.0000,0,250.000,,0,0.9611,,0.850,0,
4296,8,96,fog-105,1,fog,1100.0,0.0000,0.0000,0,250.000,,0,0.9572,,0.850,0,
4297,8,96,fog-105,1,fog,1200.0,0.0000,0.0000,0,250.000,,0,0.9534,,0.850,0,
4298,8,96,fog-105,1,fog,1300.0,0.0000,0.0000,0,250.000,,0,0.9495,,0.850,0,
4299,8,96,fog-105,1,fog,1400.0,0.0000,0.0000,0,250.000,,0,0.9456,,0.850,0,
4300,8,96,fog-105,1,fog,1500.0,0.0000,0.0000,0,250.000,,0,0.9417,,0.850,0,
4301,8,96,fog-105,1,fog,1600.0,0.0000,0.0000,0,250.000,,0,0.9378,,0.850,0,
4302,8,96,fog-105,1,fog,1700.0,0.0000,0.0000,0,250.000,,0,0.9339,,0.850,0,
4303,8,96,fog-105,1,fog,1800.0,0.0000,0.0000,0,250.000,,0,0.9300,,0.850,0,
4304,8,96,fog-105,1,fog,1900.0,0.0000,0.0000,0,250.000,,0,0.9262,,0.850,0,
4305,8,96,fog-105,1,fog,2000.0,0.0000,0.0000,0,250.000,,0,0.9223,,0.850,0,
4306,8,96,fog-105,1,fog,2100.0,0.0000,0.0000,0,250.000,,0,0.9184,,0.850,0,
4307,8,96,fog-105,1,fog,2200.0,0.0000,0.0000,0,250.000,,0,0.9145,,0.850,0,
4308,8,96,fog-105,1,fog,2300.0,0.0000,0.0000,0,250.000,,0,0.9106,,0.850,0,
4309,8,96,fog-105,1,fog,2400.0,0.0000,0.0000,0,250.000,,0,0.9067,,0.850,0,
4310,8,96,fog-105,1,fog,2500.0,0.0000,0.0000,0,250.000,,0,0.9028,,0.850,0,
4311,8,96,fog-105,1,fog,2600.0,0.0000,0.0000,0,250.000,,0,0.8990,,0.850,0,
4312,8,96,fog-105,1,fog,2700.0,0.0000,0.0000,0,250.000,,0,0.8951,,0.850,0,
4313,8,96,fog-105,1,fog,2800.0,0.0000,0.0000,0,250.000,,0,0.8912,,0.850,0,
4314,8,96,fog-105,1,fog,2900.0,0.0000,0.0000,0,250.000,,0,0.8873,,0.850,0,
4315,8,96,fog-105,1,fog,3000.0,0.0000,0.0000,0,250.000,,0,0.8834,,0.850,0,
4316,8,96,fog-105,1,fog,3100.0,0.0000,0.0000,0,250.000,,0,0.8795,,0.850,0,
4317,8,96,fog-105,1,fog,3200.0,0.0000,0.0000,0,250.000,,0,0.8756,,0.850,0,
4318,8,96,fog-105,1,fog,3300.0,0.0000,0.0000,0,250.000,,0,0.8717,,0.850,0,
4319,8,96,fog-105,1,fog,3400.0,0.0000,0.0000,0,250.000,,0,0.8679,,0.850,0,
4320,8,96,fog-105,1,fog,3500.0,0.0000,0.0000,0,250.000,,0,0.8640,,0.850,0,
4321,8,96,fog-105,1,fog,3600.0,0.0000,0.0000,0,250.000,,0,0.8601,,0.850,0,
4322,8,96,fog-105,1,fog,3700.0,0.0000,0.0000,0,250.000,,0,0.8562,,0.850,0,
4323,8,96,fog-105,1,fog,3800.0,0.0000,0.0000,0,250.000,,0,0.8523,,0.850,0,
4324,8,96,fog-105,1,fog,3900.0,0.0000,0.0000,0,250.000,,0,0.8484,,0.850,0,
4325,8,96,fog-105,1,fog,4000.0,0.0000,0.0000,0,250.000,,0,0.8445,,0.850,0,
4326,8,96,fog-105,1,fog,4100.0,0.0000,0.0000,0,250.000,,0,0.8407,,0.850,0,
4327,8,96,fog-105,1,fog,4200.0,0.0000,0.0000,0,250.000,,0,0.8368,,0.850,0,
4328,8,96,fog-105,1,fog,4300.0,0.0000,0.0000,0,250.000,,0,0.8329,,0.850,0,
4329,8,96,fog-105,1,fog,4400.0,0.0000,0.0000,0,250.000,,0,0.8290,,0.850,0,
4330,8,96,fog-105,1,fog,4500.0,0.0000,0.0000,0,250.000,,0,0.8251,,0.850,0,
4331,8,96,fog-105,1,fog,4600.0,0.0000,0.0000,0,250.000,,0,0.8212,,0.850,0,
4332,8,96,fog-105,1,fog,4700.0,0.0000,0.0000,0,250.000,,0,0.8173,,0.850,0,
4333,8,96,fog-105,1,fog,4800.0,0.0000,0.0000,0,250.000,,0,0.8135,,0.850,0,
4334,8,96,fog-105,1,fog,4900.0,0.0000,0.0000,0,250.000,,0,0.8096,,0.850,0,
4335,8,96,fog-105,1,fog,5000.0,0.0000,0.0000,0,250.000,,0,0.8057,,0.850,0,
4336,8,97,fog-106,1,fog,0.0,0.0000,0.0000,0,250.000,,0,1.0000,,0.850,0,
4337,8,97,fog-106,1,fog,100.0,0.0000,0.0000,0,250.000,,0,0.9961,,0.850,0,
4338,8,97,fog-106,1,fog,200.0,0.0000,0.0000,0,250.000,,0,0.9922,,0.850,0,
4339,8,97,fog-106,1,fog,300.0,0.0000,0.0000,0,250.000,,0,0.9883,,0.850,0,
4340,8,97,fog-106,1,fog,400.0,0.0000,0.0000,0,250.000,,0,0.9845,,0.850,0,
4341,8,97,fog-106,1,fog,500.0,0.0000,0.0000,0,250.000,,0,0.9806,,0.850,0,
4342,8,97,fog-106,1,fog,600.0,0.0000,0.0000,0,250.000,,0,0.9767,,0.850,0,
4343,8,97,fog-106,1,fog,700.0,0.0000,0.0000,0,250.000,,0,0.9728,,0.850,0,
4344,8,97,fog-106,1,fog,800.0,0.0000,0.0000,0,250.000,,0,0.9689,,0.850,0,
4345,8,97,fog-106,1,fog,900.0,0.0000,0.0000,0,250.000,,0,0.9650,,0.850,0,
4346,8,97,fog-106,1,fog,1000.0,0.0000,0.0000,0,250.000,,0,0.9611,,0.850,0,
4347,8,97,fog-106,1,fog,1100.0,0.0000,0.0000,0,250.000,,0,0.9572,,0.850,0,
4348,8,97,fog-106,1,fog,1200.0,0.0000,0.0000,0,250.000,,0,0.9534,,0.850,0,
4349,8,97,fog-106,1,fog,1300.0,0.0000,0.0000,0,250.000,,0,0.9495,,0.850,0,
4350,8,97,fog-106,1,fog,1400.0,0.0000,0.0000,0,250.000,,0,0.9456,,0.850,0,
4351,8,97,fog-106,1,fog,1500.0,0.0000,0.0000,0,250.000,,0,0.9417,,0.850,0,
4352,8,97,fog-106,1,fog,1600.0,0.0000,0.0000,0,250.000,,0,0.9378,,0.850,0,
4353,8,97,fog-106,1,fog,1700.0,0.0000,0.0000,0,250.000,,0,0.9339,,0.850,0,
4354,8,97,fog-106,1,fog,1800.0,0.0000,0.0000,0,250.000,,0,0.9300,,0.850,0,
4355,8,97,fog-106,1,fog,1900.0,0.0000,0.0000,0,250.000,,0,0.9262,,0.850,0,
4356,8,97,fog-106,1,fog,2000.0,0.0000,0.0000,0,250.000,,0,0.9223,,0.850,0,
4357,8,97,fog-106,1,fog,2100.0,0.0000,0.0000,0,250.000,,0,0.9184,,0.850,0,
4358,8,97,fog-106,1,fog,2200.0,0.0000,0.0000,0,250.000,,0,0.9145,,0.850,0,
4359,8,97,fog-106,1,fog,2300.0,0.0000,0.0000,0,250.000,,0,0.9106,,0.850,0,
4360,8,97,fog-106,1,fog,2400.0,0.0000,0.0000,0,250.000,,0,0.9067,,0.850,0,
4361,8,97,fog-106,1,fog,2500.0,0.0000,0.0000,0,250.000,,0,0.9028,,0.850,0,
4362,8,97,fog-106,1,fog,2600.0,0.0000,0.0000,0,250.000,,0,0.8990,,0.850,0,
4363,8,97,fog-106,1,fog,2700.0,0.0000,0.0000,0,250.000,,0,0.8951,,0.850,0,
4364,8,97,fog-106,1,fog,2800.0,0.0000,0.0000,0,250.000,,0,0.8912,,0.850,0,
4365,8,97,fog-106,1,fog,2900.0,0.0000,0.0000,0,250.000,,0,0.8873,,0.850,0,
4366,8,97,fog-106,1,fog,3000.0,0.0000,0.0000,0,250.000,,0,0.8834,,0.850,0,
4367,8,97,fog-106,1,fog,3100.0,0.0000,0.0000,0,250.000,,0,0.8795,,0.850,0,
4368,8,97,fog-106,1,fog,3200.0,0.0000,0.0000,0,250.000,,0,0.8756,,0.850,0,
4369,8,97,fog-106,1,fog,3300.0,0.0000,0.0000,0,250.000,,0,0.8717,,0.850,0,
4370,8,97,fog-106,1,fog,3400.0,0.0000,0.0000,0,250.000,,0,0.8679,,0.850,0,
4371,8,97,fog-106,1,fog,3500.0,0.0000,0.0000,0,250.000,,0,0.8640,,0.850,0,
4372,8,97,fog-106,1,fog,3600.0,0.0000,0.0000,0,250.000,,0,0.8601,,0.850,0,
4373,8,97,fog-106,1,fog,3700.0,0.0000,0.0000,0,250.000,,0,0.8562,,0.850,0,
4374,8,97,fog-106,1,fog,3800.0,0.0000,0.0000,0,250.000,,0,0.8523,,0.850,0,
4375,8,97,fog-106,1,fog,3900.0,0.0000,0.0000,0,250.000,,0,0.8484,,0.850,0,
4376,8,97,fog-106,1,fog,4000.0,0.0000,0.0000,0,250.000,,0,0.8445,,0.850,0,
4377,8,97,fog-106,1,fog,4100.0,0.0000,0.0000,0,250.000,,0,0.8407,,0.850,0,
4378,8,97,fog-106,1,fog,4200.0,0.0000,0.0000,0,250.000,,0,0.8368,,0.850,0,
4379,8,97,fog-106,1,fog,4300.0,0.0000,0.0000,0,250.000,,0,0.8329,,0.850,0,
4380,8,97,fog-106,1,fog,4400.0,0.0000,0.0000,0,250.000,,0,0.8290,,0.850,0,
4381,8,97,fog-106,1,fog,4500.0,0.0000,0.0000,0,250.000,,0,0.8251,,0.850,0,
4382,8,97,fog-106,1,fog,4600.0,0.0000,0.0000,0,250.000,,0,0.8212,,0.850,0,
4383,8,97,fog-106,1,fog,4700.0,0.0000,0.0000,0,250.000,,0,0.8173,,0.850,0,
4384,8,97,fog-106,1,fog,4800.0,0.0000,0.0000,0,250.000,,0,0.8135,,0.850,0,
4385,8,97,fog-106,1,fog,4900.0,0.0000,0.0000,0,250.000,,0,0.8096,,0.850,0,
4386,8,97,fog-106,1,fog,5000.0,0.0000,0.0000,0,250.000,,0,0.8057,,0.850,0,
4387,8,98,fog-107,1,fog,0.0,0.0000,0.0000,0,250.000,,0,1.0000,,0.850,0,
4388,8,98,fog-107,1,fog,100.0,0.0000,0.0000,0,250.000,,0,0.9961,,0.850,0,
4389,8,98,fog-107,1,fog,200.0,0.0000,0.0000,0,250.000,,0,0.9922,,0.850,0,
4390,8,98,fog-107,1,fog,300.0,0.0000,0.0000,0,250.000,,0,0.9883,,0.850,0,
4391,8,98,fog-107,1,fog,400.0,0.0000,0.0000,0,250.000,,0,0.9845,,0.850,0,
4392,8,98,fog-107,1,fog,500.0,0.0000,0.0000,0,250.000,,0,0.9806,,0.850,0,
4393,8,98,fog-107,1,fog,600.0,0.0000,0.0000,0,250.000,,0,0.9767,,0.850,0,
4394,8,98,fog-107,1,fog,700.0,0.0000,0.0000,0,250.000,,0,0.9728,,0.850,0,
4395,8,98,fog-107,1,fog,800.0,0.0000,0.0000,0,250.000,,0,0.9689,,0.850,0,
4396,8,98,fog-107,1,fog,900.0,0.0000,0.0000,0,250.000,,0,0.9650,,0.850,0,
4397,8,98,fog-107,1,fog,1000.0,0.0000,0.0000,0,250.000,,0,0.9611,,0.850,0,
4398,8,98,fog-107,1,fog,1100.0,0.0000,0.0000,0,250.000,,0,0.9572,,0.850,0,
4399,8,98,fog-107,1,fog,1200.0,0.0000,0.0000,0,250.000,,0,0.9534,,0.850,0,
4400,8,98,fog-107,1,fog,1300.0,0.0000,0.0000,0,250.000,,0,0.9495,,0.850,0,
4401,8,98,fog-107,1,fog,1400.0,0.0000,0.0000,0,250.000,,0,0.9456,,0.850,0,
4402,8,98,fog-107,1,fog,1500.0,0.0000,0.0000,0,250.000,,0,0.9417,,0.850,0,
4403,8,98,fog-107,1,fog,1600.0,0.0000,0.0000,0,250.000,,0,0.9378,,0.850,0,
4404,8,98,fog-107,1,fog,1700.0,0.0000,0.0000,0,250.000,,0,0.9339,,0.850,0,
4405,8,98,fog-107,1,fog,1800.0,0.0000,0.0000,0,250.000,,0,0.9300,,0.850,0,
4406,8,98,fog-107,1,fog,1900.0,0.0000,0.0000,0,250.000,,0,0.9262,,0.850,0,
4407,8,98,fog-107,1,fog,2000.0,0.0000,0.0000,0,250.000,,0,0.9223,,0.850,0,
4408,8,98,fog-107,1,fog,2100.0,0.0000,0.0000,0,250.000,,0,0.9184,,0.850,0,
4409,8,98,fog-107,1,fog,2200.0,0.0000,0.0000,0,250.000,,0,0.9145,,0.850,0,
4410,8,98,fog-107,1,fog,2300.0,0.0000,0.0000,0,250.000,,0,0.9106,,0.850,0,
4411,8,98,fog-107,1,fog,2400.0,0.0000,0.0000,0,250.000,,0,0.9067,,0.850,0,
4412,8,98,fog-107,1,fog,2500.0,0.0000,0.0000,0,250.000,,0,0.9028,,0.850,0,
4413,8,98,fog-107,1,fog,2600.0,0.0000,0.0000,0,250.000,,0,0.8990,,0.850,0,
4414,8,98,fog-107,1,fog,2700.0,0.0000,0.0000,0,250.000,,0,0.8951,,0.850,0,
4415,8,98,fog-107,1,fog,2800.0,0.0000,0.0000,0,250.000,,0,0.8912,,0.850,0,
4416,8,98,fog-107,1,fog,2900.0,0.0000,0.0000,0,250.000,,0,0.8873,,0.850,0,
4417,8,98,fog-107,1,fog,3000.0,0.0000,0.0000,0,250.000,,0,0.8834,,0.850,0,
4418,8,98,fog-107,1,fog,3100.0,0.0000,0.0000,0,250.000,,0,0.8795,,0.850,0,
4419,8,98,fog-107,1,fog,3200.0,0.0000,0.0000,0,250.000,,0,0.8756,,0.850,0,
4420,8,98,fog-107,1,fog,3300.0,0.0000,0.0000,0,250.000,,0,0.8717,,0.850,0,
4421,8,98,fog-107,1,fog,3400.0,0.0000,0.0000,0,250.000,,0,0.8679,,0.850,0,
4422,8,98,fog-107,1,fog,3500.0,0.0000,0.0000,0,250.000,,0,0.8640,,0.850,0,
4423,8,98,fog-107,1,fog,3600.0,0.0000,0.0000,0,250.000,,0,0.8601,,0.850,0,
4424,8,98,fog-107,1,fog,3700.0,0.0000,0.0000,0,250.000,,0,0.8562,,0.850,0,
4425,8,98,fog-107,1,fog,3800.0,0.0000,0.0000,0,250.000,,0,0.8523,,0.850,0,
4426,8,98,fog-107,1,fog,3900.0,0.0000,0.0000,0,250.000,,0,0.8484,,0.850,0,
4427,8,98,fog-107,1,fog,4000.0,0.0000,0.0000,0,250.000,,0,0.8445,,0.850,0,
4428,8,98,fog-107,1,fog,4100.0,0.0000,0.0000,0,250.000,,0,0.8407,,0.850,0,
4429,8,98,fog-107,1,fog,4200.0,0.0000,0.0000,0,250.000,,0,0.8368,,0.850,0,
4430,8,98,fog-107,1,fog,4300.0,0.0000,0.0000,0,250.000,,0,0.8329,,0.850,0,
4431,8,98,fog-107,1,fog,4400.0,0.0000,0.0000,0,250.000,,0,0.8290,,0.850,0,
4432,8,98,fog-107,1,fog,4500.0,0.0000,0.0000,0,250.000,,0,0.8251,,0.850,0,
4433,8,98,fog-107,1,fog,4600.0,0.0000,0.0000,0,250.000,,0,0.8212,,0.850,0,
4434,8,98,fog-107,1,fog,4700.0,0.0000,0.0000,0,250.000,,0,0.8173,,0.850,0,
4435,8,98,fog-107,1,fog,4800.0,0.0000,0.0000,0,250.000,,0,0.8135,,0.850,0,
4436,8,98,fog-107,1,fog,4900.0,0.0000,0.0000,0,250.000,,0,0.8096,,0.850,0,
4437,8,98,fog-107,1,fog,5000.0,0.0000,0.0000,0,250.000,,0,0.8057,,0.850,0,
4438,8,99,fog-108,1,fog,0.0,0.0000,0.0000,0,250.000,,0,1.0000,,0.850,0,
4439,8,99,fog-108,1,fog,100.0,0.0000,0.0000,0,250.000,,0,0.9961,,0.850,0,
4440,8,99,fog-108,1,fog,200.0,0.0000,0.0000,0,250.000,,0,0.9922,,0.850,0,
4441,8,99,fog-108,1,fog,300.0,0.0000,0.0000,0,250.000,,0,0.9883,,0.850,0,
4442,8,99,fog-108,1,fog,400.0,0.0000,0.0000,0,250.000,,0,0.9845,,0.850,0,
4443,8,99,fog-108,1,fog,500.0,0.0000,0.0000,0,250.000,,0,0.9806,,0.850,0,
4444,8,99,fog-108,1,fog,600.0,0.0000,0.0000,0,250.000,,0,0.9767,,0.850,0,
4445,8,99,fog-108,1,fog,700.0,0.0000,0.0000,0,250.000,,0,0.9728,,0.850,0,
4446,8,99,fog-108,1,fog,800.0,0.0000,0.0000,0,250.000,,0,0.9689,,0.850,0,
4447,8,99,fog-108,1,fog,900.0,0.0000,0.0000,0,250.000,,0,0.9650,,0.850,0,
4448,8,99,fog-108,1,fog,1000.0,0.0000,0.0000,0,250.000,,0,0.9611,,0.850,0,
4449,8,99,fog-108,1,fog,1100.0,0.0000,0.0000,0,250.000,,0,0.9572,,0.850,0,
4450,8,99,fog-108,1,fog,1200.0,0.0000,0.0000,0,250.000,,0,0.9534,,0.850,0,
4451,8,99,fog-108,1,fog,1300.0,0.0000,0.0000,0,250.000,,0,0.9495,,0.850,0,
4452,8,99,fog-108,1,fog,1400.0,0.0000,0.0000,0,250.000,,0,0.9456,,0.850,0,
4453,8,99,fog-108,1,fog,1500.0,0.0000,0.0000,0,250.000,,0,0.9417,,0.850,0,
4454,8,99,fog-108,1,fog,1600.0,0.0000,0.0000,0,250.000,,0,0.9378,,0.850,0,
4455,8,99,fog-108,1,fog,1700.0,0.0000,0.0000,0,250.000,,0,0.9339,,0.850,0,
4456,8,99,fog-108,1,fog,1800.0,0.0000,0.0000,0,250.000,,0,0.9300,,0.850,0,
4457,8,99,fog-108,1,fog,1900.0,0.0000,0.0000,0,250.000,,0,0.9262,,0.850,0,
4458,8,99,fog-108,1,fog,2000.0,0.0000,0.0000,0,250.000,,0,0.9223,,0.850,0,
4459,8,99,fog-108,1,fog,2100.0,0.0000,0.0000,0,250.000,,0,0.9184,,0.850,0,
4460,8,99,fog-108,1,fog,2200.0,0.0000,0.0000,0,250.000,,0,0.9145,,0.850,0,
4461,8,99,fog-108,1,fog,2300.0,0.0000,0.0000,0,250.000,,0,0.9106,,0.850,0,
4462,8,99,fog-108,1,fog,2400.0,0.0000,0.0000,0,250.000,,0,0.9067,,0.850,0,
4463,8,99,fog-108,1,fog,2500.0,0.0000,0.0000,0,250.000,,0,0.9028,,0.850,0,
4464,8,99,fog-108,1,fog,2600.0,0.0000,0.0000,0,250.000,,0,0.8990,,0.850,0,
4465,8,99,fog-108,1,fog,2700.0,0.0000,0.0000,0,250.000,,0,0.8951,,0.850,0,
4466,8,99,fog-108,1,fog,2800.0,0.0000,0.0000,0,250.000,,0,0.8912,,0.850,0,
4467,8,99,fog-108,1,fog,2900.0,0.0000,0.0000,0,250.000,,0,0.8873,,0.850,0,
4468,8,99,fog-108,1,fog,3000.0,0.0000,0.0000,0,250.000,,0,0.8834,,0.850,0,
4469,8,99,fog-108,1,fog,3100.0,0.0000,0.0000,0,250.000,,0,0.8795,,0.850,0,
4470,8,99,fog-108,1,fog,3200.0,0.0000,0.0000,0,250.000,,0,0.8756,,0.850,0,
4471,8,99,fog-108,1,fog,3300.0,0.0000,0.0000,0,250.000,,0,0.8717,,0.850,0,
4472,8,99,fog-108,1,fog,3400.0,0.0000,0.0000,0,250.000,,0,0.8679,,0.850,0,
4473,8,99,fog-108,1,fog,3500.0,0.0000,0.0000,0,250.000,,0,0.8640,,0.850,0,
4474,8,99,fog-108,1,fog,3600.0,0.0000,0.0000,0,250.000,,0,0.8601,,0.850,0,
4475,8,99,fog-108,1,fog,3700.0,0.0000,0.0000,0,250.000,,0,0.8562,,0.850,0,
4476,8,99,fog-108,1,fog,3800.0,0.0000,0.0000,0,250.000,,0,0.8523,,0.850,0,
4477,8,99,fog-108,1,fog,3900.0,0.0000,0.0000,0,250.000,,0,0.8484,,0.850,0,
4478,8,99,fog-108,1,fog,4000.0,0.0000,0.0000,0,250.000,,0,0.8445,,0.850,0,
4479,8,99,fog-108,1,fog,4100.0,0.0000,0.0000,0,250.000,,0,0.8407,,0.850,0,
4480,8,99,fog-108,1,fog,4200.0,0.0000,0.0000,0,250.000,,0,0.8368,,0.850,0,
4481,8,99,fog-108,1,fog,4300.0,0.0000,0.0000,0,250.000,,0,0.8329,,0.850,0,
4482,8,99,fog-108,1,fog,4400.0,0.0000,0.0000,0,250.000,,0,0.8290,,0.850,0,
4483,8,99,fog-108,1,fog,4500.0,0.0000,0.0000,0,250.000,,0,0.8251,,0.850,0,
4484,8,99,fog-108,1,fog,4600.0,0.0000,0.0000,0,250.000,,0,0.8212,,0.850,0,
4485,8,99,fog-108,1,fog,4700.0,0.0000,0.0000,0,250.000,,0,0.8173,,0.850,0,
4486,8,99,fog-108,1,fog,4800.0,0.0000,0.0000,0,250.000,,0,0.8135,,0.850,0,
4487,8,99,fog-108,1,fog,4900.0,0.0000,0.0000,0,250.000,,0,0.8096,,0.850,0,
4488,8,99,fog-108,1,fog,5000.0,0.0000,0.0000,0,250.000,,0,0.8057,,0.850,0,
4489,8,100,fog-109,1,fog,0.0,0.0000,0.0000,0,250.000,,0,1.0000,,0.850,0,
4490,8,100,fog-109,1,fog,100.0,0.0000,0.0000,0,250.000,,0,0.9961,,0.850,0,
4491,8,100,fog-109,1,fog,200.0,0.0000,0.0000,0,250.000,,0,0.9922,,0.850,0,
4492,8,100,fog-109,1,fog,300.0,0.0000,0.0000,0,250.000,,0,0.9883,,0.850,0,
4493,8,100,fog-109,1,fog,400.0,0.0000,0.0000,0,250.000,,0,0.9845,,0.850,0,
4494,8,100,fog-109,1,fog,500.0,0.0000,0.0000,0,250.000,,0,0.9806,,0.850,0,
4495,8,100,fog-109,1,fog,600.0,0.0000,0.0000,0,250.000,,0,0.9767,,0.850,0,
4496,8,100,fog-109,1,fog,700.0,0.0000,0.0000,0,250.000,,0,0.9728,,0.850,0,
4497,8,100,fog-109,1,fog,800.0,0.0000,0.0000,0,250.000,,0,0.9689,,0.850,0,
4498,8,100,fog-109,1,fog,900.0,0.0000,0.0000,0,250.000,,0,0.9650,,0.850,0,
4499,8,100,fog-109,1,fog,1000.0,0.0000,0.0000,0,250.000,,0,0.9611,,0.850,0,
4500,8,100,fog-109,1,fog,1100.0,0.0000,0.0000,0,250.000,,0,0.9572,,0.850,0,
4501,8,100,fog-109,1,fog,1200.0,0.0000,0.0000,0,250.000,,0,0.9534,,0.850,0,
4502,8,100,fog-109,1,fog,1300.0,0.0000,0.0000,0,250.000,,0,0.9495,,0.850,0,
4503,8,100,fog-109,1,fog,1400.0,0.0000,0.0000,0,250.000,,0,0.9456,,0.850,0,
4504,8,100,fog-109,1,fog,1500.0,0.0000,0.0000,0,250.000,,0,0.9417,,0.850,0,
4505,8,100,fog-109,1,fog,1600.0,0.0000,0.0000,0,250.000,,0,0.9378,,0.850,0,
4506,8,100,fog-109,1,fog,1700.0,0.0000,0.0000,0,250.000,,0,0.9339,,0.850,0,
4507,8,100,fog-109,1,fog,1800.0,0.0000,0.0000,0,250.000,,0,0.9300,,0.850,0,
4508,8,100,fog-109,1,fog,1900.0,0.0000,0.0000,0,250.000,,0,0.9262,,0.850,0,
4509,8,100,fog-109,1,fog,2000.0,0.0000,0.0000,0,250.000,,0,0.9223,,0.850,0,
4510,8,100,fog-109,1,fog,2100.0,0.0000,0.0000,0,250.000,,0,0.9184,,0.850,0,
4511,8,100,fog-109,1,fog,2200.0,0.0000,0.0000,0,250.000,,0,0.9145,,0.850,0,
4512,8,100,fog-109,1,fog,2300.0,0.0000,0.0000,0,250.000,,0,0.9106,,0.850,0,
4513,8,100,fog-109,1,fog,2400.0,0.0000,0.0000,0,250.000,,0,0.9067,,0.850,0,
4514,8,100,fog-109,1,fog,2500.0,0.0000,0.0000,0,250.000,,0,0.9028,,0.850,0,
4515,8,100,fog-109,1,fog,2600.0,0.0000,0.0000,0,250.000,,0,0.8990,,0.850,0,
4516,8,100,fog-109,1,fog,2700.0,0.0000,0.0000,0,250.000,,0,0.8951,,0.850,0,
4517,8,100,fog-109,1,fog,2800.0,0.0000,0.0000,0,250.000,,0,0.8912,,0.850,0,
4518,8,100,fog-109,1,fog,2900.0,0.0000,0.0000,0,250.000,,0,0.8873,,0.850,0,
4519,8,100,fog-109,1,fog,3000.0,0.0000,0.0000,0,250.000,,0,0.8834,,0.850,0,
4520,8,100,fog-109,1,fog,3100.0,0.0000,0.0000,0,250.000,,0,0.8795,,0.850,0,
4521,8,100,fog-109,1,fog,3200.0,0.0000,0.0000,0,250.000,,0,0.8756,,0.850,0,
4522,8,100,fog-109,1,fog,3300.0,0.0000,0.0000,0,250.000,,0,0.8717,,0.850,0,
4523,8,100,fog-109,1,fog,3400.0,0.0000,0.0000,0,250.000,,0,0.8679,,0.850,0,
4524,8,100,fog-109,1,fog,3500.0,0.0000,0.0000,0,250.000,,0,0.8640,,0.850,0,
4525,8,100,fog-109,1,fog,3600.0,0.0000,0.0000,0,250.000,,0,0.8601,,0.850,0,
4526,8,100,fog-109,1,fog,3700.0,0.0000,0.0000,0,250.000,,0,0.8562,,0.850,0,
4527,8,100,fog-109,1,fog,3800.0,0.0000,0.0000,0,250.000,,0,0.8523,,0.850,0,
4528,8,100,fog-109,1,fog,3900.0,0.0000,0.0000,0,250.000,,0,0.8484,,0.850,0,
4529,8,100,fog-109,1,fog,4000.0,0.0000,0.0000,0,250.000,,0,0.8445,,0.850,0,
4530,8,100,fog-109,1,fog,4100.0,0.0000,0.0000,0,250.000,,0,0.8407,,0.850,0,
4531,8,100,fog-109,1,fog,4200.0,0.0000,0.0000,0,250.000,,0,0.8368,,0.850,0,
4532,8,100,fog-109,1,fog,4300.0,0.0000,0.0000,0,250.000,,0,0.8329,,0.850,0,
4533,8,100,fog-109,1,fog,4400.0,0.0000,0.0000,0,250.000,,0,0.8290,,0.850,0,
4534,8,100,fog-109,1,fog,4500.0,0.0000,0.0000,0,250.000,,0,0.8251,,0.850,0,
4535,8,100,fog-109,1,fog,4600.0,0.0000,0.0000,0,250.000,,0,0.8212,,0.850,0,
4536,8,100,fog-109,1,fog,4700.0,0.0000,0.0000,0,250.000,,0,0.8173,,0.850,0,
4537,8,100,fog-109,1,fog,4800.0,0.0000,0.0000,0,250.000,,0,0.8135,,0.850,0,
4538,8,100,fog-109,1,fog,4900.0,0.0000,0.0000,0,250.000,,0,0.8096,,0.850,0,
4539,8,100,fog-109,1,fog,5000.0,0.0000,0.0000,0,250.000,,0,0.8057,,0.850,0,
4540,8,101,fog-110,1,fog,0.0,0.0000,0.0000,0,250.000,,0,1.0000,,0.850,0,
4541,8,101,fog-110,1,fog,100.0,0.0000,0.0000,0,250.000,,0,0.9961,,0.850,0,
4542,8,101,fog-110,1,fog,200.0,0.0000,0.0000,0,250.000,,0,0.9922,,0.850,0,
4543,8,101,fog-110,1,fog,300.0,0.0000,0.0000,0,250.000,,0,0.9883,,0.850,0,
4544,8,101,fog-110,1,fog,400.0,0.0000,0.0000,0,250.000,,0,0.9845,,0.850,0,
4545,8,101,fog-110,1,fog,500.0,0.0000,0.0000,0,250.000,,0,0.9806,,0.850,0,
4546,8,101,fog-110,1,fog,600.0,0.0000,0.0000,0,250.000,,0,0.9767,,0.850,0,
4547,8,101,fog-110,1,fog,700.0,0.0000,0.0000,0,250.000,,0,0.9728,,0.850,0,
4548,8,101,fog-110,1,fog,800.0,0.0000,0.0000,0,250.000,,0,0.9689,,0.850,0,
4549,8,101,fog-110,1,fog,900.0,0.0000,0.0000,0,250.000,,0,0.9650,,0.850,0,
4550,8,101,fog-110,1,fog,1000.0,0.0000,0.0000,0,250.000,,0,0.9611,,0.850,0,
4551,8,101,fog-110,1,fog,1100.0,0.0000,0.0000,0,250.000,,0,0.9572,,0.850,0,
4552,8,101,fog-110,1,fog,1200.0,0.0000,0.0000,0,250.000,,0,0.9534,,0.850,0,
4553,8,101,fog-110,1,fog,1300.0,0.0000,0.0000,0,250.000,,0,0.9495,,0.850,0,
4554,8,101,fog-110,1,fog,1400.0,0.0000,0.0000,0,250.000,,0,0.9456,,0.850,0,
4555,8,101,fog-110,1,fog,1500.0,0.0000,0.0000,0,250.000,,0,0.9417,,0.850,0,
4556,8,101,fog-110,1,fog,1600.0,0.0000,0.0000,0,250.000,,0,0.9378,,0.850,0,
4557,8,101,fog-110,1,fog,1700.0,0.0000,0.0000,0,250.000,,0,0.9339,,0.850,0,
4558,8,101,fog-110,1,fog,1800.0,0.0000,0.0000,0,250.000,,0,0.9300,,0.850,0,
4559,8,101,fog-110,1,fog,1900.0,0.0000,0.0000,0,250.000,,0,0.9262,,0.850,0,
4560,8,101,fog-110,1,fog,2000.0,0.0000,0.0000,0,250.000,,0,0.9223,,0.850,0,
4561,8,101,fog-110,1,fog,2100.0,0.0000,0.0000,0,250.000,,0,0.9184,,0.850,0,
4562,8,101,fog-110,1,fog,2200.0,0.0000,0.0000,0,250.000,,0,0.9145,,0.850,0,
4563,8,101,fog-110,1,fog,2300.0,0.0000,0.0000,0,250.000,,0,0.9106,,0.850,0,
4564,8,101,fog-110,1,fog,2400.0,0.0000,0.0000,0,250.000,,0,0.9067,,0.850,0,
4565,8,101,fog-110,1,fog,2500.0,0.0000,0.0000,0,250.000,,0,0.9028,,0.850,0,
4566,8,101,fog-110,1,fog,2600.0,0.0000,0.0000,0,250.000,,0,0.8990,,0.850,0,
4567,8,101,fog-110,1,fog,2700.0,0.0000,0.0000,0,250.000,,0,0.8951,,0.850,0,
4568,8,101,fog-110,1,fog,2800.0,0.0000,0.0000,0,250.000,,0,0.8912,,0.850,0,
4569,8,101,fog-110,1,fog,2900.0,0.0000,0.0000,0,250.000,,0,0.8873,,0.850,0,
4570,8,101,fog-110,1,fog,3000.0,0.0000,0.0000,0,250.000,,0,0.8834,,0.850,0,
4571,8,101,fog-110,1,fog,3100.0,0.0000,0.0000,0,250.000,,0,0.8795,,0.850,0,
4572,8,101,fog-110,1,fog,3200.0,0.0000,0.0000,0,250.000,,0,0.8756,,0.850,0,
4573,8,101,fog-110,1,fog,3300.0,0.0000,0.0000,0,250.000,,0,0.8717,,0.850,0,
4574,8,101,fog-110,1,fog,3400.0,0.0000,0.0000,0,250.000,,0,0.8679,,0.850,0,
4575,8,101,fog-110,1,fog,3500.0,0.0000,0.0000,0,250.000,,0,0.8640,,0.850,0,
4576,8,101,fog-110,1,fog,3600.0,0.0000,0.0000,0,250.000,,0,0.8601,,0.850,0,
4577,8,101,fog-110,1,fog,3700.0,0.0000,0.0000,0,250.000,,0,0.8562,,0.850,0,
4578,8,101,fog-110,1,fog,3800.0,0.0000,0.0000,0,250.000,,0,0.8523,,0.850,0,
4579,8,101,fog-110,1,fog,3900.0,0.0000,0.0000,0,250.000,,0,0.8484,,0.850,0,
4580,8,101,fog-110,1,fog,4000.0,0.0000,0.0000,0,250.000,,0,0.8445,,0.850,0,
4581,8,101,fog-110,1,fog,4100.0,0.0000,0.0000,0,250.000,,0,0.8407,,0.850,0,
4582,8,101,fog-110,1,fog,4200.0,0.0000,0.0000,0,250.000,,0,0.8368,,0.850,0,
4583,8,101,fog-110,1,fog,4300.0,0.0000,0.0000,0,250.000,,0,0.8329,,0.850,0,
4584,8,101,fog-110,1,fog,4400.0,0.0000,0.0000,0,250.000,,0,0.8290,,0.850,0,
4585,8,101,fog-110,1,fog,4500.0,0.0000,0.0000,0,250.000,,0,0.8251,,0.850,0,
4586,8,101,fog-110,1,fog,4600.0,0.0000,0.0000,0,250.000,,0,0.8212,,0.850,0,
4587,8,101,fog-110,1,fog,4700.0,0.0000,0.0000,0,250.000,,0,0.8173,,0.850,0,
4588,8,101,fog-110,1,fog,4800.0,0.0000,0.0000,0,250.000,,0,0.8135,,0.850,0,
4589,8,101,fog-110,1,fog,4900.0,0.0000,0.0000,0,250.000,,0,0.8096,,0.850,0,
4590,8,101,fog-110,1,fog,5000.0,0.0000,0.0000,0,250.000,,0,0.8057,,0.850,0,
4591,8,102,fog-111,1,fog,0.0,0.0000,0.0000,0,250.000,,0,1.0000,,0.850,0,
4592,8,102,fog-111,1,fog,100.0,0.0000,0.0000,0,250.000,,0,0.9961,,0.850,0,
4593,8,102,fog-111,1,fog,200.0,0.0000,0.0000,0,250.000,,0,0.9922,,0.850,0,
4594,8,102,fog-111,1,fog,300.0,0.0000,0.0000,0,250.000,,0,0.9883,,0.850,0,
4595,8,102,fog-111,1,fog,400.0,0.0000,0.0000,0,250.000,,0,0.9845,,0.850,0,
4596,8,102,fog-111,1,fog,500.0,0.0000,0.0000,0,250.000,,0,0.9806,,0.850,0,
4597,8,102,fog-111,1,fog,600.0,0.0000,0.0000,0,250.000,,0,0.9767,,0.850,0,
4598,8,102,fog-111,1,fog,700.0,0.0000,0.0000,0,250.000,,0,0.9728,,0.850,0,
4599,8,102,fog-111,1,fog,800.0,0.0000,0.0000,0,250.000,,0,0.9689,,0.850,0,
4600,8,102,fog-111,1,fog,900.0,0.0000,0.0000,0,250.000,,0,0.9650,,0.850,0,
4601,8,102,fog-111,1,fog,1000.0,0.0000,0.0000,0,250.000,,0,0.9611,,0.850,0,
4602,8,102,fog-111,1,fog,1100.0,0.0000,0.0000,0,250.000,,0,0.9572,,0.850,0,
4603,8,102,fog-111,1,fog,1200.0,0.0000,0.0000,0,250.000,,0,0.9534,,0.850,0,
4604,8,102,fog-111,1,fog,1300.0,0.0000,0.0000,0,250.000,,0,0.9495,,0.850,0,
4605,8,102,fog-111,1,fog,1400.0,0.0000,0.0000,0,250.000,,0,0.9456,,0.850,0,
4606,8,102,fog-111,1,fog,1500.0,0.0000,0.0000,0,250.000,,0,0.9417,,0.850,0,
4607,8,102,fog-111,1,fog,1600.0,0.0000,0.0000,0,250.000,,0,0.9378,,0.850,0,
4608,8,102,fog-111,1,fog,1700.0,0.0000,0.0000,0,250.000,,0,0.9339,,0.850,0,
4609,8,102,fog-111,1,fog,1800.0,0.0000,0.0000,0,250.000,,0,0.9300,,0.850,0,
4610,8,102,fog-111,1,fog,1900.0,0.0000,0.0000,0,250.000,,0,0.9262,,0.850,0,
4611,8,102,fog-111,1,fog,2000.0,0.0000,0.0000,0,250.000,,0,0.9223,,0.850,0,
4612,8,102,fog-111,1,fog,2100.0,0.0000,0.0000,0,250.000,,0,0.9184,,0.850,0,
4613,8,102,fog-111,1,fog,2200.0,0.0000,0.0000,0,250.000,,0,0.9145,,0.850,0,
4614,8,102,fog-111,1,fog,2300.0,0.0000,0.0000,0,250.000,,0,0.9106,,0.850,0,
4615,8,102,fog-111,1,fog,2400.0,0.0000,0.0000,0,250.000,,0,0.9067,,0.850,0,
4616,8,102,fog-111,1,fog,2500.0,0.0000,0.0000,0,250.000,,0,0.9028,,0.850,0,
4617,8,102,fog-111,1,fog,2600.0,0.0000,0.0000,0,250.000,,0,0.8990,,0.850,0,
4618,8,102,fog-111,1,fog,2700.0,0.0000,0.0000,0,250.000,,0,0.8951,,0.850,0,
4619,8,102,fog-111,1,fog,2800.0,0.0000,0.0000,0,250.000,,0,0.8912,,0.850,0,
4620,8,102,fog-111,1,fog,2900.0,0.0000,0.0000,0,250.000,,0,0.8873,,0.850,0,
4621,8,102,fog-111,1,fog,3000.0,0.0000,0.0000,0,250.000,,0,0.8834,,0.850,0,
4622,8,102,fog-111,1,fog,3100.0,0.0000,0.0000,0,250.000,,0,0.8795,,0.850,0,
4623,8,102,fog-111,1,fog,3200.0,0.0000,0.0000,0,250.000,,0,0.8756,,0.850,0,
4624,8,102,fog-111,1,fog,3300.0,0.0000,0.0000,0,250.000,,0,0.8717,,0.850,0,
4625,8,102,fog-111,1,fog,3400.0,0.0000,0.0000,0,250.000,,0,0.8679,,0.850,0,
4626,8,102,fog-111,1,fog,3500.0,0.0000,0.0000,0,250.000,,0,0.8640,,0.850,0,
4627,8,102,fog-111,1,fog,3600.0,0.0000,0.0000,0,250.000,,0,0.8601,,0.850,0,
4628,8,102,fog-111,1,fog,3700.0,0.0000,0.0000,0,250.000,,0,0.8562,,0.850,0,
4629,8,102,fog-111,1,fog,3800.0,0.0000,0.0000,0,250.000,,0,0.8523,,0.850,0,
4630,8,102,fog-111,1,fog,3900.0,0.0000,0.0000,0,250.000,,0,0.8484,,0.850,0,
4631,8,102,fog-111,1,fog,4000.0,0.0000,0.0000,0,250.000,,0,0.8445,,0.850,0,
4632,8,102,fog-111,1,fog,4100.0,0.0000,0.0000,0,250.000,,0,0.8407,,0.850,0,
4633,8,102,fog-111,1,fog,4200.0,0.0000,0.0000,0,250.000,,0,0.8368,,0.850,0,
4634,8,102,fog-111,1,fog,4300.0,0.0000,0.0000,0,250.000,,0,0.8329,,0.850,0,
4635,8,102,fog-111,1,fog,4400.0,0.0000,0.0000,0,250.000,,0,0.8290,,0.850,0,
4636,8,102,fog-111,1,fog,4500.0,0.0000,0.0000,0,250.000,,0,0.8251,,0.850,0,
4637,8,102,fog-111,1,fog,4600.0,0.0000,0.0000,0,250.000,,0,0.8212,,0.850,0,
4638,8,102,fog-111,1,fog,4700.0,0.0000,0.0000,0,250.000,,0,0.8173,,0.850,0,
4639,8,102,fog-111,1,fog,4800.0,0.0000,0.0000,0,250.000,,0,0.8135,,0.850,0,
4640,8,102,fog-111,1,fog,4900.0,0.0000,0.0000,0,250.000,,0,0.8096,,0.850,0,
4641,8,102,fog-111,1,fog,5000.0,0.0000,0.0000,0,250.000,,0,0.8057,,0.850,0,
4642,8,103,fog-112,1,fog,0.0,0.0000,0.0000,0,250.000,,0,1.0000,,0.850,0,
4643,8,103,fog-112,1,fog,100.0,0.0000,0.0000,0,250.000,,0,0.9961,,0.850,0,
4644,8,103,fog-112,1,fog,200.0,0.0000,0.0000,0,250.000,,0,0.9922,,0.850,0,
4645,8,103,fog-112,1,fog,300.0,0.0000,0.0000,0,250.000,,0,0.9883,,0.850,0,
4646,8,103,fog-112,1,fog,400.0,0.0000,0.0000,0,250.000,,0,0.9845,,0.850,0,
4647,8,103,fog-112,1,fog,500.0,0.0000,0.0000,0,250.000,,0,0.9806,,0.850,0,
4648,8,103,fog-112,1,fog,600.0,0.0000,0.0000,0,250.000,,0,0.9767,,0.850,0,
4649,8,103,fog-112,1,fog,700.0,0.0000,0.0000,0,250.000,,0,0.9728,,0.850,0,
4650,8,103,fog-112,1,fog,800.0,0.0000,0.0000,0,250.000,,0,0.9689,,0.850,0,
4651,8,103,fog-112,1,fog,900.0,0.0000,0.0000,0,250.000,,0,0.9650,,0.850,0,
4652,8,103,fog-112,1,fog,1000.0,0.0000,0.0000,0,250.000,,0,0.9611,,0.850,0,
4653,8,103,fog-112,1,fog,1100.0,0.0000,0.0000,0,250.000,,0,0.9572,,0.850,0,
4654,8,103,fog-112,1,fog,1200.0,0.0000,0.0000,0,250.000,,0,0.9534,,0.850,0,
4655,8,103,fog-112,1,fog,1300.0,0.0000,0.0000,0,250.000,,0,0.9495,,0.850,0,
4656,8,103,fog-112,1,fog,1400.0,0.0000,0.0000,0,250.000,,0,0.9456,,0.850,0,
4657,8,103,fog-112,1,fog,1500.0,0.0000,0.0000,0,250.000,,0,0.9417,,0.850,0,
4658,8,103,fog-112,1,fog,1600.0,0.0000,0.0000,0,250.000,,0,0.9378,,0.850,0,
4659,8,103,fog-112,1,fog,1700.0,0.0000,0.0000,0,250.000,,0,0.9339,,0.850,0,
4660,8,103,fog-112,1,fog,1800.0,0.0000,0.0000,0,250.000,,0,0.9300,,0.850,0,
4661,8,103,fog-112,1,fog,1900.0,0.0000,0.0000,0,250.000,,0,0.9262,,0.850,0,
4662,8,103,fog-112,1,fog,2000.0,0.0000,0.0000,0,250.000,,0,0.9223,,0.850,0,
4663,8,103,fog-112,1,fog,2100.0,0.0000,0.0000,0,250.000,,0,0.9184,,0.850,0,
4664,8,103,fog-112,1,fog,2200.0,0.0000,0.0000,0,250.000,,0,0.9145,,0.850,0,
4665,8,103,fog-112,1,fog,2300.0,0.0000,0.0000,0,250.000,,0,0.9106,,0.850,0,
4666,8,103,fog-112,1,fog,2400.0,0.0000,0.0000,0,250.000,,0,0.9067,,0.850,0,
4667,8,103,fog-112,1,fog,2500.0,0.0000,0.0000,0,250.000,,0,0.9028,,0.850,0,
4668,8,103,fog-112,1,fog,2600.0,0.0000,0.0000,0,250.000,,0,0.8990,,0.850,0,
4669,8,103,fog-112,1,fog,2700.0,0.0000,0.0000,0,250.000,,0,0.8951,,0.850,0,
4670,8,103,fog-112,1,fog,2800.0,0.0000,0.0000,0,250.000,,0,0.8912,,0.850,0,
4671,8,103,fog-112,1,fog,2900.0,0.0000,0.0000,0,250.000,,0,0.8873,,0.850,0,
4672,8,103,fog-112,1,fog,3000.0,0.0000,0.0000,0,250.000,,0,0.8834,,0.850,0,
4673,8,103,fog-112,1,fog,3100.0,0.0000,0.0000,0,250.000,,0,0.8795,,0.850,0,
4674,8,103,fog-112,1,fog,3200.0,0.0000,0.0000,0,250.000,,0,0.8756,,0.850,0,
4675,8,103,fog-112,1,fog,3300.0,0.0000,0.0000,0,250.000,,0,0.8717,,0.850,0,
4676,8,103,fog-112,1,fog,3400.0,0.0000,0.0000,0,250.000,,0,0.8679,,0.850,0,
4677,8,103,fog-112,1,fog,3500.0,0.0000,0.0000,0,250.000,,0,0.8640,,0.850,0,
4678,8,103,fog-112,1,fog,3600.0,0.0000,0.0000,0,250.000,,0,0.8601,,0.850,0,
4679,8,103,fog-112,1,fog,3700.0,0.0000,0.0000,0,250.000,,0,0.8562,,0.850,0,
4680,8,103,fog-112,1,fog,3800.0,0.0000,0.0000,0,250.000,,0,0.8523,,0.850,0,
4681,8,103,fog-112,1,fog,3900.0,0.0000,0.0000,0,250.000,,0,0.8484,,0.850,0,
4682,8,103,fog-112,1,fog,4000.0,0.0000,0.0000,0,250.000,,0,0.8445,,0.850,0,
4683,8,103,fog-112,1,fog,4100.0,0.0000,0.0000,0,250.000,,0,0.8407,,0.850,0,
4684,8,103,fog-112,1,fog,4200.0,0.0000,0.0000,0,250.000,,0,0.8368,,0.850,0,
4685,8,103,fog-112,1,fog,4300.0,0.0000,0.0000,0,250.000,,0,0.8329,,0.850,0,
4686,8,103,fog-112,1,fog,4400.0,0.0000,0.0000,0,250.000,,0,0.8290,,0.850,0,
4687,8,103,fog-112,1,fog,4500.0,0.0000,0.0000,0,250.000,,0,0.8251,,0.850,0,
4688,8,103,fog-112,1,fog,4600.0,0.0000,0.0000,0,250.000,,0,0.8212,,0.850,0,
4689,8,103,fog-112,1,fog,4700.0,0.0000,0.0000,0,250.000,,0,0.8173,,0.850,0,
4690,8,103,fog-112,1,fog,4800.0,0.0000,0.0000,0,250.000,,0,0.8135,,0.850,0,
4691,8,103,fog-112,1,fog,4900.0,0.0000,0.0000,0,250.000,,0,0.8096,,0.850,0,
4692,8,103,fog-112,1,fog,5000.0,0.0000,0.0000,0,250.000,,0,0.8057,,0.850,0,
4693,8,104,fog-113,1,fog,0.0,0.0000,0.0000,0,250.000,,0,1.0000,,0.850,0,
4694,8,104,fog-113,1,fog,100.0,0.0000,0.0000,0,250.000,,0,0.9961,,0.850,0,
4695,8,104,fog-113,1,fog,200.0,0.0000,0.0000,0,250.000,,0,0.9922,,0.850,0,
4696,8,104,fog-113,1,fog,300.0,0.0000,0.0000,0,250.000,,0,0.9883,,0.850,0,
4697,8,104,fog-113,1,fog,400.0,0.0000,0.0000,0,250.000,,0,0.9845,,0.850,0,
4698,8,104,fog-113,1,fog,500.0,0.0000,0.0000,0,250.000,,0,0.9806,,0.850,0,
4699,8,104,fog-113,1,fog,600.0,0.0000,0.0000,0,250.000,,0,0.9767,,0.850,0,
4700,8,104,fog-113,1,fog,700.0,0.0000,0.0000,0,250.000,,0,0.9728,,0.850,0,
4701,8,104,fog-113,1,fog,800.0,0.0000,0.0000,0,250.000,,0,0.9689,,0.850,0,
4702,8,104,fog-113,1,fog,900.0,0.0000,0.0000,0,250.000,,0,0.9650,,0.850,0,
4703,8,104,fog-113,1,fog,1000.0,0.0000,0.0000,0,250.000,,0,0.9611,,0.850,0,
4704,8,104,fog-113,1,fog,1100.0,0.0000,0.0000,0,250.000,,0,0.9572,,0.850,0,
4705,8,104,fog-113,1,fog,1200.0,0.0000,0.0000,0,250.000,,0,0.9534,,0.850,0,
4706,8,104,fog-113,1,fog,1300.0,0.0000,0.0000,0,250.000,,0,0.9495,,0.850,0,
4707,8,104,fog-113,1,fog,1400.0,0.0000,0.0000,0,250.000,,0,0.9456,,0.850,0,
4708,8,104,fog-113,1,fog,1500.0,0.0000,0.0000,0,250.000,,0,0.9417,,0.850,0,
4709,8,104,fog-113,1,fog,1600.0,0.0000,0.0000,0,250.000,,0,0.9378,,0.850,0,
4710,8,104,fog-113,1,fog,1700.0,0.0000,0.0000,0,250.000,,0,0.9339,,0.850,0,
4711,8,104,fog-113,1,fog,1800.0,0.0000,0.0000,0,250.000,,0,0.9300,,0.850,0,
4712,8,104,fog-113,1,fog,1900.0,0.0000,0.0000,0,250.000,,0,0.9262,,0.850,0,
4713,8,104,fog-113,1,fog,2000.0,0.0000,0.0000,0,250.000,,0,0.9223,,0.850,0,
4714,8,104,fog-113,1,fog,2100.0,0.0000,0.0000,0,250.000,,0,0.9184,,0.850,0,
4715,8,104,fog-113,1,fog,2200.0,0.0000,0.0000,0,250.000,,0,0.9145,,0.850,0,
4716,8,104,fog-113,1,fog,2300.0,0.0000,0.0000,0,250.000,,0,0.9106,,0.850,0,
4717,8,104,fog-113,1,fog,2400.0,0.0000,0.0000,0,250.000,,0,0.9067,,0.850,0,
4718,8,104,fog-113,1,fog,2500.0,0.0000,0.0000,0,250.000,,0,0.9028,,0.850,0,
4719,8,104,fog-113,1,fog,2600.0,0.0000,0.0000,0,250.000,,0,0.8990,,0.850,0,
4720,8,104,fog-113,1,fog,2700.0,0.0000,0.0000,0,250.000,,0,0.8951,,0.850,0,
4721,8,104,fog-113,1,fog,2800.0,0.0000,0.0000,0,250.000,,0,0.8912,,0.850,0,
4722,8,104,fog-113,1,fog,2900.0,0.0000,0.0000,0,250.000,,0,0.8873,,0.850,0,
4723,8,104,fog-113,1,fog,3000.0,0.0000,0.0000,0,250.000,,0,0.8834,,0.850,0,
4724,8,104,fog-113,1,fog,3100.0,0.0000,0.0000,0,250.000,,0,0.8795,,0.850,0,
4725,8,104,fog-113,1,fog,3200.0,0.0000,0.0000,0,250.000,,0,0.8756,,0.850,0,
4726,8,104,fog-113,1,fog,3300.0,0.0000,0.0000,0,250.000,,0,0.8717,,0.850,0,
4727,8,104,fog-113,1,fog,3400.0,0.0000,0.0000,0,250.000,,0,0.8679,,0.850,0,
4728,8,104,fog-113,1,fog,3500.0,0.0000,0.0000,0,250.000,,0,0.8640,,0.850,0,
4729,8,104,fog-113,1,fog,3600.0,0.0000,0.0000,0,250.000,,0,0.8601,,0.850,0,
4730,8,104,fog-113,1,fog,3700.0,0.0000,0.0000,0,250.000,,0,0.8562,,0.850,0,
4731,8,104,fog-113,1,fog,3800.0,0.0000,0.0000,0,250.000,,0,0.8523,,0.850,0,
4732,8,104,fog-113,1,fog,3900.0,0.0000,0.0000,0,250.000,,0,0.8484,,0.850,0,
4733,8,104,fog-113,1,fog,4000.0,0.0000,0.0000,0,250.000,,0,0.8445,,0.850,0,
4734,8,104,fog-113,1,fog,4100.0,0.0000,0.0000,0,250.000,,0,0.8407,,0.850,0,
4735,8,104,fog-113,1,fog,4200.0,0.0000,0.0000,0,250.000,,0,0.8368,,0.850,0,
4736,8,104,fog-113,1,fog,4300.0,0.0000,0.0000,0,250.000,,0,0.8329,,0.850,0,
4737,8,104,fog-113,1,fog,4400.0,0.0000,0.0000,0,250.000,,0,0.8290,,0.850,0,
4738,8,104,fog-113,1,fog,4500.0,0.0000,0.0000,0,250.000,,0,0.8251,,0.850,0,
4739,8,104,fog-113,1,fog,4600.0,0.0000,0.0000,0,250.000,,0,0.8212,,0.850,0,
4740,8,104,fog-113,1,fog,4700.0,0.0000,0.0000,0,250.000,,0,0.8173,,0.850,0,
4741,8,104,fog-113,1,fog,4800.0,0.0000,0.0000,0,250.000,,0,0.8135,,0.850,0,
4742,8,104,fog-113,1,fog,4900.0,0.0000,0.0000,0,250.000,,0,0.8096,,0.850,0,
4743,8,104,fog-113,1,fog,5000.0,0.0000,0.0000,0,250.000,,0,0.8057,,0.850,0,
4744,8,105,fog-114,1,fog,0.0,0.0000,0.0000,0,250.000,,0,1.0000,,0.850,0,
4745,8,105,fog-114,1,fog,100.0,0.0000,0.0000,0,250.000,,0,0.9961,,0.850,0,
4746,8,105,fog-114,1,fog,200.0,0.0000,0.0000,0,250.000,,0,0.9922,,0.850,0,
4747,8,105,fog-114,1,fog,300.0,0.0000,0.0000,0,250.000,,0,0.9883,,0.850,0,
4748,8,105,fog-114,1,fog,400.0,0.0000,0.0000,0,250.000,,0,0.9845,,0.850,0,
4749,8,105,fog-114,1,fog,500.0,0.0000,0.0000,0,250.000,,0,0.9806,,0.850,0,
4750,8,105,fog-114,1,fog,600.0,0.0000,0.0000,0,250.000,,0,0.9767,,0.850,0,
4751,8,105,fog-114,1,fog,700.0,0.0000,0.0000,0,250.000,,0,0.9728,,0.850,0,
4752,8,105,fog-114,1,fog,800.0,0.0000,0.0000,0,250.000,,0,0.9689,,0.850,0,
4753,8,105,fog-114,1,fog,900.0,0.0000,0.0000,0,250.000,,0,0.9650,,0.850,0,
4754,8,105,fog-114,1,fog,1000.0,0.0000,0.0000,0,250.000,,0,0.9611,,0.850,0,
4755,8,105,fog-114,1,fog,1100.0,0.0000,0.0000,0,250.000,,0,0.9572,,0.850,0,
4756,8,105,fog-114,1,fog,1200.0,0.0000,0.0000,0,250.000,,0,0.9534,,0.850,0,
4757,8,105,fog-114,1,fog,1300.0,0.0000,0.0000,0,250.000,,0,0.9495,,0.850,0,
4758,8,105,fog-114,1,fog,1400.0,0.0000,0.0000,0,250.000,,0,0.9456,,0.850,0,
4759,8,105,fog-114,1,fog,1500.0,0.0000,0.0000,0,250.000,,0,0.9417,,0.850,0,
4760,8,105,fog-114,1,fog,1600.0,0.0000,0.0000,0,250.000,,0,0.9378,,0.850,0,
4761,8,105,fog-114,1,fog,1700.0,0.0000,0.0000,0,250.000,,0,0.9339,,0.850,0,
4762,8,105,fog-114,1,fog,1800.0,0.0000,0.0000,0,250.000,,0,0.9300,,0.850,0,
4763,8,105,fog-114,1,fog,1900.0,0.0000,0.0000,0,250.000,,0,0.9262,,0.850,0,
4764,8,105,fog-114,1,fog,2000.0,0.0000,0.0000,0,250.000,,0,0.9223,,0.850,0,
4765,8,105,fog-114,1,fog,2100.0,0.0000,0.0000,0,250.000,,0,0.9184,,0.850,0,
4766,8,105,fog-114,1,fog,2200.0,0.0000,0.0000,0,250.000,,0,0.9145,,0.850,0,
4767,8,105,fog-114,1,fog,2300.0,0.0000,0.0000,0,250.000,,0,0.9106,,0.850,0,
4768,8,105,fog-114,1,fog,2400.0,0.0000,0.0000,0,250.000,,0,0.9067,,0.850,0,
4769,8,105,fog-114,1,fog,2500.0,0.0000,0.0000,0,250.000,,0,0.9028,,0.850,0,
4770,8,105,fog-114,1,fog,2600.0,0.0000,0.0000,0,250.000,,0,0.8990,,0.850,0,
4771,8,105,fog-114,1,fog,2700.0,0.0000,0.0000,0,250.000,,0,0.8951,,0.850,0,
4772,8,105,fog-114,1,fog,2800.0,0.0000,0.0000,0,250.000,,0,0.8912,,0.850,0,
4773,8,105,fog-114,1,fog,2900.0,0.0000,0.0000,0,250.000,,0,0.8873,,0.850,0,
4774,8,105,fog-114,1,fog,3000.0,0.0000,0.0000,0,250.000,,0,0.8834,,0.850,0,
4775,8,105,fog-114,1,fog,3100.0,0.0000,0.0000,0,250.000,,0,0.8795,,0.850,0,
4776,8,105,fog-114,1,fog,3200.0,0.0000,0.0000,0,250.000,,0,0.8756,,0.850,0,
4777,8,105,fog-114,1,fog,3300.0,0.0000,0.0000,0,250.000,,0,0.8717,,0.850,0,
4778,8,105,fog-114,1,fog,3400.0,0.0000,0.0000,0,250.000,,0,0.8679,,0.850,0,
4779,8,105,fog-114,1,fog,3500.0,0.0000,0.0000,0,250.000,,0,0.8640,,0.850,0,
4780,8,105,fog-114,1,fog,3600.0,0.0000,0.0000,0,250.000,,0,0.8601,,0.850,0,
4781,8,105,fog-114,1,fog,3700.0,0.0000,0.0000,0,250.000,,0,0.8562,,0.850,0,
4782,8,105,fog-114,1,fog,3800.0,0.0000,0.0000,0,250.000,,0,0.8523,,0.850,0,
4783,8,105,fog-114,1,fog,3900.0,0.0000,0.0000,0,250.000,,0,0.8484,,0.850,0,
4784,8,105,fog-114,1,fog,4000.0,0.0000,0.0000,0,250.000,,0,0.8445,,0.850,0,
4785,8,105,fog-114,1,fog,4100.0,0.0000,0.0000,0,250.000,,0,0.8407,,0.850,0,
4786,8,105,fog-114,1,fog,4200.0,0.0000,0.0000,0,250.000,,0,0.8368,,0.850,0,
4787,8,105,fog-114,1,fog,4300.0,0.0000,0.0000,0,250.000,,0,0.8329,,0.850,0,
4788,8,105,fog-114,1,fog,4400.0,0.0000,0.0000,0,250.000,,0,0.8290,,0.850,0,
4789,8,105,fog-114,1,fog,4500.0,0.0000,0.0000,0,250.000,,0,0.8251,,0.850,0,
4790,8,105,fog-114,1,fog,4600.0,0.0000,0.0000,0,250.000,,0,0.8212,,0.850,0,
4791,8,105,fog-114,1,fog,4700.0,0.0000,0.0000,0,250.000,,0,0.8173,,0.850,0,
4792,8,105,fog-114,1,fog,4800.0,0.0000,0.0000,0,250.000,,0,0.8135,,0.850,0,
4793,8,105,fog-114,1,fog,4900.0,0.0000,0.0000,0,250.000,,0,0.8096,,0.850,0,
4794,8,105,fog-114,1,fog,5000.0,0.0000,0.0000,0,250.000,,0,0.8057,,0.850,0,
4795,8,106,fog-115,1,fog,0.0,0.0000,0.0000,0,250.000,,0,1.0000,,0.850,0,921.4
4796,8,106,fog-115,1,fog,100.0,0.0000,0.0000,0,250.000,,0,0.9961,,0.850,0,921.4
4797,8,106,fog-115,1,fog,200.0,0.0000,0.0000,0,250.000,,0,0.9922,,0.850,0,921.4
4798,8,106,fog-115,1,fog,300.0,0.0000,0.0000,0,250.000,,0,0.9883,,0.850,0,921.4
4799,8,106,fog-115,1,fog,400.0,0.0000,0.0000,0,250.000,,0,0.9845,,0.850,0,921.4
4800,8,106,fog-115,1,fog,500.0,0.0000,0.0000,0,250.000,,0,0.9806,,0.850,0,921.4
4801,8,106,fog-115,1,fog,600.0,0.0000,0.0000,0,250.000,,0,0.9767,,0.850,0,921.4
4802,8,106,fog-115,1,fog,700.0,0.0000,0.0000,0,250.000,,0,0.9728,,0.850,0,921.4
4803,8,106,fog-115,1,fog,800.0,0.0000,0.0000,0,250.000,,0,0.9689,,0.850,1,921.4
4804,8,106,fog-115,1,fog,900.0,0.0000,0.0000,0,250.000,,0,0.9650,,0.850,1,921.4
4805,8,107,fog-116,1,fog,0.0,0.0000,0.0000,0,250.000,,0,1.0000,,0.850,0,
4806,8,107,fog-116,1,fog,100.0,0.0000,0.0000,0,250.000,,0,0.9961,,0.850,0,
4807,8,107,fog-116,1,fog,200.0,0.0000,0.0000,0,250.000,,0,0.9922,,0.850,0,
4808,8,107,fog-116,1,fog,300.0,0.0000,0.0000,0,250.000,,0,0.9883,,0.850,0,
4809,8,107,fog-116,1,fog,400.0,0.0000,0.0000,0,250.000,,0,0.9845,,0.850,0,
4810,8,107,fog-116,1,fog,500.0,0.0000,0.0000,0,250.000,,0,0.9806,,0.850,0,
4811,8,107,fog-116,1,fog,600.0,0.0000,0.0000,0,250.000,,0,0.9767,,0.850,0,
4812,8,107,fog-116,1,fog,700.0,0.0000,0.0000,0,250.000,,0,0.9728,,0.850,0,
4813,8,107,fog-116,1,fog,800.0,0.0000,0.0000,0,250.000,,0,0.9689,,0.850,0,
4814,8,107,fog-116,1,fog,900.0,0.0000,0.0000,0,250.000,,0,0.9650,,0.850,0,
4815,8,107,fog-116,1,fog,1000.0,0.0000,0.0000,0,250.000,,0,0.9611,,0.850,0,
4816,8,107,fog-116,1,fog,1100.0,0.0000,0.0000,0,250.000,,0,0.9572,,0.850,0,
4817,8,107,fog-116,1,fog,1200.0,0.0000,0.0000,0,250.000,,0,0.9534,,0.850,0,
4818,8,107,fog-116,1,fog,1300.0,0.0000,0.0000,0,250.000,,0,0.9495,,0.850,0,
4819,8,107,fog-116,1,fog,1400.0,0.0000,0.0000,0,250.000,,0,0.9456,,0.850,0,
4820,8,107,fog-116,1,fog,1500.0,0.0000,0.0000,0,250.000,,0,0.9417,,0.850,0,
4821,8,107,fog-116,1,fog,1600.0,0.0000,0.0000,0,250.000,,0,0.9378,,0.850,0,
4822,8,107,fog-116,1,fog,1700.0,0.0000,0.0000,0,250.000,,0,0.9339,,0.850,0,
4823,8,107,fog-116,1,fog,1800.0,0.0000,0.0000,0,250.000,,0,0.9300,,0.850,0,
4824,8,107,fog-116,1,fog,1900.0,0.0000,0.0000,0,250.000,,0,0.9262,,0.850,0,
4825,8,107,fog-116,1,fog,2000.0,0.0000,0.0000,0,250.000,,0,0.9223,,0.850,0,
4826,8,107,fog-116,1,fog,2100.0,0.0000,0.0000,0,250.000,,0,0.9184,,0.850,0,
4827,8,107,fog-116,1,fog,2200.0,0.0000,0.0000,0,250.000,,0,0.9145,,0.850,0,
4828,8,107,fog-116,1,fog,2300.0,0.0000,0.0000,0,250.000,,0,0.9106,,0.850,0,
4829,8,107,fog-116,1,fog,2400.0,0.0000,0.0000,0,250.000,,0,0.9067,,0.850,0,
4830,8,107,fog-116,1,fog,2500.0,0.0000,0.0000,0,250.000,,0,0.9028,,0.850,0,
4831,8,107,fog-116,1,fog,2600.0,0.0000,0.0000,0,250.000,,0,0.8990,,0.850,0,
4832,8,107,fog-116,1,fog,2700.0,0.0000,0.0000,0,250.000,,0,0.8951,,0.850,0,
4833,8,107,fog-116,1,fog,2800.0,0.0000,0.0000,0,250.000,,0,0.8912,,0.850,0,
4834,8,107,fog-116,1,fog,2900.0,0.0000,0.0000,0,250.000,,0,0.8873,,0.850,0,
4835,8,107,fog-116,1,fog,3000.0,0.0000,0.0000,0,250.000,,0,0.8834,,0.850,0,
4836,8,107,fog-116,1,fog,3100.0,0.0000,0.0000,0,250.000,,0,0.8795,,0.850,0,
4837,8,107,fog-116,1,fog,3200.0,0.0000,0.0000,0,250.000,,0,0.8756,,0.850,0,
4838,8,107,fog-116,1,fog,3300.0,0.0000,0.0000,0,250.000,,0,0.8717,,0.850,0,
4839,8,107,fog-116,1,fog,3400.0,0.0000,0.0000,0,250.000,,0,0.8679,,0.850,0,
4840,8,107,fog-116,1,fog,3500.0,0.0000,0.0000,0,250.000,,0,0.8640,,0.850,0,
4841,8,107,fog-116,1,fog,3600.0,0.0000,0.0000,0,250.000,,0,0.8601,,0.850,0,
4842,8,107,fog-116,1,fog,3700.0,0.0000,0.0000,0,250.000,,0,0.8562,,0.850,0,
4843,8,107,fog-116,1,fog,3800.0,0.0000,0.0000,0,250.000,,0,0.8523,,0.850,0,
4844,8,107,fog-116,1,fog,3900.0,0.0000,0.0000,0,250.000,,0,0.8484,,0.850,0,
4845,8,107,fog-116,1,fog,4000.0,0.0000,0.0000,0,250.000,,0,0.8445,,0.850,0,
4846,8,107,fog-116,1,fog,4100.0,0.0000,0.0000,0,250.000,,0,0.8407,,0.850,0,
4847,8,107,fog-116,1,fog,4200.0,0.0000,0.0000,0,250.000,,0,0.8368,,0.850,0,
4848,8,107,fog-116,1,fog,4300.0,0.0000,0.0000,0,250.000,,0,0.8329,,0.850,0,
4849,8,107,fog-116,1,fog,4400.0,0.0000,0.0000,0,250.000,,0,0.8290,,0.850,0,
4850,8,107,fog-116,1,fog,4500.0,0.0000,0.0000,0,250.000,,0,0.8251,,0.850,0,
4851,8,107,fog-116,1,fog,4600.0,0.0000,0.0000,0,250.000,,0,0.8212,,0.850,0,
4852,8,107,fog-116,1,fog,4700.0,0.0000,0.0000,0,250.000,,0,0.8173,,0.850,0,
4853,8,107,fog-116,1,fog,4800.0,0.0000,0.0000,0,250.000,,0,0.8135,,0.850,0,
4854,8,107,fog-116,1,fog,4900.0,0.0000,0.0000,0,250.000,,0,0.8096,,0.850,0,
4855,8,107,fog-116,1,fog,5000.0,0.0000,0.0000,0,250.000,,0,0.8057,,0.850,0,
4856,8,108,fog-117,1,fog,0.0,0.0000,0.0000,0,250.000,,0,1.0000,,0.850,0,3150.9
4857,8,108,fog-117,1,fog,100.0,0.0000,0.0000,0,250.000,,0,0.9961,,0.850,0,3150.9
4858,8,108,fog-117,1,fog,200.0,0.0000,0.0000,0,250.000,,0,0.9922,,0.850,0,3150.9
4859,8,108,fog-117,1,fog,300.0,0.0000,0.0000,0,250.000,,0,0.9883,,0.850,0,3150.9
4860,8,108,fog-117,1,fog,400.0,0.0000,0.0000,0,250.000,,0,0.9845,,0.850,0,3150.9
4861,8,108,fog-117,1,fog,500.0,0.0000,0.0000,0,250.000,,0,0.9806,,0.850,0,3150.9
4862,8,108,fog-117,1,fog,600.0,0.0000,0.0000,0,250.000,,0,0.9767,,0.850,0,3150.9
4863,8,108,fog-117,1,fog,700.0,0.0000,0.0000,0,250.000,,0,0.9728,,0.850,0,3150.9
4864,8,108,fog-117,1,fog,800.0,0.0000,0.0000,0,250.000,,0,0.9689,,0.850,0,3150.9
4865,8,108,fog-117,1,fog,900.0,0.0000,0.0000,0,250.000,,0,0.9650,,0.850,0,3150.9
4866,8,108,fog-117,1,fog,1000.0,0.0000,0.0000,0,250.000,,0,0.9611,,0.850,0,3150.9
4867,8,108,fog-117,1,fog,1100.0,0.0000,0.0000,0,250.000,,0,0.9572,,0.850,0,3150.9
4868,8,108,fog-117,1,fog,1200.0,0.0000,0.0000,0,250.000,,0,0.9534,,0.850,0,3150.9
4869,8,108,fog-117,1,fog,1300.0,0.0000,0.0000,0,250.000,,0,0.9495,,0.850,0,3150.9
4870,8,108,fog-117,1,fog,1400.0,0.0000,0.0000,0,250.000,,0,0.9456,,0.850,0,3150.9
4871,8,108,fog-117,1,fog,1500.0,0.0000,0.0000,0,250.000,,0,0.9417,,0.850,0,3150.9
4872,8,108,fog-117,1,fog,1600.0,0.0000,0.0000,0,250.000,,0,0.9378,,0.850,0,3150.9
4873,8,108,fog-117,1,fog,1700.0,0.0000,0.0000,0,250.000,,0,0.9339,,0.850,0,3150.9
4874,8,108,fog-117,1,fog,1800.0,0.0000,0.0000,0,250.000,,0,0.9300,,0.850,0,3150.9
4875,8,108,fog-117,1,fog,1900.0,0.0000,0.0000,0,250.000,,0,0.9262,,0.850,0,3150.9
4876,8,108,fog-117,1,fog,2000.0,0.0000,0.0000,0,250.000,,0,0.9223,,0.850,0,3150.9
4877,8,108,fog-117,1,fog,2100.0,0.0000,0.0000,0,250.000,,0,0.9184,,0.850,0,3150.9
4878,8,108,fog-117,1,fog,2200.0,0.0000,0.0000,0,250.000,,0,0.9145,,0.850,0,3150.9
4879,8,108,fog-117,1,fog,2300.0,0.0000,0.0000,0,250.000,,0,0.9106,,0.850,0,3150.9
4880,8,108,fog-117,1,fog,2400.0,0.0000,0.0000,0,250.000,,0,0.9067,,0.850,0,3150.9
4881,8,108,fog-117,1,fog,2500.0,0.0000,0.0000,0,250.000,,0,0.9028,,0.850,0,3150.9
4882,8,108,fog-117,1,fog,2600.0,0.0000,0.0000,0,250.000,,0,0.8990,,0.850,0,3150.9
4883,8,108,fog-117,1,fog,2700.0,0.0000,0.0000,0,250.000,,0,0.8951,,0.850,0,3150.9
4884,8,108,fog-117,1,fog,2800.0,0.0000,0.0000,0,250.000,,0,0.8912,,0.850,0,3150.9
4885,8,108,fog-117,1,fog,2900.0,0.0000,0.0000,0,250.000,,0,0.8873,,0.850,0,3150.9
4886,8,108,fog-117,1,fog,3000.0,0.0000,0.0000,0,250.000,,0,0.8834,,0.850,1,3150.9
4887,8,108,fog-117,1,fog,3100.0,0.0000,0.0000,0,250.000,,0,0.8795,,0.850,1,3150.9
4888,8,109,fog-118,1,fog,0.0,0.0000,0.0000,0,250.000,,0,1.0000,,0.850,0,
4889,8,109,fog-118,1,fog,100.0,0.0000,0.0000,0,250.000,,0,0.9961,,0.850,0,
4890,8,109,fog-118,1,fog,200.0,0.0000,0.0000,0,250.000,,0,0.9922,,0.850,0,
4891,8,109,fog-118,1,fog,300.0,0.0000,0.0000,0,250.000,,0,0.9883,,0.850,0,
4892,8,109,fog-118,1,fog,400.0,0.0000,0.0000,0,250.000,,0,0.9845,,0.850,0,
4893,8,109,fog-118,1,fog,500.0,0.0000,0.0000,0,250.000,,0,0.9806,,0.850,0,
4894,8,109,fog-118,1,fog,600.0,0.0000,0.0000,0,250.000,,0,0.9767,,0.850,0,
4895,8,109,fog-118,1,fog,700.0,0.0000,0.0000,0,250.000,,0,0.9728,,0.850,0,
4896,8,109,fog-118,1,fog,800.0,0.0000,0.0000,0,250.000,,0,0.9689,,0.850,0,
4897,8,109,fog-118,1,fog,900.0,0.0000,0.0000,0,250.000,,0,0.9650,,0.850,0,
4898,8,109,fog-118,1,fog,1000.0,0.0000,0.0000,0,250.000,,0,0.9611,,0.850,0,
4899,8,109,fog-118,1,fog,1100.0,0.0000,0.0000,0,250.000,,0,0.9572,,0.850,0,
4900,8,109,fog-118,1,fog,1200.0,0.0000,0.0000,0,250.000,,0,0.9534,,0.850,0,
4901,8,109,fog-118,1,fog,1300.0,0.0000,0.0000,0,250.000,,0,0.9495,,0.850,0,
4902,8,109,fog-118,1,fog,1400.0,0.0000,0.0000,0,250.000,,0,0.9456,,0.850,0,
4903,8,109,fog-118,1,fog,1500.0,0.0000,0.0000,0,250.000,,0,0.9417,,0.850,0,
4904,8,109,fog-118,1,fog,1600.0,0.0000,0.0000,0,250.000,,0,0.9378,,0.850,0,
4905,8,109,fog-118,1,fog,1700.0,0.0000,0.0000,0,250.000,,0,0.9339,,0.850,0,
4906,8,109,fog-118,1,fog,1800.0,0.0000,0.0000,0,250.000,,0,0.9300,,0.850,0,
4907,8,109,fog-118,1,fog,1900.0,0.0000,0.0000,0,250.000,,0,0.9262,,0.850,0,
4908,8,109,fog-118,1,fog,2000.0,0.0000,0.0000,0,250.000,,0,0.9223,,0.850,0,
4909,8,109,fog-118,1,fog,2100.0,0.0000,0.0000,0,250.000,,0,0.9184,,0.850,0,
4910,8,109,fog-118,1,fog,2200.0,0.0000,0.0000,0,250.000,,0,0.9145,,0.850,0,
4911,8,109,fog-118,1,fog,2300.0,0.0000,0.0000,0,250.000,,0,0.9106,,0.850,0,
4912,8,109,fog-118,1,fog,2400.0,0.0000,0.0000,0,250.000,,0,0.9067,,0.850,0,
4913,8,109,fog-118,1,fog,2500.0,0.0000,0.0000,0,250.000,,0,0.9028,,0.850,0,
4914,8,109,fog-118,1,fog,2600.0,0.0000,0.0000,0,250.000,,0,0.8990,,0.850,0,
4915,8,109,fog-118,1,fog,2700.0,0.0000,0.0000,0,250.000,,0,0.8951,,0.850,0,
4916,8,109,fog-118,1,fog,2800.0,0.0000,0.0000,0,250.000,,0,0.8912,,0.850,0,
4917,8,109,fog-118,1,fog,2900.0,0.0000,0.0000,0,250.000,,0,0.8873,,0.850,0,
4918,8,109,fog-118,1,fog,3000.0,0.0000,0.0000,0,250.000,,0,0.8834,,0.850,0,
4919,8,109,fog-118,1,fog,3100.0,0.0000,0.0000,0,250.000,,0,0.8795,,0.850,0,
4920,8,109,fog-118,1,fog,3200.0,0.0000,0.0000,0,250.000,,0,0.8756,,0.850,0,
4921,8,109,fog-118,1,fog,3300.0,0.0000,0.0000,0,250.000,,0,0.8717,,0.850,0,
4922,8,109,fog-118,1,fog,3400.0,0.0000,0.0000,0,250.000,,0,0.8679,,0.850,0,
4923,8,109,fog-118,1,fog,3500.0,0.0000,0.0000,0,250.000,,0,0.8640,,0.850,0,
4924,8,109,fog-118,1,fog,3600.0,0.0000,0.0000,0,250.000,,0,0.8601,,0.850,0,
4925,8,109,fog-118,1,fog,3700.0,0.0000,0.0000,0,250.000,,0,0.8562,,0.850,0,
4926,8,109,fog-118,1,fog,3800.0,0.0000,0.0000,0,250.000,,0,0.8523,,0.850,0,
4927,8,109,fog-118,1,fog,3900.0,0.0000,0.0000,0,250.000,,0,0.8484,,0.850,0,
4928,8,109,fog-118,1,fog,4000.0,0.0000,0.0000,0,250.000,,0,0.8445,,0.850,0,
4929,8,109,fog-118,1,fog,4100.0,0.0000,0.0000,0,250.000,,0,0.8407,,0.850,0,
4930,8,109,fog-118,1,fog,4200.0,0.0000,0.0000,0,250.000,,0,0.8368,,0.850,0,
4931,8,109,fog-118,1,fog,4300.0,0.0000,0.0000,0,250.000,,0,0.8329,,0.850,0,
4932,8,109,fog-118,1,fog,4400.0,0.0000,0.0000,0,250.000,,0,0.8290,,0.850,0,
4933,8,109,fog-118,1,fog,4500.0,0.0000,0.0000,0,250.000,,0,0.8251,,0.850,0,
4934,8,109,fog-118,1,fog,4600.0,0.0000,0.0000,0,250.000,,0,0.8212,,0.850,0,
4935,8,109,fog-118,1,fog,4700.0,0.0000,0.0000,0,250.000,,0,0.8173,,0.850,0,
4936,8,109,fog-118,1,fog,4800.0,0.0000,0.0000,0,250.000,,0,0.8135,,0.850,0,
4937,8,109,fog-118,1,fog,4900.0,0.0000,0.0000,0,250.000,,0,0.8096,,0.850,0,
4938,8,109,fog-118,1,fog,5000.0,0.0000,0.0000,0,250.000,,0,0.8057,,0.850,0,
4939,8,110,fog-119,1,fog,0.0,0.0000,0.0000,0,250.000,,0,1.0000,,0.850,0,2349.1
4940,8,110,fog-119,1,fog,100.0,0.0000,0.0000,0,250.000,,0,0.9961,,0.850,0,2349.1
4941,8,110,fog-119,1,fog,200.0,0.0000,0.0000,0,250.000,,0,0.9922,,0.850,0,2349.1
4942,8,110,fog-119,1,fog,300.0,0.0000,0.0000,0,250.000,,0,0.9883,,0.850,0,2349.1
4943,8,110,fog-119,1,fog,400.0,0.0000,0.0000,0,250.000,,0,0.9845,,0.850,0,2349.1
4944,8,110,fog-119,1,fog,500.0,0.0000,0.0000,0,250.000,,0,0.9806,,0.850,0,2349.1
4945,8,110,fog-119,1,fog,600.0,0.0000,0.0000,0,250.000,,0,0.9767,,0.850,0,2349.1
4946,8,110,fog-119,1,fog,700.0,0.0000,0.0000,0,250.000,,0,0.9728,,0.850,0,2349.1
4947,8,110,fog-119,1,fog,800.0,0.0000,0.0000,0,250.000,,0,0.9689,,0.850,0,2349.1
4948,8,110,fog-119,1,fog,900.0,0.0000,0.0000,0,250.000,,0,0.9650,,0.850,0,2349.1
4949,8,110,fog-119,1,fog,1000.0,0.0000,0.0000,0,250.000,,0,0.9611,,0.850,0,2349.1
4950,8,110,fog-119,1,fog,1100.0,0.0000,0.0000,0,250.000,,0,0.9572,,0.850,0,2349.1
4951,8,110,fog-119,1,fog,1200.0,0.0000,0.0000,0,250.000,,0,0.9534,,0.850,0,2349.1
4952,8,110,fog-119,1,fog,1300.0,0.0000,0.0000,0,250.000,,0,0.9495,,0.850,0,2349.1
4953,8,110,fog-119,1,fog,1400.0,0.0000,0.0000,0,250.000,,0,0.9456,,0.850,0,2349.1
4954,8,110,fog-119,1,fog,1500.0,0.0000,0.0000,0,250.000,,0,0.9417,,0.850,0,2349.1
4955,8,110,fog-119,1,fog,1600.0,0.0000,0.0000,0,250.000,,0,0.9378,,0.850,0,2349.1
4956,8,110,fog-119,1,fog,1700.0,0.0000,0.0000,0,250.000,,0,0.9339,,0.850,0,2349.1
4957,8,110,fog-119,1,fog,1800.0,0.0000,0.0000,0,250.000,,0,0.9300,,0.850,0,2349.1
4958,8,110,fog-119,1,fog,1900.0,0.0000,0.0000,0,250.000,,0,0.9262,,0.850,0,2349.1
4959,8,110,fog-119,1,fog,2000.0,0.0000,0.0000,0,250.000,,0,0.9223,,0.850,0,2349.1
4960,8,110,fog-119,1,fog,2100.0,0.0000,0.0000,0,250.000,,0,0.9184,,0.850,0,2349.1
4961,8,110,fog-119,1,fog,2200.0,0.0000,0.0000,0,250.000,,0,0.9145,,0.850,1,2349.1
4962,8,110,fog-119,1,fog,2300.0,0.0000,0.0000,0,250.000,,0,0.9106,,0.850,1,2349.1
4963,8,111,fog-120,1,fog,0.0,0.0000,0.0000,0,250.000,,0,1.0000,,0.850,0,
4964,8,111,fog-120,1,fog,100.0,0.0000,0.0000,0,250.000,,0,0.9961,,0.850,0,
4965,8,111,fog-120,1,fog,200.0,0.0000,0.0000,0,250.000,,0,0.9922,,0.850,0,
4966,8,111,fog-120,1,fog,300.0,0.0000,0.0000,0,250.000,,0,0.9883,,0.850,0,
4967,8,111,fog-120,1,fog,400.0,0.0000,0.0000,0,250.000,,0,0.9845,,0.850,0,
4968,8,111,fog-120,1,fog,500.0,0.0000,0.0000,7,251.750,0.3536,0,0.9806,,0.850,0,
4969,8,111,fog-120,1,fog,600.0,0.0000,0.0000,0,250.000,,0,0.9767,,0.850,0,
4970,8,111,fog-120,1,fog,700.0,0.0000,0.0000,0,250.000,,0,0.9728,,0.850,0,
4971,8,111,fog-120,1,fog,800.0,0.0000,0.0000,9,252.250,0.2940,0,0.9689,,0.850,0,
4972,8,111,fog-120,1,fog,900.0,0.0000,0.0000,0,250.000,,0,0.9650,,0.850,0,
4973,8,111,fog-120,1,fog,1000.0,0.0000,0.0000,8,252.000,0.3062,0,0.9611,,0.850,0,
4974,8,111,fog-120,1,fog,1100.0,0.0000,0.0000,10,252.500,0.0000,0,0.9572,,0.850,0,
4975,8,111,fog-120,1,fog,1200.0,0.0000,0.0000,19,254.750,0.9401,0,0.9534,,0.850,0,
4976,8,111,fog-120,1,fog,1300.0,0.0000,0.0000,21,255.000,0.9839,0,0.9495,,0.850,0,
4977,8,111,fog-120,1,fog,1400.0,0.0000,0.0000,10,252.500,0.0000,0,0.9456,,0.850,0,
4978,8,111,fog-120,1,fog,1500.0,0.0000,0.0000,9,252.250,0.2940,0,0.9417,,0.850,0,
4979,8,111,fog-120,1,fog,1600.0,0.0000,0.0000,8,252.000,0.3062,0,0.9378,,0.850,0,
4980,8,111,fog-120,1,fog,1700.0,0.0000,0.0000,0,250.000,,0,0.9339,,0.850,0,
4981,8,111,fog-120,1,fog,1800.0,0.0000,0.0000,0,250.000,,0,0.9300,,0.850,0,
4982,8,111,fog-120,1,fog,1900.0,0.0000,0.0000,10,252.500,0.0000,0,0.9262,,0.850,0,
4983,8,111,fog-120,1,fog,2000.0,0.0000,0.0000,9,252.250,0.2940,0,0.9223,,0.850,0,
4984,8,111,fog-120,1,fog,2100.0,0.0000,0.0000,7,251.750,0.5092,0,0.9184,,0.850,0,
4985,8,111,fog-120,1,fog,2200.0,0.0000,0.0000,8,252.000,0.3514,0,0.9145,,0.850,0,
4986,8,111,fog-120,1,fog,2300.0,0.0000,0.0000,0,250.000,,0,0.9106,,0.850,0,
4987,8,111,fog-120,1,fog,2400.0,0.0000,0.0000,0,250.000,,0,0.9067,,0.850,0,
4988,8,111,fog-120,1,fog,2500.0,0.0000,0.0000,0,250.000,,0,0.9028,,0.850,0,
4989,8,111,fog-120,1,fog,2600.0,0.0000,0.0000,0,250.000,,0,0.8990,,0.850,0,
4990,8,111,fog-120,1,fog,2700.0,0.0000,0.0000,0,250.000,,0,0.8951,,0.850,0,
4991,8,111,fog-120,1,fog,2800.0,0.0000,0.0000,9,252.250,0.2940,0,0.8912,,0.850,0,
4992,8,111,fog-120,1,fog,2900.0,0.0000,0.0000,8,252.000,0.3062,0,0.8873,,0.850,0,
4993,8,111,fog-120,1,fog,3000.0,0.0000,0.0000,0,250.000,,0,0.8834,,0.850,0,
4994,8,111,fog-120,1,fog,3100.0,0.0000,0.0000,0,250.000,,0,0.8795,,0.850,0,
4995,8,111,fog-120,1,fog,3200.0,0.0000,0.0000,0,250.000,,0,0.8756,,0.850,0,
4996,8,111,fog-120,1,fog,3300.0,0.0000,0.0000,0,250.000,,0,0.8717,,0.850,0,
4997,8,111,fog-120,1,fog,3400.0,0.0000,0.0000,7,251.750,0.0000,0,0.8679,,0.850,0,
4998,8,111,fog-120,1,fog,3500.0,0.0000,0.0000,9,252.250,0.2940,0,0.8640,,0.850,0,
4999,8,111,fog-120,1,fog,3600.0,0.0000,0.0000,9,252.250,0.0000,0,0.8601,,0.850,0,
5000,8,111,fog-120,1,fog,3700.0,0.0000,0.0000,8,252.000,0.3062,0,0.8562,,0.850,0,
5001,8,111,fog-120,1,fog,3800.0,0.0000,0.0000,8,252.000,0.3062,0,0.8523,,0.850,0,
5002,8,111,fog-120,1,fog,3900.0,0.0000,0.0000,5,251.250,0.4738,0,0.8484,,0.850,0,
5003,8,111,fog-120,1,fog,4000.0,0.0000,0.0000,0,250.000,,0,0.8445,,0.850,0,
5004,8,111,fog-120,1,fog,4100.0,0.0000,0.0000,0,250.000,,0,0.8407,,0.850,0,
5005,8,111,fog-120,1,fog,4200.0,0.0000,0.0000,0,250.000,,0,0.8368,,0.850,0,
5006,8,111,fog-120,1,fog,4300.0,0.0000,0.0000,9,252.250,0.2940,0,0.8329,,0.850,0,
5007,8,111,fog-120,1,fog,4400.0,0.0000,0.0000,0,250.000,,0,0.8290,,0.850,0,
5008,8,111,fog-120,1,fog,4500.0,0.0000,0.0000,0,250.000,,0,0.8251,,0.850,0,
5009,8,111,fog-120,1,fog,4600.0,0.0000,0.0000,0,250.000,,0,0.8212,,0.850,0,
5010,8,111,fog-120,1,fog,4700.0,0.0000,0.0000,19,254.750,1.0000,0,0.8173,,0.850,0,
5011,8,111,fog-120,1,fog,4800.0,0.0000,0.0000,0,250.000,,0,0.8135,,0.850,0,
5012,8,111,fog-120,1,fog,4900.0,0.0000,0.0000,0,250.000,,0,0.8096,,0.850,0,
5013,8,111,fog-120,1,fog,5000.0,0.0000,0.0000,0,250.000,,0,0.8057,,0.850,0,
5014,8,112,fog-121,1,fog,0.0,0.0000,0.0000,0,250.000,,0,1.0000,,0.850,0,
5015,8,112,fog-121,1,fog,100.0,0.0000,0.0000,0,250.000,,0,0.9961,,0.850,0,
5016,8,112,fog-121,1,fog,200.0,0.0000,0.0000,0,250.000,,0,0.9922,,0.850,0,
5017,8,112,fog-121,1,fog,300.0,0.0000,0.0000,0,250.000,,0,0.9883,,0.850,0,
5018,8,112,fog-121,1,fog,400.0,0.0000,0.0000,0,250.000,,0,0.9845,,0.850,0,
5019,8,112,fog-121,1,fog,500.0,0.0000,0.0000,0,250.000,,0,0.9806,,0.850,0,
5020,8,112,fog-121,1,fog,600.0,0.0000,0.0000,0,250.000,,0,0.9767,,0.850,0,
5021,8,112,fog-121,1,fog,700.0,0.0000,0.0000,0,250.000,,0,0.9728,,0.850,0,
5022,8,112,fog-121,1,fog,800.0,0.0000,0.0000,0,250.000,,0,0.9689,,0.850,0,
5023,8,112,fog-121,1,fog,900.0,0.0000,0.0000,0,250.000,,0,0.9650,,0.850,0,
5024,8,112,fog-121,1,fog,1000.0,0.0000,0.0000,0,250.000,,0,0.9611,,0.850,0,
5025,8,112,fog-121,1,fog,1100.0,0.0000,0.0000,0,250.000,,0,0.9572,,0.850,0,
5026,8,112,fog-121,1,fog,1200.0,0.0000,0.0000,0,250.000,,0,0.9534,,0.850,0,
5027,8,112,fog-121,1,fog,1300.0,0.0000,0.0000,0,250.000,,0,0.9495,,0.850,0,
5028,8,112,fog-121,1,fog,1400.0,0.0000,0.0000,0,250.000,,0,0.9456,,0.850,0,
5029,8,112,fog-121,1,fog,1500.0,0.0000,0.0000,0,250.000,,0,0.9417,,0.850,0,
5030,8,112,fog-121,1,fog,1600.0,0.0000,0.0000,0,250.000,,0,0.9378,,0.850,0,
5031,8,112,fog-121,1,fog,1700.0,0.0000,0.0000,0,250.000,,0,0.9339,,0.850,0,
5032,8,112,fog-121,1,fog,1800.0,0.0000,0.0000,0,250.000,,0,0.9300,,0.850,0,
5033,8,112,fog-121,1,fog,1900.0,0.0000,0.0000,0,250.000,,0,0.9262,,0.850,0,
5034,8,112,fog-121,1,fog,2000.0,0.0000,0.0000,0,250.000,,0,0.9223,,0.850,0,
5035,8,112,fog-121,1,fog,2100.0,0.0000,0.0000,0,250.000,,0,0.9184,,0.850,0,
5036,8,112,fog-121,1,fog,2200.0,0.0000,0.0000,0,250.000,,0,0.9145,,0.850,0,
5037,8,112,fog-121,1,fog,2300.0,0.0000,0.0000,0,250.000,,0,0.9106,,0.850,0,
5038,8,112,fog-121,1,fog,2400.0,0.0000,0.0000,0,250.000,,0,0.9067,,0.850,0,
5039,8,112,fog-121,1,fog,2500.0,0.0000,0.0000,0,250.000,,0,0.9028,,0.850,0,
5040,8,112,fog-121,1,fog,2600.0,0.0000,0.0000,0,250.000,,0,0.8990,,0.850,0,
5041,8,112,fog-121,1,fog,2700.0,0.0000,0.0000,0,250.000,,0,0.8951,,0.850,0,
5042,8,112,fog-121,1,fog,2800.0,0.0000,0.0000,0,250.000,,0,0.8912,,0.850,0,
5043,8,112,fog-121,1,fog,2900.0,0.0000,0.0000,0,250.000,,0,0.8873,,0.850,0,
5044,8,112,fog-121,1,fog,3000.0,0.0000,0.0000,0,250.000,,0,0.8834,,0.850,0,
5045,8,112,fog-121,1,fog,3100.0,0.0000,0.0000,0,250.000,,0,0.8795,,0.850,0,
5046,8,112,fog-121,1,fog,3200.0,0.0000,0.0000,0,250.000,,0,0.8756,,0.850,0,
5047,8,112,fog-121,1,fog,3300.0,0.0000,0.0000,0,250.000,,0,0.8717,,0.850,0,
5048,8,112,fog-121,1,fog,3400.0,0.0000,0.0000,0,250.000,,0,0.8679,,0.850,0,
5049,8,112,fog-121,1,fog,3500.0,0.0000,0.0000,0,250.000,,0,0.8640,,0.850,0,
5050,8,112,fog-121,1,fog,3600.0,0.0000,0.0000,0,250.000,,0,0.8601,,0.850,0,
5051,8,112,fog-121,1,fog,3700.0,0.0000,0.0000,0,250.000,,0,0.8562,,0.850,0,
5052,8,112,fog-121,1,fog,3800.0,0.0000,0.0000,0,250.000,,0,0.8523,,0.850,0,
5053,8,112,fog-121,1,fog,3900.0,0.0000,0.0000,0,250.000,,0,0.8484,,0.850,0,
5054,8,112,fog-121,1,fog,4000.0,0.0000,0.0000,0,250.000,,0,0.8445,,0.850,0,
5055,8,112,fog-121,1,fog,4100.0,0.0000,0.0000,0,250.000,,0,0.8407,,0.850,0,
5056,8,112,fog-121,1,fog,4200.0,0.0000,0.0000,0,250.000,,0,0.8368,,0.850,0,
5057,8,112,fog-121,1,fog,4300.0,0.0000,0.0000,0,250.000,,0,0.8329,,0.850,0,
5058,8,112,fog-121,1,fog,4400.0,0.0000,0.0000,0,250.000,,0,0.8290,,0.850,0,
5059,8,112,fog-121,1,fog,4500.0,0.0000,0.0000,0,250.000,,0,0.8251,,0.850,0,
5060,8,112,fog-121,1,fog,4600.0,0.0000,0.0000,0,250.000,,0,0.8212,,0.850,0,
5061,8,112,fog-121,1,fog,4700.0,0.0000,0.0000,0,250.000,,0,0.8173,,0.850,0,
5062,8,112,fog-121,1,fog,4800.0,0.0000,0.0000,0,250.000,,0,0.8135,,0.850,0,
5063,8,112,fog-121,1,fog,4900.0,0.0000,0.0000,0,250.000,,0,0.8096,,0.850,0,
5064,8,112,fog-121,1,fog,5000.0,0.0000,0.0000,0,250.000,,0,0.8057,,0.850,0,
5065,8,113,fog-122,1,fog,0.0,0.0000,0.0000,0,250.000,,0,1.0000,,0.850,0,
5066,8,113,fog-122,1,fog,100.0,0.0000,0.0000,0,250.000,,0,0.9961,,0.850,0,
5067,8,113,fog-122,1,fog,200.0,0.0000,0.0000,0,250.000,,0,0.9922,,0.850,0,
5068,8,113,fog-122,1,fog,300.0,0.0000,0.0000,0,250.000,,0,0.9883,,0.850,0,
5069,8,113,fog-122,1,fog,400.0,0.0000,0.0000,0,250.000,,0,0.9845,,0.850,0,
5070,8,113,fog-122,1,fog,500.0,0.0000,0.0000,0,250.000,,0,0.9806,,0.850,0,
5071,8,113,fog-122,1,fog,600.0,0.0000,0.0000,0,250.000,,0,0.9767,,0.850,0,
5072,8,113,fog-122,1,fog,700.0,0.0000,0.0000,0,250.000,,0,0.9728,,0.850,0,
5073,8,113,fog-122,1,fog,800.0,0.0000,0.0000,0,250.000,,0,0.9689,,0.850,0,
5074,8,113,fog-122,1,fog,900.0,0.0000,0.0000,0,250.000,,0,0.9650,,0.850,0,
5075,8,113,fog-122,1,fog,1000.0,0.0000,0.0000,0,250.000,,0,0.9611,,0.850,0,
5076,8,113,fog-122,1,fog,1100.0,0.0000,0.0000,0,250.000,,0,0.9572,,0.850,0,
5077,8,113,fog-122,1,fog,1200.0,0.0000,0.0000,0,250.000,,0,0.9534,,0.850,0,
5078,8,113,fog-122,1,fog,1300.0,0.0000,0.0000,0,250.000,,0,0.9495,,0.850,0,
5079,8,113,fog-122,1,fog,1400.0,0.0000,0.0000,0,250.000,,0,0.9456,,0.850,0,
5080,8,113,fog-122,1,fog,1500.0,0.0000,0.0000,0,250.000,,0,0.9417,,0.850,0,
5081,8,113,fog-122,1,fog,1600.0,0.0000,0.0000,0,250.000,,0,0.9378,,0.850,0,
5082,8,113,fog-122,1,fog,1700.0,0.0000,0.0000,0,250.000,,0,0.9339,,0.850,0,
5083,8,113,fog-122,1,fog,1800.0,0.0000,0.0000,0,250.000,,0,0.9300,,0.850,0,
5084,8,113,fog-122,1,fog,1900.0,0.0000,0.0000,0,250.000,,0,0.9262,,0.850,0,
5085,8,113,fog-122,1,fog,2000.0,0.0000,0.0000,0,250.000,,0,0.9223,,0.850,0,
5086,8,113,fog-122,1,fog,2100.0,0.0000,0.0000,0,250.000,,0,0.9184,,0.850,0,
5087,8,113,fog-122,1,fog,2200.0,0.0000,0.0000,0,250.000,,0,0.9145,,0.850,0,
5088,8,113,fog-122,1,fog,2300.0,0.0000,0.0000,0,250.000,,0,0.9106,,0.850,0,
5089,8,113,fog-122,1,fog,2400.0,0.0000,0.0000,0,250.000,,0,0.9067,,0.850,0,
5090,8,113,fog-122,1,fog,2500.0,0.0000,0.0000,0,250.000,,0,0.9028,,0.850,0,
5091,8,113,fog-122,1,fog,2600.0,0.0000,0.0000,0,250.000,,0,0.8990,,0.850,0,
5092,8,113,fog-122,1,fog,2700.0,0.0000,0.0000,0,250.000,,0,0.8951,,0.850,0,
5093,8,113,fog-122,1,fog,2800.0,0.0000,0.0000,0,250.000,,0,0.8912,,0.850,0,
5094,8,113,fog-122,1,fog,2900.0,0.0000,0.0000,0,250.000,,0,0.8873,,0.850,0,
5095,8,113,fog-122,1,fog,3000.0,0.0000,0.0000,0,250.000,,0,0.8834,,0.850,0,
5096,8,113,fog-122,1,fog,3100.0,0.0000,0.0000,0,250.000,,0,0.8795,,0.850,0,
5097,8,113,fog-122,1,fog,3200.0,0.0000,0.0000,0,250.000,,0,0.8756,,0.850,0,
5098,8,113,fog-122,1,fog,3300.0,0.0000,0.0000,0,250.000,,0,0.8717,,0.850,0,
5099,8,113,fog-122,1,fog,3400.0,0.0000,0.0000,0,250.000,,0,0.8679,,0.850,0,
5100,8,113,fog-122,1,fog,3500.0,0.0000,0.0000,0,250.000,,0,0.8640,,0.850,0,
5101,8,113,fog-122,1,fog,3600.0,0.0000,0.0000,0,250.000,,0,0.8601,,0.850,0,
5102,8,113,fog-122,1,fog,3700.0,0.0000,0.0000,0,250.000,,0,0.8562,,0.850,0,
5103,8,113,fog-122,1,fog,3800.0,0.0000,0.0000,0,250.000,,0,0.8523,,0.850,0,
5104,8,113,fog-122,1,fog,3900.0,0.0000,0.0000,0,250.000,,0,0.8484,,0.850,0,
5105,8,113,fog-122,1,fog,4000.0,0.0000,0.0000,0,250.000,,0,0.8445,,0.850,0,
5106,8,113,fog-122,1,fog,4100.0,0.0000,0.0000,0,250.000,,0,0.8407,,0.850,0,
5107,8,113,fog-122,1,fog,4200.0,0.0000,0.0000,0,250.000,,0,0.8368,,0.850,0,
5108,8,113,fog-122,1,fog,4300.0,0.0000,0.0000,0,250.000,,0,0.8329,,0.850,0,
5109,8,113,fog-122,1,fog,4400.0,0.0000,0.0000,0,250.000,,0,0.8290,,0.850,0,
5110,8,113,fog-122,1,fog,4500.0,0.0000,0.0000,0,250.000,,0,0.8251,,0.850,0,
5111,8,113,fog-122,1,fog,4600.0,0.0000,0.0000,0,250.000,,0,0.8212,,0.850,0,
5112,8,113,fog-122,1,fog,4700.0,0.0000,0.0000,0,250.000,,0,0.8173,,0.850,0,
5113,8,113,fog-122,1,fog,4800.0,0.0000,0.0000,0,250.000,,0,0.8135,,0.850,0,
5114,8,113,fog-122,1,fog,4900.0,0.0000,0.0000,0,250.000,,0,0.8096,,0.850,0,
5115,8,113,fog-122,1,fog,5000.0,0.0000,0.0000,0,250.000,,0,0.8057,,0.850,0,
5116,8,114,fog-123,1,fog,0.0,0.0000,0.0000,0,250.000,,0,1.0000,,0.850,0,
5117,8,114,fog-123,1,fog,100.0,0.0000,0.0000,0,250.000,,0,0.9961,,0.850,0,
5118,8,114,fog-123,1,fog,200.0,0.0000,0.0000,6,251.500,0.3499,0,0.9922,,0.850,0,
5119,8,114,fog-123,1,fog,300.0,0.0000,0.0000,0,250.000,,0,0.9883,,0.850,0,
5120,8,114,fog-123,1,fog,400.0,0.0000,0.0000,0,250.000,,0,0.9845,,0.850,0,
5121,8,114,fog-123,1,fog,500.0,0.0000,0.0000,0,250.000,,0,0.9806,,0.850,0,
5122,8,114,fog-123,1,fog,600.0,0.0000,0.0000,0,250.000,,0,0.9767,,0.850,0,
5123,8,114,fog-123,1,fog,700.0,0.0000,0.0000,0,250.000,,0,0.9728,,0.850,0,
5124,8,114,fog-123,1,fog,800.0,0.0000,0.0000,0,250.000,,0,0.9689,,0.850,0,
5125,8,114,fog-123,1,fog,900.0,0.0000,0.0000,0,250.000,,0,0.9650,,0.850,0,
5126,8,114,fog-123,1,fog,1000.0,0.0000,0.0000,0,250.000,,0,0.9611,,0.850,0,
5127,8,114,fog-123,1,fog,1100.0,0.0000,0.0000,0,250.000,,0,0.9572,,0.850,0,
5128,8,114,fog-123,1,fog,1200.0,0.0000,0.0000,9,252.250,0.0000,0,0.9534,,0.850,0,
5129,8,114,fog-123,1,fog,1300.0,0.0000,0.0000,0,250.000,,0,0.9495,,0.850,0,
5130,8,114,fog-123,1,fog,1400.0,0.0000,0.0000,0,250.000,,0,0.9456,,0.850,0,
5131,8,114,fog-123,1,fog,1500.0,0.0000,0.0000,0,250.000,,0,0.9417,,0.850,0,
5132,8,114,fog-123,1,fog,1600.0,0.0000,0.0000,0,250.000,,0,0.9378,,0.850,0,
5133,8,114,fog-123,1,fog,1700.0,0.0000,0.0000,0,250.000,,0,0.9339,,0.850,0,
5134,8,114,fog-123,1,fog,1800.0,0.0000,0.0000,9,252.250,0.2940,0,0.9300,,0.850,0,
5135,8,114,fog-123,1,fog,1900.0,0.0000,0.0000,0,250.000,,0,0.9262,,0.850,0,
5136,8,114,fog-123,1,fog,2000.0,0.0000,0.0000,0,250.000,,0,0.9223,,0.850,0,
5137,8,114,fog-123,1,fog,2100.0,0.0000,0.0000,10,252.500,0.0000,0,0.9184,,0.850,0,
5138,8,114,fog-123,1,fog,2200.0,0.0000,0.0000,0,250.000,,0,0.9145,,0.850,0,
5139,8,114,fog-123,1,fog,2300.0,0.0000,0.0000,0,250.000,,0,0.9106,,0.850,0,
5140,8,114,fog-123,1,fog,2400.0,0.0000,0.0000,0,250.000,,0,0.9067,,0.850,0,
5141,8,114,fog-123,1,fog,2500.0,0.0000,0.0000,0,250.000,,0,0.9028,,0.850,0,
5142,8,114,fog-123,1,fog,2600.0,0.0000,0.0000,0,250.000,,0,0.8990,,0.850,0,
5143,8,114,fog-123,1,fog,2700.0,0.0000,0.0000,0,250.000,,0,0.8951,,0.850,0,
5144,8,114,fog-123,1,fog,2800.0,0.0000,0.0000,0,250.000,,0,0.8912,,0.850,0,
5145,8,114,fog-123,1,fog,2900.0,0.0000,0.0000,9,252.250,0.2940,0,0.8873,,0.850,0,
5146,8,114,fog-123,1,fog,3000.0,0.0000,0.0000,0,250.000,,0,0.8834,,0.850,0,
5147,8,114,fog-123,1,fog,3100.0,0.0000,0.0000,0,250.000,,0,0.8795,,0.850,0,
5148,8,114,fog-123,1,fog,3200.0,0.0000,0.0000,0,250.000,,0,0.8756,,0.850,0,
5149,8,114,fog-123,1,fog,3300.0,0.0000,0.0000,0,250.000,,0,0.8717,,0.850,0,
5150,8,114,fog-123,1,fog,3400.0,0.0000,0.0000,0,250.000,,0,0.8679,,0.850,0,
5151,8,114,fog-123,1,fog,3500.0,0.0000,0.0000,0,250.000,,0,0.8640,,0.850,0,
5152,8,114,fog-123,1,fog,3600.0,0.0000,0.0000,9,252.250,0.0000,0,0.8601,,0.850,0,
5153,8,114,fog-123,1,fog,3700.0,0.0000,0.0000,0,250.000,,0,0.8562,,0.850,0,
5154,8,114,fog-123,1,fog,3800.0,0.0000,0.0000,0,250.000,,0,0.8523,,0.850,0,
5155,8,114,fog-123,1,fog,3900.0,0.0000,0.0000,0,250.000,,0,0.8484,,0.850,0,
5156,8,114,fog-123,1,fog,4000.0,0.0000,0.0000,0,250.000,,0,0.8445,,0.850,0,
5157,8,114,fog-123,1,fog,4100.0,0.0000,0.0000,0,250.000,,0,0.8407,,0.850,0,
5158,8,114,fog-123,1,fog,4200.0,0.0000,0.0000,0,250.000,,0,0.8368,,0.850,0,
5159,8,114,fog-123,1,fog,4300.0,0.0000,0.0000,0,250.000,,0,0.8329,,0.850,0,
5160,8,114,fog-123,1,fog,4400.0,0.0000,0.0000,0,250.000,,0,0.8290,,0.850,0,
5161,8,114,fog-123,1,fog,4500.0,0.0000,0.0000,9,252.250,0.0000,0,0.8251,,0.850,0,
5162,8,114,fog-123,1,fog,4600.0,0.0000,0.0000,0,250.000,,0,0.8212,,0.850,0,
5163,8,114,fog-123,1,fog,4700.0,0.0000,0.0000,0,250.000,,0,0.8173,,0.850,0,
5164,8,114,fog-123,1,fog,4800.0,0.0000,0.0000,0,250.000,,0,0.8135,,0.850,0,
5165,8,114,fog-123,1,fog,4900.0,0.0000,0.0000,7,251.750,0.3536,0,0.8096,,0.850,0,
5166,8,114,fog-123,1,fog,5000.0,0.0000,0.0000,0,250.000,,0,0.8057,,0.850,0,
5167,8,115,fog-124,1,fog,0.0,0.0000,0.0000,0,250.000,,0,1.0000,,0.850,0,
5168,8,115,fog-124,1,fog,100.0,0.0000,0.0000,0,250.000,,0,0.9961,,0.850,0,
5169,8,115,fog-124,1,fog,200.0,0.0000,0.0000,0,250.000,,0,0.9922,,0.850,0,
5170,8,115,fog-124,1,fog,300.0,0.0000,0.0000,0,250.000,,0,0.9883,,0.850,0,
5171,8,115,fog-124,1,fog,400.0,0.0000,0.0000,0,250.000,,0,0.9845,,0.850,0,
5172,8,115,fog-124,1,fog,500.0,0.0000,0.0000,0,250.000,,0,0.9806,,0.850,0,
5173,8,115,fog-124,1,fog,600.0,0.0000,0.0000,0,250.000,,0,0.9767,,0.850,0,
5174,8,115,fog-124,1,fog,700.0,0.0000,0.0000,0,250.000,,0,0.9728,,0.850,0,
5175,8,115,fog-124,1,fog,800.0,0.0000,0.0000,0,250.000,,0,0.9689,,0.850,0,
5176,8,115,fog-124,1,fog,900.0,0.0000,0.0000,0,250.000,,0,0.9650,,0.850,0,
5177,8,115,fog-124,1,fog,1000.0,0.0000,0.0000,0,250.000,,0,0.9611,,0.850,0,
5178,8,115,fog-124,1,fog,1100.0,0.0000,0.0000,0,250.000,,0,0.9572,,0.850,0,
5179,8,115,fog-124,1,fog,1200.0,0.0000,0.0000,0,250.000,,0,0.9534,,0.850,0,
5180,8,115,fog-124,1,fog,1300.0,0.0000,0.0000,0,250.000,,0,0.9495,,0.850,0,
5181,8,115,fog-124,1,fog,1400.0,0.0000,0.0000,0,250.000,,0,0.9456,,0.850,0,
5182,8,115,fog-124,1,fog,1500.0,0.0000,0.0000,0,250.000,,0,0.9417,,0.850,0,
5183,8,115,fog-124,1,fog,1600.0,0.0000,0.0000,0,250.000,,0,0.9378,,0.850,0,
5184,8,115,fog-124,1,fog,1700.0,0.0000,0.0000,0,250.000,,0,0.9339,,0.850,0,
5185,8,115,fog-124,1,fog,1800.0,0.0000,0.0000,0,250.000,,0,0.9300,,0.850,0,
5186,8,115,fog-124,1,fog,1900.0,0.0000,0.0000,0,250.000,,0,0.9262,,0.850,0,
5187,8,115,fog-124,1,fog,2000.0,0.0000,0.0000,0,250.000,,0,0.9223,,0.850,0,
5188,8,115,fog-124,1,fog,2100.0,0.0000,0.0000,0,250.000,,0,0.9184,,0.850,0,
5189,8,115,fog-124,1,fog,2200.0,0.0000,0.0000,0,250.000,,0,0.9145,,0.850,0,
5190,8,115,fog-124,1,fog,2300.0,0.0000,0.0000,0,250.000,,0,0.9106,,0.850,0,
5191,8,115,fog-124,1,fog,2400.0,0.0000,0.0000,0,250.000,,0,0.9067,,0.850,0,
5192,8,115,fog-124,1,fog,2500.0,0.0000,0.0000,0,250.000,,0,0.9028,,0.850,0,
5193,8,115,fog-124,1,fog,2600.0,0.0000,0.0000,0,250.000,,0,0.8990,,0.850,0,
5194,8,115,fog-124,1,fog,2700.0,0.0000,0.0000,0,250.000,,0,0.8951,,0.850,0,
5195,8,115,fog-124,1,fog,2800.0,0.0000,0.0000,0,250.000,,0,0.8912,,0.850,0,
5196,8,115,fog-124,1,fog,2900.0,0.0000,0.0000,0,250.000,,0,0.8873,,0.850,0,
5197,8,115,fog-124,1,fog,3000.0,0.0000,0.0000,0,250.000,,0,0.8834,,0.850,0,
5198,8,115,fog-124,1,fog,3100.0,0.0000,0.0000,0,250.000,,0,0.8795,,0.850,0,
5199,8,115,fog-124,1,fog,3200.0,0.0000,0.0000,0,250.000,,0,0.8756,,0.850,0,
5200,8,115,fog-124,1,fog,3300.0,0.0000,0.0000,0,250.000,,0,0.8717,,0.850,0,
5201,8,115,fog-124,1,fog,3400.0,0.0000,0.0000,0,250.000,,0,0.8679,,0.850,0,
5202,8,115,fog-124,1,fog,3500.0,0.0000,0.0000,0,250.000,,0,0.8640,,0.850,0,
5203,8,115,fog-124,1,fog,3600.0,0.0000,0.0000,0,250.000,,0,0.8601,,0.850,0,
5204,8,115,fog-124,1,fog,3700.0,0.0000,0.0000,0,250.000,,0,0.8562,,0.850,0,
5205,8,115,fog-124,1,fog,3800.0,0.0000,0.0000,0,250.000,,0,0.8523,,0.850,0,
5206,8,115,fog-124,1,fog,3900.0,0.0000,0.0000,0,250.000,,0,0.8484,,0.850,0,
5207,8,115,fog-124,1,fog,4000.0,0.0000,0.0000,0,250.000,,0,0.8445,,0.850,0,
5208,8,115,fog-124,1,fog,4100.0,0.0000,0.0000,0,250.000,,0,0.8407,,0.850,0,
5209,8,115,fog-124,1,fog,4200.0,0.0000,0.0000,0,250.000,,0,0.8368,,0.850,0,
5210,8,115,fog-124,1,fog,4300.0,0.0000,0.0000,0,250.000,,0,0.8329,,0.850,0,
5211,8,115,fog-124,1,fog,4400.0,0.0000,0.0000,0,250.000,,0,0.8290,,0.850,0,
5212,8,115,fog-124,1,fog,4500.0,0.0000,0.0000,0,250.000,,0,0.8251,,0.850,0,
5213,8,115,fog-124,1,fog,4600.0,0.0000,0.0000,0,250.000,,0,0.8212,,0.850,0,
5214,8,115,fog-124,1,fog,4700.0,0.0000,0.0000,0,250.000,,0,0.8173,,0.850,0,
5215,8,115,fog-124,1,fog,4800.0,0.0000,0.0000,0,250.000,,0,0.8135,,0.850,0,
5216,8,115,fog-124,1,fog,4900.0,0.0000,0.0000,0,250.000,,0,0.8096,,0.850,0,
5217,8,115,fog-124,1,fog,5000.0,0.0000,0.0000,0,250.000,,0,0.8057,,0.850,0,
5218,8,116,fog-125,1,fog,0.0,0.0000,0.0000,0,250.000,,0,1.0000,,0.850,0,
5219,8,116,fog-125,1,fog,100.0,0.0000,0.0000,0,250.000,,0,0.9961,,0.850,0,
5220,8,116,fog-125,1,fog,200.0,0.0000,0.0000,0,250.000,,0,0.9922,,0.850,0,
5221,8,116,fog-125,1,fog,300.0,0.0000,0.0000,0,250.000,,0,0.9883,,0.850,0,
5222,8,116,fog-125,1,fog,400.0,0.0000,0.0000,0,250.000,,0,0.9845,,0.850,0,
5223,8,116,fog-125,1,fog,500.0,0.0000,0.0000,0,250.000,,0,0.9806,,0.850,0,
5224,8,116,fog-125,1,fog,600.0,0.0000,0.0000,0,250.000,,0,0.9767,,0.850,0,
5225,8,116,fog-125,1,fog,700.0,0.0000,0.0000,0,250.000,,0,0.9728,,0.850,0,
5226,8,116,fog-125,1,fog,800.0,0.0000,0.0000,0,250.000,,0,0.9689,,0.850,0,
5227,8,116,fog-125,1,fog,900.0,0.0000,0.0000,0,250.000,,0,0.9650,,0.850,0,
5228,8,116,fog-125,1,fog,1000.0,0.0000,0.0000,0,250.000,,0,0.9611,,0.850,0,
5229,8,116,fog-125,1,fog,1100.0,0.0000,0.0000,0,250.000,,0,0.9572,,0.850,0,
5230,8,116,fog-125,1,fog,1200.0,0.0000,0.0000,0,250.000,,0,0.9534,,0.850,0,
5231,8,116,fog-125,1,fog,1300.0,0.0000,0.0000,0,250.000,,0,0.9495,,0.850,0,
5232,8,116,fog-125,1,fog,1400.0,0.0000,0.0000,0,250.000,,0,0.9456,,0.850,0,
5233,8,116,fog-125,1,fog,1500.0,0.0000,0.0000,0,250.000,,0,0.9417,,0.850,0,
5234,8,116,fog-125,1,fog,1600.0,0.0000,0.0000,0,250.000,,0,0.9378,,0.850,0,
5235,8,116,fog-125,1,fog,1700.0,0.0000,0.0000,0,250.000,,0,0.9339,,0.850,0,
5236,8,116,fog-125,1,fog,1800.0,0.0000,0.0000,0,250.000,,0,0.9300,,0.850,0,
5237,8,116,fog-125,1,fog,1900.0,0.0000,0.0000,0,250.000,,0,0.9262,,0.850,0,
5238,8,116,fog-125,1,fog,2000.0,0.0000,0.0000,0,250.000,,0,0.9223,,0.850,0,
5239,8,116,fog-125,1,fog,2100.0,0.0000,0.0000,0,250.000,,0,0.9184,,0.850,0,
5240,8,116,fog-125,1,fog,2200.0,0.0000,0.0000,0,250.000,,0,0.9145,,0.850,0,
5241,8,116,fog-125,1,fog,2300.0,0.0000,0.0000,0,250.000,,0,0.9106,,0.850,0,
5242,8,116,fog-125,1,fog,2400.0,0.0000,0.0000,0,250.000,,0,0.9067,,0.850,0,
5243,8,116,fog-125,1,fog,2500.0,0.0000,0.0000,0,250.000,,0,0.9028,,0.850,0,
5244,8,116,fog-125,1,fog,2600.0,0.0000,0.0000,0,250.000,,0,0.8990,,0.850,0,
5245,8,116,fog-125,1,fog,2700.0,0.0000,0.0000,0,250.000,,0,0.8951,,0.850,0,
5246,8,116,fog-125,1,fog,2800.0,0.0000,0.0000,0,250.000,,0,0.8912,,0.850,0,
5247,8,116,fog-125,1,fog,2900.0,0.0000,0.0000,0,250.000,,0,0.8873,,0.850,0,
5248,8,116,fog-125,1,fog,3000.0,0.0000,0.0000,0,250.000,,0,0.8834,,0.850,0,
5249,8,116,fog-125,1,fog,3100.0,0.0000,0.0000,0,250.000,,0,0.8795,,0.850,0,
5250,8,116,fog-125,1,fog,3200.0,0.0000,0.0000,0,250.000,,0,0.8756,,0.850,0,
5251,8,116,fog-125,1,fog,3300.0,0.0000,0.0000,0,250.000,,0,0.8717,,0.850,0,
5252,8,116,fog-125,1,fog,3400.0,0.0000,0.0000,0,250.000,,0,0.8679,,0.850,0,
5253,8,116,fog-125,1,fog,3500.0,0.0000,0.0000,0,250.000,,0,0.8640,,0.850,0,
5254,8,116,fog-125,1,fog,3600.0,0.0000,0.0000,0,250.000,,0,0.8601,,0.850,0,
5255,8,116,fog-125,1,fog,3700.0,0.0000,0.0000,0,250.000,,0,0.8562,,0.850,0,
5256,8,116,fog-125,1,fog,3800.0,0.0000,0.0000,0,250.000,,0,0.8523,,0.850,0,
5257,8,116,fog-125,1,fog,3900.0,0.0000,0.0000,0,250.000,,0,0.8484,,0.850,0,
5258,8,116,fog-125,1,fog,4000.0,0.0000,0.0000,0,250.000,,0,0.8445,,0.850,0,
5259,8,116,fog-125,1,fog,4100.0,0.0000,0.0000,0,250.000,,0,0.8407,,0.850,0,
5260,8,116,fog-125,1,fog,4200.0,0.0000,0.0000,0,250.000,,0,0.8368,,0.850,0,
5261,8,116,fog-125,1,fog,4300.0,0.0000,0.0000,0,250.000,,0,0.8329,,0.850,0,
5262,8,116,fog-125,1,fog,4400.0,0.0000,0.0000,0,250.000,,0,0.8290,,0.850,0,
5263,8,116,fog-125,1,fog,4500.0,0.0000,0.0000,0,250.000,,0,0.8251,,0.850,0,
5264,8,116,fog-125,1,fog,4600.0,0.0000,0.0000,0,250.000,,0,0.8212,,0.850,0,
5265,8,116,fog-125,1,fog,4700.0,0.0000,0.0000,0,250.000,,0,0.8173,,0.850,0,
5266,8,116,fog-125,1,fog,4800.0,0.0000,0.0000,0,250.000,,0,0.8135,,0.850,0,
5267,8,116,fog-125,1,fog,4900.0,0.0000,0.0000,0,250.000,,0,0.8096,,0.850,0,
5268,8,116,fog-125,1,fog,5000.0,0.0000,0.0000,0,250.000,,0,0.8057,,0.850,0,
5269,8,117,fog-126,1,fog,0.0,0.0000,0.0000,0,250.000,,0,1.0000,,0.850,0,1784.6
5270,8,117,fog-126,1,fog,100.0,0.0000,0.0000,0,250.000,,0,0.9961,,0.850,0,1784.6
5271,8,117,fog-126,1,fog,200.0,0.0000,0.0000,0,250.000,,0,0.9922,,0.850,0,1784.6
5272,8,117,fog-126,1,fog,300.0,0.0000,0.0000,0,250.000,,0,0.9883,,0.850,0,1784.6
5273,8,117,fog-126,1,fog,400.0,0.0000,0.0000,0,250.000,,0,0.9845,,0.850,0,1784.6
5274,8,117,fog-126,1,fog,500.0,0.0000,0.0000,0,250.000,,0,0.9806,,0.850,0,1784.6
5275,8,117,fog-126,1,fog,600.0,0.0000,0.0000,0,250.000,,0,0.9767,,0.850,0,1784.6
5276,8,117,fog-126,1,fog,700.0,0.0000,0.0000,0,250.000,,0,0.9728,,0.850,0,1784.6
5277,8,117,fog-126,1,fog,800.0,0.0000,0.0000,0,250.000,,0,0.9689,,0.850,0,1784.6
5278,8,117,fog-126,1,fog,900.0,0.0000,0.0000,0,250.000,,0,0.9650,,0.850,0,1784.6
5279,8,117,fog-126,1,fog,1000.0,0.0000,0.0000,0,250.000,,0,0.9611,,0.850,0,1784.6
5280,8,117,fog-126,1,fog,1100.0,0.0000,0.0000,0,250.000,,0,0.9572,,0.850,0,1784.6
5281,8,117,fog-126,1,fog,1200.0,0.0000,0.0000,0,250.000,,0,0.9534,,0.850,0,1784.6
5282,8,117,fog-126,1,fog,1300.0,0.0000,0.0000,0,250.000,,0,0.9495,,0.850,0,1784.6
5283,8,117,fog-126,1,fog,1400.0,0.0000,0.0000,0,250.000,,0,0.9456,,0.850,0,1784.6
5284,8,117,fog-126,1,fog,1500.0,0.0000,0.0000,0,250.000,,0,0.9417,,0.850,0,1784.6
5285,8,117,fog-126,1,fog,1600.0,0.0000,0.0000,0,250.000,,0,0.9378,,0.850,1,1784.6
5286,8,117,fog-126,1,fog,1700.0,0.0000,0.0000,0,250.000,,0,0.9339,,0.850,1,1784.6
5287,8,118,fog-127,1,fog,0.0,0.0000,0.0000,0,250.000,,0,1.0000,,0.850,0,
5288,8,118,fog-127,1,fog,100.0,0.0000,0.0000,0,250.000,,0,0.9961,,0.850,0,
5289,8,118,fog-127,1,fog,200.0,0.0000,0.0000,10,252.500,0.0000,0,0.9922,,0.850,0,
5290,8,118,fog-127,1,fog,300.0,0.0000,0.0000,0,250.000,,0,0.9883,,0.850,0,
5291,8,118,fog-127,1,fog,400.0,0.0000,0.0000,10,252.500,0.0000,0,0.9845,,0.850,0,
5292,8,118,fog-127,1,fog,500.0,0.0000,0.0000,18,254.500,0.9153,0,0.9806,,0.850,0,
5293,8,118,fog-127,1,fog,600.0,0.0000,0.0000,0,250.000,,0,0.9767,,0.850,0,
5294,8,118,fog-127,1,fog,700.0,0.0000,0.0000,0,250.000,,0,0.9728,,0.850,0,
5295,8,118,fog-127,1,fog,800.0,0.0000,0.0000,0,250.000,,0,0.9689,,0.850,0,
5296,8,118,fog-127,1,fog,900.0,0.0000,0.0000,0,250.000,,0,0.9650,,0.850,0,
5297,8,118,fog-127,1,fog,1000.0,0.0000,0.0000,17,254.250,0.7147,0,0.9611,,0.850,0,
5298,8,118,fog-127,1,fog,1100.0,0.0000,0.0000,18,254.500,0.9239,0,0.9572,,0.850,0,
5299,8,118,fog-127,1,fog,1200.0,0.0000,0.0000,0,250.000,,0,0.9534,,0.850,0,
5300,8,118,fog-127,1,fog,1300.0,0.0000,0.0000,9,252.250,0.2940,0,0.9495,,0.850,0,
5301,8,118,fog-127,1,fog,1400.0,0.0000,0.0000,9,252.250,0.2940,0,0.9456,,0.850,0,
5302,8,118,fog-127,1,fog,1500.0,0.0000,0.0000,0,250.000,,0,0.9417,,0.850,0,
5303,8,118,fog-127,1,fog,1600.0,0.0000,0.0000,0,250.000,,0,0.9378,,0.850,0,
5304,8,118,fog-127,1,fog,1700.0,0.0000,0.0000,10,252.500,0.0000,0,0.9339,,0.850,0,
5305,8,118,fog-127,1,fog,1800.0,0.0000,0.0000,33,256.500,1.0000,0,0.9300,,0.850,0,
5306,8,118,fog-127,1,fog,1900.0,0.0000,0.0000,0,250.000,,0,0.9262,,0.850,0,
5307,8,118,fog-127,1,fog,2000.0,0.0000,0.0000,0,250.000,,0,0.9223,,0.850,0,
5308,8,118,fog-127,1,fog,2100.0,0.0000,0.0000,0,250.000,,0,0.9184,,0.850,0,
5309,8,118,fog-127,1,fog,2200.0,0.0000,0.0000,0,250.000,,0,0.9145,,0.850,0,
5310,8,118,fog-127,1,fog,2300.0,0.0000,0.0000,10,252.500,0.0000,0,0.9106,,0.850,0,
5311,8,118,fog-127,1,fog,2400.0,0.0000,0.0000,9,252.250,0.2940,0,0.9067,,0.850,0,
5312,8,118,fog-127,1,fog,2500.0,0.0000,0.0000,10,252.500,0.0000,0,0.9028,,0.850,0,
5313,8,118,fog-127,1,fog,2600.0,0.0000,0.0000,8,252.000,0.3062,0,0.8990,,0.850,0,
5314,8,118,fog-127,1,fog,2700.0,0.0000,0.0000,0,250.000,,0,0.8951,,0.850,0,
5315,8,118,fog-127,1,fog,2800.0,0.0000,0.0000,9,252.250,0.2940,0,0.8912,,0.850,0,
5316,8,118,fog-127,1,fog,2900.0,0.0000,0.0000,0,250.000,,0,0.8873,,0.850,0,
5317,8,118,fog-127,1,fog,3000.0,0.0000,0.0000,9,252.250,0.0000,0,0.8834,,0.850,0,
5318,8,118,fog-127,1,fog,3100.0,0.0000,0.0000,8,252.000,0.3514,0,0.8795,,0.850,0,
5319,8,118,fog-127,1,fog,3200.0,0.0000,0.0000,9,252.250,0.2940,0,0.8756,,0.850,0,
5320,8,118,fog-127,1,fog,3300.0,0.0000,0.0000,10,252.500,0.0000,0,0.8717,,0.850,0,
5321,8,118,fog-127,1,fog,3400.0,0.0000,0.0000,16,254.000,0.8165,0,0.8679,,0.850,0,
5322,8,118,fog-127,1,fog,3500.0,0.0000,0.0000,0,250.000,,0,0.8640,,0.850,0,
5323,8,118,fog-127,1,fog,3600.0,0.0000,0.0000,9,252.250,0.2940,0,0.8601,,0.850,0,
5324,8,118,fog-127,1,fog,3700.0,0.0000,0.0000,0,250.000,,0,0.8562,,0.850,0,
5325,8,118,fog-127,1,fog,3800.0,0.0000,0.0000,10,252.500,0.0000,0,0.8523,,0.850,0,
5326,8,118,fog-127,1,fog,3900.0,0.0000,0.0000,10,252.500,0.0000,0,0.8484,,0.850,0,
5327,8,118,fog-127,1,fog,4000.0,0.0000,0.0000,0,250.000,,0,0.8445,,0.850,0,
5328,8,118,fog-127,1,fog,4100.0,0.0000,0.0000,7,251.750,0.3194,0,0.8407,,0.850,0,
5329,8,118,fog-127,1,fog,4200.0,0.0000,0.0000,7,251.750,0.3536,0,0.8368,,0.850,0,
5330,8,118,fog-127,1,fog,4300.0,0.0000,0.0000,0,250.000,,0,0.8329,,0.850,0,
5331,8,118,fog-127,1,fog,4400.0,0.0000,0.0000,18,254.500,0.9428,0,0.8290,,0.850,0,
5332,8,118,fog-127,1,fog,4500.0,0.0000,0.0000,9,252.250,0.0000,0,0.8251,,0.850,0,
5333,8,118,fog-127,1,fog,4600.0,0.0000,0.0000,18,254.500,0.8999,0,0.8212,,0.850,0,
5334,8,118,fog-127,1,fog,4700.0,0.0000,0.0000,18,254.500,0.7287,0,0.8173,,0.850,0,
5335,8,118,fog-127,1,fog,4800.0,0.0000,0.0000,21,255.000,0.8161,0,0.8135,,0.850,0,
5336,8,118,fog-127,1,fog,4900.0,0.0000,0.0000,0,250.000,,0,0.8096,,0.850,0,
5337,8,118,fog-127,1,fog,5000.0,0.0000,0.0000,18,254.500,0.9069,0,0.8057,,0.850,0,
5338,8,119,fog-128,1,fog,0.0,0.0000,0.0000,0,250.000,,0,1.0000,,0.850,0,
5339,8,119,fog-128,1,fog,100.0,0.0000,0.0000,0,250.000,,0,0.9961,,0.850,0,
5340,8,119,fog-128,1,fog,200.0,0.0000,0.0000,0,250.000,,0,0.9922,,0.850,0,
5341,8,119,fog-128,1,fog,300.0,0.0000,0.0000,0,250.000,,0,0.9883,,0.850,0,
5342,8,119,fog-128,1,fog,400.0,0.0000,0.0000,0,250.000,,0,0.9845,,0.850,0,
5343,8,119,fog-128,1,fog,500.0,0.0000,0.0000,0,250.000,,0,0.9806,,0.850,0,
5344,8,119,fog-128,1,fog,600.0,0.0000,0.0000,0,250.000,,0,0.9767,,0.850,0,
5345,8,119,fog-128,1,fog,700.0,0.0000,0.0000,0,250.000,,0,0.9728,,0.850,0,
5346,8,119,fog-128,1,fog,800.0,0.0000,0.0000,0,250.000,,0,0.9689,,0.850,0,
5347,8,119,fog-128,1,fog,900.0,0.0000,0.0000,0,250.000,,0,0.9650,,0.850,0,
5348,8,119,fog-128,1,fog,1000.0,0.0000,0.0000,0,250.000,,0,0.9611,,0.850,0,
5349,8,119,fog-128,1,fog,1100.0,0.0000,0.0000,0,250.000,,0,0.9572,,0.850,0,
5350,8,119,fog-128,1,fog,1200.0,0.0000,0.0000,0,250.000,,0,0.9534,,0.850,0,
5351,8,119,fog-128,1,fog,1300.0,0.0000,0.0000,0,250.000,,0,0.9495,,0.850,0,
5352,8,119,fog-128,1,fog,1400.0,0.0000,0.0000,0,250.000,,0,0.9456,,0.850,0,
5353,8,119,fog-128,1,fog,1500.0,0.0000,0.0000,0,250.000,,0,0.9417,,0.850,0,
5354,8,119,fog-128,1,fog,1600.0,0.0000,0.0000,0,250.000,,0,0.9378,,0.850,0,
5355,8,119,fog-128,1,fog,1700.0,0.0000,0.0000,0,250.000,,0,0.9339,,0.850,0,
5356,8,119,fog-128,1,fog,1800.0,0.0000,0.0000,0,250.000,,0,0.9300,,0.850,0,
5357,8,119,fog-128,1,fog,1900.0,0.0000,0.0000,0,250.000,,0,0.9262,,0.850,0,
5358,8,119,fog-128,1,fog,2000.0,0.0000,0.0000,0,250.000,,0,0.9223,,0.850,0,
5359,8,119,fog-128,1,fog,2100.0,0.0000,0.0000,0,250.000,,0,0.9184,,0.850,0,
5360,8,119,fog-128,1,fog,2200.0,0.0000,0.0000,0,250.000,,0,0.9145,,0.850,0,
5361,8,119,fog-128,1,fog,2300.0,0.0000,0.0000,0,250.000,,0,0.9106,,0.850,0,
5362,8,119,fog-128,1,fog,2400.0,0.0000,0.0000,0,250.000,,0,0.9067,,0.850,0,
5363,8,119,fog-128,1,fog,2500.0,0.0000,0.0000,0,250.000,,0,0.9028,,0.850,0,
5364,8,119,fog-128,1,fog,2600.0,0.0000,0.0000,0,250.000,,0,0.8990,,0.850,0,
5365,8,119,fog-128,1,fog,2700.0,0.0000,0.0000,0,250.000,,0,0.8951,,0.850,0,
5366,8,119,fog-128,1,fog,2800.0,0.0000,0.0000,0,250.000,,0,0.8912,,0.850,0,
5367,8,119,fog-128,1,fog,2900.0,0.0000,0.0000,0,250.000,,0,0.8873,,0.850,0,
5368,8,119,fog-128,1,fog,3000.0,0.0000,0.0000,0,250.000,,0,0.8834,,0.850,0,
5369,8,119,fog-128,1,fog,3100.0,0.0000,0.0000,0,250.000,,0,0.8795,,0.850,0,
5370,8,119,fog-128,1,fog,3200.0,0.0000,0.0000,0,250.000,,0,0.8756,,0.850,0,
5371,8,119,fog-128,1,fog,3300.0,0.0000,0.0000,0,250.000,,0,0.8717,,0.850,0,
5372,8,119,fog-128,1,fog,3400.0,0.0000,0.0000,0,250.000,,0,0.8679,,0.850,0,
5373,8,119,fog-128,1,fog,3500.0,0.0000,0.0000,0,250.000,,0,0.8640,,0.850,0,
5374,8,119,fog-128,1,fog,3600.0,0.0000,0.0000,0,250.000,,0,0.8601,,0.850,0,
5375,8,119,fog-128,1,fog,3700.0,0.0000,0.0000,0,250.000,,0,0.8562,,0.850,0,
5376,8,119,fog-128,1,fog,3800.0,0.0000,0.0000,0,250.000,,0,0.8523,,0.850,0,
5377,8,119,fog-128,1,fog,3900.0,0.0000,0.0000,0,250.000,,0,0.8484,,0.850,0,
5378,8,119,fog-128,1,fog,4000.0,0.0000,0.0000,0,250.000,,0,0.8445,,0.850,0,
5379,8,119,fog-128,1,fog,4100.0,0.0000,0.0000,0,250.000,,0,0.8407,,0.850,0,
5380,8,119,fog-128,1,fog,4200.0,0.0000,0.0000,0,250.000,,0,0.8368,,0.850,0,
5381,8,119,fog-128,1,fog,4300.0,0.0000,0.0000,0,250.000,,0,0.8329,,0.850,0,
5382,8,119,fog-128,1,fog,4400.0,0.0000,0.0000,0,250.000,,0,0.8290,,0.850,0,
5383,8,119,fog-128,1,fog,4500.0,0.0000,0.0000,0,250.000,,0,0.8251,,0.850,0,
5384,8,119,fog-128,1,fog,4600.0,0.0000,0.0000,0,250.000,,0,0.8212,,0.850,0,
5385,8,119,fog-128,1,fog,4700.0,0.0000,0.0000,0,250.000,,0,0.8173,,0.850,0,
5386,8,119,fog-128,1,fog,4800.0,0.0000,0.0000,0,250.000,,0,0.8135,,0.850,0,
5387,8,119,fog-128,1,fog,4900.0,0.0000,0.0000,0,250.000,,0,0.8096,,0.850,0,
5388,8,119,fog-128,1,fog,5000.0,0.0000,0.0000,0,250.000,,0,0.8057,,0.850,0,
5389,8,120,fog-129,1,fog,0.0,0.0000,0.0000,0,250.000,,0,1.0000,,0.850,0,
5390,8,120,fog-129,1,fog,100.0,0.0000,0.0000,0,250.000,,0,0.9961,,0.850,0,
5391,8,120,fog-129,1,fog,200.0,0.0000,0.0000,0,250.000,,0,0.9922,,0.850,0,
5392,8,120,fog-129,1,fog,300.0,0.0000,0.0000,0,250.000,,0,0.9883,,0.850,0,
5393,8,120,fog-129,1,fog,400.0,0.0000,0.0000,0,250.000,,0,0.9845,,0.850,0,
5394,8,120,fog-129,1,fog,500.0,0.0000,0.0000,0,250.000,,0,0.9806,,0.850,0,
5395,8,120,fog-129,1,fog,600.0,0.0000,0.0000,0,250.000,,0,0.9767,,0.850,0,
5396,8,120,fog-129,1,fog,700.0,0.0000,0.0000,0,250.000,,0,0.9728,,0.850,0,
5397,8,120,fog-129,1,fog,800.0,0.0000,0.0000,0,250.000,,0,0.9689,,0.850,0,
5398,8,120,fog-129,1,fog,900.0,0.0000,0.0000,0,250.000,,0,0.9650,,0.850,0,
5399,8,120,fog-129,1,fog,1000.0,0.0000,0.0000,0,250.000,,0,0.9611,,0.850,0,
5400,8,120,fog-129,1,fog,1100.0,0.0000,0.0000,0,250.000,,0,0.9572,,0.850,0,
5401,8,120,fog-129,1,fog,1200.0,0.0000,0.0000,0,250.000,,0,0.9534,,0.850,0,
5402,8,120,fog-129,1,fog,1300.0,0.0000,0.0000,0,250.000,,0,0.9495,,0.850,0,
5403,8,120,fog-129,1,fog,1400.0,0.0000,0.0000,0,250.000,,0,0.9456,,0.850,0,
5404,8,120,fog-129,1,fog,1500.0,0.0000,0.0000,0,250.000,,0,0.9417,,0.850,0,
5405,8,120,fog-129,1,fog,1600.0,0.0000,0.0000,0,250.000,,0,0.9378,,0.850,0,
5406,8,120,fog-129,1,fog,1700.0,0.0000,0.0000,0,250.000,,0,0.9339,,0.850,0,
5407,8,120,fog-129,1,fog,1800.0,0.0000,0.0000,0,250.000,,0,0.9300,,0.850,0,
5408,8,120,fog-129,1,fog,1900.0,0.0000,0.0000,0,250.000,,0,0.9262,,0.850,0,
5409,8,120,fog-129,1,fog,2000.0,0.0000,0.0000,0,250.000,,0,0.9223,,0.850,0,
5410,8,120,fog-129,1,fog,2100.0,0.0000,0.0000,0,250.000,,0,0.9184,,0.850,0,
5411,8,120,fog-129,1,fog,2200.0,0.0000,0.0000,0,250.000,,0,0.9145,,0.850,0,
5412,8,120,fog-129,1,fog,2300.0,0.0000,0.0000,0,250.000,,0,0.9106,,0.850,0,
5413,8,120,fog-129,1,fog,2400.0,0.0000,0.0000,0,250.000,,0,0.9067,,0.850,0,
5414,8,120,fog-129,1,fog,2500.0,0.0000,0.0000,0,250.000,,0,0.9028,,0.850,0,
5415,8,120,fog-129,1,fog,2600.0,0.0000,0.0000,0,250.000,,0,0.8990,,0.850,0,
5416,8,120,fog-129,1,fog,2700.0,0.0000,0.0000,0,250.000,,0,0.8951,,0.850,0,
5417,8,120,fog-129,1,fog,2800.0,0.0000,0.0000,0,250.000,,0,0.8912,,0.850,0,
5418,8,120,fog-129,1,fog,2900.0,0.0000,0.0000,0,250.000,,0,0.8873,,0.850,0,
5419,8,120,fog-129,1,fog,3000.0,0.0000,0.0000,0,250.000,,0,0.8834,,0.850,0,
5420,8,120,fog-129,1,fog,3100.0,0.0000,0.0000,0,250.000,,0,0.8795,,0.850,0,
5421,8,120,fog-129,1,fog,3200.0,0.0000,0.0000,0,250.000,,0,0.8756,,0.850,0,
5422,8,120,fog-129,1,fog,3300.0,0.0000,0.0000,0,250.000,,0,0.8717,,0.850,0,
5423,8,120,fog-129,1,fog,3400.0,0.0000,0.0000,0,250.000,,0,0.8679,,0.850,0,
5424,8,120,fog-129,1,fog,3500.0,0.0000,0.0000,0,250.000,,0,0.8640,,0.850,0,
5425,8,120,fog-129,1,fog,3600.0,0.0000,0.0000,0,250.000,,0,0.8601,,0.850,0,
5426,8,120,fog-129,1,fog,3700.0,0.0000,0.0000,0,250.000,,0,0.8562,,0.850,0,
5427,8,120,fog-129,1,fog,3800.0,0.0000,0.0000,0,250.000,,0,0.8523,,0.850,0,
5428,8,120,fog-129,1,fog,3900.0,0.0000,0.0000,0,250.000,,0,0.8484,,0.850,0,
5429,8,120,fog-129,1,fog,4000.0,0.0000,0.0000,0,250.000,,0,0.8445,,0.850,0,
5430,8,120,fog-129,1,fog,4100.0,0.0000,0.0000,0,250.000,,0,0.8407,,0.850,0,
5431,8,120,fog-129,1,fog,4200.0,0.0000,0.0000,0,250.000,,0,0.8368,,0.850,0,
5432,8,120,fog-129,1,fog,4300.0,0.0000,0.0000,0,250.000,,0,0.8329,,0.850,0,
5433,8,120,fog-129,1,fog,4400.0,0.0000,0.0000,0,250.000,,0,0.8290,,0.850,0,
5434,8,120,fog-129,1,fog,4500.0,0.0000,0.0000,0,250.000,,0,0.8251,,0.850,0,
5435,8,120,fog-129,1,fog,4600.0,0.0000,0.0000,0,250.000,,0,0.8212,,0.850,0,
5436,8,120,fog-129,1,fog,4700.0,0.0000,0.0000,0,250.000,,0,0.8173,,0.850,0,
5437,8,120,fog-129,1,fog,4800.0,0.0000,0.0000,0,250.000,,0,0.8135,,0.850,0,
5438,8,120,fog-129,1,fog,4900.0,0.0000,0.0000,0,250.000,,0,0.8096,,0.850,0,
5439,8,120,fog-129,1,fog,5000.0,0.0000,0.0000,0,250.000,,0,0.8057,,0.850,0,
5440,8,121,fog-130,1,fog,0.0,0.0000,0.0000,0,250.000,,0,1.0000,,0.850,0,2644.6
5441,8,121,fog-130,1,fog,100.0,0.0000,0.0000,8,252.000,1.0000,0,0.9961,,0.850,0,2644.6
5442,8,121,fog-130,1,fog,200.0,0.0000,0.0000,8,252.000,0.3514,0,0.9922,,0.850,0,2644.6
5443,8,121,fog-130,1,fog,300.0,0.0000,0.0000,8,252.000,0.3514,0,0.9883,,0.850,0,2644.6
5444,8,121,fog-130,1,fog,400.0,0.0000,0.0000,10,252.500,0.0000,0,0.9845,,0.850,0,2644.6
5445,8,121,fog-130,1,fog,500.0,0.0000,0.0000,10,252.500,0.0000,0,0.9806,,0.850,0,2644.6
5446,8,121,fog-130,1,fog,600.0,0.0000,0.0000,10,252.500,0.0000,0,0.9767,,0.850,0,2644.6
5447,8,121,fog-130,1,fog,700.0,0.0000,0.0000,39,257.250,1.0000,0,0.9728,,0.850,0,2644.6
5448,8,121,fog-130,1,fog,800.0,0.0000,0.0000,35,256.750,1.0000,0,0.9689,,0.850,0,2644.6
5449,8,121,fog-130,1,fog,900.0,0.0000,0.0000,35,256.750,1.0000,0,0.9650,,0.850,0,2644.6
5450,8,121,fog-130,1,fog,1000.0,0.0000,0.0000,21,255.000,1.0000,0,0.9611,,0.850,0,2644.6
5451,8,121,fog-130,1,fog,1100.0,0.0000,0.0000,0,250.000,,0,0.9572,,0.850,0,2644.6
5452,8,121,fog-130,1,fog,1200.0,0.0000,0.0000,0,250.000,,0,0.9534,,0.850,0,2644.6
5453,8,121,fog-130,1,fog,1300.0,0.0000,0.0000,0,250.000,,0,0.9495,,0.850,0,2644.6
5454,8,121,fog-130,1,fog,1400.0,0.0000,0.0000,9,252.250,0.2940,0,0.9456,,0.850,0,2644.6
5455,8,121,fog-130,1,fog,1500.0,0.0000,0.0000,8,252.000,0.3514,0,0.9417,,0.850,0,2644.6
5456,8,121,fog-130,1,fog,1600.0,0.0000,0.0000,10,252.500,0.0000,0,0.9378,,0.850,0,2644.6
5457,8,121,fog-130,1,fog,1700.0,0.0000,0.0000,9,252.250,0.2940,0,0.9339,,0.850,0,2644.6
5458,8,121,fog-130,1,fog,1800.0,0.0000,0.0000,0,250.000,,0,0.9300,,0.850,0,2644.6
5459,8,121,fog-130,1,fog,1900.0,0.0000,0.0000,0,250.000,,0,0.9262,,0.850,0,2644.6
5460,8,121,fog-130,1,fog,2000.0,0.0000,0.0000,0,250.000,,0,0.9223,,0.850,0,2644.6
5461,8,121,fog-130,1,fog,2100.0,0.0000,0.0000,8,252.000,0.3514,0,0.9184,,0.850,0,2644.6
5462,8,121,fog-130,1,fog,2200.0,0.0000,0.0000,21,255.000,1.0000,0,0.9145,,0.850,0,2644.6
5463,8,121,fog-130,1,fog,2300.0,0.0000,0.0000,17,254.250,0.8819,0,0.9106,,0.850,0,2644.6
5464,8,121,fog-130,1,fog,2400.0,0.0000,0.0000,19,254.750,1.0000,0,0.9067,,0.850,0,2644.6
5465,8,121,fog-130,1,fog,2500.0,0.0000,0.0000,55,259.250,1.0000,0,0.9028,,0.850,1,2644.6
5466,8,121,fog-130,1,fog,2600.0,0.0000,0.0000,67,260.750,1.0000,0,0.8990,,0.850,1,2644.6
5467,8,122,edge-0,2,edge,0.0,0.0000,0.0100,0,1.519,,1,1.0000,,0.700,0,
5468,8,122,edge-0,2,edge,100.0,0.0404,0.0100,14,2.084,1.0000,1,0.9911,,0.700,0,
5469,8,122,edge-0,2,edge,200.0,0.1008,0.0100,49,3.099,1.0000,1,0.9874,,0.700,0,
5470,8,122,edge-0,2,edge,300.0,0.1014,0.0100,62,3.419,1.0000,1,0.9836,,0.700,0,
5471,8,122,edge-0,2,edge,400.0,0.1010,0.0100,38,3.063,1.0000,2,0.9676,,0.700,0,
5472,8,122,edge-0,2,edge,500.0,0.1010,0.0100,35,3.018,1.0000,1,0.9486,,0.700,0,
5473,8,122,edge-0,2,edge,600.0,0.1013,0.0100,49,3.228,1.0000,1,0.9295,,0.700,0,
5474,8,122,edge-0,2,edge,700.0,0.1000,0.0100,20,2.625,0.9410,2,0.9105,,0.700,0,
5475,8,122,edge-0,2,edge,800.0,0.1000,0.0100,28,2.770,1.0000,2,0.8914,,0.700,0,
5476,8,122,edge-0,2,edge,900.0,0.1000,0.0100,28,2.770,1.0000,1,0.8724,,0.700,0,
5477,8,122,edge-0,2,edge,1000.0,0.1000,0.0100,28,2.770,1.0000,1,0.8533,,0.700,0,
5478,8,122,edge-0,2,edge,1100.0,0.1014,0.0100,54,3.076,1.0000,2,0.8343,,0.700,0,
5479,8,122,edge-0,2,edge,1200.0,0.1000,0.0100,26,2.724,1.0000,2,0.8152,,0.700,0,
5480,8,122,edge-0,2,edge,1300.0,0.1006,0.0100,49,3.230,1.0000,3,0.7962,,0.700,0,
5481,8,122,edge-0,2,edge,1400.0,0.1004,0.0100,39,3.085,1.0000,3,0.7772,,0.700,0,
5482,8,122,edge-0,2,edge,1500.0,0.1014,0.0100,54,3.314,1.0000,4,0.7581,,0.700,0,
5483,8,122,edge-0,2,edge,1600.0,0.1000,0.0100,26,2.634,1.0000,4,0.7391,,0.700,0,
5484,8,122,edge-0,2,edge,1700.0,0.1000,0.0100,25,2.629,0.9980,3,0.7200,,0.700,0,
5485,8,122,edge-0,2,edge,1800.0,0.1000,0.0100,25,2.629,0.9980,2,0.7010,,0.700,0,
5486,8,122,edge-0,2,edge,1900.0,0.1000,0.0100,28,2.679,1.0000,2,0.6819,,0.700,0,
5487,8,122,edge-0,2,edge,2000.0,0.1000,0.0100,25,2.629,0.9980,1,0.6629,,0.700,0,
5488,8,122,edge-0,2,edge,2100.0,0.1000,0.0100,25,2.629,0.9980,0,0.6438,,0.700,0,
5489,8,122,edge-0,2,edge,2200.0,0.1000,0.0100,25,2.629,0.9980,0,0.6248,,0.700,0,
5490,8,122,edge-0,2,edge,2300.0,0.1000,0.0100,41,3.227,1.0000,1,0.6057,,0.700,0,
5491,8,122,edge-0,2,edge,2400.0,0.1000,0.0100,25,2.728,0.9980,2,0.5867,,0.700,0,
5492,8,122,edge-0,2,edge,2500.0,0.1000,0.0100,56,3.865,1.0000,3,0.5676,,0.700,0,
5493,8,122,edge-0,2,edge,2600.0,0.1000,0.0100,28,2.804,1.0000,4,0.5486,,0.700,0,
5494,8,122,edge-0,2,edge,2700.0,0.1000,0.0100,33,3.325,1.0000,5,0.5295,,0.700,0,
5495,8,122,edge-0,2,edge,2800.0,0.1000,0.0100,22,2.748,0.9410,5,0.5105,,0.700,0,
5496,8,122,edge-0,2,edge,2900.0,0.1000,0.0100,22,2.748,0.9410,4,0.4914,,0.700,0,
5497,8,122,edge-0,2,edge,3000.0,0.1000,0.0100,25,2.798,0.9980,3,0.4724,,0.700,0,
5498,8,122,edge-0,2,edge,3100.0,0.1000,0.0100,22,2.748,0.9410,2,0.4533,,0.700,0,
5499,8,122,edge-0,2,edge,3200.0,0.1000,0.0100,28,2.848,1.0000,1,0.4343,,0.700,0,
5500,8,122,edge-0,2,edge,3300.0,0.1000,0.0100,28,2.848,1.0000,0,0.4152,,0.700,0,
5501,8,122,edge-0,2,edge,3400.0,0.1000,0.0100,19,2.908,0.8803,1,0.3962,,0.700,0,
5502,8,122,edge-0,2,edge,3500.0,0.1000,0.0100,28,3.058,1.0000,1,0.3772,,0.700,0,
5503,8,122,edge-0,2,edge,3600.0,0.1000,0.0100,25,3.008,0.9980,1,0.3581,,0.700,0,
5504,8,122,edge-0,2,edge,3700.0,0.1000,0.0100,25,3.008,0.9980,1,0.3391,,0.700,0,
5505,8,122,edge-0,2,edge,3800.0,0.1000,0.0100,28,2.797,1.0000,1,0.3200,,0.700,0,
5506,8,122,edge-0,2,edge,3900.0,0.1014,0.0100,57,3.552,1.0000,1,0.3010,,0.700,0,
5507,8,122,edge-0,2,edge,4000.0,0.1000,0.0100,20,2.724,0.9410,2,0.2819,,0.700,0,
5508,8,122,edge-0,2,edge,4100.0,0.1000,0.0100,54,4.062,1.0000,3,0.2629,,0.700,0,
5509,8,122,edge-0,2,edge,4200.0,0.1000,0.0100,22,2.775,0.9410,4,0.2438,,0.700,0,
5510,8,122,edge-0,2,edge,4300.0,0.1000,0.0100,28,2.875,1.0000,4,0.2248,,0.700,0,
5511,8,122,edge-0,2,edge,4400.0,0.1000,0.0100,28,2.875,1.0000,3,0.2057,,0.700,0,
5512,8,122,edge-0,2,edge,4500.0,0.1010,0.0100,57,3.609,1.0000,3,0.1867,,0.700,0,
5513,8,122,edge-0,2,edge,4600.0,0.1000,0.0100,26,2.861,1.0000,3,0.1676,,0.700,0,
5514,8,122,edge-0,2,edge,4700.0,0.1000,0.0100,25,2.856,0.9980,2,0.1486,,0.700,0,
5515,8,122,edge-0,2,edge,4800.0,0.1000,0.0100,25,2.910,0.9980,2,0.1295,,0.700,0,
5516,8,122,edge-0,2,edge,4900.0,0.1000,0.0100,46,3.487,0.9924,3,0.1105,,0.700,0,
5517,8,122,edge-0,2,edge,5000.0,0.1000,0.0100,62,3.987,1.0000,2,0.0914,,0.700,0,
5518,8,125,edge-1,2,edge,0.0,0.0000,0.0100,0,1.633,,1,1.0000,,0.700,0,
5519,8,125,edge-1,2,edge,100.0,0.0401,0.0100,11,2.138,1.0000,1,0.9911,,0.700,0,
5520,8,125,edge-1,2,edge,200.0,0.1011,0.0100,57,3.423,1.0000,1,0.9873,,0.700,0,
5521,8,125,edge-1,2,edge,300.0,0.1006,0.0100,37,2.953,0.9923,1,0.9837,,0.700,0,
5522,8,125,edge-1,2,edge,400.0,0.1000,0.0100,28,2.770,0.8318,2,0.9799,,0.700,0,
5523,8,125,edge-1,2,edge,500.0,0.1000,0.0100,28,2.770,0.8318,1,0.9761,,0.700,0,
5524,8,125,edge-1,2,edge,600.0,0.1000,0.0100,28,2.770,0.8318,1,0.9723,,0.700,0,
5525,8,125,edge-1,2,edge,700.0,0.1000,0.0100,28,2.770,0.8318,1,0.9685,,0.700,0,
5526,8,125,edge-1,2,edge,800.0,0.1000,0.0100,25,2.538,0.8015,2,0.9647,,0.700,0,
5527,8,125,edge-1,2,edge,900.0,0.1013,0.0100,52,3.199,1.0000,2,0.9609,,0.700,0,
5528,8,125,edge-1,2,edge,1000.0,0.1001,0.0100,32,2.970,1.0000,3,0.9572,,0.700,0,
5529,8,125,edge-1,2,edge,1100.0,0.1000,0.0100,28,2.900,0.8318,4,0.9534,,0.700,0,
5530,8,125,edge-1,2,edge,1200.0,0.1000,0.0100,28,2.900,0.8318,4,0.9496,,0.700,0,
5531,8,125,edge-1,2,edge,1300.0,0.1000,0.0100,25,2.850,0.7980,3,0.9458,,0.700,0,
5532,8,125,edge-1,2,edge,1400.0,0.1000,0.0100,25,2.850,0.8015,2,0.9422,,0.700,0,
5533,8,125,edge-1,2,edge,1500.0,0.1000,0.0100,19,2.750,0.7280,1,0.9384,,0.700,0,
5534,8,125,edge-1,2,edge,1600.0,0.1000,0.0100,22,2.800,0.7642,0,0.9346,,0.700,0,
5535,8,125,edge-1,2,edge,1700.0,0.1007,0.0100,43,3.786,0.9509,1,0.9310,,0.700,0,
5536,8,125,edge-1,2,edge,1800.0,0.1010,0.0100,32,3.396,1.0000,1,0.9150,,0.700,0,
5537,8,125,edge-1,2,edge,1900.0,0.1011,0.0100,58,3.896,1.0000,1,0.8959,,0.700,0,
5538,8,125,edge-1,2,edge,2000.0,0.1000,0.0100,23,2.740,0.9980,2,0.8769,,0.700,0,
5539,8,125,edge-1,2,edge,2100.0,0.1000,0.0100,25,2.799,0.9980,3,0.8578,,0.700,0,
5540,8,125,edge-1,2,edge,2200.0,0.1000,0.0100,22,2.749,0.9410,2,0.8388,,0.700,0,
5541,8,125,edge-1,2,edge,2300.0,0.1000,0.0100,22,2.749,0.9410,2,0.8197,,0.700,0,
5542,8,125,edge-1,2,edge,2400.0,0.1000,0.0100,22,2.749,0.9410,2,0.8007,,0.700,0,
5543,8,125,edge-1,2,edge,2500.0,0.1014,0.0100,57,3.647,1.0000,2,0.7817,,0.700,0,
5544,8,125,edge-1,2,edge,2600.0,0.1010,0.0100,51,3.642,1.0000,1,0.7626,,0.700,0,
5545,8,125,edge-1,2,edge,2700.0,0.1006,0.0100,41,3.467,1.0000,1,0.7436,,0.700,0,
5546,8,125,edge-1,2,edge,2800.0,0.1003,0.0100,38,3.367,1.0000,1,0.7245,,0.700,0,
5547,8,125,edge-1,2,edge,2900.0,0.1007,0.0100,58,4.072,1.0000,1,0.7055,,0.700,0,
5548,8,125,edge-1,2,edge,3000.0,0.1008,0.0100,55,3.882,1.0000,0,0.6864,,0.700,0,
5549,8,125,edge-1,2,edge,3100.0,0.1010,0.0100,38,3.205,1.0000,1,0.6674,,0.700,0,
5550,8,125,edge-1,2,edge,3200.0,0.1007,0.0100,37,3.340,1.0000,1,0.6483,,0.700,0,
5551,8,125,edge-1,2,edge,3300.0,0.1015,0.0100,61,3.665,1.0000,1,0.6293,,0.700,0,
5552,8,125,edge-1,2,edge,3400.0,0.1013,0.0100,46,3.315,1.0000,1,0.6102,,0.700,0,
5553,8,125,edge-1,2,edge,3500.0,0.1007,0.0100,46,3.440,1.0000,1,0.5912,,0.700,0,
5554,8,125,edge-1,2,edge,3600.0,0.1000,0.0100,28,2.801,1.0000,1,0.5721,,0.700,0,
5555,8,125,edge-1,2,edge,3700.0,0.1000,0.0100,28,2.678,1.0000,2,0.5531,,0.700,0,
5556,8,125,edge-1,2,edge,3800.0,0.1000,0.0100,25,2.763,0.9980,3,0.5340,,0.700,0,
5557,8,125,edge-1,2,edge,3900.0,0.1000,0.0100,22,2.564,0.9410,4,0.5150,,0.700,0,
5558,8,125,edge-1,2,edge,4000.0,0.1000,0.0100,19,2.568,0.8803,5,0.4959,,0.700,0,
5559,8,125,edge-1,2,edge,4100.0,0.1000,0.0100,28,2.627,1.0000,5,0.4769,,0.700,0,
5560,8,125,edge-1,2,edge,4200.0,0.1011,0.0100,41,3.195,1.0000,5,0.4578,,0.700,0,
5561,8,125,edge-1,2,edge,4300.0,0.1000,0.0100,23,2.522,0.9980,5,0.4388,,0.700,0,
5562,8,125,edge-1,2,edge,4400.0,0.1013,0.0100,51,3.085,1.0000,5,0.4197,,0.700,0,
5563,8,125,edge-1,2,edge,4500.0,0.1000,0.0100,20,2.602,0.9410,5,0.4007,,0.700,0,
5564,8,125,edge-1,2,edge,4600.0,0.1000,0.0100,16,2.565,0.8151,5,0.3817,,0.700,0,
5565,8,125,edge-1,2,edge,4700.0,0.1000,0.0100,25,2.715,0.9980,4,0.3626,,0.700,0,
5566,8,125,edge-1,2,edge,4800.0,0.1000,0.0100,25,2.715,0.9980,3,0.3436,,0.700,0,
5567,8,125,edge-1,2,edge,4900.0,0.1013,0.0100,50,3.199,1.0000,3,0.3245,,0.700,0,
5568,8,125,edge-1,2,edge,5000.0,0.1000,0.0100,22,2.724,0.9410,3,0.3055,,0.700,0,
5569,8,128,edge-2,2,edge,0.0,0.0000,0.0100,0,1.691,,1,1.0000,,0.700,0,
5570,8,128,edge-2,2,edge,100.0,0.0400,0.0100,8,2.091,0.8914,1,0.9911,,0.700,0,
5571,8,128,edge-2,2,edge,200.0,0.1000,0.0100,22,2.591,0.7671,1,0.9873,,0.700,0,
5572,8,128,edge-2,2,edge,300.0,0.1000,0.0100,22,2.591,0.7671,1,0.9836,,0.700,0,
5573,8,128,edge-2,2,edge,400.0,0.1000,0.0100,28,2.691,0.8318,1,0.9798,,0.700,0,
5574,8,128,edge-2,2,edge,500.0,0.1000,0.0100,25,2.646,0.8015,1,0.9760,,0.700,0,
5575,8,128,edge-2,2,edge,600.0,0.1013,0.0100,49,3.189,1.0000,2,0.9722,,0.700,0,
5576,8,128,edge-2,2,edge,700.0,0.1000,0.0100,28,2.684,0.8318,3,0.9685,,0.700,0,
5577,8,128,edge-2,2,edge,800.0,0.1013,0.0100,52,3.234,1.0000,4,0.9647,,0.700,0,
5578,8,128,edge-2,2,edge,900.0,0.1001,0.0100,25,2.566,0.8795,5,0.9609,,0.700,0,
5579,8,128,edge-2,2,edge,1000.0,0.1000,0.0100,22,2.511,0.7671,4,0.9572,,0.700,0,
5580,8,128,edge-2,2,edge,1100.0,0.1000,0.0100,28,2.729,0.8318,4,0.9534,,0.700,0,
5581,8,128,edge-2,2,edge,1200.0,0.1000,0.0100,28,2.849,0.8318,4,0.9496,,0.700,0,
5582,8,128,edge-2,2,edge,1300.0,0.1000,0.0100,16,2.558,0.6818,4,0.9458,,0.700,0,
5583,8,128,edge-2,2,edge,1400.0,0.1000,0.0100,25,2.708,0.7980,3,0.9422,,0.700,0,
5584,8,128,edge-2,2,edge,1500.0,0.1000,0.0100,48,3.329,1.0000,4,0.9385,,0.700,0,
5585,8,128,edge-2,2,edge,1600.0,0.1000,0.0100,38,3.129,0.8568,3,0.9348,,0.700,0,
5586,8,128,edge-2,2,edge,1700.0,0.1004,0.0100,45,3.094,1.0000,2,0.9310,,0.700,0,
5587,8,128,edge-2,2,edge,1800.0,0.1007,0.0100,54,3.304,1.0000,1,0.9272,,0.700,0,
5588,8,128,edge-2,2,edge,1900.0,0.1000,0.0100,25,2.818,0.8015,2,0.9234,,0.700,0,
5589,8,128,edge-2,2,edge,2000.0,0.1000,0.0100,28,2.868,0.8318,1,0.9196,,0.700,0,
5590,8,128,edge-2,2,edge,2100.0,0.1000,0.0100,19,2.718,0.7280,1,0.9158,,0.700,0,
5591,8,128,edge-2,2,edge,2200.0,0.1000,0.0100,25,2.818,0.8015,1,0.9120,,0.700,0,
5592,8,128,edge-2,2,edge,2300.0,0.1000,0.0100,25,2.818,0.8015,1,0.9082,,0.700,0,
5593,8,128,edge-2,2,edge,2400.0,0.1000,0.0100,25,2.818,0.8015,0,0.9044,,0.700,0,
5594,8,128,edge-2,2,edge,2500.0,0.1006,0.0100,47,3.512,0.9804,1,0.9006,,0.700,0,
5595,8,128,edge-2,2,edge,2600.0,0.1011,0.0100,53,3.582,1.0000,1,0.8968,,0.700,0,
5596,8,128,edge-2,2,edge,2700.0,0.1014,0.0100,52,3.642,1.0000,1,0.8930,,0.700,0,
5597,8,128,edge-2,2,edge,2800.0,0.1000,0.0100,28,2.718,0.8318,2,0.8894,,0.700,0,
5598,8,128,edge-2,2,edge,2900.0,0.1000,0.0100,51,3.538,0.8410,3,0.8856,,0.700,0,
5599,8,128,edge-2,2,edge,3000.0,0.1000,0.0100,22,2.589,0.7671,3,0.8818,,0.700,0,
5600,8,128,edge-2,2,edge,3100.0,0.1000,0.0100,22,2.589,0.7642,3,0.8780,,0.700,0,
5601,8,128,edge-2,2,edge,3200.0,0.1000,0.0100,22,2.589,0.7671,3,0.8744,,0.700,0,
5602,8,128,edge-2,2,edge,3300.0,0.1007,0.0100,57,3.490,1.0000,3,0.8706,,0.700,0,
5603,8,128,edge-2,2,edge,3400.0,0.1007,0.0100,61,3.540,1.0000,2,0.8669,,0.700,0,
5604,8,128,edge-2,2,edge,3500.0,0.1000,0.0100,38,3.233,0.9793,2,0.8632,,0.700,0,
5605,8,128,edge-2,2,edge,3600.0,0.1000,0.0100,37,3.183,0.9731,2,0.8594,,0.700,0,
5606,8,128,edge-2,2,edge,3700.0,0.1000,0.0100,33,3.033,0.9190,2,0.8556,,0.700,0,
5607,8,128,edge-2,2,edge,3800.0,0.1000,0.0100,63,4.020,0.9790,2,0.8518,,0.700,0,
5608,8,128,edge-2,2,edge,3900.0,0.1000,0.0100,25,2.778,0.8015,3,0.8480,,0.700,0,
5609,8,128,edge-2,2,edge,4000.0,0.1000,0.0100,25,2.778,0.7980,2,0.8442,,0.700,0,
5610,8,128,edge-2,2,edge,4100.0,0.1000,0.0100,28,3.062,0.8318,3,0.8406,,0.700,0,
5611,8,128,edge-2,2,edge,4200.0,0.1000,0.0100,25,3.012,0.8015,3,0.8368,,0.700,0,
5612,8,128,edge-2,2,edge,4300.0,0.1000,0.0100,25,3.012,0.7980,2,0.8330,,0.700,0,
5613,8,128,edge-2,2,edge,4400.0,0.1000,0.0100,22,2.962,0.7642,1,0.8294,,0.700,0,
5614,8,128,edge-2,2,edge,4500.0,0.1000,0.0100,25,3.012,0.7980,1,0.8258,,0.700,0,
5615,8,128,edge-2,2,edge,4600.0,0.1000,0.0100,25,3.012,0.8015,0,0.8221,,0.700,0,
5616,8,128,edge-2,2,edge,4700.0,0.1000,0.0100,28,3.062,0.8318,0,0.8184,,0.700,0,
5617,8,128,edge-2,2,edge,4800.0,0.1000,0.0100,22,2.605,0.7671,0,0.8146,,0.700,0,
5618,8,128,edge-2,2,edge,4900.0,0.1000,0.0100,25,2.655,0.8015,0,0.8108,,0.700,0,
5619,8,128,edge-2,2,edge,5000.0,0.1000,0.0100,25,2.655,0.8015,0,0.8070,,0.700,0,
5620,8,131,edge-3,2,edge,0.0,0.0000,0.0100,0,1.823,,1,1.0000,,0.700,0,4083.5
5621,8,131,edge-3,2,edge,100.0,0.0400,0.0100,8,2.223,0.8914,1,0.9911,,0.700,0,4083.5
5622,8,131,edge-3,2,edge,200.0,0.1010,0.0100,53,3.546,1.0000,2,0.9873,,0.700,0,4083.5
5623,8,131,edge-3,2,edge,300.0,0.1000,0.0100,28,2.747,0.8318,3,0.9837,,0.700,0,4083.5
5624,8,131,edge-3,2,edge,400.0,0.1000,0.0100,25,2.697,0.8015,3,0.9799,,0.700,0,4083.5
5625,8,131,edge-3,2,edge,500.0,0.1000,0.0100,25,2.697,0.8015,2,0.9761,,0.700,0,4083.5
5626,8,131,edge-3,2,edge,600.0,0.1000,0.0100,28,2.747,0.8318,2,0.9723,,0.700,0,4083.5
5627,8,131,edge-3,2,edge,700.0,0.1000,0.0100,28,2.987,0.8318,1,0.9685,,0.700,0,4083.5
5628,8,131,edge-3,2,edge,800.0,0.1000,0.0100,28,2.700,0.8318,0,0.9648,,0.700,0,4083.5
5629,8,131,edge-3,2,edge,900.0,0.1000,0.0100,39,2.999,0.9944,1,0.9610,,0.700,0,4083.5
5630,8,131,edge-3,2,edge,1000.0,0.1000,0.0100,40,3.049,1.0000,1,0.9572,,0.700,0,4083.5
5631,8,131,edge-3,2,edge,1100.0,0.1000,0.0100,22,2.780,0.7671,2,0.9534,,0.700,0,4083.5
5632,8,131,edge-3,2,edge,1200.0,0.1000,0.0100,22,2.780,0.7642,2,0.9496,,0.700,0,4083.5
5633,8,131,edge-3,2,edge,1300.0,0.1000,0.0100,25,2.830,0.8015,2,0.9460,,0.700,0,4083.5
5634,8,131,edge-3,2,edge,1400.0,0.1000,0.0100,19,2.550,0.7280,2,0.9422,,0.700,0,4083.5
5635,8,131,edge-3,2,edge,1500.0,0.1000,0.0100,28,2.856,0.8318,3,0.9384,,0.700,0,4083.5
5636,8,131,edge-3,2,edge,1600.0,0.1000,0.0100,22,2.586,0.7671,3,0.9346,,0.700,0,4083.5
5637,8,131,edge-3,2,edge,1700.0,0.1000,0.0100,25,2.636,0.8015,3,0.9308,,0.700,0,4083.5
5638,8,131,edge-3,2,edge,1800.0,0.1000,0.0100,25,2.818,0.8015,4,0.9270,,0.700,0,4083.5
5639,8,131,edge-3,2,edge,1900.0,0.1000,0.0100,28,2.651,0.8318,4,0.9232,,0.700,0,4083.5
5640,8,131,edge-3,2,edge,2000.0,0.1000,0.0100,28,2.682,0.8318,4,0.9194,,0.700,0,4083.5
5641,8,131,edge-3,2,edge,2100.0,0.1000,0.0100,25,2.632,0.8015,3,0.9157,,0.700,0,4083.5
5642,8,131,edge-3,2,edge,2200.0,0.1000,0.0100,22,2.602,0.7671,4,0.9119,,0.700,0,4083.5
5643,8,131,edge-3,2,edge,2300.0,0.1000,0.0100,25,2.838,0.8015,4,0.9081,,0.700,0,4083.5
5644,8,131,edge-3,2,edge,2400.0,0.1000,0.0100,28,2.888,0.8318,3,0.9043,,0.700,0,4083.5
5645,8,131,edge-3,2,edge,2500.0,0.1000,0.0100,25,2.838,0.8015,2,0.9005,,0.700,0,4083.5
5646,8,131,edge-3,2,edge,2600.0,0.1000,0.0100,22,2.788,0.7671,2,0.8967,,0.700,0,4083.5
5647,8,131,edge-3,2,edge,2700.0,0.1000,0.0100,22,2.788,0.7671,1,0.8929,,0.700,0,4083.5
5648,8,131,edge-3,2,edge,2800.0,0.1000,0.0100,22,2.788,0.7671,0,0.8891,,0.700,0,4083.5
5649,8,131,edge-3,2,edge,2900.0,0.1000,0.0100,28,2.888,0.8318,0,0.8853,,0.700,0,4083.5
5650,8,131,edge-3,2,edge,3000.0,0.1000,0.0100,19,2.578,0.7280,1,0.8815,,0.700,0,4083.5
5651,8,131,edge-3,2,edge,3100.0,0.1000,0.0100,28,2.728,0.8318,1,0.8777,,0.700,0,4083.5
5652,8,131,edge-3,2,edge,3200.0,0.1000,0.0100,22,2.628,0.7671,1,0.8740,,0.700,0,4083.5
5653,8,131,edge-3,2,edge,3300.0,0.1000,0.0100,16,2.528,0.6836,1,0.8702,,0.700,0,4083.5
5654,8,131,edge-3,2,edge,3400.0,0.1000,0.0100,28,2.709,0.8318,1,0.8664,,0.700,0,4083.5
5655,8,131,edge-3,2,edge,3500.0,0.1000,0.0100,16,2.340,0.6836,1,0.8626,,0.700,0,4083.5
5656,8,131,edge-3,2,edge,3600.0,0.1000,0.0100,25,2.490,0.8015,1,0.8588,,0.700,0,4083.5
5657,8,131,edge-3,2,edge,3700.0,0.1000,0.0100,19,2.610,0.7280,2,0.8550,,0.700,0,4083.5
5658,8,131,edge-3,2,edge,3800.0,0.1000,0.0100,28,2.536,0.8318,3,0.8512,,0.700,0,4083.5
5659,8,131,edge-3,2,edge,3900.0,0.1000,0.0100,28,3.016,0.8318,3,0.8474,,0.700,1,4083.5
5660,8,131,edge-3,2,edge,4000.0,0.1000,0.0100,25,2.966,0.8015,2,0.8436,,0.700,1,4083.5
5661,8,134,edge-4,2,edge,0.0,0.0000,0.0100,0,2.062,,1,1.0000,,0.700,0,
5662,8,134,edge-4,2,edge,100.0,0.0400,0.0100,8,2.462,0.8914,1,0.9911,,0.700,0,
5663,8,134,edge-4,2,edge,200.0,0.1000,0.0100,25,3.012,0.8015,1,0.9873,,0.700,0,
5664,8,134,edge-4,2,edge,300.0,0.1000,0.0100,22,2.765,0.7671,2,0.9836,,0.700,0,
5665,8,134,edge-4,2,edge,400.0,0.1001,0.0100,41,3.038,0.9978,3,0.9798,,0.700,0,
5666,8,134,edge-4,2,edge,500.0,0.1003,0.0100,40,2.893,1.0000,2,0.9760,,0.700,0,
5667,8,134,edge-4,2,edge,600.0,0.1007,0.0100,46,3.130,1.0000,3,0.9722,,0.700,0,
5668,8,134,edge-4,2,edge,700.0,0.1001,0.0100,34,2.889,0.9206,4,0.9684,,0.700,0,
5669,8,134,edge-4,2,edge,800.0,0.1003,0.0100,40,3.044,1.0000,3,0.9646,,0.700,0,
5670,8,134,edge-4,2,edge,900.0,0.1003,0.0100,35,2.994,1.0000,2,0.9608,,0.700,0,
5671,8,134,edge-4,2,edge,1000.0,0.1003,0.0100,36,3.161,1.0000,2,0.9570,,0.700,0,
5672,8,134,edge-4,2,edge,1100.0,0.1003,0.0100,33,3.161,1.0000,1,0.9532,,0.700,0,
5673,8,134,edge-4,2,edge,1200.0,0.1004,0.0100,37,3.316,1.0000,0,0.9494,,0.700,0,
5674,8,134,edge-4,2,edge,1300.0,0.1003,0.0100,45,3.361,1.0000,0,0.9456,,0.700,0,
5675,8,134,edge-4,2,edge,1400.0,0.1000,0.0100,33,3.151,0.9614,0,0.9418,,0.700,0,
5676,8,134,edge-4,2,edge,1500.0,0.1000,0.0100,25,2.884,0.7980,1,0.9380,,0.700,0,
5677,8,134,edge-4,2,edge,1600.0,0.1000,0.0100,28,2.695,0.8318,1,0.9344,,0.700,0,
5678,8,134,edge-4,2,edge,1700.0,0.1000,0.0100,25,2.645,0.8015,1,0.9306,,0.700,0,
5679,8,134,edge-4,2,edge,1800.0,0.1000,0.0100,22,2.595,0.7642,1,0.9268,,0.700,0,
5680,8,134,edge-4,2,edge,1900.0,0.1000,0.0100,28,2.952,0.8318,2,0.9232,,0.700,0,
5681,8,134,edge-4,2,edge,2000.0,0.1000,0.0100,22,2.852,0.7671,1,0.9194,,0.700,0,
5682,8,134,edge-4,2,edge,2100.0,0.1000,0.0100,22,2.852,0.7642,1,0.9156,,0.700,0,
5683,8,134,edge-4,2,edge,2200.0,0.1000,0.0100,22,2.852,0.7671,1,0.9120,,0.700,0,
5684,8,134,edge-4,2,edge,2300.0,0.1000,0.0100,28,2.952,0.8318,1,0.9082,,0.700,0,
5685,8,134,edge-4,2,edge,2400.0,0.1000,0.0100,28,2.952,0.8318,0,0.9044,,0.700,0,
5686,8,134,edge-4,2,edge,2500.0,0.1000,0.0100,25,2.902,0.8015,0,0.9006,,0.700,0,
5687,8,134,edge-4,2,edge,2600.0,0.1000,0.0100,25,2.902,0.8015,0,0.8968,,0.700,0,
5688,8,134,edge-4,2,edge,2700.0,0.1000,0.0100,25,2.902,0.8015,0,0.8930,,0.700,0,
5689,8,134,edge-4,2,edge,2800.0,0.1000,0.0100,28,2.597,0.8318,1,0.8893,,0.700,0,
5690,8,134,edge-4,2,edge,2900.0,0.1000,0.0100,22,2.610,0.7671,2,0.8855,,0.700,0,
5691,8,134,edge-4,2,edge,3000.0,0.1000,0.0100,22,2.655,0.7671,3,0.8817,,0.700,0,
5692,8,134,edge-4,2,edge,3100.0,0.1000,0.0100,22,2.655,0.7671,3,0.8779,,0.700,0,
5693,8,134,edge-4,2,edge,3200.0,0.1000,0.0100,28,2.755,0.8318,3,0.8741,,0.700,0,
5694,8,134,edge-4,2,edge,3300.0,0.1001,0.0100,34,2.938,0.8587,3,0.8703,,0.700,0,
5695,8,134,edge-4,2,edge,3400.0,0.1003,0.0100,44,3.093,1.0000,2,0.8665,,0.700,0,
5696,8,134,edge-4,2,edge,3500.0,0.1004,0.0100,38,2.998,1.0000,1,0.8627,,0.700,0,
5697,8,134,edge-4,2,edge,3600.0,0.1003,0.0100,36,2.943,1.0000,1,0.8589,,0.700,0,
5698,8,134,edge-4,2,edge,3700.0,0.1003,0.0100,32,2.793,0.9942,1,0.8551,,0.700,0,
5699,8,134,edge-4,2,edge,3800.0,0.1000,0.0100,25,2.641,0.8015,1,0.8513,,0.700,0,
5700,8,134,edge-4,2,edge,3900.0,0.1000,0.0100,28,2.691,0.8318,1,0.8475,,0.700,0,
5701,8,134,edge-4,2,edge,4000.0,0.1000,0.0100,25,2.641,0.8015,1,0.8437,,0.700,0,
5702,8,134,edge-4,2,edge,4100.0,0.1000,0.0100,22,2.608,0.7642,2,0.8400,,0.700,0,
5703,8,134,edge-4,2,edge,4200.0,0.1000,0.0100,28,2.692,0.8318,2,0.8363,,0.700,0,
5704,8,134,edge-4,2,edge,4300.0,0.1006,0.0100,37,3.120,1.0000,2,0.8188,,0.700,0,
5705,8,134,edge-4,2,edge,4400.0,0.1011,0.0100,59,3.635,1.0000,2,0.7998,,0.700,0,
5706,8,134,edge-4,2,edge,4500.0,0.1013,0.0100,62,3.745,1.0000,2,0.7807,,0.700,0,
5707,8,134,edge-4,2,edge,4600.0,0.1013,0.0100,61,3.711,1.0000,1,0.7617,,0.700,0,
5708,8,134,edge-4,2,edge,4700.0,0.1000,0.0100,25,2.576,0.9980,2,0.7426,,0.700,0,
5709,8,134,edge-4,2,edge,4800.0,0.1008,0.0100,51,3.339,1.0000,2,0.7236,,0.700,0,
5710,8,134,edge-4,2,edge,4900.0,0.1008,0.0100,47,3.265,1.0000,3,0.7045,,0.700,0,
5711,8,134,edge-4,2,edge,5000.0,0.1000,0.0100,20,2.470,0.9410,4,0.6855,,0.700,0,
5712,8,137,edge-5,2,edge,0.0,0.0000,0.0100,0,2.058,,1,1.0000,,0.700,0,
5713,8,137,edge-5,2,edge,100.0,0.0400,0.0100,6,2.358,0.6818,1,0.9911,,0.700,0,
5714,8,137,edge-5,2,edge,200.0,0.1000,0.0100,28,3.058,0.8318,1,0.9875,,0.700,0,
5715,8,137,edge-5,2,edge,300.0,0.1000,0.0100,28,3.058,0.8318,1,0.9837,,0.700,0,
5716,8,137,edge-5,2,edge,400.0,0.1000,0.0100,22,2.697,0.7671,1,0.9799,,0.700,0,
5717,8,137,edge-5,2,edge,500.0,0.1013,0.0100,52,3.497,1.0000,1,0.9640,,0.700,0,
5718,8,137,edge-5,2,edge,600.0,0.1000,0.0100,20,2.724,0.9410,2,0.9449,,0.700,0,
5719,8,137,edge-5,2,edge,700.0,0.1000,0.0100,33,2.862,1.0000,3,0.9259,,0.700,0,
5720,8,137,edge-5,2,edge,800.0,0.1000,0.0100,25,2.825,0.9980,4,0.9068,,0.700,0,
5721,8,137,edge-5,2,edge,900.0,0.1000,0.0100,28,2.875,1.0000,4,0.8878,,0.700,0,
5722,8,137,edge-5,2,edge,1000.0,0.1000,0.0100,22,2.775,0.9410,3,0.8687,,0.700,0,
5723,8,137,edge-5,2,edge,1100.0,0.1013,0.0100,52,3.419,1.0000,3,0.8497,,0.700,0,
5724,8,137,edge-5,2,edge,1200.0,0.1000,0.0100,23,2.811,0.9980,3,0.8306,,0.700,0,
5725,8,137,edge-5,2,edge,1300.0,0.1000,0.0100,25,2.856,0.9980,2,0.8116,,0.700,0,
5726,8,137,edge-5,2,edge,1400.0,0.1000,0.0100,22,2.860,0.9410,2,0.7925,,0.700,0,
5727,8,137,edge-5,2,edge,1500.0,0.1000,0.0100,35,2.987,1.0000,3,0.7735,,0.700,0,
5728,8,137,edge-5,2,edge,1600.0,0.1000,0.0100,40,3.087,1.0000,2,0.7544,,0.700,0,
5729,8,137,edge-5,2,edge,1700.0,0.1004,0.0100,47,3.197,1.0000,1,0.7354,,0.700,0,
5730,8,137,edge-5,2,edge,1800.0,0.1004,0.0100,43,3.107,1.0000,1,0.7164,,0.700,0,
5731,8,137,edge-5,2,edge,1900.0,0.1004,0.0100,45,3.202,1.0000,1,0.6973,,0.700,0,
5732,8,137,edge-5,2,edge,2000.0,0.1001,0.0100,45,3.292,1.0000,0,0.6783,,0.700,0,
5733,8,137,edge-5,2,edge,2100.0,0.1000,0.0100,39,3.137,1.0000,0,0.6592,,0.700,0,
5734,8,137,edge-5,2,edge,2200.0,0.1000,0.0100,28,2.691,1.0000,1,0.6402,,0.700,0,
5735,8,137,edge-5,2,edge,2300.0,0.1000,0.0100,22,2.591,0.9410,1,0.6211,,0.700,0,
5736,8,137,edge-5,2,edge,2400.0,0.1000,0.0100,25,2.641,0.9980,1,0.6021,,0.700,0,
5737,8,137,edge-5,2,edge,2500.0,0.1000,0.0100,25,2.641,0.9980,1,0.5830,,0.700,0,
5738,8,137,edge-5,2,edge,2600.0,0.1000,0.0100,22,2.591,0.9410,1,0.5640,,0.700,0,
5739,8,137,edge-5,2,edge,2700.0,0.1000,0.0100,28,2.691,1.0000,0,0.5449,,0.700,0,
5740,8,137,edge-5,2,edge,2800.0,0.1000,0.0100,22,2.688,0.9410,1,0.5259,,0.700,0,
5741,8,137,edge-5,2,edge,2900.0,0.1000,0.0100,22,2.501,0.9410,2,0.5068,,0.700,0,
5742,8,137,edge-5,2,edge,3000.0,0.1000,0.0100,46,3.430,1.0000,3,0.4878,,0.700,0,
5743,8,137,edge-5,2,edge,3100.0,0.1000,0.0100,22,2.698,0.9410,4,0.4687,,0.700,0,
5744,8,137,edge-5,2,edge,3200.0,0.1000,0.0100,19,2.408,0.8803,5,0.4497,,0.700,0,
5745,8,137,edge-5,2,edge,3300.0,0.1000,0.0100,25,2.732,0.9980,4,0.4306,,0.700,0,
5746,8,137,edge-5,2,edge,3400.0,0.1000,0.0100,25,2.732,0.9980,3,0.4116,,0.700,0,
5747,8,137,edge-5,2,edge,3500.0,0.1000,0.0100,28,2.782,1.0000,2,0.3925,,0.700,0,
5748,8,137,edge-5,2,edge,3600.0,0.1000,0.0100,28,2.782,1.0000,1,0.3735,,0.700,0,
5749,8,137,edge-5,2,edge,3700.0,0.1000,0.0100,25,2.635,0.9980,1,0.3544,,0.700,0,
5750,8,137,edge-5,2,edge,3800.0,0.1000,0.0100,22,2.585,0.9410,1,0.3354,,0.700,0,
5751,8,137,edge-5,2,edge,3900.0,0.1000,0.0100,25,2.635,0.9980,1,0.3164,,0.700,0,
5752,8,137,edge-5,2,edge,4000.0,0.1000,0.0100,25,2.635,0.9980,1,0.2973,,0.700,0,
5753,8,137,edge-5,2,edge,4100.0,0.1000,0.0100,28,2.685,1.0000,1,0.2783,,0.700,0,
5754,8,137,edge-5,2,edge,4200.0,0.1000,0.0100,28,2.685,1.0000,0,0.2592,,0.700,0,
5755,8,137,edge-5,2,edge,4300.0,0.1000,0.0100,28,2.685,1.0000,0,0.2402,,0.700,0,
5756,8,137,edge-5,2,edge,4400.0,0.1000,0.0100,25,2.635,0.9980,0,0.2211,,0.700,0,
5757,8,137,edge-5,2,edge,4500.0,0.1000,0.0100,25,2.567,0.9980,1,0.2021,,0.700,0,
5758,8,137,edge-5,2,edge,4600.0,0.1000,0.0100,28,2.839,1.0000,2,0.1830,,0.700,0,
5759,8,137,edge-5,2,edge,4700.0,0.1000,0.0100,22,2.498,0.9410,2,0.1640,,0.700,0,
5760,8,137,edge-5,2,edge,4800.0,0.1000,0.0100,54,3.789,1.0000,3,0.1449,,0.700,0,
5761,8,137,edge-5,2,edge,4900.0,0.1000,0.0100,51,3.789,1.0000,3,0.1259,,0.700,0,
5762,8,137,edge-5,2,edge,5000.0,0.1000,0.0100,25,2.533,0.9980,3,0.1068,,0.700,0,
5763,8,140,edge-6,2,edge,0.0,0.0000,0.0100,0,1.642,,1,1.0000,,0.700,0,
5764,8,140,edge-6,2,edge,100.0,0.0400,0.0100,8,2.042,0.8914,1,0.9911,,0.700,0,
5765,8,140,edge-6,2,edge,200.0,0.1000,0.0100,28,2.642,0.8318,1,0.9873,,0.700,0,
5766,8,140,edge-6,2,edge,300.0,0.1000,0.0100,25,2.592,0.8015,1,0.9836,,0.700,0,
5767,8,140,edge-6,2,edge,400.0,0.1000,0.0100,28,2.642,0.8318,1,0.9798,,0.700,0,
5768,8,140,edge-6,2,edge,500.0,0.1000,0.0100,25,2.738,0.8015,1,0.9760,,0.700,0,
5769,8,140,edge-6,2,edge,600.0,0.1000,0.0100,28,2.788,0.8318,1,0.9722,,0.700,0,
5770,8,140,edge-6,2,edge,700.0,0.1000,0.0100,28,2.788,0.8318,1,0.9684,,0.700,0,
5771,8,140,edge-6,2,edge,800.0,0.1000,0.0100,28,2.788,0.8318,1,0.9646,,0.700,0,
5772,8,140,edge-6,2,edge,900.0,0.1000,0.0100,25,2.738,0.8015,1,0.9608,,0.700,0,
5773,8,140,edge-6,2,edge,1000.0,0.1000,0.0100,25,2.738,0.8015,0,0.9570,,0.700,0,
5774,8,140,edge-6,2,edge,1100.0,0.1000,0.0100,25,2.738,0.8015,0,0.9532,,0.700,0,
5775,8,140,edge-6,2,edge,1200.0,0.1000,0.0100,28,2.788,0.8318,0,0.9494,,0.700,0,
5776,8,140,edge-6,2,edge,1300.0,0.1000,0.0100,28,2.788,0.8318,0,0.9456,,0.700,0,
5777,8,140,edge-6,2,edge,1400.0,0.1000,0.0100,25,2.641,0.8015,1,0.9419,,0.700,0,
5778,8,140,edge-6,2,edge,1500.0,0.1000,0.0100,22,2.591,0.7671,1,0.9381,,0.700,0,
5779,8,140,edge-6,2,edge,1600.0,0.1000,0.0100,28,2.691,0.8318,1,0.9343,,0.700,0,
5780,8,140,edge-6,2,edge,1700.0,0.1000,0.0100,25,2.641,0.8015,1,0.9305,,0.700,0,
5781,8,140,edge-6,2,edge,1800.0,0.1000,0.0100,28,2.819,0.8318,2,0.9267,,0.700,0,
5782,8,140,edge-6,2,edge,1900.0,0.1000,0.0100,28,2.610,0.8318,2,0.9229,,0.700,0,
5783,8,140,edge-6,2,edge,2000.0,0.1000,0.0100,25,2.861,0.8015,2,0.9191,,0.700,0,
5784,8,140,edge-6,2,edge,2100.0,0.1000,0.0100,19,2.761,0.7280,2,0.9153,,0.700,0,
5785,8,140,edge-6,2,edge,2200.0,0.1000,0.0100,22,2.494,0.7671,2,0.9115,,0.700,0,
5786,8,140,edge-6,2,edge,2300.0,0.1000,0.0100,22,2.667,0.7671,2,0.9077,,0.700,0,
5787,8,140,edge-6,2,edge,2400.0,0.1000,0.0100,25,2.748,0.8015,2,0.9040,,0.700,0,
5788,8,140,edge-6,2,edge,2500.0,0.1000,0.0100,28,2.576,0.8318,3,0.9002,,0.700,0,
5789,8,140,edge-6,2,edge,2600.0,0.1000,0.0100,16,2.457,0.6836,4,0.8964,,0.700,0,
5790,8,140,edge-6,2,edge,2700.0,0.1000,0.0100,45,3.460,1.0000,5,0.8926,,0.700,0,
5791,8,140,edge-6,2,edge,2800.0,0.1000,0.0100,37,3.160,0.8756,4,0.8888,,0.700,0,
5792,8,140,edge-6,2,edge,2900.0,0.1000,0.0100,28,2.517,0.8318,4,0.8850,,0.700,0,
5793,8,140,edge-6,2,edge,3000.0,0.1000,0.0100,25,2.778,0.7980,4,0.8812,,0.700,0,
5794,8,140,edge-6,2,edge,3100.0,0.1000,0.0100,34,3.105,0.9591,4,0.8776,,0.700,0,
5795,8,140,edge-6,2,edge,3200.0,0.1000,0.0100,25,2.785,0.8015,4,0.8738,,0.700,0,
5796,8,140,edge-6,2,edge,3300.0,0.1000,0.0100,28,2.835,0.8318,4,0.8700,,0.700,0,
5797,8,140,edge-6,2,edge,3400.0,0.1000,0.0100,28,2.634,0.8318,4,0.8662,,0.700,0,
5798,8,140,edge-6,2,edge,3500.0,0.1011,0.0100,47,3.139,1.0000,4,0.8624,,0.700,0,
5799,8,140,edge-6,2,edge,3600.0,0.1001,0.0100,69,4.088,1.0000,4,0.8586,,0.700,0,
5800,8,140,edge-6,2,edge,3700.0,0.1000,0.0100,62,3.883,1.0000,3,0.8548,,0.700,0,
5801,8,140,edge-6,2,edge,3800.0,0.1000,0.0100,39,3.233,0.8962,3,0.8511,,0.700,0,
5802,8,140,edge-6,2,edge,3900.0,0.1000,0.0100,25,2.720,0.8015,3,0.8473,,0.700,0,
5803,8,140,edge-6,2,edge,4000.0,0.1000,0.0100,28,2.770,0.8318,2,0.8435,,0.700,0,
5804,8,140,edge-6,2,edge,4100.0,0.1000,0.0100,22,2.670,0.7671,1,0.8397,,0.700,0,
5805,8,140,edge-6,2,edge,4200.0,0.1000,0.0100,28,2.770,0.8318,1,0.8359,,0.700,0,
5806,8,140,edge-6,2,edge,4300.0,0.1000,0.0100,25,2.538,0.8015,2,0.8321,,0.700,0,
5807,8,140,edge-6,2,edge,4400.0,0.1000,0.0100,119,6.004,1.0000,2,0.8283,,0.700,0,
5808,8,140,edge-6,2,edge,4500.0,0.1000,0.0100,69,4.115,1.0000,3,0.8245,,0.700,0,
5809,8,140,edge-6,2,edge,4600.0,0.1000,0.0100,25,2.850,0.8015,4,0.8207,,0.700,0,
5810,8,140,edge-6,2,edge,4700.0,0.1000,0.0100,28,2.900,0.8318,4,0.8169,,0.700,0,
5811,8,140,edge-6,2,edge,4800.0,0.1000,0.0100,22,2.800,0.7671,3,0.8132,,0.700,0,
5812,8,140,edge-6,2,edge,4900.0,0.1000,0.0100,25,2.850,0.8015,2,0.8094,,0.700,0,
5813,8,140,edge-6,2,edge,5000.0,0.1000,0.0100,22,2.800,0.7671,1,0.8056,,0.700,0,
5814,8,143,edge-7,2,edge,0.0,0.0000,0.0100,0,1.828,,1,1.0000,,0.700,0,
5815,8,143,edge-7,2,edge,100.0,0.0400,0.0100,8,2.228,0.8914,1,0.9911,,0.700,0,
5816,8,143,edge-7,2,edge,200.0,0.1000,0.0100,25,2.778,0.8015,1,0.9873,,0.700,0,
5817,8,143,edge-7,2,edge,300.0,0.1000,0.0100,19,2.912,0.7257,2,0.9836,,0.700,0,
5818,8,143,edge-7,2,edge,400.0,0.1000,0.0100,28,3.062,0.8318,2,0.9799,,0.700,0,
5819,8,143,edge-7,2,edge,500.0,0.1000,0.0100,16,2.862,0.6818,1,0.9761,,0.700,0,
5820,8,143,edge-7,2,edge,600.0,0.1000,0.0100,25,3.012,0.8015,1,0.9725,,0.700,0,
5821,8,143,edge-7,2,edge,700.0,0.1000,0.0100,25,3.012,0.8015,1,0.9687,,0.700,0,
5822,8,143,edge-7,2,edge,800.0,0.1000,0.0100,25,3.012,0.8015,0,0.9649,,0.700,0,
5823,8,143,edge-7,2,edge,900.0,0.1000,0.0100,28,3.062,0.8318,0,0.9612,,0.700,0,
5824,8,143,edge-7,2,edge,1000.0,0.1000,0.0100,25,2.655,0.8015,0,0.9574,,0.700,0,
5825,8,143,edge-7,2,edge,1100.0,0.1000,0.0100,28,2.705,0.8318,0,0.9536,,0.700,0,
5826,8,143,edge-7,2,edge,1200.0,0.1000,0.0100,22,2.605,0.7671,0,0.9498,,0.700,0,
5827,8,143,edge-7,2,edge,1300.0,0.1000,0.0100,28,2.705,0.8318,0,0.9460,,0.700,0,
5828,8,143,edge-7,2,edge,1400.0,0.1000,0.0100,28,2.834,0.8318,1,0.9422,,0.700,0,
5829,8,143,edge-7,2,edge,1500.0,0.1000,0.0100,25,2.784,0.8015,1,0.9384,,0.700,0,
5830,8,143,edge-7,2,edge,1600.0,0.1000,0.0100,28,2.651,0.8318,2,0.9346,,0.700,0,
5831,8,143,edge-7,2,edge,1700.0,0.1000,0.0100,22,2.551,0.7642,2,0.9308,,0.700,0,
5832,8,143,edge-7,2,edge,1800.0,0.1000,0.0100,25,2.803,0.8015,3,0.9272,,0.700,0,
5833,8,143,edge-7,2,edge,1900.0,0.1000,0.0100,28,2.853,0.8318,2,0.9234,,0.700,0,
5834,8,143,edge-7,2,edge,2000.0,0.1000,0.0100,28,2.853,0.8318,2,0.9196,,0.700,0,
5835,8,143,edge-7,2,edge,2100.0,0.1000,0.0100,28,2.819,0.8318,2,0.9158,,0.700,0,
5836,8,143,edge-7,2,edge,2200.0,0.1000,0.0100,25,2.769,0.8015,2,0.9120,,0.700,0,
5837,8,143,edge-7,2,edge,2300.0,0.1000,0.0100,25,2.769,0.8015,1,0.9083,,0.700,0,
5838,8,143,edge-7,2,edge,2400.0,0.1000,0.0100,25,2.769,0.8015,1,0.9045,,0.700,0,
5839,8,143,edge-7,2,edge,2500.0,0.1000,0.0100,28,2.576,0.8318,2,0.9007,,0.700,0,
5840,8,143,edge-7,2,edge,2600.0,0.1000,0.0100,25,2.526,0.7980,1,0.8969,,0.700,0,
5841,8,143,edge-7,2,edge,2700.0,0.1000,0.0100,25,2.526,0.8015,1,0.8933,,0.700,0,
5842,8,143,edge-7,2,edge,2800.0,0.1000,0.0100,22,2.750,0.7671,2,0.8895,,0.700,0,
5843,8,143,edge-7,2,edge,2900.0,0.1000,0.0100,28,2.850,0.8318,2,0.8857,,0.700,0,
5844,8,143,edge-7,2,edge,3000.0,0.1000,0.0100,28,2.616,0.8318,2,0.8819,,0.700,0,
5845,8,143,edge-7,2,edge,3100.0,0.1008,0.0100,33,3.087,1.0000,3,0.8644,,0.700,0,
5846,8,143,edge-7,2,edge,3200.0,0.1000,0.0100,26,2.514,1.0000,4,0.8453,,0.700,0,
5847,8,143,edge-7,2,edge,3300.0,0.1010,0.0100,51,3.377,1.0000,4,0.8263,,0.700,0,
5848,8,143,edge-7,2,edge,3400.0,0.1000,0.0100,20,2.768,0.9413,5,0.8072,,0.700,0,
5849,8,143,edge-7,2,edge,3500.0,0.1000,0.0100,25,2.518,0.9980,5,0.7882,,0.700,0,
5850,8,143,edge-7,2,edge,3600.0,0.1000,0.0100,28,2.568,1.0000,4,0.7692,,0.700,0,
5851,8,143,edge-7,2,edge,3700.0,0.1013,0.0100,52,3.246,1.0000,4,0.7501,,0.700,0,
5852,8,143,edge-7,2,edge,3800.0,0.1011,0.0100,46,3.151,1.0000,4,0.7311,,0.700,0,
5853,8,143,edge-7,2,edge,3900.0,0.1007,0.0100,39,3.206,1.0000,4,0.7120,,0.700,0,
5854,8,143,edge-7,2,edge,4000.0,0.1010,0.0100,54,3.421,1.0000,3,0.6930,,0.700,0,
5855,8,143,edge-7,2,edge,4100.0,0.1015,0.0100,53,3.431,1.0000,3,0.6739,,0.700,0,
5856,8,143,edge-7,2,edge,4200.0,0.1003,0.0100,50,3.278,1.0000,3,0.6549,,0.700,0,
5857,8,143,edge-7,2,edge,4300.0,0.1004,0.0100,42,2.988,1.0000,2,0.6358,,0.700,0,
5858,8,143,edge-7,2,edge,4400.0,0.1006,0.0100,51,3.233,1.0000,1,0.6168,,0.700,0,
5859,8,143,edge-7,2,edge,4500.0,0.1006,0.0100,47,3.143,1.0000,1,0.5977,,0.700,0,
5860,8,143,edge-7,2,edge,4600.0,0.1006,0.0100,48,3.183,1.0000,1,0.5787,,0.700,0,
5861,8,143,edge-7,2,edge,4700.0,0.1007,0.0100,35,3.048,1.0000,0,0.5596,,0.700,0,
5862,8,143,edge-7,2,edge,4800.0,0.1007,0.0100,44,3.143,1.0000,0,0.5406,,0.700,0,
5863,8,143,edge-7,2,edge,4900.0,0.1008,0.0100,55,3.398,1.0000,0,0.5215,,0.700,0,
5864,8,143,edge-7,2,edge,5000.0,0.1011,0.0100,68,3.703,1.0000,0,0.5025,,0.700,0,
5865,8,146,edge-8,2,edge,0.0,0.0000,0.0100,0,1.888,,1,1.0000,,0.700,0,
5866,8,146,edge-8,2,edge,100.0,0.0400,0.0100,7,2.238,0.8072,1,0.9911,,0.700,0,
5867,8,146,edge-8,2,edge,200.0,0.1000,0.0100,28,2.888,0.8318,1,0.9873,,0.700,0,
5868,8,146,edge-8,2,edge,300.0,0.1000,0.0100,25,2.838,0.8015,1,0.9836,,0.700,0,
5869,8,146,edge-8,2,edge,400.0,0.1000,0.0100,25,2.838,0.8015,1,0.9798,,0.700,0,
5870,8,146,edge-8,2,edge,500.0,0.1000,0.0100,22,2.628,0.7671,1,0.9760,,0.700,0,
5871,8,146,edge-8,2,edge,600.0,0.1000,0.0100,25,2.678,0.8015,1,0.9722,,0.700,0,
5872,8,146,edge-8,2,edge,700.0,0.1000,0.0100,22,2.628,0.7671,1,0.9684,,0.700,0,
5873,8,146,edge-8,2,edge,800.0,0.1000,0.0100,25,2.678,0.8015,1,0.9646,,0.700,0,
5874,8,146,edge-8,2,edge,900.0,0.1000,0.0100,28,2.709,0.8318,1,0.9608,,0.700,0,
5875,8,146,edge-8,2,edge,1000.0,0.1000,0.0100,28,2.540,0.8318,1,0.9570,,0.700,0,
5876,8,146,edge-8,2,edge,1100.0,0.1000,0.0100,22,2.440,0.7642,1,0.9532,,0.700,0,
5877,8,146,edge-8,2,edge,1200.0,0.1000,0.0100,22,2.660,0.7671,2,0.9496,,0.700,0,
5878,8,146,edge-8,2,edge,1300.0,0.1000,0.0100,25,2.486,0.8015,3,0.9458,,0.700,0,
5879,8,146,edge-8,2,edge,1400.0,0.1000,0.0100,28,3.016,0.8318,3,0.9420,,0.700,0,
5880,8,146,edge-8,2,edge,1500.0,0.1000,0.0100,25,2.966,0.8015,2,0.9382,,0.700,0,
5881,8,146,edge-8,2,edge,1600.0,0.1000,0.0100,22,2.916,0.7671,2,0.9344,,0.700,0,
5882,8,146,edge-8,2,edge,1700.0,0.1008,0.0100,50,3.619,0.9376,2,0.9306,,0.700,0,
5883,8,146,edge-8,2,edge,1800.0,0.1011,0.0100,51,3.679,1.0000,1,0.9270,,0.700,0,
5884,8,146,edge-8,2,edge,1900.0,0.1000,0.0100,22,2.661,0.7671,2,0.9232,,0.700,0,
5885,8,146,edge-8,2,edge,2000.0,0.1000,0.0100,28,2.761,0.8318,2,0.9194,,0.700,0,
5886,8,146,edge-8,2,edge,2100.0,0.1000,0.0100,28,2.761,0.8318,2,0.9156,,0.700,0,
5887,8,146,edge-8,2,edge,2200.0,0.1000,0.0100,28,2.761,0.8318,1,0.9118,,0.700,0,
5888,8,146,edge-8,2,edge,2300.0,0.1000,0.0100,28,2.761,0.8318,1,0.9080,,0.700,0,
5889,8,146,edge-8,2,edge,2400.0,0.1000,0.0100,28,2.761,0.8318,0,0.9042,,0.700,0,
5890,8,146,edge-8,2,edge,2500.0,0.1000,0.0100,22,2.686,0.7671,0,0.9005,,0.700,0,
5891,8,146,edge-8,2,edge,2600.0,0.1000,0.0100,22,2.611,0.7642,0,0.8967,,0.700,0,
5892,8,146,edge-8,2,edge,2700.0,0.1000,0.0100,25,2.661,0.8015,0,0.8930,,0.700,0,
5893,8,146,edge-8,2,edge,2800.0,0.1000,0.0100,25,2.661,0.8015,0,0.8893,,0.700,0,
5894,8,146,edge-8,2,edge,2900.0,0.1000,0.0100,25,2.641,0.8015,1,0.8855,,0.700,0,
5895,8,146,edge-8,2,edge,3000.0,0.1000,0.0100,25,2.764,0.8015,1,0.8817,,0.700,0,
5896,8,146,edge-8,2,edge,3100.0,0.1007,0.0100,40,3.170,1.0000,2,0.8642,,0.700,0,
5897,8,146,edge-8,2,edge,3200.0,0.1000,0.0100,25,2.503,0.9980,3,0.8451,,0.700,0,
5898,8,146,edge-8,2,edge,3300.0,0.1010,0.0100,54,3.384,1.0000,4,0.8261,,0.700,0,
5899,8,146,edge-8,2,edge,3400.0,0.1000,0.0100,28,2.645,1.0000,4,0.8070,,0.700,0,
5900,8,146,edge-8,2,edge,3500.0,0.1000,0.0100,19,2.495,0.8803,4,0.7880,,0.700,0,
5901,8,146,edge-8,2,edge,3600.0,0.1000,0.0100,25,2.595,0.9980,3,0.7689,,0.700,0,
5902,8,146,edge-8,2,edge,3700.0,0.1000,0.0100,28,2.645,1.0000,2,0.7499,,0.700,0,
5903,8,146,edge-8,2,edge,3800.0,0.1000,0.0100,28,2.790,1.0000,2,0.7308,,0.700,0,
5904,8,146,edge-8,2,edge,3900.0,0.1000,0.0100,25,2.689,0.9980,2,0.7118,,0.700,0,
5905,8,146,edge-8,2,edge,4000.0,0.1000,0.0100,22,2.914,0.9410,2,0.6927,,0.700,0,
5906,8,146,edge-8,2,edge,4100.0,0.1000,0.0100,19,2.864,0.8803,2,0.6737,,0.700,0,
5907,8,146,edge-8,2,edge,4200.0,0.1000,0.0100,25,2.964,0.9980,2,0.6546,,0.700,0,
5908,8,146,edge-8,2,edge,4300.0,0.1000,0.0100,22,2.914,0.9410,1,0.6356,,0.700,0,
5909,8,146,edge-8,2,edge,4400.0,0.1000,0.0100,28,3.014,1.0000,0,0.6166,,0.700,0,
5910,8,146,edge-8,2,edge,4500.0,0.1000,0.0100,25,2.964,0.9980,0,0.5975,,0.700,0,
5911,8,146,edge-8,2,edge,4600.0,0.1000,0.0100,46,3.771,1.0000,1,0.5785,,0.700,0,
5912,8,146,edge-8,2,edge,4700.0,0.1000,0.0100,36,3.321,0.9336,1,0.5594,,0.700,0,
5913,8,146,edge-8,2,edge,4800.0,0.1000,0.0100,28,2.753,1.0000,2,0.5404,,0.700,0,
5914,8,146,edge-8,2,edge,4900.0,0.1001,0.0100,56,3.742,1.0000,3,0.5213,,0.700,0,
5915,8,146,edge-8,2,edge,5000.0,0.1000,0.0100,22,2.847,0.9410,4,0.5023,,0.700,0,
5916,8,149,edge-9,2,edge,0.0,0.0000,0.0100,0,2.062,,1,1.0000,,0.700,0,4619.9
5917,8,149,edge-9,2,edge,100.0,0.0400,0.0100,7,2.412,0.7980,1,0.9911,,0.700,0,4619.9
5918,8,149,edge-9,2,edge,200.0,0.1000,0.0100,22,2.962,0.7671,1,0.9875,,0.700,0,4619.9
5919,8,149,edge-9,2,edge,300.0,0.1000,0.0100,22,2.765,0.7671,2,0.9837,,0.700,0,4619.9
5920,8,149,edge-9,2,edge,400.0,0.1003,0.0100,38,2.993,1.0000,3,0.9799,,0.700,0,4619.9
5921,8,149,edge-9,2,edge,500.0,0.1003,0.0100,37,2.843,1.0000,2,0.9761,,0.700,0,4619.9
5922,8,149,edge-9,2,edge,600.0,0.1008,0.0100,51,3.185,1.0000,3,0.9723,,0.700,0,4619.9
5923,8,149,edge-9,2,edge,700.0,0.1000,0.0100,30,2.834,0.8375,4,0.9685,,0.700,0,4619.9
5924,8,149,edge-9,2,edge,800.0,0.1003,0.0100,37,2.994,1.0000,3,0.9647,,0.700,0,4619.9
5925,8,149,edge-9,2,edge,900.0,0.1001,0.0100,37,3.039,1.0000,2,0.9610,,0.700,0,4619.9
5926,8,149,edge-9,2,edge,1000.0,0.1003,0.0100,43,3.261,1.0000,2,0.9573,,0.700,0,4619.9
5927,8,149,edge-9,2,edge,1100.0,0.1003,0.0100,37,3.211,1.0000,1,0.9535,,0.700,0,4619.9
5928,8,149,edge-9,2,edge,1200.0,0.1004,0.0100,42,3.366,1.0000,0,0.9497,,0.700,0,4619.9
5929,8,149,edge-9,2,edge,1300.0,0.1001,0.0100,44,3.356,1.0000,0,0.9459,,0.700,0,4619.9
5930,8,149,edge-9,2,edge,1400.0,0.1000,0.0100,37,3.201,0.9702,0,0.9422,,0.700,0,4619.9
5931,8,149,edge-9,2,edge,1500.0,0.1000,0.0100,28,2.934,0.8318,1,0.9384,,0.700,0,4619.9
5932,8,149,edge-9,2,edge,1600.0,0.1000,0.0100,28,2.695,0.8318,1,0.9346,,0.700,0,4619.9
5933,8,149,edge-9,2,edge,1700.0,0.1000,0.0100,28,2.695,0.8318,1,0.9308,,0.700,0,4619.9
5934,8,149,edge-9,2,edge,1800.0,0.1000,0.0100,22,2.595,0.7671,1,0.9270,,0.700,0,4619.9
5935,8,149,edge-9,2,edge,1900.0,0.1000,0.0100,28,2.952,0.8318,2,0.9232,,0.700,0,4619.9
5936,8,149,edge-9,2,edge,2000.0,0.1000,0.0100,16,2.752,0.6818,1,0.9194,,0.700,0,4619.9
5937,8,149,edge-9,2,edge,2100.0,0.1000,0.0100,19,2.802,0.7280,1,0.9158,,0.700,0,4619.9
5938,8,149,edge-9,2,edge,2200.0,0.1000,0.0100,25,2.902,0.8015,1,0.9120,,0.700,0,4619.9
5939,8,149,edge-9,2,edge,2300.0,0.1000,0.0100,22,2.852,0.7671,1,0.9082,,0.700,0,4619.9
5940,8,149,edge-9,2,edge,2400.0,0.1000,0.0100,25,2.902,0.8015,0,0.9044,,0.700,0,4619.9
5941,8,149,edge-9,2,edge,2500.0,0.1000,0.0100,25,2.902,0.8015,0,0.9006,,0.700,0,4619.9
5942,8,149,edge-9,2,edge,2600.0,0.1000,0.0100,28,2.952,0.8318,0,0.8968,,0.700,0,4619.9
5943,8,149,edge-9,2,edge,2700.0,0.1000,0.0100,28,2.952,0.8318,0,0.8930,,0.700,0,4619.9
5944,8,149,edge-9,2,edge,2800.0,0.1000,0.0100,25,2.547,0.8015,1,0.8893,,0.700,0,4619.9
5945,8,149,edge-9,2,edge,2900.0,0.1000,0.0100,22,2.610,0.7671,2,0.8855,,0.700,0,4619.9
5946,8,149,edge-9,2,edge,3000.0,0.1000,0.0100,28,2.755,0.8318,3,0.8817,,0.700,0,4619.9
5947,8,149,edge-9,2,edge,3100.0,0.1000,0.0100,28,2.755,0.8318,3,0.8779,,0.700,0,4619.9
5948,8,149,edge-9,2,edge,3200.0,0.1000,0.0100,25,2.705,0.8015,3,0.8741,,0.700,0,4619.9
5949,8,149,edge-9,2,edge,3300.0,0.1001,0.0100,41,3.038,0.8572,3,0.8703,,0.700,0,4619.9
5950,8,149,edge-9,2,edge,3400.0,0.1004,0.0100,45,3.098,1.0000,2,0.8665,,0.700,0,4619.9
5951,8,149,edge-9,2,edge,3500.0,0.1004,0.0100,42,3.048,1.0000,1,0.8627,,0.700,0,4619.9
5952,8,149,edge-9,2,edge,3600.0,0.1004,0.0100,44,3.048,1.0000,1,0.8589,,0.700,0,4619.9
5953,8,149,edge-9,2,edge,3700.0,0.1003,0.0100,35,2.843,0.9853,1,0.8553,,0.700,0,4619.9
5954,8,149,edge-9,2,edge,3800.0,0.1000,0.0100,22,2.591,0.7642,1,0.8517,,0.700,0,4619.9
5955,8,149,edge-9,2,edge,3900.0,0.1000,0.0100,28,2.691,0.8318,1,0.8480,,0.700,0,4619.9
5956,8,149,edge-9,2,edge,4000.0,0.1000,0.0100,28,2.691,0.8318,1,0.8443,,0.700,0,4619.9
5957,8,149,edge-9,2,edge,4100.0,0.1000,0.0100,25,2.658,0.8015,2,0.8405,,0.700,0,4619.9
5958,8,149,edge-9,2,edge,4200.0,0.1000,0.0100,25,2.642,0.7980,2,0.8367,,0.700,0,4619.9
5959,8,149,edge-9,2,edge,4300.0,0.1006,0.0100,37,3.120,1.0000,2,0.8209,,0.700,0,4619.9
5960,8,149,edge-9,2,edge,4400.0,0.1011,0.0100,63,3.685,1.0000,2,0.8018,,0.700,0,4619.9
5961,8,149,edge-9,2,edge,4500.0,0.1014,0.0100,58,3.700,1.0000,2,0.7828,,0.700,1,4619.9
5962,8,149,edge-9,2,edge,4600.0,0.1011,0.0100,49,3.606,1.0000,1,0.7637,,0.700,1,4619.9
5963,8,152,edge-10,2,edge,0.0,0.0000,0.0100,0,2.058,,1,1.0000,,0.700,0,
5964,8,152,edge-10,2,edge,100.0,0.0400,0.0100,8,2.458,0.8914,1,0.9911,,0.700,0,
5965,8,152,edge-10,2,edge,200.0,0.1000,0.0100,22,2.958,0.7642,1,0.9873,,0.700,0,
5966,8,152,edge-10,2,edge,300.0,0.1000,0.0100,25,2.747,0.8015,1,0.9837,,0.700,0,
5967,8,152,edge-10,2,edge,400.0,0.1011,0.0100,45,3.342,1.0000,2,0.9662,,0.700,0,
5968,8,152,edge-10,2,edge,500.0,0.1000,0.0100,23,2.774,0.9980,2,0.9472,,0.700,0,
5969,8,152,edge-10,2,edge,600.0,0.1000,0.0100,31,2.912,1.0000,3,0.9281,,0.700,0,
5970,8,152,edge-10,2,edge,700.0,0.1000,0.0100,28,2.875,1.0000,4,0.9091,,0.700,0,
5971,8,152,edge-10,2,edge,800.0,0.1000,0.0100,25,2.825,0.9980,4,0.8900,,0.700,0,
5972,8,152,edge-10,2,edge,900.0,0.1000,0.0100,25,2.825,0.9980,3,0.8710,,0.700,0,
5973,8,152,edge-10,2,edge,1000.0,0.1014,0.0100,57,3.474,1.0000,3,0.8519,,0.700,0,
5974,8,152,edge-10,2,edge,1100.0,0.1000,0.0100,26,2.861,1.0000,3,0.8329,,0.700,0,
5975,8,152,edge-10,2,edge,1200.0,0.1000,0.0100,28,2.906,1.0000,2,0.8138,,0.700,0,
5976,8,152,edge-10,2,edge,1300.0,0.1000,0.0100,25,2.910,0.9980,2,0.7948,,0.700,0,
5977,8,152,edge-10,2,edge,1400.0,0.1003,0.0100,39,3.047,1.0000,3,0.7757,,0.700,0,
5978,8,152,edge-10,2,edge,1500.0,0.1003,0.0100,43,3.092,1.0000,2,0.7567,,0.700,0,
5979,8,152,edge-10,2,edge,1600.0,0.1004,0.0100,41,3.052,1.0000,1,0.7376,,0.700,0,
5980,8,152,edge-10,2,edge,1700.0,0.1000,0.0100,39,3.092,1.0000,1,0.7186,,0.700,0,
5981,8,152,edge-10,2,edge,1800.0,0.1000,0.0100,34,3.037,1.0000,1,0.6996,,0.700,0,
5982,8,152,edge-10,2,edge,1900.0,0.1000,0.0100,37,3.137,1.0000,0,0.6805,,0.700,0,
5983,8,152,edge-10,2,edge,2000.0,0.1000,0.0100,47,3.337,1.0000,0,0.6615,,0.700,0,
5984,8,152,edge-10,2,edge,2100.0,0.1000,0.0100,22,2.591,0.9410,1,0.6424,,0.700,0,
5985,8,152,edge-10,2,edge,2200.0,0.1000,0.0100,28,2.691,1.0000,1,0.6234,,0.700,0,
5986,8,152,edge-10,2,edge,2300.0,0.1000,0.0100,25,2.641,0.9980,1,0.6043,,0.700,0,
5987,8,152,edge-10,2,edge,2400.0,0.1000,0.0100,28,2.691,1.0000,1,0.5853,,0.700,0,
5988,8,152,edge-10,2,edge,2500.0,0.1000,0.0100,25,2.641,0.9980,1,0.5662,,0.700,0,
5989,8,152,edge-10,2,edge,2600.0,0.1000,0.0100,25,2.641,0.9980,0,0.5472,,0.700,0,
5990,8,152,edge-10,2,edge,2700.0,0.1000,0.0100,28,2.788,1.0000,1,0.5281,,0.700,0,
5991,8,152,edge-10,2,edge,2800.0,0.1000,0.0100,25,2.551,0.9980,2,0.5091,,0.700,0,
5992,8,152,edge-10,2,edge,2900.0,0.1006,0.0100,49,3.145,1.0000,3,0.4900,,0.700,0,
5993,8,152,edge-10,2,edge,3000.0,0.1000,0.0100,26,2.753,1.0000,4,0.4710,,0.700,0,
5994,8,152,edge-10,2,edge,3100.0,0.1000,0.0100,22,2.458,0.9410,5,0.4519,,0.700,0,
5995,8,152,edge-10,2,edge,3200.0,0.1000,0.0100,22,2.682,0.9410,4,0.4329,,0.700,0,
5996,8,152,edge-10,2,edge,3300.0,0.1000,0.0100,28,2.782,1.0000,3,0.4138,,0.700,0,
5997,8,152,edge-10,2,edge,3400.0,0.1000,0.0100,28,2.782,1.0000,2,0.3948,,0.700,0,
5998,8,152,edge-10,2,edge,3500.0,0.1000,0.0100,28,2.782,1.0000,1,0.3757,,0.700,0,
5999,8,152,edge-10,2,edge,3600.0,0.1000,0.0100,28,2.685,1.0000,1,0.3567,,0.700,0,
6000,8,152,edge-10,2,edge,3700.0,0.1000,0.0100,19,2.535,0.8803,1,0.3376,,0.700,0,
6001,8,152,edge-10,2,edge,3800.0,0.1000,0.0100,28,2.685,1.0000,1,0.3186,,0.700,0,
6002,8,152,edge-10,2,edge,3900.0,0.1000,0.0100,28,2.685,1.0000,1,0.2996,,0.700,0,
6003,8,152,edge-10,2,edge,4000.0,0.1000,0.0100,22,2.585,0.9410,1,0.2805,,0.700,0,
6004,8,152,edge-10,2,edge,4100.0,0.1000,0.0100,25,2.635,0.9980,0,0.2615,,0.700,0,
6005,8,152,edge-10,2,edge,4200.0,0.1000,0.0100,28,2.685,1.0000,0,0.2424,,0.700,0,
6006,8,152,edge-10,2,edge,4300.0,0.1000,0.0100,28,2.685,1.0000,0,0.2234,,0.700,0,
6007,8,152,edge-10,2,edge,4400.0,0.1000,0.0100,28,2.617,1.0000,1,0.2043,,0.700,0,
6008,8,152,edge-10,2,edge,4500.0,0.1000,0.0100,25,2.789,0.9980,2,0.1853,,0.700,0,
6009,8,152,edge-10,2,edge,4600.0,0.1000,0.0100,22,2.498,0.9410,2,0.1662,,0.700,0,
6010,8,152,edge-10,2,edge,4700.0,0.1000,0.0100,26,2.989,0.8088,3,0.1472,,0.700,0,
6011,8,152,edge-10,2,edge,4800.0,0.1000,0.0100,50,3.739,1.0000,3,0.1281,,0.700,0,
6012,8,152,edge-10,2,edge,4900.0,0.1000,0.0100,28,2.583,1.0000,3,0.1091,,0.700,0,
6013,8,152,edge-10,2,edge,5000.0,0.1000,0.0100,22,2.688,0.9410,3,0.0900,,0.700,0,
6014,8,155,edge-11,2,edge,0.0,0.0000,0.0100,0,1.701,,1,1.0000,,0.700,0,
6015,8,155,edge-11,2,edge,100.0,0.0404,0.0100,14,2.266,1.0000,1,0.9911,,0.700,0,
6016,8,155,edge-11,2,edge,200.0,0.1001,0.0100,25,2.660,0.8778,2,0.9874,,0.700,0,
6017,8,155,edge-11,2,edge,300.0,0.1000,0.0100,28,2.700,0.8318,3,0.9836,,0.700,0,
6018,8,155,edge-11,2,edge,400.0,0.1000,0.0100,28,2.680,0.8318,4,0.9798,,0.700,0,
6019,8,155,edge-11,2,edge,500.0,0.1000,0.0100,22,2.456,0.7671,4,0.9760,,0.700,0,
6020,8,155,edge-11,2,edge,600.0,0.1011,0.0100,46,3.111,1.0000,5,0.9722,,0.700,0,
6021,8,155,edge-11,2,edge,700.0,0.1014,0.0100,55,3.224,1.0000,5,0.9684,,0.700,0,
6022,8,155,edge-11,2,edge,800.0,0.1013,0.0100,49,3.119,1.0000,4,0.9646,,0.700,0,
6023,8,155,edge-11,2,edge,900.0,0.1013,0.0100,49,3.119,1.0000,3,0.9608,,0.700,0,
6024,8,155,edge-11,2,edge,1000.0,0.1014,0.0100,55,3.246,1.0000,3,0.9570,,0.700,0,
6025,8,155,edge-11,2,edge,1100.0,0.1014,0.0100,55,3.246,1.0000,2,0.9532,,0.700,0,
6026,8,155,edge-11,2,edge,1200.0,0.1011,0.0100,38,2.986,1.0000,1,0.9494,,0.700,0,
6027,8,155,edge-11,2,edge,1300.0,0.1000,0.0100,25,2.592,0.8015,2,0.9458,,0.700,0,
6028,8,155,edge-11,2,edge,1400.0,0.1000,0.0100,25,2.592,0.8015,2,0.9420,,0.700,0,
6029,8,155,edge-11,2,edge,1500.0,0.1000,0.0100,28,2.642,0.8318,1,0.9382,,0.700,0,
6030,8,155,edge-11,2,edge,1600.0,0.1000,0.0100,19,2.492,0.7280,1,0.9345,,0.700,0,
6031,8,155,edge-11,2,edge,1700.0,0.1000,0.0100,22,2.542,0.7671,1,0.9307,,0.700,0,
6032,8,155,edge-11,2,edge,1800.0,0.1000,0.0100,25,2.592,0.8015,0,0.9269,,0.700,0,
6033,8,155,edge-11,2,edge,1900.0,0.1000,0.0100,25,2.592,0.7980,0,0.9231,,0.700,0,
6034,8,155,edge-11,2,edge,2000.0,0.1000,0.0100,25,2.738,0.8015,1,0.9195,,0.700,0,
6035,8,155,edge-11,2,edge,2100.0,0.1000,0.0100,25,2.738,0.8015,1,0.9157,,0.700,0,
6036,8,155,edge-11,2,edge,2200.0,0.1000,0.0100,28,2.788,0.8318,1,0.9119,,0.700,0,
6037,8,155,edge-11,2,edge,2300.0,0.1000,0.0100,22,2.688,0.7671,1,0.9081,,0.700,0,
6038,8,155,edge-11,2,edge,2400.0,0.1000,0.0100,25,2.738,0.8015,1,0.9043,,0.700,0,
6039,8,155,edge-11,2,edge,2500.0,0.1000,0.0100,28,2.788,0.8318,0,0.9005,,0.700,0,
6040,8,155,edge-11,2,edge,2600.0,0.1000,0.0100,25,2.738,0.7980,0,0.8967,,0.700,0,
6041,8,155,edge-11,2,edge,2700.0,0.1000,0.0100,19,2.638,0.7257,0,0.8931,,0.700,0,
6042,8,155,edge-11,2,edge,2800.0,0.1000,0.0100,25,2.738,0.8015,0,0.8895,,0.700,0,
6043,8,155,edge-11,2,edge,2900.0,0.1000,0.0100,25,2.641,0.8015,1,0.8857,,0.700,0,
6044,8,155,edge-11,2,edge,3000.0,0.1000,0.0100,28,2.691,0.8318,1,0.8819,,0.700,0,
6045,8,155,edge-11,2,edge,3100.0,0.1000,0.0100,25,2.641,0.8015,1,0.8781,,0.700,0,
6046,8,155,edge-11,2,edge,3200.0,0.1000,0.0100,22,2.591,0.7671,1,0.8743,,0.700,0,
6047,8,155,edge-11,2,edge,3300.0,0.1000,0.0100,28,2.819,0.8318,2,0.8705,,0.700,0,
6048,8,155,edge-11,2,edge,3400.0,0.1000,0.0100,19,2.460,0.7257,2,0.8667,,0.700,0,
6049,8,155,edge-11,2,edge,3500.0,0.1000,0.0100,25,2.861,0.8015,2,0.8631,,0.700,0,
6050,8,155,edge-11,2,edge,3600.0,0.1000,0.0100,25,2.861,0.7980,2,0.8593,,0.700,0,
6051,8,155,edge-11,2,edge,3700.0,0.1000,0.0100,22,2.494,0.7671,2,0.8557,,0.700,0,
6052,8,155,edge-11,2,edge,3800.0,0.1000,0.0100,22,2.667,0.7671,2,0.8519,,0.700,0,
6053,8,155,edge-11,2,edge,3900.0,0.1000,0.0100,25,2.748,0.8015,2,0.8481,,0.700,0,
6054,8,155,edge-11,2,edge,4000.0,0.1000,0.0100,28,2.576,0.8318,3,0.8443,,0.700,0,
6055,8,155,edge-11,2,edge,4100.0,0.1000,0.0100,19,2.507,0.7280,4,0.8406,,0.700,0,
6056,8,155,edge-11,2,edge,4200.0,0.1000,0.0100,52,3.810,0.9008,5,0.8368,,0.700,0,
6057,8,155,edge-11,2,edge,4300.0,0.1000,0.0100,46,3.660,0.8785,4,0.8330,,0.700,0,
6058,8,155,edge-11,2,edge,4400.0,0.1000,0.0100,25,2.467,0.8015,4,0.8292,,0.700,0,
6059,8,155,edge-11,2,edge,4500.0,0.1000,0.0100,25,2.778,0.8015,4,0.8254,,0.700,0,
6060,8,155,edge-11,2,edge,4600.0,0.1000,0.0100,51,3.555,0.8031,4,0.8216,,0.700,0,
6061,8,155,edge-11,2,edge,4700.0,0.1000,0.0100,28,2.835,0.8318,4,0.8178,,0.700,0,
6062,8,155,edge-11,2,edge,4800.0,0.1000,0.0100,28,2.835,0.8318,4,0.8140,,0.700,0,
6063,8,155,edge-11,2,edge,4900.0,0.1000,0.0100,25,2.584,0.8015,4,0.8102,,0.700,0,
6064,8,155,edge-11,2,edge,5000.0,0.1013,0.0100,49,3.144,1.0000,4,0.8064,,0.700,0,
6065,8,158,edge-12,2,edge,0.0,0.0000,0.0100,0,1.828,,1,1.0000,,0.700,0,
6066,8,158,edge-12,2,edge,100.0,0.0400,0.0100,8,2.228,0.8914,1,0.9911,,0.700,0,
6067,8,158,edge-12,2,edge,200.0,0.1000,0.0100,25,3.012,0.8015,2,0.9873,,0.700,0,
6068,8,158,edge-12,2,edge,300.0,0.1000,0.0100,28,3.062,0.8318,2,0.9836,,0.700,0,
6069,8,158,edge-12,2,edge,400.0,0.1000,0.0100,22,2.962,0.7671,2,0.9798,,0.700,0,
6070,8,158,edge-12,2,edge,500.0,0.1000,0.0100,28,3.062,0.8318,1,0.9760,,0.700,0,
6071,8,158,edge-12,2,edge,600.0,0.1000,0.0100,28,3.062,0.8318,1,0.9722,,0.700,0,
6072,8,158,edge-12,2,edge,700.0,0.1000,0.0100,28,3.062,0.8318,0,0.9684,,0.700,0,
6073,8,158,edge-12,2,edge,800.0,0.1000,0.0100,16,2.862,0.6836,0,0.9646,,0.700,0,
6074,8,158,edge-12,2,edge,900.0,0.1000,0.0100,22,2.605,0.7642,0,0.9608,,0.700,0,
6075,8,158,edge-12,2,edge,1000.0,0.1000,0.0100,28,2.705,0.8318,0,0.9572,,0.700,0,
6076,8,158,edge-12,2,edge,1100.0,0.1000,0.0100,25,2.655,0.8015,0,0.9534,,0.700,0,
6077,8,158,edge-12,2,edge,1200.0,0.1000,0.0100,22,2.605,0.7671,0,0.9496,,0.700,0,
6078,8,158,edge-12,2,edge,1300.0,0.1000,0.0100,28,2.834,0.8318,1,0.9458,,0.700,0,
6079,8,158,edge-12,2,edge,1400.0,0.1000,0.0100,25,2.784,0.8015,1,0.9420,,0.700,0,
6080,8,158,edge-12,2,edge,1500.0,0.1000,0.0100,25,2.601,0.8015,2,0.9382,,0.700,0,
6081,8,158,edge-12,2,edge,1600.0,0.1000,0.0100,28,2.651,0.8318,2,0.9344,,0.700,0,
6082,8,158,edge-12,2,edge,1700.0,0.1000,0.0100,28,2.853,0.8318,3,0.9307,,0.700,0,
6083,8,158,edge-12,2,edge,1800.0,0.1000,0.0100,22,2.753,0.7642,2,0.9269,,0.700,0,
6084,8,158,edge-12,2,edge,1900.0,0.1000,0.0100,25,2.803,0.8015,2,0.9232,,0.700,0,
6085,8,158,edge-12,2,edge,2000.0,0.1000,0.0100,19,2.669,0.7280,2,0.9195,,0.700,0,
6086,8,158,edge-12,2,edge,2100.0,0.1000,0.0100,28,2.819,0.8318,2,0.9157,,0.700,0,
6087,8,158,edge-12,2,edge,2200.0,0.1000,0.0100,25,2.769,0.7980,1,0.9119,,0.700,0,
6088,8,158,edge-12,2,edge,2300.0,0.1000,0.0100,25,2.769,0.8015,1,0.9083,,0.700,0,
6089,8,158,edge-12,2,edge,2400.0,0.1000,0.0100,28,2.576,0.8318,2,0.9045,,0.700,0,
6090,8,158,edge-12,2,edge,2500.0,0.1000,0.0100,22,2.476,0.7671,1,0.9007,,0.700,0,
6091,8,158,edge-12,2,edge,2600.0,0.1000,0.0100,28,2.576,0.8318,1,0.8969,,0.700,0,
6092,8,158,edge-12,2,edge,2700.0,0.1000,0.0100,25,2.800,0.8015,2,0.8931,,0.700,0,
6093,8,158,edge-12,2,edge,2800.0,0.1000,0.0100,22,2.750,0.7671,2,0.8893,,0.700,0,
6094,8,158,edge-12,2,edge,2900.0,0.1000,0.0100,28,2.616,0.8318,2,0.8855,,0.700,0,
6095,8,158,edge-12,2,edge,3000.0,0.1011,0.0100,45,3.247,1.0000,3,0.8680,,0.700,0,
6096,8,158,edge-12,2,edge,3100.0,0.1000,0.0100,23,2.464,0.9980,4,0.8490,,0.700,0,
6097,8,158,edge-12,2,edge,3200.0,0.1014,0.0100,57,3.292,1.0000,4,0.8299,,0.700,0,
6098,8,158,edge-12,2,edge,3300.0,0.1000,0.0100,23,2.818,0.9980,5,0.8109,,0.700,0,
6099,8,158,edge-12,2,edge,3400.0,0.1000,0.0100,28,2.568,1.0000,5,0.7918,,0.700,0,
6100,8,158,edge-12,2,edge,3500.0,0.1000,0.0100,22,2.468,0.9410,4,0.7728,,0.700,0,
6101,8,158,edge-12,2,edge,3600.0,0.1011,0.0100,45,3.091,1.0000,4,0.7537,,0.700,0,
6102,8,158,edge-12,2,edge,3700.0,0.1013,0.0100,49,3.206,1.0000,4,0.7347,,0.700,0,
6103,8,158,edge-12,2,edge,3800.0,0.1014,0.0100,62,3.386,1.0000,4,0.7309,,0.700,0,
6104,8,158,edge-12,2,edge,3900.0,0.1011,0.0100,48,3.321,1.0000,3,0.7271,,0.700,0,
6105,8,158,edge-12,2,edge,4000.0,0.1010,0.0100,57,3.466,0.9224,3,0.7233,,0.700,0,
6106,8,158,edge-12,2,edge,4100.0,0.1008,0.0100,47,3.098,1.0000,3,0.7196,,0.700,0,
6107,8,158,edge-12,2,edge,4200.0,0.1007,0.0100,50,3.243,1.0000,2,0.7160,,0.700,0,
6108,8,158,edge-12,2,edge,4300.0,0.1004,0.0100,44,3.033,1.0000,1,0.7124,,0.700,0,
6109,8,158,edge-12,2,edge,4400.0,0.1006,0.0100,42,3.088,1.0000,1,0.7086,,0.700,0,
6110,8,158,edge-12,2,edge,4500.0,0.1006,0.0100,46,3.138,1.0000,1,0.7049,,0.700,0,
6111,8,158,edge-12,2,edge,4600.0,0.1006,0.0100,37,3.038,1.0000,0,0.7013,,0.700,0,
6112,8,158,edge-12,2,edge,4700.0,0.1006,0.0100,51,3.238,1.0000,0,0.6977,,0.700,0,
6113,8,158,edge-12,2,edge,4800.0,0.1006,0.0100,43,3.138,1.0000,0,0.6939,,0.700,0,
6114,8,158,edge-12,2,edge,4900.0,0.1008,0.0100,55,3.398,1.0000,0,0.6901,,0.700,0,
6115,8,158,edge-12,2,edge,5000.0,0.1008,0.0100,62,3.648,1.0000,0,0.6863,,0.700,0,
6116,8,161,edge-13,2,edge,0.0,0.0000,0.0100,0,1.739,,1,1.0000,,0.700,0,2568.8
6117,8,161,edge-13,2,edge,100.0,0.0400,0.0100,7,2.089,0.7980,1,0.9911,,0.700,0,2568.8
6118,8,161,edge-13,2,edge,200.0,0.1000,0.0100,25,2.964,0.8015,1,0.9875,,0.700,0,2568.8
6119,8,161,edge-13,2,edge,300.0,0.1000,0.0100,22,2.914,0.7671,1,0.9837,,0.700,0,2568.8
6120,8,161,edge-13,2,edge,400.0,0.1000,0.0100,28,3.014,0.8318,1,0.9799,,0.700,0,2568.8
6121,8,161,edge-13,2,edge,500.0,0.1000,0.0100,25,2.964,0.8015,0,0.9761,,0.700,0,2568.8
6122,8,161,edge-13,2,edge,600.0,0.1000,0.0100,28,3.014,0.8318,0,0.9724,,0.700,0,2568.8
6123,8,161,edge-13,2,edge,700.0,0.1000,0.0100,19,2.864,0.7280,0,0.9686,,0.700,0,2568.8
6124,8,161,edge-13,2,edge,800.0,0.1013,0.0100,52,3.561,1.0000,1,0.9526,,0.700,0,2568.8
6125,8,161,edge-13,2,edge,900.0,0.1008,0.0100,52,3.651,1.0000,1,0.9336,,0.700,0,2568.8
6126,8,161,edge-13,2,edge,1000.0,0.1000,0.0100,26,2.708,1.0000,2,0.9145,,0.700,0,2568.8
6127,8,161,edge-13,2,edge,1100.0,0.1003,0.0100,35,2.997,1.0000,3,0.8955,,0.700,0,2568.8
6128,8,161,edge-13,2,edge,1200.0,0.1000,0.0100,22,2.847,0.9410,4,0.8764,,0.700,0,2568.8
6129,8,161,edge-13,2,edge,1300.0,0.1000,0.0100,22,2.825,0.9410,3,0.8574,,0.700,0,2568.8
6130,8,161,edge-13,2,edge,1400.0,0.1000,0.0100,25,3.091,0.9980,4,0.8383,,0.700,0,2568.8
6131,8,161,edge-13,2,edge,1500.0,0.1000,0.0100,25,2.657,0.9980,4,0.8193,,0.700,0,2568.8
6132,8,161,edge-13,2,edge,1600.0,0.1011,0.0100,58,3.811,1.0000,4,0.8002,,0.700,0,2568.8
6133,8,161,edge-13,2,edge,1700.0,0.1000,0.0100,23,2.860,0.9980,4,0.7812,,0.700,0,2568.8
6134,8,161,edge-13,2,edge,1800.0,0.1000,0.0100,16,2.755,0.8151,4,0.7621,,0.700,0,2568.8
6135,8,161,edge-13,2,edge,1900.0,0.1000,0.0100,28,2.955,1.0000,3,0.7431,,0.700,0,2568.8
6136,8,161,edge-13,2,edge,2000.0,0.1000,0.0100,22,2.855,0.9410,2,0.7240,,0.700,0,2568.8
6137,8,161,edge-13,2,edge,2100.0,0.1000,0.0100,28,2.955,1.0000,1,0.7050,,0.700,0,2568.8
6138,8,161,edge-13,2,edge,2200.0,0.1000,0.0100,25,3.035,0.9980,1,0.6859,,0.700,0,2568.8
6139,8,161,edge-13,2,edge,2300.0,0.1000,0.0100,25,3.035,0.9980,1,0.6669,,0.700,0,2568.8
6140,8,161,edge-13,2,edge,2400.0,0.1000,0.0100,28,2.785,1.0000,2,0.6478,,0.700,1,2568.8
6141,8,161,edge-13,2,edge,2500.0,0.1000,0.0100,25,2.735,0.9980,2,0.6288,,0.700,1,2568.8
6142,8,164,edge-14,2,edge,0.0,0.0000,0.0100,0,1.533,,1,1.0000,,0.700,0,
6143,8,164,edge-14,2,edge,100.0,0.0401,0.0100,11,2.038,1.0000,1,0.9911,,0.700,0,
6144,8,164,edge-14,2,edge,200.0,0.1011,0.0100,46,2.995,1.0000,2,0.9873,,0.700,0,
6145,8,164,edge-14,2,edge,300.0,0.1010,0.0100,48,3.319,0.9751,3,0.9836,,0.700,0,
6146,8,164,edge-14,2,edge,400.0,0.1006,0.0100,41,3.154,1.0000,3,0.9799,,0.700,0,
6147,8,164,edge-14,2,edge,500.0,0.1001,0.0100,39,3.039,1.0000,2,0.9763,,0.700,0,
6148,8,164,edge-14,2,edge,600.0,0.1001,0.0100,39,3.156,1.0000,2,0.9727,,0.700,0,
6149,8,164,edge-14,2,edge,700.0,0.1001,0.0100,25,2.856,0.8468,1,0.9689,,0.700,0,
6150,8,164,edge-14,2,edge,800.0,0.1003,0.0100,37,3.111,1.0000,0,0.9651,,0.700,0,
6151,8,164,edge-14,2,edge,900.0,0.1003,0.0100,38,3.161,1.0000,0,0.9613,,0.700,0,
6152,8,164,edge-14,2,edge,1000.0,0.1003,0.0100,36,3.161,1.0000,0,0.9575,,0.700,0,
6153,8,164,edge-14,2,edge,1100.0,0.1000,0.0100,22,2.834,0.7671,1,0.9537,,0.700,0,
6154,8,164,edge-14,2,edge,1200.0,0.1000,0.0100,22,2.595,0.7671,1,0.9499,,0.700,0,
6155,8,164,edge-14,2,edge,1300.0,0.1000,0.0100,25,2.645,0.8015,1,0.9461,,0.700,0,
6156,8,164,edge-14,2,edge,1400.0,0.1000,0.0100,28,2.695,0.8318,1,0.9424,,0.700,0,
6157,8,164,edge-14,2,edge,1500.0,0.1000,0.0100,16,2.752,0.6818,2,0.9386,,0.700,0,
6158,8,164,edge-14,2,edge,1600.0,0.1000,0.0100,28,2.952,0.8318,1,0.9349,,0.700,0,
6159,8,164,edge-14,2,edge,1700.0,0.1000,0.0100,28,2.952,0.8318,1,0.9312,,0.700,0,
6160,8,164,edge-14,2,edge,1800.0,0.1000,0.0100,22,2.852,0.7671,1,0.9274,,0.700,0,
6161,8,164,edge-14,2,edge,1900.0,0.1000,0.0100,28,2.952,0.8318,1,0.9236,,0.700,0,
6162,8,164,edge-14,2,edge,2000.0,0.1000,0.0100,28,2.952,0.8318,0,0.9198,,0.700,0,
6163,8,164,edge-14,2,edge,2100.0,0.1000,0.0100,25,2.902,0.8015,0,0.9160,,0.700,0,
6164,8,164,edge-14,2,edge,2200.0,0.1000,0.0100,25,2.902,0.8015,0,0.9122,,0.700,0,
6165,8,164,edge-14,2,edge,2300.0,0.1000,0.0100,28,2.952,0.8318,0,0.9084,,0.700,0,
6166,8,164,edge-14,2,edge,2400.0,0.1000,0.0100,22,2.497,0.7671,1,0.9046,,0.700,0,
6167,8,164,edge-14,2,edge,2500.0,0.1000,0.0100,28,2.710,0.8318,2,0.9008,,0.700,0,
6168,8,164,edge-14,2,edge,2600.0,0.1000,0.0100,25,2.705,0.8015,3,0.8970,,0.700,0,
6169,8,164,edge-14,2,edge,2700.0,0.1000,0.0100,22,2.655,0.7642,3,0.8933,,0.700,0,
6170,8,164,edge-14,2,edge,2800.0,0.1000,0.0100,25,2.705,0.8015,3,0.8896,,0.700,0,
6171,8,164,edge-14,2,edge,2900.0,0.1000,0.0100,47,3.483,0.9477,3,0.8858,,0.700,0,
6172,8,164,edge-14,2,edge,3000.0,0.1006,0.0100,74,4.203,1.0000,2,0.8820,,0.700,0,
6173,8,164,edge-14,2,edge,3100.0,0.1031,0.0100,89,3.793,1.0000,1,0.8784,,0.700,0,
6174,8,164,edge-14,2,edge,3200.0,0.1008,0.0100,46,3.163,0.9911,1,0.8746,,0.700,0,
6175,8,164,edge-14,2,edge,3300.0,0.1006,0.0100,34,2.903,0.9320,1,0.8708,,0.700,0,
6176,8,164,edge-14,2,edge,3400.0,0.1000,0.0100,28,2.691,0.8318,1,0.8672,,0.700,0,
6177,8,164,edge-14,2,edge,3500.0,0.1000,0.0100,25,2.641,0.8015,1,0.8634,,0.700,0,
6178,8,164,edge-14,2,edge,3600.0,0.1000,0.0100,28,2.691,0.8318,1,0.8596,,0.700,0,
6179,8,164,edge-14,2,edge,3700.0,0.1000,0.0100,22,2.608,0.7671,2,0.8558,,0.700,0,
6180,8,164,edge-14,2,edge,3800.0,0.1000,0.0100,28,2.692,0.8318,2,0.8520,,0.700,0,
6181,8,164,edge-14,2,edge,3900.0,0.1013,0.0100,47,3.240,1.0000,2,0.8345,,0.700,0,
6182,8,164,edge-14,2,edge,4000.0,0.1013,0.0100,52,3.295,1.0000,2,0.8155,,0.700,0,
6183,8,164,edge-14,2,edge,4100.0,0.1014,0.0100,55,3.350,1.0000,2,0.7964,,0.700,0,
6184,8,164,edge-14,2,edge,4200.0,0.1008,0.0100,28,2.946,1.0000,1,0.7774,,0.700,0,
6185,8,164,edge-14,2,edge,4300.0,0.1000,0.0100,25,2.576,0.9980,2,0.7584,,0.700,0,
6186,8,164,edge-14,2,edge,4400.0,0.1013,0.0100,51,3.249,1.0000,2,0.7393,,0.700,0,
6187,8,164,edge-14,2,edge,4500.0,0.1013,0.0100,52,3.185,1.0000,3,0.7203,,0.700,0,
6188,8,164,edge-14,2,edge,4600.0,0.1000,0.0100,20,2.470,0.9410,4,0.7012,,0.700,0,
6189,8,164,edge-14,2,edge,4700.0,0.1000,0.0100,25,2.557,0.9980,5,0.6822,,0.700,0,
6190,8,164,edge-14,2,edge,4800.0,0.1000,0.0100,19,2.758,0.8803,4,0.6631,,0.700,0,
6191,8,164,edge-14,2,edge,4900.0,0.1000,0.0100,28,2.908,1.0000,3,0.6441,,0.700,0,
6192,8,164,edge-14,2,edge,5000.0,0.1000,0.0100,22,2.439,0.9410,3,0.6250,,0.700,0,
6193,8,167,edge-15,2,edge,0.0,0.0000,0.0100,0,1.782,,1,1.0000,,0.700,0,5045.9
6194,8,167,edge-15,2,edge,100.0,0.0400,0.0100,8,2.182,0.8914,1,0.9911,,0.700,0,5045.9
6195,8,167,edge-15,2,edge,200.0,0.1000,0.0100,25,2.732,0.8015,1,0.9873,,0.700,0,5045.9
6196,8,167,edge-15,2,edge,300.0,0.1000,0.0100,25,2.732,0.8015,1,0.9836,,0.700,0,5045.9
6197,8,167,edge-15,2,edge,400.0,0.1000,0.0100,28,2.685,0.8318,2,0.9798,,0.700,0,5045.9
6198,8,167,edge-15,2,edge,500.0,0.1000,0.0100,19,2.535,0.7280,1,0.9760,,0.700,0,5045.9
6199,8,167,edge-15,2,edge,600.0,0.1000,0.0100,25,2.635,0.8015,1,0.9722,,0.700,0,5045.9
6200,8,167,edge-15,2,edge,700.0,0.1000,0.0100,22,2.585,0.7671,1,0.9684,,0.700,0,5045.9
6201,8,167,edge-15,2,edge,800.0,0.1000,0.0100,16,2.485,0.6836,1,0.9646,,0.700,0,5045.9
6202,8,167,edge-15,2,edge,900.0,0.1000,0.0100,28,2.685,0.8318,0,0.9608,,0.700,0,5045.9
6203,8,167,edge-15,2,edge,1000.0,0.1000,0.0100,25,2.635,0.8015,0,0.9570,,0.700,0,5045.9
6204,8,167,edge-15,2,edge,1100.0,0.1000,0.0100,28,2.685,0.8318,0,0.9532,,0.700,0,5045.9
6205,8,167,edge-15,2,edge,1200.0,0.1000,0.0100,25,2.567,0.8015,1,0.9494,,0.700,0,5045.9
6206,8,167,edge-15,2,edge,1300.0,0.1000,0.0100,25,2.789,0.8015,2,0.9456,,0.700,0,5045.9
6207,8,167,edge-15,2,edge,1400.0,0.1000,0.0100,25,2.548,0.8015,2,0.9419,,0.700,0,5045.9
6208,8,167,edge-15,2,edge,1500.0,0.1010,0.0100,40,3.169,1.0000,3,0.9259,,0.700,0,5045.9
6209,8,167,edge-15,2,edge,1600.0,0.1010,0.0100,54,3.574,1.0000,3,0.9068,,0.700,0,5045.9
6210,8,167,edge-15,2,edge,1700.0,0.1000,0.0100,17,2.388,0.8803,3,0.8878,,0.700,0,5045.9
6211,8,167,edge-15,2,edge,1800.0,0.1000,0.0100,25,2.738,0.9980,3,0.8688,,0.700,0,5045.9
6212,8,167,edge-15,2,edge,1900.0,0.1000,0.0100,22,2.612,0.9410,4,0.8497,,0.700,0,5045.9
6213,8,167,edge-15,2,edge,2000.0,0.1000,0.0100,28,2.595,1.0000,3,0.8307,,0.700,0,5045.9
6214,8,167,edge-15,2,edge,2100.0,0.1014,0.0100,57,3.168,1.0000,4,0.8116,,0.700,0,5045.9
6215,8,167,edge-15,2,edge,2200.0,0.1000,0.0100,48,3.647,1.0000,4,0.7926,,0.700,0,5045.9
6216,8,167,edge-15,2,edge,2300.0,0.1004,0.0100,45,3.198,1.0000,4,0.7735,,0.700,0,5045.9
6217,8,167,edge-15,2,edge,2400.0,0.1000,0.0100,28,2.715,1.0000,4,0.7545,,0.700,0,5045.9
6218,8,167,edge-15,2,edge,2500.0,0.1000,0.0100,25,2.665,0.9980,4,0.7354,,0.700,0,5045.9
6219,8,167,edge-15,2,edge,2600.0,0.1011,0.0100,88,4.818,1.0000,4,0.7164,,0.700,0,5045.9
6220,8,167,edge-15,2,edge,2700.0,0.1010,0.0100,54,3.508,1.0000,3,0.6973,,0.700,0,5045.9
6221,8,167,edge-15,2,edge,2800.0,0.1008,0.0100,52,3.188,1.0000,3,0.6783,,0.700,0,5045.9
6222,8,167,edge-15,2,edge,2900.0,0.1010,0.0100,57,3.609,1.0000,3,0.6592,,0.700,0,5045.9
6223,8,167,edge-15,2,edge,3000.0,0.1001,0.0100,41,3.234,1.0000,3,0.6402,,0.700,0,5045.9
6224,8,167,edge-15,2,edge,3100.0,0.1000,0.0100,28,3.024,0.9528,2,0.6211,,0.700,0,5045.9
6225,8,167,edge-15,2,edge,3200.0,0.1010,0.0100,52,3.149,1.0000,3,0.6021,,0.700,0,5045.9
6226,8,167,edge-15,2,edge,3300.0,0.1004,0.0100,34,2.839,1.0000,2,0.5830,,0.700,0,5045.9
6227,8,167,edge-15,2,edge,3400.0,0.1004,0.0100,42,2.984,1.0000,1,0.5640,,0.700,0,5045.9
6228,8,167,edge-15,2,edge,3500.0,0.1003,0.0100,44,3.029,1.0000,1,0.5449,,0.700,0,5045.9
6229,8,167,edge-15,2,edge,3600.0,0.1003,0.0100,41,2.974,1.0000,1,0.5259,,0.700,0,5045.9
6230,8,167,edge-15,2,edge,3700.0,0.1010,0.0100,40,3.068,1.0000,1,0.5068,,0.700,0,5045.9
6231,8,167,edge-15,2,edge,3800.0,0.1013,0.0100,49,3.228,1.0000,1,0.4878,,0.700,0,5045.9
6232,8,167,edge-15,2,edge,3900.0,0.1013,0.0100,49,3.228,1.0000,1,0.4688,,0.700,0,5045.9
6233,8,167,edge-15,2,edge,4000.0,0.1000,0.0100,23,2.675,0.9980,2,0.4497,,0.700,0,5045.9
6234,8,167,edge-15,2,edge,4100.0,0.1000,0.0100,25,2.720,0.9980,2,0.4307,,0.700,0,5045.9
6235,8,167,edge-15,2,edge,4200.0,0.1000,0.0100,28,2.770,1.0000,1,0.4116,,0.700,0,5045.9
6236,8,167,edge-15,2,edge,4300.0,0.1000,0.0100,28,2.770,1.0000,1,0.3926,,0.700,0,5045.9
6237,8,167,edge-15,2,edge,4400.0,0.1013,0.0100,51,3.021,1.0000,2,0.3735,,0.700,0,5045.9
6238,8,167,edge-15,2,edge,4500.0,0.1000,0.0100,26,2.724,1.0000,2,0.3545,,0.700,0,5045.9
6239,8,167,edge-15,2,edge,4600.0,0.1013,0.0100,51,3.155,1.0000,3,0.3354,,0.700,0,5045.9
6240,8,167,edge-15,2,edge,4700.0,0.1010,0.0100,53,3.350,1.0000,3,0.3164,,0.700,0,5045.9
6241,8,167,edge-15,2,edge,4800.0,0.1010,0.0100,40,3.054,1.0000,4,0.2973,,0.700,0,5045.9
6242,8,167,edge-15,2,edge,4900.0,0.1000,0.0100,26,2.634,1.0000,4,0.2783,,0.700,1,5045.9
6243,8,167,edge-15,2,edge,5000.0,0.1000,0.0100,28,2.679,1.0000,3,0.2592,,0.700,1,5045.9
6244,8,170,edge-16,2,edge,0.0,0.0000,0.0100,0,1.788,,1,1.0000,,0.700,0,
6245,8,170,edge-16,2,edge,100.0,0.0400,0.0100,8,2.188,0.8914,1,0.9911,,0.700,0,
6246,8,170,edge-16,2,edge,200.0,0.1000,0.0100,28,2.788,0.8318,1,0.9873,,0.700,0,
6247,8,170,edge-16,2,edge,300.0,0.1000,0.0100,28,2.788,0.8318,1,0.9836,,0.700,0,
6248,8,170,edge-16,2,edge,400.0,0.1000,0.0100,28,2.788,0.8318,1,0.9798,,0.700,0,
6249,8,170,edge-16,2,edge,500.0,0.1000,0.0100,25,2.738,0.8015,0,0.9760,,0.700,0,
6250,8,170,edge-16,2,edge,600.0,0.1000,0.0100,22,2.688,0.7671,0,0.9722,,0.700,0,
6251,8,170,edge-16,2,edge,700.0,0.1000,0.0100,28,2.691,0.8318,1,0.9684,,0.700,0,
6252,8,170,edge-16,2,edge,800.0,0.1000,0.0100,28,2.691,0.8318,1,0.9646,,0.700,0,
6253,8,170,edge-16,2,edge,900.0,0.1000,0.0100,25,2.641,0.8015,1,0.9608,,0.700,0,
6254,8,170,edge-16,2,edge,1000.0,0.1000,0.0100,28,2.691,0.8318,1,0.9570,,0.700,0,
6255,8,170,edge-16,2,edge,1100.0,0.1000,0.0100,19,2.669,0.7280,2,0.9532,,0.700,0,
6256,8,170,edge-16,2,edge,1200.0,0.1000,0.0100,25,2.560,0.8015,2,0.9494,,0.700,0,
6257,8,170,edge-16,2,edge,1300.0,0.1000,0.0100,28,2.911,0.8318,2,0.9456,,0.700,0,
6258,8,170,edge-16,2,edge,1400.0,0.1000,0.0100,28,2.911,0.8318,2,0.9419,,0.700,0,
6259,8,170,edge-16,2,edge,1500.0,0.1000,0.0100,25,2.544,0.8015,2,0.9381,,0.700,0,
6260,8,170,edge-16,2,edge,1600.0,0.1000,0.0100,25,2.717,0.8015,2,0.9343,,0.700,0,
6261,8,170,edge-16,2,edge,1700.0,0.1000,0.0100,25,2.748,0.8015,2,0.9305,,0.700,0,
6262,8,170,edge-16,2,edge,1800.0,0.1000,0.0100,25,2.526,0.8015,3,0.9267,,0.700,0,
6263,8,170,edge-16,2,edge,1900.0,0.1000,0.0100,28,2.657,0.8318,4,0.9229,,0.700,0,
6264,8,170,edge-16,2,edge,2000.0,0.1000,0.0100,35,3.360,1.0000,5,0.9191,,0.700,0,
6265,8,170,edge-16,2,edge,2100.0,0.1000,0.0100,39,3.310,1.0000,4,0.9153,,0.700,0,
6266,8,170,edge-16,2,edge,2200.0,0.1000,0.0100,22,2.417,0.7671,4,0.9115,,0.700,0,
6267,8,170,edge-16,2,edge,2300.0,0.1000,0.0100,22,2.728,0.7671,4,0.9077,,0.700,0,
6268,8,170,edge-16,2,edge,2400.0,0.1000,0.0100,52,3.705,1.0000,4,0.9040,,0.700,0,
6269,8,170,edge-16,2,edge,2500.0,0.1000,0.0100,28,2.835,0.8318,4,0.9002,,0.700,0,
6270,8,170,edge-16,2,edge,2600.0,0.1000,0.0100,22,2.735,0.7642,4,0.8964,,0.700,0,
6271,8,170,edge-16,2,edge,2700.0,0.1000,0.0100,22,2.534,0.7671,4,0.8928,,0.700,0,
6272,8,170,edge-16,2,edge,2800.0,0.1008,0.0100,49,3.279,1.0000,4,0.8889,,0.700,0,
6273,8,170,edge-16,2,edge,2900.0,0.1000,0.0100,47,3.433,0.8264,4,0.8852,,0.700,0,
6274,8,170,edge-16,2,edge,3000.0,0.1000,0.0100,31,2.983,0.8840,3,0.8814,,0.700,0,
6275,8,170,edge-16,2,edge,3100.0,0.1000,0.0100,32,2.933,0.8367,3,0.8776,,0.700,0,
6276,8,170,edge-16,2,edge,3200.0,0.1000,0.0100,28,2.770,0.8318,3,0.8738,,0.700,0,
6277,8,170,edge-16,2,edge,3300.0,0.1000,0.0100,25,2.720,0.8015,2,0.8700,,0.700,0,
6278,8,170,edge-16,2,edge,3400.0,0.1000,0.0100,25,2.720,0.8015,1,0.8662,,0.700,0,
6279,8,170,edge-16,2,edge,3500.0,0.1000,0.0100,25,2.720,0.8015,1,0.8624,,0.700,0,
6280,8,170,edge-16,2,edge,3600.0,0.1000,0.0100,28,2.588,0.8318,2,0.8586,,0.700,0,
6281,8,170,edge-16,2,edge,3700.0,0.1000,0.0100,33,2.954,0.9025,2,0.8548,,0.700,0,
6282,8,170,edge-16,2,edge,3800.0,0.1000,0.0100,59,3.865,0.9797,3,0.8510,,0.700,0,
6283,8,170,edge-16,2,edge,3900.0,0.1000,0.0100,25,2.850,0.8015,4,0.8473,,0.700,0,
6284,8,170,edge-16,2,edge,4000.0,0.1000,0.0100,28,2.900,0.8318,4,0.8435,,0.700,0,
6285,8,170,edge-16,2,edge,4100.0,0.1000,0.0100,28,2.900,0.8318,3,0.8397,,0.700,0,
6286,8,170,edge-16,2,edge,4200.0,0.1000,0.0100,25,2.850,0.8015,2,0.8359,,0.700,0,
6287,8,170,edge-16,2,edge,4300.0,0.1000,0.0100,22,2.800,0.7642,1,0.8321,,0.700,0,
6288,8,170,edge-16,2,edge,4400.0,0.1000,0.0100,25,2.850,0.8015,0,0.8285,,0.700,0,
6289,8,170,edge-16,2,edge,4500.0,0.1000,0.0100,50,4.011,0.9663,1,0.8247,,0.700,0,
6290,8,170,edge-16,2,edge,4600.0,0.1000,0.0100,42,3.811,0.9952,1,0.8209,,0.700,0,
6291,8,170,edge-16,2,edge,4700.0,0.1000,0.0100,36,3.411,0.7402,1,0.8171,,0.700,0,
6292,8,170,edge-16,2,edge,4800.0,0.1000,0.0100,25,2.785,0.8015,2,0.8133,,0.700,0,
6293,8,170,edge-16,2,edge,4900.0,0.1000,0.0100,25,2.799,0.8015,3,0.8095,,0.700,0,
6294,8,170,edge-16,2,edge,5000.0,0.1000,0.0100,19,2.699,0.7280,2,0.8057,,0.700,0,
6295,8,173,edge-17,2,edge,0.0,0.0000,0.0100,0,1.761,,1,1.0000,,0.700,0,
6296,8,173,edge-17,2,edge,100.0,0.0403,0.0100,12,2.271,1.0000,1,0.9896,,0.700,0,
6297,8,173,edge-17,2,edge,200.0,0.1013,0.0100,45,3.126,1.0000,2,0.9844,,0.700,0,
6298,8,173,edge-17,2,edge,300.0,0.1013,0.0100,52,3.226,1.0000,2,0.9808,,0.700,0,
6299,8,173,edge-17,2,edge,400.0,0.1013,0.0100,49,3.176,1.0000,2,0.9770,,0.700,0,
6300,8,173,edge-17,2,edge,500.0,0.1013,0.0100,49,3.013,1.0000,2,0.9732,,0.700,0,
6301,8,173,edge-17,2,edge,600.0,0.1010,0.0100,35,2.803,1.0000,2,0.9694,,0.700,0,
6302,8,173,edge-17,2,edge,700.0,0.1013,0.0100,49,3.013,1.0000,1,0.9657,,0.700,0,
6303,8,173,edge-17,2,edge,800.0,0.1014,0.0100,55,3.118,1.0000,1,0.9619,,0.700,0,
6304,8,173,edge-17,2,edge,900.0,0.1014,0.0100,55,3.118,1.0000,1,0.9582,,0.700,0,
6305,8,173,edge-17,2,edge,1000.0,0.1011,0.0100,42,2.908,1.0000,0,0.9544,,0.700,0,
6306,8,173,edge-17,2,edge,1100.0,0.1011,0.0100,42,2.908,1.0000,0,0.9507,,0.700,0,
6307,8,173,edge-17,2,edge,1200.0,0.1014,0.0100,55,3.118,1.0000,0,0.9469,,0.700,0,
6308,8,173,edge-17,2,edge,1300.0,0.1014,0.0100,55,3.118,1.0000,0,0.9432,,0.700,0,
6309,8,173,edge-17,2,edge,1400.0,0.1013,0.0100,49,3.013,1.0000,0,0.9395,,0.700,0,
6310,8,173,edge-17,2,edge,1500.0,0.1014,0.0100,51,3.068,1.0000,0,0.9357,,0.700,0,
6311,8,173,edge-17,2,edge,1600.0,0.1010,0.0100,40,2.853,1.0000,0,0.9321,,0.700,0,
6312,8,173,edge-17,2,edge,1700.0,0.1014,0.0100,55,3.118,1.0000,0,0.9283,,0.700,0,
6313,8,173,edge-17,2,edge,1800.0,0.1013,0.0100,45,2.963,1.0000,0,0.9246,,0.700,0,
6314,8,173,edge-17,2,edge,1900.0,0.1013,0.0100,52,3.063,1.0000,0,0.9209,,0.700,0,
6315,8,173,edge-17,2,edge,2000.0,0.1014,0.0100,55,3.118,1.0000,0,0.9172,,0.700,0,
6316,8,173,edge-17,2,edge,2100.0,0.1013,0.0100,45,2.963,1.0000,0,0.9134,,0.700,0,
6317,8,173,edge-17,2,edge,2200.0,0.1011,0.0100,46,2.958,1.0000,0,0.9098,,0.700,0,
6318,8,173,edge-17,2,edge,2300.0,0.1013,0.0100,45,2.963,1.0000,0,0.9061,,0.700,0,
6319,8,173,edge-17,2,edge,2400.0,0.1011,0.0100,46,2.958,1.0000,0,0.9024,,0.700,0,
6320,8,173,edge-17,2,edge,2500.0,0.1014,0.0100,55,3.118,1.0000,0,0.8987,,0.700,0,
6321,8,173,edge-17,2,edge,2600.0,0.1001,0.0100,30,2.746,0.9244,1,0.8949,,0.700,0,
6322,8,173,edge-17,2,edge,2700.0,0.1000,0.0100,28,2.691,0.8318,1,0.8912,,0.700,0,
6323,8,173,edge-17,2,edge,2800.0,0.1000,0.0100,25,2.641,0.7980,1,0.8874,,0.700,0,
6324,8,173,edge-17,2,edge,2900.0,0.1000,0.0100,28,2.691,0.8318,1,0.8837,,0.700,0,
6325,8,173,edge-17,2,edge,3000.0,0.1000,0.0100,22,2.596,0.7671,2,0.8800,,0.700,0,
6326,8,173,edge-17,2,edge,3100.0,0.1006,0.0100,29,3.014,1.0000,2,0.8640,,0.700,0,
6327,8,173,edge-17,2,edge,3200.0,0.1000,0.0100,22,2.584,0.9410,3,0.8449,,0.700,0,
6328,8,173,edge-17,2,edge,3300.0,0.1007,0.0100,42,3.259,1.0000,4,0.8259,,0.700,0,
6329,8,173,edge-17,2,edge,3400.0,0.1000,0.0100,23,2.516,0.9980,5,0.8068,,0.700,0,
6330,8,173,edge-17,2,edge,3500.0,0.1000,0.0100,16,2.411,0.8151,4,0.7878,,0.700,0,
6331,8,173,edge-17,2,edge,3600.0,0.1000,0.0100,25,2.679,0.9980,4,0.7688,,0.700,0,
6332,8,173,edge-17,2,edge,3700.0,0.1000,0.0100,25,2.799,0.9980,4,0.7497,,0.700,0,
6333,8,173,edge-17,2,edge,3800.0,0.1000,0.0100,25,2.708,0.9980,4,0.7307,,0.700,0,
6334,8,173,edge-17,2,edge,3900.0,0.1000,0.0100,28,2.758,1.0000,3,0.7116,,0.700,0,
6335,8,173,edge-17,2,edge,4000.0,0.1000,0.0100,70,4.229,1.0000,4,0.6926,,0.700,0,
6336,8,173,edge-17,2,edge,4100.0,0.1025,0.0100,92,4.014,1.0000,3,0.6735,,0.700,0,
6337,8,173,edge-17,2,edge,4200.0,0.1013,0.0100,59,3.324,1.0000,2,0.6545,,0.700,0,
6338,8,173,edge-17,2,edge,4300.0,0.1017,0.0100,63,3.339,1.0000,1,0.6354,,0.700,0,
6339,8,173,edge-17,2,edge,4400.0,0.1000,0.0100,20,2.723,0.9410,2,0.6164,,0.700,0,
6340,8,173,edge-17,2,edge,4500.0,0.1000,0.0100,28,2.868,1.0000,1,0.5973,,0.700,0,
6341,8,173,edge-17,2,edge,4600.0,0.1000,0.0100,16,2.668,0.8151,1,0.5783,,0.700,0,
6342,8,173,edge-17,2,edge,4700.0,0.1000,0.0100,25,2.818,0.9980,1,0.5592,,0.700,0,
6343,8,173,edge-17,2,edge,4800.0,0.1000,0.0100,25,2.818,0.9980,1,0.5402,,0.700,0,
6344,8,173,edge-17,2,edge,4900.0,0.1000,0.0100,28,2.868,1.0000,0,0.5211,,0.700,0,
6345,8,173,edge-17,2,edge,5000.0,0.1010,0.0100,40,3.077,1.0000,1,0.5021,,0.700,0,
6346,8,176,edge-18,2,edge,0.0,0.0000,0.0100,0,1.761,,1,1.0000,,0.700,0,
6347,8,176,edge-18,2,edge,100.0,0.0400,0.0100,7,2.111,0.7980,1,0.9911,,0.700,0,
6348,8,176,edge-18,2,edge,200.0,0.1000,0.0100,25,2.711,0.8015,1,0.9875,,0.700,0,
6349,8,176,edge-18,2,edge,300.0,0.1000,0.0100,25,2.711,0.8015,1,0.9837,,0.700,0,
6350,8,176,edge-18,2,edge,400.0,0.1000,0.0100,25,2.711,0.8015,1,0.9799,,0.700,0,
6351,8,176,edge-18,2,edge,500.0,0.1000,0.0100,28,2.786,0.8318,0,0.9761,,0.700,0,
6352,8,176,edge-18,2,edge,600.0,0.1000,0.0100,25,2.661,0.8015,0,0.9724,,0.700,0,
6353,8,176,edge-18,2,edge,700.0,0.1000,0.0100,25,2.661,0.8015,0,0.9686,,0.700,0,
6354,8,176,edge-18,2,edge,800.0,0.1000,0.0100,28,2.711,0.8318,0,0.9648,,0.700,0,
6355,8,176,edge-18,2,edge,900.0,0.1000,0.0100,22,2.591,0.7671,1,0.9610,,0.700,0,
6356,8,176,edge-18,2,edge,1000.0,0.1000,0.0100,28,2.814,0.8318,1,0.9572,,0.700,0,
6357,8,176,edge-18,2,edge,1100.0,0.1013,0.0100,51,3.285,1.0000,2,0.9397,,0.700,0,
6358,8,176,edge-18,2,edge,1200.0,0.1000,0.0100,20,2.408,0.9410,3,0.9206,,0.700,0,
6359,8,176,edge-18,2,edge,1300.0,0.1010,0.0100,34,2.979,1.0000,4,0.9016,,0.700,0,
6360,8,176,edge-18,2,edge,1400.0,0.1000,0.0100,26,2.600,1.0000,4,0.8825,,0.700,0,
6361,8,176,edge-18,2,edge,1500.0,0.1000,0.0100,19,2.495,0.8803,4,0.8635,,0.700,0,
6362,8,176,edge-18,2,edge,1600.0,0.1000,0.0100,28,2.645,1.0000,3,0.8444,,0.700,0,
6363,8,176,edge-18,2,edge,1700.0,0.1000,0.0100,22,2.545,0.9410,2,0.8254,,0.700,0,
6364,8,176,edge-18,2,edge,1800.0,0.1000,0.0100,22,2.690,0.9410,2,0.8064,,0.700,0,
6365,8,176,edge-18,2,edge,1900.0,0.1000,0.0100,22,2.639,0.9410,2,0.7873,,0.700,0,
6366,8,176,edge-18,2,edge,2000.0,0.1000,0.0100,25,2.964,0.9980,2,0.7683,,0.700,0,
6367,8,176,edge-18,2,edge,2100.0,0.1000,0.0100,25,2.964,0.9980,2,0.7492,,0.700,0,
6368,8,176,edge-18,2,edge,2200.0,0.1000,0.0100,25,2.964,0.9980,2,0.7302,,0.700,0,
6369,8,176,edge-18,2,edge,2300.0,0.1000,0.0100,22,2.914,0.9410,1,0.7111,,0.700,0,
6370,8,176,edge-18,2,edge,2400.0,0.1000,0.0100,22,2.914,0.9410,0,0.6921,,0.700,0,
6371,8,176,edge-18,2,edge,2500.0,0.1000,0.0100,25,2.964,0.9980,0,0.6730,,0.700,0,
6372,8,176,edge-18,2,edge,2600.0,0.1007,0.0100,46,3.591,1.0000,1,0.6540,,0.700,0,
6373,8,176,edge-18,2,edge,2700.0,0.1006,0.0100,43,3.446,1.0000,1,0.6349,,0.700,0,
6374,8,176,edge-18,2,edge,2800.0,0.1000,0.0100,25,2.703,0.9980,2,0.6159,,0.700,0,
6375,8,176,edge-18,2,edge,2900.0,0.1008,0.0100,63,3.812,1.0000,3,0.5968,,0.700,0,
6376,8,176,edge-18,2,edge,3000.0,0.1000,0.0100,23,2.852,0.9980,4,0.5778,,0.700,0,
6377,8,176,edge-18,2,edge,3100.0,0.1000,0.0100,28,2.925,1.0000,3,0.5587,,0.700,0,
6378,8,176,edge-18,2,edge,3200.0,0.1000,0.0100,28,3.141,1.0000,4,0.5397,,0.700,0,
6379,8,176,edge-18,2,edge,3300.0,0.1000,0.0100,22,2.607,0.9410,4,0.5206,,0.700,0,
6380,8,176,edge-18,2,edge,3400.0,0.1001,0.0100,55,4.126,1.0000,4,0.5016,,0.700,0,
6381,8,176,edge-18,2,edge,3500.0,0.1000,0.0100,23,2.860,0.9980,4,0.4825,,0.700,0,
6382,8,176,edge-18,2,edge,3600.0,0.1000,0.0100,22,2.855,0.9410,4,0.4635,,0.700,0,
6383,8,176,edge-18,2,edge,3700.0,0.1000,0.0100,25,2.905,0.9980,3,0.4444,,0.700,0,
6384,8,176,edge-18,2,edge,3800.0,0.1000,0.0100,19,2.805,0.8803,2,0.4254,,0.700,0,
6385,8,176,edge-18,2,edge,3900.0,0.1000,0.0100,22,2.855,0.9410,1,0.4064,,0.700,0,
6386,8,176,edge-18,2,edge,4000.0,0.1000,0.0100,28,3.085,1.0000,1,0.3873,,0.700,0,
6387,8,176,edge-18,2,edge,4100.0,0.1000,0.0100,22,2.985,0.9410,1,0.3683,,0.700,0,
6388,8,176,edge-18,2,edge,4200.0,0.1000,0.0100,25,2.735,0.9980,2,0.3492,,0.700,0,
6389,8,176,edge-18,2,edge,4300.0,0.1000,0.0100,28,2.785,1.0000,2,0.3302,,0.700,0,
6390,8,176,edge-18,2,edge,4400.0,0.1000,0.0100,25,2.735,0.9980,2,0.3111,,0.700,0,
6391,8,176,edge-18,2,edge,4500.0,0.1000,0.0100,28,2.785,1.0000,1,0.2921,,0.700,0,
6392,8,176,edge-18,2,edge,4600.0,0.1000,0.0100,22,3.001,0.9410,1,0.2730,,0.700,0,
6393,8,176,edge-18,2,edge,4700.0,0.1000,0.0100,42,3.620,0.9682,1,0.2540,,0.700,0,
6394,8,176,edge-18,2,edge,4800.0,0.1000,0.0100,48,3.720,1.0000,1,0.2349,,0.700,0,
6395,8,176,edge-18,2,edge,4900.0,0.1000,0.0100,28,2.779,1.0000,2,0.2159,,0.700,0,
6396,8,176,edge-18,2,edge,5000.0,0.1000,0.0100,37,3.477,1.0000,3,0.1968,,0.700,0,
6397,8,179,edge-19,2,edge,0.0,0.0000,0.0100,0,1.768,,1,1.0000,,0.700,0,2208.3
6398,8,179,edge-19,2,edge,100.0,0.0404,0.0100,13,2.328,1.0000,1,0.9867,,0.700,0,2208.3
6399,8,179,edge-19,2,edge,200.0,0.1008,0.0100,50,3.353,1.0000,1,0.9676,,0.700,0,2208.3
6400,8,179,edge-19,2,edge,300.0,0.1013,0.0100,54,3.608,1.0000,1,0.9486,,0.700,0,2208.3
6401,8,179,edge-19,2,edge,400.0,0.1000,0.0100,26,2.722,1.0000,2,0.9295,,0.700,0,2208.3
6402,8,179,edge-19,2,edge,500.0,0.1000,0.0100,28,2.767,1.0000,1,0.9105,,0.700,0,2208.3
6403,8,179,edge-19,2,edge,600.0,0.1000,0.0100,25,2.717,0.9980,1,0.8914,,0.700,0,2208.3
6404,8,179,edge-19,2,edge,700.0,0.1000,0.0100,22,2.667,0.9410,1,0.8724,,0.700,0,2208.3
6405,8,179,edge-19,2,edge,800.0,0.1000,0.0100,19,2.617,0.8803,1,0.8533,,0.700,0,2208.3
6406,8,179,edge-19,2,edge,900.0,0.1000,0.0100,25,2.717,0.9980,0,0.8343,,0.700,0,2208.3
6407,8,179,edge-19,2,edge,1000.0,0.1010,0.0100,46,3.142,1.0000,1,0.8152,,0.700,0,2208.3
6408,8,179,edge-19,2,edge,1100.0,0.1000,0.0100,25,2.728,0.9980,2,0.7962,,0.700,0,2208.3
6409,8,179,edge-19,2,edge,1200.0,0.1000,0.0100,28,2.644,1.0000,2,0.7772,,0.700,0,2208.3
6410,8,179,edge-19,2,edge,1300.0,0.1010,0.0100,48,3.306,1.0000,3,0.7581,,0.700,0,2208.3
6411,8,179,edge-19,2,edge,1400.0,0.1007,0.0100,43,3.029,1.0000,4,0.7391,,0.700,0,2208.3
6412,8,179,edge-19,2,edge,1500.0,0.1011,0.0100,58,3.434,1.0000,3,0.7200,,0.700,0,2208.3
6413,8,179,edge-19,2,edge,1600.0,0.1001,0.0100,30,2.685,1.0000,3,0.7010,,0.700,0,2208.3
6414,8,179,edge-19,2,edge,1700.0,0.1000,0.0100,22,2.525,0.9410,3,0.6819,,0.700,0,2208.3
6415,8,179,edge-19,2,edge,1800.0,0.1000,0.0100,22,2.488,0.9410,3,0.6629,,0.700,0,2208.3
6416,8,179,edge-19,2,edge,1900.0,0.1000,0.0100,25,2.472,0.9980,3,0.6438,,0.700,0,2208.3
6417,8,179,edge-19,2,edge,2000.0,0.1014,0.0100,57,3.264,1.0000,4,0.6248,,0.700,0,2208.3
6418,8,179,edge-19,2,edge,2100.0,0.1000,0.0100,41,3.116,1.0000,4,0.6057,,0.700,1,2208.3
6419,8,179,edge-19,2,edge,2200.0,0.1000,0.0100,41,3.261,1.0000,4,0.5867,,0.700,1,2208.3
6420,8,182,edge-20,2,edge,0.0,0.0000,0.0100,0,1.715,,1,1.0000,,0.700,0,
6421,8,182,edge-20,2,edge,100.0,0.0401,0.0100,12,2.270,1.0000,1,0.9911,,0.700,0,
6422,8,182,edge-20,2,edge,200.0,0.1000,0.0100,25,2.754,0.8015,2,0.9873,,0.700,0,
6423,8,182,edge-20,2,edge,300.0,0.1003,0.0100,37,3.385,0.8922,3,0.9835,,0.700,0,
6424,8,182,edge-20,2,edge,400.0,0.1000,0.0100,22,2.748,0.7671,4,0.9798,,0.700,0,
6425,8,182,edge-20,2,edge,500.0,0.1000,0.0100,25,2.798,0.8015,3,0.9760,,0.700,0,
6426,8,182,edge-20,2,edge,600.0,0.1000,0.0100,22,2.748,0.7671,3,0.9722,,0.700,0,
6427,8,182,edge-20,2,edge,700.0,0.1000,0.0100,28,2.848,0.8318,2,0.9684,,0.700,0,
6428,8,182,edge-20,2,edge,800.0,0.1000,0.0100,22,2.748,0.7671,1,0.9646,,0.700,0,
6429,8,182,edge-20,2,edge,900.0,0.1000,0.0100,22,2.748,0.7671,0,0.9608,,0.700,0,
6430,8,182,edge-20,2,edge,1000.0,0.1000,0.0100,28,3.058,0.8318,1,0.9570,,0.700,0,
6431,8,182,edge-20,2,edge,1100.0,0.1000,0.0100,28,3.058,0.8318,1,0.9532,,0.700,0,
6432,8,182,edge-20,2,edge,1200.0,0.1000,0.0100,28,3.058,0.8318,1,0.9494,,0.700,0,
6433,8,182,edge-20,2,edge,1300.0,0.1000,0.0100,25,3.008,0.8015,1,0.9456,,0.700,0,
6434,8,182,edge-20,2,edge,1400.0,0.1000,0.0100,25,2.747,0.8015,1,0.9419,,0.700,0,
6435,8,182,edge-20,2,edge,1500.0,0.1007,0.0100,58,3.832,0.9912,1,0.9380,,0.700,0,
6436,8,182,edge-20,2,edge,1600.0,0.1000,0.0100,28,2.869,0.8318,2,0.9344,,0.700,0,
6437,8,182,edge-20,2,edge,1700.0,0.1000,0.0100,38,3.112,1.0000,3,0.9306,,0.700,0,
6438,8,182,edge-20,2,edge,1800.0,0.1000,0.0100,22,2.775,0.7671,4,0.9268,,0.700,0,
6439,8,182,edge-20,2,edge,1900.0,0.1000,0.0100,25,2.825,0.8015,4,0.9231,,0.700,0,
6440,8,182,edge-20,2,edge,2000.0,0.1000,0.0100,22,2.775,0.7642,3,0.9193,,0.700,0,
6441,8,182,edge-20,2,edge,2100.0,0.1007,0.0100,25,2.904,1.0000,3,0.9035,,0.700,0,
6442,8,182,edge-20,2,edge,2200.0,0.1000,0.0100,28,2.906,1.0000,3,0.8844,,0.700,0,
6443,8,182,edge-20,2,edge,2300.0,0.1000,0.0100,22,2.806,0.9410,2,0.8654,,0.700,0,
6444,8,182,edge-20,2,edge,2400.0,0.1000,0.0100,22,2.860,0.9410,2,0.8463,,0.700,0,
6445,8,182,edge-20,2,edge,2500.0,0.1000,0.0100,61,3.837,1.0000,3,0.8273,,0.700,0,
6446,8,182,edge-20,2,edge,2600.0,0.1000,0.0100,52,3.537,1.0000,2,0.8082,,0.700,0,
6447,8,182,edge-20,2,edge,2700.0,0.1000,0.0100,42,3.237,1.0000,1,0.7892,,0.700,0,
6448,8,182,edge-20,2,edge,2800.0,0.1000,0.0100,37,2.987,1.0000,1,0.7701,,0.700,0,
6449,8,182,edge-20,2,edge,2900.0,0.1000,0.0100,40,3.087,1.0000,1,0.7511,,0.700,0,
6450,8,182,edge-20,2,edge,3000.0,0.1000,0.0100,28,2.887,0.9993,0,0.7320,,0.700,0,
6451,8,182,edge-20,2,edge,3100.0,0.1000,0.0100,41,3.137,1.0000,0,0.7130,,0.700,0,
6452,8,182,edge-20,2,edge,3200.0,0.1000,0.0100,25,2.641,0.9980,1,0.6940,,0.700,0,
6453,8,182,edge-20,2,edge,3300.0,0.1000,0.0100,25,2.641,0.9980,1,0.6749,,0.700,0,
6454,8,182,edge-20,2,edge,3400.0,0.1000,0.0100,28,2.691,1.0000,1,0.6559,,0.700,0,
6455,8,182,edge-20,2,edge,3500.0,0.1000,0.0100,28,2.691,1.0000,1,0.6368,,0.700,0,
6456,8,182,edge-20,2,edge,3600.0,0.1000,0.0100,28,2.691,1.0000,1,0.6178,,0.700,0,
6457,8,182,edge-20,2,edge,3700.0,0.1000,0.0100,22,2.591,0.9410,0,0.5987,,0.700,0,
6458,8,182,edge-20,2,edge,3800.0,0.1000,0.0100,25,2.738,0.9980,1,0.5797,,0.700,0,
6459,8,182,edge-20,2,edge,3900.0,0.1000,0.0100,15,2.351,0.7442,2,0.5606,,0.700,0,
6460,8,182,edge-20,2,edge,4000.0,0.1014,0.0100,57,3.175,1.0000,3,0.5416,,0.700,0,
6461,8,182,edge-20,2,edge,4100.0,0.1000,0.0100,20,2.653,0.9410,4,0.5225,,0.700,0,
6462,8,182,edge-20,2,edge,4200.0,0.1000,0.0100,25,2.508,0.9980,5,0.5035,,0.700,0,
6463,8,182,edge-20,2,edge,4300.0,0.1000,0.0100,28,2.782,1.0000,4,0.4844,,0.700,0,
6464,8,182,edge-20,2,edge,4400.0,0.1000,0.0100,25,2.732,0.9980,3,0.4654,,0.700,0,
6465,8,182,edge-20,2,edge,4500.0,0.1000,0.0100,25,2.732,0.9980,2,0.4463,,0.700,0,
6466,8,182,edge-20,2,edge,4600.0,0.1000,0.0100,22,2.682,0.9410,1,0.4273,,0.700,0,
6467,8,182,edge-20,2,edge,4700.0,0.1000,0.0100,22,2.585,0.9410,1,0.4082,,0.700,0,
6468,8,182,edge-20,2,edge,4800.0,0.1000,0.0100,28,2.685,1.0000,1,0.3892,,0.700,0,
6469,8,182,edge-20,2,edge,4900.0,0.1000,0.0100,25,2.635,0.9980,1,0.3701,,0.700,0,
6470,8,182,edge-20,2,edge,5000.0,0.1000,0.0100,22,2.585,0.9410,1,0.3511,,0.700,0,
6471,8,185,edge-21,2,edge,0.0,0.0000,0.0100,0,1.788,,1,1.0000,,0.700,0,
6472,8,185,edge-21,2,edge,100.0,0.0400,0.0100,8,2.188,0.8914,1,0.9911,,0.700,0,
6473,8,185,edge-21,2,edge,200.0,0.1000,0.0100,28,2.788,0.8318,1,0.9873,,0.700,0,
6474,8,185,edge-21,2,edge,300.0,0.1000,0.0100,28,2.788,0.8318,1,0.9836,,0.700,0,
6475,8,185,edge-21,2,edge,400.0,0.1000,0.0100,28,2.788,0.8318,1,0.9798,,0.700,0,
6476,8,185,edge-21,2,edge,500.0,0.1000,0.0100,28,2.691,0.8318,1,0.9760,,0.700,0,
6477,8,185,edge-21,2,edge,600.0,0.1000,0.0100,28,2.691,0.8318,1,0.9722,,0.700,0,
6478,8,185,edge-21,2,edge,700.0,0.1000,0.0100,25,2.641,0.8015,1,0.9684,,0.700,0,
6479,8,185,edge-21,2,edge,800.0,0.1000,0.0100,25,2.641,0.8015,1,0.9646,,0.700,0,
6480,8,185,edge-21,2,edge,900.0,0.1000,0.0100,25,2.769,0.8015,2,0.9608,,0.700,0,
6481,8,185,edge-21,2,edge,1000.0,0.1000,0.0100,22,2.510,0.7671,2,0.9570,,0.700,0,
6482,8,185,edge-21,2,edge,1100.0,0.1000,0.0100,28,2.911,0.8318,2,0.9532,,0.700,0,
6483,8,185,edge-21,2,edge,1200.0,0.1000,0.0100,28,2.911,0.8318,2,0.9494,,0.700,0,
6484,8,185,edge-21,2,edge,1300.0,0.1000,0.0100,28,2.594,0.8318,2,0.9456,,0.700,0,
6485,8,185,edge-21,2,edge,1400.0,0.1000,0.0100,25,2.717,0.8015,2,0.9419,,0.700,0,
6486,8,185,edge-21,2,edge,1500.0,0.1000,0.0100,28,2.798,0.8318,2,0.9381,,0.700,0,
6487,8,185,edge-21,2,edge,1600.0,0.1000,0.0100,28,2.576,0.8318,3,0.9343,,0.700,0,
6488,8,185,edge-21,2,edge,1700.0,0.1000,0.0100,28,2.657,0.8318,4,0.9305,,0.700,0,
6489,8,185,edge-21,2,edge,1800.0,0.1000,0.0100,41,3.310,0.9485,5,0.9267,,0.700,0,
6490,8,185,edge-21,2,edge,1900.0,0.1000,0.0100,37,3.310,1.0000,4,0.9229,,0.700,0,
6491,8,185,edge-21,2,edge,2000.0,0.1000,0.0100,25,2.467,0.8015,4,0.9191,,0.700,0,
6492,8,185,edge-21,2,edge,2100.0,0.1000,0.0100,28,2.828,0.8318,4,0.9153,,0.700,0,
6493,8,185,edge-21,2,edge,2200.0,0.1000,0.0100,45,3.405,1.0000,4,0.9115,,0.700,0,
6494,8,185,edge-21,2,edge,2300.0,0.1000,0.0100,28,2.835,0.8318,4,0.9077,,0.700,0,
6495,8,185,edge-21,2,edge,2400.0,0.1000,0.0100,25,2.785,0.8015,4,0.9040,,0.700,0,
6496,8,185,edge-21,2,edge,2500.0,0.1000,0.0100,25,2.584,0.7980,4,0.9002,,0.700,0,
6497,8,185,edge-21,2,edge,2600.0,0.1013,0.0100,52,3.194,1.0000,4,0.8965,,0.700,0,
6498,8,185,edge-21,2,edge,2700.0,0.1001,0.0100,45,3.288,0.9911,4,0.8928,,0.700,0,
6499,8,185,edge-21,2,edge,2800.0,0.1003,0.0100,44,3.143,1.0000,3,0.8890,,0.700,0,
6500,8,185,edge-21,2,edge,2900.0,0.1007,0.0100,58,3.508,0.9775,3,0.8852,,0.700,0,
6501,8,185,edge-21,2,edge,3000.0,0.1000,0.0100,28,2.770,0.8318,3,0.8814,,0.700,0,
6502,8,185,edge-21,2,edge,3100.0,0.1000,0.0100,22,2.670,0.7671,2,0.8776,,0.700,0,
6503,8,185,edge-21,2,edge,3200.0,0.1000,0.0100,25,2.720,0.8015,1,0.8738,,0.700,0,
6504,8,185,edge-21,2,edge,3300.0,0.1000,0.0100,25,2.720,0.8015,1,0.8700,,0.700,0,
6505,8,185,edge-21,2,edge,3400.0,0.1000,0.0100,28,2.588,0.8318,2,0.8662,,0.700,0,
6506,8,185,edge-21,2,edge,3500.0,0.1000,0.0100,41,3.204,1.0000,2,0.8624,,0.700,0,
6507,8,185,edge-21,2,edge,3600.0,0.1000,0.0100,48,3.365,0.9144,3,0.8586,,0.700,0,
6508,8,185,edge-21,2,edge,3700.0,0.1000,0.0100,28,2.900,0.8318,4,0.8548,,0.700,0,
6509,8,185,edge-21,2,edge,3800.0,0.1000,0.0100,25,2.850,0.8015,4,0.8510,,0.700,0,
6510,8,185,edge-21,2,edge,3900.0,0.1000,0.0100,28,2.900,0.8318,3,0.8472,,0.700,0,
6511,8,185,edge-21,2,edge,4000.0,0.1000,0.0100,25,2.850,0.8015,2,0.8435,,0.700,0,
6512,8,185,edge-21,2,edge,4100.0,0.1000,0.0100,25,2.850,0.8015,1,0.8397,,0.700,0,
6513,8,185,edge-21,2,edge,4200.0,0.1000,0.0100,25,2.850,0.8015,0,0.8359,,0.700,0,
6514,8,185,edge-21,2,edge,4300.0,0.1000,0.0100,41,3.611,0.8804,1,0.8321,,0.700,0,
6515,8,185,edge-21,2,edge,4400.0,0.1001,0.0100,33,3.416,1.0000,1,0.8283,,0.700,0,
6516,8,185,edge-21,2,edge,4500.0,0.1007,0.0100,57,4.036,1.0000,1,0.8245,,0.700,0,
6517,8,185,edge-21,2,edge,4600.0,0.1000,0.0100,25,2.785,0.8015,2,0.8207,,0.700,0,
6518,8,185,edge-21,2,edge,4700.0,0.1000,0.0100,25,2.799,0.8015,3,0.8169,,0.700,0,
6519,8,185,edge-21,2,edge,4800.0,0.1000,0.0100,28,2.849,0.8318,2,0.8131,,0.700,0,
6520,8,185,edge-21,2,edge,4900.0,0.1000,0.0100,25,2.799,0.8015,2,0.8093,,0.700,0,
6521,8,185,edge-21,2,edge,5000.0,0.1000,0.0100,25,2.799,0.8015,2,0.8055,,0.700,0,
6522,8,188,edge-22,2,edge,0.0,0.0000,0.0100,0,1.651,,1,1.0000,,0.700,0,
6523,8,188,edge-22,2,edge,100.0,0.0400,0.0100,8,2.051,0.8914,1,0.9911,,0.700,0,
6524,8,188,edge-22,2,edge,200.0,0.1000,0.0100,28,2.853,0.8318,2,0.9873,,0.700,0,
6525,8,188,edge-22,2,edge,300.0,0.1000,0.0100,25,2.803,0.8015,2,0.9836,,0.700,0,
6526,8,188,edge-22,2,edge,400.0,0.1000,0.0100,28,2.853,0.8318,2,0.9798,,0.700,0,
6527,8,188,edge-22,2,edge,500.0,0.1000,0.0100,28,2.819,0.8318,2,0.9760,,0.700,0,
6528,8,188,edge-22,2,edge,600.0,0.1000,0.0100,22,2.719,0.7671,2,0.9722,,0.700,0,
6529,8,188,edge-22,2,edge,700.0,0.1000,0.0100,22,2.719,0.7642,1,0.9684,,0.700,0,
6530,8,188,edge-22,2,edge,800.0,0.1000,0.0100,22,2.719,0.7642,1,0.9648,,0.700,0,
6531,8,188,edge-22,2,edge,900.0,0.1000,0.0100,28,2.576,0.8318,2,0.9612,,0.700,0,
6532,8,188,edge-22,2,edge,1000.0,0.1000,0.0100,28,2.576,0.8318,1,0.9574,,0.700,0,
6533,8,188,edge-22,2,edge,1100.0,0.1000,0.0100,25,2.526,0.8015,1,0.9536,,0.700,0,
6534,8,188,edge-22,2,edge,1200.0,0.1000,0.0100,28,2.850,0.8318,2,0.9498,,0.700,0,
6535,8,188,edge-22,2,edge,1300.0,0.1000,0.0100,28,2.850,0.8318,2,0.9460,,0.700,0,
6536,8,188,edge-22,2,edge,1400.0,0.1000,0.0100,15,2.366,0.6326,2,0.9422,,0.700,0,
6537,8,188,edge-22,2,edge,1500.0,0.1013,0.0100,51,3.352,1.0000,3,0.9247,,0.700,0,
6538,8,188,edge-22,2,edge,1600.0,0.1000,0.0100,26,2.514,1.0000,4,0.9056,,0.700,0,
6539,8,188,edge-22,2,edge,1700.0,0.1010,0.0100,55,3.427,1.0000,4,0.8866,,0.700,0,
6540,8,188,edge-22,2,edge,1800.0,0.1000,0.0100,23,2.818,0.9980,5,0.8676,,0.700,0,
6541,8,188,edge-22,2,edge,1900.0,0.1000,0.0100,28,2.568,1.0000,5,0.8485,,0.700,0,
6542,8,188,edge-22,2,edge,2000.0,0.1000,0.0100,25,2.518,0.9980,4,0.8295,,0.700,0,
6543,8,188,edge-22,2,edge,2100.0,0.1011,0.0100,45,3.091,1.0000,4,0.8104,,0.700,0,
6544,8,188,edge-22,2,edge,2200.0,0.1011,0.0100,46,3.151,1.0000,4,0.7914,,0.700,0,
6545,8,188,edge-22,2,edge,2300.0,0.1010,0.0100,36,2.971,1.0000,4,0.7723,,0.700,0,
6546,8,188,edge-22,2,edge,2400.0,0.1011,0.0100,45,3.116,1.0000,3,0.7533,,0.700,0,
6547,8,188,edge-22,2,edge,2500.0,0.1013,0.0100,49,3.176,1.0000,3,0.7342,,0.700,0,
6548,8,188,edge-22,2,edge,2600.0,0.1013,0.0100,52,3.063,1.0000,3,0.7152,,0.700,0,
6549,8,188,edge-22,2,edge,2700.0,0.1013,0.0100,49,3.013,1.0000,2,0.6961,,0.700,0,
6550,8,188,edge-22,2,edge,2800.0,0.1013,0.0100,49,3.013,1.0000,1,0.6771,,0.700,0,
6551,8,188,edge-22,2,edge,2900.0,0.1013,0.0100,49,3.013,1.0000,1,0.6580,,0.700,0,
6552,8,188,edge-22,2,edge,3000.0,0.1010,0.0100,35,2.803,1.0000,1,0.6390,,0.700,0,
6553,8,188,edge-22,2,edge,3100.0,0.1011,0.0100,42,2.908,1.0000,0,0.6199,,0.700,0,
6554,8,188,edge-22,2,edge,3200.0,0.1013,0.0100,49,3.013,1.0000,0,0.6009,,0.700,0,
6555,8,188,edge-22,2,edge,3300.0,0.1014,0.0100,55,3.118,1.0000,0,0.5818,,0.700,0,
6556,8,188,edge-22,2,edge,3400.0,0.1011,0.0100,42,2.908,1.0000,0,0.5628,,0.700,0,
6557,8,188,edge-22,2,edge,3500.0,0.1014,0.0100,55,3.118,1.0000,0,0.5437,,0.700,0,
6558,8,188,edge-22,2,edge,3600.0,0.1011,0.0100,42,2.908,1.0000,0,0.5247,,0.700,0,
6559,8,188,edge-22,2,edge,3700.0,0.1010,0.0100,35,2.803,1.0000,0,0.5056,,0.700,0,
6560,8,188,edge-22,2,edge,3800.0,0.1014,0.0100,55,3.118,1.0000,0,0.4866,,0.700,0,
6561,8,188,edge-22,2,edge,3900.0,0.1013,0.0100,49,3.013,1.0000,0,0.4676,,0.700,0,
6562,8,188,edge-22,2,edge,4000.0,0.1014,0.0100,51,3.068,1.0000,0,0.4485,,0.700,0,
6563,8,188,edge-22,2,edge,4100.0,0.1007,0.0100,47,3.098,1.0000,0,0.4295,,0.700,0,
6564,8,188,edge-22,2,edge,4200.0,0.1010,0.0100,57,3.303,1.0000,0,0.4104,,0.700,0,
6565,8,188,edge-22,2,edge,4300.0,0.1004,0.0100,44,3.033,1.0000,0,0.3914,,0.700,0,
6566,8,188,edge-22,2,edge,4400.0,0.1006,0.0100,45,3.133,1.0000,0,0.3723,,0.700,0,
6567,8,188,edge-22,2,edge,4500.0,0.1006,0.0100,43,3.093,1.0000,0,0.3533,,0.700,0,
6568,8,188,edge-22,2,edge,4600.0,0.1006,0.0100,48,3.183,1.0000,0,0.3342,,0.700,0,
6569,8,188,edge-22,2,edge,4700.0,0.1000,0.0100,20,2.546,0.9410,1,0.3152,,0.700,0,
6570,8,188,edge-22,2,edge,4800.0,0.1000,0.0100,25,2.641,0.9980,1,0.2961,,0.700,0,
6571,8,188,edge-22,2,edge,4900.0,0.1000,0.0100,28,2.691,1.0000,1,0.2771,,0.700,0,
6572,8,188,edge-22,2,edge,5000.0,0.1000,0.0100,22,2.591,0.9410,1,0.2580,,0.700,0,
6573,8,191,edge-23,2,edge,0.0,0.0000,0.0100,0,1.728,,1,1.0000,,0.700,0,
6574,8,191,edge-23,2,edge,100.0,0.0400,0.0100,8,2.128,0.8914,1,0.9911,,0.700,0,
6575,8,191,edge-23,2,edge,200.0,0.1000,0.0100,28,2.728,0.8318,1,0.9873,,0.700,0,
6576,8,191,edge-23,2,edge,300.0,0.1000,0.0100,28,2.728,0.8318,1,0.9836,,0.700,0,
6577,8,191,edge-23,2,edge,400.0,0.1000,0.0100,28,2.728,0.8318,1,0.9798,,0.700,0,
6578,8,191,edge-23,2,edge,500.0,0.1000,0.0100,28,2.709,0.8318,0,0.9760,,0.700,0,
6579,8,191,edge-23,2,edge,600.0,0.1000,0.0100,28,2.540,0.8318,1,0.9722,,0.700,0,
6580,8,191,edge-23,2,edge,700.0,0.1000,0.0100,25,2.490,0.8015,1,0.9684,,0.700,0,
6581,8,191,edge-23,2,edge,800.0,0.1000,0.0100,19,2.610,0.7280,2,0.9646,,0.700,0,
6582,8,191,edge-23,2,edge,900.0,0.1000,0.0100,25,2.486,0.8015,3,0.9608,,0.700,0,
6583,8,191,edge-23,2,edge,1000.0,0.1000,0.0100,25,2.966,0.8015,3,0.9570,,0.700,0,
6584,8,191,edge-23,2,edge,1100.0,0.1000,0.0100,28,3.016,0.8318,2,0.9532,,0.700,0,
6585,8,191,edge-23,2,edge,1200.0,0.1000,0.0100,25,2.966,0.8015,2,0.9494,,0.700,0,
6586,8,191,edge-23,2,edge,1300.0,0.1008,0.0100,47,3.519,1.0000,2,0.9456,,0.700,0,
6587,8,191,edge-23,2,edge,1400.0,0.1013,0.0100,63,3.884,1.0000,1,0.9420,,0.700,0,
6588,8,191,edge-23,2,edge,1500.0,0.1000,0.0100,28,2.761,0.8318,2,0.9384,,0.700,0,
6589,8,191,edge-23,2,edge,1600.0,0.1000,0.0100,28,2.761,0.8318,2,0.9346,,0.700,0,
6590,8,191,edge-23,2,edge,1700.0,0.1000,0.0100,25,2.711,0.8015,2,0.9308,,0.700,0,
6591,8,191,edge-23,2,edge,1800.0,0.1000,0.0100,28,2.761,0.8318,1,0.9270,,0.700,0,
6592,8,191,edge-23,2,edge,1900.0,0.1000,0.0100,28,2.761,0.8318,1,0.9232,,0.700,0,
6593,8,191,edge-23,2,edge,2000.0,0.1000,0.0100,25,2.711,0.8015,0,0.9194,,0.700,0,
6594,8,191,edge-23,2,edge,2100.0,0.1000,0.0100,25,2.736,0.8015,0,0.9156,,0.700,0,
6595,8,191,edge-23,2,edge,2200.0,0.1000,0.0100,28,2.711,0.8318,0,0.9118,,0.700,0,
6596,8,191,edge-23,2,edge,2300.0,0.1000,0.0100,25,2.661,0.8015,0,0.9081,,0.700,0,
6597,8,191,edge-23,2,edge,2400.0,0.1000,0.0100,28,2.711,0.8318,0,0.9043,,0.700,0,
6598,8,191,edge-23,2,edge,2500.0,0.1000,0.0100,28,2.691,0.8318,1,0.9005,,0.700,0,
6599,8,191,edge-23,2,edge,2600.0,0.1000,0.0100,22,2.714,0.7671,1,0.8967,,0.700,0,
6600,8,191,edge-23,2,edge,2700.0,0.1007,0.0100,46,3.320,1.0000,2,0.8929,,0.700,0,
6601,8,191,edge-23,2,edge,2800.0,0.1000,0.0100,25,2.503,0.8015,3,0.8891,,0.700,0,
6602,8,191,edge-23,2,edge,2900.0,0.1004,0.0100,38,3.164,1.0000,4,0.8853,,0.700,0,
6603,8,191,edge-23,2,edge,3000.0,0.1000,0.0100,22,2.545,0.7671,4,0.8815,,0.700,0,
6604,8,191,edge-23,2,edge,3100.0,0.1000,0.0100,28,2.645,0.8318,4,0.8777,,0.700,0,
6605,8,191,edge-23,2,edge,3200.0,0.1000,0.0100,22,2.545,0.7671,3,0.8739,,0.700,0,
6606,8,191,edge-23,2,edge,3300.0,0.1000,0.0100,22,2.545,0.7671,2,0.8701,,0.700,0,
6607,8,191,edge-23,2,edge,3400.0,0.1000,0.0100,22,2.690,0.7671,2,0.8663,,0.700,0,
6608,8,191,edge-23,2,edge,3500.0,0.1000,0.0100,22,2.639,0.7671,2,0.8625,,0.700,0,
6609,8,191,edge-23,2,edge,3600.0,0.1000,0.0100,28,3.014,0.8318,2,0.8588,,0.700,0,
6610,8,191,edge-23,2,edge,3700.0,0.1000,0.0100,19,2.864,0.7280,2,0.8550,,0.700,0,
6611,8,191,edge-23,2,edge,3800.0,0.1000,0.0100,16,2.814,0.6818,2,0.8512,,0.700,0,
6612,8,191,edge-23,2,edge,3900.0,0.1000,0.0100,28,3.014,0.8318,1,0.8476,,0.700,0,
6613,8,191,edge-23,2,edge,4000.0,0.1000,0.0100,28,3.014,0.8318,0,0.8438,,0.700,0,
6614,8,191,edge-23,2,edge,4100.0,0.1000,0.0100,28,3.014,0.8318,0,0.8400,,0.700,0,
6615,8,191,edge-23,2,edge,4200.0,0.1004,0.0100,39,3.486,0.9597,1,0.8362,,0.700,0,
6616,8,191,edge-23,2,edge,4300.0,0.1004,0.0100,38,3.436,0.9482,1,0.8324,,0.700,0,
6617,8,191,edge-23,2,edge,4400.0,0.1000,0.0100,25,2.703,0.8015,2,0.8286,,0.700,0,
6618,8,191,edge-23,2,edge,4500.0,0.1004,0.0100,54,3.652,1.0000,3,0.8248,,0.700,0,
6619,8,191,edge-23,2,edge,4600.0,0.1000,0.0100,28,2.947,0.8318,4,0.8210,,0.700,0,
6620,8,191,edge-23,2,edge,4700.0,0.1000,0.0100,28,2.925,0.8318,3,0.8172,,0.700,0,
6621,8,191,edge-23,2,edge,4800.0,0.1000,0.0100,28,3.141,0.8318,4,0.8134,,0.700,0,
6622,8,191,edge-23,2,edge,4900.0,0.1000,0.0100,25,2.657,0.8015,4,0.8096,,0.700,0,
6623,8,191,edge-23,2,edge,5000.0,0.1000,0.0100,37,3.526,0.9385,4,0.8058,,0.700,0,
6624,8,194,edge-24,2,edge,0.0,0.0000,0.0100,0,1.801,,1,1.0000,,0.700,0,4706.6
6625,8,194,edge-24,2,edge,100.0,0.0401,0.0100,12,2.356,1.0000,1,0.9911,,0.700,0,4706.6
6626,8,194,edge-24,2,edge,200.0,0.1015,0.0100,59,3.601,1.0000,1,0.9846,,0.700,0,4706.6
6627,8,194,edge-24,2,edge,300.0,0.1011,0.0100,55,3.496,1.0000,1,0.9655,,0.700,0,4706.6
6628,8,194,edge-24,2,edge,400.0,0.1006,0.0100,48,3.371,1.0000,1,0.9465,,0.700,0,4706.6
6629,8,194,edge-24,2,edge,500.0,0.1003,0.0100,39,3.156,1.0000,0,0.9274,,0.700,0,4706.6
6630,8,194,edge-24,2,edge,600.0,0.1000,0.0100,20,2.789,0.9410,1,0.9084,,0.700,0,4706.6
6631,8,194,edge-24,2,edge,700.0,0.1000,0.0100,25,2.645,0.9980,1,0.8893,,0.700,0,4706.6
6632,8,194,edge-24,2,edge,800.0,0.1000,0.0100,28,2.695,1.0000,1,0.8703,,0.700,0,4706.6
6633,8,194,edge-24,2,edge,900.0,0.1000,0.0100,28,2.695,1.0000,1,0.8512,,0.700,0,4706.6
6634,8,194,edge-24,2,edge,1000.0,0.1000,0.0100,25,2.902,0.9980,2,0.8322,,0.700,0,4706.6
6635,8,194,edge-24,2,edge,1100.0,0.1000,0.0100,25,2.902,0.9980,1,0.8131,,0.700,0,4706.6
6636,8,194,edge-24,2,edge,1200.0,0.1000,0.0100,25,2.902,0.9980,1,0.7941,,0.700,0,4706.6
6637,8,194,edge-24,2,edge,1300.0,0.1000,0.0100,22,2.852,0.9410,1,0.7751,,0.700,0,4706.6
6638,8,194,edge-24,2,edge,1400.0,0.1000,0.0100,28,2.952,1.0000,1,0.7560,,0.700,0,4706.6
6639,8,194,edge-24,2,edge,1500.0,0.1000,0.0100,19,2.802,0.8803,0,0.7370,,0.700,0,4706.6
6640,8,194,edge-24,2,edge,1600.0,0.1000,0.0100,28,2.952,1.0000,0,0.7179,,0.700,0,4706.6
6641,8,194,edge-24,2,edge,1700.0,0.1000,0.0100,25,2.902,0.9980,0,0.6989,,0.700,0,4706.6
6642,8,194,edge-24,2,edge,1800.0,0.1000,0.0100,25,2.902,0.9980,0,0.6798,,0.700,0,4706.6
6643,8,194,edge-24,2,edge,1900.0,0.1000,0.0100,25,2.547,0.9980,1,0.6608,,0.700,0,4706.6
6644,8,194,edge-24,2,edge,2000.0,0.1000,0.0100,25,2.660,0.9980,2,0.6417,,0.700,0,4706.6
6645,8,194,edge-24,2,edge,2100.0,0.1000,0.0100,28,2.755,1.0000,3,0.6227,,0.700,0,4706.6
6646,8,194,edge-24,2,edge,2200.0,0.1000,0.0100,25,2.705,0.9980,3,0.6036,,0.700,0,4706.6
6647,8,194,edge-24,2,edge,2300.0,0.1000,0.0100,22,2.655,0.9410,3,0.5846,,0.700,0,4706.6
6648,8,194,edge-24,2,edge,2400.0,0.1000,0.0100,45,3.233,1.0000,3,0.5655,,0.700,0,4706.6
6649,8,194,edge-24,2,edge,2500.0,0.1007,0.0100,58,3.503,1.0000,2,0.5465,,0.700,0,4706.6
6650,8,194,edge-24,2,edge,2600.0,0.1013,0.0100,63,3.478,1.0000,1,0.5274,,0.700,0,4706.6
6651,8,194,edge-24,2,edge,2700.0,0.1008,0.0100,47,3.113,1.0000,1,0.5084,,0.700,0,4706.6
6652,8,194,edge-24,2,edge,2800.0,0.1008,0.0100,54,3.363,1.0000,1,0.4893,,0.700,0,4706.6
6653,8,194,edge-24,2,edge,2900.0,0.1000,0.0100,23,2.596,0.9980,1,0.4703,,0.700,0,4706.6
6654,8,194,edge-24,2,edge,3000.0,0.1000,0.0100,25,2.641,0.9980,1,0.4512,,0.700,0,4706.6
6655,8,194,edge-24,2,edge,3100.0,0.1000,0.0100,25,2.641,0.9980,1,0.4322,,0.700,0,4706.6
6656,8,194,edge-24,2,edge,3200.0,0.1000,0.0100,28,2.708,1.0000,2,0.4131,,0.700,0,4706.6
6657,8,194,edge-24,2,edge,3300.0,0.1000,0.0100,22,2.592,0.9410,2,0.3941,,0.700,0,4706.6
6658,8,194,edge-24,2,edge,3400.0,0.1014,0.0100,54,3.345,1.0000,2,0.3751,,0.700,0,4706.6
6659,8,194,edge-24,2,edge,3500.0,0.1013,0.0100,52,3.295,1.0000,2,0.3560,,0.700,0,4706.6
6660,8,194,edge-24,2,edge,3600.0,0.1013,0.0100,49,3.245,1.0000,2,0.3370,,0.700,0,4706.6
6661,8,194,edge-24,2,edge,3700.0,0.1013,0.0100,49,3.306,1.0000,1,0.3179,,0.700,0,4706.6
6662,8,194,edge-24,2,edge,3800.0,0.1000,0.0100,23,2.531,0.9980,2,0.2989,,0.700,0,4706.6
6663,8,194,edge-24,2,edge,3900.0,0.1007,0.0100,26,2.779,1.0000,2,0.2798,,0.700,0,4706.6
6664,8,194,edge-24,2,edge,4000.0,0.1014,0.0100,60,3.295,1.0000,3,0.2652,,0.700,0,4706.6
6665,8,194,edge-24,2,edge,4100.0,0.1001,0.0100,28,2.620,0.9051,4,0.2616,,0.700,0,4706.6
6666,8,194,edge-24,2,edge,4200.0,0.1000,0.0100,25,2.557,0.8015,5,0.2578,,0.700,0,4706.6
6667,8,194,edge-24,2,edge,4300.0,0.1000,0.0100,25,2.858,0.8015,4,0.2540,,0.700,0,4706.6
6668,8,194,edge-24,2,edge,4400.0,0.1000,0.0100,28,2.908,0.8318,3,0.2502,,0.700,0,4706.6
6669,8,194,edge-24,2,edge,4500.0,0.1000,0.0100,19,2.389,0.7280,3,0.2464,,0.700,0,4706.6
6670,8,194,edge-24,2,edge,4600.0,0.1000,0.0100,25,2.489,0.7980,2,0.2426,,0.700,1,4706.6
6671,8,194,edge-24,2,edge,4700.0,0.1010,0.0100,57,3.412,1.0000,2,0.2390,,0.700,1,4706.6
6672,8,197,edge-25,2,edge,0.0,0.0000,0.0100,0,1.580,,1,1.0000,,0.700,0,778.7
6673,8,197,edge-25,2,edge,100.0,0.0404,0.0100,14,2.145,1.0000,1,0.9911,,0.700,0,778.7
6674,8,197,edge-25,2,edge,200.0,0.1001,0.0100,30,2.853,0.9250,2,0.9874,,0.700,0,778.7
6675,8,197,edge-25,2,edge,300.0,0.1000,0.0100,25,2.508,0.8015,3,0.9836,,0.700,0,778.7
6676,8,197,edge-25,2,edge,400.0,0.1000,0.0100,22,2.682,0.7671,3,0.9798,,0.700,0,778.7
6677,8,197,edge-25,2,edge,500.0,0.1000,0.0100,22,2.682,0.7671,2,0.9760,,0.700,0,778.7
6678,8,197,edge-25,2,edge,600.0,0.1000,0.0100,28,2.782,0.8318,2,0.9722,,0.700,1,778.7
6679,8,197,edge-25,2,edge,700.0,0.1000,0.0100,22,2.682,0.7642,1,0.9684,,0.700,1,778.7
6680,8,200,edge-26,2,edge,0.0,0.0000,0.0100,0,1.915,,1,1.0000,,0.700,0,
6681,8,200,edge-26,2,edge,100.0,0.0403,0.0100,10,2.325,1.0000,1,0.9867,,0.700,0,
6682,8,200,edge-26,2,edge,200.0,0.1013,0.0100,51,3.405,1.0000,1,0.9676,,0.700,0,
6683,8,200,edge-26,2,edge,300.0,0.1013,0.0100,50,3.365,1.0000,1,0.9486,,0.700,0,
6684,8,200,edge-26,2,edge,400.0,0.1001,0.0100,25,2.756,1.0000,2,0.9295,,0.700,0,
6685,8,200,edge-26,2,edge,500.0,0.1000,0.0100,28,2.678,1.0000,2,0.9105,,0.700,0,
6686,8,200,edge-26,2,edge,600.0,0.1000,0.0100,25,2.763,0.9980,3,0.8914,,0.700,0,
6687,8,200,edge-26,2,edge,700.0,0.1000,0.0100,22,2.564,0.9410,4,0.8724,,0.700,0,
6688,8,200,edge-26,2,edge,800.0,0.1000,0.0100,22,2.618,0.9410,5,0.8533,,0.700,0,
6689,8,200,edge-26,2,edge,900.0,0.1000,0.0100,25,2.577,0.9980,5,0.8343,,0.700,0,
6690,8,200,edge-26,2,edge,1000.0,0.1014,0.0100,57,3.455,1.0000,5,0.8152,,0.700,0,
6691,8,200,edge-26,2,edge,1100.0,0.1000,0.0100,26,2.572,1.0000,5,0.7962,,0.700,0,
6692,8,200,edge-26,2,edge,1200.0,0.1014,0.0100,57,3.190,1.0000,5,0.7772,,0.700,0,
6693,8,200,edge-26,2,edge,1300.0,0.1000,0.0100,23,2.652,0.9980,5,0.7581,,0.700,0,
6694,8,200,edge-26,2,edge,1400.0,0.1000,0.0100,28,2.765,1.0000,5,0.7391,,0.700,0,
6695,8,200,edge-26,2,edge,1500.0,0.1000,0.0100,25,2.715,0.9980,4,0.7200,,0.700,0,
6696,8,200,edge-26,2,edge,1600.0,0.1000,0.0100,22,2.665,0.9410,3,0.7010,,0.700,0,
6697,8,200,edge-26,2,edge,1700.0,0.1010,0.0100,55,3.434,1.0000,3,0.6819,,0.700,0,
6698,8,200,edge-26,2,edge,1800.0,0.1000,0.0100,26,2.779,1.0000,3,0.6629,,0.700,0,
6699,8,200,edge-26,2,edge,1900.0,0.1013,0.0100,51,3.191,1.0000,3,0.6438,,0.700,0,
6700,8,200,edge-26,2,edge,2000.0,0.1000,0.0100,23,2.610,0.9980,4,0.6248,,0.700,0,
6701,8,200,edge-26,2,edge,2100.0,0.1000,0.0100,25,2.650,0.9980,5,0.6057,,0.700,0,
6702,8,200,edge-26,2,edge,2200.0,0.1000,0.0100,25,2.630,0.9980,5,0.5867,,0.700,0,
6703,8,200,edge-26,2,edge,2300.0,0.1000,0.0100,19,2.406,0.8803,5,0.5676,,0.700,0,
6704,8,200,edge-26,2,edge,2400.0,0.1013,0.0100,51,3.211,1.0000,5,0.5486,,0.700,0,
6705,8,200,edge-26,2,edge,2500.0,0.1013,0.0100,52,3.169,1.0000,5,0.5295,,0.700,0,
6706,8,200,edge-26,2,edge,2600.0,0.1013,0.0100,49,3.119,1.0000,4,0.5105,,0.700,0,
6707,8,200,edge-26,2,edge,2700.0,0.1014,0.0100,55,3.224,1.0000,3,0.4914,,0.700,0,
6708,8,200,edge-26,2,edge,2800.0,0.1011,0.0100,46,3.086,1.0000,3,0.4724,,0.700,0,
6709,8,200,edge-26,2,edge,2900.0,0.1011,0.0100,42,3.036,1.0000,2,0.4533,,0.700,0,
6710,8,200,edge-26,2,edge,3000.0,0.1011,0.0100,42,3.036,1.0000,1,0.4343,,0.700,0,
6711,8,200,edge-26,2,edge,3100.0,0.1000,0.0100,26,2.597,1.0000,2,0.4152,,0.700,0,
6712,8,200,edge-26,2,edge,3200.0,0.1000,0.0100,28,2.642,1.0000,2,0.3962,,0.700,0,
6713,8,200,edge-26,2,edge,3300.0,0.1000,0.0100,22,2.542,0.9410,1,0.3772,,0.700,0,
6714,8,200,edge-26,2,edge,3400.0,0.1000,0.0100,25,2.592,0.9980,1,0.3581,,0.700,0,
6715,8,200,edge-26,2,edge,3500.0,0.1000,0.0100,22,2.542,0.9410,1,0.3391,,0.700,0,
6716,8,200,edge-26,2,edge,3600.0,0.1000,0.0100,22,2.542,0.9410,0,0.3200,,0.700,0,
6717,8,200,edge-26,2,edge,3700.0,0.1000,0.0100,25,2.592,0.9980,0,0.3010,,0.700,0,
6718,8,200,edge-26,2,edge,3800.0,0.1000,0.0100,25,2.738,0.9980,1,0.2819,,0.700,0,
6719,8,200,edge-26,2,edge,3900.0,0.1000,0.0100,28,2.788,1.0000,1,0.2629,,0.700,0,
6720,8,200,edge-26,2,edge,4000.0,0.1000,0.0100,28,2.788,1.0000,1,0.2438,,0.700,0,
6721,8,200,edge-26,2,edge,4100.0,0.1000,0.0100,25,2.738,0.9980,1,0.2248,,0.700,0,
6722,8,200,edge-26,2,edge,4200.0,0.1000,0.0100,28,2.788,1.0000,1,0.2057,,0.700,0,
6723,8,200,edge-26,2,edge,4300.0,0.1000,0.0100,16,2.588,0.8151,0,0.1867,,0.700,0,
6724,8,200,edge-26,2,edge,4400.0,0.1000,0.0100,22,2.688,0.9410,0,0.1676,,0.700,0,
6725,8,200,edge-26,2,edge,4500.0,0.1000,0.0100,25,2.738,0.9980,0,0.1486,,0.700,0,
6726,8,200,edge-26,2,edge,4600.0,0.1000,0.0100,28,2.788,1.0000,0,0.1295,,0.700,0,
6727,8,200,edge-26,2,edge,4700.0,0.1000,0.0100,25,2.641,0.9980,1,0.1105,,0.700,0,
6728,8,200,edge-26,2,edge,4800.0,0.1000,0.0100,22,2.591,0.9410,1,0.0914,,0.700,0,
6729,8,200,edge-26,2,edge,4900.0,0.1000,0.0100,28,2.691,1.0000,1,0.0724,,0.700,0,
6730,8,200,edge-26,2,edge,5000.0,0.1000,0.0100,25,2.641,0.9980,1,0.0533,,0.700,0,
6731,8,203,edge-27,2,edge,0.0,0.0000,0.0100,0,1.689,,1,1.0000,,0.700,0,1719.9
6732,8,203,edge-27,2,edge,100.0,0.0400,0.0100,8,2.089,0.8914,1,0.9911,,0.700,0,1719.9
6733,8,203,edge-27,2,edge,200.0,0.1000,0.0100,19,2.539,0.7257,1,0.9873,,0.700,0,1719.9
6734,8,203,edge-27,2,edge,300.0,0.1000,0.0100,35,2.915,0.8715,2,0.9837,,0.700,0,1719.9
6735,8,203,edge-27,2,edge,400.0,0.1004,0.0100,43,3.080,1.0000,2,0.9799,,0.700,0,1719.9
6736,8,203,edge-27,2,edge,500.0,0.1008,0.0100,52,3.413,1.0000,2,0.9761,,0.700,0,1719.9
6737,8,203,edge-27,2,edge,600.0,0.1011,0.0100,59,3.573,1.0000,2,0.9725,,0.700,0,1719.9
6738,8,203,edge-27,2,edge,700.0,0.1018,0.0100,61,3.693,1.0000,2,0.9644,,0.700,0,1719.9
6739,8,203,edge-27,2,edge,800.0,0.1000,0.0100,32,2.975,1.0000,2,0.9453,,0.700,0,1719.9
6740,8,203,edge-27,2,edge,900.0,0.1000,0.0100,19,2.678,0.8803,3,0.9263,,0.700,0,1719.9
6741,8,203,edge-27,2,edge,1000.0,0.1000,0.0100,25,2.778,0.9980,2,0.9072,,0.700,0,1719.9
6742,8,203,edge-27,2,edge,1100.0,0.1000,0.0100,28,3.062,1.0000,3,0.8882,,0.700,0,1719.9
6743,8,203,edge-27,2,edge,1200.0,0.1000,0.0100,25,3.012,0.9980,3,0.8691,,0.700,0,1719.9
6744,8,203,edge-27,2,edge,1300.0,0.1000,0.0100,25,3.012,0.9980,2,0.8501,,0.700,0,1719.9
6745,8,203,edge-27,2,edge,1400.0,0.1000,0.0100,15,2.812,0.7442,1,0.8311,,0.700,0,1719.9
6746,8,203,edge-27,2,edge,1500.0,0.1000,0.0100,25,3.012,0.9980,1,0.8120,,0.700,0,1719.9
6747,8,203,edge-27,2,edge,1600.0,0.1000,0.0100,28,3.062,1.0000,0,0.7930,,0.700,1,1719.9
6748,8,203,edge-27,2,edge,1700.0,0.1000,0.0100,22,2.962,0.9410,0,0.7739,,0.700,1,1719.9
6749,8,206,edge-28,2,edge,0.0,0.0000,0.0100,0,2.014,,1,1.0000,,0.700,0,
6750,8,206,edge-28,2,edge,100.0,0.0400,0.0100,8,2.414,0.8914,1,0.9911,,0.700,0,
6751,8,206,edge-28,2,edge,200.0,0.1000,0.0100,25,2.964,0.8015,1,0.9873,,0.700,0,
6752,8,206,edge-28,2,edge,300.0,0.1003,0.0100,44,3.531,0.9078,2,0.9835,,0.700,0,
6753,8,206,edge-28,2,edge,400.0,0.1014,0.0100,68,4.171,1.0000,2,0.9797,,0.700,0,
6754,8,206,edge-28,2,edge,500.0,0.1000,0.0100,25,2.703,0.8015,2,0.9761,,0.700,0,
6755,8,206,edge-28,2,edge,600.0,0.1006,0.0100,34,3.057,1.0000,3,0.9602,,0.700,0,
6756,8,206,edge-28,2,edge,700.0,0.1000,0.0100,25,2.897,0.9980,4,0.9411,,0.700,0,
6757,8,206,edge-28,2,edge,800.0,0.1000,0.0100,25,2.875,0.9980,3,0.9221,,0.700,0,
6758,8,206,edge-28,2,edge,900.0,0.1000,0.0100,25,3.091,0.9980,4,0.9030,,0.700,0,
6759,8,206,edge-28,2,edge,1000.0,0.1000,0.0100,25,2.657,0.9980,4,0.8840,,0.700,0,
6760,8,206,edge-28,2,edge,1100.0,0.1003,0.0100,39,3.336,1.0000,4,0.8649,,0.700,0,
6761,8,206,edge-28,2,edge,1200.0,0.1000,0.0100,25,2.905,0.9980,4,0.8459,,0.700,0,
6762,8,206,edge-28,2,edge,1300.0,0.1000,0.0100,22,2.855,0.9410,4,0.8268,,0.700,0,
6763,8,206,edge-28,2,edge,1400.0,0.1000,0.0100,25,2.905,0.9980,3,0.8078,,0.700,0,
6764,8,206,edge-28,2,edge,1500.0,0.1000,0.0100,19,2.805,0.8803,2,0.7887,,0.700,0,
6765,8,206,edge-28,2,edge,1600.0,0.1000,0.0100,19,2.805,0.8803,1,0.7697,,0.700,0,
6766,8,206,edge-28,2,edge,1700.0,0.1000,0.0100,28,3.085,1.0000,1,0.7506,,0.700,0,
6767,8,206,edge-28,2,edge,1800.0,0.1000,0.0100,25,3.035,0.9980,1,0.7316,,0.700,0,
6768,8,206,edge-28,2,edge,1900.0,0.1000,0.0100,22,2.685,0.9410,2,0.7125,,0.700,0,
6769,8,206,edge-28,2,edge,2000.0,0.1000,0.0100,22,2.685,0.9410,2,0.6935,,0.700,0,
6770,8,206,edge-28,2,edge,2100.0,0.1000,0.0100,22,2.685,0.9410,2,0.6744,,0.700,0,
6771,8,206,edge-28,2,edge,2200.0,0.1000,0.0100,28,2.785,1.0000,1,0.6554,,0.700,0,
6772,8,206,edge-28,2,edge,2300.0,0.1000,0.0100,25,3.051,0.9980,1,0.6363,,0.700,0,
6773,8,206,edge-28,2,edge,2400.0,0.1000,0.0100,52,3.770,1.0000,1,0.6173,,0.700,0,
6774,8,206,edge-28,2,edge,2500.0,0.1000,0.0100,52,3.870,1.0000,1,0.5982,,0.700,0,
6775,8,206,edge-28,2,edge,2600.0,0.1000,0.0100,25,2.729,0.9980,2,0.5792,,0.700,0,
6776,8,206,edge-28,2,edge,2700.0,0.1001,0.0100,43,3.477,1.0000,3,0.5602,,0.700,0,
6777,8,206,edge-28,2,edge,2800.0,0.1003,0.0100,38,3.292,1.0000,3,0.5411,,0.700,0,
6778,8,206,edge-28,2,edge,2900.0,0.1000,0.0100,28,2.655,1.0000,3,0.5221,,0.700,0,
6779,8,206,edge-28,2,edge,3000.0,0.1000,0.0100,28,2.655,1.0000,3,0.5030,,0.700,0,
6780,8,206,edge-28,2,edge,3100.0,0.1000,0.0100,28,2.655,1.0000,2,0.4840,,0.700,0,
6781,8,206,edge-28,2,edge,3200.0,0.1008,0.0100,47,3.397,1.0000,2,0.4649,,0.700,0,
6782,8,206,edge-28,2,edge,3300.0,0.1000,0.0100,25,2.773,0.9980,3,0.4459,,0.700,0,
6783,8,206,edge-28,2,edge,3400.0,0.1003,0.0100,61,4.016,1.0000,3,0.4268,,0.700,0,
6784,8,206,edge-28,2,edge,3500.0,0.1000,0.0100,23,2.652,0.9980,4,0.4078,,0.700,0,
6785,8,206,edge-28,2,edge,3600.0,0.1000,0.0100,28,2.747,1.0000,4,0.3887,,0.700,0,
6786,8,206,edge-28,2,edge,3700.0,0.1000,0.0100,25,2.697,0.9980,3,0.3697,,0.700,0,
6787,8,206,edge-28,2,edge,3800.0,0.1000,0.0100,25,2.697,0.9980,2,0.3506,,0.700,0,
6788,8,206,edge-28,2,edge,3900.0,0.1000,0.0100,25,2.937,0.9980,1,0.3316,,0.700,0,
6789,8,206,edge-28,2,edge,4000.0,0.1000,0.0100,25,2.650,0.9980,0,0.3125,,0.700,0,
6790,8,206,edge-28,2,edge,4100.0,0.1000,0.0100,70,4.149,1.0000,1,0.2935,,0.700,0,
6791,8,206,edge-28,2,edge,4200.0,0.1000,0.0100,52,3.599,1.0000,1,0.2744,,0.700,0,
6792,8,206,edge-28,2,edge,4300.0,0.1000,0.0100,22,2.780,0.9410,2,0.2554,,0.700,0,
6793,8,206,edge-28,2,edge,4400.0,0.1000,0.0100,25,2.830,0.9980,2,0.2363,,0.700,0,
6794,8,206,edge-28,2,edge,4500.0,0.1000,0.0100,25,2.830,0.9980,2,0.2173,,0.700,0,
6795,8,206,edge-28,2,edge,4600.0,0.1000,0.0100,28,2.700,1.0000,2,0.1982,,0.700,0,
6796,8,206,edge-28,2,edge,4700.0,0.1000,0.0100,28,2.856,1.0000,3,0.1792,,0.700,0,
6797,8,206,edge-28,2,edge,4800.0,0.1000,0.0100,28,2.686,1.0000,3,0.1602,,0.700,0,
6798,8,206,edge-28,2,edge,4900.0,0.1000,0.0100,25,2.636,0.9980,3,0.1411,,0.700,0,
6799,8,206,edge-28,2,edge,5000.0,0.1000,0.0100,25,2.818,0.9980,4,0.1221,,0.700,0,
6800,8,209,edge-29,2,edge,0.0,0.0000,0.0100,0,1.691,,1,1.0000,,0.700,0,
6801,8,209,edge-29,2,edge,100.0,0.0400,0.0100,8,2.091,0.8914,1,0.9911,,0.700,0,
6802,8,209,edge-29,2,edge,200.0,0.1000,0.0100,25,2.658,0.8015,2,0.9873,,0.700,0,
6803,8,209,edge-29,2,edge,300.0,0.1000,0.0100,28,2.692,0.8318,2,0.9836,,0.700,0,
6804,8,209,edge-29,2,edge,400.0,0.1008,0.0100,51,3.380,1.0000,3,0.9797,,0.700,0,
6805,8,209,edge-29,2,edge,500.0,0.1018,0.0100,68,3.710,1.0000,2,0.9684,,0.700,0,
6806,8,209,edge-29,2,edge,600.0,0.1011,0.0100,42,3.140,1.0000,2,0.9494,,0.700,0,
6807,8,209,edge-29,2,edge,700.0,0.1011,0.0100,39,3.156,1.0000,1,0.9303,,0.700,0,
6808,8,209,edge-29,2,edge,800.0,0.1000,0.0100,25,2.576,0.9980,2,0.9113,,0.700,0,
6809,8,209,edge-29,2,edge,900.0,0.1013,0.0100,51,3.249,1.0000,2,0.8922,,0.700,0,
6810,8,209,edge-29,2,edge,1000.0,0.1013,0.0100,52,3.185,1.0000,3,0.8732,,0.700,0,
6811,8,209,edge-29,2,edge,1100.0,0.1000,0.0100,26,2.570,1.0000,4,0.8541,,0.700,0,
6812,8,209,edge-29,2,edge,1200.0,0.1000,0.0100,28,2.607,1.0000,5,0.8351,,0.700,0,
6813,8,209,edge-29,2,edge,1300.0,0.1000,0.0100,22,2.808,0.9410,4,0.8160,,0.700,0,
6814,8,209,edge-29,2,edge,1400.0,0.1000,0.0100,25,2.858,0.9980,3,0.7970,,0.700,0,
6815,8,209,edge-29,2,edge,1500.0,0.1000,0.0100,28,2.539,1.0000,3,0.7779,,0.700,0,
6816,8,209,edge-29,2,edge,1600.0,0.1000,0.0100,25,2.489,0.9980,2,0.7589,,0.700,0,
6817,8,209,edge-29,2,edge,1700.0,0.1014,0.0100,57,3.272,1.0000,2,0.7398,,0.700,0,
6818,8,209,edge-29,2,edge,1800.0,0.1013,0.0100,49,3.122,1.0000,2,0.7208,,0.700,0,
6819,8,209,edge-29,2,edge,1900.0,0.1000,0.0100,35,3.101,1.0000,3,0.7017,,0.700,0,
6820,8,209,edge-29,2,edge,2000.0,0.1000,0.0100,39,3.196,1.0000,2,0.6827,,0.700,0,
6821,8,209,edge-29,2,edge,2100.0,0.1000,0.0100,28,2.795,1.0000,3,0.6636,,0.700,0,
6822,8,209,edge-29,2,edge,2200.0,0.1000,0.0100,22,2.543,0.9410,3,0.6446,,0.700,0,
6823,8,209,edge-29,2,edge,2300.0,0.1000,0.0100,45,3.366,1.0000,4,0.6255,,0.700,0,
6824,8,209,edge-29,2,edge,2400.0,0.1008,0.0100,49,3.348,1.0000,4,0.6065,,0.700,0,
6825,8,209,edge-29,2,edge,2500.0,0.1013,0.0100,58,3.563,1.0000,4,0.5874,,0.700,0,
6826,8,209,edge-29,2,edge,2600.0,0.1013,0.0100,58,3.608,1.0000,3,0.5684,,0.700,0,
6827,8,209,edge-29,2,edge,2700.0,0.1013,0.0100,62,3.713,1.0000,2,0.5494,,0.700,0,
6828,8,209,edge-29,2,edge,2800.0,0.1000,0.0100,23,2.672,0.9980,2,0.5303,,0.700,0,
6829,8,209,edge-29,2,edge,2900.0,0.1000,0.0100,28,2.767,1.0000,1,0.5113,,0.700,0,
6830,8,209,edge-29,2,edge,3000.0,0.1000,0.0100,28,2.767,1.0000,1,0.4922,,0.700,0,
6831,8,209,edge-29,2,edge,3100.0,0.1000,0.0100,22,2.667,0.9410,1,0.4732,,0.700,0,
6832,8,209,edge-29,2,edge,3200.0,0.1000,0.0100,28,2.767,1.0000,1,0.4541,,0.700,0,
6833,8,209,edge-29,2,edge,3300.0,0.1000,0.0100,22,2.667,0.9410,0,0.4351,,0.700,0,
6834,8,209,edge-29,2,edge,3400.0,0.1000,0.0100,50,3.507,1.0000,1,0.4160,,0.700,0,
6835,8,209,edge-29,2,edge,3500.0,0.1000,0.0100,25,2.728,0.9980,2,0.3970,,0.700,0,
6836,8,209,edge-29,2,edge,3600.0,0.1000,0.0100,28,2.644,1.0000,2,0.3779,,0.700,0,
6837,8,209,edge-29,2,edge,3700.0,0.1013,0.0100,51,3.116,1.0000,3,0.3589,,0.700,0,
6838,8,209,edge-29,2,edge,3800.0,0.1011,0.0100,42,2.889,1.0000,4,0.3398,,0.700,0,
6839,8,209,edge-29,2,edge,3900.0,0.1014,0.0100,59,3.149,1.0000,3,0.3208,,0.700,0,
6840,8,209,edge-29,2,edge,4000.0,0.1000,0.0100,26,2.580,1.0000,3,0.3017,,0.700,0,
6841,8,209,edge-29,2,edge,4100.0,0.1000,0.0100,25,2.575,0.9980,3,0.2827,,0.700,0,
6842,8,209,edge-29,2,edge,4200.0,0.1000,0.0100,19,2.438,0.8803,3,0.2636,,0.700,0,
6843,8,209,edge-29,2,edge,4300.0,0.1000,0.0100,22,2.422,0.9410,3,0.2446,,0.700,0,
6844,8,209,edge-29,2,edge,4400.0,0.1013,0.0100,52,3.209,1.0000,4,0.2255,,0.700,0,
6845,8,209,edge-29,2,edge,4500.0,0.1000,0.0100,54,3.966,1.0000,4,0.2065,,0.700,0,
6846,8,209,edge-29,2,edge,4600.0,0.1000,0.0100,47,3.411,0.9093,4,0.1874,,0.700,0,
6847,8,209,edge-29,2,edge,4700.0,0.1000,0.0100,51,3.561,1.0000,3,0.1684,,0.700,0,
6848,8,209,edge-29,2,edge,4800.0,0.1000,0.0100,56,3.661,1.0000,2,0.1494,,0.700,0,
6849,8,209,edge-29,2,edge,4900.0,0.1000,0.0100,54,3.561,1.0000,1,0.1303,,0.700,0,
6850,8,209,edge-29,2,edge,5000.0,0.1014,0.0100,57,3.318,1.0000,1,0.1113,,0.700,0,
6851,8,212,edge-30,2,edge,0.0,0.0000,0.0100,0,1.531,,1,1.0000,,0.700,0,
6852,8,212,edge-30,2,edge,100.0,0.0403,0.0100,11,1.991,1.0000,1,0.9911,,0.700,0,
6853,8,212,edge-30,2,edge,200.0,0.1001,0.0100,18,2.624,0.8023,2,0.9874,,0.700,0,
6854,8,212,edge-30,2,edge,300.0,0.1000,0.0100,39,3.065,0.8706,3,0.9838,,0.700,0,
6855,8,212,edge-30,2,edge,400.0,0.1003,0.0100,38,3.125,1.0000,3,0.9800,,0.700,0,
6856,8,212,edge-30,2,edge,500.0,0.1011,0.0100,46,3.204,1.0000,3,0.9640,,0.700,0,
6857,8,212,edge-30,2,edge,600.0,0.1000,0.0100,23,2.584,0.9980,4,0.9450,,0.700,0,
6858,8,212,edge-30,2,edge,700.0,0.1000,0.0100,28,2.679,1.0000,3,0.9259,,0.700,0,
6859,8,212,edge-30,2,edge,800.0,0.1000,0.0100,22,2.579,0.9410,2,0.9069,,0.700,0,
6860,8,212,edge-30,2,edge,900.0,0.1000,0.0100,25,2.629,0.9980,2,0.8878,,0.700,0,
6861,8,212,edge-30,2,edge,1000.0,0.1000,0.0100,25,2.629,0.9980,1,0.8688,,0.700,0,
6862,8,212,edge-30,2,edge,1100.0,0.1000,0.0100,25,2.629,0.9980,0,0.8498,,0.700,0,
6863,8,212,edge-30,2,edge,1200.0,0.1000,0.0100,28,2.679,1.0000,0,0.8307,,0.700,0,
6864,8,212,edge-30,2,edge,1300.0,0.1006,0.0100,45,3.092,1.0000,1,0.8117,,0.700,0,
6865,8,212,edge-30,2,edge,1400.0,0.1000,0.0100,23,2.683,0.9980,2,0.7926,,0.700,0,
6866,8,212,edge-30,2,edge,1500.0,0.1000,0.0100,28,2.965,1.0000,3,0.7736,,0.700,0,
6867,8,212,edge-30,2,edge,1600.0,0.1000,0.0100,25,2.754,0.9980,4,0.7545,,0.700,0,
6868,8,212,edge-30,2,edge,1700.0,0.1008,0.0100,49,3.705,1.0000,5,0.7355,,0.700,0,
6869,8,212,edge-30,2,edge,1800.0,0.1000,0.0100,25,2.798,0.9980,5,0.7164,,0.700,0,
6870,8,212,edge-30,2,edge,1900.0,0.1000,0.0100,19,2.698,0.8803,4,0.6974,,0.700,0,
6871,8,212,edge-30,2,edge,2000.0,0.1000,0.0100,22,2.748,0.9410,3,0.6783,,0.700,0,
6872,8,212,edge-30,2,edge,2100.0,0.1000,0.0100,28,2.848,1.0000,2,0.6593,,0.700,0,
6873,8,212,edge-30,2,edge,2200.0,0.1000,0.0100,22,2.748,0.9410,1,0.6402,,0.700,0,
6874,8,212,edge-30,2,edge,2300.0,0.1000,0.0100,25,2.798,0.9980,0,0.6212,,0.700,0,
6875,8,212,edge-30,2,edge,2400.0,0.1000,0.0100,25,3.008,0.9980,1,0.6021,,0.700,0,
6876,8,212,edge-30,2,edge,2500.0,0.1000,0.0100,25,3.008,0.9980,1,0.5831,,0.700,0,
6877,8,212,edge-30,2,edge,2600.0,0.1000,0.0100,25,3.008,0.9980,1,0.5640,,0.700,0,
6878,8,212,edge-30,2,edge,2700.0,0.1000,0.0100,25,3.008,0.9980,1,0.5450,,0.700,0,
6879,8,212,edge-30,2,edge,2800.0,0.1000,0.0100,28,2.797,1.0000,1,0.5259,,0.700,0,
6880,8,212,edge-30,2,edge,2900.0,0.1010,0.0100,47,3.542,1.0000,1,0.5069,,0.700,0,
6881,8,212,edge-30,2,edge,3000.0,0.1000,0.0100,28,2.869,1.0000,2,0.4878,,0.700,0,
6882,8,212,edge-30,2,edge,3100.0,0.1000,0.0100,38,3.112,1.0000,3,0.4688,,0.700,0,
6883,8,212,edge-30,2,edge,3200.0,0.1000,0.0100,25,2.825,0.9980,4,0.4498,,0.700,0,
6884,8,212,edge-30,2,edge,3300.0,0.1000,0.0100,22,2.775,0.9410,4,0.4307,,0.700,0,
6885,8,212,edge-30,2,edge,3400.0,0.1000,0.0100,28,2.875,1.0000,3,0.4117,,0.700,0,
6886,8,212,edge-30,2,edge,3500.0,0.1008,0.0100,51,3.459,1.0000,3,0.3926,,0.700,0,
6887,8,212,edge-30,2,edge,3600.0,0.1000,0.0100,22,2.806,0.9410,3,0.3736,,0.700,0,
6888,8,212,edge-30,2,edge,3700.0,0.1000,0.0100,19,2.756,0.8803,2,0.3545,,0.700,0,
6889,8,212,edge-30,2,edge,3800.0,0.1000,0.0100,28,2.960,1.0000,2,0.3355,,0.700,0,
6890,8,212,edge-30,2,edge,3900.0,0.1000,0.0100,54,3.687,1.0000,3,0.3164,,0.700,0,
6891,8,212,edge-30,2,edge,4000.0,0.1000,0.0100,59,4.037,1.0000,2,0.2974,,0.700,0,
6892,8,212,edge-30,2,edge,4100.0,0.1000,0.0100,70,4.187,1.0000,1,0.2783,,0.700,0,
6893,8,212,edge-30,2,edge,4200.0,0.1000,0.0100,48,3.587,1.0000,1,0.2593,,0.700,0,
6894,8,212,edge-30,2,edge,4300.0,0.1000,0.0100,54,3.587,1.0000,1,0.2402,,0.700,0,
6895,8,212,edge-30,2,edge,4400.0,0.1000,0.0100,58,4.537,1.0000,0,0.2212,,0.700,0,
6896,8,212,edge-30,2,edge,4500.0,0.1000,0.0100,67,4.337,1.0000,0,0.2021,,0.700,0,
6897,8,212,edge-30,2,edge,4600.0,0.1000,0.0100,19,2.541,0.8803,1,0.1831,,0.700,0,
6898,8,212,edge-30,2,edge,4700.0,0.1000,0.0100,22,2.591,0.9410,1,0.1640,,0.700,0,
6899,8,212,edge-30,2,edge,4800.0,0.1000,0.0100,25,2.641,0.9980,1,0.1450,,0.700,0,
6900,8,212,edge-30,2,edge,4900.0,0.1000,0.0100,25,2.641,0.9980,1,0.1259,,0.700,0,
6901,8,212,edge-30,2,edge,5000.0,0.1000,0.0100,25,2.641,0.9980,1,0.1069,,0.700,0,
6902,8,215,edge-31,2,edge,0.0,0.0000,0.0100,0,2.111,,1,1.0000,,0.700,0,
6903,8,215,edge-31,2,edge,100.0,0.0401,0.0100,8,2.466,1.0000,1,0.9882,,0.700,0,
6904,8,215,edge-31,2,edge,200.0,0.1011,0.0100,58,3.896,1.0000,1,0.9692,,0.700,0,
6905,8,215,edge-31,2,edge,300.0,0.1006,0.0100,41,3.536,1.0000,1,0.9501,,0.700,0,
6906,8,215,edge-31,2,edge,400.0,0.1000,0.0100,28,2.835,1.0000,2,0.9311,,0.700,0,
6907,8,215,edge-31,2,edge,500.0,0.1000,0.0100,28,2.849,1.0000,2,0.9120,,0.700,0,
6908,8,215,edge-31,2,edge,600.0,0.1000,0.0100,25,2.799,0.9980,2,0.8930,,0.700,0,
6909,8,215,edge-31,2,edge,700.0,0.1000,0.0100,19,2.699,0.8803,2,0.8739,,0.700,0,
6910,8,215,edge-31,2,edge,800.0,0.1000,0.0100,22,2.749,0.9410,2,0.8549,,0.700,0,
6911,8,215,edge-31,2,edge,900.0,0.1008,0.0100,54,3.727,1.0000,2,0.8358,,0.700,0,
6912,8,215,edge-31,2,edge,1000.0,0.1018,0.0100,66,3.967,1.0000,1,0.8168,,0.700,0,
6913,8,215,edge-31,2,edge,1100.0,0.1004,0.0100,39,3.372,1.0000,1,0.7977,,0.700,0,
6914,8,215,edge-31,2,edge,1200.0,0.1011,0.0100,73,4.287,1.0000,1,0.7787,,0.700,0,
6915,8,215,edge-31,2,edge,1300.0,0.1025,0.0100,73,3.992,1.0000,1,0.7596,,0.700,0,
6916,8,215,edge-31,2,edge,1400.0,0.1013,0.0100,49,3.497,1.0000,0,0.7406,,0.700,0,
6917,8,215,edge-31,2,edge,1500.0,0.1006,0.0100,48,3.685,1.0000,1,0.7216,,0.700,0,
6918,8,215,edge-31,2,edge,1600.0,0.1017,0.0100,63,3.775,1.0000,1,0.7025,,0.700,0,
6919,8,215,edge-31,2,edge,1700.0,0.1010,0.0100,48,3.550,1.0000,1,0.6835,,0.700,0,
6920,8,215,edge-31,2,edge,1800.0,0.1010,0.0100,54,3.605,1.0000,1,0.6644,,0.700,0,
6921,8,215,edge-31,2,edge,1900.0,0.1017,0.0100,61,3.675,1.0000,1,0.6454,,0.700,0,
6922,8,215,edge-31,2,edge,2000.0,0.1001,0.0100,30,2.856,1.0000,1,0.6263,,0.700,0,
6923,8,215,edge-31,2,edge,2100.0,0.1000,0.0100,28,2.678,1.0000,2,0.6073,,0.700,0,
6924,8,215,edge-31,2,edge,2200.0,0.1000,0.0100,16,2.613,0.8151,3,0.5882,,0.700,0,
6925,8,215,edge-31,2,edge,2300.0,0.1000,0.0100,25,2.614,0.9980,4,0.5692,,0.700,0,
6926,8,215,edge-31,2,edge,2400.0,0.1000,0.0100,28,2.718,1.0000,5,0.5501,,0.700,0,
6927,8,215,edge-31,2,edge,2500.0,0.1000,0.0100,22,2.527,0.9410,5,0.5311,,0.700,0,
6928,8,215,edge-31,2,edge,2600.0,0.1013,0.0100,51,3.350,1.0000,5,0.5120,,0.700,0,
6929,8,215,edge-31,2,edge,2700.0,0.1000,0.0100,26,2.572,1.0000,5,0.4930,,0.700,0,
6930,8,215,edge-31,2,edge,2800.0,0.1013,0.0100,51,3.085,1.0000,5,0.4739,,0.700,0,
6931,8,215,edge-31,2,edge,2900.0,0.1000,0.0100,23,2.652,0.9980,5,0.4549,,0.700,0,
6932,8,215,edge-31,2,edge,3000.0,0.1000,0.0100,25,2.715,0.9980,5,0.4358,,0.700,0,
6933,8,215,edge-31,2,edge,3100.0,0.1000,0.0100,28,2.765,1.0000,4,0.4168,,0.700,0,
6934,8,215,edge-31,2,edge,3200.0,0.1000,0.0100,25,2.715,0.9980,3,0.3977,,0.700,0,
6935,8,215,edge-31,2,edge,3300.0,0.1008,0.0100,54,3.429,1.0000,3,0.3787,,0.700,0,
6936,8,215,edge-31,2,edge,3400.0,0.1000,0.0100,23,2.729,0.9980,3,0.3596,,0.700,0,
6937,8,215,edge-31,2,edge,3500.0,0.1013,0.0100,49,3.146,1.0000,3,0.3406,,0.700,0,
6938,8,215,edge-31,2,edge,3600.0,0.1000,0.0100,25,2.655,0.9980,4,0.3216,,0.700,0,
6939,8,215,edge-31,2,edge,3700.0,0.1000,0.0100,19,2.550,0.8803,5,0.3025,,0.700,0,
6940,8,215,edge-31,2,edge,3800.0,0.1000,0.0100,22,2.580,0.9410,5,0.2835,,0.700,0,
6941,8,215,edge-31,2,edge,3900.0,0.1000,0.0100,22,2.456,0.9410,5,0.2644,,0.700,0,
6942,8,215,edge-31,2,edge,4000.0,0.1014,0.0100,57,3.316,1.0000,5,0.2454,,0.700,0,
6943,8,215,edge-31,2,edge,4100.0,0.1013,0.0100,52,3.169,1.0000,5,0.2263,,0.700,0,
6944,8,215,edge-31,2,edge,4200.0,0.1013,0.0100,49,3.119,1.0000,4,0.2073,,0.700,0,
6945,8,215,edge-31,2,edge,4300.0,0.1014,0.0100,55,3.224,1.0000,3,0.1882,,0.700,0,
6946,8,215,edge-31,2,edge,4400.0,0.1011,0.0100,46,3.086,1.0000,3,0.1692,,0.700,0,
6947,8,215,edge-31,2,edge,4500.0,0.1007,0.0100,36,3.226,1.0000,2,0.1501,,0.700,0,
6948,8,215,edge-31,2,edge,4600.0,0.1015,0.0100,58,3.346,1.0000,1,0.1311,,0.700,0,
6949,8,215,edge-31,2,edge,4700.0,0.1000,0.0100,26,2.597,1.0000,2,0.1120,,0.700,0,
6950,8,215,edge-31,2,edge,4800.0,0.1000,0.0100,25,2.592,0.9980,2,0.0930,,0.700,0,
6951,8,215,edge-31,2,edge,4900.0,0.1000,0.0100,25,2.592,0.9980,1,0.0739,,0.700,0,
6952,8,215,edge-31,2,edge,5000.0,0.1000,0.0100,25,2.592,0.9980,1,0.0549,,0.700,0,
6953,8,218,edge-32,2,edge,0.0,0.0000,0.0100,0,1.868,,1,1.0000,,0.700,0,
6954,8,218,edge-32,2,edge,100.0,0.0400,0.0100,7,2.218,0.8072,1,0.9911,,0.700,0,
6955,8,218,edge-32,2,edge,200.0,0.1008,0.0100,49,3.372,1.0000,2,0.9873,,0.700,0,
6956,8,218,edge-32,2,edge,300.0,0.1013,0.0100,61,3.687,0.9540,2,0.9837,,0.700,0,
6957,8,218,edge-32,2,edge,400.0,0.1017,0.0100,63,3.597,1.0000,2,0.9723,,0.700,0,
6958,8,218,edge-32,2,edge,500.0,0.1000,0.0100,23,2.623,0.9980,2,0.9533,,0.700,0,
6959,8,218,edge-32,2,edge,600.0,0.1000,0.0100,80,4.738,1.0000,3,0.9342,,0.700,0,
6960,8,218,edge-32,2,edge,700.0,0.1000,0.0100,28,2.689,1.0000,3,0.9152,,0.700,0,
6961,8,218,edge-32,2,edge,800.0,0.1000,0.0100,25,2.639,0.9980,3,0.8962,,0.700,0,
6962,8,218,edge-32,2,edge,900.0,0.1000,0.0100,22,2.589,0.9410,3,0.8771,,0.700,0,
6963,8,218,edge-32,2,edge,1000.0,0.1007,0.0100,32,2.985,1.0000,3,0.8581,,0.700,0,
6964,8,218,edge-32,2,edge,1100.0,0.1014,0.0100,57,3.165,1.0000,2,0.8390,,0.700,0,
6965,8,218,edge-32,2,edge,1200.0,0.1010,0.0100,40,3.068,1.0000,2,0.8200,,0.700,0,
6966,8,218,edge-32,2,edge,1300.0,0.1014,0.0100,55,3.333,1.0000,2,0.8009,,0.700,0,
6967,8,218,edge-32,2,edge,1400.0,0.1010,0.0100,51,3.418,1.0000,2,0.7819,,0.700,0,
6968,8,218,edge-32,2,edge,1500.0,0.1000,0.0100,33,3.025,1.0000,2,0.7628,,0.700,0,
6969,8,218,edge-32,2,edge,1600.0,0.1000,0.0100,25,2.778,0.9980,3,0.7438,,0.700,0,
6970,8,218,edge-32,2,edge,1700.0,0.1000,0.0100,25,2.778,0.9980,2,0.7247,,0.700,0,
6971,8,218,edge-32,2,edge,1800.0,0.1000,0.0100,28,3.062,1.0000,3,0.7057,,0.700,0,
6972,8,218,edge-32,2,edge,1900.0,0.1000,0.0100,28,3.062,1.0000,3,0.6866,,0.700,0,
6973,8,218,edge-32,2,edge,2000.0,0.1000,0.0100,25,3.012,0.9980,2,0.6676,,0.700,0,
6974,8,218,edge-32,2,edge,2100.0,0.1000,0.0100,28,3.062,1.0000,1,0.6485,,0.700,0,
6975,8,218,edge-32,2,edge,2200.0,0.1000,0.0100,22,2.962,0.9410,1,0.6295,,0.700,0,
6976,8,218,edge-32,2,edge,2300.0,0.1000,0.0100,19,2.912,0.8803,0,0.6104,,0.700,0,
6977,8,218,edge-32,2,edge,2400.0,0.1000,0.0100,25,3.012,0.9980,0,0.5914,,0.700,0,
6978,8,218,edge-32,2,edge,2500.0,0.1000,0.0100,22,2.605,0.9410,0,0.5723,,0.700,0,
6979,8,218,edge-32,2,edge,2600.0,0.1000,0.0100,25,2.655,0.9980,0,0.5533,,0.700,0,
6980,8,218,edge-32,2,edge,2700.0,0.1000,0.0100,25,2.655,0.9980,0,0.5342,,0.700,0,
6981,8,218,edge-32,2,edge,2800.0,0.1000,0.0100,28,2.705,1.0000,0,0.5152,,0.700,0,
6982,8,218,edge-32,2,edge,2900.0,0.1000,0.0100,25,2.784,0.9980,1,0.4962,,0.700,0,
6983,8,218,edge-32,2,edge,3000.0,0.1000,0.0100,22,2.734,0.9410,1,0.4771,,0.700,0,
6984,8,218,edge-32,2,edge,3100.0,0.1000,0.0100,25,2.601,0.9980,2,0.4581,,0.700,0,
6985,8,218,edge-32,2,edge,3200.0,0.1000,0.0100,25,2.601,0.9980,2,0.4390,,0.700,0,
6986,8,218,edge-32,2,edge,3300.0,0.1000,0.0100,25,2.803,0.9980,3,0.4200,,0.700,0,
6987,8,218,edge-32,2,edge,3400.0,0.1000,0.0100,28,2.853,1.0000,2,0.4009,,0.700,0,
6988,8,218,edge-32,2,edge,3500.0,0.1000,0.0100,19,2.703,0.8803,2,0.3819,,0.700,0,
6989,8,218,edge-32,2,edge,3600.0,0.1000,0.0100,28,2.819,1.0000,2,0.3628,,0.700,0,
6990,8,218,edge-32,2,edge,3700.0,0.1000,0.0100,28,2.819,1.0000,2,0.3438,,0.700,0,
6991,8,218,edge-32,2,edge,3800.0,0.1000,0.0100,25,2.769,0.9980,1,0.3247,,0.700,0,
6992,8,218,edge-32,2,edge,3900.0,0.1000,0.0100,25,2.769,0.9980,1,0.3057,,0.700,0,
6993,8,218,edge-32,2,edge,4000.0,0.1000,0.0100,28,2.576,1.0000,2,0.2866,,0.700,0,
6994,8,218,edge-32,2,edge,4100.0,0.1000,0.0100,28,2.576,1.0000,1,0.2676,,0.700,0,
6995,8,218,edge-32,2,edge,4200.0,0.1000,0.0100,25,2.526,0.9980,1,0.2485,,0.700,0,
6996,8,218,edge-32,2,edge,4300.0,0.1000,0.0100,28,2.850,1.0000,2,0.2295,,0.700,0,
6997,8,218,edge-32,2,edge,4400.0,0.1000,0.0100,28,2.850,1.0000,2,0.2104,,0.700,0,
6998,8,218,edge-32,2,edge,4500.0,0.1000,0.0100,25,2.566,0.9980,2,0.1914,,0.700,0,
6999,8,218,edge-32,2,edge,4600.0,0.1011,0.0100,46,3.252,1.0000,3,0.1723,,0.700,0,
7000,8,218,edge-32,2,edge,4700.0,0.1001,0.0100,25,2.514,1.0000,4,0.1533,,0.700,0,
7001,8,218,edge-32,2,edge,4800.0,0.1013,0.0100,51,3.187,1.0000,4,0.1342,,0.700,0,
7002,8,218,edge-32,2,edge,4900.0,0.1000,0.0100,20,2.768,0.9410,5,0.1152,,0.700,0,
7003,8,218,edge-32,2,edge,5000.0,0.1000,0.0100,16,2.368,0.8151,5,0.0962,,0.700,0,
7004,8,221,edge-33,2,edge,0.0,0.0000,0.0100,0,1.728,,1,1.0000,,0.700,0,
7005,8,221,edge-33,2,edge,100.0,0.0400,0.0100,7,2.078,0.8072,1,0.9911,,0.700,0,
7006,8,221,edge-33,2,edge,200.0,0.1000,0.0100,28,2.728,0.8318,1,0.9873,,0.700,0,
7007,8,221,edge-33,2,edge,300.0,0.1000,0.0100,25,2.678,0.8015,1,0.9836,,0.700,0,
7008,8,221,edge-33,2,edge,400.0,0.1000,0.0100,22,2.628,0.7671,1,0.9798,,0.700,0,
7009,8,221,edge-33,2,edge,500.0,0.1000,0.0100,28,2.709,0.8318,0,0.9760,,0.700,0,
7010,8,221,edge-33,2,edge,600.0,0.1000,0.0100,25,2.490,0.8015,1,0.9722,,0.700,0,
7011,8,221,edge-33,2,edge,700.0,0.1000,0.0100,25,2.490,0.8015,1,0.9684,,0.700,0,
7012,8,221,edge-33,2,edge,800.0,0.1000,0.0100,25,2.710,0.8015,2,0.9646,,0.700,0,
7013,8,221,edge-33,2,edge,900.0,0.1000,0.0100,22,2.436,0.7671,3,0.9608,,0.700,0,
7014,8,221,edge-33,2,edge,1000.0,0.1000,0.0100,25,2.966,0.8015,3,0.9570,,0.700,0,
7015,8,221,edge-33,2,edge,1100.0,0.1000,0.0100,25,2.966,0.8015,2,0.9532,,0.700,0,
7016,8,221,edge-33,2,edge,1200.0,0.1000,0.0100,25,2.966,0.8015,2,0.9494,,0.700,0,
7017,8,221,edge-33,2,edge,1300.0,0.1007,0.0100,42,3.464,1.0000,2,0.9456,,0.700,0,
7018,8,221,edge-33,2,edge,1400.0,0.1011,0.0100,58,3.829,1.0000,1,0.9418,,0.700,0,
7019,8,221,edge-33,2,edge,1500.0,0.1000,0.0100,25,2.711,0.8015,2,0.9380,,0.700,0,
7020,8,221,edge-33,2,edge,1600.0,0.1000,0.0100,22,2.661,0.7671,2,0.9342,,0.700,0,
7021,8,221,edge-33,2,edge,1700.0,0.1000,0.0100,25,2.711,0.8015,2,0.9305,,0.700,0,
7022,8,221,edge-33,2,edge,1800.0,0.1000,0.0100,28,2.761,0.8318,1,0.9267,,0.700,0,
7023,8,221,edge-33,2,edge,1900.0,0.1000,0.0100,28,2.761,0.8318,1,0.9229,,0.700,0,
7024,8,221,edge-33,2,edge,2000.0,0.1000,0.0100,25,2.711,0.8015,0,0.9191,,0.700,0,
7025,8,221,edge-33,2,edge,2100.0,0.1000,0.0100,28,2.786,0.8318,0,0.9153,,0.700,0,
7026,8,221,edge-33,2,edge,2200.0,0.1000,0.0100,25,2.661,0.8015,0,0.9115,,0.700,0,
7027,8,221,edge-33,2,edge,2300.0,0.1000,0.0100,19,2.561,0.7280,0,0.9077,,0.700,0,
7028,8,221,edge-33,2,edge,2400.0,0.1000,0.0100,22,2.611,0.7671,0,0.9039,,0.700,0,
7029,8,221,edge-33,2,edge,2500.0,0.1000,0.0100,25,2.641,0.8015,1,0.9001,,0.700,0,
7030,8,221,edge-33,2,edge,2600.0,0.1000,0.0100,22,2.714,0.7671,1,0.8963,,0.700,0,
7031,8,221,edge-33,2,edge,2700.0,0.1008,0.0100,51,3.375,1.0000,2,0.8925,,0.700,0,
7032,8,221,edge-33,2,edge,2800.0,0.1000,0.0100,28,2.553,0.8318,3,0.8889,,0.700,0,
7033,8,221,edge-33,2,edge,2900.0,0.1004,0.0100,45,3.264,1.0000,4,0.8851,,0.700,0,
7034,8,221,edge-33,2,edge,3000.0,0.1000,0.0100,25,2.595,0.8015,4,0.8813,,0.700,0,
7035,8,221,edge-33,2,edge,3100.0,0.1000,0.0100,22,2.545,0.7642,4,0.8775,,0.700,0,
7036,8,221,edge-33,2,edge,3200.0,0.1000,0.0100,28,2.645,0.8318,3,0.8739,,0.700,0,
7037,8,221,edge-33,2,edge,3300.0,0.1000,0.0100,22,2.545,0.7671,2,0.8701,,0.700,0,
7038,8,221,edge-33,2,edge,3400.0,0.1000,0.0100,22,2.690,0.7671,2,0.8663,,0.700,0,
7039,8,221,edge-33,2,edge,3500.0,0.1000,0.0100,25,2.689,0.8015,2,0.8625,,0.700,0,
7040,8,221,edge-33,2,edge,3600.0,0.1000,0.0100,25,2.964,0.8015,2,0.8588,,0.700,0,
7041,8,221,edge-33,2,edge,3700.0,0.1000,0.0100,22,2.914,0.7671,2,0.8550,,0.700,0,
7042,8,221,edge-33,2,edge,3800.0,0.1000,0.0100,25,2.964,0.8015,2,0.8512,,0.700,0,
7043,8,221,edge-33,2,edge,3900.0,0.1000,0.0100,25,2.964,0.8015,1,0.8474,,0.700,0,
7044,8,221,edge-33,2,edge,4000.0,0.1000,0.0100,28,3.014,0.8318,0,0.8436,,0.700,0,
7045,8,221,edge-33,2,edge,4100.0,0.1000,0.0100,22,2.914,0.7671,0,0.8398,,0.700,0,
7046,8,221,edge-33,2,edge,4200.0,0.1006,0.0100,45,3.541,1.0000,1,0.8360,,0.700,0,
7047,8,221,edge-33,2,edge,4300.0,0.1006,0.0100,47,3.541,1.0000,1,0.8324,,0.700,0,
7048,8,221,edge-33,2,edge,4400.0,0.1000,0.0100,25,2.703,0.8015,2,0.8288,,0.700,0,
7049,8,221,edge-33,2,edge,4500.0,0.1007,0.0100,57,3.662,1.0000,3,0.8250,,0.700,0,
7050,8,221,edge-33,2,edge,4600.0,0.1000,0.0100,25,2.897,0.8015,4,0.8212,,0.700,0,
7051,8,221,edge-33,2,edge,4700.0,0.1000,0.0100,19,2.775,0.7257,3,0.8174,,0.700,0,
7052,8,221,edge-33,2,edge,4800.0,0.1000,0.0100,28,3.141,0.8318,4,0.8138,,0.700,0,
7053,8,221,edge-33,2,edge,4900.0,0.1000,0.0100,19,2.557,0.7280,4,0.8100,,0.700,0,
7054,8,221,edge-33,2,edge,5000.0,0.1000,0.0100,44,3.626,0.9593,4,0.8062,,0.700,0,
7055,8,224,edge-34,2,edge,0.0,0.0000,0.0100,0,1.755,,1,1.0000,,0.700,0,2888.7
7056,8,224,edge-34,2,edge,100.0,0.0400,0.0100,8,2.155,0.8914,1,0.9911,,0.700,0,2888.7
7057,8,224,edge-34,2,edge,200.0,0.1008,0.0100,51,3.163,1.0000,2,0.9873,,0.700,0,2888.7
7058,8,224,edge-34,2,edge,300.0,0.1011,0.0100,54,3.423,1.0000,2,0.9835,,0.700,0,2888.7
7059,8,224,edge-34,2,edge,400.0,0.1014,0.0100,46,3.133,1.0000,2,0.9799,,0.700,0,2888.7
7060,8,224,edge-34,2,edge,500.0,0.1010,0.0100,55,3.268,1.0000,1,0.9761,,0.700,0,2888.7
7061,8,224,edge-34,2,edge,600.0,0.1010,0.0100,54,3.318,1.0000,1,0.9723,,0.700,0,2888.7
7062,8,224,edge-34,2,edge,700.0,0.1000,0.0100,28,2.691,0.8318,1,0.9685,,0.700,0,2888.7
7063,8,224,edge-34,2,edge,800.0,0.1000,0.0100,22,2.591,0.7642,1,0.9647,,0.700,0,2888.7
7064,8,224,edge-34,2,edge,900.0,0.1000,0.0100,28,2.691,0.8318,1,0.9611,,0.700,0,2888.7
7065,8,224,edge-34,2,edge,1000.0,0.1000,0.0100,25,2.658,0.7980,2,0.9573,,0.700,0,2888.7
7066,8,224,edge-34,2,edge,1100.0,0.1000,0.0100,22,2.592,0.7671,2,0.9537,,0.700,0,2888.7
7067,8,224,edge-34,2,edge,1200.0,0.1013,0.0100,47,3.240,1.0000,2,0.9362,,0.700,0,2888.7
7068,8,224,edge-34,2,edge,1300.0,0.1010,0.0100,40,3.085,1.0000,2,0.9172,,0.700,0,2888.7
7069,8,224,edge-34,2,edge,1400.0,0.1011,0.0100,42,3.140,1.0000,2,0.8981,,0.700,0,2888.7
7070,8,224,edge-34,2,edge,1500.0,0.1013,0.0100,49,3.306,1.0000,1,0.8791,,0.700,0,2888.7
7071,8,224,edge-34,2,edge,1600.0,0.1000,0.0100,23,2.531,0.9980,2,0.8600,,0.700,0,2888.7
7072,8,224,edge-34,2,edge,1700.0,0.1011,0.0100,45,3.144,1.0000,2,0.8410,,0.700,0,2888.7
7073,8,224,edge-34,2,edge,1800.0,0.1013,0.0100,52,3.185,1.0000,3,0.8219,,0.700,0,2888.7
7074,8,224,edge-34,2,edge,1900.0,0.1000,0.0100,16,2.370,0.8151,4,0.8029,,0.700,0,2888.7
7075,8,224,edge-34,2,edge,2000.0,0.1000,0.0100,19,2.457,0.8803,5,0.7838,,0.700,0,2888.7
7076,8,224,edge-34,2,edge,2100.0,0.1000,0.0100,25,2.858,0.9980,4,0.7648,,0.700,0,2888.7
7077,8,224,edge-34,2,edge,2200.0,0.1000,0.0100,25,2.858,0.9980,3,0.7457,,0.700,0,2888.7
7078,8,224,edge-34,2,edge,2300.0,0.1000,0.0100,16,2.339,0.8151,3,0.7267,,0.700,0,2888.7
7079,8,224,edge-34,2,edge,2400.0,0.1000,0.0100,22,2.439,0.9410,2,0.7076,,0.700,0,2888.7
7080,8,224,edge-34,2,edge,2500.0,0.1013,0.0100,49,3.122,1.0000,2,0.6886,,0.700,0,2888.7
7081,8,224,edge-34,2,edge,2600.0,0.1013,0.0100,51,3.167,1.0000,2,0.6695,,0.700,0,2888.7
7082,8,224,edge-34,2,edge,2700.0,0.1000,0.0100,35,3.101,1.0000,3,0.6505,,0.700,1,2888.7
7083,8,224,edge-34,2,edge,2800.0,0.1001,0.0100,43,3.101,1.0000,2,0.6314,,0.700,1,2888.7
7084,8,227,edge-35,2,edge,0.0,0.0000,0.0100,0,1.685,,1,1.0000,,0.700,0,1340.9
7085,8,227,edge-35,2,edge,100.0,0.0400,0.0100,8,2.085,0.8914,1,0.9911,,0.700,0,1340.9
7086,8,227,edge-35,2,edge,200.0,0.1000,0.0100,22,2.585,0.7642,1,0.9873,,0.700,0,1340.9
7087,8,227,edge-35,2,edge,300.0,0.1000,0.0100,28,2.617,0.8318,2,0.9837,,0.700,0,1340.9
7088,8,227,edge-35,2,edge,400.0,0.1000,0.0100,28,2.839,0.8318,3,0.9799,,0.700,0,1340.9
7089,8,227,edge-35,2,edge,500.0,0.1000,0.0100,25,2.548,0.8015,2,0.9761,,0.700,0,1340.9
7090,8,227,edge-35,2,edge,600.0,0.1007,0.0100,40,3.214,1.0000,3,0.9602,,0.700,0,1340.9
7091,8,227,edge-35,2,edge,700.0,0.1017,0.0100,63,3.644,1.0000,3,0.9411,,0.700,0,1340.9
7092,8,227,edge-35,2,edge,800.0,0.1000,0.0100,20,2.438,0.9410,3,0.9221,,0.700,0,1340.9
7093,8,227,edge-35,2,edge,900.0,0.1000,0.0100,22,2.688,0.9410,3,0.9030,,0.700,0,1340.9
7094,8,227,edge-35,2,edge,1000.0,0.1000,0.0100,22,2.612,0.9410,4,0.8840,,0.700,0,1340.9
7095,8,227,edge-35,2,edge,1100.0,0.1000,0.0100,25,2.545,0.9980,3,0.8649,,0.700,0,1340.9
7096,8,227,edge-35,2,edge,1200.0,0.1014,0.0100,57,3.168,1.0000,4,0.8459,,0.700,1,1340.9
7097,8,227,edge-35,2,edge,1300.0,0.1003,0.0100,44,3.252,1.0000,4,0.8268,,0.700,1,1340.9
7098,8,230,edge-36,2,edge,0.0,0.0000,0.0100,0,1.767,,1,1.0000,,0.700,0,
7099,8,230,edge-36,2,edge,100.0,0.0400,0.0100,8,2.167,0.8914,1,0.9911,,0.700,0,
7100,8,230,edge-36,2,edge,200.0,0.1000,0.0100,22,2.698,0.7671,2,0.9873,,0.700,0,
7101,8,230,edge-36,2,edge,300.0,0.1000,0.0100,25,2.526,0.8015,3,0.9836,,0.700,0,
7102,8,230,edge-36,2,edge,400.0,0.1000,0.0100,25,2.607,0.8015,4,0.9798,,0.700,0,
7103,8,230,edge-36,2,edge,500.0,0.1000,0.0100,31,3.060,0.9751,4,0.9760,,0.700,0,
7104,8,230,edge-36,2,edge,600.0,0.1000,0.0100,34,3.110,0.9807,4,0.9722,,0.700,0,
7105,8,230,edge-36,2,edge,700.0,0.1000,0.0100,19,2.367,0.7280,4,0.9684,,0.700,0,
7106,8,230,edge-36,2,edge,800.0,0.1000,0.0100,28,2.828,0.8318,4,0.9646,,0.700,0,
7107,8,230,edge-36,2,edge,900.0,0.1001,0.0100,29,2.960,0.9840,4,0.9608,,0.700,0,
7108,8,230,edge-36,2,edge,1000.0,0.1000,0.0100,22,2.735,0.7671,4,0.9570,,0.700,0,
7109,8,230,edge-36,2,edge,1100.0,0.1000,0.0100,22,2.735,0.7671,4,0.9532,,0.700,0,
7110,8,230,edge-36,2,edge,1200.0,0.1000,0.0100,28,2.634,0.8318,4,0.9494,,0.700,0,
7111,8,230,edge-36,2,edge,1300.0,0.1010,0.0100,54,3.434,0.9539,4,0.9456,,0.700,0,
7112,8,230,edge-36,2,edge,1400.0,0.1000,0.0100,41,3.133,0.9718,4,0.9420,,0.700,0,
7113,8,230,edge-36,2,edge,1500.0,0.1004,0.0100,49,3.348,1.0000,3,0.9382,,0.700,0,
7114,8,230,edge-36,2,edge,1600.0,0.1008,0.0100,54,3.313,1.0000,3,0.9344,,0.700,0,
7115,8,230,edge-36,2,edge,1700.0,0.1000,0.0100,25,2.720,0.8015,3,0.9306,,0.700,0,
7116,8,230,edge-36,2,edge,1800.0,0.1000,0.0100,25,2.720,0.8015,2,0.9268,,0.700,0,
7117,8,230,edge-36,2,edge,1900.0,0.1000,0.0100,28,2.770,0.8318,1,0.9230,,0.700,0,
7118,8,230,edge-36,2,edge,2000.0,0.1000,0.0100,28,2.770,0.8318,1,0.9192,,0.700,0,
7119,8,230,edge-36,2,edge,2100.0,0.1000,0.0100,28,2.588,0.8318,2,0.9155,,0.700,0,
7120,8,230,edge-36,2,edge,2200.0,0.1007,0.0100,39,3.224,1.0000,2,0.8995,,0.700,0,
7121,8,230,edge-36,2,edge,2300.0,0.1004,0.0100,54,3.485,1.0000,3,0.8804,,0.700,0,
7122,8,230,edge-36,2,edge,2400.0,0.1000,0.0100,25,2.850,0.9980,4,0.8614,,0.700,0,
7123,8,230,edge-36,2,edge,2500.0,0.1000,0.0100,28,2.900,1.0000,4,0.8424,,0.700,0,
7124,8,230,edge-36,2,edge,2600.0,0.1000,0.0100,25,2.850,0.9980,3,0.8233,,0.700,0,
7125,8,230,edge-36,2,edge,2700.0,0.1000,0.0100,25,2.850,0.9980,2,0.8043,,0.700,0,
7126,8,230,edge-36,2,edge,2800.0,0.1000,0.0100,28,2.900,1.0000,1,0.7852,,0.700,0,
7127,8,230,edge-36,2,edge,2900.0,0.1000,0.0100,28,2.900,1.0000,0,0.7662,,0.700,0,
7128,8,230,edge-36,2,edge,3000.0,0.1000,0.0100,51,3.961,1.0000,1,0.7471,,0.700,0,
7129,8,230,edge-36,2,edge,3100.0,0.1000,0.0100,51,3.961,0.9532,1,0.7281,,0.700,0,
7130,8,230,edge-36,2,edge,3200.0,0.1013,0.0100,76,4.456,1.0000,1,0.7090,,0.700,0,
7131,8,230,edge-36,2,edge,3300.0,0.1000,0.0100,22,2.735,0.9410,2,0.6900,,0.700,0,
7132,8,230,edge-36,2,edge,3400.0,0.1000,0.0100,22,2.749,0.9410,3,0.6709,,0.700,0,
7133,8,230,edge-36,2,edge,3500.0,0.1000,0.0100,28,2.849,1.0000,2,0.6519,,0.700,0,
7134,8,230,edge-36,2,edge,3600.0,0.1000,0.0100,25,2.799,0.9980,2,0.6328,,0.700,0,
7135,8,230,edge-36,2,edge,3700.0,0.1000,0.0100,28,2.849,1.0000,2,0.6138,,0.700,0,
7136,8,230,edge-36,2,edge,3800.0,0.1014,0.0100,57,3.647,1.0000,2,0.5947,,0.700,0,
7137,8,230,edge-36,2,edge,3900.0,0.1008,0.0100,42,3.632,1.0000,1,0.5757,,0.700,0,
7138,8,230,edge-36,2,edge,4000.0,0.1015,0.0100,62,3.807,1.0000,1,0.5566,,0.700,0,
7139,8,230,edge-36,2,edge,4100.0,0.1014,0.0100,55,3.602,1.0000,1,0.5376,,0.700,0,
7140,8,230,edge-36,2,edge,4200.0,0.1006,0.0100,41,3.522,1.0000,1,0.5185,,0.700,0,
7141,8,230,edge-36,2,edge,4300.0,0.1004,0.0100,43,3.522,1.0000,0,0.4995,,0.700,0,
7142,8,230,edge-36,2,edge,4400.0,0.1011,0.0100,42,3.300,1.0000,1,0.4804,,0.700,0,
7143,8,230,edge-36,2,edge,4500.0,0.1008,0.0100,54,3.595,1.0000,1,0.4614,,0.700,0,
7144,8,230,edge-36,2,edge,4600.0,0.1017,0.0100,57,3.675,1.0000,1,0.4424,,0.700,0,
7145,8,230,edge-36,2,edge,4700.0,0.1010,0.0100,41,3.205,1.0000,1,0.4233,,0.700,0,
7146,8,230,edge-36,2,edge,4800.0,0.1014,0.0100,50,3.410,1.0000,1,0.4043,,0.700,0,
7147,8,230,edge-36,2,edge,4900.0,0.1000,0.0100,26,2.756,1.0000,1,0.3852,,0.700,0,
7148,8,230,edge-36,2,edge,5000.0,0.1000,0.0100,25,2.628,0.9980,2,0.3662,,0.700,0,
7149,8,233,edge-37,2,edge,0.0,0.0000,0.0100,0,1.579,,1,1.0000,,0.700,1,96.5
7150,8,236,edge-38,2,edge,0.0,0.0000,0.0100,0,1.700,,1,1.0000,,0.700,0,
7151,8,236,edge-38,2,edge,100.0,0.0400,0.0100,8,2.100,0.8914,1,0.9911,,0.700,0,
7152,8,236,edge-38,2,edge,200.0,0.1000,0.0100,25,2.806,0.8015,2,0.9873,,0.700,0,
7153,8,236,edge-38,2,edge,300.0,0.1000,0.0100,25,2.636,0.8015,3,0.9836,,0.700,0,
7154,8,236,edge-38,2,edge,400.0,0.1000,0.0100,25,2.636,0.8015,3,0.9798,,0.700,0,
7155,8,236,edge-38,2,edge,500.0,0.1000,0.0100,22,2.768,0.7671,3,0.9760,,0.700,0,
7156,8,236,edge-38,2,edge,600.0,0.1000,0.0100,28,2.651,0.8318,4,0.9722,,0.700,0,
7157,8,236,edge-38,2,edge,700.0,0.1000,0.0100,25,2.632,0.8015,4,0.9684,,0.700,0,
7158,8,236,edge-38,2,edge,800.0,0.1000,0.0100,25,2.632,0.8015,3,0.9646,,0.700,0,
7159,8,236,edge-38,2,edge,900.0,0.1000,0.0100,25,2.652,0.8015,4,0.9608,,0.700,0,
7160,8,236,edge-38,2,edge,1000.0,0.1000,0.0100,25,2.838,0.8015,4,0.9570,,0.700,0,
7161,8,236,edge-38,2,edge,1100.0,0.1000,0.0100,22,2.788,0.7671,3,0.9532,,0.700,0,
7162,8,236,edge-38,2,edge,1200.0,0.1000,0.0100,28,2.888,0.8318,2,0.9494,,0.700,0,
7163,8,236,edge-38,2,edge,1300.0,0.1000,0.0100,25,2.838,0.8015,2,0.9456,,0.700,0,
7164,8,236,edge-38,2,edge,1400.0,0.1000,0.0100,25,2.838,0.8015,1,0.9419,,0.700,0,
7165,8,236,edge-38,2,edge,1500.0,0.1000,0.0100,28,2.888,0.8318,0,0.9381,,0.700,0,
7166,8,236,edge-38,2,edge,1600.0,0.1000,0.0100,22,2.788,0.7642,0,0.9343,,0.700,0,
7167,8,236,edge-38,2,edge,1700.0,0.1000,0.0100,28,2.728,0.8318,1,0.9307,,0.700,0,
7168,8,236,edge-38,2,edge,1800.0,0.1000,0.0100,25,2.678,0.8015,1,0.9269,,0.700,0,
7169,8,236,edge-38,2,edge,1900.0,0.1000,0.0100,25,2.678,0.8015,1,0.9231,,0.700,0,
7170,8,236,edge-38,2,edge,2000.0,0.1000,0.0100,28,2.728,0.8318,1,0.9193,,0.700,0,
7171,8,236,edge-38,2,edge,2100.0,0.1000,0.0100,25,2.659,0.8015,1,0.9155,,0.700,0,
7172,8,236,edge-38,2,edge,2200.0,0.1000,0.0100,25,2.490,0.8015,1,0.9117,,0.700,0,
7173,8,236,edge-38,2,edge,2300.0,0.1000,0.0100,28,2.540,0.8318,1,0.9079,,0.700,0,
7174,8,236,edge-38,2,edge,2400.0,0.1000,0.0100,28,2.760,0.8318,2,0.9041,,0.700,0,
7175,8,236,edge-38,2,edge,2500.0,0.1000,0.0100,28,2.536,0.8318,3,0.9003,,0.700,0,
7176,8,236,edge-38,2,edge,2600.0,0.1000,0.0100,25,2.966,0.7980,3,0.8965,,0.700,0,
7177,8,236,edge-38,2,edge,2700.0,0.1000,0.0100,25,2.966,0.7980,2,0.8929,,0.700,0,
7178,8,236,edge-38,2,edge,2800.0,0.1000,0.0100,19,2.866,0.7280,2,0.8893,,0.700,0,
7179,8,236,edge-38,2,edge,2900.0,0.1008,0.0100,46,3.569,1.0000,2,0.8855,,0.700,0,
7180,8,236,edge-38,2,edge,3000.0,0.1013,0.0100,45,3.429,1.0000,1,0.8697,,0.700,0,
7181,8,236,edge-38,2,edge,3100.0,0.1000,0.0100,23,2.666,0.9980,2,0.8507,,0.700,0,
7182,8,236,edge-38,2,edge,3200.0,0.1000,0.0100,28,2.761,1.0000,2,0.8316,,0.700,0,
7183,8,236,edge-38,2,edge,3300.0,0.1000,0.0100,22,2.661,0.9410,2,0.8126,,0.700,0,
7184,8,236,edge-38,2,edge,3400.0,0.1000,0.0100,25,2.711,0.9980,1,0.7935,,0.700,0,
7185,8,236,edge-38,2,edge,3500.0,0.1000,0.0100,22,2.661,0.9410,1,0.7745,,0.700,0,
7186,8,236,edge-38,2,edge,3600.0,0.1000,0.0100,25,2.711,0.9980,0,0.7554,,0.700,0,
7187,8,236,edge-38,2,edge,3700.0,0.1000,0.0100,25,2.736,0.9980,0,0.7364,,0.700,0,
7188,8,236,edge-38,2,edge,3800.0,0.1000,0.0100,28,2.711,1.0000,0,0.7173,,0.700,0,
7189,8,236,edge-38,2,edge,3900.0,0.1000,0.0100,28,2.711,1.0000,0,0.6983,,0.700,0,
7190,8,236,edge-38,2,edge,4000.0,0.1000,0.0100,22,2.611,0.9410,0,0.6792,,0.700,0,
7191,8,236,edge-38,2,edge,4100.0,0.1000,0.0100,28,2.691,1.0000,1,0.6602,,0.700,0,
7192,8,236,edge-38,2,edge,4200.0,0.1000,0.0100,22,2.714,0.9410,1,0.6411,,0.700,0,
7193,8,236,edge-38,2,edge,4300.0,0.1013,0.0100,49,3.240,1.0000,2,0.6221,,0.700,0,
7194,8,236,edge-38,2,edge,4400.0,0.1000,0.0100,25,2.503,0.9980,3,0.6030,,0.700,0,
7195,8,236,edge-38,2,edge,4500.0,0.1013,0.0100,52,3.289,1.0000,4,0.5840,,0.700,0,
7196,8,236,edge-38,2,edge,4600.0,0.1000,0.0100,26,2.600,1.0000,4,0.5649,,0.700,0,
7197,8,236,edge-38,2,edge,4700.0,0.1000,0.0100,28,2.645,1.0000,4,0.5459,,0.700,0,
7198,8,236,edge-38,2,edge,4800.0,0.1000,0.0100,28,2.645,1.0000,3,0.5268,,0.700,0,
7199,8,236,edge-38,2,edge,4900.0,0.1000,0.0100,28,2.645,1.0000,2,0.5078,,0.700,0,
7200,8,236,edge-38,2,edge,5000.0,0.1000,0.0100,22,2.690,0.9410,2,0.4888,,0.700,0,
7201,8,239,edge-39,2,edge,0.0,0.0000,0.0100,0,1.800,,1,1.0000,,0.700,0,
7202,8,239,edge-39,2,edge,100.0,0.0404,0.0100,13,2.360,1.0000,1,0.9867,,0.700,0,
7203,8,239,edge-39,2,edge,200.0,0.1011,0.0100,42,3.140,1.0000,1,0.9676,,0.700,0,
7204,8,239,edge-39,2,edge,300.0,0.1011,0.0100,39,3.095,1.0000,1,0.9486,,0.700,0,
7205,8,239,edge-39,2,edge,400.0,0.1007,0.0100,46,3.386,1.0000,1,0.9295,,0.700,0,
7206,8,239,edge-39,2,edge,500.0,0.1000,0.0100,19,2.476,0.8803,1,0.9105,,0.700,0,
7207,8,239,edge-39,2,edge,600.0,0.1013,0.0100,49,3.199,1.0000,2,0.8914,,0.700,0,
7208,8,239,edge-39,2,edge,700.0,0.1014,0.0100,59,3.290,1.0000,3,0.8724,,0.700,0,
7209,8,239,edge-39,2,edge,800.0,0.1000,0.0100,23,2.520,0.9980,4,0.8533,,0.700,0,
7210,8,239,edge-39,2,edge,900.0,0.1000,0.0100,25,2.557,0.9980,5,0.8343,,0.700,0,
7211,8,239,edge-39,2,edge,1000.0,0.1000,0.0100,16,2.708,0.8151,4,0.8152,,0.700,0,
7212,8,239,edge-39,2,edge,1100.0,0.1000,0.0100,28,2.908,1.0000,3,0.7962,,0.700,0,
7213,8,239,edge-39,2,edge,1200.0,0.1000,0.0100,25,2.489,0.9980,3,0.7772,,0.700,0,
7214,8,239,edge-39,2,edge,1300.0,0.1000,0.0100,25,2.489,0.9980,2,0.7581,,0.700,0,
7215,8,239,edge-39,2,edge,1400.0,0.1008,0.0100,47,3.207,1.0000,2,0.7391,,0.700,0,
7216,8,239,edge-39,2,edge,1500.0,0.1014,0.0100,65,3.622,1.0000,2,0.7200,,0.700,0,
7217,8,239,edge-39,2,edge,1600.0,0.1001,0.0100,47,3.306,1.0000,3,0.7010,,0.700,0,
7218,8,239,edge-39,2,edge,1700.0,0.1000,0.0100,41,3.096,1.0000,2,0.6819,,0.700,0,
7219,8,239,edge-39,2,edge,1800.0,0.1000,0.0100,25,2.745,0.9980,3,0.6629,,0.700,0,
7220,8,239,edge-39,2,edge,1900.0,0.1000,0.0100,25,2.593,0.9980,3,0.6438,,0.700,0,
7221,8,239,edge-39,2,edge,2000.0,0.1007,0.0100,50,3.341,1.0000,4,0.6248,,0.700,0,
7222,8,239,edge-39,2,edge,2100.0,0.1014,0.0100,54,3.313,1.0000,4,0.6057,,0.700,0,
7223,8,239,edge-39,2,edge,2200.0,0.1010,0.0100,36,3.008,1.0000,4,0.5867,,0.700,0,
7224,8,239,edge-39,2,edge,2300.0,0.1010,0.0100,35,3.003,1.0000,3,0.5676,,0.700,0,
7225,8,239,edge-39,2,edge,2400.0,0.1008,0.0100,49,3.348,1.0000,2,0.5486,,0.700,0,
7226,8,239,edge-39,2,edge,2500.0,0.1000,0.0100,25,2.717,0.9980,2,0.5295,,0.700,0,
7227,8,239,edge-39,2,edge,2600.0,0.1000,0.0100,28,2.767,1.0000,1,0.5105,,0.700,0,
7228,8,239,edge-39,2,edge,2700.0,0.1000,0.0100,22,2.667,0.9410,1,0.4914,,0.700,0,
7229,8,239,edge-39,2,edge,2800.0,0.1000,0.0100,25,2.717,0.9980,1,0.4724,,0.700,0,
7230,8,239,edge-39,2,edge,2900.0,0.1000,0.0100,22,2.667,0.9410,1,0.4533,,0.700,0,
7231,8,239,edge-39,2,edge,3000.0,0.1000,0.0100,28,2.767,1.0000,0,0.4343,,0.700,0,
7232,8,239,edge-39,2,edge,3100.0,0.1000,0.0100,32,2.907,0.9932,1,0.4152,,0.700,0,
7233,8,239,edge-39,2,edge,3200.0,0.1000,0.0100,22,2.678,0.9410,2,0.3962,,0.700,0,
7234,8,239,edge-39,2,edge,3300.0,0.1000,0.0100,25,2.594,0.9980,2,0.3772,,0.700,0,
7235,8,239,edge-39,2,edge,3400.0,0.1011,0.0100,45,3.011,1.0000,3,0.3581,,0.700,0,
7236,8,239,edge-39,2,edge,3500.0,0.1013,0.0100,52,3.044,1.0000,4,0.3391,,0.700,0,
7237,8,239,edge-39,2,edge,3600.0,0.1014,0.0100,55,3.099,1.0000,3,0.3200,,0.700,0,
7238,8,239,edge-39,2,edge,3700.0,0.1000,0.0100,26,2.580,1.0000,3,0.3010,,0.700,0,
7239,8,239,edge-39,2,edge,3800.0,0.1000,0.0100,22,2.525,0.9410,3,0.2819,,0.700,0,
7240,8,239,edge-39,2,edge,3900.0,0.1000,0.0100,28,2.588,1.0000,3,0.2629,,0.700,0,
7241,8,239,edge-39,2,edge,4000.0,0.1000,0.0100,25,2.472,0.9980,3,0.2438,,0.700,0,
7242,8,239,edge-39,2,edge,4100.0,0.1014,0.0100,57,3.264,1.0000,4,0.2248,,0.700,0,
7243,8,239,edge-39,2,edge,4200.0,0.1000,0.0100,38,3.466,0.9961,4,0.2057,,0.700,0,
7244,8,239,edge-39,2,edge,4300.0,0.1000,0.0100,54,3.561,1.0000,4,0.1867,,0.700,0,
7245,8,239,edge-39,2,edge,4400.0,0.1000,0.0100,74,4.611,1.0000,3,0.1676,,0.700,0,
7246,8,239,edge-39,2,edge,4500.0,0.1000,0.0100,77,4.411,1.0000,2,0.1486,,0.700,0,
7247,8,239,edge-39,2,edge,4600.0,0.1000,0.0100,51,3.461,0.9491,1,0.1295,,0.700,0,
7248,8,239,edge-39,2,edge,4700.0,0.1014,0.0100,57,3.318,1.0000,1,0.1105,,0.700,0,
7249,8,239,edge-39,2,edge,4800.0,0.1000,0.0100,26,2.586,1.0000,2,0.0914,,0.700,0,
7250,8,239,edge-39,2,edge,4900.0,0.1000,0.0100,22,2.628,0.9410,3,0.0724,,0.700,0,
7251,8,239,edge-39,2,edge,5000.0,0.1000,0.0100,28,3.115,1.0000,4,0.0533,,0.700,0,
